core   0: >>>>  $xrv32i2p1_m2p0_c2p0_zicond1p0_zicsr2p0_zifencei2p0_zmmul1p0_zba1p0_zbb1p0_zbs1p0
core   0: 0x00001000 (0xf14022f3) csrr    t0, mhartid
core   0: 3 0x00001000 (0xf14022f3) x5  0x00000000
core   0: 0x00001004 (0x00004301) c.li    t1, 0
core   0: 3 0x00001004 (0x4301) x6  0x00000000
core   0: 0x00001006 (0x00628263) beq     t0, t1, pc + 4
core   0: 3 0x00001006 (0x00628263)
core   0: 0x0000100a (0x00000417) auipc   s0, 0x0
core   0: 3 0x0000100a (0x00000417) x8  0x0000100a
core   0: 0x0000100e (0x00c40413) addi    s0, s0, 12
core   0: 3 0x0000100e (0x00c40413) x8  0x00001016
core   0: 0x00001012 (0x00040067) jr      s0
core   0: 3 0x00001012 (0x00040067)
core   0: >>>>  h0_start
core   0: 0x00001016 (0x40001f37) lui     t5, 0x40001
core   0: 3 0x00001016 (0x40001f37) x30 0x40001000
core   0: 0x0000101a (0x104f0f13) addi    t5, t5, 260
core   0: 3 0x0000101a (0x104f0f13) x30 0x40001104
core   0: 0x0000101e (0x00000001) c.nop
core   0: 3 0x0000101e (0x0001)
core   0: >>>>  kernel_sp
core   0: 0x00001020 (0x0000cf97) auipc   t6, 0xc
core   0: 3 0x00001020 (0x0000cf97) x31 0x0000d020
core   0: 0x00001024 (0x954f8f93) addi    t6, t6, -1708
core   0: 3 0x00001024 (0x954f8f93) x31 0x0000c974
core   0: >>>>  trap_vec_init
core   0: 0x00001028 (0x00003f17) auipc   t5, 0x3
core   0: 3 0x00001028 (0x00003f17) x30 0x00004028
core   0: 0x0000102c (0x9c4f0f13) addi    t5, t5, -1596
core   0: 3 0x0000102c (0x9c4f0f13) x30 0x000039ec
core   0: 0x00001030 (0x000f6f13) ori     t5, t5, 0
core   0: 3 0x00001030 (0x000f6f13) x30 0x000039ec
core   0: 0x00001034 (0x305f1073) csrw    mtvec, t5
core   0: 3 0x00001034 (0x305f1073) c773_mtvec 0x000039ec
core   0: >>>>  mepc_setup
core   0: 0x00001038 (0x00000f17) auipc   t5, 0x0
core   0: 3 0x00001038 (0x00000f17) x30 0x00001038
core   0: 0x0000103c (0x020f0f13) addi    t5, t5, 32
core   0: 3 0x0000103c (0x020f0f13) x30 0x00001058
core   0: 0x00001040 (0x341f1073) csrw    mepc, t5
core   0: 3 0x00001040 (0x341f1073) c833_mepc 0x00001058
core   0: >>>>  init_machine_mode
core   0: 0x00001044 (0x00006f09) c.lui   t5, 0x2
core   0: 3 0x00001044 (0x6f09) x30 0x00002000
core   0: 0x00001046 (0x800f0f13) addi    t5, t5, -2048
core   0: 3 0x00001046 (0x800f0f13) x30 0x00001800
core   0: 0x0000104a (0x300f1073) csrw    mstatus, t5
core   0: 3 0x0000104a (0x300f1073) c768_mstatus 0x00001800
core   0: 0x0000104e (0x00004f01) c.li    t5, 0
core   0: 3 0x0000104e (0x4f01) x30 0x00000000
core   0: 0x00001050 (0x304f1073) csrw    mie, t5
core   0: 3 0x00001050 (0x304f1073) c772_mie 0x00000000
core   0: 0x00001054 (0x30200073) mret
core   0: 3 0x00001054 (0x30200073) c768_mstatus 0x00001880 c784_mstatush 0x00000000 c1957_tcontrol 0x00000000
core   0: >>>>  init
core   0: 0x00001058 (0x80000037) lui     zero, 0x80000
core   0: 3 0x00001058 (0x80000037)
core   0: 0x0000105c (0x00000001) c.nop
core   0: 3 0x0000105c (0x0001)
core   0: 0x0000105e (0xf460f0b7) lui     ra, 0xf460f
core   0: 3 0x0000105e (0xf460f0b7) x1  0xf460f000
core   0: 0x00001062 (0x43308093) addi    ra, ra, 1075
core   0: 3 0x00001062 (0x43308093) x1  0xf460f433
core   0: 0x00001066 (0x80000137) lui     sp, 0x80000
core   0: 3 0x00001066 (0x80000137) x2  0x80000000
core   0: 0x0000106a (0xf3e7b1b7) lui     gp, 0xf3e7b
core   0: 3 0x0000106a (0xf3e7b1b7) x3  0xf3e7b000
core   0: 0x0000106e (0x9b818193) addi    gp, gp, -1608
core   0: 3 0x0000106e (0x9b818193) x3  0xf3e7a9b8
core   0: 0x00001072 (0x0000420d) c.li    tp, 3
core   0: 3 0x00001072 (0x420d) x4  0x00000003
core   0: 0x00001074 (0xc52262b7) lui     t0, 0xc5226
core   0: 3 0x00001074 (0xc52262b7) x5  0xc5226000
core   0: 0x00001078 (0x88c28293) addi    t0, t0, -1908
core   0: 3 0x00001078 (0x88c28293) x5  0xc522588c
core   0: 0x0000107c (0x00004301) c.li    t1, 0
core   0: 3 0x0000107c (0x4301) x6  0x00000000
core   0: 0x0000107e (0x000043ad) c.li    t2, 11
core   0: 3 0x0000107e (0x43ad) x7  0x0000000b
core   0: 0x00001080 (0x5c395437) lui     s0, 0x5c395
core   0: 3 0x00001080 (0x5c395437) x8  0x5c395000
core   0: 0x00001084 (0xbe140413) addi    s0, s0, -1055
core   0: 3 0x00001084 (0xbe140413) x8  0x5c394be1
core   0: 0x00001088 (0x000044b5) c.li    s1, 13
core   0: 3 0x00001088 (0x44b5) x9  0x0000000d
core   0: 0x0000108a (0x80000537) lui     a0, 0x80000
core   0: 3 0x0000108a (0x80000537) x10 0x80000000
core   0: 0x0000108e (0x00004581) c.li    a1, 0
core   0: 3 0x0000108e (0x4581) x11 0x00000000
core   0: 0x00001090 (0xe8a4b637) lui     a2, 0xe8a4b
core   0: 3 0x00001090 (0xe8a4b637) x12 0xe8a4b000
core   0: 0x00001094 (0x9b160613) addi    a2, a2, -1615
core   0: 3 0x00001094 (0x9b160613) x12 0xe8a4a9b1
core   0: 0x00001098 (0x000046b9) c.li    a3, 14
core   0: 3 0x00001098 (0x46b9) x13 0x0000000e
core   0: 0x0000109a (0xf4f81737) lui     a4, 0xf4f81
core   0: 3 0x0000109a (0xf4f81737) x14 0xf4f81000
core   0: 0x0000109e (0x20e70713) addi    a4, a4, 526
core   0: 3 0x0000109e (0x20e70713) x14 0xf4f8120e
core   0: 0x000010a2 (0x3ccfb7b7) lui     a5, 0x3ccfb
core   0: 3 0x000010a2 (0x3ccfb7b7) x15 0x3ccfb000
core   0: 0x000010a6 (0x64478793) addi    a5, a5, 1604
core   0: 3 0x000010a6 (0x64478793) x15 0x3ccfb644
core   0: 0x000010aa (0x2cfa7837) lui     a6, 0x2cfa7
core   0: 3 0x000010aa (0x2cfa7837) x16 0x2cfa7000
core   0: 0x000010ae (0x98c80813) addi    a6, a6, -1652
core   0: 3 0x000010ae (0x98c80813) x16 0x2cfa698c
core   0: 0x000010b2 (0xfb7598b7) lui     a7, 0xfb759
core   0: 3 0x000010b2 (0xfb7598b7) x17 0xfb759000
core   0: 0x000010b6 (0x1c388893) addi    a7, a7, 451
core   0: 3 0x000010b6 (0x1c388893) x17 0xfb7591c3
core   0: 0x000010ba (0x0000492d) c.li    s2, 11
core   0: 3 0x000010ba (0x492d) x18 0x0000000b
core   0: 0x000010bc (0xf1f919b7) lui     s3, 0xf1f91
core   0: 3 0x000010bc (0xf1f919b7) x19 0xf1f91000
core   0: 0x000010c0 (0x74198993) addi    s3, s3, 1857
core   0: 3 0x000010c0 (0x74198993) x19 0xf1f91741
core   0: 0x000010c4 (0xd0549a37) lui     s4, 0xd0549
core   0: 3 0x000010c4 (0xd0549a37) x20 0xd0549000
core   0: 0x000010c8 (0x321a0a13) addi    s4, s4, 801
core   0: 3 0x000010c8 (0x321a0a13) x20 0xd0549321
core   0: 0x000010cc (0x00004a99) c.li    s5, 6
core   0: 3 0x000010cc (0x4a99) x21 0x00000006
core   0: 0x000010ce (0x29791b37) lui     s6, 0x29791
core   0: 3 0x000010ce (0x29791b37) x22 0x29791000
core   0: 0x000010d2 (0x079b0b13) addi    s6, s6, 121
core   0: 3 0x000010d2 (0x079b0b13) x22 0x29791079
core   0: 0x000010d6 (0x00004b81) c.li    s7, 0
core   0: 3 0x000010d6 (0x4b81) x23 0x00000000
core   0: 0x000010d8 (0xf35e4c37) lui     s8, 0xf35e4
core   0: 3 0x000010d8 (0xf35e4c37) x24 0xf35e4000
core   0: 0x000010dc (0xed2c0c13) addi    s8, s8, -302
core   0: 3 0x000010dc (0xed2c0c13) x24 0xf35e3ed2
core   0: 0x000010e0 (0x00004c81) c.li    s9, 0
core   0: 3 0x000010e0 (0x4c81) x25 0x00000000
core   0: 0x000010e2 (0x80000d37) lui     s10, 0x80000
core   0: 3 0x000010e2 (0x80000d37) x26 0x80000000
core   0: 0x000010e6 (0x00004da9) c.li    s11, 10
core   0: 3 0x000010e6 (0x4da9) x27 0x0000000a
core   0: 0x000010e8 (0x80000eb7) lui     t4, 0x80000
core   0: 3 0x000010e8 (0x80000eb7) x29 0x80000000
core   0: 0x000010ec (0xc9459f37) lui     t5, 0xc9459
core   0: 3 0x000010ec (0xc9459f37) x30 0xc9459000
core   0: 0x000010f0 (0x044f0f13) addi    t5, t5, 68
core   0: 3 0x000010f0 (0x044f0f13) x30 0xc9459044
core   0: 0x000010f4 (0x00010e17) auipc   t3, 0x10
core   0: 3 0x000010f4 (0x00010e17) x28 0x000110f4
core   0: 0x000010f8 (0x6a0e0e13) addi    t3, t3, 1696
core   0: 3 0x000010f8 (0x6a0e0e13) x28 0x00011794
core   0: >>>>  main
core   0: 0x000010fc (0x000000aa) c.slli  ra, 10
core   0: 3 0x000010fc (0x00aa) x1  0x83d0cc00
core   0: 0x000010fe (0x00000073) ecall
core   0: exception trap_machine_ecall, epc 0x000010fe
core   0: >>>>  mtvec_handler
core   0: 0x000039ec (0x0000a009) c.j     pc + 2
core   0: 3 0x000039ec (0xa009)
core   0: >>>>  illegal_instr_handler
core   0: 0x000039ee (0x34102373) csrr    t1, mepc
core   0: 3 0x000039ee (0x34102373) x6  0x000010fe
core   0: 0x000039f2 (0x00035783) lhu     a5, 0(t1)
core   0: 3 0x000039f2 (0x00035783) x15 0x00000073 mem 0x000010fe
core   0: 0x000039f6 (0x00008b8d) c.andi  a5, 3
core   0: 3 0x000039f6 (0x8b8d) x15 0x00000003
core   0: 0x000039f8 (0x00004f8d) c.li    t6, 3
core   0: 3 0x000039f8 (0x4f8d) x31 0x00000003
core   0: 0x000039fa (0x01f79463) bne     a5, t6, pc + 8
core   0: 3 0x000039fa (0x01f79463)
core   0: 0x000039fe (0x00000311) c.addi  t1, 4
core   0: 3 0x000039fe (0x0311) x6  0x00001102
core   0: 0x00003a00 (0x0000a011) c.j     pc + 4
core   0: 3 0x00003a00 (0xa011)
core   0: 0x00003a04 (0x34131073) csrw    mepc, t1
core   0: 3 0x00003a04 (0x34131073) c833_mepc 0x00001102
core   0: 0x00003a08 (0x30200073) mret
core   0: 3 0x00003a08 (0x30200073) c768_mstatus 0x00001880 c784_mstatush 0x00000000 c1957_tcontrol 0x00000000
core   0: 0x00001102 (0x00009002) c.ebreak
core   0: exception trap_breakpoint, epc 0x00001102
core   0:           tval 0x00001102
core   0: >>>>  mtvec_handler
core   0: 0x000039ec (0x0000a009) c.j     pc + 2
core   0: 3 0x000039ec (0xa009)
core   0: >>>>  illegal_instr_handler
core   0: 0x000039ee (0x34102373) csrr    t1, mepc
core   0: 3 0x000039ee (0x34102373) x6  0x00001102
core   0: 0x000039f2 (0x00035783) lhu     a5, 0(t1)
core   0: 3 0x000039f2 (0x00035783) x15 0x00009002 mem 0x00001102
core   0: 0x000039f6 (0x00008b8d) c.andi  a5, 3
core   0: 3 0x000039f6 (0x8b8d) x15 0x00000002
core   0: 0x000039f8 (0x00004f8d) c.li    t6, 3
core   0: 3 0x000039f8 (0x4f8d) x31 0x00000003
core   0: 0x000039fa (0x01f79463) bne     a5, t6, pc + 8
core   0: 3 0x000039fa (0x01f79463)
core   0: 0x00003a02 (0x00000309) c.addi  t1, 2
core   0: 3 0x00003a02 (0x0309) x6  0x00001104
core   0: 0x00003a04 (0x34131073) csrw    mepc, t1
core   0: 3 0x00003a04 (0x34131073) c833_mepc 0x00001104
core   0: 0x00003a08 (0x30200073) mret
core   0: 3 0x00003a08 (0x30200073) c768_mstatus 0x00001880 c784_mstatush 0x00000000 c1957_tcontrol 0x00000000
core   0: 0x00001104 (0x00000000) c.unimp
core   0: exception trap_illegal_instruction, epc 0x00001104
core   0:           tval 0x00000000
core   0: >>>>  mtvec_handler
core   0: 0x000039ec (0x0000a009) c.j     pc + 2
core   0: 3 0x000039ec (0xa009)
core   0: >>>>  illegal_instr_handler
core   0: 0x000039ee (0x34102373) csrr    t1, mepc
core   0: 3 0x000039ee (0x34102373) x6  0x00001104
core   0: 0x000039f2 (0x00035783) lhu     a5, 0(t1)
core   0: 3 0x000039f2 (0x00035783) x15 0x00000000 mem 0x00001104
core   0: 0x000039f6 (0x00008b8d) c.andi  a5, 3
core   0: 3 0x000039f6 (0x8b8d) x15 0x00000000
core   0: 0x000039f8 (0x00004f8d) c.li    t6, 3
core   0: 3 0x000039f8 (0x4f8d) x31 0x00000003
core   0: 0x000039fa (0x01f79463) bne     a5, t6, pc + 8
core   0: 3 0x000039fa (0x01f79463)
core   0: 0x00003a02 (0x00000309) c.addi  t1, 2
core   0: 3 0x00003a02 (0x0309) x6  0x00001106
core   0: 0x00003a04 (0x34131073) csrw    mepc, t1
core   0: 3 0x00003a04 (0x34131073) c833_mepc 0x00001106
core   0: 0x00003a08 (0x30200073) mret
core   0: 3 0x00003a08 (0x30200073) c768_mstatus 0x00001880 c784_mstatush 0x00000000 c1957_tcontrol 0x00000000
core   0: 0x00001106 (0x00000000) c.unimp
core   0: exception trap_illegal_instruction, epc 0x00001106
core   0:           tval 0x00000000
core   0: >>>>  mtvec_handler
core   0: 0x000039ec (0x0000a009) c.j     pc + 2
core   0: 3 0x000039ec (0xa009)
core   0: >>>>  illegal_instr_handler
core   0: 0x000039ee (0x34102373) csrr    t1, mepc
core   0: 3 0x000039ee (0x34102373) x6  0x00001106
core   0: 0x000039f2 (0x00035783) lhu     a5, 0(t1)
core   0: 3 0x000039f2 (0x00035783) x15 0x00000000 mem 0x00001106
core   0: 0x000039f6 (0x00008b8d) c.andi  a5, 3
core   0: 3 0x000039f6 (0x8b8d) x15 0x00000000
core   0: 0x000039f8 (0x00004f8d) c.li    t6, 3
core   0: 3 0x000039f8 (0x4f8d) x31 0x00000003
core   0: 0x000039fa (0x01f79463) bne     a5, t6, pc + 8
core   0: 3 0x000039fa (0x01f79463)
core   0: 0x00003a02 (0x00000309) c.addi  t1, 2
core   0: 3 0x00003a02 (0x0309) x6  0x00001108
core   0: 0x00003a04 (0x34131073) csrw    mepc, t1
core   0: 3 0x00003a04 (0x34131073) c833_mepc 0x00001108
core   0: 0x00003a08 (0x30200073) mret
core   0: 3 0x00003a08 (0x30200073) c768_mstatus 0x00001880 c784_mstatush 0x00000000 c1957_tcontrol 0x00000000
core   0: 0x00001108 (0x00003297) auipc   t0, 0x3
core   0: 3 0x00001108 (0x00003297) x5  0x00004108
core   0: 0x0000110c (0x9b828293) addi    t0, t0, -1608
core   0: 3 0x0000110c (0x9b828293) x5  0x00003ac0
core   0: 0x00001110 (0x0012a303) lw      t1, 1(t0)
core   0: exception trap_load_address_misaligned, epc 0x00001110
core   0:           tval 0x00003ac1
core   0: >>>>  mtvec_handler
core   0: 0x000039ec (0x0000a009) c.j     pc + 2
core   0: 3 0x000039ec (0xa009)
core   0: >>>>  illegal_instr_handler
core   0: 0x000039ee (0x34102373) csrr    t1, mepc
core   0: 3 0x000039ee (0x34102373) x6  0x00001110
core   0: 0x000039f2 (0x00035783) lhu     a5, 0(t1)
core   0: 3 0x000039f2 (0x00035783) x15 0x0000a303 mem 0x00001110
core   0: 0x000039f6 (0x00008b8d) c.andi  a5, 3
core   0: 3 0x000039f6 (0x8b8d) x15 0x00000003
core   0: 0x000039f8 (0x00004f8d) c.li    t6, 3
core   0: 3 0x000039f8 (0x4f8d) x31 0x00000003
core   0: 0x000039fa (0x01f79463) bne     a5, t6, pc + 8
core   0: 3 0x000039fa (0x01f79463)
core   0: 0x000039fe (0x00000311) c.addi  t1, 4
core   0: 3 0x000039fe (0x0311) x6  0x00001114
core   0: 0x00003a00 (0x0000a011) c.j     pc + 4
core   0: 3 0x00003a00 (0xa011)
core   0: 0x00003a04 (0x34131073) csrw    mepc, t1
core   0: 3 0x00003a04 (0x34131073) c833_mepc 0x00001114
core   0: 0x00003a08 (0x30200073) mret
core   0: 3 0x00003a08 (0x30200073) c768_mstatus 0x00001880 c784_mstatush 0x00000000 c1957_tcontrol 0x00000000
core   0: 0x00001114 (0x0062a123) sw      t1, 2(t0)
core   0: exception trap_store_address_misaligned, epc 0x00001114
core   0:           tval 0x00003ac2
core   0: >>>>  mtvec_handler
core   0: 0x000039ec (0x0000a009) c.j     pc + 2
core   0: 3 0x000039ec (0xa009)
core   0: >>>>  illegal_instr_handler
core   0: 0x000039ee (0x34102373) csrr    t1, mepc
core   0: 3 0x000039ee (0x34102373) x6  0x00001114
core   0: 0x000039f2 (0x00035783) lhu     a5, 0(t1)
core   0: 3 0x000039f2 (0x00035783) x15 0x0000a123 mem 0x00001114
core   0: 0x000039f6 (0x00008b8d) c.andi  a5, 3
core   0: 3 0x000039f6 (0x8b8d) x15 0x00000003
core   0: 0x000039f8 (0x00004f8d) c.li    t6, 3
core   0: 3 0x000039f8 (0x4f8d) x31 0x00000003
core   0: 0x000039fa (0x01f79463) bne     a5, t6, pc + 8
core   0: 3 0x000039fa (0x01f79463)
core   0: 0x000039fe (0x00000311) c.addi  t1, 4
core   0: 3 0x000039fe (0x0311) x6  0x00001118
core   0: 0x00003a00 (0x0000a011) c.j     pc + 4
core   0: 3 0x00003a00 (0xa011)
core   0: 0x00003a04 (0x34131073) csrw    mepc, t1
core   0: 3 0x00003a04 (0x34131073) c833_mepc 0x00001118
core   0: 0x00003a08 (0x30200073) mret
core   0: 3 0x00003a08 (0x30200073) c768_mstatus 0x00001880 c784_mstatush 0x00000000 c1957_tcontrol 0x00000000
core   0: 0x00001118 (0x300022f3) csrr    t0, mstatus
core   0: 3 0x00001118 (0x300022f3) x5  0x00001880
core   0: 0x0000111c (0x34029373) csrrw   t1, mscratch, t0
core   0: 3 0x0000111c (0x34029373) x6  0x00000000 c832_mscratch 0x00001880
core   0: 0x00001120 (0x340022f3) csrr    t0, mscratch
core   0: 3 0x00001120 (0x340022f3) x5  0x00001880
core   0: 0x00001124 (0x30002373) csrr    t1, mstatus
core   0: 3 0x00001124 (0x30002373) x6  0x00001880
core   0: 0x00001128 (0x80000f37) lui     t5, 0x80000
core   0: 3 0x00001128 (0x80000f37) x30 0x80000000
core   0: 0x0000112c (0x00001f7d) c.addi  t5, -1
core   0: 3 0x0000112c (0x1f7d) x30 0x7fffffff
core   0: 0x0000112e (0x00004f81) c.li    t6, 0
core   0: 3 0x0000112e (0x4f81) x31 0x00000000
core   0: 0x00001130 (0x21ff2fb3) sh1add  t6, t5, t6
core   0: 3 0x00001130 (0x21ff2fb3) x31 0xfffffffe
core   0: 0x00001134 (0x30403373) csrrc   t1, mie, zero
core   0: 3 0x00001134 (0x30403373) x6  0x00000000
core   0: 0x00001138 (0x30502373) csrr    t1, mtvec
core   0: 3 0x00001138 (0x30502373) x6  0x000039ec
core   0: 0x0000113c (0x34102373) csrr    t1, mepc
core   0: 3 0x0000113c (0x34102373) x6  0x00001118
core   0: 0x00001140 (0x34202373) csrr    t1, mcause
core   0: 3 0x00001140 (0x34202373) x6  0x00000006
core   0: 0x00001144 (0x34302373) csrr    t1, mtval
core   0: 3 0x00001144 (0x34302373) x6  0x00003ac2
core   0: 0x00001148 (0x34402373) csrr    t1, mip
core   0: 3 0x00001148 (0x34402373) x6  0x00000000
core   0: 0x0000114c (0xc0002373) csrr    t1, cycle
core   0: 3 0x0000114c (0xc0002373) x6  0x00000091
core   0: 0x00001150 (0xc8002373) csrr    t1, cycleh
core   0: 3 0x00001150 (0xc8002373) x6  0x00000000
core   0: 0x00001154 (0xc0202373) csrr    t1, instret
core   0: 3 0x00001154 (0xc0202373) x6  0x00000093
core   0: 0x00001158 (0xc8202373) csrr    t1, instreth
core   0: 3 0x00001158 (0xc8202373) x6  0x00000000
core   0: 0x0000115c (0x80000f37) lui     t5, 0x80000
core   0: 3 0x0000115c (0x80000f37) x30 0x80000000
core   0: 0x00001160 (0x00007fc1) c.lui   t6, 0xffff0
core   0: 3 0x00001160 (0x7fc1) x31 0xffff0000
core   0: 0x00001162 (0x00000f85) c.addi  t6, 1
core   0: 3 0x00001162 (0x0f85) x31 0xffff0001
core   0: 0x00001164 (0x21ff4fb3) sh2add  t6, t5, t6
core   0: 3 0x00001164 (0x21ff4fb3) x31 0xffff0001
core   0: 0x00001168 (0x34001373) csrrw   t1, mscratch, zero
core   0: 3 0x00001168 (0x34001373) x6  0x00001880 c832_mscratch 0x00000000
core   0: 0x0000116c (0x6179f113) andi    sp, s3, 1559
core   0: 3 0x0000116c (0x6179f113) x2  0x00000601
core   0: 0x00001170 (0x02fa54b3) divu    s1, s4, a5
core   0: 3 0x00001170 (0x02fa54b3) x9  0x45718660
core   0: 0x00001174 (0x00008555) c.srai  a0, 21
core   0: 3 0x00001174 (0x8555) x10 0xfffffc00
core   0: 0x00001176 (0x00000108) c.addi4spn a0, sp, 128
core   0: 3 0x00001176 (0x0108) x10 0x00000681
core   0: 0x00001178 (0x01817333) and     t1, sp, s8
core   0: 3 0x00001178 (0x01817333) x6  0x00000600
core   0: 0x0000117c (0xa211c0b7) lui     ra, 0xa211c
core   0: 3 0x0000117c (0xa211c0b7) x1  0xa211c000
core   0: 0x00001180 (0x01e7b6b3) sltu    a3, a5, t5
core   0: 3 0x00001180 (0x01e7b6b3) x13 0x00000001
core   0: 0x00001184 (0x03bc67b3) rem     a5, s8, s11
core   0: 3 0x00001184 (0x03bc67b3) x15 0xfffffffe
core   0: 0x00001188 (0x019a5693) srli    a3, s4, 25
core   0: 3 0x00001188 (0x019a5693) x13 0x00000068
core   0: 0x0000118c (0xa5a5af37) lui     t5, 0xa5a5a
core   0: 3 0x0000118c (0xa5a5af37) x30 0xa5a5a000
core   0: 0x00001190 (0x5a5f0f13) addi    t5, t5, 1445
core   0: 3 0x00001190 (0x5a5f0f13) x30 0xa5a5a5a5
core   0: 0x00001194 (0x00006fc1) c.lui   t6, 0x10
core   0: 3 0x00001194 (0x6fc1) x31 0x00010000
core   0: 0x00001196 (0x21ff6fb3) sh3add  t6, t5, t6
core   0: 3 0x00001196 (0x21ff6fb3) x31 0x2d2e2d28
core   0: 0x0000119a (0x0000e609) c.bnez  a2, pc + 10
core   0: 3 0x0000119a (0xe609)
core   0: 0x000011a4 (0x00000f10) c.addi4spn a2, sp, 912
core   0: 3 0x000011a4 (0x0f10) x12 0x00000991
core   0: 0x000011a6 (0x013ff133) and     sp, t6, s3
core   0: 3 0x000011a6 (0x013ff133) x2  0x21280500
core   0: 0x000011aa (0x00008219) c.srli  a2, 6
core   0: 3 0x000011aa (0x8219) x12 0x00000026
core   0: 0x000011ac (0x00008d35) c.xor   a0, a3
core   0: 3 0x000011ac (0x8d35) x10 0x000006e9
core   0: 0x000011ae (0x00004561) c.li    a0, 24
core   0: 3 0x000011ae (0x4561) x10 0x00000018
core   0: 0x000011b0 (0x005a9493) slli    s1, s5, 5
core   0: 3 0x000011b0 (0x005a9493) x9  0x000000c0
core   0: 0x000011b4 (0x0000c635) c.beqz  a2, pc + 108
core   0: 3 0x000011b4 (0xc635)
core   0: 0x000011b6 (0x00004f01) c.li    t5, 0
core   0: 3 0x000011b6 (0x4f01) x30 0x00000000
core   0: 0x000011b8 (0x80000fb7) lui     t6, 0x80000
core   0: 3 0x000011b8 (0x80000fb7) x31 0x80000000
core   0: 0x000011bc (0x00001ffd) c.addi  t6, -1
core   0: 3 0x000011bc (0x1ffd) x31 0x7fffffff
core   0: 0x000011be (0x41ff7fb3) andn    t6, t5, t6
core   0: 3 0x000011be (0x41ff7fb3) x31 0x00000000
core   0: 0x000011c2 (0x02b25733) divu    a4, tp, a1
core   0: 3 0x000011c2 (0x02b25733) x14 0xffffffff
core   0: 0x000011c6 (0x0459dd63) bge     s3, t0, pc + 90
core   0: 3 0x000011c6 (0x0459dd63)
core   0: 0x000011ca (0x00c0c033) xor     zero, ra, a2
core   0: 3 0x000011ca (0x00c0c033)
core   0: 0x000011ce (0x025d02b3) mul     t0, s10, t0
core   0: 3 0x000011ce (0x025d02b3) x5  0x00000000
core   0: 0x000011d2 (0x01e13333) sltu    t1, sp, t5
core   0: 3 0x000011d2 (0x01e13333) x6  0x00000000
core   0: 0x000011d6 (0x04ee0763) beq     t3, a4, pc + 78
core   0: 3 0x000011d6 (0x04ee0763)
core   0: 0x000011da (0x02169033) mulh    zero, a3, ra
core   0: 3 0x000011da (0x02169033)
core   0: 0x000011de (0x0137d013) srli    zero, a5, 19
core   0: 3 0x000011de (0x0137d013)
core   0: 0x000011e2 (0x00008ce9) c.and   s1, a0
core   0: 3 0x000011e2 (0x8ce9) x9  0x00000000
core   0: 0x000011e4 (0x021d5833) divu    a6, s10, ra
core   0: 3 0x000011e4 (0x021d5833) x16 0x00000000
core   0: 0x000011e8 (0x00007f41) c.lui   t5, 0xffff0
core   0: 3 0x000011e8 (0x7f41) x30 0xffff0000
core   0: 0x000011ea (0x00000f05) c.addi  t5, 1
core   0: 3 0x000011ea (0x0f05) x30 0xffff0001
core   0: 0x000011ec (0x80000fb7) lui     t6, 0x80000
core   0: 3 0x000011ec (0x80000fb7) x31 0x80000000
core   0: 0x000011f0 (0x41ff6fb3) orn     t6, t5, t6
core   0: 3 0x000011f0 (0x41ff6fb3) x31 0xffffffff
core   0: 0x000011f4 (0x34041073) csrw    mscratch, s0
core   0: 3 0x000011f4 (0x34041073) c832_mscratch 0x5c394be1
core   0: 0x000011f8 (0x00003417) auipc   s0, 0x3
core   0: 3 0x000011f8 (0x00003417) x8  0x000041f8
core   0: 0x000011fc (0x95040413) addi    s0, s0, -1712
core   0: 3 0x000011fc (0x95040413) x8  0x00003b48
core   0: 0x00001200 (0x0000c004) c.sw    s1, 0(s0)
core   0: 3 0x00001200 (0xc004) mem 0x00003b48 0x00000000
core   0: 0x00001202 (0x00242223) sw      sp, 4(s0)
core   0: 3 0x00001202 (0x00242223) mem 0x00003b4c 0x21280500
core   0: 0x00001206 (0x00840113) addi    sp, s0, 8
core   0: 3 0x00001206 (0x00840113) x2  0x00003b50
core   0: 0x0000120a (0x0000c07e) c.swsp  t6, 0(sp)
core   0: 3 0x0000120a (0xc07e) mem 0x00003b50 0xffffffff
core   0: 0x0000120c (0x00004f02) c.lwsp  t5, 0(sp)
core   0: 3 0x0000120c (0x4f02) x30 0xffffffff mem 0x00003b50
core   0: 0x0000120e (0x01f42423) sw      t6, 8(s0)
core   0: 3 0x0000120e (0x01f42423) mem 0x00003b50 0xffffffff
core   0: 0x00001212 (0x00004404) c.lw    s1, 8(s0)
core   0: 3 0x00001212 (0x4404) x9  0xffffffff mem 0x00003b50
core   0: 0x00001214 (0x0000c404) c.sw    s1, 8(s0)
core   0: 3 0x00001214 (0xc404) mem 0x00003b50 0xffffffff
core   0: 0x00001216 (0x00442103) lw      sp, 4(s0)
core   0: 3 0x00001216 (0x00442103) x2  0x21280500 mem 0x00003b4c
core   0: 0x0000121a (0x00004004) c.lw    s1, 0(s0)
core   0: 3 0x0000121a (0x4004) x9  0x00000000 mem 0x00003b48
core   0: 0x0000121c (0x34002473) csrr    s0, mscratch
core   0: 3 0x0000121c (0x34002473) x8  0x5c394be1
core   0: 0x00001220 (0x269f6213) ori     tp, t5, 617
core   0: 3 0x00001220 (0x269f6213) x4  0xffffffff
core   0: 0x00001224 (0x00008e0d) c.sub   a2, a1
core   0: 3 0x00001224 (0x8e0d) x12 0x00000026
core   0: 0x00001226 (0xa6366d93) ori     s11, a2, -1437
core   0: 3 0x00001226 (0xa6366d93) x27 0xfffffa67
core   0: 0x0000122a (0x00b496b3) sll     a3, s1, a1
core   0: 3 0x0000122a (0x00b496b3) x13 0x00000000
core   0: 0x0000122e (0x03dae263) bltu    s5, t4, pc + 36
core   0: 3 0x0000122e (0x03dae263)
core   0: 0x00001252 (0x9961b2b7) lui     t0, 0x9961b
core   0: 3 0x00001252 (0x9961b2b7) x5  0x9961b000
core   0: 0x00001256 (0x008b1d33) sll     s10, s6, s0
core   0: 3 0x00001256 (0x008b1d33) x26 0x52f220f2
core   0: 0x0000125a (0x0000c90d) c.beqz  a0, pc + 50
core   0: 3 0x0000125a (0xc90d)
core   0: 0x0000125c (0x0000c611) c.beqz  a2, pc + 12
core   0: 3 0x0000125c (0xc611)
core   0: 0x0000125e (0x0144f033) and     zero, s1, s4
core   0: 3 0x0000125e (0x0144f033)
core   0: 0x00001262 (0x5bed4737) lui     a4, 0x5bed4
core   0: 3 0x00001262 (0x5bed4737) x14 0x5bed4000
core   0: 0x00001266 (0x00000736) c.slli  a4, 13
core   0: 3 0x00001266 (0x0736) x14 0xa8000000
core   0: 0x00001268 (0x5428a613) slti    a2, a7, 1346
core   0: 3 0x00001268 (0x5428a613) x12 0x00000001
core   0: 0x0000126c (0x000065c9) c.lui   a1, 0x12
core   0: 3 0x0000126c (0x65c9) x11 0x00012000
core   0: 0x0000126e (0x0af78213) addi    tp, a5, 175
core   0: 3 0x0000126e (0x0af78213) x4  0x000000ad
core   0: 0x00001272 (0x80000f37) lui     t5, 0x80000
core   0: 3 0x00001272 (0x80000f37) x30 0x80000000
core   0: 0x00001276 (0x00001f7d) c.addi  t5, -1
core   0: 3 0x00001276 (0x1f7d) x30 0x7fffffff
core   0: 0x00001278 (0x00004f81) c.li    t6, 0
core   0: 3 0x00001278 (0x4f81) x31 0x00000000
core   0: 0x0000127a (0x600f1f93) clz     t6, t5
core   0: 3 0x0000127a (0x600f1f93) x31 0x00000001
core   0: 0x0000127e (0x00008d0d) c.sub   a0, a1
core   0: 3 0x0000127e (0x8d0d) x10 0xfffee018
core   0: 0x00001280 (0x03b91963) bne     s2, s11, pc + 50
core   0: 3 0x00001280 (0x03b91963)
core   0: 0x000012b2 (0x025e99b3) mulh    s3, t4, t0
core   0: 3 0x000012b2 (0x025e99b3) x19 0x334f2800
core   0: 0x000012b6 (0x00665033) srl     zero, a2, t1
core   0: 3 0x000012b6 (0x00665033)
core   0: 0x000012ba (0xe3d7c593) xori    a1, a5, -451
core   0: 3 0x000012ba (0xe3d7c593) x11 0x000001c3
core   0: 0x000012be (0x00000001) c.nop
core   0: 3 0x000012be (0x0001)
core   0: 0x000012c0 (0x060de963) bltu    s11, zero, pc + 114
core   0: 3 0x000012c0 (0x060de963)
core   0: 0x000012c4 (0xfdab8613) addi    a2, s7, -38
core   0: 3 0x000012c4 (0xfdab8613) x12 0xffffffda
core   0: 0x000012c8 (0x00008ee5) c.and   a3, s1
core   0: 3 0x000012c8 (0x8ee5) x13 0x00000000
core   0: 0x000012ca (0x237a8993) addi    s3, s5, 567
core   0: 3 0x000012ca (0x237a8993) x19 0x0000023d
core   0: 0x000012ce (0xe8fab013) sltiu   zero, s5, -369
core   0: 3 0x000012ce (0xe8fab013)
core   0: 0x000012d2 (0xa5a5af37) lui     t5, 0xa5a5a
core   0: 3 0x000012d2 (0xa5a5af37) x30 0xa5a5a000
core   0: 0x000012d6 (0x5a5f0f13) addi    t5, t5, 1445
core   0: 3 0x000012d6 (0x5a5f0f13) x30 0xa5a5a5a5
core   0: 0x000012da (0x00006fc1) c.lui   t6, 0x10
core   0: 3 0x000012da (0x6fc1) x31 0x00010000
core   0: 0x000012dc (0x602f1f93) cpop    t6, t5
core   0: 3 0x000012dc (0x602f1f93) x31 0x00000010
core   0: 0x000012e0 (0x00008939) c.andi  a0, 14
core   0: 3 0x000012e0 (0x8939) x10 0x00000008
core   0: 0x000012e2 (0x01fb96b3) sll     a3, s7, t6
core   0: 3 0x000012e2 (0x01fb96b3) x13 0x00000000
core   0: 0x000012e6 (0x07e28163) beq     t0, t5, pc + 98
core   0: 3 0x000012e6 (0x07e28163)
core   0: 0x000012ea (0x40ced393) srai    t2, t4, 12
core   0: 3 0x000012ea (0x40ced393) x7  0xfff80000
core   0: 0x000012ee (0x00000001) c.nop
core   0: 3 0x000012ee (0x0001)
core   0: 0x000012f0 (0x00622233) slt     tp, tp, t1
core   0: 3 0x000012f0 (0x00622233) x4  0x00000000
core   0: 0x000012f4 (0x02d05833) divu    a6, zero, a3
core   0: 3 0x000012f4 (0x02d05833) x16 0xffffffff
core   0: 0x000012f8 (0x0260ca33) div     s4, ra, t1
core   0: 3 0x000012f8 (0x0260ca33) x20 0xffffffff
core   0: 0x000012fc (0x00008d29) c.xor   a0, a0
core   0: 3 0x000012fc (0x8d29) x10 0x00000000
core   0: 0x000012fe (0x00006085) c.lui   ra, 0x1
core   0: 3 0x000012fe (0x6085) x1  0x00001000
core   0: 0x00001300 (0x00004f01) c.li    t5, 0
core   0: 3 0x00001300 (0x4f01) x30 0x00000000
core   0: 0x00001302 (0x80000fb7) lui     t6, 0x80000
core   0: 3 0x00001302 (0x80000fb7) x31 0x80000000
core   0: 0x00001306 (0x00001ffd) c.addi  t6, -1
core   0: 3 0x00001306 (0x1ffd) x31 0x7fffffff
core   0: 0x00001308 (0x0bff4fb3) min     t6, t5, t6
core   0: 3 0x00001308 (0x0bff4fb3) x31 0x00000000
core   0: 0x0000130c (0x34009073) csrw    mscratch, ra
core   0: 3 0x0000130c (0x34009073) c832_mscratch 0x00001000
core   0: 0x00001310 (0x00002009) c.jal   pc + 2
core   0: 3 0x00001310 (0x2009) x1  0x00001312
core   0: 0x00001312 (0x004000ef) jal     pc + 0x4
core   0: 3 0x00001312 (0x004000ef) x1  0x00001316
core   0: 0x00001316 (0x004000ef) jal     pc + 0x4
core   0: 3 0x00001316 (0x004000ef) x1  0x0000131a
core   0: 0x0000131a (0x00000097) auipc   ra, 0x0
core   0: 3 0x0000131a (0x00000097) x1  0x0000131a
core   0: 0x0000131e (0x00c08093) addi    ra, ra, 12
core   0: 3 0x0000131e (0x00c08093) x1  0x00001326
core   0: 0x00001322 (0x00008067) ret
core   0: 3 0x00001322 (0x00008067)
core   0: 0x00001326 (0x340020f3) csrr    ra, mscratch
core   0: 3 0x00001326 (0x340020f3) x1  0x00001000
core   0: 0x0000132a (0x94eabc17) auipc   s8, 0x94eab
core   0: 3 0x0000132a (0x94eabc17) x24 0x94eac32a
core   0: 0x0000132e (0x3b03f313) andi    t1, t2, 944
core   0: 3 0x0000132e (0x3b03f313) x6  0x00000000
core   0: 0x00001332 (0x05c77493) andi    s1, a4, 92
core   0: 3 0x00001332 (0x05c77493) x9  0x00000000
core   0: 0x00001336 (0x000005f6) c.slli  a1, 29
core   0: 3 0x00001336 (0x05f6) x11 0x60000000
core   0: 0x00001338 (0x0000c209) c.beqz  a2, pc + 2
core   0: 3 0x00001338 (0xc209)
core   0: 0x0000133a (0x40f18bb3) sub     s7, gp, a5
core   0: 3 0x0000133a (0x40f18bb3) x23 0xf3e7a9ba
core   0: 0x0000133e (0x03aa4a33) div     s4, s4, s10
core   0: 3 0x0000133e (0x03aa4a33) x20 0x00000000
core   0: 0x00001342 (0x01ade0b3) or      ra, s11, s10
core   0: 3 0x00001342 (0x01ade0b3) x1  0xfffffaf7
core   0: 0x00001346 (0x00008eb9) c.xor   a3, a4
core   0: 3 0x00001346 (0x8eb9) x13 0xa8000000
core   0: 0x00001348 (0x024f42b3) div     t0, t5, tp
core   0: 3 0x00001348 (0x024f42b3) x5  0xffffffff
core   0: 0x0000134c (0x00007f41) c.lui   t5, 0xffff0
core   0: 3 0x0000134c (0x7f41) x30 0xffff0000
core   0: 0x0000134e (0x00000f05) c.addi  t5, 1
core   0: 3 0x0000134e (0x0f05) x30 0xffff0001
core   0: 0x00001350 (0x80000fb7) lui     t6, 0x80000
core   0: 3 0x00001350 (0x80000fb7) x31 0x80000000
core   0: 0x00001354 (0x0bff5fb3) minu    t6, t5, t6
core   0: 3 0x00001354 (0x0bff5fb3) x31 0x80000000
core   0: 0x00001358 (0x07d19297) auipc   t0, 0x7d19
core   0: 3 0x00001358 (0x07d19297) x5  0x07d1a358
core   0: 0x0000135c (0x02c49b33) mulh    s6, s1, a2
core   0: 3 0x0000135c (0x02c49b33) x22 0x00000000
core   0: 0x00001360 (0x00009e9e) c.add   t4, t2
core   0: 3 0x00001360 (0x9e9e) x29 0x7ff80000
core   0: 0x00001362 (0x0c556d13) ori     s10, a0, 197
core   0: 3 0x00001362 (0x0c556d13) x26 0x000000c5
core   0: 0x00001366 (0x406e5eb3) sra     t4, t3, t1
core   0: 3 0x00001366 (0x406e5eb3) x29 0x00011794
core   0: 0x0000136a (0x032c6e63) bltu    s8, s2, pc + 60
core   0: 3 0x0000136a (0x032c6e63)
core   0: 0x0000136e (0x00000001) c.nop
core   0: 3 0x0000136e (0x0001)
core   0: 0x00001370 (0x00000001) c.nop
core   0: 3 0x00001370 (0x0001)
core   0: 0x00001372 (0x00000001) c.nop
core   0: 3 0x00001372 (0x0001)
core   0: 0x00001374 (0x00008205) c.srli  a2, 1
core   0: 3 0x00001374 (0x8205) x12 0x7fffffed
core   0: 0x00001376 (0x00006f41) c.lui   t5, 0x10
core   0: 3 0x00001376 (0x6f41) x30 0x00010000
core   0: 0x00001378 (0xa5a5afb7) lui     t6, 0xa5a5a
core   0: 3 0x00001378 (0xa5a5afb7) x31 0xa5a5a000
core   0: 0x0000137c (0x5a5f8f93) addi    t6, t6, 1445
core   0: 3 0x0000137c (0x5a5f8f93) x31 0xa5a5a5a5
core   0: 0x00001380 (0x0bff6fb3) max     t6, t5, t6
core   0: 3 0x00001380 (0x0bff6fb3) x31 0x00010000
core   0: 0x00001384 (0x00002000) c.fld   fs0, 0(s0)
core   0: exception trap_illegal_instruction, epc 0x00001384
core   0:           tval 0x00002000
core   0: >>>>  mtvec_handler
core   0: 0x000039ec (0x0000a009) c.j     pc + 2
core   0: 3 0x000039ec (0xa009)
core   0: >>>>  illegal_instr_handler
core   0: 0x000039ee (0x34102373) csrr    t1, mepc
core   0: 3 0x000039ee (0x34102373) x6  0x00001384
core   0: 0x000039f2 (0x00035783) lhu     a5, 0(t1)
core   0: 3 0x000039f2 (0x00035783) x15 0x00002000 mem 0x00001384
core   0: 0x000039f6 (0x00008b8d) c.andi  a5, 3
core   0: 3 0x000039f6 (0x8b8d) x15 0x00000000
core   0: 0x000039f8 (0x00004f8d) c.li    t6, 3
core   0: 3 0x000039f8 (0x4f8d) x31 0x00000003
core   0: 0x000039fa (0x01f79463) bne     a5, t6, pc + 8
core   0: 3 0x000039fa (0x01f79463)
core   0: 0x00003a02 (0x00000309) c.addi  t1, 2
core   0: 3 0x00003a02 (0x0309) x6  0x00001386
core   0: 0x00003a04 (0x34131073) csrw    mepc, t1
core   0: 3 0x00003a04 (0x34131073) c833_mepc 0x00001386
core   0: 0x00003a08 (0x30200073) mret
core   0: 3 0x00003a08 (0x30200073) c768_mstatus 0x00001880 c784_mstatush 0x00000000 c1957_tcontrol 0x00000000
core   0: 0x00001386 (0x00000001) c.nop
core   0: 3 0x00001386 (0x0001)
core   0: 0x00001388 (0x00008e09) c.sub   a2, a0
core   0: 3 0x00001388 (0x8e09) x12 0x7fffffed
core   0: 0x0000138a (0x046a7063) bgeu    s4, t1, pc + 64
core   0: 3 0x0000138a (0x046a7063)
core   0: 0x0000138e (0x0000717d) c.addi16sp sp, -16
core   0: 3 0x0000138e (0x717d) x2  0x212804f0
core   0: 0x00001390 (0x00d475b3) and     a1, s0, a3
core   0: 3 0x00001390 (0x00d475b3) x11 0x08000000
core   0: 0x00001394 (0x00008a31) c.andi  a2, 12
core   0: 3 0x00001394 (0x8a31) x12 0x0000000c
core   0: 0x00001396 (0x00699863) bne     s3, t1, pc + 16
core   0: 3 0x00001396 (0x00699863)
core   0: 0x000013a6 (0x0778f463) bgeu    a7, s7, pc + 104
core   0: 3 0x000013a6 (0x0778f463)
core   0: 0x0000140e (0x00004a41) c.li    s4, 16
core   0: 3 0x0000140e (0x4a41) x20 0x00000010
core   0: 0x00001410 (0xa5a5af37) lui     t5, 0xa5a5a
core   0: 3 0x00001410 (0xa5a5af37) x30 0xa5a5a000
core   0: 0x00001414 (0x5a5f0f13) addi    t5, t5, 1445
core   0: 3 0x00001414 (0x5a5f0f13) x30 0xa5a5a5a5
core   0: 0x00001418 (0x00006fc1) c.lui   t6, 0x10
core   0: 3 0x00001418 (0x6fc1) x31 0x00010000
core   0: 0x0000141a (0x605f1f93) sext.h  t6, t5
core   0: 3 0x0000141a (0x605f1f93) x31 0xffffa5a5
core   0: 0x0000141e (0x80000f37) lui     t5, 0x80000
core   0: 3 0x0000141e (0x80000f37) x30 0x80000000
core   0: 0x00001422 (0x00005ffd) c.li    t6, -1
core   0: 3 0x00001422 (0x5ffd) x31 0xffffffff
core   0: 0x00001424 (0x03ff4fb3) div     t6, t5, t6
core   0: 3 0x00001424 (0x03ff4fb3) x31 0x80000000
core   0: 0x00001428 (0x03ef6fb3) rem     t6, t5, t5
core   0: 3 0x00001428 (0x03ef6fb3) x31 0x00000000
core   0: 0x0000142c (0x00004f81) c.li    t6, 0
core   0: 3 0x0000142c (0x4f81) x31 0x00000000
core   0: 0x0000142e (0x03ff5fb3) divu    t6, t5, t6
core   0: 3 0x0000142e (0x03ff5fb3) x31 0xffffffff
core   0: 0x00001432 (0x00004f81) c.li    t6, 0
core   0: 3 0x00001432 (0x4f81) x31 0x00000000
core   0: 0x00001434 (0x03ff6fb3) rem     t6, t5, t6
core   0: 3 0x00001434 (0x03ff6fb3) x31 0x80000000
core   0: 0x00001438 (0x0000661d) c.lui   a2, 0x7
core   0: 3 0x00001438 (0x661d) x12 0x00007000
core   0: 0x0000143a (0x40388db3) sub     s11, a7, gp
core   0: 3 0x0000143a (0x40388db3) x27 0x078de80b
core   0: 0x0000143e (0x00006311) c.lui   t1, 0x4
core   0: 3 0x0000143e (0x6311) x6  0x00004000
core   0: 0x00001440 (0x00008e61) c.and   a2, s0
core   0: 3 0x00001440 (0x8e61) x12 0x00004000
core   0: 0x00001442 (0x00008ea5) c.xor   a3, s1
core   0: 3 0x00001442 (0x8ea5) x13 0xa8000000
core   0: 0x00001444 (0x00000001) c.nop
core   0: 3 0x00001444 (0x0001)
core   0: 0x00001446 (0x01e865b3) or      a1, a6, t5
core   0: 3 0x00001446 (0x01e865b3) x11 0xffffffff
core   0: 0x0000144a (0x22efb113) sltiu   sp, t6, 558
core   0: 3 0x0000144a (0x22efb113) x2  0x00000000
core   0: 0x0000144e (0x4129d4b3) sra     s1, s3, s2
core   0: 3 0x0000144e (0x4129d4b3) x9  0x00000000
core   0: 0x00001452 (0x0000e29d) c.bnez  a3, pc + 38
core   0: 3 0x00001452 (0xe29d)
core   0: 0x00001478 (0x00009dba) c.add   s11, a4
core   0: 3 0x00001478 (0x9dba) x27 0xaf8de80b
core   0: 0x0000147a (0x01cd5913) srli    s2, s10, 28
core   0: 3 0x0000147a (0x01cd5913) x18 0x00000000
core   0: 0x0000147e (0x41ed5733) sra     a4, s10, t5
core   0: 3 0x0000147e (0x41ed5733) x14 0x000000c5
core   0: 0x00001482 (0x03bf9033) mulh    zero, t6, s11
core   0: 3 0x00001482 (0x03bf9033)
core   0: 0x00001486 (0x00007f41) c.lui   t5, 0xffff0
core   0: 3 0x00001486 (0x7f41) x30 0xffff0000
core   0: 0x00001488 (0x00000f05) c.addi  t5, 1
core   0: 3 0x00001488 (0x0f05) x30 0xffff0001
core   0: 0x0000148a (0x80000fb7) lui     t6, 0x80000
core   0: 3 0x0000148a (0x80000fb7) x31 0x80000000
core   0: 0x0000148e (0x61ff1fb3) rol     t6, t5, t6
core   0: 3 0x0000148e (0x61ff1fb3) x31 0xffff0001
core   0: 0x00001492 (0x0000e331) c.bnez  a4, pc + 68
core   0: 3 0x00001492 (0xe331)
core   0: 0x000014d6 (0x000093ca) c.add   t2, s2
core   0: 3 0x000014d6 (0x93ca) x7  0xfff80000
core   0: 0x000014d8 (0x0000994a) c.add   s2, s2
core   0: 3 0x000014d8 (0x994a) x18 0x00000000
core   0: 0x000014da (0x0181b733) sltu    a4, gp, s8
core   0: 3 0x000014da (0x0181b733) x14 0x00000000
core   0: 0x000014de (0x4106d793) srai    a5, a3, 16
core   0: 3 0x000014de (0x4106d793) x15 0xffffa800
core   0: 0x000014e2 (0x01e86533) or      a0, a6, t5
core   0: 3 0x000014e2 (0x01e86533) x10 0xffffffff
core   0: 0x000014e6 (0x80000f37) lui     t5, 0x80000
core   0: 3 0x000014e6 (0x80000f37) x30 0x80000000
core   0: 0x000014ea (0x00001f7d) c.addi  t5, -1
core   0: 3 0x000014ea (0x1f7d) x30 0x7fffffff
core   0: 0x000014ec (0x00004f81) c.li    t6, 0
core   0: 3 0x000014ec (0x4f81) x31 0x00000000
core   0: 0x000014ee (0x607f5f93) rori    t6, t5, 7
core   0: 3 0x000014ee (0x607f5f93) x31 0xfeffffff
core   0: 0x000014f2 (0x035c61b3) rem     gp, s8, s5
core   0: 3 0x000014f2 (0x035c61b3) x3  0x00000000
core   0: 0x000014f6 (0x00001110) c.addi4spn a2, sp, 160
core   0: 3 0x000014f6 (0x1110) x12 0x000000a0
core   0: 0x000014f8 (0x038d3033) mulhu   zero, s10, s8
core   0: 3 0x000014f8 (0x038d3033)
core   0: 0x000014fc (0x000088c5) c.andi  s1, 17
core   0: 3 0x000014fc (0x88c5) x9  0x00000000
core   0: 0x000014fe (0x00009f12) c.add   t5, tp
core   0: 3 0x000014fe (0x9f12) x30 0x7fffffff
core   0: 0x00001500 (0x0146a0b3) slt     ra, a3, s4
core   0: 3 0x00001500 (0x0146a0b3) x1  0x00000001
core   0: 0x00001504 (0x00bb1513) slli    a0, s6, 11
core   0: 3 0x00001504 (0x00bb1513) x10 0x00000000
core   0: 0x00001508 (0x018f2cb3) slt     s9, t5, s8
core   0: 3 0x00001508 (0x018f2cb3) x25 0x00000000
core   0: 0x0000150c (0x00000594) c.addi4spn a3, sp, 704
core   0: 3 0x0000150c (0x0594) x13 0x000002c0
core   0: 0x0000150e (0x25924013) xori    zero, tp, 601
core   0: 3 0x0000150e (0x25924013)
core   0: 0x00001512 (0x80000f37) lui     t5, 0x80000
core   0: 3 0x00001512 (0x80000f37) x30 0x80000000
core   0: 0x00001516 (0x00007fc1) c.lui   t6, 0xffff0
core   0: 3 0x00001516 (0x7fc1) x31 0xffff0000
core   0: 0x00001518 (0x00000f85) c.addi  t6, 1
core   0: 3 0x00001518 (0x0f85) x31 0xffff0001
core   0: 0x0000151a (0x287f5f93) orc.b   t6, t5
core   0: 3 0x0000151a (0x287f5f93) x31 0xff000000
core   0: 0x0000151e (0x340f1073) csrw    mscratch, t5
core   0: 3 0x0000151e (0x340f1073) c832_mscratch 0x80000000
core   0: 0x00001522 (0x34002ff3) csrr    t6, mscratch
core   0: 3 0x00001522 (0x34002ff3) x31 0x80000000
core   0: 0x00001526 (0x34003ff3) csrrc   t6, mscratch, zero
core   0: 3 0x00001526 (0x34003ff3) x31 0x80000000
core   0: 0x0000152a (0x0000c209) c.beqz  a2, pc + 2
core   0: 3 0x0000152a (0xc209)
core   0: 0x0000152c (0x0000cd0d) c.beqz  a0, pc + 58
core   0: 3 0x0000152c (0xcd0d)
core   0: 0x00001566 (0x020b67b3) rem     a5, s6, zero
core   0: 3 0x00001566 (0x020b67b3) x15 0x00000000
core   0: 0x0000156a (0x000096da) c.add   a3, s6
core   0: 3 0x0000156a (0x96da) x13 0x000002c0
core   0: 0x0000156c (0xc871c893) xori    a7, gp, -889
core   0: 3 0x0000156c (0xc871c893) x17 0xfffffc87
core   0: 0x00001570 (0x410ddbb3) sra     s7, s11, a6
core   0: 3 0x00001570 (0x410ddbb3) x23 0xffffffff
core   0: 0x00001574 (0x00008d09) c.sub   a0, a0
core   0: 3 0x00001574 (0x8d09) x10 0x00000000
core   0: 0x00001576 (0x00004f01) c.li    t5, 0
core   0: 3 0x00001576 (0x4f01) x30 0x00000000
core   0: 0x00001578 (0x80000fb7) lui     t6, 0x80000
core   0: 3 0x00001578 (0x80000fb7) x31 0x80000000
core   0: 0x0000157c (0x00001ffd) c.addi  t6, -1
core   0: 3 0x0000157c (0x1ffd) x31 0x7fffffff
core   0: 0x0000157e (0x49ff1fb3) bclr    t6, t5, t6
core   0: 3 0x0000157e (0x49ff1fb3) x31 0x00000000
core   0: 0x00001582 (0x037fd663) bge     t6, s7, pc + 44
core   0: 3 0x00001582 (0x037fd663)
core   0: 0x000015ae (0x00008e95) c.sub   a3, a3
core   0: 3 0x000015ae (0x8e95) x13 0x00000000
core   0: 0x000015b0 (0x03cf7f63) bgeu    t5, t3, pc + 62
core   0: 3 0x000015b0 (0x03cf7f63)
core   0: 0x000015b4 (0x00009afd) c.andi  a3, -1
core   0: 3 0x000015b4 (0x9afd) x13 0x00000000
core   0: 0x000015b6 (0x00008e45) c.or    a2, s1
core   0: 3 0x000015b6 (0x8e45) x12 0x000000a0
core   0: 0x000015b8 (0x00e2bcb3) sltu    s9, t0, a4
core   0: 3 0x000015b8 (0x00e2bcb3) x25 0x00000000
core   0: 0x000015bc (0x014746b3) xor     a3, a4, s4
core   0: 3 0x000015bc (0x014746b3) x13 0x00000010
core   0: 0x000015c0 (0x00a99c13) slli    s8, s3, 10
core   0: 3 0x000015c0 (0x00a99c13) x24 0x0008f400
core   0: 0x000015c4 (0x097c1363) bne     s8, s7, pc + 134
core   0: 3 0x000015c4 (0x097c1363)
core   0: 0x0000164a (0x00000790) c.addi4spn a2, sp, 960
core   0: 3 0x0000164a (0x0790) x12 0x000003c0
core   0: 0x0000164c (0x01f46263) bltu    s0, t6, pc + 4
core   0: 3 0x0000164c (0x01f46263)
core   0: 0x00001650 (0x01bc64b3) or      s1, s8, s11
core   0: 3 0x00001650 (0x01bc64b3) x9  0xaf8dfc0b
core   0: 0x00001654 (0x404282b3) sub     t0, t0, tp
core   0: 3 0x00001654 (0x404282b3) x5  0x07d1a358
core   0: 0x00001658 (0x02bbadb3) mulhsu  s11, s7, a1
core   0: 3 0x00001658 (0x02bbadb3) x27 0xffffffff
core   0: 0x0000165c (0x00000001) c.nop
core   0: 3 0x0000165c (0x0001)
core   0: 0x0000165e (0x80000f37) lui     t5, 0x80000
core   0: 3 0x0000165e (0x80000f37) x30 0x80000000
core   0: 0x00001662 (0x00007fc1) c.lui   t6, 0xffff0
core   0: 3 0x00001662 (0x7fc1) x31 0xffff0000
core   0: 0x00001664 (0x00000f85) c.addi  t6, 1
core   0: 3 0x00001664 (0x0f85) x31 0xffff0001
core   0: 0x00001666 (0x49ff1f93) bclri   t6, t5, 31
core   0: 3 0x00001666 (0x49ff1f93) x31 0x00000000
core   0: 0x0000166a (0x034fd833) divu    a6, t6, s4
core   0: 3 0x0000166a (0x034fd833) x16 0x00000000
core   0: 0x0000166e (0x00009a1a) c.add   s4, t1
core   0: 3 0x0000166e (0x9a1a) x20 0x00004010
core   0: 0x00001670 (0x014cda13) srli    s4, s9, 20
core   0: 3 0x00001670 (0x014cda13) x20 0x00000000
core   0: 0x00001674 (0x00a4bab3) sltu    s5, s1, a0
core   0: 3 0x00001674 (0x00a4bab3) x21 0x00000000
core   0: 0x00001678 (0x41395113) srai    sp, s2, 19
core   0: 3 0x00001678 (0x41395113) x2  0x00000000
core   0: 0x0000167c (0x00006115) c.addi16sp sp, 288
core   0: 3 0x0000167c (0x6115) x2  0x00000120
core   0: 0x0000167e (0x0001b5b3) sltu    a1, gp, zero
core   0: 3 0x0000167e (0x0001b5b3) x11 0x00000000
core   0: 0x00001682 (0x0000950a) c.add   a0, sp
core   0: 3 0x00001682 (0x950a) x10 0x00000120
core   0: 0x00001684 (0x024d2033) mulhsu  zero, s10, tp
core   0: 3 0x00001684 (0x024d2033)
core   0: 0x00001688 (0x01ef4c63) blt     t5, t5, pc + 24
core   0: 3 0x00001688 (0x01ef4c63)
core   0: 0x0000168c (0xa5a5af37) lui     t5, 0xa5a5a
core   0: 3 0x0000168c (0xa5a5af37) x30 0xa5a5a000
core   0: 0x00001690 (0x5a5f0f13) addi    t5, t5, 1445
core   0: 3 0x00001690 (0x5a5f0f13) x30 0xa5a5a5a5
core   0: 0x00001694 (0x00006fc1) c.lui   t6, 0x10
core   0: 3 0x00001694 (0x6fc1) x31 0x00010000
core   0: 0x00001696 (0x48ff5f93) bexti   t6, t5, 15
core   0: 3 0x00001696 (0x48ff5f93) x31 0x00000001
core   0: 0x0000169a (0xa90d8237) lui     tp, 0xa90d8
core   0: 3 0x0000169a (0xa90d8237) x4  0xa90d8000
core   0: 0x0000169e (0x00000001) c.nop
core   0: 3 0x0000169e (0x0001)
core   0: 0x000016a0 (0xd1163a13) sltiu   s4, a2, -751
core   0: 3 0x000016a0 (0xd1163a13) x20 0x00000001
core   0: 0x000016a4 (0x00000001) c.nop
core   0: 3 0x000016a4 (0x0001)
core   0: 0x000016a6 (0x03a35a63) bge     t1, s10, pc + 52
core   0: 3 0x000016a6 (0x03a35a63)
core   0: 0x000016da (0x02dcc633) div     a2, s9, a3
core   0: 3 0x000016da (0x02dcc633) x12 0x00000000
core   0: 0x000016de (0xe4b92713) slti    a4, s2, -437
core   0: 3 0x000016de (0xe4b92713) x14 0x00000000
core   0: 0x000016e2 (0x00c7db93) srli    s7, a5, 12
core   0: 3 0x000016e2 (0x00c7db93) x23 0x00000000
core   0: 0x000016e6 (0x000081a9) c.srli  a1, 10
core   0: 3 0x000016e6 (0x81a9) x11 0x00000000
core   0: 0x000016e8 (0x03e73cb3) mulhu   s9, a4, t5
core   0: 3 0x000016e8 (0x03e73cb3) x25 0x00000000
core   0: 0x000016ec (0x00007f41) c.lui   t5, 0xffff0
core   0: 3 0x000016ec (0x7f41) x30 0xffff0000
core   0: 0x000016ee (0x00000f05) c.addi  t5, 1
core   0: 3 0x000016ee (0x0f05) x30 0xffff0001
core   0: 0x000016f0 (0x80000fb7) lui     t6, 0x80000
core   0: 3 0x000016f0 (0x80000fb7) x31 0x80000000
core   0: 0x000016f4 (0x29ff1f93) bseti   t6, t5, 31
core   0: 3 0x000016f4 (0x29ff1f93) x31 0xffff0001
core   0: 0x000016f8 (0x00008d55) c.or    a0, a3
core   0: 3 0x000016f8 (0x8d55) x10 0x00000130
core   0: 0x000016fa (0x00008e15) c.sub   a2, a3
core   0: 3 0x000016fa (0x8e15) x12 0xfffffff0
core   0: 0x000016fc (0x01dee463) bltu    t4, t4, pc + 8
core   0: 3 0x000016fc (0x01dee463)
core   0: 0x00001700 (0x00000b08) c.addi4spn a0, sp, 400
core   0: 3 0x00001700 (0x0b08) x10 0x000002b0
core   0: 0x00001702 (0x00000001) c.nop
core   0: 3 0x00001702 (0x0001)
core   0: 0x00001704 (0x00006125) c.addi16sp sp, 96
core   0: 3 0x00001704 (0x6125) x2  0x00000180
core   0: 0x00001706 (0x00b25913) srli    s2, tp, 11
core   0: 3 0x00001706 (0x00b25913) x18 0x001521b0
core   0: 0x0000170a (0x0000e139) c.bnez  a0, pc + 70
core   0: 3 0x0000170a (0xe139)
core   0: 0x00001750 (0x02e9a033) mulhsu  zero, s3, a4
core   0: 3 0x00001750 (0x02e9a033)
core   0: 0x00001754 (0x00008d75) c.and   a0, a3
core   0: 3 0x00001754 (0x8d75) x10 0x00000010
core   0: 0x00001756 (0x03f48f63) beq     s1, t6, pc + 62
core   0: 3 0x00001756 (0x03f48f63)
core   0: 0x0000175a (0x00006ad1) c.lui   s5, 0x14
core   0: 3 0x0000175a (0x6ad1) x21 0x00014000
core   0: 0x0000175c (0xf119e693) ori     a3, s3, -239
core   0: 3 0x0000175c (0xf119e693) x13 0xffffff3d
core   0: 0x00001760 (0x01391993) slli    s3, s2, 19
core   0: 3 0x00001760 (0x01391993) x19 0x0d800000
core   0: 0x00001764 (0x0143f533) and     a0, t2, s4
core   0: 3 0x00001764 (0x0143f533) x10 0x00000000
core   0: 0x00001768 (0x02be4833) div     a6, t3, a1
core   0: 3 0x00001768 (0x02be4833) x16 0xffffffff
core   0: 0x0000176c (0x40348033) sub     zero, s1, gp
core   0: 3 0x0000176c (0x40348033)
core   0: 0x00001770 (0x80000f37) lui     t5, 0x80000
core   0: 3 0x00001770 (0x80000f37) x30 0x80000000
core   0: 0x00001774 (0x00001f7d) c.addi  t5, -1
core   0: 3 0x00001774 (0x1f7d) x30 0x7fffffff
core   0: 0x00001776 (0x00004f81) c.li    t6, 0
core   0: 3 0x00001776 (0x4f81) x31 0x00000000
core   0: 0x00001778 (0x0fff7fb3) czero.nez t6, t5, t6
core   0: 3 0x00001778 (0x0fff7fb3) x31 0x7fffffff
core   0: 0x0000177c (0x014e0ab3) add     s5, t3, s4
core   0: 3 0x0000177c (0x014e0ab3) x21 0x00011795
core   0: 0x00001780 (0x012cd793) srli    a5, s9, 18
core   0: 3 0x00001780 (0x012cd793) x15 0x00000000
core   0: 0x00001784 (0x049e6163) bltu    t3, s1, pc + 66
core   0: 3 0x00001784 (0x049e6163)
core   0: 0x000017c6 (0x02cd0d33) mul     s10, s10, a2
core   0: 3 0x000017c6 (0x02cd0d33) x26 0xfffff3b0
core   0: 0x000017ca (0xa5a5af37) lui     t5, 0xa5a5a
core   0: 3 0x000017ca (0xa5a5af37) x30 0xa5a5a000
core   0: 0x000017ce (0x5a5f0f13) addi    t5, t5, 1445
core   0: 3 0x000017ce (0x5a5f0f13) x30 0xa5a5a5a5
core   0: 0x000017d2 (0x00006fc1) c.lui   t6, 0x10
core   0: 3 0x000017d2 (0x6fc1) x31 0x00010000
core   0: 0x000017d4 (0x21ff4fb3) sh2add  t6, t5, t6
core   0: 3 0x000017d4 (0x21ff4fb3) x31 0x96979694
core   0: 0x000017d8 (0x01089933) sll     s2, a7, a6
core   0: 3 0x000017d8 (0x01089933) x18 0x80000000
core   0: 0x000017dc (0x3de2c013) xori    zero, t0, 990
core   0: 3 0x000017dc (0x3de2c013)
core   0: 0x000017e0 (0x706b0013) addi    zero, s6, 1798
core   0: 3 0x000017e0 (0x706b0013)
core   0: 0x000017e4 (0x009b5593) srli    a1, s6, 9
core   0: 3 0x000017e4 (0x009b5593) x11 0x00000000
core   0: 0x000017e8 (0x4167dc93) srai    s9, a5, 22
core   0: 3 0x000017e8 (0x4167dc93) x25 0x00000000
core   0: 0x000017ec (0x00008641) c.srai  a2, 16
core   0: 3 0x000017ec (0x8641) x12 0xffffffff
core   0: 0x000017ee (0x67b5e813) ori     a6, a1, 1659
core   0: 3 0x000017ee (0x67b5e813) x16 0x0000067b
core   0: 0x000017f2 (0x037c57b3) divu    a5, s8, s7
core   0: 3 0x000017f2 (0x037c57b3) x15 0xffffffff
core   0: 0x000017f6 (0x00009606) c.add   a2, ra
core   0: 3 0x000017f6 (0x9606) x12 0x00000000
core   0: 0x000017f8 (0x00009a7d) c.andi  a2, -1
core   0: 3 0x000017f8 (0x9a7d) x12 0x00000000
core   0: 0x000017fa (0x00004f01) c.li    t5, 0
core   0: 3 0x000017fa (0x4f01) x30 0x00000000
core   0: 0x000017fc (0x80000fb7) lui     t6, 0x80000
core   0: 3 0x000017fc (0x80000fb7) x31 0x80000000
core   0: 0x00001800 (0x00001ffd) c.addi  t6, -1
core   0: 3 0x00001800 (0x1ffd) x31 0x7fffffff
core   0: 0x00001802 (0x21ff6fb3) sh3add  t6, t5, t6
core   0: 3 0x00001802 (0x21ff6fb3) x31 0x7fffffff
core   0: 0x00001806 (0x516ab013) sltiu   zero, s5, 1302
core   0: 3 0x00001806 (0x516ab013)
core   0: 0x0000180a (0x00008752) c.mv    a4, s4
core   0: 3 0x0000180a (0x8752) x14 0x00000001
core   0: 0x0000180c (0x00008d0d) c.sub   a0, a1
core   0: 3 0x0000180c (0x8d0d) x10 0x00000000
core   0: 0x0000180e (0x0000e699) c.bnez  a3, pc + 14
core   0: 3 0x0000180e (0xe699)
core   0: 0x0000181c (0x00009a7d) c.andi  a2, -1
core   0: 3 0x0000181c (0x9a7d) x12 0x00000000
core   0: 0x0000181e (0x03c46c33) rem     s8, s0, t3
core   0: 3 0x0000181e (0x03c46c33) x24 0x00003bf9
core   0: 0x00001822 (0xf2c7c013) xori    zero, a5, -212
core   0: 3 0x00001822 (0xf2c7c013)
core   0: 0x00001826 (0x00007f41) c.lui   t5, 0xffff0
core   0: 3 0x00001826 (0x7f41) x30 0xffff0000
core   0: 0x00001828 (0x00000f05) c.addi  t5, 1
core   0: 3 0x00001828 (0x0f05) x30 0xffff0001
core   0: 0x0000182a (0x80000fb7) lui     t6, 0x80000
core   0: 3 0x0000182a (0x80000fb7) x31 0x80000000
core   0: 0x0000182e (0x41ff7fb3) andn    t6, t5, t6
core   0: 3 0x0000182e (0x41ff7fb3) x31 0x7fff0001
core   0: 0x00001832 (0x80000f37) lui     t5, 0x80000
core   0: 3 0x00001832 (0x80000f37) x30 0x80000000
core   0: 0x00001836 (0x00005ffd) c.li    t6, -1
core   0: 3 0x00001836 (0x5ffd) x31 0xffffffff
core   0: 0x00001838 (0x03ff4fb3) div     t6, t5, t6
core   0: 3 0x00001838 (0x03ff4fb3) x31 0x80000000
core   0: 0x0000183c (0x03ef6fb3) rem     t6, t5, t5
core   0: 3 0x0000183c (0x03ef6fb3) x31 0x00000000
core   0: 0x00001840 (0x00004f81) c.li    t6, 0
core   0: 3 0x00001840 (0x4f81) x31 0x00000000
core   0: 0x00001842 (0x03ff5fb3) divu    t6, t5, t6
core   0: 3 0x00001842 (0x03ff5fb3) x31 0xffffffff
core   0: 0x00001846 (0x00004f81) c.li    t6, 0
core   0: 3 0x00001846 (0x4f81) x31 0x00000000
core   0: 0x00001848 (0x03ff6fb3) rem     t6, t5, t6
core   0: 3 0x00001848 (0x03ff6fb3) x31 0x80000000
core   0: 0x0000184c (0x004120b3) slt     ra, sp, tp
core   0: 3 0x0000184c (0x004120b3) x1  0x00000000
core   0: 0x00001850 (0x8ebe6b13) ori     s6, t3, -1813
core   0: 3 0x00001850 (0x8ebe6b13) x22 0xffffffff
core   0: 0x00001854 (0x0087d263) bge     a5, s0, pc + 4
core   0: 3 0x00001854 (0x0087d263)
core   0: 0x00001858 (0x46b08013) addi    zero, ra, 1131
core   0: 3 0x00001858 (0x46b08013)
core   0: 0x0000185c (0x037c40b3) div     ra, s8, s7
core   0: 3 0x0000185c (0x037c40b3) x1  0xffffffff
core   0: 0x00001860 (0x00006679) c.lui   a2, 0x1e
core   0: 3 0x00001860 (0x6679) x12 0x0001e000
core   0: 0x00001862 (0x03fedb33) divu    s6, t4, t6
core   0: 3 0x00001862 (0x03fedb33) x22 0x00000000
core   0: 0x00001866 (0x00008d4d) c.or    a0, a1
core   0: 3 0x00001866 (0x8d4d) x10 0x00000000
core   0: 0x00001868 (0x0000908a) c.add   ra, sp
core   0: 3 0x00001868 (0x908a) x1  0x0000017f
core   0: 0x0000186a (0x03a29363) bne     t0, s10, pc + 38
core   0: 3 0x0000186a (0x03a29363)
core   0: 0x00001890 (0x017c48b3) xor     a7, s8, s7
core   0: 3 0x00001890 (0x017c48b3) x17 0x00003bf9
core   0: 0x00001894 (0x03202833) mulhsu  a6, zero, s2
core   0: 3 0x00001894 (0x03202833) x16 0x00000000
core   0: 0x00001898 (0x00008286) c.mv    t0, ra
core   0: 3 0x00001898 (0x8286) x5  0x0000017f
core   0: 0x0000189a (0x009bd9b3) srl     s3, s7, s1
core   0: 3 0x0000189a (0x009bd9b3) x19 0x00000000
core   0: 0x0000189e (0x00000aed) c.addi  s5, 27
core   0: 3 0x0000189e (0x0aed) x21 0x000117b0
core   0: 0x000018a0 (0x80000f37) lui     t5, 0x80000
core   0: 3 0x000018a0 (0x80000f37) x30 0x80000000
core   0: 0x000018a4 (0x00001f7d) c.addi  t5, -1
core   0: 3 0x000018a4 (0x1f7d) x30 0x7fffffff
core   0: 0x000018a6 (0x00004f81) c.li    t6, 0
core   0: 3 0x000018a6 (0x4f81) x31 0x00000000
core   0: 0x000018a8 (0x41ff4fb3) xnor    t6, t5, t6
core   0: 3 0x000018a8 (0x41ff4fb3) x31 0x80000000
core   0: 0x000018ac (0x0000717d) c.addi16sp sp, -16
core   0: 3 0x000018ac (0x717d) x2  0x00000170
core   0: 0x000018ae (0x40d48033) sub     zero, s1, a3
core   0: 3 0x000018ae (0x40d48033)
core   0: 0x000018b2 (0x00005d7d) c.li    s10, -1
core   0: 3 0x000018b2 (0x5d7d) x26 0xffffffff
core   0: 0x000018b4 (0x00008d15) c.sub   a0, a3
core   0: 3 0x000018b4 (0x8d15) x10 0x000000c3
core   0: 0x000018b6 (0x01179cb3) sll     s9, a5, a7
core   0: 3 0x000018b6 (0x01179cb3) x25 0xfe000000
core   0: 0x000018ba (0x03125cb3) divu    s9, tp, a7
core   0: 3 0x000018ba (0x03125cb3) x25 0x0002d19e
core   0: 0x000018be (0xda43e213) ori     tp, t2, -604
core   0: 3 0x000018be (0xda43e213) x4  0xfffffda4
core   0: 0x000018c2 (0x39032937) lui     s2, 0x39032
core   0: 3 0x000018c2 (0x39032937) x18 0x39032000
core   0: 0x000018c6 (0x01238333) add     t1, t2, s2
core   0: 3 0x000018c6 (0x01238333) x6  0x38fb2000
core   0: 0x000018ca (0x001bc4b3) xor     s1, s7, ra
core   0: 3 0x000018ca (0x001bc4b3) x9  0x0000017f
core   0: 0x000018ce (0x80000f37) lui     t5, 0x80000
core   0: 3 0x000018ce (0x80000f37) x30 0x80000000
core   0: 0x000018d2 (0x00007fc1) c.lui   t6, 0xffff0
core   0: 3 0x000018d2 (0x7fc1) x31 0xffff0000
core   0: 0x000018d4 (0x00000f85) c.addi  t6, 1
core   0: 3 0x000018d4 (0x0f85) x31 0xffff0001
core   0: 0x000018d6 (0x600f1f93) clz     t6, t5
core   0: 3 0x000018d6 (0x600f1f93) x31 0x00000000
core   0: 0x000018da (0x41840033) sub     zero, s0, s8
core   0: 3 0x000018da (0x41840033)
core   0: 0x000018de (0xdcb77e93) andi    t4, a4, -565
core   0: 3 0x000018de (0xdcb77e93) x29 0x00000001
core   0: 0x000018e2 (0x4177d313) srai    t1, a5, 23
core   0: 3 0x000018e2 (0x4177d313) x6  0xffffffff
core   0: 0x000018e6 (0x09416913) ori     s2, sp, 148
core   0: 3 0x000018e6 (0x09416913) x18 0x000001f4
core   0: 0x000018ea (0x0232b633) mulhu   a2, t0, gp
core   0: 3 0x000018ea (0x0232b633) x12 0x00000000
core   0: 0x000018ee (0x012aad33) slt     s10, s5, s2
core   0: 3 0x000018ee (0x012aad33) x26 0x00000000
core   0: 0x000018f2 (0x0000613d) c.addi16sp sp, 480
core   0: 3 0x000018f2 (0x613d) x2  0x00000350
core   0: 0x000018f4 (0x0000956e) c.add   a0, s11
core   0: 3 0x000018f4 (0x956e) x10 0x000000c2
core   0: 0x000018f6 (0x220b8e93) addi    t4, s7, 544
core   0: 3 0x000018f6 (0x220b8e93) x29 0x00000220
core   0: 0x000018fa (0x034ad533) divu    a0, s5, s4
core   0: 3 0x000018fa (0x034ad533) x10 0x000117b0
core   0: 0x000018fe (0xa5a5af37) lui     t5, 0xa5a5a
core   0: 3 0x000018fe (0xa5a5af37) x30 0xa5a5a000
core   0: 0x00001902 (0x5a5f0f13) addi    t5, t5, 1445
core   0: 3 0x00001902 (0x5a5f0f13) x30 0xa5a5a5a5
core   0: 0x00001906 (0x00006fc1) c.lui   t6, 0x10
core   0: 3 0x00001906 (0x6fc1) x31 0x00010000
core   0: 0x00001908 (0x601f1f93) ctz     t6, t5
core   0: 3 0x00001908 (0x601f1f93) x31 0x00000000
core   0: 0x0000190c (0x02e18133) mul     sp, gp, a4
core   0: 3 0x0000190c (0x02e18133) x2  0x00000000
core   0: 0x00001910 (0x03bf1033) mulh    zero, t5, s11
core   0: 3 0x00001910 (0x03bf1033)
core   0: 0x00001914 (0x004729b3) slt     s3, a4, tp
core   0: 3 0x00001914 (0x004729b3) x19 0x00000000
core   0: 0x00001918 (0x4099ddb3) sra     s11, s3, s1
core   0: 3 0x00001918 (0x4099ddb3) x27 0x00000000
core   0: 0x0000191c (0x4c6dd1b7) lui     gp, 0x4c6dd
core   0: 3 0x0000191c (0x4c6dd1b7) x3  0x4c6dd000
core   0: 0x00001920 (0xbc36af13) slti    t5, a3, -1085
core   0: 3 0x00001920 (0xbc36af13) x30 0x00000000
core   0: 0x00001924 (0x5ec1fa93) andi    s5, gp, 1516
core   0: 3 0x00001924 (0x5ec1fa93) x21 0x00000000
core   0: 0x00001928 (0x00719d33) sll     s10, gp, t2
core   0: 3 0x00001928 (0x00719d33) x26 0x4c6dd000
core   0: 0x0000192c (0x00000001) c.nop
core   0: 3 0x0000192c (0x0001)
core   0: 0x0000192e (0x808bb613) sltiu   a2, s7, -2040
core   0: 3 0x0000192e (0x808bb613) x12 0x00000001
core   0: 0x00001932 (0x00004f01) c.li    t5, 0
core   0: 3 0x00001932 (0x4f01) x30 0x00000000
core   0: 0x00001934 (0x80000fb7) lui     t6, 0x80000
core   0: 3 0x00001934 (0x80000fb7) x31 0x80000000
core   0: 0x00001938 (0x00001ffd) c.addi  t6, -1
core   0: 3 0x00001938 (0x1ffd) x31 0x7fffffff
core   0: 0x0000193a (0x602f1f93) cpop    t6, t5
core   0: 3 0x0000193a (0x602f1f93) x31 0x00000000
core   0: 0x0000193e (0x40b53533) unknown
core   0: exception trap_illegal_instruction, epc 0x0000193e
core   0:           tval 0x40b53533
core   0: >>>>  mtvec_handler
core   0: 0x000039ec (0x0000a009) c.j     pc + 2
core   0: 3 0x000039ec (0xa009)
core   0: >>>>  illegal_instr_handler
core   0: 0x000039ee (0x34102373) csrr    t1, mepc
core   0: 3 0x000039ee (0x34102373) x6  0x0000193e
core   0: 0x000039f2 (0x00035783) lhu     a5, 0(t1)
core   0: 3 0x000039f2 (0x00035783) x15 0x00003533 mem 0x0000193e
core   0: 0x000039f6 (0x00008b8d) c.andi  a5, 3
core   0: 3 0x000039f6 (0x8b8d) x15 0x00000003
core   0: 0x000039f8 (0x00004f8d) c.li    t6, 3
core   0: 3 0x000039f8 (0x4f8d) x31 0x00000003
core   0: 0x000039fa (0x01f79463) bne     a5, t6, pc + 8
core   0: 3 0x000039fa (0x01f79463)
core   0: 0x000039fe (0x00000311) c.addi  t1, 4
core   0: 3 0x000039fe (0x0311) x6  0x00001942
core   0: 0x00003a00 (0x0000a011) c.j     pc + 4
core   0: 3 0x00003a00 (0xa011)
core   0: 0x00003a04 (0x34131073) csrw    mepc, t1
core   0: 3 0x00003a04 (0x34131073) c833_mepc 0x00001942
core   0: 0x00003a08 (0x30200073) mret
core   0: 3 0x00003a08 (0x30200073) c768_mstatus 0x00001880 c784_mstatush 0x00000000 c1957_tcontrol 0x00000000
core   0: 0x00001942 (0x340f1073) csrw    mscratch, t5
core   0: 3 0x00001942 (0x340f1073) c832_mscratch 0x00000000
core   0: 0x00001946 (0x34002ff3) csrr    t6, mscratch
core   0: 3 0x00001946 (0x34002ff3) x31 0x00000000
core   0: 0x0000194a (0x34003ff3) csrrc   t6, mscratch, zero
core   0: 3 0x0000194a (0x34003ff3) x31 0x00000000
core   0: 0x0000194e (0x0000ed85) c.bnez  a1, pc + 56
core   0: 3 0x0000194e (0xed85)
core   0: 0x00001950 (0x00006859) c.lui   a6, 0x16
core   0: 3 0x00001950 (0x6859) x16 0x00016000
core   0: 0x00001952 (0x0000717d) c.addi16sp sp, -16
core   0: 3 0x00001952 (0x717d) x2  0xfffffff0
core   0: 0x00001954 (0x02d635b3) mulhu   a1, a2, a3
core   0: 3 0x00001954 (0x02d635b3) x11 0x00000000
core   0: 0x00001958 (0x020bc833) div     a6, s7, zero
core   0: 3 0x00001958 (0x020bc833) x16 0xffffffff
core   0: 0x0000195c (0x0000894d) c.andi  a0, 19
core   0: 3 0x0000195c (0x894d) x10 0x00000010
core   0: 0x0000195e (0x03926a33) rem     s4, tp, s9
core   0: 3 0x0000195e (0x03926a33) x20 0xfffffda4
core   0: 0x00001962 (0x0fdf0113) addi    sp, t5, 253
core   0: 3 0x00001962 (0x0fdf0113) x2  0x000000fd
core   0: 0x00001966 (0x02ee5033) divu    zero, t3, a4
core   0: 3 0x00001966 (0x02ee5033)
core   0: 0x0000196a (0x00000001) c.nop
core   0: 3 0x0000196a (0x0001)
core   0: 0x0000196c (0x00007f41) c.lui   t5, 0xffff0
core   0: 3 0x0000196c (0x7f41) x30 0xffff0000
core   0: 0x0000196e (0x00000f05) c.addi  t5, 1
core   0: 3 0x0000196e (0x0f05) x30 0xffff0001
core   0: 0x00001970 (0x80000fb7) lui     t6, 0x80000
core   0: 3 0x00001970 (0x80000fb7) x31 0x80000000
core   0: 0x00001974 (0x0bff4fb3) min     t6, t5, t6
core   0: 3 0x00001974 (0x0bff4fb3) x31 0x80000000
core   0: 0x00001978 (0xdb208693) addi    a3, ra, -590
core   0: 3 0x00001978 (0xdb208693) x13 0xffffff31
core   0: 0x0000197c (0x41585eb3) sra     t4, a6, s5
core   0: 3 0x0000197c (0x41585eb3) x29 0xffffffff
core   0: 0x00001980 (0x03c210b3) mulh    ra, tp, t3
core   0: 3 0x00001980 (0x03c210b3) x1  0xffffffff
core   0: 0x00001984 (0x00008ef5) c.and   a3, a3
core   0: 3 0x00001984 (0x8ef5) x13 0xffffff31
core   0: 0x00001986 (0x026f0663) beq     t5, t1, pc + 44
core   0: 3 0x00001986 (0x026f0663)
core   0: 0x0000198a (0x0c13bb13) sltiu   s6, t2, 193
core   0: 3 0x0000198a (0x0c13bb13) x22 0x00000000
core   0: 0x0000198e (0x0000890a) c.mv    s2, sp
core   0: 3 0x0000198e (0x890a) x18 0x000000fd
core   0: 0x00001990 (0x01a629b3) slt     s3, a2, s10
core   0: 3 0x00001990 (0x01a629b3) x19 0x00000001
core   0: 0x00001994 (0x2f80ebb7) lui     s7, 0x2f80e
core   0: 3 0x00001994 (0x2f80ebb7) x23 0x2f80e000
core   0: 0x00001998 (0x00009662) c.add   a2, s8
core   0: 3 0x00001998 (0x9662) x12 0x00003bfa
core   0: 0x0000199a (0x00006f41) c.lui   t5, 0x10
core   0: 3 0x0000199a (0x6f41) x30 0x00010000
core   0: 0x0000199c (0xa5a5afb7) lui     t6, 0xa5a5a
core   0: 3 0x0000199c (0xa5a5afb7) x31 0xa5a5a000
core   0: 0x000019a0 (0x5a5f8f93) addi    t6, t6, 1445
core   0: 3 0x000019a0 (0x5a5f8f93) x31 0xa5a5a5a5
core   0: 0x000019a4 (0x0bff5fb3) minu    t6, t5, t6
core   0: 3 0x000019a4 (0x0bff5fb3) x31 0x00010000
core   0: 0x000019a8 (0x0010c833) xor     a6, ra, ra
core   0: 3 0x000019a8 (0x0010c833) x16 0x00000000
core   0: 0x000019ac (0x0000c611) c.beqz  a2, pc + 12
core   0: 3 0x000019ac (0xc611)
core   0: 0x000019ae (0x00000110) c.addi4spn a2, sp, 128
core   0: 3 0x000019ae (0x0110) x12 0x0000017d
core   0: 0x000019b0 (0x00000001) c.nop
core   0: 3 0x000019b0 (0x0001)
core   0: 0x000019b2 (0x00008139) c.srli  a0, 14
core   0: 3 0x000019b2 (0x8139) x10 0x00000000
core   0: 0x000019b4 (0x00008e21) c.xor   a2, s0
core   0: 3 0x000019b4 (0x8e21) x12 0x5c394a9c
core   0: 0x000019b6 (0x00008e4d) c.or    a2, a1
core   0: 3 0x000019b6 (0x8e4d) x12 0x5c394a9c
core   0: 0x000019b8 (0x013fa9b3) slt     s3, t6, s3
core   0: 3 0x000019b8 (0x013fa9b3) x19 0x00000000
core   0: 0x000019bc (0x0262d363) bge     t0, t1, pc + 38
core   0: 3 0x000019bc (0x0262d363)
core   0: 0x000019c0 (0x0315cbb3) div     s7, a1, a7
core   0: 3 0x000019c0 (0x0315cbb3) x23 0x00000000
core   0: 0x000019c4 (0x80000f37) lui     t5, 0x80000
core   0: 3 0x000019c4 (0x80000f37) x30 0x80000000
core   0: 0x000019c8 (0x00001f7d) c.addi  t5, -1
core   0: 3 0x000019c8 (0x1f7d) x30 0x7fffffff
core   0: 0x000019ca (0x00004f81) c.li    t6, 0
core   0: 3 0x000019ca (0x4f81) x31 0x00000000
core   0: 0x000019cc (0x0bff6fb3) max     t6, t5, t6
core   0: 3 0x000019cc (0x0bff6fb3) x31 0x7fffffff
core   0: 0x000019d0 (0xa5836013) ori     zero, t1, -1448
core   0: 3 0x000019d0 (0xa5836013)
core   0: 0x000019d4 (0x20523993) sltiu   s3, tp, 517
core   0: 3 0x000019d4 (0x20523993) x19 0x00000000
core   0: 0x000019d8 (0x00f19c33) sll     s8, gp, a5
core   0: 3 0x000019d8 (0x00f19c33) x24 0x636e8000
core   0: 0x000019dc (0x00006111) c.addi16sp sp, 256
core   0: 3 0x000019dc (0x6111) x2  0x000001fd
core   0: 0x000019de (0x0223d733) divu    a4, t2, sp
core   0: 3 0x000019de (0x0223d733) x14 0x0080bd1b
core   0: 0x000019e2 (0x009cb3b3) sltu    t2, s9, s1
core   0: 3 0x000019e2 (0x009cb3b3) x7  0x00000000
core   0: 0x000019e6 (0x00006e85) c.lui   t4, 0x1
core   0: 3 0x000019e6 (0x6e85) x29 0x00001000
core   0: 0x000019e8 (0x037b1033) mulh    zero, s6, s7
core   0: 3 0x000019e8 (0x037b1033)
core   0: 0x000019ec (0xfcac8d13) addi    s10, s9, -54
core   0: 3 0x000019ec (0xfcac8d13) x26 0x0002d168
core   0: 0x000019f0 (0x00dafab3) and     s5, s5, a3
core   0: 3 0x000019f0 (0x00dafab3) x21 0x00000000
core   0: 0x000019f4 (0x80000f37) lui     t5, 0x80000
core   0: 3 0x000019f4 (0x80000f37) x30 0x80000000
core   0: 0x000019f8 (0x00007fc1) c.lui   t6, 0xffff0
core   0: 3 0x000019f8 (0x7fc1) x31 0xffff0000
core   0: 0x000019fa (0x00000f85) c.addi  t6, 1
core   0: 3 0x000019fa (0x0f85) x31 0xffff0001
core   0: 0x000019fc (0x0bff7fb3) maxu    t6, t5, t6
core   0: 3 0x000019fc (0x0bff7fb3) x31 0xffff0001
core   0: 0x00001a00 (0x03848ab3) mul     s5, s1, s8
core   0: 3 0x00001a00 (0x03848ab3) x21 0xc2518000
core   0: 0x00001a04 (0x00008d11) c.sub   a0, a2
core   0: 3 0x00001a04 (0x8d11) x10 0xa3c6b564
core   0: 0x00001a06 (0x000067d1) c.lui   a5, 0x14
core   0: 3 0x00001a06 (0x67d1) x15 0x00014000
core   0: 0x00001a08 (0x01081663) bne     a6, a6, pc + 12
core   0: 3 0x00001a08 (0x01081663)
core   0: 0x00001a0c (0x01a10533) add     a0, sp, s10
core   0: 3 0x00001a0c (0x01a10533) x10 0x0002d365
core   0: 0x00001a10 (0x01049a93) slli    s5, s1, 16
core   0: 3 0x00001a10 (0x01049a93) x21 0x017f0000
core   0: 0x00001a14 (0x5e2f3b13) sltiu   s6, t5, 1506
core   0: 3 0x00001a14 (0x5e2f3b13) x22 0x00000000
core   0: 0x00001a18 (0x5c20c393) xori    t2, ra, 1474
core   0: 3 0x00001a18 (0x5c20c393) x7  0xfffffa3d
core   0: 0x00001a1c (0x000012fd) c.addi  t0, -1
core   0: 3 0x00001a1c (0x12fd) x5  0x0000017e
core   0: 0x00001a1e (0x0223b033) mulhu   zero, t2, sp
core   0: 3 0x00001a1e (0x0223b033)
core   0: 0x00001a22 (0xa5a5af37) lui     t5, 0xa5a5a
core   0: 3 0x00001a22 (0xa5a5af37) x30 0xa5a5a000
core   0: 0x00001a26 (0x5a5f0f13) addi    t5, t5, 1445
core   0: 3 0x00001a26 (0x5a5f0f13) x30 0xa5a5a5a5
core   0: 0x00001a2a (0x00006fc1) c.lui   t6, 0x10
core   0: 3 0x00001a2a (0x6fc1) x31 0x00010000
core   0: 0x00001a2c (0x604f1f93) sext.b  t6, t5
core   0: 3 0x00001a2c (0x604f1f93) x31 0xffffffa5
core   0: 0x00001a30 (0x34041073) csrw    mscratch, s0
core   0: 3 0x00001a30 (0x34041073) c832_mscratch 0x5c394be1
core   0: 0x00001a34 (0x00002417) auipc   s0, 0x2
core   0: 3 0x00001a34 (0x00002417) x8  0x00003a34
core   0: 0x00001a38 (0x11440413) addi    s0, s0, 276
core   0: 3 0x00001a38 (0x11440413) x8  0x00003b48
core   0: 0x00001a3c (0x0000c004) c.sw    s1, 0(s0)
core   0: 3 0x00001a3c (0xc004) mem 0x00003b48 0x0000017f
core   0: 0x00001a3e (0x00242223) sw      sp, 4(s0)
core   0: 3 0x00001a3e (0x00242223) mem 0x00003b4c 0x000001fd
core   0: 0x00001a42 (0x00840113) addi    sp, s0, 8
core   0: 3 0x00001a42 (0x00840113) x2  0x00003b50
core   0: 0x00001a46 (0x0000c07e) c.swsp  t6, 0(sp)
core   0: 3 0x00001a46 (0xc07e) mem 0x00003b50 0xffffffa5
core   0: 0x00001a48 (0x00004f02) c.lwsp  t5, 0(sp)
core   0: 3 0x00001a48 (0x4f02) x30 0xffffffa5 mem 0x00003b50
core   0: 0x00001a4a (0x01f42423) sw      t6, 8(s0)
core   0: 3 0x00001a4a (0x01f42423) mem 0x00003b50 0xffffffa5
core   0: 0x00001a4e (0x00004404) c.lw    s1, 8(s0)
core   0: 3 0x00001a4e (0x4404) x9  0xffffffa5 mem 0x00003b50
core   0: 0x00001a50 (0x0000c404) c.sw    s1, 8(s0)
core   0: 3 0x00001a50 (0xc404) mem 0x00003b50 0xffffffa5
core   0: 0x00001a52 (0x00442103) lw      sp, 4(s0)
core   0: 3 0x00001a52 (0x00442103) x2  0x000001fd mem 0x00003b4c
core   0: 0x00001a56 (0x00004004) c.lw    s1, 0(s0)
core   0: 3 0x00001a56 (0x4004) x9  0x0000017f mem 0x00003b48
core   0: 0x00001a58 (0x34002473) csrr    s0, mscratch
core   0: 3 0x00001a58 (0x34002473) x8  0x5c394be1
core   0: 0x00001a5c (0x009c7933) and     s2, s8, s1
core   0: 3 0x00001a5c (0x009c7933) x18 0x00000000
core   0: 0x00001a60 (0x0590fc63) bgeu    ra, s9, pc + 88
core   0: 3 0x00001a60 (0x0590fc63)
core   0: 0x00001ab8 (0x4f940a13) addi    s4, s0, 1273
core   0: 3 0x00001ab8 (0x4f940a13) x20 0x5c3950da
core   0: 0x00001abc (0x00007f41) c.lui   t5, 0xffff0
core   0: 3 0x00001abc (0x7f41) x30 0xffff0000
core   0: 0x00001abe (0x00000f05) c.addi  t5, 1
core   0: 3 0x00001abe (0x0f05) x30 0xffff0001
core   0: 0x00001ac0 (0x80000fb7) lui     t6, 0x80000
core   0: 3 0x00001ac0 (0x80000fb7) x31 0x80000000
core   0: 0x00001ac4 (0x080f4fb3) zext.h  t6, t5
core   0: 3 0x00001ac4 (0x080f4fb3) x31 0x00000001
core   0: 0x00001ac8 (0x00008ec1) c.or    a3, s0
core   0: 3 0x00001ac8 (0x8ec1) x13 0xfffffff1
core   0: 0x00001aca (0x0076f9b3) and     s3, a3, t2
core   0: 3 0x00001aca (0x0076f9b3) x19 0xfffffa31
core   0: 0x00001ace (0x5b8b4d93) xori    s11, s6, 1464
core   0: 3 0x00001ace (0x5b8b4d93) x27 0x000005b8
core   0: 0x00001ad2 (0x00001dfd) c.addi  s11, -1
core   0: 3 0x00001ad2 (0x1dfd) x27 0x000005b7
core   0: 0x00001ad4 (0x00009bc6) c.add   s7, a7
core   0: 3 0x00001ad4 (0x9bc6) x23 0x00003bf9
core   0: 0x00001ad6 (0x00008a6d) c.andi  a2, 27
core   0: 3 0x00001ad6 (0x8a6d) x12 0x00000018
core   0: 0x00001ad8 (0x07ad1063) bne     s10, s10, pc + 96
core   0: 3 0x00001ad8 (0x07ad1063)
core   0: 0x00001adc (0xbbde9617) auipc   a2, 0xbbde9
core   0: 3 0x00001adc (0xbbde9617) x12 0xbbdeaadc
core   0: 0x00001ae0 (0x008e4333) xor     t1, t3, s0
core   0: 3 0x00001ae0 (0x008e4333) x6  0x5c385c75
core   0: 0x00001ae4 (0x00008afe) c.mv    s5, t6
core   0: 3 0x00001ae4 (0x8afe) x21 0x00000001
core   0: 0x00001ae6 (0x00006f41) c.lui   t5, 0x10
core   0: 3 0x00001ae6 (0x6f41) x30 0x00010000
core   0: 0x00001ae8 (0xa5a5afb7) lui     t6, 0xa5a5a
core   0: 3 0x00001ae8 (0xa5a5afb7) x31 0xa5a5a000
core   0: 0x00001aec (0x5a5f8f93) addi    t6, t6, 1445
core   0: 3 0x00001aec (0x5a5f8f93) x31 0xa5a5a5a5
core   0: 0x00001af0 (0x61ff1fb3) rol     t6, t5, t6
core   0: 3 0x00001af0 (0x61ff1fb3) x31 0x00200000
core   0: 0x00001af4 (0x0ab50533) unknown
core   0: exception trap_illegal_instruction, epc 0x00001af4
core   0:           tval 0x0ab50533
core   0: >>>>  mtvec_handler
core   0: 0x000039ec (0x0000a009) c.j     pc + 2
core   0: 3 0x000039ec (0xa009)
core   0: >>>>  illegal_instr_handler
core   0: 0x000039ee (0x34102373) csrr    t1, mepc
core   0: 3 0x000039ee (0x34102373) x6  0x00001af4
core   0: 0x000039f2 (0x00035783) lhu     a5, 0(t1)
core   0: 3 0x000039f2 (0x00035783) x15 0x00000533 mem 0x00001af4
core   0: 0x000039f6 (0x00008b8d) c.andi  a5, 3
core   0: 3 0x000039f6 (0x8b8d) x15 0x00000003
core   0: 0x000039f8 (0x00004f8d) c.li    t6, 3
core   0: 3 0x000039f8 (0x4f8d) x31 0x00000003
core   0: 0x000039fa (0x01f79463) bne     a5, t6, pc + 8
core   0: 3 0x000039fa (0x01f79463)
core   0: 0x000039fe (0x00000311) c.addi  t1, 4
core   0: 3 0x000039fe (0x0311) x6  0x00001af8
core   0: 0x00003a00 (0x0000a011) c.j     pc + 4
core   0: 3 0x00003a00 (0xa011)
core   0: 0x00003a04 (0x34131073) csrw    mepc, t1
core   0: 3 0x00003a04 (0x34131073) c833_mepc 0x00001af8
core   0: 0x00003a08 (0x30200073) mret
core   0: 3 0x00003a08 (0x30200073) c768_mstatus 0x00001880 c784_mstatush 0x00000000 c1957_tcontrol 0x00000000
core   0: 0x00001af8 (0x00008d31) c.xor   a0, a2
core   0: 3 0x00001af8 (0x8d31) x10 0xbbdc79b9
core   0: 0x00001afa (0x08bbba93) sltiu   s5, s7, 139
core   0: 3 0x00001afa (0x08bbba93) x21 0x00000000
core   0: 0x00001afe (0x0000e581) c.bnez  a1, pc + 8
core   0: 3 0x00001afe (0xe581)
core   0: 0x00001b00 (0x00008135) c.srli  a0, 13
core   0: 3 0x00001b00 (0x8135) x10 0x0005dee3
core   0: 0x00001b02 (0x025255b3) divu    a1, tp, t0
core   0: 3 0x00001b02 (0x025255b3) x11 0x00ab8f68
core   0: 0x00001b06 (0x00816033) or      zero, sp, s0
core   0: 3 0x00001b06 (0x00816033)
core   0: 0x00001b0a (0x41ebdbb3) sra     s7, s7, t5
core   0: 3 0x00001b0a (0x41ebdbb3) x23 0x00003bf9
core   0: 0x00001b0e (0x01149cb3) sll     s9, s1, a7
core   0: 3 0x00001b0e (0x01149cb3) x25 0xfe000000
core   0: 0x00001b12 (0x010d5d33) srl     s10, s10, a6
core   0: 3 0x00001b12 (0x010d5d33) x26 0x0002d168
core   0: 0x00001b16 (0x413855b3) sra     a1, a6, s3
core   0: 3 0x00001b16 (0x413855b3) x11 0x00000000
core   0: 0x00001b1a (0x80000f37) lui     t5, 0x80000
core   0: 3 0x00001b1a (0x80000f37) x30 0x80000000
core   0: 0x00001b1e (0x00001f7d) c.addi  t5, -1
core   0: 3 0x00001b1e (0x1f7d) x30 0x7fffffff
core   0: 0x00001b20 (0x00004f81) c.li    t6, 0
core   0: 3 0x00001b20 (0x4f81) x31 0x00000000
core   0: 0x00001b22 (0x61ff5fb3) ror     t6, t5, t6
core   0: 3 0x00001b22 (0x61ff5fb3) x31 0x7fffffff
core   0: 0x00001b26 (0x03f7c2b3) div     t0, a5, t6
core   0: 3 0x00001b26 (0x03f7c2b3) x5  0x00000000
core   0: 0x00001b2a (0x00008ca9) c.xor   s1, a0
core   0: 3 0x00001b2a (0x8ca9) x9  0x0005df9c
core   0: 0x00001b2c (0x04eb4663) blt     s6, a4, pc + 76
core   0: 3 0x00001b2c (0x04eb4663)
core   0: 0x00001b78 (0x0107cc33) xor     s8, a5, a6
core   0: 3 0x00001b78 (0x0107cc33) x24 0x00000003
core   0: 0x00001b7c (0x1e106913) ori     s2, zero, 481
core   0: 3 0x00001b7c (0x1e106913) x18 0x000001e1
core   0: 0x00001b80 (0x41a5d393) srai    t2, a1, 26
core   0: 3 0x00001b80 (0x41a5d393) x7  0x00000000
core   0: 0x00001b84 (0x01083233) sltu    tp, a6, a6
core   0: 3 0x00001b84 (0x01083233) x4  0x00000000
core   0: 0x00001b88 (0x00006739) c.lui   a4, 0xe
core   0: 3 0x00001b88 (0x6739) x14 0x0000e000
core   0: 0x00001b8a (0x00008d31) c.xor   a0, a2
core   0: 3 0x00001b8a (0x8d31) x10 0xbbdb743f
core   0: 0x00001b8c (0x03250c33) mul     s8, a0, s2
core   0: 3 0x00001b8c (0x03250c33) x24 0xf7556a5f
core   0: 0x00001b90 (0x415b8f33) sub     t5, s7, s5
core   0: 3 0x00001b90 (0x415b8f33) x30 0x00003bf9
core   0: 0x00001b94 (0xa5a5af37) lui     t5, 0xa5a5a
core   0: 3 0x00001b94 (0xa5a5af37) x30 0xa5a5a000
core   0: 0x00001b98 (0x5a5f0f13) addi    t5, t5, 1445
core   0: 3 0x00001b98 (0x5a5f0f13) x30 0xa5a5a5a5
core   0: 0x00001b9c (0x00006fc1) c.lui   t6, 0x10
core   0: 3 0x00001b9c (0x6fc1) x31 0x00010000
core   0: 0x00001b9e (0x287f5f93) orc.b   t6, t5
core   0: 3 0x00001b9e (0x287f5f93) x31 0xffffffff
core   0: 0x00001ba2 (0x019337b3) sltu    a5, t1, s9
core   0: 3 0x00001ba2 (0x019337b3) x15 0x00000001
core   0: 0x00001ba6 (0x05b75063) bge     a4, s11, pc + 64
core   0: 3 0x00001ba6 (0x05b75063)
core   0: 0x00001be6 (0x73e2bb93) sltiu   s7, t0, 1854
core   0: 3 0x00001be6 (0x73e2bb93) x23 0x00000001
core   0: 0x00001bea (0x01fa2ab3) slt     s5, s4, t6
core   0: 3 0x00001bea (0x01fa2ab3) x21 0x00000000
core   0: 0x00001bee (0x00000609) c.addi  a2, 2
core   0: 3 0x00001bee (0x0609) x12 0xbbdeaade
core   0: 0x00001bf0 (0x00008e6d) c.and   a2, a1
core   0: 3 0x00001bf0 (0x8e6d) x12 0x00000000
core   0: 0x00001bf2 (0x019667b3) or      a5, a2, s9
core   0: 3 0x00001bf2 (0x019667b3) x15 0xfe000000
core   0: 0x00001bf6 (0x00007f41) c.lui   t5, 0xffff0
core   0: 3 0x00001bf6 (0x7f41) x30 0xffff0000
core   0: 0x00001bf8 (0x00000f05) c.addi  t5, 1
core   0: 3 0x00001bf8 (0x0f05) x30 0xffff0001
core   0: 0x00001bfa (0x80000fb7) lui     t6, 0x80000
core   0: 3 0x00001bfa (0x80000fb7) x31 0x80000000
core   0: 0x00001bfe (0x49ff1fb3) bclr    t6, t5, t6
core   0: 3 0x00001bfe (0x49ff1fb3) x31 0xffff0000
core   0: 0x00001c02 (0x0000ca11) c.beqz  a2, pc + 20
core   0: 3 0x00001c02 (0xca11)
core   0: 0x00001c16 (0x84daa193) slti    gp, s5, -1971
core   0: 3 0x00001c16 (0x84daa193) x3  0x00000000
core   0: 0x00001c1a (0xf3e5e737) lui     a4, 0xf3e5e
core   0: 3 0x00001c1a (0xf3e5e737) x14 0xf3e5e000
core   0: 0x00001c1e (0x03cd9263) bne     s11, t3, pc + 36
core   0: 3 0x00001c1e (0x03cd9263)
core   0: 0x00001c42 (0x01b60263) beq     a2, s11, pc + 4
core   0: 3 0x00001c42 (0x01b60263)
core   0: 0x00001c46 (0x008099b3) sll     s3, ra, s0
core   0: 3 0x00001c46 (0x008099b3) x19 0xfffffffe
core   0: 0x00001c4a (0x00009a1a) c.add   s4, t1
core   0: 3 0x00001c4a (0x9a1a) x20 0x5c396bd2
core   0: 0x00001c4c (0xb7896513) ori     a0, s2, -1160
core   0: 3 0x00001c4c (0xb7896513) x10 0xfffffbf9
core   0: 0x00001c50 (0xa61ba793) slti    a5, s7, -1439
core   0: 3 0x00001c50 (0xa61ba793) x15 0x00000000
core   0: 0x00001c54 (0x02066863) bltu    a2, zero, pc + 48
core   0: 3 0x00001c54 (0x02066863)
core   0: 0x00001c58 (0x80000f37) lui     t5, 0x80000
core   0: 3 0x00001c58 (0x80000f37) x30 0x80000000
core   0: 0x00001c5c (0x00001f7d) c.addi  t5, -1
core   0: 3 0x00001c5c (0x1f7d) x30 0x7fffffff
core   0: 0x00001c5e (0x00004f81) c.li    t6, 0
core   0: 3 0x00001c5e (0x4f81) x31 0x00000000
core   0: 0x00001c60 (0x69ff1fb3) binv    t6, t5, t6
core   0: 3 0x00001c60 (0x69ff1fb3) x31 0x7ffffffe
core   0: 0x00001c64 (0x80000f37) lui     t5, 0x80000
core   0: 3 0x00001c64 (0x80000f37) x30 0x80000000
core   0: 0x00001c68 (0x00005ffd) c.li    t6, -1
core   0: 3 0x00001c68 (0x5ffd) x31 0xffffffff
core   0: 0x00001c6a (0x03ff4fb3) div     t6, t5, t6
core   0: 3 0x00001c6a (0x03ff4fb3) x31 0x80000000
core   0: 0x00001c6e (0x03ef6fb3) rem     t6, t5, t5
core   0: 3 0x00001c6e (0x03ef6fb3) x31 0x00000000
core   0: 0x00001c72 (0x00004f81) c.li    t6, 0
core   0: 3 0x00001c72 (0x4f81) x31 0x00000000
core   0: 0x00001c74 (0x03ff5fb3) divu    t6, t5, t6
core   0: 3 0x00001c74 (0x03ff5fb3) x31 0xffffffff
core   0: 0x00001c78 (0x00004f81) c.li    t6, 0
core   0: 3 0x00001c78 (0x4f81) x31 0x00000000
core   0: 0x00001c7a (0x03ff6fb3) rem     t6, t5, t6
core   0: 3 0x00001c7a (0x03ff6fb3) x31 0x80000000
core   0: 0x00001c7e (0x00008e99) c.sub   a3, a4
core   0: 3 0x00001c7e (0x8e99) x13 0x0c1a1ff1
core   0: 0x00001c80 (0x00008126) c.mv    sp, s1
core   0: 3 0x00001c80 (0x8126) x2  0x0005df9c
core   0: 0x00001c82 (0x00008e0d) c.sub   a2, a1
core   0: 3 0x00001c82 (0x8e0d) x12 0x00000000
core   0: 0x00001c84 (0x00000590) c.addi4spn a2, sp, 704
core   0: 3 0x00001c84 (0x0590) x12 0x0005e25c
core   0: 0x00001c86 (0x02a3b533) mulhu   a0, t2, a0
core   0: 3 0x00001c86 (0x02a3b533) x10 0x00000000
core   0: 0x00001c8a (0x029205b3) mul     a1, tp, s1
core   0: 3 0x00001c8a (0x029205b3) x11 0x00000000
core   0: 0x00001c8e (0x05739e63) bne     t2, s7, pc + 92
core   0: 3 0x00001c8e (0x05739e63)
core   0: 0x00001cea (0x00000001) c.nop
core   0: 3 0x00001cea (0x0001)
core   0: 0x00001cec (0x03ada233) mulhsu  tp, s11, s10
core   0: 3 0x00001cec (0x03ada233) x4  0x00000000
core   0: 0x00001cf0 (0x00006119) c.addi16sp sp, 384
core   0: 3 0x00001cf0 (0x6119) x2  0x0005e11c
core   0: 0x00001cf2 (0xd3fb0813) addi    a6, s6, -705
core   0: 3 0x00001cf2 (0xd3fb0813) x16 0xfffffd3f
core   0: 0x00001cf6 (0x0388e233) rem     tp, a7, s8
core   0: 3 0x00001cf6 (0x0388e233) x4  0x00003bf9
core   0: 0x00001cfa (0x036ccb33) div     s6, s9, s6
core   0: 3 0x00001cfa (0x036ccb33) x22 0xffffffff
core   0: 0x00001cfe (0x0000609d) c.lui   ra, 0x7
core   0: 3 0x00001cfe (0x609d) x1  0x00007000
core   0: 0x00001d00 (0x00004f01) c.li    t5, 0
core   0: 3 0x00001d00 (0x4f01) x30 0x00000000
core   0: 0x00001d02 (0x80000fb7) lui     t6, 0x80000
core   0: 3 0x00001d02 (0x80000fb7) x31 0x80000000
core   0: 0x00001d06 (0x00001ffd) c.addi  t6, -1
core   0: 3 0x00001d06 (0x1ffd) x31 0x7fffffff
core   0: 0x00001d08 (0x48ff5f93) bexti   t6, t5, 15
core   0: 3 0x00001d08 (0x48ff5f93) x31 0x00000000
core   0: 0x00001d0c (0x03cf0db3) mul     s11, t5, t3
core   0: 3 0x00001d0c (0x03cf0db3) x27 0x00000000
core   0: 0x00001d10 (0x0000e60d) c.bnez  a2, pc + 42
core   0: 3 0x00001d10 (0xe60d)
core   0: 0x00001d3a (0x0000717d) c.addi16sp sp, -16
core   0: 3 0x00001d3a (0x717d) x2  0x0005e10c
core   0: 0x00001d3c (0x98b8cc93) xori    s9, a7, -1653
core   0: 3 0x00001d3c (0x98b8cc93) x25 0xffffc272
core   0: 0x00001d40 (0x0000954e) c.add   a0, s3
core   0: 3 0x00001d40 (0x954e) x10 0xfffffffe
core   0: 0x00001d42 (0x0000e139) c.bnez  a0, pc + 70
core   0: 3 0x00001d42 (0xe139)
core   0: 0x00001d88 (0xd68aac13) slti    s8, s5, -664
core   0: 3 0x00001d88 (0xd68aac13) x24 0x00000000
core   0: 0x00001d8c (0x00008d3d) c.xor   a0, a5
core   0: 3 0x00001d8c (0x8d3d) x10 0xfffffffe
core   0: 0x00001d8e (0x157e7013) andi    zero, t3, 343
core   0: 3 0x00001d8e (0x157e7013)
core   0: 0x00001d92 (0x80000f37) lui     t5, 0x80000
core   0: 3 0x00001d92 (0x80000f37) x30 0x80000000
core   0: 0x00001d96 (0x00001f7d) c.addi  t5, -1
core   0: 3 0x00001d96 (0x1f7d) x30 0x7fffffff
core   0: 0x00001d98 (0x00004f81) c.li    t6, 0
core   0: 3 0x00001d98 (0x4f81) x31 0x00000000
core   0: 0x00001d9a (0x0fff5fb3) czero.eqz t6, t5, t6
core   0: 3 0x00001d9a (0x0fff5fb3) x31 0x00000000
core   0: 0x00001d9e (0x02d6c3b3) div     t2, a3, a3
core   0: 3 0x00001d9e (0x02d6c3b3) x7  0x00000001
core   0: 0x00001da2 (0x01cd0233) add     tp, s10, t3
core   0: 3 0x00001da2 (0x01cd0233) x4  0x0003e8fc
core   0: 0x00001da6 (0x000080a6) c.mv    ra, s1
core   0: 3 0x00001da6 (0x80a6) x1  0x0005df9c
core   0: 0x00001da8 (0x00009c9e) c.add   s9, t2
core   0: 3 0x00001da8 (0x9c9e) x25 0xffffc273
core   0: 0x00001daa (0x000082a5) c.srli  a3, 9
core   0: 3 0x00001daa (0x82a5) x13 0x00060d0f
core   0: 0x00001dac (0x00000001) c.nop
core   0: 3 0x00001dac (0x0001)
core   0: 0x00001dae (0x7f28af13) slti    t5, a7, 2034
core   0: 3 0x00001dae (0x7f28af13) x30 0x00000000
core   0: 0x00001db2 (0x0000ce21) c.beqz  a2, pc + 88
core   0: 3 0x00001db2 (0xce21)
core   0: 0x00001db4 (0x010975b3) and     a1, s2, a6
core   0: 3 0x00001db4 (0x010975b3) x11 0x00000121
core   0: 0x00001db8 (0x00de5813) srli    a6, t3, 13
core   0: 3 0x00001db8 (0x00de5813) x16 0x00000008
core   0: 0x00001dbc (0x80000f37) lui     t5, 0x80000
core   0: 3 0x00001dbc (0x80000f37) x30 0x80000000
core   0: 0x00001dc0 (0x00007fc1) c.lui   t6, 0xffff0
core   0: 3 0x00001dc0 (0x7fc1) x31 0xffff0000
core   0: 0x00001dc2 (0x00000f85) c.addi  t6, 1
core   0: 3 0x00001dc2 (0x0f85) x31 0xffff0001
core   0: 0x00001dc4 (0x0fff7fb3) czero.nez t6, t5, t6
core   0: 3 0x00001dc4 (0x0fff7fb3) x31 0x00000000
core   0: 0x00001dc8 (0x34009073) csrw    mscratch, ra
core   0: 3 0x00001dc8 (0x34009073) c832_mscratch 0x0005df9c
core   0: 0x00001dcc (0x008000ef) jal     pc + 0x8
core   0: 3 0x00001dcc (0x008000ef) x1  0x00001dd0
core   0: 0x00001dd4 (0x340020f3) csrr    ra, mscratch
core   0: 3 0x00001dd4 (0x340020f3) x1  0x0005df9c
core   0: 0x00001dd8 (0x0000c325) c.beqz  a4, pc + 96
core   0: 3 0x00001dd8 (0xc325)
core   0: 0x00001dda (0x39787317) auipc   t1, 0x39787
core   0: 3 0x00001dda (0x39787317) x6  0x39788dda
core   0: 0x00001dde (0x026c6cb3) rem     s9, s8, t1
core   0: 3 0x00001dde (0x026c6cb3) x25 0x00000000
core   0: 0x00001de2 (0x03f5c663) blt     a1, t6, pc + 44
core   0: 3 0x00001de2 (0x03f5c663)
core   0: 0x00001de6 (0x00008de1) c.and   a1, s0
core   0: 3 0x00001de6 (0x8de1) x11 0x00000121
core   0: 0x00001de8 (0x00c31213) slli    tp, t1, 12
core   0: 3 0x00001de8 (0x00c31213) x4  0x88dda000
core   0: 0x00001dec (0x00000988) c.addi4spn a0, sp, 208
core   0: 3 0x00001dec (0x0988) x10 0x0005e1dc
core   0: 0x00001dee (0x509f83b7) lui     t2, 0x509f8
core   0: 3 0x00001dee (0x509f83b7) x7  0x509f8000
core   0: 0x00001df2 (0x41ead233) sra     tp, s5, t5
core   0: 3 0x00001df2 (0x41ead233) x4  0x00000000
core   0: 0x00001df6 (0x00008775) c.srai  a4, 29
core   0: 3 0x00001df6 (0x8775) x14 0xffffffff
core   0: 0x00001df8 (0xa5a5af37) lui     t5, 0xa5a5a
core   0: 3 0x00001df8 (0xa5a5af37) x30 0xa5a5a000
core   0: 0x00001dfc (0x5a5f0f13) addi    t5, t5, 1445
core   0: 3 0x00001dfc (0x5a5f0f13) x30 0xa5a5a5a5
core   0: 0x00001e00 (0x00006fc1) c.lui   t6, 0x10
core   0: 3 0x00001e00 (0x6fc1) x31 0x00010000
core   0: 0x00001e02 (0x21ff2fb3) sh1add  t6, t5, t6
core   0: 3 0x00001e02 (0x21ff2fb3) x31 0x4b4c4b4a
core   0: 0x00001e06 (0x3ecbb713) sltiu   a4, s7, 1004
core   0: 3 0x00001e06 (0x3ecbb713) x14 0x00000001
core   0: 0x00001e0a (0x01d91013) slli    zero, s2, 29
core   0: 3 0x00001e0a (0x01d91013)
core   0: 0x00001e0e (0x41698033) sub     zero, s3, s6
core   0: 3 0x00001e0e (0x41698033)
core   0: 0x00001e12 (0x0197e0b3) or      ra, a5, s9
core   0: 3 0x00001e12 (0x0197e0b3) x1  0x00000000
core   0: 0x00001e16 (0x026229b3) mulhsu  s3, tp, t1
core   0: 3 0x00001e16 (0x026229b3) x19 0x00000000
core   0: 0x00001e1a (0x0000c9bd) c.beqz  a1, pc + 118
core   0: 3 0x00001e1a (0xc9bd)
core   0: 0x00001e1c (0x00009756) c.add   a4, s5
core   0: 3 0x00001e1c (0x9756) x14 0x00000001
core   0: 0x00001e1e (0x00b5d3b3) srl     t2, a1, a1
core   0: 3 0x00001e1e (0x00b5d3b3) x7  0x00000090
core   0: 0x00001e22 (0x03b7b6b3) mulhu   a3, a5, s11
core   0: 3 0x00001e22 (0x03b7b6b3) x13 0x00000000
core   0: 0x00001e26 (0x000016fd) c.addi  a3, -1
core   0: 3 0x00001e26 (0x16fd) x13 0xffffffff
core   0: 0x00001e28 (0x00004f01) c.li    t5, 0
core   0: 3 0x00001e28 (0x4f01) x30 0x00000000
core   0: 0x00001e2a (0x80000fb7) lui     t6, 0x80000
core   0: 3 0x00001e2a (0x80000fb7) x31 0x80000000
core   0: 0x00001e2e (0x00001ffd) c.addi  t6, -1
core   0: 3 0x00001e2e (0x1ffd) x31 0x7fffffff
core   0: 0x00001e30 (0x21ff4fb3) sh2add  t6, t5, t6
core   0: 3 0x00001e30 (0x21ff4fb3) x31 0x7fffffff
core   0: 0x00001e34 (0x48b52533) unknown
core   0: exception trap_illegal_instruction, epc 0x00001e34
core   0:           tval 0x48b52533
core   0: >>>>  mtvec_handler
core   0: 0x000039ec (0x0000a009) c.j     pc + 2
core   0: 3 0x000039ec (0xa009)
core   0: >>>>  illegal_instr_handler
core   0: 0x000039ee (0x34102373) csrr    t1, mepc
core   0: 3 0x000039ee (0x34102373) x6  0x00001e34
core   0: 0x000039f2 (0x00035783) lhu     a5, 0(t1)
core   0: 3 0x000039f2 (0x00035783) x15 0x00002533 mem 0x00001e34
core   0: 0x000039f6 (0x00008b8d) c.andi  a5, 3
core   0: 3 0x000039f6 (0x8b8d) x15 0x00000003
core   0: 0x000039f8 (0x00004f8d) c.li    t6, 3
core   0: 3 0x000039f8 (0x4f8d) x31 0x00000003
core   0: 0x000039fa (0x01f79463) bne     a5, t6, pc + 8
core   0: 3 0x000039fa (0x01f79463)
core   0: 0x000039fe (0x00000311) c.addi  t1, 4
core   0: 3 0x000039fe (0x0311) x6  0x00001e38
core   0: 0x00003a00 (0x0000a011) c.j     pc + 4
core   0: 3 0x00003a00 (0xa011)
core   0: 0x00003a04 (0x34131073) csrw    mepc, t1
core   0: 3 0x00003a04 (0x34131073) c833_mepc 0x00001e38
core   0: 0x00003a08 (0x30200073) mret
core   0: 3 0x00003a08 (0x30200073) c768_mstatus 0x00001880 c784_mstatush 0x00000000 c1957_tcontrol 0x00000000
core   0: 0x00001e38 (0x0000812d) c.srli  a0, 11
core   0: 3 0x00001e38 (0x812d) x10 0x000000bc
core   0: 0x00001e3a (0x024c1833) mulh    a6, s8, tp
core   0: 3 0x00001e3a (0x024c1833) x16 0x00000000
core   0: 0x00001e3e (0x04616b63) bltu    sp, t1, pc + 86
core   0: 3 0x00001e3e (0x04616b63)
core   0: 0x00001e42 (0x000099fd) c.andi  a1, -1
core   0: 3 0x00001e42 (0x99fd) x11 0x00000121
core   0: 0x00001e44 (0x0000468d) c.li    a3, 3
core   0: 3 0x00001e44 (0x468d) x13 0x00000003
core   0: 0x00001e46 (0x00000001) c.nop
core   0: 3 0x00001e46 (0x0001)
core   0: 0x00001e48 (0x03006eb3) rem     t4, zero, a6
core   0: 3 0x00001e48 (0x03006eb3) x29 0x00000000
core   0: 0x00001e4c (0x01f89793) slli    a5, a7, 31
core   0: 3 0x00001e4c (0x01f89793) x15 0x80000000
core   0: 0x00001e50 (0x04438163) beq     t2, tp, pc + 66
core   0: 3 0x00001e50 (0x04438163)
core   0: 0x00001e54 (0x0328dc33) divu    s8, a7, s2
core   0: 3 0x00001e54 (0x0328dc33) x24 0x0000001f
core   0: 0x00001e58 (0x00007f41) c.lui   t5, 0xffff0
core   0: 3 0x00001e58 (0x7f41) x30 0xffff0000
core   0: 0x00001e5a (0x00000f05) c.addi  t5, 1
core   0: 3 0x00001e5a (0x0f05) x30 0xffff0001
core   0: 0x00001e5c (0x80000fb7) lui     t6, 0x80000
core   0: 3 0x00001e5c (0x80000fb7) x31 0x80000000
core   0: 0x00001e60 (0x21ff6fb3) sh3add  t6, t5, t6
core   0: 3 0x00001e60 (0x21ff6fb3) x31 0x7ff80008
core   0: 0x00001e64 (0x34041073) csrw    mscratch, s0
core   0: 3 0x00001e64 (0x34041073) c832_mscratch 0x5c394be1
core   0: 0x00001e68 (0x00002417) auipc   s0, 0x2
core   0: 3 0x00001e68 (0x00002417) x8  0x00003e68
core   0: 0x00001e6c (0xce040413) addi    s0, s0, -800
core   0: 3 0x00001e6c (0xce040413) x8  0x00003b48
core   0: 0x00001e70 (0x0000c004) c.sw    s1, 0(s0)
core   0: 3 0x00001e70 (0xc004) mem 0x00003b48 0x0005df9c
core   0: 0x00001e72 (0x00242223) sw      sp, 4(s0)
core   0: 3 0x00001e72 (0x00242223) mem 0x00003b4c 0x0005e10c
core   0: 0x00001e76 (0x00840113) addi    sp, s0, 8
core   0: 3 0x00001e76 (0x00840113) x2  0x00003b50
core   0: 0x00001e7a (0x0000c07e) c.swsp  t6, 0(sp)
core   0: 3 0x00001e7a (0xc07e) mem 0x00003b50 0x7ff80008
core   0: 0x00001e7c (0x00004f02) c.lwsp  t5, 0(sp)
core   0: 3 0x00001e7c (0x4f02) x30 0x7ff80008 mem 0x00003b50
core   0: 0x00001e7e (0x01f42423) sw      t6, 8(s0)
core   0: 3 0x00001e7e (0x01f42423) mem 0x00003b50 0x7ff80008
core   0: 0x00001e82 (0x00004404) c.lw    s1, 8(s0)
core   0: 3 0x00001e82 (0x4404) x9  0x7ff80008 mem 0x00003b50
core   0: 0x00001e84 (0x0000c404) c.sw    s1, 8(s0)
core   0: 3 0x00001e84 (0xc404) mem 0x00003b50 0x7ff80008
core   0: 0x00001e86 (0x00442103) lw      sp, 4(s0)
core   0: 3 0x00001e86 (0x00442103) x2  0x0005e10c mem 0x00003b4c
core   0: 0x00001e8a (0x00004004) c.lw    s1, 0(s0)
core   0: 3 0x00001e8a (0x4004) x9  0x0005df9c mem 0x00003b48
core   0: 0x00001e8c (0x34002473) csrr    s0, mscratch
core   0: 3 0x00001e8c (0x34002473) x8  0x5c394be1
core   0: 0x00001e90 (0x00008219) c.srli  a2, 6
core   0: 3 0x00001e90 (0x8219) x12 0x00001789
core   0: 0x00001e92 (0x0000e591) c.bnez  a1, pc + 12
core   0: 3 0x00001e92 (0xe591)
core   0: 0x00001e9e (0x0000964e) c.add   a2, s3
core   0: 3 0x00001e9e (0x964e) x12 0x00001789
core   0: 0x00001ea0 (0x000092b2) c.add   t0, a2
core   0: 3 0x00001ea0 (0x92b2) x5  0x00001789
core   0: 0x00001ea2 (0x418b8833) sub     a6, s7, s8
core   0: 3 0x00001ea2 (0x418b8833) x16 0xffffffe2
core   0: 0x00001ea6 (0xc1b8f817) auipc   a6, 0xc1b8f
core   0: 3 0x00001ea6 (0xc1b8f817) x16 0xc1b90ea6
core   0: 0x00001eaa (0x497c7a13) andi    s4, s8, 1175
core   0: 3 0x00001eaa (0x497c7a13) x20 0x00000017
core   0: 0x00001eae (0x00006f41) c.lui   t5, 0x10
core   0: 3 0x00001eae (0x6f41) x30 0x00010000
core   0: 0x00001eb0 (0xa5a5afb7) lui     t6, 0xa5a5a
core   0: 3 0x00001eb0 (0xa5a5afb7) x31 0xa5a5a000
core   0: 0x00001eb4 (0x5a5f8f93) addi    t6, t6, 1445
core   0: 3 0x00001eb4 (0x5a5f8f93) x31 0xa5a5a5a5
core   0: 0x00001eb8 (0x41ff7fb3) andn    t6, t5, t6
core   0: 3 0x00001eb8 (0x41ff7fb3) x31 0x00000000
core   0: 0x00001ebc (0x00ee4a63) blt     t3, a4, pc + 20
core   0: 3 0x00001ebc (0x00ee4a63)
core   0: 0x00001ec0 (0x016bb333) sltu    t1, s7, s6
core   0: 3 0x00001ec0 (0x016bb333) x6  0x00000001
core   0: 0x00001ec4 (0x0000ee0d) c.bnez  a2, pc + 58
core   0: 3 0x00001ec4 (0xee0d)
core   0: 0x00001efe (0x05bc4763) blt     s8, s11, pc + 78
core   0: 3 0x00001efe (0x05bc4763)
core   0: 0x00001f02 (0x03535463) bge     t1, s5, pc + 40
core   0: 3 0x00001f02 (0x03535463)
core   0: 0x00001f2a (0x00a34d33) xor     s10, t1, a0
core   0: 3 0x00001f2a (0x00a34d33) x26 0x000000bd
core   0: 0x00001f2e (0x0000e61d) c.bnez  a2, pc + 46
core   0: 3 0x00001f2e (0xe61d)
core   0: 0x00001f5c (0x0000ca1d) c.beqz  a2, pc + 54
core   0: 3 0x00001f5c (0xca1d)
core   0: 0x00001f5e (0x00008da5) c.xor   a1, s1
core   0: 3 0x00001f5e (0x8da5) x11 0x0005debd
core   0: 0x00001f60 (0x033adb33) divu    s6, s5, s3
core   0: 3 0x00001f60 (0x033adb33) x22 0xffffffff
core   0: 0x00001f64 (0x026d4a63) blt     s10, t1, pc + 52
core   0: 3 0x00001f64 (0x026d4a63)
core   0: 0x00001f68 (0x00004f01) c.li    t5, 0
core   0: 3 0x00001f68 (0x4f01) x30 0x00000000
core   0: 0x00001f6a (0x80000fb7) lui     t6, 0x80000
core   0: 3 0x00001f6a (0x80000fb7) x31 0x80000000
core   0: 0x00001f6e (0x00001ffd) c.addi  t6, -1
core   0: 3 0x00001f6e (0x1ffd) x31 0x7fffffff
core   0: 0x00001f70 (0x601f1f93) ctz     t6, t5
core   0: 3 0x00001f70 (0x601f1f93) x31 0x00000020
core   0: 0x00001f74 (0x34009073) csrw    mscratch, ra
core   0: 3 0x00001f74 (0x34009073) c832_mscratch 0x00000000
core   0: 0x00001f78 (0x00002009) c.jal   pc + 2
core   0: 3 0x00001f78 (0x2009) x1  0x00001f7a
core   0: 0x00001f7a (0x004000ef) jal     pc + 0x4
core   0: 3 0x00001f7a (0x004000ef) x1  0x00001f7e
core   0: 0x00001f7e (0x004000ef) jal     pc + 0x4
core   0: 3 0x00001f7e (0x004000ef) x1  0x00001f82
core   0: 0x00001f82 (0x00000097) auipc   ra, 0x0
core   0: 3 0x00001f82 (0x00000097) x1  0x00001f82
core   0: 0x00001f86 (0x00c08093) addi    ra, ra, 12
core   0: 3 0x00001f86 (0x00c08093) x1  0x00001f8e
core   0: 0x00001f8a (0x00008067) ret
core   0: 3 0x00001f8a (0x00008067)
core   0: 0x00001f8e (0x340020f3) csrr    ra, mscratch
core   0: 3 0x00001f8e (0x340020f3) x1  0x00000000
core   0: 0x00001f92 (0x000094e2) c.add   s1, s8
core   0: 3 0x00001f92 (0x94e2) x9  0x0005dfbb
core   0: 0x00001f94 (0x0d99e013) ori     zero, s3, 217
core   0: 3 0x00001f94 (0x0d99e013)
core   0: 0x00001f98 (0x00006799) c.lui   a5, 0x6
core   0: 3 0x00001f98 (0x6799) x15 0x00006000
core   0: 0x00001f9a (0x00008735) c.srai  a4, 13
core   0: 3 0x00001f9a (0x8735) x14 0x00000000
core   0: 0x00001f9c (0x70ccef37) lui     t5, 0x70cce
core   0: 3 0x00001f9c (0x70ccef37) x30 0x70cce000
core   0: 0x00001fa0 (0x00c04ab3) xor     s5, zero, a2
core   0: 3 0x00001fa0 (0x00c04ab3) x21 0x00001789
core   0: 0x00001fa4 (0x000014fd) c.addi  s1, -1
core   0: 3 0x00001fa4 (0x14fd) x9  0x0005dfba
core   0: 0x00001fa6 (0x01b65733) srl     a4, a2, s11
core   0: 3 0x00001fa6 (0x01b65733) x14 0x00001789
core   0: 0x00001faa (0x9dfb0013) addi    zero, s6, -1569
core   0: 3 0x00001faa (0x9dfb0013)
core   0: 0x00001fae (0x03df57b3) divu    a5, t5, t4
core   0: 3 0x00001fae (0x03df57b3) x15 0xffffffff
core   0: 0x00001fb2 (0x00007f41) c.lui   t5, 0xffff0
core   0: 3 0x00001fb2 (0x7f41) x30 0xffff0000
core   0: 0x00001fb4 (0x00000f05) c.addi  t5, 1
core   0: 3 0x00001fb4 (0x0f05) x30 0xffff0001
core   0: 0x00001fb6 (0x80000fb7) lui     t6, 0x80000
core   0: 3 0x00001fb6 (0x80000fb7) x31 0x80000000
core   0: 0x00001fba (0x602f1f93) cpop    t6, t5
core   0: 3 0x00001fba (0x602f1f93) x31 0x00000011
core   0: 0x00001fbe (0x000099fd) c.andi  a1, -1
core   0: 3 0x00001fbe (0x99fd) x11 0x0005debd
core   0: 0x00001fc0 (0x0536dd63) bge     a3, s3, pc + 90
core   0: 3 0x00001fc0 (0x0536dd63)
core   0: 0x0000201a (0x00008505) c.srai  a0, 1
core   0: 3 0x0000201a (0x8505) x10 0x0000005e
core   0: 0x0000201c (0x0000812d) c.srli  a0, 11
core   0: 3 0x0000201c (0x812d) x10 0x00000000
core   0: 0x0000201e (0x00cb9a63) bne     s7, a2, pc + 20
core   0: 3 0x0000201e (0x00cb9a63)
core   0: 0x00002032 (0x01a69cb3) sll     s9, a3, s10
core   0: 3 0x00002032 (0x01a69cb3) x25 0x60000000
core   0: 0x00002036 (0x000098fd) c.andi  s1, -1
core   0: 3 0x00002036 (0x98fd) x9  0x0005dfba
core   0: 0x00002038 (0x80000f37) lui     t5, 0x80000
core   0: 3 0x00002038 (0x80000f37) x30 0x80000000
core   0: 0x0000203c (0x00007fc1) c.lui   t6, 0xffff0
core   0: 3 0x0000203c (0x7fc1) x31 0xffff0000
core   0: 0x0000203e (0x00000f85) c.addi  t6, 1
core   0: 3 0x0000203e (0x0f85) x31 0xffff0001
core   0: 0x00002040 (0x0bff6fb3) max     t6, t5, t6
core   0: 3 0x00002040 (0x0bff6fb3) x31 0xffff0001
core   0: 0x00002044 (0x0000e521) c.bnez  a0, pc + 72
core   0: 3 0x00002044 (0xe521)
core   0: 0x00002046 (0x334ee313) ori     t1, t4, 820
core   0: 3 0x00002046 (0x334ee313) x6  0x00000334
core   0: 0x0000204a (0x2fecab13) slti    s6, s9, 766
core   0: 3 0x0000204a (0x2fecab13) x22 0x00000000
core   0: 0x0000204e (0x000086c5) c.srai  a3, 17
core   0: 3 0x0000204e (0x86c5) x13 0x00000000
core   0: 0x00002050 (0x00008291) c.srli  a3, 4
core   0: 3 0x00002050 (0x8291) x13 0x00000000
core   0: 0x00002052 (0x00008e55) c.or    a2, a3
core   0: 3 0x00002052 (0x8e55) x12 0x00001789
core   0: 0x00002054 (0xde3b99b7) lui     s3, 0xde3b9
core   0: 3 0x00002054 (0xde3b99b7) x19 0xde3b9000
core   0: 0x00002058 (0x00008d55) c.or    a0, a3
core   0: 3 0x00002058 (0x8d55) x10 0x00000000
core   0: 0x0000205a (0x0000e52d) c.bnez  a0, pc + 106
core   0: 3 0x0000205a (0xe52d)
core   0: 0x0000205c (0x01e0ba33) sltu    s4, ra, t5
core   0: 3 0x0000205c (0x01e0ba33) x20 0x00000001
core   0: 0x00002060 (0xa5a5af37) lui     t5, 0xa5a5a
core   0: 3 0x00002060 (0xa5a5af37) x30 0xa5a5a000
core   0: 0x00002064 (0x5a5f0f13) addi    t5, t5, 1445
core   0: 3 0x00002064 (0x5a5f0f13) x30 0xa5a5a5a5
core   0: 0x00002068 (0x00006fc1) c.lui   t6, 0x10
core   0: 3 0x00002068 (0x6fc1) x31 0x00010000
core   0: 0x0000206a (0x0bff7fb3) maxu    t6, t5, t6
core   0: 3 0x0000206a (0x0bff7fb3) x31 0xa5a5a5a5
core   0: 0x0000206e (0x80000f37) lui     t5, 0x80000
core   0: 3 0x0000206e (0x80000f37) x30 0x80000000
core   0: 0x00002072 (0x00005ffd) c.li    t6, -1
core   0: 3 0x00002072 (0x5ffd) x31 0xffffffff
core   0: 0x00002074 (0x03ff4fb3) div     t6, t5, t6
core   0: 3 0x00002074 (0x03ff4fb3) x31 0x80000000
core   0: 0x00002078 (0x03ef6fb3) rem     t6, t5, t5
core   0: 3 0x00002078 (0x03ef6fb3) x31 0x00000000
core   0: 0x0000207c (0x00004f81) c.li    t6, 0
core   0: 3 0x0000207c (0x4f81) x31 0x00000000
core   0: 0x0000207e (0x03ff5fb3) divu    t6, t5, t6
core   0: 3 0x0000207e (0x03ff5fb3) x31 0xffffffff
core   0: 0x00002082 (0x00004f81) c.li    t6, 0
core   0: 3 0x00002082 (0x4f81) x31 0x00000000
core   0: 0x00002084 (0x03ff6fb3) rem     t6, t5, t6
core   0: 3 0x00002084 (0x03ff6fb3) x31 0x80000000
core   0: 0x00002088 (0x459d3513) sltiu   a0, s10, 1113
core   0: 3 0x00002088 (0x459d3513) x10 0x00000001
core   0: 0x0000208c (0x4155da13) srai    s4, a1, 21
core   0: 3 0x0000208c (0x4155da13) x20 0x00000000
core   0: 0x00002090 (0xd41e2013) slti    zero, t3, -703
core   0: 3 0x00002090 (0xd41e2013)
core   0: 0x00002094 (0x00006d1d) c.lui   s10, 0x7
core   0: 3 0x00002094 (0x6d1d) x26 0x00007000
core   0: 0x00002096 (0x000067a1) c.lui   a5, 0x8
core   0: 3 0x00002096 (0x67a1) x15 0x00008000
core   0: 0x00002098 (0x42993593) sltiu   a1, s2, 1065
core   0: 3 0x00002098 (0x42993593) x11 0x00000001
core   0: 0x0000209c (0x028b56b3) divu    a3, s6, s0
core   0: 3 0x0000209c (0x028b56b3) x13 0x00000000
core   0: 0x000020a0 (0x01545013) srli    zero, s0, 21
core   0: 3 0x000020a0 (0x01545013)
core   0: 0x000020a4 (0x08386893) ori     a7, a6, 131
core   0: 3 0x000020a4 (0x08386893) x17 0xc1b90ea7
core   0: 0x000020a8 (0x00a32533) slt     a0, t1, a0
core   0: 3 0x000020a8 (0x00a32533) x10 0x00000000
core   0: 0x000020ac (0x00004f01) c.li    t5, 0
core   0: 3 0x000020ac (0x4f01) x30 0x00000000
core   0: 0x000020ae (0x80000fb7) lui     t6, 0x80000
core   0: 3 0x000020ae (0x80000fb7) x31 0x80000000
core   0: 0x000020b2 (0x00001ffd) c.addi  t6, -1
core   0: 3 0x000020b2 (0x1ffd) x31 0x7fffffff
core   0: 0x000020b4 (0x604f1f93) sext.b  t6, t5
core   0: 3 0x000020b4 (0x604f1f93) x31 0x00000000
core   0: 0x000020b8 (0x004dd093) srli    ra, s11, 4
core   0: 3 0x000020b8 (0x004dd093) x1  0x00000000
core   0: 0x000020bc (0x00f960b3) or      ra, s2, a5
core   0: 3 0x000020bc (0x00f960b3) x1  0x000081e1
core   0: 0x000020c0 (0x033b2c33) mulhsu  s8, s6, s3
core   0: 3 0x000020c0 (0x033b2c33) x24 0x00000000
core   0: 0x000020c4 (0x000098f2) c.add   a7, t3
core   0: 3 0x000020c4 (0x98f2) x17 0xc1ba263b
core   0: 0x000020c6 (0x07e11163) bne     sp, t5, pc + 98
core   0: 3 0x000020c6 (0x07e11163)
core   0: 0x00002128 (0x0123b9b3) sltu    s3, t2, s2
core   0: 3 0x00002128 (0x0123b9b3) x19 0x00000001
core   0: 0x0000212c (0x40b00db3) sub     s11, zero, a1
core   0: 3 0x0000212c (0x40b00db3) x27 0xffffffff
core   0: 0x00002130 (0x031f4cb3) div     s9, t5, a7
core   0: 3 0x00002130 (0x031f4cb3) x25 0x00000000
core   0: 0x00002134 (0x01fc7633) and     a2, s8, t6
core   0: 3 0x00002134 (0x01fc7633) x12 0x00000000
core   0: 0x00002138 (0x6f931037) lui     zero, 0x6f931
core   0: 3 0x00002138 (0x6f931037)
core   0: 0x0000213c (0xbb864013) xori    zero, a2, -1096
core   0: 3 0x0000213c (0xbb864013)
core   0: 0x00002140 (0x03c49ab3) mulh    s5, s1, t3
core   0: 3 0x00002140 (0x03c49ab3) x21 0x00000006
core   0: 0x00002144 (0x0319bab3) mulhu   s5, s3, a7
core   0: 3 0x00002144 (0x0319bab3) x21 0x00000000
core   0: 0x00002148 (0x80000f37) lui     t5, 0x80000
core   0: 3 0x00002148 (0x80000f37) x30 0x80000000
core   0: 0x0000214c (0x00001f7d) c.addi  t5, -1
core   0: 3 0x0000214c (0x1f7d) x30 0x7fffffff
core   0: 0x0000214e (0x00004f81) c.li    t6, 0
core   0: 3 0x0000214e (0x4f81) x31 0x00000000
core   0: 0x00002150 (0x61ff1fb3) rol     t6, t5, t6
core   0: 3 0x00002150 (0x61ff1fb3) x31 0x7fffffff
core   0: 0x00002154 (0x000096ca) c.add   a3, s2
core   0: 3 0x00002154 (0x96ca) x13 0x000001e1
core   0: 0x00002156 (0x00008ed1) c.or    a3, a2
core   0: 3 0x00002156 (0x8ed1) x13 0x000001e1
core   0: 0x00002158 (0x41cc01b3) sub     gp, s8, t3
core   0: 3 0x00002158 (0x41cc01b3) x3  0xfffee86c
core   0: 0x0000215c (0x00849b33) sll     s6, s1, s0
core   0: 3 0x0000215c (0x00849b33) x22 0x000bbf74
core   0: 0x00002160 (0x01ea7b33) and     s6, s4, t5
core   0: 3 0x00002160 (0x01ea7b33) x22 0x00000000
core   0: 0x00002164 (0x01dfa033) slt     zero, t6, t4
core   0: 3 0x00002164 (0x01dfa033)
core   0: 0x00002168 (0x000000c5) c.addi  ra, 17
core   0: 3 0x00002168 (0x00c5) x1  0x000081f2
core   0: 0x0000216a (0xb7a9a013) slti    zero, s3, -1158
core   0: 3 0x0000216a (0xb7a9a013)
core   0: 0x0000216e (0x01495913) srli    s2, s2, 20
core   0: 3 0x0000216e (0x01495913) x18 0x00000000
core   0: 0x00002172 (0x03965033) divu    zero, a2, s9
core   0: 3 0x00002172 (0x03965033)
core   0: 0x00002176 (0x80000f37) lui     t5, 0x80000
core   0: 3 0x00002176 (0x80000f37) x30 0x80000000
core   0: 0x0000217a (0x00007fc1) c.lui   t6, 0xffff0
core   0: 3 0x0000217a (0x7fc1) x31 0xffff0000
core   0: 0x0000217c (0x00000f85) c.addi  t6, 1
core   0: 3 0x0000217c (0x0f85) x31 0xffff0001
core   0: 0x0000217e (0x61ff5fb3) ror     t6, t5, t6
core   0: 3 0x0000217e (0x61ff5fb3) x31 0x40000000
core   0: 0x00002182 (0x28b52533) xperm4 (args unknown)
core   0: exception trap_illegal_instruction, epc 0x00002182
core   0:           tval 0x28b52533
core   0: >>>>  mtvec_handler
core   0: 0x000039ec (0x0000a009) c.j     pc + 2
core   0: 3 0x000039ec (0xa009)
core   0: >>>>  illegal_instr_handler
core   0: 0x000039ee (0x34102373) csrr    t1, mepc
core   0: 3 0x000039ee (0x34102373) x6  0x00002182
core   0: 0x000039f2 (0x00035783) lhu     a5, 0(t1)
core   0: 3 0x000039f2 (0x00035783) x15 0x00002533 mem 0x00002182
core   0: 0x000039f6 (0x00008b8d) c.andi  a5, 3
core   0: 3 0x000039f6 (0x8b8d) x15 0x00000003
core   0: 0x000039f8 (0x00004f8d) c.li    t6, 3
core   0: 3 0x000039f8 (0x4f8d) x31 0x00000003
core   0: 0x000039fa (0x01f79463) bne     a5, t6, pc + 8
core   0: 3 0x000039fa (0x01f79463)
core   0: 0x000039fe (0x00000311) c.addi  t1, 4
core   0: 3 0x000039fe (0x0311) x6  0x00002186
core   0: 0x00003a00 (0x0000a011) c.j     pc + 4
core   0: 3 0x00003a00 (0xa011)
core   0: 0x00003a04 (0x34131073) csrw    mepc, t1
core   0: 3 0x00003a04 (0x34131073) c833_mepc 0x00002186
core   0: 0x00003a08 (0x30200073) mret
core   0: 3 0x00003a08 (0x30200073) c768_mstatus 0x00001880 c784_mstatush 0x00000000 c1957_tcontrol 0x00000000
core   0: 0x00002186 (0x340f1073) csrw    mscratch, t5
core   0: 3 0x00002186 (0x340f1073) c832_mscratch 0x80000000
core   0: 0x0000218a (0x34002ff3) csrr    t6, mscratch
core   0: 3 0x0000218a (0x34002ff3) x31 0x80000000
core   0: 0x0000218e (0x34003ff3) csrrc   t6, mscratch, zero
core   0: 3 0x0000218e (0x34003ff3) x31 0x80000000
core   0: 0x00002192 (0x010a1633) sll     a2, s4, a6
core   0: 3 0x00002192 (0x010a1633) x12 0x00000000
core   0: 0x00002196 (0x02835bb3) divu    s7, t1, s0
core   0: 3 0x00002196 (0x02835bb3) x23 0x00000000
core   0: 0x0000219a (0x01626533) or      a0, tp, s6
core   0: 3 0x0000219a (0x01626533) x10 0x00000000
core   0: 0x0000219e (0x01f9d013) srli    zero, s3, 31
core   0: 3 0x0000219e (0x01f9d013)
core   0: 0x000021a2 (0x3146c613) xori    a2, a3, 788
core   0: 3 0x000021a2 (0x3146c613) x12 0x000002f5
core   0: 0x000021a6 (0x01c11263) bne     sp, t3, pc + 4
core   0: 3 0x000021a6 (0x01c11263)
core   0: 0x000021aa (0x0278bf33) mulhu   t5, a7, t2
core   0: 3 0x000021aa (0x0278bf33) x30 0x0000006c
core   0: 0x000021ae (0x01148d63) beq     s1, a7, pc + 26
core   0: 3 0x000021ae (0x01148d63)
core   0: 0x000021b2 (0x020a6b33) rem     s6, s4, zero
core   0: 3 0x000021b2 (0x020a6b33) x22 0x00000000
core   0: 0x000021b6 (0x00008d2d) c.xor   a0, a1
core   0: 3 0x000021b6 (0x8d2d) x10 0x00000001
core   0: 0x000021b8 (0xa5a5af37) lui     t5, 0xa5a5a
core   0: 3 0x000021b8 (0xa5a5af37) x30 0xa5a5a000
core   0: 0x000021bc (0x5a5f0f13) addi    t5, t5, 1445
core   0: 3 0x000021bc (0x5a5f0f13) x30 0xa5a5a5a5
core   0: 0x000021c0 (0x00006fc1) c.lui   t6, 0x10
core   0: 3 0x000021c0 (0x6fc1) x31 0x00010000
core   0: 0x000021c2 (0x607f5f93) rori    t6, t5, 7
core   0: 3 0x000021c2 (0x607f5f93) x31 0x4b4b4b4b
core   0: 0x000021c6 (0x000050fd) c.li    ra, -1
core   0: 3 0x000021c6 (0x50fd) x1  0xffffffff
core   0: 0x000021c8 (0x01021263) bne     tp, a6, pc + 4
core   0: 3 0x000021c8 (0x01021263)
core   0: 0x000021cc (0x02b39863) bne     t2, a1, pc + 48
core   0: 3 0x000021cc (0x02b39863)
core   0: 0x000021fc (0x00008e09) c.sub   a2, a0
core   0: 3 0x000021fc (0x8e09) x12 0x000002f4
core   0: 0x000021fe (0x00006119) c.addi16sp sp, 384
core   0: 3 0x000021fe (0x6119) x2  0x0005e28c
core   0: 0x00002200 (0x01f615b3) sll     a1, a2, t6
core   0: 3 0x00002200 (0x01f615b3) x11 0x0017a000
core   0: 0x00002204 (0x01757833) and     a6, a0, s7
core   0: 3 0x00002204 (0x01757833) x16 0x00000000
core   0: 0x00002208 (0x00008c89) c.sub   s1, a0
core   0: 3 0x00002208 (0x8c89) x9  0x0005dfb9
core   0: 0x0000220a (0x0046a033) slt     zero, a3, tp
core   0: 3 0x0000220a (0x0046a033)
core   0: 0x0000220e (0x04ab0863) beq     s6, a0, pc + 80
core   0: 3 0x0000220e (0x04ab0863)
core   0: 0x00002212 (0x00007f41) c.lui   t5, 0xffff0
core   0: 3 0x00002212 (0x7f41) x30 0xffff0000
core   0: 0x00002214 (0x00000f05) c.addi  t5, 1
core   0: 3 0x00002214 (0x0f05) x30 0xffff0001
core   0: 0x00002216 (0x80000fb7) lui     t6, 0x80000
core   0: 3 0x00002216 (0x80000fb7) x31 0x80000000
core   0: 0x0000221a (0x698f5f93) rev8.rv32 (args unknown)
core   0: 3 0x0000221a (0x698f5f93) x31 0x0100ffff
core   0: 0x0000221e (0x034704b3) mul     s1, a4, s4
core   0: 3 0x0000221e (0x034704b3) x9  0x00000000
core   0: 0x00002222 (0x011fe563) bltu    t6, a7, pc + 10
core   0: 3 0x00002222 (0x011fe563)
core   0: 0x0000222c (0x00008d75) c.and   a0, a3
core   0: 3 0x0000222c (0x8d75) x10 0x00000001
core   0: 0x0000222e (0x00008621) c.srai  a2, 8
core   0: 3 0x0000222e (0x8621) x12 0x00000002
core   0: 0x00002230 (0x01826eb3) or      t4, tp, s8
core   0: 3 0x00002230 (0x01826eb3) x29 0x00000000
core   0: 0x00002234 (0x41610033) sub     zero, sp, s6
core   0: 3 0x00002234 (0x41610033)
core   0: 0x00002238 (0x031de363) bltu    s11, a7, pc + 38
core   0: 3 0x00002238 (0x031de363)
core   0: 0x0000223c (0x2c02f113) andi    sp, t0, 704
core   0: 3 0x0000223c (0x2c02f113) x2  0x00000280
core   0: 0x00002240 (0x00006f41) c.lui   t5, 0x10
core   0: 3 0x00002240 (0x6f41) x30 0x00010000
core   0: 0x00002242 (0xa5a5afb7) lui     t6, 0xa5a5a
core   0: 3 0x00002242 (0xa5a5afb7) x31 0xa5a5a000
core   0: 0x00002246 (0x5a5f8f93) addi    t6, t6, 1445
core   0: 3 0x00002246 (0x5a5f8f93) x31 0xa5a5a5a5
core   0: 0x0000224a (0x49ff1fb3) bclr    t6, t5, t6
core   0: 3 0x0000224a (0x49ff1fb3) x31 0x00010000
core   0: 0x0000224e (0x00009c01) c.subw  s0, s0
core   0: exception trap_illegal_instruction, epc 0x0000224e
core   0:           tval 0x00009c01
core   0: >>>>  mtvec_handler
core   0: 0x000039ec (0x0000a009) c.j     pc + 2
core   0: 3 0x000039ec (0xa009)
core   0: >>>>  illegal_instr_handler
core   0: 0x000039ee (0x34102373) csrr    t1, mepc
core   0: 3 0x000039ee (0x34102373) x6  0x0000224e
core   0: 0x000039f2 (0x00035783) lhu     a5, 0(t1)
core   0: 3 0x000039f2 (0x00035783) x15 0x00009c01 mem 0x0000224e
core   0: 0x000039f6 (0x00008b8d) c.andi  a5, 3
core   0: 3 0x000039f6 (0x8b8d) x15 0x00000001
core   0: 0x000039f8 (0x00004f8d) c.li    t6, 3
core   0: 3 0x000039f8 (0x4f8d) x31 0x00000003
core   0: 0x000039fa (0x01f79463) bne     a5, t6, pc + 8
core   0: 3 0x000039fa (0x01f79463)
core   0: 0x00003a02 (0x00000309) c.addi  t1, 2
core   0: 3 0x00003a02 (0x0309) x6  0x00002250
core   0: 0x00003a04 (0x34131073) csrw    mepc, t1
core   0: 3 0x00003a04 (0x34131073) c833_mepc 0x00002250
core   0: 0x00003a08 (0x30200073) mret
core   0: 3 0x00003a08 (0x30200073) c768_mstatus 0x00001880 c784_mstatush 0x00000000 c1957_tcontrol 0x00000000
core   0: 0x00002250 (0x00000001) c.nop
core   0: 3 0x00002250 (0x0001)
core   0: 0x00002252 (0x00008dc5) c.or    a1, s1
core   0: 3 0x00002252 (0x8dc5) x11 0x0017a000
core   0: 0x00002254 (0x000098ba) c.add   a7, a4
core   0: 3 0x00002254 (0x98ba) x17 0xc1ba3dc4
core   0: 0x00002256 (0x0997f263) bgeu    a5, s9, pc + 132
core   0: 3 0x00002256 (0x0997f263)
core   0: 0x000022da (0x0153e5b3) or      a1, t2, s5
core   0: 3 0x000022da (0x0153e5b3) x11 0x00000090
core   0: 0x000022de (0x00000001) c.nop
core   0: 3 0x000022de (0x0001)
core   0: 0x000022e0 (0x0000831a) c.mv    t1, t1
core   0: 3 0x000022e0 (0x831a) x6  0x00002250
core   0: 0x000022e2 (0x65c98513) addi    a0, s3, 1628
core   0: 3 0x000022e2 (0x65c98513) x10 0x0000065d
core   0: 0x000022e6 (0x00000001) c.nop
core   0: 3 0x000022e6 (0x0001)
core   0: 0x000022e8 (0x03b2b833) mulhu   a6, t0, s11
core   0: 3 0x000022e8 (0x03b2b833) x16 0x00001788
core   0: 0x000022ec (0x00004b59) c.li    s6, 22
core   0: 3 0x000022ec (0x4b59) x22 0x00000016
core   0: 0x000022ee (0x0374bab3) mulhu   s5, s1, s7
core   0: 3 0x000022ee (0x0374bab3) x21 0x00000000
core   0: 0x000022f2 (0xa5a5af37) lui     t5, 0xa5a5a
core   0: 3 0x000022f2 (0xa5a5af37) x30 0xa5a5a000
core   0: 0x000022f6 (0x5a5f0f13) addi    t5, t5, 1445
core   0: 3 0x000022f6 (0x5a5f0f13) x30 0xa5a5a5a5
core   0: 0x000022fa (0x00006fc1) c.lui   t6, 0x10
core   0: 3 0x000022fa (0x6fc1) x31 0x00010000
core   0: 0x000022fc (0x29ff1fb3) bset    t6, t5, t6
core   0: 3 0x000022fc (0x29ff1fb3) x31 0xa5a5a5a5
core   0: 0x00002300 (0x013c0eb3) add     t4, s8, s3
core   0: 3 0x00002300 (0x013c0eb3) x29 0x00000001
core   0: 0x00002304 (0x00008ff5) c.and   a5, a3
core   0: 3 0x00002304 (0x8ff5) x15 0x00000001
core   0: 0x00002306 (0x40460133) sub     sp, a2, tp
core   0: 3 0x00002306 (0x40460133) x2  0x00000002
core   0: 0x0000230a (0xed135ab7) lui     s5, 0xed135
core   0: 3 0x0000230a (0xed135ab7) x21 0xed135000
core   0: 0x0000230e (0x000060a5) c.lui   ra, 0x9
core   0: 3 0x0000230e (0x60a5) x1  0x00009000
core   0: 0x00002310 (0x0000157d) c.addi  a0, -1
core   0: 3 0x00002310 (0x157d) x10 0x0000065c
core   0: 0x00002312 (0x00008e45) c.or    a2, s1
core   0: 3 0x00002312 (0x8e45) x12 0x00000002
core   0: 0x00002314 (0x00061d33) sll     s10, a2, zero
core   0: 3 0x00002314 (0x00061d33) x26 0x00000002
core   0: 0x00002318 (0x0000ed09) c.bnez  a0, pc + 26
core   0: 3 0x00002318 (0xed09)
core   0: 0x00002332 (0x07c86f63) bltu    a6, t3, pc + 126
core   0: 3 0x00002332 (0x07c86f63)
core   0: 0x000023b0 (0x010f5133) srl     sp, t5, a6
core   0: 3 0x000023b0 (0x010f5133) x2  0x00a5a5a5
core   0: 0x000023b4 (0x052bd263) bge     s7, s2, pc + 68
core   0: 3 0x000023b4 (0x052bd263)
core   0: 0x000023f8 (0x00854933) xor     s2, a0, s0
core   0: 3 0x000023f8 (0x00854933) x18 0x5c394dbd
core   0: 0x000023fc (0x00ffecb3) or      s9, t6, a5
core   0: 3 0x000023fc (0x00ffecb3) x25 0xa5a5a5a5
core   0: 0x00002400 (0x80000f37) lui     t5, 0x80000
core   0: 3 0x00002400 (0x80000f37) x30 0x80000000
core   0: 0x00002404 (0x00007fc1) c.lui   t6, 0xffff0
core   0: 3 0x00002404 (0x7fc1) x31 0xffff0000
core   0: 0x00002406 (0x00000f85) c.addi  t6, 1
core   0: 3 0x00002406 (0x0f85) x31 0xffff0001
core   0: 0x00002408 (0x0fff5fb3) czero.eqz t6, t5, t6
core   0: 3 0x00002408 (0x0fff5fb3) x31 0x80000000
core   0: 0x0000240c (0x18ba4497) auipc   s1, 0x18ba4
core   0: 3 0x0000240c (0x18ba4497) x9  0x18ba640c
core   0: 0x00002410 (0x417fd3b3) sra     t2, t6, s7
core   0: 3 0x00002410 (0x417fd3b3) x7  0x80000000
core   0: 0x00002414 (0x0080dd93) srli    s11, ra, 8
core   0: 3 0x00002414 (0x0080dd93) x27 0x00000090
core   0: 0x00002418 (0x000008a2) c.slli  a7, 8
core   0: 3 0x00002418 (0x08a2) x17 0xba3dc400
core   0: 0x0000241a (0x02da12b3) mulh    t0, s4, a3
core   0: 3 0x0000241a (0x02da12b3) x5  0x00000000
core   0: 0x0000241e (0x02c00f63) beq     zero, a2, pc + 62
core   0: 3 0x0000241e (0x02c00f63)
core   0: 0x00002422 (0x02a65cb3) divu    s9, a2, a0
core   0: 3 0x00002422 (0x02a65cb3) x25 0x00000000
core   0: 0x00002426 (0x9284a097) auipc   ra, 0x9284a
core   0: 3 0x00002426 (0x9284a097) x1  0x9284c426
core   0: 0x0000242a (0x01199193) slli    gp, s3, 17
core   0: 3 0x0000242a (0x01199193) x3  0x00020000
core   0: 0x0000242e (0x0000039a) c.slli  t2, 6
core   0: 3 0x0000242e (0x039a) x7  0x00000000
core   0: 0x00002430 (0xa5a5af37) lui     t5, 0xa5a5a
core   0: 3 0x00002430 (0xa5a5af37) x30 0xa5a5a000
core   0: 0x00002434 (0x5a5f0f13) addi    t5, t5, 1445
core   0: 3 0x00002434 (0x5a5f0f13) x30 0xa5a5a5a5
core   0: 0x00002438 (0x00006fc1) c.lui   t6, 0x10
core   0: 3 0x00002438 (0x6fc1) x31 0x00010000
core   0: 0x0000243a (0x0fff7fb3) czero.nez t6, t5, t6
core   0: 3 0x0000243a (0x0fff7fb3) x31 0x00000000
core   0: 0x0000243e (0x000065d5) c.lui   a1, 0x15
core   0: 3 0x0000243e (0x65d5) x11 0x00015000
core   0: 0x00002440 (0x02c9e533) rem     a0, s3, a2
core   0: 3 0x00002440 (0x02c9e533) x10 0x00000001
core   0: 0x00002444 (0x00008d69) c.and   a0, a0
core   0: 3 0x00002444 (0x8d69) x10 0x00000001
core   0: 0x00002446 (0xdafa8193) addi    gp, s5, -593
core   0: 3 0x00002446 (0xdafa8193) x3  0xed134daf
core   0: 0x0000244a (0x68528693) addi    a3, t0, 1669
core   0: 3 0x0000244a (0x68528693) x13 0x00000685
core   0: 0x0000244e (0x016ddb13) srli    s6, s11, 22
core   0: 3 0x0000244e (0x016ddb13) x22 0x00000000
core   0: 0x00002452 (0x7965fc13) andi    s8, a1, 1942
core   0: 3 0x00002452 (0x7965fc13) x24 0x00000000
core   0: 0x00002456 (0x5d363037) lui     zero, 0x5d363
core   0: 3 0x00002456 (0x5d363037)
core   0: 0x0000245a (0x00009b7d) c.andi  a4, -1
core   0: 3 0x0000245a (0x9b7d) x14 0x00001789
core   0: 0x0000245c (0x00234a33) xor     s4, t1, sp
core   0: 3 0x0000245c (0x00234a33) x20 0x00a587f5
core   0: 0x00002460 (0x00004f01) c.li    t5, 0
core   0: 3 0x00002460 (0x4f01) x30 0x00000000
core   0: 0x00002462 (0x80000fb7) lui     t6, 0x80000
core   0: 3 0x00002462 (0x80000fb7) x31 0x80000000
core   0: 0x00002466 (0x00001ffd) c.addi  t6, -1
core   0: 3 0x00002466 (0x1ffd) x31 0x7fffffff
core   0: 0x00002468 (0x21ff2fb3) sh1add  t6, t5, t6
core   0: 3 0x00002468 (0x21ff2fb3) x31 0x7fffffff
core   0: 0x0000246c (0x34009073) csrw    mscratch, ra
core   0: 3 0x0000246c (0x34009073) c832_mscratch 0x9284c426
core   0: 0x00002470 (0x008000ef) jal     pc + 0x8
core   0: 3 0x00002470 (0x008000ef) x1  0x00002474
core   0: 0x00002478 (0x340020f3) csrr    ra, mscratch
core   0: 3 0x00002478 (0x340020f3) x1  0x9284c426
core   0: 0x0000247c (0x040e8663) beqz    t4, pc + 76
core   0: 3 0x0000247c (0x040e8663)
core   0: 0x00002480 (0x05330863) beq     t1, s3, pc + 80
core   0: 3 0x00002480 (0x05330863)
core   0: 0x00002484 (0x013b2633) slt     a2, s6, s3
core   0: 3 0x00002484 (0x013b2633) x12 0x00000001
core   0: 0x00002488 (0x00008fd1) c.or    a5, a2
core   0: 3 0x00002488 (0x8fd1) x15 0x00000001
core   0: 0x0000248a (0x015b4933) xor     s2, s6, s5
core   0: 3 0x0000248a (0x015b4933) x18 0xed135000
core   0: 0x0000248e (0x023c33b3) mulhu   t2, s8, gp
core   0: 3 0x0000248e (0x023c33b3) x7  0x00000000
core   0: 0x00002492 (0x45291717) auipc   a4, 0x45291
core   0: 3 0x00002492 (0x45291717) x14 0x45293492
core   0: 0x00002496 (0x5e460213) addi    tp, a2, 1508
core   0: 3 0x00002496 (0x5e460213) x4  0x000005e5
core   0: 0x0000249a (0x00009b9e) c.add   s7, t2
core   0: 3 0x0000249a (0x9b9e) x23 0x00000000
core   0: 0x0000249c (0x0000909e) c.add   ra, t2
core   0: 3 0x0000249c (0x909e) x1  0x9284c426
core   0: 0x0000249e (0x00007f41) c.lui   t5, 0xffff0
core   0: 3 0x0000249e (0x7f41) x30 0xffff0000
core   0: 0x000024a0 (0x00000f05) c.addi  t5, 1
core   0: 3 0x000024a0 (0x0f05) x30 0xffff0001
core   0: 0x000024a2 (0x80000fb7) lui     t6, 0x80000
core   0: 3 0x000024a2 (0x80000fb7) x31 0x80000000
core   0: 0x000024a6 (0x21ff4fb3) sh2add  t6, t5, t6
core   0: 3 0x000024a6 (0x21ff4fb3) x31 0x7ffc0004
core   0: 0x000024aa (0x80000f37) lui     t5, 0x80000
core   0: 3 0x000024aa (0x80000f37) x30 0x80000000
core   0: 0x000024ae (0x00005ffd) c.li    t6, -1
core   0: 3 0x000024ae (0x5ffd) x31 0xffffffff
core   0: 0x000024b0 (0x03ff4fb3) div     t6, t5, t6
core   0: 3 0x000024b0 (0x03ff4fb3) x31 0x80000000
core   0: 0x000024b4 (0x03ef6fb3) rem     t6, t5, t5
core   0: 3 0x000024b4 (0x03ef6fb3) x31 0x00000000
core   0: 0x000024b8 (0x00004f81) c.li    t6, 0
core   0: 3 0x000024b8 (0x4f81) x31 0x00000000
core   0: 0x000024ba (0x03ff5fb3) divu    t6, t5, t6
core   0: 3 0x000024ba (0x03ff5fb3) x31 0xffffffff
core   0: 0x000024be (0x00004f81) c.li    t6, 0
core   0: 3 0x000024be (0x4f81) x31 0x00000000
core   0: 0x000024c0 (0x03ff6fb3) rem     t6, t5, t6
core   0: 3 0x000024c0 (0x03ff6fb3) x31 0x80000000
core   0: 0x000024c4 (0x000a5833) srl     a6, s4, zero
core   0: 3 0x000024c4 (0x000a5833) x16 0x00a587f5
core   0: 0x000024c8 (0x00390cb3) add     s9, s2, gp
core   0: 3 0x000024c8 (0x00390cb3) x25 0xda269daf
core   0: 0x000024cc (0x01c2a133) slt     sp, t0, t3
core   0: 3 0x000024cc (0x01c2a133) x2  0x00000001
core   0: 0x000024d0 (0x00b58263) beq     a1, a1, pc + 4
core   0: 3 0x000024d0 (0x00b58263)
core   0: 0x000024d4 (0x00008a7d) c.andi  a2, 31
core   0: 3 0x000024d4 (0x8a7d) x12 0x00000001
core   0: 0x000024d6 (0x00008d2d) c.xor   a0, a1
core   0: 3 0x000024d6 (0x8d2d) x10 0x00015001
core   0: 0x000024d8 (0x0000065e) c.slli  a2, 23
core   0: 3 0x000024d8 (0x065e) x12 0x00800000
core   0: 0x000024da (0xb9817f13) andi    t5, sp, -1128
core   0: 3 0x000024da (0xb9817f13) x30 0x00000000
core   0: 0x000024de (0x000088fd) c.andi  s1, 31
core   0: 3 0x000024de (0x88fd) x9  0x0000000c
core   0: 0x000024e0 (0x0000865d) c.srai  a2, 23
core   0: 3 0x000024e0 (0x865d) x12 0x00000001
core   0: 0x000024e2 (0x00006f41) c.lui   t5, 0x10
core   0: 3 0x000024e2 (0x6f41) x30 0x00010000
core   0: 0x000024e4 (0xa5a5afb7) lui     t6, 0xa5a5a
core   0: 3 0x000024e4 (0xa5a5afb7) x31 0xa5a5a000
core   0: 0x000024e8 (0x5a5f8f93) addi    t6, t6, 1445
core   0: 3 0x000024e8 (0x5a5f8f93) x31 0xa5a5a5a5
core   0: 0x000024ec (0x21ff6fb3) sh3add  t6, t5, t6
core   0: 3 0x000024ec (0x21ff6fb3) x31 0xa5ada5a5
core   0: 0x000024f0 (0x0eb55533) czero.eqz a0, a0, a1
core   0: 3 0x000024f0 (0x0eb55533) x10 0x00015001
core   0: 0x000024f4 (0x0cf1aa13) slti    s4, gp, 207
core   0: 3 0x000024f4 (0x0cf1aa13) x20 0x00000001
core   0: 0x000024f8 (0xd434fb13) andi    s6, s1, -701
core   0: 3 0x000024f8 (0xd434fb13) x22 0x00000000
core   0: 0x000024fc (0x0175dab3) srl     s5, a1, s7
core   0: 3 0x000024fc (0x0175dab3) x21 0x00015000
core   0: 0x00002500 (0x01978b33) add     s6, a5, s9
core   0: 3 0x00002500 (0x01978b33) x22 0xda269db0
core   0: 0x00002504 (0x00008651) c.srai  a2, 20
core   0: 3 0x00002504 (0x8651) x12 0x00000000
core   0: 0x00002506 (0x02f4e3b3) rem     t2, s1, a5
core   0: 3 0x00002506 (0x02f4e3b3) x7  0x00000000
core   0: 0x0000250a (0x63216a13) ori     s4, sp, 1586
core   0: 3 0x0000250a (0x63216a13) x20 0x00000633
core   0: 0x0000250e (0x0000c911) c.beqz  a0, pc + 20
core   0: 3 0x0000250e (0xc911)
core   0: 0x00002510 (0x00008655) c.srai  a2, 21
core   0: 3 0x00002510 (0x8655) x12 0x00000000
core   0: 0x00002512 (0x36f00597) auipc   a1, 0x36f00
core   0: 3 0x00002512 (0x36f00597) x11 0x36f02512
core   0: 0x00002516 (0x80000f37) lui     t5, 0x80000
core   0: 3 0x00002516 (0x80000f37) x30 0x80000000
core   0: 0x0000251a (0x00001f7d) c.addi  t5, -1
core   0: 3 0x0000251a (0x1f7d) x30 0x7fffffff
core   0: 0x0000251c (0x00004f81) c.li    t6, 0
core   0: 3 0x0000251c (0x4f81) x31 0x00000000
core   0: 0x0000251e (0x41ff7fb3) andn    t6, t5, t6
core   0: 3 0x0000251e (0x41ff7fb3) x31 0x7fffffff
core   0: 0x00002522 (0x00000001) c.nop
core   0: 3 0x00002522 (0x0001)
core   0: 0x00002524 (0x37035037) lui     zero, 0x37035
core   0: 3 0x00002524 (0x37035037)
core   0: 0x00002528 (0x00681c93) slli    s9, a6, 6
core   0: 3 0x00002528 (0x00681c93) x25 0x2961fd40
core   0: 0x0000252c (0x01215013) srli    zero, sp, 18
core   0: 3 0x0000252c (0x01215013)
core   0: 0x00002530 (0x03447563) bgeu    s0, s4, pc + 42
core   0: 3 0x00002530 (0x03447563)
core   0: 0x0000255a (0x016d87b3) add     a5, s11, s6
core   0: 3 0x0000255a (0x016d87b3) x15 0xda269e40
core   0: 0x0000255e (0x000086c9) c.srai  a3, 18
core   0: 3 0x0000255e (0x86c9) x13 0x00000000
core   0: 0x00002560 (0x00008b72) c.mv    s6, t3
core   0: 3 0x00002560 (0x8b72) x22 0x00011794
core   0: 0x00002562 (0x41a85113) srai    sp, a6, 26
core   0: 3 0x00002562 (0x41a85113) x2  0x00000000
core   0: 0x00002566 (0x03e64133) div     sp, a2, t5
core   0: 3 0x00002566 (0x03e64133) x2  0x00000000
core   0: 0x0000256a (0x0054cd33) xor     s10, s1, t0
core   0: 3 0x0000256a (0x0054cd33) x26 0x0000000c
core   0: 0x0000256e (0x002a9033) sll     zero, s5, sp
core   0: 3 0x0000256e (0x002a9033)
core   0: 0x00002572 (0x00c8e2b3) or      t0, a7, a2
core   0: 3 0x00002572 (0x00c8e2b3) x5  0xba3dc400
core   0: 0x00002576 (0xa5a5af37) lui     t5, 0xa5a5a
core   0: 3 0x00002576 (0xa5a5af37) x30 0xa5a5a000
core   0: 0x0000257a (0x5a5f0f13) addi    t5, t5, 1445
core   0: 3 0x0000257a (0x5a5f0f13) x30 0xa5a5a5a5
core   0: 0x0000257e (0x00006fc1) c.lui   t6, 0x10
core   0: 3 0x0000257e (0x6fc1) x31 0x00010000
core   0: 0x00002580 (0x41ff4fb3) xnor    t6, t5, t6
core   0: 3 0x00002580 (0x41ff4fb3) x31 0x5a5b5a5a
core   0: 0x00002584 (0x05f36463) bltu    t1, t6, pc + 72
core   0: 3 0x00002584 (0x05f36463)
core   0: 0x000025cc (0x019df763) bgeu    s11, s9, pc + 14
core   0: 3 0x000025cc (0x019df763)
core   0: 0x000025d0 (0x0105cab3) xor     s5, a1, a6
core   0: 3 0x000025d0 (0x0105cab3) x21 0x3655a2e7
core   0: 0x000025d4 (0x0000858d) c.srai  a1, 3
core   0: 3 0x000025d4 (0x858d) x11 0x06de04a2
core   0: 0x000025d6 (0x02fabf33) mulhu   t5, s5, a5
core   0: 3 0x000025d6 (0x02fabf33) x30 0x2e4d1f05
core   0: 0x000025da (0x00000001) c.nop
core   0: 3 0x000025da (0x0001)
core   0: 0x000025dc (0x00000001) c.nop
core   0: 3 0x000025dc (0x0001)
core   0: 0x000025de (0x00007f41) c.lui   t5, 0xffff0
core   0: 3 0x000025de (0x7f41) x30 0xffff0000
core   0: 0x000025e0 (0x00000f05) c.addi  t5, 1
core   0: 3 0x000025e0 (0x0f05) x30 0xffff0001
core   0: 0x000025e2 (0x80000fb7) lui     t6, 0x80000
core   0: 3 0x000025e2 (0x80000fb7) x31 0x80000000
core   0: 0x000025e6 (0x601f1f93) ctz     t6, t5
core   0: 3 0x000025e6 (0x601f1f93) x31 0x00000000
core   0: 0x000025ea (0x008e9563) bne     t4, s0, pc + 10
core   0: 3 0x000025ea (0x008e9563)
core   0: 0x000025f4 (0x05ab7013) andi    zero, s6, 90
core   0: 3 0x000025f4 (0x05ab7013)
core   0: 0x000025f8 (0x00008a35) c.andi  a2, 13
core   0: 3 0x000025f8 (0x8a35) x12 0x00000000
core   0: 0x000025fa (0x03dd5db3) divu    s11, s10, t4
core   0: 3 0x000025fa (0x03dd5db3) x27 0x0000000c
core   0: 0x000025fe (0x00008e11) c.sub   a2, a2
core   0: 3 0x000025fe (0x8e11) x12 0x00000000
core   0: 0x00002600 (0x0000c21d) c.beqz  a2, pc + 38
core   0: 3 0x00002600 (0xc21d)
core   0: 0x00002626 (0x035687b3) mul     a5, a3, s5
core   0: 3 0x00002626 (0x035687b3) x15 0x00000000
core   0: 0x0000262a (0x76c20d13) addi    s10, tp, 1900
core   0: 3 0x0000262a (0x76c20d13) x26 0x00000d51
core   0: 0x0000262e (0x021e8363) beq     t4, ra, pc + 38
core   0: 3 0x0000262e (0x021e8363)
core   0: 0x00002632 (0xd41bf497) auipc   s1, 0xd41bf
core   0: 3 0x00002632 (0xd41bf497) x9  0xd41c1632
core   0: 0x00002636 (0x80000f37) lui     t5, 0x80000
core   0: 3 0x00002636 (0x80000f37) x30 0x80000000
core   0: 0x0000263a (0x00001f7d) c.addi  t5, -1
core   0: 3 0x0000263a (0x1f7d) x30 0x7fffffff
core   0: 0x0000263c (0x00004f81) c.li    t6, 0
core   0: 3 0x0000263c (0x4f81) x31 0x00000000
core   0: 0x0000263e (0x0bff4fb3) min     t6, t5, t6
core   0: 3 0x0000263e (0x0bff4fb3) x31 0x00000000
core   0: 0x00002642 (0xff3d6693) ori     a3, s10, -13
core   0: 3 0x00002642 (0xff3d6693) x13 0xfffffff3
core   0: 0x00002646 (0x927be037) lui     zero, 0x927be
core   0: 3 0x00002646 (0x927be037)
core   0: 0x0000264a (0x044c0063) beq     s8, tp, pc + 64
core   0: 3 0x0000264a (0x044c0063)
core   0: 0x0000264e (0x6bbee837) lui     a6, 0x6bbee
core   0: 3 0x0000264e (0x6bbee837) x16 0x6bbee000
core   0: 0x00002652 (0x00008e11) c.sub   a2, a2
core   0: 3 0x00002652 (0x8e11) x12 0x00000000
core   0: 0x00002654 (0x02122b33) mulhsu  s6, tp, ra
core   0: 3 0x00002654 (0x02122b33) x22 0x0000035f
core   0: 0x00002658 (0x00008ef1) c.and   a3, a2
core   0: 3 0x00002658 (0x8ef1) x13 0x00000000
core   0: 0x0000265a (0x412f0033) sub     zero, t5, s2
core   0: 3 0x0000265a (0x412f0033)
core   0: 0x0000265e (0x02d49d33) mulh    s10, s1, a3
core   0: 3 0x0000265e (0x02d49d33) x26 0x00000000
core   0: 0x00002662 (0x000000aa) c.slli  ra, 10
core   0: 3 0x00002662 (0x00aa) x1  0x13109800
core   0: 0x00002664 (0x80000f37) lui     t5, 0x80000
core   0: 3 0x00002664 (0x80000f37) x30 0x80000000
core   0: 0x00002668 (0x00007fc1) c.lui   t6, 0xffff0
core   0: 3 0x00002668 (0x7fc1) x31 0xffff0000
core   0: 0x0000266a (0x00000f85) c.addi  t6, 1
core   0: 3 0x0000266a (0x0f85) x31 0xffff0001
core   0: 0x0000266c (0x0bff5fb3) minu    t6, t5, t6
core   0: 3 0x0000266c (0x0bff5fb3) x31 0x80000000
core   0: 0x00002670 (0x0eb51533) unknown
core   0: exception trap_illegal_instruction, epc 0x00002670
core   0:           tval 0x0eb51533
core   0: >>>>  mtvec_handler
core   0: 0x000039ec (0x0000a009) c.j     pc + 2
core   0: 3 0x000039ec (0xa009)
core   0: >>>>  illegal_instr_handler
core   0: 0x000039ee (0x34102373) csrr    t1, mepc
core   0: 3 0x000039ee (0x34102373) x6  0x00002670
core   0: 0x000039f2 (0x00035783) lhu     a5, 0(t1)
core   0: 3 0x000039f2 (0x00035783) x15 0x00001533 mem 0x00002670
core   0: 0x000039f6 (0x00008b8d) c.andi  a5, 3
core   0: 3 0x000039f6 (0x8b8d) x15 0x00000003
core   0: 0x000039f8 (0x00004f8d) c.li    t6, 3
core   0: 3 0x000039f8 (0x4f8d) x31 0x00000003
core   0: 0x000039fa (0x01f79463) bne     a5, t6, pc + 8
core   0: 3 0x000039fa (0x01f79463)
core   0: 0x000039fe (0x00000311) c.addi  t1, 4
core   0: 3 0x000039fe (0x0311) x6  0x00002674
core   0: 0x00003a00 (0x0000a011) c.j     pc + 4
core   0: 3 0x00003a00 (0xa011)
core   0: 0x00003a04 (0x34131073) csrw    mepc, t1
core   0: 3 0x00003a04 (0x34131073) c833_mepc 0x00002674
core   0: 0x00003a08 (0x30200073) mret
core   0: 3 0x00003a08 (0x30200073) c768_mstatus 0x00001880 c784_mstatush 0x00000000 c1957_tcontrol 0x00000000
core   0: 0x00002674 (0x00a34663) blt     t1, a0, pc + 12
core   0: 3 0x00002674 (0x00a34663)
core   0: 0x00002680 (0x01d4dcb3) srl     s9, s1, t4
core   0: 3 0x00002680 (0x01d4dcb3) x25 0x6a0e0b19
core   0: 0x00002684 (0x00008ea9) c.xor   a3, a0
core   0: 3 0x00002684 (0x8ea9) x13 0x00015001
core   0: 0x00002686 (0x007428b3) slt     a7, s0, t2
core   0: 3 0x00002686 (0x007428b3) x17 0x00000000
core   0: 0x0000268a (0x02320033) mul     zero, tp, gp
core   0: 3 0x0000268a (0x02320033)
core   0: 0x0000268e (0x0561e863) bltu    gp, s6, pc + 80
core   0: 3 0x0000268e (0x0561e863)
core   0: 0x00002692 (0x011ed7b3) srl     a5, t4, a7
core   0: 3 0x00002692 (0x011ed7b3) x15 0x00000001
core   0: 0x00002696 (0xa5a5af37) lui     t5, 0xa5a5a
core   0: 3 0x00002696 (0xa5a5af37) x30 0xa5a5a000
core   0: 0x0000269a (0x5a5f0f13) addi    t5, t5, 1445
core   0: 3 0x0000269a (0x5a5f0f13) x30 0xa5a5a5a5
core   0: 0x0000269e (0x00006fc1) c.lui   t6, 0x10
core   0: 3 0x0000269e (0x6fc1) x31 0x00010000
core   0: 0x000026a0 (0x0bff6fb3) max     t6, t5, t6
core   0: 3 0x000026a0 (0x0bff6fb3) x31 0x00010000
core   0: 0x000026a4 (0x34041073) csrw    mscratch, s0
core   0: 3 0x000026a4 (0x34041073) c832_mscratch 0x5c394be1
core   0: 0x000026a8 (0x00001417) auipc   s0, 0x1
core   0: 3 0x000026a8 (0x00001417) x8  0x000036a8
core   0: 0x000026ac (0x4a040413) addi    s0, s0, 1184
core   0: 3 0x000026ac (0x4a040413) x8  0x00003b48
core   0: 0x000026b0 (0x0000c004) c.sw    s1, 0(s0)
core   0: 3 0x000026b0 (0xc004) mem 0x00003b48 0xd41c1632
core   0: 0x000026b2 (0x00242223) sw      sp, 4(s0)
core   0: 3 0x000026b2 (0x00242223) mem 0x00003b4c 0x00000000
core   0: 0x000026b6 (0x00840113) addi    sp, s0, 8
core   0: 3 0x000026b6 (0x00840113) x2  0x00003b50
core   0: 0x000026ba (0x0000c07e) c.swsp  t6, 0(sp)
core   0: 3 0x000026ba (0xc07e) mem 0x00003b50 0x00010000
core   0: 0x000026bc (0x00004f02) c.lwsp  t5, 0(sp)
core   0: 3 0x000026bc (0x4f02) x30 0x00010000 mem 0x00003b50
core   0: 0x000026be (0x01f42423) sw      t6, 8(s0)
core   0: 3 0x000026be (0x01f42423) mem 0x00003b50 0x00010000
core   0: 0x000026c2 (0x00004404) c.lw    s1, 8(s0)
core   0: 3 0x000026c2 (0x4404) x9  0x00010000 mem 0x00003b50
core   0: 0x000026c4 (0x0000c404) c.sw    s1, 8(s0)
core   0: 3 0x000026c4 (0xc404) mem 0x00003b50 0x00010000
core   0: 0x000026c6 (0x00442103) lw      sp, 4(s0)
core   0: 3 0x000026c6 (0x00442103) x2  0x00000000 mem 0x00003b4c
core   0: 0x000026ca (0x00004004) c.lw    s1, 0(s0)
core   0: 3 0x000026ca (0x4004) x9  0xd41c1632 mem 0x00003b48
core   0: 0x000026cc (0x34002473) csrr    s0, mscratch
core   0: 3 0x000026cc (0x34002473) x8  0x5c394be1
core   0: 0x000026d0 (0xbf60df37) lui     t5, 0xbf60d
core   0: 3 0x000026d0 (0xbf60df37) x30 0xbf60d000
core   0: 0x000026d4 (0x00000d6e) c.slli  s10, 27
core   0: 3 0x000026d4 (0x0d6e) x26 0x00000000
core   0: 0x000026d6 (0x401451b3) sra     gp, s0, ra
core   0: 3 0x000026d6 (0x401451b3) x3  0x5c394be1
core   0: 0x000026da (0x5a534637) lui     a2, 0x5a534
core   0: 3 0x000026da (0x5a534637) x12 0x5a534000
core   0: 0x000026de (0x00a24563) blt     tp, a0, pc + 10
core   0: 3 0x000026de (0x00a24563)
core   0: 0x000026e8 (0x00b6f833) and     a6, a3, a1
core   0: 3 0x000026e8 (0x00b6f833) x16 0x00000000
core   0: 0x000026ec (0x988c4c93) xori    s9, s8, -1656
core   0: 3 0x000026ec (0x988c4c93) x25 0xfffff988
core   0: 0x000026f0 (0x00008e51) c.or    a2, a2
core   0: 3 0x000026f0 (0x8e51) x12 0x5a534000
core   0: 0x000026f2 (0x00004f01) c.li    t5, 0
core   0: 3 0x000026f2 (0x4f01) x30 0x00000000
core   0: 0x000026f4 (0x80000fb7) lui     t6, 0x80000
core   0: 3 0x000026f4 (0x80000fb7) x31 0x80000000
core   0: 0x000026f8 (0x00001ffd) c.addi  t6, -1
core   0: 3 0x000026f8 (0x1ffd) x31 0x7fffffff
core   0: 0x000026fa (0x0bff7fb3) maxu    t6, t5, t6
core   0: 3 0x000026fa (0x0bff7fb3) x31 0x7fffffff
core   0: 0x000026fe (0x00001008) c.addi4spn a0, sp, 32
core   0: 3 0x000026fe (0x1008) x10 0x00000020
core   0: 0x00002700 (0x4116dcb3) sra     s9, a3, a7
core   0: 3 0x00002700 (0x4116dcb3) x25 0x00015001
core   0: 0x00002704 (0x03c44963) blt     s0, t3, pc + 50
core   0: 3 0x00002704 (0x03c44963)
core   0: 0x00002708 (0x039bb933) mulhu   s2, s7, s9
core   0: 3 0x00002708 (0x039bb933) x18 0x00000000
core   0: 0x0000270c (0x6d40ca93) xori    s5, ra, 1748
core   0: 3 0x0000270c (0x6d40ca93) x21 0x13109ed4
core   0: 0x00002710 (0x01e512b3) sll     t0, a0, t5
core   0: 3 0x00002710 (0x01e512b3) x5  0x00000020
core   0: 0x00002714 (0x00000001) c.nop
core   0: 3 0x00002714 (0x0001)
core   0: 0x00002716 (0x002329b3) slt     s3, t1, sp
core   0: 3 0x00002716 (0x002329b3) x19 0x00000000
core   0: 0x0000271a (0x0198c263) blt     a7, s9, pc + 4
core   0: 3 0x0000271a (0x0198c263)
core   0: 0x0000271e (0x401f06b3) sub     a3, t5, ra
core   0: 3 0x0000271e (0x401f06b3) x13 0xecef6800
core   0: 0x00002722 (0x00007f41) c.lui   t5, 0xffff0
core   0: 3 0x00002722 (0x7f41) x30 0xffff0000
core   0: 0x00002724 (0x00000f05) c.addi  t5, 1
core   0: 3 0x00002724 (0x0f05) x30 0xffff0001
core   0: 0x00002726 (0x80000fb7) lui     t6, 0x80000
core   0: 3 0x00002726 (0x80000fb7) x31 0x80000000
core   0: 0x0000272a (0x604f1f93) sext.b  t6, t5
core   0: 3 0x0000272a (0x604f1f93) x31 0x00000001
core   0: 0x0000272e (0x00494cb3) xor     s9, s2, tp
core   0: 3 0x0000272e (0x00494cb3) x25 0x000005e5
core   0: 0x00002732 (0xf99e0497) auipc   s1, 0xf99e0
core   0: 3 0x00002732 (0xf99e0497) x9  0xf99e2732
core   0: 0x00002736 (0x005ec033) xor     zero, t4, t0
core   0: 3 0x00002736 (0x005ec033)
core   0: 0x0000273a (0x400edd33) sra     s10, t4, zero
core   0: 3 0x0000273a (0x400edd33) x26 0x00000001
core   0: 0x0000273e (0x00000001) c.nop
core   0: 3 0x0000273e (0x0001)
core   0: 0x00002740 (0x34073513) sltiu   a0, a4, 832
core   0: 3 0x00002740 (0x34073513) x10 0x00000000
core   0: 0x00002744 (0x0000177d) c.addi  a4, -1
core   0: 3 0x00002744 (0x177d) x14 0x45293491
core   0: 0x00002746 (0x16aac293) xori    t0, s5, 362
core   0: 3 0x00002746 (0x16aac293) x5  0x13109fbe
core   0: 0x0000274a (0x000085f1) c.srai  a1, 28
core   0: 3 0x0000274a (0x85f1) x11 0x00000000
core   0: 0x0000274c (0x00000001) c.nop
core   0: 3 0x0000274c (0x0001)
core   0: 0x0000274e (0x00006f41) c.lui   t5, 0x10
core   0: 3 0x0000274e (0x6f41) x30 0x00010000
core   0: 0x00002750 (0xa5a5afb7) lui     t6, 0xa5a5a
core   0: 3 0x00002750 (0xa5a5afb7) x31 0xa5a5a000
core   0: 0x00002754 (0x5a5f8f93) addi    t6, t6, 1445
core   0: 3 0x00002754 (0x5a5f8f93) x31 0xa5a5a5a5
core   0: 0x00002758 (0x605f1f93) sext.h  t6, t5
core   0: 3 0x00002758 (0x605f1f93) x31 0x00000000
core   0: 0x0000275c (0xae114ab7) lui     s5, 0xae114
core   0: 3 0x0000275c (0xae114ab7) x21 0xae114000
core   0: 0x00002760 (0x03e4c0b3) div     ra, s1, t5
core   0: 3 0x00002760 (0x03e4c0b3) x1  0xfffff99f
core   0: 0x00002764 (0x0240a033) mulhsu  zero, ra, tp
core   0: 3 0x00002764 (0x0240a033)
core   0: 0x00002768 (0x031ac363) blt     s5, a7, pc + 38
core   0: 3 0x00002768 (0x031ac363)
core   0: 0x0000278e (0x913df193) andi    gp, s11, -1773
core   0: 3 0x0000278e (0x913df193) x3  0x00000000
core   0: 0x00002792 (0x00000508) c.addi4spn a0, sp, 640
core   0: 3 0x00002792 (0x0508) x10 0x00000280
core   0: 0x00002794 (0x41b685b3) sub     a1, a3, s11
core   0: 3 0x00002794 (0x41b685b3) x11 0xecef67f4
core   0: 0x00002798 (0x40f380b3) sub     ra, t2, a5
core   0: 3 0x00002798 (0x40f380b3) x1  0xffffffff
core   0: 0x0000279c (0x6e76eb93) ori     s7, a3, 1767
core   0: 3 0x0000279c (0x6e76eb93) x23 0xecef6ee7
core   0: 0x000027a0 (0x016c5233) srl     tp, s8, s6
core   0: 3 0x000027a0 (0x016c5233) x4  0x00000000
core   0: 0x000027a4 (0x0111a033) slt     zero, gp, a7
core   0: 3 0x000027a4 (0x0111a033)
core   0: 0x000027a8 (0x00008921) c.andi  a0, 8
core   0: 3 0x000027a8 (0x8921) x10 0x00000000
core   0: 0x000027aa (0x4085da13) srai    s4, a1, 8
core   0: 3 0x000027aa (0x4085da13) x20 0xffecef67
core   0: 0x000027ae (0x80000f37) lui     t5, 0x80000
core   0: 3 0x000027ae (0x80000f37) x30 0x80000000
core   0: 0x000027b2 (0x00007fc1) c.lui   t6, 0xffff0
core   0: 3 0x000027b2 (0x7fc1) x31 0xffff0000
core   0: 0x000027b4 (0x00000f85) c.addi  t6, 1
core   0: 3 0x000027b4 (0x0f85) x31 0xffff0001
core   0: 0x000027b6 (0x61ff1fb3) rol     t6, t5, t6
core   0: 3 0x000027b6 (0x61ff1fb3) x31 0x00000001
core   0: 0x000027ba (0x34009073) csrw    mscratch, ra
core   0: 3 0x000027ba (0x34009073) c832_mscratch 0xffffffff
core   0: 0x000027be (0x008000ef) jal     pc + 0x8
core   0: 3 0x000027be (0x008000ef) x1  0x000027c2
core   0: 0x000027c6 (0x340020f3) csrr    ra, mscratch
core   0: 3 0x000027c6 (0x340020f3) x1  0xffffffff
core   0: 0x000027ca (0x34009073) csrw    mscratch, ra
core   0: 3 0x000027ca (0x34009073) c832_mscratch 0xffffffff
core   0: 0x000027ce (0x00002009) c.jal   pc + 2
core   0: 3 0x000027ce (0x2009) x1  0x000027d0
core   0: 0x000027d0 (0x004000ef) jal     pc + 0x4
core   0: 3 0x000027d0 (0x004000ef) x1  0x000027d4
core   0: 0x000027d4 (0x004000ef) jal     pc + 0x4
core   0: 3 0x000027d4 (0x004000ef) x1  0x000027d8
core   0: 0x000027d8 (0x00000097) auipc   ra, 0x0
core   0: 3 0x000027d8 (0x00000097) x1  0x000027d8
core   0: 0x000027dc (0x00c08093) addi    ra, ra, 12
core   0: 3 0x000027dc (0x00c08093) x1  0x000027e4
core   0: 0x000027e0 (0x00008067) ret
core   0: 3 0x000027e0 (0x00008067)
core   0: 0x000027e4 (0x340020f3) csrr    ra, mscratch
core   0: 3 0x000027e4 (0x340020f3) x1  0xffffffff
core   0: 0x000027e8 (0x01eb5b63) bge     s6, t5, pc + 22
core   0: 3 0x000027e8 (0x01eb5b63)
core   0: 0x000027fe (0x00689563) bne     a7, t1, pc + 10
core   0: 3 0x000027fe (0x00689563)
core   0: 0x00002808 (0x01746d33) or      s10, s0, s7
core   0: 3 0x00002808 (0x01746d33) x26 0xfcff6fe7
core   0: 0x0000280c (0xa5a5af37) lui     t5, 0xa5a5a
core   0: 3 0x0000280c (0xa5a5af37) x30 0xa5a5a000
core   0: 0x00002810 (0x5a5f0f13) addi    t5, t5, 1445
core   0: 3 0x00002810 (0x5a5f0f13) x30 0xa5a5a5a5
core   0: 0x00002814 (0x00006fc1) c.lui   t6, 0x10
core   0: 3 0x00002814 (0x6fc1) x31 0x00010000
core   0: 0x00002816 (0x61ff5fb3) ror     t6, t5, t6
core   0: 3 0x00002816 (0x61ff5fb3) x31 0xa5a5a5a5
core   0: 0x0000281a (0x04eed263) bge     t4, a4, pc + 68
core   0: 3 0x0000281a (0x04eed263)
core   0: 0x0000281e (0x00940333) add     t1, s0, s1
core   0: 3 0x0000281e (0x00940333) x6  0x55d77313
core   0: 0x00002822 (0xb6976213) ori     tp, a4, -1175
core   0: 3 0x00002822 (0xb6976213) x4  0xfffffff9
core   0: 0x00002826 (0x00008f29) c.xor   a4, a0
core   0: 3 0x00002826 (0x8f29) x14 0x45293491
core   0: 0x00002828 (0x40eb0b33) sub     s6, s6, a4
core   0: 3 0x00002828 (0x40eb0b33) x22 0xbad6cece
core   0: 0x0000282c (0x0118b033) sltu    zero, a7, a7
core   0: 3 0x0000282c (0x0118b033)
core   0: 0x00002830 (0xcdc2f013) andi    zero, t0, -804
core   0: 3 0x00002830 (0xcdc2f013)
core   0: 0x00002834 (0x01168a33) add     s4, a3, a7
core   0: 3 0x00002834 (0x01168a33) x20 0xecef6800
core   0: 0x00002838 (0x00a71793) slli    a5, a4, 10
core   0: 3 0x00002838 (0x00a71793) x15 0xa4d24400
core   0: 0x0000283c (0x0145d013) srli    zero, a1, 20
core   0: 3 0x0000283c (0x0145d013)
core   0: 0x00002840 (0x00004f01) c.li    t5, 0
core   0: 3 0x00002840 (0x4f01) x30 0x00000000
core   0: 0x00002842 (0x80000fb7) lui     t6, 0x80000
core   0: 3 0x00002842 (0x80000fb7) x31 0x80000000
core   0: 0x00002846 (0x00001ffd) c.addi  t6, -1
core   0: 3 0x00002846 (0x1ffd) x31 0x7fffffff
core   0: 0x00002848 (0x607f5f93) rori    t6, t5, 7
core   0: 3 0x00002848 (0x607f5f93) x31 0x00000000
core   0: >>>>  $d
core   0: 0x0000284c (0x60b51513) unknown
core   0: exception trap_illegal_instruction, epc 0x0000284c
core   0:           tval 0x60b51513
core   0: >>>>  mtvec_handler
core   0: 0x000039ec (0x0000a009) c.j     pc + 2
core   0: 3 0x000039ec (0xa009)
core   0: >>>>  illegal_instr_handler
core   0: 0x000039ee (0x34102373) csrr    t1, mepc
core   0: 3 0x000039ee (0x34102373) x6  0x0000284c
core   0: 0x000039f2 (0x00035783) lhu     a5, 0(t1)
core   0: 3 0x000039f2 (0x00035783) x15 0x00001513 mem 0x0000284c
core   0: 0x000039f6 (0x00008b8d) c.andi  a5, 3
core   0: 3 0x000039f6 (0x8b8d) x15 0x00000003
core   0: 0x000039f8 (0x00004f8d) c.li    t6, 3
core   0: 3 0x000039f8 (0x4f8d) x31 0x00000003
core   0: 0x000039fa (0x01f79463) bne     a5, t6, pc + 8
core   0: 3 0x000039fa (0x01f79463)
core   0: 0x000039fe (0x00000311) c.addi  t1, 4
core   0: 3 0x000039fe (0x0311) x6  0x00002850
core   0: 0x00003a00 (0x0000a011) c.j     pc + 4
core   0: 3 0x00003a00 (0xa011)
core   0: 0x00003a04 (0x34131073) csrw    mepc, t1
core   0: 3 0x00003a04 (0x34131073) c833_mepc 0x00002850
core   0: 0x00003a08 (0x30200073) mret
core   0: 3 0x00003a08 (0x30200073) c768_mstatus 0x00001880 c784_mstatush 0x00000000 c1957_tcontrol 0x00000000
core   0: >>>>  $x
core   0: 0x00002850 (0x00008d29) c.xor   a0, a0
core   0: 3 0x00002850 (0x8d29) x10 0x00000000
core   0: 0x00002852 (0x010bb033) sltu    zero, s7, a6
core   0: 3 0x00002852 (0x010bb033)
core   0: 0x00002856 (0x0000436d) c.li    t1, 27
core   0: 3 0x00002856 (0x436d) x6  0x0000001b
core   0: 0x00002858 (0x8c76ca13) xori    s4, a3, -1849
core   0: 3 0x00002858 (0x8c76ca13) x20 0x131090c7
core   0: 0x0000285c (0x000012fd) c.addi  t0, -1
core   0: 3 0x0000285c (0x12fd) x5  0x13109fbd
core   0: 0x0000285e (0x00008de9) c.and   a1, a0
core   0: 3 0x0000285e (0x8de9) x11 0x00000000
core   0: 0x00002860 (0x0000c685) c.beqz  a3, pc + 40
core   0: 3 0x00002860 (0xc685)
core   0: 0x00002862 (0x035d2b33) mulhsu  s6, s10, s5
core   0: 3 0x00002862 (0x035d2b33) x22 0xfdf56a45
core   0: 0x00002866 (0x00008d05) c.sub   a0, s1
core   0: 3 0x00002866 (0x8d05) x10 0x0661d8ce
core   0: 0x00002868 (0x0133b033) sltu    zero, t2, s3
core   0: 3 0x00002868 (0x0133b033)
core   0: 0x0000286c (0x00007f41) c.lui   t5, 0xffff0
core   0: 3 0x0000286c (0x7f41) x30 0xffff0000
core   0: 0x0000286e (0x00000f05) c.addi  t5, 1
core   0: 3 0x0000286e (0x0f05) x30 0xffff0001
core   0: 0x00002870 (0x80000fb7) lui     t6, 0x80000
core   0: 3 0x00002870 (0x80000fb7) x31 0x80000000
core   0: 0x00002874 (0x287f5f93) orc.b   t6, t5
core   0: 3 0x00002874 (0x287f5f93) x31 0xffff00ff
core   0: 0x00002878 (0xc6dd0c13) addi    s8, s10, -915
core   0: 3 0x00002878 (0xc6dd0c13) x24 0xfcff6c54
core   0: 0x0000287c (0x6676eeb7) lui     t4, 0x6676e
core   0: 3 0x0000287c (0x6676eeb7) x29 0x6676e000
core   0: 0x00002880 (0x00000ea6) c.slli  t4, 9
core   0: 3 0x00002880 (0x0ea6) x29 0xedc00000
core   0: 0x00002882 (0x00008e89) c.sub   a3, a0
core   0: 3 0x00002882 (0x8e89) x13 0xe68d8f32
core   0: 0x00002884 (0x4a784013) xori    zero, a6, 1191
core   0: 3 0x00002884 (0x4a784013)
core   0: 0x00002888 (0x02298a33) mul     s4, s3, sp
core   0: 3 0x00002888 (0x02298a33) x20 0x00000000
core   0: 0x0000288c (0x00008c8e) c.mv    s9, gp
core   0: 3 0x0000288c (0x8c8e) x25 0x00000000
core   0: 0x0000288e (0x014eacb3) slt     s9, t4, s4
core   0: 3 0x0000288e (0x014eacb3) x25 0x00000001
core   0: 0x00002892 (0x0000cd21) c.beqz  a0, pc + 88
core   0: 3 0x00002892 (0xcd21)
core   0: 0x00002894 (0x00009b9a) c.add   s7, t1
core   0: 3 0x00002894 (0x9b9a) x23 0xecef6f02
core   0: 0x00002896 (0x00006f41) c.lui   t5, 0x10
core   0: 3 0x00002896 (0x6f41) x30 0x00010000
core   0: 0x00002898 (0xa5a5afb7) lui     t6, 0xa5a5a
core   0: 3 0x00002898 (0xa5a5afb7) x31 0xa5a5a000
core   0: 0x0000289c (0x5a5f8f93) addi    t6, t6, 1445
core   0: 3 0x0000289c (0x5a5f8f93) x31 0xa5a5a5a5
core   0: 0x000028a0 (0x698f5f93) rev8.rv32 (args unknown)
core   0: 3 0x000028a0 (0x698f5f93) x31 0x00000100
core   0: 0x000028a4 (0x03b36033) rem     zero, t1, s11
core   0: 3 0x000028a4 (0x03b36033)
core   0: 0x000028a8 (0x0000e501) c.bnez  a0, pc + 8
core   0: 3 0x000028a8 (0xe501)
core   0: 0x000028b0 (0x3befe613) ori     a2, t6, 958
core   0: 3 0x000028b0 (0x3befe613) x12 0x000003be
core   0: 0x000028b4 (0x41e7df13) srai    t5, a5, 30
core   0: 3 0x000028b4 (0x41e7df13) x30 0x00000000
core   0: 0x000028b8 (0x00000001) c.nop
core   0: 3 0x000028b8 (0x0001)
core   0: 0x000028ba (0x01b9fb33) and     s6, s3, s11
core   0: 3 0x000028ba (0x01b9fb33) x22 0x00000000
core   0: 0x000028be (0x0000c92d) c.beqz  a0, pc + 114
core   0: 3 0x000028be (0xc92d)
core   0: 0x000028c0 (0x0287e933) rem     s2, a5, s0
core   0: 3 0x000028c0 (0x0287e933) x18 0x00000003
core   0: 0x000028c4 (0x80000f37) lui     t5, 0x80000
core   0: 3 0x000028c4 (0x80000f37) x30 0x80000000
core   0: 0x000028c8 (0x00001f7d) c.addi  t5, -1
core   0: 3 0x000028c8 (0x1f7d) x30 0x7fffffff
core   0: 0x000028ca (0x00004f81) c.li    t6, 0
core   0: 3 0x000028ca (0x4f81) x31 0x00000000
core   0: 0x000028cc (0x49ff1fb3) bclr    t6, t5, t6
core   0: 3 0x000028cc (0x49ff1fb3) x31 0x7ffffffe
core   0: 0x000028d0 (0x80000f37) lui     t5, 0x80000
core   0: 3 0x000028d0 (0x80000f37) x30 0x80000000
core   0: 0x000028d4 (0x00005ffd) c.li    t6, -1
core   0: 3 0x000028d4 (0x5ffd) x31 0xffffffff
core   0: 0x000028d6 (0x03ff4fb3) div     t6, t5, t6
core   0: 3 0x000028d6 (0x03ff4fb3) x31 0x80000000
core   0: 0x000028da (0x03ef6fb3) rem     t6, t5, t5
core   0: 3 0x000028da (0x03ef6fb3) x31 0x00000000
core   0: 0x000028de (0x00004f81) c.li    t6, 0
core   0: 3 0x000028de (0x4f81) x31 0x00000000
core   0: 0x000028e0 (0x03ff5fb3) divu    t6, t5, t6
core   0: 3 0x000028e0 (0x03ff5fb3) x31 0xffffffff
core   0: 0x000028e4 (0x00004f81) c.li    t6, 0
core   0: 3 0x000028e4 (0x4f81) x31 0x00000000
core   0: 0x000028e6 (0x03ff6fb3) rem     t6, t5, t6
core   0: 3 0x000028e6 (0x03ff6fb3) x31 0x80000000
core   0: 0x000028ea (0x01995933) srl     s2, s2, s9
core   0: 3 0x000028ea (0x01995933) x18 0x00000001
core   0: 0x000028ee (0x0000eea9) c.bnez  a3, pc + 90
core   0: 3 0x000028ee (0xeea9)
core   0: 0x00002948 (0x02502533) mulhsu  a0, zero, t0
core   0: 3 0x00002948 (0x02502533) x10 0x00000000
core   0: 0x0000294c (0xc1403513) sltiu   a0, zero, -1004
core   0: 3 0x0000294c (0xc1403513) x10 0x00000001
core   0: 0x00002950 (0x40bc51b3) sra     gp, s8, a1
core   0: 3 0x00002950 (0x40bc51b3) x3  0xfcff6c54
core   0: 0x00002954 (0x00008d09) c.sub   a0, a0
core   0: 3 0x00002954 (0x8d09) x10 0x00000000
core   0: 0x00002956 (0x0000717d) c.addi16sp sp, -16
core   0: 3 0x00002956 (0x717d) x2  0xfffffff0
core   0: 0x00002958 (0x00445913) srli    s2, s0, 4
core   0: 3 0x00002958 (0x00445913) x18 0x05c394be
core   0: 0x0000295c (0x03e2ca33) div     s4, t0, t5
core   0: 3 0x0000295c (0x03e2ca33) x20 0x00000000
core   0: 0x00002960 (0x00008205) c.srli  a2, 1
core   0: 3 0x00002960 (0x8205) x12 0x000001df
core   0: 0x00002962 (0x003b8033) add     zero, s7, gp
core   0: 3 0x00002962 (0x003b8033)
core   0: 0x00002966 (0x00004f01) c.li    t5, 0
core   0: 3 0x00002966 (0x4f01) x30 0x00000000
core   0: 0x00002968 (0x80000fb7) lui     t6, 0x80000
core   0: 3 0x00002968 (0x80000fb7) x31 0x80000000
core   0: 0x0000296c (0x00001ffd) c.addi  t6, -1
core   0: 3 0x0000296c (0x1ffd) x31 0x7fffffff
core   0: 0x0000296e (0x29ff1fb3) bset    t6, t5, t6
core   0: 3 0x0000296e (0x29ff1fb3) x31 0x80000000
core   0: 0x00002972 (0x00e81a13) slli    s4, a6, 14
core   0: 3 0x00002972 (0x00e81a13) x20 0x00000000
core   0: 0x00002976 (0x0035d0b3) srl     ra, a1, gp
core   0: 3 0x00002976 (0x0035d0b3) x1  0x00000000
core   0: 0x0000297a (0x0190b4b3) sltu    s1, ra, s9
core   0: 3 0x0000297a (0x0190b4b3) x9  0x00000001
core   0: 0x0000297e (0x0352dd33) divu    s10, t0, s5
core   0: 3 0x0000297e (0x0352dd33) x26 0x00000000
core   0: 0x00002982 (0x020e5d63) bgez    t3, pc + 58
core   0: 3 0x00002982 (0x020e5d63)
core   0: 0x000029bc (0x000042d5) c.li    t0, 21
core   0: 3 0x000029bc (0x42d5) x5  0x00000015
core   0: 0x000029be (0x61d444b7) lui     s1, 0x61d44
core   0: 3 0x000029be (0x61d444b7) x9  0x61d44000
core   0: 0x000029c2 (0x00006f41) c.lui   t5, 0x10
core   0: 3 0x000029c2 (0x6f41) x30 0x00010000
core   0: 0x000029c4 (0xa5a5afb7) lui     t6, 0xa5a5a
core   0: 3 0x000029c4 (0xa5a5afb7) x31 0xa5a5a000
core   0: 0x000029c8 (0x5a5f8f93) addi    t6, t6, 1445
core   0: 3 0x000029c8 (0x5a5f8f93) x31 0xa5a5a5a5
core   0: 0x000029cc (0x48ff5f93) bexti   t6, t5, 15
core   0: 3 0x000029cc (0x48ff5f93) x31 0x00000000
core   0: 0x000029d0 (0x340f1073) csrw    mscratch, t5
core   0: 3 0x000029d0 (0x340f1073) c832_mscratch 0x00010000
core   0: 0x000029d4 (0x34002ff3) csrr    t6, mscratch
core   0: 3 0x000029d4 (0x34002ff3) x31 0x00010000
core   0: 0x000029d8 (0x34003ff3) csrrc   t6, mscratch, zero
core   0: 3 0x000029d8 (0x34003ff3) x31 0x00010000
core   0: 0x000029dc (0x000040c1) c.li    ra, 16
core   0: 3 0x000029dc (0x40c1) x1  0x00000010
core   0: 0x000029de (0x00006831) c.lui   a6, 0xc
core   0: 3 0x000029de (0x6831) x16 0x0000c000
core   0: 0x000029e0 (0x000086cd) c.srai  a3, 19
core   0: 3 0x000029e0 (0x86cd) x13 0xfffffcd1
core   0: 0x000029e2 (0xbd33fc93) andi    s9, t2, -1069
core   0: 3 0x000029e2 (0xbd33fc93) x25 0x00000000
core   0: 0x000029e6 (0x4160dc13) srai    s8, ra, 22
core   0: 3 0x000029e6 (0x4160dc13) x24 0x00000000
core   0: 0x000029ea (0x000f5a13) srli    s4, t5, 0
core   0: 3 0x000029ea (0x000f5a13) x20 0x00010000
core   0: 0x000029ee (0x13713b93) sltiu   s7, sp, 311
core   0: 3 0x000029ee (0x13713b93) x23 0x00000000
core   0: 0x000029f2 (0x00000510) c.addi4spn a2, sp, 640
core   0: 3 0x000029f2 (0x0510) x12 0x00000270
core   0: 0x000029f4 (0x0000c999) c.beqz  a1, pc + 22
core   0: 3 0x000029f4 (0xc999)
core   0: 0x00002a0a (0x6aee2813) slti    a6, t3, 1710
core   0: 3 0x00002a0a (0x6aee2813) x16 0x00000000
core   0: 0x00002a0e (0x1f22cd13) xori    s10, t0, 498
core   0: 3 0x00002a0e (0x1f22cd13) x26 0x000001e7
core   0: 0x00002a12 (0x0234bb33) mulhu   s6, s1, gp
core   0: 3 0x00002a12 (0x0234bb33) x22 0x60ae8ad1
core   0: 0x00002a16 (0x9ad11997) auipc   s3, 0x9ad11
core   0: 3 0x00002a16 (0x9ad11997) x19 0x9ad13a16
core   0: 0x00002a1a (0x40c45033) sra     zero, s0, a2
core   0: 3 0x00002a1a (0x40c45033)
core   0: 0x00002a1e (0x00eff2b3) and     t0, t6, a4
core   0: 3 0x00002a1e (0x00eff2b3) x5  0x00010000
core   0: 0x00002a22 (0x00000a94) c.addi4spn a3, sp, 336
core   0: 3 0x00002a22 (0x0a94) x13 0x00000140
core   0: 0x00002a24 (0x3a867013) andi    zero, a2, 936
core   0: 3 0x00002a24 (0x3a867013)
core   0: 0x00002a28 (0x80000f37) lui     t5, 0x80000
core   0: 3 0x00002a28 (0x80000f37) x30 0x80000000
core   0: 0x00002a2c (0x00007fc1) c.lui   t6, 0xffff0
core   0: 3 0x00002a2c (0x7fc1) x31 0xffff0000
core   0: 0x00002a2e (0x00000f85) c.addi  t6, 1
core   0: 3 0x00002a2e (0x0f85) x31 0xffff0001
core   0: 0x00002a30 (0x29ff1f93) bseti   t6, t5, 31
core   0: 3 0x00002a30 (0x29ff1f93) x31 0x80000000
core   0: 0x00002a34 (0x000069f9) c.lui   s3, 0x1e
core   0: 3 0x00002a34 (0x69f9) x19 0x0001e000
core   0: 0x00002a36 (0x0002a2b3) slt     t0, t0, zero
core   0: 3 0x00002a36 (0x0002a2b3) x5  0x00000000
core   0: 0x00002a3a (0x013957b3) srl     a5, s2, s3
core   0: 3 0x00002a3a (0x013957b3) x15 0x05c394be
core   0: 0x00002a3e (0x00008d0d) c.sub   a0, a1
core   0: 3 0x00002a3e (0x8d0d) x10 0x00000000
core   0: 0x00002a40 (0x41b85f33) sra     t5, a6, s11
core   0: 3 0x00002a40 (0x41b85f33) x30 0x00000000
core   0: 0x00002a44 (0x0037f5b3) and     a1, a5, gp
core   0: 3 0x00002a44 (0x0037f5b3) x11 0x04c30414
core   0: 0x00002a48 (0x00a47563) bgeu    s0, a0, pc + 10
core   0: 3 0x00002a48 (0x00a47563)
core   0: 0x00002a52 (0x01a728b3) slt     a7, a4, s10
core   0: 3 0x00002a52 (0x01a728b3) x17 0x00000000
core   0: 0x00002a56 (0xa5a5af37) lui     t5, 0xa5a5a
core   0: 3 0x00002a56 (0xa5a5af37) x30 0xa5a5a000
core   0: 0x00002a5a (0x5a5f0f13) addi    t5, t5, 1445
core   0: 3 0x00002a5a (0x5a5f0f13) x30 0xa5a5a5a5
core   0: 0x00002a5e (0x00006fc1) c.lui   t6, 0x10
core   0: 3 0x00002a5e (0x6fc1) x31 0x00010000
core   0: 0x00002a60 (0x0fff5fb3) czero.eqz t6, t5, t6
core   0: 3 0x00002a60 (0x0fff5fb3) x31 0xa5a5a5a5
core   0: 0x00002a64 (0x00006139) c.addi16sp sp, 448
core   0: 3 0x00002a64 (0x6139) x2  0x000001b0
core   0: 0x00002a66 (0x017f8b33) add     s6, t6, s7
core   0: 3 0x00002a66 (0x017f8b33) x22 0xa5a5a5a5
core   0: 0x00002a6a (0x4188dcb3) sra     s9, a7, s8
core   0: 3 0x00002a6a (0x4188dcb3) x25 0x00000000
core   0: 0x00002a6e (0x2dcbe013) ori     zero, s7, 732
core   0: 3 0x00002a6e (0x2dcbe013)
core   0: 0x00002a72 (0x03cb8db3) mul     s11, s7, t3
core   0: 3 0x00002a72 (0x03cb8db3) x27 0x00000000
core   0: 0x00002a76 (0x03e93233) mulhu   tp, s2, t5
core   0: 3 0x00002a76 (0x03e93233) x4  0x03bac9a8
core   0: 0x00002a7a (0x540ef013) andi    zero, t4, 1344
core   0: 3 0x00002a7a (0x540ef013)
core   0: 0x00002a7e (0x00cd2c33) slt     s8, s10, a2
core   0: 3 0x00002a7e (0x00cd2c33) x24 0x00000001
core   0: 0x00002a82 (0x00587f63) bgeu    a6, t0, pc + 30
core   0: 3 0x00002a82 (0x00587f63)
core   0: 0x00002aa0 (0x007e6133) or      sp, t3, t2
core   0: 3 0x00002aa0 (0x007e6133) x2  0x00011794
core   0: 0x00002aa4 (0xa4b9b913) sltiu   s2, s3, -1461
core   0: 3 0x00002aa4 (0xa4b9b913) x18 0x00000001
core   0: 0x00002aa8 (0x01fc0333) add     t1, s8, t6
core   0: 3 0x00002aa8 (0x01fc0333) x6  0xa5a5a5a6
core   0: 0x00002aac (0x00000001) c.nop
core   0: 3 0x00002aac (0x0001)
core   0: 0x00002aae (0x08874463) blt     a4, s0, pc + 136
core   0: 3 0x00002aae (0x08874463)
core   0: 0x00002b36 (0x830a8137) lui     sp, 0x830a8
core   0: 3 0x00002b36 (0x830a8137) x2  0x830a8000
core   0: 0x00002b3a (0x00000001) c.nop
core   0: 3 0x00002b3a (0x0001)
core   0: 0x00002b3c (0x1c1a7013) andi    zero, s4, 449
core   0: 3 0x00002b3c (0x1c1a7013)
core   0: 0x00002b40 (0x588d2617) auipc   a2, 0x588d2
core   0: 3 0x00002b40 (0x588d2617) x12 0x588d4b40
core   0: 0x00002b44 (0x274ae8b7) lui     a7, 0x274ae
core   0: 3 0x00002b44 (0x274ae8b7) x17 0x274ae000
core   0: 0x00002b48 (0x3af82b93) slti    s7, a6, 943
core   0: 3 0x00002b48 (0x3af82b93) x23 0x00000001
core   0: 0x00002b4c (0x51a8a513) slti    a0, a7, 1306
core   0: 3 0x00002b4c (0x51a8a513) x10 0x00000000
core   0: 0x00002b50 (0x80000f37) lui     t5, 0x80000
core   0: 3 0x00002b50 (0x80000f37) x30 0x80000000
core   0: 0x00002b54 (0x00001f7d) c.addi  t5, -1
core   0: 3 0x00002b54 (0x1f7d) x30 0x7fffffff
core   0: 0x00002b56 (0x00004f81) c.li    t6, 0
core   0: 3 0x00002b56 (0x4f81) x31 0x00000000
core   0: 0x00002b58 (0x21ff6fb3) sh3add  t6, t5, t6
core   0: 3 0x00002b58 (0x21ff6fb3) x31 0xfffffff8
core   0: 0x00002b5c (0x41655e93) srai    t4, a0, 22
core   0: 3 0x00002b5c (0x41655e93) x29 0x00000000
core   0: 0x00002b60 (0x16ca3b13) sltiu   s6, s4, 364
core   0: 3 0x00002b60 (0x16ca3b13) x22 0x00000000
core   0: 0x00002b64 (0x9c186013) prefetch.r -1600(a6)
core   0: 3 0x00002b64 (0x9c186013)
core   0: 0x00002b68 (0x00000822) c.slli  a6, 8
core   0: 3 0x00002b68 (0x0822) x16 0x00000000
core   0: 0x00002b6a (0x00001c7d) c.addi  s8, -1
core   0: 3 0x00002b6a (0x1c7d) x24 0x00000000
core   0: 0x00002b6c (0x00f1c863) blt     gp, a5, pc + 16
core   0: 3 0x00002b6c (0x00f1c863)
core   0: 0x00002b7c (0x00006141) c.addi16sp sp, 16
core   0: 3 0x00002b7c (0x6141) x2  0x830a8010
core   0: 0x00002b7e (0x80000f37) lui     t5, 0x80000
core   0: 3 0x00002b7e (0x80000f37) x30 0x80000000
core   0: 0x00002b82 (0x00007fc1) c.lui   t6, 0xffff0
core   0: 3 0x00002b82 (0x7fc1) x31 0xffff0000
core   0: 0x00002b84 (0x00000f85) c.addi  t6, 1
core   0: 3 0x00002b84 (0x0f85) x31 0xffff0001
core   0: 0x00002b86 (0x41ff7fb3) andn    t6, t5, t6
core   0: 3 0x00002b86 (0x41ff7fb3) x31 0x00000000
core   0: 0x00002b8a (0x03f91f63) bne     s2, t6, pc + 62
core   0: 3 0x00002b8a (0x03f91f63)
core   0: 0x00002bc8 (0x000092ea) c.add   t0, s10
core   0: 3 0x00002bc8 (0x92ea) x5  0x000001e7
core   0: 0x00002bca (0x00008529) c.srai  a0, 10
core   0: 3 0x00002bca (0x8529) x10 0x00000000
core   0: 0x00002bcc (0x4d8338b7) lui     a7, 0x4d833
core   0: 3 0x00002bcc (0x4d8338b7) x17 0x4d833000
core   0: 0x00002bd0 (0x03ced3b3) divu    t2, t4, t3
core   0: 3 0x00002bd0 (0x03ced3b3) x7  0x00000000
core   0: 0x00002bd4 (0x2808b537) lui     a0, 0x2808b
core   0: 3 0x00002bd4 (0x2808b537) x10 0x2808b000
core   0: 0x00002bd8 (0x00000786) c.slli  a5, 1
core   0: 3 0x00002bd8 (0x0786) x15 0x0b87297c
core   0: 0x00002bda (0x00004f01) c.li    t5, 0
core   0: 3 0x00002bda (0x4f01) x30 0x00000000
core   0: 0x00002bdc (0x80000fb7) lui     t6, 0x80000
core   0: 3 0x00002bdc (0x80000fb7) x31 0x80000000
core   0: 0x00002be0 (0x00001ffd) c.addi  t6, -1
core   0: 3 0x00002be0 (0x1ffd) x31 0x7fffffff
core   0: 0x00002be2 (0x41ff4fb3) xnor    t6, t5, t6
core   0: 3 0x00002be2 (0x41ff4fb3) x31 0x80000000
core   0: 0x00002be6 (0x34009073) csrw    mscratch, ra
core   0: 3 0x00002be6 (0x34009073) c832_mscratch 0x00000010
core   0: 0x00002bea (0x00002009) c.jal   pc + 2
core   0: 3 0x00002bea (0x2009) x1  0x00002bec
core   0: 0x00002bec (0x004000ef) jal     pc + 0x4
core   0: 3 0x00002bec (0x004000ef) x1  0x00002bf0
core   0: 0x00002bf0 (0x004000ef) jal     pc + 0x4
core   0: 3 0x00002bf0 (0x004000ef) x1  0x00002bf4
core   0: 0x00002bf4 (0x00000097) auipc   ra, 0x0
core   0: 3 0x00002bf4 (0x00000097) x1  0x00002bf4
core   0: 0x00002bf8 (0x00c08093) addi    ra, ra, 12
core   0: 3 0x00002bf8 (0x00c08093) x1  0x00002c00
core   0: 0x00002bfc (0x00008067) ret
core   0: 3 0x00002bfc (0x00008067)
core   0: 0x00002c00 (0x340020f3) csrr    ra, mscratch
core   0: 3 0x00002c00 (0x340020f3) x1  0x00000010
core   0: 0x00002c04 (0x03298863) beq     s3, s2, pc + 48
core   0: 3 0x00002c04 (0x03298863)
core   0: 0x00002c08 (0x00006139) c.addi16sp sp, 448
core   0: 3 0x00002c08 (0x6139) x2  0x830a81d0
core   0: 0x00002c0a (0x03cee533) rem     a0, t4, t3
core   0: 3 0x00002c0a (0x03cee533) x10 0x00000000
core   0: 0x00002c0e (0x016dd913) srli    s2, s11, 22
core   0: 3 0x00002c0e (0x016dd913) x18 0x00000000
core   0: 0x00002c12 (0x034c8ab3) mul     s5, s9, s4
core   0: 3 0x00002c12 (0x034c8ab3) x21 0x00000000
core   0: 0x00002c16 (0x00009afd) c.andi  a3, -1
core   0: 3 0x00002c16 (0x9afd) x13 0x00000140
core   0: 0x00002c18 (0x00009b0a) c.add   s6, sp
core   0: 3 0x00002c18 (0x9b0a) x22 0x830a81d0
core   0: 0x00002c1a (0x032d1963) bne     s10, s2, pc + 50
core   0: 3 0x00002c1a (0x032d1963)
core   0: 0x00002c4c (0x01c198b3) sll     a7, gp, t3
core   0: 3 0x00002c4c (0x01c198b3) x17 0xc5400000
core   0: 0x00002c50 (0x00008665) c.srai  a2, 25
core   0: 3 0x00002c50 (0x8665) x12 0x0000002c
core   0: 0x00002c52 (0x00006f41) c.lui   t5, 0x10
core   0: 3 0x00002c52 (0x6f41) x30 0x00010000
core   0: 0x00002c54 (0xa5a5afb7) lui     t6, 0xa5a5a
core   0: 3 0x00002c54 (0xa5a5afb7) x31 0xa5a5a000
core   0: 0x00002c58 (0x5a5f8f93) addi    t6, t6, 1445
core   0: 3 0x00002c58 (0x5a5f8f93) x31 0xa5a5a5a5
core   0: 0x00002c5c (0x601f1f93) ctz     t6, t5
core   0: 3 0x00002c5c (0x601f1f93) x31 0x00000010
core   0: 0x00002c60 (0x0018f333) and     t1, a7, ra
core   0: 3 0x00002c60 (0x0018f333) x6  0x00000000
core   0: 0x00002c64 (0x000099fd) c.andi  a1, -1
core   0: 3 0x00002c64 (0x99fd) x11 0x04c30414
core   0: 0x00002c66 (0x03793b33) mulhu   s6, s2, s7
core   0: 3 0x00002c66 (0x03793b33) x22 0x00000000
core   0: 0x00002c6a (0x000080da) c.mv    ra, s6
core   0: 3 0x00002c6a (0x80da) x1  0x00000000
core   0: 0x00002c6c (0x0000ef0d) c.bnez  a4, pc + 58
core   0: 3 0x00002c6c (0xef0d)
core   0: 0x00002ca6 (0x0339a733) mulhsu  a4, s3, s3
core   0: 3 0x00002ca6 (0x0339a733) x14 0x00000003
core   0: 0x00002caa (0x007a9593) slli    a1, s5, 7
core   0: 3 0x00002caa (0x007a9593) x11 0x00000000
core   0: 0x00002cae (0x80000f37) lui     t5, 0x80000
core   0: 3 0x00002cae (0x80000f37) x30 0x80000000
core   0: 0x00002cb2 (0x00007fc1) c.lui   t6, 0xffff0
core   0: 3 0x00002cb2 (0x7fc1) x31 0xffff0000
core   0: 0x00002cb4 (0x00000f85) c.addi  t6, 1
core   0: 3 0x00002cb4 (0x0f85) x31 0xffff0001
core   0: 0x00002cb6 (0x0bff4fb3) min     t6, t5, t6
core   0: 3 0x00002cb6 (0x0bff4fb3) x31 0x80000000
core   0: 0x00002cba (0x310c2b93) slti    s7, s8, 784
core   0: 3 0x00002cba (0x310c2b93) x23 0x00000001
core   0: 0x00002cbe (0x0000e901) c.bnez  a0, pc + 16
core   0: 3 0x00002cbe (0xe901)
core   0: 0x00002cc0 (0x016fe563) bltu    t6, s6, pc + 10
core   0: 3 0x00002cc0 (0x016fe563)
core   0: 0x00002cc4 (0xe9dbfa13) andi    s4, s7, -355
core   0: 3 0x00002cc4 (0xe9dbfa13) x20 0x00000001
core   0: 0x00002cc8 (0x0000e131) c.bnez  a0, pc + 68
core   0: 3 0x00002cc8 (0xe131)
core   0: 0x00002cca (0x0000717d) c.addi16sp sp, -16
core   0: 3 0x00002cca (0x717d) x2  0x830a81c0
core   0: 0x00002ccc (0x00008e35) c.xor   a2, a3
core   0: 3 0x00002ccc (0x8e35) x12 0x0000016c
core   0: 0x00002cce (0x022f5533) divu    a0, t5, sp
core   0: 3 0x00002cce (0x022f5533) x10 0x00000000
core   0: 0x00002cd2 (0x00000d22) c.slli  s10, 8
core   0: 3 0x00002cd2 (0x0d22) x26 0x0001e700
core   0: 0x00002cd4 (0x0000717d) c.addi16sp sp, -16
core   0: 3 0x00002cd4 (0x717d) x2  0x830a81b0
core   0: 0x00002cd6 (0xa5a5af37) lui     t5, 0xa5a5a
core   0: 3 0x00002cd6 (0xa5a5af37) x30 0xa5a5a000
core   0: 0x00002cda (0x5a5f0f13) addi    t5, t5, 1445
core   0: 3 0x00002cda (0x5a5f0f13) x30 0xa5a5a5a5
core   0: 0x00002cde (0x00006fc1) c.lui   t6, 0x10
core   0: 3 0x00002cde (0x6fc1) x31 0x00010000
core   0: 0x00002ce0 (0x0bff5fb3) minu    t6, t5, t6
core   0: 3 0x00002ce0 (0x0bff5fb3) x31 0x00010000
core   0: 0x00002ce4 (0x80000f37) lui     t5, 0x80000
core   0: 3 0x00002ce4 (0x80000f37) x30 0x80000000
core   0: 0x00002ce8 (0x00005ffd) c.li    t6, -1
core   0: 3 0x00002ce8 (0x5ffd) x31 0xffffffff
core   0: 0x00002cea (0x03ff4fb3) div     t6, t5, t6
core   0: 3 0x00002cea (0x03ff4fb3) x31 0x80000000
core   0: 0x00002cee (0x03ef6fb3) rem     t6, t5, t5
core   0: 3 0x00002cee (0x03ef6fb3) x31 0x00000000
core   0: 0x00002cf2 (0x00004f81) c.li    t6, 0
core   0: 3 0x00002cf2 (0x4f81) x31 0x00000000
core   0: 0x00002cf4 (0x03ff5fb3) divu    t6, t5, t6
core   0: 3 0x00002cf4 (0x03ff5fb3) x31 0xffffffff
core   0: 0x00002cf8 (0x00004f81) c.li    t6, 0
core   0: 3 0x00002cf8 (0x4f81) x31 0x00000000
core   0: 0x00002cfa (0x03ff6fb3) rem     t6, t5, t6
core   0: 3 0x00002cfa (0x03ff6fb3) x31 0x80000000
core   0: 0x00002cfe (0x00aad133) srl     sp, s5, a0
core   0: 3 0x00002cfe (0x00aad133) x2  0x00000000
core   0: 0x00002d02 (0x00000001) c.nop
core   0: 3 0x00002d02 (0x0001)
core   0: 0x00002d04 (0x03e42b33) mulhsu  s6, s0, t5
core   0: 3 0x00002d04 (0x03e42b33) x22 0x2e1ca5f0
core   0: 0x00002d08 (0x010285b3) add     a1, t0, a6
core   0: 3 0x00002d08 (0x010285b3) x11 0x000001e7
core   0: 0x00002d0c (0x00807263) bgeu    zero, s0, pc + 4
core   0: 3 0x00002d0c (0x00807263)
core   0: 0x00002d10 (0x0000614d) c.addi16sp sp, 176
core   0: 3 0x00002d10 (0x614d) x2  0x000000b0
core   0: 0x00002d12 (0x034624b3) mulhsu  s1, a2, s4
core   0: 3 0x00002d12 (0x034624b3) x9  0x00000000
core   0: 0x00002d16 (0x03ee0763) beq     t3, t5, pc + 46
core   0: 3 0x00002d16 (0x03ee0763)
core   0: 0x00002d1a (0x010e9b33) sll     s6, t4, a6
core   0: 3 0x00002d1a (0x010e9b33) x22 0x00000000
core   0: 0x00002d1e (0x40760c33) sub     s8, a2, t2
core   0: 3 0x00002d1e (0x40760c33) x24 0x0000016c
core   0: 0x00002d22 (0x00004f01) c.li    t5, 0
core   0: 3 0x00002d22 (0x4f01) x30 0x00000000
core   0: 0x00002d24 (0x80000fb7) lui     t6, 0x80000
core   0: 3 0x00002d24 (0x80000fb7) x31 0x80000000
core   0: 0x00002d28 (0x00001ffd) c.addi  t6, -1
core   0: 3 0x00002d28 (0x1ffd) x31 0x7fffffff
core   0: 0x00002d2a (0x0bff6fb3) max     t6, t5, t6
core   0: 3 0x00002d2a (0x0bff6fb3) x31 0x7fffffff
core   0: 0x00002d2e (0x014ed833) srl     a6, t4, s4
core   0: 3 0x00002d2e (0x014ed833) x16 0x00000000
core   0: 0x00002d32 (0x00008242) c.mv    tp, a6
core   0: 3 0x00002d32 (0x8242) x4  0x00000000
core   0: 0x00002d34 (0x00008ff5) c.and   a5, a3
core   0: 3 0x00002d34 (0x8ff5) x15 0x00000140
core   0: 0x00002d36 (0x00d95db3) srl     s11, s2, a3
core   0: 3 0x00002d36 (0x00d95db3) x27 0x00000000
core   0: 0x00002d3a (0x716a6893) ori     a7, s4, 1814
core   0: 3 0x00002d3a (0x716a6893) x17 0x00000717
core   0: 0x00002d3e (0x00000001) c.nop
core   0: 3 0x00002d3e (0x0001)
core   0: 0x00002d40 (0x05879863) bne     a5, s8, pc + 80
core   0: 3 0x00002d40 (0x05879863)
core   0: 0x00002d90 (0x00008261) c.srli  a2, 24
core   0: 3 0x00002d90 (0x8261) x12 0x00000000
core   0: 0x00002d92 (0xe569e913) ori     s2, s3, -426
core   0: 3 0x00002d92 (0xe569e913) x18 0xfffffe56
core   0: 0x00002d96 (0x52a54d13) xori    s10, a0, 1322
core   0: 3 0x00002d96 (0x52a54d13) x26 0x0000052a
core   0: 0x00002d9a (0x03c7e133) rem     sp, a5, t3
core   0: 3 0x00002d9a (0x03c7e133) x2  0x00000140
core   0: 0x00002d9e (0x000008c6) c.slli  a7, 17
core   0: 3 0x00002d9e (0x08c6) x17 0x0e2e0000
core   0: 0x00002da0 (0x03f86233) rem     tp, a6, t6
core   0: 3 0x00002da0 (0x03f86233) x4  0x00000000
core   0: 0x00002da4 (0x00008de9) c.and   a1, a0
core   0: 3 0x00002da4 (0x8de9) x11 0x00000000
core   0: 0x00002da6 (0x4ec3c213) xori    tp, t2, 1260
core   0: 3 0x00002da6 (0x4ec3c213) x4  0x000004ec
core   0: 0x00002daa (0x00008569) c.srai  a0, 26
core   0: 3 0x00002daa (0x8569) x10 0x00000000
core   0: 0x00002dac (0x80000f37) lui     t5, 0x80000
core   0: 3 0x00002dac (0x80000f37) x30 0x80000000
core   0: 0x00002db0 (0x00001f7d) c.addi  t5, -1
core   0: 3 0x00002db0 (0x1f7d) x30 0x7fffffff
core   0: 0x00002db2 (0x00004f81) c.li    t6, 0
core   0: 3 0x00002db2 (0x4f81) x31 0x00000000
core   0: 0x00002db4 (0x605f1f93) sext.h  t6, t5
core   0: 3 0x00002db4 (0x605f1f93) x31 0xffffffff
core   0: 0x00002db8 (0x03552f33) mulhsu  t5, a0, s5
core   0: 3 0x00002db8 (0x03552f33) x30 0x00000000
core   0: 0x00002dbc (0x026be533) rem     a0, s7, t1
core   0: 3 0x00002dbc (0x026be533) x10 0x00000001
core   0: 0x00002dc0 (0x2a8fca13) xori    s4, t6, 680
core   0: 3 0x00002dc0 (0x2a8fca13) x20 0xfffffd57
core   0: 0x00002dc4 (0x007c5533) srl     a0, s8, t2
core   0: 3 0x00002dc4 (0x007c5533) x10 0x0000016c
core   0: 0x00002dc8 (0x013ee133) or      sp, t4, s3
core   0: 3 0x00002dc8 (0x013ee133) x2  0x0001e000
core   0: 0x00002dcc (0x0000e681) c.bnez  a3, pc + 8
core   0: 3 0x00002dcc (0xe681)
core   0: 0x00002dd4 (0x000094c6) c.add   s1, a7
core   0: 3 0x00002dd4 (0x94c6) x9  0x0e2e0000
core   0: 0x00002dd6 (0x01315e63) bge     sp, s3, pc + 28
core   0: 3 0x00002dd6 (0x01315e63)
core   0: 0x00002df2 (0x00009d1a) c.add   s10, t1
core   0: 3 0x00002df2 (0x9d1a) x26 0x0000052a
core   0: 0x00002df4 (0x0186e863) bltu    a3, s8, pc + 16
core   0: 3 0x00002df4 (0x0186e863)
core   0: 0x00002e04 (0xd5e4f493) andi    s1, s1, -674
core   0: 3 0x00002e04 (0xd5e4f493) x9  0x0e2e0000
core   0: 0x00002e08 (0x0034d013) srli    zero, s1, 3
core   0: 3 0x00002e08 (0x0034d013)
core   0: 0x00002e0c (0x0247d633) divu    a2, a5, tp
core   0: 3 0x00002e0c (0x0247d633) x12 0x00000000
core   0: 0x00002e10 (0x00008669) c.srai  a2, 26
core   0: 3 0x00002e10 (0x8669) x12 0x00000000
core   0: 0x00002e12 (0x414689b3) sub     s3, a3, s4
core   0: 3 0x00002e12 (0x414689b3) x19 0x000003e9
core   0: 0x00002e16 (0xa5a5af37) lui     t5, 0xa5a5a
core   0: 3 0x00002e16 (0xa5a5af37) x30 0xa5a5a000
core   0: 0x00002e1a (0x5a5f0f13) addi    t5, t5, 1445
core   0: 3 0x00002e1a (0x5a5f0f13) x30 0xa5a5a5a5
core   0: 0x00002e1e (0x00006fc1) c.lui   t6, 0x10
core   0: 3 0x00002e1e (0x6fc1) x31 0x00010000
core   0: 0x00002e20 (0x61ff1fb3) rol     t6, t5, t6
core   0: 3 0x00002e20 (0x61ff1fb3) x31 0xa5a5a5a5
core   0: 0x00002e24 (0x00c6b2b3) sltu    t0, a3, a2
core   0: 3 0x00002e24 (0x00c6b2b3) x5  0x00000000
core   0: 0x00002e28 (0x04c3f963) bgeu    t2, a2, pc + 82
core   0: 3 0x00002e28 (0x04c3f963)
core   0: 0x00002e7a (0xf1abe813) ori     a6, s7, -230
core   0: 3 0x00002e7a (0xf1abe813) x16 0xffffff1b
core   0: 0x00002e7e (0x0000efa1) c.bnez  a5, pc + 88
core   0: 3 0x00002e7e (0xefa1)
core   0: 0x00002ed6 (0x004a14b3) sll     s1, s4, tp
core   0: 3 0x00002ed6 (0x004a14b3) x9  0xffd57000
core   0: 0x00002eda (0x01b71d33) sll     s10, a4, s11
core   0: 3 0x00002eda (0x01b71d33) x26 0x00000003
core   0: 0x00002ede (0x00c89013) slli    zero, a7, 12
core   0: 3 0x00002ede (0x00c89013)
core   0: 0x00002ee2 (0x80000f37) lui     t5, 0x80000
core   0: 3 0x00002ee2 (0x80000f37) x30 0x80000000
core   0: 0x00002ee6 (0x00001f7d) c.addi  t5, -1
core   0: 3 0x00002ee6 (0x1f7d) x30 0x7fffffff
core   0: 0x00002ee8 (0x00004f81) c.li    t6, 0
core   0: 3 0x00002ee8 (0x4f81) x31 0x00000000
core   0: 0x00002eea (0x698f5f93) rev8.rv32 (args unknown)
core   0: 3 0x00002eea (0x698f5f93) x31 0xffffff7f
core   0: 0x00002eee (0x34041073) csrw    mscratch, s0
core   0: 3 0x00002eee (0x34041073) c832_mscratch 0x5c394be1
core   0: 0x00002ef2 (0x00001417) auipc   s0, 0x1
core   0: 3 0x00002ef2 (0x00001417) x8  0x00003ef2
core   0: 0x00002ef6 (0xc5640413) addi    s0, s0, -938
core   0: 3 0x00002ef6 (0xc5640413) x8  0x00003b48
core   0: 0x00002efa (0x0000c004) c.sw    s1, 0(s0)
core   0: 3 0x00002efa (0xc004) mem 0x00003b48 0xffd57000
core   0: 0x00002efc (0x00242223) sw      sp, 4(s0)
core   0: 3 0x00002efc (0x00242223) mem 0x00003b4c 0x0001e000
core   0: 0x00002f00 (0x00840113) addi    sp, s0, 8
core   0: 3 0x00002f00 (0x00840113) x2  0x00003b50
core   0: 0x00002f04 (0x0000c07e) c.swsp  t6, 0(sp)
core   0: 3 0x00002f04 (0xc07e) mem 0x00003b50 0xffffff7f
core   0: 0x00002f06 (0x00004f02) c.lwsp  t5, 0(sp)
core   0: 3 0x00002f06 (0x4f02) x30 0xffffff7f mem 0x00003b50
core   0: 0x00002f08 (0x01f42423) sw      t6, 8(s0)
core   0: 3 0x00002f08 (0x01f42423) mem 0x00003b50 0xffffff7f
core   0: 0x00002f0c (0x00004404) c.lw    s1, 8(s0)
core   0: 3 0x00002f0c (0x4404) x9  0xffffff7f mem 0x00003b50
core   0: 0x00002f0e (0x0000c404) c.sw    s1, 8(s0)
core   0: 3 0x00002f0e (0xc404) mem 0x00003b50 0xffffff7f
core   0: 0x00002f10 (0x00442103) lw      sp, 4(s0)
core   0: 3 0x00002f10 (0x00442103) x2  0x0001e000 mem 0x00003b4c
core   0: 0x00002f14 (0x00004004) c.lw    s1, 0(s0)
core   0: 3 0x00002f14 (0x4004) x9  0xffd57000 mem 0x00003b48
core   0: 0x00002f16 (0x34002473) csrr    s0, mscratch
core   0: 3 0x00002f16 (0x34002473) x8  0x5c394be1
core   0: 0x00002f1a (0x400e5b93) srai    s7, t3, 0
core   0: 3 0x00002f1a (0x400e5b93) x23 0x00011794
core   0: 0x00002f1e (0x00008551) c.srai  a0, 20
core   0: 3 0x00002f1e (0x8551) x10 0x00000000
core   0: 0x00002f20 (0x00008129) c.srli  a0, 10
core   0: 3 0x00002f20 (0x8129) x10 0x00000000
core   0: 0x00002f22 (0x01a95a93) srli    s5, s2, 26
core   0: 3 0x00002f22 (0x01a95a93) x21 0x0000003f
core   0: 0x00002f26 (0x09648913) addi    s2, s1, 150
core   0: 3 0x00002f26 (0x09648913) x18 0xffd57096
core   0: 0x00002f2a (0x0000824d) c.srli  a2, 19
core   0: 3 0x00002f2a (0x824d) x12 0x00000000
core   0: 0x00002f2c (0x04d8da63) bge     a7, a3, pc + 84
core   0: 3 0x00002f2c (0x04d8da63)
core   0: 0x00002f80 (0x00009a7d) c.andi  a2, -1
core   0: 3 0x00002f80 (0x9a7d) x12 0x00000000
core   0: 0x00002f82 (0x00000198) c.addi4spn a4, sp, 192
core   0: 3 0x00002f82 (0x0198) x14 0x0001e0c0
core   0: 0x00002f84 (0x0226c963) blt     a3, sp, pc + 50
core   0: 3 0x00002f84 (0x0226c963)
core   0: 0x00002fb6 (0x028fd033) divu    zero, t6, s0
core   0: 3 0x00002fb6 (0x028fd033)
core   0: 0x00002fba (0x020ea7b3) mulhsu  a5, t4, zero
core   0: 3 0x00002fba (0x020ea7b3) x15 0x00000000
core   0: 0x00002fbe (0x01ba6c33) or      s8, s4, s11
core   0: 3 0x00002fbe (0x01ba6c33) x24 0xfffffd57
core   0: 0x00002fc2 (0x00000db9) c.addi  s11, 14
core   0: 3 0x00002fc2 (0x0db9) x27 0x0000000e
core   0: 0x00002fc4 (0x00007f41) c.lui   t5, 0xffff0
core   0: 3 0x00002fc4 (0x7f41) x30 0xffff0000
core   0: 0x00002fc6 (0x00000f05) c.addi  t5, 1
core   0: 3 0x00002fc6 (0x0f05) x30 0xffff0001
core   0: 0x00002fc8 (0x80000fb7) lui     t6, 0x80000
core   0: 3 0x00002fc8 (0x80000fb7) x31 0x80000000
core   0: 0x00002fcc (0x29ff1fb3) bset    t6, t5, t6
core   0: 3 0x00002fcc (0x29ff1fb3) x31 0xffff0001
core   0: 0x00002fd0 (0x409456b3) sra     a3, s0, s1
core   0: 3 0x00002fd0 (0x409456b3) x13 0x5c394be1
core   0: 0x00002fd4 (0xc28f4a93) xori    s5, t5, -984
core   0: 3 0x00002fd4 (0xc28f4a93) x21 0x0000fc29
core   0: 0x00002fd8 (0x0000717d) c.addi16sp sp, -16
core   0: 3 0x00002fd8 (0x717d) x2  0x0001dff0
core   0: 0x00002fda (0x90bc3f37) lui     t5, 0x90bc3
core   0: 3 0x00002fda (0x90bc3f37) x30 0x90bc3000
core   0: 0x00002fde (0x0000613d) c.addi16sp sp, 480
core   0: 3 0x00002fde (0x613d) x2  0x0001e1d0
core   0: 0x00002fe0 (0xb41b0093) addi    ra, s6, -1215
core   0: 3 0x00002fe0 (0xb41b0093) x1  0xfffffb41
core   0: 0x00002fe4 (0x03c85a33) divu    s4, a6, t3
core   0: 3 0x00002fe4 (0x03c85a33) x20 0x0000ea69
core   0: 0x00002fe8 (0x000008aa) c.slli  a7, 10
core   0: 3 0x00002fe8 (0x08aa) x17 0xb8000000
core   0: 0x00002fea (0x4092d933) sra     s2, t0, s1
core   0: 3 0x00002fea (0x4092d933) x18 0x00000000
core   0: 0x00002fee (0xcb449037) lui     zero, 0xcb449
core   0: 3 0x00002fee (0xcb449037)
core   0: 0x00002ff2 (0x00006f41) c.lui   t5, 0x10
core   0: 3 0x00002ff2 (0x6f41) x30 0x00010000
core   0: 0x00002ff4 (0xa5a5afb7) lui     t6, 0xa5a5a
core   0: 3 0x00002ff4 (0xa5a5afb7) x31 0xa5a5a000
core   0: 0x00002ff8 (0x5a5f8f93) addi    t6, t6, 1445
core   0: 3 0x00002ff8 (0x5a5f8f93) x31 0xa5a5a5a5
core   0: 0x00002ffc (0x49ff1f93) bclri   t6, t5, 31
core   0: 3 0x00002ffc (0x49ff1f93) x31 0x00010000
core   0: 0x00003000 (0x34009073) csrw    mscratch, ra
core   0: 3 0x00003000 (0x34009073) c832_mscratch 0xfffffb41
core   0: 0x00003004 (0x00002009) c.jal   pc + 2
core   0: 3 0x00003004 (0x2009) x1  0x00003006
core   0: 0x00003006 (0x004000ef) jal     pc + 0x4
core   0: 3 0x00003006 (0x004000ef) x1  0x0000300a
core   0: 0x0000300a (0x004000ef) jal     pc + 0x4
core   0: 3 0x0000300a (0x004000ef) x1  0x0000300e
core   0: 0x0000300e (0x00000097) auipc   ra, 0x0
core   0: 3 0x0000300e (0x00000097) x1  0x0000300e
core   0: 0x00003012 (0x00c08093) addi    ra, ra, 12
core   0: 3 0x00003012 (0x00c08093) x1  0x0000301a
core   0: 0x00003016 (0x00008067) ret
core   0: 3 0x00003016 (0x00008067)
core   0: 0x0000301a (0x340020f3) csrr    ra, mscratch
core   0: 3 0x0000301a (0x340020f3) x1  0xfffffb41
core   0: 0x0000301e (0x414b5d13) srai    s10, s6, 20
core   0: 3 0x0000301e (0x414b5d13) x26 0x00000000
core   0: 0x00003022 (0x01bd7ab3) and     s5, s10, s11
core   0: 3 0x00003022 (0x01bd7ab3) x21 0x00000000
core   0: 0x00003026 (0x00008d01) c.sub   a0, s0
core   0: 3 0x00003026 (0x8d01) x10 0xa3c6b41f
core   0: 0x00003028 (0xb0ecba13) sltiu   s4, s9, -1266
core   0: 3 0x00003028 (0xb0ecba13) x20 0x00000001
core   0: 0x0000302c (0x0238e1b3) rem     gp, a7, gp
core   0: 3 0x0000302c (0x0238e1b3) x3  0xfd0d4474
core   0: 0x00003030 (0x62e82a13) slti    s4, a6, 1582
core   0: 3 0x00003030 (0x62e82a13) x20 0x00000001
core   0: 0x00003034 (0x000089ba) c.mv    s3, a4
core   0: 3 0x00003034 (0x89ba) x19 0x0001e0c0
core   0: 0x00003036 (0x76e90f13) addi    t5, s2, 1902
core   0: 3 0x00003036 (0x76e90f13) x30 0x0000076e
core   0: 0x0000303a (0x0000e105) c.bnez  a0, pc + 32
core   0: 3 0x0000303a (0xe105)
core   0: 0x0000305a (0x0579cb63) blt     s3, s7, pc + 86
core   0: 3 0x0000305a (0x0579cb63)
core   0: 0x0000305e (0x007e7b33) and     s6, t3, t2
core   0: 3 0x0000305e (0x007e7b33) x22 0x00000000
core   0: 0x00003062 (0x01db9593) slli    a1, s7, 29
core   0: 3 0x00003062 (0x01db9593) x11 0x80000000
core   0: 0x00003066 (0x0000420d) c.li    tp, 3
core   0: 3 0x00003066 (0x420d) x4  0x00000003
core   0: 0x00003068 (0x6aa171b7) lui     gp, 0x6aa17
core   0: 3 0x00003068 (0x6aa171b7) x3  0x6aa17000
core   0: 0x0000306c (0x80000f37) lui     t5, 0x80000
core   0: 3 0x0000306c (0x80000f37) x30 0x80000000
core   0: 0x00003070 (0x00007fc1) c.lui   t6, 0xffff0
core   0: 3 0x00003070 (0x7fc1) x31 0xffff0000
core   0: 0x00003072 (0x00000f85) c.addi  t6, 1
core   0: 3 0x00003072 (0x0f85) x31 0xffff0001
core   0: 0x00003074 (0x680f1f93) binvi   t6, t5, 0
core   0: 3 0x00003074 (0x680f1f93) x31 0x80000001
core   0: 0x00003078 (0x011c33b3) sltu    t2, s8, a7
core   0: 3 0x00003078 (0x011c33b3) x7  0x00000000
core   0: 0x0000307c (0x41c2ddb3) sra     s11, t0, t3
core   0: 3 0x0000307c (0x41c2ddb3) x27 0x00000000
core   0: 0x00003080 (0x031acf33) div     t5, s5, a7
core   0: 3 0x00003080 (0x031acf33) x30 0x00000000
core   0: 0x00003084 (0x00008ce5) c.and   s1, s1
core   0: 3 0x00003084 (0x8ce5) x9  0xffd57000
core   0: 0x00003086 (0x0000823d) c.srli  a2, 15
core   0: 3 0x00003086 (0x823d) x12 0x00000000
core   0: 0x00003088 (0x3c554b93) xori    s7, a0, 965
core   0: 3 0x00003088 (0x3c554b93) x23 0xa3c6b7da
core   0: 0x0000308c (0x03c58033) mul     zero, a1, t3
core   0: 3 0x0000308c (0x03c58033)
core   0: 0x00003090 (0x03665633) divu    a2, a2, s6
core   0: 3 0x00003090 (0x03665633) x12 0xffffffff
core   0: 0x00003094 (0x00006b15) c.lui   s6, 0x5
core   0: 3 0x00003094 (0x6b15) x22 0x00005000
core   0: 0x00003096 (0x035241b3) div     gp, tp, s5
core   0: 3 0x00003096 (0x035241b3) x3  0xffffffff
core   0: 0x0000309a (0xa5a5af37) lui     t5, 0xa5a5a
core   0: 3 0x0000309a (0xa5a5af37) x30 0xa5a5a000
core   0: 0x0000309e (0x5a5f0f13) addi    t5, t5, 1445
core   0: 3 0x0000309e (0x5a5f0f13) x30 0xa5a5a5a5
core   0: 0x000030a2 (0x00006fc1) c.lui   t6, 0x10
core   0: 3 0x000030a2 (0x6fc1) x31 0x00010000
core   0: 0x000030a4 (0x29ff1f93) bseti   t6, t5, 31
core   0: 3 0x000030a4 (0x29ff1f93) x31 0xa5a5a5a5
core   0: 0x000030a8 (0x009bfb33) and     s6, s7, s1
core   0: 3 0x000030a8 (0x009bfb33) x22 0xa3c43000
core   0: 0x000030ac (0x02ecdb33) divu    s6, s9, a4
core   0: 3 0x000030ac (0x02ecdb33) x22 0x00000000
core   0: 0x000030b0 (0x000090da) c.add   ra, s6
core   0: 3 0x000030b0 (0x90da) x1  0xfffffb41
core   0: 0x000030b2 (0x01bb1813) slli    a6, s6, 27
core   0: 3 0x000030b2 (0x01bb1813) x16 0x00000000
core   0: 0x000030b6 (0x007476b3) and     a3, s0, t2
core   0: 3 0x000030b6 (0x007476b3) x13 0x00000000
core   0: 0x000030ba (0x01a0d013) srli    zero, ra, 26
core   0: 3 0x000030ba (0x01a0d013)
core   0: 0x000030be (0x00009afd) c.andi  a3, -1
core   0: 3 0x000030be (0x9afd) x13 0x00000000
core   0: 0x000030c0 (0x00000092) c.slli  ra, 4
core   0: 3 0x000030c0 (0x0092) x1  0xffffb410
core   0: 0x000030c2 (0x02a64033) div     zero, a2, a0
core   0: 3 0x000030c2 (0x02a64033)
core   0: 0x000030c6 (0x0025d033) srl     zero, a1, sp
core   0: 3 0x000030c6 (0x0025d033)
core   0: 0x000030ca (0x00004f01) c.li    t5, 0
core   0: 3 0x000030ca (0x4f01) x30 0x00000000
core   0: 0x000030cc (0x80000fb7) lui     t6, 0x80000
core   0: 3 0x000030cc (0x80000fb7) x31 0x80000000
core   0: 0x000030d0 (0x00001ffd) c.addi  t6, -1
core   0: 3 0x000030d0 (0x1ffd) x31 0x7fffffff
core   0: 0x000030d2 (0x0fff5fb3) czero.eqz t6, t5, t6
core   0: 3 0x000030d2 (0x0fff5fb3) x31 0x00000000
core   0: 0x000030d6 (0x02fc0833) mul     a6, s8, a5
core   0: 3 0x000030d6 (0x02fc0833) x16 0x00000000
core   0: 0x000030da (0x0000861d) c.srai  a2, 7
core   0: 3 0x000030da (0x861d) x12 0xffffffff
core   0: 0x000030dc (0x41bcd693) srai    a3, s9, 27
core   0: 3 0x000030dc (0x41bcd693) x13 0x00000000
core   0: 0x000030e0 (0x02923033) mulhu   zero, tp, s1
core   0: 3 0x000030e0 (0x02923033)
core   0: 0x000030e4 (0x0cb58593) addi    a1, a1, 203
core   0: 3 0x000030e4 (0x0cb58593) x11 0x800000cb
core   0: 0x000030e8 (0x00006ce5) c.lui   s9, 0x19
core   0: 3 0x000030e8 (0x6ce5) x25 0x00019000
core   0: 0x000030ea (0x000085c9) c.srai  a1, 18
core   0: 3 0x000030ea (0x85c9) x11 0xffffe000
core   0: 0x000030ec (0x000014fd) c.addi  s1, -1
core   0: 3 0x000030ec (0x14fd) x9  0xffd56fff
core   0: 0x000030ee (0x02eb3133) mulhu   sp, s6, a4
core   0: 3 0x000030ee (0x02eb3133) x2  0x00000000
core   0: 0x000030f2 (0x0000157d) c.addi  a0, -1
core   0: 3 0x000030f2 (0x157d) x10 0xa3c6b41e
core   0: 0x000030f4 (0x00007f41) c.lui   t5, 0xffff0
core   0: 3 0x000030f4 (0x7f41) x30 0xffff0000
core   0: 0x000030f6 (0x00000f05) c.addi  t5, 1
core   0: 3 0x000030f6 (0x0f05) x30 0xffff0001
core   0: 0x000030f8 (0x80000fb7) lui     t6, 0x80000
core   0: 3 0x000030f8 (0x80000fb7) x31 0x80000000
core   0: 0x000030fc (0x0fff7fb3) czero.nez t6, t5, t6
core   0: 3 0x000030fc (0x0fff7fb3) x31 0x00000000
core   0: 0x00003100 (0x80000f37) lui     t5, 0x80000
core   0: 3 0x00003100 (0x80000f37) x30 0x80000000
core   0: 0x00003104 (0x00005ffd) c.li    t6, -1
core   0: 3 0x00003104 (0x5ffd) x31 0xffffffff
core   0: 0x00003106 (0x03ff4fb3) div     t6, t5, t6
core   0: 3 0x00003106 (0x03ff4fb3) x31 0x80000000
core   0: 0x0000310a (0x03ef6fb3) rem     t6, t5, t5
core   0: 3 0x0000310a (0x03ef6fb3) x31 0x00000000
core   0: 0x0000310e (0x00004f81) c.li    t6, 0
core   0: 3 0x0000310e (0x4f81) x31 0x00000000
core   0: 0x00003110 (0x03ff5fb3) divu    t6, t5, t6
core   0: 3 0x00003110 (0x03ff5fb3) x31 0xffffffff
core   0: 0x00003114 (0x00004f81) c.li    t6, 0
core   0: 3 0x00003114 (0x4f81) x31 0x00000000
core   0: 0x00003116 (0x03ff6fb3) rem     t6, t5, t6
core   0: 3 0x00003116 (0x03ff6fb3) x31 0x80000000
core   0: 0x0000311a (0x04f50163) beq     a0, a5, pc + 66
core   0: 3 0x0000311a (0x04f50163)
core   0: 0x0000311e (0x0000e915) c.bnez  a0, pc + 52
core   0: 3 0x0000311e (0xe915)
core   0: 0x00003152 (0x00000642) c.slli  a2, 16
core   0: 3 0x00003152 (0x0642) x12 0xffff0000
core   0: 0x00003154 (0x0194a133) slt     sp, s1, s9
core   0: 3 0x00003154 (0x0194a133) x2  0x00000001
core   0: 0x00003158 (0x00231033) sll     zero, t1, sp
core   0: 3 0x00003158 (0x00231033)
core   0: 0x0000315c (0x03d7d633) divu    a2, a5, t4
core   0: 3 0x0000315c (0x03d7d633) x12 0xffffffff
core   0: 0x00003160 (0x000000d6) c.slli  ra, 21
core   0: 3 0x00003160 (0x00d6) x1  0x82000000
core   0: 0x00003162 (0x07908063) beq     ra, s9, pc + 96
core   0: 3 0x00003162 (0x07908063)
core   0: 0x00003166 (0x019e83b3) add     t2, t4, s9
core   0: 3 0x00003166 (0x019e83b3) x7  0x00019000
core   0: 0x0000316a (0x000015fd) c.addi  a1, -1
core   0: 3 0x0000316a (0x15fd) x11 0xffffdfff
core   0: 0x0000316c (0x02260663) beq     a2, sp, pc + 44
core   0: 3 0x0000316c (0x02260663)
core   0: 0x00003170 (0x80000f37) lui     t5, 0x80000
core   0: 3 0x00003170 (0x80000f37) x30 0x80000000
core   0: 0x00003174 (0x00001f7d) c.addi  t5, -1
core   0: 3 0x00003174 (0x1f7d) x30 0x7fffffff
core   0: 0x00003176 (0x00004f81) c.li    t6, 0
core   0: 3 0x00003176 (0x4f81) x31 0x00000000
core   0: 0x00003178 (0x21ff4fb3) sh2add  t6, t5, t6
core   0: 3 0x00003178 (0x21ff4fb3) x31 0xfffffffc
core   0: 0x0000317c (0x7ac3d717) auipc   a4, 0x7ac3d
core   0: 3 0x0000317c (0x7ac3d717) x14 0x7ac4017c
core   0: 0x00003180 (0x00000cea) c.slli  s9, 26
core   0: 3 0x00003180 (0x0cea) x25 0x00000000
core   0: 0x00003182 (0x00008ce5) c.and   s1, s1
core   0: 3 0x00003182 (0x8ce5) x9  0xffd56fff
core   0: 0x00003184 (0x003bf8b3) and     a7, s7, gp
core   0: 3 0x00003184 (0x003bf8b3) x17 0xa3c6b7da
core   0: 0x00003188 (0x02b7e033) rem     zero, a5, a1
core   0: 3 0x00003188 (0x02b7e033)
core   0: 0x0000318c (0x00000001) c.nop
core   0: 3 0x0000318c (0x0001)
core   0: 0x0000318e (0x41850033) sub     zero, a0, s8
core   0: 3 0x0000318e (0x41850033)
core   0: 0x00003192 (0x25a0a693) slti    a3, ra, 602
core   0: 3 0x00003192 (0x25a0a693) x13 0x00000001
core   0: 0x00003196 (0x00008e59) c.or    a2, a4
core   0: 3 0x00003196 (0x8e59) x12 0xffffffff
core   0: 0x00003198 (0x00008d71) c.and   a0, a2
core   0: 3 0x00003198 (0x8d71) x10 0xa3c6b41e
core   0: 0x0000319a (0x80000f37) lui     t5, 0x80000
core   0: 3 0x0000319a (0x80000f37) x30 0x80000000
core   0: 0x0000319e (0x00007fc1) c.lui   t6, 0xffff0
core   0: 3 0x0000319e (0x7fc1) x31 0xffff0000
core   0: 0x000031a0 (0x00000f85) c.addi  t6, 1
core   0: 3 0x000031a0 (0x0f85) x31 0xffff0001
core   0: 0x000031a2 (0x21ff6fb3) sh3add  t6, t5, t6
core   0: 3 0x000031a2 (0x21ff6fb3) x31 0xffff0001
core   0: 0x000031a6 (0x34009073) csrw    mscratch, ra
core   0: 3 0x000031a6 (0x34009073) c832_mscratch 0x82000000
core   0: 0x000031aa (0x008000ef) jal     pc + 0x8
core   0: 3 0x000031aa (0x008000ef) x1  0x000031ae
core   0: 0x000031b2 (0x340020f3) csrr    ra, mscratch
core   0: 3 0x000031b2 (0x340020f3) x1  0x82000000
core   0: 0x000031b6 (0x00008d29) c.xor   a0, a0
core   0: 3 0x000031b6 (0x8d29) x10 0x00000000
core   0: 0x000031b8 (0x00f46263) bltu    s0, a5, pc + 4
core   0: 3 0x000031b8 (0x00f46263)
core   0: 0x000031bc (0x3e337b13) andi    s6, t1, 995
core   0: 3 0x000031bc (0x3e337b13) x22 0x00000000
core   0: 0x000031c0 (0x0000824e) c.mv    tp, s3
core   0: 3 0x000031c0 (0x824e) x4  0x0001e0c0
core   0: 0x000031c2 (0x020af363) bgeu    s5, zero, pc + 38
core   0: 3 0x000031c2 (0x020af363)
core   0: 0x000031e8 (0x000c8eb3) add     t4, s9, zero
core   0: 3 0x000031e8 (0x000c8eb3) x29 0x00000000
core   0: 0x000031ec (0x22d00597) auipc   a1, 0x22d00
core   0: 3 0x000031ec (0x22d00597) x11 0x22d031ec
core   0: 0x000031f0 (0x00000bf5) c.addi  s7, 29
core   0: 3 0x000031f0 (0x0bf5) x23 0xa3c6b7f7
core   0: 0x000031f2 (0x76c20893) addi    a7, tp, 1900
core   0: 3 0x000031f2 (0x76c20893) x17 0x0001e82c
core   0: 0x000031f6 (0x05dac163) blt     s5, t4, pc + 66
core   0: 3 0x000031f6 (0x05dac163)
core   0: 0x000031fa (0x69db9037) lui     zero, 0x69db9
core   0: 3 0x000031fa (0x69db9037)
core   0: 0x000031fe (0x00964563) blt     a2, s1, pc + 10
core   0: 3 0x000031fe (0x00964563)
core   0: 0x00003202 (0x02260263) beq     a2, sp, pc + 36
core   0: 3 0x00003202 (0x02260263)
core   0: 0x00003206 (0x000063c1) c.lui   t2, 0x10
core   0: 3 0x00003206 (0x63c1) x7  0x00010000
core   0: 0x00003208 (0x033f44b3) div     s1, t5, s3
core   0: 3 0x00003208 (0x033f44b3) x9  0xffffbbd7
core   0: 0x0000320c (0x00004f01) c.li    t5, 0
core   0: 3 0x0000320c (0x4f01) x30 0x00000000
core   0: 0x0000320e (0x80000fb7) lui     t6, 0x80000
core   0: 3 0x0000320e (0x80000fb7) x31 0x80000000
core   0: 0x00003212 (0x00001ffd) c.addi  t6, -1
core   0: 3 0x00003212 (0x1ffd) x31 0x7fffffff
core   0: 0x00003214 (0x41ff6fb3) orn     t6, t5, t6
core   0: 3 0x00003214 (0x41ff6fb3) x31 0x80000000
core   0: 0x00003218 (0x340f1073) csrw    mscratch, t5
core   0: 3 0x00003218 (0x340f1073) c832_mscratch 0x00000000
core   0: 0x0000321c (0x34002ff3) csrr    t6, mscratch
core   0: 3 0x0000321c (0x34002ff3) x31 0x00000000
core   0: 0x00003220 (0x34003ff3) csrrc   t6, mscratch, zero
core   0: 3 0x00003220 (0x34003ff3) x31 0x00000000
core   0: 0x00003224 (0x00004209) c.li    tp, 2
core   0: 3 0x00003224 (0x4209) x4  0x00000002
core   0: 0x00003226 (0x01545013) srli    zero, s0, 21
core   0: 3 0x00003226 (0x01545013)
core   0: 0x0000322a (0x000088c1) c.andi  s1, 16
core   0: 3 0x0000322a (0x88c1) x9  0x00000010
core   0: 0x0000322c (0xc97fc037) lui     zero, 0xc97fc
core   0: 3 0x0000322c (0xc97fc037)
core   0: 0x00003230 (0x40a9d713) srai    a4, s3, 10
core   0: 3 0x00003230 (0x40a9d713) x14 0x00000078
core   0: 0x00003234 (0x00198833) add     a6, s3, ra
core   0: 3 0x00003234 (0x00198833) x16 0x8201e0c0
core   0: 0x00003238 (0x00008d71) c.and   a0, a2
core   0: 3 0x00003238 (0x8d71) x10 0x00000000
core   0: 0x0000323a (0x40f354b3) sra     s1, t1, a5
core   0: 3 0x0000323a (0x40f354b3) x9  0x00000000
core   0: 0x0000323e (0x00008ec1) c.or    a3, s0
core   0: 3 0x0000323e (0x8ec1) x13 0x5c394be1
core   0: 0x00003240 (0x0000e239) c.bnez  a2, pc + 70
core   0: 3 0x00003240 (0xe239)
core   0: 0x00003286 (0x3384c493) xori    s1, s1, 824
core   0: 3 0x00003286 (0x3384c493) x9  0x00000338
core   0: 0x0000328a (0x7dc0b693) sltiu   a3, ra, 2012
core   0: 3 0x0000328a (0x7dc0b693) x13 0x00000000
core   0: 0x0000328e (0x014bdd33) srl     s10, s7, s4
core   0: 3 0x0000328e (0x014bdd33) x26 0x51e35bfb
core   0: 0x00003292 (0xe5a84b13) xori    s6, a6, -422
core   0: 3 0x00003292 (0xe5a84b13) x22 0x7dfe1e9a
core   0: 0x00003296 (0x011a87b3) add     a5, s5, a7
core   0: 3 0x00003296 (0x011a87b3) x15 0x0001e82c
core   0: 0x0000329a (0x004353b3) srl     t2, t1, tp
core   0: 3 0x0000329a (0x004353b3) x7  0x00000000
core   0: 0x0000329e (0x02d19c33) mulh    s8, gp, a3
core   0: 3 0x0000329e (0x02d19c33) x24 0x00000000
core   0: 0x000032a2 (0x80000f37) lui     t5, 0x80000
core   0: 3 0x000032a2 (0x80000f37) x30 0x80000000
core   0: 0x000032a6 (0x00001f7d) c.addi  t5, -1
core   0: 3 0x000032a6 (0x1f7d) x30 0x7fffffff
core   0: 0x000032a8 (0x00004f81) c.li    t6, 0
core   0: 3 0x000032a8 (0x4f81) x31 0x00000000
core   0: 0x000032aa (0x601f1f93) ctz     t6, t5
core   0: 3 0x000032aa (0x601f1f93) x31 0x00000000
core   0: 0x000032ae (0x03bd03b3) mul     t2, s10, s11
core   0: 3 0x000032ae (0x03bd03b3) x7  0x00000000
core   0: 0x000032b2 (0x00000a42) c.slli  s4, 16
core   0: 3 0x000032b2 (0x0a42) x20 0x00010000
core   0: 0x000032b4 (0x02f0c0b3) div     ra, ra, a5
core   0: 3 0x000032b4 (0x02f0c0b3) x1  0xffffbded
core   0: 0x000032b8 (0x05418063) beq     gp, s4, pc + 64
core   0: 3 0x000032b8 (0x05418063)
core   0: 0x000032bc (0x00a0bbb3) sltu    s7, ra, a0
core   0: 3 0x000032bc (0x00a0bbb3) x23 0x00000000
core   0: 0x000032c0 (0x00008d75) c.and   a0, a3
core   0: 3 0x000032c0 (0x8d75) x10 0x00000000
core   0: 0x000032c2 (0x014a8563) beq     s5, s4, pc + 10
core   0: 3 0x000032c2 (0x014a8563)
core   0: 0x000032c6 (0x00000001) c.nop
core   0: 3 0x000032c6 (0x0001)
core   0: 0x000032c8 (0x0045b3b3) sltu    t2, a1, tp
core   0: 3 0x000032c8 (0x0045b3b3) x7  0x00000000
core   0: 0x000032cc (0x0222c033) div     zero, t0, sp
core   0: 3 0x000032cc (0x0222c033)
core   0: 0x000032d0 (0x80000f37) lui     t5, 0x80000
core   0: 3 0x000032d0 (0x80000f37) x30 0x80000000
core   0: 0x000032d4 (0x00007fc1) c.lui   t6, 0xffff0
core   0: 3 0x000032d4 (0x7fc1) x31 0xffff0000
core   0: 0x000032d6 (0x00000f85) c.addi  t6, 1
core   0: 3 0x000032d6 (0x0f85) x31 0xffff0001
core   0: 0x000032d8 (0x602f1f93) cpop    t6, t5
core   0: 3 0x000032d8 (0x602f1f93) x31 0x00000001
core   0: 0x000032dc (0x0384a033) mulhsu  zero, s1, s8
core   0: 3 0x000032dc (0x0384a033)
core   0: 0x000032e0 (0x00008621) c.srai  a2, 8
core   0: 3 0x000032e0 (0x8621) x12 0xffffffff
core   0: 0x000032e2 (0x08f2d263) bge     t0, a5, pc + 132
core   0: 3 0x000032e2 (0x08f2d263)
core   0: 0x000032e6 (0x007fdd93) srli    s11, t6, 7
core   0: 3 0x000032e6 (0x007fdd93) x27 0x00000000
core   0: 0x000032ea (0x00000494) c.addi4spn a3, sp, 576
core   0: 3 0x000032ea (0x0494) x13 0x00000241
core   0: 0x000032ec (0x415008b3) sub     a7, zero, s5
core   0: 3 0x000032ec (0x415008b3) x17 0x00000000
core   0: 0x000032f0 (0x5a273913) sltiu   s2, a4, 1442
core   0: 3 0x000032f0 (0x5a273913) x18 0x00000001
core   0: 0x000032f4 (0x00e9d5b3) srl     a1, s3, a4
core   0: 3 0x000032f4 (0x00e9d5b3) x11 0x00000000
core   0: 0x000032f8 (0x00008fd1) c.or    a5, a2
core   0: 3 0x000032f8 (0x8fd1) x15 0xffffffff
core   0: 0x000032fa (0x0076e5b3) or      a1, a3, t2
core   0: 3 0x000032fa (0x0076e5b3) x11 0x00000241
core   0: 0x000032fe (0xa5a5af37) lui     t5, 0xa5a5a
core   0: 3 0x000032fe (0xa5a5af37) x30 0xa5a5a000
core   0: 0x00003302 (0x5a5f0f13) addi    t5, t5, 1445
core   0: 3 0x00003302 (0x5a5f0f13) x30 0xa5a5a5a5
core   0: 0x00003306 (0x00006fc1) c.lui   t6, 0x10
core   0: 3 0x00003306 (0x6fc1) x31 0x00010000
core   0: 0x00003308 (0x0bff4fb3) min     t6, t5, t6
core   0: 3 0x00003308 (0x0bff4fb3) x31 0xa5a5a5a5
core   0: 0x0000330c (0x34041073) csrw    mscratch, s0
core   0: 3 0x0000330c (0x34041073) c832_mscratch 0x5c394be1
core   0: 0x00003310 (0x00001417) auipc   s0, 0x1
core   0: 3 0x00003310 (0x00001417) x8  0x00004310
core   0: 0x00003314 (0x83840413) addi    s0, s0, -1992
core   0: 3 0x00003314 (0x83840413) x8  0x00003b48
core   0: 0x00003318 (0x0000c004) c.sw    s1, 0(s0)
core   0: 3 0x00003318 (0xc004) mem 0x00003b48 0x00000338
core   0: 0x0000331a (0x00242223) sw      sp, 4(s0)
core   0: 3 0x0000331a (0x00242223) mem 0x00003b4c 0x00000001
core   0: 0x0000331e (0x00840113) addi    sp, s0, 8
core   0: 3 0x0000331e (0x00840113) x2  0x00003b50
core   0: 0x00003322 (0x0000c07e) c.swsp  t6, 0(sp)
core   0: 3 0x00003322 (0xc07e) mem 0x00003b50 0xa5a5a5a5
core   0: 0x00003324 (0x00004f02) c.lwsp  t5, 0(sp)
core   0: 3 0x00003324 (0x4f02) x30 0xa5a5a5a5 mem 0x00003b50
core   0: 0x00003326 (0x01f42423) sw      t6, 8(s0)
core   0: 3 0x00003326 (0x01f42423) mem 0x00003b50 0xa5a5a5a5
core   0: 0x0000332a (0x00004404) c.lw    s1, 8(s0)
core   0: 3 0x0000332a (0x4404) x9  0xa5a5a5a5 mem 0x00003b50
core   0: 0x0000332c (0x0000c404) c.sw    s1, 8(s0)
core   0: 3 0x0000332c (0xc404) mem 0x00003b50 0xa5a5a5a5
core   0: 0x0000332e (0x00442103) lw      sp, 4(s0)
core   0: 3 0x0000332e (0x00442103) x2  0x00000001 mem 0x00003b4c
core   0: 0x00003332 (0x00004004) c.lw    s1, 0(s0)
core   0: 3 0x00003332 (0x4004) x9  0x00000338 mem 0x00003b48
core   0: 0x00003334 (0x34002473) csrr    s0, mscratch
core   0: 3 0x00003334 (0x34002473) x8  0x5c394be1
core   0: 0x00003338 (0x0000e139) c.bnez  a0, pc + 70
core   0: 3 0x00003338 (0xe139)
core   0: 0x0000333a (0x4cf10b93) addi    s7, sp, 1231
core   0: 3 0x0000333a (0x4cf10b93) x23 0x000004d0
core   0: 0x0000333e (0x00008d51) c.or    a0, a2
core   0: 3 0x0000333e (0x8d51) x10 0xffffffff
core   0: 0x00003340 (0x00006175) c.addi16sp sp, 368
core   0: 3 0x00003340 (0x6175) x2  0x00000171
core   0: 0x00003342 (0x00006191) c.lui   gp, 0x4
core   0: 3 0x00003342 (0x6191) x3  0x00004000
core   0: 0x00003344 (0x000087fa) c.mv    a5, t5
core   0: 3 0x00003344 (0x87fa) x15 0xa5a5a5a5
core   0: 0x00003346 (0x01a5f333) and     t1, a1, s10
core   0: 3 0x00003346 (0x01a5f333) x6  0x00000241
core   0: 0x0000334a (0x03f8d463) bge     a7, t6, pc + 40
core   0: 3 0x0000334a (0x03f8d463)
core   0: 0x00003372 (0x004d00b3) add     ra, s10, tp
core   0: 3 0x00003372 (0x004d00b3) x1  0x51e35bfd
core   0: 0x00003376 (0x0000861d) c.srai  a2, 7
core   0: 3 0x00003376 (0x861d) x12 0xffffffff
core   0: 0x00003378 (0xf190b013) sltiu   zero, ra, -231
core   0: 3 0x00003378 (0xf190b013)
core   0: 0x0000337c (0x00008f6d) c.and   a4, a1
core   0: 3 0x0000337c (0x8f6d) x14 0x00000040
core   0: 0x0000337e (0x00008a3e) c.mv    s4, a5
core   0: 3 0x0000337e (0x8a3e) x20 0xa5a5a5a5
core   0: 0x00003380 (0x00007f41) c.lui   t5, 0xffff0
core   0: 3 0x00003380 (0x7f41) x30 0xffff0000
core   0: 0x00003382 (0x00000f05) c.addi  t5, 1
core   0: 3 0x00003382 (0x0f05) x30 0xffff0001
core   0: 0x00003384 (0x80000fb7) lui     t6, 0x80000
core   0: 3 0x00003384 (0x80000fb7) x31 0x80000000
core   0: 0x00003388 (0x0bff6fb3) max     t6, t5, t6
core   0: 3 0x00003388 (0x0bff6fb3) x31 0xffff0001
core   0: 0x0000338c (0x000080be) c.mv    ra, a5
core   0: 3 0x0000338c (0x80be) x1  0xa5a5a5a5
core   0: 0x0000338e (0x00008e61) c.and   a2, s0
core   0: 3 0x0000338e (0x8e61) x12 0x5c394be1
core   0: 0x00003390 (0x000006fe) c.slli  a3, 31
core   0: 3 0x00003390 (0x06fe) x13 0x80000000
core   0: 0x00003392 (0x00000001) c.nop
core   0: 3 0x00003392 (0x0001)
core   0: 0x00003394 (0x01831263) bne     t1, s8, pc + 4
core   0: 3 0x00003394 (0x01831263)
core   0: 0x00003398 (0xe91a7d37) lui     s10, 0xe91a7
core   0: 3 0x00003398 (0xe91a7d37) x26 0xe91a7000
core   0: 0x0000339c (0x00008e31) c.xor   a2, a2
core   0: 3 0x0000339c (0x8e31) x12 0x00000000
core   0: 0x0000339e (0x00991393) slli    t2, s2, 9
core   0: 3 0x0000339e (0x00991393) x7  0x00000200
core   0: 0x000033a2 (0x00df8a33) add     s4, t6, a3
core   0: 3 0x000033a2 (0x00df8a33) x20 0x7fff0001
core   0: 0x000033a6 (0x03384b33) div     s6, a6, s3
core   0: 3 0x000033a6 (0x03384b33) x22 0xffffbce9
core   0: 0x000033aa (0x00006f41) c.lui   t5, 0x10
core   0: 3 0x000033aa (0x6f41) x30 0x00010000
core   0: 0x000033ac (0xa5a5afb7) lui     t6, 0xa5a5a
core   0: 3 0x000033ac (0xa5a5afb7) x31 0xa5a5a000
core   0: 0x000033b0 (0x5a5f8f93) addi    t6, t6, 1445
core   0: 3 0x000033b0 (0x5a5f8f93) x31 0xa5a5a5a5
core   0: 0x000033b4 (0x0bff7fb3) maxu    t6, t5, t6
core   0: 3 0x000033b4 (0x0bff7fb3) x31 0xa5a5a5a5
core   0: 0x000033b8 (0x00956eb3) or      t4, a0, s1
core   0: 3 0x000033b8 (0x00956eb3) x29 0xffffffff
core   0: 0x000033bc (0x000000c2) c.slli  ra, 16
core   0: 3 0x000033bc (0x00c2) x1  0xa5a50000
core   0: 0x000033be (0x00a21093) slli    ra, tp, 10
core   0: 3 0x000033be (0x00a21093) x1  0x00000800
core   0: 0x000033c2 (0x4198ab13) slti    s6, a7, 1049
core   0: 3 0x000033c2 (0x4198ab13) x22 0x00000001
core   0: 0x000033c6 (0x00000c10) c.addi4spn a2, sp, 528
core   0: 3 0x000033c6 (0x0c10) x12 0x00000381
core   0: 0x000033c8 (0x000080a6) c.mv    ra, s1
core   0: 3 0x000033c8 (0x80a6) x1  0x00000338
core   0: 0x000033ca (0x00009a7d) c.andi  a2, -1
core   0: 3 0x000033ca (0x9a7d) x12 0x00000381
core   0: 0x000033cc (0x00008e69) c.and   a2, a0
core   0: 3 0x000033cc (0x8e69) x12 0x00000381
core   0: 0x000033ce (0x00000001) c.nop
core   0: 3 0x000033ce (0x0001)
core   0: 0x000033d0 (0x01b92cb3) slt     s9, s2, s11
core   0: 3 0x000033d0 (0x01b92cb3) x25 0x00000000
core   0: 0x000033d4 (0x80000f37) lui     t5, 0x80000
core   0: 3 0x000033d4 (0x80000f37) x30 0x80000000
core   0: 0x000033d8 (0x00001f7d) c.addi  t5, -1
core   0: 3 0x000033d8 (0x1f7d) x30 0x7fffffff
core   0: 0x000033da (0x00004f81) c.li    t6, 0
core   0: 3 0x000033da (0x4f81) x31 0x00000000
core   0: 0x000033dc (0x604f1f93) sext.b  t6, t5
core   0: 3 0x000033dc (0x604f1f93) x31 0xffffffff
core   0: 0x000033e0 (0x0000c625) c.beqz  a2, pc + 104
core   0: 3 0x000033e0 (0xc625)
core   0: 0x000033e2 (0x000004da) c.slli  s1, 22
core   0: 3 0x000033e2 (0x04da) x9  0xce000000
core   0: 0x000033e4 (0x00008f2d) c.xor   a4, a1
core   0: 3 0x000033e4 (0x8f2d) x14 0x00000201
core   0: 0x000033e6 (0x41c7dcb3) sra     s9, a5, t3
core   0: 3 0x000033e6 (0x41c7dcb3) x25 0xfffffa5a
core   0: 0x000033ea (0x00009966) c.add   s2, s9
core   0: 3 0x000033ea (0x9966) x18 0xfffffa5b
core   0: 0x000033ec (0x010355b3) srl     a1, t1, a6
core   0: 3 0x000033ec (0x010355b3) x11 0x00000241
core   0: 0x000033f0 (0x00000099) c.addi  ra, 6
core   0: 3 0x000033f0 (0x0099) x1  0x0000033e
core   0: 0x000033f2 (0x03b3ec63) bltu    t2, s11, pc + 56
core   0: 3 0x000033f2 (0x03b3ec63)
core   0: 0x000033f6 (0x002a1f13) slli    t5, s4, 2
core   0: 3 0x000033f6 (0x002a1f13) x30 0xfffc0004
core   0: 0x000033fa (0xe0307a93) andi    s5, zero, -509
core   0: 3 0x000033fa (0xe0307a93) x21 0x00000000
core   0: 0x000033fe (0x80000f37) lui     t5, 0x80000
core   0: 3 0x000033fe (0x80000f37) x30 0x80000000
core   0: 0x00003402 (0x00007fc1) c.lui   t6, 0xffff0
core   0: 3 0x00003402 (0x7fc1) x31 0xffff0000
core   0: 0x00003404 (0x00000f85) c.addi  t6, 1
core   0: 3 0x00003404 (0x0f85) x31 0xffff0001
core   0: 0x00003406 (0x605f1f93) sext.h  t6, t5
core   0: 3 0x00003406 (0x605f1f93) x31 0x00000000
core   0: 0x0000340a (0x34009073) csrw    mscratch, ra
core   0: 3 0x0000340a (0x34009073) c832_mscratch 0x0000033e
core   0: 0x0000340e (0x00002009) c.jal   pc + 2
core   0: 3 0x0000340e (0x2009) x1  0x00003410
core   0: 0x00003410 (0x004000ef) jal     pc + 0x4
core   0: 3 0x00003410 (0x004000ef) x1  0x00003414
core   0: 0x00003414 (0x004000ef) jal     pc + 0x4
core   0: 3 0x00003414 (0x004000ef) x1  0x00003418
core   0: 0x00003418 (0x00000097) auipc   ra, 0x0
core   0: 3 0x00003418 (0x00000097) x1  0x00003418
core   0: 0x0000341c (0x00c08093) addi    ra, ra, 12
core   0: 3 0x0000341c (0x00c08093) x1  0x00003424
core   0: 0x00003420 (0x00008067) ret
core   0: 3 0x00003420 (0x00008067)
core   0: 0x00003424 (0x340020f3) csrr    ra, mscratch
core   0: 3 0x00003424 (0x340020f3) x1  0x0000033e
core   0: 0x00003428 (0x00000001) c.nop
core   0: 3 0x00003428 (0x0001)
core   0: 0x0000342a (0x004c0533) add     a0, s8, tp
core   0: 3 0x0000342a (0x004c0533) x10 0x00000002
core   0: 0x0000342e (0x2d33e193) ori     gp, t2, 723
core   0: 3 0x0000342e (0x2d33e193) x3  0x000002d3
core   0: 0x00003432 (0x02d281b3) mul     gp, t0, a3
core   0: 3 0x00003432 (0x02d281b3) x3  0x00000000
core   0: 0x00003436 (0x0319d963) bge     s3, a7, pc + 50
core   0: 3 0x00003436 (0x0319d963)
core   0: 0x00003468 (0x015b1863) bne     s6, s5, pc + 16
core   0: 3 0x00003468 (0x015b1863)
core   0: 0x00003478 (0x02981463) bne     a6, s1, pc + 40
core   0: 3 0x00003478 (0x02981463)
core   0: 0x000034a0 (0x00000001) c.nop
core   0: 3 0x000034a0 (0x0001)
core   0: 0x000034a2 (0x41fa5ab3) sra     s5, s4, t6
core   0: 3 0x000034a2 (0x41fa5ab3) x21 0x7fff0001
core   0: 0x000034a6 (0x0336d8b3) divu    a7, a3, s3
core   0: 3 0x000034a6 (0x0336d8b3) x17 0x00004429
core   0: 0x000034aa (0x00007f41) c.lui   t5, 0xffff0
core   0: 3 0x000034aa (0x7f41) x30 0xffff0000
core   0: 0x000034ac (0x00000f05) c.addi  t5, 1
core   0: 3 0x000034ac (0x0f05) x30 0xffff0001
core   0: 0x000034ae (0x80000fb7) lui     t6, 0x80000
core   0: 3 0x000034ae (0x80000fb7) x31 0x80000000
core   0: 0x000034b2 (0x61ff5fb3) ror     t6, t5, t6
core   0: 3 0x000034b2 (0x61ff5fb3) x31 0xffff0001
core   0: 0x000034b6 (0x0109eeb3) or      t4, s3, a6
core   0: 3 0x000034b6 (0x0109eeb3) x29 0x8201e0c0
core   0: 0x000034ba (0x02966033) rem     zero, a2, s1
core   0: 3 0x000034ba (0x02966033)
core   0: 0x000034be (0x00001e88) c.addi4spn a0, sp, 880
core   0: 3 0x000034be (0x1e88) x10 0x000004e1
core   0: 0x000034c0 (0x007b40b3) xor     ra, s6, t2
core   0: 3 0x000034c0 (0x007b40b3) x1  0x00000201
core   0: 0x000034c4 (0x00bec763) blt     t4, a1, pc + 14
core   0: 3 0x000034c4 (0x00bec763)
core   0: 0x000034d2 (0x00000001) c.nop
core   0: 3 0x000034d2 (0x0001)
core   0: 0x000034d4 (0x00712033) slt     zero, sp, t2
core   0: 3 0x000034d4 (0x00712033)
core   0: 0x000034d8 (0x00006f41) c.lui   t5, 0x10
core   0: 3 0x000034d8 (0x6f41) x30 0x00010000
core   0: 0x000034da (0xa5a5afb7) lui     t6, 0xa5a5a
core   0: 3 0x000034da (0xa5a5afb7) x31 0xa5a5a000
core   0: 0x000034de (0x5a5f8f93) addi    t6, t6, 1445
core   0: 3 0x000034de (0x5a5f8f93) x31 0xa5a5a5a5
core   0: 0x000034e2 (0x607f5f93) rori    t6, t5, 7
core   0: 3 0x000034e2 (0x607f5f93) x31 0x00000200
core   0: 0x000034e6 (0x34009073) csrw    mscratch, ra
core   0: 3 0x000034e6 (0x34009073) c832_mscratch 0x00000201
core   0: 0x000034ea (0x008000ef) jal     pc + 0x8
core   0: 3 0x000034ea (0x008000ef) x1  0x000034ee
core   0: 0x000034f2 (0x340020f3) csrr    ra, mscratch
core   0: 3 0x000034f2 (0x340020f3) x1  0x00000201
core   0: 0x000034f6 (0x00000001) c.nop
core   0: 3 0x000034f6 (0x0001)
core   0: 0x000034f8 (0x00000001) c.nop
core   0: 3 0x000034f8 (0x0001)
core   0: 0x000034fa (0x43402513) slti    a0, zero, 1076
core   0: 3 0x000034fa (0x43402513) x10 0x00000001
core   0: 0x000034fe (0x0000e625) c.bnez  a2, pc + 104
core   0: 3 0x000034fe (0xe625)
core   0: 0x00003566 (0x0000049c) c.addi4spn a5, sp, 576
core   0: 3 0x00003566 (0x049c) x15 0x000003b1
core   0: 0x00003568 (0x000081f1) c.srli  a1, 28
core   0: 3 0x00003568 (0x81f1) x11 0x00000000
core   0: 0x0000356a (0x0000611d) c.addi16sp sp, 416
core   0: 3 0x0000356a (0x611d) x2  0x00000311
core   0: 0x0000356c (0x008d51b3) srl     gp, s10, s0
core   0: 3 0x0000356c (0x008d51b3) x3  0x748d3800
core   0: 0x00003570 (0x00201663) bne     zero, sp, pc + 12
core   0: 3 0x00003570 (0x00201663)
core   0: 0x0000357c (0x11742093) slti    ra, s0, 279
core   0: 3 0x0000357c (0x11742093) x1  0x00000000
core   0: 0x00003580 (0x0000997d) c.andi  a0, -1
core   0: 3 0x00003580 (0x997d) x10 0x00000001
core   0: 0x00003582 (0x00000cce) c.slli  s9, 19
core   0: 3 0x00003582 (0x0cce) x25 0xd2d00000
core   0: 0x00003584 (0xa5a5af37) lui     t5, 0xa5a5a
core   0: 3 0x00003584 (0xa5a5af37) x30 0xa5a5a000
core   0: 0x00003588 (0x5a5f0f13) addi    t5, t5, 1445
core   0: 3 0x00003588 (0x5a5f0f13) x30 0xa5a5a5a5
core   0: 0x0000358c (0x00006fc1) c.lui   t6, 0x10
core   0: 3 0x0000358c (0x6fc1) x31 0x00010000
core   0: 0x0000358e (0x49ff1fb3) bclr    t6, t5, t6
core   0: 3 0x0000358e (0x49ff1fb3) x31 0xa5a5a5a4
core   0: 0x00003592 (0xfedea517) auipc   a0, 0xfedea
core   0: 3 0x00003592 (0xfedea517) x10 0xfeded592
core   0: 0x00003596 (0x007f1b13) slli    s6, t5, 7
core   0: 3 0x00003596 (0x007f1b13) x22 0xd2d2d280
core   0: 0x0000359a (0x0000e90d) c.bnez  a0, pc + 50
core   0: 3 0x0000359a (0xe90d)
core   0: 0x000035cc (0x2cbf3493) sltiu   s1, t5, 715
core   0: 3 0x000035cc (0x2cbf3493) x9  0x00000000
core   0: 0x000035d0 (0x00000694) c.addi4spn a3, sp, 832
core   0: 3 0x000035d0 (0x0694) x13 0x00000651
core   0: 0x000035d2 (0x00008e31) c.xor   a2, a2
core   0: 3 0x000035d2 (0x8e31) x12 0x00000000
core   0: 0x000035d4 (0x00007f41) c.lui   t5, 0xffff0
core   0: 3 0x000035d4 (0x7f41) x30 0xffff0000
core   0: 0x000035d6 (0x00000f05) c.addi  t5, 1
core   0: 3 0x000035d6 (0x0f05) x30 0xffff0001
core   0: 0x000035d8 (0x80000fb7) lui     t6, 0x80000
core   0: 3 0x000035d8 (0x80000fb7) x31 0x80000000
core   0: 0x000035dc (0x69ff1fb3) binv    t6, t5, t6
core   0: 3 0x000035dc (0x69ff1fb3) x31 0xffff0000
core   0: 0x000035e0 (0x00c2d033) srl     zero, t0, a2
core   0: 3 0x000035e0 (0x00c2d033)
core   0: 0x000035e4 (0x304d7013) andi    zero, s10, 772
core   0: 3 0x000035e4 (0x304d7013)
core   0: 0x000035e8 (0x00008d99) c.sub   a1, a4
core   0: 3 0x000035e8 (0x8d99) x11 0xfffffdff
core   0: 0x000035ea (0x00008e55) c.or    a2, a3
core   0: 3 0x000035ea (0x8e55) x12 0x00000651
core   0: 0x000035ec (0x030b3333) mulhu   t1, s6, a6
core   0: 3 0x000035ec (0x030b3333) x6  0x6b109ace
core   0: 0x000035f0 (0xc98d0f13) addi    t5, s10, -872
core   0: 3 0x000035f0 (0xc98d0f13) x30 0xe91a6c98
core   0: 0x000035f4 (0x73be4513) xori    a0, t3, 1851
core   0: 3 0x000035f4 (0x73be4513) x10 0x000110af
core   0: 0x000035f8 (0x02efda63) bge     t6, a4, pc + 52
core   0: 3 0x000035f8 (0x02efda63)
core   0: 0x000035fc (0x016c1493) slli    s1, s8, 22
core   0: 3 0x000035fc (0x016c1493) x9  0x00000000
core   0: 0x00003600 (0x03d9f263) bgeu    s3, t4, pc + 36
core   0: 3 0x00003600 (0x03d9f263)
core   0: 0x00003604 (0x00006f41) c.lui   t5, 0x10
core   0: 3 0x00003604 (0x6f41) x30 0x00010000
core   0: 0x00003606 (0xa5a5afb7) lui     t6, 0xa5a5a
core   0: 3 0x00003606 (0xa5a5afb7) x31 0xa5a5a000
core   0: 0x0000360a (0x5a5f8f93) addi    t6, t6, 1445
core   0: 3 0x0000360a (0x5a5f8f93) x31 0xa5a5a5a5
core   0: 0x0000360e (0x29ff1fb3) bset    t6, t5, t6
core   0: 3 0x0000360e (0x29ff1fb3) x31 0x00010020
core   0: 0x00003612 (0x340f1073) csrw    mscratch, t5
core   0: 3 0x00003612 (0x340f1073) c832_mscratch 0x00010000
core   0: 0x00003616 (0x34002ff3) csrr    t6, mscratch
core   0: 3 0x00003616 (0x34002ff3) x31 0x00010000
core   0: 0x0000361a (0x34003ff3) csrrc   t6, mscratch, zero
core   0: 3 0x0000361a (0x34003ff3) x31 0x00010000
core   0: 0x0000361e (0x03d14033) div     zero, sp, t4
core   0: 3 0x0000361e (0x03d14033)
core   0: 0x00003622 (0x000053fd) c.li    t2, -1
core   0: 3 0x00003622 (0x53fd) x7  0xffffffff
core   0: 0x00003624 (0x000054fd) c.li    s1, -1
core   0: 3 0x00003624 (0x54fd) x9  0xffffffff
core   0: 0x00003626 (0x000008f2) c.slli  a7, 28
core   0: 3 0x00003626 (0x08f2) x17 0x90000000
core   0: 0x00003628 (0x03c7c6b3) div     a3, a5, t3
core   0: 3 0x00003628 (0x03c7c6b3) x13 0x00000000
core   0: 0x0000362c (0x00449233) sll     tp, s1, tp
core   0: 3 0x0000362c (0x00449233) x4  0xfffffffc
core   0: 0x00003630 (0x0086e0b3) or      ra, a3, s0
core   0: 3 0x00003630 (0x0086e0b3) x1  0x5c394be1
core   0: 0x00003634 (0x9b89d817) auipc   a6, 0x9b89d
core   0: 3 0x00003634 (0x9b89d817) x16 0x9b8a0634
core   0: 0x00003638 (0x000010fd) c.addi  ra, -1
core   0: 3 0x00003638 (0x10fd) x1  0x5c394be0
core   0: 0x0000363a (0x02878ab3) mul     s5, a5, s0
core   0: 3 0x0000363a (0x02878ab3) x21 0x6f811991
core   0: 0x0000363e (0x80000f37) lui     t5, 0x80000
core   0: 3 0x0000363e (0x80000f37) x30 0x80000000
core   0: 0x00003642 (0x00001f7d) c.addi  t5, -1
core   0: 3 0x00003642 (0x1f7d) x30 0x7fffffff
core   0: 0x00003644 (0x00004f81) c.li    t6, 0
core   0: 3 0x00003644 (0x4f81) x31 0x00000000
core   0: 0x00003646 (0x49ff1f93) bclri   t6, t5, 31
core   0: 3 0x00003646 (0x49ff1f93) x31 0x7fffffff
core   0: 0x0000364a (0x02351733) mulh    a4, a0, gp
core   0: 3 0x0000364a (0x02351733) x14 0x00007c25
core   0: 0x0000364e (0x02e16763) bltu    sp, a4, pc + 46
core   0: 3 0x0000364e (0x02e16763)
core   0: 0x0000367c (0x00006649) c.lui   a2, 0x12
core   0: 3 0x0000367c (0x6649) x12 0x00012000
core   0: 0x0000367e (0x00ebcb63) blt     s7, a4, pc + 22
core   0: 3 0x0000367e (0x00ebcb63)
core   0: 0x00003694 (0x030a63b3) rem     t2, s4, a6
core   0: 3 0x00003694 (0x030a63b3) x7  0x1b890635
core   0: 0x00003698 (0xa5a5af37) lui     t5, 0xa5a5a
core   0: 3 0x00003698 (0xa5a5af37) x30 0xa5a5a000
core   0: 0x0000369c (0x5a5f0f13) addi    t5, t5, 1445
core   0: 3 0x0000369c (0x5a5f0f13) x30 0xa5a5a5a5
core   0: 0x000036a0 (0x00006fc1) c.lui   t6, 0x10
core   0: 3 0x000036a0 (0x6fc1) x31 0x00010000
core   0: 0x000036a2 (0x680f1f93) binvi   t6, t5, 0
core   0: 3 0x000036a2 (0x680f1f93) x31 0xa5a5a5a4
core   0: 0x000036a6 (0x7fe4e013) ori     zero, s1, 2046
core   0: 3 0x000036a6 (0x7fe4e013)
core   0: 0x000036aa (0x00008d22) c.mv    s10, s0
core   0: 3 0x000036aa (0x8d22) x26 0x5c394be1
core   0: 0x000036ac (0x00008df5) c.and   a1, a3
core   0: 3 0x000036ac (0x8df5) x11 0x00000000
core   0: 0x000036ae (0x00000001) c.nop
core   0: 3 0x000036ae (0x0001)
core   0: 0x000036b0 (0x0322c2b3) div     t0, t0, s2
core   0: 3 0x000036b0 (0x0322c2b3) x5  0x00000000
core   0: 0x000036b4 (0x00008e0d) c.sub   a2, a1
core   0: 3 0x000036b4 (0x8e0d) x12 0x00012000
core   0: 0x000036b6 (0x1a211337) lui     t1, 0x1a211
core   0: 3 0x000036b6 (0x1a211337) x6  0x1a211000
core   0: 0x000036ba (0x00a51f33) sll     t5, a0, a0
core   0: 3 0x000036ba (0x00a51f33) x30 0x88578000
core   0: 0x000036be (0x00008e55) c.or    a2, a3
core   0: 3 0x000036be (0x8e55) x12 0x00012000
core   0: 0x000036c0 (0x0741cf63) blt     gp, s4, pc + 126
core   0: 3 0x000036c0 (0x0741cf63)
core   0: 0x0000373e (0x01499ab3) sll     s5, s3, s4
core   0: 3 0x0000373e (0x01499ab3) x21 0x0003c180
core   0: 0x00003742 (0x00a676b3) and     a3, a2, a0
core   0: 3 0x00003742 (0x00a676b3) x13 0x00010000
core   0: 0x00003746 (0x05641a63) bne     s0, s6, pc + 84
core   0: 3 0x00003746 (0x05641a63)
core   0: 0x0000379a (0x41ba5a13) srai    s4, s4, 27
core   0: 3 0x0000379a (0x41ba5a13) x20 0x0000000f
core   0: 0x0000379e (0x03c162b3) rem     t0, sp, t3
core   0: 3 0x0000379e (0x03c162b3) x5  0x00000311
core   0: 0x000037a2 (0x80000f37) lui     t5, 0x80000
core   0: 3 0x000037a2 (0x80000f37) x30 0x80000000
core   0: 0x000037a6 (0x00007fc1) c.lui   t6, 0xffff0
core   0: 3 0x000037a6 (0x7fc1) x31 0xffff0000
core   0: 0x000037a8 (0x00000f85) c.addi  t6, 1
core   0: 3 0x000037a8 (0x0f85) x31 0xffff0001
core   0: 0x000037aa (0x21ff4fb3) sh2add  t6, t5, t6
core   0: 3 0x000037aa (0x21ff4fb3) x31 0xffff0001
core   0: 0x000037ae (0x02448963) beq     s1, tp, pc + 50
core   0: 3 0x000037ae (0x02448963)
core   0: 0x000037b2 (0x0000158c) c.addi4spn a1, sp, 736
core   0: 3 0x000037b2 (0x158c) x11 0x000005f1
core   0: 0x000037b4 (0x02410733) mul     a4, sp, tp
core   0: 3 0x000037b4 (0x02410733) x14 0xfffff3bc
core   0: 0x000037b8 (0x0941e163) bltu    gp, s4, pc + 130
core   0: 3 0x000037b8 (0x0941e163)
core   0: 0x000037bc (0x00008119) c.srli  a0, 6
core   0: 3 0x000037bc (0x8119) x10 0x00000442
core   0: 0x000037be (0xa9928c93) addi    s9, t0, -1383
core   0: 3 0x000037be (0xa9928c93) x25 0xfffffdaa
core   0: 0x000037c2 (0x406a03b3) sub     t2, s4, t1
core   0: 3 0x000037c2 (0x406a03b3) x7  0xe5def00f
core   0: 0x000037c6 (0x0000177d) c.addi  a4, -1
core   0: 3 0x000037c6 (0x177d) x14 0xfffff3bb
core   0: 0x000037c8 (0x06ab1e63) bne     s6, a0, pc + 124
core   0: 3 0x000037c8 (0x06ab1e63)
core   0: 0x00003844 (0x000081f5) c.srli  a1, 29
core   0: 3 0x00003844 (0x81f5) x11 0x00000000
core   0: 0x00003846 (0x0000e915) c.bnez  a0, pc + 52
core   0: 3 0x00003846 (0xe915)
core   0: 0x0000387a (0x0000857d) c.srai  a0, 31
core   0: 3 0x0000387a (0x857d) x10 0x00000000
core   0: 0x0000387c (0x00006f41) c.lui   t5, 0x10
core   0: 3 0x0000387c (0x6f41) x30 0x00010000
core   0: 0x0000387e (0xa5a5afb7) lui     t6, 0xa5a5a
core   0: 3 0x0000387e (0xa5a5afb7) x31 0xa5a5a000
core   0: 0x00003882 (0x5a5f8f93) addi    t6, t6, 1445
core   0: 3 0x00003882 (0x5a5f8f93) x31 0xa5a5a5a5
core   0: 0x00003886 (0x41ff4fb3) xnor    t6, t5, t6
core   0: 3 0x00003886 (0x41ff4fb3) x31 0x5a5b5a5a
core   0: 0x0000388a (0x000082bd) c.srli  a3, 15
core   0: 3 0x0000388a (0x82bd) x13 0x00000002
core   0: 0x0000388c (0x00008e55) c.or    a2, a3
core   0: 3 0x0000388c (0x8e55) x12 0x00012002
core   0: 0x0000388e (0x0000997d) c.andi  a0, -1
core   0: 3 0x0000388e (0x997d) x10 0x00000000
core   0: 0x00003890 (0x0000e931) c.bnez  a0, pc + 84
core   0: 3 0x00003890 (0xe931)
core   0: 0x00003892 (0x000087e1) c.srai  a5, 24
core   0: 3 0x00003892 (0x87e1) x15 0x00000000
core   0: 0x00003894 (0x05021b63) bne     tp, a6, pc + 86
core   0: 3 0x00003894 (0x05021b63)
core   0: 0x000038ea (0x00b93eb3) sltu    t4, s2, a1
core   0: 3 0x000038ea (0x00b93eb3) x29 0x00000000
core   0: 0x000038ee (0x00008541) c.srai  a0, 16
core   0: 3 0x000038ee (0x8541) x10 0x00000000
core   0: 0x000038f0 (0x00000001) c.nop
core   0: 3 0x000038f0 (0x0001)
core   0: 0x000038f2 (0x41e95213) srai    tp, s2, 30
core   0: 3 0x000038f2 (0x41e95213) x4  0xffffffff
core   0: 0x000038f6 (0x0102d0b3) srl     ra, t0, a6
core   0: 3 0x000038f6 (0x0102d0b3) x1  0x00000000
core   0: 0x000038fa (0xa5a5af37) lui     t5, 0xa5a5a
core   0: 3 0x000038fa (0xa5a5af37) x30 0xa5a5a000
core   0: 0x000038fe (0x5a5f0f13) addi    t5, t5, 1445
core   0: 3 0x000038fe (0x5a5f0f13) x30 0xa5a5a5a5
core   0: 0x00003902 (0x00006fc1) c.lui   t6, 0x10
core   0: 3 0x00003902 (0x6fc1) x31 0x00010000
core   0: 0x00003904 (0x602f1f93) cpop    t6, t5
core   0: 3 0x00003904 (0x602f1f93) x31 0x00000010
core   0: 0x00003908 (0x80000f37) lui     t5, 0x80000
core   0: 3 0x00003908 (0x80000f37) x30 0x80000000
core   0: 0x0000390c (0x00005ffd) c.li    t6, -1
core   0: 3 0x0000390c (0x5ffd) x31 0xffffffff
core   0: 0x0000390e (0x03ff4fb3) div     t6, t5, t6
core   0: 3 0x0000390e (0x03ff4fb3) x31 0x80000000
core   0: 0x00003912 (0x03ef6fb3) rem     t6, t5, t5
core   0: 3 0x00003912 (0x03ef6fb3) x31 0x00000000
core   0: 0x00003916 (0x00004f81) c.li    t6, 0
core   0: 3 0x00003916 (0x4f81) x31 0x00000000
core   0: 0x00003918 (0x03ff5fb3) divu    t6, t5, t6
core   0: 3 0x00003918 (0x03ff5fb3) x31 0xffffffff
core   0: 0x0000391c (0x00004f81) c.li    t6, 0
core   0: 3 0x0000391c (0x4f81) x31 0x00000000
core   0: 0x0000391e (0x03ff6fb3) rem     t6, t5, t6
core   0: 3 0x0000391e (0x03ff6fb3) x31 0x80000000
core   0: 0x00003922 (0x00008cb1) c.xor   s1, a2
core   0: 3 0x00003922 (0x8cb1) x9  0xfffedffd
core   0: 0x00003924 (0x00000001) c.nop
core   0: 3 0x00003924 (0x0001)
core   0: 0x00003926 (0x00008161) c.srli  a0, 24
core   0: 3 0x00003926 (0x8161) x10 0x00000000
core   0: 0x00003928 (0x027e1b33) mulh    s6, t3, t2
core   0: 3 0x00003928 (0x027e1b33) x22 0xffffe376
core   0: 0x0000392c (0x007a3d33) sltu    s10, s4, t2
core   0: 3 0x0000392c (0x007a3d33) x26 0x00000001
core   0: 0x00003930 (0x0000c289) c.beqz  a3, pc + 2
core   0: 3 0x00003930 (0xc289)
core   0: 0x00003932 (0x01344d63) blt     s0, s3, pc + 26
core   0: 3 0x00003932 (0x01344d63)
core   0: 0x00003936 (0x00008d09) c.sub   a0, a0
core   0: 3 0x00003936 (0x8d09) x10 0x00000000
core   0: 0x00003938 (0x6ec5ac13) slti    s8, a1, 1772
core   0: 3 0x00003938 (0x6ec5ac13) x24 0x00000001
core   0: 0x0000393c (0x004b5e63) bge     s6, tp, pc + 28
core   0: 3 0x0000393c (0x004b5e63)
core   0: 0x00003940 (0x00004f01) c.li    t5, 0
core   0: 3 0x00003940 (0x4f01) x30 0x00000000
core   0: 0x00003942 (0x80000fb7) lui     t6, 0x80000
core   0: 3 0x00003942 (0x80000fb7) x31 0x80000000
core   0: 0x00003946 (0x00001ffd) c.addi  t6, -1
core   0: 3 0x00003946 (0x1ffd) x31 0x7fffffff
core   0: 0x00003948 (0x0bff4fb3) min     t6, t5, t6
core   0: 3 0x00003948 (0x0bff4fb3) x31 0x00000000
core   0: 0x0000394c (0x72647e93) andi    t4, s0, 1830
core   0: 3 0x0000394c (0x72647e93) x29 0x00000320
core   0: 0x00003950 (0x037a90b3) mulh    ra, s5, s7
core   0: 3 0x00003950 (0x037a90b3) x1  0x00000000
core   0: 0x00003954 (0x4069d693) srai    a3, s3, 6
core   0: 3 0x00003954 (0x4069d693) x13 0x00000783
core   0: 0x00003958 (0xfd437313) andi    t1, t1, -44
core   0: 3 0x00003958 (0xfd437313) x6  0x1a211000
core   0: 0x0000395c (0x00008e85) c.sub   a3, s1
core   0: 3 0x0000395c (0x8e85) x13 0x00012786
core   0: 0x0000395e (0x00008d69) c.and   a0, a0
core   0: 3 0x0000395e (0x8d69) x10 0x00000000
core   0: 0x00003960 (0x01b66033) or      zero, a2, s11
core   0: 3 0x00003960 (0x01b66033)
core   0: 0x00003964 (0x01349c63) bne     s1, s3, pc + 24
core   0: 3 0x00003964 (0x01349c63)
core   0: 0x0000397c (0x0218f163) bgeu    a7, ra, pc + 34
core   0: 3 0x0000397c (0x0218f163)
core   0: 0x0000399e (0x035c9033) mulh    zero, s9, s5
core   0: 3 0x0000399e (0x035c9033)
core   0: 0x000039a2 (0x00006f41) c.lui   t5, 0x10
core   0: 3 0x000039a2 (0x6f41) x30 0x00010000
core   0: 0x000039a4 (0xa5a5afb7) lui     t6, 0xa5a5a
core   0: 3 0x000039a4 (0xa5a5afb7) x31 0xa5a5a000
core   0: 0x000039a8 (0x5a5f8f93) addi    t6, t6, 1445
core   0: 3 0x000039a8 (0x5a5f8f93) x31 0xa5a5a5a5
core   0: 0x000039ac (0x0bff6fb3) max     t6, t5, t6
core   0: 3 0x000039ac (0x0bff6fb3) x31 0x00010000
core   0: 0x000039b0 (0x00008e41) c.or    a2, s0
core   0: 3 0x000039b0 (0x8e41) x12 0x5c396be3
core   0: 0x000039b2 (0x0148c763) blt     a7, s4, pc + 14
core   0: 3 0x000039b2 (0x0148c763)
core   0: 0x000039c0 (0x00c85333) srl     t1, a6, a2
core   0: 3 0x000039c0 (0x00c85333) x6  0x137140c6
core   0: 0x000039c4 (0x00000417) auipc   s0, 0x0
core   0: 3 0x000039c4 (0x00000417) x8  0x000039c4
core   0: 0x000039c8 (0x00c40413) addi    s0, s0, 12
core   0: 3 0x000039c8 (0x00c40413) x8  0x000039d0
core   0: 0x000039cc (0x00040067) jr      s0
core   0: 3 0x000039cc (0x00040067)
core   0: >>>>  test_done
core   0: 0x000039d0 (0x00004185) c.li    gp, 1
core   0: 3 0x000039d0 (0x4185) x3  0x00000001
core   0: 0x000039d2 (0x0000a039) c.j     pc + 14
core   0: 3 0x000039d2 (0xa039)
core   0: >>>>  write_tohost
core   0: 0x000039e0 (0x00000f17) auipc   t5, 0x0
core   0: 3 0x000039e0 (0x00000f17) x30 0x000039e0
core   0: 0x000039e4 (0x123f2023) sw      gp, 288(t5)
core   0: 3 0x000039e4 (0x123f2023) mem 0x00003b00 0x00000001
core   0: >>>>  _exit
core   0: 0x000039e8 (0x0000bfe5) c.j     pc - 8
core   0: 3 0x000039e8 (0xbfe5)
core   0: >>>>  write_tohost
core   0: 0x000039e0 (0x00000f17) auipc   t5, 0x0
core   0: 3 0x000039e0 (0x00000f17) x30 0x000039e0
core   0: 0x000039e4 (0x123f2023) sw      gp, 288(t5)
core   0: 3 0x000039e4 (0x123f2023) mem 0x00003b00 0x00000001
core   0: >>>>  _exit
core   0: 0x000039e8 (0x0000bfe5) c.j     pc - 8
core   0: 3 0x000039e8 (0xbfe5)
core   0: >>>>  write_tohost
core   0: 0x000039e0 (0x00000f17) auipc   t5, 0x0
core   0: 3 0x000039e0 (0x00000f17) x30 0x000039e0
core   0: 0x000039e4 (0x123f2023) sw      gp, 288(t5)
core   0: 3 0x000039e4 (0x123f2023) mem 0x00003b00 0x00000001
core   0: >>>>  _exit
core   0: 0x000039e8 (0x0000bfe5) c.j     pc - 8
core   0: 3 0x000039e8 (0xbfe5)
core   0: >>>>  write_tohost
core   0: 0x000039e0 (0x00000f17) auipc   t5, 0x0
core   0: 3 0x000039e0 (0x00000f17) x30 0x000039e0
core   0: 0x000039e4 (0x123f2023) sw      gp, 288(t5)
core   0: 3 0x000039e4 (0x123f2023) mem 0x00003b00 0x00000001
core   0: >>>>  _exit
core   0: 0x000039e8 (0x0000bfe5) c.j     pc - 8
core   0: 3 0x000039e8 (0xbfe5)
core   0: >>>>  write_tohost
core   0: 0x000039e0 (0x00000f17) auipc   t5, 0x0
core   0: 3 0x000039e0 (0x00000f17) x30 0x000039e0
core   0: 0x000039e4 (0x123f2023) sw      gp, 288(t5)
core   0: 3 0x000039e4 (0x123f2023) mem 0x00003b00 0x00000001
core   0: >>>>  _exit
core   0: 0x000039e8 (0x0000bfe5) c.j     pc - 8
core   0: 3 0x000039e8 (0xbfe5)
core   0: >>>>  write_tohost
core   0: 0x000039e0 (0x00000f17) auipc   t5, 0x0
core   0: 3 0x000039e0 (0x00000f17) x30 0x000039e0
core   0: 0x000039e4 (0x123f2023) sw      gp, 288(t5)
core   0: 3 0x000039e4 (0x123f2023) mem 0x00003b00 0x00000001
core   0: >>>>  _exit
core   0: 0x000039e8 (0x0000bfe5) c.j     pc - 8
core   0: 3 0x000039e8 (0xbfe5)
core   0: >>>>  write_tohost
core   0: 0x000039e0 (0x00000f17) auipc   t5, 0x0
core   0: 3 0x000039e0 (0x00000f17) x30 0x000039e0
core   0: 0x000039e4 (0x123f2023) sw      gp, 288(t5)
core   0: 3 0x000039e4 (0x123f2023) mem 0x00003b00 0x00000001
core   0: >>>>  _exit
core   0: 0x000039e8 (0x0000bfe5) c.j     pc - 8
core   0: 3 0x000039e8 (0xbfe5)
core   0: >>>>  write_tohost
core   0: 0x000039e0 (0x00000f17) auipc   t5, 0x0
core   0: 3 0x000039e0 (0x00000f17) x30 0x000039e0
core   0: 0x000039e4 (0x123f2023) sw      gp, 288(t5)
core   0: 3 0x000039e4 (0x123f2023) mem 0x00003b00 0x00000001
core   0: >>>>  _exit
core   0: 0x000039e8 (0x0000bfe5) c.j     pc - 8
core   0: 3 0x000039e8 (0xbfe5)
core   0: >>>>  write_tohost
core   0: 0x000039e0 (0x00000f17) auipc   t5, 0x0
core   0: 3 0x000039e0 (0x00000f17) x30 0x000039e0
core   0: 0x000039e4 (0x123f2023) sw      gp, 288(t5)
core   0: 3 0x000039e4 (0x123f2023) mem 0x00003b00 0x00000001
core   0: >>>>  _exit
core   0: 0x000039e8 (0x0000bfe5) c.j     pc - 8
core   0: 3 0x000039e8 (0xbfe5)
core   0: >>>>  write_tohost
core   0: 0x000039e0 (0x00000f17) auipc   t5, 0x0
core   0: 3 0x000039e0 (0x00000f17) x30 0x000039e0
core   0: 0x000039e4 (0x123f2023) sw      gp, 288(t5)
core   0: 3 0x000039e4 (0x123f2023) mem 0x00003b00 0x00000001
core   0: >>>>  _exit
core   0: 0x000039e8 (0x0000bfe5) c.j     pc - 8
core   0: 3 0x000039e8 (0xbfe5)
core   0: >>>>  write_tohost
core   0: 0x000039e0 (0x00000f17) auipc   t5, 0x0
core   0: 3 0x000039e0 (0x00000f17) x30 0x000039e0
core   0: 0x000039e4 (0x123f2023) sw      gp, 288(t5)
core   0: 3 0x000039e4 (0x123f2023) mem 0x00003b00 0x00000001
core   0: >>>>  _exit
core   0: 0x000039e8 (0x0000bfe5) c.j     pc - 8
core   0: 3 0x000039e8 (0xbfe5)
core   0: >>>>  write_tohost
core   0: 0x000039e0 (0x00000f17) auipc   t5, 0x0
core   0: 3 0x000039e0 (0x00000f17) x30 0x000039e0
core   0: 0x000039e4 (0x123f2023) sw      gp, 288(t5)
core   0: 3 0x000039e4 (0x123f2023) mem 0x00003b00 0x00000001
core   0: >>>>  _exit
core   0: 0x000039e8 (0x0000bfe5) c.j     pc - 8
core   0: 3 0x000039e8 (0xbfe5)
core   0: >>>>  write_tohost
core   0: 0x000039e0 (0x00000f17) auipc   t5, 0x0
core   0: 3 0x000039e0 (0x00000f17) x30 0x000039e0
core   0: 0x000039e4 (0x123f2023) sw      gp, 288(t5)
core   0: 3 0x000039e4 (0x123f2023) mem 0x00003b00 0x00000001
core   0: >>>>  _exit
core   0: 0x000039e8 (0x0000bfe5) c.j     pc - 8
core   0: 3 0x000039e8 (0xbfe5)
core   0: >>>>  write_tohost
core   0: 0x000039e0 (0x00000f17) auipc   t5, 0x0
core   0: 3 0x000039e0 (0x00000f17) x30 0x000039e0
core   0: 0x000039e4 (0x123f2023) sw      gp, 288(t5)
core   0: 3 0x000039e4 (0x123f2023) mem 0x00003b00 0x00000001
core   0: >>>>  _exit
core   0: 0x000039e8 (0x0000bfe5) c.j     pc - 8
core   0: 3 0x000039e8 (0xbfe5)
core   0: >>>>  write_tohost
core   0: 0x000039e0 (0x00000f17) auipc   t5, 0x0
core   0: 3 0x000039e0 (0x00000f17) x30 0x000039e0
core   0: 0x000039e4 (0x123f2023) sw      gp, 288(t5)
core   0: 3 0x000039e4 (0x123f2023) mem 0x00003b00 0x00000001
core   0: >>>>  _exit
core   0: 0x000039e8 (0x0000bfe5) c.j     pc - 8
core   0: 3 0x000039e8 (0xbfe5)
core   0: >>>>  write_tohost
core   0: 0x000039e0 (0x00000f17) auipc   t5, 0x0
core   0: 3 0x000039e0 (0x00000f17) x30 0x000039e0
core   0: 0x000039e4 (0x123f2023) sw      gp, 288(t5)
core   0: 3 0x000039e4 (0x123f2023) mem 0x00003b00 0x00000001
core   0: >>>>  _exit
core   0: 0x000039e8 (0x0000bfe5) c.j     pc - 8
core   0: 3 0x000039e8 (0xbfe5)
core   0: >>>>  write_tohost
core   0: 0x000039e0 (0x00000f17) auipc   t5, 0x0
core   0: 3 0x000039e0 (0x00000f17) x30 0x000039e0
core   0: 0x000039e4 (0x123f2023) sw      gp, 288(t5)
core   0: 3 0x000039e4 (0x123f2023) mem 0x00003b00 0x00000001
core   0: >>>>  _exit
core   0: 0x000039e8 (0x0000bfe5) c.j     pc - 8
core   0: 3 0x000039e8 (0xbfe5)
core   0: >>>>  write_tohost
core   0: 0x000039e0 (0x00000f17) auipc   t5, 0x0
core   0: 3 0x000039e0 (0x00000f17) x30 0x000039e0
core   0: 0x000039e4 (0x123f2023) sw      gp, 288(t5)
core   0: 3 0x000039e4 (0x123f2023) mem 0x00003b00 0x00000001
core   0: >>>>  _exit
core   0: 0x000039e8 (0x0000bfe5) c.j     pc - 8
core   0: 3 0x000039e8 (0xbfe5)
core   0: >>>>  write_tohost
core   0: 0x000039e0 (0x00000f17) auipc   t5, 0x0
core   0: 3 0x000039e0 (0x00000f17) x30 0x000039e0
core   0: 0x000039e4 (0x123f2023) sw      gp, 288(t5)
core   0: 3 0x000039e4 (0x123f2023) mem 0x00003b00 0x00000001
core   0: >>>>  _exit
core   0: 0x000039e8 (0x0000bfe5) c.j     pc - 8
core   0: 3 0x000039e8 (0xbfe5)
core   0: >>>>  write_tohost
core   0: 0x000039e0 (0x00000f17) auipc   t5, 0x0
core   0: 3 0x000039e0 (0x00000f17) x30 0x000039e0
core   0: 0x000039e4 (0x123f2023) sw      gp, 288(t5)
core   0: 3 0x000039e4 (0x123f2023) mem 0x00003b00 0x00000001
core   0: >>>>  _exit
core   0: 0x000039e8 (0x0000bfe5) c.j     pc - 8
core   0: 3 0x000039e8 (0xbfe5)
core   0: >>>>  write_tohost
core   0: 0x000039e0 (0x00000f17) auipc   t5, 0x0
core   0: 3 0x000039e0 (0x00000f17) x30 0x000039e0
core   0: 0x000039e4 (0x123f2023) sw      gp, 288(t5)
core   0: 3 0x000039e4 (0x123f2023) mem 0x00003b00 0x00000001
core   0: >>>>  _exit
core   0: 0x000039e8 (0x0000bfe5) c.j     pc - 8
core   0: 3 0x000039e8 (0xbfe5)
core   0: >>>>  write_tohost
core   0: 0x000039e0 (0x00000f17) auipc   t5, 0x0
core   0: 3 0x000039e0 (0x00000f17) x30 0x000039e0
core   0: 0x000039e4 (0x123f2023) sw      gp, 288(t5)
core   0: 3 0x000039e4 (0x123f2023) mem 0x00003b00 0x00000001
core   0: >>>>  _exit
core   0: 0x000039e8 (0x0000bfe5) c.j     pc - 8
core   0: 3 0x000039e8 (0xbfe5)
core   0: >>>>  write_tohost
core   0: 0x000039e0 (0x00000f17) auipc   t5, 0x0
core   0: 3 0x000039e0 (0x00000f17) x30 0x000039e0
core   0: 0x000039e4 (0x123f2023) sw      gp, 288(t5)
core   0: 3 0x000039e4 (0x123f2023) mem 0x00003b00 0x00000001
core   0: >>>>  _exit
core   0: 0x000039e8 (0x0000bfe5) c.j     pc - 8
core   0: 3 0x000039e8 (0xbfe5)
core   0: >>>>  write_tohost
core   0: 0x000039e0 (0x00000f17) auipc   t5, 0x0
core   0: 3 0x000039e0 (0x00000f17) x30 0x000039e0
core   0: 0x000039e4 (0x123f2023) sw      gp, 288(t5)
core   0: 3 0x000039e4 (0x123f2023) mem 0x00003b00 0x00000001
core   0: >>>>  _exit
core   0: 0x000039e8 (0x0000bfe5) c.j     pc - 8
core   0: 3 0x000039e8 (0xbfe5)
core   0: >>>>  write_tohost
core   0: 0x000039e0 (0x00000f17) auipc   t5, 0x0
core   0: 3 0x000039e0 (0x00000f17) x30 0x000039e0
core   0: 0x000039e4 (0x123f2023) sw      gp, 288(t5)
core   0: 3 0x000039e4 (0x123f2023) mem 0x00003b00 0x00000001
core   0: >>>>  _exit
core   0: 0x000039e8 (0x0000bfe5) c.j     pc - 8
core   0: 3 0x000039e8 (0xbfe5)
core   0: >>>>  write_tohost
core   0: 0x000039e0 (0x00000f17) auipc   t5, 0x0
core   0: 3 0x000039e0 (0x00000f17) x30 0x000039e0
core   0: 0x000039e4 (0x123f2023) sw      gp, 288(t5)
core   0: 3 0x000039e4 (0x123f2023) mem 0x00003b00 0x00000001
core   0: >>>>  _exit
core   0: 0x000039e8 (0x0000bfe5) c.j     pc - 8
core   0: 3 0x000039e8 (0xbfe5)
core   0: >>>>  write_tohost
core   0: 0x000039e0 (0x00000f17) auipc   t5, 0x0
core   0: 3 0x000039e0 (0x00000f17) x30 0x000039e0
core   0: 0x000039e4 (0x123f2023) sw      gp, 288(t5)
core   0: 3 0x000039e4 (0x123f2023) mem 0x00003b00 0x00000001
core   0: >>>>  _exit
core   0: 0x000039e8 (0x0000bfe5) c.j     pc - 8
core   0: 3 0x000039e8 (0xbfe5)
core   0: >>>>  write_tohost
core   0: 0x000039e0 (0x00000f17) auipc   t5, 0x0
core   0: 3 0x000039e0 (0x00000f17) x30 0x000039e0
core   0: 0x000039e4 (0x123f2023) sw      gp, 288(t5)
core   0: 3 0x000039e4 (0x123f2023) mem 0x00003b00 0x00000001
core   0: >>>>  _exit
core   0: 0x000039e8 (0x0000bfe5) c.j     pc - 8
core   0: 3 0x000039e8 (0xbfe5)
core   0: >>>>  write_tohost
core   0: 0x000039e0 (0x00000f17) auipc   t5, 0x0
core   0: 3 0x000039e0 (0x00000f17) x30 0x000039e0
core   0: 0x000039e4 (0x123f2023) sw      gp, 288(t5)
core   0: 3 0x000039e4 (0x123f2023) mem 0x00003b00 0x00000001
core   0: >>>>  _exit
core   0: 0x000039e8 (0x0000bfe5) c.j     pc - 8
core   0: 3 0x000039e8 (0xbfe5)
core   0: >>>>  write_tohost
core   0: 0x000039e0 (0x00000f17) auipc   t5, 0x0
core   0: 3 0x000039e0 (0x00000f17) x30 0x000039e0
core   0: 0x000039e4 (0x123f2023) sw      gp, 288(t5)
core   0: 3 0x000039e4 (0x123f2023) mem 0x00003b00 0x00000001
core   0: >>>>  _exit
core   0: 0x000039e8 (0x0000bfe5) c.j     pc - 8
core   0: 3 0x000039e8 (0xbfe5)
core   0: >>>>  write_tohost
core   0: 0x000039e0 (0x00000f17) auipc   t5, 0x0
core   0: 3 0x000039e0 (0x00000f17) x30 0x000039e0
core   0: 0x000039e4 (0x123f2023) sw      gp, 288(t5)
core   0: 3 0x000039e4 (0x123f2023) mem 0x00003b00 0x00000001
core   0: >>>>  _exit
core   0: 0x000039e8 (0x0000bfe5) c.j     pc - 8
core   0: 3 0x000039e8 (0xbfe5)
core   0: >>>>  write_tohost
core   0: 0x000039e0 (0x00000f17) auipc   t5, 0x0
core   0: 3 0x000039e0 (0x00000f17) x30 0x000039e0
core   0: 0x000039e4 (0x123f2023) sw      gp, 288(t5)
core   0: 3 0x000039e4 (0x123f2023) mem 0x00003b00 0x00000001
core   0: >>>>  _exit
core   0: 0x000039e8 (0x0000bfe5) c.j     pc - 8
core   0: 3 0x000039e8 (0xbfe5)
core   0: >>>>  write_tohost
core   0: 0x000039e0 (0x00000f17) auipc   t5, 0x0
core   0: 3 0x000039e0 (0x00000f17) x30 0x000039e0
core   0: 0x000039e4 (0x123f2023) sw      gp, 288(t5)
core   0: 3 0x000039e4 (0x123f2023) mem 0x00003b00 0x00000001
core   0: >>>>  _exit
core   0: 0x000039e8 (0x0000bfe5) c.j     pc - 8
core   0: 3 0x000039e8 (0xbfe5)
core   0: >>>>  write_tohost
core   0: 0x000039e0 (0x00000f17) auipc   t5, 0x0
core   0: 3 0x000039e0 (0x00000f17) x30 0x000039e0
core   0: 0x000039e4 (0x123f2023) sw      gp, 288(t5)
core   0: 3 0x000039e4 (0x123f2023) mem 0x00003b00 0x00000001
core   0: >>>>  _exit
core   0: 0x000039e8 (0x0000bfe5) c.j     pc - 8
core   0: 3 0x000039e8 (0xbfe5)
core   0: >>>>  write_tohost
core   0: 0x000039e0 (0x00000f17) auipc   t5, 0x0
core   0: 3 0x000039e0 (0x00000f17) x30 0x000039e0
core   0: 0x000039e4 (0x123f2023) sw      gp, 288(t5)
core   0: 3 0x000039e4 (0x123f2023) mem 0x00003b00 0x00000001
core   0: >>>>  _exit
core   0: 0x000039e8 (0x0000bfe5) c.j     pc - 8
core   0: 3 0x000039e8 (0xbfe5)
core   0: >>>>  write_tohost
core   0: 0x000039e0 (0x00000f17) auipc   t5, 0x0
core   0: 3 0x000039e0 (0x00000f17) x30 0x000039e0
core   0: 0x000039e4 (0x123f2023) sw      gp, 288(t5)
core   0: 3 0x000039e4 (0x123f2023) mem 0x00003b00 0x00000001
core   0: >>>>  _exit
core   0: 0x000039e8 (0x0000bfe5) c.j     pc - 8
core   0: 3 0x000039e8 (0xbfe5)
core   0: >>>>  write_tohost
core   0: 0x000039e0 (0x00000f17) auipc   t5, 0x0
core   0: 3 0x000039e0 (0x00000f17) x30 0x000039e0
core   0: 0x000039e4 (0x123f2023) sw      gp, 288(t5)
core   0: 3 0x000039e4 (0x123f2023) mem 0x00003b00 0x00000001
core   0: >>>>  _exit
core   0: 0x000039e8 (0x0000bfe5) c.j     pc - 8
core   0: 3 0x000039e8 (0xbfe5)
core   0: >>>>  write_tohost
core   0: 0x000039e0 (0x00000f17) auipc   t5, 0x0
core   0: 3 0x000039e0 (0x00000f17) x30 0x000039e0
core   0: 0x000039e4 (0x123f2023) sw      gp, 288(t5)
core   0: 3 0x000039e4 (0x123f2023) mem 0x00003b00 0x00000001
core   0: >>>>  _exit
core   0: 0x000039e8 (0x0000bfe5) c.j     pc - 8
core   0: 3 0x000039e8 (0xbfe5)
core   0: >>>>  write_tohost
core   0: 0x000039e0 (0x00000f17) auipc   t5, 0x0
core   0: 3 0x000039e0 (0x00000f17) x30 0x000039e0
core   0: 0x000039e4 (0x123f2023) sw      gp, 288(t5)
core   0: 3 0x000039e4 (0x123f2023) mem 0x00003b00 0x00000001
core   0: >>>>  _exit
core   0: 0x000039e8 (0x0000bfe5) c.j     pc - 8
core   0: 3 0x000039e8 (0xbfe5)
core   0: >>>>  write_tohost
core   0: 0x000039e0 (0x00000f17) auipc   t5, 0x0
core   0: 3 0x000039e0 (0x00000f17) x30 0x000039e0
core   0: 0x000039e4 (0x123f2023) sw      gp, 288(t5)
core   0: 3 0x000039e4 (0x123f2023) mem 0x00003b00 0x00000001
core   0: >>>>  _exit
core   0: 0x000039e8 (0x0000bfe5) c.j     pc - 8
core   0: 3 0x000039e8 (0xbfe5)
core   0: >>>>  write_tohost
core   0: 0x000039e0 (0x00000f17) auipc   t5, 0x0
core   0: 3 0x000039e0 (0x00000f17) x30 0x000039e0
core   0: 0x000039e4 (0x123f2023) sw      gp, 288(t5)
core   0: 3 0x000039e4 (0x123f2023) mem 0x00003b00 0x00000001
core   0: >>>>  _exit
core   0: 0x000039e8 (0x0000bfe5) c.j     pc - 8
core   0: 3 0x000039e8 (0xbfe5)
core   0: >>>>  write_tohost
core   0: 0x000039e0 (0x00000f17) auipc   t5, 0x0
core   0: 3 0x000039e0 (0x00000f17) x30 0x000039e0
core   0: 0x000039e4 (0x123f2023) sw      gp, 288(t5)
core   0: 3 0x000039e4 (0x123f2023) mem 0x00003b00 0x00000001
core   0: >>>>  _exit
core   0: 0x000039e8 (0x0000bfe5) c.j     pc - 8
core   0: 3 0x000039e8 (0xbfe5)
core   0: >>>>  write_tohost
core   0: 0x000039e0 (0x00000f17) auipc   t5, 0x0
core   0: 3 0x000039e0 (0x00000f17) x30 0x000039e0
core   0: 0x000039e4 (0x123f2023) sw      gp, 288(t5)
core   0: 3 0x000039e4 (0x123f2023) mem 0x00003b00 0x00000001
core   0: >>>>  _exit
core   0: 0x000039e8 (0x0000bfe5) c.j     pc - 8
core   0: 3 0x000039e8 (0xbfe5)
core   0: >>>>  write_tohost
core   0: 0x000039e0 (0x00000f17) auipc   t5, 0x0
core   0: 3 0x000039e0 (0x00000f17) x30 0x000039e0
core   0: 0x000039e4 (0x123f2023) sw      gp, 288(t5)
core   0: 3 0x000039e4 (0x123f2023) mem 0x00003b00 0x00000001
core   0: >>>>  _exit
core   0: 0x000039e8 (0x0000bfe5) c.j     pc - 8
core   0: 3 0x000039e8 (0xbfe5)
core   0: >>>>  write_tohost
core   0: 0x000039e0 (0x00000f17) auipc   t5, 0x0
core   0: 3 0x000039e0 (0x00000f17) x30 0x000039e0
core   0: 0x000039e4 (0x123f2023) sw      gp, 288(t5)
core   0: 3 0x000039e4 (0x123f2023) mem 0x00003b00 0x00000001
core   0: >>>>  _exit
core   0: 0x000039e8 (0x0000bfe5) c.j     pc - 8
core   0: 3 0x000039e8 (0xbfe5)
core   0: >>>>  write_tohost
core   0: 0x000039e0 (0x00000f17) auipc   t5, 0x0
core   0: 3 0x000039e0 (0x00000f17) x30 0x000039e0
core   0: 0x000039e4 (0x123f2023) sw      gp, 288(t5)
core   0: 3 0x000039e4 (0x123f2023) mem 0x00003b00 0x00000001
core   0: >>>>  _exit
core   0: 0x000039e8 (0x0000bfe5) c.j     pc - 8
core   0: 3 0x000039e8 (0xbfe5)
core   0: >>>>  write_tohost
core   0: 0x000039e0 (0x00000f17) auipc   t5, 0x0
core   0: 3 0x000039e0 (0x00000f17) x30 0x000039e0
core   0: 0x000039e4 (0x123f2023) sw      gp, 288(t5)
core   0: 3 0x000039e4 (0x123f2023) mem 0x00003b00 0x00000001
core   0: >>>>  _exit
core   0: 0x000039e8 (0x0000bfe5) c.j     pc - 8
core   0: 3 0x000039e8 (0xbfe5)
core   0: >>>>  write_tohost
core   0: 0x000039e0 (0x00000f17) auipc   t5, 0x0
core   0: 3 0x000039e0 (0x00000f17) x30 0x000039e0
core   0: 0x000039e4 (0x123f2023) sw      gp, 288(t5)
core   0: 3 0x000039e4 (0x123f2023) mem 0x00003b00 0x00000001
core   0: >>>>  _exit
core   0: 0x000039e8 (0x0000bfe5) c.j     pc - 8
core   0: 3 0x000039e8 (0xbfe5)
core   0: >>>>  write_tohost
core   0: 0x000039e0 (0x00000f17) auipc   t5, 0x0
core   0: 3 0x000039e0 (0x00000f17) x30 0x000039e0
core   0: 0x000039e4 (0x123f2023) sw      gp, 288(t5)
core   0: 3 0x000039e4 (0x123f2023) mem 0x00003b00 0x00000001
core   0: >>>>  _exit
core   0: 0x000039e8 (0x0000bfe5) c.j     pc - 8
core   0: 3 0x000039e8 (0xbfe5)
core   0: >>>>  write_tohost
core   0: 0x000039e0 (0x00000f17) auipc   t5, 0x0
core   0: 3 0x000039e0 (0x00000f17) x30 0x000039e0
core   0: 0x000039e4 (0x123f2023) sw      gp, 288(t5)
core   0: 3 0x000039e4 (0x123f2023) mem 0x00003b00 0x00000001
core   0: >>>>  _exit
core   0: 0x000039e8 (0x0000bfe5) c.j     pc - 8
core   0: 3 0x000039e8 (0xbfe5)
core   0: >>>>  write_tohost
core   0: 0x000039e0 (0x00000f17) auipc   t5, 0x0
core   0: 3 0x000039e0 (0x00000f17) x30 0x000039e0
core   0: 0x000039e4 (0x123f2023) sw      gp, 288(t5)
core   0: 3 0x000039e4 (0x123f2023) mem 0x00003b00 0x00000001
core   0: >>>>  _exit
core   0: 0x000039e8 (0x0000bfe5) c.j     pc - 8
core   0: 3 0x000039e8 (0xbfe5)
core   0: >>>>  write_tohost
core   0: 0x000039e0 (0x00000f17) auipc   t5, 0x0
core   0: 3 0x000039e0 (0x00000f17) x30 0x000039e0
core   0: 0x000039e4 (0x123f2023) sw      gp, 288(t5)
core   0: 3 0x000039e4 (0x123f2023) mem 0x00003b00 0x00000001
core   0: >>>>  _exit
core   0: 0x000039e8 (0x0000bfe5) c.j     pc - 8
core   0: 3 0x000039e8 (0xbfe5)
core   0: >>>>  write_tohost
core   0: 0x000039e0 (0x00000f17) auipc   t5, 0x0
core   0: 3 0x000039e0 (0x00000f17) x30 0x000039e0
core   0: 0x000039e4 (0x123f2023) sw      gp, 288(t5)
core   0: 3 0x000039e4 (0x123f2023) mem 0x00003b00 0x00000001
core   0: >>>>  _exit
core   0: 0x000039e8 (0x0000bfe5) c.j     pc - 8
core   0: 3 0x000039e8 (0xbfe5)
core   0: >>>>  write_tohost
core   0: 0x000039e0 (0x00000f17) auipc   t5, 0x0
core   0: 3 0x000039e0 (0x00000f17) x30 0x000039e0
core   0: 0x000039e4 (0x123f2023) sw      gp, 288(t5)
core   0: 3 0x000039e4 (0x123f2023) mem 0x00003b00 0x00000001
core   0: >>>>  _exit
core   0: 0x000039e8 (0x0000bfe5) c.j     pc - 8
core   0: 3 0x000039e8 (0xbfe5)
core   0: >>>>  write_tohost
core   0: 0x000039e0 (0x00000f17) auipc   t5, 0x0
core   0: 3 0x000039e0 (0x00000f17) x30 0x000039e0
core   0: 0x000039e4 (0x123f2023) sw      gp, 288(t5)
core   0: 3 0x000039e4 (0x123f2023) mem 0x00003b00 0x00000001
core   0: >>>>  _exit
core   0: 0x000039e8 (0x0000bfe5) c.j     pc - 8
core   0: 3 0x000039e8 (0xbfe5)
core   0: >>>>  write_tohost
core   0: 0x000039e0 (0x00000f17) auipc   t5, 0x0
core   0: 3 0x000039e0 (0x00000f17) x30 0x000039e0
core   0: 0x000039e4 (0x123f2023) sw      gp, 288(t5)
core   0: 3 0x000039e4 (0x123f2023) mem 0x00003b00 0x00000001
core   0: >>>>  _exit
core   0: 0x000039e8 (0x0000bfe5) c.j     pc - 8
core   0: 3 0x000039e8 (0xbfe5)
core   0: >>>>  write_tohost
core   0: 0x000039e0 (0x00000f17) auipc   t5, 0x0
core   0: 3 0x000039e0 (0x00000f17) x30 0x000039e0
core   0: 0x000039e4 (0x123f2023) sw      gp, 288(t5)
core   0: 3 0x000039e4 (0x123f2023) mem 0x00003b00 0x00000001
core   0: >>>>  _exit
core   0: 0x000039e8 (0x0000bfe5) c.j     pc - 8
core   0: 3 0x000039e8 (0xbfe5)
core   0: >>>>  write_tohost
core   0: 0x000039e0 (0x00000f17) auipc   t5, 0x0
core   0: 3 0x000039e0 (0x00000f17) x30 0x000039e0
core   0: 0x000039e4 (0x123f2023) sw      gp, 288(t5)
core   0: 3 0x000039e4 (0x123f2023) mem 0x00003b00 0x00000001
core   0: >>>>  _exit
core   0: 0x000039e8 (0x0000bfe5) c.j     pc - 8
core   0: 3 0x000039e8 (0xbfe5)
core   0: >>>>  write_tohost
core   0: 0x000039e0 (0x00000f17) auipc   t5, 0x0
core   0: 3 0x000039e0 (0x00000f17) x30 0x000039e0
core   0: 0x000039e4 (0x123f2023) sw      gp, 288(t5)
core   0: 3 0x000039e4 (0x123f2023) mem 0x00003b00 0x00000001
core   0: >>>>  _exit
core   0: 0x000039e8 (0x0000bfe5) c.j     pc - 8
core   0: 3 0x000039e8 (0xbfe5)
core   0: >>>>  write_tohost
core   0: 0x000039e0 (0x00000f17) auipc   t5, 0x0
core   0: 3 0x000039e0 (0x00000f17) x30 0x000039e0
core   0: 0x000039e4 (0x123f2023) sw      gp, 288(t5)
core   0: 3 0x000039e4 (0x123f2023) mem 0x00003b00 0x00000001
core   0: >>>>  _exit
core   0: 0x000039e8 (0x0000bfe5) c.j     pc - 8
core   0: 3 0x000039e8 (0xbfe5)
core   0: >>>>  write_tohost
core   0: 0x000039e0 (0x00000f17) auipc   t5, 0x0
core   0: 3 0x000039e0 (0x00000f17) x30 0x000039e0
core   0: 0x000039e4 (0x123f2023) sw      gp, 288(t5)
core   0: 3 0x000039e4 (0x123f2023) mem 0x00003b00 0x00000001
core   0: >>>>  _exit
core   0: 0x000039e8 (0x0000bfe5) c.j     pc - 8
core   0: 3 0x000039e8 (0xbfe5)
core   0: >>>>  write_tohost
core   0: 0x000039e0 (0x00000f17) auipc   t5, 0x0
core   0: 3 0x000039e0 (0x00000f17) x30 0x000039e0
core   0: 0x000039e4 (0x123f2023) sw      gp, 288(t5)
core   0: 3 0x000039e4 (0x123f2023) mem 0x00003b00 0x00000001
core   0: >>>>  _exit
core   0: 0x000039e8 (0x0000bfe5) c.j     pc - 8
core   0: 3 0x000039e8 (0xbfe5)
core   0: >>>>  write_tohost
core   0: 0x000039e0 (0x00000f17) auipc   t5, 0x0
core   0: 3 0x000039e0 (0x00000f17) x30 0x000039e0
core   0: 0x000039e4 (0x123f2023) sw      gp, 288(t5)
core   0: 3 0x000039e4 (0x123f2023) mem 0x00003b00 0x00000001
core   0: >>>>  _exit
core   0: 0x000039e8 (0x0000bfe5) c.j     pc - 8
core   0: 3 0x000039e8 (0xbfe5)
core   0: >>>>  write_tohost
core   0: 0x000039e0 (0x00000f17) auipc   t5, 0x0
core   0: 3 0x000039e0 (0x00000f17) x30 0x000039e0
core   0: 0x000039e4 (0x123f2023) sw      gp, 288(t5)
core   0: 3 0x000039e4 (0x123f2023) mem 0x00003b00 0x00000001
core   0: >>>>  _exit
core   0: 0x000039e8 (0x0000bfe5) c.j     pc - 8
core   0: 3 0x000039e8 (0xbfe5)
core   0: >>>>  write_tohost
core   0: 0x000039e0 (0x00000f17) auipc   t5, 0x0
core   0: 3 0x000039e0 (0x00000f17) x30 0x000039e0
core   0: 0x000039e4 (0x123f2023) sw      gp, 288(t5)
core   0: 3 0x000039e4 (0x123f2023) mem 0x00003b00 0x00000001
core   0: >>>>  _exit
core   0: 0x000039e8 (0x0000bfe5) c.j     pc - 8
core   0: 3 0x000039e8 (0xbfe5)
core   0: >>>>  write_tohost
core   0: 0x000039e0 (0x00000f17) auipc   t5, 0x0
core   0: 3 0x000039e0 (0x00000f17) x30 0x000039e0
core   0: 0x000039e4 (0x123f2023) sw      gp, 288(t5)
core   0: 3 0x000039e4 (0x123f2023) mem 0x00003b00 0x00000001
core   0: >>>>  _exit
core   0: 0x000039e8 (0x0000bfe5) c.j     pc - 8
core   0: 3 0x000039e8 (0xbfe5)
core   0: >>>>  write_tohost
core   0: 0x000039e0 (0x00000f17) auipc   t5, 0x0
core   0: 3 0x000039e0 (0x00000f17) x30 0x000039e0
core   0: 0x000039e4 (0x123f2023) sw      gp, 288(t5)
core   0: 3 0x000039e4 (0x123f2023) mem 0x00003b00 0x00000001
core   0: >>>>  _exit
core   0: 0x000039e8 (0x0000bfe5) c.j     pc - 8
core   0: 3 0x000039e8 (0xbfe5)
core   0: >>>>  write_tohost
core   0: 0x000039e0 (0x00000f17) auipc   t5, 0x0
core   0: 3 0x000039e0 (0x00000f17) x30 0x000039e0
core   0: 0x000039e4 (0x123f2023) sw      gp, 288(t5)
core   0: 3 0x000039e4 (0x123f2023) mem 0x00003b00 0x00000001
core   0: >>>>  _exit
core   0: 0x000039e8 (0x0000bfe5) c.j     pc - 8
core   0: 3 0x000039e8 (0xbfe5)
core   0: >>>>  write_tohost
core   0: 0x000039e0 (0x00000f17) auipc   t5, 0x0
core   0: 3 0x000039e0 (0x00000f17) x30 0x000039e0
core   0: 0x000039e4 (0x123f2023) sw      gp, 288(t5)
core   0: 3 0x000039e4 (0x123f2023) mem 0x00003b00 0x00000001
core   0: >>>>  _exit
core   0: 0x000039e8 (0x0000bfe5) c.j     pc - 8
core   0: 3 0x000039e8 (0xbfe5)
core   0: >>>>  write_tohost
core   0: 0x000039e0 (0x00000f17) auipc   t5, 0x0
core   0: 3 0x000039e0 (0x00000f17) x30 0x000039e0
core   0: 0x000039e4 (0x123f2023) sw      gp, 288(t5)
core   0: 3 0x000039e4 (0x123f2023) mem 0x00003b00 0x00000001
core   0: >>>>  _exit
core   0: 0x000039e8 (0x0000bfe5) c.j     pc - 8
core   0: 3 0x000039e8 (0xbfe5)
core   0: >>>>  write_tohost
core   0: 0x000039e0 (0x00000f17) auipc   t5, 0x0
core   0: 3 0x000039e0 (0x00000f17) x30 0x000039e0
core   0: 0x000039e4 (0x123f2023) sw      gp, 288(t5)
core   0: 3 0x000039e4 (0x123f2023) mem 0x00003b00 0x00000001
core   0: >>>>  _exit
core   0: 0x000039e8 (0x0000bfe5) c.j     pc - 8
core   0: 3 0x000039e8 (0xbfe5)
core   0: >>>>  write_tohost
core   0: 0x000039e0 (0x00000f17) auipc   t5, 0x0
core   0: 3 0x000039e0 (0x00000f17) x30 0x000039e0
core   0: 0x000039e4 (0x123f2023) sw      gp, 288(t5)
core   0: 3 0x000039e4 (0x123f2023) mem 0x00003b00 0x00000001
core   0: >>>>  _exit
core   0: 0x000039e8 (0x0000bfe5) c.j     pc - 8
core   0: 3 0x000039e8 (0xbfe5)
core   0: >>>>  write_tohost
core   0: 0x000039e0 (0x00000f17) auipc   t5, 0x0
core   0: 3 0x000039e0 (0x00000f17) x30 0x000039e0
core   0: 0x000039e4 (0x123f2023) sw      gp, 288(t5)
core   0: 3 0x000039e4 (0x123f2023) mem 0x00003b00 0x00000001
core   0: >>>>  _exit
core   0: 0x000039e8 (0x0000bfe5) c.j     pc - 8
core   0: 3 0x000039e8 (0xbfe5)
core   0: >>>>  write_tohost
core   0: 0x000039e0 (0x00000f17) auipc   t5, 0x0
core   0: 3 0x000039e0 (0x00000f17) x30 0x000039e0
core   0: 0x000039e4 (0x123f2023) sw      gp, 288(t5)
core   0: 3 0x000039e4 (0x123f2023) mem 0x00003b00 0x00000001
core   0: >>>>  _exit
core   0: 0x000039e8 (0x0000bfe5) c.j     pc - 8
core   0: 3 0x000039e8 (0xbfe5)
core   0: >>>>  write_tohost
core   0: 0x000039e0 (0x00000f17) auipc   t5, 0x0
core   0: 3 0x000039e0 (0x00000f17) x30 0x000039e0
core   0: 0x000039e4 (0x123f2023) sw      gp, 288(t5)
core   0: 3 0x000039e4 (0x123f2023) mem 0x00003b00 0x00000001
core   0: >>>>  _exit
core   0: 0x000039e8 (0x0000bfe5) c.j     pc - 8
core   0: 3 0x000039e8 (0xbfe5)
core   0: >>>>  write_tohost
core   0: 0x000039e0 (0x00000f17) auipc   t5, 0x0
core   0: 3 0x000039e0 (0x00000f17) x30 0x000039e0
core   0: 0x000039e4 (0x123f2023) sw      gp, 288(t5)
core   0: 3 0x000039e4 (0x123f2023) mem 0x00003b00 0x00000001
core   0: >>>>  _exit
core   0: 0x000039e8 (0x0000bfe5) c.j     pc - 8
core   0: 3 0x000039e8 (0xbfe5)
core   0: >>>>  write_tohost
core   0: 0x000039e0 (0x00000f17) auipc   t5, 0x0
core   0: 3 0x000039e0 (0x00000f17) x30 0x000039e0
core   0: 0x000039e4 (0x123f2023) sw      gp, 288(t5)
core   0: 3 0x000039e4 (0x123f2023) mem 0x00003b00 0x00000001
core   0: >>>>  _exit
core   0: 0x000039e8 (0x0000bfe5) c.j     pc - 8
core   0: 3 0x000039e8 (0xbfe5)
core   0: >>>>  write_tohost
core   0: 0x000039e0 (0x00000f17) auipc   t5, 0x0
core   0: 3 0x000039e0 (0x00000f17) x30 0x000039e0
core   0: 0x000039e4 (0x123f2023) sw      gp, 288(t5)
core   0: 3 0x000039e4 (0x123f2023) mem 0x00003b00 0x00000001
core   0: >>>>  _exit
core   0: 0x000039e8 (0x0000bfe5) c.j     pc - 8
core   0: 3 0x000039e8 (0xbfe5)
core   0: >>>>  write_tohost
core   0: 0x000039e0 (0x00000f17) auipc   t5, 0x0
core   0: 3 0x000039e0 (0x00000f17) x30 0x000039e0
core   0: 0x000039e4 (0x123f2023) sw      gp, 288(t5)
core   0: 3 0x000039e4 (0x123f2023) mem 0x00003b00 0x00000001
core   0: >>>>  _exit
core   0: 0x000039e8 (0x0000bfe5) c.j     pc - 8
core   0: 3 0x000039e8 (0xbfe5)
core   0: >>>>  write_tohost
core   0: 0x000039e0 (0x00000f17) auipc   t5, 0x0
core   0: 3 0x000039e0 (0x00000f17) x30 0x000039e0
core   0: 0x000039e4 (0x123f2023) sw      gp, 288(t5)
core   0: 3 0x000039e4 (0x123f2023) mem 0x00003b00 0x00000001
core   0: >>>>  _exit
core   0: 0x000039e8 (0x0000bfe5) c.j     pc - 8
core   0: 3 0x000039e8 (0xbfe5)
core   0: >>>>  write_tohost
core   0: 0x000039e0 (0x00000f17) auipc   t5, 0x0
core   0: 3 0x000039e0 (0x00000f17) x30 0x000039e0
core   0: 0x000039e4 (0x123f2023) sw      gp, 288(t5)
core   0: 3 0x000039e4 (0x123f2023) mem 0x00003b00 0x00000001
core   0: >>>>  _exit
core   0: 0x000039e8 (0x0000bfe5) c.j     pc - 8
core   0: 3 0x000039e8 (0xbfe5)
core   0: >>>>  write_tohost
core   0: 0x000039e0 (0x00000f17) auipc   t5, 0x0
core   0: 3 0x000039e0 (0x00000f17) x30 0x000039e0
core   0: 0x000039e4 (0x123f2023) sw      gp, 288(t5)
core   0: 3 0x000039e4 (0x123f2023) mem 0x00003b00 0x00000001
core   0: >>>>  _exit
core   0: 0x000039e8 (0x0000bfe5) c.j     pc - 8
core   0: 3 0x000039e8 (0xbfe5)
core   0: >>>>  write_tohost
core   0: 0x000039e0 (0x00000f17) auipc   t5, 0x0
core   0: 3 0x000039e0 (0x00000f17) x30 0x000039e0
core   0: 0x000039e4 (0x123f2023) sw      gp, 288(t5)
core   0: 3 0x000039e4 (0x123f2023) mem 0x00003b00 0x00000001
core   0: >>>>  _exit
core   0: 0x000039e8 (0x0000bfe5) c.j     pc - 8
core   0: 3 0x000039e8 (0xbfe5)
core   0: >>>>  write_tohost
core   0: 0x000039e0 (0x00000f17) auipc   t5, 0x0
core   0: 3 0x000039e0 (0x00000f17) x30 0x000039e0
core   0: 0x000039e4 (0x123f2023) sw      gp, 288(t5)
core   0: 3 0x000039e4 (0x123f2023) mem 0x00003b00 0x00000001
core   0: >>>>  _exit
core   0: 0x000039e8 (0x0000bfe5) c.j     pc - 8
core   0: 3 0x000039e8 (0xbfe5)
core   0: >>>>  write_tohost
core   0: 0x000039e0 (0x00000f17) auipc   t5, 0x0
core   0: 3 0x000039e0 (0x00000f17) x30 0x000039e0
core   0: 0x000039e4 (0x123f2023) sw      gp, 288(t5)
core   0: 3 0x000039e4 (0x123f2023) mem 0x00003b00 0x00000001
core   0: >>>>  _exit
core   0: 0x000039e8 (0x0000bfe5) c.j     pc - 8
core   0: 3 0x000039e8 (0xbfe5)
core   0: >>>>  write_tohost
core   0: 0x000039e0 (0x00000f17) auipc   t5, 0x0
core   0: 3 0x000039e0 (0x00000f17) x30 0x000039e0
core   0: 0x000039e4 (0x123f2023) sw      gp, 288(t5)
core   0: 3 0x000039e4 (0x123f2023) mem 0x00003b00 0x00000001
core   0: >>>>  _exit
core   0: 0x000039e8 (0x0000bfe5) c.j     pc - 8
core   0: 3 0x000039e8 (0xbfe5)
core   0: >>>>  write_tohost
core   0: 0x000039e0 (0x00000f17) auipc   t5, 0x0
core   0: 3 0x000039e0 (0x00000f17) x30 0x000039e0
core   0: 0x000039e4 (0x123f2023) sw      gp, 288(t5)
core   0: 3 0x000039e4 (0x123f2023) mem 0x00003b00 0x00000001
core   0: >>>>  _exit
core   0: 0x000039e8 (0x0000bfe5) c.j     pc - 8
core   0: 3 0x000039e8 (0xbfe5)
core   0: >>>>  write_tohost
core   0: 0x000039e0 (0x00000f17) auipc   t5, 0x0
core   0: 3 0x000039e0 (0x00000f17) x30 0x000039e0
core   0: 0x000039e4 (0x123f2023) sw      gp, 288(t5)
core   0: 3 0x000039e4 (0x123f2023) mem 0x00003b00 0x00000001
core   0: >>>>  _exit
core   0: 0x000039e8 (0x0000bfe5) c.j     pc - 8
core   0: 3 0x000039e8 (0xbfe5)
core   0: >>>>  write_tohost
core   0: 0x000039e0 (0x00000f17) auipc   t5, 0x0
core   0: 3 0x000039e0 (0x00000f17) x30 0x000039e0
core   0: 0x000039e4 (0x123f2023) sw      gp, 288(t5)
core   0: 3 0x000039e4 (0x123f2023) mem 0x00003b00 0x00000001
core   0: >>>>  _exit
core   0: 0x000039e8 (0x0000bfe5) c.j     pc - 8
core   0: 3 0x000039e8 (0xbfe5)
core   0: >>>>  write_tohost
core   0: 0x000039e0 (0x00000f17) auipc   t5, 0x0
core   0: 3 0x000039e0 (0x00000f17) x30 0x000039e0
core   0: 0x000039e4 (0x123f2023) sw      gp, 288(t5)
core   0: 3 0x000039e4 (0x123f2023) mem 0x00003b00 0x00000001
core   0: >>>>  _exit
core   0: 0x000039e8 (0x0000bfe5) c.j     pc - 8
core   0: 3 0x000039e8 (0xbfe5)
core   0: >>>>  write_tohost
core   0: 0x000039e0 (0x00000f17) auipc   t5, 0x0
core   0: 3 0x000039e0 (0x00000f17) x30 0x000039e0
core   0: 0x000039e4 (0x123f2023) sw      gp, 288(t5)
core   0: 3 0x000039e4 (0x123f2023) mem 0x00003b00 0x00000001
core   0: >>>>  _exit
core   0: 0x000039e8 (0x0000bfe5) c.j     pc - 8
core   0: 3 0x000039e8 (0xbfe5)
core   0: >>>>  write_tohost
core   0: 0x000039e0 (0x00000f17) auipc   t5, 0x0
core   0: 3 0x000039e0 (0x00000f17) x30 0x000039e0
core   0: 0x000039e4 (0x123f2023) sw      gp, 288(t5)
core   0: 3 0x000039e4 (0x123f2023) mem 0x00003b00 0x00000001
core   0: >>>>  _exit
core   0: 0x000039e8 (0x0000bfe5) c.j     pc - 8
core   0: 3 0x000039e8 (0xbfe5)
core   0: >>>>  write_tohost
core   0: 0x000039e0 (0x00000f17) auipc   t5, 0x0
core   0: 3 0x000039e0 (0x00000f17) x30 0x000039e0
core   0: 0x000039e4 (0x123f2023) sw      gp, 288(t5)
core   0: 3 0x000039e4 (0x123f2023) mem 0x00003b00 0x00000001
core   0: >>>>  _exit
core   0: 0x000039e8 (0x0000bfe5) c.j     pc - 8
core   0: 3 0x000039e8 (0xbfe5)
core   0: >>>>  write_tohost
core   0: 0x000039e0 (0x00000f17) auipc   t5, 0x0
core   0: 3 0x000039e0 (0x00000f17) x30 0x000039e0
core   0: 0x000039e4 (0x123f2023) sw      gp, 288(t5)
core   0: 3 0x000039e4 (0x123f2023) mem 0x00003b00 0x00000001
core   0: >>>>  _exit
core   0: 0x000039e8 (0x0000bfe5) c.j     pc - 8
core   0: 3 0x000039e8 (0xbfe5)
core   0: >>>>  write_tohost
core   0: 0x000039e0 (0x00000f17) auipc   t5, 0x0
core   0: 3 0x000039e0 (0x00000f17) x30 0x000039e0
core   0: 0x000039e4 (0x123f2023) sw      gp, 288(t5)
core   0: 3 0x000039e4 (0x123f2023) mem 0x00003b00 0x00000001
core   0: >>>>  _exit
core   0: 0x000039e8 (0x0000bfe5) c.j     pc - 8
core   0: 3 0x000039e8 (0xbfe5)
core   0: >>>>  write_tohost
core   0: 0x000039e0 (0x00000f17) auipc   t5, 0x0
core   0: 3 0x000039e0 (0x00000f17) x30 0x000039e0
core   0: 0x000039e4 (0x123f2023) sw      gp, 288(t5)
core   0: 3 0x000039e4 (0x123f2023) mem 0x00003b00 0x00000001
core   0: >>>>  _exit
core   0: 0x000039e8 (0x0000bfe5) c.j     pc - 8
core   0: 3 0x000039e8 (0xbfe5)
core   0: >>>>  write_tohost
core   0: 0x000039e0 (0x00000f17) auipc   t5, 0x0
core   0: 3 0x000039e0 (0x00000f17) x30 0x000039e0
core   0: 0x000039e4 (0x123f2023) sw      gp, 288(t5)
core   0: 3 0x000039e4 (0x123f2023) mem 0x00003b00 0x00000001
core   0: >>>>  _exit
core   0: 0x000039e8 (0x0000bfe5) c.j     pc - 8
core   0: 3 0x000039e8 (0xbfe5)
core   0: >>>>  write_tohost
core   0: 0x000039e0 (0x00000f17) auipc   t5, 0x0
core   0: 3 0x000039e0 (0x00000f17) x30 0x000039e0
core   0: 0x000039e4 (0x123f2023) sw      gp, 288(t5)
core   0: 3 0x000039e4 (0x123f2023) mem 0x00003b00 0x00000001
core   0: >>>>  _exit
core   0: 0x000039e8 (0x0000bfe5) c.j     pc - 8
core   0: 3 0x000039e8 (0xbfe5)
core   0: >>>>  write_tohost
core   0: 0x000039e0 (0x00000f17) auipc   t5, 0x0
core   0: 3 0x000039e0 (0x00000f17) x30 0x000039e0
core   0: 0x000039e4 (0x123f2023) sw      gp, 288(t5)
core   0: 3 0x000039e4 (0x123f2023) mem 0x00003b00 0x00000001
core   0: >>>>  _exit
core   0: 0x000039e8 (0x0000bfe5) c.j     pc - 8
core   0: 3 0x000039e8 (0xbfe5)
core   0: >>>>  write_tohost
core   0: 0x000039e0 (0x00000f17) auipc   t5, 0x0
core   0: 3 0x000039e0 (0x00000f17) x30 0x000039e0
core   0: 0x000039e4 (0x123f2023) sw      gp, 288(t5)
core   0: 3 0x000039e4 (0x123f2023) mem 0x00003b00 0x00000001
core   0: >>>>  _exit
core   0: 0x000039e8 (0x0000bfe5) c.j     pc - 8
core   0: 3 0x000039e8 (0xbfe5)
core   0: >>>>  write_tohost
core   0: 0x000039e0 (0x00000f17) auipc   t5, 0x0
core   0: 3 0x000039e0 (0x00000f17) x30 0x000039e0
core   0: 0x000039e4 (0x123f2023) sw      gp, 288(t5)
core   0: 3 0x000039e4 (0x123f2023) mem 0x00003b00 0x00000001
core   0: >>>>  _exit
core   0: 0x000039e8 (0x0000bfe5) c.j     pc - 8
core   0: 3 0x000039e8 (0xbfe5)
core   0: >>>>  write_tohost
core   0: 0x000039e0 (0x00000f17) auipc   t5, 0x0
core   0: 3 0x000039e0 (0x00000f17) x30 0x000039e0
core   0: 0x000039e4 (0x123f2023) sw      gp, 288(t5)
core   0: 3 0x000039e4 (0x123f2023) mem 0x00003b00 0x00000001
core   0: >>>>  _exit
core   0: 0x000039e8 (0x0000bfe5) c.j     pc - 8
core   0: 3 0x000039e8 (0xbfe5)
core   0: >>>>  write_tohost
core   0: 0x000039e0 (0x00000f17) auipc   t5, 0x0
core   0: 3 0x000039e0 (0x00000f17) x30 0x000039e0
core   0: 0x000039e4 (0x123f2023) sw      gp, 288(t5)
core   0: 3 0x000039e4 (0x123f2023) mem 0x00003b00 0x00000001
core   0: >>>>  _exit
core   0: 0x000039e8 (0x0000bfe5) c.j     pc - 8
core   0: 3 0x000039e8 (0xbfe5)
core   0: >>>>  write_tohost
core   0: 0x000039e0 (0x00000f17) auipc   t5, 0x0
core   0: 3 0x000039e0 (0x00000f17) x30 0x000039e0
core   0: 0x000039e4 (0x123f2023) sw      gp, 288(t5)
core   0: 3 0x000039e4 (0x123f2023) mem 0x00003b00 0x00000001
core   0: >>>>  _exit
core   0: 0x000039e8 (0x0000bfe5) c.j     pc - 8
core   0: 3 0x000039e8 (0xbfe5)
core   0: >>>>  write_tohost
core   0: 0x000039e0 (0x00000f17) auipc   t5, 0x0
core   0: 3 0x000039e0 (0x00000f17) x30 0x000039e0
core   0: 0x000039e4 (0x123f2023) sw      gp, 288(t5)
core   0: 3 0x000039e4 (0x123f2023) mem 0x00003b00 0x00000001
core   0: >>>>  _exit
core   0: 0x000039e8 (0x0000bfe5) c.j     pc - 8
core   0: 3 0x000039e8 (0xbfe5)
core   0: >>>>  write_tohost
core   0: 0x000039e0 (0x00000f17) auipc   t5, 0x0
core   0: 3 0x000039e0 (0x00000f17) x30 0x000039e0
core   0: 0x000039e4 (0x123f2023) sw      gp, 288(t5)
core   0: 3 0x000039e4 (0x123f2023) mem 0x00003b00 0x00000001
core   0: >>>>  _exit
core   0: 0x000039e8 (0x0000bfe5) c.j     pc - 8
core   0: 3 0x000039e8 (0xbfe5)
core   0: >>>>  write_tohost
core   0: 0x000039e0 (0x00000f17) auipc   t5, 0x0
core   0: 3 0x000039e0 (0x00000f17) x30 0x000039e0
core   0: 0x000039e4 (0x123f2023) sw      gp, 288(t5)
core   0: 3 0x000039e4 (0x123f2023) mem 0x00003b00 0x00000001
core   0: >>>>  _exit
core   0: 0x000039e8 (0x0000bfe5) c.j     pc - 8
core   0: 3 0x000039e8 (0xbfe5)
core   0: >>>>  write_tohost
core   0: 0x000039e0 (0x00000f17) auipc   t5, 0x0
core   0: 3 0x000039e0 (0x00000f17) x30 0x000039e0
core   0: 0x000039e4 (0x123f2023) sw      gp, 288(t5)
core   0: 3 0x000039e4 (0x123f2023) mem 0x00003b00 0x00000001
core   0: >>>>  _exit
core   0: 0x000039e8 (0x0000bfe5) c.j     pc - 8
core   0: 3 0x000039e8 (0xbfe5)
core   0: >>>>  write_tohost
core   0: 0x000039e0 (0x00000f17) auipc   t5, 0x0
core   0: 3 0x000039e0 (0x00000f17) x30 0x000039e0
core   0: 0x000039e4 (0x123f2023) sw      gp, 288(t5)
core   0: 3 0x000039e4 (0x123f2023) mem 0x00003b00 0x00000001
core   0: >>>>  _exit
core   0: 0x000039e8 (0x0000bfe5) c.j     pc - 8
core   0: 3 0x000039e8 (0xbfe5)
core   0: >>>>  write_tohost
core   0: 0x000039e0 (0x00000f17) auipc   t5, 0x0
core   0: 3 0x000039e0 (0x00000f17) x30 0x000039e0
core   0: 0x000039e4 (0x123f2023) sw      gp, 288(t5)
core   0: 3 0x000039e4 (0x123f2023) mem 0x00003b00 0x00000001
core   0: >>>>  _exit
core   0: 0x000039e8 (0x0000bfe5) c.j     pc - 8
core   0: 3 0x000039e8 (0xbfe5)
core   0: >>>>  write_tohost
core   0: 0x000039e0 (0x00000f17) auipc   t5, 0x0
core   0: 3 0x000039e0 (0x00000f17) x30 0x000039e0
core   0: 0x000039e4 (0x123f2023) sw      gp, 288(t5)
core   0: 3 0x000039e4 (0x123f2023) mem 0x00003b00 0x00000001
core   0: >>>>  _exit
core   0: 0x000039e8 (0x0000bfe5) c.j     pc - 8
core   0: 3 0x000039e8 (0xbfe5)
core   0: >>>>  write_tohost
core   0: 0x000039e0 (0x00000f17) auipc   t5, 0x0
core   0: 3 0x000039e0 (0x00000f17) x30 0x000039e0
core   0: 0x000039e4 (0x123f2023) sw      gp, 288(t5)
core   0: 3 0x000039e4 (0x123f2023) mem 0x00003b00 0x00000001
core   0: >>>>  _exit
core   0: 0x000039e8 (0x0000bfe5) c.j     pc - 8
core   0: 3 0x000039e8 (0xbfe5)
core   0: >>>>  write_tohost
core   0: 0x000039e0 (0x00000f17) auipc   t5, 0x0
core   0: 3 0x000039e0 (0x00000f17) x30 0x000039e0
core   0: 0x000039e4 (0x123f2023) sw      gp, 288(t5)
core   0: 3 0x000039e4 (0x123f2023) mem 0x00003b00 0x00000001
core   0: >>>>  _exit
core   0: 0x000039e8 (0x0000bfe5) c.j     pc - 8
core   0: 3 0x000039e8 (0xbfe5)
core   0: >>>>  write_tohost
core   0: 0x000039e0 (0x00000f17) auipc   t5, 0x0
core   0: 3 0x000039e0 (0x00000f17) x30 0x000039e0
core   0: 0x000039e4 (0x123f2023) sw      gp, 288(t5)
core   0: 3 0x000039e4 (0x123f2023) mem 0x00003b00 0x00000001
core   0: >>>>  _exit
core   0: 0x000039e8 (0x0000bfe5) c.j     pc - 8
core   0: 3 0x000039e8 (0xbfe5)
core   0: >>>>  write_tohost
core   0: 0x000039e0 (0x00000f17) auipc   t5, 0x0
core   0: 3 0x000039e0 (0x00000f17) x30 0x000039e0
core   0: 0x000039e4 (0x123f2023) sw      gp, 288(t5)
core   0: 3 0x000039e4 (0x123f2023) mem 0x00003b00 0x00000001
core   0: >>>>  _exit
core   0: 0x000039e8 (0x0000bfe5) c.j     pc - 8
core   0: 3 0x000039e8 (0xbfe5)
core   0: >>>>  write_tohost
core   0: 0x000039e0 (0x00000f17) auipc   t5, 0x0
core   0: 3 0x000039e0 (0x00000f17) x30 0x000039e0
core   0: 0x000039e4 (0x123f2023) sw      gp, 288(t5)
core   0: 3 0x000039e4 (0x123f2023) mem 0x00003b00 0x00000001
core   0: >>>>  _exit
core   0: 0x000039e8 (0x0000bfe5) c.j     pc - 8
core   0: 3 0x000039e8 (0xbfe5)
core   0: >>>>  write_tohost
core   0: 0x000039e0 (0x00000f17) auipc   t5, 0x0
core   0: 3 0x000039e0 (0x00000f17) x30 0x000039e0
core   0: 0x000039e4 (0x123f2023) sw      gp, 288(t5)
core   0: 3 0x000039e4 (0x123f2023) mem 0x00003b00 0x00000001
core   0: >>>>  _exit
core   0: 0x000039e8 (0x0000bfe5) c.j     pc - 8
core   0: 3 0x000039e8 (0xbfe5)
core   0: >>>>  write_tohost
core   0: 0x000039e0 (0x00000f17) auipc   t5, 0x0
core   0: 3 0x000039e0 (0x00000f17) x30 0x000039e0
core   0: 0x000039e4 (0x123f2023) sw      gp, 288(t5)
core   0: 3 0x000039e4 (0x123f2023) mem 0x00003b00 0x00000001
core   0: >>>>  _exit
core   0: 0x000039e8 (0x0000bfe5) c.j     pc - 8
core   0: 3 0x000039e8 (0xbfe5)
core   0: >>>>  write_tohost
core   0: 0x000039e0 (0x00000f17) auipc   t5, 0x0
core   0: 3 0x000039e0 (0x00000f17) x30 0x000039e0
core   0: 0x000039e4 (0x123f2023) sw      gp, 288(t5)
core   0: 3 0x000039e4 (0x123f2023) mem 0x00003b00 0x00000001
core   0: >>>>  _exit
core   0: 0x000039e8 (0x0000bfe5) c.j     pc - 8
core   0: 3 0x000039e8 (0xbfe5)
core   0: >>>>  write_tohost
core   0: 0x000039e0 (0x00000f17) auipc   t5, 0x0
core   0: 3 0x000039e0 (0x00000f17) x30 0x000039e0
core   0: 0x000039e4 (0x123f2023) sw      gp, 288(t5)
core   0: 3 0x000039e4 (0x123f2023) mem 0x00003b00 0x00000001
core   0: >>>>  _exit
core   0: 0x000039e8 (0x0000bfe5) c.j     pc - 8
core   0: 3 0x000039e8 (0xbfe5)
core   0: >>>>  write_tohost
core   0: 0x000039e0 (0x00000f17) auipc   t5, 0x0
core   0: 3 0x000039e0 (0x00000f17) x30 0x000039e0
core   0: 0x000039e4 (0x123f2023) sw      gp, 288(t5)
core   0: 3 0x000039e4 (0x123f2023) mem 0x00003b00 0x00000001
core   0: >>>>  _exit
core   0: 0x000039e8 (0x0000bfe5) c.j     pc - 8
core   0: 3 0x000039e8 (0xbfe5)
core   0: >>>>  write_tohost
core   0: 0x000039e0 (0x00000f17) auipc   t5, 0x0
core   0: 3 0x000039e0 (0x00000f17) x30 0x000039e0
core   0: 0x000039e4 (0x123f2023) sw      gp, 288(t5)
core   0: 3 0x000039e4 (0x123f2023) mem 0x00003b00 0x00000001
core   0: >>>>  _exit
core   0: 0x000039e8 (0x0000bfe5) c.j     pc - 8
core   0: 3 0x000039e8 (0xbfe5)
core   0: >>>>  write_tohost
core   0: 0x000039e0 (0x00000f17) auipc   t5, 0x0
core   0: 3 0x000039e0 (0x00000f17) x30 0x000039e0
core   0: 0x000039e4 (0x123f2023) sw      gp, 288(t5)
core   0: 3 0x000039e4 (0x123f2023) mem 0x00003b00 0x00000001
core   0: >>>>  _exit
core   0: 0x000039e8 (0x0000bfe5) c.j     pc - 8
core   0: 3 0x000039e8 (0xbfe5)
core   0: >>>>  write_tohost
core   0: 0x000039e0 (0x00000f17) auipc   t5, 0x0
core   0: 3 0x000039e0 (0x00000f17) x30 0x000039e0
core   0: 0x000039e4 (0x123f2023) sw      gp, 288(t5)
core   0: 3 0x000039e4 (0x123f2023) mem 0x00003b00 0x00000001
core   0: >>>>  _exit
core   0: 0x000039e8 (0x0000bfe5) c.j     pc - 8
core   0: 3 0x000039e8 (0xbfe5)
core   0: >>>>  write_tohost
core   0: 0x000039e0 (0x00000f17) auipc   t5, 0x0
core   0: 3 0x000039e0 (0x00000f17) x30 0x000039e0
core   0: 0x000039e4 (0x123f2023) sw      gp, 288(t5)
core   0: 3 0x000039e4 (0x123f2023) mem 0x00003b00 0x00000001
core   0: >>>>  _exit
core   0: 0x000039e8 (0x0000bfe5) c.j     pc - 8
core   0: 3 0x000039e8 (0xbfe5)
core   0: >>>>  write_tohost
core   0: 0x000039e0 (0x00000f17) auipc   t5, 0x0
core   0: 3 0x000039e0 (0x00000f17) x30 0x000039e0
core   0: 0x000039e4 (0x123f2023) sw      gp, 288(t5)
core   0: 3 0x000039e4 (0x123f2023) mem 0x00003b00 0x00000001
core   0: >>>>  _exit
core   0: 0x000039e8 (0x0000bfe5) c.j     pc - 8
core   0: 3 0x000039e8 (0xbfe5)
core   0: >>>>  write_tohost
core   0: 0x000039e0 (0x00000f17) auipc   t5, 0x0
core   0: 3 0x000039e0 (0x00000f17) x30 0x000039e0
core   0: 0x000039e4 (0x123f2023) sw      gp, 288(t5)
core   0: 3 0x000039e4 (0x123f2023) mem 0x00003b00 0x00000001
core   0: >>>>  _exit
core   0: 0x000039e8 (0x0000bfe5) c.j     pc - 8
core   0: 3 0x000039e8 (0xbfe5)
core   0: >>>>  write_tohost
core   0: 0x000039e0 (0x00000f17) auipc   t5, 0x0
core   0: 3 0x000039e0 (0x00000f17) x30 0x000039e0
core   0: 0x000039e4 (0x123f2023) sw      gp, 288(t5)
core   0: 3 0x000039e4 (0x123f2023) mem 0x00003b00 0x00000001
core   0: >>>>  _exit
core   0: 0x000039e8 (0x0000bfe5) c.j     pc - 8
core   0: 3 0x000039e8 (0xbfe5)
core   0: >>>>  write_tohost
core   0: 0x000039e0 (0x00000f17) auipc   t5, 0x0
core   0: 3 0x000039e0 (0x00000f17) x30 0x000039e0
core   0: 0x000039e4 (0x123f2023) sw      gp, 288(t5)
core   0: 3 0x000039e4 (0x123f2023) mem 0x00003b00 0x00000001
core   0: >>>>  _exit
core   0: 0x000039e8 (0x0000bfe5) c.j     pc - 8
core   0: 3 0x000039e8 (0xbfe5)
core   0: >>>>  write_tohost
core   0: 0x000039e0 (0x00000f17) auipc   t5, 0x0
core   0: 3 0x000039e0 (0x00000f17) x30 0x000039e0
core   0: 0x000039e4 (0x123f2023) sw      gp, 288(t5)
core   0: 3 0x000039e4 (0x123f2023) mem 0x00003b00 0x00000001
core   0: >>>>  _exit
core   0: 0x000039e8 (0x0000bfe5) c.j     pc - 8
core   0: 3 0x000039e8 (0xbfe5)
core   0: >>>>  write_tohost
core   0: 0x000039e0 (0x00000f17) auipc   t5, 0x0
core   0: 3 0x000039e0 (0x00000f17) x30 0x000039e0
core   0: 0x000039e4 (0x123f2023) sw      gp, 288(t5)
core   0: 3 0x000039e4 (0x123f2023) mem 0x00003b00 0x00000001
core   0: >>>>  _exit
core   0: 0x000039e8 (0x0000bfe5) c.j     pc - 8
core   0: 3 0x000039e8 (0xbfe5)
core   0: >>>>  write_tohost
core   0: 0x000039e0 (0x00000f17) auipc   t5, 0x0
core   0: 3 0x000039e0 (0x00000f17) x30 0x000039e0
core   0: 0x000039e4 (0x123f2023) sw      gp, 288(t5)
core   0: 3 0x000039e4 (0x123f2023) mem 0x00003b00 0x00000001
core   0: >>>>  _exit
core   0: 0x000039e8 (0x0000bfe5) c.j     pc - 8
core   0: 3 0x000039e8 (0xbfe5)
core   0: >>>>  write_tohost
core   0: 0x000039e0 (0x00000f17) auipc   t5, 0x0
core   0: 3 0x000039e0 (0x00000f17) x30 0x000039e0
core   0: 0x000039e4 (0x123f2023) sw      gp, 288(t5)
core   0: 3 0x000039e4 (0x123f2023) mem 0x00003b00 0x00000001
core   0: >>>>  _exit
core   0: 0x000039e8 (0x0000bfe5) c.j     pc - 8
core   0: 3 0x000039e8 (0xbfe5)
core   0: >>>>  write_tohost
core   0: 0x000039e0 (0x00000f17) auipc   t5, 0x0
core   0: 3 0x000039e0 (0x00000f17) x30 0x000039e0
core   0: 0x000039e4 (0x123f2023) sw      gp, 288(t5)
core   0: 3 0x000039e4 (0x123f2023) mem 0x00003b00 0x00000001
core   0: >>>>  _exit
core   0: 0x000039e8 (0x0000bfe5) c.j     pc - 8
core   0: 3 0x000039e8 (0xbfe5)
core   0: >>>>  write_tohost
core   0: 0x000039e0 (0x00000f17) auipc   t5, 0x0
core   0: 3 0x000039e0 (0x00000f17) x30 0x000039e0
core   0: 0x000039e4 (0x123f2023) sw      gp, 288(t5)
core   0: 3 0x000039e4 (0x123f2023) mem 0x00003b00 0x00000001
core   0: >>>>  _exit
core   0: 0x000039e8 (0x0000bfe5) c.j     pc - 8
core   0: 3 0x000039e8 (0xbfe5)
core   0: >>>>  write_tohost
core   0: 0x000039e0 (0x00000f17) auipc   t5, 0x0
core   0: 3 0x000039e0 (0x00000f17) x30 0x000039e0
core   0: 0x000039e4 (0x123f2023) sw      gp, 288(t5)
core   0: 3 0x000039e4 (0x123f2023) mem 0x00003b00 0x00000001
core   0: >>>>  _exit
core   0: 0x000039e8 (0x0000bfe5) c.j     pc - 8
core   0: 3 0x000039e8 (0xbfe5)
core   0: >>>>  write_tohost
core   0: 0x000039e0 (0x00000f17) auipc   t5, 0x0
core   0: 3 0x000039e0 (0x00000f17) x30 0x000039e0
core   0: 0x000039e4 (0x123f2023) sw      gp, 288(t5)
core   0: 3 0x000039e4 (0x123f2023) mem 0x00003b00 0x00000001
core   0: >>>>  _exit
core   0: 0x000039e8 (0x0000bfe5) c.j     pc - 8
core   0: 3 0x000039e8 (0xbfe5)
core   0: >>>>  write_tohost
core   0: 0x000039e0 (0x00000f17) auipc   t5, 0x0
core   0: 3 0x000039e0 (0x00000f17) x30 0x000039e0
core   0: 0x000039e4 (0x123f2023) sw      gp, 288(t5)
core   0: 3 0x000039e4 (0x123f2023) mem 0x00003b00 0x00000001
core   0: >>>>  _exit
core   0: 0x000039e8 (0x0000bfe5) c.j     pc - 8
core   0: 3 0x000039e8 (0xbfe5)
core   0: >>>>  write_tohost
core   0: 0x000039e0 (0x00000f17) auipc   t5, 0x0
core   0: 3 0x000039e0 (0x00000f17) x30 0x000039e0
core   0: 0x000039e4 (0x123f2023) sw      gp, 288(t5)
core   0: 3 0x000039e4 (0x123f2023) mem 0x00003b00 0x00000001
core   0: >>>>  _exit
core   0: 0x000039e8 (0x0000bfe5) c.j     pc - 8
core   0: 3 0x000039e8 (0xbfe5)
core   0: >>>>  write_tohost
core   0: 0x000039e0 (0x00000f17) auipc   t5, 0x0
core   0: 3 0x000039e0 (0x00000f17) x30 0x000039e0
core   0: 0x000039e4 (0x123f2023) sw      gp, 288(t5)
core   0: 3 0x000039e4 (0x123f2023) mem 0x00003b00 0x00000001
core   0: >>>>  _exit
core   0: 0x000039e8 (0x0000bfe5) c.j     pc - 8
core   0: 3 0x000039e8 (0xbfe5)
core   0: >>>>  write_tohost
core   0: 0x000039e0 (0x00000f17) auipc   t5, 0x0
core   0: 3 0x000039e0 (0x00000f17) x30 0x000039e0
core   0: 0x000039e4 (0x123f2023) sw      gp, 288(t5)
core   0: 3 0x000039e4 (0x123f2023) mem 0x00003b00 0x00000001
core   0: >>>>  _exit
core   0: 0x000039e8 (0x0000bfe5) c.j     pc - 8
core   0: 3 0x000039e8 (0xbfe5)
core   0: >>>>  write_tohost
core   0: 0x000039e0 (0x00000f17) auipc   t5, 0x0
core   0: 3 0x000039e0 (0x00000f17) x30 0x000039e0
core   0: 0x000039e4 (0x123f2023) sw      gp, 288(t5)
core   0: 3 0x000039e4 (0x123f2023) mem 0x00003b00 0x00000001
core   0: >>>>  _exit
core   0: 0x000039e8 (0x0000bfe5) c.j     pc - 8
core   0: 3 0x000039e8 (0xbfe5)
core   0: >>>>  write_tohost
core   0: 0x000039e0 (0x00000f17) auipc   t5, 0x0
core   0: 3 0x000039e0 (0x00000f17) x30 0x000039e0
core   0: 0x000039e4 (0x123f2023) sw      gp, 288(t5)
core   0: 3 0x000039e4 (0x123f2023) mem 0x00003b00 0x00000001
core   0: >>>>  _exit
core   0: 0x000039e8 (0x0000bfe5) c.j     pc - 8
core   0: 3 0x000039e8 (0xbfe5)
core   0: >>>>  write_tohost
core   0: 0x000039e0 (0x00000f17) auipc   t5, 0x0
core   0: 3 0x000039e0 (0x00000f17) x30 0x000039e0
core   0: 0x000039e4 (0x123f2023) sw      gp, 288(t5)
core   0: 3 0x000039e4 (0x123f2023) mem 0x00003b00 0x00000001
core   0: >>>>  _exit
core   0: 0x000039e8 (0x0000bfe5) c.j     pc - 8
core   0: 3 0x000039e8 (0xbfe5)
core   0: >>>>  write_tohost
core   0: 0x000039e0 (0x00000f17) auipc   t5, 0x0
core   0: 3 0x000039e0 (0x00000f17) x30 0x000039e0
core   0: 0x000039e4 (0x123f2023) sw      gp, 288(t5)
core   0: 3 0x000039e4 (0x123f2023) mem 0x00003b00 0x00000001
core   0: >>>>  _exit
core   0: 0x000039e8 (0x0000bfe5) c.j     pc - 8
core   0: 3 0x000039e8 (0xbfe5)
core   0: >>>>  write_tohost
core   0: 0x000039e0 (0x00000f17) auipc   t5, 0x0
core   0: 3 0x000039e0 (0x00000f17) x30 0x000039e0
core   0: 0x000039e4 (0x123f2023) sw      gp, 288(t5)
core   0: 3 0x000039e4 (0x123f2023) mem 0x00003b00 0x00000001
core   0: >>>>  _exit
core   0: 0x000039e8 (0x0000bfe5) c.j     pc - 8
core   0: 3 0x000039e8 (0xbfe5)
core   0: >>>>  write_tohost
core   0: 0x000039e0 (0x00000f17) auipc   t5, 0x0
core   0: 3 0x000039e0 (0x00000f17) x30 0x000039e0
core   0: 0x000039e4 (0x123f2023) sw      gp, 288(t5)
core   0: 3 0x000039e4 (0x123f2023) mem 0x00003b00 0x00000001
core   0: >>>>  _exit
core   0: 0x000039e8 (0x0000bfe5) c.j     pc - 8
core   0: 3 0x000039e8 (0xbfe5)
core   0: >>>>  write_tohost
core   0: 0x000039e0 (0x00000f17) auipc   t5, 0x0
core   0: 3 0x000039e0 (0x00000f17) x30 0x000039e0
core   0: 0x000039e4 (0x123f2023) sw      gp, 288(t5)
core   0: 3 0x000039e4 (0x123f2023) mem 0x00003b00 0x00000001
core   0: >>>>  _exit
core   0: 0x000039e8 (0x0000bfe5) c.j     pc - 8
core   0: 3 0x000039e8 (0xbfe5)
core   0: >>>>  write_tohost
core   0: 0x000039e0 (0x00000f17) auipc   t5, 0x0
core   0: 3 0x000039e0 (0x00000f17) x30 0x000039e0
core   0: 0x000039e4 (0x123f2023) sw      gp, 288(t5)
core   0: 3 0x000039e4 (0x123f2023) mem 0x00003b00 0x00000001
core   0: >>>>  _exit
core   0: 0x000039e8 (0x0000bfe5) c.j     pc - 8
core   0: 3 0x000039e8 (0xbfe5)
core   0: >>>>  write_tohost
core   0: 0x000039e0 (0x00000f17) auipc   t5, 0x0
core   0: 3 0x000039e0 (0x00000f17) x30 0x000039e0
core   0: 0x000039e4 (0x123f2023) sw      gp, 288(t5)
core   0: 3 0x000039e4 (0x123f2023) mem 0x00003b00 0x00000001
core   0: >>>>  _exit
core   0: 0x000039e8 (0x0000bfe5) c.j     pc - 8
core   0: 3 0x000039e8 (0xbfe5)
core   0: >>>>  write_tohost
core   0: 0x000039e0 (0x00000f17) auipc   t5, 0x0
core   0: 3 0x000039e0 (0x00000f17) x30 0x000039e0
core   0: 0x000039e4 (0x123f2023) sw      gp, 288(t5)
core   0: 3 0x000039e4 (0x123f2023) mem 0x00003b00 0x00000001
core   0: >>>>  _exit
core   0: 0x000039e8 (0x0000bfe5) c.j     pc - 8
core   0: 3 0x000039e8 (0xbfe5)
core   0: >>>>  write_tohost
core   0: 0x000039e0 (0x00000f17) auipc   t5, 0x0
core   0: 3 0x000039e0 (0x00000f17) x30 0x000039e0
core   0: 0x000039e4 (0x123f2023) sw      gp, 288(t5)
core   0: 3 0x000039e4 (0x123f2023) mem 0x00003b00 0x00000001
core   0: >>>>  _exit
core   0: 0x000039e8 (0x0000bfe5) c.j     pc - 8
core   0: 3 0x000039e8 (0xbfe5)
core   0: >>>>  write_tohost
core   0: 0x000039e0 (0x00000f17) auipc   t5, 0x0
core   0: 3 0x000039e0 (0x00000f17) x30 0x000039e0
core   0: 0x000039e4 (0x123f2023) sw      gp, 288(t5)
core   0: 3 0x000039e4 (0x123f2023) mem 0x00003b00 0x00000001
core   0: >>>>  _exit
core   0: 0x000039e8 (0x0000bfe5) c.j     pc - 8
core   0: 3 0x000039e8 (0xbfe5)
core   0: >>>>  write_tohost
core   0: 0x000039e0 (0x00000f17) auipc   t5, 0x0
core   0: 3 0x000039e0 (0x00000f17) x30 0x000039e0
core   0: 0x000039e4 (0x123f2023) sw      gp, 288(t5)
core   0: 3 0x000039e4 (0x123f2023) mem 0x00003b00 0x00000001
core   0: >>>>  _exit
core   0: 0x000039e8 (0x0000bfe5) c.j     pc - 8
core   0: 3 0x000039e8 (0xbfe5)
core   0: >>>>  write_tohost
core   0: 0x000039e0 (0x00000f17) auipc   t5, 0x0
core   0: 3 0x000039e0 (0x00000f17) x30 0x000039e0
core   0: 0x000039e4 (0x123f2023) sw      gp, 288(t5)
core   0: 3 0x000039e4 (0x123f2023) mem 0x00003b00 0x00000001
core   0: >>>>  _exit
core   0: 0x000039e8 (0x0000bfe5) c.j     pc - 8
core   0: 3 0x000039e8 (0xbfe5)
core   0: >>>>  write_tohost
core   0: 0x000039e0 (0x00000f17) auipc   t5, 0x0
core   0: 3 0x000039e0 (0x00000f17) x30 0x000039e0
core   0: 0x000039e4 (0x123f2023) sw      gp, 288(t5)
core   0: 3 0x000039e4 (0x123f2023) mem 0x00003b00 0x00000001
core   0: >>>>  _exit
core   0: 0x000039e8 (0x0000bfe5) c.j     pc - 8
core   0: 3 0x000039e8 (0xbfe5)
core   0: >>>>  write_tohost
core   0: 0x000039e0 (0x00000f17) auipc   t5, 0x0
core   0: 3 0x000039e0 (0x00000f17) x30 0x000039e0
core   0: 0x000039e4 (0x123f2023) sw      gp, 288(t5)
core   0: 3 0x000039e4 (0x123f2023) mem 0x00003b00 0x00000001
core   0: >>>>  _exit
core   0: 0x000039e8 (0x0000bfe5) c.j     pc - 8
core   0: 3 0x000039e8 (0xbfe5)
core   0: >>>>  write_tohost
core   0: 0x000039e0 (0x00000f17) auipc   t5, 0x0
core   0: 3 0x000039e0 (0x00000f17) x30 0x000039e0
core   0: 0x000039e4 (0x123f2023) sw      gp, 288(t5)
core   0: 3 0x000039e4 (0x123f2023) mem 0x00003b00 0x00000001
core   0: >>>>  _exit
core   0: 0x000039e8 (0x0000bfe5) c.j     pc - 8
core   0: 3 0x000039e8 (0xbfe5)
core   0: >>>>  write_tohost
core   0: 0x000039e0 (0x00000f17) auipc   t5, 0x0
core   0: 3 0x000039e0 (0x00000f17) x30 0x000039e0
core   0: 0x000039e4 (0x123f2023) sw      gp, 288(t5)
core   0: 3 0x000039e4 (0x123f2023) mem 0x00003b00 0x00000001
core   0: >>>>  _exit
core   0: 0x000039e8 (0x0000bfe5) c.j     pc - 8
core   0: 3 0x000039e8 (0xbfe5)
core   0: >>>>  write_tohost
core   0: 0x000039e0 (0x00000f17) auipc   t5, 0x0
core   0: 3 0x000039e0 (0x00000f17) x30 0x000039e0
core   0: 0x000039e4 (0x123f2023) sw      gp, 288(t5)
core   0: 3 0x000039e4 (0x123f2023) mem 0x00003b00 0x00000001
core   0: >>>>  _exit
core   0: 0x000039e8 (0x0000bfe5) c.j     pc - 8
core   0: 3 0x000039e8 (0xbfe5)
core   0: >>>>  write_tohost
core   0: 0x000039e0 (0x00000f17) auipc   t5, 0x0
core   0: 3 0x000039e0 (0x00000f17) x30 0x000039e0
core   0: 0x000039e4 (0x123f2023) sw      gp, 288(t5)
core   0: 3 0x000039e4 (0x123f2023) mem 0x00003b00 0x00000001
core   0: >>>>  _exit
core   0: 0x000039e8 (0x0000bfe5) c.j     pc - 8
core   0: 3 0x000039e8 (0xbfe5)
core   0: >>>>  write_tohost
core   0: 0x000039e0 (0x00000f17) auipc   t5, 0x0
core   0: 3 0x000039e0 (0x00000f17) x30 0x000039e0
core   0: 0x000039e4 (0x123f2023) sw      gp, 288(t5)
core   0: 3 0x000039e4 (0x123f2023) mem 0x00003b00 0x00000001
core   0: >>>>  _exit
core   0: 0x000039e8 (0x0000bfe5) c.j     pc - 8
core   0: 3 0x000039e8 (0xbfe5)
core   0: >>>>  write_tohost
core   0: 0x000039e0 (0x00000f17) auipc   t5, 0x0
core   0: 3 0x000039e0 (0x00000f17) x30 0x000039e0
core   0: 0x000039e4 (0x123f2023) sw      gp, 288(t5)
core   0: 3 0x000039e4 (0x123f2023) mem 0x00003b00 0x00000001
core   0: >>>>  _exit
core   0: 0x000039e8 (0x0000bfe5) c.j     pc - 8
core   0: 3 0x000039e8 (0xbfe5)
core   0: >>>>  write_tohost
core   0: 0x000039e0 (0x00000f17) auipc   t5, 0x0
core   0: 3 0x000039e0 (0x00000f17) x30 0x000039e0
core   0: 0x000039e4 (0x123f2023) sw      gp, 288(t5)
core   0: 3 0x000039e4 (0x123f2023) mem 0x00003b00 0x00000001
core   0: >>>>  _exit
core   0: 0x000039e8 (0x0000bfe5) c.j     pc - 8
core   0: 3 0x000039e8 (0xbfe5)
core   0: >>>>  write_tohost
core   0: 0x000039e0 (0x00000f17) auipc   t5, 0x0
core   0: 3 0x000039e0 (0x00000f17) x30 0x000039e0
core   0: 0x000039e4 (0x123f2023) sw      gp, 288(t5)
core   0: 3 0x000039e4 (0x123f2023) mem 0x00003b00 0x00000001
core   0: >>>>  _exit
core   0: 0x000039e8 (0x0000bfe5) c.j     pc - 8
core   0: 3 0x000039e8 (0xbfe5)
core   0: >>>>  write_tohost
core   0: 0x000039e0 (0x00000f17) auipc   t5, 0x0
core   0: 3 0x000039e0 (0x00000f17) x30 0x000039e0
core   0: 0x000039e4 (0x123f2023) sw      gp, 288(t5)
core   0: 3 0x000039e4 (0x123f2023) mem 0x00003b00 0x00000001
core   0: >>>>  _exit
core   0: 0x000039e8 (0x0000bfe5) c.j     pc - 8
core   0: 3 0x000039e8 (0xbfe5)
core   0: >>>>  write_tohost
core   0: 0x000039e0 (0x00000f17) auipc   t5, 0x0
core   0: 3 0x000039e0 (0x00000f17) x30 0x000039e0
core   0: 0x000039e4 (0x123f2023) sw      gp, 288(t5)
core   0: 3 0x000039e4 (0x123f2023) mem 0x00003b00 0x00000001
core   0: >>>>  _exit
core   0: 0x000039e8 (0x0000bfe5) c.j     pc - 8
core   0: 3 0x000039e8 (0xbfe5)
core   0: >>>>  write_tohost
core   0: 0x000039e0 (0x00000f17) auipc   t5, 0x0
core   0: 3 0x000039e0 (0x00000f17) x30 0x000039e0
core   0: 0x000039e4 (0x123f2023) sw      gp, 288(t5)
core   0: 3 0x000039e4 (0x123f2023) mem 0x00003b00 0x00000001
core   0: >>>>  _exit
core   0: 0x000039e8 (0x0000bfe5) c.j     pc - 8
core   0: 3 0x000039e8 (0xbfe5)
core   0: >>>>  write_tohost
core   0: 0x000039e0 (0x00000f17) auipc   t5, 0x0
core   0: 3 0x000039e0 (0x00000f17) x30 0x000039e0
core   0: 0x000039e4 (0x123f2023) sw      gp, 288(t5)
core   0: 3 0x000039e4 (0x123f2023) mem 0x00003b00 0x00000001
core   0: >>>>  _exit
core   0: 0x000039e8 (0x0000bfe5) c.j     pc - 8
core   0: 3 0x000039e8 (0xbfe5)
core   0: >>>>  write_tohost
core   0: 0x000039e0 (0x00000f17) auipc   t5, 0x0
core   0: 3 0x000039e0 (0x00000f17) x30 0x000039e0
core   0: 0x000039e4 (0x123f2023) sw      gp, 288(t5)
core   0: 3 0x000039e4 (0x123f2023) mem 0x00003b00 0x00000001
core   0: >>>>  _exit
core   0: 0x000039e8 (0x0000bfe5) c.j     pc - 8
core   0: 3 0x000039e8 (0xbfe5)
core   0: >>>>  write_tohost
core   0: 0x000039e0 (0x00000f17) auipc   t5, 0x0
core   0: 3 0x000039e0 (0x00000f17) x30 0x000039e0
core   0: 0x000039e4 (0x123f2023) sw      gp, 288(t5)
core   0: 3 0x000039e4 (0x123f2023) mem 0x00003b00 0x00000001
core   0: >>>>  _exit
core   0: 0x000039e8 (0x0000bfe5) c.j     pc - 8
core   0: 3 0x000039e8 (0xbfe5)
core   0: >>>>  write_tohost
core   0: 0x000039e0 (0x00000f17) auipc   t5, 0x0
core   0: 3 0x000039e0 (0x00000f17) x30 0x000039e0
core   0: 0x000039e4 (0x123f2023) sw      gp, 288(t5)
core   0: 3 0x000039e4 (0x123f2023) mem 0x00003b00 0x00000001
core   0: >>>>  _exit
core   0: 0x000039e8 (0x0000bfe5) c.j     pc - 8
core   0: 3 0x000039e8 (0xbfe5)
core   0: >>>>  write_tohost
core   0: 0x000039e0 (0x00000f17) auipc   t5, 0x0
core   0: 3 0x000039e0 (0x00000f17) x30 0x000039e0
core   0: 0x000039e4 (0x123f2023) sw      gp, 288(t5)
core   0: 3 0x000039e4 (0x123f2023) mem 0x00003b00 0x00000001
core   0: >>>>  _exit
core   0: 0x000039e8 (0x0000bfe5) c.j     pc - 8
core   0: 3 0x000039e8 (0xbfe5)
core   0: >>>>  write_tohost
core   0: 0x000039e0 (0x00000f17) auipc   t5, 0x0
core   0: 3 0x000039e0 (0x00000f17) x30 0x000039e0
core   0: 0x000039e4 (0x123f2023) sw      gp, 288(t5)
core   0: 3 0x000039e4 (0x123f2023) mem 0x00003b00 0x00000001
core   0: >>>>  _exit
core   0: 0x000039e8 (0x0000bfe5) c.j     pc - 8
core   0: 3 0x000039e8 (0xbfe5)
core   0: >>>>  write_tohost
core   0: 0x000039e0 (0x00000f17) auipc   t5, 0x0
core   0: 3 0x000039e0 (0x00000f17) x30 0x000039e0
core   0: 0x000039e4 (0x123f2023) sw      gp, 288(t5)
core   0: 3 0x000039e4 (0x123f2023) mem 0x00003b00 0x00000001
core   0: >>>>  _exit
core   0: 0x000039e8 (0x0000bfe5) c.j     pc - 8
core   0: 3 0x000039e8 (0xbfe5)
core   0: >>>>  write_tohost
core   0: 0x000039e0 (0x00000f17) auipc   t5, 0x0
core   0: 3 0x000039e0 (0x00000f17) x30 0x000039e0
core   0: 0x000039e4 (0x123f2023) sw      gp, 288(t5)
core   0: 3 0x000039e4 (0x123f2023) mem 0x00003b00 0x00000001
core   0: >>>>  _exit
core   0: 0x000039e8 (0x0000bfe5) c.j     pc - 8
core   0: 3 0x000039e8 (0xbfe5)
core   0: >>>>  write_tohost
core   0: 0x000039e0 (0x00000f17) auipc   t5, 0x0
core   0: 3 0x000039e0 (0x00000f17) x30 0x000039e0
core   0: 0x000039e4 (0x123f2023) sw      gp, 288(t5)
core   0: 3 0x000039e4 (0x123f2023) mem 0x00003b00 0x00000001
core   0: >>>>  _exit
core   0: 0x000039e8 (0x0000bfe5) c.j     pc - 8
core   0: 3 0x000039e8 (0xbfe5)
core   0: >>>>  write_tohost
core   0: 0x000039e0 (0x00000f17) auipc   t5, 0x0
core   0: 3 0x000039e0 (0x00000f17) x30 0x000039e0
core   0: 0x000039e4 (0x123f2023) sw      gp, 288(t5)
core   0: 3 0x000039e4 (0x123f2023) mem 0x00003b00 0x00000001
core   0: >>>>  _exit
core   0: 0x000039e8 (0x0000bfe5) c.j     pc - 8
core   0: 3 0x000039e8 (0xbfe5)
core   0: >>>>  write_tohost
core   0: 0x000039e0 (0x00000f17) auipc   t5, 0x0
core   0: 3 0x000039e0 (0x00000f17) x30 0x000039e0
core   0: 0x000039e4 (0x123f2023) sw      gp, 288(t5)
core   0: 3 0x000039e4 (0x123f2023) mem 0x00003b00 0x00000001
core   0: >>>>  _exit
core   0: 0x000039e8 (0x0000bfe5) c.j     pc - 8
core   0: 3 0x000039e8 (0xbfe5)
core   0: >>>>  write_tohost
core   0: 0x000039e0 (0x00000f17) auipc   t5, 0x0
core   0: 3 0x000039e0 (0x00000f17) x30 0x000039e0
core   0: 0x000039e4 (0x123f2023) sw      gp, 288(t5)
core   0: 3 0x000039e4 (0x123f2023) mem 0x00003b00 0x00000001
core   0: >>>>  _exit
core   0: 0x000039e8 (0x0000bfe5) c.j     pc - 8
core   0: 3 0x000039e8 (0xbfe5)
core   0: >>>>  write_tohost
core   0: 0x000039e0 (0x00000f17) auipc   t5, 0x0
core   0: 3 0x000039e0 (0x00000f17) x30 0x000039e0
core   0: 0x000039e4 (0x123f2023) sw      gp, 288(t5)
core   0: 3 0x000039e4 (0x123f2023) mem 0x00003b00 0x00000001
core   0: >>>>  _exit
core   0: 0x000039e8 (0x0000bfe5) c.j     pc - 8
core   0: 3 0x000039e8 (0xbfe5)
core   0: >>>>  write_tohost
core   0: 0x000039e0 (0x00000f17) auipc   t5, 0x0
core   0: 3 0x000039e0 (0x00000f17) x30 0x000039e0
core   0: 0x000039e4 (0x123f2023) sw      gp, 288(t5)
core   0: 3 0x000039e4 (0x123f2023) mem 0x00003b00 0x00000001
core   0: >>>>  _exit
core   0: 0x000039e8 (0x0000bfe5) c.j     pc - 8
core   0: 3 0x000039e8 (0xbfe5)
core   0: >>>>  write_tohost
core   0: 0x000039e0 (0x00000f17) auipc   t5, 0x0
core   0: 3 0x000039e0 (0x00000f17) x30 0x000039e0
core   0: 0x000039e4 (0x123f2023) sw      gp, 288(t5)
core   0: 3 0x000039e4 (0x123f2023) mem 0x00003b00 0x00000001
core   0: >>>>  _exit
core   0: 0x000039e8 (0x0000bfe5) c.j     pc - 8
core   0: 3 0x000039e8 (0xbfe5)
core   0: >>>>  write_tohost
core   0: 0x000039e0 (0x00000f17) auipc   t5, 0x0
core   0: 3 0x000039e0 (0x00000f17) x30 0x000039e0
core   0: 0x000039e4 (0x123f2023) sw      gp, 288(t5)
core   0: 3 0x000039e4 (0x123f2023) mem 0x00003b00 0x00000001
core   0: >>>>  _exit
core   0: 0x000039e8 (0x0000bfe5) c.j     pc - 8
core   0: 3 0x000039e8 (0xbfe5)
core   0: >>>>  write_tohost
core   0: 0x000039e0 (0x00000f17) auipc   t5, 0x0
core   0: 3 0x000039e0 (0x00000f17) x30 0x000039e0
core   0: 0x000039e4 (0x123f2023) sw      gp, 288(t5)
core   0: 3 0x000039e4 (0x123f2023) mem 0x00003b00 0x00000001
core   0: >>>>  _exit
core   0: 0x000039e8 (0x0000bfe5) c.j     pc - 8
core   0: 3 0x000039e8 (0xbfe5)
core   0: >>>>  write_tohost
core   0: 0x000039e0 (0x00000f17) auipc   t5, 0x0
core   0: 3 0x000039e0 (0x00000f17) x30 0x000039e0
core   0: 0x000039e4 (0x123f2023) sw      gp, 288(t5)
core   0: 3 0x000039e4 (0x123f2023) mem 0x00003b00 0x00000001
core   0: >>>>  _exit
core   0: 0x000039e8 (0x0000bfe5) c.j     pc - 8
core   0: 3 0x000039e8 (0xbfe5)
core   0: >>>>  write_tohost
core   0: 0x000039e0 (0x00000f17) auipc   t5, 0x0
core   0: 3 0x000039e0 (0x00000f17) x30 0x000039e0
core   0: 0x000039e4 (0x123f2023) sw      gp, 288(t5)
core   0: 3 0x000039e4 (0x123f2023) mem 0x00003b00 0x00000001
core   0: >>>>  _exit
core   0: 0x000039e8 (0x0000bfe5) c.j     pc - 8
core   0: 3 0x000039e8 (0xbfe5)
core   0: >>>>  write_tohost
core   0: 0x000039e0 (0x00000f17) auipc   t5, 0x0
core   0: 3 0x000039e0 (0x00000f17) x30 0x000039e0
core   0: 0x000039e4 (0x123f2023) sw      gp, 288(t5)
core   0: 3 0x000039e4 (0x123f2023) mem 0x00003b00 0x00000001
core   0: >>>>  _exit
core   0: 0x000039e8 (0x0000bfe5) c.j     pc - 8
core   0: 3 0x000039e8 (0xbfe5)
core   0: >>>>  write_tohost
core   0: 0x000039e0 (0x00000f17) auipc   t5, 0x0
core   0: 3 0x000039e0 (0x00000f17) x30 0x000039e0
core   0: 0x000039e4 (0x123f2023) sw      gp, 288(t5)
core   0: 3 0x000039e4 (0x123f2023) mem 0x00003b00 0x00000001
core   0: >>>>  _exit
core   0: 0x000039e8 (0x0000bfe5) c.j     pc - 8
core   0: 3 0x000039e8 (0xbfe5)
core   0: >>>>  write_tohost
core   0: 0x000039e0 (0x00000f17) auipc   t5, 0x0
core   0: 3 0x000039e0 (0x00000f17) x30 0x000039e0
core   0: 0x000039e4 (0x123f2023) sw      gp, 288(t5)
core   0: 3 0x000039e4 (0x123f2023) mem 0x00003b00 0x00000001
core   0: >>>>  _exit
core   0: 0x000039e8 (0x0000bfe5) c.j     pc - 8
core   0: 3 0x000039e8 (0xbfe5)
core   0: >>>>  write_tohost
core   0: 0x000039e0 (0x00000f17) auipc   t5, 0x0
core   0: 3 0x000039e0 (0x00000f17) x30 0x000039e0
core   0: 0x000039e4 (0x123f2023) sw      gp, 288(t5)
core   0: 3 0x000039e4 (0x123f2023) mem 0x00003b00 0x00000001
core   0: >>>>  _exit
core   0: 0x000039e8 (0x0000bfe5) c.j     pc - 8
core   0: 3 0x000039e8 (0xbfe5)
core   0: >>>>  write_tohost
core   0: 0x000039e0 (0x00000f17) auipc   t5, 0x0
core   0: 3 0x000039e0 (0x00000f17) x30 0x000039e0
core   0: 0x000039e4 (0x123f2023) sw      gp, 288(t5)
core   0: 3 0x000039e4 (0x123f2023) mem 0x00003b00 0x00000001
core   0: >>>>  _exit
core   0: 0x000039e8 (0x0000bfe5) c.j     pc - 8
core   0: 3 0x000039e8 (0xbfe5)
core   0: >>>>  write_tohost
core   0: 0x000039e0 (0x00000f17) auipc   t5, 0x0
core   0: 3 0x000039e0 (0x00000f17) x30 0x000039e0
core   0: 0x000039e4 (0x123f2023) sw      gp, 288(t5)
core   0: 3 0x000039e4 (0x123f2023) mem 0x00003b00 0x00000001
core   0: >>>>  _exit
core   0: 0x000039e8 (0x0000bfe5) c.j     pc - 8
core   0: 3 0x000039e8 (0xbfe5)
core   0: >>>>  write_tohost
core   0: 0x000039e0 (0x00000f17) auipc   t5, 0x0
core   0: 3 0x000039e0 (0x00000f17) x30 0x000039e0
core   0: 0x000039e4 (0x123f2023) sw      gp, 288(t5)
core   0: 3 0x000039e4 (0x123f2023) mem 0x00003b00 0x00000001
core   0: >>>>  _exit
core   0: 0x000039e8 (0x0000bfe5) c.j     pc - 8
core   0: 3 0x000039e8 (0xbfe5)
core   0: >>>>  write_tohost
core   0: 0x000039e0 (0x00000f17) auipc   t5, 0x0
core   0: 3 0x000039e0 (0x00000f17) x30 0x000039e0
core   0: 0x000039e4 (0x123f2023) sw      gp, 288(t5)
core   0: 3 0x000039e4 (0x123f2023) mem 0x00003b00 0x00000001
core   0: >>>>  _exit
core   0: 0x000039e8 (0x0000bfe5) c.j     pc - 8
core   0: 3 0x000039e8 (0xbfe5)
core   0: >>>>  write_tohost
core   0: 0x000039e0 (0x00000f17) auipc   t5, 0x0
core   0: 3 0x000039e0 (0x00000f17) x30 0x000039e0
core   0: 0x000039e4 (0x123f2023) sw      gp, 288(t5)
core   0: 3 0x000039e4 (0x123f2023) mem 0x00003b00 0x00000001
core   0: >>>>  _exit
core   0: 0x000039e8 (0x0000bfe5) c.j     pc - 8
core   0: 3 0x000039e8 (0xbfe5)
core   0: >>>>  write_tohost
core   0: 0x000039e0 (0x00000f17) auipc   t5, 0x0
core   0: 3 0x000039e0 (0x00000f17) x30 0x000039e0
core   0: 0x000039e4 (0x123f2023) sw      gp, 288(t5)
core   0: 3 0x000039e4 (0x123f2023) mem 0x00003b00 0x00000001
core   0: >>>>  _exit
core   0: 0x000039e8 (0x0000bfe5) c.j     pc - 8
core   0: 3 0x000039e8 (0xbfe5)
core   0: >>>>  write_tohost
core   0: 0x000039e0 (0x00000f17) auipc   t5, 0x0
core   0: 3 0x000039e0 (0x00000f17) x30 0x000039e0
core   0: 0x000039e4 (0x123f2023) sw      gp, 288(t5)
core   0: 3 0x000039e4 (0x123f2023) mem 0x00003b00 0x00000001
core   0: >>>>  _exit
core   0: 0x000039e8 (0x0000bfe5) c.j     pc - 8
core   0: 3 0x000039e8 (0xbfe5)
core   0: >>>>  write_tohost
core   0: 0x000039e0 (0x00000f17) auipc   t5, 0x0
core   0: 3 0x000039e0 (0x00000f17) x30 0x000039e0
core   0: 0x000039e4 (0x123f2023) sw      gp, 288(t5)
core   0: 3 0x000039e4 (0x123f2023) mem 0x00003b00 0x00000001
core   0: >>>>  _exit
core   0: 0x000039e8 (0x0000bfe5) c.j     pc - 8
core   0: 3 0x000039e8 (0xbfe5)
core   0: >>>>  write_tohost
core   0: 0x000039e0 (0x00000f17) auipc   t5, 0x0
core   0: 3 0x000039e0 (0x00000f17) x30 0x000039e0
core   0: 0x000039e4 (0x123f2023) sw      gp, 288(t5)
core   0: 3 0x000039e4 (0x123f2023) mem 0x00003b00 0x00000001
core   0: >>>>  _exit
core   0: 0x000039e8 (0x0000bfe5) c.j     pc - 8
core   0: 3 0x000039e8 (0xbfe5)
core   0: >>>>  write_tohost
core   0: 0x000039e0 (0x00000f17) auipc   t5, 0x0
core   0: 3 0x000039e0 (0x00000f17) x30 0x000039e0
core   0: 0x000039e4 (0x123f2023) sw      gp, 288(t5)
core   0: 3 0x000039e4 (0x123f2023) mem 0x00003b00 0x00000001
core   0: >>>>  _exit
core   0: 0x000039e8 (0x0000bfe5) c.j     pc - 8
core   0: 3 0x000039e8 (0xbfe5)
core   0: >>>>  write_tohost
core   0: 0x000039e0 (0x00000f17) auipc   t5, 0x0
core   0: 3 0x000039e0 (0x00000f17) x30 0x000039e0
core   0: 0x000039e4 (0x123f2023) sw      gp, 288(t5)
core   0: 3 0x000039e4 (0x123f2023) mem 0x00003b00 0x00000001
core   0: >>>>  _exit
core   0: 0x000039e8 (0x0000bfe5) c.j     pc - 8
core   0: 3 0x000039e8 (0xbfe5)
core   0: >>>>  write_tohost
core   0: 0x000039e0 (0x00000f17) auipc   t5, 0x0
core   0: 3 0x000039e0 (0x00000f17) x30 0x000039e0
core   0: 0x000039e4 (0x123f2023) sw      gp, 288(t5)
core   0: 3 0x000039e4 (0x123f2023) mem 0x00003b00 0x00000001
core   0: >>>>  _exit
core   0: 0x000039e8 (0x0000bfe5) c.j     pc - 8
core   0: 3 0x000039e8 (0xbfe5)
core   0: >>>>  write_tohost
core   0: 0x000039e0 (0x00000f17) auipc   t5, 0x0
core   0: 3 0x000039e0 (0x00000f17) x30 0x000039e0
core   0: 0x000039e4 (0x123f2023) sw      gp, 288(t5)
core   0: 3 0x000039e4 (0x123f2023) mem 0x00003b00 0x00000001
core   0: >>>>  _exit
core   0: 0x000039e8 (0x0000bfe5) c.j     pc - 8
core   0: 3 0x000039e8 (0xbfe5)
core   0: >>>>  write_tohost
core   0: 0x000039e0 (0x00000f17) auipc   t5, 0x0
core   0: 3 0x000039e0 (0x00000f17) x30 0x000039e0
core   0: 0x000039e4 (0x123f2023) sw      gp, 288(t5)
core   0: 3 0x000039e4 (0x123f2023) mem 0x00003b00 0x00000001
core   0: >>>>  _exit
core   0: 0x000039e8 (0x0000bfe5) c.j     pc - 8
core   0: 3 0x000039e8 (0xbfe5)
core   0: >>>>  write_tohost
core   0: 0x000039e0 (0x00000f17) auipc   t5, 0x0
core   0: 3 0x000039e0 (0x00000f17) x30 0x000039e0
core   0: 0x000039e4 (0x123f2023) sw      gp, 288(t5)
core   0: 3 0x000039e4 (0x123f2023) mem 0x00003b00 0x00000001
core   0: >>>>  _exit
core   0: 0x000039e8 (0x0000bfe5) c.j     pc - 8
core   0: 3 0x000039e8 (0xbfe5)
core   0: >>>>  write_tohost
core   0: 0x000039e0 (0x00000f17) auipc   t5, 0x0
core   0: 3 0x000039e0 (0x00000f17) x30 0x000039e0
core   0: 0x000039e4 (0x123f2023) sw      gp, 288(t5)
core   0: 3 0x000039e4 (0x123f2023) mem 0x00003b00 0x00000001
core   0: >>>>  _exit
core   0: 0x000039e8 (0x0000bfe5) c.j     pc - 8
core   0: 3 0x000039e8 (0xbfe5)
core   0: >>>>  write_tohost
core   0: 0x000039e0 (0x00000f17) auipc   t5, 0x0
core   0: 3 0x000039e0 (0x00000f17) x30 0x000039e0
core   0: 0x000039e4 (0x123f2023) sw      gp, 288(t5)
core   0: 3 0x000039e4 (0x123f2023) mem 0x00003b00 0x00000001
core   0: >>>>  _exit
core   0: 0x000039e8 (0x0000bfe5) c.j     pc - 8
core   0: 3 0x000039e8 (0xbfe5)
core   0: >>>>  write_tohost
core   0: 0x000039e0 (0x00000f17) auipc   t5, 0x0
core   0: 3 0x000039e0 (0x00000f17) x30 0x000039e0
core   0: 0x000039e4 (0x123f2023) sw      gp, 288(t5)
core   0: 3 0x000039e4 (0x123f2023) mem 0x00003b00 0x00000001
core   0: >>>>  _exit
core   0: 0x000039e8 (0x0000bfe5) c.j     pc - 8
core   0: 3 0x000039e8 (0xbfe5)
core   0: >>>>  write_tohost
core   0: 0x000039e0 (0x00000f17) auipc   t5, 0x0
core   0: 3 0x000039e0 (0x00000f17) x30 0x000039e0
core   0: 0x000039e4 (0x123f2023) sw      gp, 288(t5)
core   0: 3 0x000039e4 (0x123f2023) mem 0x00003b00 0x00000001
core   0: >>>>  _exit
core   0: 0x000039e8 (0x0000bfe5) c.j     pc - 8
core   0: 3 0x000039e8 (0xbfe5)
core   0: >>>>  write_tohost
core   0: 0x000039e0 (0x00000f17) auipc   t5, 0x0
core   0: 3 0x000039e0 (0x00000f17) x30 0x000039e0
core   0: 0x000039e4 (0x123f2023) sw      gp, 288(t5)
core   0: 3 0x000039e4 (0x123f2023) mem 0x00003b00 0x00000001
core   0: >>>>  _exit
core   0: 0x000039e8 (0x0000bfe5) c.j     pc - 8
core   0: 3 0x000039e8 (0xbfe5)
core   0: >>>>  write_tohost
core   0: 0x000039e0 (0x00000f17) auipc   t5, 0x0
core   0: 3 0x000039e0 (0x00000f17) x30 0x000039e0
core   0: 0x000039e4 (0x123f2023) sw      gp, 288(t5)
core   0: 3 0x000039e4 (0x123f2023) mem 0x00003b00 0x00000001
core   0: >>>>  _exit
core   0: 0x000039e8 (0x0000bfe5) c.j     pc - 8
core   0: 3 0x000039e8 (0xbfe5)
core   0: >>>>  write_tohost
core   0: 0x000039e0 (0x00000f17) auipc   t5, 0x0
core   0: 3 0x000039e0 (0x00000f17) x30 0x000039e0
core   0: 0x000039e4 (0x123f2023) sw      gp, 288(t5)
core   0: 3 0x000039e4 (0x123f2023) mem 0x00003b00 0x00000001
core   0: >>>>  _exit
core   0: 0x000039e8 (0x0000bfe5) c.j     pc - 8
core   0: 3 0x000039e8 (0xbfe5)
core   0: >>>>  write_tohost
core   0: 0x000039e0 (0x00000f17) auipc   t5, 0x0
core   0: 3 0x000039e0 (0x00000f17) x30 0x000039e0
core   0: 0x000039e4 (0x123f2023) sw      gp, 288(t5)
core   0: 3 0x000039e4 (0x123f2023) mem 0x00003b00 0x00000001
core   0: >>>>  _exit
core   0: 0x000039e8 (0x0000bfe5) c.j     pc - 8
core   0: 3 0x000039e8 (0xbfe5)
core   0: >>>>  write_tohost
core   0: 0x000039e0 (0x00000f17) auipc   t5, 0x0
core   0: 3 0x000039e0 (0x00000f17) x30 0x000039e0
core   0: 0x000039e4 (0x123f2023) sw      gp, 288(t5)
core   0: 3 0x000039e4 (0x123f2023) mem 0x00003b00 0x00000001
core   0: >>>>  _exit
core   0: 0x000039e8 (0x0000bfe5) c.j     pc - 8
core   0: 3 0x000039e8 (0xbfe5)
core   0: >>>>  write_tohost
core   0: 0x000039e0 (0x00000f17) auipc   t5, 0x0
core   0: 3 0x000039e0 (0x00000f17) x30 0x000039e0
core   0: 0x000039e4 (0x123f2023) sw      gp, 288(t5)
core   0: 3 0x000039e4 (0x123f2023) mem 0x00003b00 0x00000001
core   0: >>>>  _exit
core   0: 0x000039e8 (0x0000bfe5) c.j     pc - 8
core   0: 3 0x000039e8 (0xbfe5)
core   0: >>>>  write_tohost
core   0: 0x000039e0 (0x00000f17) auipc   t5, 0x0
core   0: 3 0x000039e0 (0x00000f17) x30 0x000039e0
core   0: 0x000039e4 (0x123f2023) sw      gp, 288(t5)
core   0: 3 0x000039e4 (0x123f2023) mem 0x00003b00 0x00000001
core   0: >>>>  _exit
core   0: 0x000039e8 (0x0000bfe5) c.j     pc - 8
core   0: 3 0x000039e8 (0xbfe5)
core   0: >>>>  write_tohost
core   0: 0x000039e0 (0x00000f17) auipc   t5, 0x0
core   0: 3 0x000039e0 (0x00000f17) x30 0x000039e0
core   0: 0x000039e4 (0x123f2023) sw      gp, 288(t5)
core   0: 3 0x000039e4 (0x123f2023) mem 0x00003b00 0x00000001
core   0: >>>>  _exit
core   0: 0x000039e8 (0x0000bfe5) c.j     pc - 8
core   0: 3 0x000039e8 (0xbfe5)
core   0: >>>>  write_tohost
core   0: 0x000039e0 (0x00000f17) auipc   t5, 0x0
core   0: 3 0x000039e0 (0x00000f17) x30 0x000039e0
core   0: 0x000039e4 (0x123f2023) sw      gp, 288(t5)
core   0: 3 0x000039e4 (0x123f2023) mem 0x00003b00 0x00000001
core   0: >>>>  _exit
core   0: 0x000039e8 (0x0000bfe5) c.j     pc - 8
core   0: 3 0x000039e8 (0xbfe5)
core   0: >>>>  write_tohost
core   0: 0x000039e0 (0x00000f17) auipc   t5, 0x0
core   0: 3 0x000039e0 (0x00000f17) x30 0x000039e0
core   0: 0x000039e4 (0x123f2023) sw      gp, 288(t5)
core   0: 3 0x000039e4 (0x123f2023) mem 0x00003b00 0x00000001
core   0: >>>>  _exit
core   0: 0x000039e8 (0x0000bfe5) c.j     pc - 8
core   0: 3 0x000039e8 (0xbfe5)
core   0: >>>>  write_tohost
core   0: 0x000039e0 (0x00000f17) auipc   t5, 0x0
core   0: 3 0x000039e0 (0x00000f17) x30 0x000039e0
core   0: 0x000039e4 (0x123f2023) sw      gp, 288(t5)
core   0: 3 0x000039e4 (0x123f2023) mem 0x00003b00 0x00000001
core   0: >>>>  _exit
core   0: 0x000039e8 (0x0000bfe5) c.j     pc - 8
core   0: 3 0x000039e8 (0xbfe5)
core   0: >>>>  write_tohost
core   0: 0x000039e0 (0x00000f17) auipc   t5, 0x0
core   0: 3 0x000039e0 (0x00000f17) x30 0x000039e0
core   0: 0x000039e4 (0x123f2023) sw      gp, 288(t5)
core   0: 3 0x000039e4 (0x123f2023) mem 0x00003b00 0x00000001
core   0: >>>>  _exit
core   0: 0x000039e8 (0x0000bfe5) c.j     pc - 8
core   0: 3 0x000039e8 (0xbfe5)
core   0: >>>>  write_tohost
core   0: 0x000039e0 (0x00000f17) auipc   t5, 0x0
core   0: 3 0x000039e0 (0x00000f17) x30 0x000039e0
core   0: 0x000039e4 (0x123f2023) sw      gp, 288(t5)
core   0: 3 0x000039e4 (0x123f2023) mem 0x00003b00 0x00000001
core   0: >>>>  _exit
core   0: 0x000039e8 (0x0000bfe5) c.j     pc - 8
core   0: 3 0x000039e8 (0xbfe5)
core   0: >>>>  write_tohost
core   0: 0x000039e0 (0x00000f17) auipc   t5, 0x0
core   0: 3 0x000039e0 (0x00000f17) x30 0x000039e0
core   0: 0x000039e4 (0x123f2023) sw      gp, 288(t5)
core   0: 3 0x000039e4 (0x123f2023) mem 0x00003b00 0x00000001
core   0: >>>>  _exit
core   0: 0x000039e8 (0x0000bfe5) c.j     pc - 8
core   0: 3 0x000039e8 (0xbfe5)
core   0: >>>>  write_tohost
core   0: 0x000039e0 (0x00000f17) auipc   t5, 0x0
core   0: 3 0x000039e0 (0x00000f17) x30 0x000039e0
core   0: 0x000039e4 (0x123f2023) sw      gp, 288(t5)
core   0: 3 0x000039e4 (0x123f2023) mem 0x00003b00 0x00000001
core   0: >>>>  _exit
core   0: 0x000039e8 (0x0000bfe5) c.j     pc - 8
core   0: 3 0x000039e8 (0xbfe5)
core   0: >>>>  write_tohost
core   0: 0x000039e0 (0x00000f17) auipc   t5, 0x0
core   0: 3 0x000039e0 (0x00000f17) x30 0x000039e0
core   0: 0x000039e4 (0x123f2023) sw      gp, 288(t5)
core   0: 3 0x000039e4 (0x123f2023) mem 0x00003b00 0x00000001
core   0: >>>>  _exit
core   0: 0x000039e8 (0x0000bfe5) c.j     pc - 8
core   0: 3 0x000039e8 (0xbfe5)
core   0: >>>>  write_tohost
core   0: 0x000039e0 (0x00000f17) auipc   t5, 0x0
core   0: 3 0x000039e0 (0x00000f17) x30 0x000039e0
core   0: 0x000039e4 (0x123f2023) sw      gp, 288(t5)
core   0: 3 0x000039e4 (0x123f2023) mem 0x00003b00 0x00000001
core   0: >>>>  _exit
core   0: 0x000039e8 (0x0000bfe5) c.j     pc - 8
core   0: 3 0x000039e8 (0xbfe5)
core   0: >>>>  write_tohost
core   0: 0x000039e0 (0x00000f17) auipc   t5, 0x0
core   0: 3 0x000039e0 (0x00000f17) x30 0x000039e0
core   0: 0x000039e4 (0x123f2023) sw      gp, 288(t5)
core   0: 3 0x000039e4 (0x123f2023) mem 0x00003b00 0x00000001
core   0: >>>>  _exit
core   0: 0x000039e8 (0x0000bfe5) c.j     pc - 8
core   0: 3 0x000039e8 (0xbfe5)
core   0: >>>>  write_tohost
core   0: 0x000039e0 (0x00000f17) auipc   t5, 0x0
core   0: 3 0x000039e0 (0x00000f17) x30 0x000039e0
core   0: 0x000039e4 (0x123f2023) sw      gp, 288(t5)
core   0: 3 0x000039e4 (0x123f2023) mem 0x00003b00 0x00000001
core   0: >>>>  _exit
core   0: 0x000039e8 (0x0000bfe5) c.j     pc - 8
core   0: 3 0x000039e8 (0xbfe5)
core   0: >>>>  write_tohost
core   0: 0x000039e0 (0x00000f17) auipc   t5, 0x0
core   0: 3 0x000039e0 (0x00000f17) x30 0x000039e0
core   0: 0x000039e4 (0x123f2023) sw      gp, 288(t5)
core   0: 3 0x000039e4 (0x123f2023) mem 0x00003b00 0x00000001
core   0: >>>>  _exit
core   0: 0x000039e8 (0x0000bfe5) c.j     pc - 8
core   0: 3 0x000039e8 (0xbfe5)
core   0: >>>>  write_tohost
core   0: 0x000039e0 (0x00000f17) auipc   t5, 0x0
core   0: 3 0x000039e0 (0x00000f17) x30 0x000039e0
core   0: 0x000039e4 (0x123f2023) sw      gp, 288(t5)
core   0: 3 0x000039e4 (0x123f2023) mem 0x00003b00 0x00000001
core   0: >>>>  _exit
core   0: 0x000039e8 (0x0000bfe5) c.j     pc - 8
core   0: 3 0x000039e8 (0xbfe5)
core   0: >>>>  write_tohost
core   0: 0x000039e0 (0x00000f17) auipc   t5, 0x0
core   0: 3 0x000039e0 (0x00000f17) x30 0x000039e0
core   0: 0x000039e4 (0x123f2023) sw      gp, 288(t5)
core   0: 3 0x000039e4 (0x123f2023) mem 0x00003b00 0x00000001
core   0: >>>>  _exit
core   0: 0x000039e8 (0x0000bfe5) c.j     pc - 8
core   0: 3 0x000039e8 (0xbfe5)
core   0: >>>>  write_tohost
core   0: 0x000039e0 (0x00000f17) auipc   t5, 0x0
core   0: 3 0x000039e0 (0x00000f17) x30 0x000039e0
core   0: 0x000039e4 (0x123f2023) sw      gp, 288(t5)
core   0: 3 0x000039e4 (0x123f2023) mem 0x00003b00 0x00000001
core   0: >>>>  _exit
core   0: 0x000039e8 (0x0000bfe5) c.j     pc - 8
core   0: 3 0x000039e8 (0xbfe5)
core   0: >>>>  write_tohost
core   0: 0x000039e0 (0x00000f17) auipc   t5, 0x0
core   0: 3 0x000039e0 (0x00000f17) x30 0x000039e0
core   0: 0x000039e4 (0x123f2023) sw      gp, 288(t5)
core   0: 3 0x000039e4 (0x123f2023) mem 0x00003b00 0x00000001
core   0: >>>>  _exit
core   0: 0x000039e8 (0x0000bfe5) c.j     pc - 8
core   0: 3 0x000039e8 (0xbfe5)
core   0: >>>>  write_tohost
core   0: 0x000039e0 (0x00000f17) auipc   t5, 0x0
core   0: 3 0x000039e0 (0x00000f17) x30 0x000039e0
core   0: 0x000039e4 (0x123f2023) sw      gp, 288(t5)
core   0: 3 0x000039e4 (0x123f2023) mem 0x00003b00 0x00000001
core   0: >>>>  _exit
core   0: 0x000039e8 (0x0000bfe5) c.j     pc - 8
core   0: 3 0x000039e8 (0xbfe5)
core   0: >>>>  write_tohost
core   0: 0x000039e0 (0x00000f17) auipc   t5, 0x0
core   0: 3 0x000039e0 (0x00000f17) x30 0x000039e0
core   0: 0x000039e4 (0x123f2023) sw      gp, 288(t5)
core   0: 3 0x000039e4 (0x123f2023) mem 0x00003b00 0x00000001
core   0: >>>>  _exit
core   0: 0x000039e8 (0x0000bfe5) c.j     pc - 8
core   0: 3 0x000039e8 (0xbfe5)
core   0: >>>>  write_tohost
core   0: 0x000039e0 (0x00000f17) auipc   t5, 0x0
core   0: 3 0x000039e0 (0x00000f17) x30 0x000039e0
core   0: 0x000039e4 (0x123f2023) sw      gp, 288(t5)
core   0: 3 0x000039e4 (0x123f2023) mem 0x00003b00 0x00000001
core   0: >>>>  _exit
core   0: 0x000039e8 (0x0000bfe5) c.j     pc - 8
core   0: 3 0x000039e8 (0xbfe5)
core   0: >>>>  write_tohost
core   0: 0x000039e0 (0x00000f17) auipc   t5, 0x0
core   0: 3 0x000039e0 (0x00000f17) x30 0x000039e0
core   0: 0x000039e4 (0x123f2023) sw      gp, 288(t5)
core   0: 3 0x000039e4 (0x123f2023) mem 0x00003b00 0x00000001
core   0: >>>>  _exit
core   0: 0x000039e8 (0x0000bfe5) c.j     pc - 8
core   0: 3 0x000039e8 (0xbfe5)
core   0: >>>>  write_tohost
core   0: 0x000039e0 (0x00000f17) auipc   t5, 0x0
core   0: 3 0x000039e0 (0x00000f17) x30 0x000039e0
core   0: 0x000039e4 (0x123f2023) sw      gp, 288(t5)
core   0: 3 0x000039e4 (0x123f2023) mem 0x00003b00 0x00000001
core   0: >>>>  _exit
core   0: 0x000039e8 (0x0000bfe5) c.j     pc - 8
core   0: 3 0x000039e8 (0xbfe5)
core   0: >>>>  write_tohost
core   0: 0x000039e0 (0x00000f17) auipc   t5, 0x0
core   0: 3 0x000039e0 (0x00000f17) x30 0x000039e0
core   0: 0x000039e4 (0x123f2023) sw      gp, 288(t5)
core   0: 3 0x000039e4 (0x123f2023) mem 0x00003b00 0x00000001
core   0: >>>>  _exit
core   0: 0x000039e8 (0x0000bfe5) c.j     pc - 8
core   0: 3 0x000039e8 (0xbfe5)
core   0: >>>>  write_tohost
core   0: 0x000039e0 (0x00000f17) auipc   t5, 0x0
core   0: 3 0x000039e0 (0x00000f17) x30 0x000039e0
core   0: 0x000039e4 (0x123f2023) sw      gp, 288(t5)
core   0: 3 0x000039e4 (0x123f2023) mem 0x00003b00 0x00000001
core   0: >>>>  _exit
core   0: 0x000039e8 (0x0000bfe5) c.j     pc - 8
core   0: 3 0x000039e8 (0xbfe5)
core   0: >>>>  write_tohost
core   0: 0x000039e0 (0x00000f17) auipc   t5, 0x0
core   0: 3 0x000039e0 (0x00000f17) x30 0x000039e0
core   0: 0x000039e4 (0x123f2023) sw      gp, 288(t5)
core   0: 3 0x000039e4 (0x123f2023) mem 0x00003b00 0x00000001
core   0: >>>>  _exit
core   0: 0x000039e8 (0x0000bfe5) c.j     pc - 8
core   0: 3 0x000039e8 (0xbfe5)
core   0: >>>>  write_tohost
core   0: 0x000039e0 (0x00000f17) auipc   t5, 0x0
core   0: 3 0x000039e0 (0x00000f17) x30 0x000039e0
core   0: 0x000039e4 (0x123f2023) sw      gp, 288(t5)
core   0: 3 0x000039e4 (0x123f2023) mem 0x00003b00 0x00000001
core   0: >>>>  _exit
core   0: 0x000039e8 (0x0000bfe5) c.j     pc - 8
core   0: 3 0x000039e8 (0xbfe5)
core   0: >>>>  write_tohost
core   0: 0x000039e0 (0x00000f17) auipc   t5, 0x0
core   0: 3 0x000039e0 (0x00000f17) x30 0x000039e0
core   0: 0x000039e4 (0x123f2023) sw      gp, 288(t5)
core   0: 3 0x000039e4 (0x123f2023) mem 0x00003b00 0x00000001
core   0: >>>>  _exit
core   0: 0x000039e8 (0x0000bfe5) c.j     pc - 8
core   0: 3 0x000039e8 (0xbfe5)
core   0: >>>>  write_tohost
core   0: 0x000039e0 (0x00000f17) auipc   t5, 0x0
core   0: 3 0x000039e0 (0x00000f17) x30 0x000039e0
core   0: 0x000039e4 (0x123f2023) sw      gp, 288(t5)
core   0: 3 0x000039e4 (0x123f2023) mem 0x00003b00 0x00000001
core   0: >>>>  _exit
core   0: 0x000039e8 (0x0000bfe5) c.j     pc - 8
core   0: 3 0x000039e8 (0xbfe5)
core   0: >>>>  write_tohost
core   0: 0x000039e0 (0x00000f17) auipc   t5, 0x0
core   0: 3 0x000039e0 (0x00000f17) x30 0x000039e0
core   0: 0x000039e4 (0x123f2023) sw      gp, 288(t5)
core   0: 3 0x000039e4 (0x123f2023) mem 0x00003b00 0x00000001
core   0: >>>>  _exit
core   0: 0x000039e8 (0x0000bfe5) c.j     pc - 8
core   0: 3 0x000039e8 (0xbfe5)
core   0: >>>>  write_tohost
core   0: 0x000039e0 (0x00000f17) auipc   t5, 0x0
core   0: 3 0x000039e0 (0x00000f17) x30 0x000039e0
core   0: 0x000039e4 (0x123f2023) sw      gp, 288(t5)
core   0: 3 0x000039e4 (0x123f2023) mem 0x00003b00 0x00000001
core   0: >>>>  _exit
core   0: 0x000039e8 (0x0000bfe5) c.j     pc - 8
core   0: 3 0x000039e8 (0xbfe5)
core   0: >>>>  write_tohost
core   0: 0x000039e0 (0x00000f17) auipc   t5, 0x0
core   0: 3 0x000039e0 (0x00000f17) x30 0x000039e0
core   0: 0x000039e4 (0x123f2023) sw      gp, 288(t5)
core   0: 3 0x000039e4 (0x123f2023) mem 0x00003b00 0x00000001
core   0: >>>>  _exit
core   0: 0x000039e8 (0x0000bfe5) c.j     pc - 8
core   0: 3 0x000039e8 (0xbfe5)
core   0: >>>>  write_tohost
core   0: 0x000039e0 (0x00000f17) auipc   t5, 0x0
core   0: 3 0x000039e0 (0x00000f17) x30 0x000039e0
core   0: 0x000039e4 (0x123f2023) sw      gp, 288(t5)
core   0: 3 0x000039e4 (0x123f2023) mem 0x00003b00 0x00000001
core   0: >>>>  _exit
core   0: 0x000039e8 (0x0000bfe5) c.j     pc - 8
core   0: 3 0x000039e8 (0xbfe5)
core   0: >>>>  write_tohost
core   0: 0x000039e0 (0x00000f17) auipc   t5, 0x0
core   0: 3 0x000039e0 (0x00000f17) x30 0x000039e0
core   0: 0x000039e4 (0x123f2023) sw      gp, 288(t5)
core   0: 3 0x000039e4 (0x123f2023) mem 0x00003b00 0x00000001
core   0: >>>>  _exit
core   0: 0x000039e8 (0x0000bfe5) c.j     pc - 8
core   0: 3 0x000039e8 (0xbfe5)
core   0: >>>>  write_tohost
core   0: 0x000039e0 (0x00000f17) auipc   t5, 0x0
core   0: 3 0x000039e0 (0x00000f17) x30 0x000039e0
core   0: 0x000039e4 (0x123f2023) sw      gp, 288(t5)
core   0: 3 0x000039e4 (0x123f2023) mem 0x00003b00 0x00000001
core   0: >>>>  _exit
core   0: 0x000039e8 (0x0000bfe5) c.j     pc - 8
core   0: 3 0x000039e8 (0xbfe5)
core   0: >>>>  write_tohost
core   0: 0x000039e0 (0x00000f17) auipc   t5, 0x0
core   0: 3 0x000039e0 (0x00000f17) x30 0x000039e0
core   0: 0x000039e4 (0x123f2023) sw      gp, 288(t5)
core   0: 3 0x000039e4 (0x123f2023) mem 0x00003b00 0x00000001
core   0: >>>>  _exit
core   0: 0x000039e8 (0x0000bfe5) c.j     pc - 8
core   0: 3 0x000039e8 (0xbfe5)
core   0: >>>>  write_tohost
core   0: 0x000039e0 (0x00000f17) auipc   t5, 0x0
core   0: 3 0x000039e0 (0x00000f17) x30 0x000039e0
core   0: 0x000039e4 (0x123f2023) sw      gp, 288(t5)
core   0: 3 0x000039e4 (0x123f2023) mem 0x00003b00 0x00000001
core   0: >>>>  _exit
core   0: 0x000039e8 (0x0000bfe5) c.j     pc - 8
core   0: 3 0x000039e8 (0xbfe5)
core   0: >>>>  write_tohost
core   0: 0x000039e0 (0x00000f17) auipc   t5, 0x0
core   0: 3 0x000039e0 (0x00000f17) x30 0x000039e0
core   0: 0x000039e4 (0x123f2023) sw      gp, 288(t5)
core   0: 3 0x000039e4 (0x123f2023) mem 0x00003b00 0x00000001
core   0: >>>>  _exit
core   0: 0x000039e8 (0x0000bfe5) c.j     pc - 8
core   0: 3 0x000039e8 (0xbfe5)
core   0: >>>>  write_tohost
core   0: 0x000039e0 (0x00000f17) auipc   t5, 0x0
core   0: 3 0x000039e0 (0x00000f17) x30 0x000039e0
core   0: 0x000039e4 (0x123f2023) sw      gp, 288(t5)
core   0: 3 0x000039e4 (0x123f2023) mem 0x00003b00 0x00000001
core   0: >>>>  _exit
core   0: 0x000039e8 (0x0000bfe5) c.j     pc - 8
core   0: 3 0x000039e8 (0xbfe5)
core   0: >>>>  write_tohost
core   0: 0x000039e0 (0x00000f17) auipc   t5, 0x0
core   0: 3 0x000039e0 (0x00000f17) x30 0x000039e0
core   0: 0x000039e4 (0x123f2023) sw      gp, 288(t5)
core   0: 3 0x000039e4 (0x123f2023) mem 0x00003b00 0x00000001
core   0: >>>>  _exit
core   0: 0x000039e8 (0x0000bfe5) c.j     pc - 8
core   0: 3 0x000039e8 (0xbfe5)
core   0: >>>>  write_tohost
core   0: 0x000039e0 (0x00000f17) auipc   t5, 0x0
core   0: 3 0x000039e0 (0x00000f17) x30 0x000039e0
core   0: 0x000039e4 (0x123f2023) sw      gp, 288(t5)
core   0: 3 0x000039e4 (0x123f2023) mem 0x00003b00 0x00000001
core   0: >>>>  _exit
core   0: 0x000039e8 (0x0000bfe5) c.j     pc - 8
core   0: 3 0x000039e8 (0xbfe5)
core   0: >>>>  write_tohost
core   0: 0x000039e0 (0x00000f17) auipc   t5, 0x0
core   0: 3 0x000039e0 (0x00000f17) x30 0x000039e0
core   0: 0x000039e4 (0x123f2023) sw      gp, 288(t5)
core   0: 3 0x000039e4 (0x123f2023) mem 0x00003b00 0x00000001
core   0: >>>>  _exit
core   0: 0x000039e8 (0x0000bfe5) c.j     pc - 8
core   0: 3 0x000039e8 (0xbfe5)
core   0: >>>>  write_tohost
core   0: 0x000039e0 (0x00000f17) auipc   t5, 0x0
core   0: 3 0x000039e0 (0x00000f17) x30 0x000039e0
core   0: 0x000039e4 (0x123f2023) sw      gp, 288(t5)
core   0: 3 0x000039e4 (0x123f2023) mem 0x00003b00 0x00000001
core   0: >>>>  _exit
core   0: 0x000039e8 (0x0000bfe5) c.j     pc - 8
core   0: 3 0x000039e8 (0xbfe5)
core   0: >>>>  write_tohost
core   0: 0x000039e0 (0x00000f17) auipc   t5, 0x0
core   0: 3 0x000039e0 (0x00000f17) x30 0x000039e0
core   0: 0x000039e4 (0x123f2023) sw      gp, 288(t5)
core   0: 3 0x000039e4 (0x123f2023) mem 0x00003b00 0x00000001
core   0: >>>>  _exit
core   0: 0x000039e8 (0x0000bfe5) c.j     pc - 8
core   0: 3 0x000039e8 (0xbfe5)
core   0: >>>>  write_tohost
core   0: 0x000039e0 (0x00000f17) auipc   t5, 0x0
core   0: 3 0x000039e0 (0x00000f17) x30 0x000039e0
core   0: 0x000039e4 (0x123f2023) sw      gp, 288(t5)
core   0: 3 0x000039e4 (0x123f2023) mem 0x00003b00 0x00000001
core   0: >>>>  _exit
core   0: 0x000039e8 (0x0000bfe5) c.j     pc - 8
core   0: 3 0x000039e8 (0xbfe5)
core   0: >>>>  write_tohost
core   0: 0x000039e0 (0x00000f17) auipc   t5, 0x0
core   0: 3 0x000039e0 (0x00000f17) x30 0x000039e0
core   0: 0x000039e4 (0x123f2023) sw      gp, 288(t5)
core   0: 3 0x000039e4 (0x123f2023) mem 0x00003b00 0x00000001
core   0: >>>>  _exit
core   0: 0x000039e8 (0x0000bfe5) c.j     pc - 8
core   0: 3 0x000039e8 (0xbfe5)
core   0: >>>>  write_tohost
core   0: 0x000039e0 (0x00000f17) auipc   t5, 0x0
core   0: 3 0x000039e0 (0x00000f17) x30 0x000039e0
core   0: 0x000039e4 (0x123f2023) sw      gp, 288(t5)
core   0: 3 0x000039e4 (0x123f2023) mem 0x00003b00 0x00000001
core   0: >>>>  _exit
core   0: 0x000039e8 (0x0000bfe5) c.j     pc - 8
core   0: 3 0x000039e8 (0xbfe5)
core   0: >>>>  write_tohost
core   0: 0x000039e0 (0x00000f17) auipc   t5, 0x0
core   0: 3 0x000039e0 (0x00000f17) x30 0x000039e0
core   0: 0x000039e4 (0x123f2023) sw      gp, 288(t5)
core   0: 3 0x000039e4 (0x123f2023) mem 0x00003b00 0x00000001
core   0: >>>>  _exit
core   0: 0x000039e8 (0x0000bfe5) c.j     pc - 8
core   0: 3 0x000039e8 (0xbfe5)
core   0: >>>>  write_tohost
core   0: 0x000039e0 (0x00000f17) auipc   t5, 0x0
core   0: 3 0x000039e0 (0x00000f17) x30 0x000039e0
core   0: 0x000039e4 (0x123f2023) sw      gp, 288(t5)
core   0: 3 0x000039e4 (0x123f2023) mem 0x00003b00 0x00000001
core   0: >>>>  _exit
core   0: 0x000039e8 (0x0000bfe5) c.j     pc - 8
core   0: 3 0x000039e8 (0xbfe5)
core   0: >>>>  write_tohost
core   0: 0x000039e0 (0x00000f17) auipc   t5, 0x0
core   0: 3 0x000039e0 (0x00000f17) x30 0x000039e0
core   0: 0x000039e4 (0x123f2023) sw      gp, 288(t5)
core   0: 3 0x000039e4 (0x123f2023) mem 0x00003b00 0x00000001
core   0: >>>>  _exit
core   0: 0x000039e8 (0x0000bfe5) c.j     pc - 8
core   0: 3 0x000039e8 (0xbfe5)
core   0: >>>>  write_tohost
core   0: 0x000039e0 (0x00000f17) auipc   t5, 0x0
core   0: 3 0x000039e0 (0x00000f17) x30 0x000039e0
core   0: 0x000039e4 (0x123f2023) sw      gp, 288(t5)
core   0: 3 0x000039e4 (0x123f2023) mem 0x00003b00 0x00000001
core   0: >>>>  _exit
core   0: 0x000039e8 (0x0000bfe5) c.j     pc - 8
core   0: 3 0x000039e8 (0xbfe5)
core   0: >>>>  write_tohost
core   0: 0x000039e0 (0x00000f17) auipc   t5, 0x0
core   0: 3 0x000039e0 (0x00000f17) x30 0x000039e0
core   0: 0x000039e4 (0x123f2023) sw      gp, 288(t5)
core   0: 3 0x000039e4 (0x123f2023) mem 0x00003b00 0x00000001
core   0: >>>>  _exit
core   0: 0x000039e8 (0x0000bfe5) c.j     pc - 8
core   0: 3 0x000039e8 (0xbfe5)
core   0: >>>>  write_tohost
core   0: 0x000039e0 (0x00000f17) auipc   t5, 0x0
core   0: 3 0x000039e0 (0x00000f17) x30 0x000039e0
core   0: 0x000039e4 (0x123f2023) sw      gp, 288(t5)
core   0: 3 0x000039e4 (0x123f2023) mem 0x00003b00 0x00000001
core   0: >>>>  _exit
core   0: 0x000039e8 (0x0000bfe5) c.j     pc - 8
core   0: 3 0x000039e8 (0xbfe5)
core   0: >>>>  write_tohost
core   0: 0x000039e0 (0x00000f17) auipc   t5, 0x0
core   0: 3 0x000039e0 (0x00000f17) x30 0x000039e0
core   0: 0x000039e4 (0x123f2023) sw      gp, 288(t5)
core   0: 3 0x000039e4 (0x123f2023) mem 0x00003b00 0x00000001
core   0: >>>>  _exit
core   0: 0x000039e8 (0x0000bfe5) c.j     pc - 8
core   0: 3 0x000039e8 (0xbfe5)
core   0: >>>>  write_tohost
core   0: 0x000039e0 (0x00000f17) auipc   t5, 0x0
core   0: 3 0x000039e0 (0x00000f17) x30 0x000039e0
core   0: 0x000039e4 (0x123f2023) sw      gp, 288(t5)
core   0: 3 0x000039e4 (0x123f2023) mem 0x00003b00 0x00000001
core   0: >>>>  _exit
core   0: 0x000039e8 (0x0000bfe5) c.j     pc - 8
core   0: 3 0x000039e8 (0xbfe5)
core   0: >>>>  write_tohost
core   0: 0x000039e0 (0x00000f17) auipc   t5, 0x0
core   0: 3 0x000039e0 (0x00000f17) x30 0x000039e0
core   0: 0x000039e4 (0x123f2023) sw      gp, 288(t5)
core   0: 3 0x000039e4 (0x123f2023) mem 0x00003b00 0x00000001
core   0: >>>>  _exit
core   0: 0x000039e8 (0x0000bfe5) c.j     pc - 8
core   0: 3 0x000039e8 (0xbfe5)
core   0: >>>>  write_tohost
core   0: 0x000039e0 (0x00000f17) auipc   t5, 0x0
core   0: 3 0x000039e0 (0x00000f17) x30 0x000039e0
core   0: 0x000039e4 (0x123f2023) sw      gp, 288(t5)
core   0: 3 0x000039e4 (0x123f2023) mem 0x00003b00 0x00000001
core   0: >>>>  _exit
core   0: 0x000039e8 (0x0000bfe5) c.j     pc - 8
core   0: 3 0x000039e8 (0xbfe5)
core   0: >>>>  write_tohost
core   0: 0x000039e0 (0x00000f17) auipc   t5, 0x0
core   0: 3 0x000039e0 (0x00000f17) x30 0x000039e0
core   0: 0x000039e4 (0x123f2023) sw      gp, 288(t5)
core   0: 3 0x000039e4 (0x123f2023) mem 0x00003b00 0x00000001
core   0: >>>>  _exit
core   0: 0x000039e8 (0x0000bfe5) c.j     pc - 8
core   0: 3 0x000039e8 (0xbfe5)
core   0: >>>>  write_tohost
core   0: 0x000039e0 (0x00000f17) auipc   t5, 0x0
core   0: 3 0x000039e0 (0x00000f17) x30 0x000039e0
core   0: 0x000039e4 (0x123f2023) sw      gp, 288(t5)
core   0: 3 0x000039e4 (0x123f2023) mem 0x00003b00 0x00000001
core   0: >>>>  _exit
core   0: 0x000039e8 (0x0000bfe5) c.j     pc - 8
core   0: 3 0x000039e8 (0xbfe5)
core   0: >>>>  write_tohost
core   0: 0x000039e0 (0x00000f17) auipc   t5, 0x0
core   0: 3 0x000039e0 (0x00000f17) x30 0x000039e0
core   0: 0x000039e4 (0x123f2023) sw      gp, 288(t5)
core   0: 3 0x000039e4 (0x123f2023) mem 0x00003b00 0x00000001
core   0: >>>>  _exit
core   0: 0x000039e8 (0x0000bfe5) c.j     pc - 8
core   0: 3 0x000039e8 (0xbfe5)
core   0: >>>>  write_tohost
core   0: 0x000039e0 (0x00000f17) auipc   t5, 0x0
core   0: 3 0x000039e0 (0x00000f17) x30 0x000039e0
core   0: 0x000039e4 (0x123f2023) sw      gp, 288(t5)
core   0: 3 0x000039e4 (0x123f2023) mem 0x00003b00 0x00000001
core   0: >>>>  _exit
core   0: 0x000039e8 (0x0000bfe5) c.j     pc - 8
core   0: 3 0x000039e8 (0xbfe5)
core   0: >>>>  write_tohost
core   0: 0x000039e0 (0x00000f17) auipc   t5, 0x0
core   0: 3 0x000039e0 (0x00000f17) x30 0x000039e0
core   0: 0x000039e4 (0x123f2023) sw      gp, 288(t5)
core   0: 3 0x000039e4 (0x123f2023) mem 0x00003b00 0x00000001
core   0: >>>>  _exit
core   0: 0x000039e8 (0x0000bfe5) c.j     pc - 8
core   0: 3 0x000039e8 (0xbfe5)
core   0: >>>>  write_tohost
core   0: 0x000039e0 (0x00000f17) auipc   t5, 0x0
core   0: 3 0x000039e0 (0x00000f17) x30 0x000039e0
core   0: 0x000039e4 (0x123f2023) sw      gp, 288(t5)
core   0: 3 0x000039e4 (0x123f2023) mem 0x00003b00 0x00000001
core   0: >>>>  _exit
core   0: 0x000039e8 (0x0000bfe5) c.j     pc - 8
core   0: 3 0x000039e8 (0xbfe5)
core   0: >>>>  write_tohost
core   0: 0x000039e0 (0x00000f17) auipc   t5, 0x0
core   0: 3 0x000039e0 (0x00000f17) x30 0x000039e0
core   0: 0x000039e4 (0x123f2023) sw      gp, 288(t5)
core   0: 3 0x000039e4 (0x123f2023) mem 0x00003b00 0x00000001
core   0: >>>>  _exit
core   0: 0x000039e8 (0x0000bfe5) c.j     pc - 8
core   0: 3 0x000039e8 (0xbfe5)
core   0: >>>>  write_tohost
core   0: 0x000039e0 (0x00000f17) auipc   t5, 0x0
core   0: 3 0x000039e0 (0x00000f17) x30 0x000039e0
core   0: 0x000039e4 (0x123f2023) sw      gp, 288(t5)
core   0: 3 0x000039e4 (0x123f2023) mem 0x00003b00 0x00000001
core   0: >>>>  _exit
core   0: 0x000039e8 (0x0000bfe5) c.j     pc - 8
core   0: 3 0x000039e8 (0xbfe5)
core   0: >>>>  write_tohost
core   0: 0x000039e0 (0x00000f17) auipc   t5, 0x0
core   0: 3 0x000039e0 (0x00000f17) x30 0x000039e0
core   0: 0x000039e4 (0x123f2023) sw      gp, 288(t5)
core   0: 3 0x000039e4 (0x123f2023) mem 0x00003b00 0x00000001
core   0: >>>>  _exit
core   0: 0x000039e8 (0x0000bfe5) c.j     pc - 8
core   0: 3 0x000039e8 (0xbfe5)
core   0: >>>>  write_tohost
core   0: 0x000039e0 (0x00000f17) auipc   t5, 0x0
core   0: 3 0x000039e0 (0x00000f17) x30 0x000039e0
core   0: 0x000039e4 (0x123f2023) sw      gp, 288(t5)
core   0: 3 0x000039e4 (0x123f2023) mem 0x00003b00 0x00000001
core   0: >>>>  _exit
core   0: 0x000039e8 (0x0000bfe5) c.j     pc - 8
core   0: 3 0x000039e8 (0xbfe5)
core   0: >>>>  write_tohost
core   0: 0x000039e0 (0x00000f17) auipc   t5, 0x0
core   0: 3 0x000039e0 (0x00000f17) x30 0x000039e0
core   0: 0x000039e4 (0x123f2023) sw      gp, 288(t5)
core   0: 3 0x000039e4 (0x123f2023) mem 0x00003b00 0x00000001
core   0: >>>>  _exit
core   0: 0x000039e8 (0x0000bfe5) c.j     pc - 8
core   0: 3 0x000039e8 (0xbfe5)
core   0: >>>>  write_tohost
core   0: 0x000039e0 (0x00000f17) auipc   t5, 0x0
core   0: 3 0x000039e0 (0x00000f17) x30 0x000039e0
core   0: 0x000039e4 (0x123f2023) sw      gp, 288(t5)
core   0: 3 0x000039e4 (0x123f2023) mem 0x00003b00 0x00000001
core   0: >>>>  _exit
core   0: 0x000039e8 (0x0000bfe5) c.j     pc - 8
core   0: 3 0x000039e8 (0xbfe5)
core   0: >>>>  write_tohost
core   0: 0x000039e0 (0x00000f17) auipc   t5, 0x0
core   0: 3 0x000039e0 (0x00000f17) x30 0x000039e0
core   0: 0x000039e4 (0x123f2023) sw      gp, 288(t5)
core   0: 3 0x000039e4 (0x123f2023) mem 0x00003b00 0x00000001
core   0: >>>>  _exit
core   0: 0x000039e8 (0x0000bfe5) c.j     pc - 8
core   0: 3 0x000039e8 (0xbfe5)
core   0: >>>>  write_tohost
core   0: 0x000039e0 (0x00000f17) auipc   t5, 0x0
core   0: 3 0x000039e0 (0x00000f17) x30 0x000039e0
core   0: 0x000039e4 (0x123f2023) sw      gp, 288(t5)
core   0: 3 0x000039e4 (0x123f2023) mem 0x00003b00 0x00000001
core   0: >>>>  _exit
core   0: 0x000039e8 (0x0000bfe5) c.j     pc - 8
core   0: 3 0x000039e8 (0xbfe5)
core   0: >>>>  write_tohost
core   0: 0x000039e0 (0x00000f17) auipc   t5, 0x0
core   0: 3 0x000039e0 (0x00000f17) x30 0x000039e0
core   0: 0x000039e4 (0x123f2023) sw      gp, 288(t5)
core   0: 3 0x000039e4 (0x123f2023) mem 0x00003b00 0x00000001
core   0: >>>>  _exit
core   0: 0x000039e8 (0x0000bfe5) c.j     pc - 8
core   0: 3 0x000039e8 (0xbfe5)
core   0: >>>>  write_tohost
core   0: 0x000039e0 (0x00000f17) auipc   t5, 0x0
core   0: 3 0x000039e0 (0x00000f17) x30 0x000039e0
core   0: 0x000039e4 (0x123f2023) sw      gp, 288(t5)
core   0: 3 0x000039e4 (0x123f2023) mem 0x00003b00 0x00000001
core   0: >>>>  _exit
core   0: 0x000039e8 (0x0000bfe5) c.j     pc - 8
core   0: 3 0x000039e8 (0xbfe5)
core   0: >>>>  write_tohost
core   0: 0x000039e0 (0x00000f17) auipc   t5, 0x0
core   0: 3 0x000039e0 (0x00000f17) x30 0x000039e0
core   0: 0x000039e4 (0x123f2023) sw      gp, 288(t5)
core   0: 3 0x000039e4 (0x123f2023) mem 0x00003b00 0x00000001
core   0: >>>>  _exit
core   0: 0x000039e8 (0x0000bfe5) c.j     pc - 8
core   0: 3 0x000039e8 (0xbfe5)
core   0: >>>>  write_tohost
core   0: 0x000039e0 (0x00000f17) auipc   t5, 0x0
core   0: 3 0x000039e0 (0x00000f17) x30 0x000039e0
core   0: 0x000039e4 (0x123f2023) sw      gp, 288(t5)
core   0: 3 0x000039e4 (0x123f2023) mem 0x00003b00 0x00000001
core   0: >>>>  _exit
core   0: 0x000039e8 (0x0000bfe5) c.j     pc - 8
core   0: 3 0x000039e8 (0xbfe5)
core   0: >>>>  write_tohost
core   0: 0x000039e0 (0x00000f17) auipc   t5, 0x0
core   0: 3 0x000039e0 (0x00000f17) x30 0x000039e0
core   0: 0x000039e4 (0x123f2023) sw      gp, 288(t5)
core   0: 3 0x000039e4 (0x123f2023) mem 0x00003b00 0x00000001
core   0: >>>>  _exit
core   0: 0x000039e8 (0x0000bfe5) c.j     pc - 8
core   0: 3 0x000039e8 (0xbfe5)
core   0: >>>>  write_tohost
core   0: 0x000039e0 (0x00000f17) auipc   t5, 0x0
core   0: 3 0x000039e0 (0x00000f17) x30 0x000039e0
core   0: 0x000039e4 (0x123f2023) sw      gp, 288(t5)
core   0: 3 0x000039e4 (0x123f2023) mem 0x00003b00 0x00000001
core   0: >>>>  _exit
core   0: 0x000039e8 (0x0000bfe5) c.j     pc - 8
core   0: 3 0x000039e8 (0xbfe5)
core   0: >>>>  write_tohost
core   0: 0x000039e0 (0x00000f17) auipc   t5, 0x0
core   0: 3 0x000039e0 (0x00000f17) x30 0x000039e0
core   0: 0x000039e4 (0x123f2023) sw      gp, 288(t5)
core   0: 3 0x000039e4 (0x123f2023) mem 0x00003b00 0x00000001
core   0: >>>>  _exit
core   0: 0x000039e8 (0x0000bfe5) c.j     pc - 8
core   0: 3 0x000039e8 (0xbfe5)
core   0: >>>>  write_tohost
core   0: 0x000039e0 (0x00000f17) auipc   t5, 0x0
core   0: 3 0x000039e0 (0x00000f17) x30 0x000039e0
core   0: 0x000039e4 (0x123f2023) sw      gp, 288(t5)
core   0: 3 0x000039e4 (0x123f2023) mem 0x00003b00 0x00000001
core   0: >>>>  _exit
core   0: 0x000039e8 (0x0000bfe5) c.j     pc - 8
core   0: 3 0x000039e8 (0xbfe5)
core   0: >>>>  write_tohost
core   0: 0x000039e0 (0x00000f17) auipc   t5, 0x0
core   0: 3 0x000039e0 (0x00000f17) x30 0x000039e0
core   0: 0x000039e4 (0x123f2023) sw      gp, 288(t5)
core   0: 3 0x000039e4 (0x123f2023) mem 0x00003b00 0x00000001
core   0: >>>>  _exit
core   0: 0x000039e8 (0x0000bfe5) c.j     pc - 8
core   0: 3 0x000039e8 (0xbfe5)
core   0: >>>>  write_tohost
core   0: 0x000039e0 (0x00000f17) auipc   t5, 0x0
core   0: 3 0x000039e0 (0x00000f17) x30 0x000039e0
core   0: 0x000039e4 (0x123f2023) sw      gp, 288(t5)
core   0: 3 0x000039e4 (0x123f2023) mem 0x00003b00 0x00000001
core   0: >>>>  _exit
core   0: 0x000039e8 (0x0000bfe5) c.j     pc - 8
core   0: 3 0x000039e8 (0xbfe5)
core   0: >>>>  write_tohost
core   0: 0x000039e0 (0x00000f17) auipc   t5, 0x0
core   0: 3 0x000039e0 (0x00000f17) x30 0x000039e0
core   0: 0x000039e4 (0x123f2023) sw      gp, 288(t5)
core   0: 3 0x000039e4 (0x123f2023) mem 0x00003b00 0x00000001
core   0: >>>>  _exit
core   0: 0x000039e8 (0x0000bfe5) c.j     pc - 8
core   0: 3 0x000039e8 (0xbfe5)
core   0: >>>>  write_tohost
core   0: 0x000039e0 (0x00000f17) auipc   t5, 0x0
core   0: 3 0x000039e0 (0x00000f17) x30 0x000039e0
core   0: 0x000039e4 (0x123f2023) sw      gp, 288(t5)
core   0: 3 0x000039e4 (0x123f2023) mem 0x00003b00 0x00000001
core   0: >>>>  _exit
core   0: 0x000039e8 (0x0000bfe5) c.j     pc - 8
core   0: 3 0x000039e8 (0xbfe5)
core   0: >>>>  write_tohost
core   0: 0x000039e0 (0x00000f17) auipc   t5, 0x0
core   0: 3 0x000039e0 (0x00000f17) x30 0x000039e0
core   0: 0x000039e4 (0x123f2023) sw      gp, 288(t5)
core   0: 3 0x000039e4 (0x123f2023) mem 0x00003b00 0x00000001
core   0: >>>>  _exit
core   0: 0x000039e8 (0x0000bfe5) c.j     pc - 8
core   0: 3 0x000039e8 (0xbfe5)
core   0: >>>>  write_tohost
core   0: 0x000039e0 (0x00000f17) auipc   t5, 0x0
core   0: 3 0x000039e0 (0x00000f17) x30 0x000039e0
core   0: 0x000039e4 (0x123f2023) sw      gp, 288(t5)
core   0: 3 0x000039e4 (0x123f2023) mem 0x00003b00 0x00000001
core   0: >>>>  _exit
core   0: 0x000039e8 (0x0000bfe5) c.j     pc - 8
core   0: 3 0x000039e8 (0xbfe5)
core   0: >>>>  write_tohost
core   0: 0x000039e0 (0x00000f17) auipc   t5, 0x0
core   0: 3 0x000039e0 (0x00000f17) x30 0x000039e0
core   0: 0x000039e4 (0x123f2023) sw      gp, 288(t5)
core   0: 3 0x000039e4 (0x123f2023) mem 0x00003b00 0x00000001
core   0: >>>>  _exit
core   0: 0x000039e8 (0x0000bfe5) c.j     pc - 8
core   0: 3 0x000039e8 (0xbfe5)
core   0: >>>>  write_tohost
core   0: 0x000039e0 (0x00000f17) auipc   t5, 0x0
core   0: 3 0x000039e0 (0x00000f17) x30 0x000039e0
core   0: 0x000039e4 (0x123f2023) sw      gp, 288(t5)
core   0: 3 0x000039e4 (0x123f2023) mem 0x00003b00 0x00000001
core   0: >>>>  _exit
core   0: 0x000039e8 (0x0000bfe5) c.j     pc - 8
core   0: 3 0x000039e8 (0xbfe5)
core   0: >>>>  write_tohost
core   0: 0x000039e0 (0x00000f17) auipc   t5, 0x0
core   0: 3 0x000039e0 (0x00000f17) x30 0x000039e0
core   0: 0x000039e4 (0x123f2023) sw      gp, 288(t5)
core   0: 3 0x000039e4 (0x123f2023) mem 0x00003b00 0x00000001
core   0: >>>>  _exit
core   0: 0x000039e8 (0x0000bfe5) c.j     pc - 8
core   0: 3 0x000039e8 (0xbfe5)
core   0: >>>>  write_tohost
core   0: 0x000039e0 (0x00000f17) auipc   t5, 0x0
core   0: 3 0x000039e0 (0x00000f17) x30 0x000039e0
core   0: 0x000039e4 (0x123f2023) sw      gp, 288(t5)
core   0: 3 0x000039e4 (0x123f2023) mem 0x00003b00 0x00000001
core   0: >>>>  _exit
core   0: 0x000039e8 (0x0000bfe5) c.j     pc - 8
core   0: 3 0x000039e8 (0xbfe5)
core   0: >>>>  write_tohost
core   0: 0x000039e0 (0x00000f17) auipc   t5, 0x0
core   0: 3 0x000039e0 (0x00000f17) x30 0x000039e0
core   0: 0x000039e4 (0x123f2023) sw      gp, 288(t5)
core   0: 3 0x000039e4 (0x123f2023) mem 0x00003b00 0x00000001
core   0: >>>>  _exit
core   0: 0x000039e8 (0x0000bfe5) c.j     pc - 8
core   0: 3 0x000039e8 (0xbfe5)
core   0: >>>>  write_tohost
core   0: 0x000039e0 (0x00000f17) auipc   t5, 0x0
core   0: 3 0x000039e0 (0x00000f17) x30 0x000039e0
core   0: 0x000039e4 (0x123f2023) sw      gp, 288(t5)
core   0: 3 0x000039e4 (0x123f2023) mem 0x00003b00 0x00000001
core   0: >>>>  _exit
core   0: 0x000039e8 (0x0000bfe5) c.j     pc - 8
core   0: 3 0x000039e8 (0xbfe5)
core   0: >>>>  write_tohost
core   0: 0x000039e0 (0x00000f17) auipc   t5, 0x0
core   0: 3 0x000039e0 (0x00000f17) x30 0x000039e0
core   0: 0x000039e4 (0x123f2023) sw      gp, 288(t5)
core   0: 3 0x000039e4 (0x123f2023) mem 0x00003b00 0x00000001
core   0: >>>>  _exit
core   0: 0x000039e8 (0x0000bfe5) c.j     pc - 8
core   0: 3 0x000039e8 (0xbfe5)
core   0: >>>>  write_tohost
core   0: 0x000039e0 (0x00000f17) auipc   t5, 0x0
core   0: 3 0x000039e0 (0x00000f17) x30 0x000039e0
core   0: 0x000039e4 (0x123f2023) sw      gp, 288(t5)
core   0: 3 0x000039e4 (0x123f2023) mem 0x00003b00 0x00000001
core   0: >>>>  _exit
core   0: 0x000039e8 (0x0000bfe5) c.j     pc - 8
core   0: 3 0x000039e8 (0xbfe5)
core   0: >>>>  write_tohost
core   0: 0x000039e0 (0x00000f17) auipc   t5, 0x0
core   0: 3 0x000039e0 (0x00000f17) x30 0x000039e0
core   0: 0x000039e4 (0x123f2023) sw      gp, 288(t5)
core   0: 3 0x000039e4 (0x123f2023) mem 0x00003b00 0x00000001
core   0: >>>>  _exit
core   0: 0x000039e8 (0x0000bfe5) c.j     pc - 8
core   0: 3 0x000039e8 (0xbfe5)
core   0: >>>>  write_tohost
core   0: 0x000039e0 (0x00000f17) auipc   t5, 0x0
core   0: 3 0x000039e0 (0x00000f17) x30 0x000039e0
core   0: 0x000039e4 (0x123f2023) sw      gp, 288(t5)
core   0: 3 0x000039e4 (0x123f2023) mem 0x00003b00 0x00000001
core   0: >>>>  _exit
core   0: 0x000039e8 (0x0000bfe5) c.j     pc - 8
core   0: 3 0x000039e8 (0xbfe5)
core   0: >>>>  write_tohost
core   0: 0x000039e0 (0x00000f17) auipc   t5, 0x0
core   0: 3 0x000039e0 (0x00000f17) x30 0x000039e0
core   0: 0x000039e4 (0x123f2023) sw      gp, 288(t5)
core   0: 3 0x000039e4 (0x123f2023) mem 0x00003b00 0x00000001
core   0: >>>>  _exit
core   0: 0x000039e8 (0x0000bfe5) c.j     pc - 8
core   0: 3 0x000039e8 (0xbfe5)
core   0: >>>>  write_tohost
core   0: 0x000039e0 (0x00000f17) auipc   t5, 0x0
core   0: 3 0x000039e0 (0x00000f17) x30 0x000039e0
core   0: 0x000039e4 (0x123f2023) sw      gp, 288(t5)
core   0: 3 0x000039e4 (0x123f2023) mem 0x00003b00 0x00000001
core   0: >>>>  _exit
core   0: 0x000039e8 (0x0000bfe5) c.j     pc - 8
core   0: 3 0x000039e8 (0xbfe5)
core   0: >>>>  write_tohost
core   0: 0x000039e0 (0x00000f17) auipc   t5, 0x0
core   0: 3 0x000039e0 (0x00000f17) x30 0x000039e0
core   0: 0x000039e4 (0x123f2023) sw      gp, 288(t5)
core   0: 3 0x000039e4 (0x123f2023) mem 0x00003b00 0x00000001
core   0: >>>>  _exit
core   0: 0x000039e8 (0x0000bfe5) c.j     pc - 8
core   0: 3 0x000039e8 (0xbfe5)
core   0: >>>>  write_tohost
core   0: 0x000039e0 (0x00000f17) auipc   t5, 0x0
core   0: 3 0x000039e0 (0x00000f17) x30 0x000039e0
core   0: 0x000039e4 (0x123f2023) sw      gp, 288(t5)
core   0: 3 0x000039e4 (0x123f2023) mem 0x00003b00 0x00000001
core   0: >>>>  _exit
core   0: 0x000039e8 (0x0000bfe5) c.j     pc - 8
core   0: 3 0x000039e8 (0xbfe5)
core   0: >>>>  write_tohost
core   0: 0x000039e0 (0x00000f17) auipc   t5, 0x0
core   0: 3 0x000039e0 (0x00000f17) x30 0x000039e0
core   0: 0x000039e4 (0x123f2023) sw      gp, 288(t5)
core   0: 3 0x000039e4 (0x123f2023) mem 0x00003b00 0x00000001
core   0: >>>>  _exit
core   0: 0x000039e8 (0x0000bfe5) c.j     pc - 8
core   0: 3 0x000039e8 (0xbfe5)
core   0: >>>>  write_tohost
core   0: 0x000039e0 (0x00000f17) auipc   t5, 0x0
core   0: 3 0x000039e0 (0x00000f17) x30 0x000039e0
core   0: 0x000039e4 (0x123f2023) sw      gp, 288(t5)
core   0: 3 0x000039e4 (0x123f2023) mem 0x00003b00 0x00000001
core   0: >>>>  _exit
core   0: 0x000039e8 (0x0000bfe5) c.j     pc - 8
core   0: 3 0x000039e8 (0xbfe5)
core   0: >>>>  write_tohost
core   0: 0x000039e0 (0x00000f17) auipc   t5, 0x0
core   0: 3 0x000039e0 (0x00000f17) x30 0x000039e0
core   0: 0x000039e4 (0x123f2023) sw      gp, 288(t5)
core   0: 3 0x000039e4 (0x123f2023) mem 0x00003b00 0x00000001
core   0: >>>>  _exit
core   0: 0x000039e8 (0x0000bfe5) c.j     pc - 8
core   0: 3 0x000039e8 (0xbfe5)
core   0: >>>>  write_tohost
core   0: 0x000039e0 (0x00000f17) auipc   t5, 0x0
core   0: 3 0x000039e0 (0x00000f17) x30 0x000039e0
core   0: 0x000039e4 (0x123f2023) sw      gp, 288(t5)
core   0: 3 0x000039e4 (0x123f2023) mem 0x00003b00 0x00000001
core   0: >>>>  _exit
core   0: 0x000039e8 (0x0000bfe5) c.j     pc - 8
core   0: 3 0x000039e8 (0xbfe5)
core   0: >>>>  write_tohost
core   0: 0x000039e0 (0x00000f17) auipc   t5, 0x0
core   0: 3 0x000039e0 (0x00000f17) x30 0x000039e0
core   0: 0x000039e4 (0x123f2023) sw      gp, 288(t5)
core   0: 3 0x000039e4 (0x123f2023) mem 0x00003b00 0x00000001
core   0: >>>>  _exit
core   0: 0x000039e8 (0x0000bfe5) c.j     pc - 8
core   0: 3 0x000039e8 (0xbfe5)
core   0: >>>>  write_tohost
core   0: 0x000039e0 (0x00000f17) auipc   t5, 0x0
core   0: 3 0x000039e0 (0x00000f17) x30 0x000039e0
core   0: 0x000039e4 (0x123f2023) sw      gp, 288(t5)
core   0: 3 0x000039e4 (0x123f2023) mem 0x00003b00 0x00000001
core   0: >>>>  _exit
core   0: 0x000039e8 (0x0000bfe5) c.j     pc - 8
core   0: 3 0x000039e8 (0xbfe5)
core   0: >>>>  write_tohost
core   0: 0x000039e0 (0x00000f17) auipc   t5, 0x0
core   0: 3 0x000039e0 (0x00000f17) x30 0x000039e0
core   0: 0x000039e4 (0x123f2023) sw      gp, 288(t5)
core   0: 3 0x000039e4 (0x123f2023) mem 0x00003b00 0x00000001
core   0: >>>>  _exit
core   0: 0x000039e8 (0x0000bfe5) c.j     pc - 8
core   0: 3 0x000039e8 (0xbfe5)
core   0: >>>>  write_tohost
core   0: 0x000039e0 (0x00000f17) auipc   t5, 0x0
core   0: 3 0x000039e0 (0x00000f17) x30 0x000039e0
core   0: 0x000039e4 (0x123f2023) sw      gp, 288(t5)
core   0: 3 0x000039e4 (0x123f2023) mem 0x00003b00 0x00000001
core   0: >>>>  _exit
core   0: 0x000039e8 (0x0000bfe5) c.j     pc - 8
core   0: 3 0x000039e8 (0xbfe5)
core   0: >>>>  write_tohost
core   0: 0x000039e0 (0x00000f17) auipc   t5, 0x0
core   0: 3 0x000039e0 (0x00000f17) x30 0x000039e0
core   0: 0x000039e4 (0x123f2023) sw      gp, 288(t5)
core   0: 3 0x000039e4 (0x123f2023) mem 0x00003b00 0x00000001
core   0: >>>>  _exit
core   0: 0x000039e8 (0x0000bfe5) c.j     pc - 8
core   0: 3 0x000039e8 (0xbfe5)
core   0: >>>>  write_tohost
core   0: 0x000039e0 (0x00000f17) auipc   t5, 0x0
core   0: 3 0x000039e0 (0x00000f17) x30 0x000039e0
core   0: 0x000039e4 (0x123f2023) sw      gp, 288(t5)
core   0: 3 0x000039e4 (0x123f2023) mem 0x00003b00 0x00000001
core   0: >>>>  _exit
core   0: 0x000039e8 (0x0000bfe5) c.j     pc - 8
core   0: 3 0x000039e8 (0xbfe5)
core   0: >>>>  write_tohost
core   0: 0x000039e0 (0x00000f17) auipc   t5, 0x0
core   0: 3 0x000039e0 (0x00000f17) x30 0x000039e0
core   0: 0x000039e4 (0x123f2023) sw      gp, 288(t5)
core   0: 3 0x000039e4 (0x123f2023) mem 0x00003b00 0x00000001
core   0: >>>>  _exit
core   0: 0x000039e8 (0x0000bfe5) c.j     pc - 8
core   0: 3 0x000039e8 (0xbfe5)
core   0: >>>>  write_tohost
core   0: 0x000039e0 (0x00000f17) auipc   t5, 0x0
core   0: 3 0x000039e0 (0x00000f17) x30 0x000039e0
core   0: 0x000039e4 (0x123f2023) sw      gp, 288(t5)
core   0: 3 0x000039e4 (0x123f2023) mem 0x00003b00 0x00000001
core   0: >>>>  _exit
core   0: 0x000039e8 (0x0000bfe5) c.j     pc - 8
core   0: 3 0x000039e8 (0xbfe5)
core   0: >>>>  write_tohost
core   0: 0x000039e0 (0x00000f17) auipc   t5, 0x0
core   0: 3 0x000039e0 (0x00000f17) x30 0x000039e0
core   0: 0x000039e4 (0x123f2023) sw      gp, 288(t5)
core   0: 3 0x000039e4 (0x123f2023) mem 0x00003b00 0x00000001
core   0: >>>>  _exit
core   0: 0x000039e8 (0x0000bfe5) c.j     pc - 8
core   0: 3 0x000039e8 (0xbfe5)
core   0: >>>>  write_tohost
core   0: 0x000039e0 (0x00000f17) auipc   t5, 0x0
core   0: 3 0x000039e0 (0x00000f17) x30 0x000039e0
core   0: 0x000039e4 (0x123f2023) sw      gp, 288(t5)
core   0: 3 0x000039e4 (0x123f2023) mem 0x00003b00 0x00000001
core   0: >>>>  _exit
core   0: 0x000039e8 (0x0000bfe5) c.j     pc - 8
core   0: 3 0x000039e8 (0xbfe5)
core   0: >>>>  write_tohost
core   0: 0x000039e0 (0x00000f17) auipc   t5, 0x0
core   0: 3 0x000039e0 (0x00000f17) x30 0x000039e0
core   0: 0x000039e4 (0x123f2023) sw      gp, 288(t5)
core   0: 3 0x000039e4 (0x123f2023) mem 0x00003b00 0x00000001
core   0: >>>>  _exit
core   0: 0x000039e8 (0x0000bfe5) c.j     pc - 8
core   0: 3 0x000039e8 (0xbfe5)
core   0: >>>>  write_tohost
core   0: 0x000039e0 (0x00000f17) auipc   t5, 0x0
core   0: 3 0x000039e0 (0x00000f17) x30 0x000039e0
core   0: 0x000039e4 (0x123f2023) sw      gp, 288(t5)
core   0: 3 0x000039e4 (0x123f2023) mem 0x00003b00 0x00000001
core   0: >>>>  _exit
core   0: 0x000039e8 (0x0000bfe5) c.j     pc - 8
core   0: 3 0x000039e8 (0xbfe5)
core   0: >>>>  write_tohost
core   0: 0x000039e0 (0x00000f17) auipc   t5, 0x0
core   0: 3 0x000039e0 (0x00000f17) x30 0x000039e0
core   0: 0x000039e4 (0x123f2023) sw      gp, 288(t5)
core   0: 3 0x000039e4 (0x123f2023) mem 0x00003b00 0x00000001
core   0: >>>>  _exit
core   0: 0x000039e8 (0x0000bfe5) c.j     pc - 8
core   0: 3 0x000039e8 (0xbfe5)
core   0: >>>>  write_tohost
core   0: 0x000039e0 (0x00000f17) auipc   t5, 0x0
core   0: 3 0x000039e0 (0x00000f17) x30 0x000039e0
core   0: 0x000039e4 (0x123f2023) sw      gp, 288(t5)
core   0: 3 0x000039e4 (0x123f2023) mem 0x00003b00 0x00000001
core   0: >>>>  _exit
core   0: 0x000039e8 (0x0000bfe5) c.j     pc - 8
core   0: 3 0x000039e8 (0xbfe5)
core   0: >>>>  write_tohost
core   0: 0x000039e0 (0x00000f17) auipc   t5, 0x0
core   0: 3 0x000039e0 (0x00000f17) x30 0x000039e0
core   0: 0x000039e4 (0x123f2023) sw      gp, 288(t5)
core   0: 3 0x000039e4 (0x123f2023) mem 0x00003b00 0x00000001
core   0: >>>>  _exit
core   0: 0x000039e8 (0x0000bfe5) c.j     pc - 8
core   0: 3 0x000039e8 (0xbfe5)
core   0: >>>>  write_tohost
core   0: 0x000039e0 (0x00000f17) auipc   t5, 0x0
core   0: 3 0x000039e0 (0x00000f17) x30 0x000039e0
core   0: 0x000039e4 (0x123f2023) sw      gp, 288(t5)
core   0: 3 0x000039e4 (0x123f2023) mem 0x00003b00 0x00000001
core   0: >>>>  _exit
core   0: 0x000039e8 (0x0000bfe5) c.j     pc - 8
core   0: 3 0x000039e8 (0xbfe5)
core   0: >>>>  write_tohost
core   0: 0x000039e0 (0x00000f17) auipc   t5, 0x0
core   0: 3 0x000039e0 (0x00000f17) x30 0x000039e0
core   0: 0x000039e4 (0x123f2023) sw      gp, 288(t5)
core   0: 3 0x000039e4 (0x123f2023) mem 0x00003b00 0x00000001
core   0: >>>>  _exit
core   0: 0x000039e8 (0x0000bfe5) c.j     pc - 8
core   0: 3 0x000039e8 (0xbfe5)
core   0: >>>>  write_tohost
core   0: 0x000039e0 (0x00000f17) auipc   t5, 0x0
core   0: 3 0x000039e0 (0x00000f17) x30 0x000039e0
core   0: 0x000039e4 (0x123f2023) sw      gp, 288(t5)
core   0: 3 0x000039e4 (0x123f2023) mem 0x00003b00 0x00000001
core   0: >>>>  _exit
core   0: 0x000039e8 (0x0000bfe5) c.j     pc - 8
core   0: 3 0x000039e8 (0xbfe5)
core   0: >>>>  write_tohost
core   0: 0x000039e0 (0x00000f17) auipc   t5, 0x0
core   0: 3 0x000039e0 (0x00000f17) x30 0x000039e0
core   0: 0x000039e4 (0x123f2023) sw      gp, 288(t5)
core   0: 3 0x000039e4 (0x123f2023) mem 0x00003b00 0x00000001
core   0: >>>>  _exit
core   0: 0x000039e8 (0x0000bfe5) c.j     pc - 8
core   0: 3 0x000039e8 (0xbfe5)
core   0: >>>>  write_tohost
core   0: 0x000039e0 (0x00000f17) auipc   t5, 0x0
core   0: 3 0x000039e0 (0x00000f17) x30 0x000039e0
core   0: 0x000039e4 (0x123f2023) sw      gp, 288(t5)
core   0: 3 0x000039e4 (0x123f2023) mem 0x00003b00 0x00000001
core   0: >>>>  _exit
core   0: 0x000039e8 (0x0000bfe5) c.j     pc - 8
core   0: 3 0x000039e8 (0xbfe5)
core   0: >>>>  write_tohost
core   0: 0x000039e0 (0x00000f17) auipc   t5, 0x0
core   0: 3 0x000039e0 (0x00000f17) x30 0x000039e0
core   0: 0x000039e4 (0x123f2023) sw      gp, 288(t5)
core   0: 3 0x000039e4 (0x123f2023) mem 0x00003b00 0x00000001
core   0: >>>>  _exit
core   0: 0x000039e8 (0x0000bfe5) c.j     pc - 8
core   0: 3 0x000039e8 (0xbfe5)
core   0: >>>>  write_tohost
core   0: 0x000039e0 (0x00000f17) auipc   t5, 0x0
core   0: 3 0x000039e0 (0x00000f17) x30 0x000039e0
core   0: 0x000039e4 (0x123f2023) sw      gp, 288(t5)
core   0: 3 0x000039e4 (0x123f2023) mem 0x00003b00 0x00000001
core   0: >>>>  _exit
core   0: 0x000039e8 (0x0000bfe5) c.j     pc - 8
core   0: 3 0x000039e8 (0xbfe5)
core   0: >>>>  write_tohost
core   0: 0x000039e0 (0x00000f17) auipc   t5, 0x0
core   0: 3 0x000039e0 (0x00000f17) x30 0x000039e0
core   0: 0x000039e4 (0x123f2023) sw      gp, 288(t5)
core   0: 3 0x000039e4 (0x123f2023) mem 0x00003b00 0x00000001
core   0: >>>>  _exit
core   0: 0x000039e8 (0x0000bfe5) c.j     pc - 8
core   0: 3 0x000039e8 (0xbfe5)
core   0: >>>>  write_tohost
core   0: 0x000039e0 (0x00000f17) auipc   t5, 0x0
core   0: 3 0x000039e0 (0x00000f17) x30 0x000039e0
core   0: 0x000039e4 (0x123f2023) sw      gp, 288(t5)
core   0: 3 0x000039e4 (0x123f2023) mem 0x00003b00 0x00000001
core   0: >>>>  _exit
core   0: 0x000039e8 (0x0000bfe5) c.j     pc - 8
core   0: 3 0x000039e8 (0xbfe5)
core   0: >>>>  write_tohost
core   0: 0x000039e0 (0x00000f17) auipc   t5, 0x0
core   0: 3 0x000039e0 (0x00000f17) x30 0x000039e0
core   0: 0x000039e4 (0x123f2023) sw      gp, 288(t5)
core   0: 3 0x000039e4 (0x123f2023) mem 0x00003b00 0x00000001
core   0: >>>>  _exit
core   0: 0x000039e8 (0x0000bfe5) c.j     pc - 8
core   0: 3 0x000039e8 (0xbfe5)
core   0: >>>>  write_tohost
core   0: 0x000039e0 (0x00000f17) auipc   t5, 0x0
core   0: 3 0x000039e0 (0x00000f17) x30 0x000039e0
core   0: 0x000039e4 (0x123f2023) sw      gp, 288(t5)
core   0: 3 0x000039e4 (0x123f2023) mem 0x00003b00 0x00000001
core   0: >>>>  _exit
core   0: 0x000039e8 (0x0000bfe5) c.j     pc - 8
core   0: 3 0x000039e8 (0xbfe5)
core   0: >>>>  write_tohost
core   0: 0x000039e0 (0x00000f17) auipc   t5, 0x0
core   0: 3 0x000039e0 (0x00000f17) x30 0x000039e0
core   0: 0x000039e4 (0x123f2023) sw      gp, 288(t5)
core   0: 3 0x000039e4 (0x123f2023) mem 0x00003b00 0x00000001
core   0: >>>>  _exit
core   0: 0x000039e8 (0x0000bfe5) c.j     pc - 8
core   0: 3 0x000039e8 (0xbfe5)
core   0: >>>>  write_tohost
core   0: 0x000039e0 (0x00000f17) auipc   t5, 0x0
core   0: 3 0x000039e0 (0x00000f17) x30 0x000039e0
core   0: 0x000039e4 (0x123f2023) sw      gp, 288(t5)
core   0: 3 0x000039e4 (0x123f2023) mem 0x00003b00 0x00000001
core   0: >>>>  _exit
core   0: 0x000039e8 (0x0000bfe5) c.j     pc - 8
core   0: 3 0x000039e8 (0xbfe5)
core   0: >>>>  write_tohost
core   0: 0x000039e0 (0x00000f17) auipc   t5, 0x0
core   0: 3 0x000039e0 (0x00000f17) x30 0x000039e0
core   0: 0x000039e4 (0x123f2023) sw      gp, 288(t5)
core   0: 3 0x000039e4 (0x123f2023) mem 0x00003b00 0x00000001
core   0: >>>>  _exit
core   0: 0x000039e8 (0x0000bfe5) c.j     pc - 8
core   0: 3 0x000039e8 (0xbfe5)
core   0: >>>>  write_tohost
core   0: 0x000039e0 (0x00000f17) auipc   t5, 0x0
core   0: 3 0x000039e0 (0x00000f17) x30 0x000039e0
core   0: 0x000039e4 (0x123f2023) sw      gp, 288(t5)
core   0: 3 0x000039e4 (0x123f2023) mem 0x00003b00 0x00000001
core   0: >>>>  _exit
core   0: 0x000039e8 (0x0000bfe5) c.j     pc - 8
core   0: 3 0x000039e8 (0xbfe5)
core   0: >>>>  write_tohost
core   0: 0x000039e0 (0x00000f17) auipc   t5, 0x0
core   0: 3 0x000039e0 (0x00000f17) x30 0x000039e0
core   0: 0x000039e4 (0x123f2023) sw      gp, 288(t5)
core   0: 3 0x000039e4 (0x123f2023) mem 0x00003b00 0x00000001
core   0: >>>>  _exit
core   0: 0x000039e8 (0x0000bfe5) c.j     pc - 8
core   0: 3 0x000039e8 (0xbfe5)
core   0: >>>>  write_tohost
core   0: 0x000039e0 (0x00000f17) auipc   t5, 0x0
core   0: 3 0x000039e0 (0x00000f17) x30 0x000039e0
core   0: 0x000039e4 (0x123f2023) sw      gp, 288(t5)
core   0: 3 0x000039e4 (0x123f2023) mem 0x00003b00 0x00000001
core   0: >>>>  _exit
core   0: 0x000039e8 (0x0000bfe5) c.j     pc - 8
core   0: 3 0x000039e8 (0xbfe5)
core   0: >>>>  write_tohost
core   0: 0x000039e0 (0x00000f17) auipc   t5, 0x0
core   0: 3 0x000039e0 (0x00000f17) x30 0x000039e0
core   0: 0x000039e4 (0x123f2023) sw      gp, 288(t5)
core   0: 3 0x000039e4 (0x123f2023) mem 0x00003b00 0x00000001
core   0: >>>>  _exit
core   0: 0x000039e8 (0x0000bfe5) c.j     pc - 8
core   0: 3 0x000039e8 (0xbfe5)
core   0: >>>>  write_tohost
core   0: 0x000039e0 (0x00000f17) auipc   t5, 0x0
core   0: 3 0x000039e0 (0x00000f17) x30 0x000039e0
core   0: 0x000039e4 (0x123f2023) sw      gp, 288(t5)
core   0: 3 0x000039e4 (0x123f2023) mem 0x00003b00 0x00000001
core   0: >>>>  _exit
core   0: 0x000039e8 (0x0000bfe5) c.j     pc - 8
core   0: 3 0x000039e8 (0xbfe5)
core   0: >>>>  write_tohost
core   0: 0x000039e0 (0x00000f17) auipc   t5, 0x0
core   0: 3 0x000039e0 (0x00000f17) x30 0x000039e0
core   0: 0x000039e4 (0x123f2023) sw      gp, 288(t5)
core   0: 3 0x000039e4 (0x123f2023) mem 0x00003b00 0x00000001
core   0: >>>>  _exit
core   0: 0x000039e8 (0x0000bfe5) c.j     pc - 8
core   0: 3 0x000039e8 (0xbfe5)
core   0: >>>>  write_tohost
core   0: 0x000039e0 (0x00000f17) auipc   t5, 0x0
core   0: 3 0x000039e0 (0x00000f17) x30 0x000039e0
core   0: 0x000039e4 (0x123f2023) sw      gp, 288(t5)
core   0: 3 0x000039e4 (0x123f2023) mem 0x00003b00 0x00000001
core   0: >>>>  _exit
core   0: 0x000039e8 (0x0000bfe5) c.j     pc - 8
core   0: 3 0x000039e8 (0xbfe5)
core   0: >>>>  write_tohost
core   0: 0x000039e0 (0x00000f17) auipc   t5, 0x0
core   0: 3 0x000039e0 (0x00000f17) x30 0x000039e0
core   0: 0x000039e4 (0x123f2023) sw      gp, 288(t5)
core   0: 3 0x000039e4 (0x123f2023) mem 0x00003b00 0x00000001
core   0: >>>>  _exit
core   0: 0x000039e8 (0x0000bfe5) c.j     pc - 8
core   0: 3 0x000039e8 (0xbfe5)
core   0: >>>>  write_tohost
core   0: 0x000039e0 (0x00000f17) auipc   t5, 0x0
core   0: 3 0x000039e0 (0x00000f17) x30 0x000039e0
core   0: 0x000039e4 (0x123f2023) sw      gp, 288(t5)
core   0: 3 0x000039e4 (0x123f2023) mem 0x00003b00 0x00000001
core   0: >>>>  _exit
core   0: 0x000039e8 (0x0000bfe5) c.j     pc - 8
core   0: 3 0x000039e8 (0xbfe5)
core   0: >>>>  write_tohost
core   0: 0x000039e0 (0x00000f17) auipc   t5, 0x0
core   0: 3 0x000039e0 (0x00000f17) x30 0x000039e0
core   0: 0x000039e4 (0x123f2023) sw      gp, 288(t5)
core   0: 3 0x000039e4 (0x123f2023) mem 0x00003b00 0x00000001
core   0: >>>>  _exit
core   0: 0x000039e8 (0x0000bfe5) c.j     pc - 8
core   0: 3 0x000039e8 (0xbfe5)
core   0: >>>>  write_tohost
core   0: 0x000039e0 (0x00000f17) auipc   t5, 0x0
core   0: 3 0x000039e0 (0x00000f17) x30 0x000039e0
core   0: 0x000039e4 (0x123f2023) sw      gp, 288(t5)
core   0: 3 0x000039e4 (0x123f2023) mem 0x00003b00 0x00000001
core   0: >>>>  _exit
core   0: 0x000039e8 (0x0000bfe5) c.j     pc - 8
core   0: 3 0x000039e8 (0xbfe5)
core   0: >>>>  write_tohost
core   0: 0x000039e0 (0x00000f17) auipc   t5, 0x0
core   0: 3 0x000039e0 (0x00000f17) x30 0x000039e0
core   0: 0x000039e4 (0x123f2023) sw      gp, 288(t5)
core   0: 3 0x000039e4 (0x123f2023) mem 0x00003b00 0x00000001
core   0: >>>>  _exit
core   0: 0x000039e8 (0x0000bfe5) c.j     pc - 8
core   0: 3 0x000039e8 (0xbfe5)
core   0: >>>>  write_tohost
core   0: 0x000039e0 (0x00000f17) auipc   t5, 0x0
core   0: 3 0x000039e0 (0x00000f17) x30 0x000039e0
core   0: 0x000039e4 (0x123f2023) sw      gp, 288(t5)
core   0: 3 0x000039e4 (0x123f2023) mem 0x00003b00 0x00000001
core   0: >>>>  _exit
core   0: 0x000039e8 (0x0000bfe5) c.j     pc - 8
core   0: 3 0x000039e8 (0xbfe5)
core   0: >>>>  write_tohost
core   0: 0x000039e0 (0x00000f17) auipc   t5, 0x0
core   0: 3 0x000039e0 (0x00000f17) x30 0x000039e0
core   0: 0x000039e4 (0x123f2023) sw      gp, 288(t5)
core   0: 3 0x000039e4 (0x123f2023) mem 0x00003b00 0x00000001
core   0: >>>>  _exit
core   0: 0x000039e8 (0x0000bfe5) c.j     pc - 8
core   0: 3 0x000039e8 (0xbfe5)
core   0: >>>>  write_tohost
core   0: 0x000039e0 (0x00000f17) auipc   t5, 0x0
core   0: 3 0x000039e0 (0x00000f17) x30 0x000039e0
core   0: 0x000039e4 (0x123f2023) sw      gp, 288(t5)
core   0: 3 0x000039e4 (0x123f2023) mem 0x00003b00 0x00000001
core   0: >>>>  _exit
core   0: 0x000039e8 (0x0000bfe5) c.j     pc - 8
core   0: 3 0x000039e8 (0xbfe5)
core   0: >>>>  write_tohost
core   0: 0x000039e0 (0x00000f17) auipc   t5, 0x0
core   0: 3 0x000039e0 (0x00000f17) x30 0x000039e0
core   0: 0x000039e4 (0x123f2023) sw      gp, 288(t5)
core   0: 3 0x000039e4 (0x123f2023) mem 0x00003b00 0x00000001
core   0: >>>>  _exit
core   0: 0x000039e8 (0x0000bfe5) c.j     pc - 8
core   0: 3 0x000039e8 (0xbfe5)
core   0: >>>>  write_tohost
core   0: 0x000039e0 (0x00000f17) auipc   t5, 0x0
core   0: 3 0x000039e0 (0x00000f17) x30 0x000039e0
core   0: 0x000039e4 (0x123f2023) sw      gp, 288(t5)
core   0: 3 0x000039e4 (0x123f2023) mem 0x00003b00 0x00000001
core   0: >>>>  _exit
core   0: 0x000039e8 (0x0000bfe5) c.j     pc - 8
core   0: 3 0x000039e8 (0xbfe5)
core   0: >>>>  write_tohost
core   0: 0x000039e0 (0x00000f17) auipc   t5, 0x0
core   0: 3 0x000039e0 (0x00000f17) x30 0x000039e0
core   0: 0x000039e4 (0x123f2023) sw      gp, 288(t5)
core   0: 3 0x000039e4 (0x123f2023) mem 0x00003b00 0x00000001
core   0: >>>>  _exit
core   0: 0x000039e8 (0x0000bfe5) c.j     pc - 8
core   0: 3 0x000039e8 (0xbfe5)
core   0: >>>>  write_tohost
core   0: 0x000039e0 (0x00000f17) auipc   t5, 0x0
core   0: 3 0x000039e0 (0x00000f17) x30 0x000039e0
core   0: 0x000039e4 (0x123f2023) sw      gp, 288(t5)
core   0: 3 0x000039e4 (0x123f2023) mem 0x00003b00 0x00000001
core   0: >>>>  _exit
core   0: 0x000039e8 (0x0000bfe5) c.j     pc - 8
core   0: 3 0x000039e8 (0xbfe5)
core   0: >>>>  write_tohost
core   0: 0x000039e0 (0x00000f17) auipc   t5, 0x0
core   0: 3 0x000039e0 (0x00000f17) x30 0x000039e0
core   0: 0x000039e4 (0x123f2023) sw      gp, 288(t5)
core   0: 3 0x000039e4 (0x123f2023) mem 0x00003b00 0x00000001
core   0: >>>>  _exit
core   0: 0x000039e8 (0x0000bfe5) c.j     pc - 8
core   0: 3 0x000039e8 (0xbfe5)
core   0: >>>>  write_tohost
core   0: 0x000039e0 (0x00000f17) auipc   t5, 0x0
core   0: 3 0x000039e0 (0x00000f17) x30 0x000039e0
core   0: 0x000039e4 (0x123f2023) sw      gp, 288(t5)
core   0: 3 0x000039e4 (0x123f2023) mem 0x00003b00 0x00000001
core   0: >>>>  _exit
core   0: 0x000039e8 (0x0000bfe5) c.j     pc - 8
core   0: 3 0x000039e8 (0xbfe5)
core   0: >>>>  write_tohost
core   0: 0x000039e0 (0x00000f17) auipc   t5, 0x0
core   0: 3 0x000039e0 (0x00000f17) x30 0x000039e0
core   0: 0x000039e4 (0x123f2023) sw      gp, 288(t5)
core   0: 3 0x000039e4 (0x123f2023) mem 0x00003b00 0x00000001
core   0: >>>>  _exit
core   0: 0x000039e8 (0x0000bfe5) c.j     pc - 8
core   0: 3 0x000039e8 (0xbfe5)
core   0: >>>>  write_tohost
core   0: 0x000039e0 (0x00000f17) auipc   t5, 0x0
core   0: 3 0x000039e0 (0x00000f17) x30 0x000039e0
core   0: 0x000039e4 (0x123f2023) sw      gp, 288(t5)
core   0: 3 0x000039e4 (0x123f2023) mem 0x00003b00 0x00000001
core   0: >>>>  _exit
core   0: 0x000039e8 (0x0000bfe5) c.j     pc - 8
core   0: 3 0x000039e8 (0xbfe5)
core   0: >>>>  write_tohost
core   0: 0x000039e0 (0x00000f17) auipc   t5, 0x0
core   0: 3 0x000039e0 (0x00000f17) x30 0x000039e0
core   0: 0x000039e4 (0x123f2023) sw      gp, 288(t5)
core   0: 3 0x000039e4 (0x123f2023) mem 0x00003b00 0x00000001
core   0: >>>>  _exit
core   0: 0x000039e8 (0x0000bfe5) c.j     pc - 8
core   0: 3 0x000039e8 (0xbfe5)
core   0: >>>>  write_tohost
core   0: 0x000039e0 (0x00000f17) auipc   t5, 0x0
core   0: 3 0x000039e0 (0x00000f17) x30 0x000039e0
core   0: 0x000039e4 (0x123f2023) sw      gp, 288(t5)
core   0: 3 0x000039e4 (0x123f2023) mem 0x00003b00 0x00000001
core   0: >>>>  _exit
core   0: 0x000039e8 (0x0000bfe5) c.j     pc - 8
core   0: 3 0x000039e8 (0xbfe5)
core   0: >>>>  write_tohost
core   0: 0x000039e0 (0x00000f17) auipc   t5, 0x0
core   0: 3 0x000039e0 (0x00000f17) x30 0x000039e0
core   0: 0x000039e4 (0x123f2023) sw      gp, 288(t5)
core   0: 3 0x000039e4 (0x123f2023) mem 0x00003b00 0x00000001
core   0: >>>>  _exit
core   0: 0x000039e8 (0x0000bfe5) c.j     pc - 8
core   0: 3 0x000039e8 (0xbfe5)
core   0: >>>>  write_tohost
core   0: 0x000039e0 (0x00000f17) auipc   t5, 0x0
core   0: 3 0x000039e0 (0x00000f17) x30 0x000039e0
core   0: 0x000039e4 (0x123f2023) sw      gp, 288(t5)
core   0: 3 0x000039e4 (0x123f2023) mem 0x00003b00 0x00000001
core   0: >>>>  _exit
core   0: 0x000039e8 (0x0000bfe5) c.j     pc - 8
core   0: 3 0x000039e8 (0xbfe5)
core   0: >>>>  write_tohost
core   0: 0x000039e0 (0x00000f17) auipc   t5, 0x0
core   0: 3 0x000039e0 (0x00000f17) x30 0x000039e0
core   0: 0x000039e4 (0x123f2023) sw      gp, 288(t5)
core   0: 3 0x000039e4 (0x123f2023) mem 0x00003b00 0x00000001
core   0: >>>>  _exit
core   0: 0x000039e8 (0x0000bfe5) c.j     pc - 8
core   0: 3 0x000039e8 (0xbfe5)
core   0: >>>>  write_tohost
core   0: 0x000039e0 (0x00000f17) auipc   t5, 0x0
core   0: 3 0x000039e0 (0x00000f17) x30 0x000039e0
core   0: 0x000039e4 (0x123f2023) sw      gp, 288(t5)
core   0: 3 0x000039e4 (0x123f2023) mem 0x00003b00 0x00000001
core   0: >>>>  _exit
core   0: 0x000039e8 (0x0000bfe5) c.j     pc - 8
core   0: 3 0x000039e8 (0xbfe5)
core   0: >>>>  write_tohost
core   0: 0x000039e0 (0x00000f17) auipc   t5, 0x0
core   0: 3 0x000039e0 (0x00000f17) x30 0x000039e0
core   0: 0x000039e4 (0x123f2023) sw      gp, 288(t5)
core   0: 3 0x000039e4 (0x123f2023) mem 0x00003b00 0x00000001
core   0: >>>>  _exit
core   0: 0x000039e8 (0x0000bfe5) c.j     pc - 8
core   0: 3 0x000039e8 (0xbfe5)
core   0: >>>>  write_tohost
core   0: 0x000039e0 (0x00000f17) auipc   t5, 0x0
core   0: 3 0x000039e0 (0x00000f17) x30 0x000039e0
core   0: 0x000039e4 (0x123f2023) sw      gp, 288(t5)
core   0: 3 0x000039e4 (0x123f2023) mem 0x00003b00 0x00000001
core   0: >>>>  _exit
core   0: 0x000039e8 (0x0000bfe5) c.j     pc - 8
core   0: 3 0x000039e8 (0xbfe5)
core   0: >>>>  write_tohost
core   0: 0x000039e0 (0x00000f17) auipc   t5, 0x0
core   0: 3 0x000039e0 (0x00000f17) x30 0x000039e0
core   0: 0x000039e4 (0x123f2023) sw      gp, 288(t5)
core   0: 3 0x000039e4 (0x123f2023) mem 0x00003b00 0x00000001
core   0: >>>>  _exit
core   0: 0x000039e8 (0x0000bfe5) c.j     pc - 8
core   0: 3 0x000039e8 (0xbfe5)
core   0: >>>>  write_tohost
core   0: 0x000039e0 (0x00000f17) auipc   t5, 0x0
core   0: 3 0x000039e0 (0x00000f17) x30 0x000039e0
core   0: 0x000039e4 (0x123f2023) sw      gp, 288(t5)
core   0: 3 0x000039e4 (0x123f2023) mem 0x00003b00 0x00000001
core   0: >>>>  _exit
core   0: 0x000039e8 (0x0000bfe5) c.j     pc - 8
core   0: 3 0x000039e8 (0xbfe5)
core   0: >>>>  write_tohost
core   0: 0x000039e0 (0x00000f17) auipc   t5, 0x0
core   0: 3 0x000039e0 (0x00000f17) x30 0x000039e0
core   0: 0x000039e4 (0x123f2023) sw      gp, 288(t5)
core   0: 3 0x000039e4 (0x123f2023) mem 0x00003b00 0x00000001
core   0: >>>>  _exit
core   0: 0x000039e8 (0x0000bfe5) c.j     pc - 8
core   0: 3 0x000039e8 (0xbfe5)
core   0: >>>>  write_tohost
core   0: 0x000039e0 (0x00000f17) auipc   t5, 0x0
core   0: 3 0x000039e0 (0x00000f17) x30 0x000039e0
core   0: 0x000039e4 (0x123f2023) sw      gp, 288(t5)
core   0: 3 0x000039e4 (0x123f2023) mem 0x00003b00 0x00000001
core   0: >>>>  _exit
core   0: 0x000039e8 (0x0000bfe5) c.j     pc - 8
core   0: 3 0x000039e8 (0xbfe5)
core   0: >>>>  write_tohost
core   0: 0x000039e0 (0x00000f17) auipc   t5, 0x0
core   0: 3 0x000039e0 (0x00000f17) x30 0x000039e0
core   0: 0x000039e4 (0x123f2023) sw      gp, 288(t5)
core   0: 3 0x000039e4 (0x123f2023) mem 0x00003b00 0x00000001
core   0: >>>>  _exit
core   0: 0x000039e8 (0x0000bfe5) c.j     pc - 8
core   0: 3 0x000039e8 (0xbfe5)
core   0: >>>>  write_tohost
core   0: 0x000039e0 (0x00000f17) auipc   t5, 0x0
core   0: 3 0x000039e0 (0x00000f17) x30 0x000039e0
core   0: 0x000039e4 (0x123f2023) sw      gp, 288(t5)
core   0: 3 0x000039e4 (0x123f2023) mem 0x00003b00 0x00000001
core   0: >>>>  _exit
core   0: 0x000039e8 (0x0000bfe5) c.j     pc - 8
core   0: 3 0x000039e8 (0xbfe5)
core   0: >>>>  write_tohost
core   0: 0x000039e0 (0x00000f17) auipc   t5, 0x0
core   0: 3 0x000039e0 (0x00000f17) x30 0x000039e0
core   0: 0x000039e4 (0x123f2023) sw      gp, 288(t5)
core   0: 3 0x000039e4 (0x123f2023) mem 0x00003b00 0x00000001
core   0: >>>>  _exit
core   0: 0x000039e8 (0x0000bfe5) c.j     pc - 8
core   0: 3 0x000039e8 (0xbfe5)
core   0: >>>>  write_tohost
core   0: 0x000039e0 (0x00000f17) auipc   t5, 0x0
core   0: 3 0x000039e0 (0x00000f17) x30 0x000039e0
core   0: 0x000039e4 (0x123f2023) sw      gp, 288(t5)
core   0: 3 0x000039e4 (0x123f2023) mem 0x00003b00 0x00000001
core   0: >>>>  _exit
core   0: 0x000039e8 (0x0000bfe5) c.j     pc - 8
core   0: 3 0x000039e8 (0xbfe5)
core   0: >>>>  write_tohost
core   0: 0x000039e0 (0x00000f17) auipc   t5, 0x0
core   0: 3 0x000039e0 (0x00000f17) x30 0x000039e0
core   0: 0x000039e4 (0x123f2023) sw      gp, 288(t5)
core   0: 3 0x000039e4 (0x123f2023) mem 0x00003b00 0x00000001
core   0: >>>>  _exit
core   0: 0x000039e8 (0x0000bfe5) c.j     pc - 8
core   0: 3 0x000039e8 (0xbfe5)
core   0: >>>>  write_tohost
core   0: 0x000039e0 (0x00000f17) auipc   t5, 0x0
core   0: 3 0x000039e0 (0x00000f17) x30 0x000039e0
core   0: 0x000039e4 (0x123f2023) sw      gp, 288(t5)
core   0: 3 0x000039e4 (0x123f2023) mem 0x00003b00 0x00000001
core   0: >>>>  _exit
core   0: 0x000039e8 (0x0000bfe5) c.j     pc - 8
core   0: 3 0x000039e8 (0xbfe5)
core   0: >>>>  write_tohost
core   0: 0x000039e0 (0x00000f17) auipc   t5, 0x0
core   0: 3 0x000039e0 (0x00000f17) x30 0x000039e0
core   0: 0x000039e4 (0x123f2023) sw      gp, 288(t5)
core   0: 3 0x000039e4 (0x123f2023) mem 0x00003b00 0x00000001
core   0: >>>>  _exit
core   0: 0x000039e8 (0x0000bfe5) c.j     pc - 8
core   0: 3 0x000039e8 (0xbfe5)
core   0: >>>>  write_tohost
core   0: 0x000039e0 (0x00000f17) auipc   t5, 0x0
core   0: 3 0x000039e0 (0x00000f17) x30 0x000039e0
core   0: 0x000039e4 (0x123f2023) sw      gp, 288(t5)
core   0: 3 0x000039e4 (0x123f2023) mem 0x00003b00 0x00000001
core   0: >>>>  _exit
core   0: 0x000039e8 (0x0000bfe5) c.j     pc - 8
core   0: 3 0x000039e8 (0xbfe5)
core   0: >>>>  write_tohost
core   0: 0x000039e0 (0x00000f17) auipc   t5, 0x0
core   0: 3 0x000039e0 (0x00000f17) x30 0x000039e0
core   0: 0x000039e4 (0x123f2023) sw      gp, 288(t5)
core   0: 3 0x000039e4 (0x123f2023) mem 0x00003b00 0x00000001
core   0: >>>>  _exit
core   0: 0x000039e8 (0x0000bfe5) c.j     pc - 8
core   0: 3 0x000039e8 (0xbfe5)
core   0: >>>>  write_tohost
core   0: 0x000039e0 (0x00000f17) auipc   t5, 0x0
core   0: 3 0x000039e0 (0x00000f17) x30 0x000039e0
core   0: 0x000039e4 (0x123f2023) sw      gp, 288(t5)
core   0: 3 0x000039e4 (0x123f2023) mem 0x00003b00 0x00000001
core   0: >>>>  _exit
core   0: 0x000039e8 (0x0000bfe5) c.j     pc - 8
core   0: 3 0x000039e8 (0xbfe5)
core   0: >>>>  write_tohost
core   0: 0x000039e0 (0x00000f17) auipc   t5, 0x0
core   0: 3 0x000039e0 (0x00000f17) x30 0x000039e0
core   0: 0x000039e4 (0x123f2023) sw      gp, 288(t5)
core   0: 3 0x000039e4 (0x123f2023) mem 0x00003b00 0x00000001
core   0: >>>>  _exit
core   0: 0x000039e8 (0x0000bfe5) c.j     pc - 8
core   0: 3 0x000039e8 (0xbfe5)
core   0: >>>>  write_tohost
core   0: 0x000039e0 (0x00000f17) auipc   t5, 0x0
core   0: 3 0x000039e0 (0x00000f17) x30 0x000039e0
core   0: 0x000039e4 (0x123f2023) sw      gp, 288(t5)
core   0: 3 0x000039e4 (0x123f2023) mem 0x00003b00 0x00000001
core   0: >>>>  _exit
core   0: 0x000039e8 (0x0000bfe5) c.j     pc - 8
core   0: 3 0x000039e8 (0xbfe5)
core   0: >>>>  write_tohost
core   0: 0x000039e0 (0x00000f17) auipc   t5, 0x0
core   0: 3 0x000039e0 (0x00000f17) x30 0x000039e0
core   0: 0x000039e4 (0x123f2023) sw      gp, 288(t5)
core   0: 3 0x000039e4 (0x123f2023) mem 0x00003b00 0x00000001
core   0: >>>>  _exit
core   0: 0x000039e8 (0x0000bfe5) c.j     pc - 8
core   0: 3 0x000039e8 (0xbfe5)
core   0: >>>>  write_tohost
core   0: 0x000039e0 (0x00000f17) auipc   t5, 0x0
core   0: 3 0x000039e0 (0x00000f17) x30 0x000039e0
core   0: 0x000039e4 (0x123f2023) sw      gp, 288(t5)
core   0: 3 0x000039e4 (0x123f2023) mem 0x00003b00 0x00000001
core   0: >>>>  _exit
core   0: 0x000039e8 (0x0000bfe5) c.j     pc - 8
core   0: 3 0x000039e8 (0xbfe5)
core   0: >>>>  write_tohost
core   0: 0x000039e0 (0x00000f17) auipc   t5, 0x0
core   0: 3 0x000039e0 (0x00000f17) x30 0x000039e0
core   0: 0x000039e4 (0x123f2023) sw      gp, 288(t5)
core   0: 3 0x000039e4 (0x123f2023) mem 0x00003b00 0x00000001
core   0: >>>>  _exit
core   0: 0x000039e8 (0x0000bfe5) c.j     pc - 8
core   0: 3 0x000039e8 (0xbfe5)
core   0: >>>>  write_tohost
core   0: 0x000039e0 (0x00000f17) auipc   t5, 0x0
core   0: 3 0x000039e0 (0x00000f17) x30 0x000039e0
core   0: 0x000039e4 (0x123f2023) sw      gp, 288(t5)
core   0: 3 0x000039e4 (0x123f2023) mem 0x00003b00 0x00000001
core   0: >>>>  _exit
core   0: 0x000039e8 (0x0000bfe5) c.j     pc - 8
core   0: 3 0x000039e8 (0xbfe5)
core   0: >>>>  write_tohost
core   0: 0x000039e0 (0x00000f17) auipc   t5, 0x0
core   0: 3 0x000039e0 (0x00000f17) x30 0x000039e0
core   0: 0x000039e4 (0x123f2023) sw      gp, 288(t5)
core   0: 3 0x000039e4 (0x123f2023) mem 0x00003b00 0x00000001
core   0: >>>>  _exit
core   0: 0x000039e8 (0x0000bfe5) c.j     pc - 8
core   0: 3 0x000039e8 (0xbfe5)
core   0: >>>>  write_tohost
core   0: 0x000039e0 (0x00000f17) auipc   t5, 0x0
core   0: 3 0x000039e0 (0x00000f17) x30 0x000039e0
core   0: 0x000039e4 (0x123f2023) sw      gp, 288(t5)
core   0: 3 0x000039e4 (0x123f2023) mem 0x00003b00 0x00000001
core   0: >>>>  _exit
core   0: 0x000039e8 (0x0000bfe5) c.j     pc - 8
core   0: 3 0x000039e8 (0xbfe5)
core   0: >>>>  write_tohost
core   0: 0x000039e0 (0x00000f17) auipc   t5, 0x0
core   0: 3 0x000039e0 (0x00000f17) x30 0x000039e0
core   0: 0x000039e4 (0x123f2023) sw      gp, 288(t5)
core   0: 3 0x000039e4 (0x123f2023) mem 0x00003b00 0x00000001
core   0: >>>>  _exit
core   0: 0x000039e8 (0x0000bfe5) c.j     pc - 8
core   0: 3 0x000039e8 (0xbfe5)
core   0: >>>>  write_tohost
core   0: 0x000039e0 (0x00000f17) auipc   t5, 0x0
core   0: 3 0x000039e0 (0x00000f17) x30 0x000039e0
core   0: 0x000039e4 (0x123f2023) sw      gp, 288(t5)
core   0: 3 0x000039e4 (0x123f2023) mem 0x00003b00 0x00000001
core   0: >>>>  _exit
core   0: 0x000039e8 (0x0000bfe5) c.j     pc - 8
core   0: 3 0x000039e8 (0xbfe5)
core   0: >>>>  write_tohost
core   0: 0x000039e0 (0x00000f17) auipc   t5, 0x0
core   0: 3 0x000039e0 (0x00000f17) x30 0x000039e0
core   0: 0x000039e4 (0x123f2023) sw      gp, 288(t5)
core   0: 3 0x000039e4 (0x123f2023) mem 0x00003b00 0x00000001
core   0: >>>>  _exit
core   0: 0x000039e8 (0x0000bfe5) c.j     pc - 8
core   0: 3 0x000039e8 (0xbfe5)
core   0: >>>>  write_tohost
core   0: 0x000039e0 (0x00000f17) auipc   t5, 0x0
core   0: 3 0x000039e0 (0x00000f17) x30 0x000039e0
core   0: 0x000039e4 (0x123f2023) sw      gp, 288(t5)
core   0: 3 0x000039e4 (0x123f2023) mem 0x00003b00 0x00000001
core   0: >>>>  _exit
core   0: 0x000039e8 (0x0000bfe5) c.j     pc - 8
core   0: 3 0x000039e8 (0xbfe5)
core   0: >>>>  write_tohost
core   0: 0x000039e0 (0x00000f17) auipc   t5, 0x0
core   0: 3 0x000039e0 (0x00000f17) x30 0x000039e0
core   0: 0x000039e4 (0x123f2023) sw      gp, 288(t5)
core   0: 3 0x000039e4 (0x123f2023) mem 0x00003b00 0x00000001
core   0: >>>>  _exit
core   0: 0x000039e8 (0x0000bfe5) c.j     pc - 8
core   0: 3 0x000039e8 (0xbfe5)
core   0: >>>>  write_tohost
core   0: 0x000039e0 (0x00000f17) auipc   t5, 0x0
core   0: 3 0x000039e0 (0x00000f17) x30 0x000039e0
core   0: 0x000039e4 (0x123f2023) sw      gp, 288(t5)
core   0: 3 0x000039e4 (0x123f2023) mem 0x00003b00 0x00000001
core   0: >>>>  _exit
core   0: 0x000039e8 (0x0000bfe5) c.j     pc - 8
core   0: 3 0x000039e8 (0xbfe5)
core   0: >>>>  write_tohost
core   0: 0x000039e0 (0x00000f17) auipc   t5, 0x0
core   0: 3 0x000039e0 (0x00000f17) x30 0x000039e0
core   0: 0x000039e4 (0x123f2023) sw      gp, 288(t5)
core   0: 3 0x000039e4 (0x123f2023) mem 0x00003b00 0x00000001
core   0: >>>>  _exit
core   0: 0x000039e8 (0x0000bfe5) c.j     pc - 8
core   0: 3 0x000039e8 (0xbfe5)
core   0: >>>>  write_tohost
core   0: 0x000039e0 (0x00000f17) auipc   t5, 0x0
core   0: 3 0x000039e0 (0x00000f17) x30 0x000039e0
core   0: 0x000039e4 (0x123f2023) sw      gp, 288(t5)
core   0: 3 0x000039e4 (0x123f2023) mem 0x00003b00 0x00000001
core   0: >>>>  _exit
core   0: 0x000039e8 (0x0000bfe5) c.j     pc - 8
core   0: 3 0x000039e8 (0xbfe5)
core   0: >>>>  write_tohost
core   0: 0x000039e0 (0x00000f17) auipc   t5, 0x0
core   0: 3 0x000039e0 (0x00000f17) x30 0x000039e0
core   0: 0x000039e4 (0x123f2023) sw      gp, 288(t5)
core   0: 3 0x000039e4 (0x123f2023) mem 0x00003b00 0x00000001
core   0: >>>>  _exit
core   0: 0x000039e8 (0x0000bfe5) c.j     pc - 8
core   0: 3 0x000039e8 (0xbfe5)
core   0: >>>>  write_tohost
core   0: 0x000039e0 (0x00000f17) auipc   t5, 0x0
core   0: 3 0x000039e0 (0x00000f17) x30 0x000039e0
core   0: 0x000039e4 (0x123f2023) sw      gp, 288(t5)
core   0: 3 0x000039e4 (0x123f2023) mem 0x00003b00 0x00000001
core   0: >>>>  _exit
core   0: 0x000039e8 (0x0000bfe5) c.j     pc - 8
core   0: 3 0x000039e8 (0xbfe5)
core   0: >>>>  write_tohost
core   0: 0x000039e0 (0x00000f17) auipc   t5, 0x0
core   0: 3 0x000039e0 (0x00000f17) x30 0x000039e0
core   0: 0x000039e4 (0x123f2023) sw      gp, 288(t5)
core   0: 3 0x000039e4 (0x123f2023) mem 0x00003b00 0x00000001
core   0: >>>>  _exit
core   0: 0x000039e8 (0x0000bfe5) c.j     pc - 8
core   0: 3 0x000039e8 (0xbfe5)
core   0: >>>>  write_tohost
core   0: 0x000039e0 (0x00000f17) auipc   t5, 0x0
core   0: 3 0x000039e0 (0x00000f17) x30 0x000039e0
core   0: 0x000039e4 (0x123f2023) sw      gp, 288(t5)
core   0: 3 0x000039e4 (0x123f2023) mem 0x00003b00 0x00000001
core   0: >>>>  _exit
core   0: 0x000039e8 (0x0000bfe5) c.j     pc - 8
core   0: 3 0x000039e8 (0xbfe5)
core   0: >>>>  write_tohost
core   0: 0x000039e0 (0x00000f17) auipc   t5, 0x0
core   0: 3 0x000039e0 (0x00000f17) x30 0x000039e0
core   0: 0x000039e4 (0x123f2023) sw      gp, 288(t5)
core   0: 3 0x000039e4 (0x123f2023) mem 0x00003b00 0x00000001
core   0: >>>>  _exit
core   0: 0x000039e8 (0x0000bfe5) c.j     pc - 8
core   0: 3 0x000039e8 (0xbfe5)
core   0: >>>>  write_tohost
core   0: 0x000039e0 (0x00000f17) auipc   t5, 0x0
core   0: 3 0x000039e0 (0x00000f17) x30 0x000039e0
core   0: 0x000039e4 (0x123f2023) sw      gp, 288(t5)
core   0: 3 0x000039e4 (0x123f2023) mem 0x00003b00 0x00000001
core   0: >>>>  _exit
core   0: 0x000039e8 (0x0000bfe5) c.j     pc - 8
core   0: 3 0x000039e8 (0xbfe5)
core   0: >>>>  write_tohost
core   0: 0x000039e0 (0x00000f17) auipc   t5, 0x0
core   0: 3 0x000039e0 (0x00000f17) x30 0x000039e0
core   0: 0x000039e4 (0x123f2023) sw      gp, 288(t5)
core   0: 3 0x000039e4 (0x123f2023) mem 0x00003b00 0x00000001
core   0: >>>>  _exit
core   0: 0x000039e8 (0x0000bfe5) c.j     pc - 8
core   0: 3 0x000039e8 (0xbfe5)
core   0: >>>>  write_tohost
core   0: 0x000039e0 (0x00000f17) auipc   t5, 0x0
core   0: 3 0x000039e0 (0x00000f17) x30 0x000039e0
core   0: 0x000039e4 (0x123f2023) sw      gp, 288(t5)
core   0: 3 0x000039e4 (0x123f2023) mem 0x00003b00 0x00000001
core   0: >>>>  _exit
core   0: 0x000039e8 (0x0000bfe5) c.j     pc - 8
core   0: 3 0x000039e8 (0xbfe5)
core   0: >>>>  write_tohost
core   0: 0x000039e0 (0x00000f17) auipc   t5, 0x0
core   0: 3 0x000039e0 (0x00000f17) x30 0x000039e0
core   0: 0x000039e4 (0x123f2023) sw      gp, 288(t5)
core   0: 3 0x000039e4 (0x123f2023) mem 0x00003b00 0x00000001
core   0: >>>>  _exit
core   0: 0x000039e8 (0x0000bfe5) c.j     pc - 8
core   0: 3 0x000039e8 (0xbfe5)
core   0: >>>>  write_tohost
core   0: 0x000039e0 (0x00000f17) auipc   t5, 0x0
core   0: 3 0x000039e0 (0x00000f17) x30 0x000039e0
core   0: 0x000039e4 (0x123f2023) sw      gp, 288(t5)
core   0: 3 0x000039e4 (0x123f2023) mem 0x00003b00 0x00000001
core   0: >>>>  _exit
core   0: 0x000039e8 (0x0000bfe5) c.j     pc - 8
core   0: 3 0x000039e8 (0xbfe5)
core   0: >>>>  write_tohost
core   0: 0x000039e0 (0x00000f17) auipc   t5, 0x0
core   0: 3 0x000039e0 (0x00000f17) x30 0x000039e0
core   0: 0x000039e4 (0x123f2023) sw      gp, 288(t5)
core   0: 3 0x000039e4 (0x123f2023) mem 0x00003b00 0x00000001
core   0: >>>>  _exit
core   0: 0x000039e8 (0x0000bfe5) c.j     pc - 8
core   0: 3 0x000039e8 (0xbfe5)
core   0: >>>>  write_tohost
core   0: 0x000039e0 (0x00000f17) auipc   t5, 0x0
core   0: 3 0x000039e0 (0x00000f17) x30 0x000039e0
core   0: 0x000039e4 (0x123f2023) sw      gp, 288(t5)
core   0: 3 0x000039e4 (0x123f2023) mem 0x00003b00 0x00000001
core   0: >>>>  _exit
core   0: 0x000039e8 (0x0000bfe5) c.j     pc - 8
core   0: 3 0x000039e8 (0xbfe5)
core   0: >>>>  write_tohost
core   0: 0x000039e0 (0x00000f17) auipc   t5, 0x0
core   0: 3 0x000039e0 (0x00000f17) x30 0x000039e0
core   0: 0x000039e4 (0x123f2023) sw      gp, 288(t5)
core   0: 3 0x000039e4 (0x123f2023) mem 0x00003b00 0x00000001
core   0: >>>>  _exit
core   0: 0x000039e8 (0x0000bfe5) c.j     pc - 8
core   0: 3 0x000039e8 (0xbfe5)
core   0: >>>>  write_tohost
core   0: 0x000039e0 (0x00000f17) auipc   t5, 0x0
core   0: 3 0x000039e0 (0x00000f17) x30 0x000039e0
core   0: 0x000039e4 (0x123f2023) sw      gp, 288(t5)
core   0: 3 0x000039e4 (0x123f2023) mem 0x00003b00 0x00000001
core   0: >>>>  _exit
core   0: 0x000039e8 (0x0000bfe5) c.j     pc - 8
core   0: 3 0x000039e8 (0xbfe5)
core   0: >>>>  write_tohost
core   0: 0x000039e0 (0x00000f17) auipc   t5, 0x0
core   0: 3 0x000039e0 (0x00000f17) x30 0x000039e0
core   0: 0x000039e4 (0x123f2023) sw      gp, 288(t5)
core   0: 3 0x000039e4 (0x123f2023) mem 0x00003b00 0x00000001
core   0: >>>>  _exit
core   0: 0x000039e8 (0x0000bfe5) c.j     pc - 8
core   0: 3 0x000039e8 (0xbfe5)
core   0: >>>>  write_tohost
core   0: 0x000039e0 (0x00000f17) auipc   t5, 0x0
core   0: 3 0x000039e0 (0x00000f17) x30 0x000039e0
core   0: 0x000039e4 (0x123f2023) sw      gp, 288(t5)
core   0: 3 0x000039e4 (0x123f2023) mem 0x00003b00 0x00000001
core   0: >>>>  _exit
core   0: 0x000039e8 (0x0000bfe5) c.j     pc - 8
core   0: 3 0x000039e8 (0xbfe5)
core   0: >>>>  write_tohost
core   0: 0x000039e0 (0x00000f17) auipc   t5, 0x0
core   0: 3 0x000039e0 (0x00000f17) x30 0x000039e0
core   0: 0x000039e4 (0x123f2023) sw      gp, 288(t5)
core   0: 3 0x000039e4 (0x123f2023) mem 0x00003b00 0x00000001
core   0: >>>>  _exit
core   0: 0x000039e8 (0x0000bfe5) c.j     pc - 8
core   0: 3 0x000039e8 (0xbfe5)
core   0: >>>>  write_tohost
core   0: 0x000039e0 (0x00000f17) auipc   t5, 0x0
core   0: 3 0x000039e0 (0x00000f17) x30 0x000039e0
core   0: 0x000039e4 (0x123f2023) sw      gp, 288(t5)
core   0: 3 0x000039e4 (0x123f2023) mem 0x00003b00 0x00000001
core   0: >>>>  _exit
core   0: 0x000039e8 (0x0000bfe5) c.j     pc - 8
core   0: 3 0x000039e8 (0xbfe5)
core   0: >>>>  write_tohost
core   0: 0x000039e0 (0x00000f17) auipc   t5, 0x0
core   0: 3 0x000039e0 (0x00000f17) x30 0x000039e0
core   0: 0x000039e4 (0x123f2023) sw      gp, 288(t5)
core   0: 3 0x000039e4 (0x123f2023) mem 0x00003b00 0x00000001
core   0: >>>>  _exit
core   0: 0x000039e8 (0x0000bfe5) c.j     pc - 8
core   0: 3 0x000039e8 (0xbfe5)
core   0: >>>>  write_tohost
core   0: 0x000039e0 (0x00000f17) auipc   t5, 0x0
core   0: 3 0x000039e0 (0x00000f17) x30 0x000039e0
core   0: 0x000039e4 (0x123f2023) sw      gp, 288(t5)
core   0: 3 0x000039e4 (0x123f2023) mem 0x00003b00 0x00000001
core   0: >>>>  _exit
core   0: 0x000039e8 (0x0000bfe5) c.j     pc - 8
core   0: 3 0x000039e8 (0xbfe5)
core   0: >>>>  write_tohost
core   0: 0x000039e0 (0x00000f17) auipc   t5, 0x0
core   0: 3 0x000039e0 (0x00000f17) x30 0x000039e0
core   0: 0x000039e4 (0x123f2023) sw      gp, 288(t5)
core   0: 3 0x000039e4 (0x123f2023) mem 0x00003b00 0x00000001
core   0: >>>>  _exit
core   0: 0x000039e8 (0x0000bfe5) c.j     pc - 8
core   0: 3 0x000039e8 (0xbfe5)
core   0: >>>>  write_tohost
core   0: 0x000039e0 (0x00000f17) auipc   t5, 0x0
core   0: 3 0x000039e0 (0x00000f17) x30 0x000039e0
core   0: 0x000039e4 (0x123f2023) sw      gp, 288(t5)
core   0: 3 0x000039e4 (0x123f2023) mem 0x00003b00 0x00000001
core   0: >>>>  _exit
core   0: 0x000039e8 (0x0000bfe5) c.j     pc - 8
core   0: 3 0x000039e8 (0xbfe5)
core   0: >>>>  write_tohost
core   0: 0x000039e0 (0x00000f17) auipc   t5, 0x0
core   0: 3 0x000039e0 (0x00000f17) x30 0x000039e0
core   0: 0x000039e4 (0x123f2023) sw      gp, 288(t5)
core   0: 3 0x000039e4 (0x123f2023) mem 0x00003b00 0x00000001
core   0: >>>>  _exit
core   0: 0x000039e8 (0x0000bfe5) c.j     pc - 8
core   0: 3 0x000039e8 (0xbfe5)
core   0: >>>>  write_tohost
core   0: 0x000039e0 (0x00000f17) auipc   t5, 0x0
core   0: 3 0x000039e0 (0x00000f17) x30 0x000039e0
core   0: 0x000039e4 (0x123f2023) sw      gp, 288(t5)
core   0: 3 0x000039e4 (0x123f2023) mem 0x00003b00 0x00000001
core   0: >>>>  _exit
core   0: 0x000039e8 (0x0000bfe5) c.j     pc - 8
core   0: 3 0x000039e8 (0xbfe5)
core   0: >>>>  write_tohost
core   0: 0x000039e0 (0x00000f17) auipc   t5, 0x0
core   0: 3 0x000039e0 (0x00000f17) x30 0x000039e0
core   0: 0x000039e4 (0x123f2023) sw      gp, 288(t5)
core   0: 3 0x000039e4 (0x123f2023) mem 0x00003b00 0x00000001
core   0: >>>>  _exit
core   0: 0x000039e8 (0x0000bfe5) c.j     pc - 8
core   0: 3 0x000039e8 (0xbfe5)
core   0: >>>>  write_tohost
core   0: 0x000039e0 (0x00000f17) auipc   t5, 0x0
core   0: 3 0x000039e0 (0x00000f17) x30 0x000039e0
core   0: 0x000039e4 (0x123f2023) sw      gp, 288(t5)
core   0: 3 0x000039e4 (0x123f2023) mem 0x00003b00 0x00000001
core   0: >>>>  _exit
core   0: 0x000039e8 (0x0000bfe5) c.j     pc - 8
core   0: 3 0x000039e8 (0xbfe5)
core   0: >>>>  write_tohost
core   0: 0x000039e0 (0x00000f17) auipc   t5, 0x0
core   0: 3 0x000039e0 (0x00000f17) x30 0x000039e0
core   0: 0x000039e4 (0x123f2023) sw      gp, 288(t5)
core   0: 3 0x000039e4 (0x123f2023) mem 0x00003b00 0x00000001
core   0: >>>>  _exit
core   0: 0x000039e8 (0x0000bfe5) c.j     pc - 8
core   0: 3 0x000039e8 (0xbfe5)
core   0: >>>>  write_tohost
core   0: 0x000039e0 (0x00000f17) auipc   t5, 0x0
core   0: 3 0x000039e0 (0x00000f17) x30 0x000039e0
core   0: 0x000039e4 (0x123f2023) sw      gp, 288(t5)
core   0: 3 0x000039e4 (0x123f2023) mem 0x00003b00 0x00000001
core   0: >>>>  _exit
core   0: 0x000039e8 (0x0000bfe5) c.j     pc - 8
core   0: 3 0x000039e8 (0xbfe5)
core   0: >>>>  write_tohost
core   0: 0x000039e0 (0x00000f17) auipc   t5, 0x0
core   0: 3 0x000039e0 (0x00000f17) x30 0x000039e0
core   0: 0x000039e4 (0x123f2023) sw      gp, 288(t5)
core   0: 3 0x000039e4 (0x123f2023) mem 0x00003b00 0x00000001
core   0: >>>>  _exit
core   0: 0x000039e8 (0x0000bfe5) c.j     pc - 8
core   0: 3 0x000039e8 (0xbfe5)
core   0: >>>>  write_tohost
core   0: 0x000039e0 (0x00000f17) auipc   t5, 0x0
core   0: 3 0x000039e0 (0x00000f17) x30 0x000039e0
core   0: 0x000039e4 (0x123f2023) sw      gp, 288(t5)
core   0: 3 0x000039e4 (0x123f2023) mem 0x00003b00 0x00000001
core   0: >>>>  _exit
core   0: 0x000039e8 (0x0000bfe5) c.j     pc - 8
core   0: 3 0x000039e8 (0xbfe5)
core   0: >>>>  write_tohost
core   0: 0x000039e0 (0x00000f17) auipc   t5, 0x0
core   0: 3 0x000039e0 (0x00000f17) x30 0x000039e0
core   0: 0x000039e4 (0x123f2023) sw      gp, 288(t5)
core   0: 3 0x000039e4 (0x123f2023) mem 0x00003b00 0x00000001
core   0: >>>>  _exit
core   0: 0x000039e8 (0x0000bfe5) c.j     pc - 8
core   0: 3 0x000039e8 (0xbfe5)
core   0: >>>>  write_tohost
core   0: 0x000039e0 (0x00000f17) auipc   t5, 0x0
core   0: 3 0x000039e0 (0x00000f17) x30 0x000039e0
core   0: 0x000039e4 (0x123f2023) sw      gp, 288(t5)
core   0: 3 0x000039e4 (0x123f2023) mem 0x00003b00 0x00000001
core   0: >>>>  _exit
core   0: 0x000039e8 (0x0000bfe5) c.j     pc - 8
core   0: 3 0x000039e8 (0xbfe5)
core   0: >>>>  write_tohost
core   0: 0x000039e0 (0x00000f17) auipc   t5, 0x0
core   0: 3 0x000039e0 (0x00000f17) x30 0x000039e0
core   0: 0x000039e4 (0x123f2023) sw      gp, 288(t5)
core   0: 3 0x000039e4 (0x123f2023) mem 0x00003b00 0x00000001
core   0: >>>>  _exit
core   0: 0x000039e8 (0x0000bfe5) c.j     pc - 8
core   0: 3 0x000039e8 (0xbfe5)
core   0: >>>>  write_tohost
core   0: 0x000039e0 (0x00000f17) auipc   t5, 0x0
core   0: 3 0x000039e0 (0x00000f17) x30 0x000039e0
core   0: 0x000039e4 (0x123f2023) sw      gp, 288(t5)
core   0: 3 0x000039e4 (0x123f2023) mem 0x00003b00 0x00000001
core   0: >>>>  _exit
core   0: 0x000039e8 (0x0000bfe5) c.j     pc - 8
core   0: 3 0x000039e8 (0xbfe5)
core   0: >>>>  write_tohost
core   0: 0x000039e0 (0x00000f17) auipc   t5, 0x0
core   0: 3 0x000039e0 (0x00000f17) x30 0x000039e0
core   0: 0x000039e4 (0x123f2023) sw      gp, 288(t5)
core   0: 3 0x000039e4 (0x123f2023) mem 0x00003b00 0x00000001
core   0: >>>>  _exit
core   0: 0x000039e8 (0x0000bfe5) c.j     pc - 8
core   0: 3 0x000039e8 (0xbfe5)
core   0: >>>>  write_tohost
core   0: 0x000039e0 (0x00000f17) auipc   t5, 0x0
core   0: 3 0x000039e0 (0x00000f17) x30 0x000039e0
core   0: 0x000039e4 (0x123f2023) sw      gp, 288(t5)
core   0: 3 0x000039e4 (0x123f2023) mem 0x00003b00 0x00000001
core   0: >>>>  _exit
core   0: 0x000039e8 (0x0000bfe5) c.j     pc - 8
core   0: 3 0x000039e8 (0xbfe5)
core   0: >>>>  write_tohost
core   0: 0x000039e0 (0x00000f17) auipc   t5, 0x0
core   0: 3 0x000039e0 (0x00000f17) x30 0x000039e0
core   0: 0x000039e4 (0x123f2023) sw      gp, 288(t5)
core   0: 3 0x000039e4 (0x123f2023) mem 0x00003b00 0x00000001
core   0: >>>>  _exit
core   0: 0x000039e8 (0x0000bfe5) c.j     pc - 8
core   0: 3 0x000039e8 (0xbfe5)
core   0: >>>>  write_tohost
core   0: 0x000039e0 (0x00000f17) auipc   t5, 0x0
core   0: 3 0x000039e0 (0x00000f17) x30 0x000039e0
core   0: 0x000039e4 (0x123f2023) sw      gp, 288(t5)
core   0: 3 0x000039e4 (0x123f2023) mem 0x00003b00 0x00000001
core   0: >>>>  _exit
core   0: 0x000039e8 (0x0000bfe5) c.j     pc - 8
core   0: 3 0x000039e8 (0xbfe5)
core   0: >>>>  write_tohost
core   0: 0x000039e0 (0x00000f17) auipc   t5, 0x0
core   0: 3 0x000039e0 (0x00000f17) x30 0x000039e0
core   0: 0x000039e4 (0x123f2023) sw      gp, 288(t5)
core   0: 3 0x000039e4 (0x123f2023) mem 0x00003b00 0x00000001
core   0: >>>>  _exit
core   0: 0x000039e8 (0x0000bfe5) c.j     pc - 8
core   0: 3 0x000039e8 (0xbfe5)
core   0: >>>>  write_tohost
core   0: 0x000039e0 (0x00000f17) auipc   t5, 0x0
core   0: 3 0x000039e0 (0x00000f17) x30 0x000039e0
core   0: 0x000039e4 (0x123f2023) sw      gp, 288(t5)
core   0: 3 0x000039e4 (0x123f2023) mem 0x00003b00 0x00000001
core   0: >>>>  _exit
core   0: 0x000039e8 (0x0000bfe5) c.j     pc - 8
core   0: 3 0x000039e8 (0xbfe5)
core   0: >>>>  write_tohost
core   0: 0x000039e0 (0x00000f17) auipc   t5, 0x0
core   0: 3 0x000039e0 (0x00000f17) x30 0x000039e0
core   0: 0x000039e4 (0x123f2023) sw      gp, 288(t5)
core   0: 3 0x000039e4 (0x123f2023) mem 0x00003b00 0x00000001
core   0: >>>>  _exit
core   0: 0x000039e8 (0x0000bfe5) c.j     pc - 8
core   0: 3 0x000039e8 (0xbfe5)
core   0: >>>>  write_tohost
core   0: 0x000039e0 (0x00000f17) auipc   t5, 0x0
core   0: 3 0x000039e0 (0x00000f17) x30 0x000039e0
core   0: 0x000039e4 (0x123f2023) sw      gp, 288(t5)
core   0: 3 0x000039e4 (0x123f2023) mem 0x00003b00 0x00000001
core   0: >>>>  _exit
core   0: 0x000039e8 (0x0000bfe5) c.j     pc - 8
core   0: 3 0x000039e8 (0xbfe5)
core   0: >>>>  write_tohost
core   0: 0x000039e0 (0x00000f17) auipc   t5, 0x0
core   0: 3 0x000039e0 (0x00000f17) x30 0x000039e0
core   0: 0x000039e4 (0x123f2023) sw      gp, 288(t5)
core   0: 3 0x000039e4 (0x123f2023) mem 0x00003b00 0x00000001
core   0: >>>>  _exit
core   0: 0x000039e8 (0x0000bfe5) c.j     pc - 8
core   0: 3 0x000039e8 (0xbfe5)
core   0: >>>>  write_tohost
core   0: 0x000039e0 (0x00000f17) auipc   t5, 0x0
core   0: 3 0x000039e0 (0x00000f17) x30 0x000039e0
core   0: 0x000039e4 (0x123f2023) sw      gp, 288(t5)
core   0: 3 0x000039e4 (0x123f2023) mem 0x00003b00 0x00000001
core   0: >>>>  _exit
core   0: 0x000039e8 (0x0000bfe5) c.j     pc - 8
core   0: 3 0x000039e8 (0xbfe5)
core   0: >>>>  write_tohost
core   0: 0x000039e0 (0x00000f17) auipc   t5, 0x0
core   0: 3 0x000039e0 (0x00000f17) x30 0x000039e0
core   0: 0x000039e4 (0x123f2023) sw      gp, 288(t5)
core   0: 3 0x000039e4 (0x123f2023) mem 0x00003b00 0x00000001
core   0: >>>>  _exit
core   0: 0x000039e8 (0x0000bfe5) c.j     pc - 8
core   0: 3 0x000039e8 (0xbfe5)
core   0: >>>>  write_tohost
core   0: 0x000039e0 (0x00000f17) auipc   t5, 0x0
core   0: 3 0x000039e0 (0x00000f17) x30 0x000039e0
core   0: 0x000039e4 (0x123f2023) sw      gp, 288(t5)
core   0: 3 0x000039e4 (0x123f2023) mem 0x00003b00 0x00000001
core   0: >>>>  _exit
core   0: 0x000039e8 (0x0000bfe5) c.j     pc - 8
core   0: 3 0x000039e8 (0xbfe5)
core   0: >>>>  write_tohost
core   0: 0x000039e0 (0x00000f17) auipc   t5, 0x0
core   0: 3 0x000039e0 (0x00000f17) x30 0x000039e0
core   0: 0x000039e4 (0x123f2023) sw      gp, 288(t5)
core   0: 3 0x000039e4 (0x123f2023) mem 0x00003b00 0x00000001
core   0: >>>>  _exit
core   0: 0x000039e8 (0x0000bfe5) c.j     pc - 8
core   0: 3 0x000039e8 (0xbfe5)
core   0: >>>>  write_tohost
core   0: 0x000039e0 (0x00000f17) auipc   t5, 0x0
core   0: 3 0x000039e0 (0x00000f17) x30 0x000039e0
core   0: 0x000039e4 (0x123f2023) sw      gp, 288(t5)
core   0: 3 0x000039e4 (0x123f2023) mem 0x00003b00 0x00000001
core   0: >>>>  _exit
core   0: 0x000039e8 (0x0000bfe5) c.j     pc - 8
core   0: 3 0x000039e8 (0xbfe5)
core   0: >>>>  write_tohost
core   0: 0x000039e0 (0x00000f17) auipc   t5, 0x0
core   0: 3 0x000039e0 (0x00000f17) x30 0x000039e0
core   0: 0x000039e4 (0x123f2023) sw      gp, 288(t5)
core   0: 3 0x000039e4 (0x123f2023) mem 0x00003b00 0x00000001
core   0: >>>>  _exit
core   0: 0x000039e8 (0x0000bfe5) c.j     pc - 8
core   0: 3 0x000039e8 (0xbfe5)
core   0: >>>>  write_tohost
core   0: 0x000039e0 (0x00000f17) auipc   t5, 0x0
core   0: 3 0x000039e0 (0x00000f17) x30 0x000039e0
core   0: 0x000039e4 (0x123f2023) sw      gp, 288(t5)
core   0: 3 0x000039e4 (0x123f2023) mem 0x00003b00 0x00000001
core   0: >>>>  _exit
core   0: 0x000039e8 (0x0000bfe5) c.j     pc - 8
core   0: 3 0x000039e8 (0xbfe5)
core   0: >>>>  write_tohost
core   0: 0x000039e0 (0x00000f17) auipc   t5, 0x0
core   0: 3 0x000039e0 (0x00000f17) x30 0x000039e0
core   0: 0x000039e4 (0x123f2023) sw      gp, 288(t5)
core   0: 3 0x000039e4 (0x123f2023) mem 0x00003b00 0x00000001
core   0: >>>>  _exit
core   0: 0x000039e8 (0x0000bfe5) c.j     pc - 8
core   0: 3 0x000039e8 (0xbfe5)
core   0: >>>>  write_tohost
core   0: 0x000039e0 (0x00000f17) auipc   t5, 0x0
core   0: 3 0x000039e0 (0x00000f17) x30 0x000039e0
core   0: 0x000039e4 (0x123f2023) sw      gp, 288(t5)
core   0: 3 0x000039e4 (0x123f2023) mem 0x00003b00 0x00000001
core   0: >>>>  _exit
core   0: 0x000039e8 (0x0000bfe5) c.j     pc - 8
core   0: 3 0x000039e8 (0xbfe5)
core   0: >>>>  write_tohost
core   0: 0x000039e0 (0x00000f17) auipc   t5, 0x0
core   0: 3 0x000039e0 (0x00000f17) x30 0x000039e0
core   0: 0x000039e4 (0x123f2023) sw      gp, 288(t5)
core   0: 3 0x000039e4 (0x123f2023) mem 0x00003b00 0x00000001
core   0: >>>>  _exit
core   0: 0x000039e8 (0x0000bfe5) c.j     pc - 8
core   0: 3 0x000039e8 (0xbfe5)
core   0: >>>>  write_tohost
core   0: 0x000039e0 (0x00000f17) auipc   t5, 0x0
core   0: 3 0x000039e0 (0x00000f17) x30 0x000039e0
core   0: 0x000039e4 (0x123f2023) sw      gp, 288(t5)
core   0: 3 0x000039e4 (0x123f2023) mem 0x00003b00 0x00000001
core   0: >>>>  _exit
core   0: 0x000039e8 (0x0000bfe5) c.j     pc - 8
core   0: 3 0x000039e8 (0xbfe5)
core   0: >>>>  write_tohost
core   0: 0x000039e0 (0x00000f17) auipc   t5, 0x0
core   0: 3 0x000039e0 (0x00000f17) x30 0x000039e0
core   0: 0x000039e4 (0x123f2023) sw      gp, 288(t5)
core   0: 3 0x000039e4 (0x123f2023) mem 0x00003b00 0x00000001
core   0: >>>>  _exit
core   0: 0x000039e8 (0x0000bfe5) c.j     pc - 8
core   0: 3 0x000039e8 (0xbfe5)
core   0: >>>>  write_tohost
core   0: 0x000039e0 (0x00000f17) auipc   t5, 0x0
core   0: 3 0x000039e0 (0x00000f17) x30 0x000039e0
core   0: 0x000039e4 (0x123f2023) sw      gp, 288(t5)
core   0: 3 0x000039e4 (0x123f2023) mem 0x00003b00 0x00000001
core   0: >>>>  _exit
core   0: 0x000039e8 (0x0000bfe5) c.j     pc - 8
core   0: 3 0x000039e8 (0xbfe5)
core   0: >>>>  write_tohost
core   0: 0x000039e0 (0x00000f17) auipc   t5, 0x0
core   0: 3 0x000039e0 (0x00000f17) x30 0x000039e0
core   0: 0x000039e4 (0x123f2023) sw      gp, 288(t5)
core   0: 3 0x000039e4 (0x123f2023) mem 0x00003b00 0x00000001
core   0: >>>>  _exit
core   0: 0x000039e8 (0x0000bfe5) c.j     pc - 8
core   0: 3 0x000039e8 (0xbfe5)
core   0: >>>>  write_tohost
core   0: 0x000039e0 (0x00000f17) auipc   t5, 0x0
core   0: 3 0x000039e0 (0x00000f17) x30 0x000039e0
core   0: 0x000039e4 (0x123f2023) sw      gp, 288(t5)
core   0: 3 0x000039e4 (0x123f2023) mem 0x00003b00 0x00000001
core   0: >>>>  _exit
core   0: 0x000039e8 (0x0000bfe5) c.j     pc - 8
core   0: 3 0x000039e8 (0xbfe5)
core   0: >>>>  write_tohost
core   0: 0x000039e0 (0x00000f17) auipc   t5, 0x0
core   0: 3 0x000039e0 (0x00000f17) x30 0x000039e0
core   0: 0x000039e4 (0x123f2023) sw      gp, 288(t5)
core   0: 3 0x000039e4 (0x123f2023) mem 0x00003b00 0x00000001
core   0: >>>>  _exit
core   0: 0x000039e8 (0x0000bfe5) c.j     pc - 8
core   0: 3 0x000039e8 (0xbfe5)
core   0: >>>>  write_tohost
core   0: 0x000039e0 (0x00000f17) auipc   t5, 0x0
core   0: 3 0x000039e0 (0x00000f17) x30 0x000039e0
core   0: 0x000039e4 (0x123f2023) sw      gp, 288(t5)
core   0: 3 0x000039e4 (0x123f2023) mem 0x00003b00 0x00000001
core   0: >>>>  _exit
core   0: 0x000039e8 (0x0000bfe5) c.j     pc - 8
core   0: 3 0x000039e8 (0xbfe5)
core   0: >>>>  write_tohost
core   0: 0x000039e0 (0x00000f17) auipc   t5, 0x0
core   0: 3 0x000039e0 (0x00000f17) x30 0x000039e0
core   0: 0x000039e4 (0x123f2023) sw      gp, 288(t5)
core   0: 3 0x000039e4 (0x123f2023) mem 0x00003b00 0x00000001
core   0: >>>>  _exit
core   0: 0x000039e8 (0x0000bfe5) c.j     pc - 8
core   0: 3 0x000039e8 (0xbfe5)
core   0: >>>>  write_tohost
core   0: 0x000039e0 (0x00000f17) auipc   t5, 0x0
core   0: 3 0x000039e0 (0x00000f17) x30 0x000039e0
core   0: 0x000039e4 (0x123f2023) sw      gp, 288(t5)
core   0: 3 0x000039e4 (0x123f2023) mem 0x00003b00 0x00000001
core   0: >>>>  _exit
core   0: 0x000039e8 (0x0000bfe5) c.j     pc - 8
core   0: 3 0x000039e8 (0xbfe5)
core   0: >>>>  write_tohost
core   0: 0x000039e0 (0x00000f17) auipc   t5, 0x0
core   0: 3 0x000039e0 (0x00000f17) x30 0x000039e0
core   0: 0x000039e4 (0x123f2023) sw      gp, 288(t5)
core   0: 3 0x000039e4 (0x123f2023) mem 0x00003b00 0x00000001
core   0: >>>>  _exit
core   0: 0x000039e8 (0x0000bfe5) c.j     pc - 8
core   0: 3 0x000039e8 (0xbfe5)
core   0: >>>>  write_tohost
core   0: 0x000039e0 (0x00000f17) auipc   t5, 0x0
core   0: 3 0x000039e0 (0x00000f17) x30 0x000039e0
core   0: 0x000039e4 (0x123f2023) sw      gp, 288(t5)
core   0: 3 0x000039e4 (0x123f2023) mem 0x00003b00 0x00000001
core   0: >>>>  _exit
core   0: 0x000039e8 (0x0000bfe5) c.j     pc - 8
core   0: 3 0x000039e8 (0xbfe5)
core   0: >>>>  write_tohost
core   0: 0x000039e0 (0x00000f17) auipc   t5, 0x0
core   0: 3 0x000039e0 (0x00000f17) x30 0x000039e0
core   0: 0x000039e4 (0x123f2023) sw      gp, 288(t5)
core   0: 3 0x000039e4 (0x123f2023) mem 0x00003b00 0x00000001
core   0: >>>>  _exit
core   0: 0x000039e8 (0x0000bfe5) c.j     pc - 8
core   0: 3 0x000039e8 (0xbfe5)
core   0: >>>>  write_tohost
core   0: 0x000039e0 (0x00000f17) auipc   t5, 0x0
core   0: 3 0x000039e0 (0x00000f17) x30 0x000039e0
core   0: 0x000039e4 (0x123f2023) sw      gp, 288(t5)
core   0: 3 0x000039e4 (0x123f2023) mem 0x00003b00 0x00000001
core   0: >>>>  _exit
core   0: 0x000039e8 (0x0000bfe5) c.j     pc - 8
core   0: 3 0x000039e8 (0xbfe5)
core   0: >>>>  write_tohost
core   0: 0x000039e0 (0x00000f17) auipc   t5, 0x0
core   0: 3 0x000039e0 (0x00000f17) x30 0x000039e0
core   0: 0x000039e4 (0x123f2023) sw      gp, 288(t5)
core   0: 3 0x000039e4 (0x123f2023) mem 0x00003b00 0x00000001
core   0: >>>>  _exit
core   0: 0x000039e8 (0x0000bfe5) c.j     pc - 8
core   0: 3 0x000039e8 (0xbfe5)
core   0: >>>>  write_tohost
core   0: 0x000039e0 (0x00000f17) auipc   t5, 0x0
core   0: 3 0x000039e0 (0x00000f17) x30 0x000039e0
core   0: 0x000039e4 (0x123f2023) sw      gp, 288(t5)
core   0: 3 0x000039e4 (0x123f2023) mem 0x00003b00 0x00000001
core   0: >>>>  _exit
core   0: 0x000039e8 (0x0000bfe5) c.j     pc - 8
core   0: 3 0x000039e8 (0xbfe5)
core   0: >>>>  write_tohost
core   0: 0x000039e0 (0x00000f17) auipc   t5, 0x0
core   0: 3 0x000039e0 (0x00000f17) x30 0x000039e0
core   0: 0x000039e4 (0x123f2023) sw      gp, 288(t5)
core   0: 3 0x000039e4 (0x123f2023) mem 0x00003b00 0x00000001
core   0: >>>>  _exit
core   0: 0x000039e8 (0x0000bfe5) c.j     pc - 8
core   0: 3 0x000039e8 (0xbfe5)
core   0: >>>>  write_tohost
core   0: 0x000039e0 (0x00000f17) auipc   t5, 0x0
core   0: 3 0x000039e0 (0x00000f17) x30 0x000039e0
core   0: 0x000039e4 (0x123f2023) sw      gp, 288(t5)
core   0: 3 0x000039e4 (0x123f2023) mem 0x00003b00 0x00000001
core   0: >>>>  _exit
core   0: 0x000039e8 (0x0000bfe5) c.j     pc - 8
core   0: 3 0x000039e8 (0xbfe5)
core   0: >>>>  write_tohost
core   0: 0x000039e0 (0x00000f17) auipc   t5, 0x0
core   0: 3 0x000039e0 (0x00000f17) x30 0x000039e0
core   0: 0x000039e4 (0x123f2023) sw      gp, 288(t5)
core   0: 3 0x000039e4 (0x123f2023) mem 0x00003b00 0x00000001
core   0: >>>>  _exit
core   0: 0x000039e8 (0x0000bfe5) c.j     pc - 8
core   0: 3 0x000039e8 (0xbfe5)
core   0: >>>>  write_tohost
core   0: 0x000039e0 (0x00000f17) auipc   t5, 0x0
core   0: 3 0x000039e0 (0x00000f17) x30 0x000039e0
core   0: 0x000039e4 (0x123f2023) sw      gp, 288(t5)
core   0: 3 0x000039e4 (0x123f2023) mem 0x00003b00 0x00000001
core   0: >>>>  _exit
core   0: 0x000039e8 (0x0000bfe5) c.j     pc - 8
core   0: 3 0x000039e8 (0xbfe5)
core   0: >>>>  write_tohost
core   0: 0x000039e0 (0x00000f17) auipc   t5, 0x0
core   0: 3 0x000039e0 (0x00000f17) x30 0x000039e0
core   0: 0x000039e4 (0x123f2023) sw      gp, 288(t5)
core   0: 3 0x000039e4 (0x123f2023) mem 0x00003b00 0x00000001
core   0: >>>>  _exit
core   0: 0x000039e8 (0x0000bfe5) c.j     pc - 8
core   0: 3 0x000039e8 (0xbfe5)
core   0: >>>>  write_tohost
core   0: 0x000039e0 (0x00000f17) auipc   t5, 0x0
core   0: 3 0x000039e0 (0x00000f17) x30 0x000039e0
core   0: 0x000039e4 (0x123f2023) sw      gp, 288(t5)
core   0: 3 0x000039e4 (0x123f2023) mem 0x00003b00 0x00000001
core   0: >>>>  _exit
core   0: 0x000039e8 (0x0000bfe5) c.j     pc - 8
core   0: 3 0x000039e8 (0xbfe5)
core   0: >>>>  write_tohost
core   0: 0x000039e0 (0x00000f17) auipc   t5, 0x0
core   0: 3 0x000039e0 (0x00000f17) x30 0x000039e0
core   0: 0x000039e4 (0x123f2023) sw      gp, 288(t5)
core   0: 3 0x000039e4 (0x123f2023) mem 0x00003b00 0x00000001
core   0: >>>>  _exit
core   0: 0x000039e8 (0x0000bfe5) c.j     pc - 8
core   0: 3 0x000039e8 (0xbfe5)
core   0: >>>>  write_tohost
core   0: 0x000039e0 (0x00000f17) auipc   t5, 0x0
core   0: 3 0x000039e0 (0x00000f17) x30 0x000039e0
core   0: 0x000039e4 (0x123f2023) sw      gp, 288(t5)
core   0: 3 0x000039e4 (0x123f2023) mem 0x00003b00 0x00000001
core   0: >>>>  _exit
core   0: 0x000039e8 (0x0000bfe5) c.j     pc - 8
core   0: 3 0x000039e8 (0xbfe5)
core   0: >>>>  write_tohost
core   0: 0x000039e0 (0x00000f17) auipc   t5, 0x0
core   0: 3 0x000039e0 (0x00000f17) x30 0x000039e0
core   0: 0x000039e4 (0x123f2023) sw      gp, 288(t5)
core   0: 3 0x000039e4 (0x123f2023) mem 0x00003b00 0x00000001
core   0: >>>>  _exit
core   0: 0x000039e8 (0x0000bfe5) c.j     pc - 8
core   0: 3 0x000039e8 (0xbfe5)
core   0: >>>>  write_tohost
core   0: 0x000039e0 (0x00000f17) auipc   t5, 0x0
core   0: 3 0x000039e0 (0x00000f17) x30 0x000039e0
core   0: 0x000039e4 (0x123f2023) sw      gp, 288(t5)
core   0: 3 0x000039e4 (0x123f2023) mem 0x00003b00 0x00000001
core   0: >>>>  _exit
core   0: 0x000039e8 (0x0000bfe5) c.j     pc - 8
core   0: 3 0x000039e8 (0xbfe5)
core   0: >>>>  write_tohost
core   0: 0x000039e0 (0x00000f17) auipc   t5, 0x0
core   0: 3 0x000039e0 (0x00000f17) x30 0x000039e0
core   0: 0x000039e4 (0x123f2023) sw      gp, 288(t5)
core   0: 3 0x000039e4 (0x123f2023) mem 0x00003b00 0x00000001
core   0: >>>>  _exit
core   0: 0x000039e8 (0x0000bfe5) c.j     pc - 8
core   0: 3 0x000039e8 (0xbfe5)
core   0: >>>>  write_tohost
core   0: 0x000039e0 (0x00000f17) auipc   t5, 0x0
core   0: 3 0x000039e0 (0x00000f17) x30 0x000039e0
core   0: 0x000039e4 (0x123f2023) sw      gp, 288(t5)
core   0: 3 0x000039e4 (0x123f2023) mem 0x00003b00 0x00000001
core   0: >>>>  _exit
core   0: 0x000039e8 (0x0000bfe5) c.j     pc - 8
core   0: 3 0x000039e8 (0xbfe5)
core   0: >>>>  write_tohost
core   0: 0x000039e0 (0x00000f17) auipc   t5, 0x0
core   0: 3 0x000039e0 (0x00000f17) x30 0x000039e0
core   0: 0x000039e4 (0x123f2023) sw      gp, 288(t5)
core   0: 3 0x000039e4 (0x123f2023) mem 0x00003b00 0x00000001
core   0: >>>>  _exit
core   0: 0x000039e8 (0x0000bfe5) c.j     pc - 8
core   0: 3 0x000039e8 (0xbfe5)
core   0: >>>>  write_tohost
core   0: 0x000039e0 (0x00000f17) auipc   t5, 0x0
core   0: 3 0x000039e0 (0x00000f17) x30 0x000039e0
core   0: 0x000039e4 (0x123f2023) sw      gp, 288(t5)
core   0: 3 0x000039e4 (0x123f2023) mem 0x00003b00 0x00000001
core   0: >>>>  _exit
core   0: 0x000039e8 (0x0000bfe5) c.j     pc - 8
core   0: 3 0x000039e8 (0xbfe5)
core   0: >>>>  write_tohost
core   0: 0x000039e0 (0x00000f17) auipc   t5, 0x0
core   0: 3 0x000039e0 (0x00000f17) x30 0x000039e0
core   0: 0x000039e4 (0x123f2023) sw      gp, 288(t5)
core   0: 3 0x000039e4 (0x123f2023) mem 0x00003b00 0x00000001
core   0: >>>>  _exit
core   0: 0x000039e8 (0x0000bfe5) c.j     pc - 8
core   0: 3 0x000039e8 (0xbfe5)
core   0: >>>>  write_tohost
core   0: 0x000039e0 (0x00000f17) auipc   t5, 0x0
core   0: 3 0x000039e0 (0x00000f17) x30 0x000039e0
core   0: 0x000039e4 (0x123f2023) sw      gp, 288(t5)
core   0: 3 0x000039e4 (0x123f2023) mem 0x00003b00 0x00000001
core   0: >>>>  _exit
core   0: 0x000039e8 (0x0000bfe5) c.j     pc - 8
core   0: 3 0x000039e8 (0xbfe5)
core   0: >>>>  write_tohost
core   0: 0x000039e0 (0x00000f17) auipc   t5, 0x0
core   0: 3 0x000039e0 (0x00000f17) x30 0x000039e0
core   0: 0x000039e4 (0x123f2023) sw      gp, 288(t5)
core   0: 3 0x000039e4 (0x123f2023) mem 0x00003b00 0x00000001
core   0: >>>>  _exit
core   0: 0x000039e8 (0x0000bfe5) c.j     pc - 8
core   0: 3 0x000039e8 (0xbfe5)
core   0: >>>>  write_tohost
core   0: 0x000039e0 (0x00000f17) auipc   t5, 0x0
core   0: 3 0x000039e0 (0x00000f17) x30 0x000039e0
core   0: 0x000039e4 (0x123f2023) sw      gp, 288(t5)
core   0: 3 0x000039e4 (0x123f2023) mem 0x00003b00 0x00000001
core   0: >>>>  _exit
core   0: 0x000039e8 (0x0000bfe5) c.j     pc - 8
core   0: 3 0x000039e8 (0xbfe5)
core   0: >>>>  write_tohost
core   0: 0x000039e0 (0x00000f17) auipc   t5, 0x0
core   0: 3 0x000039e0 (0x00000f17) x30 0x000039e0
core   0: 0x000039e4 (0x123f2023) sw      gp, 288(t5)
core   0: 3 0x000039e4 (0x123f2023) mem 0x00003b00 0x00000001
core   0: >>>>  _exit
core   0: 0x000039e8 (0x0000bfe5) c.j     pc - 8
core   0: 3 0x000039e8 (0xbfe5)
core   0: >>>>  write_tohost
core   0: 0x000039e0 (0x00000f17) auipc   t5, 0x0
core   0: 3 0x000039e0 (0x00000f17) x30 0x000039e0
core   0: 0x000039e4 (0x123f2023) sw      gp, 288(t5)
core   0: 3 0x000039e4 (0x123f2023) mem 0x00003b00 0x00000001
core   0: >>>>  _exit
core   0: 0x000039e8 (0x0000bfe5) c.j     pc - 8
core   0: 3 0x000039e8 (0xbfe5)
core   0: >>>>  write_tohost
core   0: 0x000039e0 (0x00000f17) auipc   t5, 0x0
core   0: 3 0x000039e0 (0x00000f17) x30 0x000039e0
core   0: 0x000039e4 (0x123f2023) sw      gp, 288(t5)
core   0: 3 0x000039e4 (0x123f2023) mem 0x00003b00 0x00000001
core   0: >>>>  _exit
core   0: 0x000039e8 (0x0000bfe5) c.j     pc - 8
core   0: 3 0x000039e8 (0xbfe5)
core   0: >>>>  write_tohost
core   0: 0x000039e0 (0x00000f17) auipc   t5, 0x0
core   0: 3 0x000039e0 (0x00000f17) x30 0x000039e0
core   0: 0x000039e4 (0x123f2023) sw      gp, 288(t5)
core   0: 3 0x000039e4 (0x123f2023) mem 0x00003b00 0x00000001
core   0: >>>>  _exit
core   0: 0x000039e8 (0x0000bfe5) c.j     pc - 8
core   0: 3 0x000039e8 (0xbfe5)
core   0: >>>>  write_tohost
core   0: 0x000039e0 (0x00000f17) auipc   t5, 0x0
core   0: 3 0x000039e0 (0x00000f17) x30 0x000039e0
core   0: 0x000039e4 (0x123f2023) sw      gp, 288(t5)
core   0: 3 0x000039e4 (0x123f2023) mem 0x00003b00 0x00000001
core   0: >>>>  _exit
core   0: 0x000039e8 (0x0000bfe5) c.j     pc - 8
core   0: 3 0x000039e8 (0xbfe5)
core   0: >>>>  write_tohost
core   0: 0x000039e0 (0x00000f17) auipc   t5, 0x0
core   0: 3 0x000039e0 (0x00000f17) x30 0x000039e0
core   0: 0x000039e4 (0x123f2023) sw      gp, 288(t5)
core   0: 3 0x000039e4 (0x123f2023) mem 0x00003b00 0x00000001
core   0: >>>>  _exit
core   0: 0x000039e8 (0x0000bfe5) c.j     pc - 8
core   0: 3 0x000039e8 (0xbfe5)
core   0: >>>>  write_tohost
core   0: 0x000039e0 (0x00000f17) auipc   t5, 0x0
core   0: 3 0x000039e0 (0x00000f17) x30 0x000039e0
core   0: 0x000039e4 (0x123f2023) sw      gp, 288(t5)
core   0: 3 0x000039e4 (0x123f2023) mem 0x00003b00 0x00000001
core   0: >>>>  _exit
core   0: 0x000039e8 (0x0000bfe5) c.j     pc - 8
core   0: 3 0x000039e8 (0xbfe5)
core   0: >>>>  write_tohost
core   0: 0x000039e0 (0x00000f17) auipc   t5, 0x0
core   0: 3 0x000039e0 (0x00000f17) x30 0x000039e0
core   0: 0x000039e4 (0x123f2023) sw      gp, 288(t5)
core   0: 3 0x000039e4 (0x123f2023) mem 0x00003b00 0x00000001
core   0: >>>>  _exit
core   0: 0x000039e8 (0x0000bfe5) c.j     pc - 8
core   0: 3 0x000039e8 (0xbfe5)
core   0: >>>>  write_tohost
core   0: 0x000039e0 (0x00000f17) auipc   t5, 0x0
core   0: 3 0x000039e0 (0x00000f17) x30 0x000039e0
core   0: 0x000039e4 (0x123f2023) sw      gp, 288(t5)
core   0: 3 0x000039e4 (0x123f2023) mem 0x00003b00 0x00000001
core   0: >>>>  _exit
core   0: 0x000039e8 (0x0000bfe5) c.j     pc - 8
core   0: 3 0x000039e8 (0xbfe5)
core   0: >>>>  write_tohost
core   0: 0x000039e0 (0x00000f17) auipc   t5, 0x0
core   0: 3 0x000039e0 (0x00000f17) x30 0x000039e0
core   0: 0x000039e4 (0x123f2023) sw      gp, 288(t5)
core   0: 3 0x000039e4 (0x123f2023) mem 0x00003b00 0x00000001
core   0: >>>>  _exit
core   0: 0x000039e8 (0x0000bfe5) c.j     pc - 8
core   0: 3 0x000039e8 (0xbfe5)
core   0: >>>>  write_tohost
core   0: 0x000039e0 (0x00000f17) auipc   t5, 0x0
core   0: 3 0x000039e0 (0x00000f17) x30 0x000039e0
core   0: 0x000039e4 (0x123f2023) sw      gp, 288(t5)
core   0: 3 0x000039e4 (0x123f2023) mem 0x00003b00 0x00000001
core   0: >>>>  _exit
core   0: 0x000039e8 (0x0000bfe5) c.j     pc - 8
core   0: 3 0x000039e8 (0xbfe5)
core   0: >>>>  write_tohost
core   0: 0x000039e0 (0x00000f17) auipc   t5, 0x0
core   0: 3 0x000039e0 (0x00000f17) x30 0x000039e0
core   0: 0x000039e4 (0x123f2023) sw      gp, 288(t5)
core   0: 3 0x000039e4 (0x123f2023) mem 0x00003b00 0x00000001
core   0: >>>>  _exit
core   0: 0x000039e8 (0x0000bfe5) c.j     pc - 8
core   0: 3 0x000039e8 (0xbfe5)
core   0: >>>>  write_tohost
core   0: 0x000039e0 (0x00000f17) auipc   t5, 0x0
core   0: 3 0x000039e0 (0x00000f17) x30 0x000039e0
core   0: 0x000039e4 (0x123f2023) sw      gp, 288(t5)
core   0: 3 0x000039e4 (0x123f2023) mem 0x00003b00 0x00000001
core   0: >>>>  _exit
core   0: 0x000039e8 (0x0000bfe5) c.j     pc - 8
core   0: 3 0x000039e8 (0xbfe5)
core   0: >>>>  write_tohost
core   0: 0x000039e0 (0x00000f17) auipc   t5, 0x0
core   0: 3 0x000039e0 (0x00000f17) x30 0x000039e0
core   0: 0x000039e4 (0x123f2023) sw      gp, 288(t5)
core   0: 3 0x000039e4 (0x123f2023) mem 0x00003b00 0x00000001
core   0: >>>>  _exit
core   0: 0x000039e8 (0x0000bfe5) c.j     pc - 8
core   0: 3 0x000039e8 (0xbfe5)
core   0: >>>>  write_tohost
core   0: 0x000039e0 (0x00000f17) auipc   t5, 0x0
core   0: 3 0x000039e0 (0x00000f17) x30 0x000039e0
core   0: 0x000039e4 (0x123f2023) sw      gp, 288(t5)
core   0: 3 0x000039e4 (0x123f2023) mem 0x00003b00 0x00000001
core   0: >>>>  _exit
core   0: 0x000039e8 (0x0000bfe5) c.j     pc - 8
core   0: 3 0x000039e8 (0xbfe5)
core   0: >>>>  write_tohost
core   0: 0x000039e0 (0x00000f17) auipc   t5, 0x0
core   0: 3 0x000039e0 (0x00000f17) x30 0x000039e0
core   0: 0x000039e4 (0x123f2023) sw      gp, 288(t5)
core   0: 3 0x000039e4 (0x123f2023) mem 0x00003b00 0x00000001
core   0: >>>>  _exit
core   0: 0x000039e8 (0x0000bfe5) c.j     pc - 8
core   0: 3 0x000039e8 (0xbfe5)
core   0: >>>>  write_tohost
core   0: 0x000039e0 (0x00000f17) auipc   t5, 0x0
core   0: 3 0x000039e0 (0x00000f17) x30 0x000039e0
core   0: 0x000039e4 (0x123f2023) sw      gp, 288(t5)
core   0: 3 0x000039e4 (0x123f2023) mem 0x00003b00 0x00000001
core   0: >>>>  _exit
core   0: 0x000039e8 (0x0000bfe5) c.j     pc - 8
core   0: 3 0x000039e8 (0xbfe5)
core   0: >>>>  write_tohost
core   0: 0x000039e0 (0x00000f17) auipc   t5, 0x0
core   0: 3 0x000039e0 (0x00000f17) x30 0x000039e0
core   0: 0x000039e4 (0x123f2023) sw      gp, 288(t5)
core   0: 3 0x000039e4 (0x123f2023) mem 0x00003b00 0x00000001
core   0: >>>>  _exit
core   0: 0x000039e8 (0x0000bfe5) c.j     pc - 8
core   0: 3 0x000039e8 (0xbfe5)
core   0: >>>>  write_tohost
core   0: 0x000039e0 (0x00000f17) auipc   t5, 0x0
core   0: 3 0x000039e0 (0x00000f17) x30 0x000039e0
core   0: 0x000039e4 (0x123f2023) sw      gp, 288(t5)
core   0: 3 0x000039e4 (0x123f2023) mem 0x00003b00 0x00000001
core   0: >>>>  _exit
core   0: 0x000039e8 (0x0000bfe5) c.j     pc - 8
core   0: 3 0x000039e8 (0xbfe5)
core   0: >>>>  write_tohost
core   0: 0x000039e0 (0x00000f17) auipc   t5, 0x0
core   0: 3 0x000039e0 (0x00000f17) x30 0x000039e0
core   0: 0x000039e4 (0x123f2023) sw      gp, 288(t5)
core   0: 3 0x000039e4 (0x123f2023) mem 0x00003b00 0x00000001
core   0: >>>>  _exit
core   0: 0x000039e8 (0x0000bfe5) c.j     pc - 8
core   0: 3 0x000039e8 (0xbfe5)
core   0: >>>>  write_tohost
core   0: 0x000039e0 (0x00000f17) auipc   t5, 0x0
core   0: 3 0x000039e0 (0x00000f17) x30 0x000039e0
core   0: 0x000039e4 (0x123f2023) sw      gp, 288(t5)
core   0: 3 0x000039e4 (0x123f2023) mem 0x00003b00 0x00000001
core   0: >>>>  _exit
core   0: 0x000039e8 (0x0000bfe5) c.j     pc - 8
core   0: 3 0x000039e8 (0xbfe5)
core   0: >>>>  write_tohost
core   0: 0x000039e0 (0x00000f17) auipc   t5, 0x0
core   0: 3 0x000039e0 (0x00000f17) x30 0x000039e0
core   0: 0x000039e4 (0x123f2023) sw      gp, 288(t5)
core   0: 3 0x000039e4 (0x123f2023) mem 0x00003b00 0x00000001
core   0: >>>>  _exit
core   0: 0x000039e8 (0x0000bfe5) c.j     pc - 8
core   0: 3 0x000039e8 (0xbfe5)
core   0: >>>>  write_tohost
core   0: 0x000039e0 (0x00000f17) auipc   t5, 0x0
core   0: 3 0x000039e0 (0x00000f17) x30 0x000039e0
core   0: 0x000039e4 (0x123f2023) sw      gp, 288(t5)
core   0: 3 0x000039e4 (0x123f2023) mem 0x00003b00 0x00000001
core   0: >>>>  _exit
core   0: 0x000039e8 (0x0000bfe5) c.j     pc - 8
core   0: 3 0x000039e8 (0xbfe5)
core   0: >>>>  write_tohost
core   0: 0x000039e0 (0x00000f17) auipc   t5, 0x0
core   0: 3 0x000039e0 (0x00000f17) x30 0x000039e0
core   0: 0x000039e4 (0x123f2023) sw      gp, 288(t5)
core   0: 3 0x000039e4 (0x123f2023) mem 0x00003b00 0x00000001
core   0: >>>>  _exit
core   0: 0x000039e8 (0x0000bfe5) c.j     pc - 8
core   0: 3 0x000039e8 (0xbfe5)
core   0: >>>>  write_tohost
core   0: 0x000039e0 (0x00000f17) auipc   t5, 0x0
core   0: 3 0x000039e0 (0x00000f17) x30 0x000039e0
core   0: 0x000039e4 (0x123f2023) sw      gp, 288(t5)
core   0: 3 0x000039e4 (0x123f2023) mem 0x00003b00 0x00000001
core   0: >>>>  _exit
core   0: 0x000039e8 (0x0000bfe5) c.j     pc - 8
core   0: 3 0x000039e8 (0xbfe5)
core   0: >>>>  write_tohost
core   0: 0x000039e0 (0x00000f17) auipc   t5, 0x0
core   0: 3 0x000039e0 (0x00000f17) x30 0x000039e0
core   0: 0x000039e4 (0x123f2023) sw      gp, 288(t5)
core   0: 3 0x000039e4 (0x123f2023) mem 0x00003b00 0x00000001
core   0: >>>>  _exit
core   0: 0x000039e8 (0x0000bfe5) c.j     pc - 8
core   0: 3 0x000039e8 (0xbfe5)
core   0: >>>>  write_tohost
core   0: 0x000039e0 (0x00000f17) auipc   t5, 0x0
core   0: 3 0x000039e0 (0x00000f17) x30 0x000039e0
core   0: 0x000039e4 (0x123f2023) sw      gp, 288(t5)
core   0: 3 0x000039e4 (0x123f2023) mem 0x00003b00 0x00000001
core   0: >>>>  _exit
core   0: 0x000039e8 (0x0000bfe5) c.j     pc - 8
core   0: 3 0x000039e8 (0xbfe5)
core   0: >>>>  write_tohost
core   0: 0x000039e0 (0x00000f17) auipc   t5, 0x0
core   0: 3 0x000039e0 (0x00000f17) x30 0x000039e0
core   0: 0x000039e4 (0x123f2023) sw      gp, 288(t5)
core   0: 3 0x000039e4 (0x123f2023) mem 0x00003b00 0x00000001
core   0: >>>>  _exit
core   0: 0x000039e8 (0x0000bfe5) c.j     pc - 8
core   0: 3 0x000039e8 (0xbfe5)
core   0: >>>>  write_tohost
core   0: 0x000039e0 (0x00000f17) auipc   t5, 0x0
core   0: 3 0x000039e0 (0x00000f17) x30 0x000039e0
core   0: 0x000039e4 (0x123f2023) sw      gp, 288(t5)
core   0: 3 0x000039e4 (0x123f2023) mem 0x00003b00 0x00000001
core   0: >>>>  _exit
core   0: 0x000039e8 (0x0000bfe5) c.j     pc - 8
core   0: 3 0x000039e8 (0xbfe5)
core   0: >>>>  write_tohost
core   0: 0x000039e0 (0x00000f17) auipc   t5, 0x0
core   0: 3 0x000039e0 (0x00000f17) x30 0x000039e0
core   0: 0x000039e4 (0x123f2023) sw      gp, 288(t5)
core   0: 3 0x000039e4 (0x123f2023) mem 0x00003b00 0x00000001
core   0: >>>>  _exit
core   0: 0x000039e8 (0x0000bfe5) c.j     pc - 8
core   0: 3 0x000039e8 (0xbfe5)
core   0: >>>>  write_tohost
core   0: 0x000039e0 (0x00000f17) auipc   t5, 0x0
core   0: 3 0x000039e0 (0x00000f17) x30 0x000039e0
core   0: 0x000039e4 (0x123f2023) sw      gp, 288(t5)
core   0: 3 0x000039e4 (0x123f2023) mem 0x00003b00 0x00000001
core   0: >>>>  _exit
core   0: 0x000039e8 (0x0000bfe5) c.j     pc - 8
core   0: 3 0x000039e8 (0xbfe5)
core   0: >>>>  write_tohost
core   0: 0x000039e0 (0x00000f17) auipc   t5, 0x0
core   0: 3 0x000039e0 (0x00000f17) x30 0x000039e0
core   0: 0x000039e4 (0x123f2023) sw      gp, 288(t5)
core   0: 3 0x000039e4 (0x123f2023) mem 0x00003b00 0x00000001
core   0: >>>>  _exit
core   0: 0x000039e8 (0x0000bfe5) c.j     pc - 8
core   0: 3 0x000039e8 (0xbfe5)
core   0: >>>>  write_tohost
core   0: 0x000039e0 (0x00000f17) auipc   t5, 0x0
core   0: 3 0x000039e0 (0x00000f17) x30 0x000039e0
core   0: 0x000039e4 (0x123f2023) sw      gp, 288(t5)
core   0: 3 0x000039e4 (0x123f2023) mem 0x00003b00 0x00000001
core   0: >>>>  _exit
core   0: 0x000039e8 (0x0000bfe5) c.j     pc - 8
core   0: 3 0x000039e8 (0xbfe5)
core   0: >>>>  write_tohost
core   0: 0x000039e0 (0x00000f17) auipc   t5, 0x0
core   0: 3 0x000039e0 (0x00000f17) x30 0x000039e0
core   0: 0x000039e4 (0x123f2023) sw      gp, 288(t5)
core   0: 3 0x000039e4 (0x123f2023) mem 0x00003b00 0x00000001
core   0: >>>>  _exit
core   0: 0x000039e8 (0x0000bfe5) c.j     pc - 8
core   0: 3 0x000039e8 (0xbfe5)
core   0: >>>>  write_tohost
core   0: 0x000039e0 (0x00000f17) auipc   t5, 0x0
core   0: 3 0x000039e0 (0x00000f17) x30 0x000039e0
core   0: 0x000039e4 (0x123f2023) sw      gp, 288(t5)
core   0: 3 0x000039e4 (0x123f2023) mem 0x00003b00 0x00000001
core   0: >>>>  _exit
core   0: 0x000039e8 (0x0000bfe5) c.j     pc - 8
core   0: 3 0x000039e8 (0xbfe5)
core   0: >>>>  write_tohost
core   0: 0x000039e0 (0x00000f17) auipc   t5, 0x0
core   0: 3 0x000039e0 (0x00000f17) x30 0x000039e0
core   0: 0x000039e4 (0x123f2023) sw      gp, 288(t5)
core   0: 3 0x000039e4 (0x123f2023) mem 0x00003b00 0x00000001
core   0: >>>>  _exit
core   0: 0x000039e8 (0x0000bfe5) c.j     pc - 8
core   0: 3 0x000039e8 (0xbfe5)
core   0: >>>>  write_tohost
core   0: 0x000039e0 (0x00000f17) auipc   t5, 0x0
core   0: 3 0x000039e0 (0x00000f17) x30 0x000039e0
core   0: 0x000039e4 (0x123f2023) sw      gp, 288(t5)
core   0: 3 0x000039e4 (0x123f2023) mem 0x00003b00 0x00000001
core   0: >>>>  _exit
core   0: 0x000039e8 (0x0000bfe5) c.j     pc - 8
core   0: 3 0x000039e8 (0xbfe5)
core   0: >>>>  write_tohost
core   0: 0x000039e0 (0x00000f17) auipc   t5, 0x0
core   0: 3 0x000039e0 (0x00000f17) x30 0x000039e0
core   0: 0x000039e4 (0x123f2023) sw      gp, 288(t5)
core   0: 3 0x000039e4 (0x123f2023) mem 0x00003b00 0x00000001
core   0: >>>>  _exit
core   0: 0x000039e8 (0x0000bfe5) c.j     pc - 8
core   0: 3 0x000039e8 (0xbfe5)
core   0: >>>>  write_tohost
core   0: 0x000039e0 (0x00000f17) auipc   t5, 0x0
core   0: 3 0x000039e0 (0x00000f17) x30 0x000039e0
core   0: 0x000039e4 (0x123f2023) sw      gp, 288(t5)
core   0: 3 0x000039e4 (0x123f2023) mem 0x00003b00 0x00000001
core   0: >>>>  _exit
core   0: 0x000039e8 (0x0000bfe5) c.j     pc - 8
core   0: 3 0x000039e8 (0xbfe5)
core   0: >>>>  write_tohost
core   0: 0x000039e0 (0x00000f17) auipc   t5, 0x0
core   0: 3 0x000039e0 (0x00000f17) x30 0x000039e0
core   0: 0x000039e4 (0x123f2023) sw      gp, 288(t5)
core   0: 3 0x000039e4 (0x123f2023) mem 0x00003b00 0x00000001
core   0: >>>>  _exit
core   0: 0x000039e8 (0x0000bfe5) c.j     pc - 8
core   0: 3 0x000039e8 (0xbfe5)
core   0: >>>>  write_tohost
core   0: 0x000039e0 (0x00000f17) auipc   t5, 0x0
core   0: 3 0x000039e0 (0x00000f17) x30 0x000039e0
core   0: 0x000039e4 (0x123f2023) sw      gp, 288(t5)
core   0: 3 0x000039e4 (0x123f2023) mem 0x00003b00 0x00000001
core   0: >>>>  _exit
core   0: 0x000039e8 (0x0000bfe5) c.j     pc - 8
core   0: 3 0x000039e8 (0xbfe5)
core   0: >>>>  write_tohost
core   0: 0x000039e0 (0x00000f17) auipc   t5, 0x0
core   0: 3 0x000039e0 (0x00000f17) x30 0x000039e0
core   0: 0x000039e4 (0x123f2023) sw      gp, 288(t5)
core   0: 3 0x000039e4 (0x123f2023) mem 0x00003b00 0x00000001
core   0: >>>>  _exit
core   0: 0x000039e8 (0x0000bfe5) c.j     pc - 8
core   0: 3 0x000039e8 (0xbfe5)
core   0: >>>>  write_tohost
core   0: 0x000039e0 (0x00000f17) auipc   t5, 0x0
core   0: 3 0x000039e0 (0x00000f17) x30 0x000039e0
core   0: 0x000039e4 (0x123f2023) sw      gp, 288(t5)
core   0: 3 0x000039e4 (0x123f2023) mem 0x00003b00 0x00000001
core   0: >>>>  _exit
core   0: 0x000039e8 (0x0000bfe5) c.j     pc - 8
core   0: 3 0x000039e8 (0xbfe5)
core   0: >>>>  write_tohost
core   0: 0x000039e0 (0x00000f17) auipc   t5, 0x0
core   0: 3 0x000039e0 (0x00000f17) x30 0x000039e0
core   0: 0x000039e4 (0x123f2023) sw      gp, 288(t5)
core   0: 3 0x000039e4 (0x123f2023) mem 0x00003b00 0x00000001
core   0: >>>>  _exit
core   0: 0x000039e8 (0x0000bfe5) c.j     pc - 8
core   0: 3 0x000039e8 (0xbfe5)
core   0: >>>>  write_tohost
core   0: 0x000039e0 (0x00000f17) auipc   t5, 0x0
core   0: 3 0x000039e0 (0x00000f17) x30 0x000039e0
core   0: 0x000039e4 (0x123f2023) sw      gp, 288(t5)
core   0: 3 0x000039e4 (0x123f2023) mem 0x00003b00 0x00000001
core   0: >>>>  _exit
core   0: 0x000039e8 (0x0000bfe5) c.j     pc - 8
core   0: 3 0x000039e8 (0xbfe5)
core   0: >>>>  write_tohost
core   0: 0x000039e0 (0x00000f17) auipc   t5, 0x0
core   0: 3 0x000039e0 (0x00000f17) x30 0x000039e0
core   0: 0x000039e4 (0x123f2023) sw      gp, 288(t5)
core   0: 3 0x000039e4 (0x123f2023) mem 0x00003b00 0x00000001
core   0: >>>>  _exit
core   0: 0x000039e8 (0x0000bfe5) c.j     pc - 8
core   0: 3 0x000039e8 (0xbfe5)
core   0: >>>>  write_tohost
core   0: 0x000039e0 (0x00000f17) auipc   t5, 0x0
core   0: 3 0x000039e0 (0x00000f17) x30 0x000039e0
core   0: 0x000039e4 (0x123f2023) sw      gp, 288(t5)
core   0: 3 0x000039e4 (0x123f2023) mem 0x00003b00 0x00000001
core   0: >>>>  _exit
core   0: 0x000039e8 (0x0000bfe5) c.j     pc - 8
core   0: 3 0x000039e8 (0xbfe5)
core   0: >>>>  write_tohost
core   0: 0x000039e0 (0x00000f17) auipc   t5, 0x0
core   0: 3 0x000039e0 (0x00000f17) x30 0x000039e0
core   0: 0x000039e4 (0x123f2023) sw      gp, 288(t5)
core   0: 3 0x000039e4 (0x123f2023) mem 0x00003b00 0x00000001
core   0: >>>>  _exit
core   0: 0x000039e8 (0x0000bfe5) c.j     pc - 8
core   0: 3 0x000039e8 (0xbfe5)
core   0: >>>>  write_tohost
core   0: 0x000039e0 (0x00000f17) auipc   t5, 0x0
core   0: 3 0x000039e0 (0x00000f17) x30 0x000039e0
core   0: 0x000039e4 (0x123f2023) sw      gp, 288(t5)
core   0: 3 0x000039e4 (0x123f2023) mem 0x00003b00 0x00000001
core   0: >>>>  _exit
core   0: 0x000039e8 (0x0000bfe5) c.j     pc - 8
core   0: 3 0x000039e8 (0xbfe5)
core   0: >>>>  write_tohost
core   0: 0x000039e0 (0x00000f17) auipc   t5, 0x0
core   0: 3 0x000039e0 (0x00000f17) x30 0x000039e0
core   0: 0x000039e4 (0x123f2023) sw      gp, 288(t5)
core   0: 3 0x000039e4 (0x123f2023) mem 0x00003b00 0x00000001
core   0: >>>>  _exit
core   0: 0x000039e8 (0x0000bfe5) c.j     pc - 8
core   0: 3 0x000039e8 (0xbfe5)
core   0: >>>>  write_tohost
core   0: 0x000039e0 (0x00000f17) auipc   t5, 0x0
core   0: 3 0x000039e0 (0x00000f17) x30 0x000039e0
core   0: 0x000039e4 (0x123f2023) sw      gp, 288(t5)
core   0: 3 0x000039e4 (0x123f2023) mem 0x00003b00 0x00000001
core   0: >>>>  _exit
core   0: 0x000039e8 (0x0000bfe5) c.j     pc - 8
core   0: 3 0x000039e8 (0xbfe5)
core   0: >>>>  write_tohost
core   0: 0x000039e0 (0x00000f17) auipc   t5, 0x0
core   0: 3 0x000039e0 (0x00000f17) x30 0x000039e0
core   0: 0x000039e4 (0x123f2023) sw      gp, 288(t5)
core   0: 3 0x000039e4 (0x123f2023) mem 0x00003b00 0x00000001
core   0: >>>>  _exit
core   0: 0x000039e8 (0x0000bfe5) c.j     pc - 8
core   0: 3 0x000039e8 (0xbfe5)
core   0: >>>>  write_tohost
core   0: 0x000039e0 (0x00000f17) auipc   t5, 0x0
core   0: 3 0x000039e0 (0x00000f17) x30 0x000039e0
core   0: 0x000039e4 (0x123f2023) sw      gp, 288(t5)
core   0: 3 0x000039e4 (0x123f2023) mem 0x00003b00 0x00000001
core   0: >>>>  _exit
core   0: 0x000039e8 (0x0000bfe5) c.j     pc - 8
core   0: 3 0x000039e8 (0xbfe5)
core   0: >>>>  write_tohost
core   0: 0x000039e0 (0x00000f17) auipc   t5, 0x0
core   0: 3 0x000039e0 (0x00000f17) x30 0x000039e0
core   0: 0x000039e4 (0x123f2023) sw      gp, 288(t5)
core   0: 3 0x000039e4 (0x123f2023) mem 0x00003b00 0x00000001
core   0: >>>>  _exit
core   0: 0x000039e8 (0x0000bfe5) c.j     pc - 8
core   0: 3 0x000039e8 (0xbfe5)
core   0: >>>>  write_tohost
core   0: 0x000039e0 (0x00000f17) auipc   t5, 0x0
core   0: 3 0x000039e0 (0x00000f17) x30 0x000039e0
core   0: 0x000039e4 (0x123f2023) sw      gp, 288(t5)
core   0: 3 0x000039e4 (0x123f2023) mem 0x00003b00 0x00000001
core   0: >>>>  _exit
core   0: 0x000039e8 (0x0000bfe5) c.j     pc - 8
core   0: 3 0x000039e8 (0xbfe5)
core   0: >>>>  write_tohost
core   0: 0x000039e0 (0x00000f17) auipc   t5, 0x0
core   0: 3 0x000039e0 (0x00000f17) x30 0x000039e0
core   0: 0x000039e4 (0x123f2023) sw      gp, 288(t5)
core   0: 3 0x000039e4 (0x123f2023) mem 0x00003b00 0x00000001
core   0: >>>>  _exit
core   0: 0x000039e8 (0x0000bfe5) c.j     pc - 8
core   0: 3 0x000039e8 (0xbfe5)
core   0: >>>>  write_tohost
core   0: 0x000039e0 (0x00000f17) auipc   t5, 0x0
core   0: 3 0x000039e0 (0x00000f17) x30 0x000039e0
core   0: 0x000039e4 (0x123f2023) sw      gp, 288(t5)
core   0: 3 0x000039e4 (0x123f2023) mem 0x00003b00 0x00000001
core   0: >>>>  _exit
core   0: 0x000039e8 (0x0000bfe5) c.j     pc - 8
core   0: 3 0x000039e8 (0xbfe5)
core   0: >>>>  write_tohost
core   0: 0x000039e0 (0x00000f17) auipc   t5, 0x0
core   0: 3 0x000039e0 (0x00000f17) x30 0x000039e0
core   0: 0x000039e4 (0x123f2023) sw      gp, 288(t5)
core   0: 3 0x000039e4 (0x123f2023) mem 0x00003b00 0x00000001
core   0: >>>>  _exit
core   0: 0x000039e8 (0x0000bfe5) c.j     pc - 8
core   0: 3 0x000039e8 (0xbfe5)
core   0: >>>>  write_tohost
core   0: 0x000039e0 (0x00000f17) auipc   t5, 0x0
core   0: 3 0x000039e0 (0x00000f17) x30 0x000039e0
core   0: 0x000039e4 (0x123f2023) sw      gp, 288(t5)
core   0: 3 0x000039e4 (0x123f2023) mem 0x00003b00 0x00000001
core   0: >>>>  _exit
core   0: 0x000039e8 (0x0000bfe5) c.j     pc - 8
core   0: 3 0x000039e8 (0xbfe5)
core   0: >>>>  write_tohost
core   0: 0x000039e0 (0x00000f17) auipc   t5, 0x0
core   0: 3 0x000039e0 (0x00000f17) x30 0x000039e0
core   0: 0x000039e4 (0x123f2023) sw      gp, 288(t5)
core   0: 3 0x000039e4 (0x123f2023) mem 0x00003b00 0x00000001
core   0: >>>>  _exit
core   0: 0x000039e8 (0x0000bfe5) c.j     pc - 8
core   0: 3 0x000039e8 (0xbfe5)
core   0: >>>>  write_tohost
core   0: 0x000039e0 (0x00000f17) auipc   t5, 0x0
core   0: 3 0x000039e0 (0x00000f17) x30 0x000039e0
core   0: 0x000039e4 (0x123f2023) sw      gp, 288(t5)
core   0: 3 0x000039e4 (0x123f2023) mem 0x00003b00 0x00000001
core   0: >>>>  _exit
core   0: 0x000039e8 (0x0000bfe5) c.j     pc - 8
core   0: 3 0x000039e8 (0xbfe5)
core   0: >>>>  write_tohost
core   0: 0x000039e0 (0x00000f17) auipc   t5, 0x0
core   0: 3 0x000039e0 (0x00000f17) x30 0x000039e0
core   0: 0x000039e4 (0x123f2023) sw      gp, 288(t5)
core   0: 3 0x000039e4 (0x123f2023) mem 0x00003b00 0x00000001
core   0: >>>>  _exit
core   0: 0x000039e8 (0x0000bfe5) c.j     pc - 8
core   0: 3 0x000039e8 (0xbfe5)
core   0: >>>>  write_tohost
core   0: 0x000039e0 (0x00000f17) auipc   t5, 0x0
core   0: 3 0x000039e0 (0x00000f17) x30 0x000039e0
core   0: 0x000039e4 (0x123f2023) sw      gp, 288(t5)
core   0: 3 0x000039e4 (0x123f2023) mem 0x00003b00 0x00000001
core   0: >>>>  _exit
core   0: 0x000039e8 (0x0000bfe5) c.j     pc - 8
core   0: 3 0x000039e8 (0xbfe5)
core   0: >>>>  write_tohost
core   0: 0x000039e0 (0x00000f17) auipc   t5, 0x0
core   0: 3 0x000039e0 (0x00000f17) x30 0x000039e0
core   0: 0x000039e4 (0x123f2023) sw      gp, 288(t5)
core   0: 3 0x000039e4 (0x123f2023) mem 0x00003b00 0x00000001
core   0: >>>>  _exit
core   0: 0x000039e8 (0x0000bfe5) c.j     pc - 8
core   0: 3 0x000039e8 (0xbfe5)
core   0: >>>>  write_tohost
core   0: 0x000039e0 (0x00000f17) auipc   t5, 0x0
core   0: 3 0x000039e0 (0x00000f17) x30 0x000039e0
core   0: 0x000039e4 (0x123f2023) sw      gp, 288(t5)
core   0: 3 0x000039e4 (0x123f2023) mem 0x00003b00 0x00000001
core   0: >>>>  _exit
core   0: 0x000039e8 (0x0000bfe5) c.j     pc - 8
core   0: 3 0x000039e8 (0xbfe5)
core   0: >>>>  write_tohost
core   0: 0x000039e0 (0x00000f17) auipc   t5, 0x0
core   0: 3 0x000039e0 (0x00000f17) x30 0x000039e0
core   0: 0x000039e4 (0x123f2023) sw      gp, 288(t5)
core   0: 3 0x000039e4 (0x123f2023) mem 0x00003b00 0x00000001
core   0: >>>>  _exit
core   0: 0x000039e8 (0x0000bfe5) c.j     pc - 8
core   0: 3 0x000039e8 (0xbfe5)
core   0: >>>>  write_tohost
core   0: 0x000039e0 (0x00000f17) auipc   t5, 0x0
core   0: 3 0x000039e0 (0x00000f17) x30 0x000039e0
core   0: 0x000039e4 (0x123f2023) sw      gp, 288(t5)
core   0: 3 0x000039e4 (0x123f2023) mem 0x00003b00 0x00000001
core   0: >>>>  _exit
core   0: 0x000039e8 (0x0000bfe5) c.j     pc - 8
core   0: 3 0x000039e8 (0xbfe5)
core   0: >>>>  write_tohost
core   0: 0x000039e0 (0x00000f17) auipc   t5, 0x0
core   0: 3 0x000039e0 (0x00000f17) x30 0x000039e0
core   0: 0x000039e4 (0x123f2023) sw      gp, 288(t5)
core   0: 3 0x000039e4 (0x123f2023) mem 0x00003b00 0x00000001
core   0: >>>>  _exit
core   0: 0x000039e8 (0x0000bfe5) c.j     pc - 8
core   0: 3 0x000039e8 (0xbfe5)
core   0: >>>>  write_tohost
core   0: 0x000039e0 (0x00000f17) auipc   t5, 0x0
core   0: 3 0x000039e0 (0x00000f17) x30 0x000039e0
core   0: 0x000039e4 (0x123f2023) sw      gp, 288(t5)
core   0: 3 0x000039e4 (0x123f2023) mem 0x00003b00 0x00000001
core   0: >>>>  _exit
core   0: 0x000039e8 (0x0000bfe5) c.j     pc - 8
core   0: 3 0x000039e8 (0xbfe5)
core   0: >>>>  write_tohost
core   0: 0x000039e0 (0x00000f17) auipc   t5, 0x0
core   0: 3 0x000039e0 (0x00000f17) x30 0x000039e0
core   0: 0x000039e4 (0x123f2023) sw      gp, 288(t5)
core   0: 3 0x000039e4 (0x123f2023) mem 0x00003b00 0x00000001
core   0: >>>>  _exit
core   0: 0x000039e8 (0x0000bfe5) c.j     pc - 8
core   0: 3 0x000039e8 (0xbfe5)
core   0: >>>>  write_tohost
core   0: 0x000039e0 (0x00000f17) auipc   t5, 0x0
core   0: 3 0x000039e0 (0x00000f17) x30 0x000039e0
core   0: 0x000039e4 (0x123f2023) sw      gp, 288(t5)
core   0: 3 0x000039e4 (0x123f2023) mem 0x00003b00 0x00000001
core   0: >>>>  _exit
core   0: 0x000039e8 (0x0000bfe5) c.j     pc - 8
core   0: 3 0x000039e8 (0xbfe5)
core   0: >>>>  write_tohost
core   0: 0x000039e0 (0x00000f17) auipc   t5, 0x0
core   0: 3 0x000039e0 (0x00000f17) x30 0x000039e0
core   0: 0x000039e4 (0x123f2023) sw      gp, 288(t5)
core   0: 3 0x000039e4 (0x123f2023) mem 0x00003b00 0x00000001
core   0: >>>>  _exit
core   0: 0x000039e8 (0x0000bfe5) c.j     pc - 8
core   0: 3 0x000039e8 (0xbfe5)
core   0: >>>>  write_tohost
core   0: 0x000039e0 (0x00000f17) auipc   t5, 0x0
core   0: 3 0x000039e0 (0x00000f17) x30 0x000039e0
core   0: 0x000039e4 (0x123f2023) sw      gp, 288(t5)
core   0: 3 0x000039e4 (0x123f2023) mem 0x00003b00 0x00000001
core   0: >>>>  _exit
core   0: 0x000039e8 (0x0000bfe5) c.j     pc - 8
core   0: 3 0x000039e8 (0xbfe5)
core   0: >>>>  write_tohost
core   0: 0x000039e0 (0x00000f17) auipc   t5, 0x0
core   0: 3 0x000039e0 (0x00000f17) x30 0x000039e0
core   0: 0x000039e4 (0x123f2023) sw      gp, 288(t5)
core   0: 3 0x000039e4 (0x123f2023) mem 0x00003b00 0x00000001
core   0: >>>>  _exit
core   0: 0x000039e8 (0x0000bfe5) c.j     pc - 8
core   0: 3 0x000039e8 (0xbfe5)
core   0: >>>>  write_tohost
core   0: 0x000039e0 (0x00000f17) auipc   t5, 0x0
core   0: 3 0x000039e0 (0x00000f17) x30 0x000039e0
core   0: 0x000039e4 (0x123f2023) sw      gp, 288(t5)
core   0: 3 0x000039e4 (0x123f2023) mem 0x00003b00 0x00000001
core   0: >>>>  _exit
core   0: 0x000039e8 (0x0000bfe5) c.j     pc - 8
core   0: 3 0x000039e8 (0xbfe5)
core   0: >>>>  write_tohost
core   0: 0x000039e0 (0x00000f17) auipc   t5, 0x0
core   0: 3 0x000039e0 (0x00000f17) x30 0x000039e0
core   0: 0x000039e4 (0x123f2023) sw      gp, 288(t5)
core   0: 3 0x000039e4 (0x123f2023) mem 0x00003b00 0x00000001
core   0: >>>>  _exit
core   0: 0x000039e8 (0x0000bfe5) c.j     pc - 8
core   0: 3 0x000039e8 (0xbfe5)
core   0: >>>>  write_tohost
core   0: 0x000039e0 (0x00000f17) auipc   t5, 0x0
core   0: 3 0x000039e0 (0x00000f17) x30 0x000039e0
core   0: 0x000039e4 (0x123f2023) sw      gp, 288(t5)
core   0: 3 0x000039e4 (0x123f2023) mem 0x00003b00 0x00000001
core   0: >>>>  _exit
core   0: 0x000039e8 (0x0000bfe5) c.j     pc - 8
core   0: 3 0x000039e8 (0xbfe5)
core   0: >>>>  write_tohost
core   0: 0x000039e0 (0x00000f17) auipc   t5, 0x0
core   0: 3 0x000039e0 (0x00000f17) x30 0x000039e0
core   0: 0x000039e4 (0x123f2023) sw      gp, 288(t5)
core   0: 3 0x000039e4 (0x123f2023) mem 0x00003b00 0x00000001
core   0: >>>>  _exit
core   0: 0x000039e8 (0x0000bfe5) c.j     pc - 8
core   0: 3 0x000039e8 (0xbfe5)
core   0: >>>>  write_tohost
core   0: 0x000039e0 (0x00000f17) auipc   t5, 0x0
core   0: 3 0x000039e0 (0x00000f17) x30 0x000039e0
core   0: 0x000039e4 (0x123f2023) sw      gp, 288(t5)
core   0: 3 0x000039e4 (0x123f2023) mem 0x00003b00 0x00000001
core   0: >>>>  _exit
core   0: 0x000039e8 (0x0000bfe5) c.j     pc - 8
core   0: 3 0x000039e8 (0xbfe5)
core   0: >>>>  write_tohost
core   0: 0x000039e0 (0x00000f17) auipc   t5, 0x0
core   0: 3 0x000039e0 (0x00000f17) x30 0x000039e0
core   0: 0x000039e4 (0x123f2023) sw      gp, 288(t5)
core   0: 3 0x000039e4 (0x123f2023) mem 0x00003b00 0x00000001
core   0: >>>>  _exit
core   0: 0x000039e8 (0x0000bfe5) c.j     pc - 8
core   0: 3 0x000039e8 (0xbfe5)
core   0: >>>>  write_tohost
core   0: 0x000039e0 (0x00000f17) auipc   t5, 0x0
core   0: 3 0x000039e0 (0x00000f17) x30 0x000039e0
core   0: 0x000039e4 (0x123f2023) sw      gp, 288(t5)
core   0: 3 0x000039e4 (0x123f2023) mem 0x00003b00 0x00000001
core   0: >>>>  _exit
core   0: 0x000039e8 (0x0000bfe5) c.j     pc - 8
core   0: 3 0x000039e8 (0xbfe5)
core   0: >>>>  write_tohost
core   0: 0x000039e0 (0x00000f17) auipc   t5, 0x0
core   0: 3 0x000039e0 (0x00000f17) x30 0x000039e0
core   0: 0x000039e4 (0x123f2023) sw      gp, 288(t5)
core   0: 3 0x000039e4 (0x123f2023) mem 0x00003b00 0x00000001
core   0: >>>>  _exit
core   0: 0x000039e8 (0x0000bfe5) c.j     pc - 8
core   0: 3 0x000039e8 (0xbfe5)
core   0: >>>>  write_tohost
core   0: 0x000039e0 (0x00000f17) auipc   t5, 0x0
core   0: 3 0x000039e0 (0x00000f17) x30 0x000039e0
core   0: 0x000039e4 (0x123f2023) sw      gp, 288(t5)
core   0: 3 0x000039e4 (0x123f2023) mem 0x00003b00 0x00000001
core   0: >>>>  _exit
core   0: 0x000039e8 (0x0000bfe5) c.j     pc - 8
core   0: 3 0x000039e8 (0xbfe5)
core   0: >>>>  write_tohost
core   0: 0x000039e0 (0x00000f17) auipc   t5, 0x0
core   0: 3 0x000039e0 (0x00000f17) x30 0x000039e0
core   0: 0x000039e4 (0x123f2023) sw      gp, 288(t5)
core   0: 3 0x000039e4 (0x123f2023) mem 0x00003b00 0x00000001
core   0: >>>>  _exit
core   0: 0x000039e8 (0x0000bfe5) c.j     pc - 8
core   0: 3 0x000039e8 (0xbfe5)
core   0: >>>>  write_tohost
core   0: 0x000039e0 (0x00000f17) auipc   t5, 0x0
core   0: 3 0x000039e0 (0x00000f17) x30 0x000039e0
core   0: 0x000039e4 (0x123f2023) sw      gp, 288(t5)
core   0: 3 0x000039e4 (0x123f2023) mem 0x00003b00 0x00000001
core   0: >>>>  _exit
core   0: 0x000039e8 (0x0000bfe5) c.j     pc - 8
core   0: 3 0x000039e8 (0xbfe5)
core   0: >>>>  write_tohost
core   0: 0x000039e0 (0x00000f17) auipc   t5, 0x0
core   0: 3 0x000039e0 (0x00000f17) x30 0x000039e0
core   0: 0x000039e4 (0x123f2023) sw      gp, 288(t5)
core   0: 3 0x000039e4 (0x123f2023) mem 0x00003b00 0x00000001
core   0: >>>>  _exit
core   0: 0x000039e8 (0x0000bfe5) c.j     pc - 8
core   0: 3 0x000039e8 (0xbfe5)
core   0: >>>>  write_tohost
core   0: 0x000039e0 (0x00000f17) auipc   t5, 0x0
core   0: 3 0x000039e0 (0x00000f17) x30 0x000039e0
core   0: 0x000039e4 (0x123f2023) sw      gp, 288(t5)
core   0: 3 0x000039e4 (0x123f2023) mem 0x00003b00 0x00000001
core   0: >>>>  _exit
core   0: 0x000039e8 (0x0000bfe5) c.j     pc - 8
core   0: 3 0x000039e8 (0xbfe5)
core   0: >>>>  write_tohost
core   0: 0x000039e0 (0x00000f17) auipc   t5, 0x0
core   0: 3 0x000039e0 (0x00000f17) x30 0x000039e0
core   0: 0x000039e4 (0x123f2023) sw      gp, 288(t5)
core   0: 3 0x000039e4 (0x123f2023) mem 0x00003b00 0x00000001
core   0: >>>>  _exit
core   0: 0x000039e8 (0x0000bfe5) c.j     pc - 8
core   0: 3 0x000039e8 (0xbfe5)
core   0: >>>>  write_tohost
core   0: 0x000039e0 (0x00000f17) auipc   t5, 0x0
core   0: 3 0x000039e0 (0x00000f17) x30 0x000039e0
core   0: 0x000039e4 (0x123f2023) sw      gp, 288(t5)
core   0: 3 0x000039e4 (0x123f2023) mem 0x00003b00 0x00000001
core   0: >>>>  _exit
core   0: 0x000039e8 (0x0000bfe5) c.j     pc - 8
core   0: 3 0x000039e8 (0xbfe5)
core   0: >>>>  write_tohost
core   0: 0x000039e0 (0x00000f17) auipc   t5, 0x0
core   0: 3 0x000039e0 (0x00000f17) x30 0x000039e0
core   0: 0x000039e4 (0x123f2023) sw      gp, 288(t5)
core   0: 3 0x000039e4 (0x123f2023) mem 0x00003b00 0x00000001
core   0: >>>>  _exit
core   0: 0x000039e8 (0x0000bfe5) c.j     pc - 8
core   0: 3 0x000039e8 (0xbfe5)
core   0: >>>>  write_tohost
core   0: 0x000039e0 (0x00000f17) auipc   t5, 0x0
core   0: 3 0x000039e0 (0x00000f17) x30 0x000039e0
core   0: 0x000039e4 (0x123f2023) sw      gp, 288(t5)
core   0: 3 0x000039e4 (0x123f2023) mem 0x00003b00 0x00000001
core   0: >>>>  _exit
core   0: 0x000039e8 (0x0000bfe5) c.j     pc - 8
core   0: 3 0x000039e8 (0xbfe5)
core   0: >>>>  write_tohost
core   0: 0x000039e0 (0x00000f17) auipc   t5, 0x0
core   0: 3 0x000039e0 (0x00000f17) x30 0x000039e0
core   0: 0x000039e4 (0x123f2023) sw      gp, 288(t5)
core   0: 3 0x000039e4 (0x123f2023) mem 0x00003b00 0x00000001
core   0: >>>>  _exit
core   0: 0x000039e8 (0x0000bfe5) c.j     pc - 8
core   0: 3 0x000039e8 (0xbfe5)
core   0: >>>>  write_tohost
core   0: 0x000039e0 (0x00000f17) auipc   t5, 0x0
core   0: 3 0x000039e0 (0x00000f17) x30 0x000039e0
core   0: 0x000039e4 (0x123f2023) sw      gp, 288(t5)
core   0: 3 0x000039e4 (0x123f2023) mem 0x00003b00 0x00000001
core   0: >>>>  _exit
core   0: 0x000039e8 (0x0000bfe5) c.j     pc - 8
core   0: 3 0x000039e8 (0xbfe5)
core   0: >>>>  write_tohost
core   0: 0x000039e0 (0x00000f17) auipc   t5, 0x0
core   0: 3 0x000039e0 (0x00000f17) x30 0x000039e0
core   0: 0x000039e4 (0x123f2023) sw      gp, 288(t5)
core   0: 3 0x000039e4 (0x123f2023) mem 0x00003b00 0x00000001
core   0: >>>>  _exit
core   0: 0x000039e8 (0x0000bfe5) c.j     pc - 8
core   0: 3 0x000039e8 (0xbfe5)
core   0: >>>>  write_tohost
core   0: 0x000039e0 (0x00000f17) auipc   t5, 0x0
core   0: 3 0x000039e0 (0x00000f17) x30 0x000039e0
core   0: 0x000039e4 (0x123f2023) sw      gp, 288(t5)
core   0: 3 0x000039e4 (0x123f2023) mem 0x00003b00 0x00000001
core   0: >>>>  _exit
core   0: 0x000039e8 (0x0000bfe5) c.j     pc - 8
core   0: 3 0x000039e8 (0xbfe5)
core   0: >>>>  write_tohost
core   0: 0x000039e0 (0x00000f17) auipc   t5, 0x0
core   0: 3 0x000039e0 (0x00000f17) x30 0x000039e0
core   0: 0x000039e4 (0x123f2023) sw      gp, 288(t5)
core   0: 3 0x000039e4 (0x123f2023) mem 0x00003b00 0x00000001
core   0: >>>>  _exit
core   0: 0x000039e8 (0x0000bfe5) c.j     pc - 8
core   0: 3 0x000039e8 (0xbfe5)
core   0: >>>>  write_tohost
core   0: 0x000039e0 (0x00000f17) auipc   t5, 0x0
core   0: 3 0x000039e0 (0x00000f17) x30 0x000039e0
core   0: 0x000039e4 (0x123f2023) sw      gp, 288(t5)
core   0: 3 0x000039e4 (0x123f2023) mem 0x00003b00 0x00000001
core   0: >>>>  _exit
core   0: 0x000039e8 (0x0000bfe5) c.j     pc - 8
core   0: 3 0x000039e8 (0xbfe5)
core   0: >>>>  write_tohost
core   0: 0x000039e0 (0x00000f17) auipc   t5, 0x0
core   0: 3 0x000039e0 (0x00000f17) x30 0x000039e0
core   0: 0x000039e4 (0x123f2023) sw      gp, 288(t5)
core   0: 3 0x000039e4 (0x123f2023) mem 0x00003b00 0x00000001
core   0: >>>>  _exit
core   0: 0x000039e8 (0x0000bfe5) c.j     pc - 8
core   0: 3 0x000039e8 (0xbfe5)
core   0: >>>>  write_tohost
core   0: 0x000039e0 (0x00000f17) auipc   t5, 0x0
core   0: 3 0x000039e0 (0x00000f17) x30 0x000039e0
core   0: 0x000039e4 (0x123f2023) sw      gp, 288(t5)
core   0: 3 0x000039e4 (0x123f2023) mem 0x00003b00 0x00000001
core   0: >>>>  _exit
core   0: 0x000039e8 (0x0000bfe5) c.j     pc - 8
core   0: 3 0x000039e8 (0xbfe5)
core   0: >>>>  write_tohost
core   0: 0x000039e0 (0x00000f17) auipc   t5, 0x0
core   0: 3 0x000039e0 (0x00000f17) x30 0x000039e0
core   0: 0x000039e4 (0x123f2023) sw      gp, 288(t5)
core   0: 3 0x000039e4 (0x123f2023) mem 0x00003b00 0x00000001
core   0: >>>>  _exit
core   0: 0x000039e8 (0x0000bfe5) c.j     pc - 8
core   0: 3 0x000039e8 (0xbfe5)
core   0: >>>>  write_tohost
core   0: 0x000039e0 (0x00000f17) auipc   t5, 0x0
core   0: 3 0x000039e0 (0x00000f17) x30 0x000039e0
core   0: 0x000039e4 (0x123f2023) sw      gp, 288(t5)
core   0: 3 0x000039e4 (0x123f2023) mem 0x00003b00 0x00000001
core   0: >>>>  _exit
core   0: 0x000039e8 (0x0000bfe5) c.j     pc - 8
core   0: 3 0x000039e8 (0xbfe5)
core   0: >>>>  write_tohost
core   0: 0x000039e0 (0x00000f17) auipc   t5, 0x0
core   0: 3 0x000039e0 (0x00000f17) x30 0x000039e0
core   0: 0x000039e4 (0x123f2023) sw      gp, 288(t5)
core   0: 3 0x000039e4 (0x123f2023) mem 0x00003b00 0x00000001
core   0: >>>>  _exit
core   0: 0x000039e8 (0x0000bfe5) c.j     pc - 8
core   0: 3 0x000039e8 (0xbfe5)
core   0: >>>>  write_tohost
core   0: 0x000039e0 (0x00000f17) auipc   t5, 0x0
core   0: 3 0x000039e0 (0x00000f17) x30 0x000039e0
core   0: 0x000039e4 (0x123f2023) sw      gp, 288(t5)
core   0: 3 0x000039e4 (0x123f2023) mem 0x00003b00 0x00000001
core   0: >>>>  _exit
core   0: 0x000039e8 (0x0000bfe5) c.j     pc - 8
core   0: 3 0x000039e8 (0xbfe5)
core   0: >>>>  write_tohost
core   0: 0x000039e0 (0x00000f17) auipc   t5, 0x0
core   0: 3 0x000039e0 (0x00000f17) x30 0x000039e0
core   0: 0x000039e4 (0x123f2023) sw      gp, 288(t5)
core   0: 3 0x000039e4 (0x123f2023) mem 0x00003b00 0x00000001
core   0: >>>>  _exit
core   0: 0x000039e8 (0x0000bfe5) c.j     pc - 8
core   0: 3 0x000039e8 (0xbfe5)
core   0: >>>>  write_tohost
core   0: 0x000039e0 (0x00000f17) auipc   t5, 0x0
core   0: 3 0x000039e0 (0x00000f17) x30 0x000039e0
core   0: 0x000039e4 (0x123f2023) sw      gp, 288(t5)
core   0: 3 0x000039e4 (0x123f2023) mem 0x00003b00 0x00000001
core   0: >>>>  _exit
core   0: 0x000039e8 (0x0000bfe5) c.j     pc - 8
core   0: 3 0x000039e8 (0xbfe5)
core   0: >>>>  write_tohost
core   0: 0x000039e0 (0x00000f17) auipc   t5, 0x0
core   0: 3 0x000039e0 (0x00000f17) x30 0x000039e0
core   0: 0x000039e4 (0x123f2023) sw      gp, 288(t5)
core   0: 3 0x000039e4 (0x123f2023) mem 0x00003b00 0x00000001
core   0: >>>>  _exit
core   0: 0x000039e8 (0x0000bfe5) c.j     pc - 8
core   0: 3 0x000039e8 (0xbfe5)
core   0: >>>>  write_tohost
core   0: 0x000039e0 (0x00000f17) auipc   t5, 0x0
core   0: 3 0x000039e0 (0x00000f17) x30 0x000039e0
core   0: 0x000039e4 (0x123f2023) sw      gp, 288(t5)
core   0: 3 0x000039e4 (0x123f2023) mem 0x00003b00 0x00000001
core   0: >>>>  _exit
core   0: 0x000039e8 (0x0000bfe5) c.j     pc - 8
core   0: 3 0x000039e8 (0xbfe5)
core   0: >>>>  write_tohost
core   0: 0x000039e0 (0x00000f17) auipc   t5, 0x0
core   0: 3 0x000039e0 (0x00000f17) x30 0x000039e0
core   0: 0x000039e4 (0x123f2023) sw      gp, 288(t5)
core   0: 3 0x000039e4 (0x123f2023) mem 0x00003b00 0x00000001
core   0: >>>>  _exit
core   0: 0x000039e8 (0x0000bfe5) c.j     pc - 8
core   0: 3 0x000039e8 (0xbfe5)
core   0: >>>>  write_tohost
core   0: 0x000039e0 (0x00000f17) auipc   t5, 0x0
core   0: 3 0x000039e0 (0x00000f17) x30 0x000039e0
core   0: 0x000039e4 (0x123f2023) sw      gp, 288(t5)
core   0: 3 0x000039e4 (0x123f2023) mem 0x00003b00 0x00000001
core   0: >>>>  _exit
core   0: 0x000039e8 (0x0000bfe5) c.j     pc - 8
core   0: 3 0x000039e8 (0xbfe5)
core   0: >>>>  write_tohost
core   0: 0x000039e0 (0x00000f17) auipc   t5, 0x0
core   0: 3 0x000039e0 (0x00000f17) x30 0x000039e0
core   0: 0x000039e4 (0x123f2023) sw      gp, 288(t5)
core   0: 3 0x000039e4 (0x123f2023) mem 0x00003b00 0x00000001
core   0: >>>>  _exit
core   0: 0x000039e8 (0x0000bfe5) c.j     pc - 8
core   0: 3 0x000039e8 (0xbfe5)
core   0: >>>>  write_tohost
core   0: 0x000039e0 (0x00000f17) auipc   t5, 0x0
core   0: 3 0x000039e0 (0x00000f17) x30 0x000039e0
core   0: 0x000039e4 (0x123f2023) sw      gp, 288(t5)
core   0: 3 0x000039e4 (0x123f2023) mem 0x00003b00 0x00000001
core   0: >>>>  _exit
core   0: 0x000039e8 (0x0000bfe5) c.j     pc - 8
core   0: 3 0x000039e8 (0xbfe5)
core   0: >>>>  write_tohost
core   0: 0x000039e0 (0x00000f17) auipc   t5, 0x0
core   0: 3 0x000039e0 (0x00000f17) x30 0x000039e0
core   0: 0x000039e4 (0x123f2023) sw      gp, 288(t5)
core   0: 3 0x000039e4 (0x123f2023) mem 0x00003b00 0x00000001
core   0: >>>>  _exit
core   0: 0x000039e8 (0x0000bfe5) c.j     pc - 8
core   0: 3 0x000039e8 (0xbfe5)
core   0: >>>>  write_tohost
core   0: 0x000039e0 (0x00000f17) auipc   t5, 0x0
core   0: 3 0x000039e0 (0x00000f17) x30 0x000039e0
core   0: 0x000039e4 (0x123f2023) sw      gp, 288(t5)
core   0: 3 0x000039e4 (0x123f2023) mem 0x00003b00 0x00000001
core   0: >>>>  _exit
core   0: 0x000039e8 (0x0000bfe5) c.j     pc - 8
core   0: 3 0x000039e8 (0xbfe5)
core   0: >>>>  write_tohost
core   0: 0x000039e0 (0x00000f17) auipc   t5, 0x0
core   0: 3 0x000039e0 (0x00000f17) x30 0x000039e0
core   0: 0x000039e4 (0x123f2023) sw      gp, 288(t5)
core   0: 3 0x000039e4 (0x123f2023) mem 0x00003b00 0x00000001
core   0: >>>>  _exit
core   0: 0x000039e8 (0x0000bfe5) c.j     pc - 8
core   0: 3 0x000039e8 (0xbfe5)
core   0: >>>>  write_tohost
core   0: 0x000039e0 (0x00000f17) auipc   t5, 0x0
core   0: 3 0x000039e0 (0x00000f17) x30 0x000039e0
core   0: 0x000039e4 (0x123f2023) sw      gp, 288(t5)
core   0: 3 0x000039e4 (0x123f2023) mem 0x00003b00 0x00000001
core   0: >>>>  _exit
core   0: 0x000039e8 (0x0000bfe5) c.j     pc - 8
core   0: 3 0x000039e8 (0xbfe5)
core   0: >>>>  write_tohost
core   0: 0x000039e0 (0x00000f17) auipc   t5, 0x0
core   0: 3 0x000039e0 (0x00000f17) x30 0x000039e0
core   0: 0x000039e4 (0x123f2023) sw      gp, 288(t5)
core   0: 3 0x000039e4 (0x123f2023) mem 0x00003b00 0x00000001
core   0: >>>>  _exit
core   0: 0x000039e8 (0x0000bfe5) c.j     pc - 8
core   0: 3 0x000039e8 (0xbfe5)
core   0: >>>>  write_tohost
core   0: 0x000039e0 (0x00000f17) auipc   t5, 0x0
core   0: 3 0x000039e0 (0x00000f17) x30 0x000039e0
core   0: 0x000039e4 (0x123f2023) sw      gp, 288(t5)
core   0: 3 0x000039e4 (0x123f2023) mem 0x00003b00 0x00000001
core   0: >>>>  _exit
core   0: 0x000039e8 (0x0000bfe5) c.j     pc - 8
core   0: 3 0x000039e8 (0xbfe5)
core   0: >>>>  write_tohost
core   0: 0x000039e0 (0x00000f17) auipc   t5, 0x0
core   0: 3 0x000039e0 (0x00000f17) x30 0x000039e0
core   0: 0x000039e4 (0x123f2023) sw      gp, 288(t5)
core   0: 3 0x000039e4 (0x123f2023) mem 0x00003b00 0x00000001
core   0: >>>>  _exit
core   0: 0x000039e8 (0x0000bfe5) c.j     pc - 8
core   0: 3 0x000039e8 (0xbfe5)
core   0: >>>>  write_tohost
core   0: 0x000039e0 (0x00000f17) auipc   t5, 0x0
core   0: 3 0x000039e0 (0x00000f17) x30 0x000039e0
core   0: 0x000039e4 (0x123f2023) sw      gp, 288(t5)
core   0: 3 0x000039e4 (0x123f2023) mem 0x00003b00 0x00000001
core   0: >>>>  _exit
core   0: 0x000039e8 (0x0000bfe5) c.j     pc - 8
core   0: 3 0x000039e8 (0xbfe5)
core   0: >>>>  write_tohost
core   0: 0x000039e0 (0x00000f17) auipc   t5, 0x0
core   0: 3 0x000039e0 (0x00000f17) x30 0x000039e0
core   0: 0x000039e4 (0x123f2023) sw      gp, 288(t5)
core   0: 3 0x000039e4 (0x123f2023) mem 0x00003b00 0x00000001
core   0: >>>>  _exit
core   0: 0x000039e8 (0x0000bfe5) c.j     pc - 8
core   0: 3 0x000039e8 (0xbfe5)
core   0: >>>>  write_tohost
core   0: 0x000039e0 (0x00000f17) auipc   t5, 0x0
core   0: 3 0x000039e0 (0x00000f17) x30 0x000039e0
core   0: 0x000039e4 (0x123f2023) sw      gp, 288(t5)
core   0: 3 0x000039e4 (0x123f2023) mem 0x00003b00 0x00000001
core   0: >>>>  _exit
core   0: 0x000039e8 (0x0000bfe5) c.j     pc - 8
core   0: 3 0x000039e8 (0xbfe5)
core   0: >>>>  write_tohost
core   0: 0x000039e0 (0x00000f17) auipc   t5, 0x0
core   0: 3 0x000039e0 (0x00000f17) x30 0x000039e0
core   0: 0x000039e4 (0x123f2023) sw      gp, 288(t5)
core   0: 3 0x000039e4 (0x123f2023) mem 0x00003b00 0x00000001
core   0: >>>>  _exit
core   0: 0x000039e8 (0x0000bfe5) c.j     pc - 8
core   0: 3 0x000039e8 (0xbfe5)
core   0: >>>>  write_tohost
core   0: 0x000039e0 (0x00000f17) auipc   t5, 0x0
core   0: 3 0x000039e0 (0x00000f17) x30 0x000039e0
core   0: 0x000039e4 (0x123f2023) sw      gp, 288(t5)
core   0: 3 0x000039e4 (0x123f2023) mem 0x00003b00 0x00000001
core   0: >>>>  _exit
core   0: 0x000039e8 (0x0000bfe5) c.j     pc - 8
core   0: 3 0x000039e8 (0xbfe5)
core   0: >>>>  write_tohost
core   0: 0x000039e0 (0x00000f17) auipc   t5, 0x0
core   0: 3 0x000039e0 (0x00000f17) x30 0x000039e0
core   0: 0x000039e4 (0x123f2023) sw      gp, 288(t5)
core   0: 3 0x000039e4 (0x123f2023) mem 0x00003b00 0x00000001
core   0: >>>>  _exit
core   0: 0x000039e8 (0x0000bfe5) c.j     pc - 8
core   0: 3 0x000039e8 (0xbfe5)
core   0: >>>>  write_tohost
core   0: 0x000039e0 (0x00000f17) auipc   t5, 0x0
core   0: 3 0x000039e0 (0x00000f17) x30 0x000039e0
core   0: 0x000039e4 (0x123f2023) sw      gp, 288(t5)
core   0: 3 0x000039e4 (0x123f2023) mem 0x00003b00 0x00000001
core   0: >>>>  _exit
core   0: 0x000039e8 (0x0000bfe5) c.j     pc - 8
core   0: 3 0x000039e8 (0xbfe5)
core   0: >>>>  write_tohost
core   0: 0x000039e0 (0x00000f17) auipc   t5, 0x0
core   0: 3 0x000039e0 (0x00000f17) x30 0x000039e0
core   0: 0x000039e4 (0x123f2023) sw      gp, 288(t5)
core   0: 3 0x000039e4 (0x123f2023) mem 0x00003b00 0x00000001
core   0: >>>>  _exit
core   0: 0x000039e8 (0x0000bfe5) c.j     pc - 8
core   0: 3 0x000039e8 (0xbfe5)
core   0: >>>>  write_tohost
core   0: 0x000039e0 (0x00000f17) auipc   t5, 0x0
core   0: 3 0x000039e0 (0x00000f17) x30 0x000039e0
core   0: 0x000039e4 (0x123f2023) sw      gp, 288(t5)
core   0: 3 0x000039e4 (0x123f2023) mem 0x00003b00 0x00000001
core   0: >>>>  _exit
core   0: 0x000039e8 (0x0000bfe5) c.j     pc - 8
core   0: 3 0x000039e8 (0xbfe5)
core   0: >>>>  write_tohost
core   0: 0x000039e0 (0x00000f17) auipc   t5, 0x0
core   0: 3 0x000039e0 (0x00000f17) x30 0x000039e0
core   0: 0x000039e4 (0x123f2023) sw      gp, 288(t5)
core   0: 3 0x000039e4 (0x123f2023) mem 0x00003b00 0x00000001
core   0: >>>>  _exit
core   0: 0x000039e8 (0x0000bfe5) c.j     pc - 8
core   0: 3 0x000039e8 (0xbfe5)
core   0: >>>>  write_tohost
core   0: 0x000039e0 (0x00000f17) auipc   t5, 0x0
core   0: 3 0x000039e0 (0x00000f17) x30 0x000039e0
core   0: 0x000039e4 (0x123f2023) sw      gp, 288(t5)
core   0: 3 0x000039e4 (0x123f2023) mem 0x00003b00 0x00000001
core   0: >>>>  _exit
core   0: 0x000039e8 (0x0000bfe5) c.j     pc - 8
core   0: 3 0x000039e8 (0xbfe5)
core   0: >>>>  write_tohost
core   0: 0x000039e0 (0x00000f17) auipc   t5, 0x0
core   0: 3 0x000039e0 (0x00000f17) x30 0x000039e0
core   0: 0x000039e4 (0x123f2023) sw      gp, 288(t5)
core   0: 3 0x000039e4 (0x123f2023) mem 0x00003b00 0x00000001
core   0: >>>>  _exit
core   0: 0x000039e8 (0x0000bfe5) c.j     pc - 8
core   0: 3 0x000039e8 (0xbfe5)
core   0: >>>>  write_tohost
core   0: 0x000039e0 (0x00000f17) auipc   t5, 0x0
core   0: 3 0x000039e0 (0x00000f17) x30 0x000039e0
core   0: 0x000039e4 (0x123f2023) sw      gp, 288(t5)
core   0: 3 0x000039e4 (0x123f2023) mem 0x00003b00 0x00000001
core   0: >>>>  _exit
core   0: 0x000039e8 (0x0000bfe5) c.j     pc - 8
core   0: 3 0x000039e8 (0xbfe5)
core   0: >>>>  write_tohost
core   0: 0x000039e0 (0x00000f17) auipc   t5, 0x0
core   0: 3 0x000039e0 (0x00000f17) x30 0x000039e0
core   0: 0x000039e4 (0x123f2023) sw      gp, 288(t5)
core   0: 3 0x000039e4 (0x123f2023) mem 0x00003b00 0x00000001
core   0: >>>>  _exit
core   0: 0x000039e8 (0x0000bfe5) c.j     pc - 8
core   0: 3 0x000039e8 (0xbfe5)
core   0: >>>>  write_tohost
core   0: 0x000039e0 (0x00000f17) auipc   t5, 0x0
core   0: 3 0x000039e0 (0x00000f17) x30 0x000039e0
core   0: 0x000039e4 (0x123f2023) sw      gp, 288(t5)
core   0: 3 0x000039e4 (0x123f2023) mem 0x00003b00 0x00000001
core   0: >>>>  _exit
core   0: 0x000039e8 (0x0000bfe5) c.j     pc - 8
core   0: 3 0x000039e8 (0xbfe5)
core   0: >>>>  write_tohost
core   0: 0x000039e0 (0x00000f17) auipc   t5, 0x0
core   0: 3 0x000039e0 (0x00000f17) x30 0x000039e0
core   0: 0x000039e4 (0x123f2023) sw      gp, 288(t5)
core   0: 3 0x000039e4 (0x123f2023) mem 0x00003b00 0x00000001
core   0: >>>>  _exit
core   0: 0x000039e8 (0x0000bfe5) c.j     pc - 8
core   0: 3 0x000039e8 (0xbfe5)
core   0: >>>>  write_tohost
core   0: 0x000039e0 (0x00000f17) auipc   t5, 0x0
core   0: 3 0x000039e0 (0x00000f17) x30 0x000039e0
core   0: 0x000039e4 (0x123f2023) sw      gp, 288(t5)
core   0: 3 0x000039e4 (0x123f2023) mem 0x00003b00 0x00000001
core   0: >>>>  _exit
core   0: 0x000039e8 (0x0000bfe5) c.j     pc - 8
core   0: 3 0x000039e8 (0xbfe5)
core   0: >>>>  write_tohost
core   0: 0x000039e0 (0x00000f17) auipc   t5, 0x0
core   0: 3 0x000039e0 (0x00000f17) x30 0x000039e0
core   0: 0x000039e4 (0x123f2023) sw      gp, 288(t5)
core   0: 3 0x000039e4 (0x123f2023) mem 0x00003b00 0x00000001
core   0: >>>>  _exit
core   0: 0x000039e8 (0x0000bfe5) c.j     pc - 8
core   0: 3 0x000039e8 (0xbfe5)
core   0: >>>>  write_tohost
core   0: 0x000039e0 (0x00000f17) auipc   t5, 0x0
core   0: 3 0x000039e0 (0x00000f17) x30 0x000039e0
core   0: 0x000039e4 (0x123f2023) sw      gp, 288(t5)
core   0: 3 0x000039e4 (0x123f2023) mem 0x00003b00 0x00000001
core   0: >>>>  _exit
core   0: 0x000039e8 (0x0000bfe5) c.j     pc - 8
core   0: 3 0x000039e8 (0xbfe5)
core   0: >>>>  write_tohost
core   0: 0x000039e0 (0x00000f17) auipc   t5, 0x0
core   0: 3 0x000039e0 (0x00000f17) x30 0x000039e0
core   0: 0x000039e4 (0x123f2023) sw      gp, 288(t5)
core   0: 3 0x000039e4 (0x123f2023) mem 0x00003b00 0x00000001
core   0: >>>>  _exit
core   0: 0x000039e8 (0x0000bfe5) c.j     pc - 8
core   0: 3 0x000039e8 (0xbfe5)
core   0: >>>>  write_tohost
core   0: 0x000039e0 (0x00000f17) auipc   t5, 0x0
core   0: 3 0x000039e0 (0x00000f17) x30 0x000039e0
core   0: 0x000039e4 (0x123f2023) sw      gp, 288(t5)
core   0: 3 0x000039e4 (0x123f2023) mem 0x00003b00 0x00000001
core   0: >>>>  _exit
core   0: 0x000039e8 (0x0000bfe5) c.j     pc - 8
core   0: 3 0x000039e8 (0xbfe5)
core   0: >>>>  write_tohost
core   0: 0x000039e0 (0x00000f17) auipc   t5, 0x0
core   0: 3 0x000039e0 (0x00000f17) x30 0x000039e0
core   0: 0x000039e4 (0x123f2023) sw      gp, 288(t5)
core   0: 3 0x000039e4 (0x123f2023) mem 0x00003b00 0x00000001
core   0: >>>>  _exit
core   0: 0x000039e8 (0x0000bfe5) c.j     pc - 8
core   0: 3 0x000039e8 (0xbfe5)
core   0: >>>>  write_tohost
core   0: 0x000039e0 (0x00000f17) auipc   t5, 0x0
core   0: 3 0x000039e0 (0x00000f17) x30 0x000039e0
core   0: 0x000039e4 (0x123f2023) sw      gp, 288(t5)
core   0: 3 0x000039e4 (0x123f2023) mem 0x00003b00 0x00000001
core   0: >>>>  _exit
core   0: 0x000039e8 (0x0000bfe5) c.j     pc - 8
core   0: 3 0x000039e8 (0xbfe5)
core   0: >>>>  write_tohost
core   0: 0x000039e0 (0x00000f17) auipc   t5, 0x0
core   0: 3 0x000039e0 (0x00000f17) x30 0x000039e0
core   0: 0x000039e4 (0x123f2023) sw      gp, 288(t5)
core   0: 3 0x000039e4 (0x123f2023) mem 0x00003b00 0x00000001
core   0: >>>>  _exit
core   0: 0x000039e8 (0x0000bfe5) c.j     pc - 8
core   0: 3 0x000039e8 (0xbfe5)
core   0: >>>>  write_tohost
core   0: 0x000039e0 (0x00000f17) auipc   t5, 0x0
core   0: 3 0x000039e0 (0x00000f17) x30 0x000039e0
core   0: 0x000039e4 (0x123f2023) sw      gp, 288(t5)
core   0: 3 0x000039e4 (0x123f2023) mem 0x00003b00 0x00000001
core   0: >>>>  _exit
core   0: 0x000039e8 (0x0000bfe5) c.j     pc - 8
core   0: 3 0x000039e8 (0xbfe5)
core   0: >>>>  write_tohost
core   0: 0x000039e0 (0x00000f17) auipc   t5, 0x0
core   0: 3 0x000039e0 (0x00000f17) x30 0x000039e0
core   0: 0x000039e4 (0x123f2023) sw      gp, 288(t5)
core   0: 3 0x000039e4 (0x123f2023) mem 0x00003b00 0x00000001
core   0: >>>>  _exit
core   0: 0x000039e8 (0x0000bfe5) c.j     pc - 8
core   0: 3 0x000039e8 (0xbfe5)
core   0: >>>>  write_tohost
core   0: 0x000039e0 (0x00000f17) auipc   t5, 0x0
core   0: 3 0x000039e0 (0x00000f17) x30 0x000039e0
core   0: 0x000039e4 (0x123f2023) sw      gp, 288(t5)
core   0: 3 0x000039e4 (0x123f2023) mem 0x00003b00 0x00000001
core   0: >>>>  _exit
core   0: 0x000039e8 (0x0000bfe5) c.j     pc - 8
core   0: 3 0x000039e8 (0xbfe5)
core   0: >>>>  write_tohost
core   0: 0x000039e0 (0x00000f17) auipc   t5, 0x0
core   0: 3 0x000039e0 (0x00000f17) x30 0x000039e0
core   0: 0x000039e4 (0x123f2023) sw      gp, 288(t5)
core   0: 3 0x000039e4 (0x123f2023) mem 0x00003b00 0x00000001
core   0: >>>>  _exit
core   0: 0x000039e8 (0x0000bfe5) c.j     pc - 8
core   0: 3 0x000039e8 (0xbfe5)
core   0: >>>>  write_tohost
core   0: 0x000039e0 (0x00000f17) auipc   t5, 0x0
core   0: 3 0x000039e0 (0x00000f17) x30 0x000039e0
core   0: 0x000039e4 (0x123f2023) sw      gp, 288(t5)
core   0: 3 0x000039e4 (0x123f2023) mem 0x00003b00 0x00000001
core   0: >>>>  _exit
core   0: 0x000039e8 (0x0000bfe5) c.j     pc - 8
core   0: 3 0x000039e8 (0xbfe5)
core   0: >>>>  write_tohost
core   0: 0x000039e0 (0x00000f17) auipc   t5, 0x0
core   0: 3 0x000039e0 (0x00000f17) x30 0x000039e0
core   0: 0x000039e4 (0x123f2023) sw      gp, 288(t5)
core   0: 3 0x000039e4 (0x123f2023) mem 0x00003b00 0x00000001
core   0: >>>>  _exit
core   0: 0x000039e8 (0x0000bfe5) c.j     pc - 8
core   0: 3 0x000039e8 (0xbfe5)
core   0: >>>>  write_tohost
core   0: 0x000039e0 (0x00000f17) auipc   t5, 0x0
core   0: 3 0x000039e0 (0x00000f17) x30 0x000039e0
core   0: 0x000039e4 (0x123f2023) sw      gp, 288(t5)
core   0: 3 0x000039e4 (0x123f2023) mem 0x00003b00 0x00000001
core   0: >>>>  _exit
core   0: 0x000039e8 (0x0000bfe5) c.j     pc - 8
core   0: 3 0x000039e8 (0xbfe5)
core   0: >>>>  write_tohost
core   0: 0x000039e0 (0x00000f17) auipc   t5, 0x0
core   0: 3 0x000039e0 (0x00000f17) x30 0x000039e0
core   0: 0x000039e4 (0x123f2023) sw      gp, 288(t5)
core   0: 3 0x000039e4 (0x123f2023) mem 0x00003b00 0x00000001
core   0: >>>>  _exit
core   0: 0x000039e8 (0x0000bfe5) c.j     pc - 8
core   0: 3 0x000039e8 (0xbfe5)
core   0: >>>>  write_tohost
core   0: 0x000039e0 (0x00000f17) auipc   t5, 0x0
core   0: 3 0x000039e0 (0x00000f17) x30 0x000039e0
core   0: 0x000039e4 (0x123f2023) sw      gp, 288(t5)
core   0: 3 0x000039e4 (0x123f2023) mem 0x00003b00 0x00000001
core   0: >>>>  _exit
core   0: 0x000039e8 (0x0000bfe5) c.j     pc - 8
core   0: 3 0x000039e8 (0xbfe5)
core   0: >>>>  write_tohost
core   0: 0x000039e0 (0x00000f17) auipc   t5, 0x0
core   0: 3 0x000039e0 (0x00000f17) x30 0x000039e0
core   0: 0x000039e4 (0x123f2023) sw      gp, 288(t5)
core   0: 3 0x000039e4 (0x123f2023) mem 0x00003b00 0x00000001
core   0: >>>>  _exit
core   0: 0x000039e8 (0x0000bfe5) c.j     pc - 8
core   0: 3 0x000039e8 (0xbfe5)
core   0: >>>>  write_tohost
core   0: 0x000039e0 (0x00000f17) auipc   t5, 0x0
core   0: 3 0x000039e0 (0x00000f17) x30 0x000039e0
core   0: 0x000039e4 (0x123f2023) sw      gp, 288(t5)
core   0: 3 0x000039e4 (0x123f2023) mem 0x00003b00 0x00000001
core   0: >>>>  _exit
core   0: 0x000039e8 (0x0000bfe5) c.j     pc - 8
core   0: 3 0x000039e8 (0xbfe5)
core   0: >>>>  write_tohost
core   0: 0x000039e0 (0x00000f17) auipc   t5, 0x0
core   0: 3 0x000039e0 (0x00000f17) x30 0x000039e0
core   0: 0x000039e4 (0x123f2023) sw      gp, 288(t5)
core   0: 3 0x000039e4 (0x123f2023) mem 0x00003b00 0x00000001
core   0: >>>>  _exit
core   0: 0x000039e8 (0x0000bfe5) c.j     pc - 8
core   0: 3 0x000039e8 (0xbfe5)
core   0: >>>>  write_tohost
core   0: 0x000039e0 (0x00000f17) auipc   t5, 0x0
core   0: 3 0x000039e0 (0x00000f17) x30 0x000039e0
core   0: 0x000039e4 (0x123f2023) sw      gp, 288(t5)
core   0: 3 0x000039e4 (0x123f2023) mem 0x00003b00 0x00000001
core   0: >>>>  _exit
core   0: 0x000039e8 (0x0000bfe5) c.j     pc - 8
core   0: 3 0x000039e8 (0xbfe5)
core   0: >>>>  write_tohost
core   0: 0x000039e0 (0x00000f17) auipc   t5, 0x0
core   0: 3 0x000039e0 (0x00000f17) x30 0x000039e0
core   0: 0x000039e4 (0x123f2023) sw      gp, 288(t5)
core   0: 3 0x000039e4 (0x123f2023) mem 0x00003b00 0x00000001
core   0: >>>>  _exit
core   0: 0x000039e8 (0x0000bfe5) c.j     pc - 8
core   0: 3 0x000039e8 (0xbfe5)
core   0: >>>>  write_tohost
core   0: 0x000039e0 (0x00000f17) auipc   t5, 0x0
core   0: 3 0x000039e0 (0x00000f17) x30 0x000039e0
core   0: 0x000039e4 (0x123f2023) sw      gp, 288(t5)
core   0: 3 0x000039e4 (0x123f2023) mem 0x00003b00 0x00000001
core   0: >>>>  _exit
core   0: 0x000039e8 (0x0000bfe5) c.j     pc - 8
core   0: 3 0x000039e8 (0xbfe5)
core   0: >>>>  write_tohost
core   0: 0x000039e0 (0x00000f17) auipc   t5, 0x0
core   0: 3 0x000039e0 (0x00000f17) x30 0x000039e0
core   0: 0x000039e4 (0x123f2023) sw      gp, 288(t5)
core   0: 3 0x000039e4 (0x123f2023) mem 0x00003b00 0x00000001
core   0: >>>>  _exit
core   0: 0x000039e8 (0x0000bfe5) c.j     pc - 8
core   0: 3 0x000039e8 (0xbfe5)
core   0: >>>>  write_tohost
core   0: 0x000039e0 (0x00000f17) auipc   t5, 0x0
core   0: 3 0x000039e0 (0x00000f17) x30 0x000039e0
core   0: 0x000039e4 (0x123f2023) sw      gp, 288(t5)
core   0: 3 0x000039e4 (0x123f2023) mem 0x00003b00 0x00000001
core   0: >>>>  _exit
core   0: 0x000039e8 (0x0000bfe5) c.j     pc - 8
core   0: 3 0x000039e8 (0xbfe5)
core   0: >>>>  write_tohost
core   0: 0x000039e0 (0x00000f17) auipc   t5, 0x0
core   0: 3 0x000039e0 (0x00000f17) x30 0x000039e0
core   0: 0x000039e4 (0x123f2023) sw      gp, 288(t5)
core   0: 3 0x000039e4 (0x123f2023) mem 0x00003b00 0x00000001
core   0: >>>>  _exit
core   0: 0x000039e8 (0x0000bfe5) c.j     pc - 8
core   0: 3 0x000039e8 (0xbfe5)
core   0: >>>>  write_tohost
core   0: 0x000039e0 (0x00000f17) auipc   t5, 0x0
core   0: 3 0x000039e0 (0x00000f17) x30 0x000039e0
core   0: 0x000039e4 (0x123f2023) sw      gp, 288(t5)
core   0: 3 0x000039e4 (0x123f2023) mem 0x00003b00 0x00000001
core   0: >>>>  _exit
core   0: 0x000039e8 (0x0000bfe5) c.j     pc - 8
core   0: 3 0x000039e8 (0xbfe5)
core   0: >>>>  write_tohost
core   0: 0x000039e0 (0x00000f17) auipc   t5, 0x0
core   0: 3 0x000039e0 (0x00000f17) x30 0x000039e0
core   0: 0x000039e4 (0x123f2023) sw      gp, 288(t5)
core   0: 3 0x000039e4 (0x123f2023) mem 0x00003b00 0x00000001
core   0: >>>>  _exit
core   0: 0x000039e8 (0x0000bfe5) c.j     pc - 8
core   0: 3 0x000039e8 (0xbfe5)
core   0: >>>>  write_tohost
core   0: 0x000039e0 (0x00000f17) auipc   t5, 0x0
core   0: 3 0x000039e0 (0x00000f17) x30 0x000039e0
core   0: 0x000039e4 (0x123f2023) sw      gp, 288(t5)
core   0: 3 0x000039e4 (0x123f2023) mem 0x00003b00 0x00000001
core   0: >>>>  _exit
core   0: 0x000039e8 (0x0000bfe5) c.j     pc - 8
core   0: 3 0x000039e8 (0xbfe5)
core   0: >>>>  write_tohost
core   0: 0x000039e0 (0x00000f17) auipc   t5, 0x0
core   0: 3 0x000039e0 (0x00000f17) x30 0x000039e0
core   0: 0x000039e4 (0x123f2023) sw      gp, 288(t5)
core   0: 3 0x000039e4 (0x123f2023) mem 0x00003b00 0x00000001
core   0: >>>>  _exit
core   0: 0x000039e8 (0x0000bfe5) c.j     pc - 8
core   0: 3 0x000039e8 (0xbfe5)
core   0: >>>>  write_tohost
core   0: 0x000039e0 (0x00000f17) auipc   t5, 0x0
core   0: 3 0x000039e0 (0x00000f17) x30 0x000039e0
core   0: 0x000039e4 (0x123f2023) sw      gp, 288(t5)
core   0: 3 0x000039e4 (0x123f2023) mem 0x00003b00 0x00000001
core   0: >>>>  _exit
core   0: 0x000039e8 (0x0000bfe5) c.j     pc - 8
core   0: 3 0x000039e8 (0xbfe5)
core   0: >>>>  write_tohost
core   0: 0x000039e0 (0x00000f17) auipc   t5, 0x0
core   0: 3 0x000039e0 (0x00000f17) x30 0x000039e0
core   0: 0x000039e4 (0x123f2023) sw      gp, 288(t5)
core   0: 3 0x000039e4 (0x123f2023) mem 0x00003b00 0x00000001
core   0: >>>>  _exit
core   0: 0x000039e8 (0x0000bfe5) c.j     pc - 8
core   0: 3 0x000039e8 (0xbfe5)
core   0: >>>>  write_tohost
core   0: 0x000039e0 (0x00000f17) auipc   t5, 0x0
core   0: 3 0x000039e0 (0x00000f17) x30 0x000039e0
core   0: 0x000039e4 (0x123f2023) sw      gp, 288(t5)
core   0: 3 0x000039e4 (0x123f2023) mem 0x00003b00 0x00000001
core   0: >>>>  _exit
core   0: 0x000039e8 (0x0000bfe5) c.j     pc - 8
core   0: 3 0x000039e8 (0xbfe5)
core   0: >>>>  write_tohost
core   0: 0x000039e0 (0x00000f17) auipc   t5, 0x0
core   0: 3 0x000039e0 (0x00000f17) x30 0x000039e0
core   0: 0x000039e4 (0x123f2023) sw      gp, 288(t5)
core   0: 3 0x000039e4 (0x123f2023) mem 0x00003b00 0x00000001
core   0: >>>>  _exit
core   0: 0x000039e8 (0x0000bfe5) c.j     pc - 8
core   0: 3 0x000039e8 (0xbfe5)
core   0: >>>>  write_tohost
core   0: 0x000039e0 (0x00000f17) auipc   t5, 0x0
core   0: 3 0x000039e0 (0x00000f17) x30 0x000039e0
core   0: 0x000039e4 (0x123f2023) sw      gp, 288(t5)
core   0: 3 0x000039e4 (0x123f2023) mem 0x00003b00 0x00000001
core   0: >>>>  _exit
core   0: 0x000039e8 (0x0000bfe5) c.j     pc - 8
core   0: 3 0x000039e8 (0xbfe5)
core   0: >>>>  write_tohost
core   0: 0x000039e0 (0x00000f17) auipc   t5, 0x0
core   0: 3 0x000039e0 (0x00000f17) x30 0x000039e0
core   0: 0x000039e4 (0x123f2023) sw      gp, 288(t5)
core   0: 3 0x000039e4 (0x123f2023) mem 0x00003b00 0x00000001
core   0: >>>>  _exit
core   0: 0x000039e8 (0x0000bfe5) c.j     pc - 8
core   0: 3 0x000039e8 (0xbfe5)
core   0: >>>>  write_tohost
core   0: 0x000039e0 (0x00000f17) auipc   t5, 0x0
core   0: 3 0x000039e0 (0x00000f17) x30 0x000039e0
core   0: 0x000039e4 (0x123f2023) sw      gp, 288(t5)
core   0: 3 0x000039e4 (0x123f2023) mem 0x00003b00 0x00000001
core   0: >>>>  _exit
core   0: 0x000039e8 (0x0000bfe5) c.j     pc - 8
core   0: 3 0x000039e8 (0xbfe5)
core   0: >>>>  write_tohost
core   0: 0x000039e0 (0x00000f17) auipc   t5, 0x0
core   0: 3 0x000039e0 (0x00000f17) x30 0x000039e0
core   0: 0x000039e4 (0x123f2023) sw      gp, 288(t5)
core   0: 3 0x000039e4 (0x123f2023) mem 0x00003b00 0x00000001
core   0: >>>>  _exit
core   0: 0x000039e8 (0x0000bfe5) c.j     pc - 8
core   0: 3 0x000039e8 (0xbfe5)
core   0: >>>>  write_tohost
core   0: 0x000039e0 (0x00000f17) auipc   t5, 0x0
core   0: 3 0x000039e0 (0x00000f17) x30 0x000039e0
core   0: 0x000039e4 (0x123f2023) sw      gp, 288(t5)
core   0: 3 0x000039e4 (0x123f2023) mem 0x00003b00 0x00000001
core   0: >>>>  _exit
core   0: 0x000039e8 (0x0000bfe5) c.j     pc - 8
core   0: 3 0x000039e8 (0xbfe5)
core   0: >>>>  write_tohost
core   0: 0x000039e0 (0x00000f17) auipc   t5, 0x0
core   0: 3 0x000039e0 (0x00000f17) x30 0x000039e0
core   0: 0x000039e4 (0x123f2023) sw      gp, 288(t5)
core   0: 3 0x000039e4 (0x123f2023) mem 0x00003b00 0x00000001
core   0: >>>>  _exit
core   0: 0x000039e8 (0x0000bfe5) c.j     pc - 8
core   0: 3 0x000039e8 (0xbfe5)
core   0: >>>>  write_tohost
core   0: 0x000039e0 (0x00000f17) auipc   t5, 0x0
core   0: 3 0x000039e0 (0x00000f17) x30 0x000039e0
core   0: 0x000039e4 (0x123f2023) sw      gp, 288(t5)
core   0: 3 0x000039e4 (0x123f2023) mem 0x00003b00 0x00000001
core   0: >>>>  _exit
core   0: 0x000039e8 (0x0000bfe5) c.j     pc - 8
core   0: 3 0x000039e8 (0xbfe5)
core   0: >>>>  write_tohost
core   0: 0x000039e0 (0x00000f17) auipc   t5, 0x0
core   0: 3 0x000039e0 (0x00000f17) x30 0x000039e0
core   0: 0x000039e4 (0x123f2023) sw      gp, 288(t5)
core   0: 3 0x000039e4 (0x123f2023) mem 0x00003b00 0x00000001
core   0: >>>>  _exit
core   0: 0x000039e8 (0x0000bfe5) c.j     pc - 8
core   0: 3 0x000039e8 (0xbfe5)
core   0: >>>>  write_tohost
core   0: 0x000039e0 (0x00000f17) auipc   t5, 0x0
core   0: 3 0x000039e0 (0x00000f17) x30 0x000039e0
core   0: 0x000039e4 (0x123f2023) sw      gp, 288(t5)
core   0: 3 0x000039e4 (0x123f2023) mem 0x00003b00 0x00000001
core   0: >>>>  _exit
core   0: 0x000039e8 (0x0000bfe5) c.j     pc - 8
core   0: 3 0x000039e8 (0xbfe5)
core   0: >>>>  write_tohost
core   0: 0x000039e0 (0x00000f17) auipc   t5, 0x0
core   0: 3 0x000039e0 (0x00000f17) x30 0x000039e0
core   0: 0x000039e4 (0x123f2023) sw      gp, 288(t5)
core   0: 3 0x000039e4 (0x123f2023) mem 0x00003b00 0x00000001
core   0: >>>>  _exit
core   0: 0x000039e8 (0x0000bfe5) c.j     pc - 8
core   0: 3 0x000039e8 (0xbfe5)
core   0: >>>>  write_tohost
core   0: 0x000039e0 (0x00000f17) auipc   t5, 0x0
core   0: 3 0x000039e0 (0x00000f17) x30 0x000039e0
core   0: 0x000039e4 (0x123f2023) sw      gp, 288(t5)
core   0: 3 0x000039e4 (0x123f2023) mem 0x00003b00 0x00000001
core   0: >>>>  _exit
core   0: 0x000039e8 (0x0000bfe5) c.j     pc - 8
core   0: 3 0x000039e8 (0xbfe5)
core   0: >>>>  write_tohost
core   0: 0x000039e0 (0x00000f17) auipc   t5, 0x0
core   0: 3 0x000039e0 (0x00000f17) x30 0x000039e0
core   0: 0x000039e4 (0x123f2023) sw      gp, 288(t5)
core   0: 3 0x000039e4 (0x123f2023) mem 0x00003b00 0x00000001
core   0: >>>>  _exit
core   0: 0x000039e8 (0x0000bfe5) c.j     pc - 8
core   0: 3 0x000039e8 (0xbfe5)
core   0: >>>>  write_tohost
core   0: 0x000039e0 (0x00000f17) auipc   t5, 0x0
core   0: 3 0x000039e0 (0x00000f17) x30 0x000039e0
core   0: 0x000039e4 (0x123f2023) sw      gp, 288(t5)
core   0: 3 0x000039e4 (0x123f2023) mem 0x00003b00 0x00000001
core   0: >>>>  _exit
core   0: 0x000039e8 (0x0000bfe5) c.j     pc - 8
core   0: 3 0x000039e8 (0xbfe5)
core   0: >>>>  write_tohost
core   0: 0x000039e0 (0x00000f17) auipc   t5, 0x0
core   0: 3 0x000039e0 (0x00000f17) x30 0x000039e0
core   0: 0x000039e4 (0x123f2023) sw      gp, 288(t5)
core   0: 3 0x000039e4 (0x123f2023) mem 0x00003b00 0x00000001
core   0: >>>>  _exit
core   0: 0x000039e8 (0x0000bfe5) c.j     pc - 8
core   0: 3 0x000039e8 (0xbfe5)
core   0: >>>>  write_tohost
core   0: 0x000039e0 (0x00000f17) auipc   t5, 0x0
core   0: 3 0x000039e0 (0x00000f17) x30 0x000039e0
core   0: 0x000039e4 (0x123f2023) sw      gp, 288(t5)
core   0: 3 0x000039e4 (0x123f2023) mem 0x00003b00 0x00000001
core   0: >>>>  _exit
core   0: 0x000039e8 (0x0000bfe5) c.j     pc - 8
core   0: 3 0x000039e8 (0xbfe5)
core   0: >>>>  write_tohost
core   0: 0x000039e0 (0x00000f17) auipc   t5, 0x0
core   0: 3 0x000039e0 (0x00000f17) x30 0x000039e0
core   0: 0x000039e4 (0x123f2023) sw      gp, 288(t5)
core   0: 3 0x000039e4 (0x123f2023) mem 0x00003b00 0x00000001
core   0: >>>>  _exit
core   0: 0x000039e8 (0x0000bfe5) c.j     pc - 8
core   0: 3 0x000039e8 (0xbfe5)
core   0: >>>>  write_tohost
core   0: 0x000039e0 (0x00000f17) auipc   t5, 0x0
core   0: 3 0x000039e0 (0x00000f17) x30 0x000039e0
core   0: 0x000039e4 (0x123f2023) sw      gp, 288(t5)
core   0: 3 0x000039e4 (0x123f2023) mem 0x00003b00 0x00000001
core   0: >>>>  _exit
core   0: 0x000039e8 (0x0000bfe5) c.j     pc - 8
core   0: 3 0x000039e8 (0xbfe5)
core   0: >>>>  write_tohost
core   0: 0x000039e0 (0x00000f17) auipc   t5, 0x0
core   0: 3 0x000039e0 (0x00000f17) x30 0x000039e0
core   0: 0x000039e4 (0x123f2023) sw      gp, 288(t5)
core   0: 3 0x000039e4 (0x123f2023) mem 0x00003b00 0x00000001
core   0: >>>>  _exit
core   0: 0x000039e8 (0x0000bfe5) c.j     pc - 8
core   0: 3 0x000039e8 (0xbfe5)
core   0: >>>>  write_tohost
core   0: 0x000039e0 (0x00000f17) auipc   t5, 0x0
core   0: 3 0x000039e0 (0x00000f17) x30 0x000039e0
core   0: 0x000039e4 (0x123f2023) sw      gp, 288(t5)
core   0: 3 0x000039e4 (0x123f2023) mem 0x00003b00 0x00000001
core   0: >>>>  _exit
core   0: 0x000039e8 (0x0000bfe5) c.j     pc - 8
core   0: 3 0x000039e8 (0xbfe5)
core   0: >>>>  write_tohost
core   0: 0x000039e0 (0x00000f17) auipc   t5, 0x0
core   0: 3 0x000039e0 (0x00000f17) x30 0x000039e0
core   0: 0x000039e4 (0x123f2023) sw      gp, 288(t5)
core   0: 3 0x000039e4 (0x123f2023) mem 0x00003b00 0x00000001
core   0: >>>>  _exit
core   0: 0x000039e8 (0x0000bfe5) c.j     pc - 8
core   0: 3 0x000039e8 (0xbfe5)
core   0: >>>>  write_tohost
core   0: 0x000039e0 (0x00000f17) auipc   t5, 0x0
core   0: 3 0x000039e0 (0x00000f17) x30 0x000039e0
core   0: 0x000039e4 (0x123f2023) sw      gp, 288(t5)
core   0: 3 0x000039e4 (0x123f2023) mem 0x00003b00 0x00000001
core   0: >>>>  _exit
core   0: 0x000039e8 (0x0000bfe5) c.j     pc - 8
core   0: 3 0x000039e8 (0xbfe5)
core   0: >>>>  write_tohost
core   0: 0x000039e0 (0x00000f17) auipc   t5, 0x0
core   0: 3 0x000039e0 (0x00000f17) x30 0x000039e0
core   0: 0x000039e4 (0x123f2023) sw      gp, 288(t5)
core   0: 3 0x000039e4 (0x123f2023) mem 0x00003b00 0x00000001
core   0: >>>>  _exit
core   0: 0x000039e8 (0x0000bfe5) c.j     pc - 8
core   0: 3 0x000039e8 (0xbfe5)
core   0: >>>>  write_tohost
core   0: 0x000039e0 (0x00000f17) auipc   t5, 0x0
core   0: 3 0x000039e0 (0x00000f17) x30 0x000039e0
core   0: 0x000039e4 (0x123f2023) sw      gp, 288(t5)
core   0: 3 0x000039e4 (0x123f2023) mem 0x00003b00 0x00000001
core   0: >>>>  _exit
core   0: 0x000039e8 (0x0000bfe5) c.j     pc - 8
core   0: 3 0x000039e8 (0xbfe5)
core   0: >>>>  write_tohost
core   0: 0x000039e0 (0x00000f17) auipc   t5, 0x0
core   0: 3 0x000039e0 (0x00000f17) x30 0x000039e0
core   0: 0x000039e4 (0x123f2023) sw      gp, 288(t5)
core   0: 3 0x000039e4 (0x123f2023) mem 0x00003b00 0x00000001
core   0: >>>>  _exit
core   0: 0x000039e8 (0x0000bfe5) c.j     pc - 8
core   0: 3 0x000039e8 (0xbfe5)
core   0: >>>>  write_tohost
core   0: 0x000039e0 (0x00000f17) auipc   t5, 0x0
core   0: 3 0x000039e0 (0x00000f17) x30 0x000039e0
core   0: 0x000039e4 (0x123f2023) sw      gp, 288(t5)
core   0: 3 0x000039e4 (0x123f2023) mem 0x00003b00 0x00000001
core   0: >>>>  _exit
core   0: 0x000039e8 (0x0000bfe5) c.j     pc - 8
core   0: 3 0x000039e8 (0xbfe5)
core   0: >>>>  write_tohost
core   0: 0x000039e0 (0x00000f17) auipc   t5, 0x0
core   0: 3 0x000039e0 (0x00000f17) x30 0x000039e0
core   0: 0x000039e4 (0x123f2023) sw      gp, 288(t5)
core   0: 3 0x000039e4 (0x123f2023) mem 0x00003b00 0x00000001
core   0: >>>>  _exit
core   0: 0x000039e8 (0x0000bfe5) c.j     pc - 8
core   0: 3 0x000039e8 (0xbfe5)
core   0: >>>>  write_tohost
core   0: 0x000039e0 (0x00000f17) auipc   t5, 0x0
core   0: 3 0x000039e0 (0x00000f17) x30 0x000039e0
core   0: 0x000039e4 (0x123f2023) sw      gp, 288(t5)
core   0: 3 0x000039e4 (0x123f2023) mem 0x00003b00 0x00000001
core   0: >>>>  _exit
core   0: 0x000039e8 (0x0000bfe5) c.j     pc - 8
core   0: 3 0x000039e8 (0xbfe5)
core   0: >>>>  write_tohost
core   0: 0x000039e0 (0x00000f17) auipc   t5, 0x0
core   0: 3 0x000039e0 (0x00000f17) x30 0x000039e0
core   0: 0x000039e4 (0x123f2023) sw      gp, 288(t5)
core   0: 3 0x000039e4 (0x123f2023) mem 0x00003b00 0x00000001
core   0: >>>>  _exit
core   0: 0x000039e8 (0x0000bfe5) c.j     pc - 8
core   0: 3 0x000039e8 (0xbfe5)
core   0: >>>>  write_tohost
core   0: 0x000039e0 (0x00000f17) auipc   t5, 0x0
core   0: 3 0x000039e0 (0x00000f17) x30 0x000039e0
core   0: 0x000039e4 (0x123f2023) sw      gp, 288(t5)
core   0: 3 0x000039e4 (0x123f2023) mem 0x00003b00 0x00000001
core   0: >>>>  _exit
core   0: 0x000039e8 (0x0000bfe5) c.j     pc - 8
core   0: 3 0x000039e8 (0xbfe5)
core   0: >>>>  write_tohost
core   0: 0x000039e0 (0x00000f17) auipc   t5, 0x0
core   0: 3 0x000039e0 (0x00000f17) x30 0x000039e0
core   0: 0x000039e4 (0x123f2023) sw      gp, 288(t5)
core   0: 3 0x000039e4 (0x123f2023) mem 0x00003b00 0x00000001
core   0: >>>>  _exit
core   0: 0x000039e8 (0x0000bfe5) c.j     pc - 8
core   0: 3 0x000039e8 (0xbfe5)
core   0: >>>>  write_tohost
core   0: 0x000039e0 (0x00000f17) auipc   t5, 0x0
core   0: 3 0x000039e0 (0x00000f17) x30 0x000039e0
core   0: 0x000039e4 (0x123f2023) sw      gp, 288(t5)
core   0: 3 0x000039e4 (0x123f2023) mem 0x00003b00 0x00000001
core   0: >>>>  _exit
core   0: 0x000039e8 (0x0000bfe5) c.j     pc - 8
core   0: 3 0x000039e8 (0xbfe5)
core   0: >>>>  write_tohost
core   0: 0x000039e0 (0x00000f17) auipc   t5, 0x0
core   0: 3 0x000039e0 (0x00000f17) x30 0x000039e0
core   0: 0x000039e4 (0x123f2023) sw      gp, 288(t5)
core   0: 3 0x000039e4 (0x123f2023) mem 0x00003b00 0x00000001
core   0: >>>>  _exit
core   0: 0x000039e8 (0x0000bfe5) c.j     pc - 8
core   0: 3 0x000039e8 (0xbfe5)
core   0: >>>>  write_tohost
core   0: 0x000039e0 (0x00000f17) auipc   t5, 0x0
core   0: 3 0x000039e0 (0x00000f17) x30 0x000039e0
core   0: 0x000039e4 (0x123f2023) sw      gp, 288(t5)
core   0: 3 0x000039e4 (0x123f2023) mem 0x00003b00 0x00000001
core   0: >>>>  _exit
core   0: 0x000039e8 (0x0000bfe5) c.j     pc - 8
core   0: 3 0x000039e8 (0xbfe5)
core   0: >>>>  write_tohost
core   0: 0x000039e0 (0x00000f17) auipc   t5, 0x0
core   0: 3 0x000039e0 (0x00000f17) x30 0x000039e0
core   0: 0x000039e4 (0x123f2023) sw      gp, 288(t5)
core   0: 3 0x000039e4 (0x123f2023) mem 0x00003b00 0x00000001
core   0: >>>>  _exit
core   0: 0x000039e8 (0x0000bfe5) c.j     pc - 8
core   0: 3 0x000039e8 (0xbfe5)
core   0: >>>>  write_tohost
core   0: 0x000039e0 (0x00000f17) auipc   t5, 0x0
core   0: 3 0x000039e0 (0x00000f17) x30 0x000039e0
core   0: 0x000039e4 (0x123f2023) sw      gp, 288(t5)
core   0: 3 0x000039e4 (0x123f2023) mem 0x00003b00 0x00000001
core   0: >>>>  _exit
core   0: 0x000039e8 (0x0000bfe5) c.j     pc - 8
core   0: 3 0x000039e8 (0xbfe5)
core   0: >>>>  write_tohost
core   0: 0x000039e0 (0x00000f17) auipc   t5, 0x0
core   0: 3 0x000039e0 (0x00000f17) x30 0x000039e0
core   0: 0x000039e4 (0x123f2023) sw      gp, 288(t5)
core   0: 3 0x000039e4 (0x123f2023) mem 0x00003b00 0x00000001
core   0: >>>>  _exit
core   0: 0x000039e8 (0x0000bfe5) c.j     pc - 8
core   0: 3 0x000039e8 (0xbfe5)
core   0: >>>>  write_tohost
core   0: 0x000039e0 (0x00000f17) auipc   t5, 0x0
core   0: 3 0x000039e0 (0x00000f17) x30 0x000039e0
core   0: 0x000039e4 (0x123f2023) sw      gp, 288(t5)
core   0: 3 0x000039e4 (0x123f2023) mem 0x00003b00 0x00000001
core   0: >>>>  _exit
core   0: 0x000039e8 (0x0000bfe5) c.j     pc - 8
core   0: 3 0x000039e8 (0xbfe5)
core   0: >>>>  write_tohost
core   0: 0x000039e0 (0x00000f17) auipc   t5, 0x0
core   0: 3 0x000039e0 (0x00000f17) x30 0x000039e0
core   0: 0x000039e4 (0x123f2023) sw      gp, 288(t5)
core   0: 3 0x000039e4 (0x123f2023) mem 0x00003b00 0x00000001
core   0: >>>>  _exit
core   0: 0x000039e8 (0x0000bfe5) c.j     pc - 8
core   0: 3 0x000039e8 (0xbfe5)
core   0: >>>>  write_tohost
core   0: 0x000039e0 (0x00000f17) auipc   t5, 0x0
core   0: 3 0x000039e0 (0x00000f17) x30 0x000039e0
core   0: 0x000039e4 (0x123f2023) sw      gp, 288(t5)
core   0: 3 0x000039e4 (0x123f2023) mem 0x00003b00 0x00000001
core   0: >>>>  _exit
core   0: 0x000039e8 (0x0000bfe5) c.j     pc - 8
core   0: 3 0x000039e8 (0xbfe5)
core   0: >>>>  write_tohost
core   0: 0x000039e0 (0x00000f17) auipc   t5, 0x0
core   0: 3 0x000039e0 (0x00000f17) x30 0x000039e0
core   0: 0x000039e4 (0x123f2023) sw      gp, 288(t5)
core   0: 3 0x000039e4 (0x123f2023) mem 0x00003b00 0x00000001
core   0: >>>>  _exit
core   0: 0x000039e8 (0x0000bfe5) c.j     pc - 8
core   0: 3 0x000039e8 (0xbfe5)
core   0: >>>>  write_tohost
core   0: 0x000039e0 (0x00000f17) auipc   t5, 0x0
core   0: 3 0x000039e0 (0x00000f17) x30 0x000039e0
core   0: 0x000039e4 (0x123f2023) sw      gp, 288(t5)
core   0: 3 0x000039e4 (0x123f2023) mem 0x00003b00 0x00000001
core   0: >>>>  _exit
core   0: 0x000039e8 (0x0000bfe5) c.j     pc - 8
core   0: 3 0x000039e8 (0xbfe5)
core   0: >>>>  write_tohost
core   0: 0x000039e0 (0x00000f17) auipc   t5, 0x0
core   0: 3 0x000039e0 (0x00000f17) x30 0x000039e0
core   0: 0x000039e4 (0x123f2023) sw      gp, 288(t5)
core   0: 3 0x000039e4 (0x123f2023) mem 0x00003b00 0x00000001
core   0: >>>>  _exit
core   0: 0x000039e8 (0x0000bfe5) c.j     pc - 8
core   0: 3 0x000039e8 (0xbfe5)
core   0: >>>>  write_tohost
core   0: 0x000039e0 (0x00000f17) auipc   t5, 0x0
core   0: 3 0x000039e0 (0x00000f17) x30 0x000039e0
core   0: 0x000039e4 (0x123f2023) sw      gp, 288(t5)
core   0: 3 0x000039e4 (0x123f2023) mem 0x00003b00 0x00000001
core   0: >>>>  _exit
core   0: 0x000039e8 (0x0000bfe5) c.j     pc - 8
core   0: 3 0x000039e8 (0xbfe5)
core   0: >>>>  write_tohost
core   0: 0x000039e0 (0x00000f17) auipc   t5, 0x0
core   0: 3 0x000039e0 (0x00000f17) x30 0x000039e0
core   0: 0x000039e4 (0x123f2023) sw      gp, 288(t5)
core   0: 3 0x000039e4 (0x123f2023) mem 0x00003b00 0x00000001
core   0: >>>>  _exit
core   0: 0x000039e8 (0x0000bfe5) c.j     pc - 8
core   0: 3 0x000039e8 (0xbfe5)
core   0: >>>>  write_tohost
core   0: 0x000039e0 (0x00000f17) auipc   t5, 0x0
core   0: 3 0x000039e0 (0x00000f17) x30 0x000039e0
core   0: 0x000039e4 (0x123f2023) sw      gp, 288(t5)
core   0: 3 0x000039e4 (0x123f2023) mem 0x00003b00 0x00000001
core   0: >>>>  _exit
core   0: 0x000039e8 (0x0000bfe5) c.j     pc - 8
core   0: 3 0x000039e8 (0xbfe5)
core   0: >>>>  write_tohost
core   0: 0x000039e0 (0x00000f17) auipc   t5, 0x0
core   0: 3 0x000039e0 (0x00000f17) x30 0x000039e0
core   0: 0x000039e4 (0x123f2023) sw      gp, 288(t5)
core   0: 3 0x000039e4 (0x123f2023) mem 0x00003b00 0x00000001
core   0: >>>>  _exit
core   0: 0x000039e8 (0x0000bfe5) c.j     pc - 8
core   0: 3 0x000039e8 (0xbfe5)
core   0: >>>>  write_tohost
core   0: 0x000039e0 (0x00000f17) auipc   t5, 0x0
core   0: 3 0x000039e0 (0x00000f17) x30 0x000039e0
core   0: 0x000039e4 (0x123f2023) sw      gp, 288(t5)
core   0: 3 0x000039e4 (0x123f2023) mem 0x00003b00 0x00000001
core   0: >>>>  _exit
core   0: 0x000039e8 (0x0000bfe5) c.j     pc - 8
core   0: 3 0x000039e8 (0xbfe5)
core   0: >>>>  write_tohost
core   0: 0x000039e0 (0x00000f17) auipc   t5, 0x0
core   0: 3 0x000039e0 (0x00000f17) x30 0x000039e0
core   0: 0x000039e4 (0x123f2023) sw      gp, 288(t5)
core   0: 3 0x000039e4 (0x123f2023) mem 0x00003b00 0x00000001
core   0: >>>>  _exit
core   0: 0x000039e8 (0x0000bfe5) c.j     pc - 8
core   0: 3 0x000039e8 (0xbfe5)
core   0: >>>>  write_tohost
core   0: 0x000039e0 (0x00000f17) auipc   t5, 0x0
core   0: 3 0x000039e0 (0x00000f17) x30 0x000039e0
core   0: 0x000039e4 (0x123f2023) sw      gp, 288(t5)
core   0: 3 0x000039e4 (0x123f2023) mem 0x00003b00 0x00000001
core   0: >>>>  _exit
core   0: 0x000039e8 (0x0000bfe5) c.j     pc - 8
core   0: 3 0x000039e8 (0xbfe5)
core   0: >>>>  write_tohost
core   0: 0x000039e0 (0x00000f17) auipc   t5, 0x0
core   0: 3 0x000039e0 (0x00000f17) x30 0x000039e0
core   0: 0x000039e4 (0x123f2023) sw      gp, 288(t5)
core   0: 3 0x000039e4 (0x123f2023) mem 0x00003b00 0x00000001
core   0: >>>>  _exit
core   0: 0x000039e8 (0x0000bfe5) c.j     pc - 8
core   0: 3 0x000039e8 (0xbfe5)
core   0: >>>>  write_tohost
core   0: 0x000039e0 (0x00000f17) auipc   t5, 0x0
core   0: 3 0x000039e0 (0x00000f17) x30 0x000039e0
core   0: 0x000039e4 (0x123f2023) sw      gp, 288(t5)
core   0: 3 0x000039e4 (0x123f2023) mem 0x00003b00 0x00000001
core   0: >>>>  _exit
core   0: 0x000039e8 (0x0000bfe5) c.j     pc - 8
core   0: 3 0x000039e8 (0xbfe5)
core   0: >>>>  write_tohost
core   0: 0x000039e0 (0x00000f17) auipc   t5, 0x0
core   0: 3 0x000039e0 (0x00000f17) x30 0x000039e0
core   0: 0x000039e4 (0x123f2023) sw      gp, 288(t5)
core   0: 3 0x000039e4 (0x123f2023) mem 0x00003b00 0x00000001
core   0: >>>>  _exit
core   0: 0x000039e8 (0x0000bfe5) c.j     pc - 8
core   0: 3 0x000039e8 (0xbfe5)
core   0: >>>>  write_tohost
core   0: 0x000039e0 (0x00000f17) auipc   t5, 0x0
core   0: 3 0x000039e0 (0x00000f17) x30 0x000039e0
core   0: 0x000039e4 (0x123f2023) sw      gp, 288(t5)
core   0: 3 0x000039e4 (0x123f2023) mem 0x00003b00 0x00000001
core   0: >>>>  _exit
core   0: 0x000039e8 (0x0000bfe5) c.j     pc - 8
core   0: 3 0x000039e8 (0xbfe5)
core   0: >>>>  write_tohost
core   0: 0x000039e0 (0x00000f17) auipc   t5, 0x0
core   0: 3 0x000039e0 (0x00000f17) x30 0x000039e0
core   0: 0x000039e4 (0x123f2023) sw      gp, 288(t5)
core   0: 3 0x000039e4 (0x123f2023) mem 0x00003b00 0x00000001
core   0: >>>>  _exit
core   0: 0x000039e8 (0x0000bfe5) c.j     pc - 8
core   0: 3 0x000039e8 (0xbfe5)
core   0: >>>>  write_tohost
core   0: 0x000039e0 (0x00000f17) auipc   t5, 0x0
core   0: 3 0x000039e0 (0x00000f17) x30 0x000039e0
core   0: 0x000039e4 (0x123f2023) sw      gp, 288(t5)
core   0: 3 0x000039e4 (0x123f2023) mem 0x00003b00 0x00000001
core   0: >>>>  _exit
core   0: 0x000039e8 (0x0000bfe5) c.j     pc - 8
core   0: 3 0x000039e8 (0xbfe5)
core   0: >>>>  write_tohost
core   0: 0x000039e0 (0x00000f17) auipc   t5, 0x0
core   0: 3 0x000039e0 (0x00000f17) x30 0x000039e0
core   0: 0x000039e4 (0x123f2023) sw      gp, 288(t5)
core   0: 3 0x000039e4 (0x123f2023) mem 0x00003b00 0x00000001
core   0: >>>>  _exit
core   0: 0x000039e8 (0x0000bfe5) c.j     pc - 8
core   0: 3 0x000039e8 (0xbfe5)
core   0: >>>>  write_tohost
core   0: 0x000039e0 (0x00000f17) auipc   t5, 0x0
core   0: 3 0x000039e0 (0x00000f17) x30 0x000039e0
core   0: 0x000039e4 (0x123f2023) sw      gp, 288(t5)
core   0: 3 0x000039e4 (0x123f2023) mem 0x00003b00 0x00000001
core   0: >>>>  _exit
core   0: 0x000039e8 (0x0000bfe5) c.j     pc - 8
core   0: 3 0x000039e8 (0xbfe5)
core   0: >>>>  write_tohost
core   0: 0x000039e0 (0x00000f17) auipc   t5, 0x0
core   0: 3 0x000039e0 (0x00000f17) x30 0x000039e0
core   0: 0x000039e4 (0x123f2023) sw      gp, 288(t5)
core   0: 3 0x000039e4 (0x123f2023) mem 0x00003b00 0x00000001
core   0: >>>>  _exit
core   0: 0x000039e8 (0x0000bfe5) c.j     pc - 8
core   0: 3 0x000039e8 (0xbfe5)
core   0: >>>>  write_tohost
core   0: 0x000039e0 (0x00000f17) auipc   t5, 0x0
core   0: 3 0x000039e0 (0x00000f17) x30 0x000039e0
core   0: 0x000039e4 (0x123f2023) sw      gp, 288(t5)
core   0: 3 0x000039e4 (0x123f2023) mem 0x00003b00 0x00000001
core   0: >>>>  _exit
core   0: 0x000039e8 (0x0000bfe5) c.j     pc - 8
core   0: 3 0x000039e8 (0xbfe5)
core   0: >>>>  write_tohost
core   0: 0x000039e0 (0x00000f17) auipc   t5, 0x0
core   0: 3 0x000039e0 (0x00000f17) x30 0x000039e0
core   0: 0x000039e4 (0x123f2023) sw      gp, 288(t5)
core   0: 3 0x000039e4 (0x123f2023) mem 0x00003b00 0x00000001
core   0: >>>>  _exit
core   0: 0x000039e8 (0x0000bfe5) c.j     pc - 8
core   0: 3 0x000039e8 (0xbfe5)
core   0: >>>>  write_tohost
core   0: 0x000039e0 (0x00000f17) auipc   t5, 0x0
core   0: 3 0x000039e0 (0x00000f17) x30 0x000039e0
core   0: 0x000039e4 (0x123f2023) sw      gp, 288(t5)
core   0: 3 0x000039e4 (0x123f2023) mem 0x00003b00 0x00000001
core   0: >>>>  _exit
core   0: 0x000039e8 (0x0000bfe5) c.j     pc - 8
core   0: 3 0x000039e8 (0xbfe5)
core   0: >>>>  write_tohost
core   0: 0x000039e0 (0x00000f17) auipc   t5, 0x0
core   0: 3 0x000039e0 (0x00000f17) x30 0x000039e0
core   0: 0x000039e4 (0x123f2023) sw      gp, 288(t5)
core   0: 3 0x000039e4 (0x123f2023) mem 0x00003b00 0x00000001
core   0: >>>>  _exit
core   0: 0x000039e8 (0x0000bfe5) c.j     pc - 8
core   0: 3 0x000039e8 (0xbfe5)
core   0: >>>>  write_tohost
core   0: 0x000039e0 (0x00000f17) auipc   t5, 0x0
core   0: 3 0x000039e0 (0x00000f17) x30 0x000039e0
core   0: 0x000039e4 (0x123f2023) sw      gp, 288(t5)
core   0: 3 0x000039e4 (0x123f2023) mem 0x00003b00 0x00000001
core   0: >>>>  _exit
core   0: 0x000039e8 (0x0000bfe5) c.j     pc - 8
core   0: 3 0x000039e8 (0xbfe5)
core   0: >>>>  write_tohost
core   0: 0x000039e0 (0x00000f17) auipc   t5, 0x0
core   0: 3 0x000039e0 (0x00000f17) x30 0x000039e0
core   0: 0x000039e4 (0x123f2023) sw      gp, 288(t5)
core   0: 3 0x000039e4 (0x123f2023) mem 0x00003b00 0x00000001
core   0: >>>>  _exit
core   0: 0x000039e8 (0x0000bfe5) c.j     pc - 8
core   0: 3 0x000039e8 (0xbfe5)
core   0: >>>>  write_tohost
core   0: 0x000039e0 (0x00000f17) auipc   t5, 0x0
core   0: 3 0x000039e0 (0x00000f17) x30 0x000039e0
core   0: 0x000039e4 (0x123f2023) sw      gp, 288(t5)
core   0: 3 0x000039e4 (0x123f2023) mem 0x00003b00 0x00000001
core   0: >>>>  _exit
core   0: 0x000039e8 (0x0000bfe5) c.j     pc - 8
core   0: 3 0x000039e8 (0xbfe5)
core   0: >>>>  write_tohost
core   0: 0x000039e0 (0x00000f17) auipc   t5, 0x0
core   0: 3 0x000039e0 (0x00000f17) x30 0x000039e0
core   0: 0x000039e4 (0x123f2023) sw      gp, 288(t5)
core   0: 3 0x000039e4 (0x123f2023) mem 0x00003b00 0x00000001
core   0: >>>>  _exit
core   0: 0x000039e8 (0x0000bfe5) c.j     pc - 8
core   0: 3 0x000039e8 (0xbfe5)
core   0: >>>>  write_tohost
core   0: 0x000039e0 (0x00000f17) auipc   t5, 0x0
core   0: 3 0x000039e0 (0x00000f17) x30 0x000039e0
core   0: 0x000039e4 (0x123f2023) sw      gp, 288(t5)
core   0: 3 0x000039e4 (0x123f2023) mem 0x00003b00 0x00000001
core   0: >>>>  _exit
core   0: 0x000039e8 (0x0000bfe5) c.j     pc - 8
core   0: 3 0x000039e8 (0xbfe5)
core   0: >>>>  write_tohost
core   0: 0x000039e0 (0x00000f17) auipc   t5, 0x0
core   0: 3 0x000039e0 (0x00000f17) x30 0x000039e0
core   0: 0x000039e4 (0x123f2023) sw      gp, 288(t5)
core   0: 3 0x000039e4 (0x123f2023) mem 0x00003b00 0x00000001
core   0: >>>>  _exit
core   0: 0x000039e8 (0x0000bfe5) c.j     pc - 8
core   0: 3 0x000039e8 (0xbfe5)
core   0: >>>>  write_tohost
core   0: 0x000039e0 (0x00000f17) auipc   t5, 0x0
core   0: 3 0x000039e0 (0x00000f17) x30 0x000039e0
core   0: 0x000039e4 (0x123f2023) sw      gp, 288(t5)
core   0: 3 0x000039e4 (0x123f2023) mem 0x00003b00 0x00000001
core   0: >>>>  _exit
core   0: 0x000039e8 (0x0000bfe5) c.j     pc - 8
core   0: 3 0x000039e8 (0xbfe5)
core   0: >>>>  write_tohost
core   0: 0x000039e0 (0x00000f17) auipc   t5, 0x0
core   0: 3 0x000039e0 (0x00000f17) x30 0x000039e0
core   0: 0x000039e4 (0x123f2023) sw      gp, 288(t5)
core   0: 3 0x000039e4 (0x123f2023) mem 0x00003b00 0x00000001
core   0: >>>>  _exit
core   0: 0x000039e8 (0x0000bfe5) c.j     pc - 8
core   0: 3 0x000039e8 (0xbfe5)
core   0: >>>>  write_tohost
core   0: 0x000039e0 (0x00000f17) auipc   t5, 0x0
core   0: 3 0x000039e0 (0x00000f17) x30 0x000039e0
core   0: 0x000039e4 (0x123f2023) sw      gp, 288(t5)
core   0: 3 0x000039e4 (0x123f2023) mem 0x00003b00 0x00000001
core   0: >>>>  _exit
core   0: 0x000039e8 (0x0000bfe5) c.j     pc - 8
core   0: 3 0x000039e8 (0xbfe5)
core   0: >>>>  write_tohost
core   0: 0x000039e0 (0x00000f17) auipc   t5, 0x0
core   0: 3 0x000039e0 (0x00000f17) x30 0x000039e0
core   0: 0x000039e4 (0x123f2023) sw      gp, 288(t5)
core   0: 3 0x000039e4 (0x123f2023) mem 0x00003b00 0x00000001
core   0: >>>>  _exit
core   0: 0x000039e8 (0x0000bfe5) c.j     pc - 8
core   0: 3 0x000039e8 (0xbfe5)
core   0: >>>>  write_tohost
core   0: 0x000039e0 (0x00000f17) auipc   t5, 0x0
core   0: 3 0x000039e0 (0x00000f17) x30 0x000039e0
core   0: 0x000039e4 (0x123f2023) sw      gp, 288(t5)
core   0: 3 0x000039e4 (0x123f2023) mem 0x00003b00 0x00000001
core   0: >>>>  _exit
core   0: 0x000039e8 (0x0000bfe5) c.j     pc - 8
core   0: 3 0x000039e8 (0xbfe5)
core   0: >>>>  write_tohost
core   0: 0x000039e0 (0x00000f17) auipc   t5, 0x0
core   0: 3 0x000039e0 (0x00000f17) x30 0x000039e0
core   0: 0x000039e4 (0x123f2023) sw      gp, 288(t5)
core   0: 3 0x000039e4 (0x123f2023) mem 0x00003b00 0x00000001
core   0: >>>>  _exit
core   0: 0x000039e8 (0x0000bfe5) c.j     pc - 8
core   0: 3 0x000039e8 (0xbfe5)
core   0: >>>>  write_tohost
core   0: 0x000039e0 (0x00000f17) auipc   t5, 0x0
core   0: 3 0x000039e0 (0x00000f17) x30 0x000039e0
core   0: 0x000039e4 (0x123f2023) sw      gp, 288(t5)
core   0: 3 0x000039e4 (0x123f2023) mem 0x00003b00 0x00000001
core   0: >>>>  _exit
core   0: 0x000039e8 (0x0000bfe5) c.j     pc - 8
core   0: 3 0x000039e8 (0xbfe5)
core   0: >>>>  write_tohost
core   0: 0x000039e0 (0x00000f17) auipc   t5, 0x0
core   0: 3 0x000039e0 (0x00000f17) x30 0x000039e0
core   0: 0x000039e4 (0x123f2023) sw      gp, 288(t5)
core   0: 3 0x000039e4 (0x123f2023) mem 0x00003b00 0x00000001
core   0: >>>>  _exit
core   0: 0x000039e8 (0x0000bfe5) c.j     pc - 8
core   0: 3 0x000039e8 (0xbfe5)
core   0: >>>>  write_tohost
core   0: 0x000039e0 (0x00000f17) auipc   t5, 0x0
core   0: 3 0x000039e0 (0x00000f17) x30 0x000039e0
core   0: 0x000039e4 (0x123f2023) sw      gp, 288(t5)
core   0: 3 0x000039e4 (0x123f2023) mem 0x00003b00 0x00000001
core   0: >>>>  _exit
core   0: 0x000039e8 (0x0000bfe5) c.j     pc - 8
core   0: 3 0x000039e8 (0xbfe5)
core   0: >>>>  write_tohost
core   0: 0x000039e0 (0x00000f17) auipc   t5, 0x0
core   0: 3 0x000039e0 (0x00000f17) x30 0x000039e0
core   0: 0x000039e4 (0x123f2023) sw      gp, 288(t5)
core   0: 3 0x000039e4 (0x123f2023) mem 0x00003b00 0x00000001
core   0: >>>>  _exit
core   0: 0x000039e8 (0x0000bfe5) c.j     pc - 8
core   0: 3 0x000039e8 (0xbfe5)
core   0: >>>>  write_tohost
core   0: 0x000039e0 (0x00000f17) auipc   t5, 0x0
core   0: 3 0x000039e0 (0x00000f17) x30 0x000039e0
core   0: 0x000039e4 (0x123f2023) sw      gp, 288(t5)
core   0: 3 0x000039e4 (0x123f2023) mem 0x00003b00 0x00000001
core   0: >>>>  _exit
core   0: 0x000039e8 (0x0000bfe5) c.j     pc - 8
core   0: 3 0x000039e8 (0xbfe5)
core   0: >>>>  write_tohost
core   0: 0x000039e0 (0x00000f17) auipc   t5, 0x0
core   0: 3 0x000039e0 (0x00000f17) x30 0x000039e0
core   0: 0x000039e4 (0x123f2023) sw      gp, 288(t5)
core   0: 3 0x000039e4 (0x123f2023) mem 0x00003b00 0x00000001
core   0: >>>>  _exit
core   0: 0x000039e8 (0x0000bfe5) c.j     pc - 8
core   0: 3 0x000039e8 (0xbfe5)
core   0: >>>>  write_tohost
core   0: 0x000039e0 (0x00000f17) auipc   t5, 0x0
core   0: 3 0x000039e0 (0x00000f17) x30 0x000039e0
core   0: 0x000039e4 (0x123f2023) sw      gp, 288(t5)
core   0: 3 0x000039e4 (0x123f2023) mem 0x00003b00 0x00000001
core   0: >>>>  _exit
core   0: 0x000039e8 (0x0000bfe5) c.j     pc - 8
core   0: 3 0x000039e8 (0xbfe5)
core   0: >>>>  write_tohost
core   0: 0x000039e0 (0x00000f17) auipc   t5, 0x0
core   0: 3 0x000039e0 (0x00000f17) x30 0x000039e0
core   0: 0x000039e4 (0x123f2023) sw      gp, 288(t5)
core   0: 3 0x000039e4 (0x123f2023) mem 0x00003b00 0x00000001
core   0: >>>>  _exit
core   0: 0x000039e8 (0x0000bfe5) c.j     pc - 8
core   0: 3 0x000039e8 (0xbfe5)
core   0: >>>>  write_tohost
core   0: 0x000039e0 (0x00000f17) auipc   t5, 0x0
core   0: 3 0x000039e0 (0x00000f17) x30 0x000039e0
core   0: 0x000039e4 (0x123f2023) sw      gp, 288(t5)
core   0: 3 0x000039e4 (0x123f2023) mem 0x00003b00 0x00000001
core   0: >>>>  _exit
core   0: 0x000039e8 (0x0000bfe5) c.j     pc - 8
core   0: 3 0x000039e8 (0xbfe5)
core   0: >>>>  write_tohost
core   0: 0x000039e0 (0x00000f17) auipc   t5, 0x0
core   0: 3 0x000039e0 (0x00000f17) x30 0x000039e0
core   0: 0x000039e4 (0x123f2023) sw      gp, 288(t5)
core   0: 3 0x000039e4 (0x123f2023) mem 0x00003b00 0x00000001
core   0: >>>>  _exit
core   0: 0x000039e8 (0x0000bfe5) c.j     pc - 8
core   0: 3 0x000039e8 (0xbfe5)
core   0: >>>>  write_tohost
core   0: 0x000039e0 (0x00000f17) auipc   t5, 0x0
core   0: 3 0x000039e0 (0x00000f17) x30 0x000039e0
core   0: 0x000039e4 (0x123f2023) sw      gp, 288(t5)
core   0: 3 0x000039e4 (0x123f2023) mem 0x00003b00 0x00000001
core   0: >>>>  _exit
core   0: 0x000039e8 (0x0000bfe5) c.j     pc - 8
core   0: 3 0x000039e8 (0xbfe5)
core   0: >>>>  write_tohost
core   0: 0x000039e0 (0x00000f17) auipc   t5, 0x0
core   0: 3 0x000039e0 (0x00000f17) x30 0x000039e0
core   0: 0x000039e4 (0x123f2023) sw      gp, 288(t5)
core   0: 3 0x000039e4 (0x123f2023) mem 0x00003b00 0x00000001
core   0: >>>>  _exit
core   0: 0x000039e8 (0x0000bfe5) c.j     pc - 8
core   0: 3 0x000039e8 (0xbfe5)
core   0: >>>>  write_tohost
core   0: 0x000039e0 (0x00000f17) auipc   t5, 0x0
core   0: 3 0x000039e0 (0x00000f17) x30 0x000039e0
core   0: 0x000039e4 (0x123f2023) sw      gp, 288(t5)
core   0: 3 0x000039e4 (0x123f2023) mem 0x00003b00 0x00000001
core   0: >>>>  _exit
core   0: 0x000039e8 (0x0000bfe5) c.j     pc - 8
core   0: 3 0x000039e8 (0xbfe5)
core   0: >>>>  write_tohost
core   0: 0x000039e0 (0x00000f17) auipc   t5, 0x0
core   0: 3 0x000039e0 (0x00000f17) x30 0x000039e0
core   0: 0x000039e4 (0x123f2023) sw      gp, 288(t5)
core   0: 3 0x000039e4 (0x123f2023) mem 0x00003b00 0x00000001
core   0: >>>>  _exit
core   0: 0x000039e8 (0x0000bfe5) c.j     pc - 8
core   0: 3 0x000039e8 (0xbfe5)
core   0: >>>>  write_tohost
core   0: 0x000039e0 (0x00000f17) auipc   t5, 0x0
core   0: 3 0x000039e0 (0x00000f17) x30 0x000039e0
core   0: 0x000039e4 (0x123f2023) sw      gp, 288(t5)
core   0: 3 0x000039e4 (0x123f2023) mem 0x00003b00 0x00000001
core   0: >>>>  _exit
core   0: 0x000039e8 (0x0000bfe5) c.j     pc - 8
core   0: 3 0x000039e8 (0xbfe5)
core   0: >>>>  write_tohost
core   0: 0x000039e0 (0x00000f17) auipc   t5, 0x0
core   0: 3 0x000039e0 (0x00000f17) x30 0x000039e0
core   0: 0x000039e4 (0x123f2023) sw      gp, 288(t5)
core   0: 3 0x000039e4 (0x123f2023) mem 0x00003b00 0x00000001
core   0: >>>>  _exit
core   0: 0x000039e8 (0x0000bfe5) c.j     pc - 8
core   0: 3 0x000039e8 (0xbfe5)
core   0: >>>>  write_tohost
core   0: 0x000039e0 (0x00000f17) auipc   t5, 0x0
core   0: 3 0x000039e0 (0x00000f17) x30 0x000039e0
core   0: 0x000039e4 (0x123f2023) sw      gp, 288(t5)
core   0: 3 0x000039e4 (0x123f2023) mem 0x00003b00 0x00000001
core   0: >>>>  _exit
core   0: 0x000039e8 (0x0000bfe5) c.j     pc - 8
core   0: 3 0x000039e8 (0xbfe5)
core   0: >>>>  write_tohost
core   0: 0x000039e0 (0x00000f17) auipc   t5, 0x0
core   0: 3 0x000039e0 (0x00000f17) x30 0x000039e0
core   0: 0x000039e4 (0x123f2023) sw      gp, 288(t5)
core   0: 3 0x000039e4 (0x123f2023) mem 0x00003b00 0x00000001
core   0: >>>>  _exit
core   0: 0x000039e8 (0x0000bfe5) c.j     pc - 8
core   0: 3 0x000039e8 (0xbfe5)
core   0: >>>>  write_tohost
core   0: 0x000039e0 (0x00000f17) auipc   t5, 0x0
core   0: 3 0x000039e0 (0x00000f17) x30 0x000039e0
core   0: 0x000039e4 (0x123f2023) sw      gp, 288(t5)
core   0: 3 0x000039e4 (0x123f2023) mem 0x00003b00 0x00000001
core   0: >>>>  _exit
core   0: 0x000039e8 (0x0000bfe5) c.j     pc - 8
core   0: 3 0x000039e8 (0xbfe5)
core   0: >>>>  write_tohost
core   0: 0x000039e0 (0x00000f17) auipc   t5, 0x0
core   0: 3 0x000039e0 (0x00000f17) x30 0x000039e0
core   0: 0x000039e4 (0x123f2023) sw      gp, 288(t5)
core   0: 3 0x000039e4 (0x123f2023) mem 0x00003b00 0x00000001
core   0: >>>>  _exit
core   0: 0x000039e8 (0x0000bfe5) c.j     pc - 8
core   0: 3 0x000039e8 (0xbfe5)
core   0: >>>>  write_tohost
core   0: 0x000039e0 (0x00000f17) auipc   t5, 0x0
core   0: 3 0x000039e0 (0x00000f17) x30 0x000039e0
core   0: 0x000039e4 (0x123f2023) sw      gp, 288(t5)
core   0: 3 0x000039e4 (0x123f2023) mem 0x00003b00 0x00000001
core   0: >>>>  _exit
core   0: 0x000039e8 (0x0000bfe5) c.j     pc - 8
core   0: 3 0x000039e8 (0xbfe5)
core   0: >>>>  write_tohost
core   0: 0x000039e0 (0x00000f17) auipc   t5, 0x0
core   0: 3 0x000039e0 (0x00000f17) x30 0x000039e0
core   0: 0x000039e4 (0x123f2023) sw      gp, 288(t5)
core   0: 3 0x000039e4 (0x123f2023) mem 0x00003b00 0x00000001
core   0: >>>>  _exit
core   0: 0x000039e8 (0x0000bfe5) c.j     pc - 8
core   0: 3 0x000039e8 (0xbfe5)
core   0: >>>>  write_tohost
core   0: 0x000039e0 (0x00000f17) auipc   t5, 0x0
core   0: 3 0x000039e0 (0x00000f17) x30 0x000039e0
core   0: 0x000039e4 (0x123f2023) sw      gp, 288(t5)
core   0: 3 0x000039e4 (0x123f2023) mem 0x00003b00 0x00000001
core   0: >>>>  _exit
core   0: 0x000039e8 (0x0000bfe5) c.j     pc - 8
core   0: 3 0x000039e8 (0xbfe5)
core   0: >>>>  write_tohost
core   0: 0x000039e0 (0x00000f17) auipc   t5, 0x0
core   0: 3 0x000039e0 (0x00000f17) x30 0x000039e0
core   0: 0x000039e4 (0x123f2023) sw      gp, 288(t5)
core   0: 3 0x000039e4 (0x123f2023) mem 0x00003b00 0x00000001
core   0: >>>>  _exit
core   0: 0x000039e8 (0x0000bfe5) c.j     pc - 8
core   0: 3 0x000039e8 (0xbfe5)
core   0: >>>>  write_tohost
core   0: 0x000039e0 (0x00000f17) auipc   t5, 0x0
core   0: 3 0x000039e0 (0x00000f17) x30 0x000039e0
core   0: 0x000039e4 (0x123f2023) sw      gp, 288(t5)
core   0: 3 0x000039e4 (0x123f2023) mem 0x00003b00 0x00000001
core   0: >>>>  _exit
core   0: 0x000039e8 (0x0000bfe5) c.j     pc - 8
core   0: 3 0x000039e8 (0xbfe5)
core   0: >>>>  write_tohost
core   0: 0x000039e0 (0x00000f17) auipc   t5, 0x0
core   0: 3 0x000039e0 (0x00000f17) x30 0x000039e0
core   0: 0x000039e4 (0x123f2023) sw      gp, 288(t5)
core   0: 3 0x000039e4 (0x123f2023) mem 0x00003b00 0x00000001
core   0: >>>>  _exit
core   0: 0x000039e8 (0x0000bfe5) c.j     pc - 8
core   0: 3 0x000039e8 (0xbfe5)
core   0: >>>>  write_tohost
core   0: 0x000039e0 (0x00000f17) auipc   t5, 0x0
core   0: 3 0x000039e0 (0x00000f17) x30 0x000039e0
core   0: 0x000039e4 (0x123f2023) sw      gp, 288(t5)
core   0: 3 0x000039e4 (0x123f2023) mem 0x00003b00 0x00000001
core   0: >>>>  _exit
core   0: 0x000039e8 (0x0000bfe5) c.j     pc - 8
core   0: 3 0x000039e8 (0xbfe5)
core   0: >>>>  write_tohost
core   0: 0x000039e0 (0x00000f17) auipc   t5, 0x0
core   0: 3 0x000039e0 (0x00000f17) x30 0x000039e0
core   0: 0x000039e4 (0x123f2023) sw      gp, 288(t5)
core   0: 3 0x000039e4 (0x123f2023) mem 0x00003b00 0x00000001
core   0: >>>>  _exit
core   0: 0x000039e8 (0x0000bfe5) c.j     pc - 8
core   0: 3 0x000039e8 (0xbfe5)
core   0: >>>>  write_tohost
core   0: 0x000039e0 (0x00000f17) auipc   t5, 0x0
core   0: 3 0x000039e0 (0x00000f17) x30 0x000039e0
core   0: 0x000039e4 (0x123f2023) sw      gp, 288(t5)
core   0: 3 0x000039e4 (0x123f2023) mem 0x00003b00 0x00000001
core   0: >>>>  _exit
core   0: 0x000039e8 (0x0000bfe5) c.j     pc - 8
core   0: 3 0x000039e8 (0xbfe5)
core   0: >>>>  write_tohost
core   0: 0x000039e0 (0x00000f17) auipc   t5, 0x0
core   0: 3 0x000039e0 (0x00000f17) x30 0x000039e0
core   0: 0x000039e4 (0x123f2023) sw      gp, 288(t5)
core   0: 3 0x000039e4 (0x123f2023) mem 0x00003b00 0x00000001
core   0: >>>>  _exit
core   0: 0x000039e8 (0x0000bfe5) c.j     pc - 8
core   0: 3 0x000039e8 (0xbfe5)
core   0: >>>>  write_tohost
core   0: 0x000039e0 (0x00000f17) auipc   t5, 0x0
core   0: 3 0x000039e0 (0x00000f17) x30 0x000039e0
core   0: 0x000039e4 (0x123f2023) sw      gp, 288(t5)
core   0: 3 0x000039e4 (0x123f2023) mem 0x00003b00 0x00000001
core   0: >>>>  _exit
core   0: 0x000039e8 (0x0000bfe5) c.j     pc - 8
core   0: 3 0x000039e8 (0xbfe5)
core   0: >>>>  write_tohost
core   0: 0x000039e0 (0x00000f17) auipc   t5, 0x0
core   0: 3 0x000039e0 (0x00000f17) x30 0x000039e0
core   0: 0x000039e4 (0x123f2023) sw      gp, 288(t5)
core   0: 3 0x000039e4 (0x123f2023) mem 0x00003b00 0x00000001
core   0: >>>>  _exit
core   0: 0x000039e8 (0x0000bfe5) c.j     pc - 8
core   0: 3 0x000039e8 (0xbfe5)
core   0: >>>>  write_tohost
core   0: 0x000039e0 (0x00000f17) auipc   t5, 0x0
core   0: 3 0x000039e0 (0x00000f17) x30 0x000039e0
core   0: 0x000039e4 (0x123f2023) sw      gp, 288(t5)
core   0: 3 0x000039e4 (0x123f2023) mem 0x00003b00 0x00000001
core   0: >>>>  _exit
core   0: 0x000039e8 (0x0000bfe5) c.j     pc - 8
core   0: 3 0x000039e8 (0xbfe5)
core   0: >>>>  write_tohost
core   0: 0x000039e0 (0x00000f17) auipc   t5, 0x0
core   0: 3 0x000039e0 (0x00000f17) x30 0x000039e0
core   0: 0x000039e4 (0x123f2023) sw      gp, 288(t5)
core   0: 3 0x000039e4 (0x123f2023) mem 0x00003b00 0x00000001
core   0: >>>>  _exit
core   0: 0x000039e8 (0x0000bfe5) c.j     pc - 8
core   0: 3 0x000039e8 (0xbfe5)
core   0: >>>>  write_tohost
core   0: 0x000039e0 (0x00000f17) auipc   t5, 0x0
core   0: 3 0x000039e0 (0x00000f17) x30 0x000039e0
core   0: 0x000039e4 (0x123f2023) sw      gp, 288(t5)
core   0: 3 0x000039e4 (0x123f2023) mem 0x00003b00 0x00000001
core   0: >>>>  _exit
core   0: 0x000039e8 (0x0000bfe5) c.j     pc - 8
core   0: 3 0x000039e8 (0xbfe5)
core   0: >>>>  write_tohost
core   0: 0x000039e0 (0x00000f17) auipc   t5, 0x0
core   0: 3 0x000039e0 (0x00000f17) x30 0x000039e0
core   0: 0x000039e4 (0x123f2023) sw      gp, 288(t5)
core   0: 3 0x000039e4 (0x123f2023) mem 0x00003b00 0x00000001
core   0: >>>>  _exit
core   0: 0x000039e8 (0x0000bfe5) c.j     pc - 8
core   0: 3 0x000039e8 (0xbfe5)
core   0: >>>>  write_tohost
core   0: 0x000039e0 (0x00000f17) auipc   t5, 0x0
core   0: 3 0x000039e0 (0x00000f17) x30 0x000039e0
core   0: 0x000039e4 (0x123f2023) sw      gp, 288(t5)
core   0: 3 0x000039e4 (0x123f2023) mem 0x00003b00 0x00000001
core   0: >>>>  _exit
core   0: 0x000039e8 (0x0000bfe5) c.j     pc - 8
core   0: 3 0x000039e8 (0xbfe5)
core   0: >>>>  write_tohost
core   0: 0x000039e0 (0x00000f17) auipc   t5, 0x0
core   0: 3 0x000039e0 (0x00000f17) x30 0x000039e0
core   0: 0x000039e4 (0x123f2023) sw      gp, 288(t5)
core   0: 3 0x000039e4 (0x123f2023) mem 0x00003b00 0x00000001
core   0: >>>>  _exit
core   0: 0x000039e8 (0x0000bfe5) c.j     pc - 8
core   0: 3 0x000039e8 (0xbfe5)
core   0: >>>>  write_tohost
core   0: 0x000039e0 (0x00000f17) auipc   t5, 0x0
core   0: 3 0x000039e0 (0x00000f17) x30 0x000039e0
core   0: 0x000039e4 (0x123f2023) sw      gp, 288(t5)
core   0: 3 0x000039e4 (0x123f2023) mem 0x00003b00 0x00000001
core   0: >>>>  _exit
core   0: 0x000039e8 (0x0000bfe5) c.j     pc - 8
core   0: 3 0x000039e8 (0xbfe5)
core   0: >>>>  write_tohost
core   0: 0x000039e0 (0x00000f17) auipc   t5, 0x0
core   0: 3 0x000039e0 (0x00000f17) x30 0x000039e0
core   0: 0x000039e4 (0x123f2023) sw      gp, 288(t5)
core   0: 3 0x000039e4 (0x123f2023) mem 0x00003b00 0x00000001
core   0: >>>>  _exit
core   0: 0x000039e8 (0x0000bfe5) c.j     pc - 8
core   0: 3 0x000039e8 (0xbfe5)
core   0: >>>>  write_tohost
core   0: 0x000039e0 (0x00000f17) auipc   t5, 0x0
core   0: 3 0x000039e0 (0x00000f17) x30 0x000039e0
core   0: 0x000039e4 (0x123f2023) sw      gp, 288(t5)
core   0: 3 0x000039e4 (0x123f2023) mem 0x00003b00 0x00000001
core   0: >>>>  _exit
core   0: 0x000039e8 (0x0000bfe5) c.j     pc - 8
core   0: 3 0x000039e8 (0xbfe5)
core   0: >>>>  write_tohost
core   0: 0x000039e0 (0x00000f17) auipc   t5, 0x0
core   0: 3 0x000039e0 (0x00000f17) x30 0x000039e0
core   0: 0x000039e4 (0x123f2023) sw      gp, 288(t5)
core   0: 3 0x000039e4 (0x123f2023) mem 0x00003b00 0x00000001
core   0: >>>>  _exit
core   0: 0x000039e8 (0x0000bfe5) c.j     pc - 8
core   0: 3 0x000039e8 (0xbfe5)
core   0: >>>>  write_tohost
core   0: 0x000039e0 (0x00000f17) auipc   t5, 0x0
core   0: 3 0x000039e0 (0x00000f17) x30 0x000039e0
core   0: 0x000039e4 (0x123f2023) sw      gp, 288(t5)
core   0: 3 0x000039e4 (0x123f2023) mem 0x00003b00 0x00000001
core   0: >>>>  _exit
core   0: 0x000039e8 (0x0000bfe5) c.j     pc - 8
core   0: 3 0x000039e8 (0xbfe5)
core   0: >>>>  write_tohost
core   0: 0x000039e0 (0x00000f17) auipc   t5, 0x0
core   0: 3 0x000039e0 (0x00000f17) x30 0x000039e0
core   0: 0x000039e4 (0x123f2023) sw      gp, 288(t5)
core   0: 3 0x000039e4 (0x123f2023) mem 0x00003b00 0x00000001
core   0: >>>>  _exit
core   0: 0x000039e8 (0x0000bfe5) c.j     pc - 8
core   0: 3 0x000039e8 (0xbfe5)
core   0: >>>>  write_tohost
core   0: 0x000039e0 (0x00000f17) auipc   t5, 0x0
core   0: 3 0x000039e0 (0x00000f17) x30 0x000039e0
core   0: 0x000039e4 (0x123f2023) sw      gp, 288(t5)
core   0: 3 0x000039e4 (0x123f2023) mem 0x00003b00 0x00000001
core   0: >>>>  _exit
core   0: 0x000039e8 (0x0000bfe5) c.j     pc - 8
core   0: 3 0x000039e8 (0xbfe5)
core   0: >>>>  write_tohost
core   0: 0x000039e0 (0x00000f17) auipc   t5, 0x0
core   0: 3 0x000039e0 (0x00000f17) x30 0x000039e0
core   0: 0x000039e4 (0x123f2023) sw      gp, 288(t5)
core   0: 3 0x000039e4 (0x123f2023) mem 0x00003b00 0x00000001
core   0: >>>>  _exit
core   0: 0x000039e8 (0x0000bfe5) c.j     pc - 8
core   0: 3 0x000039e8 (0xbfe5)
core   0: >>>>  write_tohost
core   0: 0x000039e0 (0x00000f17) auipc   t5, 0x0
core   0: 3 0x000039e0 (0x00000f17) x30 0x000039e0
core   0: 0x000039e4 (0x123f2023) sw      gp, 288(t5)
core   0: 3 0x000039e4 (0x123f2023) mem 0x00003b00 0x00000001
core   0: >>>>  _exit
core   0: 0x000039e8 (0x0000bfe5) c.j     pc - 8
core   0: 3 0x000039e8 (0xbfe5)
core   0: >>>>  write_tohost
core   0: 0x000039e0 (0x00000f17) auipc   t5, 0x0
core   0: 3 0x000039e0 (0x00000f17) x30 0x000039e0
core   0: 0x000039e4 (0x123f2023) sw      gp, 288(t5)
core   0: 3 0x000039e4 (0x123f2023) mem 0x00003b00 0x00000001
core   0: >>>>  _exit
core   0: 0x000039e8 (0x0000bfe5) c.j     pc - 8
core   0: 3 0x000039e8 (0xbfe5)
core   0: >>>>  write_tohost
core   0: 0x000039e0 (0x00000f17) auipc   t5, 0x0
core   0: 3 0x000039e0 (0x00000f17) x30 0x000039e0
core   0: 0x000039e4 (0x123f2023) sw      gp, 288(t5)
core   0: 3 0x000039e4 (0x123f2023) mem 0x00003b00 0x00000001
core   0: >>>>  _exit
core   0: 0x000039e8 (0x0000bfe5) c.j     pc - 8
core   0: 3 0x000039e8 (0xbfe5)
core   0: >>>>  write_tohost
core   0: 0x000039e0 (0x00000f17) auipc   t5, 0x0
core   0: 3 0x000039e0 (0x00000f17) x30 0x000039e0
core   0: 0x000039e4 (0x123f2023) sw      gp, 288(t5)
core   0: 3 0x000039e4 (0x123f2023) mem 0x00003b00 0x00000001
core   0: >>>>  _exit
core   0: 0x000039e8 (0x0000bfe5) c.j     pc - 8
core   0: 3 0x000039e8 (0xbfe5)
core   0: >>>>  write_tohost
core   0: 0x000039e0 (0x00000f17) auipc   t5, 0x0
core   0: 3 0x000039e0 (0x00000f17) x30 0x000039e0
core   0: 0x000039e4 (0x123f2023) sw      gp, 288(t5)
core   0: 3 0x000039e4 (0x123f2023) mem 0x00003b00 0x00000001
core   0: >>>>  _exit
core   0: 0x000039e8 (0x0000bfe5) c.j     pc - 8
core   0: 3 0x000039e8 (0xbfe5)
core   0: >>>>  write_tohost
core   0: 0x000039e0 (0x00000f17) auipc   t5, 0x0
core   0: 3 0x000039e0 (0x00000f17) x30 0x000039e0
core   0: 0x000039e4 (0x123f2023) sw      gp, 288(t5)
core   0: 3 0x000039e4 (0x123f2023) mem 0x00003b00 0x00000001
core   0: >>>>  _exit
core   0: 0x000039e8 (0x0000bfe5) c.j     pc - 8
core   0: 3 0x000039e8 (0xbfe5)
core   0: >>>>  write_tohost
core   0: 0x000039e0 (0x00000f17) auipc   t5, 0x0
core   0: 3 0x000039e0 (0x00000f17) x30 0x000039e0
core   0: 0x000039e4 (0x123f2023) sw      gp, 288(t5)
core   0: 3 0x000039e4 (0x123f2023) mem 0x00003b00 0x00000001
core   0: >>>>  _exit
core   0: 0x000039e8 (0x0000bfe5) c.j     pc - 8
core   0: 3 0x000039e8 (0xbfe5)
core   0: >>>>  write_tohost
core   0: 0x000039e0 (0x00000f17) auipc   t5, 0x0
core   0: 3 0x000039e0 (0x00000f17) x30 0x000039e0
core   0: 0x000039e4 (0x123f2023) sw      gp, 288(t5)
core   0: 3 0x000039e4 (0x123f2023) mem 0x00003b00 0x00000001
core   0: >>>>  _exit
core   0: 0x000039e8 (0x0000bfe5) c.j     pc - 8
core   0: 3 0x000039e8 (0xbfe5)
core   0: >>>>  write_tohost
core   0: 0x000039e0 (0x00000f17) auipc   t5, 0x0
core   0: 3 0x000039e0 (0x00000f17) x30 0x000039e0
core   0: 0x000039e4 (0x123f2023) sw      gp, 288(t5)
core   0: 3 0x000039e4 (0x123f2023) mem 0x00003b00 0x00000001
core   0: >>>>  _exit
core   0: 0x000039e8 (0x0000bfe5) c.j     pc - 8
core   0: 3 0x000039e8 (0xbfe5)
core   0: >>>>  write_tohost
core   0: 0x000039e0 (0x00000f17) auipc   t5, 0x0
core   0: 3 0x000039e0 (0x00000f17) x30 0x000039e0
core   0: 0x000039e4 (0x123f2023) sw      gp, 288(t5)
core   0: 3 0x000039e4 (0x123f2023) mem 0x00003b00 0x00000001
core   0: >>>>  _exit
core   0: 0x000039e8 (0x0000bfe5) c.j     pc - 8
core   0: 3 0x000039e8 (0xbfe5)
core   0: >>>>  write_tohost
core   0: 0x000039e0 (0x00000f17) auipc   t5, 0x0
core   0: 3 0x000039e0 (0x00000f17) x30 0x000039e0
core   0: 0x000039e4 (0x123f2023) sw      gp, 288(t5)
core   0: 3 0x000039e4 (0x123f2023) mem 0x00003b00 0x00000001
core   0: >>>>  _exit
core   0: 0x000039e8 (0x0000bfe5) c.j     pc - 8
core   0: 3 0x000039e8 (0xbfe5)
core   0: >>>>  write_tohost
core   0: 0x000039e0 (0x00000f17) auipc   t5, 0x0
core   0: 3 0x000039e0 (0x00000f17) x30 0x000039e0
core   0: 0x000039e4 (0x123f2023) sw      gp, 288(t5)
core   0: 3 0x000039e4 (0x123f2023) mem 0x00003b00 0x00000001
core   0: >>>>  _exit
core   0: 0x000039e8 (0x0000bfe5) c.j     pc - 8
core   0: 3 0x000039e8 (0xbfe5)
core   0: >>>>  write_tohost
core   0: 0x000039e0 (0x00000f17) auipc   t5, 0x0
core   0: 3 0x000039e0 (0x00000f17) x30 0x000039e0
core   0: 0x000039e4 (0x123f2023) sw      gp, 288(t5)
core   0: 3 0x000039e4 (0x123f2023) mem 0x00003b00 0x00000001
core   0: >>>>  _exit
core   0: 0x000039e8 (0x0000bfe5) c.j     pc - 8
core   0: 3 0x000039e8 (0xbfe5)
core   0: >>>>  write_tohost
core   0: 0x000039e0 (0x00000f17) auipc   t5, 0x0
core   0: 3 0x000039e0 (0x00000f17) x30 0x000039e0
core   0: 0x000039e4 (0x123f2023) sw      gp, 288(t5)
core   0: 3 0x000039e4 (0x123f2023) mem 0x00003b00 0x00000001
core   0: >>>>  _exit
core   0: 0x000039e8 (0x0000bfe5) c.j     pc - 8
core   0: 3 0x000039e8 (0xbfe5)
core   0: >>>>  write_tohost
core   0: 0x000039e0 (0x00000f17) auipc   t5, 0x0
core   0: 3 0x000039e0 (0x00000f17) x30 0x000039e0
core   0: 0x000039e4 (0x123f2023) sw      gp, 288(t5)
core   0: 3 0x000039e4 (0x123f2023) mem 0x00003b00 0x00000001
core   0: >>>>  _exit
core   0: 0x000039e8 (0x0000bfe5) c.j     pc - 8
core   0: 3 0x000039e8 (0xbfe5)
core   0: >>>>  write_tohost
core   0: 0x000039e0 (0x00000f17) auipc   t5, 0x0
core   0: 3 0x000039e0 (0x00000f17) x30 0x000039e0
core   0: 0x000039e4 (0x123f2023) sw      gp, 288(t5)
core   0: 3 0x000039e4 (0x123f2023) mem 0x00003b00 0x00000001
core   0: >>>>  _exit
core   0: 0x000039e8 (0x0000bfe5) c.j     pc - 8
core   0: 3 0x000039e8 (0xbfe5)
core   0: >>>>  write_tohost
core   0: 0x000039e0 (0x00000f17) auipc   t5, 0x0
core   0: 3 0x000039e0 (0x00000f17) x30 0x000039e0
core   0: 0x000039e4 (0x123f2023) sw      gp, 288(t5)
core   0: 3 0x000039e4 (0x123f2023) mem 0x00003b00 0x00000001
core   0: >>>>  _exit
core   0: 0x000039e8 (0x0000bfe5) c.j     pc - 8
core   0: 3 0x000039e8 (0xbfe5)
core   0: >>>>  write_tohost
core   0: 0x000039e0 (0x00000f17) auipc   t5, 0x0
core   0: 3 0x000039e0 (0x00000f17) x30 0x000039e0
core   0: 0x000039e4 (0x123f2023) sw      gp, 288(t5)
core   0: 3 0x000039e4 (0x123f2023) mem 0x00003b00 0x00000001
core   0: >>>>  _exit
core   0: 0x000039e8 (0x0000bfe5) c.j     pc - 8
core   0: 3 0x000039e8 (0xbfe5)
core   0: >>>>  write_tohost
core   0: 0x000039e0 (0x00000f17) auipc   t5, 0x0
core   0: 3 0x000039e0 (0x00000f17) x30 0x000039e0
core   0: 0x000039e4 (0x123f2023) sw      gp, 288(t5)
core   0: 3 0x000039e4 (0x123f2023) mem 0x00003b00 0x00000001
core   0: >>>>  _exit
core   0: 0x000039e8 (0x0000bfe5) c.j     pc - 8
core   0: 3 0x000039e8 (0xbfe5)
core   0: >>>>  write_tohost
core   0: 0x000039e0 (0x00000f17) auipc   t5, 0x0
core   0: 3 0x000039e0 (0x00000f17) x30 0x000039e0
core   0: 0x000039e4 (0x123f2023) sw      gp, 288(t5)
core   0: 3 0x000039e4 (0x123f2023) mem 0x00003b00 0x00000001
core   0: >>>>  _exit
core   0: 0x000039e8 (0x0000bfe5) c.j     pc - 8
core   0: 3 0x000039e8 (0xbfe5)
core   0: >>>>  write_tohost
core   0: 0x000039e0 (0x00000f17) auipc   t5, 0x0
core   0: 3 0x000039e0 (0x00000f17) x30 0x000039e0
core   0: 0x000039e4 (0x123f2023) sw      gp, 288(t5)
core   0: 3 0x000039e4 (0x123f2023) mem 0x00003b00 0x00000001
core   0: >>>>  _exit
core   0: 0x000039e8 (0x0000bfe5) c.j     pc - 8
core   0: 3 0x000039e8 (0xbfe5)
core   0: >>>>  write_tohost
core   0: 0x000039e0 (0x00000f17) auipc   t5, 0x0
core   0: 3 0x000039e0 (0x00000f17) x30 0x000039e0
core   0: 0x000039e4 (0x123f2023) sw      gp, 288(t5)
core   0: 3 0x000039e4 (0x123f2023) mem 0x00003b00 0x00000001
core   0: >>>>  _exit
core   0: 0x000039e8 (0x0000bfe5) c.j     pc - 8
core   0: 3 0x000039e8 (0xbfe5)
core   0: >>>>  write_tohost
core   0: 0x000039e0 (0x00000f17) auipc   t5, 0x0
core   0: 3 0x000039e0 (0x00000f17) x30 0x000039e0
core   0: 0x000039e4 (0x123f2023) sw      gp, 288(t5)
core   0: 3 0x000039e4 (0x123f2023) mem 0x00003b00 0x00000001
core   0: >>>>  _exit
core   0: 0x000039e8 (0x0000bfe5) c.j     pc - 8
core   0: 3 0x000039e8 (0xbfe5)
core   0: >>>>  write_tohost
core   0: 0x000039e0 (0x00000f17) auipc   t5, 0x0
core   0: 3 0x000039e0 (0x00000f17) x30 0x000039e0
core   0: 0x000039e4 (0x123f2023) sw      gp, 288(t5)
core   0: 3 0x000039e4 (0x123f2023) mem 0x00003b00 0x00000001
core   0: >>>>  _exit
core   0: 0x000039e8 (0x0000bfe5) c.j     pc - 8
core   0: 3 0x000039e8 (0xbfe5)
core   0: >>>>  write_tohost
core   0: 0x000039e0 (0x00000f17) auipc   t5, 0x0
core   0: 3 0x000039e0 (0x00000f17) x30 0x000039e0
core   0: 0x000039e4 (0x123f2023) sw      gp, 288(t5)
core   0: 3 0x000039e4 (0x123f2023) mem 0x00003b00 0x00000001
core   0: >>>>  _exit
core   0: 0x000039e8 (0x0000bfe5) c.j     pc - 8
core   0: 3 0x000039e8 (0xbfe5)
core   0: >>>>  write_tohost
core   0: 0x000039e0 (0x00000f17) auipc   t5, 0x0
core   0: 3 0x000039e0 (0x00000f17) x30 0x000039e0
core   0: 0x000039e4 (0x123f2023) sw      gp, 288(t5)
core   0: 3 0x000039e4 (0x123f2023) mem 0x00003b00 0x00000001
core   0: >>>>  _exit
core   0: 0x000039e8 (0x0000bfe5) c.j     pc - 8
core   0: 3 0x000039e8 (0xbfe5)
core   0: >>>>  write_tohost
core   0: 0x000039e0 (0x00000f17) auipc   t5, 0x0
core   0: 3 0x000039e0 (0x00000f17) x30 0x000039e0
core   0: 0x000039e4 (0x123f2023) sw      gp, 288(t5)
core   0: 3 0x000039e4 (0x123f2023) mem 0x00003b00 0x00000001
core   0: >>>>  _exit
core   0: 0x000039e8 (0x0000bfe5) c.j     pc - 8
core   0: 3 0x000039e8 (0xbfe5)
core   0: >>>>  write_tohost
core   0: 0x000039e0 (0x00000f17) auipc   t5, 0x0
core   0: 3 0x000039e0 (0x00000f17) x30 0x000039e0
core   0: 0x000039e4 (0x123f2023) sw      gp, 288(t5)
core   0: 3 0x000039e4 (0x123f2023) mem 0x00003b00 0x00000001
core   0: >>>>  _exit
core   0: 0x000039e8 (0x0000bfe5) c.j     pc - 8
core   0: 3 0x000039e8 (0xbfe5)
core   0: >>>>  write_tohost
core   0: 0x000039e0 (0x00000f17) auipc   t5, 0x0
core   0: 3 0x000039e0 (0x00000f17) x30 0x000039e0
core   0: 0x000039e4 (0x123f2023) sw      gp, 288(t5)
core   0: 3 0x000039e4 (0x123f2023) mem 0x00003b00 0x00000001
core   0: >>>>  _exit
core   0: 0x000039e8 (0x0000bfe5) c.j     pc - 8
core   0: 3 0x000039e8 (0xbfe5)
core   0: >>>>  write_tohost
core   0: 0x000039e0 (0x00000f17) auipc   t5, 0x0
core   0: 3 0x000039e0 (0x00000f17) x30 0x000039e0
core   0: 0x000039e4 (0x123f2023) sw      gp, 288(t5)
core   0: 3 0x000039e4 (0x123f2023) mem 0x00003b00 0x00000001
core   0: >>>>  _exit
core   0: 0x000039e8 (0x0000bfe5) c.j     pc - 8
core   0: 3 0x000039e8 (0xbfe5)
core   0: >>>>  write_tohost
core   0: 0x000039e0 (0x00000f17) auipc   t5, 0x0
core   0: 3 0x000039e0 (0x00000f17) x30 0x000039e0
core   0: 0x000039e4 (0x123f2023) sw      gp, 288(t5)
core   0: 3 0x000039e4 (0x123f2023) mem 0x00003b00 0x00000001
core   0: >>>>  _exit
core   0: 0x000039e8 (0x0000bfe5) c.j     pc - 8
core   0: 3 0x000039e8 (0xbfe5)
core   0: >>>>  write_tohost
core   0: 0x000039e0 (0x00000f17) auipc   t5, 0x0
core   0: 3 0x000039e0 (0x00000f17) x30 0x000039e0
core   0: 0x000039e4 (0x123f2023) sw      gp, 288(t5)
core   0: 3 0x000039e4 (0x123f2023) mem 0x00003b00 0x00000001
core   0: >>>>  _exit
core   0: 0x000039e8 (0x0000bfe5) c.j     pc - 8
core   0: 3 0x000039e8 (0xbfe5)
core   0: >>>>  write_tohost
core   0: 0x000039e0 (0x00000f17) auipc   t5, 0x0
core   0: 3 0x000039e0 (0x00000f17) x30 0x000039e0
core   0: 0x000039e4 (0x123f2023) sw      gp, 288(t5)
core   0: 3 0x000039e4 (0x123f2023) mem 0x00003b00 0x00000001
core   0: >>>>  _exit
core   0: 0x000039e8 (0x0000bfe5) c.j     pc - 8
core   0: 3 0x000039e8 (0xbfe5)
core   0: >>>>  write_tohost
core   0: 0x000039e0 (0x00000f17) auipc   t5, 0x0
core   0: 3 0x000039e0 (0x00000f17) x30 0x000039e0
core   0: 0x000039e4 (0x123f2023) sw      gp, 288(t5)
core   0: 3 0x000039e4 (0x123f2023) mem 0x00003b00 0x00000001
core   0: >>>>  _exit
core   0: 0x000039e8 (0x0000bfe5) c.j     pc - 8
core   0: 3 0x000039e8 (0xbfe5)
core   0: >>>>  write_tohost
core   0: 0x000039e0 (0x00000f17) auipc   t5, 0x0
core   0: 3 0x000039e0 (0x00000f17) x30 0x000039e0
core   0: 0x000039e4 (0x123f2023) sw      gp, 288(t5)
core   0: 3 0x000039e4 (0x123f2023) mem 0x00003b00 0x00000001
core   0: >>>>  _exit
core   0: 0x000039e8 (0x0000bfe5) c.j     pc - 8
core   0: 3 0x000039e8 (0xbfe5)
core   0: >>>>  write_tohost
core   0: 0x000039e0 (0x00000f17) auipc   t5, 0x0
core   0: 3 0x000039e0 (0x00000f17) x30 0x000039e0
core   0: 0x000039e4 (0x123f2023) sw      gp, 288(t5)
core   0: 3 0x000039e4 (0x123f2023) mem 0x00003b00 0x00000001
core   0: >>>>  _exit
core   0: 0x000039e8 (0x0000bfe5) c.j     pc - 8
core   0: 3 0x000039e8 (0xbfe5)
core   0: >>>>  write_tohost
core   0: 0x000039e0 (0x00000f17) auipc   t5, 0x0
core   0: 3 0x000039e0 (0x00000f17) x30 0x000039e0
core   0: 0x000039e4 (0x123f2023) sw      gp, 288(t5)
core   0: 3 0x000039e4 (0x123f2023) mem 0x00003b00 0x00000001
core   0: >>>>  _exit
core   0: 0x000039e8 (0x0000bfe5) c.j     pc - 8
core   0: 3 0x000039e8 (0xbfe5)
core   0: >>>>  write_tohost
core   0: 0x000039e0 (0x00000f17) auipc   t5, 0x0
core   0: 3 0x000039e0 (0x00000f17) x30 0x000039e0
core   0: 0x000039e4 (0x123f2023) sw      gp, 288(t5)
core   0: 3 0x000039e4 (0x123f2023) mem 0x00003b00 0x00000001
core   0: >>>>  _exit
core   0: 0x000039e8 (0x0000bfe5) c.j     pc - 8
core   0: 3 0x000039e8 (0xbfe5)
core   0: >>>>  write_tohost
core   0: 0x000039e0 (0x00000f17) auipc   t5, 0x0
core   0: 3 0x000039e0 (0x00000f17) x30 0x000039e0
core   0: 0x000039e4 (0x123f2023) sw      gp, 288(t5)
core   0: 3 0x000039e4 (0x123f2023) mem 0x00003b00 0x00000001
core   0: >>>>  _exit
core   0: 0x000039e8 (0x0000bfe5) c.j     pc - 8
core   0: 3 0x000039e8 (0xbfe5)
core   0: >>>>  write_tohost
core   0: 0x000039e0 (0x00000f17) auipc   t5, 0x0
core   0: 3 0x000039e0 (0x00000f17) x30 0x000039e0
core   0: 0x000039e4 (0x123f2023) sw      gp, 288(t5)
core   0: 3 0x000039e4 (0x123f2023) mem 0x00003b00 0x00000001
core   0: >>>>  _exit
core   0: 0x000039e8 (0x0000bfe5) c.j     pc - 8
core   0: 3 0x000039e8 (0xbfe5)
core   0: >>>>  write_tohost
core   0: 0x000039e0 (0x00000f17) auipc   t5, 0x0
core   0: 3 0x000039e0 (0x00000f17) x30 0x000039e0
core   0: 0x000039e4 (0x123f2023) sw      gp, 288(t5)
core   0: 3 0x000039e4 (0x123f2023) mem 0x00003b00 0x00000001
core   0: >>>>  _exit
core   0: 0x000039e8 (0x0000bfe5) c.j     pc - 8
core   0: 3 0x000039e8 (0xbfe5)
core   0: >>>>  write_tohost
core   0: 0x000039e0 (0x00000f17) auipc   t5, 0x0
core   0: 3 0x000039e0 (0x00000f17) x30 0x000039e0
core   0: 0x000039e4 (0x123f2023) sw      gp, 288(t5)
core   0: 3 0x000039e4 (0x123f2023) mem 0x00003b00 0x00000001
core   0: >>>>  _exit
core   0: 0x000039e8 (0x0000bfe5) c.j     pc - 8
core   0: 3 0x000039e8 (0xbfe5)
core   0: >>>>  write_tohost
core   0: 0x000039e0 (0x00000f17) auipc   t5, 0x0
core   0: 3 0x000039e0 (0x00000f17) x30 0x000039e0
core   0: 0x000039e4 (0x123f2023) sw      gp, 288(t5)
core   0: 3 0x000039e4 (0x123f2023) mem 0x00003b00 0x00000001
core   0: >>>>  _exit
core   0: 0x000039e8 (0x0000bfe5) c.j     pc - 8
core   0: 3 0x000039e8 (0xbfe5)
core   0: >>>>  write_tohost
core   0: 0x000039e0 (0x00000f17) auipc   t5, 0x0
core   0: 3 0x000039e0 (0x00000f17) x30 0x000039e0
core   0: 0x000039e4 (0x123f2023) sw      gp, 288(t5)
core   0: 3 0x000039e4 (0x123f2023) mem 0x00003b00 0x00000001
core   0: >>>>  _exit
core   0: 0x000039e8 (0x0000bfe5) c.j     pc - 8
core   0: 3 0x000039e8 (0xbfe5)
core   0: >>>>  write_tohost
core   0: 0x000039e0 (0x00000f17) auipc   t5, 0x0
core   0: 3 0x000039e0 (0x00000f17) x30 0x000039e0
core   0: 0x000039e4 (0x123f2023) sw      gp, 288(t5)
core   0: 3 0x000039e4 (0x123f2023) mem 0x00003b00 0x00000001
core   0: >>>>  _exit
core   0: 0x000039e8 (0x0000bfe5) c.j     pc - 8
core   0: 3 0x000039e8 (0xbfe5)
core   0: >>>>  write_tohost
core   0: 0x000039e0 (0x00000f17) auipc   t5, 0x0
core   0: 3 0x000039e0 (0x00000f17) x30 0x000039e0
core   0: 0x000039e4 (0x123f2023) sw      gp, 288(t5)
core   0: 3 0x000039e4 (0x123f2023) mem 0x00003b00 0x00000001
core   0: >>>>  _exit
core   0: 0x000039e8 (0x0000bfe5) c.j     pc - 8
core   0: 3 0x000039e8 (0xbfe5)
core   0: >>>>  write_tohost
core   0: 0x000039e0 (0x00000f17) auipc   t5, 0x0
core   0: 3 0x000039e0 (0x00000f17) x30 0x000039e0
core   0: 0x000039e4 (0x123f2023) sw      gp, 288(t5)
core   0: 3 0x000039e4 (0x123f2023) mem 0x00003b00 0x00000001
core   0: >>>>  _exit
core   0: 0x000039e8 (0x0000bfe5) c.j     pc - 8
core   0: 3 0x000039e8 (0xbfe5)
core   0: >>>>  write_tohost
core   0: 0x000039e0 (0x00000f17) auipc   t5, 0x0
core   0: 3 0x000039e0 (0x00000f17) x30 0x000039e0
core   0: 0x000039e4 (0x123f2023) sw      gp, 288(t5)
core   0: 3 0x000039e4 (0x123f2023) mem 0x00003b00 0x00000001
core   0: >>>>  _exit
core   0: 0x000039e8 (0x0000bfe5) c.j     pc - 8
core   0: 3 0x000039e8 (0xbfe5)
core   0: >>>>  write_tohost
core   0: 0x000039e0 (0x00000f17) auipc   t5, 0x0
core   0: 3 0x000039e0 (0x00000f17) x30 0x000039e0
core   0: 0x000039e4 (0x123f2023) sw      gp, 288(t5)
core   0: 3 0x000039e4 (0x123f2023) mem 0x00003b00 0x00000001
core   0: >>>>  _exit
core   0: 0x000039e8 (0x0000bfe5) c.j     pc - 8
core   0: 3 0x000039e8 (0xbfe5)
core   0: >>>>  write_tohost
core   0: 0x000039e0 (0x00000f17) auipc   t5, 0x0
core   0: 3 0x000039e0 (0x00000f17) x30 0x000039e0
core   0: 0x000039e4 (0x123f2023) sw      gp, 288(t5)
core   0: 3 0x000039e4 (0x123f2023) mem 0x00003b00 0x00000001
core   0: >>>>  _exit
core   0: 0x000039e8 (0x0000bfe5) c.j     pc - 8
core   0: 3 0x000039e8 (0xbfe5)
core   0: >>>>  write_tohost
core   0: 0x000039e0 (0x00000f17) auipc   t5, 0x0
core   0: 3 0x000039e0 (0x00000f17) x30 0x000039e0
core   0: 0x000039e4 (0x123f2023) sw      gp, 288(t5)
core   0: 3 0x000039e4 (0x123f2023) mem 0x00003b00 0x00000001
core   0: >>>>  _exit
core   0: 0x000039e8 (0x0000bfe5) c.j     pc - 8
core   0: 3 0x000039e8 (0xbfe5)
core   0: >>>>  write_tohost
core   0: 0x000039e0 (0x00000f17) auipc   t5, 0x0
core   0: 3 0x000039e0 (0x00000f17) x30 0x000039e0
core   0: 0x000039e4 (0x123f2023) sw      gp, 288(t5)
core   0: 3 0x000039e4 (0x123f2023) mem 0x00003b00 0x00000001
core   0: >>>>  _exit
core   0: 0x000039e8 (0x0000bfe5) c.j     pc - 8
core   0: 3 0x000039e8 (0xbfe5)
core   0: >>>>  write_tohost
core   0: 0x000039e0 (0x00000f17) auipc   t5, 0x0
core   0: 3 0x000039e0 (0x00000f17) x30 0x000039e0
core   0: 0x000039e4 (0x123f2023) sw      gp, 288(t5)
core   0: 3 0x000039e4 (0x123f2023) mem 0x00003b00 0x00000001
core   0: >>>>  _exit
core   0: 0x000039e8 (0x0000bfe5) c.j     pc - 8
core   0: 3 0x000039e8 (0xbfe5)
core   0: >>>>  write_tohost
core   0: 0x000039e0 (0x00000f17) auipc   t5, 0x0
core   0: 3 0x000039e0 (0x00000f17) x30 0x000039e0
core   0: 0x000039e4 (0x123f2023) sw      gp, 288(t5)
core   0: 3 0x000039e4 (0x123f2023) mem 0x00003b00 0x00000001
core   0: >>>>  _exit
core   0: 0x000039e8 (0x0000bfe5) c.j     pc - 8
core   0: 3 0x000039e8 (0xbfe5)
core   0: >>>>  write_tohost
core   0: 0x000039e0 (0x00000f17) auipc   t5, 0x0
core   0: 3 0x000039e0 (0x00000f17) x30 0x000039e0
core   0: 0x000039e4 (0x123f2023) sw      gp, 288(t5)
core   0: 3 0x000039e4 (0x123f2023) mem 0x00003b00 0x00000001
core   0: >>>>  _exit
core   0: 0x000039e8 (0x0000bfe5) c.j     pc - 8
core   0: 3 0x000039e8 (0xbfe5)
core   0: >>>>  write_tohost
core   0: 0x000039e0 (0x00000f17) auipc   t5, 0x0
core   0: 3 0x000039e0 (0x00000f17) x30 0x000039e0
core   0: 0x000039e4 (0x123f2023) sw      gp, 288(t5)
core   0: 3 0x000039e4 (0x123f2023) mem 0x00003b00 0x00000001
core   0: >>>>  _exit
core   0: 0x000039e8 (0x0000bfe5) c.j     pc - 8
core   0: 3 0x000039e8 (0xbfe5)
core   0: >>>>  write_tohost
core   0: 0x000039e0 (0x00000f17) auipc   t5, 0x0
core   0: 3 0x000039e0 (0x00000f17) x30 0x000039e0
core   0: 0x000039e4 (0x123f2023) sw      gp, 288(t5)
core   0: 3 0x000039e4 (0x123f2023) mem 0x00003b00 0x00000001
core   0: >>>>  _exit
core   0: 0x000039e8 (0x0000bfe5) c.j     pc - 8
core   0: 3 0x000039e8 (0xbfe5)
core   0: >>>>  write_tohost
core   0: 0x000039e0 (0x00000f17) auipc   t5, 0x0
core   0: 3 0x000039e0 (0x00000f17) x30 0x000039e0
core   0: 0x000039e4 (0x123f2023) sw      gp, 288(t5)
core   0: 3 0x000039e4 (0x123f2023) mem 0x00003b00 0x00000001
core   0: >>>>  _exit
core   0: 0x000039e8 (0x0000bfe5) c.j     pc - 8
core   0: 3 0x000039e8 (0xbfe5)
core   0: >>>>  write_tohost
core   0: 0x000039e0 (0x00000f17) auipc   t5, 0x0
core   0: 3 0x000039e0 (0x00000f17) x30 0x000039e0
core   0: 0x000039e4 (0x123f2023) sw      gp, 288(t5)
core   0: 3 0x000039e4 (0x123f2023) mem 0x00003b00 0x00000001
core   0: >>>>  _exit
core   0: 0x000039e8 (0x0000bfe5) c.j     pc - 8
core   0: 3 0x000039e8 (0xbfe5)
core   0: >>>>  write_tohost
core   0: 0x000039e0 (0x00000f17) auipc   t5, 0x0
core   0: 3 0x000039e0 (0x00000f17) x30 0x000039e0
core   0: 0x000039e4 (0x123f2023) sw      gp, 288(t5)
core   0: 3 0x000039e4 (0x123f2023) mem 0x00003b00 0x00000001
core   0: >>>>  _exit
core   0: 0x000039e8 (0x0000bfe5) c.j     pc - 8
core   0: 3 0x000039e8 (0xbfe5)
core   0: >>>>  write_tohost
core   0: 0x000039e0 (0x00000f17) auipc   t5, 0x0
core   0: 3 0x000039e0 (0x00000f17) x30 0x000039e0
core   0: 0x000039e4 (0x123f2023) sw      gp, 288(t5)
core   0: 3 0x000039e4 (0x123f2023) mem 0x00003b00 0x00000001
core   0: >>>>  _exit
core   0: 0x000039e8 (0x0000bfe5) c.j     pc - 8
core   0: 3 0x000039e8 (0xbfe5)
core   0: >>>>  write_tohost
core   0: 0x000039e0 (0x00000f17) auipc   t5, 0x0
core   0: 3 0x000039e0 (0x00000f17) x30 0x000039e0
core   0: 0x000039e4 (0x123f2023) sw      gp, 288(t5)
core   0: 3 0x000039e4 (0x123f2023) mem 0x00003b00 0x00000001
core   0: >>>>  _exit
core   0: 0x000039e8 (0x0000bfe5) c.j     pc - 8
core   0: 3 0x000039e8 (0xbfe5)
core   0: >>>>  write_tohost
core   0: 0x000039e0 (0x00000f17) auipc   t5, 0x0
core   0: 3 0x000039e0 (0x00000f17) x30 0x000039e0
core   0: 0x000039e4 (0x123f2023) sw      gp, 288(t5)
core   0: 3 0x000039e4 (0x123f2023) mem 0x00003b00 0x00000001
core   0: >>>>  _exit
core   0: 0x000039e8 (0x0000bfe5) c.j     pc - 8
core   0: 3 0x000039e8 (0xbfe5)
core   0: >>>>  write_tohost
core   0: 0x000039e0 (0x00000f17) auipc   t5, 0x0
core   0: 3 0x000039e0 (0x00000f17) x30 0x000039e0
core   0: 0x000039e4 (0x123f2023) sw      gp, 288(t5)
core   0: 3 0x000039e4 (0x123f2023) mem 0x00003b00 0x00000001
core   0: >>>>  _exit
core   0: 0x000039e8 (0x0000bfe5) c.j     pc - 8
core   0: 3 0x000039e8 (0xbfe5)
core   0: >>>>  write_tohost
core   0: 0x000039e0 (0x00000f17) auipc   t5, 0x0
core   0: 3 0x000039e0 (0x00000f17) x30 0x000039e0
core   0: 0x000039e4 (0x123f2023) sw      gp, 288(t5)
core   0: 3 0x000039e4 (0x123f2023) mem 0x00003b00 0x00000001
core   0: >>>>  _exit
core   0: 0x000039e8 (0x0000bfe5) c.j     pc - 8
core   0: 3 0x000039e8 (0xbfe5)
core   0: >>>>  write_tohost
core   0: 0x000039e0 (0x00000f17) auipc   t5, 0x0
core   0: 3 0x000039e0 (0x00000f17) x30 0x000039e0
core   0: 0x000039e4 (0x123f2023) sw      gp, 288(t5)
core   0: 3 0x000039e4 (0x123f2023) mem 0x00003b00 0x00000001
core   0: >>>>  _exit
core   0: 0x000039e8 (0x0000bfe5) c.j     pc - 8
core   0: 3 0x000039e8 (0xbfe5)
core   0: >>>>  write_tohost
core   0: 0x000039e0 (0x00000f17) auipc   t5, 0x0
core   0: 3 0x000039e0 (0x00000f17) x30 0x000039e0
core   0: 0x000039e4 (0x123f2023) sw      gp, 288(t5)
core   0: 3 0x000039e4 (0x123f2023) mem 0x00003b00 0x00000001
core   0: >>>>  _exit
core   0: 0x000039e8 (0x0000bfe5) c.j     pc - 8
core   0: 3 0x000039e8 (0xbfe5)
core   0: >>>>  write_tohost
core   0: 0x000039e0 (0x00000f17) auipc   t5, 0x0
core   0: 3 0x000039e0 (0x00000f17) x30 0x000039e0
core   0: 0x000039e4 (0x123f2023) sw      gp, 288(t5)
core   0: 3 0x000039e4 (0x123f2023) mem 0x00003b00 0x00000001
core   0: >>>>  _exit
core   0: 0x000039e8 (0x0000bfe5) c.j     pc - 8
core   0: 3 0x000039e8 (0xbfe5)
core   0: >>>>  write_tohost
core   0: 0x000039e0 (0x00000f17) auipc   t5, 0x0
core   0: 3 0x000039e0 (0x00000f17) x30 0x000039e0
core   0: 0x000039e4 (0x123f2023) sw      gp, 288(t5)
core   0: 3 0x000039e4 (0x123f2023) mem 0x00003b00 0x00000001
core   0: >>>>  _exit
core   0: 0x000039e8 (0x0000bfe5) c.j     pc - 8
core   0: 3 0x000039e8 (0xbfe5)
core   0: >>>>  write_tohost
core   0: 0x000039e0 (0x00000f17) auipc   t5, 0x0
core   0: 3 0x000039e0 (0x00000f17) x30 0x000039e0
core   0: 0x000039e4 (0x123f2023) sw      gp, 288(t5)
core   0: 3 0x000039e4 (0x123f2023) mem 0x00003b00 0x00000001
core   0: >>>>  _exit
core   0: 0x000039e8 (0x0000bfe5) c.j     pc - 8
core   0: 3 0x000039e8 (0xbfe5)
core   0: >>>>  write_tohost
core   0: 0x000039e0 (0x00000f17) auipc   t5, 0x0
core   0: 3 0x000039e0 (0x00000f17) x30 0x000039e0
core   0: 0x000039e4 (0x123f2023) sw      gp, 288(t5)
core   0: 3 0x000039e4 (0x123f2023) mem 0x00003b00 0x00000001
core   0: >>>>  _exit
core   0: 0x000039e8 (0x0000bfe5) c.j     pc - 8
core   0: 3 0x000039e8 (0xbfe5)
core   0: >>>>  write_tohost
core   0: 0x000039e0 (0x00000f17) auipc   t5, 0x0
core   0: 3 0x000039e0 (0x00000f17) x30 0x000039e0
core   0: 0x000039e4 (0x123f2023) sw      gp, 288(t5)
core   0: 3 0x000039e4 (0x123f2023) mem 0x00003b00 0x00000001
core   0: >>>>  _exit
core   0: 0x000039e8 (0x0000bfe5) c.j     pc - 8
core   0: 3 0x000039e8 (0xbfe5)
core   0: >>>>  write_tohost
core   0: 0x000039e0 (0x00000f17) auipc   t5, 0x0
core   0: 3 0x000039e0 (0x00000f17) x30 0x000039e0
core   0: 0x000039e4 (0x123f2023) sw      gp, 288(t5)
core   0: 3 0x000039e4 (0x123f2023) mem 0x00003b00 0x00000001
core   0: >>>>  _exit
core   0: 0x000039e8 (0x0000bfe5) c.j     pc - 8
core   0: 3 0x000039e8 (0xbfe5)
core   0: >>>>  write_tohost
core   0: 0x000039e0 (0x00000f17) auipc   t5, 0x0
core   0: 3 0x000039e0 (0x00000f17) x30 0x000039e0
core   0: 0x000039e4 (0x123f2023) sw      gp, 288(t5)
core   0: 3 0x000039e4 (0x123f2023) mem 0x00003b00 0x00000001
core   0: >>>>  _exit
core   0: 0x000039e8 (0x0000bfe5) c.j     pc - 8
core   0: 3 0x000039e8 (0xbfe5)
core   0: >>>>  write_tohost
core   0: 0x000039e0 (0x00000f17) auipc   t5, 0x0
core   0: 3 0x000039e0 (0x00000f17) x30 0x000039e0
core   0: 0x000039e4 (0x123f2023) sw      gp, 288(t5)
core   0: 3 0x000039e4 (0x123f2023) mem 0x00003b00 0x00000001
core   0: >>>>  _exit
core   0: 0x000039e8 (0x0000bfe5) c.j     pc - 8
core   0: 3 0x000039e8 (0xbfe5)
core   0: >>>>  write_tohost
core   0: 0x000039e0 (0x00000f17) auipc   t5, 0x0
core   0: 3 0x000039e0 (0x00000f17) x30 0x000039e0
core   0: 0x000039e4 (0x123f2023) sw      gp, 288(t5)
core   0: 3 0x000039e4 (0x123f2023) mem 0x00003b00 0x00000001
core   0: >>>>  _exit
core   0: 0x000039e8 (0x0000bfe5) c.j     pc - 8
core   0: 3 0x000039e8 (0xbfe5)
core   0: >>>>  write_tohost
core   0: 0x000039e0 (0x00000f17) auipc   t5, 0x0
core   0: 3 0x000039e0 (0x00000f17) x30 0x000039e0
core   0: 0x000039e4 (0x123f2023) sw      gp, 288(t5)
core   0: 3 0x000039e4 (0x123f2023) mem 0x00003b00 0x00000001
core   0: >>>>  _exit
core   0: 0x000039e8 (0x0000bfe5) c.j     pc - 8
core   0: 3 0x000039e8 (0xbfe5)
core   0: >>>>  write_tohost
core   0: 0x000039e0 (0x00000f17) auipc   t5, 0x0
core   0: 3 0x000039e0 (0x00000f17) x30 0x000039e0
core   0: 0x000039e4 (0x123f2023) sw      gp, 288(t5)
core   0: 3 0x000039e4 (0x123f2023) mem 0x00003b00 0x00000001
core   0: >>>>  _exit
core   0: 0x000039e8 (0x0000bfe5) c.j     pc - 8
core   0: 3 0x000039e8 (0xbfe5)
core   0: >>>>  write_tohost
core   0: 0x000039e0 (0x00000f17) auipc   t5, 0x0
core   0: 3 0x000039e0 (0x00000f17) x30 0x000039e0
core   0: 0x000039e4 (0x123f2023) sw      gp, 288(t5)
core   0: 3 0x000039e4 (0x123f2023) mem 0x00003b00 0x00000001
core   0: >>>>  _exit
core   0: 0x000039e8 (0x0000bfe5) c.j     pc - 8
core   0: 3 0x000039e8 (0xbfe5)
core   0: >>>>  write_tohost
core   0: 0x000039e0 (0x00000f17) auipc   t5, 0x0
core   0: 3 0x000039e0 (0x00000f17) x30 0x000039e0
core   0: 0x000039e4 (0x123f2023) sw      gp, 288(t5)
core   0: 3 0x000039e4 (0x123f2023) mem 0x00003b00 0x00000001
core   0: >>>>  _exit
core   0: 0x000039e8 (0x0000bfe5) c.j     pc - 8
core   0: 3 0x000039e8 (0xbfe5)
core   0: >>>>  write_tohost
core   0: 0x000039e0 (0x00000f17) auipc   t5, 0x0
core   0: 3 0x000039e0 (0x00000f17) x30 0x000039e0
core   0: 0x000039e4 (0x123f2023) sw      gp, 288(t5)
core   0: 3 0x000039e4 (0x123f2023) mem 0x00003b00 0x00000001
core   0: >>>>  _exit
core   0: 0x000039e8 (0x0000bfe5) c.j     pc - 8
core   0: 3 0x000039e8 (0xbfe5)
core   0: >>>>  write_tohost
core   0: 0x000039e0 (0x00000f17) auipc   t5, 0x0
core   0: 3 0x000039e0 (0x00000f17) x30 0x000039e0
core   0: 0x000039e4 (0x123f2023) sw      gp, 288(t5)
core   0: 3 0x000039e4 (0x123f2023) mem 0x00003b00 0x00000001
core   0: >>>>  _exit
core   0: 0x000039e8 (0x0000bfe5) c.j     pc - 8
core   0: 3 0x000039e8 (0xbfe5)
core   0: >>>>  write_tohost
core   0: 0x000039e0 (0x00000f17) auipc   t5, 0x0
core   0: 3 0x000039e0 (0x00000f17) x30 0x000039e0
core   0: 0x000039e4 (0x123f2023) sw      gp, 288(t5)
core   0: 3 0x000039e4 (0x123f2023) mem 0x00003b00 0x00000001
core   0: >>>>  _exit
core   0: 0x000039e8 (0x0000bfe5) c.j     pc - 8
core   0: 3 0x000039e8 (0xbfe5)
core   0: >>>>  write_tohost
core   0: 0x000039e0 (0x00000f17) auipc   t5, 0x0
core   0: 3 0x000039e0 (0x00000f17) x30 0x000039e0
core   0: 0x000039e4 (0x123f2023) sw      gp, 288(t5)
core   0: 3 0x000039e4 (0x123f2023) mem 0x00003b00 0x00000001
core   0: >>>>  _exit
core   0: 0x000039e8 (0x0000bfe5) c.j     pc - 8
core   0: 3 0x000039e8 (0xbfe5)
core   0: >>>>  write_tohost
core   0: 0x000039e0 (0x00000f17) auipc   t5, 0x0
core   0: 3 0x000039e0 (0x00000f17) x30 0x000039e0
core   0: 0x000039e4 (0x123f2023) sw      gp, 288(t5)
core   0: 3 0x000039e4 (0x123f2023) mem 0x00003b00 0x00000001
core   0: >>>>  _exit
core   0: 0x000039e8 (0x0000bfe5) c.j     pc - 8
core   0: 3 0x000039e8 (0xbfe5)
core   0: >>>>  write_tohost
core   0: 0x000039e0 (0x00000f17) auipc   t5, 0x0
core   0: 3 0x000039e0 (0x00000f17) x30 0x000039e0
core   0: 0x000039e4 (0x123f2023) sw      gp, 288(t5)
core   0: 3 0x000039e4 (0x123f2023) mem 0x00003b00 0x00000001
core   0: >>>>  _exit
core   0: 0x000039e8 (0x0000bfe5) c.j     pc - 8
core   0: 3 0x000039e8 (0xbfe5)
core   0: >>>>  write_tohost
core   0: 0x000039e0 (0x00000f17) auipc   t5, 0x0
core   0: 3 0x000039e0 (0x00000f17) x30 0x000039e0
core   0: 0x000039e4 (0x123f2023) sw      gp, 288(t5)
core   0: 3 0x000039e4 (0x123f2023) mem 0x00003b00 0x00000001
core   0: >>>>  _exit
core   0: 0x000039e8 (0x0000bfe5) c.j     pc - 8
core   0: 3 0x000039e8 (0xbfe5)
core   0: >>>>  write_tohost
core   0: 0x000039e0 (0x00000f17) auipc   t5, 0x0
core   0: 3 0x000039e0 (0x00000f17) x30 0x000039e0
core   0: 0x000039e4 (0x123f2023) sw      gp, 288(t5)
core   0: 3 0x000039e4 (0x123f2023) mem 0x00003b00 0x00000001
core   0: >>>>  _exit
core   0: 0x000039e8 (0x0000bfe5) c.j     pc - 8
core   0: 3 0x000039e8 (0xbfe5)
core   0: >>>>  write_tohost
core   0: 0x000039e0 (0x00000f17) auipc   t5, 0x0
core   0: 3 0x000039e0 (0x00000f17) x30 0x000039e0
core   0: 0x000039e4 (0x123f2023) sw      gp, 288(t5)
core   0: 3 0x000039e4 (0x123f2023) mem 0x00003b00 0x00000001
core   0: >>>>  _exit
core   0: 0x000039e8 (0x0000bfe5) c.j     pc - 8
core   0: 3 0x000039e8 (0xbfe5)
core   0: >>>>  write_tohost
core   0: 0x000039e0 (0x00000f17) auipc   t5, 0x0
core   0: 3 0x000039e0 (0x00000f17) x30 0x000039e0
core   0: 0x000039e4 (0x123f2023) sw      gp, 288(t5)
core   0: 3 0x000039e4 (0x123f2023) mem 0x00003b00 0x00000001
core   0: >>>>  _exit
core   0: 0x000039e8 (0x0000bfe5) c.j     pc - 8
core   0: 3 0x000039e8 (0xbfe5)
core   0: >>>>  write_tohost
core   0: 0x000039e0 (0x00000f17) auipc   t5, 0x0
core   0: 3 0x000039e0 (0x00000f17) x30 0x000039e0
core   0: 0x000039e4 (0x123f2023) sw      gp, 288(t5)
core   0: 3 0x000039e4 (0x123f2023) mem 0x00003b00 0x00000001
core   0: >>>>  _exit
core   0: 0x000039e8 (0x0000bfe5) c.j     pc - 8
core   0: 3 0x000039e8 (0xbfe5)
core   0: >>>>  write_tohost
core   0: 0x000039e0 (0x00000f17) auipc   t5, 0x0
core   0: 3 0x000039e0 (0x00000f17) x30 0x000039e0
core   0: 0x000039e4 (0x123f2023) sw      gp, 288(t5)
core   0: 3 0x000039e4 (0x123f2023) mem 0x00003b00 0x00000001
core   0: >>>>  _exit
core   0: 0x000039e8 (0x0000bfe5) c.j     pc - 8
core   0: 3 0x000039e8 (0xbfe5)
core   0: >>>>  write_tohost
core   0: 0x000039e0 (0x00000f17) auipc   t5, 0x0
core   0: 3 0x000039e0 (0x00000f17) x30 0x000039e0
core   0: 0x000039e4 (0x123f2023) sw      gp, 288(t5)
core   0: 3 0x000039e4 (0x123f2023) mem 0x00003b00 0x00000001
core   0: >>>>  _exit
core   0: 0x000039e8 (0x0000bfe5) c.j     pc - 8
core   0: 3 0x000039e8 (0xbfe5)
core   0: >>>>  write_tohost
core   0: 0x000039e0 (0x00000f17) auipc   t5, 0x0
core   0: 3 0x000039e0 (0x00000f17) x30 0x000039e0
core   0: 0x000039e4 (0x123f2023) sw      gp, 288(t5)
core   0: 3 0x000039e4 (0x123f2023) mem 0x00003b00 0x00000001
core   0: >>>>  _exit
core   0: 0x000039e8 (0x0000bfe5) c.j     pc - 8
core   0: 3 0x000039e8 (0xbfe5)
core   0: >>>>  write_tohost
core   0: 0x000039e0 (0x00000f17) auipc   t5, 0x0
core   0: 3 0x000039e0 (0x00000f17) x30 0x000039e0
core   0: 0x000039e4 (0x123f2023) sw      gp, 288(t5)
core   0: 3 0x000039e4 (0x123f2023) mem 0x00003b00 0x00000001
core   0: >>>>  _exit
core   0: 0x000039e8 (0x0000bfe5) c.j     pc - 8
core   0: 3 0x000039e8 (0xbfe5)
core   0: >>>>  write_tohost
core   0: 0x000039e0 (0x00000f17) auipc   t5, 0x0
core   0: 3 0x000039e0 (0x00000f17) x30 0x000039e0
core   0: 0x000039e4 (0x123f2023) sw      gp, 288(t5)
core   0: 3 0x000039e4 (0x123f2023) mem 0x00003b00 0x00000001
core   0: >>>>  _exit
core   0: 0x000039e8 (0x0000bfe5) c.j     pc - 8
core   0: 3 0x000039e8 (0xbfe5)
core   0: >>>>  write_tohost
core   0: 0x000039e0 (0x00000f17) auipc   t5, 0x0
core   0: 3 0x000039e0 (0x00000f17) x30 0x000039e0
core   0: 0x000039e4 (0x123f2023) sw      gp, 288(t5)
core   0: 3 0x000039e4 (0x123f2023) mem 0x00003b00 0x00000001
core   0: >>>>  _exit
core   0: 0x000039e8 (0x0000bfe5) c.j     pc - 8
core   0: 3 0x000039e8 (0xbfe5)
core   0: >>>>  write_tohost
core   0: 0x000039e0 (0x00000f17) auipc   t5, 0x0
core   0: 3 0x000039e0 (0x00000f17) x30 0x000039e0
core   0: 0x000039e4 (0x123f2023) sw      gp, 288(t5)
core   0: 3 0x000039e4 (0x123f2023) mem 0x00003b00 0x00000001
core   0: >>>>  _exit
core   0: 0x000039e8 (0x0000bfe5) c.j     pc - 8
core   0: 3 0x000039e8 (0xbfe5)
core   0: >>>>  write_tohost
core   0: 0x000039e0 (0x00000f17) auipc   t5, 0x0
core   0: 3 0x000039e0 (0x00000f17) x30 0x000039e0
core   0: 0x000039e4 (0x123f2023) sw      gp, 288(t5)
core   0: 3 0x000039e4 (0x123f2023) mem 0x00003b00 0x00000001
core   0: >>>>  _exit
core   0: 0x000039e8 (0x0000bfe5) c.j     pc - 8
core   0: 3 0x000039e8 (0xbfe5)
core   0: >>>>  write_tohost
core   0: 0x000039e0 (0x00000f17) auipc   t5, 0x0
core   0: 3 0x000039e0 (0x00000f17) x30 0x000039e0
core   0: 0x000039e4 (0x123f2023) sw      gp, 288(t5)
core   0: 3 0x000039e4 (0x123f2023) mem 0x00003b00 0x00000001
core   0: >>>>  _exit
core   0: 0x000039e8 (0x0000bfe5) c.j     pc - 8
core   0: 3 0x000039e8 (0xbfe5)
core   0: >>>>  write_tohost
core   0: 0x000039e0 (0x00000f17) auipc   t5, 0x0
core   0: 3 0x000039e0 (0x00000f17) x30 0x000039e0
core   0: 0x000039e4 (0x123f2023) sw      gp, 288(t5)
core   0: 3 0x000039e4 (0x123f2023) mem 0x00003b00 0x00000001
core   0: >>>>  _exit
core   0: 0x000039e8 (0x0000bfe5) c.j     pc - 8
core   0: 3 0x000039e8 (0xbfe5)
core   0: >>>>  write_tohost
core   0: 0x000039e0 (0x00000f17) auipc   t5, 0x0
core   0: 3 0x000039e0 (0x00000f17) x30 0x000039e0
core   0: 0x000039e4 (0x123f2023) sw      gp, 288(t5)
core   0: 3 0x000039e4 (0x123f2023) mem 0x00003b00 0x00000001
core   0: >>>>  _exit
core   0: 0x000039e8 (0x0000bfe5) c.j     pc - 8
core   0: 3 0x000039e8 (0xbfe5)
core   0: >>>>  write_tohost
core   0: 0x000039e0 (0x00000f17) auipc   t5, 0x0
core   0: 3 0x000039e0 (0x00000f17) x30 0x000039e0
core   0: 0x000039e4 (0x123f2023) sw      gp, 288(t5)
core   0: 3 0x000039e4 (0x123f2023) mem 0x00003b00 0x00000001
core   0: >>>>  _exit
core   0: 0x000039e8 (0x0000bfe5) c.j     pc - 8
core   0: 3 0x000039e8 (0xbfe5)
core   0: >>>>  write_tohost
core   0: 0x000039e0 (0x00000f17) auipc   t5, 0x0
core   0: 3 0x000039e0 (0x00000f17) x30 0x000039e0
core   0: 0x000039e4 (0x123f2023) sw      gp, 288(t5)
core   0: 3 0x000039e4 (0x123f2023) mem 0x00003b00 0x00000001
core   0: >>>>  _exit
core   0: 0x000039e8 (0x0000bfe5) c.j     pc - 8
core   0: 3 0x000039e8 (0xbfe5)
core   0: >>>>  write_tohost
core   0: 0x000039e0 (0x00000f17) auipc   t5, 0x0
core   0: 3 0x000039e0 (0x00000f17) x30 0x000039e0
core   0: 0x000039e4 (0x123f2023) sw      gp, 288(t5)
core   0: 3 0x000039e4 (0x123f2023) mem 0x00003b00 0x00000001
core   0: >>>>  _exit
core   0: 0x000039e8 (0x0000bfe5) c.j     pc - 8
core   0: 3 0x000039e8 (0xbfe5)
core   0: >>>>  write_tohost
core   0: 0x000039e0 (0x00000f17) auipc   t5, 0x0
core   0: 3 0x000039e0 (0x00000f17) x30 0x000039e0
core   0: 0x000039e4 (0x123f2023) sw      gp, 288(t5)
core   0: 3 0x000039e4 (0x123f2023) mem 0x00003b00 0x00000001
core   0: >>>>  _exit
core   0: 0x000039e8 (0x0000bfe5) c.j     pc - 8
core   0: 3 0x000039e8 (0xbfe5)
core   0: >>>>  write_tohost
core   0: 0x000039e0 (0x00000f17) auipc   t5, 0x0
core   0: 3 0x000039e0 (0x00000f17) x30 0x000039e0
core   0: 0x000039e4 (0x123f2023) sw      gp, 288(t5)
core   0: 3 0x000039e4 (0x123f2023) mem 0x00003b00 0x00000001
core   0: >>>>  _exit
core   0: 0x000039e8 (0x0000bfe5) c.j     pc - 8
core   0: 3 0x000039e8 (0xbfe5)
core   0: >>>>  write_tohost
core   0: 0x000039e0 (0x00000f17) auipc   t5, 0x0
core   0: 3 0x000039e0 (0x00000f17) x30 0x000039e0
core   0: 0x000039e4 (0x123f2023) sw      gp, 288(t5)
core   0: 3 0x000039e4 (0x123f2023) mem 0x00003b00 0x00000001
core   0: >>>>  _exit
core   0: 0x000039e8 (0x0000bfe5) c.j     pc - 8
core   0: 3 0x000039e8 (0xbfe5)
core   0: >>>>  write_tohost
core   0: 0x000039e0 (0x00000f17) auipc   t5, 0x0
core   0: 3 0x000039e0 (0x00000f17) x30 0x000039e0
core   0: 0x000039e4 (0x123f2023) sw      gp, 288(t5)
core   0: 3 0x000039e4 (0x123f2023) mem 0x00003b00 0x00000001
core   0: >>>>  _exit
core   0: 0x000039e8 (0x0000bfe5) c.j     pc - 8
core   0: 3 0x000039e8 (0xbfe5)
core   0: >>>>  write_tohost
core   0: 0x000039e0 (0x00000f17) auipc   t5, 0x0
core   0: 3 0x000039e0 (0x00000f17) x30 0x000039e0
core   0: 0x000039e4 (0x123f2023) sw      gp, 288(t5)
core   0: 3 0x000039e4 (0x123f2023) mem 0x00003b00 0x00000001
core   0: >>>>  _exit
core   0: 0x000039e8 (0x0000bfe5) c.j     pc - 8
core   0: 3 0x000039e8 (0xbfe5)
core   0: >>>>  write_tohost
core   0: 0x000039e0 (0x00000f17) auipc   t5, 0x0
core   0: 3 0x000039e0 (0x00000f17) x30 0x000039e0
core   0: 0x000039e4 (0x123f2023) sw      gp, 288(t5)
core   0: 3 0x000039e4 (0x123f2023) mem 0x00003b00 0x00000001
core   0: >>>>  _exit
core   0: 0x000039e8 (0x0000bfe5) c.j     pc - 8
core   0: 3 0x000039e8 (0xbfe5)
core   0: >>>>  write_tohost
core   0: 0x000039e0 (0x00000f17) auipc   t5, 0x0
core   0: 3 0x000039e0 (0x00000f17) x30 0x000039e0
core   0: 0x000039e4 (0x123f2023) sw      gp, 288(t5)
core   0: 3 0x000039e4 (0x123f2023) mem 0x00003b00 0x00000001
core   0: >>>>  _exit
core   0: 0x000039e8 (0x0000bfe5) c.j     pc - 8
core   0: 3 0x000039e8 (0xbfe5)
core   0: >>>>  write_tohost
core   0: 0x000039e0 (0x00000f17) auipc   t5, 0x0
core   0: 3 0x000039e0 (0x00000f17) x30 0x000039e0
core   0: 0x000039e4 (0x123f2023) sw      gp, 288(t5)
core   0: 3 0x000039e4 (0x123f2023) mem 0x00003b00 0x00000001
core   0: >>>>  _exit
core   0: 0x000039e8 (0x0000bfe5) c.j     pc - 8
core   0: 3 0x000039e8 (0xbfe5)
core   0: >>>>  write_tohost
core   0: 0x000039e0 (0x00000f17) auipc   t5, 0x0
core   0: 3 0x000039e0 (0x00000f17) x30 0x000039e0
core   0: 0x000039e4 (0x123f2023) sw      gp, 288(t5)
core   0: 3 0x000039e4 (0x123f2023) mem 0x00003b00 0x00000001
core   0: >>>>  _exit
core   0: 0x000039e8 (0x0000bfe5) c.j     pc - 8
core   0: 3 0x000039e8 (0xbfe5)
core   0: >>>>  write_tohost
core   0: 0x000039e0 (0x00000f17) auipc   t5, 0x0
core   0: 3 0x000039e0 (0x00000f17) x30 0x000039e0
core   0: 0x000039e4 (0x123f2023) sw      gp, 288(t5)
core   0: 3 0x000039e4 (0x123f2023) mem 0x00003b00 0x00000001
core   0: >>>>  _exit
core   0: 0x000039e8 (0x0000bfe5) c.j     pc - 8
core   0: 3 0x000039e8 (0xbfe5)
core   0: >>>>  write_tohost
core   0: 0x000039e0 (0x00000f17) auipc   t5, 0x0
core   0: 3 0x000039e0 (0x00000f17) x30 0x000039e0
core   0: 0x000039e4 (0x123f2023) sw      gp, 288(t5)
core   0: 3 0x000039e4 (0x123f2023) mem 0x00003b00 0x00000001
core   0: >>>>  _exit
core   0: 0x000039e8 (0x0000bfe5) c.j     pc - 8
core   0: 3 0x000039e8 (0xbfe5)
core   0: >>>>  write_tohost
core   0: 0x000039e0 (0x00000f17) auipc   t5, 0x0
core   0: 3 0x000039e0 (0x00000f17) x30 0x000039e0
core   0: 0x000039e4 (0x123f2023) sw      gp, 288(t5)
core   0: 3 0x000039e4 (0x123f2023) mem 0x00003b00 0x00000001
core   0: >>>>  _exit
core   0: 0x000039e8 (0x0000bfe5) c.j     pc - 8
core   0: 3 0x000039e8 (0xbfe5)
core   0: >>>>  write_tohost
core   0: 0x000039e0 (0x00000f17) auipc   t5, 0x0
core   0: 3 0x000039e0 (0x00000f17) x30 0x000039e0
core   0: 0x000039e4 (0x123f2023) sw      gp, 288(t5)
core   0: 3 0x000039e4 (0x123f2023) mem 0x00003b00 0x00000001
core   0: >>>>  _exit
core   0: 0x000039e8 (0x0000bfe5) c.j     pc - 8
core   0: 3 0x000039e8 (0xbfe5)
core   0: >>>>  write_tohost
core   0: 0x000039e0 (0x00000f17) auipc   t5, 0x0
core   0: 3 0x000039e0 (0x00000f17) x30 0x000039e0
core   0: 0x000039e4 (0x123f2023) sw      gp, 288(t5)
core   0: 3 0x000039e4 (0x123f2023) mem 0x00003b00 0x00000001
core   0: >>>>  _exit
core   0: 0x000039e8 (0x0000bfe5) c.j     pc - 8
core   0: 3 0x000039e8 (0xbfe5)
core   0: >>>>  write_tohost
core   0: 0x000039e0 (0x00000f17) auipc   t5, 0x0
core   0: 3 0x000039e0 (0x00000f17) x30 0x000039e0
core   0: 0x000039e4 (0x123f2023) sw      gp, 288(t5)
core   0: 3 0x000039e4 (0x123f2023) mem 0x00003b00 0x00000001
core   0: >>>>  _exit
core   0: 0x000039e8 (0x0000bfe5) c.j     pc - 8
core   0: 3 0x000039e8 (0xbfe5)
core   0: >>>>  write_tohost
core   0: 0x000039e0 (0x00000f17) auipc   t5, 0x0
core   0: 3 0x000039e0 (0x00000f17) x30 0x000039e0
core   0: 0x000039e4 (0x123f2023) sw      gp, 288(t5)
core   0: 3 0x000039e4 (0x123f2023) mem 0x00003b00 0x00000001
core   0: >>>>  _exit
core   0: 0x000039e8 (0x0000bfe5) c.j     pc - 8
core   0: 3 0x000039e8 (0xbfe5)
core   0: >>>>  write_tohost
core   0: 0x000039e0 (0x00000f17) auipc   t5, 0x0
core   0: 3 0x000039e0 (0x00000f17) x30 0x000039e0
core   0: 0x000039e4 (0x123f2023) sw      gp, 288(t5)
core   0: 3 0x000039e4 (0x123f2023) mem 0x00003b00 0x00000001
core   0: >>>>  _exit
core   0: 0x000039e8 (0x0000bfe5) c.j     pc - 8
core   0: 3 0x000039e8 (0xbfe5)
core   0: >>>>  write_tohost
core   0: 0x000039e0 (0x00000f17) auipc   t5, 0x0
core   0: 3 0x000039e0 (0x00000f17) x30 0x000039e0
core   0: 0x000039e4 (0x123f2023) sw      gp, 288(t5)
core   0: 3 0x000039e4 (0x123f2023) mem 0x00003b00 0x00000001
core   0: >>>>  _exit
core   0: 0x000039e8 (0x0000bfe5) c.j     pc - 8
core   0: 3 0x000039e8 (0xbfe5)
core   0: >>>>  write_tohost
core   0: 0x000039e0 (0x00000f17) auipc   t5, 0x0
core   0: 3 0x000039e0 (0x00000f17) x30 0x000039e0
core   0: 0x000039e4 (0x123f2023) sw      gp, 288(t5)
core   0: 3 0x000039e4 (0x123f2023) mem 0x00003b00 0x00000001
core   0: >>>>  _exit
core   0: 0x000039e8 (0x0000bfe5) c.j     pc - 8
core   0: 3 0x000039e8 (0xbfe5)
core   0: >>>>  write_tohost
core   0: 0x000039e0 (0x00000f17) auipc   t5, 0x0
core   0: 3 0x000039e0 (0x00000f17) x30 0x000039e0
core   0: 0x000039e4 (0x123f2023) sw      gp, 288(t5)
core   0: 3 0x000039e4 (0x123f2023) mem 0x00003b00 0x00000001
core   0: >>>>  _exit
core   0: 0x000039e8 (0x0000bfe5) c.j     pc - 8
core   0: 3 0x000039e8 (0xbfe5)
core   0: >>>>  write_tohost
core   0: 0x000039e0 (0x00000f17) auipc   t5, 0x0
core   0: 3 0x000039e0 (0x00000f17) x30 0x000039e0
core   0: 0x000039e4 (0x123f2023) sw      gp, 288(t5)
core   0: 3 0x000039e4 (0x123f2023) mem 0x00003b00 0x00000001
core   0: >>>>  _exit
core   0: 0x000039e8 (0x0000bfe5) c.j     pc - 8
core   0: 3 0x000039e8 (0xbfe5)
core   0: >>>>  write_tohost
core   0: 0x000039e0 (0x00000f17) auipc   t5, 0x0
core   0: 3 0x000039e0 (0x00000f17) x30 0x000039e0
core   0: 0x000039e4 (0x123f2023) sw      gp, 288(t5)
core   0: 3 0x000039e4 (0x123f2023) mem 0x00003b00 0x00000001
core   0: >>>>  _exit
core   0: 0x000039e8 (0x0000bfe5) c.j     pc - 8
core   0: 3 0x000039e8 (0xbfe5)
core   0: >>>>  write_tohost
core   0: 0x000039e0 (0x00000f17) auipc   t5, 0x0
core   0: 3 0x000039e0 (0x00000f17) x30 0x000039e0
core   0: 0x000039e4 (0x123f2023) sw      gp, 288(t5)
core   0: 3 0x000039e4 (0x123f2023) mem 0x00003b00 0x00000001
core   0: >>>>  _exit
core   0: 0x000039e8 (0x0000bfe5) c.j     pc - 8
core   0: 3 0x000039e8 (0xbfe5)
core   0: >>>>  write_tohost
core   0: 0x000039e0 (0x00000f17) auipc   t5, 0x0
core   0: 3 0x000039e0 (0x00000f17) x30 0x000039e0
core   0: 0x000039e4 (0x123f2023) sw      gp, 288(t5)
core   0: 3 0x000039e4 (0x123f2023) mem 0x00003b00 0x00000001
core   0: >>>>  _exit
core   0: 0x000039e8 (0x0000bfe5) c.j     pc - 8
core   0: 3 0x000039e8 (0xbfe5)
core   0: >>>>  write_tohost
core   0: 0x000039e0 (0x00000f17) auipc   t5, 0x0
core   0: 3 0x000039e0 (0x00000f17) x30 0x000039e0
core   0: 0x000039e4 (0x123f2023) sw      gp, 288(t5)
core   0: 3 0x000039e4 (0x123f2023) mem 0x00003b00 0x00000001
core   0: >>>>  _exit
core   0: 0x000039e8 (0x0000bfe5) c.j     pc - 8
core   0: 3 0x000039e8 (0xbfe5)
core   0: >>>>  write_tohost
core   0: 0x000039e0 (0x00000f17) auipc   t5, 0x0
core   0: 3 0x000039e0 (0x00000f17) x30 0x000039e0
core   0: 0x000039e4 (0x123f2023) sw      gp, 288(t5)
core   0: 3 0x000039e4 (0x123f2023) mem 0x00003b00 0x00000001
core   0: >>>>  _exit
core   0: 0x000039e8 (0x0000bfe5) c.j     pc - 8
core   0: 3 0x000039e8 (0xbfe5)
core   0: >>>>  write_tohost
core   0: 0x000039e0 (0x00000f17) auipc   t5, 0x0
core   0: 3 0x000039e0 (0x00000f17) x30 0x000039e0
core   0: 0x000039e4 (0x123f2023) sw      gp, 288(t5)
core   0: 3 0x000039e4 (0x123f2023) mem 0x00003b00 0x00000001
core   0: >>>>  _exit
core   0: 0x000039e8 (0x0000bfe5) c.j     pc - 8
core   0: 3 0x000039e8 (0xbfe5)
core   0: >>>>  write_tohost
core   0: 0x000039e0 (0x00000f17) auipc   t5, 0x0
core   0: 3 0x000039e0 (0x00000f17) x30 0x000039e0
core   0: 0x000039e4 (0x123f2023) sw      gp, 288(t5)
core   0: 3 0x000039e4 (0x123f2023) mem 0x00003b00 0x00000001
core   0: >>>>  _exit
core   0: 0x000039e8 (0x0000bfe5) c.j     pc - 8
core   0: 3 0x000039e8 (0xbfe5)
core   0: >>>>  write_tohost
core   0: 0x000039e0 (0x00000f17) auipc   t5, 0x0
core   0: 3 0x000039e0 (0x00000f17) x30 0x000039e0
core   0: 0x000039e4 (0x123f2023) sw      gp, 288(t5)
core   0: 3 0x000039e4 (0x123f2023) mem 0x00003b00 0x00000001
core   0: >>>>  _exit
core   0: 0x000039e8 (0x0000bfe5) c.j     pc - 8
core   0: 3 0x000039e8 (0xbfe5)
core   0: >>>>  write_tohost
core   0: 0x000039e0 (0x00000f17) auipc   t5, 0x0
core   0: 3 0x000039e0 (0x00000f17) x30 0x000039e0
core   0: 0x000039e4 (0x123f2023) sw      gp, 288(t5)
core   0: 3 0x000039e4 (0x123f2023) mem 0x00003b00 0x00000001
core   0: >>>>  _exit
core   0: 0x000039e8 (0x0000bfe5) c.j     pc - 8
core   0: 3 0x000039e8 (0xbfe5)
core   0: >>>>  write_tohost
core   0: 0x000039e0 (0x00000f17) auipc   t5, 0x0
core   0: 3 0x000039e0 (0x00000f17) x30 0x000039e0
core   0: 0x000039e4 (0x123f2023) sw      gp, 288(t5)
core   0: 3 0x000039e4 (0x123f2023) mem 0x00003b00 0x00000001
core   0: >>>>  _exit
core   0: 0x000039e8 (0x0000bfe5) c.j     pc - 8
core   0: 3 0x000039e8 (0xbfe5)
core   0: >>>>  write_tohost
core   0: 0x000039e0 (0x00000f17) auipc   t5, 0x0
core   0: 3 0x000039e0 (0x00000f17) x30 0x000039e0
core   0: 0x000039e4 (0x123f2023) sw      gp, 288(t5)
core   0: 3 0x000039e4 (0x123f2023) mem 0x00003b00 0x00000001
core   0: >>>>  _exit
core   0: 0x000039e8 (0x0000bfe5) c.j     pc - 8
core   0: 3 0x000039e8 (0xbfe5)
core   0: >>>>  write_tohost
core   0: 0x000039e0 (0x00000f17) auipc   t5, 0x0
core   0: 3 0x000039e0 (0x00000f17) x30 0x000039e0
core   0: 0x000039e4 (0x123f2023) sw      gp, 288(t5)
core   0: 3 0x000039e4 (0x123f2023) mem 0x00003b00 0x00000001
core   0: >>>>  _exit
core   0: 0x000039e8 (0x0000bfe5) c.j     pc - 8
core   0: 3 0x000039e8 (0xbfe5)
core   0: >>>>  write_tohost
core   0: 0x000039e0 (0x00000f17) auipc   t5, 0x0
core   0: 3 0x000039e0 (0x00000f17) x30 0x000039e0
core   0: 0x000039e4 (0x123f2023) sw      gp, 288(t5)
core   0: 3 0x000039e4 (0x123f2023) mem 0x00003b00 0x00000001
core   0: >>>>  _exit
core   0: 0x000039e8 (0x0000bfe5) c.j     pc - 8
core   0: 3 0x000039e8 (0xbfe5)
core   0: >>>>  write_tohost
core   0: 0x000039e0 (0x00000f17) auipc   t5, 0x0
core   0: 3 0x000039e0 (0x00000f17) x30 0x000039e0
core   0: 0x000039e4 (0x123f2023) sw      gp, 288(t5)
core   0: 3 0x000039e4 (0x123f2023) mem 0x00003b00 0x00000001
core   0: >>>>  _exit
core   0: 0x000039e8 (0x0000bfe5) c.j     pc - 8
core   0: 3 0x000039e8 (0xbfe5)
core   0: >>>>  write_tohost
core   0: 0x000039e0 (0x00000f17) auipc   t5, 0x0
core   0: 3 0x000039e0 (0x00000f17) x30 0x000039e0
core   0: 0x000039e4 (0x123f2023) sw      gp, 288(t5)
core   0: 3 0x000039e4 (0x123f2023) mem 0x00003b00 0x00000001
core   0: >>>>  _exit
core   0: 0x000039e8 (0x0000bfe5) c.j     pc - 8
core   0: 3 0x000039e8 (0xbfe5)
core   0: >>>>  write_tohost
core   0: 0x000039e0 (0x00000f17) auipc   t5, 0x0
core   0: 3 0x000039e0 (0x00000f17) x30 0x000039e0
core   0: 0x000039e4 (0x123f2023) sw      gp, 288(t5)
core   0: 3 0x000039e4 (0x123f2023) mem 0x00003b00 0x00000001
core   0: >>>>  _exit
core   0: 0x000039e8 (0x0000bfe5) c.j     pc - 8
core   0: 3 0x000039e8 (0xbfe5)
core   0: >>>>  write_tohost
core   0: 0x000039e0 (0x00000f17) auipc   t5, 0x0
core   0: 3 0x000039e0 (0x00000f17) x30 0x000039e0
core   0: 0x000039e4 (0x123f2023) sw      gp, 288(t5)
core   0: 3 0x000039e4 (0x123f2023) mem 0x00003b00 0x00000001
core   0: >>>>  _exit
core   0: 0x000039e8 (0x0000bfe5) c.j     pc - 8
core   0: 3 0x000039e8 (0xbfe5)
core   0: >>>>  write_tohost
core   0: 0x000039e0 (0x00000f17) auipc   t5, 0x0
core   0: 3 0x000039e0 (0x00000f17) x30 0x000039e0
core   0: 0x000039e4 (0x123f2023) sw      gp, 288(t5)
core   0: 3 0x000039e4 (0x123f2023) mem 0x00003b00 0x00000001
core   0: >>>>  _exit
core   0: 0x000039e8 (0x0000bfe5) c.j     pc - 8
core   0: 3 0x000039e8 (0xbfe5)
core   0: >>>>  write_tohost
core   0: 0x000039e0 (0x00000f17) auipc   t5, 0x0
core   0: 3 0x000039e0 (0x00000f17) x30 0x000039e0
core   0: 0x000039e4 (0x123f2023) sw      gp, 288(t5)
core   0: 3 0x000039e4 (0x123f2023) mem 0x00003b00 0x00000001
core   0: >>>>  _exit
core   0: 0x000039e8 (0x0000bfe5) c.j     pc - 8
core   0: 3 0x000039e8 (0xbfe5)
core   0: >>>>  write_tohost
core   0: 0x000039e0 (0x00000f17) auipc   t5, 0x0
core   0: 3 0x000039e0 (0x00000f17) x30 0x000039e0
core   0: 0x000039e4 (0x123f2023) sw      gp, 288(t5)
core   0: 3 0x000039e4 (0x123f2023) mem 0x00003b00 0x00000001
core   0: >>>>  _exit
core   0: 0x000039e8 (0x0000bfe5) c.j     pc - 8
core   0: 3 0x000039e8 (0xbfe5)
core   0: >>>>  write_tohost
core   0: 0x000039e0 (0x00000f17) auipc   t5, 0x0
core   0: 3 0x000039e0 (0x00000f17) x30 0x000039e0
core   0: 0x000039e4 (0x123f2023) sw      gp, 288(t5)
core   0: 3 0x000039e4 (0x123f2023) mem 0x00003b00 0x00000001
core   0: >>>>  _exit
core   0: 0x000039e8 (0x0000bfe5) c.j     pc - 8
core   0: 3 0x000039e8 (0xbfe5)
core   0: >>>>  write_tohost
core   0: 0x000039e0 (0x00000f17) auipc   t5, 0x0
core   0: 3 0x000039e0 (0x00000f17) x30 0x000039e0
core   0: 0x000039e4 (0x123f2023) sw      gp, 288(t5)
core   0: 3 0x000039e4 (0x123f2023) mem 0x00003b00 0x00000001
core   0: >>>>  _exit
core   0: 0x000039e8 (0x0000bfe5) c.j     pc - 8
core   0: 3 0x000039e8 (0xbfe5)
core   0: >>>>  write_tohost
core   0: 0x000039e0 (0x00000f17) auipc   t5, 0x0
core   0: 3 0x000039e0 (0x00000f17) x30 0x000039e0
core   0: 0x000039e4 (0x123f2023) sw      gp, 288(t5)
core   0: 3 0x000039e4 (0x123f2023) mem 0x00003b00 0x00000001
core   0: >>>>  _exit
core   0: 0x000039e8 (0x0000bfe5) c.j     pc - 8
core   0: 3 0x000039e8 (0xbfe5)
core   0: >>>>  write_tohost
core   0: 0x000039e0 (0x00000f17) auipc   t5, 0x0
core   0: 3 0x000039e0 (0x00000f17) x30 0x000039e0
core   0: 0x000039e4 (0x123f2023) sw      gp, 288(t5)
core   0: 3 0x000039e4 (0x123f2023) mem 0x00003b00 0x00000001
core   0: >>>>  _exit
core   0: 0x000039e8 (0x0000bfe5) c.j     pc - 8
core   0: 3 0x000039e8 (0xbfe5)
core   0: >>>>  write_tohost
core   0: 0x000039e0 (0x00000f17) auipc   t5, 0x0
core   0: 3 0x000039e0 (0x00000f17) x30 0x000039e0
core   0: 0x000039e4 (0x123f2023) sw      gp, 288(t5)
core   0: 3 0x000039e4 (0x123f2023) mem 0x00003b00 0x00000001
core   0: >>>>  _exit
core   0: 0x000039e8 (0x0000bfe5) c.j     pc - 8
core   0: 3 0x000039e8 (0xbfe5)
core   0: >>>>  write_tohost
core   0: 0x000039e0 (0x00000f17) auipc   t5, 0x0
core   0: 3 0x000039e0 (0x00000f17) x30 0x000039e0
core   0: 0x000039e4 (0x123f2023) sw      gp, 288(t5)
core   0: 3 0x000039e4 (0x123f2023) mem 0x00003b00 0x00000001
core   0: >>>>  _exit
core   0: 0x000039e8 (0x0000bfe5) c.j     pc - 8
core   0: 3 0x000039e8 (0xbfe5)
core   0: >>>>  write_tohost
core   0: 0x000039e0 (0x00000f17) auipc   t5, 0x0
core   0: 3 0x000039e0 (0x00000f17) x30 0x000039e0
core   0: 0x000039e4 (0x123f2023) sw      gp, 288(t5)
core   0: 3 0x000039e4 (0x123f2023) mem 0x00003b00 0x00000001
core   0: >>>>  _exit
core   0: 0x000039e8 (0x0000bfe5) c.j     pc - 8
core   0: 3 0x000039e8 (0xbfe5)
core   0: >>>>  write_tohost
core   0: 0x000039e0 (0x00000f17) auipc   t5, 0x0
core   0: 3 0x000039e0 (0x00000f17) x30 0x000039e0
core   0: 0x000039e4 (0x123f2023) sw      gp, 288(t5)
core   0: 3 0x000039e4 (0x123f2023) mem 0x00003b00 0x00000001
core   0: >>>>  _exit
core   0: 0x000039e8 (0x0000bfe5) c.j     pc - 8
core   0: 3 0x000039e8 (0xbfe5)
core   0: >>>>  write_tohost
core   0: 0x000039e0 (0x00000f17) auipc   t5, 0x0
core   0: 3 0x000039e0 (0x00000f17) x30 0x000039e0
core   0: 0x000039e4 (0x123f2023) sw      gp, 288(t5)
core   0: 3 0x000039e4 (0x123f2023) mem 0x00003b00 0x00000001
core   0: >>>>  _exit
core   0: 0x000039e8 (0x0000bfe5) c.j     pc - 8
core   0: 3 0x000039e8 (0xbfe5)
core   0: >>>>  write_tohost
core   0: 0x000039e0 (0x00000f17) auipc   t5, 0x0
core   0: 3 0x000039e0 (0x00000f17) x30 0x000039e0
core   0: 0x000039e4 (0x123f2023) sw      gp, 288(t5)
core   0: 3 0x000039e4 (0x123f2023) mem 0x00003b00 0x00000001
core   0: >>>>  _exit
core   0: 0x000039e8 (0x0000bfe5) c.j     pc - 8
core   0: 3 0x000039e8 (0xbfe5)
core   0: >>>>  write_tohost
core   0: 0x000039e0 (0x00000f17) auipc   t5, 0x0
core   0: 3 0x000039e0 (0x00000f17) x30 0x000039e0
core   0: 0x000039e4 (0x123f2023) sw      gp, 288(t5)
core   0: 3 0x000039e4 (0x123f2023) mem 0x00003b00 0x00000001
core   0: >>>>  _exit
core   0: 0x000039e8 (0x0000bfe5) c.j     pc - 8
core   0: 3 0x000039e8 (0xbfe5)
core   0: >>>>  write_tohost
core   0: 0x000039e0 (0x00000f17) auipc   t5, 0x0
core   0: 3 0x000039e0 (0x00000f17) x30 0x000039e0
core   0: 0x000039e4 (0x123f2023) sw      gp, 288(t5)
core   0: 3 0x000039e4 (0x123f2023) mem 0x00003b00 0x00000001
core   0: >>>>  _exit
core   0: 0x000039e8 (0x0000bfe5) c.j     pc - 8
core   0: 3 0x000039e8 (0xbfe5)
core   0: >>>>  write_tohost
core   0: 0x000039e0 (0x00000f17) auipc   t5, 0x0
core   0: 3 0x000039e0 (0x00000f17) x30 0x000039e0
core   0: 0x000039e4 (0x123f2023) sw      gp, 288(t5)
core   0: 3 0x000039e4 (0x123f2023) mem 0x00003b00 0x00000001
core   0: >>>>  _exit
core   0: 0x000039e8 (0x0000bfe5) c.j     pc - 8
core   0: 3 0x000039e8 (0xbfe5)
core   0: >>>>  write_tohost
core   0: 0x000039e0 (0x00000f17) auipc   t5, 0x0
core   0: 3 0x000039e0 (0x00000f17) x30 0x000039e0
core   0: 0x000039e4 (0x123f2023) sw      gp, 288(t5)
core   0: 3 0x000039e4 (0x123f2023) mem 0x00003b00 0x00000001
core   0: >>>>  _exit
core   0: 0x000039e8 (0x0000bfe5) c.j     pc - 8
core   0: 3 0x000039e8 (0xbfe5)
core   0: >>>>  write_tohost
core   0: 0x000039e0 (0x00000f17) auipc   t5, 0x0
core   0: 3 0x000039e0 (0x00000f17) x30 0x000039e0
core   0: 0x000039e4 (0x123f2023) sw      gp, 288(t5)
core   0: 3 0x000039e4 (0x123f2023) mem 0x00003b00 0x00000001
core   0: >>>>  _exit
core   0: 0x000039e8 (0x0000bfe5) c.j     pc - 8
core   0: 3 0x000039e8 (0xbfe5)
core   0: >>>>  write_tohost
core   0: 0x000039e0 (0x00000f17) auipc   t5, 0x0
core   0: 3 0x000039e0 (0x00000f17) x30 0x000039e0
core   0: 0x000039e4 (0x123f2023) sw      gp, 288(t5)
core   0: 3 0x000039e4 (0x123f2023) mem 0x00003b00 0x00000001
core   0: >>>>  _exit
core   0: 0x000039e8 (0x0000bfe5) c.j     pc - 8
core   0: 3 0x000039e8 (0xbfe5)
core   0: >>>>  write_tohost
core   0: 0x000039e0 (0x00000f17) auipc   t5, 0x0
core   0: 3 0x000039e0 (0x00000f17) x30 0x000039e0
core   0: 0x000039e4 (0x123f2023) sw      gp, 288(t5)
core   0: 3 0x000039e4 (0x123f2023) mem 0x00003b00 0x00000001
core   0: >>>>  _exit
core   0: 0x000039e8 (0x0000bfe5) c.j     pc - 8
core   0: 3 0x000039e8 (0xbfe5)
core   0: >>>>  write_tohost
core   0: 0x000039e0 (0x00000f17) auipc   t5, 0x0
core   0: 3 0x000039e0 (0x00000f17) x30 0x000039e0
core   0: 0x000039e4 (0x123f2023) sw      gp, 288(t5)
core   0: 3 0x000039e4 (0x123f2023) mem 0x00003b00 0x00000001
core   0: >>>>  _exit
core   0: 0x000039e8 (0x0000bfe5) c.j     pc - 8
core   0: 3 0x000039e8 (0xbfe5)
core   0: >>>>  write_tohost
core   0: 0x000039e0 (0x00000f17) auipc   t5, 0x0
core   0: 3 0x000039e0 (0x00000f17) x30 0x000039e0
core   0: 0x000039e4 (0x123f2023) sw      gp, 288(t5)
core   0: 3 0x000039e4 (0x123f2023) mem 0x00003b00 0x00000001
core   0: >>>>  _exit
core   0: 0x000039e8 (0x0000bfe5) c.j     pc - 8
core   0: 3 0x000039e8 (0xbfe5)
core   0: >>>>  write_tohost
core   0: 0x000039e0 (0x00000f17) auipc   t5, 0x0
core   0: 3 0x000039e0 (0x00000f17) x30 0x000039e0
core   0: 0x000039e4 (0x123f2023) sw      gp, 288(t5)
core   0: 3 0x000039e4 (0x123f2023) mem 0x00003b00 0x00000001
core   0: >>>>  _exit
core   0: 0x000039e8 (0x0000bfe5) c.j     pc - 8
core   0: 3 0x000039e8 (0xbfe5)
core   0: >>>>  write_tohost
core   0: 0x000039e0 (0x00000f17) auipc   t5, 0x0
core   0: 3 0x000039e0 (0x00000f17) x30 0x000039e0
core   0: 0x000039e4 (0x123f2023) sw      gp, 288(t5)
core   0: 3 0x000039e4 (0x123f2023) mem 0x00003b00 0x00000001
core   0: >>>>  _exit
core   0: 0x000039e8 (0x0000bfe5) c.j     pc - 8
core   0: 3 0x000039e8 (0xbfe5)
core   0: >>>>  write_tohost
core   0: 0x000039e0 (0x00000f17) auipc   t5, 0x0
core   0: 3 0x000039e0 (0x00000f17) x30 0x000039e0
core   0: 0x000039e4 (0x123f2023) sw      gp, 288(t5)
core   0: 3 0x000039e4 (0x123f2023) mem 0x00003b00 0x00000001
core   0: >>>>  _exit
core   0: 0x000039e8 (0x0000bfe5) c.j     pc - 8
core   0: 3 0x000039e8 (0xbfe5)
core   0: >>>>  write_tohost
core   0: 0x000039e0 (0x00000f17) auipc   t5, 0x0
core   0: 3 0x000039e0 (0x00000f17) x30 0x000039e0
core   0: 0x000039e4 (0x123f2023) sw      gp, 288(t5)
core   0: 3 0x000039e4 (0x123f2023) mem 0x00003b00 0x00000001
core   0: >>>>  _exit
core   0: 0x000039e8 (0x0000bfe5) c.j     pc - 8
core   0: 3 0x000039e8 (0xbfe5)
core   0: >>>>  write_tohost
core   0: 0x000039e0 (0x00000f17) auipc   t5, 0x0
core   0: 3 0x000039e0 (0x00000f17) x30 0x000039e0
core   0: 0x000039e4 (0x123f2023) sw      gp, 288(t5)
core   0: 3 0x000039e4 (0x123f2023) mem 0x00003b00 0x00000001
core   0: >>>>  _exit
core   0: 0x000039e8 (0x0000bfe5) c.j     pc - 8
core   0: 3 0x000039e8 (0xbfe5)
core   0: >>>>  write_tohost
core   0: 0x000039e0 (0x00000f17) auipc   t5, 0x0
core   0: 3 0x000039e0 (0x00000f17) x30 0x000039e0
core   0: 0x000039e4 (0x123f2023) sw      gp, 288(t5)
core   0: 3 0x000039e4 (0x123f2023) mem 0x00003b00 0x00000001
core   0: >>>>  _exit
core   0: 0x000039e8 (0x0000bfe5) c.j     pc - 8
core   0: 3 0x000039e8 (0xbfe5)
core   0: >>>>  write_tohost
core   0: 0x000039e0 (0x00000f17) auipc   t5, 0x0
core   0: 3 0x000039e0 (0x00000f17) x30 0x000039e0
core   0: 0x000039e4 (0x123f2023) sw      gp, 288(t5)
core   0: 3 0x000039e4 (0x123f2023) mem 0x00003b00 0x00000001
core   0: >>>>  _exit
core   0: 0x000039e8 (0x0000bfe5) c.j     pc - 8
core   0: 3 0x000039e8 (0xbfe5)
core   0: >>>>  write_tohost
core   0: 0x000039e0 (0x00000f17) auipc   t5, 0x0
core   0: 3 0x000039e0 (0x00000f17) x30 0x000039e0
core   0: 0x000039e4 (0x123f2023) sw      gp, 288(t5)
core   0: 3 0x000039e4 (0x123f2023) mem 0x00003b00 0x00000001
core   0: >>>>  _exit
core   0: 0x000039e8 (0x0000bfe5) c.j     pc - 8
core   0: 3 0x000039e8 (0xbfe5)
core   0: >>>>  write_tohost
core   0: 0x000039e0 (0x00000f17) auipc   t5, 0x0
core   0: 3 0x000039e0 (0x00000f17) x30 0x000039e0
core   0: 0x000039e4 (0x123f2023) sw      gp, 288(t5)
core   0: 3 0x000039e4 (0x123f2023) mem 0x00003b00 0x00000001
core   0: >>>>  _exit
core   0: 0x000039e8 (0x0000bfe5) c.j     pc - 8
core   0: 3 0x000039e8 (0xbfe5)
core   0: >>>>  write_tohost
core   0: 0x000039e0 (0x00000f17) auipc   t5, 0x0
core   0: 3 0x000039e0 (0x00000f17) x30 0x000039e0
core   0: 0x000039e4 (0x123f2023) sw      gp, 288(t5)
core   0: 3 0x000039e4 (0x123f2023) mem 0x00003b00 0x00000001
core   0: >>>>  _exit
core   0: 0x000039e8 (0x0000bfe5) c.j     pc - 8
core   0: 3 0x000039e8 (0xbfe5)
core   0: >>>>  write_tohost
core   0: 0x000039e0 (0x00000f17) auipc   t5, 0x0
core   0: 3 0x000039e0 (0x00000f17) x30 0x000039e0
core   0: 0x000039e4 (0x123f2023) sw      gp, 288(t5)
core   0: 3 0x000039e4 (0x123f2023) mem 0x00003b00 0x00000001
core   0: >>>>  _exit
core   0: 0x000039e8 (0x0000bfe5) c.j     pc - 8
core   0: 3 0x000039e8 (0xbfe5)
core   0: >>>>  write_tohost
core   0: 0x000039e0 (0x00000f17) auipc   t5, 0x0
core   0: 3 0x000039e0 (0x00000f17) x30 0x000039e0
core   0: 0x000039e4 (0x123f2023) sw      gp, 288(t5)
core   0: 3 0x000039e4 (0x123f2023) mem 0x00003b00 0x00000001
core   0: >>>>  _exit
core   0: 0x000039e8 (0x0000bfe5) c.j     pc - 8
core   0: 3 0x000039e8 (0xbfe5)
core   0: >>>>  write_tohost
core   0: 0x000039e0 (0x00000f17) auipc   t5, 0x0
core   0: 3 0x000039e0 (0x00000f17) x30 0x000039e0
core   0: 0x000039e4 (0x123f2023) sw      gp, 288(t5)
core   0: 3 0x000039e4 (0x123f2023) mem 0x00003b00 0x00000001
core   0: >>>>  _exit
core   0: 0x000039e8 (0x0000bfe5) c.j     pc - 8
core   0: 3 0x000039e8 (0xbfe5)
core   0: >>>>  write_tohost
core   0: 0x000039e0 (0x00000f17) auipc   t5, 0x0
core   0: 3 0x000039e0 (0x00000f17) x30 0x000039e0
core   0: 0x000039e4 (0x123f2023) sw      gp, 288(t5)
core   0: 3 0x000039e4 (0x123f2023) mem 0x00003b00 0x00000001
core   0: >>>>  _exit
core   0: 0x000039e8 (0x0000bfe5) c.j     pc - 8
core   0: 3 0x000039e8 (0xbfe5)
core   0: >>>>  write_tohost
core   0: 0x000039e0 (0x00000f17) auipc   t5, 0x0
core   0: 3 0x000039e0 (0x00000f17) x30 0x000039e0
core   0: 0x000039e4 (0x123f2023) sw      gp, 288(t5)
core   0: 3 0x000039e4 (0x123f2023) mem 0x00003b00 0x00000001
core   0: >>>>  _exit
core   0: 0x000039e8 (0x0000bfe5) c.j     pc - 8
core   0: 3 0x000039e8 (0xbfe5)
core   0: >>>>  write_tohost
core   0: 0x000039e0 (0x00000f17) auipc   t5, 0x0
core   0: 3 0x000039e0 (0x00000f17) x30 0x000039e0
core   0: 0x000039e4 (0x123f2023) sw      gp, 288(t5)
core   0: 3 0x000039e4 (0x123f2023) mem 0x00003b00 0x00000001
core   0: >>>>  _exit
core   0: 0x000039e8 (0x0000bfe5) c.j     pc - 8
core   0: 3 0x000039e8 (0xbfe5)
core   0: >>>>  write_tohost
core   0: 0x000039e0 (0x00000f17) auipc   t5, 0x0
core   0: 3 0x000039e0 (0x00000f17) x30 0x000039e0
core   0: 0x000039e4 (0x123f2023) sw      gp, 288(t5)
core   0: 3 0x000039e4 (0x123f2023) mem 0x00003b00 0x00000001
core   0: >>>>  _exit
core   0: 0x000039e8 (0x0000bfe5) c.j     pc - 8
core   0: 3 0x000039e8 (0xbfe5)
core   0: >>>>  write_tohost
core   0: 0x000039e0 (0x00000f17) auipc   t5, 0x0
core   0: 3 0x000039e0 (0x00000f17) x30 0x000039e0
core   0: 0x000039e4 (0x123f2023) sw      gp, 288(t5)
core   0: 3 0x000039e4 (0x123f2023) mem 0x00003b00 0x00000001
core   0: >>>>  _exit
core   0: 0x000039e8 (0x0000bfe5) c.j     pc - 8
core   0: 3 0x000039e8 (0xbfe5)
core   0: >>>>  write_tohost
core   0: 0x000039e0 (0x00000f17) auipc   t5, 0x0
core   0: 3 0x000039e0 (0x00000f17) x30 0x000039e0
core   0: 0x000039e4 (0x123f2023) sw      gp, 288(t5)
core   0: 3 0x000039e4 (0x123f2023) mem 0x00003b00 0x00000001
core   0: >>>>  _exit
core   0: 0x000039e8 (0x0000bfe5) c.j     pc - 8
core   0: 3 0x000039e8 (0xbfe5)
core   0: >>>>  write_tohost
core   0: 0x000039e0 (0x00000f17) auipc   t5, 0x0
core   0: 3 0x000039e0 (0x00000f17) x30 0x000039e0
core   0: 0x000039e4 (0x123f2023) sw      gp, 288(t5)
core   0: 3 0x000039e4 (0x123f2023) mem 0x00003b00 0x00000001
core   0: >>>>  _exit
core   0: 0x000039e8 (0x0000bfe5) c.j     pc - 8
core   0: 3 0x000039e8 (0xbfe5)
core   0: >>>>  write_tohost
core   0: 0x000039e0 (0x00000f17) auipc   t5, 0x0
core   0: 3 0x000039e0 (0x00000f17) x30 0x000039e0
core   0: 0x000039e4 (0x123f2023) sw      gp, 288(t5)
core   0: 3 0x000039e4 (0x123f2023) mem 0x00003b00 0x00000001
core   0: >>>>  _exit
core   0: 0x000039e8 (0x0000bfe5) c.j     pc - 8
core   0: 3 0x000039e8 (0xbfe5)
core   0: >>>>  write_tohost
core   0: 0x000039e0 (0x00000f17) auipc   t5, 0x0
core   0: 3 0x000039e0 (0x00000f17) x30 0x000039e0
core   0: 0x000039e4 (0x123f2023) sw      gp, 288(t5)
core   0: 3 0x000039e4 (0x123f2023) mem 0x00003b00 0x00000001
core   0: >>>>  _exit
core   0: 0x000039e8 (0x0000bfe5) c.j     pc - 8
core   0: 3 0x000039e8 (0xbfe5)
core   0: >>>>  write_tohost
core   0: 0x000039e0 (0x00000f17) auipc   t5, 0x0
core   0: 3 0x000039e0 (0x00000f17) x30 0x000039e0
core   0: 0x000039e4 (0x123f2023) sw      gp, 288(t5)
core   0: 3 0x000039e4 (0x123f2023) mem 0x00003b00 0x00000001
core   0: >>>>  _exit
core   0: 0x000039e8 (0x0000bfe5) c.j     pc - 8
core   0: 3 0x000039e8 (0xbfe5)
core   0: >>>>  write_tohost
core   0: 0x000039e0 (0x00000f17) auipc   t5, 0x0
core   0: 3 0x000039e0 (0x00000f17) x30 0x000039e0
core   0: 0x000039e4 (0x123f2023) sw      gp, 288(t5)
core   0: 3 0x000039e4 (0x123f2023) mem 0x00003b00 0x00000001
core   0: >>>>  _exit
core   0: 0x000039e8 (0x0000bfe5) c.j     pc - 8
core   0: 3 0x000039e8 (0xbfe5)
core   0: >>>>  write_tohost
core   0: 0x000039e0 (0x00000f17) auipc   t5, 0x0
core   0: 3 0x000039e0 (0x00000f17) x30 0x000039e0
core   0: 0x000039e4 (0x123f2023) sw      gp, 288(t5)
core   0: 3 0x000039e4 (0x123f2023) mem 0x00003b00 0x00000001
core   0: >>>>  _exit
core   0: 0x000039e8 (0x0000bfe5) c.j     pc - 8
core   0: 3 0x000039e8 (0xbfe5)
core   0: >>>>  write_tohost
core   0: 0x000039e0 (0x00000f17) auipc   t5, 0x0
core   0: 3 0x000039e0 (0x00000f17) x30 0x000039e0
core   0: 0x000039e4 (0x123f2023) sw      gp, 288(t5)
core   0: 3 0x000039e4 (0x123f2023) mem 0x00003b00 0x00000001
core   0: >>>>  _exit
core   0: 0x000039e8 (0x0000bfe5) c.j     pc - 8
core   0: 3 0x000039e8 (0xbfe5)
core   0: >>>>  write_tohost
core   0: 0x000039e0 (0x00000f17) auipc   t5, 0x0
core   0: 3 0x000039e0 (0x00000f17) x30 0x000039e0
core   0: 0x000039e4 (0x123f2023) sw      gp, 288(t5)
core   0: 3 0x000039e4 (0x123f2023) mem 0x00003b00 0x00000001
core   0: >>>>  _exit
core   0: 0x000039e8 (0x0000bfe5) c.j     pc - 8
core   0: 3 0x000039e8 (0xbfe5)
core   0: >>>>  write_tohost
core   0: 0x000039e0 (0x00000f17) auipc   t5, 0x0
core   0: 3 0x000039e0 (0x00000f17) x30 0x000039e0
core   0: 0x000039e4 (0x123f2023) sw      gp, 288(t5)
core   0: 3 0x000039e4 (0x123f2023) mem 0x00003b00 0x00000001
core   0: >>>>  _exit
core   0: 0x000039e8 (0x0000bfe5) c.j     pc - 8
core   0: 3 0x000039e8 (0xbfe5)
core   0: >>>>  write_tohost
core   0: 0x000039e0 (0x00000f17) auipc   t5, 0x0
core   0: 3 0x000039e0 (0x00000f17) x30 0x000039e0
core   0: 0x000039e4 (0x123f2023) sw      gp, 288(t5)
core   0: 3 0x000039e4 (0x123f2023) mem 0x00003b00 0x00000001
core   0: >>>>  _exit
core   0: 0x000039e8 (0x0000bfe5) c.j     pc - 8
core   0: 3 0x000039e8 (0xbfe5)
core   0: >>>>  write_tohost
core   0: 0x000039e0 (0x00000f17) auipc   t5, 0x0
core   0: 3 0x000039e0 (0x00000f17) x30 0x000039e0
core   0: 0x000039e4 (0x123f2023) sw      gp, 288(t5)
core   0: 3 0x000039e4 (0x123f2023) mem 0x00003b00 0x00000001
core   0: >>>>  _exit
core   0: 0x000039e8 (0x0000bfe5) c.j     pc - 8
core   0: 3 0x000039e8 (0xbfe5)
core   0: >>>>  write_tohost
core   0: 0x000039e0 (0x00000f17) auipc   t5, 0x0
core   0: 3 0x000039e0 (0x00000f17) x30 0x000039e0
core   0: 0x000039e4 (0x123f2023) sw      gp, 288(t5)
core   0: 3 0x000039e4 (0x123f2023) mem 0x00003b00 0x00000001
core   0: >>>>  _exit
core   0: 0x000039e8 (0x0000bfe5) c.j     pc - 8
core   0: 3 0x000039e8 (0xbfe5)
core   0: >>>>  write_tohost
core   0: 0x000039e0 (0x00000f17) auipc   t5, 0x0
core   0: 3 0x000039e0 (0x00000f17) x30 0x000039e0
core   0: 0x000039e4 (0x123f2023) sw      gp, 288(t5)
core   0: 3 0x000039e4 (0x123f2023) mem 0x00003b00 0x00000001
core   0: >>>>  _exit
core   0: 0x000039e8 (0x0000bfe5) c.j     pc - 8
core   0: 3 0x000039e8 (0xbfe5)
core   0: >>>>  write_tohost
core   0: 0x000039e0 (0x00000f17) auipc   t5, 0x0
core   0: 3 0x000039e0 (0x00000f17) x30 0x000039e0
core   0: 0x000039e4 (0x123f2023) sw      gp, 288(t5)
core   0: 3 0x000039e4 (0x123f2023) mem 0x00003b00 0x00000001
core   0: >>>>  _exit
core   0: 0x000039e8 (0x0000bfe5) c.j     pc - 8
core   0: 3 0x000039e8 (0xbfe5)
core   0: >>>>  write_tohost
core   0: 0x000039e0 (0x00000f17) auipc   t5, 0x0
core   0: 3 0x000039e0 (0x00000f17) x30 0x000039e0
core   0: 0x000039e4 (0x123f2023) sw      gp, 288(t5)
core   0: 3 0x000039e4 (0x123f2023) mem 0x00003b00 0x00000001
core   0: >>>>  _exit
core   0: 0x000039e8 (0x0000bfe5) c.j     pc - 8
core   0: 3 0x000039e8 (0xbfe5)
core   0: >>>>  write_tohost
core   0: 0x000039e0 (0x00000f17) auipc   t5, 0x0
core   0: 3 0x000039e0 (0x00000f17) x30 0x000039e0
core   0: 0x000039e4 (0x123f2023) sw      gp, 288(t5)
core   0: 3 0x000039e4 (0x123f2023) mem 0x00003b00 0x00000001
core   0: >>>>  _exit
core   0: 0x000039e8 (0x0000bfe5) c.j     pc - 8
core   0: 3 0x000039e8 (0xbfe5)
core   0: >>>>  write_tohost
core   0: 0x000039e0 (0x00000f17) auipc   t5, 0x0
core   0: 3 0x000039e0 (0x00000f17) x30 0x000039e0
core   0: 0x000039e4 (0x123f2023) sw      gp, 288(t5)
core   0: 3 0x000039e4 (0x123f2023) mem 0x00003b00 0x00000001
core   0: >>>>  _exit
core   0: 0x000039e8 (0x0000bfe5) c.j     pc - 8
core   0: 3 0x000039e8 (0xbfe5)
core   0: >>>>  write_tohost
core   0: 0x000039e0 (0x00000f17) auipc   t5, 0x0
core   0: 3 0x000039e0 (0x00000f17) x30 0x000039e0
core   0: 0x000039e4 (0x123f2023) sw      gp, 288(t5)
core   0: 3 0x000039e4 (0x123f2023) mem 0x00003b00 0x00000001
core   0: >>>>  _exit
core   0: 0x000039e8 (0x0000bfe5) c.j     pc - 8
core   0: 3 0x000039e8 (0xbfe5)
core   0: >>>>  write_tohost
core   0: 0x000039e0 (0x00000f17) auipc   t5, 0x0
core   0: 3 0x000039e0 (0x00000f17) x30 0x000039e0
core   0: 0x000039e4 (0x123f2023) sw      gp, 288(t5)
core   0: 3 0x000039e4 (0x123f2023) mem 0x00003b00 0x00000001
core   0: >>>>  _exit
core   0: 0x000039e8 (0x0000bfe5) c.j     pc - 8
core   0: 3 0x000039e8 (0xbfe5)
core   0: >>>>  write_tohost
core   0: 0x000039e0 (0x00000f17) auipc   t5, 0x0
core   0: 3 0x000039e0 (0x00000f17) x30 0x000039e0
core   0: 0x000039e4 (0x123f2023) sw      gp, 288(t5)
core   0: 3 0x000039e4 (0x123f2023) mem 0x00003b00 0x00000001
core   0: >>>>  _exit
core   0: 0x000039e8 (0x0000bfe5) c.j     pc - 8
core   0: 3 0x000039e8 (0xbfe5)
core   0: >>>>  write_tohost
core   0: 0x000039e0 (0x00000f17) auipc   t5, 0x0
core   0: 3 0x000039e0 (0x00000f17) x30 0x000039e0
core   0: 0x000039e4 (0x123f2023) sw      gp, 288(t5)
core   0: 3 0x000039e4 (0x123f2023) mem 0x00003b00 0x00000001
core   0: >>>>  _exit
core   0: 0x000039e8 (0x0000bfe5) c.j     pc - 8
core   0: 3 0x000039e8 (0xbfe5)
core   0: >>>>  write_tohost
core   0: 0x000039e0 (0x00000f17) auipc   t5, 0x0
core   0: 3 0x000039e0 (0x00000f17) x30 0x000039e0
core   0: 0x000039e4 (0x123f2023) sw      gp, 288(t5)
core   0: 3 0x000039e4 (0x123f2023) mem 0x00003b00 0x00000001
core   0: >>>>  _exit
core   0: 0x000039e8 (0x0000bfe5) c.j     pc - 8
core   0: 3 0x000039e8 (0xbfe5)
core   0: >>>>  write_tohost
core   0: 0x000039e0 (0x00000f17) auipc   t5, 0x0
core   0: 3 0x000039e0 (0x00000f17) x30 0x000039e0
core   0: 0x000039e4 (0x123f2023) sw      gp, 288(t5)
core   0: 3 0x000039e4 (0x123f2023) mem 0x00003b00 0x00000001
core   0: >>>>  _exit
core   0: 0x000039e8 (0x0000bfe5) c.j     pc - 8
core   0: 3 0x000039e8 (0xbfe5)
core   0: >>>>  write_tohost
core   0: 0x000039e0 (0x00000f17) auipc   t5, 0x0
core   0: 3 0x000039e0 (0x00000f17) x30 0x000039e0
core   0: 0x000039e4 (0x123f2023) sw      gp, 288(t5)
core   0: 3 0x000039e4 (0x123f2023) mem 0x00003b00 0x00000001
core   0: >>>>  _exit
core   0: 0x000039e8 (0x0000bfe5) c.j     pc - 8
core   0: 3 0x000039e8 (0xbfe5)
core   0: >>>>  write_tohost
core   0: 0x000039e0 (0x00000f17) auipc   t5, 0x0
core   0: 3 0x000039e0 (0x00000f17) x30 0x000039e0
core   0: 0x000039e4 (0x123f2023) sw      gp, 288(t5)
core   0: 3 0x000039e4 (0x123f2023) mem 0x00003b00 0x00000001
core   0: >>>>  _exit
core   0: 0x000039e8 (0x0000bfe5) c.j     pc - 8
core   0: 3 0x000039e8 (0xbfe5)
core   0: >>>>  write_tohost
core   0: 0x000039e0 (0x00000f17) auipc   t5, 0x0
core   0: 3 0x000039e0 (0x00000f17) x30 0x000039e0
core   0: 0x000039e4 (0x123f2023) sw      gp, 288(t5)
core   0: 3 0x000039e4 (0x123f2023) mem 0x00003b00 0x00000001
core   0: >>>>  _exit
core   0: 0x000039e8 (0x0000bfe5) c.j     pc - 8
core   0: 3 0x000039e8 (0xbfe5)
core   0: >>>>  write_tohost
core   0: 0x000039e0 (0x00000f17) auipc   t5, 0x0
core   0: 3 0x000039e0 (0x00000f17) x30 0x000039e0
core   0: 0x000039e4 (0x123f2023) sw      gp, 288(t5)
core   0: 3 0x000039e4 (0x123f2023) mem 0x00003b00 0x00000001
core   0: >>>>  _exit
core   0: 0x000039e8 (0x0000bfe5) c.j     pc - 8
core   0: 3 0x000039e8 (0xbfe5)
core   0: >>>>  write_tohost
core   0: 0x000039e0 (0x00000f17) auipc   t5, 0x0
core   0: 3 0x000039e0 (0x00000f17) x30 0x000039e0
core   0: 0x000039e4 (0x123f2023) sw      gp, 288(t5)
core   0: 3 0x000039e4 (0x123f2023) mem 0x00003b00 0x00000001
core   0: >>>>  _exit
core   0: 0x000039e8 (0x0000bfe5) c.j     pc - 8
core   0: 3 0x000039e8 (0xbfe5)
core   0: >>>>  write_tohost
core   0: 0x000039e0 (0x00000f17) auipc   t5, 0x0
core   0: 3 0x000039e0 (0x00000f17) x30 0x000039e0
core   0: 0x000039e4 (0x123f2023) sw      gp, 288(t5)
core   0: 3 0x000039e4 (0x123f2023) mem 0x00003b00 0x00000001
core   0: >>>>  _exit
core   0: 0x000039e8 (0x0000bfe5) c.j     pc - 8
core   0: 3 0x000039e8 (0xbfe5)
core   0: >>>>  write_tohost
core   0: 0x000039e0 (0x00000f17) auipc   t5, 0x0
core   0: 3 0x000039e0 (0x00000f17) x30 0x000039e0
core   0: 0x000039e4 (0x123f2023) sw      gp, 288(t5)
core   0: 3 0x000039e4 (0x123f2023) mem 0x00003b00 0x00000001
core   0: >>>>  _exit
core   0: 0x000039e8 (0x0000bfe5) c.j     pc - 8
core   0: 3 0x000039e8 (0xbfe5)
core   0: >>>>  write_tohost
core   0: 0x000039e0 (0x00000f17) auipc   t5, 0x0
core   0: 3 0x000039e0 (0x00000f17) x30 0x000039e0
core   0: 0x000039e4 (0x123f2023) sw      gp, 288(t5)
core   0: 3 0x000039e4 (0x123f2023) mem 0x00003b00 0x00000001
core   0: >>>>  _exit
core   0: 0x000039e8 (0x0000bfe5) c.j     pc - 8
core   0: 3 0x000039e8 (0xbfe5)
core   0: >>>>  write_tohost
core   0: 0x000039e0 (0x00000f17) auipc   t5, 0x0
core   0: 3 0x000039e0 (0x00000f17) x30 0x000039e0
core   0: 0x000039e4 (0x123f2023) sw      gp, 288(t5)
core   0: 3 0x000039e4 (0x123f2023) mem 0x00003b00 0x00000001
core   0: >>>>  _exit
core   0: 0x000039e8 (0x0000bfe5) c.j     pc - 8
core   0: 3 0x000039e8 (0xbfe5)
core   0: >>>>  write_tohost
core   0: 0x000039e0 (0x00000f17) auipc   t5, 0x0
core   0: 3 0x000039e0 (0x00000f17) x30 0x000039e0
core   0: 0x000039e4 (0x123f2023) sw      gp, 288(t5)
core   0: 3 0x000039e4 (0x123f2023) mem 0x00003b00 0x00000001
core   0: >>>>  _exit
core   0: 0x000039e8 (0x0000bfe5) c.j     pc - 8
core   0: 3 0x000039e8 (0xbfe5)
core   0: >>>>  write_tohost
core   0: 0x000039e0 (0x00000f17) auipc   t5, 0x0
core   0: 3 0x000039e0 (0x00000f17) x30 0x000039e0
core   0: 0x000039e4 (0x123f2023) sw      gp, 288(t5)
core   0: 3 0x000039e4 (0x123f2023) mem 0x00003b00 0x00000001
core   0: >>>>  _exit
core   0: 0x000039e8 (0x0000bfe5) c.j     pc - 8
core   0: 3 0x000039e8 (0xbfe5)
core   0: >>>>  write_tohost
core   0: 0x000039e0 (0x00000f17) auipc   t5, 0x0
core   0: 3 0x000039e0 (0x00000f17) x30 0x000039e0
core   0: 0x000039e4 (0x123f2023) sw      gp, 288(t5)
core   0: 3 0x000039e4 (0x123f2023) mem 0x00003b00 0x00000001
core   0: >>>>  _exit
core   0: 0x000039e8 (0x0000bfe5) c.j     pc - 8
core   0: 3 0x000039e8 (0xbfe5)
core   0: >>>>  write_tohost
core   0: 0x000039e0 (0x00000f17) auipc   t5, 0x0
core   0: 3 0x000039e0 (0x00000f17) x30 0x000039e0
core   0: 0x000039e4 (0x123f2023) sw      gp, 288(t5)
core   0: 3 0x000039e4 (0x123f2023) mem 0x00003b00 0x00000001
core   0: >>>>  _exit
core   0: 0x000039e8 (0x0000bfe5) c.j     pc - 8
core   0: 3 0x000039e8 (0xbfe5)
core   0: >>>>  write_tohost
core   0: 0x000039e0 (0x00000f17) auipc   t5, 0x0
core   0: 3 0x000039e0 (0x00000f17) x30 0x000039e0
core   0: 0x000039e4 (0x123f2023) sw      gp, 288(t5)
core   0: 3 0x000039e4 (0x123f2023) mem 0x00003b00 0x00000001
core   0: >>>>  _exit
core   0: 0x000039e8 (0x0000bfe5) c.j     pc - 8
core   0: 3 0x000039e8 (0xbfe5)
core   0: >>>>  write_tohost
core   0: 0x000039e0 (0x00000f17) auipc   t5, 0x0
core   0: 3 0x000039e0 (0x00000f17) x30 0x000039e0
core   0: 0x000039e4 (0x123f2023) sw      gp, 288(t5)
core   0: 3 0x000039e4 (0x123f2023) mem 0x00003b00 0x00000001
core   0: >>>>  _exit
core   0: 0x000039e8 (0x0000bfe5) c.j     pc - 8
core   0: 3 0x000039e8 (0xbfe5)
core   0: >>>>  write_tohost
core   0: 0x000039e0 (0x00000f17) auipc   t5, 0x0
core   0: 3 0x000039e0 (0x00000f17) x30 0x000039e0
core   0: 0x000039e4 (0x123f2023) sw      gp, 288(t5)
core   0: 3 0x000039e4 (0x123f2023) mem 0x00003b00 0x00000001
core   0: >>>>  _exit
core   0: 0x000039e8 (0x0000bfe5) c.j     pc - 8
core   0: 3 0x000039e8 (0xbfe5)
core   0: >>>>  write_tohost
core   0: 0x000039e0 (0x00000f17) auipc   t5, 0x0
core   0: 3 0x000039e0 (0x00000f17) x30 0x000039e0
core   0: 0x000039e4 (0x123f2023) sw      gp, 288(t5)
core   0: 3 0x000039e4 (0x123f2023) mem 0x00003b00 0x00000001
core   0: >>>>  _exit
core   0: 0x000039e8 (0x0000bfe5) c.j     pc - 8
core   0: 3 0x000039e8 (0xbfe5)
core   0: >>>>  write_tohost
core   0: 0x000039e0 (0x00000f17) auipc   t5, 0x0
core   0: 3 0x000039e0 (0x00000f17) x30 0x000039e0
core   0: 0x000039e4 (0x123f2023) sw      gp, 288(t5)
core   0: 3 0x000039e4 (0x123f2023) mem 0x00003b00 0x00000001
core   0: >>>>  _exit
core   0: 0x000039e8 (0x0000bfe5) c.j     pc - 8
core   0: 3 0x000039e8 (0xbfe5)
core   0: >>>>  write_tohost
core   0: 0x000039e0 (0x00000f17) auipc   t5, 0x0
core   0: 3 0x000039e0 (0x00000f17) x30 0x000039e0
core   0: 0x000039e4 (0x123f2023) sw      gp, 288(t5)
core   0: 3 0x000039e4 (0x123f2023) mem 0x00003b00 0x00000001
core   0: >>>>  _exit
core   0: 0x000039e8 (0x0000bfe5) c.j     pc - 8
core   0: 3 0x000039e8 (0xbfe5)
core   0: >>>>  write_tohost
core   0: 0x000039e0 (0x00000f17) auipc   t5, 0x0
core   0: 3 0x000039e0 (0x00000f17) x30 0x000039e0
core   0: 0x000039e4 (0x123f2023) sw      gp, 288(t5)
core   0: 3 0x000039e4 (0x123f2023) mem 0x00003b00 0x00000001
core   0: >>>>  _exit
core   0: 0x000039e8 (0x0000bfe5) c.j     pc - 8
core   0: 3 0x000039e8 (0xbfe5)
core   0: >>>>  write_tohost
core   0: 0x000039e0 (0x00000f17) auipc   t5, 0x0
core   0: 3 0x000039e0 (0x00000f17) x30 0x000039e0
core   0: 0x000039e4 (0x123f2023) sw      gp, 288(t5)
core   0: 3 0x000039e4 (0x123f2023) mem 0x00003b00 0x00000001
core   0: >>>>  _exit
core   0: 0x000039e8 (0x0000bfe5) c.j     pc - 8
core   0: 3 0x000039e8 (0xbfe5)
core   0: >>>>  write_tohost
core   0: 0x000039e0 (0x00000f17) auipc   t5, 0x0
core   0: 3 0x000039e0 (0x00000f17) x30 0x000039e0
core   0: 0x000039e4 (0x123f2023) sw      gp, 288(t5)
core   0: 3 0x000039e4 (0x123f2023) mem 0x00003b00 0x00000001
core   0: >>>>  _exit
core   0: 0x000039e8 (0x0000bfe5) c.j     pc - 8
core   0: 3 0x000039e8 (0xbfe5)
core   0: >>>>  write_tohost
core   0: 0x000039e0 (0x00000f17) auipc   t5, 0x0
core   0: 3 0x000039e0 (0x00000f17) x30 0x000039e0
core   0: 0x000039e4 (0x123f2023) sw      gp, 288(t5)
core   0: 3 0x000039e4 (0x123f2023) mem 0x00003b00 0x00000001
core   0: >>>>  _exit
core   0: 0x000039e8 (0x0000bfe5) c.j     pc - 8
core   0: 3 0x000039e8 (0xbfe5)
core   0: >>>>  write_tohost
core   0: 0x000039e0 (0x00000f17) auipc   t5, 0x0
core   0: 3 0x000039e0 (0x00000f17) x30 0x000039e0
core   0: 0x000039e4 (0x123f2023) sw      gp, 288(t5)
core   0: 3 0x000039e4 (0x123f2023) mem 0x00003b00 0x00000001
core   0: >>>>  _exit
core   0: 0x000039e8 (0x0000bfe5) c.j     pc - 8
core   0: 3 0x000039e8 (0xbfe5)
core   0: >>>>  write_tohost
core   0: 0x000039e0 (0x00000f17) auipc   t5, 0x0
core   0: 3 0x000039e0 (0x00000f17) x30 0x000039e0
core   0: 0x000039e4 (0x123f2023) sw      gp, 288(t5)
core   0: 3 0x000039e4 (0x123f2023) mem 0x00003b00 0x00000001
core   0: >>>>  _exit
core   0: 0x000039e8 (0x0000bfe5) c.j     pc - 8
core   0: 3 0x000039e8 (0xbfe5)
core   0: >>>>  write_tohost
core   0: 0x000039e0 (0x00000f17) auipc   t5, 0x0
core   0: 3 0x000039e0 (0x00000f17) x30 0x000039e0
core   0: 0x000039e4 (0x123f2023) sw      gp, 288(t5)
core   0: 3 0x000039e4 (0x123f2023) mem 0x00003b00 0x00000001
core   0: >>>>  _exit
core   0: 0x000039e8 (0x0000bfe5) c.j     pc - 8
core   0: 3 0x000039e8 (0xbfe5)
core   0: >>>>  write_tohost
core   0: 0x000039e0 (0x00000f17) auipc   t5, 0x0
core   0: 3 0x000039e0 (0x00000f17) x30 0x000039e0
core   0: 0x000039e4 (0x123f2023) sw      gp, 288(t5)
core   0: 3 0x000039e4 (0x123f2023) mem 0x00003b00 0x00000001
core   0: >>>>  _exit
core   0: 0x000039e8 (0x0000bfe5) c.j     pc - 8
core   0: 3 0x000039e8 (0xbfe5)
core   0: >>>>  write_tohost
core   0: 0x000039e0 (0x00000f17) auipc   t5, 0x0
core   0: 3 0x000039e0 (0x00000f17) x30 0x000039e0
core   0: 0x000039e4 (0x123f2023) sw      gp, 288(t5)
core   0: 3 0x000039e4 (0x123f2023) mem 0x00003b00 0x00000001
core   0: >>>>  _exit
core   0: 0x000039e8 (0x0000bfe5) c.j     pc - 8
core   0: 3 0x000039e8 (0xbfe5)
core   0: >>>>  write_tohost
core   0: 0x000039e0 (0x00000f17) auipc   t5, 0x0
core   0: 3 0x000039e0 (0x00000f17) x30 0x000039e0
core   0: 0x000039e4 (0x123f2023) sw      gp, 288(t5)
core   0: 3 0x000039e4 (0x123f2023) mem 0x00003b00 0x00000001
core   0: >>>>  _exit
core   0: 0x000039e8 (0x0000bfe5) c.j     pc - 8
core   0: 3 0x000039e8 (0xbfe5)
core   0: >>>>  write_tohost
core   0: 0x000039e0 (0x00000f17) auipc   t5, 0x0
core   0: 3 0x000039e0 (0x00000f17) x30 0x000039e0
core   0: 0x000039e4 (0x123f2023) sw      gp, 288(t5)
core   0: 3 0x000039e4 (0x123f2023) mem 0x00003b00 0x00000001
core   0: >>>>  _exit
core   0: 0x000039e8 (0x0000bfe5) c.j     pc - 8
core   0: 3 0x000039e8 (0xbfe5)
core   0: >>>>  write_tohost
core   0: 0x000039e0 (0x00000f17) auipc   t5, 0x0
core   0: 3 0x000039e0 (0x00000f17) x30 0x000039e0
core   0: 0x000039e4 (0x123f2023) sw      gp, 288(t5)
core   0: 3 0x000039e4 (0x123f2023) mem 0x00003b00 0x00000001
core   0: >>>>  _exit
core   0: 0x000039e8 (0x0000bfe5) c.j     pc - 8
core   0: 3 0x000039e8 (0xbfe5)
core   0: >>>>  write_tohost
core   0: 0x000039e0 (0x00000f17) auipc   t5, 0x0
core   0: 3 0x000039e0 (0x00000f17) x30 0x000039e0
core   0: 0x000039e4 (0x123f2023) sw      gp, 288(t5)
core   0: 3 0x000039e4 (0x123f2023) mem 0x00003b00 0x00000001
core   0: >>>>  _exit
core   0: 0x000039e8 (0x0000bfe5) c.j     pc - 8
core   0: 3 0x000039e8 (0xbfe5)
core   0: >>>>  write_tohost
core   0: 0x000039e0 (0x00000f17) auipc   t5, 0x0
core   0: 3 0x000039e0 (0x00000f17) x30 0x000039e0
core   0: 0x000039e4 (0x123f2023) sw      gp, 288(t5)
core   0: 3 0x000039e4 (0x123f2023) mem 0x00003b00 0x00000001
core   0: >>>>  _exit
core   0: 0x000039e8 (0x0000bfe5) c.j     pc - 8
core   0: 3 0x000039e8 (0xbfe5)
core   0: >>>>  write_tohost
core   0: 0x000039e0 (0x00000f17) auipc   t5, 0x0
core   0: 3 0x000039e0 (0x00000f17) x30 0x000039e0
core   0: 0x000039e4 (0x123f2023) sw      gp, 288(t5)
core   0: 3 0x000039e4 (0x123f2023) mem 0x00003b00 0x00000001
core   0: >>>>  _exit
core   0: 0x000039e8 (0x0000bfe5) c.j     pc - 8
core   0: 3 0x000039e8 (0xbfe5)
core   0: >>>>  write_tohost
core   0: 0x000039e0 (0x00000f17) auipc   t5, 0x0
core   0: 3 0x000039e0 (0x00000f17) x30 0x000039e0
core   0: 0x000039e4 (0x123f2023) sw      gp, 288(t5)
core   0: 3 0x000039e4 (0x123f2023) mem 0x00003b00 0x00000001
core   0: >>>>  _exit
core   0: 0x000039e8 (0x0000bfe5) c.j     pc - 8
core   0: 3 0x000039e8 (0xbfe5)
core   0: >>>>  write_tohost
core   0: 0x000039e0 (0x00000f17) auipc   t5, 0x0
core   0: 3 0x000039e0 (0x00000f17) x30 0x000039e0
core   0: 0x000039e4 (0x123f2023) sw      gp, 288(t5)
core   0: 3 0x000039e4 (0x123f2023) mem 0x00003b00 0x00000001
core   0: >>>>  _exit
core   0: 0x000039e8 (0x0000bfe5) c.j     pc - 8
core   0: 3 0x000039e8 (0xbfe5)
core   0: >>>>  write_tohost
core   0: 0x000039e0 (0x00000f17) auipc   t5, 0x0
core   0: 3 0x000039e0 (0x00000f17) x30 0x000039e0
core   0: 0x000039e4 (0x123f2023) sw      gp, 288(t5)
core   0: 3 0x000039e4 (0x123f2023) mem 0x00003b00 0x00000001
core   0: >>>>  _exit
core   0: 0x000039e8 (0x0000bfe5) c.j     pc - 8
core   0: 3 0x000039e8 (0xbfe5)
core   0: >>>>  write_tohost
core   0: 0x000039e0 (0x00000f17) auipc   t5, 0x0
core   0: 3 0x000039e0 (0x00000f17) x30 0x000039e0
core   0: 0x000039e4 (0x123f2023) sw      gp, 288(t5)
core   0: 3 0x000039e4 (0x123f2023) mem 0x00003b00 0x00000001
core   0: >>>>  _exit
core   0: 0x000039e8 (0x0000bfe5) c.j     pc - 8
core   0: 3 0x000039e8 (0xbfe5)
core   0: >>>>  write_tohost
core   0: 0x000039e0 (0x00000f17) auipc   t5, 0x0
core   0: 3 0x000039e0 (0x00000f17) x30 0x000039e0
core   0: 0x000039e4 (0x123f2023) sw      gp, 288(t5)
core   0: 3 0x000039e4 (0x123f2023) mem 0x00003b00 0x00000001
core   0: >>>>  _exit
core   0: 0x000039e8 (0x0000bfe5) c.j     pc - 8
core   0: 3 0x000039e8 (0xbfe5)
core   0: >>>>  write_tohost
core   0: 0x000039e0 (0x00000f17) auipc   t5, 0x0
core   0: 3 0x000039e0 (0x00000f17) x30 0x000039e0
core   0: 0x000039e4 (0x123f2023) sw      gp, 288(t5)
core   0: 3 0x000039e4 (0x123f2023) mem 0x00003b00 0x00000001
core   0: >>>>  _exit
core   0: 0x000039e8 (0x0000bfe5) c.j     pc - 8
core   0: 3 0x000039e8 (0xbfe5)
core   0: >>>>  write_tohost
core   0: 0x000039e0 (0x00000f17) auipc   t5, 0x0
core   0: 3 0x000039e0 (0x00000f17) x30 0x000039e0
core   0: 0x000039e4 (0x123f2023) sw      gp, 288(t5)
core   0: 3 0x000039e4 (0x123f2023) mem 0x00003b00 0x00000001
core   0: >>>>  _exit
core   0: 0x000039e8 (0x0000bfe5) c.j     pc - 8
core   0: 3 0x000039e8 (0xbfe5)
core   0: >>>>  write_tohost
core   0: 0x000039e0 (0x00000f17) auipc   t5, 0x0
core   0: 3 0x000039e0 (0x00000f17) x30 0x000039e0
core   0: 0x000039e4 (0x123f2023) sw      gp, 288(t5)
core   0: 3 0x000039e4 (0x123f2023) mem 0x00003b00 0x00000001
core   0: >>>>  _exit
core   0: 0x000039e8 (0x0000bfe5) c.j     pc - 8
core   0: 3 0x000039e8 (0xbfe5)
core   0: >>>>  write_tohost
core   0: 0x000039e0 (0x00000f17) auipc   t5, 0x0
core   0: 3 0x000039e0 (0x00000f17) x30 0x000039e0
core   0: 0x000039e4 (0x123f2023) sw      gp, 288(t5)
core   0: 3 0x000039e4 (0x123f2023) mem 0x00003b00 0x00000001
core   0: >>>>  _exit
core   0: 0x000039e8 (0x0000bfe5) c.j     pc - 8
core   0: 3 0x000039e8 (0xbfe5)
core   0: >>>>  write_tohost
core   0: 0x000039e0 (0x00000f17) auipc   t5, 0x0
core   0: 3 0x000039e0 (0x00000f17) x30 0x000039e0
core   0: 0x000039e4 (0x123f2023) sw      gp, 288(t5)
core   0: 3 0x000039e4 (0x123f2023) mem 0x00003b00 0x00000001
core   0: >>>>  _exit
core   0: 0x000039e8 (0x0000bfe5) c.j     pc - 8
core   0: 3 0x000039e8 (0xbfe5)
core   0: >>>>  write_tohost
core   0: 0x000039e0 (0x00000f17) auipc   t5, 0x0
core   0: 3 0x000039e0 (0x00000f17) x30 0x000039e0
core   0: 0x000039e4 (0x123f2023) sw      gp, 288(t5)
core   0: 3 0x000039e4 (0x123f2023) mem 0x00003b00 0x00000001
core   0: >>>>  _exit
core   0: 0x000039e8 (0x0000bfe5) c.j     pc - 8
core   0: 3 0x000039e8 (0xbfe5)
core   0: >>>>  write_tohost
core   0: 0x000039e0 (0x00000f17) auipc   t5, 0x0
core   0: 3 0x000039e0 (0x00000f17) x30 0x000039e0
core   0: 0x000039e4 (0x123f2023) sw      gp, 288(t5)
core   0: 3 0x000039e4 (0x123f2023) mem 0x00003b00 0x00000001
core   0: >>>>  _exit
core   0: 0x000039e8 (0x0000bfe5) c.j     pc - 8
core   0: 3 0x000039e8 (0xbfe5)
core   0: >>>>  write_tohost
core   0: 0x000039e0 (0x00000f17) auipc   t5, 0x0
core   0: 3 0x000039e0 (0x00000f17) x30 0x000039e0
core   0: 0x000039e4 (0x123f2023) sw      gp, 288(t5)
core   0: 3 0x000039e4 (0x123f2023) mem 0x00003b00 0x00000001
core   0: >>>>  _exit
core   0: 0x000039e8 (0x0000bfe5) c.j     pc - 8
core   0: 3 0x000039e8 (0xbfe5)
core   0: >>>>  write_tohost
core   0: 0x000039e0 (0x00000f17) auipc   t5, 0x0
core   0: 3 0x000039e0 (0x00000f17) x30 0x000039e0
core   0: 0x000039e4 (0x123f2023) sw      gp, 288(t5)
core   0: 3 0x000039e4 (0x123f2023) mem 0x00003b00 0x00000001
core   0: >>>>  _exit
core   0: 0x000039e8 (0x0000bfe5) c.j     pc - 8
core   0: 3 0x000039e8 (0xbfe5)
core   0: >>>>  write_tohost
core   0: 0x000039e0 (0x00000f17) auipc   t5, 0x0
core   0: 3 0x000039e0 (0x00000f17) x30 0x000039e0
core   0: 0x000039e4 (0x123f2023) sw      gp, 288(t5)
core   0: 3 0x000039e4 (0x123f2023) mem 0x00003b00 0x00000001
core   0: >>>>  _exit
core   0: 0x000039e8 (0x0000bfe5) c.j     pc - 8
core   0: 3 0x000039e8 (0xbfe5)
core   0: >>>>  write_tohost
core   0: 0x000039e0 (0x00000f17) auipc   t5, 0x0
core   0: 3 0x000039e0 (0x00000f17) x30 0x000039e0
core   0: 0x000039e4 (0x123f2023) sw      gp, 288(t5)
core   0: 3 0x000039e4 (0x123f2023) mem 0x00003b00 0x00000001
core   0: >>>>  _exit
core   0: 0x000039e8 (0x0000bfe5) c.j     pc - 8
core   0: 3 0x000039e8 (0xbfe5)
core   0: >>>>  write_tohost
core   0: 0x000039e0 (0x00000f17) auipc   t5, 0x0
core   0: 3 0x000039e0 (0x00000f17) x30 0x000039e0
core   0: 0x000039e4 (0x123f2023) sw      gp, 288(t5)
core   0: 3 0x000039e4 (0x123f2023) mem 0x00003b00 0x00000001
core   0: >>>>  _exit
core   0: 0x000039e8 (0x0000bfe5) c.j     pc - 8
core   0: 3 0x000039e8 (0xbfe5)
core   0: >>>>  write_tohost
core   0: 0x000039e0 (0x00000f17) auipc   t5, 0x0
core   0: 3 0x000039e0 (0x00000f17) x30 0x000039e0
core   0: 0x000039e4 (0x123f2023) sw      gp, 288(t5)
core   0: 3 0x000039e4 (0x123f2023) mem 0x00003b00 0x00000001
core   0: >>>>  _exit
core   0: 0x000039e8 (0x0000bfe5) c.j     pc - 8
core   0: 3 0x000039e8 (0xbfe5)
core   0: >>>>  write_tohost
core   0: 0x000039e0 (0x00000f17) auipc   t5, 0x0
core   0: 3 0x000039e0 (0x00000f17) x30 0x000039e0
core   0: 0x000039e4 (0x123f2023) sw      gp, 288(t5)
core   0: 3 0x000039e4 (0x123f2023) mem 0x00003b00 0x00000001
core   0: >>>>  _exit
core   0: 0x000039e8 (0x0000bfe5) c.j     pc - 8
core   0: 3 0x000039e8 (0xbfe5)
core   0: >>>>  write_tohost
core   0: 0x000039e0 (0x00000f17) auipc   t5, 0x0
core   0: 3 0x000039e0 (0x00000f17) x30 0x000039e0
core   0: 0x000039e4 (0x123f2023) sw      gp, 288(t5)
core   0: 3 0x000039e4 (0x123f2023) mem 0x00003b00 0x00000001
core   0: >>>>  _exit
core   0: 0x000039e8 (0x0000bfe5) c.j     pc - 8
core   0: 3 0x000039e8 (0xbfe5)
core   0: >>>>  write_tohost
core   0: 0x000039e0 (0x00000f17) auipc   t5, 0x0
core   0: 3 0x000039e0 (0x00000f17) x30 0x000039e0
core   0: 0x000039e4 (0x123f2023) sw      gp, 288(t5)
core   0: 3 0x000039e4 (0x123f2023) mem 0x00003b00 0x00000001
core   0: >>>>  _exit
core   0: 0x000039e8 (0x0000bfe5) c.j     pc - 8
core   0: 3 0x000039e8 (0xbfe5)
core   0: >>>>  write_tohost
core   0: 0x000039e0 (0x00000f17) auipc   t5, 0x0
core   0: 3 0x000039e0 (0x00000f17) x30 0x000039e0
core   0: 0x000039e4 (0x123f2023) sw      gp, 288(t5)
core   0: 3 0x000039e4 (0x123f2023) mem 0x00003b00 0x00000001
core   0: >>>>  _exit
core   0: 0x000039e8 (0x0000bfe5) c.j     pc - 8
core   0: 3 0x000039e8 (0xbfe5)
core   0: >>>>  write_tohost
core   0: 0x000039e0 (0x00000f17) auipc   t5, 0x0
core   0: 3 0x000039e0 (0x00000f17) x30 0x000039e0
core   0: 0x000039e4 (0x123f2023) sw      gp, 288(t5)
core   0: 3 0x000039e4 (0x123f2023) mem 0x00003b00 0x00000001
core   0: >>>>  _exit
core   0: 0x000039e8 (0x0000bfe5) c.j     pc - 8
core   0: 3 0x000039e8 (0xbfe5)
core   0: >>>>  write_tohost
core   0: 0x000039e0 (0x00000f17) auipc   t5, 0x0
core   0: 3 0x000039e0 (0x00000f17) x30 0x000039e0
core   0: 0x000039e4 (0x123f2023) sw      gp, 288(t5)
core   0: 3 0x000039e4 (0x123f2023) mem 0x00003b00 0x00000001
core   0: >>>>  _exit
core   0: 0x000039e8 (0x0000bfe5) c.j     pc - 8
core   0: 3 0x000039e8 (0xbfe5)
core   0: >>>>  write_tohost
core   0: 0x000039e0 (0x00000f17) auipc   t5, 0x0
core   0: 3 0x000039e0 (0x00000f17) x30 0x000039e0
core   0: 0x000039e4 (0x123f2023) sw      gp, 288(t5)
core   0: 3 0x000039e4 (0x123f2023) mem 0x00003b00 0x00000001
core   0: >>>>  _exit
core   0: 0x000039e8 (0x0000bfe5) c.j     pc - 8
core   0: 3 0x000039e8 (0xbfe5)
core   0: >>>>  write_tohost
core   0: 0x000039e0 (0x00000f17) auipc   t5, 0x0
core   0: 3 0x000039e0 (0x00000f17) x30 0x000039e0
core   0: 0x000039e4 (0x123f2023) sw      gp, 288(t5)
core   0: 3 0x000039e4 (0x123f2023) mem 0x00003b00 0x00000001
core   0: >>>>  _exit
core   0: 0x000039e8 (0x0000bfe5) c.j     pc - 8
core   0: 3 0x000039e8 (0xbfe5)
core   0: >>>>  write_tohost
core   0: 0x000039e0 (0x00000f17) auipc   t5, 0x0
core   0: 3 0x000039e0 (0x00000f17) x30 0x000039e0
core   0: 0x000039e4 (0x123f2023) sw      gp, 288(t5)
core   0: 3 0x000039e4 (0x123f2023) mem 0x00003b00 0x00000001
core   0: >>>>  _exit
core   0: 0x000039e8 (0x0000bfe5) c.j     pc - 8
core   0: 3 0x000039e8 (0xbfe5)
core   0: >>>>  write_tohost
core   0: 0x000039e0 (0x00000f17) auipc   t5, 0x0
core   0: 3 0x000039e0 (0x00000f17) x30 0x000039e0
core   0: 0x000039e4 (0x123f2023) sw      gp, 288(t5)
core   0: 3 0x000039e4 (0x123f2023) mem 0x00003b00 0x00000001
core   0: >>>>  _exit
core   0: 0x000039e8 (0x0000bfe5) c.j     pc - 8
core   0: 3 0x000039e8 (0xbfe5)
core   0: >>>>  write_tohost
core   0: 0x000039e0 (0x00000f17) auipc   t5, 0x0
core   0: 3 0x000039e0 (0x00000f17) x30 0x000039e0
core   0: 0x000039e4 (0x123f2023) sw      gp, 288(t5)
core   0: 3 0x000039e4 (0x123f2023) mem 0x00003b00 0x00000001
core   0: >>>>  _exit
core   0: 0x000039e8 (0x0000bfe5) c.j     pc - 8
core   0: 3 0x000039e8 (0xbfe5)
core   0: >>>>  write_tohost
core   0: 0x000039e0 (0x00000f17) auipc   t5, 0x0
core   0: 3 0x000039e0 (0x00000f17) x30 0x000039e0
core   0: 0x000039e4 (0x123f2023) sw      gp, 288(t5)
core   0: 3 0x000039e4 (0x123f2023) mem 0x00003b00 0x00000001
core   0: >>>>  _exit
core   0: 0x000039e8 (0x0000bfe5) c.j     pc - 8
core   0: 3 0x000039e8 (0xbfe5)
core   0: >>>>  write_tohost
core   0: 0x000039e0 (0x00000f17) auipc   t5, 0x0
core   0: 3 0x000039e0 (0x00000f17) x30 0x000039e0
core   0: 0x000039e4 (0x123f2023) sw      gp, 288(t5)
core   0: 3 0x000039e4 (0x123f2023) mem 0x00003b00 0x00000001
core   0: >>>>  _exit
core   0: 0x000039e8 (0x0000bfe5) c.j     pc - 8
core   0: 3 0x000039e8 (0xbfe5)
core   0: >>>>  write_tohost
core   0: 0x000039e0 (0x00000f17) auipc   t5, 0x0
core   0: 3 0x000039e0 (0x00000f17) x30 0x000039e0
core   0: 0x000039e4 (0x123f2023) sw      gp, 288(t5)
core   0: 3 0x000039e4 (0x123f2023) mem 0x00003b00 0x00000001
core   0: >>>>  _exit
core   0: 0x000039e8 (0x0000bfe5) c.j     pc - 8
core   0: 3 0x000039e8 (0xbfe5)
core   0: >>>>  write_tohost
core   0: 0x000039e0 (0x00000f17) auipc   t5, 0x0
core   0: 3 0x000039e0 (0x00000f17) x30 0x000039e0
core   0: 0x000039e4 (0x123f2023) sw      gp, 288(t5)
core   0: 3 0x000039e4 (0x123f2023) mem 0x00003b00 0x00000001
core   0: >>>>  _exit
core   0: 0x000039e8 (0x0000bfe5) c.j     pc - 8
core   0: 3 0x000039e8 (0xbfe5)
core   0: >>>>  write_tohost
core   0: 0x000039e0 (0x00000f17) auipc   t5, 0x0
core   0: 3 0x000039e0 (0x00000f17) x30 0x000039e0
core   0: 0x000039e4 (0x123f2023) sw      gp, 288(t5)
core   0: 3 0x000039e4 (0x123f2023) mem 0x00003b00 0x00000001
core   0: >>>>  _exit
core   0: 0x000039e8 (0x0000bfe5) c.j     pc - 8
core   0: 3 0x000039e8 (0xbfe5)
core   0: >>>>  write_tohost
core   0: 0x000039e0 (0x00000f17) auipc   t5, 0x0
core   0: 3 0x000039e0 (0x00000f17) x30 0x000039e0
core   0: 0x000039e4 (0x123f2023) sw      gp, 288(t5)
core   0: 3 0x000039e4 (0x123f2023) mem 0x00003b00 0x00000001
core   0: >>>>  _exit
core   0: 0x000039e8 (0x0000bfe5) c.j     pc - 8
core   0: 3 0x000039e8 (0xbfe5)
core   0: >>>>  write_tohost
core   0: 0x000039e0 (0x00000f17) auipc   t5, 0x0
core   0: 3 0x000039e0 (0x00000f17) x30 0x000039e0
core   0: 0x000039e4 (0x123f2023) sw      gp, 288(t5)
core   0: 3 0x000039e4 (0x123f2023) mem 0x00003b00 0x00000001
core   0: >>>>  _exit
core   0: 0x000039e8 (0x0000bfe5) c.j     pc - 8
core   0: 3 0x000039e8 (0xbfe5)
core   0: >>>>  write_tohost
core   0: 0x000039e0 (0x00000f17) auipc   t5, 0x0
core   0: 3 0x000039e0 (0x00000f17) x30 0x000039e0
core   0: 0x000039e4 (0x123f2023) sw      gp, 288(t5)
core   0: 3 0x000039e4 (0x123f2023) mem 0x00003b00 0x00000001
core   0: >>>>  _exit
core   0: 0x000039e8 (0x0000bfe5) c.j     pc - 8
core   0: 3 0x000039e8 (0xbfe5)
core   0: >>>>  write_tohost
core   0: 0x000039e0 (0x00000f17) auipc   t5, 0x0
core   0: 3 0x000039e0 (0x00000f17) x30 0x000039e0
core   0: 0x000039e4 (0x123f2023) sw      gp, 288(t5)
core   0: 3 0x000039e4 (0x123f2023) mem 0x00003b00 0x00000001
core   0: >>>>  _exit
core   0: 0x000039e8 (0x0000bfe5) c.j     pc - 8
core   0: 3 0x000039e8 (0xbfe5)
core   0: >>>>  write_tohost
core   0: 0x000039e0 (0x00000f17) auipc   t5, 0x0
core   0: 3 0x000039e0 (0x00000f17) x30 0x000039e0
core   0: 0x000039e4 (0x123f2023) sw      gp, 288(t5)
core   0: 3 0x000039e4 (0x123f2023) mem 0x00003b00 0x00000001
core   0: >>>>  _exit
core   0: 0x000039e8 (0x0000bfe5) c.j     pc - 8
core   0: 3 0x000039e8 (0xbfe5)
core   0: >>>>  write_tohost
core   0: 0x000039e0 (0x00000f17) auipc   t5, 0x0
core   0: 3 0x000039e0 (0x00000f17) x30 0x000039e0
core   0: 0x000039e4 (0x123f2023) sw      gp, 288(t5)
core   0: 3 0x000039e4 (0x123f2023) mem 0x00003b00 0x00000001
core   0: >>>>  _exit
core   0: 0x000039e8 (0x0000bfe5) c.j     pc - 8
core   0: 3 0x000039e8 (0xbfe5)
core   0: >>>>  write_tohost
core   0: 0x000039e0 (0x00000f17) auipc   t5, 0x0
core   0: 3 0x000039e0 (0x00000f17) x30 0x000039e0
core   0: 0x000039e4 (0x123f2023) sw      gp, 288(t5)
core   0: 3 0x000039e4 (0x123f2023) mem 0x00003b00 0x00000001
core   0: >>>>  _exit
core   0: 0x000039e8 (0x0000bfe5) c.j     pc - 8
core   0: 3 0x000039e8 (0xbfe5)
core   0: >>>>  write_tohost
core   0: 0x000039e0 (0x00000f17) auipc   t5, 0x0
core   0: 3 0x000039e0 (0x00000f17) x30 0x000039e0
core   0: 0x000039e4 (0x123f2023) sw      gp, 288(t5)
core   0: 3 0x000039e4 (0x123f2023) mem 0x00003b00 0x00000001
core   0: >>>>  _exit
core   0: 0x000039e8 (0x0000bfe5) c.j     pc - 8
core   0: 3 0x000039e8 (0xbfe5)
core   0: >>>>  write_tohost
core   0: 0x000039e0 (0x00000f17) auipc   t5, 0x0
core   0: 3 0x000039e0 (0x00000f17) x30 0x000039e0
core   0: 0x000039e4 (0x123f2023) sw      gp, 288(t5)
core   0: 3 0x000039e4 (0x123f2023) mem 0x00003b00 0x00000001
core   0: >>>>  _exit
core   0: 0x000039e8 (0x0000bfe5) c.j     pc - 8
core   0: 3 0x000039e8 (0xbfe5)
core   0: >>>>  write_tohost
core   0: 0x000039e0 (0x00000f17) auipc   t5, 0x0
core   0: 3 0x000039e0 (0x00000f17) x30 0x000039e0
core   0: 0x000039e4 (0x123f2023) sw      gp, 288(t5)
core   0: 3 0x000039e4 (0x123f2023) mem 0x00003b00 0x00000001
core   0: >>>>  _exit
core   0: 0x000039e8 (0x0000bfe5) c.j     pc - 8
core   0: 3 0x000039e8 (0xbfe5)
core   0: >>>>  write_tohost
core   0: 0x000039e0 (0x00000f17) auipc   t5, 0x0
core   0: 3 0x000039e0 (0x00000f17) x30 0x000039e0
core   0: 0x000039e4 (0x123f2023) sw      gp, 288(t5)
core   0: 3 0x000039e4 (0x123f2023) mem 0x00003b00 0x00000001
core   0: >>>>  _exit
core   0: 0x000039e8 (0x0000bfe5) c.j     pc - 8
core   0: 3 0x000039e8 (0xbfe5)
core   0: >>>>  write_tohost
core   0: 0x000039e0 (0x00000f17) auipc   t5, 0x0
core   0: 3 0x000039e0 (0x00000f17) x30 0x000039e0
core   0: 0x000039e4 (0x123f2023) sw      gp, 288(t5)
core   0: 3 0x000039e4 (0x123f2023) mem 0x00003b00 0x00000001
core   0: >>>>  _exit
core   0: 0x000039e8 (0x0000bfe5) c.j     pc - 8
core   0: 3 0x000039e8 (0xbfe5)
core   0: >>>>  write_tohost
core   0: 0x000039e0 (0x00000f17) auipc   t5, 0x0
core   0: 3 0x000039e0 (0x00000f17) x30 0x000039e0
core   0: 0x000039e4 (0x123f2023) sw      gp, 288(t5)
core   0: 3 0x000039e4 (0x123f2023) mem 0x00003b00 0x00000001
core   0: >>>>  _exit
core   0: 0x000039e8 (0x0000bfe5) c.j     pc - 8
core   0: 3 0x000039e8 (0xbfe5)
core   0: >>>>  write_tohost
core   0: 0x000039e0 (0x00000f17) auipc   t5, 0x0
core   0: 3 0x000039e0 (0x00000f17) x30 0x000039e0
core   0: 0x000039e4 (0x123f2023) sw      gp, 288(t5)
core   0: 3 0x000039e4 (0x123f2023) mem 0x00003b00 0x00000001
core   0: >>>>  _exit
core   0: 0x000039e8 (0x0000bfe5) c.j     pc - 8
core   0: 3 0x000039e8 (0xbfe5)
core   0: >>>>  write_tohost
core   0: 0x000039e0 (0x00000f17) auipc   t5, 0x0
core   0: 3 0x000039e0 (0x00000f17) x30 0x000039e0
core   0: 0x000039e4 (0x123f2023) sw      gp, 288(t5)
core   0: 3 0x000039e4 (0x123f2023) mem 0x00003b00 0x00000001
core   0: >>>>  _exit
core   0: 0x000039e8 (0x0000bfe5) c.j     pc - 8
core   0: 3 0x000039e8 (0xbfe5)
core   0: >>>>  write_tohost
core   0: 0x000039e0 (0x00000f17) auipc   t5, 0x0
core   0: 3 0x000039e0 (0x00000f17) x30 0x000039e0
core   0: 0x000039e4 (0x123f2023) sw      gp, 288(t5)
core   0: 3 0x000039e4 (0x123f2023) mem 0x00003b00 0x00000001
core   0: >>>>  _exit
core   0: 0x000039e8 (0x0000bfe5) c.j     pc - 8
core   0: 3 0x000039e8 (0xbfe5)
core   0: >>>>  write_tohost
core   0: 0x000039e0 (0x00000f17) auipc   t5, 0x0
core   0: 3 0x000039e0 (0x00000f17) x30 0x000039e0
core   0: 0x000039e4 (0x123f2023) sw      gp, 288(t5)
core   0: 3 0x000039e4 (0x123f2023) mem 0x00003b00 0x00000001
core   0: >>>>  _exit
core   0: 0x000039e8 (0x0000bfe5) c.j     pc - 8
core   0: 3 0x000039e8 (0xbfe5)
core   0: >>>>  write_tohost
core   0: 0x000039e0 (0x00000f17) auipc   t5, 0x0
core   0: 3 0x000039e0 (0x00000f17) x30 0x000039e0
core   0: 0x000039e4 (0x123f2023) sw      gp, 288(t5)
core   0: 3 0x000039e4 (0x123f2023) mem 0x00003b00 0x00000001
core   0: >>>>  _exit
core   0: 0x000039e8 (0x0000bfe5) c.j     pc - 8
core   0: 3 0x000039e8 (0xbfe5)
core   0: >>>>  write_tohost
core   0: 0x000039e0 (0x00000f17) auipc   t5, 0x0
core   0: 3 0x000039e0 (0x00000f17) x30 0x000039e0
core   0: 0x000039e4 (0x123f2023) sw      gp, 288(t5)
core   0: 3 0x000039e4 (0x123f2023) mem 0x00003b00 0x00000001
core   0: >>>>  _exit
core   0: 0x000039e8 (0x0000bfe5) c.j     pc - 8
core   0: 3 0x000039e8 (0xbfe5)
core   0: >>>>  write_tohost
core   0: 0x000039e0 (0x00000f17) auipc   t5, 0x0
core   0: 3 0x000039e0 (0x00000f17) x30 0x000039e0
core   0: 0x000039e4 (0x123f2023) sw      gp, 288(t5)
core   0: 3 0x000039e4 (0x123f2023) mem 0x00003b00 0x00000001
core   0: >>>>  _exit
core   0: 0x000039e8 (0x0000bfe5) c.j     pc - 8
core   0: 3 0x000039e8 (0xbfe5)
core   0: >>>>  write_tohost
core   0: 0x000039e0 (0x00000f17) auipc   t5, 0x0
core   0: 3 0x000039e0 (0x00000f17) x30 0x000039e0
core   0: 0x000039e4 (0x123f2023) sw      gp, 288(t5)
core   0: 3 0x000039e4 (0x123f2023) mem 0x00003b00 0x00000001
core   0: >>>>  _exit
core   0: 0x000039e8 (0x0000bfe5) c.j     pc - 8
core   0: 3 0x000039e8 (0xbfe5)
core   0: >>>>  write_tohost
core   0: 0x000039e0 (0x00000f17) auipc   t5, 0x0
core   0: 3 0x000039e0 (0x00000f17) x30 0x000039e0
core   0: 0x000039e4 (0x123f2023) sw      gp, 288(t5)
core   0: 3 0x000039e4 (0x123f2023) mem 0x00003b00 0x00000001
core   0: >>>>  _exit
core   0: 0x000039e8 (0x0000bfe5) c.j     pc - 8
core   0: 3 0x000039e8 (0xbfe5)
core   0: >>>>  write_tohost
core   0: 0x000039e0 (0x00000f17) auipc   t5, 0x0
core   0: 3 0x000039e0 (0x00000f17) x30 0x000039e0
core   0: 0x000039e4 (0x123f2023) sw      gp, 288(t5)
core   0: 3 0x000039e4 (0x123f2023) mem 0x00003b00 0x00000001
core   0: >>>>  _exit
core   0: 0x000039e8 (0x0000bfe5) c.j     pc - 8
core   0: 3 0x000039e8 (0xbfe5)
core   0: >>>>  write_tohost
core   0: 0x000039e0 (0x00000f17) auipc   t5, 0x0
core   0: 3 0x000039e0 (0x00000f17) x30 0x000039e0
core   0: 0x000039e4 (0x123f2023) sw      gp, 288(t5)
core   0: 3 0x000039e4 (0x123f2023) mem 0x00003b00 0x00000001
core   0: >>>>  _exit
core   0: 0x000039e8 (0x0000bfe5) c.j     pc - 8
core   0: 3 0x000039e8 (0xbfe5)
core   0: >>>>  write_tohost
core   0: 0x000039e0 (0x00000f17) auipc   t5, 0x0
core   0: 3 0x000039e0 (0x00000f17) x30 0x000039e0
core   0: 0x000039e4 (0x123f2023) sw      gp, 288(t5)
core   0: 3 0x000039e4 (0x123f2023) mem 0x00003b00 0x00000001
core   0: >>>>  _exit
core   0: 0x000039e8 (0x0000bfe5) c.j     pc - 8
core   0: 3 0x000039e8 (0xbfe5)
core   0: >>>>  write_tohost
core   0: 0x000039e0 (0x00000f17) auipc   t5, 0x0
core   0: 3 0x000039e0 (0x00000f17) x30 0x000039e0
core   0: 0x000039e4 (0x123f2023) sw      gp, 288(t5)
core   0: 3 0x000039e4 (0x123f2023) mem 0x00003b00 0x00000001
core   0: >>>>  _exit
core   0: 0x000039e8 (0x0000bfe5) c.j     pc - 8
core   0: 3 0x000039e8 (0xbfe5)
core   0: >>>>  write_tohost
core   0: 0x000039e0 (0x00000f17) auipc   t5, 0x0
core   0: 3 0x000039e0 (0x00000f17) x30 0x000039e0
core   0: 0x000039e4 (0x123f2023) sw      gp, 288(t5)
core   0: 3 0x000039e4 (0x123f2023) mem 0x00003b00 0x00000001
core   0: >>>>  _exit
core   0: 0x000039e8 (0x0000bfe5) c.j     pc - 8
core   0: 3 0x000039e8 (0xbfe5)
core   0: >>>>  write_tohost
core   0: 0x000039e0 (0x00000f17) auipc   t5, 0x0
core   0: 3 0x000039e0 (0x00000f17) x30 0x000039e0
core   0: 0x000039e4 (0x123f2023) sw      gp, 288(t5)
core   0: 3 0x000039e4 (0x123f2023) mem 0x00003b00 0x00000001
core   0: >>>>  _exit
core   0: 0x000039e8 (0x0000bfe5) c.j     pc - 8
core   0: 3 0x000039e8 (0xbfe5)
core   0: >>>>  write_tohost
core   0: 0x000039e0 (0x00000f17) auipc   t5, 0x0
core   0: 3 0x000039e0 (0x00000f17) x30 0x000039e0
core   0: 0x000039e4 (0x123f2023) sw      gp, 288(t5)
core   0: 3 0x000039e4 (0x123f2023) mem 0x00003b00 0x00000001
core   0: >>>>  _exit
core   0: 0x000039e8 (0x0000bfe5) c.j     pc - 8
core   0: 3 0x000039e8 (0xbfe5)
core   0: >>>>  write_tohost
core   0: 0x000039e0 (0x00000f17) auipc   t5, 0x0
core   0: 3 0x000039e0 (0x00000f17) x30 0x000039e0
core   0: 0x000039e4 (0x123f2023) sw      gp, 288(t5)
core   0: 3 0x000039e4 (0x123f2023) mem 0x00003b00 0x00000001
core   0: >>>>  _exit
core   0: 0x000039e8 (0x0000bfe5) c.j     pc - 8
core   0: 3 0x000039e8 (0xbfe5)
core   0: >>>>  write_tohost
core   0: 0x000039e0 (0x00000f17) auipc   t5, 0x0
core   0: 3 0x000039e0 (0x00000f17) x30 0x000039e0
core   0: 0x000039e4 (0x123f2023) sw      gp, 288(t5)
core   0: 3 0x000039e4 (0x123f2023) mem 0x00003b00 0x00000001
core   0: >>>>  _exit
core   0: 0x000039e8 (0x0000bfe5) c.j     pc - 8
core   0: 3 0x000039e8 (0xbfe5)
core   0: >>>>  write_tohost
core   0: 0x000039e0 (0x00000f17) auipc   t5, 0x0
core   0: 3 0x000039e0 (0x00000f17) x30 0x000039e0
core   0: 0x000039e4 (0x123f2023) sw      gp, 288(t5)
core   0: 3 0x000039e4 (0x123f2023) mem 0x00003b00 0x00000001
core   0: >>>>  _exit
core   0: 0x000039e8 (0x0000bfe5) c.j     pc - 8
core   0: 3 0x000039e8 (0xbfe5)
core   0: >>>>  write_tohost
core   0: 0x000039e0 (0x00000f17) auipc   t5, 0x0
core   0: 3 0x000039e0 (0x00000f17) x30 0x000039e0
core   0: 0x000039e4 (0x123f2023) sw      gp, 288(t5)
core   0: 3 0x000039e4 (0x123f2023) mem 0x00003b00 0x00000001
core   0: >>>>  _exit
core   0: 0x000039e8 (0x0000bfe5) c.j     pc - 8
core   0: 3 0x000039e8 (0xbfe5)
core   0: >>>>  write_tohost
core   0: 0x000039e0 (0x00000f17) auipc   t5, 0x0
core   0: 3 0x000039e0 (0x00000f17) x30 0x000039e0
core   0: 0x000039e4 (0x123f2023) sw      gp, 288(t5)
core   0: 3 0x000039e4 (0x123f2023) mem 0x00003b00 0x00000001
core   0: >>>>  _exit
core   0: 0x000039e8 (0x0000bfe5) c.j     pc - 8
core   0: 3 0x000039e8 (0xbfe5)
core   0: >>>>  write_tohost
core   0: 0x000039e0 (0x00000f17) auipc   t5, 0x0
core   0: 3 0x000039e0 (0x00000f17) x30 0x000039e0
core   0: 0x000039e4 (0x123f2023) sw      gp, 288(t5)
core   0: 3 0x000039e4 (0x123f2023) mem 0x00003b00 0x00000001
core   0: >>>>  _exit
core   0: 0x000039e8 (0x0000bfe5) c.j     pc - 8
core   0: 3 0x000039e8 (0xbfe5)
core   0: >>>>  write_tohost
core   0: 0x000039e0 (0x00000f17) auipc   t5, 0x0
core   0: 3 0x000039e0 (0x00000f17) x30 0x000039e0
core   0: 0x000039e4 (0x123f2023) sw      gp, 288(t5)
core   0: 3 0x000039e4 (0x123f2023) mem 0x00003b00 0x00000001
core   0: >>>>  _exit
core   0: 0x000039e8 (0x0000bfe5) c.j     pc - 8
core   0: 3 0x000039e8 (0xbfe5)
core   0: >>>>  write_tohost
core   0: 0x000039e0 (0x00000f17) auipc   t5, 0x0
core   0: 3 0x000039e0 (0x00000f17) x30 0x000039e0
core   0: 0x000039e4 (0x123f2023) sw      gp, 288(t5)
core   0: 3 0x000039e4 (0x123f2023) mem 0x00003b00 0x00000001
core   0: >>>>  _exit
core   0: 0x000039e8 (0x0000bfe5) c.j     pc - 8
core   0: 3 0x000039e8 (0xbfe5)
core   0: >>>>  write_tohost
core   0: 0x000039e0 (0x00000f17) auipc   t5, 0x0
core   0: 3 0x000039e0 (0x00000f17) x30 0x000039e0
core   0: 0x000039e4 (0x123f2023) sw      gp, 288(t5)
core   0: 3 0x000039e4 (0x123f2023) mem 0x00003b00 0x00000001
core   0: >>>>  _exit
core   0: 0x000039e8 (0x0000bfe5) c.j     pc - 8
core   0: 3 0x000039e8 (0xbfe5)
core   0: >>>>  write_tohost
core   0: 0x000039e0 (0x00000f17) auipc   t5, 0x0
core   0: 3 0x000039e0 (0x00000f17) x30 0x000039e0
core   0: 0x000039e4 (0x123f2023) sw      gp, 288(t5)
core   0: 3 0x000039e4 (0x123f2023) mem 0x00003b00 0x00000001
core   0: >>>>  _exit
core   0: 0x000039e8 (0x0000bfe5) c.j     pc - 8
core   0: 3 0x000039e8 (0xbfe5)
core   0: >>>>  write_tohost
core   0: 0x000039e0 (0x00000f17) auipc   t5, 0x0
core   0: 3 0x000039e0 (0x00000f17) x30 0x000039e0
core   0: 0x000039e4 (0x123f2023) sw      gp, 288(t5)
core   0: 3 0x000039e4 (0x123f2023) mem 0x00003b00 0x00000001
core   0: >>>>  _exit
core   0: 0x000039e8 (0x0000bfe5) c.j     pc - 8
core   0: 3 0x000039e8 (0xbfe5)
core   0: >>>>  write_tohost
core   0: 0x000039e0 (0x00000f17) auipc   t5, 0x0
core   0: 3 0x000039e0 (0x00000f17) x30 0x000039e0
core   0: 0x000039e4 (0x123f2023) sw      gp, 288(t5)
core   0: 3 0x000039e4 (0x123f2023) mem 0x00003b00 0x00000001
core   0: >>>>  _exit
core   0: 0x000039e8 (0x0000bfe5) c.j     pc - 8
core   0: 3 0x000039e8 (0xbfe5)
core   0: >>>>  write_tohost
core   0: 0x000039e0 (0x00000f17) auipc   t5, 0x0
core   0: 3 0x000039e0 (0x00000f17) x30 0x000039e0
core   0: 0x000039e4 (0x123f2023) sw      gp, 288(t5)
core   0: 3 0x000039e4 (0x123f2023) mem 0x00003b00 0x00000001
core   0: >>>>  _exit
core   0: 0x000039e8 (0x0000bfe5) c.j     pc - 8
core   0: 3 0x000039e8 (0xbfe5)
core   0: >>>>  write_tohost
core   0: 0x000039e0 (0x00000f17) auipc   t5, 0x0
core   0: 3 0x000039e0 (0x00000f17) x30 0x000039e0
core   0: 0x000039e4 (0x123f2023) sw      gp, 288(t5)
core   0: 3 0x000039e4 (0x123f2023) mem 0x00003b00 0x00000001
core   0: >>>>  _exit
core   0: 0x000039e8 (0x0000bfe5) c.j     pc - 8
core   0: 3 0x000039e8 (0xbfe5)
core   0: >>>>  write_tohost
core   0: 0x000039e0 (0x00000f17) auipc   t5, 0x0
core   0: 3 0x000039e0 (0x00000f17) x30 0x000039e0
core   0: 0x000039e4 (0x123f2023) sw      gp, 288(t5)
core   0: 3 0x000039e4 (0x123f2023) mem 0x00003b00 0x00000001
core   0: >>>>  _exit
core   0: 0x000039e8 (0x0000bfe5) c.j     pc - 8
core   0: 3 0x000039e8 (0xbfe5)
core   0: >>>>  write_tohost
core   0: 0x000039e0 (0x00000f17) auipc   t5, 0x0
core   0: 3 0x000039e0 (0x00000f17) x30 0x000039e0
core   0: 0x000039e4 (0x123f2023) sw      gp, 288(t5)
core   0: 3 0x000039e4 (0x123f2023) mem 0x00003b00 0x00000001
core   0: >>>>  _exit
core   0: 0x000039e8 (0x0000bfe5) c.j     pc - 8
core   0: 3 0x000039e8 (0xbfe5)
core   0: >>>>  write_tohost
core   0: 0x000039e0 (0x00000f17) auipc   t5, 0x0
core   0: 3 0x000039e0 (0x00000f17) x30 0x000039e0
core   0: 0x000039e4 (0x123f2023) sw      gp, 288(t5)
core   0: 3 0x000039e4 (0x123f2023) mem 0x00003b00 0x00000001
core   0: >>>>  _exit
core   0: 0x000039e8 (0x0000bfe5) c.j     pc - 8
core   0: 3 0x000039e8 (0xbfe5)
core   0: >>>>  write_tohost
core   0: 0x000039e0 (0x00000f17) auipc   t5, 0x0
core   0: 3 0x000039e0 (0x00000f17) x30 0x000039e0
core   0: 0x000039e4 (0x123f2023) sw      gp, 288(t5)
core   0: 3 0x000039e4 (0x123f2023) mem 0x00003b00 0x00000001
core   0: >>>>  _exit
core   0: 0x000039e8 (0x0000bfe5) c.j     pc - 8
core   0: 3 0x000039e8 (0xbfe5)
core   0: >>>>  write_tohost
core   0: 0x000039e0 (0x00000f17) auipc   t5, 0x0
core   0: 3 0x000039e0 (0x00000f17) x30 0x000039e0
core   0: 0x000039e4 (0x123f2023) sw      gp, 288(t5)
core   0: 3 0x000039e4 (0x123f2023) mem 0x00003b00 0x00000001
core   0: >>>>  _exit
core   0: 0x000039e8 (0x0000bfe5) c.j     pc - 8
core   0: 3 0x000039e8 (0xbfe5)
core   0: >>>>  write_tohost
core   0: 0x000039e0 (0x00000f17) auipc   t5, 0x0
core   0: 3 0x000039e0 (0x00000f17) x30 0x000039e0
core   0: 0x000039e4 (0x123f2023) sw      gp, 288(t5)
core   0: 3 0x000039e4 (0x123f2023) mem 0x00003b00 0x00000001
core   0: >>>>  _exit
core   0: 0x000039e8 (0x0000bfe5) c.j     pc - 8
core   0: 3 0x000039e8 (0xbfe5)
core   0: >>>>  write_tohost
core   0: 0x000039e0 (0x00000f17) auipc   t5, 0x0
core   0: 3 0x000039e0 (0x00000f17) x30 0x000039e0
core   0: 0x000039e4 (0x123f2023) sw      gp, 288(t5)
core   0: 3 0x000039e4 (0x123f2023) mem 0x00003b00 0x00000001
core   0: >>>>  _exit
core   0: 0x000039e8 (0x0000bfe5) c.j     pc - 8
core   0: 3 0x000039e8 (0xbfe5)
core   0: >>>>  write_tohost
core   0: 0x000039e0 (0x00000f17) auipc   t5, 0x0
core   0: 3 0x000039e0 (0x00000f17) x30 0x000039e0
core   0: 0x000039e4 (0x123f2023) sw      gp, 288(t5)
core   0: 3 0x000039e4 (0x123f2023) mem 0x00003b00 0x00000001
core   0: >>>>  _exit
core   0: 0x000039e8 (0x0000bfe5) c.j     pc - 8
core   0: 3 0x000039e8 (0xbfe5)
core   0: >>>>  write_tohost
core   0: 0x000039e0 (0x00000f17) auipc   t5, 0x0
core   0: 3 0x000039e0 (0x00000f17) x30 0x000039e0
core   0: 0x000039e4 (0x123f2023) sw      gp, 288(t5)
core   0: 3 0x000039e4 (0x123f2023) mem 0x00003b00 0x00000001
core   0: >>>>  _exit
core   0: 0x000039e8 (0x0000bfe5) c.j     pc - 8
core   0: 3 0x000039e8 (0xbfe5)
core   0: >>>>  write_tohost
core   0: 0x000039e0 (0x00000f17) auipc   t5, 0x0
core   0: 3 0x000039e0 (0x00000f17) x30 0x000039e0
core   0: 0x000039e4 (0x123f2023) sw      gp, 288(t5)
core   0: 3 0x000039e4 (0x123f2023) mem 0x00003b00 0x00000001
core   0: >>>>  _exit
core   0: 0x000039e8 (0x0000bfe5) c.j     pc - 8
core   0: 3 0x000039e8 (0xbfe5)
core   0: >>>>  write_tohost
core   0: 0x000039e0 (0x00000f17) auipc   t5, 0x0
core   0: 3 0x000039e0 (0x00000f17) x30 0x000039e0
core   0: 0x000039e4 (0x123f2023) sw      gp, 288(t5)
core   0: 3 0x000039e4 (0x123f2023) mem 0x00003b00 0x00000001
core   0: >>>>  _exit
core   0: 0x000039e8 (0x0000bfe5) c.j     pc - 8
core   0: 3 0x000039e8 (0xbfe5)
core   0: >>>>  write_tohost
core   0: 0x000039e0 (0x00000f17) auipc   t5, 0x0
core   0: 3 0x000039e0 (0x00000f17) x30 0x000039e0
core   0: 0x000039e4 (0x123f2023) sw      gp, 288(t5)
core   0: 3 0x000039e4 (0x123f2023) mem 0x00003b00 0x00000001
core   0: >>>>  _exit
core   0: 0x000039e8 (0x0000bfe5) c.j     pc - 8
core   0: 3 0x000039e8 (0xbfe5)
core   0: >>>>  write_tohost
core   0: 0x000039e0 (0x00000f17) auipc   t5, 0x0
core   0: 3 0x000039e0 (0x00000f17) x30 0x000039e0
core   0: 0x000039e4 (0x123f2023) sw      gp, 288(t5)
core   0: 3 0x000039e4 (0x123f2023) mem 0x00003b00 0x00000001
core   0: >>>>  _exit
core   0: 0x000039e8 (0x0000bfe5) c.j     pc - 8
core   0: 3 0x000039e8 (0xbfe5)
core   0: >>>>  write_tohost
core   0: 0x000039e0 (0x00000f17) auipc   t5, 0x0
core   0: 3 0x000039e0 (0x00000f17) x30 0x000039e0
core   0: 0x000039e4 (0x123f2023) sw      gp, 288(t5)
core   0: 3 0x000039e4 (0x123f2023) mem 0x00003b00 0x00000001
core   0: >>>>  _exit
core   0: 0x000039e8 (0x0000bfe5) c.j     pc - 8
core   0: 3 0x000039e8 (0xbfe5)
core   0: >>>>  write_tohost
core   0: 0x000039e0 (0x00000f17) auipc   t5, 0x0
core   0: 3 0x000039e0 (0x00000f17) x30 0x000039e0
core   0: 0x000039e4 (0x123f2023) sw      gp, 288(t5)
core   0: 3 0x000039e4 (0x123f2023) mem 0x00003b00 0x00000001
core   0: >>>>  _exit
core   0: 0x000039e8 (0x0000bfe5) c.j     pc - 8
core   0: 3 0x000039e8 (0xbfe5)
core   0: >>>>  write_tohost
core   0: 0x000039e0 (0x00000f17) auipc   t5, 0x0
core   0: 3 0x000039e0 (0x00000f17) x30 0x000039e0
core   0: 0x000039e4 (0x123f2023) sw      gp, 288(t5)
core   0: 3 0x000039e4 (0x123f2023) mem 0x00003b00 0x00000001
core   0: >>>>  _exit
core   0: 0x000039e8 (0x0000bfe5) c.j     pc - 8
core   0: 3 0x000039e8 (0xbfe5)
core   0: >>>>  write_tohost
core   0: 0x000039e0 (0x00000f17) auipc   t5, 0x0
core   0: 3 0x000039e0 (0x00000f17) x30 0x000039e0
core   0: 0x000039e4 (0x123f2023) sw      gp, 288(t5)
core   0: 3 0x000039e4 (0x123f2023) mem 0x00003b00 0x00000001
core   0: >>>>  _exit
core   0: 0x000039e8 (0x0000bfe5) c.j     pc - 8
core   0: 3 0x000039e8 (0xbfe5)
core   0: >>>>  write_tohost
core   0: 0x000039e0 (0x00000f17) auipc   t5, 0x0
core   0: 3 0x000039e0 (0x00000f17) x30 0x000039e0
core   0: 0x000039e4 (0x123f2023) sw      gp, 288(t5)
core   0: 3 0x000039e4 (0x123f2023) mem 0x00003b00 0x00000001
core   0: >>>>  _exit
core   0: 0x000039e8 (0x0000bfe5) c.j     pc - 8
core   0: 3 0x000039e8 (0xbfe5)
core   0: >>>>  write_tohost
core   0: 0x000039e0 (0x00000f17) auipc   t5, 0x0
core   0: 3 0x000039e0 (0x00000f17) x30 0x000039e0
core   0: 0x000039e4 (0x123f2023) sw      gp, 288(t5)
core   0: 3 0x000039e4 (0x123f2023) mem 0x00003b00 0x00000001
core   0: >>>>  _exit
core   0: 0x000039e8 (0x0000bfe5) c.j     pc - 8
core   0: 3 0x000039e8 (0xbfe5)
core   0: >>>>  write_tohost
core   0: 0x000039e0 (0x00000f17) auipc   t5, 0x0
core   0: 3 0x000039e0 (0x00000f17) x30 0x000039e0
core   0: 0x000039e4 (0x123f2023) sw      gp, 288(t5)
core   0: 3 0x000039e4 (0x123f2023) mem 0x00003b00 0x00000001
core   0: >>>>  _exit
core   0: 0x000039e8 (0x0000bfe5) c.j     pc - 8
core   0: 3 0x000039e8 (0xbfe5)
core   0: >>>>  write_tohost
core   0: 0x000039e0 (0x00000f17) auipc   t5, 0x0
core   0: 3 0x000039e0 (0x00000f17) x30 0x000039e0
core   0: 0x000039e4 (0x123f2023) sw      gp, 288(t5)
core   0: 3 0x000039e4 (0x123f2023) mem 0x00003b00 0x00000001
core   0: >>>>  _exit
core   0: 0x000039e8 (0x0000bfe5) c.j     pc - 8
core   0: 3 0x000039e8 (0xbfe5)
core   0: >>>>  write_tohost
core   0: 0x000039e0 (0x00000f17) auipc   t5, 0x0
core   0: 3 0x000039e0 (0x00000f17) x30 0x000039e0
core   0: 0x000039e4 (0x123f2023) sw      gp, 288(t5)
core   0: 3 0x000039e4 (0x123f2023) mem 0x00003b00 0x00000001
core   0: >>>>  _exit
core   0: 0x000039e8 (0x0000bfe5) c.j     pc - 8
core   0: 3 0x000039e8 (0xbfe5)
core   0: >>>>  write_tohost
core   0: 0x000039e0 (0x00000f17) auipc   t5, 0x0
core   0: 3 0x000039e0 (0x00000f17) x30 0x000039e0
core   0: 0x000039e4 (0x123f2023) sw      gp, 288(t5)
core   0: 3 0x000039e4 (0x123f2023) mem 0x00003b00 0x00000001
core   0: >>>>  _exit
core   0: 0x000039e8 (0x0000bfe5) c.j     pc - 8
core   0: 3 0x000039e8 (0xbfe5)
core   0: >>>>  write_tohost
core   0: 0x000039e0 (0x00000f17) auipc   t5, 0x0
core   0: 3 0x000039e0 (0x00000f17) x30 0x000039e0
core   0: 0x000039e4 (0x123f2023) sw      gp, 288(t5)
core   0: 3 0x000039e4 (0x123f2023) mem 0x00003b00 0x00000001
core   0: >>>>  _exit
core   0: 0x000039e8 (0x0000bfe5) c.j     pc - 8
core   0: 3 0x000039e8 (0xbfe5)
core   0: >>>>  write_tohost
core   0: 0x000039e0 (0x00000f17) auipc   t5, 0x0
core   0: 3 0x000039e0 (0x00000f17) x30 0x000039e0
core   0: 0x000039e4 (0x123f2023) sw      gp, 288(t5)
core   0: 3 0x000039e4 (0x123f2023) mem 0x00003b00 0x00000001
core   0: >>>>  _exit
core   0: 0x000039e8 (0x0000bfe5) c.j     pc - 8
core   0: 3 0x000039e8 (0xbfe5)
core   0: >>>>  write_tohost
core   0: 0x000039e0 (0x00000f17) auipc   t5, 0x0
core   0: 3 0x000039e0 (0x00000f17) x30 0x000039e0
core   0: 0x000039e4 (0x123f2023) sw      gp, 288(t5)
core   0: 3 0x000039e4 (0x123f2023) mem 0x00003b00 0x00000001
core   0: >>>>  _exit
core   0: 0x000039e8 (0x0000bfe5) c.j     pc - 8
core   0: 3 0x000039e8 (0xbfe5)
core   0: >>>>  write_tohost
core   0: 0x000039e0 (0x00000f17) auipc   t5, 0x0
core   0: 3 0x000039e0 (0x00000f17) x30 0x000039e0
core   0: 0x000039e4 (0x123f2023) sw      gp, 288(t5)
core   0: 3 0x000039e4 (0x123f2023) mem 0x00003b00 0x00000001
core   0: >>>>  _exit
core   0: 0x000039e8 (0x0000bfe5) c.j     pc - 8
core   0: 3 0x000039e8 (0xbfe5)
core   0: >>>>  write_tohost
core   0: 0x000039e0 (0x00000f17) auipc   t5, 0x0
core   0: 3 0x000039e0 (0x00000f17) x30 0x000039e0
core   0: 0x000039e4 (0x123f2023) sw      gp, 288(t5)
core   0: 3 0x000039e4 (0x123f2023) mem 0x00003b00 0x00000001
core   0: >>>>  _exit
core   0: 0x000039e8 (0x0000bfe5) c.j     pc - 8
core   0: 3 0x000039e8 (0xbfe5)
core   0: >>>>  write_tohost
core   0: 0x000039e0 (0x00000f17) auipc   t5, 0x0
core   0: 3 0x000039e0 (0x00000f17) x30 0x000039e0
core   0: 0x000039e4 (0x123f2023) sw      gp, 288(t5)
core   0: 3 0x000039e4 (0x123f2023) mem 0x00003b00 0x00000001
core   0: >>>>  _exit
core   0: 0x000039e8 (0x0000bfe5) c.j     pc - 8
core   0: 3 0x000039e8 (0xbfe5)
core   0: >>>>  write_tohost
core   0: 0x000039e0 (0x00000f17) auipc   t5, 0x0
core   0: 3 0x000039e0 (0x00000f17) x30 0x000039e0
core   0: 0x000039e4 (0x123f2023) sw      gp, 288(t5)
core   0: 3 0x000039e4 (0x123f2023) mem 0x00003b00 0x00000001
core   0: >>>>  _exit
core   0: 0x000039e8 (0x0000bfe5) c.j     pc - 8
core   0: 3 0x000039e8 (0xbfe5)
core   0: >>>>  write_tohost
core   0: 0x000039e0 (0x00000f17) auipc   t5, 0x0
core   0: 3 0x000039e0 (0x00000f17) x30 0x000039e0
core   0: 0x000039e4 (0x123f2023) sw      gp, 288(t5)
core   0: 3 0x000039e4 (0x123f2023) mem 0x00003b00 0x00000001
core   0: >>>>  _exit
core   0: 0x000039e8 (0x0000bfe5) c.j     pc - 8
core   0: 3 0x000039e8 (0xbfe5)
core   0: >>>>  write_tohost
core   0: 0x000039e0 (0x00000f17) auipc   t5, 0x0
core   0: 3 0x000039e0 (0x00000f17) x30 0x000039e0
core   0: 0x000039e4 (0x123f2023) sw      gp, 288(t5)
core   0: 3 0x000039e4 (0x123f2023) mem 0x00003b00 0x00000001
core   0: >>>>  _exit
core   0: 0x000039e8 (0x0000bfe5) c.j     pc - 8
core   0: 3 0x000039e8 (0xbfe5)
core   0: >>>>  write_tohost
core   0: 0x000039e0 (0x00000f17) auipc   t5, 0x0
core   0: 3 0x000039e0 (0x00000f17) x30 0x000039e0
core   0: 0x000039e4 (0x123f2023) sw      gp, 288(t5)
core   0: 3 0x000039e4 (0x123f2023) mem 0x00003b00 0x00000001
core   0: >>>>  _exit
core   0: 0x000039e8 (0x0000bfe5) c.j     pc - 8
core   0: 3 0x000039e8 (0xbfe5)
core   0: >>>>  write_tohost
core   0: 0x000039e0 (0x00000f17) auipc   t5, 0x0
core   0: 3 0x000039e0 (0x00000f17) x30 0x000039e0
core   0: 0x000039e4 (0x123f2023) sw      gp, 288(t5)
core   0: 3 0x000039e4 (0x123f2023) mem 0x00003b00 0x00000001
core   0: >>>>  _exit
core   0: 0x000039e8 (0x0000bfe5) c.j     pc - 8
core   0: 3 0x000039e8 (0xbfe5)
core   0: >>>>  write_tohost
core   0: 0x000039e0 (0x00000f17) auipc   t5, 0x0
core   0: 3 0x000039e0 (0x00000f17) x30 0x000039e0
core   0: 0x000039e4 (0x123f2023) sw      gp, 288(t5)
core   0: 3 0x000039e4 (0x123f2023) mem 0x00003b00 0x00000001
core   0: >>>>  _exit
core   0: 0x000039e8 (0x0000bfe5) c.j     pc - 8
core   0: 3 0x000039e8 (0xbfe5)
core   0: >>>>  write_tohost
core   0: 0x000039e0 (0x00000f17) auipc   t5, 0x0
core   0: 3 0x000039e0 (0x00000f17) x30 0x000039e0
core   0: 0x000039e4 (0x123f2023) sw      gp, 288(t5)
core   0: 3 0x000039e4 (0x123f2023) mem 0x00003b00 0x00000001
core   0: >>>>  _exit
core   0: 0x000039e8 (0x0000bfe5) c.j     pc - 8
core   0: 3 0x000039e8 (0xbfe5)
core   0: >>>>  write_tohost
core   0: 0x000039e0 (0x00000f17) auipc   t5, 0x0
core   0: 3 0x000039e0 (0x00000f17) x30 0x000039e0
core   0: 0x000039e4 (0x123f2023) sw      gp, 288(t5)
core   0: 3 0x000039e4 (0x123f2023) mem 0x00003b00 0x00000001
core   0: >>>>  _exit
core   0: 0x000039e8 (0x0000bfe5) c.j     pc - 8
core   0: 3 0x000039e8 (0xbfe5)
core   0: >>>>  write_tohost
core   0: 0x000039e0 (0x00000f17) auipc   t5, 0x0
core   0: 3 0x000039e0 (0x00000f17) x30 0x000039e0
core   0: 0x000039e4 (0x123f2023) sw      gp, 288(t5)
core   0: 3 0x000039e4 (0x123f2023) mem 0x00003b00 0x00000001
core   0: >>>>  _exit
core   0: 0x000039e8 (0x0000bfe5) c.j     pc - 8
core   0: 3 0x000039e8 (0xbfe5)
core   0: >>>>  write_tohost
core   0: 0x000039e0 (0x00000f17) auipc   t5, 0x0
core   0: 3 0x000039e0 (0x00000f17) x30 0x000039e0
core   0: 0x000039e4 (0x123f2023) sw      gp, 288(t5)
core   0: 3 0x000039e4 (0x123f2023) mem 0x00003b00 0x00000001
core   0: >>>>  _exit
core   0: 0x000039e8 (0x0000bfe5) c.j     pc - 8
core   0: 3 0x000039e8 (0xbfe5)
core   0: >>>>  write_tohost
core   0: 0x000039e0 (0x00000f17) auipc   t5, 0x0
core   0: 3 0x000039e0 (0x00000f17) x30 0x000039e0
core   0: 0x000039e4 (0x123f2023) sw      gp, 288(t5)
core   0: 3 0x000039e4 (0x123f2023) mem 0x00003b00 0x00000001
core   0: >>>>  _exit
core   0: 0x000039e8 (0x0000bfe5) c.j     pc - 8
core   0: 3 0x000039e8 (0xbfe5)
core   0: >>>>  write_tohost
core   0: 0x000039e0 (0x00000f17) auipc   t5, 0x0
core   0: 3 0x000039e0 (0x00000f17) x30 0x000039e0
core   0: 0x000039e4 (0x123f2023) sw      gp, 288(t5)
core   0: 3 0x000039e4 (0x123f2023) mem 0x00003b00 0x00000001
core   0: >>>>  _exit
core   0: 0x000039e8 (0x0000bfe5) c.j     pc - 8
core   0: 3 0x000039e8 (0xbfe5)
core   0: >>>>  write_tohost
core   0: 0x000039e0 (0x00000f17) auipc   t5, 0x0
core   0: 3 0x000039e0 (0x00000f17) x30 0x000039e0
core   0: 0x000039e4 (0x123f2023) sw      gp, 288(t5)
core   0: 3 0x000039e4 (0x123f2023) mem 0x00003b00 0x00000001
core   0: >>>>  _exit
core   0: 0x000039e8 (0x0000bfe5) c.j     pc - 8
core   0: 3 0x000039e8 (0xbfe5)
core   0: >>>>  write_tohost
core   0: 0x000039e0 (0x00000f17) auipc   t5, 0x0
core   0: 3 0x000039e0 (0x00000f17) x30 0x000039e0
core   0: 0x000039e4 (0x123f2023) sw      gp, 288(t5)
core   0: 3 0x000039e4 (0x123f2023) mem 0x00003b00 0x00000001
core   0: >>>>  _exit
core   0: 0x000039e8 (0x0000bfe5) c.j     pc - 8
core   0: 3 0x000039e8 (0xbfe5)
core   0: >>>>  write_tohost
core   0: 0x000039e0 (0x00000f17) auipc   t5, 0x0
core   0: 3 0x000039e0 (0x00000f17) x30 0x000039e0
core   0: 0x000039e4 (0x123f2023) sw      gp, 288(t5)
core   0: 3 0x000039e4 (0x123f2023) mem 0x00003b00 0x00000001
core   0: >>>>  _exit
core   0: 0x000039e8 (0x0000bfe5) c.j     pc - 8
core   0: 3 0x000039e8 (0xbfe5)
core   0: >>>>  write_tohost
core   0: 0x000039e0 (0x00000f17) auipc   t5, 0x0
core   0: 3 0x000039e0 (0x00000f17) x30 0x000039e0
core   0: 0x000039e4 (0x123f2023) sw      gp, 288(t5)
core   0: 3 0x000039e4 (0x123f2023) mem 0x00003b00 0x00000001
core   0: >>>>  _exit
core   0: 0x000039e8 (0x0000bfe5) c.j     pc - 8
core   0: 3 0x000039e8 (0xbfe5)
core   0: >>>>  write_tohost
core   0: 0x000039e0 (0x00000f17) auipc   t5, 0x0
core   0: 3 0x000039e0 (0x00000f17) x30 0x000039e0
core   0: 0x000039e4 (0x123f2023) sw      gp, 288(t5)
core   0: 3 0x000039e4 (0x123f2023) mem 0x00003b00 0x00000001
core   0: >>>>  _exit
core   0: 0x000039e8 (0x0000bfe5) c.j     pc - 8
core   0: 3 0x000039e8 (0xbfe5)
core   0: >>>>  write_tohost
core   0: 0x000039e0 (0x00000f17) auipc   t5, 0x0
core   0: 3 0x000039e0 (0x00000f17) x30 0x000039e0
core   0: 0x000039e4 (0x123f2023) sw      gp, 288(t5)
core   0: 3 0x000039e4 (0x123f2023) mem 0x00003b00 0x00000001
core   0: >>>>  _exit
core   0: 0x000039e8 (0x0000bfe5) c.j     pc - 8
core   0: 3 0x000039e8 (0xbfe5)
core   0: >>>>  write_tohost
core   0: 0x000039e0 (0x00000f17) auipc   t5, 0x0
core   0: 3 0x000039e0 (0x00000f17) x30 0x000039e0
core   0: 0x000039e4 (0x123f2023) sw      gp, 288(t5)
core   0: 3 0x000039e4 (0x123f2023) mem 0x00003b00 0x00000001
core   0: >>>>  _exit
core   0: 0x000039e8 (0x0000bfe5) c.j     pc - 8
core   0: 3 0x000039e8 (0xbfe5)
core   0: >>>>  write_tohost
core   0: 0x000039e0 (0x00000f17) auipc   t5, 0x0
core   0: 3 0x000039e0 (0x00000f17) x30 0x000039e0
core   0: 0x000039e4 (0x123f2023) sw      gp, 288(t5)
core   0: 3 0x000039e4 (0x123f2023) mem 0x00003b00 0x00000001
core   0: >>>>  _exit
core   0: 0x000039e8 (0x0000bfe5) c.j     pc - 8
core   0: 3 0x000039e8 (0xbfe5)
core   0: >>>>  write_tohost
core   0: 0x000039e0 (0x00000f17) auipc   t5, 0x0
core   0: 3 0x000039e0 (0x00000f17) x30 0x000039e0
core   0: 0x000039e4 (0x123f2023) sw      gp, 288(t5)
core   0: 3 0x000039e4 (0x123f2023) mem 0x00003b00 0x00000001
core   0: >>>>  _exit
core   0: 0x000039e8 (0x0000bfe5) c.j     pc - 8
core   0: 3 0x000039e8 (0xbfe5)
core   0: >>>>  write_tohost
core   0: 0x000039e0 (0x00000f17) auipc   t5, 0x0
core   0: 3 0x000039e0 (0x00000f17) x30 0x000039e0
core   0: 0x000039e4 (0x123f2023) sw      gp, 288(t5)
core   0: 3 0x000039e4 (0x123f2023) mem 0x00003b00 0x00000001
core   0: >>>>  _exit
core   0: 0x000039e8 (0x0000bfe5) c.j     pc - 8
core   0: 3 0x000039e8 (0xbfe5)
core   0: >>>>  write_tohost
core   0: 0x000039e0 (0x00000f17) auipc   t5, 0x0
core   0: 3 0x000039e0 (0x00000f17) x30 0x000039e0
core   0: 0x000039e4 (0x123f2023) sw      gp, 288(t5)
core   0: 3 0x000039e4 (0x123f2023) mem 0x00003b00 0x00000001
core   0: >>>>  _exit
core   0: 0x000039e8 (0x0000bfe5) c.j     pc - 8
core   0: 3 0x000039e8 (0xbfe5)
core   0: >>>>  write_tohost
core   0: 0x000039e0 (0x00000f17) auipc   t5, 0x0
core   0: 3 0x000039e0 (0x00000f17) x30 0x000039e0
core   0: 0x000039e4 (0x123f2023) sw      gp, 288(t5)
core   0: 3 0x000039e4 (0x123f2023) mem 0x00003b00 0x00000001
core   0: >>>>  _exit
core   0: 0x000039e8 (0x0000bfe5) c.j     pc - 8
core   0: 3 0x000039e8 (0xbfe5)
core   0: >>>>  write_tohost
core   0: 0x000039e0 (0x00000f17) auipc   t5, 0x0
core   0: 3 0x000039e0 (0x00000f17) x30 0x000039e0
core   0: 0x000039e4 (0x123f2023) sw      gp, 288(t5)
core   0: 3 0x000039e4 (0x123f2023) mem 0x00003b00 0x00000001
core   0: >>>>  _exit
core   0: 0x000039e8 (0x0000bfe5) c.j     pc - 8
core   0: 3 0x000039e8 (0xbfe5)
core   0: >>>>  write_tohost
core   0: 0x000039e0 (0x00000f17) auipc   t5, 0x0
core   0: 3 0x000039e0 (0x00000f17) x30 0x000039e0
core   0: 0x000039e4 (0x123f2023) sw      gp, 288(t5)
core   0: 3 0x000039e4 (0x123f2023) mem 0x00003b00 0x00000001
core   0: >>>>  _exit
core   0: 0x000039e8 (0x0000bfe5) c.j     pc - 8
core   0: 3 0x000039e8 (0xbfe5)
core   0: >>>>  write_tohost
core   0: 0x000039e0 (0x00000f17) auipc   t5, 0x0
core   0: 3 0x000039e0 (0x00000f17) x30 0x000039e0
core   0: 0x000039e4 (0x123f2023) sw      gp, 288(t5)
core   0: 3 0x000039e4 (0x123f2023) mem 0x00003b00 0x00000001
core   0: >>>>  _exit
core   0: 0x000039e8 (0x0000bfe5) c.j     pc - 8
core   0: 3 0x000039e8 (0xbfe5)
core   0: >>>>  write_tohost
core   0: 0x000039e0 (0x00000f17) auipc   t5, 0x0
core   0: 3 0x000039e0 (0x00000f17) x30 0x000039e0
core   0: 0x000039e4 (0x123f2023) sw      gp, 288(t5)
core   0: 3 0x000039e4 (0x123f2023) mem 0x00003b00 0x00000001
core   0: >>>>  _exit
core   0: 0x000039e8 (0x0000bfe5) c.j     pc - 8
core   0: 3 0x000039e8 (0xbfe5)
core   0: >>>>  write_tohost
core   0: 0x000039e0 (0x00000f17) auipc   t5, 0x0
core   0: 3 0x000039e0 (0x00000f17) x30 0x000039e0
core   0: 0x000039e4 (0x123f2023) sw      gp, 288(t5)
core   0: 3 0x000039e4 (0x123f2023) mem 0x00003b00 0x00000001
core   0: >>>>  _exit
core   0: 0x000039e8 (0x0000bfe5) c.j     pc - 8
core   0: 3 0x000039e8 (0xbfe5)
core   0: >>>>  write_tohost
core   0: 0x000039e0 (0x00000f17) auipc   t5, 0x0
core   0: 3 0x000039e0 (0x00000f17) x30 0x000039e0
core   0: 0x000039e4 (0x123f2023) sw      gp, 288(t5)
core   0: 3 0x000039e4 (0x123f2023) mem 0x00003b00 0x00000001
core   0: >>>>  _exit
core   0: 0x000039e8 (0x0000bfe5) c.j     pc - 8
core   0: 3 0x000039e8 (0xbfe5)
core   0: >>>>  write_tohost
core   0: 0x000039e0 (0x00000f17) auipc   t5, 0x0
core   0: 3 0x000039e0 (0x00000f17) x30 0x000039e0
core   0: 0x000039e4 (0x123f2023) sw      gp, 288(t5)
core   0: 3 0x000039e4 (0x123f2023) mem 0x00003b00 0x00000001
core   0: >>>>  _exit
core   0: 0x000039e8 (0x0000bfe5) c.j     pc - 8
core   0: 3 0x000039e8 (0xbfe5)
core   0: >>>>  write_tohost
core   0: 0x000039e0 (0x00000f17) auipc   t5, 0x0
core   0: 3 0x000039e0 (0x00000f17) x30 0x000039e0
core   0: 0x000039e4 (0x123f2023) sw      gp, 288(t5)
core   0: 3 0x000039e4 (0x123f2023) mem 0x00003b00 0x00000001
core   0: >>>>  _exit
core   0: 0x000039e8 (0x0000bfe5) c.j     pc - 8
core   0: 3 0x000039e8 (0xbfe5)
core   0: >>>>  write_tohost
core   0: 0x000039e0 (0x00000f17) auipc   t5, 0x0
core   0: 3 0x000039e0 (0x00000f17) x30 0x000039e0
core   0: 0x000039e4 (0x123f2023) sw      gp, 288(t5)
core   0: 3 0x000039e4 (0x123f2023) mem 0x00003b00 0x00000001
core   0: >>>>  _exit
core   0: 0x000039e8 (0x0000bfe5) c.j     pc - 8
core   0: 3 0x000039e8 (0xbfe5)
core   0: >>>>  write_tohost
core   0: 0x000039e0 (0x00000f17) auipc   t5, 0x0
core   0: 3 0x000039e0 (0x00000f17) x30 0x000039e0
core   0: 0x000039e4 (0x123f2023) sw      gp, 288(t5)
core   0: 3 0x000039e4 (0x123f2023) mem 0x00003b00 0x00000001
core   0: >>>>  _exit
core   0: 0x000039e8 (0x0000bfe5) c.j     pc - 8
core   0: 3 0x000039e8 (0xbfe5)
core   0: >>>>  write_tohost
core   0: 0x000039e0 (0x00000f17) auipc   t5, 0x0
core   0: 3 0x000039e0 (0x00000f17) x30 0x000039e0
core   0: 0x000039e4 (0x123f2023) sw      gp, 288(t5)
core   0: 3 0x000039e4 (0x123f2023) mem 0x00003b00 0x00000001
core   0: >>>>  _exit
core   0: 0x000039e8 (0x0000bfe5) c.j     pc - 8
core   0: 3 0x000039e8 (0xbfe5)
core   0: >>>>  write_tohost
core   0: 0x000039e0 (0x00000f17) auipc   t5, 0x0
core   0: 3 0x000039e0 (0x00000f17) x30 0x000039e0
core   0: 0x000039e4 (0x123f2023) sw      gp, 288(t5)
core   0: 3 0x000039e4 (0x123f2023) mem 0x00003b00 0x00000001
core   0: >>>>  _exit
core   0: 0x000039e8 (0x0000bfe5) c.j     pc - 8
core   0: 3 0x000039e8 (0xbfe5)
core   0: >>>>  write_tohost
core   0: 0x000039e0 (0x00000f17) auipc   t5, 0x0
core   0: 3 0x000039e0 (0x00000f17) x30 0x000039e0
core   0: 0x000039e4 (0x123f2023) sw      gp, 288(t5)
core   0: 3 0x000039e4 (0x123f2023) mem 0x00003b00 0x00000001
core   0: >>>>  _exit
core   0: 0x000039e8 (0x0000bfe5) c.j     pc - 8
core   0: 3 0x000039e8 (0xbfe5)
core   0: >>>>  write_tohost
core   0: 0x000039e0 (0x00000f17) auipc   t5, 0x0
core   0: 3 0x000039e0 (0x00000f17) x30 0x000039e0
core   0: 0x000039e4 (0x123f2023) sw      gp, 288(t5)
core   0: 3 0x000039e4 (0x123f2023) mem 0x00003b00 0x00000001
core   0: >>>>  _exit
core   0: 0x000039e8 (0x0000bfe5) c.j     pc - 8
core   0: 3 0x000039e8 (0xbfe5)
core   0: >>>>  write_tohost
core   0: 0x000039e0 (0x00000f17) auipc   t5, 0x0
core   0: 3 0x000039e0 (0x00000f17) x30 0x000039e0
core   0: 0x000039e4 (0x123f2023) sw      gp, 288(t5)
core   0: 3 0x000039e4 (0x123f2023) mem 0x00003b00 0x00000001
core   0: >>>>  _exit
core   0: 0x000039e8 (0x0000bfe5) c.j     pc - 8
core   0: 3 0x000039e8 (0xbfe5)
core   0: >>>>  write_tohost
core   0: 0x000039e0 (0x00000f17) auipc   t5, 0x0
core   0: 3 0x000039e0 (0x00000f17) x30 0x000039e0
core   0: 0x000039e4 (0x123f2023) sw      gp, 288(t5)
core   0: 3 0x000039e4 (0x123f2023) mem 0x00003b00 0x00000001
core   0: >>>>  _exit
core   0: 0x000039e8 (0x0000bfe5) c.j     pc - 8
core   0: 3 0x000039e8 (0xbfe5)
core   0: >>>>  write_tohost
core   0: 0x000039e0 (0x00000f17) auipc   t5, 0x0
core   0: 3 0x000039e0 (0x00000f17) x30 0x000039e0
core   0: 0x000039e4 (0x123f2023) sw      gp, 288(t5)
core   0: 3 0x000039e4 (0x123f2023) mem 0x00003b00 0x00000001
core   0: >>>>  _exit
core   0: 0x000039e8 (0x0000bfe5) c.j     pc - 8
core   0: 3 0x000039e8 (0xbfe5)
core   0: >>>>  write_tohost
core   0: 0x000039e0 (0x00000f17) auipc   t5, 0x0
core   0: 3 0x000039e0 (0x00000f17) x30 0x000039e0
core   0: 0x000039e4 (0x123f2023) sw      gp, 288(t5)
core   0: 3 0x000039e4 (0x123f2023) mem 0x00003b00 0x00000001
core   0: >>>>  _exit
core   0: 0x000039e8 (0x0000bfe5) c.j     pc - 8
core   0: 3 0x000039e8 (0xbfe5)
core   0: >>>>  write_tohost
core   0: 0x000039e0 (0x00000f17) auipc   t5, 0x0
core   0: 3 0x000039e0 (0x00000f17) x30 0x000039e0
core   0: 0x000039e4 (0x123f2023) sw      gp, 288(t5)
core   0: 3 0x000039e4 (0x123f2023) mem 0x00003b00 0x00000001
core   0: >>>>  _exit
core   0: 0x000039e8 (0x0000bfe5) c.j     pc - 8
core   0: 3 0x000039e8 (0xbfe5)
core   0: >>>>  write_tohost
core   0: 0x000039e0 (0x00000f17) auipc   t5, 0x0
core   0: 3 0x000039e0 (0x00000f17) x30 0x000039e0
core   0: 0x000039e4 (0x123f2023) sw      gp, 288(t5)
core   0: 3 0x000039e4 (0x123f2023) mem 0x00003b00 0x00000001
core   0: >>>>  _exit
core   0: 0x000039e8 (0x0000bfe5) c.j     pc - 8
core   0: 3 0x000039e8 (0xbfe5)
core   0: >>>>  write_tohost
core   0: 0x000039e0 (0x00000f17) auipc   t5, 0x0
core   0: 3 0x000039e0 (0x00000f17) x30 0x000039e0
core   0: 0x000039e4 (0x123f2023) sw      gp, 288(t5)
core   0: 3 0x000039e4 (0x123f2023) mem 0x00003b00 0x00000001
core   0: >>>>  _exit
core   0: 0x000039e8 (0x0000bfe5) c.j     pc - 8
core   0: 3 0x000039e8 (0xbfe5)
core   0: >>>>  write_tohost
core   0: 0x000039e0 (0x00000f17) auipc   t5, 0x0
core   0: 3 0x000039e0 (0x00000f17) x30 0x000039e0
core   0: 0x000039e4 (0x123f2023) sw      gp, 288(t5)
core   0: 3 0x000039e4 (0x123f2023) mem 0x00003b00 0x00000001
core   0: >>>>  _exit
core   0: 0x000039e8 (0x0000bfe5) c.j     pc - 8
core   0: 3 0x000039e8 (0xbfe5)
core   0: >>>>  write_tohost
core   0: 0x000039e0 (0x00000f17) auipc   t5, 0x0
core   0: 3 0x000039e0 (0x00000f17) x30 0x000039e0
core   0: 0x000039e4 (0x123f2023) sw      gp, 288(t5)
core   0: 3 0x000039e4 (0x123f2023) mem 0x00003b00 0x00000001
core   0: >>>>  _exit
core   0: 0x000039e8 (0x0000bfe5) c.j     pc - 8
core   0: 3 0x000039e8 (0xbfe5)
core   0: >>>>  write_tohost
core   0: 0x000039e0 (0x00000f17) auipc   t5, 0x0
core   0: 3 0x000039e0 (0x00000f17) x30 0x000039e0
core   0: 0x000039e4 (0x123f2023) sw      gp, 288(t5)
core   0: 3 0x000039e4 (0x123f2023) mem 0x00003b00 0x00000001
core   0: >>>>  _exit
core   0: 0x000039e8 (0x0000bfe5) c.j     pc - 8
core   0: 3 0x000039e8 (0xbfe5)
core   0: >>>>  write_tohost
core   0: 0x000039e0 (0x00000f17) auipc   t5, 0x0
core   0: 3 0x000039e0 (0x00000f17) x30 0x000039e0
core   0: 0x000039e4 (0x123f2023) sw      gp, 288(t5)
core   0: 3 0x000039e4 (0x123f2023) mem 0x00003b00 0x00000001
core   0: >>>>  _exit
core   0: 0x000039e8 (0x0000bfe5) c.j     pc - 8
core   0: 3 0x000039e8 (0xbfe5)
core   0: >>>>  write_tohost
core   0: 0x000039e0 (0x00000f17) auipc   t5, 0x0
core   0: 3 0x000039e0 (0x00000f17) x30 0x000039e0
core   0: 0x000039e4 (0x123f2023) sw      gp, 288(t5)
core   0: 3 0x000039e4 (0x123f2023) mem 0x00003b00 0x00000001
core   0: >>>>  _exit
core   0: 0x000039e8 (0x0000bfe5) c.j     pc - 8
core   0: 3 0x000039e8 (0xbfe5)
core   0: >>>>  write_tohost
core   0: 0x000039e0 (0x00000f17) auipc   t5, 0x0
core   0: 3 0x000039e0 (0x00000f17) x30 0x000039e0
core   0: 0x000039e4 (0x123f2023) sw      gp, 288(t5)
core   0: 3 0x000039e4 (0x123f2023) mem 0x00003b00 0x00000001
core   0: >>>>  _exit
core   0: 0x000039e8 (0x0000bfe5) c.j     pc - 8
core   0: 3 0x000039e8 (0xbfe5)
core   0: >>>>  write_tohost
core   0: 0x000039e0 (0x00000f17) auipc   t5, 0x0
core   0: 3 0x000039e0 (0x00000f17) x30 0x000039e0
core   0: 0x000039e4 (0x123f2023) sw      gp, 288(t5)
core   0: 3 0x000039e4 (0x123f2023) mem 0x00003b00 0x00000001
core   0: >>>>  _exit
core   0: 0x000039e8 (0x0000bfe5) c.j     pc - 8
core   0: 3 0x000039e8 (0xbfe5)
core   0: >>>>  write_tohost
core   0: 0x000039e0 (0x00000f17) auipc   t5, 0x0
core   0: 3 0x000039e0 (0x00000f17) x30 0x000039e0
core   0: 0x000039e4 (0x123f2023) sw      gp, 288(t5)
core   0: 3 0x000039e4 (0x123f2023) mem 0x00003b00 0x00000001
core   0: >>>>  _exit
core   0: 0x000039e8 (0x0000bfe5) c.j     pc - 8
core   0: 3 0x000039e8 (0xbfe5)
core   0: >>>>  write_tohost
core   0: 0x000039e0 (0x00000f17) auipc   t5, 0x0
core   0: 3 0x000039e0 (0x00000f17) x30 0x000039e0
core   0: 0x000039e4 (0x123f2023) sw      gp, 288(t5)
core   0: 3 0x000039e4 (0x123f2023) mem 0x00003b00 0x00000001
core   0: >>>>  _exit
core   0: 0x000039e8 (0x0000bfe5) c.j     pc - 8
core   0: 3 0x000039e8 (0xbfe5)
core   0: >>>>  write_tohost
core   0: 0x000039e0 (0x00000f17) auipc   t5, 0x0
core   0: 3 0x000039e0 (0x00000f17) x30 0x000039e0
core   0: 0x000039e4 (0x123f2023) sw      gp, 288(t5)
core   0: 3 0x000039e4 (0x123f2023) mem 0x00003b00 0x00000001
core   0: >>>>  _exit
core   0: 0x000039e8 (0x0000bfe5) c.j     pc - 8
core   0: 3 0x000039e8 (0xbfe5)
core   0: >>>>  write_tohost
core   0: 0x000039e0 (0x00000f17) auipc   t5, 0x0
core   0: 3 0x000039e0 (0x00000f17) x30 0x000039e0
core   0: 0x000039e4 (0x123f2023) sw      gp, 288(t5)
core   0: 3 0x000039e4 (0x123f2023) mem 0x00003b00 0x00000001
core   0: >>>>  _exit
core   0: 0x000039e8 (0x0000bfe5) c.j     pc - 8
core   0: 3 0x000039e8 (0xbfe5)
core   0: >>>>  write_tohost
core   0: 0x000039e0 (0x00000f17) auipc   t5, 0x0
core   0: 3 0x000039e0 (0x00000f17) x30 0x000039e0
core   0: 0x000039e4 (0x123f2023) sw      gp, 288(t5)
core   0: 3 0x000039e4 (0x123f2023) mem 0x00003b00 0x00000001
core   0: >>>>  _exit
core   0: 0x000039e8 (0x0000bfe5) c.j     pc - 8
core   0: 3 0x000039e8 (0xbfe5)
core   0: >>>>  write_tohost
core   0: 0x000039e0 (0x00000f17) auipc   t5, 0x0
core   0: 3 0x000039e0 (0x00000f17) x30 0x000039e0
core   0: 0x000039e4 (0x123f2023) sw      gp, 288(t5)
core   0: 3 0x000039e4 (0x123f2023) mem 0x00003b00 0x00000001
core   0: >>>>  _exit
core   0: 0x000039e8 (0x0000bfe5) c.j     pc - 8
core   0: 3 0x000039e8 (0xbfe5)
core   0: >>>>  write_tohost
core   0: 0x000039e0 (0x00000f17) auipc   t5, 0x0
core   0: 3 0x000039e0 (0x00000f17) x30 0x000039e0
core   0: 0x000039e4 (0x123f2023) sw      gp, 288(t5)
core   0: 3 0x000039e4 (0x123f2023) mem 0x00003b00 0x00000001
core   0: >>>>  _exit
core   0: 0x000039e8 (0x0000bfe5) c.j     pc - 8
core   0: 3 0x000039e8 (0xbfe5)
core   0: >>>>  write_tohost
core   0: 0x000039e0 (0x00000f17) auipc   t5, 0x0
core   0: 3 0x000039e0 (0x00000f17) x30 0x000039e0
core   0: 0x000039e4 (0x123f2023) sw      gp, 288(t5)
core   0: 3 0x000039e4 (0x123f2023) mem 0x00003b00 0x00000001
core   0: >>>>  _exit
core   0: 0x000039e8 (0x0000bfe5) c.j     pc - 8
core   0: 3 0x000039e8 (0xbfe5)
core   0: >>>>  write_tohost
core   0: 0x000039e0 (0x00000f17) auipc   t5, 0x0
core   0: 3 0x000039e0 (0x00000f17) x30 0x000039e0
core   0: 0x000039e4 (0x123f2023) sw      gp, 288(t5)
core   0: 3 0x000039e4 (0x123f2023) mem 0x00003b00 0x00000001
core   0: >>>>  _exit
core   0: 0x000039e8 (0x0000bfe5) c.j     pc - 8
core   0: 3 0x000039e8 (0xbfe5)
core   0: >>>>  write_tohost
core   0: 0x000039e0 (0x00000f17) auipc   t5, 0x0
core   0: 3 0x000039e0 (0x00000f17) x30 0x000039e0
core   0: 0x000039e4 (0x123f2023) sw      gp, 288(t5)
core   0: 3 0x000039e4 (0x123f2023) mem 0x00003b00 0x00000001
core   0: >>>>  _exit
core   0: 0x000039e8 (0x0000bfe5) c.j     pc - 8
core   0: 3 0x000039e8 (0xbfe5)
core   0: >>>>  write_tohost
core   0: 0x000039e0 (0x00000f17) auipc   t5, 0x0
core   0: 3 0x000039e0 (0x00000f17) x30 0x000039e0
core   0: 0x000039e4 (0x123f2023) sw      gp, 288(t5)
core   0: 3 0x000039e4 (0x123f2023) mem 0x00003b00 0x00000001
core   0: >>>>  _exit
core   0: 0x000039e8 (0x0000bfe5) c.j     pc - 8
core   0: 3 0x000039e8 (0xbfe5)
core   0: >>>>  write_tohost
core   0: 0x000039e0 (0x00000f17) auipc   t5, 0x0
core   0: 3 0x000039e0 (0x00000f17) x30 0x000039e0
core   0: 0x000039e4 (0x123f2023) sw      gp, 288(t5)
core   0: 3 0x000039e4 (0x123f2023) mem 0x00003b00 0x00000001
core   0: >>>>  _exit
core   0: 0x000039e8 (0x0000bfe5) c.j     pc - 8
core   0: 3 0x000039e8 (0xbfe5)
core   0: >>>>  write_tohost
core   0: 0x000039e0 (0x00000f17) auipc   t5, 0x0
core   0: 3 0x000039e0 (0x00000f17) x30 0x000039e0
core   0: 0x000039e4 (0x123f2023) sw      gp, 288(t5)
core   0: 3 0x000039e4 (0x123f2023) mem 0x00003b00 0x00000001
core   0: >>>>  _exit
core   0: 0x000039e8 (0x0000bfe5) c.j     pc - 8
core   0: 3 0x000039e8 (0xbfe5)
core   0: >>>>  write_tohost
core   0: 0x000039e0 (0x00000f17) auipc   t5, 0x0
core   0: 3 0x000039e0 (0x00000f17) x30 0x000039e0
core   0: 0x000039e4 (0x123f2023) sw      gp, 288(t5)
core   0: 3 0x000039e4 (0x123f2023) mem 0x00003b00 0x00000001
core   0: >>>>  _exit
core   0: 0x000039e8 (0x0000bfe5) c.j     pc - 8
core   0: 3 0x000039e8 (0xbfe5)
core   0: >>>>  write_tohost
core   0: 0x000039e0 (0x00000f17) auipc   t5, 0x0
core   0: 3 0x000039e0 (0x00000f17) x30 0x000039e0
core   0: 0x000039e4 (0x123f2023) sw      gp, 288(t5)
core   0: 3 0x000039e4 (0x123f2023) mem 0x00003b00 0x00000001
core   0: >>>>  _exit
core   0: 0x000039e8 (0x0000bfe5) c.j     pc - 8
core   0: 3 0x000039e8 (0xbfe5)
core   0: >>>>  write_tohost
core   0: 0x000039e0 (0x00000f17) auipc   t5, 0x0
core   0: 3 0x000039e0 (0x00000f17) x30 0x000039e0
core   0: 0x000039e4 (0x123f2023) sw      gp, 288(t5)
core   0: 3 0x000039e4 (0x123f2023) mem 0x00003b00 0x00000001
core   0: >>>>  _exit
core   0: 0x000039e8 (0x0000bfe5) c.j     pc - 8
core   0: 3 0x000039e8 (0xbfe5)
core   0: >>>>  write_tohost
core   0: 0x000039e0 (0x00000f17) auipc   t5, 0x0
core   0: 3 0x000039e0 (0x00000f17) x30 0x000039e0
core   0: 0x000039e4 (0x123f2023) sw      gp, 288(t5)
core   0: 3 0x000039e4 (0x123f2023) mem 0x00003b00 0x00000001
core   0: >>>>  _exit
core   0: 0x000039e8 (0x0000bfe5) c.j     pc - 8
core   0: 3 0x000039e8 (0xbfe5)
core   0: >>>>  write_tohost
core   0: 0x000039e0 (0x00000f17) auipc   t5, 0x0
core   0: 3 0x000039e0 (0x00000f17) x30 0x000039e0
core   0: 0x000039e4 (0x123f2023) sw      gp, 288(t5)
core   0: 3 0x000039e4 (0x123f2023) mem 0x00003b00 0x00000001
core   0: >>>>  _exit
core   0: 0x000039e8 (0x0000bfe5) c.j     pc - 8
core   0: 3 0x000039e8 (0xbfe5)
core   0: >>>>  write_tohost
core   0: 0x000039e0 (0x00000f17) auipc   t5, 0x0
core   0: 3 0x000039e0 (0x00000f17) x30 0x000039e0
core   0: 0x000039e4 (0x123f2023) sw      gp, 288(t5)
core   0: 3 0x000039e4 (0x123f2023) mem 0x00003b00 0x00000001
core   0: >>>>  _exit
core   0: 0x000039e8 (0x0000bfe5) c.j     pc - 8
core   0: 3 0x000039e8 (0xbfe5)
core   0: >>>>  write_tohost
core   0: 0x000039e0 (0x00000f17) auipc   t5, 0x0
core   0: 3 0x000039e0 (0x00000f17) x30 0x000039e0
core   0: 0x000039e4 (0x123f2023) sw      gp, 288(t5)
core   0: 3 0x000039e4 (0x123f2023) mem 0x00003b00 0x00000001
core   0: >>>>  _exit
core   0: 0x000039e8 (0x0000bfe5) c.j     pc - 8
core   0: 3 0x000039e8 (0xbfe5)
core   0: >>>>  write_tohost
core   0: 0x000039e0 (0x00000f17) auipc   t5, 0x0
core   0: 3 0x000039e0 (0x00000f17) x30 0x000039e0
core   0: 0x000039e4 (0x123f2023) sw      gp, 288(t5)
core   0: 3 0x000039e4 (0x123f2023) mem 0x00003b00 0x00000001
core   0: >>>>  _exit
core   0: 0x000039e8 (0x0000bfe5) c.j     pc - 8
core   0: 3 0x000039e8 (0xbfe5)
core   0: >>>>  write_tohost
core   0: 0x000039e0 (0x00000f17) auipc   t5, 0x0
core   0: 3 0x000039e0 (0x00000f17) x30 0x000039e0
core   0: 0x000039e4 (0x123f2023) sw      gp, 288(t5)
core   0: 3 0x000039e4 (0x123f2023) mem 0x00003b00 0x00000001
core   0: >>>>  _exit
core   0: 0x000039e8 (0x0000bfe5) c.j     pc - 8
core   0: 3 0x000039e8 (0xbfe5)
core   0: >>>>  write_tohost
core   0: 0x000039e0 (0x00000f17) auipc   t5, 0x0
core   0: 3 0x000039e0 (0x00000f17) x30 0x000039e0
core   0: 0x000039e4 (0x123f2023) sw      gp, 288(t5)
core   0: 3 0x000039e4 (0x123f2023) mem 0x00003b00 0x00000001
core   0: >>>>  _exit
core   0: 0x000039e8 (0x0000bfe5) c.j     pc - 8
core   0: 3 0x000039e8 (0xbfe5)
core   0: >>>>  write_tohost
core   0: 0x000039e0 (0x00000f17) auipc   t5, 0x0
core   0: 3 0x000039e0 (0x00000f17) x30 0x000039e0
core   0: 0x000039e4 (0x123f2023) sw      gp, 288(t5)
core   0: 3 0x000039e4 (0x123f2023) mem 0x00003b00 0x00000001
core   0: >>>>  _exit
core   0: 0x000039e8 (0x0000bfe5) c.j     pc - 8
core   0: 3 0x000039e8 (0xbfe5)
core   0: >>>>  write_tohost
core   0: 0x000039e0 (0x00000f17) auipc   t5, 0x0
core   0: 3 0x000039e0 (0x00000f17) x30 0x000039e0
core   0: 0x000039e4 (0x123f2023) sw      gp, 288(t5)
core   0: 3 0x000039e4 (0x123f2023) mem 0x00003b00 0x00000001
core   0: >>>>  _exit
core   0: 0x000039e8 (0x0000bfe5) c.j     pc - 8
core   0: 3 0x000039e8 (0xbfe5)
core   0: >>>>  write_tohost
core   0: 0x000039e0 (0x00000f17) auipc   t5, 0x0
core   0: 3 0x000039e0 (0x00000f17) x30 0x000039e0
core   0: 0x000039e4 (0x123f2023) sw      gp, 288(t5)
core   0: 3 0x000039e4 (0x123f2023) mem 0x00003b00 0x00000001
core   0: >>>>  _exit
core   0: 0x000039e8 (0x0000bfe5) c.j     pc - 8
core   0: 3 0x000039e8 (0xbfe5)
core   0: >>>>  write_tohost
core   0: 0x000039e0 (0x00000f17) auipc   t5, 0x0
core   0: 3 0x000039e0 (0x00000f17) x30 0x000039e0
core   0: 0x000039e4 (0x123f2023) sw      gp, 288(t5)
core   0: 3 0x000039e4 (0x123f2023) mem 0x00003b00 0x00000001
core   0: >>>>  _exit
core   0: 0x000039e8 (0x0000bfe5) c.j     pc - 8
core   0: 3 0x000039e8 (0xbfe5)
core   0: >>>>  write_tohost
core   0: 0x000039e0 (0x00000f17) auipc   t5, 0x0
core   0: 3 0x000039e0 (0x00000f17) x30 0x000039e0
core   0: 0x000039e4 (0x123f2023) sw      gp, 288(t5)
core   0: 3 0x000039e4 (0x123f2023) mem 0x00003b00 0x00000001
core   0: >>>>  _exit
core   0: 0x000039e8 (0x0000bfe5) c.j     pc - 8
core   0: 3 0x000039e8 (0xbfe5)
core   0: >>>>  write_tohost
core   0: 0x000039e0 (0x00000f17) auipc   t5, 0x0
core   0: 3 0x000039e0 (0x00000f17) x30 0x000039e0
core   0: 0x000039e4 (0x123f2023) sw      gp, 288(t5)
core   0: 3 0x000039e4 (0x123f2023) mem 0x00003b00 0x00000001
core   0: >>>>  _exit
core   0: 0x000039e8 (0x0000bfe5) c.j     pc - 8
core   0: 3 0x000039e8 (0xbfe5)
core   0: >>>>  write_tohost
core   0: 0x000039e0 (0x00000f17) auipc   t5, 0x0
core   0: 3 0x000039e0 (0x00000f17) x30 0x000039e0
core   0: 0x000039e4 (0x123f2023) sw      gp, 288(t5)
core   0: 3 0x000039e4 (0x123f2023) mem 0x00003b00 0x00000001
core   0: >>>>  _exit
core   0: 0x000039e8 (0x0000bfe5) c.j     pc - 8
core   0: 3 0x000039e8 (0xbfe5)
core   0: >>>>  write_tohost
core   0: 0x000039e0 (0x00000f17) auipc   t5, 0x0
core   0: 3 0x000039e0 (0x00000f17) x30 0x000039e0
core   0: 0x000039e4 (0x123f2023) sw      gp, 288(t5)
core   0: 3 0x000039e4 (0x123f2023) mem 0x00003b00 0x00000001
core   0: >>>>  _exit
core   0: 0x000039e8 (0x0000bfe5) c.j     pc - 8
core   0: 3 0x000039e8 (0xbfe5)
core   0: >>>>  write_tohost
core   0: 0x000039e0 (0x00000f17) auipc   t5, 0x0
core   0: 3 0x000039e0 (0x00000f17) x30 0x000039e0
core   0: 0x000039e4 (0x123f2023) sw      gp, 288(t5)
core   0: 3 0x000039e4 (0x123f2023) mem 0x00003b00 0x00000001
core   0: >>>>  _exit
core   0: 0x000039e8 (0x0000bfe5) c.j     pc - 8
core   0: 3 0x000039e8 (0xbfe5)
core   0: >>>>  write_tohost
core   0: 0x000039e0 (0x00000f17) auipc   t5, 0x0
core   0: 3 0x000039e0 (0x00000f17) x30 0x000039e0
core   0: 0x000039e4 (0x123f2023) sw      gp, 288(t5)
core   0: 3 0x000039e4 (0x123f2023) mem 0x00003b00 0x00000001
core   0: >>>>  _exit
core   0: 0x000039e8 (0x0000bfe5) c.j     pc - 8
core   0: 3 0x000039e8 (0xbfe5)
core   0: >>>>  write_tohost
core   0: 0x000039e0 (0x00000f17) auipc   t5, 0x0
core   0: 3 0x000039e0 (0x00000f17) x30 0x000039e0
core   0: 0x000039e4 (0x123f2023) sw      gp, 288(t5)
core   0: 3 0x000039e4 (0x123f2023) mem 0x00003b00 0x00000001
core   0: >>>>  _exit
core   0: 0x000039e8 (0x0000bfe5) c.j     pc - 8
core   0: 3 0x000039e8 (0xbfe5)
core   0: >>>>  write_tohost
core   0: 0x000039e0 (0x00000f17) auipc   t5, 0x0
core   0: 3 0x000039e0 (0x00000f17) x30 0x000039e0
core   0: 0x000039e4 (0x123f2023) sw      gp, 288(t5)
core   0: 3 0x000039e4 (0x123f2023) mem 0x00003b00 0x00000001
core   0: >>>>  _exit
core   0: 0x000039e8 (0x0000bfe5) c.j     pc - 8
core   0: 3 0x000039e8 (0xbfe5)
core   0: >>>>  write_tohost
core   0: 0x000039e0 (0x00000f17) auipc   t5, 0x0
core   0: 3 0x000039e0 (0x00000f17) x30 0x000039e0
core   0: 0x000039e4 (0x123f2023) sw      gp, 288(t5)
core   0: 3 0x000039e4 (0x123f2023) mem 0x00003b00 0x00000001
core   0: >>>>  _exit
core   0: 0x000039e8 (0x0000bfe5) c.j     pc - 8
core   0: 3 0x000039e8 (0xbfe5)
core   0: >>>>  write_tohost
core   0: 0x000039e0 (0x00000f17) auipc   t5, 0x0
core   0: 3 0x000039e0 (0x00000f17) x30 0x000039e0
core   0: 0x000039e4 (0x123f2023) sw      gp, 288(t5)
core   0: 3 0x000039e4 (0x123f2023) mem 0x00003b00 0x00000001
core   0: >>>>  _exit
core   0: 0x000039e8 (0x0000bfe5) c.j     pc - 8
core   0: 3 0x000039e8 (0xbfe5)
core   0: >>>>  write_tohost
core   0: 0x000039e0 (0x00000f17) auipc   t5, 0x0
core   0: 3 0x000039e0 (0x00000f17) x30 0x000039e0
core   0: 0x000039e4 (0x123f2023) sw      gp, 288(t5)
core   0: 3 0x000039e4 (0x123f2023) mem 0x00003b00 0x00000001
core   0: >>>>  _exit
core   0: 0x000039e8 (0x0000bfe5) c.j     pc - 8
core   0: 3 0x000039e8 (0xbfe5)
core   0: >>>>  write_tohost
core   0: 0x000039e0 (0x00000f17) auipc   t5, 0x0
core   0: 3 0x000039e0 (0x00000f17) x30 0x000039e0
core   0: 0x000039e4 (0x123f2023) sw      gp, 288(t5)
core   0: 3 0x000039e4 (0x123f2023) mem 0x00003b00 0x00000001
core   0: >>>>  _exit
core   0: 0x000039e8 (0x0000bfe5) c.j     pc - 8
core   0: 3 0x000039e8 (0xbfe5)
core   0: >>>>  write_tohost
core   0: 0x000039e0 (0x00000f17) auipc   t5, 0x0
core   0: 3 0x000039e0 (0x00000f17) x30 0x000039e0
core   0: 0x000039e4 (0x123f2023) sw      gp, 288(t5)
core   0: 3 0x000039e4 (0x123f2023) mem 0x00003b00 0x00000001
core   0: >>>>  _exit
core   0: 0x000039e8 (0x0000bfe5) c.j     pc - 8
core   0: 3 0x000039e8 (0xbfe5)
core   0: >>>>  write_tohost
core   0: 0x000039e0 (0x00000f17) auipc   t5, 0x0
core   0: 3 0x000039e0 (0x00000f17) x30 0x000039e0
core   0: 0x000039e4 (0x123f2023) sw      gp, 288(t5)
core   0: 3 0x000039e4 (0x123f2023) mem 0x00003b00 0x00000001
core   0: >>>>  _exit
core   0: 0x000039e8 (0x0000bfe5) c.j     pc - 8
core   0: 3 0x000039e8 (0xbfe5)
core   0: >>>>  write_tohost
core   0: 0x000039e0 (0x00000f17) auipc   t5, 0x0
core   0: 3 0x000039e0 (0x00000f17) x30 0x000039e0
core   0: 0x000039e4 (0x123f2023) sw      gp, 288(t5)
core   0: 3 0x000039e4 (0x123f2023) mem 0x00003b00 0x00000001
core   0: >>>>  _exit
core   0: 0x000039e8 (0x0000bfe5) c.j     pc - 8
core   0: 3 0x000039e8 (0xbfe5)
core   0: >>>>  write_tohost
core   0: 0x000039e0 (0x00000f17) auipc   t5, 0x0
core   0: 3 0x000039e0 (0x00000f17) x30 0x000039e0
core   0: 0x000039e4 (0x123f2023) sw      gp, 288(t5)
core   0: 3 0x000039e4 (0x123f2023) mem 0x00003b00 0x00000001
core   0: >>>>  _exit
core   0: 0x000039e8 (0x0000bfe5) c.j     pc - 8
core   0: 3 0x000039e8 (0xbfe5)
core   0: >>>>  write_tohost
core   0: 0x000039e0 (0x00000f17) auipc   t5, 0x0
core   0: 3 0x000039e0 (0x00000f17) x30 0x000039e0
core   0: 0x000039e4 (0x123f2023) sw      gp, 288(t5)
core   0: 3 0x000039e4 (0x123f2023) mem 0x00003b00 0x00000001
core   0: >>>>  _exit
core   0: 0x000039e8 (0x0000bfe5) c.j     pc - 8
core   0: 3 0x000039e8 (0xbfe5)
core   0: >>>>  write_tohost
core   0: 0x000039e0 (0x00000f17) auipc   t5, 0x0
core   0: 3 0x000039e0 (0x00000f17) x30 0x000039e0
core   0: 0x000039e4 (0x123f2023) sw      gp, 288(t5)
core   0: 3 0x000039e4 (0x123f2023) mem 0x00003b00 0x00000001
core   0: >>>>  _exit
core   0: 0x000039e8 (0x0000bfe5) c.j     pc - 8
core   0: 3 0x000039e8 (0xbfe5)
core   0: >>>>  write_tohost
core   0: 0x000039e0 (0x00000f17) auipc   t5, 0x0
core   0: 3 0x000039e0 (0x00000f17) x30 0x000039e0
core   0: 0x000039e4 (0x123f2023) sw      gp, 288(t5)
core   0: 3 0x000039e4 (0x123f2023) mem 0x00003b00 0x00000001
core   0: >>>>  _exit
core   0: 0x000039e8 (0x0000bfe5) c.j     pc - 8
core   0: 3 0x000039e8 (0xbfe5)
core   0: >>>>  write_tohost
core   0: 0x000039e0 (0x00000f17) auipc   t5, 0x0
core   0: 3 0x000039e0 (0x00000f17) x30 0x000039e0
core   0: 0x000039e4 (0x123f2023) sw      gp, 288(t5)
core   0: 3 0x000039e4 (0x123f2023) mem 0x00003b00 0x00000001
core   0: >>>>  _exit
core   0: 0x000039e8 (0x0000bfe5) c.j     pc - 8
core   0: 3 0x000039e8 (0xbfe5)
core   0: >>>>  write_tohost
core   0: 0x000039e0 (0x00000f17) auipc   t5, 0x0
core   0: 3 0x000039e0 (0x00000f17) x30 0x000039e0
core   0: 0x000039e4 (0x123f2023) sw      gp, 288(t5)
core   0: 3 0x000039e4 (0x123f2023) mem 0x00003b00 0x00000001
core   0: >>>>  _exit
core   0: 0x000039e8 (0x0000bfe5) c.j     pc - 8
core   0: 3 0x000039e8 (0xbfe5)
core   0: >>>>  write_tohost
core   0: 0x000039e0 (0x00000f17) auipc   t5, 0x0
core   0: 3 0x000039e0 (0x00000f17) x30 0x000039e0
core   0: 0x000039e4 (0x123f2023) sw      gp, 288(t5)
core   0: 3 0x000039e4 (0x123f2023) mem 0x00003b00 0x00000001
core   0: >>>>  _exit
core   0: 0x000039e8 (0x0000bfe5) c.j     pc - 8
core   0: 3 0x000039e8 (0xbfe5)
core   0: >>>>  write_tohost
core   0: 0x000039e0 (0x00000f17) auipc   t5, 0x0
core   0: 3 0x000039e0 (0x00000f17) x30 0x000039e0
core   0: 0x000039e4 (0x123f2023) sw      gp, 288(t5)
core   0: 3 0x000039e4 (0x123f2023) mem 0x00003b00 0x00000001
core   0: >>>>  _exit
core   0: 0x000039e8 (0x0000bfe5) c.j     pc - 8
core   0: 3 0x000039e8 (0xbfe5)
core   0: >>>>  write_tohost
core   0: 0x000039e0 (0x00000f17) auipc   t5, 0x0
core   0: 3 0x000039e0 (0x00000f17) x30 0x000039e0
core   0: 0x000039e4 (0x123f2023) sw      gp, 288(t5)
core   0: 3 0x000039e4 (0x123f2023) mem 0x00003b00 0x00000001
core   0: >>>>  _exit
core   0: 0x000039e8 (0x0000bfe5) c.j     pc - 8
core   0: 3 0x000039e8 (0xbfe5)
core   0: >>>>  write_tohost
core   0: 0x000039e0 (0x00000f17) auipc   t5, 0x0
core   0: 3 0x000039e0 (0x00000f17) x30 0x000039e0
core   0: 0x000039e4 (0x123f2023) sw      gp, 288(t5)
core   0: 3 0x000039e4 (0x123f2023) mem 0x00003b00 0x00000001
core   0: >>>>  _exit
core   0: 0x000039e8 (0x0000bfe5) c.j     pc - 8
core   0: 3 0x000039e8 (0xbfe5)
core   0: >>>>  write_tohost
core   0: 0x000039e0 (0x00000f17) auipc   t5, 0x0
core   0: 3 0x000039e0 (0x00000f17) x30 0x000039e0
core   0: 0x000039e4 (0x123f2023) sw      gp, 288(t5)
core   0: 3 0x000039e4 (0x123f2023) mem 0x00003b00 0x00000001
core   0: >>>>  _exit
core   0: 0x000039e8 (0x0000bfe5) c.j     pc - 8
core   0: 3 0x000039e8 (0xbfe5)
core   0: >>>>  write_tohost
core   0: 0x000039e0 (0x00000f17) auipc   t5, 0x0
core   0: 3 0x000039e0 (0x00000f17) x30 0x000039e0
core   0: 0x000039e4 (0x123f2023) sw      gp, 288(t5)
core   0: 3 0x000039e4 (0x123f2023) mem 0x00003b00 0x00000001
core   0: >>>>  _exit
core   0: 0x000039e8 (0x0000bfe5) c.j     pc - 8
core   0: 3 0x000039e8 (0xbfe5)
core   0: >>>>  write_tohost
core   0: 0x000039e0 (0x00000f17) auipc   t5, 0x0
core   0: 3 0x000039e0 (0x00000f17) x30 0x000039e0
core   0: 0x000039e4 (0x123f2023) sw      gp, 288(t5)
core   0: 3 0x000039e4 (0x123f2023) mem 0x00003b00 0x00000001
core   0: >>>>  _exit
core   0: 0x000039e8 (0x0000bfe5) c.j     pc - 8
core   0: 3 0x000039e8 (0xbfe5)
core   0: >>>>  write_tohost
core   0: 0x000039e0 (0x00000f17) auipc   t5, 0x0
core   0: 3 0x000039e0 (0x00000f17) x30 0x000039e0
core   0: 0x000039e4 (0x123f2023) sw      gp, 288(t5)
core   0: 3 0x000039e4 (0x123f2023) mem 0x00003b00 0x00000001
core   0: >>>>  _exit
core   0: 0x000039e8 (0x0000bfe5) c.j     pc - 8
core   0: 3 0x000039e8 (0xbfe5)
core   0: >>>>  write_tohost
core   0: 0x000039e0 (0x00000f17) auipc   t5, 0x0
core   0: 3 0x000039e0 (0x00000f17) x30 0x000039e0
core   0: 0x000039e4 (0x123f2023) sw      gp, 288(t5)
core   0: 3 0x000039e4 (0x123f2023) mem 0x00003b00 0x00000001
core   0: >>>>  _exit
core   0: 0x000039e8 (0x0000bfe5) c.j     pc - 8
core   0: 3 0x000039e8 (0xbfe5)
core   0: >>>>  write_tohost
core   0: 0x000039e0 (0x00000f17) auipc   t5, 0x0
core   0: 3 0x000039e0 (0x00000f17) x30 0x000039e0
core   0: 0x000039e4 (0x123f2023) sw      gp, 288(t5)
core   0: 3 0x000039e4 (0x123f2023) mem 0x00003b00 0x00000001
core   0: >>>>  _exit
core   0: 0x000039e8 (0x0000bfe5) c.j     pc - 8
core   0: 3 0x000039e8 (0xbfe5)
core   0: >>>>  write_tohost
core   0: 0x000039e0 (0x00000f17) auipc   t5, 0x0
core   0: 3 0x000039e0 (0x00000f17) x30 0x000039e0
core   0: 0x000039e4 (0x123f2023) sw      gp, 288(t5)
core   0: 3 0x000039e4 (0x123f2023) mem 0x00003b00 0x00000001
core   0: >>>>  _exit
core   0: 0x000039e8 (0x0000bfe5) c.j     pc - 8
core   0: 3 0x000039e8 (0xbfe5)
core   0: >>>>  write_tohost
core   0: 0x000039e0 (0x00000f17) auipc   t5, 0x0
core   0: 3 0x000039e0 (0x00000f17) x30 0x000039e0
core   0: 0x000039e4 (0x123f2023) sw      gp, 288(t5)
core   0: 3 0x000039e4 (0x123f2023) mem 0x00003b00 0x00000001
core   0: >>>>  _exit
core   0: 0x000039e8 (0x0000bfe5) c.j     pc - 8
core   0: 3 0x000039e8 (0xbfe5)
core   0: >>>>  write_tohost
core   0: 0x000039e0 (0x00000f17) auipc   t5, 0x0
core   0: 3 0x000039e0 (0x00000f17) x30 0x000039e0
core   0: 0x000039e4 (0x123f2023) sw      gp, 288(t5)
core   0: 3 0x000039e4 (0x123f2023) mem 0x00003b00 0x00000001
core   0: >>>>  _exit
core   0: 0x000039e8 (0x0000bfe5) c.j     pc - 8
core   0: 3 0x000039e8 (0xbfe5)
core   0: >>>>  write_tohost
core   0: 0x000039e0 (0x00000f17) auipc   t5, 0x0
core   0: 3 0x000039e0 (0x00000f17) x30 0x000039e0
core   0: 0x000039e4 (0x123f2023) sw      gp, 288(t5)
core   0: 3 0x000039e4 (0x123f2023) mem 0x00003b00 0x00000001
core   0: >>>>  _exit
core   0: 0x000039e8 (0x0000bfe5) c.j     pc - 8
core   0: 3 0x000039e8 (0xbfe5)
core   0: >>>>  write_tohost
core   0: 0x000039e0 (0x00000f17) auipc   t5, 0x0
core   0: 3 0x000039e0 (0x00000f17) x30 0x000039e0
core   0: 0x000039e4 (0x123f2023) sw      gp, 288(t5)
core   0: 3 0x000039e4 (0x123f2023) mem 0x00003b00 0x00000001
core   0: >>>>  _exit
core   0: 0x000039e8 (0x0000bfe5) c.j     pc - 8
core   0: 3 0x000039e8 (0xbfe5)
core   0: >>>>  write_tohost
core   0: 0x000039e0 (0x00000f17) auipc   t5, 0x0
core   0: 3 0x000039e0 (0x00000f17) x30 0x000039e0
core   0: 0x000039e4 (0x123f2023) sw      gp, 288(t5)
core   0: 3 0x000039e4 (0x123f2023) mem 0x00003b00 0x00000001
core   0: >>>>  _exit
core   0: 0x000039e8 (0x0000bfe5) c.j     pc - 8
core   0: 3 0x000039e8 (0xbfe5)
core   0: >>>>  write_tohost
core   0: 0x000039e0 (0x00000f17) auipc   t5, 0x0
core   0: 3 0x000039e0 (0x00000f17) x30 0x000039e0
core   0: 0x000039e4 (0x123f2023) sw      gp, 288(t5)
core   0: 3 0x000039e4 (0x123f2023) mem 0x00003b00 0x00000001
core   0: >>>>  _exit
core   0: 0x000039e8 (0x0000bfe5) c.j     pc - 8
core   0: 3 0x000039e8 (0xbfe5)
core   0: >>>>  write_tohost
core   0: 0x000039e0 (0x00000f17) auipc   t5, 0x0
core   0: 3 0x000039e0 (0x00000f17) x30 0x000039e0
core   0: 0x000039e4 (0x123f2023) sw      gp, 288(t5)
core   0: 3 0x000039e4 (0x123f2023) mem 0x00003b00 0x00000001
core   0: >>>>  _exit
core   0: 0x000039e8 (0x0000bfe5) c.j     pc - 8
core   0: 3 0x000039e8 (0xbfe5)
core   0: >>>>  write_tohost
core   0: 0x000039e0 (0x00000f17) auipc   t5, 0x0
core   0: 3 0x000039e0 (0x00000f17) x30 0x000039e0
core   0: 0x000039e4 (0x123f2023) sw      gp, 288(t5)
core   0: 3 0x000039e4 (0x123f2023) mem 0x00003b00 0x00000001
core   0: >>>>  _exit
core   0: 0x000039e8 (0x0000bfe5) c.j     pc - 8
core   0: 3 0x000039e8 (0xbfe5)
core   0: >>>>  write_tohost
core   0: 0x000039e0 (0x00000f17) auipc   t5, 0x0
core   0: 3 0x000039e0 (0x00000f17) x30 0x000039e0
core   0: 0x000039e4 (0x123f2023) sw      gp, 288(t5)
core   0: 3 0x000039e4 (0x123f2023) mem 0x00003b00 0x00000001
core   0: >>>>  _exit
core   0: 0x000039e8 (0x0000bfe5) c.j     pc - 8
core   0: 3 0x000039e8 (0xbfe5)
core   0: >>>>  write_tohost
core   0: 0x000039e0 (0x00000f17) auipc   t5, 0x0
core   0: 3 0x000039e0 (0x00000f17) x30 0x000039e0
core   0: 0x000039e4 (0x123f2023) sw      gp, 288(t5)
core   0: 3 0x000039e4 (0x123f2023) mem 0x00003b00 0x00000001
core   0: >>>>  _exit
core   0: 0x000039e8 (0x0000bfe5) c.j     pc - 8
core   0: 3 0x000039e8 (0xbfe5)
core   0: >>>>  write_tohost
core   0: 0x000039e0 (0x00000f17) auipc   t5, 0x0
core   0: 3 0x000039e0 (0x00000f17) x30 0x000039e0
core   0: 0x000039e4 (0x123f2023) sw      gp, 288(t5)
core   0: 3 0x000039e4 (0x123f2023) mem 0x00003b00 0x00000001
core   0: >>>>  _exit
core   0: 0x000039e8 (0x0000bfe5) c.j     pc - 8
core   0: 3 0x000039e8 (0xbfe5)
core   0: >>>>  write_tohost
core   0: 0x000039e0 (0x00000f17) auipc   t5, 0x0
core   0: 3 0x000039e0 (0x00000f17) x30 0x000039e0
core   0: 0x000039e4 (0x123f2023) sw      gp, 288(t5)
core   0: 3 0x000039e4 (0x123f2023) mem 0x00003b00 0x00000001
core   0: >>>>  _exit
core   0: 0x000039e8 (0x0000bfe5) c.j     pc - 8
core   0: 3 0x000039e8 (0xbfe5)
core   0: >>>>  write_tohost
core   0: 0x000039e0 (0x00000f17) auipc   t5, 0x0
core   0: 3 0x000039e0 (0x00000f17) x30 0x000039e0
core   0: 0x000039e4 (0x123f2023) sw      gp, 288(t5)
core   0: 3 0x000039e4 (0x123f2023) mem 0x00003b00 0x00000001
core   0: >>>>  _exit
core   0: 0x000039e8 (0x0000bfe5) c.j     pc - 8
core   0: 3 0x000039e8 (0xbfe5)
core   0: >>>>  write_tohost
core   0: 0x000039e0 (0x00000f17) auipc   t5, 0x0
core   0: 3 0x000039e0 (0x00000f17) x30 0x000039e0
core   0: 0x000039e4 (0x123f2023) sw      gp, 288(t5)
core   0: 3 0x000039e4 (0x123f2023) mem 0x00003b00 0x00000001
core   0: >>>>  _exit
core   0: 0x000039e8 (0x0000bfe5) c.j     pc - 8
core   0: 3 0x000039e8 (0xbfe5)
core   0: >>>>  write_tohost
core   0: 0x000039e0 (0x00000f17) auipc   t5, 0x0
core   0: 3 0x000039e0 (0x00000f17) x30 0x000039e0
core   0: 0x000039e4 (0x123f2023) sw      gp, 288(t5)
core   0: 3 0x000039e4 (0x123f2023) mem 0x00003b00 0x00000001
core   0: >>>>  _exit
core   0: 0x000039e8 (0x0000bfe5) c.j     pc - 8
core   0: 3 0x000039e8 (0xbfe5)
core   0: >>>>  write_tohost
core   0: 0x000039e0 (0x00000f17) auipc   t5, 0x0
core   0: 3 0x000039e0 (0x00000f17) x30 0x000039e0
core   0: 0x000039e4 (0x123f2023) sw      gp, 288(t5)
core   0: 3 0x000039e4 (0x123f2023) mem 0x00003b00 0x00000001
core   0: >>>>  _exit
core   0: 0x000039e8 (0x0000bfe5) c.j     pc - 8
core   0: 3 0x000039e8 (0xbfe5)
core   0: >>>>  write_tohost
core   0: 0x000039e0 (0x00000f17) auipc   t5, 0x0
core   0: 3 0x000039e0 (0x00000f17) x30 0x000039e0
core   0: 0x000039e4 (0x123f2023) sw      gp, 288(t5)
core   0: 3 0x000039e4 (0x123f2023) mem 0x00003b00 0x00000001
core   0: >>>>  _exit
core   0: 0x000039e8 (0x0000bfe5) c.j     pc - 8
core   0: 3 0x000039e8 (0xbfe5)
core   0: >>>>  write_tohost
core   0: 0x000039e0 (0x00000f17) auipc   t5, 0x0
core   0: 3 0x000039e0 (0x00000f17) x30 0x000039e0
core   0: 0x000039e4 (0x123f2023) sw      gp, 288(t5)
core   0: 3 0x000039e4 (0x123f2023) mem 0x00003b00 0x00000001
core   0: >>>>  _exit
core   0: 0x000039e8 (0x0000bfe5) c.j     pc - 8
core   0: 3 0x000039e8 (0xbfe5)
core   0: >>>>  write_tohost
core   0: 0x000039e0 (0x00000f17) auipc   t5, 0x0
core   0: 3 0x000039e0 (0x00000f17) x30 0x000039e0
core   0: 0x000039e4 (0x123f2023) sw      gp, 288(t5)
core   0: 3 0x000039e4 (0x123f2023) mem 0x00003b00 0x00000001
core   0: >>>>  _exit
core   0: 0x000039e8 (0x0000bfe5) c.j     pc - 8
core   0: 3 0x000039e8 (0xbfe5)
core   0: >>>>  write_tohost
core   0: 0x000039e0 (0x00000f17) auipc   t5, 0x0
core   0: 3 0x000039e0 (0x00000f17) x30 0x000039e0
core   0: 0x000039e4 (0x123f2023) sw      gp, 288(t5)
core   0: 3 0x000039e4 (0x123f2023) mem 0x00003b00 0x00000001
core   0: >>>>  _exit
core   0: 0x000039e8 (0x0000bfe5) c.j     pc - 8
core   0: 3 0x000039e8 (0xbfe5)
core   0: >>>>  write_tohost
core   0: 0x000039e0 (0x00000f17) auipc   t5, 0x0
core   0: 3 0x000039e0 (0x00000f17) x30 0x000039e0
core   0: 0x000039e4 (0x123f2023) sw      gp, 288(t5)
core   0: 3 0x000039e4 (0x123f2023) mem 0x00003b00 0x00000001
core   0: >>>>  _exit
core   0: 0x000039e8 (0x0000bfe5) c.j     pc - 8
core   0: 3 0x000039e8 (0xbfe5)
core   0: >>>>  write_tohost
core   0: 0x000039e0 (0x00000f17) auipc   t5, 0x0
core   0: 3 0x000039e0 (0x00000f17) x30 0x000039e0
core   0: 0x000039e4 (0x123f2023) sw      gp, 288(t5)
core   0: 3 0x000039e4 (0x123f2023) mem 0x00003b00 0x00000001
core   0: >>>>  _exit
core   0: 0x000039e8 (0x0000bfe5) c.j     pc - 8
core   0: 3 0x000039e8 (0xbfe5)
core   0: >>>>  write_tohost
core   0: 0x000039e0 (0x00000f17) auipc   t5, 0x0
core   0: 3 0x000039e0 (0x00000f17) x30 0x000039e0
core   0: 0x000039e4 (0x123f2023) sw      gp, 288(t5)
core   0: 3 0x000039e4 (0x123f2023) mem 0x00003b00 0x00000001
core   0: >>>>  _exit
core   0: 0x000039e8 (0x0000bfe5) c.j     pc - 8
core   0: 3 0x000039e8 (0xbfe5)
core   0: >>>>  write_tohost
core   0: 0x000039e0 (0x00000f17) auipc   t5, 0x0
core   0: 3 0x000039e0 (0x00000f17) x30 0x000039e0
core   0: 0x000039e4 (0x123f2023) sw      gp, 288(t5)
core   0: 3 0x000039e4 (0x123f2023) mem 0x00003b00 0x00000001
core   0: >>>>  _exit
core   0: 0x000039e8 (0x0000bfe5) c.j     pc - 8
core   0: 3 0x000039e8 (0xbfe5)
core   0: >>>>  write_tohost
core   0: 0x000039e0 (0x00000f17) auipc   t5, 0x0
core   0: 3 0x000039e0 (0x00000f17) x30 0x000039e0
core   0: 0x000039e4 (0x123f2023) sw      gp, 288(t5)
core   0: 3 0x000039e4 (0x123f2023) mem 0x00003b00 0x00000001
core   0: >>>>  _exit
core   0: 0x000039e8 (0x0000bfe5) c.j     pc - 8
core   0: 3 0x000039e8 (0xbfe5)
core   0: >>>>  write_tohost
core   0: 0x000039e0 (0x00000f17) auipc   t5, 0x0
core   0: 3 0x000039e0 (0x00000f17) x30 0x000039e0
core   0: 0x000039e4 (0x123f2023) sw      gp, 288(t5)
core   0: 3 0x000039e4 (0x123f2023) mem 0x00003b00 0x00000001
core   0: >>>>  _exit
core   0: 0x000039e8 (0x0000bfe5) c.j     pc - 8
core   0: 3 0x000039e8 (0xbfe5)
core   0: >>>>  write_tohost
core   0: 0x000039e0 (0x00000f17) auipc   t5, 0x0
core   0: 3 0x000039e0 (0x00000f17) x30 0x000039e0
core   0: 0x000039e4 (0x123f2023) sw      gp, 288(t5)
core   0: 3 0x000039e4 (0x123f2023) mem 0x00003b00 0x00000001
core   0: >>>>  _exit
core   0: 0x000039e8 (0x0000bfe5) c.j     pc - 8
core   0: 3 0x000039e8 (0xbfe5)
core   0: >>>>  write_tohost
core   0: 0x000039e0 (0x00000f17) auipc   t5, 0x0
core   0: 3 0x000039e0 (0x00000f17) x30 0x000039e0
core   0: 0x000039e4 (0x123f2023) sw      gp, 288(t5)
core   0: 3 0x000039e4 (0x123f2023) mem 0x00003b00 0x00000001
core   0: >>>>  _exit
core   0: 0x000039e8 (0x0000bfe5) c.j     pc - 8
core   0: 3 0x000039e8 (0xbfe5)
core   0: >>>>  write_tohost
core   0: 0x000039e0 (0x00000f17) auipc   t5, 0x0
core   0: 3 0x000039e0 (0x00000f17) x30 0x000039e0
core   0: 0x000039e4 (0x123f2023) sw      gp, 288(t5)
core   0: 3 0x000039e4 (0x123f2023) mem 0x00003b00 0x00000001
core   0: >>>>  _exit
core   0: 0x000039e8 (0x0000bfe5) c.j     pc - 8
core   0: 3 0x000039e8 (0xbfe5)
core   0: >>>>  write_tohost
core   0: 0x000039e0 (0x00000f17) auipc   t5, 0x0
core   0: 3 0x000039e0 (0x00000f17) x30 0x000039e0
core   0: 0x000039e4 (0x123f2023) sw      gp, 288(t5)
core   0: 3 0x000039e4 (0x123f2023) mem 0x00003b00 0x00000001
core   0: >>>>  _exit
core   0: 0x000039e8 (0x0000bfe5) c.j     pc - 8
core   0: 3 0x000039e8 (0xbfe5)
core   0: >>>>  write_tohost
core   0: 0x000039e0 (0x00000f17) auipc   t5, 0x0
core   0: 3 0x000039e0 (0x00000f17) x30 0x000039e0
core   0: 0x000039e4 (0x123f2023) sw      gp, 288(t5)
core   0: 3 0x000039e4 (0x123f2023) mem 0x00003b00 0x00000001
core   0: >>>>  _exit
core   0: 0x000039e8 (0x0000bfe5) c.j     pc - 8
core   0: 3 0x000039e8 (0xbfe5)
core   0: >>>>  write_tohost
core   0: 0x000039e0 (0x00000f17) auipc   t5, 0x0
core   0: 3 0x000039e0 (0x00000f17) x30 0x000039e0
core   0: 0x000039e4 (0x123f2023) sw      gp, 288(t5)
core   0: 3 0x000039e4 (0x123f2023) mem 0x00003b00 0x00000001
core   0: >>>>  _exit
core   0: 0x000039e8 (0x0000bfe5) c.j     pc - 8
core   0: 3 0x000039e8 (0xbfe5)
core   0: >>>>  write_tohost
core   0: 0x000039e0 (0x00000f17) auipc   t5, 0x0
core   0: 3 0x000039e0 (0x00000f17) x30 0x000039e0
core   0: 0x000039e4 (0x123f2023) sw      gp, 288(t5)
core   0: 3 0x000039e4 (0x123f2023) mem 0x00003b00 0x00000001
core   0: >>>>  _exit
core   0: 0x000039e8 (0x0000bfe5) c.j     pc - 8
core   0: 3 0x000039e8 (0xbfe5)
core   0: >>>>  write_tohost
core   0: 0x000039e0 (0x00000f17) auipc   t5, 0x0
core   0: 3 0x000039e0 (0x00000f17) x30 0x000039e0
core   0: 0x000039e4 (0x123f2023) sw      gp, 288(t5)
core   0: 3 0x000039e4 (0x123f2023) mem 0x00003b00 0x00000001
core   0: >>>>  _exit
core   0: 0x000039e8 (0x0000bfe5) c.j     pc - 8
core   0: 3 0x000039e8 (0xbfe5)
core   0: >>>>  write_tohost
core   0: 0x000039e0 (0x00000f17) auipc   t5, 0x0
core   0: 3 0x000039e0 (0x00000f17) x30 0x000039e0
core   0: 0x000039e4 (0x123f2023) sw      gp, 288(t5)
core   0: 3 0x000039e4 (0x123f2023) mem 0x00003b00 0x00000001
core   0: >>>>  _exit
core   0: 0x000039e8 (0x0000bfe5) c.j     pc - 8
core   0: 3 0x000039e8 (0xbfe5)
core   0: >>>>  write_tohost
core   0: 0x000039e0 (0x00000f17) auipc   t5, 0x0
core   0: 3 0x000039e0 (0x00000f17) x30 0x000039e0
core   0: 0x000039e4 (0x123f2023) sw      gp, 288(t5)
core   0: 3 0x000039e4 (0x123f2023) mem 0x00003b00 0x00000001
core   0: >>>>  _exit
core   0: 0x000039e8 (0x0000bfe5) c.j     pc - 8
core   0: 3 0x000039e8 (0xbfe5)
core   0: >>>>  write_tohost
core   0: 0x000039e0 (0x00000f17) auipc   t5, 0x0
core   0: 3 0x000039e0 (0x00000f17) x30 0x000039e0
core   0: 0x000039e4 (0x123f2023) sw      gp, 288(t5)
core   0: 3 0x000039e4 (0x123f2023) mem 0x00003b00 0x00000001
core   0: >>>>  _exit
core   0: 0x000039e8 (0x0000bfe5) c.j     pc - 8
core   0: 3 0x000039e8 (0xbfe5)
core   0: >>>>  write_tohost
core   0: 0x000039e0 (0x00000f17) auipc   t5, 0x0
core   0: 3 0x000039e0 (0x00000f17) x30 0x000039e0
core   0: 0x000039e4 (0x123f2023) sw      gp, 288(t5)
core   0: 3 0x000039e4 (0x123f2023) mem 0x00003b00 0x00000001
core   0: >>>>  _exit
core   0: 0x000039e8 (0x0000bfe5) c.j     pc - 8
core   0: 3 0x000039e8 (0xbfe5)
core   0: >>>>  write_tohost
core   0: 0x000039e0 (0x00000f17) auipc   t5, 0x0
core   0: 3 0x000039e0 (0x00000f17) x30 0x000039e0
core   0: 0x000039e4 (0x123f2023) sw      gp, 288(t5)
core   0: 3 0x000039e4 (0x123f2023) mem 0x00003b00 0x00000001
core   0: >>>>  _exit
core   0: 0x000039e8 (0x0000bfe5) c.j     pc - 8
core   0: 3 0x000039e8 (0xbfe5)
core   0: >>>>  write_tohost
core   0: 0x000039e0 (0x00000f17) auipc   t5, 0x0
core   0: 3 0x000039e0 (0x00000f17) x30 0x000039e0
core   0: 0x000039e4 (0x123f2023) sw      gp, 288(t5)
core   0: 3 0x000039e4 (0x123f2023) mem 0x00003b00 0x00000001
core   0: >>>>  _exit
core   0: 0x000039e8 (0x0000bfe5) c.j     pc - 8
core   0: 3 0x000039e8 (0xbfe5)
core   0: >>>>  write_tohost
core   0: 0x000039e0 (0x00000f17) auipc   t5, 0x0
core   0: 3 0x000039e0 (0x00000f17) x30 0x000039e0
core   0: 0x000039e4 (0x123f2023) sw      gp, 288(t5)
core   0: 3 0x000039e4 (0x123f2023) mem 0x00003b00 0x00000001
core   0: >>>>  _exit
core   0: 0x000039e8 (0x0000bfe5) c.j     pc - 8
core   0: 3 0x000039e8 (0xbfe5)
core   0: >>>>  write_tohost
core   0: 0x000039e0 (0x00000f17) auipc   t5, 0x0
core   0: 3 0x000039e0 (0x00000f17) x30 0x000039e0
core   0: 0x000039e4 (0x123f2023) sw      gp, 288(t5)
core   0: 3 0x000039e4 (0x123f2023) mem 0x00003b00 0x00000001
core   0: >>>>  _exit
core   0: 0x000039e8 (0x0000bfe5) c.j     pc - 8
core   0: 3 0x000039e8 (0xbfe5)
core   0: >>>>  write_tohost
core   0: 0x000039e0 (0x00000f17) auipc   t5, 0x0
core   0: 3 0x000039e0 (0x00000f17) x30 0x000039e0
core   0: 0x000039e4 (0x123f2023) sw      gp, 288(t5)
core   0: 3 0x000039e4 (0x123f2023) mem 0x00003b00 0x00000001
core   0: >>>>  _exit
core   0: 0x000039e8 (0x0000bfe5) c.j     pc - 8
core   0: 3 0x000039e8 (0xbfe5)
core   0: >>>>  write_tohost
core   0: 0x000039e0 (0x00000f17) auipc   t5, 0x0
core   0: 3 0x000039e0 (0x00000f17) x30 0x000039e0
core   0: 0x000039e4 (0x123f2023) sw      gp, 288(t5)
core   0: 3 0x000039e4 (0x123f2023) mem 0x00003b00 0x00000001
core   0: >>>>  _exit
core   0: 0x000039e8 (0x0000bfe5) c.j     pc - 8
core   0: 3 0x000039e8 (0xbfe5)
core   0: >>>>  write_tohost
core   0: 0x000039e0 (0x00000f17) auipc   t5, 0x0
core   0: 3 0x000039e0 (0x00000f17) x30 0x000039e0
core   0: 0x000039e4 (0x123f2023) sw      gp, 288(t5)
core   0: 3 0x000039e4 (0x123f2023) mem 0x00003b00 0x00000001
core   0: >>>>  _exit
core   0: 0x000039e8 (0x0000bfe5) c.j     pc - 8
core   0: 3 0x000039e8 (0xbfe5)
core   0: >>>>  write_tohost
core   0: 0x000039e0 (0x00000f17) auipc   t5, 0x0
core   0: 3 0x000039e0 (0x00000f17) x30 0x000039e0
core   0: 0x000039e4 (0x123f2023) sw      gp, 288(t5)
core   0: 3 0x000039e4 (0x123f2023) mem 0x00003b00 0x00000001
core   0: >>>>  _exit
core   0: 0x000039e8 (0x0000bfe5) c.j     pc - 8
core   0: 3 0x000039e8 (0xbfe5)
core   0: >>>>  write_tohost
core   0: 0x000039e0 (0x00000f17) auipc   t5, 0x0
core   0: 3 0x000039e0 (0x00000f17) x30 0x000039e0
core   0: 0x000039e4 (0x123f2023) sw      gp, 288(t5)
core   0: 3 0x000039e4 (0x123f2023) mem 0x00003b00 0x00000001
core   0: >>>>  _exit
core   0: 0x000039e8 (0x0000bfe5) c.j     pc - 8
core   0: 3 0x000039e8 (0xbfe5)
core   0: >>>>  write_tohost
core   0: 0x000039e0 (0x00000f17) auipc   t5, 0x0
core   0: 3 0x000039e0 (0x00000f17) x30 0x000039e0
core   0: 0x000039e4 (0x123f2023) sw      gp, 288(t5)
core   0: 3 0x000039e4 (0x123f2023) mem 0x00003b00 0x00000001
core   0: >>>>  _exit
core   0: 0x000039e8 (0x0000bfe5) c.j     pc - 8
core   0: 3 0x000039e8 (0xbfe5)
core   0: >>>>  write_tohost
core   0: 0x000039e0 (0x00000f17) auipc   t5, 0x0
core   0: 3 0x000039e0 (0x00000f17) x30 0x000039e0
core   0: 0x000039e4 (0x123f2023) sw      gp, 288(t5)
core   0: 3 0x000039e4 (0x123f2023) mem 0x00003b00 0x00000001
core   0: >>>>  _exit
core   0: 0x000039e8 (0x0000bfe5) c.j     pc - 8
core   0: 3 0x000039e8 (0xbfe5)
core   0: >>>>  write_tohost
core   0: 0x000039e0 (0x00000f17) auipc   t5, 0x0
core   0: 3 0x000039e0 (0x00000f17) x30 0x000039e0
core   0: 0x000039e4 (0x123f2023) sw      gp, 288(t5)
core   0: 3 0x000039e4 (0x123f2023) mem 0x00003b00 0x00000001
core   0: >>>>  _exit
core   0: 0x000039e8 (0x0000bfe5) c.j     pc - 8
core   0: 3 0x000039e8 (0xbfe5)
core   0: >>>>  write_tohost
core   0: 0x000039e0 (0x00000f17) auipc   t5, 0x0
core   0: 3 0x000039e0 (0x00000f17) x30 0x000039e0
core   0: 0x000039e4 (0x123f2023) sw      gp, 288(t5)
core   0: 3 0x000039e4 (0x123f2023) mem 0x00003b00 0x00000001
core   0: >>>>  _exit
core   0: 0x000039e8 (0x0000bfe5) c.j     pc - 8
core   0: 3 0x000039e8 (0xbfe5)
core   0: >>>>  write_tohost
core   0: 0x000039e0 (0x00000f17) auipc   t5, 0x0
core   0: 3 0x000039e0 (0x00000f17) x30 0x000039e0
core   0: 0x000039e4 (0x123f2023) sw      gp, 288(t5)
core   0: 3 0x000039e4 (0x123f2023) mem 0x00003b00 0x00000001
core   0: >>>>  _exit
core   0: 0x000039e8 (0x0000bfe5) c.j     pc - 8
core   0: 3 0x000039e8 (0xbfe5)
core   0: >>>>  write_tohost
core   0: 0x000039e0 (0x00000f17) auipc   t5, 0x0
core   0: 3 0x000039e0 (0x00000f17) x30 0x000039e0
core   0: 0x000039e4 (0x123f2023) sw      gp, 288(t5)
core   0: 3 0x000039e4 (0x123f2023) mem 0x00003b00 0x00000001
core   0: >>>>  _exit
core   0: 0x000039e8 (0x0000bfe5) c.j     pc - 8
core   0: 3 0x000039e8 (0xbfe5)
core   0: >>>>  write_tohost
core   0: 0x000039e0 (0x00000f17) auipc   t5, 0x0
core   0: 3 0x000039e0 (0x00000f17) x30 0x000039e0
core   0: 0x000039e4 (0x123f2023) sw      gp, 288(t5)
core   0: 3 0x000039e4 (0x123f2023) mem 0x00003b00 0x00000001
core   0: >>>>  _exit
core   0: 0x000039e8 (0x0000bfe5) c.j     pc - 8
core   0: 3 0x000039e8 (0xbfe5)
core   0: >>>>  write_tohost
core   0: 0x000039e0 (0x00000f17) auipc   t5, 0x0
core   0: 3 0x000039e0 (0x00000f17) x30 0x000039e0
core   0: 0x000039e4 (0x123f2023) sw      gp, 288(t5)
core   0: 3 0x000039e4 (0x123f2023) mem 0x00003b00 0x00000001
core   0: >>>>  _exit
core   0: 0x000039e8 (0x0000bfe5) c.j     pc - 8
core   0: 3 0x000039e8 (0xbfe5)
core   0: >>>>  write_tohost
core   0: 0x000039e0 (0x00000f17) auipc   t5, 0x0
core   0: 3 0x000039e0 (0x00000f17) x30 0x000039e0
core   0: 0x000039e4 (0x123f2023) sw      gp, 288(t5)
core   0: 3 0x000039e4 (0x123f2023) mem 0x00003b00 0x00000001
core   0: >>>>  _exit
core   0: 0x000039e8 (0x0000bfe5) c.j     pc - 8
core   0: 3 0x000039e8 (0xbfe5)
core   0: >>>>  write_tohost
core   0: 0x000039e0 (0x00000f17) auipc   t5, 0x0
core   0: 3 0x000039e0 (0x00000f17) x30 0x000039e0
core   0: 0x000039e4 (0x123f2023) sw      gp, 288(t5)
core   0: 3 0x000039e4 (0x123f2023) mem 0x00003b00 0x00000001
core   0: >>>>  _exit
core   0: 0x000039e8 (0x0000bfe5) c.j     pc - 8
core   0: 3 0x000039e8 (0xbfe5)
core   0: >>>>  write_tohost
core   0: 0x000039e0 (0x00000f17) auipc   t5, 0x0
core   0: 3 0x000039e0 (0x00000f17) x30 0x000039e0
core   0: 0x000039e4 (0x123f2023) sw      gp, 288(t5)
core   0: 3 0x000039e4 (0x123f2023) mem 0x00003b00 0x00000001
core   0: >>>>  _exit
core   0: 0x000039e8 (0x0000bfe5) c.j     pc - 8
core   0: 3 0x000039e8 (0xbfe5)
core   0: >>>>  write_tohost
core   0: 0x000039e0 (0x00000f17) auipc   t5, 0x0
core   0: 3 0x000039e0 (0x00000f17) x30 0x000039e0
core   0: 0x000039e4 (0x123f2023) sw      gp, 288(t5)
core   0: 3 0x000039e4 (0x123f2023) mem 0x00003b00 0x00000001
core   0: >>>>  _exit
core   0: 0x000039e8 (0x0000bfe5) c.j     pc - 8
core   0: 3 0x000039e8 (0xbfe5)
core   0: >>>>  write_tohost
core   0: 0x000039e0 (0x00000f17) auipc   t5, 0x0
core   0: 3 0x000039e0 (0x00000f17) x30 0x000039e0
core   0: 0x000039e4 (0x123f2023) sw      gp, 288(t5)
core   0: 3 0x000039e4 (0x123f2023) mem 0x00003b00 0x00000001
core   0: >>>>  _exit
core   0: 0x000039e8 (0x0000bfe5) c.j     pc - 8
core   0: 3 0x000039e8 (0xbfe5)
core   0: >>>>  write_tohost
core   0: 0x000039e0 (0x00000f17) auipc   t5, 0x0
core   0: 3 0x000039e0 (0x00000f17) x30 0x000039e0
core   0: 0x000039e4 (0x123f2023) sw      gp, 288(t5)
core   0: 3 0x000039e4 (0x123f2023) mem 0x00003b00 0x00000001
core   0: >>>>  _exit
core   0: 0x000039e8 (0x0000bfe5) c.j     pc - 8
core   0: 3 0x000039e8 (0xbfe5)
core   0: >>>>  write_tohost
core   0: 0x000039e0 (0x00000f17) auipc   t5, 0x0
core   0: 3 0x000039e0 (0x00000f17) x30 0x000039e0
core   0: 0x000039e4 (0x123f2023) sw      gp, 288(t5)
core   0: 3 0x000039e4 (0x123f2023) mem 0x00003b00 0x00000001
core   0: >>>>  _exit
core   0: 0x000039e8 (0x0000bfe5) c.j     pc - 8
core   0: 3 0x000039e8 (0xbfe5)
core   0: >>>>  write_tohost
core   0: 0x000039e0 (0x00000f17) auipc   t5, 0x0
core   0: 3 0x000039e0 (0x00000f17) x30 0x000039e0
core   0: 0x000039e4 (0x123f2023) sw      gp, 288(t5)
core   0: 3 0x000039e4 (0x123f2023) mem 0x00003b00 0x00000001
core   0: >>>>  _exit
core   0: 0x000039e8 (0x0000bfe5) c.j     pc - 8
core   0: 3 0x000039e8 (0xbfe5)
core   0: >>>>  write_tohost
core   0: 0x000039e0 (0x00000f17) auipc   t5, 0x0
core   0: 3 0x000039e0 (0x00000f17) x30 0x000039e0
core   0: 0x000039e4 (0x123f2023) sw      gp, 288(t5)
core   0: 3 0x000039e4 (0x123f2023) mem 0x00003b00 0x00000001
core   0: >>>>  _exit
core   0: 0x000039e8 (0x0000bfe5) c.j     pc - 8
core   0: 3 0x000039e8 (0xbfe5)
core   0: >>>>  write_tohost
core   0: 0x000039e0 (0x00000f17) auipc   t5, 0x0
core   0: 3 0x000039e0 (0x00000f17) x30 0x000039e0
core   0: 0x000039e4 (0x123f2023) sw      gp, 288(t5)
core   0: 3 0x000039e4 (0x123f2023) mem 0x00003b00 0x00000001
core   0: >>>>  _exit
core   0: 0x000039e8 (0x0000bfe5) c.j     pc - 8
core   0: 3 0x000039e8 (0xbfe5)
core   0: >>>>  write_tohost
core   0: 0x000039e0 (0x00000f17) auipc   t5, 0x0
core   0: 3 0x000039e0 (0x00000f17) x30 0x000039e0
core   0: 0x000039e4 (0x123f2023) sw      gp, 288(t5)
core   0: 3 0x000039e4 (0x123f2023) mem 0x00003b00 0x00000001
core   0: >>>>  _exit
core   0: 0x000039e8 (0x0000bfe5) c.j     pc - 8
core   0: 3 0x000039e8 (0xbfe5)
core   0: >>>>  write_tohost
core   0: 0x000039e0 (0x00000f17) auipc   t5, 0x0
core   0: 3 0x000039e0 (0x00000f17) x30 0x000039e0
core   0: 0x000039e4 (0x123f2023) sw      gp, 288(t5)
core   0: 3 0x000039e4 (0x123f2023) mem 0x00003b00 0x00000001
core   0: >>>>  _exit
core   0: 0x000039e8 (0x0000bfe5) c.j     pc - 8
core   0: 3 0x000039e8 (0xbfe5)
core   0: >>>>  write_tohost
core   0: 0x000039e0 (0x00000f17) auipc   t5, 0x0
core   0: 3 0x000039e0 (0x00000f17) x30 0x000039e0
core   0: 0x000039e4 (0x123f2023) sw      gp, 288(t5)
core   0: 3 0x000039e4 (0x123f2023) mem 0x00003b00 0x00000001
core   0: >>>>  _exit
core   0: 0x000039e8 (0x0000bfe5) c.j     pc - 8
core   0: 3 0x000039e8 (0xbfe5)
core   0: >>>>  write_tohost
core   0: 0x000039e0 (0x00000f17) auipc   t5, 0x0
core   0: 3 0x000039e0 (0x00000f17) x30 0x000039e0
core   0: 0x000039e4 (0x123f2023) sw      gp, 288(t5)
core   0: 3 0x000039e4 (0x123f2023) mem 0x00003b00 0x00000001
core   0: >>>>  _exit
core   0: 0x000039e8 (0x0000bfe5) c.j     pc - 8
core   0: 3 0x000039e8 (0xbfe5)
core   0: >>>>  write_tohost
core   0: 0x000039e0 (0x00000f17) auipc   t5, 0x0
core   0: 3 0x000039e0 (0x00000f17) x30 0x000039e0
core   0: 0x000039e4 (0x123f2023) sw      gp, 288(t5)
core   0: 3 0x000039e4 (0x123f2023) mem 0x00003b00 0x00000001
core   0: >>>>  _exit
core   0: 0x000039e8 (0x0000bfe5) c.j     pc - 8
core   0: 3 0x000039e8 (0xbfe5)
core   0: >>>>  write_tohost
core   0: 0x000039e0 (0x00000f17) auipc   t5, 0x0
core   0: 3 0x000039e0 (0x00000f17) x30 0x000039e0
core   0: 0x000039e4 (0x123f2023) sw      gp, 288(t5)
core   0: 3 0x000039e4 (0x123f2023) mem 0x00003b00 0x00000001
core   0: >>>>  _exit
core   0: 0x000039e8 (0x0000bfe5) c.j     pc - 8
core   0: 3 0x000039e8 (0xbfe5)
core   0: >>>>  write_tohost
core   0: 0x000039e0 (0x00000f17) auipc   t5, 0x0
core   0: 3 0x000039e0 (0x00000f17) x30 0x000039e0
core   0: 0x000039e4 (0x123f2023) sw      gp, 288(t5)
core   0: 3 0x000039e4 (0x123f2023) mem 0x00003b00 0x00000001
core   0: >>>>  _exit
core   0: 0x000039e8 (0x0000bfe5) c.j     pc - 8
core   0: 3 0x000039e8 (0xbfe5)
core   0: >>>>  write_tohost
core   0: 0x000039e0 (0x00000f17) auipc   t5, 0x0
core   0: 3 0x000039e0 (0x00000f17) x30 0x000039e0
core   0: 0x000039e4 (0x123f2023) sw      gp, 288(t5)
core   0: 3 0x000039e4 (0x123f2023) mem 0x00003b00 0x00000001
core   0: >>>>  _exit
core   0: 0x000039e8 (0x0000bfe5) c.j     pc - 8
core   0: 3 0x000039e8 (0xbfe5)
core   0: >>>>  write_tohost
core   0: 0x000039e0 (0x00000f17) auipc   t5, 0x0
core   0: 3 0x000039e0 (0x00000f17) x30 0x000039e0
core   0: 0x000039e4 (0x123f2023) sw      gp, 288(t5)
core   0: 3 0x000039e4 (0x123f2023) mem 0x00003b00 0x00000001
core   0: >>>>  _exit
core   0: 0x000039e8 (0x0000bfe5) c.j     pc - 8
core   0: 3 0x000039e8 (0xbfe5)
core   0: >>>>  write_tohost
core   0: 0x000039e0 (0x00000f17) auipc   t5, 0x0
core   0: 3 0x000039e0 (0x00000f17) x30 0x000039e0
core   0: 0x000039e4 (0x123f2023) sw      gp, 288(t5)
core   0: 3 0x000039e4 (0x123f2023) mem 0x00003b00 0x00000001
core   0: >>>>  _exit
core   0: 0x000039e8 (0x0000bfe5) c.j     pc - 8
core   0: 3 0x000039e8 (0xbfe5)
core   0: >>>>  write_tohost
core   0: 0x000039e0 (0x00000f17) auipc   t5, 0x0
core   0: 3 0x000039e0 (0x00000f17) x30 0x000039e0
core   0: 0x000039e4 (0x123f2023) sw      gp, 288(t5)
core   0: 3 0x000039e4 (0x123f2023) mem 0x00003b00 0x00000001
core   0: >>>>  _exit
core   0: 0x000039e8 (0x0000bfe5) c.j     pc - 8
core   0: 3 0x000039e8 (0xbfe5)
core   0: >>>>  write_tohost
core   0: 0x000039e0 (0x00000f17) auipc   t5, 0x0
core   0: 3 0x000039e0 (0x00000f17) x30 0x000039e0
core   0: 0x000039e4 (0x123f2023) sw      gp, 288(t5)
core   0: 3 0x000039e4 (0x123f2023) mem 0x00003b00 0x00000001
core   0: >>>>  _exit
core   0: 0x000039e8 (0x0000bfe5) c.j     pc - 8
core   0: 3 0x000039e8 (0xbfe5)
core   0: >>>>  write_tohost
core   0: 0x000039e0 (0x00000f17) auipc   t5, 0x0
core   0: 3 0x000039e0 (0x00000f17) x30 0x000039e0
core   0: 0x000039e4 (0x123f2023) sw      gp, 288(t5)
core   0: 3 0x000039e4 (0x123f2023) mem 0x00003b00 0x00000001
core   0: >>>>  _exit
core   0: 0x000039e8 (0x0000bfe5) c.j     pc - 8
core   0: 3 0x000039e8 (0xbfe5)
core   0: >>>>  write_tohost
core   0: 0x000039e0 (0x00000f17) auipc   t5, 0x0
core   0: 3 0x000039e0 (0x00000f17) x30 0x000039e0
core   0: 0x000039e4 (0x123f2023) sw      gp, 288(t5)
core   0: 3 0x000039e4 (0x123f2023) mem 0x00003b00 0x00000001
core   0: >>>>  _exit
core   0: 0x000039e8 (0x0000bfe5) c.j     pc - 8
core   0: 3 0x000039e8 (0xbfe5)
core   0: >>>>  write_tohost
core   0: 0x000039e0 (0x00000f17) auipc   t5, 0x0
core   0: 3 0x000039e0 (0x00000f17) x30 0x000039e0
core   0: 0x000039e4 (0x123f2023) sw      gp, 288(t5)
core   0: 3 0x000039e4 (0x123f2023) mem 0x00003b00 0x00000001
core   0: >>>>  _exit
core   0: 0x000039e8 (0x0000bfe5) c.j     pc - 8
core   0: 3 0x000039e8 (0xbfe5)
core   0: >>>>  write_tohost
core   0: 0x000039e0 (0x00000f17) auipc   t5, 0x0
core   0: 3 0x000039e0 (0x00000f17) x30 0x000039e0
core   0: 0x000039e4 (0x123f2023) sw      gp, 288(t5)
core   0: 3 0x000039e4 (0x123f2023) mem 0x00003b00 0x00000001
core   0: >>>>  _exit
core   0: 0x000039e8 (0x0000bfe5) c.j     pc - 8
core   0: 3 0x000039e8 (0xbfe5)
core   0: >>>>  write_tohost
core   0: 0x000039e0 (0x00000f17) auipc   t5, 0x0
core   0: 3 0x000039e0 (0x00000f17) x30 0x000039e0
core   0: 0x000039e4 (0x123f2023) sw      gp, 288(t5)
core   0: 3 0x000039e4 (0x123f2023) mem 0x00003b00 0x00000001
core   0: >>>>  _exit
core   0: 0x000039e8 (0x0000bfe5) c.j     pc - 8
core   0: 3 0x000039e8 (0xbfe5)
core   0: >>>>  write_tohost
core   0: 0x000039e0 (0x00000f17) auipc   t5, 0x0
core   0: 3 0x000039e0 (0x00000f17) x30 0x000039e0
core   0: 0x000039e4 (0x123f2023) sw      gp, 288(t5)
core   0: 3 0x000039e4 (0x123f2023) mem 0x00003b00 0x00000001
core   0: >>>>  _exit
core   0: 0x000039e8 (0x0000bfe5) c.j     pc - 8
core   0: 3 0x000039e8 (0xbfe5)
core   0: >>>>  write_tohost
core   0: 0x000039e0 (0x00000f17) auipc   t5, 0x0
core   0: 3 0x000039e0 (0x00000f17) x30 0x000039e0
core   0: 0x000039e4 (0x123f2023) sw      gp, 288(t5)
core   0: 3 0x000039e4 (0x123f2023) mem 0x00003b00 0x00000001
core   0: >>>>  _exit
core   0: 0x000039e8 (0x0000bfe5) c.j     pc - 8
core   0: 3 0x000039e8 (0xbfe5)
core   0: >>>>  write_tohost
core   0: 0x000039e0 (0x00000f17) auipc   t5, 0x0
core   0: 3 0x000039e0 (0x00000f17) x30 0x000039e0
core   0: 0x000039e4 (0x123f2023) sw      gp, 288(t5)
core   0: 3 0x000039e4 (0x123f2023) mem 0x00003b00 0x00000001
core   0: >>>>  _exit
core   0: 0x000039e8 (0x0000bfe5) c.j     pc - 8
core   0: 3 0x000039e8 (0xbfe5)
core   0: >>>>  write_tohost
core   0: 0x000039e0 (0x00000f17) auipc   t5, 0x0
core   0: 3 0x000039e0 (0x00000f17) x30 0x000039e0
core   0: 0x000039e4 (0x123f2023) sw      gp, 288(t5)
core   0: 3 0x000039e4 (0x123f2023) mem 0x00003b00 0x00000001
core   0: >>>>  _exit
core   0: 0x000039e8 (0x0000bfe5) c.j     pc - 8
core   0: 3 0x000039e8 (0xbfe5)
core   0: >>>>  write_tohost
core   0: 0x000039e0 (0x00000f17) auipc   t5, 0x0
core   0: 3 0x000039e0 (0x00000f17) x30 0x000039e0
core   0: 0x000039e4 (0x123f2023) sw      gp, 288(t5)
core   0: 3 0x000039e4 (0x123f2023) mem 0x00003b00 0x00000001
core   0: >>>>  _exit
core   0: 0x000039e8 (0x0000bfe5) c.j     pc - 8
core   0: 3 0x000039e8 (0xbfe5)
core   0: >>>>  write_tohost
core   0: 0x000039e0 (0x00000f17) auipc   t5, 0x0
core   0: 3 0x000039e0 (0x00000f17) x30 0x000039e0
core   0: 0x000039e4 (0x123f2023) sw      gp, 288(t5)
core   0: 3 0x000039e4 (0x123f2023) mem 0x00003b00 0x00000001
core   0: >>>>  _exit
core   0: 0x000039e8 (0x0000bfe5) c.j     pc - 8
core   0: 3 0x000039e8 (0xbfe5)
core   0: >>>>  write_tohost
core   0: 0x000039e0 (0x00000f17) auipc   t5, 0x0
core   0: 3 0x000039e0 (0x00000f17) x30 0x000039e0
core   0: 0x000039e4 (0x123f2023) sw      gp, 288(t5)
core   0: 3 0x000039e4 (0x123f2023) mem 0x00003b00 0x00000001
core   0: >>>>  _exit
core   0: 0x000039e8 (0x0000bfe5) c.j     pc - 8
core   0: 3 0x000039e8 (0xbfe5)
core   0: >>>>  write_tohost
core   0: 0x000039e0 (0x00000f17) auipc   t5, 0x0
core   0: 3 0x000039e0 (0x00000f17) x30 0x000039e0
core   0: 0x000039e4 (0x123f2023) sw      gp, 288(t5)
core   0: 3 0x000039e4 (0x123f2023) mem 0x00003b00 0x00000001
core   0: >>>>  _exit
core   0: 0x000039e8 (0x0000bfe5) c.j     pc - 8
core   0: 3 0x000039e8 (0xbfe5)
core   0: >>>>  write_tohost
core   0: 0x000039e0 (0x00000f17) auipc   t5, 0x0
core   0: 3 0x000039e0 (0x00000f17) x30 0x000039e0
core   0: 0x000039e4 (0x123f2023) sw      gp, 288(t5)
core   0: 3 0x000039e4 (0x123f2023) mem 0x00003b00 0x00000001
core   0: >>>>  _exit
core   0: 0x000039e8 (0x0000bfe5) c.j     pc - 8
core   0: 3 0x000039e8 (0xbfe5)
core   0: >>>>  write_tohost
core   0: 0x000039e0 (0x00000f17) auipc   t5, 0x0
core   0: 3 0x000039e0 (0x00000f17) x30 0x000039e0
core   0: 0x000039e4 (0x123f2023) sw      gp, 288(t5)
core   0: 3 0x000039e4 (0x123f2023) mem 0x00003b00 0x00000001
core   0: >>>>  _exit
core   0: 0x000039e8 (0x0000bfe5) c.j     pc - 8
core   0: 3 0x000039e8 (0xbfe5)
core   0: >>>>  write_tohost
core   0: 0x000039e0 (0x00000f17) auipc   t5, 0x0
core   0: 3 0x000039e0 (0x00000f17) x30 0x000039e0
core   0: 0x000039e4 (0x123f2023) sw      gp, 288(t5)
core   0: 3 0x000039e4 (0x123f2023) mem 0x00003b00 0x00000001
core   0: >>>>  _exit
core   0: 0x000039e8 (0x0000bfe5) c.j     pc - 8
core   0: 3 0x000039e8 (0xbfe5)
core   0: >>>>  write_tohost
core   0: 0x000039e0 (0x00000f17) auipc   t5, 0x0
core   0: 3 0x000039e0 (0x00000f17) x30 0x000039e0
core   0: 0x000039e4 (0x123f2023) sw      gp, 288(t5)
core   0: 3 0x000039e4 (0x123f2023) mem 0x00003b00 0x00000001
core   0: >>>>  _exit
core   0: 0x000039e8 (0x0000bfe5) c.j     pc - 8
core   0: 3 0x000039e8 (0xbfe5)
core   0: >>>>  write_tohost
core   0: 0x000039e0 (0x00000f17) auipc   t5, 0x0
core   0: 3 0x000039e0 (0x00000f17) x30 0x000039e0
core   0: 0x000039e4 (0x123f2023) sw      gp, 288(t5)
core   0: 3 0x000039e4 (0x123f2023) mem 0x00003b00 0x00000001
core   0: >>>>  _exit
core   0: 0x000039e8 (0x0000bfe5) c.j     pc - 8
core   0: 3 0x000039e8 (0xbfe5)
core   0: >>>>  write_tohost
core   0: 0x000039e0 (0x00000f17) auipc   t5, 0x0
core   0: 3 0x000039e0 (0x00000f17) x30 0x000039e0
core   0: 0x000039e4 (0x123f2023) sw      gp, 288(t5)
core   0: 3 0x000039e4 (0x123f2023) mem 0x00003b00 0x00000001
core   0: >>>>  _exit
core   0: 0x000039e8 (0x0000bfe5) c.j     pc - 8
core   0: 3 0x000039e8 (0xbfe5)
core   0: >>>>  write_tohost
core   0: 0x000039e0 (0x00000f17) auipc   t5, 0x0
core   0: 3 0x000039e0 (0x00000f17) x30 0x000039e0
core   0: 0x000039e4 (0x123f2023) sw      gp, 288(t5)
core   0: 3 0x000039e4 (0x123f2023) mem 0x00003b00 0x00000001
core   0: >>>>  _exit
core   0: 0x000039e8 (0x0000bfe5) c.j     pc - 8
core   0: 3 0x000039e8 (0xbfe5)
core   0: >>>>  write_tohost
core   0: 0x000039e0 (0x00000f17) auipc   t5, 0x0
core   0: 3 0x000039e0 (0x00000f17) x30 0x000039e0
core   0: 0x000039e4 (0x123f2023) sw      gp, 288(t5)
core   0: 3 0x000039e4 (0x123f2023) mem 0x00003b00 0x00000001
core   0: >>>>  _exit
core   0: 0x000039e8 (0x0000bfe5) c.j     pc - 8
core   0: 3 0x000039e8 (0xbfe5)
core   0: >>>>  write_tohost
core   0: 0x000039e0 (0x00000f17) auipc   t5, 0x0
core   0: 3 0x000039e0 (0x00000f17) x30 0x000039e0
core   0: 0x000039e4 (0x123f2023) sw      gp, 288(t5)
core   0: 3 0x000039e4 (0x123f2023) mem 0x00003b00 0x00000001
core   0: >>>>  _exit
core   0: 0x000039e8 (0x0000bfe5) c.j     pc - 8
core   0: 3 0x000039e8 (0xbfe5)
core   0: >>>>  write_tohost
core   0: 0x000039e0 (0x00000f17) auipc   t5, 0x0
core   0: 3 0x000039e0 (0x00000f17) x30 0x000039e0
core   0: 0x000039e4 (0x123f2023) sw      gp, 288(t5)
core   0: 3 0x000039e4 (0x123f2023) mem 0x00003b00 0x00000001
core   0: >>>>  _exit
core   0: 0x000039e8 (0x0000bfe5) c.j     pc - 8
core   0: 3 0x000039e8 (0xbfe5)
core   0: >>>>  write_tohost
core   0: 0x000039e0 (0x00000f17) auipc   t5, 0x0
core   0: 3 0x000039e0 (0x00000f17) x30 0x000039e0
core   0: 0x000039e4 (0x123f2023) sw      gp, 288(t5)
core   0: 3 0x000039e4 (0x123f2023) mem 0x00003b00 0x00000001
core   0: >>>>  _exit
core   0: 0x000039e8 (0x0000bfe5) c.j     pc - 8
core   0: 3 0x000039e8 (0xbfe5)
core   0: >>>>  write_tohost
core   0: 0x000039e0 (0x00000f17) auipc   t5, 0x0
core   0: 3 0x000039e0 (0x00000f17) x30 0x000039e0
core   0: 0x000039e4 (0x123f2023) sw      gp, 288(t5)
core   0: 3 0x000039e4 (0x123f2023) mem 0x00003b00 0x00000001
core   0: >>>>  _exit
core   0: 0x000039e8 (0x0000bfe5) c.j     pc - 8
core   0: 3 0x000039e8 (0xbfe5)
core   0: >>>>  write_tohost
core   0: 0x000039e0 (0x00000f17) auipc   t5, 0x0
core   0: 3 0x000039e0 (0x00000f17) x30 0x000039e0
core   0: 0x000039e4 (0x123f2023) sw      gp, 288(t5)
core   0: 3 0x000039e4 (0x123f2023) mem 0x00003b00 0x00000001
core   0: >>>>  _exit
core   0: 0x000039e8 (0x0000bfe5) c.j     pc - 8
core   0: 3 0x000039e8 (0xbfe5)
core   0: >>>>  write_tohost
core   0: 0x000039e0 (0x00000f17) auipc   t5, 0x0
core   0: 3 0x000039e0 (0x00000f17) x30 0x000039e0
core   0: 0x000039e4 (0x123f2023) sw      gp, 288(t5)
core   0: 3 0x000039e4 (0x123f2023) mem 0x00003b00 0x00000001
core   0: >>>>  _exit
core   0: 0x000039e8 (0x0000bfe5) c.j     pc - 8
core   0: 3 0x000039e8 (0xbfe5)
core   0: >>>>  write_tohost
core   0: 0x000039e0 (0x00000f17) auipc   t5, 0x0
core   0: 3 0x000039e0 (0x00000f17) x30 0x000039e0
core   0: 0x000039e4 (0x123f2023) sw      gp, 288(t5)
core   0: 3 0x000039e4 (0x123f2023) mem 0x00003b00 0x00000001
core   0: >>>>  _exit
core   0: 0x000039e8 (0x0000bfe5) c.j     pc - 8
core   0: 3 0x000039e8 (0xbfe5)
core   0: >>>>  write_tohost
core   0: 0x000039e0 (0x00000f17) auipc   t5, 0x0
core   0: 3 0x000039e0 (0x00000f17) x30 0x000039e0
core   0: 0x000039e4 (0x123f2023) sw      gp, 288(t5)
core   0: 3 0x000039e4 (0x123f2023) mem 0x00003b00 0x00000001
core   0: >>>>  _exit
core   0: 0x000039e8 (0x0000bfe5) c.j     pc - 8
core   0: 3 0x000039e8 (0xbfe5)
core   0: >>>>  write_tohost
core   0: 0x000039e0 (0x00000f17) auipc   t5, 0x0
core   0: 3 0x000039e0 (0x00000f17) x30 0x000039e0
core   0: 0x000039e4 (0x123f2023) sw      gp, 288(t5)
core   0: 3 0x000039e4 (0x123f2023) mem 0x00003b00 0x00000001
core   0: >>>>  _exit
core   0: 0x000039e8 (0x0000bfe5) c.j     pc - 8
core   0: 3 0x000039e8 (0xbfe5)
core   0: >>>>  write_tohost
core   0: 0x000039e0 (0x00000f17) auipc   t5, 0x0
core   0: 3 0x000039e0 (0x00000f17) x30 0x000039e0
core   0: 0x000039e4 (0x123f2023) sw      gp, 288(t5)
core   0: 3 0x000039e4 (0x123f2023) mem 0x00003b00 0x00000001
core   0: >>>>  _exit
core   0: 0x000039e8 (0x0000bfe5) c.j     pc - 8
core   0: 3 0x000039e8 (0xbfe5)
core   0: >>>>  write_tohost
core   0: 0x000039e0 (0x00000f17) auipc   t5, 0x0
core   0: 3 0x000039e0 (0x00000f17) x30 0x000039e0
core   0: 0x000039e4 (0x123f2023) sw      gp, 288(t5)
core   0: 3 0x000039e4 (0x123f2023) mem 0x00003b00 0x00000001
core   0: >>>>  _exit
core   0: 0x000039e8 (0x0000bfe5) c.j     pc - 8
core   0: 3 0x000039e8 (0xbfe5)
core   0: >>>>  write_tohost
core   0: 0x000039e0 (0x00000f17) auipc   t5, 0x0
core   0: 3 0x000039e0 (0x00000f17) x30 0x000039e0
core   0: 0x000039e4 (0x123f2023) sw      gp, 288(t5)
core   0: 3 0x000039e4 (0x123f2023) mem 0x00003b00 0x00000001
core   0: >>>>  _exit
core   0: 0x000039e8 (0x0000bfe5) c.j     pc - 8
core   0: 3 0x000039e8 (0xbfe5)
core   0: >>>>  write_tohost
core   0: 0x000039e0 (0x00000f17) auipc   t5, 0x0
core   0: 3 0x000039e0 (0x00000f17) x30 0x000039e0
core   0: 0x000039e4 (0x123f2023) sw      gp, 288(t5)
core   0: 3 0x000039e4 (0x123f2023) mem 0x00003b00 0x00000001
core   0: >>>>  _exit
core   0: 0x000039e8 (0x0000bfe5) c.j     pc - 8
core   0: 3 0x000039e8 (0xbfe5)
core   0: >>>>  write_tohost
core   0: 0x000039e0 (0x00000f17) auipc   t5, 0x0
core   0: 3 0x000039e0 (0x00000f17) x30 0x000039e0
core   0: 0x000039e4 (0x123f2023) sw      gp, 288(t5)
core   0: 3 0x000039e4 (0x123f2023) mem 0x00003b00 0x00000001
core   0: >>>>  _exit
core   0: 0x000039e8 (0x0000bfe5) c.j     pc - 8
core   0: 3 0x000039e8 (0xbfe5)
core   0: >>>>  write_tohost
core   0: 0x000039e0 (0x00000f17) auipc   t5, 0x0
core   0: 3 0x000039e0 (0x00000f17) x30 0x000039e0
core   0: 0x000039e4 (0x123f2023) sw      gp, 288(t5)
core   0: 3 0x000039e4 (0x123f2023) mem 0x00003b00 0x00000001
core   0: >>>>  _exit
core   0: 0x000039e8 (0x0000bfe5) c.j     pc - 8
core   0: 3 0x000039e8 (0xbfe5)
core   0: >>>>  write_tohost
core   0: 0x000039e0 (0x00000f17) auipc   t5, 0x0
core   0: 3 0x000039e0 (0x00000f17) x30 0x000039e0
core   0: 0x000039e4 (0x123f2023) sw      gp, 288(t5)
core   0: 3 0x000039e4 (0x123f2023) mem 0x00003b00 0x00000001
core   0: >>>>  _exit
core   0: 0x000039e8 (0x0000bfe5) c.j     pc - 8
core   0: 3 0x000039e8 (0xbfe5)
core   0: >>>>  write_tohost
core   0: 0x000039e0 (0x00000f17) auipc   t5, 0x0
core   0: 3 0x000039e0 (0x00000f17) x30 0x000039e0
core   0: 0x000039e4 (0x123f2023) sw      gp, 288(t5)
core   0: 3 0x000039e4 (0x123f2023) mem 0x00003b00 0x00000001
core   0: >>>>  _exit
core   0: 0x000039e8 (0x0000bfe5) c.j     pc - 8
core   0: 3 0x000039e8 (0xbfe5)
core   0: >>>>  write_tohost
core   0: 0x000039e0 (0x00000f17) auipc   t5, 0x0
core   0: 3 0x000039e0 (0x00000f17) x30 0x000039e0
core   0: 0x000039e4 (0x123f2023) sw      gp, 288(t5)
core   0: 3 0x000039e4 (0x123f2023) mem 0x00003b00 0x00000001
core   0: >>>>  _exit
core   0: 0x000039e8 (0x0000bfe5) c.j     pc - 8
core   0: 3 0x000039e8 (0xbfe5)
core   0: >>>>  write_tohost
core   0: 0x000039e0 (0x00000f17) auipc   t5, 0x0
core   0: 3 0x000039e0 (0x00000f17) x30 0x000039e0
core   0: 0x000039e4 (0x123f2023) sw      gp, 288(t5)
core   0: 3 0x000039e4 (0x123f2023) mem 0x00003b00 0x00000001
core   0: >>>>  _exit
core   0: 0x000039e8 (0x0000bfe5) c.j     pc - 8
core   0: 3 0x000039e8 (0xbfe5)
core   0: >>>>  write_tohost
core   0: 0x000039e0 (0x00000f17) auipc   t5, 0x0
core   0: 3 0x000039e0 (0x00000f17) x30 0x000039e0
core   0: 0x000039e4 (0x123f2023) sw      gp, 288(t5)
core   0: 3 0x000039e4 (0x123f2023) mem 0x00003b00 0x00000001
core   0: >>>>  _exit
core   0: 0x000039e8 (0x0000bfe5) c.j     pc - 8
core   0: 3 0x000039e8 (0xbfe5)
core   0: >>>>  write_tohost
core   0: 0x000039e0 (0x00000f17) auipc   t5, 0x0
core   0: 3 0x000039e0 (0x00000f17) x30 0x000039e0
core   0: 0x000039e4 (0x123f2023) sw      gp, 288(t5)
core   0: 3 0x000039e4 (0x123f2023) mem 0x00003b00 0x00000001
core   0: >>>>  _exit
core   0: 0x000039e8 (0x0000bfe5) c.j     pc - 8
core   0: 3 0x000039e8 (0xbfe5)
core   0: >>>>  write_tohost
core   0: 0x000039e0 (0x00000f17) auipc   t5, 0x0
core   0: 3 0x000039e0 (0x00000f17) x30 0x000039e0
core   0: 0x000039e4 (0x123f2023) sw      gp, 288(t5)
core   0: 3 0x000039e4 (0x123f2023) mem 0x00003b00 0x00000001
core   0: >>>>  _exit
core   0: 0x000039e8 (0x0000bfe5) c.j     pc - 8
core   0: 3 0x000039e8 (0xbfe5)
core   0: >>>>  write_tohost
core   0: 0x000039e0 (0x00000f17) auipc   t5, 0x0
core   0: 3 0x000039e0 (0x00000f17) x30 0x000039e0
core   0: 0x000039e4 (0x123f2023) sw      gp, 288(t5)
core   0: 3 0x000039e4 (0x123f2023) mem 0x00003b00 0x00000001
core   0: >>>>  _exit
core   0: 0x000039e8 (0x0000bfe5) c.j     pc - 8
core   0: 3 0x000039e8 (0xbfe5)
core   0: >>>>  write_tohost
core   0: 0x000039e0 (0x00000f17) auipc   t5, 0x0
core   0: 3 0x000039e0 (0x00000f17) x30 0x000039e0
core   0: 0x000039e4 (0x123f2023) sw      gp, 288(t5)
core   0: 3 0x000039e4 (0x123f2023) mem 0x00003b00 0x00000001
core   0: >>>>  _exit
core   0: 0x000039e8 (0x0000bfe5) c.j     pc - 8
core   0: 3 0x000039e8 (0xbfe5)
core   0: >>>>  write_tohost
core   0: 0x000039e0 (0x00000f17) auipc   t5, 0x0
core   0: 3 0x000039e0 (0x00000f17) x30 0x000039e0
core   0: 0x000039e4 (0x123f2023) sw      gp, 288(t5)
core   0: 3 0x000039e4 (0x123f2023) mem 0x00003b00 0x00000001
core   0: >>>>  _exit
core   0: 0x000039e8 (0x0000bfe5) c.j     pc - 8
core   0: 3 0x000039e8 (0xbfe5)
core   0: >>>>  write_tohost
core   0: 0x000039e0 (0x00000f17) auipc   t5, 0x0
core   0: 3 0x000039e0 (0x00000f17) x30 0x000039e0
core   0: 0x000039e4 (0x123f2023) sw      gp, 288(t5)
core   0: 3 0x000039e4 (0x123f2023) mem 0x00003b00 0x00000001
core   0: >>>>  _exit
core   0: 0x000039e8 (0x0000bfe5) c.j     pc - 8
core   0: 3 0x000039e8 (0xbfe5)
core   0: >>>>  write_tohost
core   0: 0x000039e0 (0x00000f17) auipc   t5, 0x0
core   0: 3 0x000039e0 (0x00000f17) x30 0x000039e0
core   0: 0x000039e4 (0x123f2023) sw      gp, 288(t5)
core   0: 3 0x000039e4 (0x123f2023) mem 0x00003b00 0x00000001
core   0: >>>>  _exit
core   0: 0x000039e8 (0x0000bfe5) c.j     pc - 8
core   0: 3 0x000039e8 (0xbfe5)
core   0: >>>>  write_tohost
core   0: 0x000039e0 (0x00000f17) auipc   t5, 0x0
core   0: 3 0x000039e0 (0x00000f17) x30 0x000039e0
core   0: 0x000039e4 (0x123f2023) sw      gp, 288(t5)
core   0: 3 0x000039e4 (0x123f2023) mem 0x00003b00 0x00000001
core   0: >>>>  _exit
core   0: 0x000039e8 (0x0000bfe5) c.j     pc - 8
core   0: 3 0x000039e8 (0xbfe5)
core   0: >>>>  write_tohost
core   0: 0x000039e0 (0x00000f17) auipc   t5, 0x0
core   0: 3 0x000039e0 (0x00000f17) x30 0x000039e0
core   0: 0x000039e4 (0x123f2023) sw      gp, 288(t5)
core   0: 3 0x000039e4 (0x123f2023) mem 0x00003b00 0x00000001
core   0: >>>>  _exit
core   0: 0x000039e8 (0x0000bfe5) c.j     pc - 8
core   0: 3 0x000039e8 (0xbfe5)
core   0: >>>>  write_tohost
core   0: 0x000039e0 (0x00000f17) auipc   t5, 0x0
core   0: 3 0x000039e0 (0x00000f17) x30 0x000039e0
core   0: 0x000039e4 (0x123f2023) sw      gp, 288(t5)
core   0: 3 0x000039e4 (0x123f2023) mem 0x00003b00 0x00000001
core   0: >>>>  _exit
core   0: 0x000039e8 (0x0000bfe5) c.j     pc - 8
core   0: 3 0x000039e8 (0xbfe5)
core   0: >>>>  write_tohost
core   0: 0x000039e0 (0x00000f17) auipc   t5, 0x0
core   0: 3 0x000039e0 (0x00000f17) x30 0x000039e0
core   0: 0x000039e4 (0x123f2023) sw      gp, 288(t5)
core   0: 3 0x000039e4 (0x123f2023) mem 0x00003b00 0x00000001
core   0: >>>>  _exit
core   0: 0x000039e8 (0x0000bfe5) c.j     pc - 8
core   0: 3 0x000039e8 (0xbfe5)
core   0: >>>>  write_tohost
core   0: 0x000039e0 (0x00000f17) auipc   t5, 0x0
core   0: 3 0x000039e0 (0x00000f17) x30 0x000039e0
core   0: 0x000039e4 (0x123f2023) sw      gp, 288(t5)
core   0: 3 0x000039e4 (0x123f2023) mem 0x00003b00 0x00000001
core   0: >>>>  _exit
core   0: 0x000039e8 (0x0000bfe5) c.j     pc - 8
core   0: 3 0x000039e8 (0xbfe5)
core   0: >>>>  write_tohost
core   0: 0x000039e0 (0x00000f17) auipc   t5, 0x0
core   0: 3 0x000039e0 (0x00000f17) x30 0x000039e0
core   0: 0x000039e4 (0x123f2023) sw      gp, 288(t5)
core   0: 3 0x000039e4 (0x123f2023) mem 0x00003b00 0x00000001
core   0: >>>>  _exit
core   0: 0x000039e8 (0x0000bfe5) c.j     pc - 8
core   0: 3 0x000039e8 (0xbfe5)
core   0: >>>>  write_tohost
core   0: 0x000039e0 (0x00000f17) auipc   t5, 0x0
core   0: 3 0x000039e0 (0x00000f17) x30 0x000039e0
core   0: 0x000039e4 (0x123f2023) sw      gp, 288(t5)
core   0: 3 0x000039e4 (0x123f2023) mem 0x00003b00 0x00000001
core   0: >>>>  _exit
core   0: 0x000039e8 (0x0000bfe5) c.j     pc - 8
core   0: 3 0x000039e8 (0xbfe5)
core   0: >>>>  write_tohost
core   0: 0x000039e0 (0x00000f17) auipc   t5, 0x0
core   0: 3 0x000039e0 (0x00000f17) x30 0x000039e0
core   0: 0x000039e4 (0x123f2023) sw      gp, 288(t5)
core   0: 3 0x000039e4 (0x123f2023) mem 0x00003b00 0x00000001
core   0: >>>>  _exit
core   0: 0x000039e8 (0x0000bfe5) c.j     pc - 8
core   0: 3 0x000039e8 (0xbfe5)
core   0: >>>>  write_tohost
core   0: 0x000039e0 (0x00000f17) auipc   t5, 0x0
core   0: 3 0x000039e0 (0x00000f17) x30 0x000039e0
core   0: 0x000039e4 (0x123f2023) sw      gp, 288(t5)
core   0: 3 0x000039e4 (0x123f2023) mem 0x00003b00 0x00000001
core   0: >>>>  _exit
core   0: 0x000039e8 (0x0000bfe5) c.j     pc - 8
core   0: 3 0x000039e8 (0xbfe5)
core   0: >>>>  write_tohost
core   0: 0x000039e0 (0x00000f17) auipc   t5, 0x0
core   0: 3 0x000039e0 (0x00000f17) x30 0x000039e0
core   0: 0x000039e4 (0x123f2023) sw      gp, 288(t5)
core   0: 3 0x000039e4 (0x123f2023) mem 0x00003b00 0x00000001
core   0: >>>>  _exit
core   0: 0x000039e8 (0x0000bfe5) c.j     pc - 8
core   0: 3 0x000039e8 (0xbfe5)
core   0: >>>>  write_tohost
core   0: 0x000039e0 (0x00000f17) auipc   t5, 0x0
core   0: 3 0x000039e0 (0x00000f17) x30 0x000039e0
core   0: 0x000039e4 (0x123f2023) sw      gp, 288(t5)
core   0: 3 0x000039e4 (0x123f2023) mem 0x00003b00 0x00000001
core   0: >>>>  _exit
core   0: 0x000039e8 (0x0000bfe5) c.j     pc - 8
core   0: 3 0x000039e8 (0xbfe5)
core   0: >>>>  write_tohost
core   0: 0x000039e0 (0x00000f17) auipc   t5, 0x0
core   0: 3 0x000039e0 (0x00000f17) x30 0x000039e0
core   0: 0x000039e4 (0x123f2023) sw      gp, 288(t5)
core   0: 3 0x000039e4 (0x123f2023) mem 0x00003b00 0x00000001
core   0: >>>>  _exit
core   0: 0x000039e8 (0x0000bfe5) c.j     pc - 8
core   0: 3 0x000039e8 (0xbfe5)
core   0: >>>>  write_tohost
core   0: 0x000039e0 (0x00000f17) auipc   t5, 0x0
core   0: 3 0x000039e0 (0x00000f17) x30 0x000039e0
core   0: 0x000039e4 (0x123f2023) sw      gp, 288(t5)
core   0: 3 0x000039e4 (0x123f2023) mem 0x00003b00 0x00000001
core   0: >>>>  _exit
core   0: 0x000039e8 (0x0000bfe5) c.j     pc - 8
core   0: 3 0x000039e8 (0xbfe5)
core   0: >>>>  write_tohost
core   0: 0x000039e0 (0x00000f17) auipc   t5, 0x0
core   0: 3 0x000039e0 (0x00000f17) x30 0x000039e0
core   0: 0x000039e4 (0x123f2023) sw      gp, 288(t5)
core   0: 3 0x000039e4 (0x123f2023) mem 0x00003b00 0x00000001
core   0: >>>>  _exit
core   0: 0x000039e8 (0x0000bfe5) c.j     pc - 8
core   0: 3 0x000039e8 (0xbfe5)
core   0: >>>>  write_tohost
core   0: 0x000039e0 (0x00000f17) auipc   t5, 0x0
core   0: 3 0x000039e0 (0x00000f17) x30 0x000039e0
core   0: 0x000039e4 (0x123f2023) sw      gp, 288(t5)
core   0: 3 0x000039e4 (0x123f2023) mem 0x00003b00 0x00000001
core   0: >>>>  _exit
core   0: 0x000039e8 (0x0000bfe5) c.j     pc - 8
core   0: 3 0x000039e8 (0xbfe5)
core   0: >>>>  write_tohost
core   0: 0x000039e0 (0x00000f17) auipc   t5, 0x0
core   0: 3 0x000039e0 (0x00000f17) x30 0x000039e0
core   0: 0x000039e4 (0x123f2023) sw      gp, 288(t5)
core   0: 3 0x000039e4 (0x123f2023) mem 0x00003b00 0x00000001
core   0: >>>>  _exit
core   0: 0x000039e8 (0x0000bfe5) c.j     pc - 8
core   0: 3 0x000039e8 (0xbfe5)
core   0: >>>>  write_tohost
core   0: 0x000039e0 (0x00000f17) auipc   t5, 0x0
core   0: 3 0x000039e0 (0x00000f17) x30 0x000039e0
core   0: 0x000039e4 (0x123f2023) sw      gp, 288(t5)
core   0: 3 0x000039e4 (0x123f2023) mem 0x00003b00 0x00000001
core   0: >>>>  _exit
core   0: 0x000039e8 (0x0000bfe5) c.j     pc - 8
core   0: 3 0x000039e8 (0xbfe5)
core   0: >>>>  write_tohost
core   0: 0x000039e0 (0x00000f17) auipc   t5, 0x0
core   0: 3 0x000039e0 (0x00000f17) x30 0x000039e0
core   0: 0x000039e4 (0x123f2023) sw      gp, 288(t5)
core   0: 3 0x000039e4 (0x123f2023) mem 0x00003b00 0x00000001
core   0: >>>>  _exit
core   0: 0x000039e8 (0x0000bfe5) c.j     pc - 8
core   0: 3 0x000039e8 (0xbfe5)
core   0: >>>>  write_tohost
core   0: 0x000039e0 (0x00000f17) auipc   t5, 0x0
core   0: 3 0x000039e0 (0x00000f17) x30 0x000039e0
core   0: 0x000039e4 (0x123f2023) sw      gp, 288(t5)
core   0: 3 0x000039e4 (0x123f2023) mem 0x00003b00 0x00000001
core   0: >>>>  _exit
core   0: 0x000039e8 (0x0000bfe5) c.j     pc - 8
core   0: 3 0x000039e8 (0xbfe5)
core   0: >>>>  write_tohost
core   0: 0x000039e0 (0x00000f17) auipc   t5, 0x0
core   0: 3 0x000039e0 (0x00000f17) x30 0x000039e0
core   0: 0x000039e4 (0x123f2023) sw      gp, 288(t5)
core   0: 3 0x000039e4 (0x123f2023) mem 0x00003b00 0x00000001
core   0: >>>>  _exit
core   0: 0x000039e8 (0x0000bfe5) c.j     pc - 8
core   0: 3 0x000039e8 (0xbfe5)
core   0: >>>>  write_tohost
core   0: 0x000039e0 (0x00000f17) auipc   t5, 0x0
core   0: 3 0x000039e0 (0x00000f17) x30 0x000039e0
core   0: 0x000039e4 (0x123f2023) sw      gp, 288(t5)
core   0: 3 0x000039e4 (0x123f2023) mem 0x00003b00 0x00000001
core   0: >>>>  _exit
core   0: 0x000039e8 (0x0000bfe5) c.j     pc - 8
core   0: 3 0x000039e8 (0xbfe5)
core   0: >>>>  write_tohost
core   0: 0x000039e0 (0x00000f17) auipc   t5, 0x0
core   0: 3 0x000039e0 (0x00000f17) x30 0x000039e0
core   0: 0x000039e4 (0x123f2023) sw      gp, 288(t5)
core   0: 3 0x000039e4 (0x123f2023) mem 0x00003b00 0x00000001
core   0: >>>>  _exit
core   0: 0x000039e8 (0x0000bfe5) c.j     pc - 8
core   0: 3 0x000039e8 (0xbfe5)
core   0: >>>>  write_tohost
core   0: 0x000039e0 (0x00000f17) auipc   t5, 0x0
core   0: 3 0x000039e0 (0x00000f17) x30 0x000039e0
core   0: 0x000039e4 (0x123f2023) sw      gp, 288(t5)
core   0: 3 0x000039e4 (0x123f2023) mem 0x00003b00 0x00000001
core   0: >>>>  _exit
core   0: 0x000039e8 (0x0000bfe5) c.j     pc - 8
core   0: 3 0x000039e8 (0xbfe5)
core   0: >>>>  write_tohost
core   0: 0x000039e0 (0x00000f17) auipc   t5, 0x0
core   0: 3 0x000039e0 (0x00000f17) x30 0x000039e0
core   0: 0x000039e4 (0x123f2023) sw      gp, 288(t5)
core   0: 3 0x000039e4 (0x123f2023) mem 0x00003b00 0x00000001
core   0: >>>>  _exit
core   0: 0x000039e8 (0x0000bfe5) c.j     pc - 8
core   0: 3 0x000039e8 (0xbfe5)
core   0: >>>>  write_tohost
core   0: 0x000039e0 (0x00000f17) auipc   t5, 0x0
core   0: 3 0x000039e0 (0x00000f17) x30 0x000039e0
core   0: 0x000039e4 (0x123f2023) sw      gp, 288(t5)
core   0: 3 0x000039e4 (0x123f2023) mem 0x00003b00 0x00000001
core   0: >>>>  _exit
core   0: 0x000039e8 (0x0000bfe5) c.j     pc - 8
core   0: 3 0x000039e8 (0xbfe5)
core   0: >>>>  write_tohost
core   0: 0x000039e0 (0x00000f17) auipc   t5, 0x0
core   0: 3 0x000039e0 (0x00000f17) x30 0x000039e0
core   0: 0x000039e4 (0x123f2023) sw      gp, 288(t5)
core   0: 3 0x000039e4 (0x123f2023) mem 0x00003b00 0x00000001
core   0: >>>>  _exit
core   0: 0x000039e8 (0x0000bfe5) c.j     pc - 8
core   0: 3 0x000039e8 (0xbfe5)
core   0: >>>>  write_tohost
core   0: 0x000039e0 (0x00000f17) auipc   t5, 0x0
core   0: 3 0x000039e0 (0x00000f17) x30 0x000039e0
core   0: 0x000039e4 (0x123f2023) sw      gp, 288(t5)
core   0: 3 0x000039e4 (0x123f2023) mem 0x00003b00 0x00000001
core   0: >>>>  _exit
core   0: 0x000039e8 (0x0000bfe5) c.j     pc - 8
core   0: 3 0x000039e8 (0xbfe5)
core   0: >>>>  write_tohost
core   0: 0x000039e0 (0x00000f17) auipc   t5, 0x0
core   0: 3 0x000039e0 (0x00000f17) x30 0x000039e0
core   0: 0x000039e4 (0x123f2023) sw      gp, 288(t5)
core   0: 3 0x000039e4 (0x123f2023) mem 0x00003b00 0x00000001
core   0: >>>>  _exit
core   0: 0x000039e8 (0x0000bfe5) c.j     pc - 8
core   0: 3 0x000039e8 (0xbfe5)
core   0: >>>>  write_tohost
core   0: 0x000039e0 (0x00000f17) auipc   t5, 0x0
core   0: 3 0x000039e0 (0x00000f17) x30 0x000039e0
core   0: 0x000039e4 (0x123f2023) sw      gp, 288(t5)
core   0: 3 0x000039e4 (0x123f2023) mem 0x00003b00 0x00000001
core   0: >>>>  _exit
core   0: 0x000039e8 (0x0000bfe5) c.j     pc - 8
core   0: 3 0x000039e8 (0xbfe5)
core   0: >>>>  write_tohost
core   0: 0x000039e0 (0x00000f17) auipc   t5, 0x0
core   0: 3 0x000039e0 (0x00000f17) x30 0x000039e0
core   0: 0x000039e4 (0x123f2023) sw      gp, 288(t5)
core   0: 3 0x000039e4 (0x123f2023) mem 0x00003b00 0x00000001
core   0: >>>>  _exit
core   0: 0x000039e8 (0x0000bfe5) c.j     pc - 8
core   0: 3 0x000039e8 (0xbfe5)
core   0: >>>>  write_tohost
core   0: 0x000039e0 (0x00000f17) auipc   t5, 0x0
core   0: 3 0x000039e0 (0x00000f17) x30 0x000039e0
core   0: 0x000039e4 (0x123f2023) sw      gp, 288(t5)
core   0: 3 0x000039e4 (0x123f2023) mem 0x00003b00 0x00000001
core   0: >>>>  _exit
core   0: 0x000039e8 (0x0000bfe5) c.j     pc - 8
core   0: 3 0x000039e8 (0xbfe5)
core   0: >>>>  write_tohost
core   0: 0x000039e0 (0x00000f17) auipc   t5, 0x0
core   0: 3 0x000039e0 (0x00000f17) x30 0x000039e0
core   0: 0x000039e4 (0x123f2023) sw      gp, 288(t5)
core   0: 3 0x000039e4 (0x123f2023) mem 0x00003b00 0x00000001
core   0: >>>>  _exit
core   0: 0x000039e8 (0x0000bfe5) c.j     pc - 8
core   0: 3 0x000039e8 (0xbfe5)
core   0: >>>>  write_tohost
core   0: 0x000039e0 (0x00000f17) auipc   t5, 0x0
core   0: 3 0x000039e0 (0x00000f17) x30 0x000039e0
core   0: 0x000039e4 (0x123f2023) sw      gp, 288(t5)
core   0: 3 0x000039e4 (0x123f2023) mem 0x00003b00 0x00000001
core   0: >>>>  _exit
core   0: 0x000039e8 (0x0000bfe5) c.j     pc - 8
core   0: 3 0x000039e8 (0xbfe5)
core   0: >>>>  write_tohost
core   0: 0x000039e0 (0x00000f17) auipc   t5, 0x0
core   0: 3 0x000039e0 (0x00000f17) x30 0x000039e0
core   0: 0x000039e4 (0x123f2023) sw      gp, 288(t5)
core   0: 3 0x000039e4 (0x123f2023) mem 0x00003b00 0x00000001
core   0: >>>>  _exit
core   0: 0x000039e8 (0x0000bfe5) c.j     pc - 8
core   0: 3 0x000039e8 (0xbfe5)
core   0: >>>>  write_tohost
core   0: 0x000039e0 (0x00000f17) auipc   t5, 0x0
core   0: 3 0x000039e0 (0x00000f17) x30 0x000039e0
core   0: 0x000039e4 (0x123f2023) sw      gp, 288(t5)
core   0: 3 0x000039e4 (0x123f2023) mem 0x00003b00 0x00000001
core   0: >>>>  _exit
core   0: 0x000039e8 (0x0000bfe5) c.j     pc - 8
core   0: 3 0x000039e8 (0xbfe5)
core   0: >>>>  write_tohost
core   0: 0x000039e0 (0x00000f17) auipc   t5, 0x0
core   0: 3 0x000039e0 (0x00000f17) x30 0x000039e0
core   0: 0x000039e4 (0x123f2023) sw      gp, 288(t5)
core   0: 3 0x000039e4 (0x123f2023) mem 0x00003b00 0x00000001
core   0: >>>>  _exit
core   0: 0x000039e8 (0x0000bfe5) c.j     pc - 8
core   0: 3 0x000039e8 (0xbfe5)
core   0: >>>>  write_tohost
core   0: 0x000039e0 (0x00000f17) auipc   t5, 0x0
core   0: 3 0x000039e0 (0x00000f17) x30 0x000039e0
core   0: 0x000039e4 (0x123f2023) sw      gp, 288(t5)
core   0: 3 0x000039e4 (0x123f2023) mem 0x00003b00 0x00000001
core   0: >>>>  _exit
core   0: 0x000039e8 (0x0000bfe5) c.j     pc - 8
core   0: 3 0x000039e8 (0xbfe5)
core   0: >>>>  write_tohost
core   0: 0x000039e0 (0x00000f17) auipc   t5, 0x0
core   0: 3 0x000039e0 (0x00000f17) x30 0x000039e0
core   0: 0x000039e4 (0x123f2023) sw      gp, 288(t5)
core   0: 3 0x000039e4 (0x123f2023) mem 0x00003b00 0x00000001
core   0: >>>>  _exit
core   0: 0x000039e8 (0x0000bfe5) c.j     pc - 8
core   0: 3 0x000039e8 (0xbfe5)
core   0: >>>>  write_tohost
core   0: 0x000039e0 (0x00000f17) auipc   t5, 0x0
core   0: 3 0x000039e0 (0x00000f17) x30 0x000039e0
core   0: 0x000039e4 (0x123f2023) sw      gp, 288(t5)
core   0: 3 0x000039e4 (0x123f2023) mem 0x00003b00 0x00000001
core   0: >>>>  _exit
core   0: 0x000039e8 (0x0000bfe5) c.j     pc - 8
core   0: 3 0x000039e8 (0xbfe5)
core   0: >>>>  write_tohost
core   0: 0x000039e0 (0x00000f17) auipc   t5, 0x0
core   0: 3 0x000039e0 (0x00000f17) x30 0x000039e0
core   0: 0x000039e4 (0x123f2023) sw      gp, 288(t5)
core   0: 3 0x000039e4 (0x123f2023) mem 0x00003b00 0x00000001
core   0: >>>>  _exit
core   0: 0x000039e8 (0x0000bfe5) c.j     pc - 8
core   0: 3 0x000039e8 (0xbfe5)
core   0: >>>>  write_tohost
core   0: 0x000039e0 (0x00000f17) auipc   t5, 0x0
core   0: 3 0x000039e0 (0x00000f17) x30 0x000039e0
core   0: 0x000039e4 (0x123f2023) sw      gp, 288(t5)
core   0: 3 0x000039e4 (0x123f2023) mem 0x00003b00 0x00000001
