 
****************************************
Report : timing
        -path full
        -delay max
        -nworst 6
        -max_paths 30
Design : mat_engine
Version: X-2025.06-SP2
Date   : Sun Jul  5 10:56:29 2026
****************************************

 # A fanout number of 1000 was used for high fanout net computations.

Operating Conditions: tt0p9v25c   Library: tcbn28hpcplusbwp40p140tt0p9v25c
Wire Load Model Mode: segmented

  Startpoint: el_i_reg[5]
              (rising edge-triggered flip-flop clocked by clk)
  Endpoint: pack_q_reg[30]
            (rising edge-triggered flip-flop clocked by clk)
  Path Group: clk
  Path Type: max

  Des/Clust/Port     Wire Load Model       Library
  ------------------------------------------------
  mat_engine         ZeroWireload          tcbn28hpcplusbwp40p140tt0p9v25c

  Point                                    Incr       Path
  -----------------------------------------------------------
  clock clk (rise edge)                    0.00       0.00
  clock network delay (ideal)              0.00       0.00
  el_i_reg[5]/CP (DFQD1BWP40P140)          0.00 #     0.00 r
  el_i_reg[5]/Q (DFQD1BWP40P140)           0.07       0.07 f
  U31905/ZN (NR2D1BWP40P140)               0.02       0.09 r
  U26710/ZN (ND2OPTIBD2BWP40P140)          0.03       0.12 f
  U32265/ZN (INR2D1BWP40P140)              0.05       0.17 r
  U32266/ZN (INVD2BWP40P140)               0.01       0.18 f
  U32267/ZN (INVD1BWP40P140)               0.03       0.21 r
  U32809/ZN (AOI22D1BWP40P140)             0.03       0.24 f
  U23915/ZN (ND4D1BWP40P140)               0.01       0.25 r
  U32824/ZN (NR4D0BWP40P140)               0.02       0.28 f
  U32825/ZN (CKND2D3BWP40P140)             0.03       0.31 r
  U32826/Z (BUFFD4BWP40P140)               0.03       0.34 r
  U27260/ZN (XNR2OPTND2BWP40P140)          0.02       0.36 r
  U27252/ZN (OAI22OPTPBD1BWP40P140)        0.02       0.38 f
  U39559/S (FA1D1BWP40P140)                0.08       0.46 r
  U26481/ZN (XNR2OPTND2BWP40P140)          0.03       0.49 r
  U21800/ZN (XNR2OPTND4BWP40P140)          0.02       0.52 r
  U21241/ZN (INVD4BWP40P140)               0.01       0.53 f
  U21016/ZN (XNR2OPTND4BWP40P140)          0.02       0.55 f
  U21015/ZN (XNR2OPTND4BWP40P140)          0.02       0.57 f
  U19425/ZN (OAI21D2BWP40P140)             0.01       0.58 r
  U21666/ZN (CKND2D4BWP40P140)             0.01       0.60 f
  U25896/ZN (INVD4BWP40P140)               0.01       0.60 r
  U21984/ZN (ND2OPTPAD4BWP40P140)          0.01       0.62 f
  U21200/ZN (AOI21OPTREPBD2BWP40P140)      0.01       0.63 r
  U20914/ZN (OAI21OPTREPBD2BWP40P140)      0.02       0.64 f
  U20379/ZN (AOI21D6BWP40P140)             0.02       0.66 r
  U20378/ZN (OAI21OPTREPBD6BWP40P140)      0.01       0.68 f
  U20522/ZN (AOI21D16BWP40P140)            0.02       0.69 r
  U20472/ZN (ND2OPTPAD16BWP40P140)         0.03       0.73 f
  U23996/ZN (INVD15BWP40P140)              0.02       0.75 r
  U21776/ZN (XNR2OPTND6BWP40P140)          0.02       0.77 r
  U20741/ZN (NR2D6BWP40P140)               0.01       0.78 f
  U19200/ZN (NR2OPTPAD2BWP40P140)          0.01       0.79 r
  U20316/ZN (ND2OPTIBD6BWP40P140)          0.01       0.80 f
  U23508/ZN (OAI21OPTREPBD2BWP40P140)      0.02       0.82 r
  U26552/ZN (AOI21OPTREPBD2BWP40P140)      0.02       0.84 f
  U21211/ZN (OAI21OPTREPBD8BWP40P140)      0.01       0.86 r
  U21418/ZN (XNR2OPTND8BWP40P140)          0.02       0.88 r
  U24213/ZN (ND2OPTPAD16BWP40P140)         0.03       0.91 f
  U18846/ZN (NR2D4BWP40P140)               0.02       0.93 r
  U22041/ZN (NR2D4BWP40P140)               0.01       0.94 f
  U26593/ZN (ND2D3BWP40P140)               0.01       0.94 r
  U21328/ZN (OAI21OPTREPBD2BWP40P140)      0.02       0.96 f
  U26098/ZN (NR3D4BWP40P140)               0.02       0.98 r
  U23335/ZN (OAI22OPTPBD4BWP40P140)        0.02       0.99 f
  U20784/ZN (NR2OPTIBD6BWP40P140)          0.01       1.01 r
  U20348/ZN (ND2OPTIBD6BWP40P140)          0.01       1.02 f
  U20998/ZN (NR2OPTPAD8BWP40P140)          0.01       1.03 r
  U21124/ZN (OAI21OPTREPBD6BWP40P140)      0.02       1.05 f
  U18478/Z (CKBD1BWP40P140)                0.02       1.07 f
  U26707/ZN (INVD1BWP40P140)               0.01       1.08 r
  U23827/ZN (NR2OPTPAD1BWP40P140)          0.01       1.09 f
  U23825/ZN (NR2OPTPAD2BWP40P140)          0.01       1.10 r
  U22036/ZN (XNR2OPTND4BWP40P140)          0.01       1.11 f
  U24133/ZN (AOI22D2BWP40P140)             0.02       1.13 r
  U26801/ZN (OAI21D2BWP40P140)             0.02       1.15 f
  U26674/ZN (ND3OPTPAD2BWP40P140)          0.01       1.16 r
  U21299/ZN (ND2D3BWP40P140)               0.02       1.18 f
  U20824/ZN (NR2D3BWP40P140)               0.01       1.19 r
  U21258/ZN (CKND2D4BWP40P140)             0.01       1.20 f
  U23519/ZN (ND2OPTPAD4BWP40P140)          0.01       1.21 r
  U26896/ZN (CKND2D4BWP40P140)             0.01       1.22 f
  U23339/ZN (INR2D6BWP40P140)              0.01       1.23 r
  U40430/ZN (ND2OPTIBD1BWP40P140)          0.01       1.24 f
  U23438/ZN (ND3D1BWP40P140)               0.01       1.25 r
  pack_q_reg[30]/D (DFQD1BWP40P140)        0.00       1.25 r
  data arrival time                                   1.25

  clock clk (rise edge)                    1.20       1.20
  clock network delay (ideal)              0.00       1.20
  clock uncertainty                       -0.10       1.10
  pack_q_reg[30]/CP (DFQD1BWP40P140)       0.00       1.10 r
  library setup time                      -0.02       1.08
  data required time                                  1.08
  -----------------------------------------------------------
  data required time                                  1.08
  data arrival time                                  -1.25
  -----------------------------------------------------------
  slack (VIOLATED)                                   -0.17


  Startpoint: el_i_reg[5]
              (rising edge-triggered flip-flop clocked by clk)
  Endpoint: pack_q_reg[30]
            (rising edge-triggered flip-flop clocked by clk)
  Path Group: clk
  Path Type: max

  Des/Clust/Port     Wire Load Model       Library
  ------------------------------------------------
  mat_engine         ZeroWireload          tcbn28hpcplusbwp40p140tt0p9v25c

  Point                                                   Incr       Path
  --------------------------------------------------------------------------
  clock clk (rise edge)                                   0.00       0.00
  clock network delay (ideal)                             0.00       0.00
  el_i_reg[5]/CP (DFQD1BWP40P140)                         0.00 #     0.00 r
  el_i_reg[5]/Q (DFQD1BWP40P140)                          0.07       0.07 f
  U31905/ZN (NR2D1BWP40P140)                              0.02       0.09 r
  U26710/ZN (ND2OPTIBD2BWP40P140)                         0.03       0.12 f
  U32265/ZN (INR2D1BWP40P140)                             0.05       0.17 r
  U32266/ZN (INVD2BWP40P140)                              0.01       0.18 f
  U32267/ZN (INVD1BWP40P140)                              0.03       0.21 r
  U32809/ZN (AOI22D1BWP40P140)                            0.03       0.24 f
  U23915/ZN (ND4D1BWP40P140)                              0.01       0.25 r
  U32824/ZN (NR4D0BWP40P140)                              0.02       0.28 f
  U32825/ZN (CKND2D3BWP40P140)                            0.03       0.31 r
  U32826/Z (BUFFD4BWP40P140)                              0.03       0.34 r
  U27260/ZN (XNR2OPTND2BWP40P140)                         0.02       0.36 r
  U27252/ZN (OAI22OPTPBD1BWP40P140)                       0.02       0.38 f
  U39559/S (FA1D1BWP40P140)                               0.08       0.46 r
  U26481/ZN (XNR2OPTND2BWP40P140)                         0.03       0.49 r
  U21800/ZN (XNR2OPTND4BWP40P140)                         0.02       0.52 r
  U21241/ZN (INVD4BWP40P140)                              0.01       0.53 f
  U21016/ZN (XNR2OPTND4BWP40P140)                         0.02       0.55 f
  U21015/ZN (XNR2OPTND4BWP40P140)                         0.02       0.57 f
  U19425/ZN (OAI21D2BWP40P140)                            0.01       0.58 r
  U21666/ZN (CKND2D4BWP40P140)                            0.01       0.60 f
  U25896/ZN (INVD4BWP40P140)                              0.01       0.60 r
  U21984/ZN (ND2OPTPAD4BWP40P140)                         0.01       0.62 f
  U21200/ZN (AOI21OPTREPBD2BWP40P140)                     0.01       0.63 r
  U20914/ZN (OAI21OPTREPBD2BWP40P140)                     0.02       0.64 f
  U20379/ZN (AOI21D6BWP40P140)                            0.02       0.66 r
  U20378/ZN (OAI21OPTREPBD6BWP40P140)                     0.01       0.68 f
  U20522/ZN (AOI21D16BWP40P140)                           0.02       0.69 r
  U20472/ZN (ND2OPTPAD16BWP40P140)                        0.03       0.73 f
  U26583/Z (BUFFD12BWP40P140)                             0.02       0.75 f
  U20759/ZN (OAI21D6BWP40P140)                            0.01       0.76 r
  U19239/ZN (NR2D3BWP40P140)                              0.01       0.78 f
  U19191/Z (CKBD1BWP40P140)                               0.02       0.80 f
  U24491/ZN (INR2D4BWP40P140)                             0.01       0.81 r
  U20779/ZN (NR2D3BWP40P140)                              0.01       0.82 f
  U20826/ZN (NR2D3BWP40P140)                              0.02       0.84 r
  U21259/ZN (ND2D4BWP40P140)                              0.02       0.86 f
  U21445/ZN (NR2D6BWP40P140)                              0.02       0.88 r
  U20678/ZN (ND2OPTPAD8BWP40P140)                         0.01       0.89 f
  U27014/ZN (INR2D2BWP40P140)                             0.01       0.90 r
  U21448/ZN (NR2D3BWP40P140)                              0.01       0.91 f
  U21145/ZN (XNR2OPTND4BWP40P140)                         0.02       0.93 f
  U40294/ZN (INVD1BWP40P140)                              0.01       0.94 r
  U26892/ZN (NR2OPTPAD1BWP40P140)                         0.01       0.95 f
  U23918/ZN (NR2OPTPAD2BWP40P140)                         0.01       0.96 r
  U21626/ZN (CKND2D4BWP40P140)                            0.01       0.97 f
  U20324/ZN (INR2D4BWP40P140)                             0.01       0.99 r
  U24046/ZN (ND2OPTPAD4BWP40P140)                         0.01       1.00 f
  U23765/ZN (ND3OPTPAD2BWP40P140)                         0.01       1.01 r
  U23325/ZN (ND2OPTPAD4BWP40P140)                         0.01       1.02 f
  U23536/ZN (INR2D8BWP40P140)                             0.01       1.04 r
  U21435/ZN (NR2OPTIBD12BWP40P140)                        0.01       1.05 f
  U23455/ZN (AOI21OPTREPBD6BWP40P140)                     0.02       1.06 r
  U23441/ZN (OAI21OPTREPBD12BWP40P140)                    0.02       1.08 f
  U18442/Z (AO21D2BWP40P140)                              0.03       1.11 f
  U26860/ZN (XNR2OPTND4BWP40P140)                         0.02       1.13 f
  U23495/ZN (NR2D2BWP40P140)                              0.01       1.14 r
  U27088/ZN (INVD2BWP40P140)                              0.01       1.15 f
  U26674/ZN (ND3OPTPAD2BWP40P140)                         0.01       1.16 r
  U21299/ZN (ND2D3BWP40P140)                              0.02       1.18 f
  U20824/ZN (NR2D3BWP40P140)                              0.01       1.19 r
  U21258/ZN (CKND2D4BWP40P140)                            0.01       1.20 f
  U23519/ZN (ND2OPTPAD4BWP40P140)                         0.01       1.21 r
  U26896/ZN (CKND2D4BWP40P140)                            0.01       1.22 f
  U23339/ZN (INR2D6BWP40P140)                             0.01       1.23 r
  U40430/ZN (ND2OPTIBD1BWP40P140)                         0.01       1.24 f
  U23438/ZN (ND3D1BWP40P140)                              0.01       1.25 r
  pack_q_reg[30]/D (DFQD1BWP40P140)                       0.00       1.25 r
  data arrival time                                                  1.25

  clock clk (rise edge)                                   1.20       1.20
  clock network delay (ideal)                             0.00       1.20
  clock uncertainty                                      -0.10       1.10
  pack_q_reg[30]/CP (DFQD1BWP40P140)                      0.00       1.10 r
  library setup time                                     -0.02       1.08
  data required time                                                 1.08
  --------------------------------------------------------------------------
  data required time                                                 1.08
  data arrival time                                                 -1.25
  --------------------------------------------------------------------------
  slack (VIOLATED)                                                  -0.17


  Startpoint: el_i_reg[5]
              (rising edge-triggered flip-flop clocked by clk)
  Endpoint: pack_q_reg[30]
            (rising edge-triggered flip-flop clocked by clk)
  Path Group: clk
  Path Type: max

  Des/Clust/Port     Wire Load Model       Library
  ------------------------------------------------
  mat_engine         ZeroWireload          tcbn28hpcplusbwp40p140tt0p9v25c

  Point                                    Incr       Path
  -----------------------------------------------------------
  clock clk (rise edge)                    0.00       0.00
  clock network delay (ideal)              0.00       0.00
  el_i_reg[5]/CP (DFQD1BWP40P140)          0.00 #     0.00 r
  el_i_reg[5]/Q (DFQD1BWP40P140)           0.07       0.07 f
  U31905/ZN (NR2D1BWP40P140)               0.02       0.09 r
  U26710/ZN (ND2OPTIBD2BWP40P140)          0.03       0.12 f
  U32265/ZN (INR2D1BWP40P140)              0.05       0.17 r
  U32266/ZN (INVD2BWP40P140)               0.01       0.18 f
  U32267/ZN (INVD1BWP40P140)               0.03       0.21 r
  U32809/ZN (AOI22D1BWP40P140)             0.03       0.24 f
  U23915/ZN (ND4D1BWP40P140)               0.01       0.25 r
  U32824/ZN (NR4D0BWP40P140)               0.02       0.28 f
  U32825/ZN (CKND2D3BWP40P140)             0.03       0.31 r
  U32826/Z (BUFFD4BWP40P140)               0.03       0.34 r
  U27260/ZN (XNR2OPTND2BWP40P140)          0.02       0.36 r
  U27252/ZN (OAI22OPTPBD1BWP40P140)        0.02       0.38 f
  U39559/S (FA1D1BWP40P140)                0.08       0.46 r
  U26481/ZN (XNR2OPTND2BWP40P140)          0.03       0.49 r
  U21800/ZN (XNR2OPTND4BWP40P140)          0.02       0.52 r
  U21241/ZN (INVD4BWP40P140)               0.01       0.53 f
  U21016/ZN (XNR2OPTND4BWP40P140)          0.02       0.55 f
  U21015/ZN (XNR2OPTND4BWP40P140)          0.02       0.57 f
  U19425/ZN (OAI21D2BWP40P140)             0.01       0.58 r
  U21666/ZN (CKND2D4BWP40P140)             0.01       0.60 f
  U25896/ZN (INVD4BWP40P140)               0.01       0.60 r
  U21984/ZN (ND2OPTPAD4BWP40P140)          0.01       0.62 f
  U21200/ZN (AOI21OPTREPBD2BWP40P140)      0.01       0.63 r
  U20914/ZN (OAI21OPTREPBD2BWP40P140)      0.02       0.64 f
  U20379/ZN (AOI21D6BWP40P140)             0.02       0.66 r
  U20378/ZN (OAI21OPTREPBD6BWP40P140)      0.01       0.68 f
  U20522/ZN (AOI21D16BWP40P140)            0.02       0.69 r
  U20472/ZN (ND2OPTPAD16BWP40P140)         0.03       0.73 f
  U23996/ZN (INVD15BWP40P140)              0.02       0.75 r
  U21776/ZN (XNR2OPTND6BWP40P140)          0.02       0.77 r
  U20741/ZN (NR2D6BWP40P140)               0.01       0.78 f
  U19200/ZN (NR2OPTPAD2BWP40P140)          0.01       0.79 r
  U20316/ZN (ND2OPTIBD6BWP40P140)          0.01       0.80 f
  U23508/ZN (OAI21OPTREPBD2BWP40P140)      0.02       0.82 r
  U26552/ZN (AOI21OPTREPBD2BWP40P140)      0.02       0.84 f
  U21211/ZN (OAI21OPTREPBD8BWP40P140)      0.01       0.86 r
  U21418/ZN (XNR2OPTND8BWP40P140)          0.02       0.88 r
  U24213/ZN (ND2OPTPAD16BWP40P140)         0.03       0.91 f
  U18846/ZN (NR2D4BWP40P140)               0.02       0.93 r
  U22041/ZN (NR2D4BWP40P140)               0.01       0.94 f
  U26593/ZN (ND2D3BWP40P140)               0.01       0.94 r
  U21328/ZN (OAI21OPTREPBD2BWP40P140)      0.02       0.96 f
  U26098/ZN (NR3D4BWP40P140)               0.02       0.98 r
  U23335/ZN (OAI22OPTPBD4BWP40P140)        0.02       0.99 f
  U20784/ZN (NR2OPTIBD6BWP40P140)          0.01       1.01 r
  U20348/ZN (ND2OPTIBD6BWP40P140)          0.01       1.02 f
  U20998/ZN (NR2OPTPAD8BWP40P140)          0.01       1.03 r
  U21124/ZN (OAI21OPTREPBD6BWP40P140)      0.02       1.05 f
  U18478/Z (CKBD1BWP40P140)                0.02       1.07 f
  U26707/ZN (INVD1BWP40P140)               0.01       1.08 r
  U23827/ZN (NR2OPTPAD1BWP40P140)          0.01       1.09 f
  U23825/ZN (NR2OPTPAD2BWP40P140)          0.01       1.10 r
  U22036/ZN (XNR2OPTND4BWP40P140)          0.01       1.11 f
  U24133/ZN (AOI22D2BWP40P140)             0.02       1.13 r
  U26801/ZN (OAI21D2BWP40P140)             0.02       1.15 f
  U26674/ZN (ND3OPTPAD2BWP40P140)          0.01       1.16 r
  U21299/ZN (ND2D3BWP40P140)               0.02       1.18 f
  U20824/ZN (NR2D3BWP40P140)               0.01       1.19 r
  U21258/ZN (CKND2D4BWP40P140)             0.01       1.20 f
  U23519/ZN (ND2OPTPAD4BWP40P140)          0.01       1.21 r
  U26896/ZN (CKND2D4BWP40P140)             0.01       1.22 f
  U23339/ZN (INR2D6BWP40P140)              0.01       1.23 r
  U40430/ZN (ND2OPTIBD1BWP40P140)          0.01       1.24 f
  U23438/ZN (ND3D1BWP40P140)               0.01       1.25 r
  pack_q_reg[30]/D (DFQD1BWP40P140)        0.00       1.25 r
  data arrival time                                   1.25

  clock clk (rise edge)                    1.20       1.20
  clock network delay (ideal)              0.00       1.20
  clock uncertainty                       -0.10       1.10
  pack_q_reg[30]/CP (DFQD1BWP40P140)       0.00       1.10 r
  library setup time                      -0.02       1.08
  data required time                                  1.08
  -----------------------------------------------------------
  data required time                                  1.08
  data arrival time                                  -1.25
  -----------------------------------------------------------
  slack (VIOLATED)                                   -0.17


  Startpoint: el_i_reg[5]
              (rising edge-triggered flip-flop clocked by clk)
  Endpoint: pack_q_reg[30]
            (rising edge-triggered flip-flop clocked by clk)
  Path Group: clk
  Path Type: max

  Des/Clust/Port     Wire Load Model       Library
  ------------------------------------------------
  mat_engine         ZeroWireload          tcbn28hpcplusbwp40p140tt0p9v25c

  Point                                    Incr       Path
  -----------------------------------------------------------
  clock clk (rise edge)                    0.00       0.00
  clock network delay (ideal)              0.00       0.00
  el_i_reg[5]/CP (DFQD1BWP40P140)          0.00 #     0.00 r
  el_i_reg[5]/Q (DFQD1BWP40P140)           0.07       0.07 f
  U31905/ZN (NR2D1BWP40P140)               0.02       0.09 r
  U26710/ZN (ND2OPTIBD2BWP40P140)          0.03       0.12 f
  U32265/ZN (INR2D1BWP40P140)              0.05       0.17 r
  U32266/ZN (INVD2BWP40P140)               0.01       0.18 f
  U32267/ZN (INVD1BWP40P140)               0.03       0.21 r
  U32809/ZN (AOI22D1BWP40P140)             0.03       0.24 f
  U23915/ZN (ND4D1BWP40P140)               0.01       0.25 r
  U32824/ZN (NR4D0BWP40P140)               0.02       0.28 f
  U32825/ZN (CKND2D3BWP40P140)             0.03       0.31 r
  U32826/Z (BUFFD4BWP40P140)               0.03       0.34 r
  U27260/ZN (XNR2OPTND2BWP40P140)          0.02       0.36 r
  U27252/ZN (OAI22OPTPBD1BWP40P140)        0.02       0.38 f
  U39559/S (FA1D1BWP40P140)                0.08       0.46 r
  U26481/ZN (XNR2OPTND2BWP40P140)          0.03       0.49 r
  U21800/ZN (XNR2OPTND4BWP40P140)          0.02       0.52 r
  U21241/ZN (INVD4BWP40P140)               0.01       0.53 f
  U21016/ZN (XNR2OPTND4BWP40P140)          0.02       0.55 f
  U21015/ZN (XNR2OPTND4BWP40P140)          0.02       0.57 f
  U19425/ZN (OAI21D2BWP40P140)             0.01       0.58 r
  U21666/ZN (CKND2D4BWP40P140)             0.01       0.60 f
  U25896/ZN (INVD4BWP40P140)               0.01       0.60 r
  U21984/ZN (ND2OPTPAD4BWP40P140)          0.01       0.62 f
  U21200/ZN (AOI21OPTREPBD2BWP40P140)      0.01       0.63 r
  U20914/ZN (OAI21OPTREPBD2BWP40P140)      0.02       0.64 f
  U20379/ZN (AOI21D6BWP40P140)             0.02       0.66 r
  U20378/ZN (OAI21OPTREPBD6BWP40P140)      0.01       0.68 f
  U20522/ZN (AOI21D16BWP40P140)            0.02       0.69 r
  U20472/ZN (ND2OPTPAD16BWP40P140)         0.03       0.73 f
  U23996/ZN (INVD15BWP40P140)              0.02       0.75 r
  U21776/ZN (XNR2OPTND6BWP40P140)          0.02       0.77 r
  U20741/ZN (NR2D6BWP40P140)               0.01       0.78 f
  U19200/ZN (NR2OPTPAD2BWP40P140)          0.01       0.79 r
  U20316/ZN (ND2OPTIBD6BWP40P140)          0.01       0.80 f
  U23508/ZN (OAI21OPTREPBD2BWP40P140)      0.02       0.82 r
  U26552/ZN (AOI21OPTREPBD2BWP40P140)      0.02       0.84 f
  U21211/ZN (OAI21OPTREPBD8BWP40P140)      0.01       0.86 r
  U21418/ZN (XNR2OPTND8BWP40P140)          0.02       0.88 r
  U24213/ZN (ND2OPTPAD16BWP40P140)         0.03       0.91 f
  U18846/ZN (NR2D4BWP40P140)               0.02       0.93 r
  U22041/ZN (NR2D4BWP40P140)               0.01       0.94 f
  U26593/ZN (ND2D3BWP40P140)               0.01       0.94 r
  U21328/ZN (OAI21OPTREPBD2BWP40P140)      0.02       0.96 f
  U26098/ZN (NR3D4BWP40P140)               0.02       0.98 r
  U23335/ZN (OAI22OPTPBD4BWP40P140)        0.02       0.99 f
  U20784/ZN (NR2OPTIBD6BWP40P140)          0.01       1.01 r
  U20348/ZN (ND2OPTIBD6BWP40P140)          0.01       1.02 f
  U20998/ZN (NR2OPTPAD8BWP40P140)          0.01       1.03 r
  U21124/ZN (OAI21OPTREPBD6BWP40P140)      0.02       1.05 f
  U18478/Z (CKBD1BWP40P140)                0.02       1.07 f
  U26707/ZN (INVD1BWP40P140)               0.01       1.08 r
  U23827/ZN (NR2OPTPAD1BWP40P140)          0.01       1.09 f
  U23825/ZN (NR2OPTPAD2BWP40P140)          0.01       1.10 r
  U22036/ZN (XNR2OPTND4BWP40P140)          0.01       1.11 f
  U24133/ZN (AOI22D2BWP40P140)             0.02       1.13 r
  U26801/ZN (OAI21D2BWP40P140)             0.02       1.15 f
  U26674/ZN (ND3OPTPAD2BWP40P140)          0.01       1.16 r
  U21299/ZN (ND2D3BWP40P140)               0.02       1.18 f
  U20824/ZN (NR2D3BWP40P140)               0.01       1.19 r
  U21258/ZN (CKND2D4BWP40P140)             0.01       1.20 f
  U23519/ZN (ND2OPTPAD4BWP40P140)          0.01       1.21 r
  U26896/ZN (CKND2D4BWP40P140)             0.01       1.22 f
  U23339/ZN (INR2D6BWP40P140)              0.01       1.23 r
  U40430/ZN (ND2OPTIBD1BWP40P140)          0.01       1.24 f
  U23438/ZN (ND3D1BWP40P140)               0.01       1.25 r
  pack_q_reg[30]/D (DFQD1BWP40P140)        0.00       1.25 r
  data arrival time                                   1.25

  clock clk (rise edge)                    1.20       1.20
  clock network delay (ideal)              0.00       1.20
  clock uncertainty                       -0.10       1.10
  pack_q_reg[30]/CP (DFQD1BWP40P140)       0.00       1.10 r
  library setup time                      -0.02       1.08
  data required time                                  1.08
  -----------------------------------------------------------
  data required time                                  1.08
  data arrival time                                  -1.25
  -----------------------------------------------------------
  slack (VIOLATED)                                   -0.17


  Startpoint: el_i_reg[5]
              (rising edge-triggered flip-flop clocked by clk)
  Endpoint: pack_q_reg[26]
            (rising edge-triggered flip-flop clocked by clk)
  Path Group: clk
  Path Type: max

  Des/Clust/Port     Wire Load Model       Library
  ------------------------------------------------
  mat_engine         ZeroWireload          tcbn28hpcplusbwp40p140tt0p9v25c

  Point                                    Incr       Path
  -----------------------------------------------------------
  clock clk (rise edge)                    0.00       0.00
  clock network delay (ideal)              0.00       0.00
  el_i_reg[5]/CP (DFQD1BWP40P140)          0.00 #     0.00 r
  el_i_reg[5]/Q (DFQD1BWP40P140)           0.07       0.07 f
  U31905/ZN (NR2D1BWP40P140)               0.02       0.09 r
  U26710/ZN (ND2OPTIBD2BWP40P140)          0.03       0.12 f
  U32265/ZN (INR2D1BWP40P140)              0.05       0.17 r
  U32266/ZN (INVD2BWP40P140)               0.01       0.18 f
  U32267/ZN (INVD1BWP40P140)               0.03       0.21 r
  U32809/ZN (AOI22D1BWP40P140)             0.03       0.24 f
  U23915/ZN (ND4D1BWP40P140)               0.01       0.25 r
  U32824/ZN (NR4D0BWP40P140)               0.02       0.28 f
  U32825/ZN (CKND2D3BWP40P140)             0.03       0.31 r
  U32826/Z (BUFFD4BWP40P140)               0.03       0.34 r
  U27260/ZN (XNR2OPTND2BWP40P140)          0.02       0.36 r
  U27252/ZN (OAI22OPTPBD1BWP40P140)        0.02       0.38 f
  U39559/S (FA1D1BWP40P140)                0.08       0.46 r
  U26481/ZN (XNR2OPTND2BWP40P140)          0.03       0.49 r
  U21800/ZN (XNR2OPTND4BWP40P140)          0.02       0.52 r
  U21241/ZN (INVD4BWP40P140)               0.01       0.53 f
  U21016/ZN (XNR2OPTND4BWP40P140)          0.02       0.55 f
  U21015/ZN (XNR2OPTND4BWP40P140)          0.02       0.57 f
  U19425/ZN (OAI21D2BWP40P140)             0.01       0.58 r
  U21666/ZN (CKND2D4BWP40P140)             0.01       0.60 f
  U25896/ZN (INVD4BWP40P140)               0.01       0.60 r
  U21984/ZN (ND2OPTPAD4BWP40P140)          0.01       0.62 f
  U21200/ZN (AOI21OPTREPBD2BWP40P140)      0.01       0.63 r
  U20914/ZN (OAI21OPTREPBD2BWP40P140)      0.02       0.64 f
  U20379/ZN (AOI21D6BWP40P140)             0.02       0.66 r
  U20378/ZN (OAI21OPTREPBD6BWP40P140)      0.01       0.68 f
  U20522/ZN (AOI21D16BWP40P140)            0.02       0.69 r
  U20472/ZN (ND2OPTPAD16BWP40P140)         0.03       0.73 f
  U23996/ZN (INVD15BWP40P140)              0.02       0.75 r
  U21776/ZN (XNR2OPTND6BWP40P140)          0.02       0.77 r
  U20741/ZN (NR2D6BWP40P140)               0.01       0.78 f
  U19200/ZN (NR2OPTPAD2BWP40P140)          0.01       0.79 r
  U20316/ZN (ND2OPTIBD6BWP40P140)          0.01       0.80 f
  U23508/ZN (OAI21OPTREPBD2BWP40P140)      0.02       0.82 r
  U26552/ZN (AOI21OPTREPBD2BWP40P140)      0.02       0.84 f
  U21211/ZN (OAI21OPTREPBD8BWP40P140)      0.01       0.86 r
  U21418/ZN (XNR2OPTND8BWP40P140)          0.02       0.88 r
  U24213/ZN (ND2OPTPAD16BWP40P140)         0.03       0.91 f
  U18846/ZN (NR2D4BWP40P140)               0.02       0.93 r
  U22041/ZN (NR2D4BWP40P140)               0.01       0.94 f
  U26593/ZN (ND2D3BWP40P140)               0.01       0.94 r
  U21328/ZN (OAI21OPTREPBD2BWP40P140)      0.02       0.96 f
  U26098/ZN (NR3D4BWP40P140)               0.02       0.98 r
  U23335/ZN (OAI22OPTPBD4BWP40P140)        0.02       0.99 f
  U20784/ZN (NR2OPTIBD6BWP40P140)          0.01       1.01 r
  U20348/ZN (ND2OPTIBD6BWP40P140)          0.01       1.02 f
  U20998/ZN (NR2OPTPAD8BWP40P140)          0.01       1.03 r
  U21124/ZN (OAI21OPTREPBD6BWP40P140)      0.02       1.05 f
  U18478/Z (CKBD1BWP40P140)                0.02       1.07 f
  U26707/ZN (INVD1BWP40P140)               0.01       1.08 r
  U23827/ZN (NR2OPTPAD1BWP40P140)          0.01       1.09 f
  U23825/ZN (NR2OPTPAD2BWP40P140)          0.01       1.10 r
  U22036/ZN (XNR2OPTND4BWP40P140)          0.01       1.11 f
  U24133/ZN (AOI22D2BWP40P140)             0.02       1.13 r
  U26801/ZN (OAI21D2BWP40P140)             0.02       1.15 f
  U26674/ZN (ND3OPTPAD2BWP40P140)          0.01       1.16 r
  U21299/ZN (ND2D3BWP40P140)               0.02       1.18 f
  U20824/ZN (NR2D3BWP40P140)               0.01       1.19 r
  U21258/ZN (CKND2D4BWP40P140)             0.01       1.20 f
  U23519/ZN (ND2OPTPAD4BWP40P140)          0.01       1.21 r
  U26896/ZN (CKND2D4BWP40P140)             0.01       1.22 f
  U23339/ZN (INR2D6BWP40P140)              0.01       1.23 r
  U40428/ZN (ND2OPTIBD1BWP40P140)          0.01       1.24 f
  U23437/ZN (ND3D1BWP40P140)               0.01       1.25 r
  pack_q_reg[26]/D (DFQD1BWP40P140)        0.00       1.25 r
  data arrival time                                   1.25

  clock clk (rise edge)                    1.20       1.20
  clock network delay (ideal)              0.00       1.20
  clock uncertainty                       -0.10       1.10
  pack_q_reg[26]/CP (DFQD1BWP40P140)       0.00       1.10 r
  library setup time                      -0.02       1.08
  data required time                                  1.08
  -----------------------------------------------------------
  data required time                                  1.08
  data arrival time                                  -1.25
  -----------------------------------------------------------
  slack (VIOLATED)                                   -0.17


  Startpoint: el_i_reg[5]
              (rising edge-triggered flip-flop clocked by clk)
  Endpoint: pack_q_reg[26]
            (rising edge-triggered flip-flop clocked by clk)
  Path Group: clk
  Path Type: max

  Des/Clust/Port     Wire Load Model       Library
  ------------------------------------------------
  mat_engine         ZeroWireload          tcbn28hpcplusbwp40p140tt0p9v25c

  Point                                                   Incr       Path
  --------------------------------------------------------------------------
  clock clk (rise edge)                                   0.00       0.00
  clock network delay (ideal)                             0.00       0.00
  el_i_reg[5]/CP (DFQD1BWP40P140)                         0.00 #     0.00 r
  el_i_reg[5]/Q (DFQD1BWP40P140)                          0.07       0.07 f
  U31905/ZN (NR2D1BWP40P140)                              0.02       0.09 r
  U26710/ZN (ND2OPTIBD2BWP40P140)                         0.03       0.12 f
  U32265/ZN (INR2D1BWP40P140)                             0.05       0.17 r
  U32266/ZN (INVD2BWP40P140)                              0.01       0.18 f
  U32267/ZN (INVD1BWP40P140)                              0.03       0.21 r
  U32809/ZN (AOI22D1BWP40P140)                            0.03       0.24 f
  U23915/ZN (ND4D1BWP40P140)                              0.01       0.25 r
  U32824/ZN (NR4D0BWP40P140)                              0.02       0.28 f
  U32825/ZN (CKND2D3BWP40P140)                            0.03       0.31 r
  U32826/Z (BUFFD4BWP40P140)                              0.03       0.34 r
  U27260/ZN (XNR2OPTND2BWP40P140)                         0.02       0.36 r
  U27252/ZN (OAI22OPTPBD1BWP40P140)                       0.02       0.38 f
  U39559/S (FA1D1BWP40P140)                               0.08       0.46 r
  U26481/ZN (XNR2OPTND2BWP40P140)                         0.03       0.49 r
  U21800/ZN (XNR2OPTND4BWP40P140)                         0.02       0.52 r
  U21241/ZN (INVD4BWP40P140)                              0.01       0.53 f
  U21016/ZN (XNR2OPTND4BWP40P140)                         0.02       0.55 f
  U21015/ZN (XNR2OPTND4BWP40P140)                         0.02       0.57 f
  U19425/ZN (OAI21D2BWP40P140)                            0.01       0.58 r
  U21666/ZN (CKND2D4BWP40P140)                            0.01       0.60 f
  U25896/ZN (INVD4BWP40P140)                              0.01       0.60 r
  U21984/ZN (ND2OPTPAD4BWP40P140)                         0.01       0.62 f
  U21200/ZN (AOI21OPTREPBD2BWP40P140)                     0.01       0.63 r
  U20914/ZN (OAI21OPTREPBD2BWP40P140)                     0.02       0.64 f
  U20379/ZN (AOI21D6BWP40P140)                            0.02       0.66 r
  U20378/ZN (OAI21OPTREPBD6BWP40P140)                     0.01       0.68 f
  U20522/ZN (AOI21D16BWP40P140)                           0.02       0.69 r
  U20472/ZN (ND2OPTPAD16BWP40P140)                        0.03       0.73 f
  U26583/Z (BUFFD12BWP40P140)                             0.02       0.75 f
  U20759/ZN (OAI21D6BWP40P140)                            0.01       0.76 r
  U19239/ZN (NR2D3BWP40P140)                              0.01       0.78 f
  U19191/Z (CKBD1BWP40P140)                               0.02       0.80 f
  U24491/ZN (INR2D4BWP40P140)                             0.01       0.81 r
  U20779/ZN (NR2D3BWP40P140)                              0.01       0.82 f
  U20826/ZN (NR2D3BWP40P140)                              0.02       0.84 r
  U21259/ZN (ND2D4BWP40P140)                              0.02       0.86 f
  U21445/ZN (NR2D6BWP40P140)                              0.02       0.88 r
  U20678/ZN (ND2OPTPAD8BWP40P140)                         0.01       0.89 f
  U27014/ZN (INR2D2BWP40P140)                             0.01       0.90 r
  U21448/ZN (NR2D3BWP40P140)                              0.01       0.91 f
  U21145/ZN (XNR2OPTND4BWP40P140)                         0.02       0.93 f
  U40294/ZN (INVD1BWP40P140)                              0.01       0.94 r
  U26892/ZN (NR2OPTPAD1BWP40P140)                         0.01       0.95 f
  U23918/ZN (NR2OPTPAD2BWP40P140)                         0.01       0.96 r
  U21626/ZN (CKND2D4BWP40P140)                            0.01       0.97 f
  U20324/ZN (INR2D4BWP40P140)                             0.01       0.99 r
  U24046/ZN (ND2OPTPAD4BWP40P140)                         0.01       1.00 f
  U23765/ZN (ND3OPTPAD2BWP40P140)                         0.01       1.01 r
  U23325/ZN (ND2OPTPAD4BWP40P140)                         0.01       1.02 f
  U23536/ZN (INR2D8BWP40P140)                             0.01       1.04 r
  U21435/ZN (NR2OPTIBD12BWP40P140)                        0.01       1.05 f
  U23455/ZN (AOI21OPTREPBD6BWP40P140)                     0.02       1.06 r
  U23441/ZN (OAI21OPTREPBD12BWP40P140)                    0.02       1.08 f
  U18442/Z (AO21D2BWP40P140)                              0.03       1.11 f
  U26860/ZN (XNR2OPTND4BWP40P140)                         0.02       1.13 f
  U23495/ZN (NR2D2BWP40P140)                              0.01       1.14 r
  U27088/ZN (INVD2BWP40P140)                              0.01       1.15 f
  U26674/ZN (ND3OPTPAD2BWP40P140)                         0.01       1.16 r
  U21299/ZN (ND2D3BWP40P140)                              0.02       1.18 f
  U20824/ZN (NR2D3BWP40P140)                              0.01       1.19 r
  U21258/ZN (CKND2D4BWP40P140)                            0.01       1.20 f
  U23519/ZN (ND2OPTPAD4BWP40P140)                         0.01       1.21 r
  U26896/ZN (CKND2D4BWP40P140)                            0.01       1.22 f
  U23339/ZN (INR2D6BWP40P140)                             0.01       1.23 r
  U40428/ZN (ND2OPTIBD1BWP40P140)                         0.01       1.24 f
  U23437/ZN (ND3D1BWP40P140)                              0.01       1.25 r
  pack_q_reg[26]/D (DFQD1BWP40P140)                       0.00       1.25 r
  data arrival time                                                  1.25

  clock clk (rise edge)                                   1.20       1.20
  clock network delay (ideal)                             0.00       1.20
  clock uncertainty                                      -0.10       1.10
  pack_q_reg[26]/CP (DFQD1BWP40P140)                      0.00       1.10 r
  library setup time                                     -0.02       1.08
  data required time                                                 1.08
  --------------------------------------------------------------------------
  data required time                                                 1.08
  data arrival time                                                 -1.25
  --------------------------------------------------------------------------
  slack (VIOLATED)                                                  -0.17


  Startpoint: el_i_reg[5]
              (rising edge-triggered flip-flop clocked by clk)
  Endpoint: pack_q_reg[28]
            (rising edge-triggered flip-flop clocked by clk)
  Path Group: clk
  Path Type: max

  Des/Clust/Port     Wire Load Model       Library
  ------------------------------------------------
  mat_engine         ZeroWireload          tcbn28hpcplusbwp40p140tt0p9v25c

  Point                                    Incr       Path
  -----------------------------------------------------------
  clock clk (rise edge)                    0.00       0.00
  clock network delay (ideal)              0.00       0.00
  el_i_reg[5]/CP (DFQD1BWP40P140)          0.00 #     0.00 r
  el_i_reg[5]/Q (DFQD1BWP40P140)           0.07       0.07 f
  U31905/ZN (NR2D1BWP40P140)               0.02       0.09 r
  U26710/ZN (ND2OPTIBD2BWP40P140)          0.03       0.12 f
  U32265/ZN (INR2D1BWP40P140)              0.05       0.17 r
  U32266/ZN (INVD2BWP40P140)               0.01       0.18 f
  U32267/ZN (INVD1BWP40P140)               0.03       0.21 r
  U32809/ZN (AOI22D1BWP40P140)             0.03       0.24 f
  U23915/ZN (ND4D1BWP40P140)               0.01       0.25 r
  U32824/ZN (NR4D0BWP40P140)               0.02       0.28 f
  U32825/ZN (CKND2D3BWP40P140)             0.03       0.31 r
  U32826/Z (BUFFD4BWP40P140)               0.03       0.34 r
  U27260/ZN (XNR2OPTND2BWP40P140)          0.02       0.36 r
  U27252/ZN (OAI22OPTPBD1BWP40P140)        0.02       0.38 f
  U39559/S (FA1D1BWP40P140)                0.08       0.46 r
  U26481/ZN (XNR2OPTND2BWP40P140)          0.03       0.49 r
  U21800/ZN (XNR2OPTND4BWP40P140)          0.02       0.52 r
  U21241/ZN (INVD4BWP40P140)               0.01       0.53 f
  U21016/ZN (XNR2OPTND4BWP40P140)          0.02       0.55 f
  U21015/ZN (XNR2OPTND4BWP40P140)          0.02       0.57 f
  U19425/ZN (OAI21D2BWP40P140)             0.01       0.58 r
  U21666/ZN (CKND2D4BWP40P140)             0.01       0.60 f
  U25896/ZN (INVD4BWP40P140)               0.01       0.60 r
  U21984/ZN (ND2OPTPAD4BWP40P140)          0.01       0.62 f
  U21200/ZN (AOI21OPTREPBD2BWP40P140)      0.01       0.63 r
  U20914/ZN (OAI21OPTREPBD2BWP40P140)      0.02       0.64 f
  U20379/ZN (AOI21D6BWP40P140)             0.02       0.66 r
  U20378/ZN (OAI21OPTREPBD6BWP40P140)      0.01       0.68 f
  U20522/ZN (AOI21D16BWP40P140)            0.02       0.69 r
  U20472/ZN (ND2OPTPAD16BWP40P140)         0.03       0.73 f
  U23996/ZN (INVD15BWP40P140)              0.02       0.75 r
  U21776/ZN (XNR2OPTND6BWP40P140)          0.02       0.77 r
  U20741/ZN (NR2D6BWP40P140)               0.01       0.78 f
  U19200/ZN (NR2OPTPAD2BWP40P140)          0.01       0.79 r
  U20316/ZN (ND2OPTIBD6BWP40P140)          0.01       0.80 f
  U23508/ZN (OAI21OPTREPBD2BWP40P140)      0.02       0.82 r
  U26552/ZN (AOI21OPTREPBD2BWP40P140)      0.02       0.84 f
  U21211/ZN (OAI21OPTREPBD8BWP40P140)      0.01       0.86 r
  U21418/ZN (XNR2OPTND8BWP40P140)          0.02       0.88 r
  U24213/ZN (ND2OPTPAD16BWP40P140)         0.03       0.91 f
  U18846/ZN (NR2D4BWP40P140)               0.02       0.93 r
  U22041/ZN (NR2D4BWP40P140)               0.01       0.94 f
  U26593/ZN (ND2D3BWP40P140)               0.01       0.94 r
  U21328/ZN (OAI21OPTREPBD2BWP40P140)      0.02       0.96 f
  U26098/ZN (NR3D4BWP40P140)               0.02       0.98 r
  U23335/ZN (OAI22OPTPBD4BWP40P140)        0.02       0.99 f
  U20784/ZN (NR2OPTIBD6BWP40P140)          0.01       1.01 r
  U20348/ZN (ND2OPTIBD6BWP40P140)          0.01       1.02 f
  U20998/ZN (NR2OPTPAD8BWP40P140)          0.01       1.03 r
  U21124/ZN (OAI21OPTREPBD6BWP40P140)      0.02       1.05 f
  U18478/Z (CKBD1BWP40P140)                0.02       1.07 f
  U26707/ZN (INVD1BWP40P140)               0.01       1.08 r
  U23827/ZN (NR2OPTPAD1BWP40P140)          0.01       1.09 f
  U23825/ZN (NR2OPTPAD2BWP40P140)          0.01       1.10 r
  U22036/ZN (XNR2OPTND4BWP40P140)          0.01       1.11 f
  U24133/ZN (AOI22D2BWP40P140)             0.02       1.13 r
  U26801/ZN (OAI21D2BWP40P140)             0.02       1.15 f
  U26674/ZN (ND3OPTPAD2BWP40P140)          0.01       1.16 r
  U21299/ZN (ND2D3BWP40P140)               0.02       1.18 f
  U20824/ZN (NR2D3BWP40P140)               0.01       1.19 r
  U21258/ZN (CKND2D4BWP40P140)             0.01       1.20 f
  U23519/ZN (ND2OPTPAD4BWP40P140)          0.01       1.21 r
  U26896/ZN (CKND2D4BWP40P140)             0.01       1.22 f
  U23339/ZN (INR2D6BWP40P140)              0.01       1.23 r
  U26485/ZN (ND2OPTIBD1BWP40P140)          0.01       1.24 f
  U40435/ZN (ND3D1BWP40P140)               0.01       1.25 r
  pack_q_reg[28]/D (DFQD1BWP40P140)        0.00       1.25 r
  data arrival time                                   1.25

  clock clk (rise edge)                    1.20       1.20
  clock network delay (ideal)              0.00       1.20
  clock uncertainty                       -0.10       1.10
  pack_q_reg[28]/CP (DFQD1BWP40P140)       0.00       1.10 r
  library setup time                      -0.02       1.08
  data required time                                  1.08
  -----------------------------------------------------------
  data required time                                  1.08
  data arrival time                                  -1.25
  -----------------------------------------------------------
  slack (VIOLATED)                                   -0.17


  Startpoint: el_i_reg[5]
              (rising edge-triggered flip-flop clocked by clk)
  Endpoint: pack_q_reg[28]
            (rising edge-triggered flip-flop clocked by clk)
  Path Group: clk
  Path Type: max

  Des/Clust/Port     Wire Load Model       Library
  ------------------------------------------------
  mat_engine         ZeroWireload          tcbn28hpcplusbwp40p140tt0p9v25c

  Point                                                   Incr       Path
  --------------------------------------------------------------------------
  clock clk (rise edge)                                   0.00       0.00
  clock network delay (ideal)                             0.00       0.00
  el_i_reg[5]/CP (DFQD1BWP40P140)                         0.00 #     0.00 r
  el_i_reg[5]/Q (DFQD1BWP40P140)                          0.07       0.07 f
  U31905/ZN (NR2D1BWP40P140)                              0.02       0.09 r
  U26710/ZN (ND2OPTIBD2BWP40P140)                         0.03       0.12 f
  U32265/ZN (INR2D1BWP40P140)                             0.05       0.17 r
  U32266/ZN (INVD2BWP40P140)                              0.01       0.18 f
  U32267/ZN (INVD1BWP40P140)                              0.03       0.21 r
  U32809/ZN (AOI22D1BWP40P140)                            0.03       0.24 f
  U23915/ZN (ND4D1BWP40P140)                              0.01       0.25 r
  U32824/ZN (NR4D0BWP40P140)                              0.02       0.28 f
  U32825/ZN (CKND2D3BWP40P140)                            0.03       0.31 r
  U32826/Z (BUFFD4BWP40P140)                              0.03       0.34 r
  U27260/ZN (XNR2OPTND2BWP40P140)                         0.02       0.36 r
  U27252/ZN (OAI22OPTPBD1BWP40P140)                       0.02       0.38 f
  U39559/S (FA1D1BWP40P140)                               0.08       0.46 r
  U26481/ZN (XNR2OPTND2BWP40P140)                         0.03       0.49 r
  U21800/ZN (XNR2OPTND4BWP40P140)                         0.02       0.52 r
  U21241/ZN (INVD4BWP40P140)                              0.01       0.53 f
  U21016/ZN (XNR2OPTND4BWP40P140)                         0.02       0.55 f
  U21015/ZN (XNR2OPTND4BWP40P140)                         0.02       0.57 f
  U19425/ZN (OAI21D2BWP40P140)                            0.01       0.58 r
  U21666/ZN (CKND2D4BWP40P140)                            0.01       0.60 f
  U25896/ZN (INVD4BWP40P140)                              0.01       0.60 r
  U21984/ZN (ND2OPTPAD4BWP40P140)                         0.01       0.62 f
  U21200/ZN (AOI21OPTREPBD2BWP40P140)                     0.01       0.63 r
  U20914/ZN (OAI21OPTREPBD2BWP40P140)                     0.02       0.64 f
  U20379/ZN (AOI21D6BWP40P140)                            0.02       0.66 r
  U20378/ZN (OAI21OPTREPBD6BWP40P140)                     0.01       0.68 f
  U20522/ZN (AOI21D16BWP40P140)                           0.02       0.69 r
  U20472/ZN (ND2OPTPAD16BWP40P140)                        0.03       0.73 f
  U26583/Z (BUFFD12BWP40P140)                             0.02       0.75 f
  U20759/ZN (OAI21D6BWP40P140)                            0.01       0.76 r
  U19239/ZN (NR2D3BWP40P140)                              0.01       0.78 f
  U19191/Z (CKBD1BWP40P140)                               0.02       0.80 f
  U24491/ZN (INR2D4BWP40P140)                             0.01       0.81 r
  U20779/ZN (NR2D3BWP40P140)                              0.01       0.82 f
  U20826/ZN (NR2D3BWP40P140)                              0.02       0.84 r
  U21259/ZN (ND2D4BWP40P140)                              0.02       0.86 f
  U21445/ZN (NR2D6BWP40P140)                              0.02       0.88 r
  U20678/ZN (ND2OPTPAD8BWP40P140)                         0.01       0.89 f
  U27014/ZN (INR2D2BWP40P140)                             0.01       0.90 r
  U21448/ZN (NR2D3BWP40P140)                              0.01       0.91 f
  U21145/ZN (XNR2OPTND4BWP40P140)                         0.02       0.93 f
  U40294/ZN (INVD1BWP40P140)                              0.01       0.94 r
  U26892/ZN (NR2OPTPAD1BWP40P140)                         0.01       0.95 f
  U23918/ZN (NR2OPTPAD2BWP40P140)                         0.01       0.96 r
  U21626/ZN (CKND2D4BWP40P140)                            0.01       0.97 f
  U20324/ZN (INR2D4BWP40P140)                             0.01       0.99 r
  U24046/ZN (ND2OPTPAD4BWP40P140)                         0.01       1.00 f
  U23765/ZN (ND3OPTPAD2BWP40P140)                         0.01       1.01 r
  U23325/ZN (ND2OPTPAD4BWP40P140)                         0.01       1.02 f
  U23536/ZN (INR2D8BWP40P140)                             0.01       1.04 r
  U21435/ZN (NR2OPTIBD12BWP40P140)                        0.01       1.05 f
  U23455/ZN (AOI21OPTREPBD6BWP40P140)                     0.02       1.06 r
  U23441/ZN (OAI21OPTREPBD12BWP40P140)                    0.02       1.08 f
  U18442/Z (AO21D2BWP40P140)                              0.03       1.11 f
  U26860/ZN (XNR2OPTND4BWP40P140)                         0.02       1.13 f
  U23495/ZN (NR2D2BWP40P140)                              0.01       1.14 r
  U27088/ZN (INVD2BWP40P140)                              0.01       1.15 f
  U26674/ZN (ND3OPTPAD2BWP40P140)                         0.01       1.16 r
  U21299/ZN (ND2D3BWP40P140)                              0.02       1.18 f
  U20824/ZN (NR2D3BWP40P140)                              0.01       1.19 r
  U21258/ZN (CKND2D4BWP40P140)                            0.01       1.20 f
  U23519/ZN (ND2OPTPAD4BWP40P140)                         0.01       1.21 r
  U26896/ZN (CKND2D4BWP40P140)                            0.01       1.22 f
  U23339/ZN (INR2D6BWP40P140)                             0.01       1.23 r
  U26485/ZN (ND2OPTIBD1BWP40P140)                         0.01       1.24 f
  U40435/ZN (ND3D1BWP40P140)                              0.01       1.25 r
  pack_q_reg[28]/D (DFQD1BWP40P140)                       0.00       1.25 r
  data arrival time                                                  1.25

  clock clk (rise edge)                                   1.20       1.20
  clock network delay (ideal)                             0.00       1.20
  clock uncertainty                                      -0.10       1.10
  pack_q_reg[28]/CP (DFQD1BWP40P140)                      0.00       1.10 r
  library setup time                                     -0.02       1.08
  data required time                                                 1.08
  --------------------------------------------------------------------------
  data required time                                                 1.08
  data arrival time                                                 -1.25
  --------------------------------------------------------------------------
  slack (VIOLATED)                                                  -0.17


  Startpoint: rs_mult[24]
              (input port clocked by clk)
  Endpoint: pack_q_reg[30]
            (rising edge-triggered flip-flop clocked by clk)
  Path Group: clk
  Path Type: max

  Des/Clust/Port     Wire Load Model       Library
  ------------------------------------------------
  mat_engine         ZeroWireload          tcbn28hpcplusbwp40p140tt0p9v25c

  Point                                    Incr       Path
  -----------------------------------------------------------
  clock clk (rise edge)                    0.00       0.00
  clock network delay (ideal)              0.00       0.00
  input external delay                     0.30       0.30 f
  rs_mult[24] (in)                         0.00       0.30 f
  U21836/ZN (IND2D16BWP40P140)             0.00       0.30 r
  U25284/ZN (CKND2D4BWP40P140)             0.02       0.32 f
  U24469/ZN (AOI21D16BWP40P140)            0.03       0.35 r
  U20408/ZN (ND2OPTIBD8BWP40P140)          0.02       0.36 f
  U21887/ZN (OAI22OPTPBD2BWP40P140)        0.02       0.38 r
  U26582/S (FA1D4BWP40P140)                0.07       0.45 f
  U25226/ZN (XNR2OPTND4BWP40P140)          0.02       0.47 f
  U19568/ZN (XNR2OPTND4BWP40P140)          0.02       0.50 f
  U19512/ZN (ND2D2BWP40P140)               0.01       0.51 r
  U19456/ZN (ND2D3BWP40P140)               0.02       0.53 f
  U19489/ZN (ND2OPTPAD4BWP40P140)          0.01       0.54 r
  U21015/ZN (XNR2OPTND4BWP40P140)          0.02       0.57 r
  U19425/ZN (OAI21D2BWP40P140)             0.02       0.59 f
  U21666/ZN (CKND2D4BWP40P140)             0.02       0.60 r
  U25896/ZN (INVD4BWP40P140)               0.01       0.61 f
  U21984/ZN (ND2OPTPAD4BWP40P140)          0.01       0.62 r
  U21497/ZN (ND2D3BWP40P140)               0.01       0.64 f
  U26089/ZN (NR2D2BWP40P140)               0.02       0.66 r
  U20379/ZN (AOI21D6BWP40P140)             0.02       0.67 f
  U20378/ZN (OAI21OPTREPBD6BWP40P140)      0.02       0.69 r
  U20522/ZN (AOI21D16BWP40P140)            0.02       0.71 f
  U20472/ZN (ND2OPTPAD16BWP40P140)         0.02       0.72 r
  U20808/ZN (INVD15BWP40P140)              0.01       0.73 f
  U20362/ZN (XNR2OPTND4BWP40P140)          0.02       0.75 f
  U24277/ZN (ND2D1BWP40P140)               0.02       0.77 r
  U24117/ZN (OAI21D2BWP40P140)             0.02       0.79 f
  U26995/ZN (AOI21D2BWP40P140)             0.01       0.80 r
  U26934/ZN (OAI21OPTREPBD2BWP40P140)      0.02       0.82 f
  U20923/ZN (AOI21D8BWP40P140)             0.02       0.85 r
  U21211/ZN (OAI21OPTREPBD8BWP40P140)      0.02       0.86 f
  U21418/ZN (XNR2OPTND8BWP40P140)          0.02       0.88 r
  U24213/ZN (ND2OPTPAD16BWP40P140)         0.03       0.91 f
  U18846/ZN (NR2D4BWP40P140)               0.02       0.93 r
  U22041/ZN (NR2D4BWP40P140)               0.01       0.94 f
  U26593/ZN (ND2D3BWP40P140)               0.01       0.94 r
  U21328/ZN (OAI21OPTREPBD2BWP40P140)      0.02       0.96 f
  U26098/ZN (NR3D4BWP40P140)               0.02       0.98 r
  U23335/ZN (OAI22OPTPBD4BWP40P140)        0.02       0.99 f
  U20784/ZN (NR2OPTIBD6BWP40P140)          0.01       1.01 r
  U20348/ZN (ND2OPTIBD6BWP40P140)          0.01       1.02 f
  U20998/ZN (NR2OPTPAD8BWP40P140)          0.01       1.03 r
  U21124/ZN (OAI21OPTREPBD6BWP40P140)      0.02       1.05 f
  U18478/Z (CKBD1BWP40P140)                0.02       1.07 f
  U26707/ZN (INVD1BWP40P140)               0.01       1.08 r
  U23827/ZN (NR2OPTPAD1BWP40P140)          0.01       1.09 f
  U23825/ZN (NR2OPTPAD2BWP40P140)          0.01       1.10 r
  U22036/ZN (XNR2OPTND4BWP40P140)          0.01       1.11 f
  U24133/ZN (AOI22D2BWP40P140)             0.02       1.13 r
  U26801/ZN (OAI21D2BWP40P140)             0.02       1.15 f
  U26674/ZN (ND3OPTPAD2BWP40P140)          0.01       1.16 r
  U21299/ZN (ND2D3BWP40P140)               0.02       1.18 f
  U20824/ZN (NR2D3BWP40P140)               0.01       1.19 r
  U21258/ZN (CKND2D4BWP40P140)             0.01       1.20 f
  U23519/ZN (ND2OPTPAD4BWP40P140)          0.01       1.21 r
  U26896/ZN (CKND2D4BWP40P140)             0.01       1.22 f
  U23339/ZN (INR2D6BWP40P140)              0.01       1.23 r
  U40430/ZN (ND2OPTIBD1BWP40P140)          0.01       1.24 f
  U23438/ZN (ND3D1BWP40P140)               0.01       1.25 r
  pack_q_reg[30]/D (DFQD1BWP40P140)        0.00       1.25 r
  data arrival time                                   1.25

  clock clk (rise edge)                    1.20       1.20
  clock network delay (ideal)              0.00       1.20
  clock uncertainty                       -0.10       1.10
  pack_q_reg[30]/CP (DFQD1BWP40P140)       0.00       1.10 r
  library setup time                      -0.02       1.08
  data required time                                  1.08
  -----------------------------------------------------------
  data required time                                  1.08
  data arrival time                                  -1.25
  -----------------------------------------------------------
  slack (VIOLATED)                                   -0.17


  Startpoint: el_i_reg[5]
              (rising edge-triggered flip-flop clocked by clk)
  Endpoint: pack_q_reg[26]
            (rising edge-triggered flip-flop clocked by clk)
  Path Group: clk
  Path Type: max

  Des/Clust/Port     Wire Load Model       Library
  ------------------------------------------------
  mat_engine         ZeroWireload          tcbn28hpcplusbwp40p140tt0p9v25c

  Point                                    Incr       Path
  -----------------------------------------------------------
  clock clk (rise edge)                    0.00       0.00
  clock network delay (ideal)              0.00       0.00
  el_i_reg[5]/CP (DFQD1BWP40P140)          0.00 #     0.00 r
  el_i_reg[5]/Q (DFQD1BWP40P140)           0.07       0.07 f
  U31905/ZN (NR2D1BWP40P140)               0.02       0.09 r
  U26710/ZN (ND2OPTIBD2BWP40P140)          0.03       0.12 f
  U32265/ZN (INR2D1BWP40P140)              0.05       0.17 r
  U32266/ZN (INVD2BWP40P140)               0.01       0.18 f
  U32267/ZN (INVD1BWP40P140)               0.03       0.21 r
  U32809/ZN (AOI22D1BWP40P140)             0.03       0.24 f
  U23915/ZN (ND4D1BWP40P140)               0.01       0.25 r
  U32824/ZN (NR4D0BWP40P140)               0.02       0.28 f
  U32825/ZN (CKND2D3BWP40P140)             0.03       0.31 r
  U32826/Z (BUFFD4BWP40P140)               0.03       0.34 r
  U27260/ZN (XNR2OPTND2BWP40P140)          0.02       0.36 r
  U27252/ZN (OAI22OPTPBD1BWP40P140)        0.02       0.38 f
  U39559/S (FA1D1BWP40P140)                0.08       0.46 r
  U26481/ZN (XNR2OPTND2BWP40P140)          0.03       0.49 r
  U21800/ZN (XNR2OPTND4BWP40P140)          0.02       0.52 r
  U21241/ZN (INVD4BWP40P140)               0.01       0.53 f
  U21016/ZN (XNR2OPTND4BWP40P140)          0.02       0.55 f
  U21015/ZN (XNR2OPTND4BWP40P140)          0.02       0.57 f
  U19425/ZN (OAI21D2BWP40P140)             0.01       0.58 r
  U21666/ZN (CKND2D4BWP40P140)             0.01       0.60 f
  U25896/ZN (INVD4BWP40P140)               0.01       0.60 r
  U21984/ZN (ND2OPTPAD4BWP40P140)          0.01       0.62 f
  U21200/ZN (AOI21OPTREPBD2BWP40P140)      0.01       0.63 r
  U20914/ZN (OAI21OPTREPBD2BWP40P140)      0.02       0.64 f
  U20379/ZN (AOI21D6BWP40P140)             0.02       0.66 r
  U20378/ZN (OAI21OPTREPBD6BWP40P140)      0.01       0.68 f
  U20522/ZN (AOI21D16BWP40P140)            0.02       0.69 r
  U20472/ZN (ND2OPTPAD16BWP40P140)         0.03       0.73 f
  U23996/ZN (INVD15BWP40P140)              0.02       0.75 r
  U21776/ZN (XNR2OPTND6BWP40P140)          0.02       0.77 r
  U20741/ZN (NR2D6BWP40P140)               0.01       0.78 f
  U19200/ZN (NR2OPTPAD2BWP40P140)          0.01       0.79 r
  U20316/ZN (ND2OPTIBD6BWP40P140)          0.01       0.80 f
  U23508/ZN (OAI21OPTREPBD2BWP40P140)      0.02       0.82 r
  U26552/ZN (AOI21OPTREPBD2BWP40P140)      0.02       0.84 f
  U21211/ZN (OAI21OPTREPBD8BWP40P140)      0.01       0.86 r
  U21418/ZN (XNR2OPTND8BWP40P140)          0.02       0.88 r
  U24213/ZN (ND2OPTPAD16BWP40P140)         0.03       0.91 f
  U18846/ZN (NR2D4BWP40P140)               0.02       0.93 r
  U22041/ZN (NR2D4BWP40P140)               0.01       0.94 f
  U26593/ZN (ND2D3BWP40P140)               0.01       0.94 r
  U21328/ZN (OAI21OPTREPBD2BWP40P140)      0.02       0.96 f
  U26098/ZN (NR3D4BWP40P140)               0.02       0.98 r
  U23335/ZN (OAI22OPTPBD4BWP40P140)        0.02       0.99 f
  U20784/ZN (NR2OPTIBD6BWP40P140)          0.01       1.01 r
  U20348/ZN (ND2OPTIBD6BWP40P140)          0.01       1.02 f
  U20998/ZN (NR2OPTPAD8BWP40P140)          0.01       1.03 r
  U21124/ZN (OAI21OPTREPBD6BWP40P140)      0.02       1.05 f
  U18478/Z (CKBD1BWP40P140)                0.02       1.07 f
  U26707/ZN (INVD1BWP40P140)               0.01       1.08 r
  U23827/ZN (NR2OPTPAD1BWP40P140)          0.01       1.09 f
  U23825/ZN (NR2OPTPAD2BWP40P140)          0.01       1.10 r
  U22036/ZN (XNR2OPTND4BWP40P140)          0.01       1.11 f
  U24133/ZN (AOI22D2BWP40P140)             0.02       1.13 r
  U26801/ZN (OAI21D2BWP40P140)             0.02       1.15 f
  U26674/ZN (ND3OPTPAD2BWP40P140)          0.01       1.16 r
  U21299/ZN (ND2D3BWP40P140)               0.02       1.18 f
  U20824/ZN (NR2D3BWP40P140)               0.01       1.19 r
  U21258/ZN (CKND2D4BWP40P140)             0.01       1.20 f
  U23519/ZN (ND2OPTPAD4BWP40P140)          0.01       1.21 r
  U26896/ZN (CKND2D4BWP40P140)             0.01       1.22 f
  U23339/ZN (INR2D6BWP40P140)              0.01       1.23 r
  U40428/ZN (ND2OPTIBD1BWP40P140)          0.01       1.24 f
  U23437/ZN (ND3D1BWP40P140)               0.01       1.25 r
  pack_q_reg[26]/D (DFQD1BWP40P140)        0.00       1.25 r
  data arrival time                                   1.25

  clock clk (rise edge)                    1.20       1.20
  clock network delay (ideal)              0.00       1.20
  clock uncertainty                       -0.10       1.10
  pack_q_reg[26]/CP (DFQD1BWP40P140)       0.00       1.10 r
  library setup time                      -0.02       1.08
  data required time                                  1.08
  -----------------------------------------------------------
  data required time                                  1.08
  data arrival time                                  -1.25
  -----------------------------------------------------------
  slack (VIOLATED)                                   -0.17


  Startpoint: el_i_reg[5]
              (rising edge-triggered flip-flop clocked by clk)
  Endpoint: pack_q_reg[30]
            (rising edge-triggered flip-flop clocked by clk)
  Path Group: clk
  Path Type: max

  Des/Clust/Port     Wire Load Model       Library
  ------------------------------------------------
  mat_engine         ZeroWireload          tcbn28hpcplusbwp40p140tt0p9v25c

  Point                                    Incr       Path
  -----------------------------------------------------------
  clock clk (rise edge)                    0.00       0.00
  clock network delay (ideal)              0.00       0.00
  el_i_reg[5]/CP (DFQD1BWP40P140)          0.00 #     0.00 r
  el_i_reg[5]/Q (DFQD1BWP40P140)           0.07       0.07 f
  U31905/ZN (NR2D1BWP40P140)               0.02       0.09 r
  U26710/ZN (ND2OPTIBD2BWP40P140)          0.03       0.12 f
  U32265/ZN (INR2D1BWP40P140)              0.05       0.17 r
  U32266/ZN (INVD2BWP40P140)               0.01       0.18 f
  U32267/ZN (INVD1BWP40P140)               0.03       0.21 r
  U32809/ZN (AOI22D1BWP40P140)             0.03       0.24 f
  U23915/ZN (ND4D1BWP40P140)               0.01       0.25 r
  U32824/ZN (NR4D0BWP40P140)               0.02       0.28 f
  U32825/ZN (CKND2D3BWP40P140)             0.03       0.31 r
  U32826/Z (BUFFD4BWP40P140)               0.03       0.34 r
  U27260/ZN (XNR2OPTND2BWP40P140)          0.02       0.36 r
  U27252/ZN (OAI22OPTPBD1BWP40P140)        0.02       0.38 f
  U39559/S (FA1D1BWP40P140)                0.08       0.46 r
  U26481/ZN (XNR2OPTND2BWP40P140)          0.03       0.49 r
  U21800/ZN (XNR2OPTND4BWP40P140)          0.02       0.52 r
  U21241/ZN (INVD4BWP40P140)               0.01       0.53 f
  U21016/ZN (XNR2OPTND4BWP40P140)          0.02       0.55 f
  U21015/ZN (XNR2OPTND4BWP40P140)          0.02       0.57 f
  U19425/ZN (OAI21D2BWP40P140)             0.01       0.58 r
  U21666/ZN (CKND2D4BWP40P140)             0.01       0.60 f
  U25896/ZN (INVD4BWP40P140)               0.01       0.60 r
  U21984/ZN (ND2OPTPAD4BWP40P140)          0.01       0.62 f
  U21200/ZN (AOI21OPTREPBD2BWP40P140)      0.01       0.63 r
  U20914/ZN (OAI21OPTREPBD2BWP40P140)      0.02       0.64 f
  U20379/ZN (AOI21D6BWP40P140)             0.02       0.66 r
  U20378/ZN (OAI21OPTREPBD6BWP40P140)      0.01       0.68 f
  U20522/ZN (AOI21D16BWP40P140)            0.02       0.69 r
  U20472/ZN (ND2OPTPAD16BWP40P140)         0.03       0.73 f
  U20808/ZN (INVD15BWP40P140)              0.01       0.74 r
  U20362/ZN (XNR2OPTND4BWP40P140)          0.02       0.75 f
  U24277/ZN (ND2D1BWP40P140)               0.02       0.77 r
  U24117/ZN (OAI21D2BWP40P140)             0.02       0.79 f
  U26995/ZN (AOI21D2BWP40P140)             0.01       0.80 r
  U26934/ZN (OAI21OPTREPBD2BWP40P140)      0.02       0.82 f
  U20923/ZN (AOI21D8BWP40P140)             0.02       0.85 r
  U21211/ZN (OAI21OPTREPBD8BWP40P140)      0.02       0.86 f
  U21418/ZN (XNR2OPTND8BWP40P140)          0.02       0.88 r
  U24213/ZN (ND2OPTPAD16BWP40P140)         0.03       0.91 f
  U18846/ZN (NR2D4BWP40P140)               0.02       0.93 r
  U22041/ZN (NR2D4BWP40P140)               0.01       0.94 f
  U26593/ZN (ND2D3BWP40P140)               0.01       0.94 r
  U21328/ZN (OAI21OPTREPBD2BWP40P140)      0.02       0.96 f
  U26098/ZN (NR3D4BWP40P140)               0.02       0.98 r
  U23335/ZN (OAI22OPTPBD4BWP40P140)        0.02       0.99 f
  U20784/ZN (NR2OPTIBD6BWP40P140)          0.01       1.01 r
  U20348/ZN (ND2OPTIBD6BWP40P140)          0.01       1.02 f
  U20998/ZN (NR2OPTPAD8BWP40P140)          0.01       1.03 r
  U21124/ZN (OAI21OPTREPBD6BWP40P140)      0.02       1.05 f
  U18478/Z (CKBD1BWP40P140)                0.02       1.07 f
  U26707/ZN (INVD1BWP40P140)               0.01       1.08 r
  U23827/ZN (NR2OPTPAD1BWP40P140)          0.01       1.09 f
  U23825/ZN (NR2OPTPAD2BWP40P140)          0.01       1.10 r
  U22036/ZN (XNR2OPTND4BWP40P140)          0.01       1.11 f
  U24133/ZN (AOI22D2BWP40P140)             0.02       1.13 r
  U26801/ZN (OAI21D2BWP40P140)             0.02       1.15 f
  U26674/ZN (ND3OPTPAD2BWP40P140)          0.01       1.16 r
  U21299/ZN (ND2D3BWP40P140)               0.02       1.18 f
  U20824/ZN (NR2D3BWP40P140)               0.01       1.19 r
  U21258/ZN (CKND2D4BWP40P140)             0.01       1.20 f
  U23519/ZN (ND2OPTPAD4BWP40P140)          0.01       1.21 r
  U26896/ZN (CKND2D4BWP40P140)             0.01       1.22 f
  U23339/ZN (INR2D6BWP40P140)              0.01       1.23 r
  U40430/ZN (ND2OPTIBD1BWP40P140)          0.01       1.24 f
  U23438/ZN (ND3D1BWP40P140)               0.01       1.25 r
  pack_q_reg[30]/D (DFQD1BWP40P140)        0.00       1.25 r
  data arrival time                                   1.25

  clock clk (rise edge)                    1.20       1.20
  clock network delay (ideal)              0.00       1.20
  clock uncertainty                       -0.10       1.10
  pack_q_reg[30]/CP (DFQD1BWP40P140)       0.00       1.10 r
  library setup time                      -0.02       1.08
  data required time                                  1.08
  -----------------------------------------------------------
  data required time                                  1.08
  data arrival time                                  -1.25
  -----------------------------------------------------------
  slack (VIOLATED)                                   -0.17


  Startpoint: el_i_reg[5]
              (rising edge-triggered flip-flop clocked by clk)
  Endpoint: pack_q_reg[26]
            (rising edge-triggered flip-flop clocked by clk)
  Path Group: clk
  Path Type: max

  Des/Clust/Port     Wire Load Model       Library
  ------------------------------------------------
  mat_engine         ZeroWireload          tcbn28hpcplusbwp40p140tt0p9v25c

  Point                                    Incr       Path
  -----------------------------------------------------------
  clock clk (rise edge)                    0.00       0.00
  clock network delay (ideal)              0.00       0.00
  el_i_reg[5]/CP (DFQD1BWP40P140)          0.00 #     0.00 r
  el_i_reg[5]/Q (DFQD1BWP40P140)           0.07       0.07 f
  U31905/ZN (NR2D1BWP40P140)               0.02       0.09 r
  U26710/ZN (ND2OPTIBD2BWP40P140)          0.03       0.12 f
  U32265/ZN (INR2D1BWP40P140)              0.05       0.17 r
  U32266/ZN (INVD2BWP40P140)               0.01       0.18 f
  U32267/ZN (INVD1BWP40P140)               0.03       0.21 r
  U32809/ZN (AOI22D1BWP40P140)             0.03       0.24 f
  U23915/ZN (ND4D1BWP40P140)               0.01       0.25 r
  U32824/ZN (NR4D0BWP40P140)               0.02       0.28 f
  U32825/ZN (CKND2D3BWP40P140)             0.03       0.31 r
  U32826/Z (BUFFD4BWP40P140)               0.03       0.34 r
  U27260/ZN (XNR2OPTND2BWP40P140)          0.02       0.36 r
  U27252/ZN (OAI22OPTPBD1BWP40P140)        0.02       0.38 f
  U39559/S (FA1D1BWP40P140)                0.08       0.46 r
  U26481/ZN (XNR2OPTND2BWP40P140)          0.03       0.49 r
  U21800/ZN (XNR2OPTND4BWP40P140)          0.02       0.52 r
  U21241/ZN (INVD4BWP40P140)               0.01       0.53 f
  U21016/ZN (XNR2OPTND4BWP40P140)          0.02       0.55 f
  U21015/ZN (XNR2OPTND4BWP40P140)          0.02       0.57 f
  U19425/ZN (OAI21D2BWP40P140)             0.01       0.58 r
  U21666/ZN (CKND2D4BWP40P140)             0.01       0.60 f
  U25896/ZN (INVD4BWP40P140)               0.01       0.60 r
  U21984/ZN (ND2OPTPAD4BWP40P140)          0.01       0.62 f
  U21200/ZN (AOI21OPTREPBD2BWP40P140)      0.01       0.63 r
  U20914/ZN (OAI21OPTREPBD2BWP40P140)      0.02       0.64 f
  U20379/ZN (AOI21D6BWP40P140)             0.02       0.66 r
  U20378/ZN (OAI21OPTREPBD6BWP40P140)      0.01       0.68 f
  U20522/ZN (AOI21D16BWP40P140)            0.02       0.69 r
  U20472/ZN (ND2OPTPAD16BWP40P140)         0.03       0.73 f
  U23996/ZN (INVD15BWP40P140)              0.02       0.75 r
  U21776/ZN (XNR2OPTND6BWP40P140)          0.02       0.77 r
  U20741/ZN (NR2D6BWP40P140)               0.01       0.78 f
  U19200/ZN (NR2OPTPAD2BWP40P140)          0.01       0.79 r
  U20316/ZN (ND2OPTIBD6BWP40P140)          0.01       0.80 f
  U23508/ZN (OAI21OPTREPBD2BWP40P140)      0.02       0.82 r
  U26552/ZN (AOI21OPTREPBD2BWP40P140)      0.02       0.84 f
  U21211/ZN (OAI21OPTREPBD8BWP40P140)      0.01       0.86 r
  U21418/ZN (XNR2OPTND8BWP40P140)          0.02       0.88 r
  U24213/ZN (ND2OPTPAD16BWP40P140)         0.03       0.91 f
  U18846/ZN (NR2D4BWP40P140)               0.02       0.93 r
  U22041/ZN (NR2D4BWP40P140)               0.01       0.94 f
  U26593/ZN (ND2D3BWP40P140)               0.01       0.94 r
  U21328/ZN (OAI21OPTREPBD2BWP40P140)      0.02       0.96 f
  U26098/ZN (NR3D4BWP40P140)               0.02       0.98 r
  U23335/ZN (OAI22OPTPBD4BWP40P140)        0.02       0.99 f
  U20784/ZN (NR2OPTIBD6BWP40P140)          0.01       1.01 r
  U20348/ZN (ND2OPTIBD6BWP40P140)          0.01       1.02 f
  U20998/ZN (NR2OPTPAD8BWP40P140)          0.01       1.03 r
  U21124/ZN (OAI21OPTREPBD6BWP40P140)      0.02       1.05 f
  U18478/Z (CKBD1BWP40P140)                0.02       1.07 f
  U26707/ZN (INVD1BWP40P140)               0.01       1.08 r
  U23827/ZN (NR2OPTPAD1BWP40P140)          0.01       1.09 f
  U23825/ZN (NR2OPTPAD2BWP40P140)          0.01       1.10 r
  U22036/ZN (XNR2OPTND4BWP40P140)          0.01       1.11 f
  U24133/ZN (AOI22D2BWP40P140)             0.02       1.13 r
  U26801/ZN (OAI21D2BWP40P140)             0.02       1.15 f
  U26674/ZN (ND3OPTPAD2BWP40P140)          0.01       1.16 r
  U21299/ZN (ND2D3BWP40P140)               0.02       1.18 f
  U20824/ZN (NR2D3BWP40P140)               0.01       1.19 r
  U21258/ZN (CKND2D4BWP40P140)             0.01       1.20 f
  U23519/ZN (ND2OPTPAD4BWP40P140)          0.01       1.21 r
  U26896/ZN (CKND2D4BWP40P140)             0.01       1.22 f
  U23339/ZN (INR2D6BWP40P140)              0.01       1.23 r
  U40428/ZN (ND2OPTIBD1BWP40P140)          0.01       1.24 f
  U23437/ZN (ND3D1BWP40P140)               0.01       1.25 r
  pack_q_reg[26]/D (DFQD1BWP40P140)        0.00       1.25 r
  data arrival time                                   1.25

  clock clk (rise edge)                    1.20       1.20
  clock network delay (ideal)              0.00       1.20
  clock uncertainty                       -0.10       1.10
  pack_q_reg[26]/CP (DFQD1BWP40P140)       0.00       1.10 r
  library setup time                      -0.02       1.08
  data required time                                  1.08
  -----------------------------------------------------------
  data required time                                  1.08
  data arrival time                                  -1.25
  -----------------------------------------------------------
  slack (VIOLATED)                                   -0.17


  Startpoint: el_i_reg[5]
              (rising edge-triggered flip-flop clocked by clk)
  Endpoint: pack_q_reg[28]
            (rising edge-triggered flip-flop clocked by clk)
  Path Group: clk
  Path Type: max

  Des/Clust/Port     Wire Load Model       Library
  ------------------------------------------------
  mat_engine         ZeroWireload          tcbn28hpcplusbwp40p140tt0p9v25c

  Point                                    Incr       Path
  -----------------------------------------------------------
  clock clk (rise edge)                    0.00       0.00
  clock network delay (ideal)              0.00       0.00
  el_i_reg[5]/CP (DFQD1BWP40P140)          0.00 #     0.00 r
  el_i_reg[5]/Q (DFQD1BWP40P140)           0.07       0.07 f
  U31905/ZN (NR2D1BWP40P140)               0.02       0.09 r
  U26710/ZN (ND2OPTIBD2BWP40P140)          0.03       0.12 f
  U32265/ZN (INR2D1BWP40P140)              0.05       0.17 r
  U32266/ZN (INVD2BWP40P140)               0.01       0.18 f
  U32267/ZN (INVD1BWP40P140)               0.03       0.21 r
  U32809/ZN (AOI22D1BWP40P140)             0.03       0.24 f
  U23915/ZN (ND4D1BWP40P140)               0.01       0.25 r
  U32824/ZN (NR4D0BWP40P140)               0.02       0.28 f
  U32825/ZN (CKND2D3BWP40P140)             0.03       0.31 r
  U32826/Z (BUFFD4BWP40P140)               0.03       0.34 r
  U27260/ZN (XNR2OPTND2BWP40P140)          0.02       0.36 r
  U27252/ZN (OAI22OPTPBD1BWP40P140)        0.02       0.38 f
  U39559/S (FA1D1BWP40P140)                0.08       0.46 r
  U26481/ZN (XNR2OPTND2BWP40P140)          0.03       0.49 r
  U21800/ZN (XNR2OPTND4BWP40P140)          0.02       0.52 r
  U21241/ZN (INVD4BWP40P140)               0.01       0.53 f
  U21016/ZN (XNR2OPTND4BWP40P140)          0.02       0.55 f
  U21015/ZN (XNR2OPTND4BWP40P140)          0.02       0.57 f
  U19425/ZN (OAI21D2BWP40P140)             0.01       0.58 r
  U21666/ZN (CKND2D4BWP40P140)             0.01       0.60 f
  U25896/ZN (INVD4BWP40P140)               0.01       0.60 r
  U21984/ZN (ND2OPTPAD4BWP40P140)          0.01       0.62 f
  U21200/ZN (AOI21OPTREPBD2BWP40P140)      0.01       0.63 r
  U20914/ZN (OAI21OPTREPBD2BWP40P140)      0.02       0.64 f
  U20379/ZN (AOI21D6BWP40P140)             0.02       0.66 r
  U20378/ZN (OAI21OPTREPBD6BWP40P140)      0.01       0.68 f
  U20522/ZN (AOI21D16BWP40P140)            0.02       0.69 r
  U20472/ZN (ND2OPTPAD16BWP40P140)         0.03       0.73 f
  U23996/ZN (INVD15BWP40P140)              0.02       0.75 r
  U21776/ZN (XNR2OPTND6BWP40P140)          0.02       0.77 r
  U20741/ZN (NR2D6BWP40P140)               0.01       0.78 f
  U19200/ZN (NR2OPTPAD2BWP40P140)          0.01       0.79 r
  U20316/ZN (ND2OPTIBD6BWP40P140)          0.01       0.80 f
  U23508/ZN (OAI21OPTREPBD2BWP40P140)      0.02       0.82 r
  U26552/ZN (AOI21OPTREPBD2BWP40P140)      0.02       0.84 f
  U21211/ZN (OAI21OPTREPBD8BWP40P140)      0.01       0.86 r
  U21418/ZN (XNR2OPTND8BWP40P140)          0.02       0.88 r
  U24213/ZN (ND2OPTPAD16BWP40P140)         0.03       0.91 f
  U18846/ZN (NR2D4BWP40P140)               0.02       0.93 r
  U22041/ZN (NR2D4BWP40P140)               0.01       0.94 f
  U26593/ZN (ND2D3BWP40P140)               0.01       0.94 r
  U21328/ZN (OAI21OPTREPBD2BWP40P140)      0.02       0.96 f
  U26098/ZN (NR3D4BWP40P140)               0.02       0.98 r
  U23335/ZN (OAI22OPTPBD4BWP40P140)        0.02       0.99 f
  U20784/ZN (NR2OPTIBD6BWP40P140)          0.01       1.01 r
  U20348/ZN (ND2OPTIBD6BWP40P140)          0.01       1.02 f
  U20998/ZN (NR2OPTPAD8BWP40P140)          0.01       1.03 r
  U21124/ZN (OAI21OPTREPBD6BWP40P140)      0.02       1.05 f
  U18478/Z (CKBD1BWP40P140)                0.02       1.07 f
  U26707/ZN (INVD1BWP40P140)               0.01       1.08 r
  U23827/ZN (NR2OPTPAD1BWP40P140)          0.01       1.09 f
  U23825/ZN (NR2OPTPAD2BWP40P140)          0.01       1.10 r
  U22036/ZN (XNR2OPTND4BWP40P140)          0.01       1.11 f
  U24133/ZN (AOI22D2BWP40P140)             0.02       1.13 r
  U26801/ZN (OAI21D2BWP40P140)             0.02       1.15 f
  U26674/ZN (ND3OPTPAD2BWP40P140)          0.01       1.16 r
  U21299/ZN (ND2D3BWP40P140)               0.02       1.18 f
  U20824/ZN (NR2D3BWP40P140)               0.01       1.19 r
  U21258/ZN (CKND2D4BWP40P140)             0.01       1.20 f
  U23519/ZN (ND2OPTPAD4BWP40P140)          0.01       1.21 r
  U26896/ZN (CKND2D4BWP40P140)             0.01       1.22 f
  U23339/ZN (INR2D6BWP40P140)              0.01       1.23 r
  U26485/ZN (ND2OPTIBD1BWP40P140)          0.01       1.24 f
  U40435/ZN (ND3D1BWP40P140)               0.01       1.25 r
  pack_q_reg[28]/D (DFQD1BWP40P140)        0.00       1.25 r
  data arrival time                                   1.25

  clock clk (rise edge)                    1.20       1.20
  clock network delay (ideal)              0.00       1.20
  clock uncertainty                       -0.10       1.10
  pack_q_reg[28]/CP (DFQD1BWP40P140)       0.00       1.10 r
  library setup time                      -0.02       1.08
  data required time                                  1.08
  -----------------------------------------------------------
  data required time                                  1.08
  data arrival time                                  -1.25
  -----------------------------------------------------------
  slack (VIOLATED)                                   -0.17


  Startpoint: el_i_reg[5]
              (rising edge-triggered flip-flop clocked by clk)
  Endpoint: pack_q_reg[28]
            (rising edge-triggered flip-flop clocked by clk)
  Path Group: clk
  Path Type: max

  Des/Clust/Port     Wire Load Model       Library
  ------------------------------------------------
  mat_engine         ZeroWireload          tcbn28hpcplusbwp40p140tt0p9v25c

  Point                                    Incr       Path
  -----------------------------------------------------------
  clock clk (rise edge)                    0.00       0.00
  clock network delay (ideal)              0.00       0.00
  el_i_reg[5]/CP (DFQD1BWP40P140)          0.00 #     0.00 r
  el_i_reg[5]/Q (DFQD1BWP40P140)           0.07       0.07 f
  U31905/ZN (NR2D1BWP40P140)               0.02       0.09 r
  U26710/ZN (ND2OPTIBD2BWP40P140)          0.03       0.12 f
  U32265/ZN (INR2D1BWP40P140)              0.05       0.17 r
  U32266/ZN (INVD2BWP40P140)               0.01       0.18 f
  U32267/ZN (INVD1BWP40P140)               0.03       0.21 r
  U32809/ZN (AOI22D1BWP40P140)             0.03       0.24 f
  U23915/ZN (ND4D1BWP40P140)               0.01       0.25 r
  U32824/ZN (NR4D0BWP40P140)               0.02       0.28 f
  U32825/ZN (CKND2D3BWP40P140)             0.03       0.31 r
  U32826/Z (BUFFD4BWP40P140)               0.03       0.34 r
  U27260/ZN (XNR2OPTND2BWP40P140)          0.02       0.36 r
  U27252/ZN (OAI22OPTPBD1BWP40P140)        0.02       0.38 f
  U39559/S (FA1D1BWP40P140)                0.08       0.46 r
  U26481/ZN (XNR2OPTND2BWP40P140)          0.03       0.49 r
  U21800/ZN (XNR2OPTND4BWP40P140)          0.02       0.52 r
  U21241/ZN (INVD4BWP40P140)               0.01       0.53 f
  U21016/ZN (XNR2OPTND4BWP40P140)          0.02       0.55 f
  U21015/ZN (XNR2OPTND4BWP40P140)          0.02       0.57 f
  U19425/ZN (OAI21D2BWP40P140)             0.01       0.58 r
  U21666/ZN (CKND2D4BWP40P140)             0.01       0.60 f
  U25896/ZN (INVD4BWP40P140)               0.01       0.60 r
  U21984/ZN (ND2OPTPAD4BWP40P140)          0.01       0.62 f
  U21200/ZN (AOI21OPTREPBD2BWP40P140)      0.01       0.63 r
  U20914/ZN (OAI21OPTREPBD2BWP40P140)      0.02       0.64 f
  U20379/ZN (AOI21D6BWP40P140)             0.02       0.66 r
  U20378/ZN (OAI21OPTREPBD6BWP40P140)      0.01       0.68 f
  U20522/ZN (AOI21D16BWP40P140)            0.02       0.69 r
  U20472/ZN (ND2OPTPAD16BWP40P140)         0.03       0.73 f
  U23996/ZN (INVD15BWP40P140)              0.02       0.75 r
  U21776/ZN (XNR2OPTND6BWP40P140)          0.02       0.77 r
  U20741/ZN (NR2D6BWP40P140)               0.01       0.78 f
  U19200/ZN (NR2OPTPAD2BWP40P140)          0.01       0.79 r
  U20316/ZN (ND2OPTIBD6BWP40P140)          0.01       0.80 f
  U23508/ZN (OAI21OPTREPBD2BWP40P140)      0.02       0.82 r
  U26552/ZN (AOI21OPTREPBD2BWP40P140)      0.02       0.84 f
  U21211/ZN (OAI21OPTREPBD8BWP40P140)      0.01       0.86 r
  U21418/ZN (XNR2OPTND8BWP40P140)          0.02       0.88 r
  U24213/ZN (ND2OPTPAD16BWP40P140)         0.03       0.91 f
  U18846/ZN (NR2D4BWP40P140)               0.02       0.93 r
  U22041/ZN (NR2D4BWP40P140)               0.01       0.94 f
  U26593/ZN (ND2D3BWP40P140)               0.01       0.94 r
  U21328/ZN (OAI21OPTREPBD2BWP40P140)      0.02       0.96 f
  U26098/ZN (NR3D4BWP40P140)               0.02       0.98 r
  U23335/ZN (OAI22OPTPBD4BWP40P140)        0.02       0.99 f
  U20784/ZN (NR2OPTIBD6BWP40P140)          0.01       1.01 r
  U20348/ZN (ND2OPTIBD6BWP40P140)          0.01       1.02 f
  U20998/ZN (NR2OPTPAD8BWP40P140)          0.01       1.03 r
  U21124/ZN (OAI21OPTREPBD6BWP40P140)      0.02       1.05 f
  U18478/Z (CKBD1BWP40P140)                0.02       1.07 f
  U26707/ZN (INVD1BWP40P140)               0.01       1.08 r
  U23827/ZN (NR2OPTPAD1BWP40P140)          0.01       1.09 f
  U23825/ZN (NR2OPTPAD2BWP40P140)          0.01       1.10 r
  U22036/ZN (XNR2OPTND4BWP40P140)          0.01       1.11 f
  U24133/ZN (AOI22D2BWP40P140)             0.02       1.13 r
  U26801/ZN (OAI21D2BWP40P140)             0.02       1.15 f
  U26674/ZN (ND3OPTPAD2BWP40P140)          0.01       1.16 r
  U21299/ZN (ND2D3BWP40P140)               0.02       1.18 f
  U20824/ZN (NR2D3BWP40P140)               0.01       1.19 r
  U21258/ZN (CKND2D4BWP40P140)             0.01       1.20 f
  U23519/ZN (ND2OPTPAD4BWP40P140)          0.01       1.21 r
  U26896/ZN (CKND2D4BWP40P140)             0.01       1.22 f
  U23339/ZN (INR2D6BWP40P140)              0.01       1.23 r
  U26485/ZN (ND2OPTIBD1BWP40P140)          0.01       1.24 f
  U40435/ZN (ND3D1BWP40P140)               0.01       1.25 r
  pack_q_reg[28]/D (DFQD1BWP40P140)        0.00       1.25 r
  data arrival time                                   1.25

  clock clk (rise edge)                    1.20       1.20
  clock network delay (ideal)              0.00       1.20
  clock uncertainty                       -0.10       1.10
  pack_q_reg[28]/CP (DFQD1BWP40P140)       0.00       1.10 r
  library setup time                      -0.02       1.08
  data required time                                  1.08
  -----------------------------------------------------------
  data required time                                  1.08
  data arrival time                                  -1.25
  -----------------------------------------------------------
  slack (VIOLATED)                                   -0.17


  Startpoint: rs_mult[24]
              (input port clocked by clk)
  Endpoint: pack_q_reg[26]
            (rising edge-triggered flip-flop clocked by clk)
  Path Group: clk
  Path Type: max

  Des/Clust/Port     Wire Load Model       Library
  ------------------------------------------------
  mat_engine         ZeroWireload          tcbn28hpcplusbwp40p140tt0p9v25c

  Point                                    Incr       Path
  -----------------------------------------------------------
  clock clk (rise edge)                    0.00       0.00
  clock network delay (ideal)              0.00       0.00
  input external delay                     0.30       0.30 f
  rs_mult[24] (in)                         0.00       0.30 f
  U21836/ZN (IND2D16BWP40P140)             0.00       0.30 r
  U25284/ZN (CKND2D4BWP40P140)             0.02       0.32 f
  U24469/ZN (AOI21D16BWP40P140)            0.03       0.35 r
  U20408/ZN (ND2OPTIBD8BWP40P140)          0.02       0.36 f
  U21887/ZN (OAI22OPTPBD2BWP40P140)        0.02       0.38 r
  U26582/S (FA1D4BWP40P140)                0.07       0.45 f
  U25226/ZN (XNR2OPTND4BWP40P140)          0.02       0.47 f
  U19568/ZN (XNR2OPTND4BWP40P140)          0.02       0.50 f
  U19512/ZN (ND2D2BWP40P140)               0.01       0.51 r
  U19456/ZN (ND2D3BWP40P140)               0.02       0.53 f
  U19489/ZN (ND2OPTPAD4BWP40P140)          0.01       0.54 r
  U21015/ZN (XNR2OPTND4BWP40P140)          0.02       0.57 r
  U19425/ZN (OAI21D2BWP40P140)             0.02       0.59 f
  U21666/ZN (CKND2D4BWP40P140)             0.02       0.60 r
  U25896/ZN (INVD4BWP40P140)               0.01       0.61 f
  U21984/ZN (ND2OPTPAD4BWP40P140)          0.01       0.62 r
  U21497/ZN (ND2D3BWP40P140)               0.01       0.64 f
  U26089/ZN (NR2D2BWP40P140)               0.02       0.66 r
  U20379/ZN (AOI21D6BWP40P140)             0.02       0.67 f
  U20378/ZN (OAI21OPTREPBD6BWP40P140)      0.02       0.69 r
  U20522/ZN (AOI21D16BWP40P140)            0.02       0.71 f
  U20472/ZN (ND2OPTPAD16BWP40P140)         0.02       0.72 r
  U20808/ZN (INVD15BWP40P140)              0.01       0.73 f
  U20362/ZN (XNR2OPTND4BWP40P140)          0.02       0.75 f
  U24277/ZN (ND2D1BWP40P140)               0.02       0.77 r
  U24117/ZN (OAI21D2BWP40P140)             0.02       0.79 f
  U26995/ZN (AOI21D2BWP40P140)             0.01       0.80 r
  U26934/ZN (OAI21OPTREPBD2BWP40P140)      0.02       0.82 f
  U20923/ZN (AOI21D8BWP40P140)             0.02       0.85 r
  U21211/ZN (OAI21OPTREPBD8BWP40P140)      0.02       0.86 f
  U21418/ZN (XNR2OPTND8BWP40P140)          0.02       0.88 r
  U24213/ZN (ND2OPTPAD16BWP40P140)         0.03       0.91 f
  U18846/ZN (NR2D4BWP40P140)               0.02       0.93 r
  U22041/ZN (NR2D4BWP40P140)               0.01       0.94 f
  U26593/ZN (ND2D3BWP40P140)               0.01       0.94 r
  U21328/ZN (OAI21OPTREPBD2BWP40P140)      0.02       0.96 f
  U26098/ZN (NR3D4BWP40P140)               0.02       0.98 r
  U23335/ZN (OAI22OPTPBD4BWP40P140)        0.02       0.99 f
  U20784/ZN (NR2OPTIBD6BWP40P140)          0.01       1.01 r
  U20348/ZN (ND2OPTIBD6BWP40P140)          0.01       1.02 f
  U20998/ZN (NR2OPTPAD8BWP40P140)          0.01       1.03 r
  U21124/ZN (OAI21OPTREPBD6BWP40P140)      0.02       1.05 f
  U18478/Z (CKBD1BWP40P140)                0.02       1.07 f
  U26707/ZN (INVD1BWP40P140)               0.01       1.08 r
  U23827/ZN (NR2OPTPAD1BWP40P140)          0.01       1.09 f
  U23825/ZN (NR2OPTPAD2BWP40P140)          0.01       1.10 r
  U22036/ZN (XNR2OPTND4BWP40P140)          0.01       1.11 f
  U24133/ZN (AOI22D2BWP40P140)             0.02       1.13 r
  U26801/ZN (OAI21D2BWP40P140)             0.02       1.15 f
  U26674/ZN (ND3OPTPAD2BWP40P140)          0.01       1.16 r
  U21299/ZN (ND2D3BWP40P140)               0.02       1.18 f
  U20824/ZN (NR2D3BWP40P140)               0.01       1.19 r
  U21258/ZN (CKND2D4BWP40P140)             0.01       1.20 f
  U23519/ZN (ND2OPTPAD4BWP40P140)          0.01       1.21 r
  U26896/ZN (CKND2D4BWP40P140)             0.01       1.22 f
  U23339/ZN (INR2D6BWP40P140)              0.01       1.23 r
  U40428/ZN (ND2OPTIBD1BWP40P140)          0.01       1.24 f
  U23437/ZN (ND3D1BWP40P140)               0.01       1.25 r
  pack_q_reg[26]/D (DFQD1BWP40P140)        0.00       1.25 r
  data arrival time                                   1.25

  clock clk (rise edge)                    1.20       1.20
  clock network delay (ideal)              0.00       1.20
  clock uncertainty                       -0.10       1.10
  pack_q_reg[26]/CP (DFQD1BWP40P140)       0.00       1.10 r
  library setup time                      -0.02       1.08
  data required time                                  1.08
  -----------------------------------------------------------
  data required time                                  1.08
  data arrival time                                  -1.25
  -----------------------------------------------------------
  slack (VIOLATED)                                   -0.17


  Startpoint: el_i_reg[5]
              (rising edge-triggered flip-flop clocked by clk)
  Endpoint: pack_q_reg[26]
            (rising edge-triggered flip-flop clocked by clk)
  Path Group: clk
  Path Type: max

  Des/Clust/Port     Wire Load Model       Library
  ------------------------------------------------
  mat_engine         ZeroWireload          tcbn28hpcplusbwp40p140tt0p9v25c

  Point                                    Incr       Path
  -----------------------------------------------------------
  clock clk (rise edge)                    0.00       0.00
  clock network delay (ideal)              0.00       0.00
  el_i_reg[5]/CP (DFQD1BWP40P140)          0.00 #     0.00 r
  el_i_reg[5]/Q (DFQD1BWP40P140)           0.07       0.07 f
  U31905/ZN (NR2D1BWP40P140)               0.02       0.09 r
  U26710/ZN (ND2OPTIBD2BWP40P140)          0.03       0.12 f
  U32265/ZN (INR2D1BWP40P140)              0.05       0.17 r
  U32266/ZN (INVD2BWP40P140)               0.01       0.18 f
  U32267/ZN (INVD1BWP40P140)               0.03       0.21 r
  U32809/ZN (AOI22D1BWP40P140)             0.03       0.24 f
  U23915/ZN (ND4D1BWP40P140)               0.01       0.25 r
  U32824/ZN (NR4D0BWP40P140)               0.02       0.28 f
  U32825/ZN (CKND2D3BWP40P140)             0.03       0.31 r
  U32826/Z (BUFFD4BWP40P140)               0.03       0.34 r
  U27260/ZN (XNR2OPTND2BWP40P140)          0.02       0.36 r
  U27252/ZN (OAI22OPTPBD1BWP40P140)        0.02       0.38 f
  U39559/S (FA1D1BWP40P140)                0.08       0.46 r
  U26481/ZN (XNR2OPTND2BWP40P140)          0.03       0.49 r
  U21800/ZN (XNR2OPTND4BWP40P140)          0.02       0.52 r
  U21241/ZN (INVD4BWP40P140)               0.01       0.53 f
  U21016/ZN (XNR2OPTND4BWP40P140)          0.02       0.55 f
  U21015/ZN (XNR2OPTND4BWP40P140)          0.02       0.57 f
  U19425/ZN (OAI21D2BWP40P140)             0.01       0.58 r
  U21666/ZN (CKND2D4BWP40P140)             0.01       0.60 f
  U25896/ZN (INVD4BWP40P140)               0.01       0.60 r
  U21984/ZN (ND2OPTPAD4BWP40P140)          0.01       0.62 f
  U21200/ZN (AOI21OPTREPBD2BWP40P140)      0.01       0.63 r
  U20914/ZN (OAI21OPTREPBD2BWP40P140)      0.02       0.64 f
  U20379/ZN (AOI21D6BWP40P140)             0.02       0.66 r
  U20378/ZN (OAI21OPTREPBD6BWP40P140)      0.01       0.68 f
  U20522/ZN (AOI21D16BWP40P140)            0.02       0.69 r
  U20472/ZN (ND2OPTPAD16BWP40P140)         0.03       0.73 f
  U20808/ZN (INVD15BWP40P140)              0.01       0.74 r
  U20362/ZN (XNR2OPTND4BWP40P140)          0.02       0.75 f
  U24277/ZN (ND2D1BWP40P140)               0.02       0.77 r
  U24117/ZN (OAI21D2BWP40P140)             0.02       0.79 f
  U26995/ZN (AOI21D2BWP40P140)             0.01       0.80 r
  U26934/ZN (OAI21OPTREPBD2BWP40P140)      0.02       0.82 f
  U20923/ZN (AOI21D8BWP40P140)             0.02       0.85 r
  U21211/ZN (OAI21OPTREPBD8BWP40P140)      0.02       0.86 f
  U21418/ZN (XNR2OPTND8BWP40P140)          0.02       0.88 r
  U24213/ZN (ND2OPTPAD16BWP40P140)         0.03       0.91 f
  U18846/ZN (NR2D4BWP40P140)               0.02       0.93 r
  U22041/ZN (NR2D4BWP40P140)               0.01       0.94 f
  U26593/ZN (ND2D3BWP40P140)               0.01       0.94 r
  U21328/ZN (OAI21OPTREPBD2BWP40P140)      0.02       0.96 f
  U26098/ZN (NR3D4BWP40P140)               0.02       0.98 r
  U23335/ZN (OAI22OPTPBD4BWP40P140)        0.02       0.99 f
  U20784/ZN (NR2OPTIBD6BWP40P140)          0.01       1.01 r
  U20348/ZN (ND2OPTIBD6BWP40P140)          0.01       1.02 f
  U20998/ZN (NR2OPTPAD8BWP40P140)          0.01       1.03 r
  U21124/ZN (OAI21OPTREPBD6BWP40P140)      0.02       1.05 f
  U18478/Z (CKBD1BWP40P140)                0.02       1.07 f
  U26707/ZN (INVD1BWP40P140)               0.01       1.08 r
  U23827/ZN (NR2OPTPAD1BWP40P140)          0.01       1.09 f
  U23825/ZN (NR2OPTPAD2BWP40P140)          0.01       1.10 r
  U22036/ZN (XNR2OPTND4BWP40P140)          0.01       1.11 f
  U24133/ZN (AOI22D2BWP40P140)             0.02       1.13 r
  U26801/ZN (OAI21D2BWP40P140)             0.02       1.15 f
  U26674/ZN (ND3OPTPAD2BWP40P140)          0.01       1.16 r
  U21299/ZN (ND2D3BWP40P140)               0.02       1.18 f
  U20824/ZN (NR2D3BWP40P140)               0.01       1.19 r
  U21258/ZN (CKND2D4BWP40P140)             0.01       1.20 f
  U23519/ZN (ND2OPTPAD4BWP40P140)          0.01       1.21 r
  U26896/ZN (CKND2D4BWP40P140)             0.01       1.22 f
  U23339/ZN (INR2D6BWP40P140)              0.01       1.23 r
  U40428/ZN (ND2OPTIBD1BWP40P140)          0.01       1.24 f
  U23437/ZN (ND3D1BWP40P140)               0.01       1.25 r
  pack_q_reg[26]/D (DFQD1BWP40P140)        0.00       1.25 r
  data arrival time                                   1.25

  clock clk (rise edge)                    1.20       1.20
  clock network delay (ideal)              0.00       1.20
  clock uncertainty                       -0.10       1.10
  pack_q_reg[26]/CP (DFQD1BWP40P140)       0.00       1.10 r
  library setup time                      -0.02       1.08
  data required time                                  1.08
  -----------------------------------------------------------
  data required time                                  1.08
  data arrival time                                  -1.25
  -----------------------------------------------------------
  slack (VIOLATED)                                   -0.17


  Startpoint: rs_mult[24]
              (input port clocked by clk)
  Endpoint: pack_q_reg[28]
            (rising edge-triggered flip-flop clocked by clk)
  Path Group: clk
  Path Type: max

  Des/Clust/Port     Wire Load Model       Library
  ------------------------------------------------
  mat_engine         ZeroWireload          tcbn28hpcplusbwp40p140tt0p9v25c

  Point                                    Incr       Path
  -----------------------------------------------------------
  clock clk (rise edge)                    0.00       0.00
  clock network delay (ideal)              0.00       0.00
  input external delay                     0.30       0.30 f
  rs_mult[24] (in)                         0.00       0.30 f
  U21836/ZN (IND2D16BWP40P140)             0.00       0.30 r
  U25284/ZN (CKND2D4BWP40P140)             0.02       0.32 f
  U24469/ZN (AOI21D16BWP40P140)            0.03       0.35 r
  U20408/ZN (ND2OPTIBD8BWP40P140)          0.02       0.36 f
  U21887/ZN (OAI22OPTPBD2BWP40P140)        0.02       0.38 r
  U26582/S (FA1D4BWP40P140)                0.07       0.45 f
  U25226/ZN (XNR2OPTND4BWP40P140)          0.02       0.47 f
  U19568/ZN (XNR2OPTND4BWP40P140)          0.02       0.50 f
  U19512/ZN (ND2D2BWP40P140)               0.01       0.51 r
  U19456/ZN (ND2D3BWP40P140)               0.02       0.53 f
  U19489/ZN (ND2OPTPAD4BWP40P140)          0.01       0.54 r
  U21015/ZN (XNR2OPTND4BWP40P140)          0.02       0.57 r
  U19425/ZN (OAI21D2BWP40P140)             0.02       0.59 f
  U21666/ZN (CKND2D4BWP40P140)             0.02       0.60 r
  U25896/ZN (INVD4BWP40P140)               0.01       0.61 f
  U21984/ZN (ND2OPTPAD4BWP40P140)          0.01       0.62 r
  U21497/ZN (ND2D3BWP40P140)               0.01       0.64 f
  U26089/ZN (NR2D2BWP40P140)               0.02       0.66 r
  U20379/ZN (AOI21D6BWP40P140)             0.02       0.67 f
  U20378/ZN (OAI21OPTREPBD6BWP40P140)      0.02       0.69 r
  U20522/ZN (AOI21D16BWP40P140)            0.02       0.71 f
  U20472/ZN (ND2OPTPAD16BWP40P140)         0.02       0.72 r
  U20808/ZN (INVD15BWP40P140)              0.01       0.73 f
  U20362/ZN (XNR2OPTND4BWP40P140)          0.02       0.75 f
  U24277/ZN (ND2D1BWP40P140)               0.02       0.77 r
  U24117/ZN (OAI21D2BWP40P140)             0.02       0.79 f
  U26995/ZN (AOI21D2BWP40P140)             0.01       0.80 r
  U26934/ZN (OAI21OPTREPBD2BWP40P140)      0.02       0.82 f
  U20923/ZN (AOI21D8BWP40P140)             0.02       0.85 r
  U21211/ZN (OAI21OPTREPBD8BWP40P140)      0.02       0.86 f
  U21418/ZN (XNR2OPTND8BWP40P140)          0.02       0.88 r
  U24213/ZN (ND2OPTPAD16BWP40P140)         0.03       0.91 f
  U18846/ZN (NR2D4BWP40P140)               0.02       0.93 r
  U22041/ZN (NR2D4BWP40P140)               0.01       0.94 f
  U26593/ZN (ND2D3BWP40P140)               0.01       0.94 r
  U21328/ZN (OAI21OPTREPBD2BWP40P140)      0.02       0.96 f
  U26098/ZN (NR3D4BWP40P140)               0.02       0.98 r
  U23335/ZN (OAI22OPTPBD4BWP40P140)        0.02       0.99 f
  U20784/ZN (NR2OPTIBD6BWP40P140)          0.01       1.01 r
  U20348/ZN (ND2OPTIBD6BWP40P140)          0.01       1.02 f
  U20998/ZN (NR2OPTPAD8BWP40P140)          0.01       1.03 r
  U21124/ZN (OAI21OPTREPBD6BWP40P140)      0.02       1.05 f
  U18478/Z (CKBD1BWP40P140)                0.02       1.07 f
  U26707/ZN (INVD1BWP40P140)               0.01       1.08 r
  U23827/ZN (NR2OPTPAD1BWP40P140)          0.01       1.09 f
  U23825/ZN (NR2OPTPAD2BWP40P140)          0.01       1.10 r
  U22036/ZN (XNR2OPTND4BWP40P140)          0.01       1.11 f
  U24133/ZN (AOI22D2BWP40P140)             0.02       1.13 r
  U26801/ZN (OAI21D2BWP40P140)             0.02       1.15 f
  U26674/ZN (ND3OPTPAD2BWP40P140)          0.01       1.16 r
  U21299/ZN (ND2D3BWP40P140)               0.02       1.18 f
  U20824/ZN (NR2D3BWP40P140)               0.01       1.19 r
  U21258/ZN (CKND2D4BWP40P140)             0.01       1.20 f
  U23519/ZN (ND2OPTPAD4BWP40P140)          0.01       1.21 r
  U26896/ZN (CKND2D4BWP40P140)             0.01       1.22 f
  U23339/ZN (INR2D6BWP40P140)              0.01       1.23 r
  U26485/ZN (ND2OPTIBD1BWP40P140)          0.01       1.24 f
  U40435/ZN (ND3D1BWP40P140)               0.01       1.25 r
  pack_q_reg[28]/D (DFQD1BWP40P140)        0.00       1.25 r
  data arrival time                                   1.25

  clock clk (rise edge)                    1.20       1.20
  clock network delay (ideal)              0.00       1.20
  clock uncertainty                       -0.10       1.10
  pack_q_reg[28]/CP (DFQD1BWP40P140)       0.00       1.10 r
  library setup time                      -0.02       1.08
  data required time                                  1.08
  -----------------------------------------------------------
  data required time                                  1.08
  data arrival time                                  -1.25
  -----------------------------------------------------------
  slack (VIOLATED)                                   -0.17


  Startpoint: el_i_reg[5]
              (rising edge-triggered flip-flop clocked by clk)
  Endpoint: pack_q_reg[28]
            (rising edge-triggered flip-flop clocked by clk)
  Path Group: clk
  Path Type: max

  Des/Clust/Port     Wire Load Model       Library
  ------------------------------------------------
  mat_engine         ZeroWireload          tcbn28hpcplusbwp40p140tt0p9v25c

  Point                                    Incr       Path
  -----------------------------------------------------------
  clock clk (rise edge)                    0.00       0.00
  clock network delay (ideal)              0.00       0.00
  el_i_reg[5]/CP (DFQD1BWP40P140)          0.00 #     0.00 r
  el_i_reg[5]/Q (DFQD1BWP40P140)           0.07       0.07 f
  U31905/ZN (NR2D1BWP40P140)               0.02       0.09 r
  U26710/ZN (ND2OPTIBD2BWP40P140)          0.03       0.12 f
  U32265/ZN (INR2D1BWP40P140)              0.05       0.17 r
  U32266/ZN (INVD2BWP40P140)               0.01       0.18 f
  U32267/ZN (INVD1BWP40P140)               0.03       0.21 r
  U32809/ZN (AOI22D1BWP40P140)             0.03       0.24 f
  U23915/ZN (ND4D1BWP40P140)               0.01       0.25 r
  U32824/ZN (NR4D0BWP40P140)               0.02       0.28 f
  U32825/ZN (CKND2D3BWP40P140)             0.03       0.31 r
  U32826/Z (BUFFD4BWP40P140)               0.03       0.34 r
  U27260/ZN (XNR2OPTND2BWP40P140)          0.02       0.36 r
  U27252/ZN (OAI22OPTPBD1BWP40P140)        0.02       0.38 f
  U39559/S (FA1D1BWP40P140)                0.08       0.46 r
  U26481/ZN (XNR2OPTND2BWP40P140)          0.03       0.49 r
  U21800/ZN (XNR2OPTND4BWP40P140)          0.02       0.52 r
  U21241/ZN (INVD4BWP40P140)               0.01       0.53 f
  U21016/ZN (XNR2OPTND4BWP40P140)          0.02       0.55 f
  U21015/ZN (XNR2OPTND4BWP40P140)          0.02       0.57 f
  U19425/ZN (OAI21D2BWP40P140)             0.01       0.58 r
  U21666/ZN (CKND2D4BWP40P140)             0.01       0.60 f
  U25896/ZN (INVD4BWP40P140)               0.01       0.60 r
  U21984/ZN (ND2OPTPAD4BWP40P140)          0.01       0.62 f
  U21200/ZN (AOI21OPTREPBD2BWP40P140)      0.01       0.63 r
  U20914/ZN (OAI21OPTREPBD2BWP40P140)      0.02       0.64 f
  U20379/ZN (AOI21D6BWP40P140)             0.02       0.66 r
  U20378/ZN (OAI21OPTREPBD6BWP40P140)      0.01       0.68 f
  U20522/ZN (AOI21D16BWP40P140)            0.02       0.69 r
  U20472/ZN (ND2OPTPAD16BWP40P140)         0.03       0.73 f
  U20808/ZN (INVD15BWP40P140)              0.01       0.74 r
  U20362/ZN (XNR2OPTND4BWP40P140)          0.02       0.75 f
  U24277/ZN (ND2D1BWP40P140)               0.02       0.77 r
  U24117/ZN (OAI21D2BWP40P140)             0.02       0.79 f
  U26995/ZN (AOI21D2BWP40P140)             0.01       0.80 r
  U26934/ZN (OAI21OPTREPBD2BWP40P140)      0.02       0.82 f
  U20923/ZN (AOI21D8BWP40P140)             0.02       0.85 r
  U21211/ZN (OAI21OPTREPBD8BWP40P140)      0.02       0.86 f
  U21418/ZN (XNR2OPTND8BWP40P140)          0.02       0.88 r
  U24213/ZN (ND2OPTPAD16BWP40P140)         0.03       0.91 f
  U18846/ZN (NR2D4BWP40P140)               0.02       0.93 r
  U22041/ZN (NR2D4BWP40P140)               0.01       0.94 f
  U26593/ZN (ND2D3BWP40P140)               0.01       0.94 r
  U21328/ZN (OAI21OPTREPBD2BWP40P140)      0.02       0.96 f
  U26098/ZN (NR3D4BWP40P140)               0.02       0.98 r
  U23335/ZN (OAI22OPTPBD4BWP40P140)        0.02       0.99 f
  U20784/ZN (NR2OPTIBD6BWP40P140)          0.01       1.01 r
  U20348/ZN (ND2OPTIBD6BWP40P140)          0.01       1.02 f
  U20998/ZN (NR2OPTPAD8BWP40P140)          0.01       1.03 r
  U21124/ZN (OAI21OPTREPBD6BWP40P140)      0.02       1.05 f
  U18478/Z (CKBD1BWP40P140)                0.02       1.07 f
  U26707/ZN (INVD1BWP40P140)               0.01       1.08 r
  U23827/ZN (NR2OPTPAD1BWP40P140)          0.01       1.09 f
  U23825/ZN (NR2OPTPAD2BWP40P140)          0.01       1.10 r
  U22036/ZN (XNR2OPTND4BWP40P140)          0.01       1.11 f
  U24133/ZN (AOI22D2BWP40P140)             0.02       1.13 r
  U26801/ZN (OAI21D2BWP40P140)             0.02       1.15 f
  U26674/ZN (ND3OPTPAD2BWP40P140)          0.01       1.16 r
  U21299/ZN (ND2D3BWP40P140)               0.02       1.18 f
  U20824/ZN (NR2D3BWP40P140)               0.01       1.19 r
  U21258/ZN (CKND2D4BWP40P140)             0.01       1.20 f
  U23519/ZN (ND2OPTPAD4BWP40P140)          0.01       1.21 r
  U26896/ZN (CKND2D4BWP40P140)             0.01       1.22 f
  U23339/ZN (INR2D6BWP40P140)              0.01       1.23 r
  U26485/ZN (ND2OPTIBD1BWP40P140)          0.01       1.24 f
  U40435/ZN (ND3D1BWP40P140)               0.01       1.25 r
  pack_q_reg[28]/D (DFQD1BWP40P140)        0.00       1.25 r
  data arrival time                                   1.25

  clock clk (rise edge)                    1.20       1.20
  clock network delay (ideal)              0.00       1.20
  clock uncertainty                       -0.10       1.10
  pack_q_reg[28]/CP (DFQD1BWP40P140)       0.00       1.10 r
  library setup time                      -0.02       1.08
  data required time                                  1.08
  -----------------------------------------------------------
  data required time                                  1.08
  data arrival time                                  -1.25
  -----------------------------------------------------------
  slack (VIOLATED)                                   -0.17


  Startpoint: el_i_reg[5]
              (rising edge-triggered flip-flop clocked by clk)
  Endpoint: pack_q_reg[24]
            (rising edge-triggered flip-flop clocked by clk)
  Path Group: clk
  Path Type: max

  Des/Clust/Port     Wire Load Model       Library
  ------------------------------------------------
  mat_engine         ZeroWireload          tcbn28hpcplusbwp40p140tt0p9v25c

  Point                                                   Incr       Path
  --------------------------------------------------------------------------
  clock clk (rise edge)                                   0.00       0.00
  clock network delay (ideal)                             0.00       0.00
  el_i_reg[5]/CP (DFQD1BWP40P140)                         0.00 #     0.00 r
  el_i_reg[5]/Q (DFQD1BWP40P140)                          0.07       0.07 f
  U31905/ZN (NR2D1BWP40P140)                              0.02       0.09 r
  U26710/ZN (ND2OPTIBD2BWP40P140)                         0.03       0.12 f
  U32265/ZN (INR2D1BWP40P140)                             0.05       0.17 r
  U32266/ZN (INVD2BWP40P140)                              0.01       0.18 f
  U32267/ZN (INVD1BWP40P140)                              0.03       0.21 r
  U32809/ZN (AOI22D1BWP40P140)                            0.03       0.24 f
  U23915/ZN (ND4D1BWP40P140)                              0.01       0.25 r
  U32824/ZN (NR4D0BWP40P140)                              0.02       0.28 f
  U32825/ZN (CKND2D3BWP40P140)                            0.03       0.31 r
  U32826/Z (BUFFD4BWP40P140)                              0.03       0.34 r
  U27260/ZN (XNR2OPTND2BWP40P140)                         0.02       0.36 r
  U27252/ZN (OAI22OPTPBD1BWP40P140)                       0.02       0.38 f
  U39559/S (FA1D1BWP40P140)                               0.08       0.46 r
  U26481/ZN (XNR2OPTND2BWP40P140)                         0.03       0.49 r
  U21800/ZN (XNR2OPTND4BWP40P140)                         0.02       0.52 r
  U21241/ZN (INVD4BWP40P140)                              0.01       0.53 f
  U21016/ZN (XNR2OPTND4BWP40P140)                         0.02       0.55 f
  U21015/ZN (XNR2OPTND4BWP40P140)                         0.02       0.57 f
  U19425/ZN (OAI21D2BWP40P140)                            0.01       0.58 r
  U21666/ZN (CKND2D4BWP40P140)                            0.01       0.60 f
  U25896/ZN (INVD4BWP40P140)                              0.01       0.60 r
  U21984/ZN (ND2OPTPAD4BWP40P140)                         0.01       0.62 f
  U21200/ZN (AOI21OPTREPBD2BWP40P140)                     0.01       0.63 r
  U20914/ZN (OAI21OPTREPBD2BWP40P140)                     0.02       0.64 f
  U20379/ZN (AOI21D6BWP40P140)                            0.02       0.66 r
  U20378/ZN (OAI21OPTREPBD6BWP40P140)                     0.01       0.68 f
  U20522/ZN (AOI21D16BWP40P140)                           0.02       0.69 r
  U20472/ZN (ND2OPTPAD16BWP40P140)                        0.03       0.73 f
  U26583/Z (BUFFD12BWP40P140)                             0.02       0.75 f
  U20759/ZN (OAI21D6BWP40P140)                            0.01       0.76 r
  U19239/ZN (NR2D3BWP40P140)                              0.01       0.78 f
  U19191/Z (CKBD1BWP40P140)                               0.02       0.80 f
  U24491/ZN (INR2D4BWP40P140)                             0.01       0.81 r
  U20779/ZN (NR2D3BWP40P140)                              0.01       0.82 f
  U20826/ZN (NR2D3BWP40P140)                              0.02       0.84 r
  U21259/ZN (ND2D4BWP40P140)                              0.02       0.86 f
  U21445/ZN (NR2D6BWP40P140)                              0.02       0.88 r
  U20678/ZN (ND2OPTPAD8BWP40P140)                         0.01       0.89 f
  U27014/ZN (INR2D2BWP40P140)                             0.01       0.90 r
  U21448/ZN (NR2D3BWP40P140)                              0.01       0.91 f
  U21145/ZN (XNR2OPTND4BWP40P140)                         0.02       0.93 f
  U40294/ZN (INVD1BWP40P140)                              0.01       0.94 r
  U26892/ZN (NR2OPTPAD1BWP40P140)                         0.01       0.95 f
  U23918/ZN (NR2OPTPAD2BWP40P140)                         0.01       0.96 r
  U21626/ZN (CKND2D4BWP40P140)                            0.01       0.97 f
  U20324/ZN (INR2D4BWP40P140)                             0.01       0.99 r
  U24046/ZN (ND2OPTPAD4BWP40P140)                         0.01       1.00 f
  U23765/ZN (ND3OPTPAD2BWP40P140)                         0.01       1.01 r
  U23325/ZN (ND2OPTPAD4BWP40P140)                         0.01       1.02 f
  U23536/ZN (INR2D8BWP40P140)                             0.01       1.04 r
  U21435/ZN (NR2OPTIBD12BWP40P140)                        0.01       1.05 f
  U23455/ZN (AOI21OPTREPBD6BWP40P140)                     0.02       1.06 r
  U23441/ZN (OAI21OPTREPBD12BWP40P140)                    0.02       1.08 f
  U23868/ZN (AOI21OPTREPBD12BWP40P140)                    0.02       1.10 r
  U23899/ZN (OAI21D16BWP40P140)                           0.02       1.12 f
  U21075/ZN (AOI21D2BWP40P140)                            0.02       1.14 r
  U21074/ZN (ND2OPTPAD2BWP40P140)                         0.01       1.15 f
  U21450/ZN (ND2OPTPAD2BWP40P140)                         0.01       1.16 r
  U23333/ZN (NR2OPTPAD2BWP40P140)                         0.01       1.17 f
  U23332/ZN (ND3OPTPAD2BWP40P140)                         0.01       1.18 r
  U24089/ZN (OAI21D4BWP40P140)                            0.02       1.20 f
  U18408/ZN (INVD2BWP40P140)                              0.01       1.21 r
  U18396/ZN (INVD3BWP40P140)                              0.01       1.22 f
  U21424/ZN (ND2OPTIBD6BWP40P140)                         0.01       1.23 r
  U40440/ZN (MAOI22D1BWP40P140)                           0.01       1.24 f
  U40441/ZN (ND3D1BWP40P140)                              0.01       1.25 r
  pack_q_reg[24]/D (DFD2BWP40P140)                        0.00       1.25 r
  data arrival time                                                  1.25

  clock clk (rise edge)                                   1.20       1.20
  clock network delay (ideal)                             0.00       1.20
  clock uncertainty                                      -0.10       1.10
  pack_q_reg[24]/CP (DFD2BWP40P140)                       0.00       1.10 r
  library setup time                                     -0.02       1.08
  data required time                                                 1.08
  --------------------------------------------------------------------------
  data required time                                                 1.08
  data arrival time                                                 -1.25
  --------------------------------------------------------------------------
  slack (VIOLATED)                                                  -0.17


  Startpoint: el_i_reg[5]
              (rising edge-triggered flip-flop clocked by clk)
  Endpoint: pack_q_reg[25]
            (rising edge-triggered flip-flop clocked by clk)
  Path Group: clk
  Path Type: max

  Des/Clust/Port     Wire Load Model       Library
  ------------------------------------------------
  mat_engine         ZeroWireload          tcbn28hpcplusbwp40p140tt0p9v25c

  Point                                                   Incr       Path
  --------------------------------------------------------------------------
  clock clk (rise edge)                                   0.00       0.00
  clock network delay (ideal)                             0.00       0.00
  el_i_reg[5]/CP (DFQD1BWP40P140)                         0.00 #     0.00 r
  el_i_reg[5]/Q (DFQD1BWP40P140)                          0.07       0.07 f
  U31905/ZN (NR2D1BWP40P140)                              0.02       0.09 r
  U26710/ZN (ND2OPTIBD2BWP40P140)                         0.03       0.12 f
  U32265/ZN (INR2D1BWP40P140)                             0.05       0.17 r
  U32266/ZN (INVD2BWP40P140)                              0.01       0.18 f
  U32267/ZN (INVD1BWP40P140)                              0.03       0.21 r
  U32809/ZN (AOI22D1BWP40P140)                            0.03       0.24 f
  U23915/ZN (ND4D1BWP40P140)                              0.01       0.25 r
  U32824/ZN (NR4D0BWP40P140)                              0.02       0.28 f
  U32825/ZN (CKND2D3BWP40P140)                            0.03       0.31 r
  U32826/Z (BUFFD4BWP40P140)                              0.03       0.34 r
  U27260/ZN (XNR2OPTND2BWP40P140)                         0.02       0.36 r
  U27252/ZN (OAI22OPTPBD1BWP40P140)                       0.02       0.38 f
  U39559/S (FA1D1BWP40P140)                               0.08       0.46 r
  U26481/ZN (XNR2OPTND2BWP40P140)                         0.03       0.49 r
  U21800/ZN (XNR2OPTND4BWP40P140)                         0.02       0.52 r
  U21241/ZN (INVD4BWP40P140)                              0.01       0.53 f
  U21016/ZN (XNR2OPTND4BWP40P140)                         0.02       0.55 f
  U21015/ZN (XNR2OPTND4BWP40P140)                         0.02       0.57 f
  U19425/ZN (OAI21D2BWP40P140)                            0.01       0.58 r
  U21666/ZN (CKND2D4BWP40P140)                            0.01       0.60 f
  U25896/ZN (INVD4BWP40P140)                              0.01       0.60 r
  U21984/ZN (ND2OPTPAD4BWP40P140)                         0.01       0.62 f
  U21200/ZN (AOI21OPTREPBD2BWP40P140)                     0.01       0.63 r
  U20914/ZN (OAI21OPTREPBD2BWP40P140)                     0.02       0.64 f
  U20379/ZN (AOI21D6BWP40P140)                            0.02       0.66 r
  U20378/ZN (OAI21OPTREPBD6BWP40P140)                     0.01       0.68 f
  U20522/ZN (AOI21D16BWP40P140)                           0.02       0.69 r
  U20472/ZN (ND2OPTPAD16BWP40P140)                        0.03       0.73 f
  U26583/Z (BUFFD12BWP40P140)                             0.02       0.75 f
  U20759/ZN (OAI21D6BWP40P140)                            0.01       0.76 r
  U19239/ZN (NR2D3BWP40P140)                              0.01       0.78 f
  U19191/Z (CKBD1BWP40P140)                               0.02       0.80 f
  U24491/ZN (INR2D4BWP40P140)                             0.01       0.81 r
  U20779/ZN (NR2D3BWP40P140)                              0.01       0.82 f
  U20826/ZN (NR2D3BWP40P140)                              0.02       0.84 r
  U21259/ZN (ND2D4BWP40P140)                              0.02       0.86 f
  U21445/ZN (NR2D6BWP40P140)                              0.02       0.88 r
  U20678/ZN (ND2OPTPAD8BWP40P140)                         0.01       0.89 f
  U27014/ZN (INR2D2BWP40P140)                             0.01       0.90 r
  U21448/ZN (NR2D3BWP40P140)                              0.01       0.91 f
  U21145/ZN (XNR2OPTND4BWP40P140)                         0.02       0.93 f
  U40294/ZN (INVD1BWP40P140)                              0.01       0.94 r
  U26892/ZN (NR2OPTPAD1BWP40P140)                         0.01       0.95 f
  U23918/ZN (NR2OPTPAD2BWP40P140)                         0.01       0.96 r
  U21626/ZN (CKND2D4BWP40P140)                            0.01       0.97 f
  U20324/ZN (INR2D4BWP40P140)                             0.01       0.99 r
  U24046/ZN (ND2OPTPAD4BWP40P140)                         0.01       1.00 f
  U23765/ZN (ND3OPTPAD2BWP40P140)                         0.01       1.01 r
  U23325/ZN (ND2OPTPAD4BWP40P140)                         0.01       1.02 f
  U23536/ZN (INR2D8BWP40P140)                             0.01       1.04 r
  U21435/ZN (NR2OPTIBD12BWP40P140)                        0.01       1.05 f
  U23455/ZN (AOI21OPTREPBD6BWP40P140)                     0.02       1.06 r
  U23441/ZN (OAI21OPTREPBD12BWP40P140)                    0.02       1.08 f
  U23868/ZN (AOI21OPTREPBD12BWP40P140)                    0.02       1.10 r
  U23899/ZN (OAI21D16BWP40P140)                           0.02       1.12 f
  U21075/ZN (AOI21D2BWP40P140)                            0.02       1.14 r
  U21074/ZN (ND2OPTPAD2BWP40P140)                         0.01       1.15 f
  U21450/ZN (ND2OPTPAD2BWP40P140)                         0.01       1.16 r
  U23333/ZN (NR2OPTPAD2BWP40P140)                         0.01       1.17 f
  U23332/ZN (ND3OPTPAD2BWP40P140)                         0.01       1.18 r
  U24089/ZN (OAI21D4BWP40P140)                            0.02       1.20 f
  U18408/ZN (INVD2BWP40P140)                              0.01       1.21 r
  U18396/ZN (INVD3BWP40P140)                              0.01       1.22 f
  U21424/ZN (ND2OPTIBD6BWP40P140)                         0.01       1.23 r
  U40437/ZN (MAOI22D1BWP40P140)                           0.01       1.24 f
  U40438/ZN (ND3D1BWP40P140)                              0.01       1.25 r
  pack_q_reg[25]/D (DFD2BWP40P140)                        0.00       1.25 r
  data arrival time                                                  1.25

  clock clk (rise edge)                                   1.20       1.20
  clock network delay (ideal)                             0.00       1.20
  clock uncertainty                                      -0.10       1.10
  pack_q_reg[25]/CP (DFD2BWP40P140)                       0.00       1.10 r
  library setup time                                     -0.02       1.08
  data required time                                                 1.08
  --------------------------------------------------------------------------
  data required time                                                 1.08
  data arrival time                                                 -1.25
  --------------------------------------------------------------------------
  slack (VIOLATED)                                                  -0.17


  Startpoint: el_i_reg[5]
              (rising edge-triggered flip-flop clocked by clk)
  Endpoint: pack_q_reg[31]
            (rising edge-triggered flip-flop clocked by clk)
  Path Group: clk
  Path Type: max

  Des/Clust/Port     Wire Load Model       Library
  ------------------------------------------------
  mat_engine         ZeroWireload          tcbn28hpcplusbwp40p140tt0p9v25c

  Point                                                   Incr       Path
  --------------------------------------------------------------------------
  clock clk (rise edge)                                   0.00       0.00
  clock network delay (ideal)                             0.00       0.00
  el_i_reg[5]/CP (DFQD1BWP40P140)                         0.00 #     0.00 r
  el_i_reg[5]/Q (DFQD1BWP40P140)                          0.07       0.07 f
  U31905/ZN (NR2D1BWP40P140)                              0.02       0.09 r
  U26710/ZN (ND2OPTIBD2BWP40P140)                         0.03       0.12 f
  U32265/ZN (INR2D1BWP40P140)                             0.05       0.17 r
  U32266/ZN (INVD2BWP40P140)                              0.01       0.18 f
  U32267/ZN (INVD1BWP40P140)                              0.03       0.21 r
  U32809/ZN (AOI22D1BWP40P140)                            0.03       0.24 f
  U23915/ZN (ND4D1BWP40P140)                              0.01       0.25 r
  U32824/ZN (NR4D0BWP40P140)                              0.02       0.28 f
  U32825/ZN (CKND2D3BWP40P140)                            0.03       0.31 r
  U32826/Z (BUFFD4BWP40P140)                              0.03       0.34 r
  U27260/ZN (XNR2OPTND2BWP40P140)                         0.02       0.36 r
  U27252/ZN (OAI22OPTPBD1BWP40P140)                       0.02       0.38 f
  U39559/S (FA1D1BWP40P140)                               0.08       0.46 r
  U26481/ZN (XNR2OPTND2BWP40P140)                         0.03       0.49 r
  U21800/ZN (XNR2OPTND4BWP40P140)                         0.02       0.52 r
  U21241/ZN (INVD4BWP40P140)                              0.01       0.53 f
  U21016/ZN (XNR2OPTND4BWP40P140)                         0.02       0.55 f
  U21015/ZN (XNR2OPTND4BWP40P140)                         0.02       0.57 f
  U19425/ZN (OAI21D2BWP40P140)                            0.01       0.58 r
  U21666/ZN (CKND2D4BWP40P140)                            0.01       0.60 f
  U25896/ZN (INVD4BWP40P140)                              0.01       0.60 r
  U21984/ZN (ND2OPTPAD4BWP40P140)                         0.01       0.62 f
  U21200/ZN (AOI21OPTREPBD2BWP40P140)                     0.01       0.63 r
  U20914/ZN (OAI21OPTREPBD2BWP40P140)                     0.02       0.64 f
  U20379/ZN (AOI21D6BWP40P140)                            0.02       0.66 r
  U20378/ZN (OAI21OPTREPBD6BWP40P140)                     0.01       0.68 f
  U20522/ZN (AOI21D16BWP40P140)                           0.02       0.69 r
  U20472/ZN (ND2OPTPAD16BWP40P140)                        0.03       0.73 f
  U26583/Z (BUFFD12BWP40P140)                             0.02       0.75 f
  U20759/ZN (OAI21D6BWP40P140)                            0.01       0.76 r
  U19239/ZN (NR2D3BWP40P140)                              0.01       0.78 f
  U19191/Z (CKBD1BWP40P140)                               0.02       0.80 f
  U24491/ZN (INR2D4BWP40P140)                             0.01       0.81 r
  U20779/ZN (NR2D3BWP40P140)                              0.01       0.82 f
  U20826/ZN (NR2D3BWP40P140)                              0.02       0.84 r
  U21259/ZN (ND2D4BWP40P140)                              0.02       0.86 f
  U21445/ZN (NR2D6BWP40P140)                              0.02       0.88 r
  U20678/ZN (ND2OPTPAD8BWP40P140)                         0.01       0.89 f
  U27014/ZN (INR2D2BWP40P140)                             0.01       0.90 r
  U21448/ZN (NR2D3BWP40P140)                              0.01       0.91 f
  U21145/ZN (XNR2OPTND4BWP40P140)                         0.02       0.93 f
  U40294/ZN (INVD1BWP40P140)                              0.01       0.94 r
  U26892/ZN (NR2OPTPAD1BWP40P140)                         0.01       0.95 f
  U23918/ZN (NR2OPTPAD2BWP40P140)                         0.01       0.96 r
  U21626/ZN (CKND2D4BWP40P140)                            0.01       0.97 f
  U20324/ZN (INR2D4BWP40P140)                             0.01       0.99 r
  U24046/ZN (ND2OPTPAD4BWP40P140)                         0.01       1.00 f
  U23765/ZN (ND3OPTPAD2BWP40P140)                         0.01       1.01 r
  U23325/ZN (ND2OPTPAD4BWP40P140)                         0.01       1.02 f
  U23536/ZN (INR2D8BWP40P140)                             0.01       1.04 r
  U21435/ZN (NR2OPTIBD12BWP40P140)                        0.01       1.05 f
  U23455/ZN (AOI21OPTREPBD6BWP40P140)                     0.02       1.06 r
  U23441/ZN (OAI21OPTREPBD12BWP40P140)                    0.02       1.08 f
  U23868/ZN (AOI21OPTREPBD12BWP40P140)                    0.02       1.10 r
  U23899/ZN (OAI21D16BWP40P140)                           0.02       1.12 f
  U21075/ZN (AOI21D2BWP40P140)                            0.02       1.14 r
  U21074/ZN (ND2OPTPAD2BWP40P140)                         0.01       1.15 f
  U21450/ZN (ND2OPTPAD2BWP40P140)                         0.01       1.16 r
  U23333/ZN (NR2OPTPAD2BWP40P140)                         0.01       1.17 f
  U23332/ZN (ND3OPTPAD2BWP40P140)                         0.01       1.18 r
  U24089/ZN (OAI21D4BWP40P140)                            0.02       1.20 f
  U18408/ZN (INVD2BWP40P140)                              0.01       1.21 r
  U18396/ZN (INVD3BWP40P140)                              0.01       1.22 f
  U21424/ZN (ND2OPTIBD6BWP40P140)                         0.01       1.23 r
  U40443/ZN (MAOI22D1BWP40P140)                           0.01       1.24 f
  U40444/ZN (ND3D1BWP40P140)                              0.01       1.25 r
  pack_q_reg[31]/D (DFD2BWP40P140)                        0.00       1.25 r
  data arrival time                                                  1.25

  clock clk (rise edge)                                   1.20       1.20
  clock network delay (ideal)                             0.00       1.20
  clock uncertainty                                      -0.10       1.10
  pack_q_reg[31]/CP (DFD2BWP40P140)                       0.00       1.10 r
  library setup time                                     -0.02       1.08
  data required time                                                 1.08
  --------------------------------------------------------------------------
  data required time                                                 1.08
  data arrival time                                                 -1.25
  --------------------------------------------------------------------------
  slack (VIOLATED)                                                  -0.17


  Startpoint: el_i_reg[5]
              (rising edge-triggered flip-flop clocked by clk)
  Endpoint: pack_q_reg[24]
            (rising edge-triggered flip-flop clocked by clk)
  Path Group: clk
  Path Type: max

  Des/Clust/Port     Wire Load Model       Library
  ------------------------------------------------
  mat_engine         ZeroWireload          tcbn28hpcplusbwp40p140tt0p9v25c

  Point                                                   Incr       Path
  --------------------------------------------------------------------------
  clock clk (rise edge)                                   0.00       0.00
  clock network delay (ideal)                             0.00       0.00
  el_i_reg[5]/CP (DFQD1BWP40P140)                         0.00 #     0.00 r
  el_i_reg[5]/Q (DFQD1BWP40P140)                          0.07       0.07 f
  U31905/ZN (NR2D1BWP40P140)                              0.02       0.09 r
  U26710/ZN (ND2OPTIBD2BWP40P140)                         0.03       0.12 f
  U32265/ZN (INR2D1BWP40P140)                             0.05       0.17 r
  U32266/ZN (INVD2BWP40P140)                              0.01       0.18 f
  U32267/ZN (INVD1BWP40P140)                              0.03       0.21 r
  U32809/ZN (AOI22D1BWP40P140)                            0.03       0.24 f
  U23915/ZN (ND4D1BWP40P140)                              0.01       0.25 r
  U32824/ZN (NR4D0BWP40P140)                              0.02       0.28 f
  U32825/ZN (CKND2D3BWP40P140)                            0.03       0.31 r
  U32826/Z (BUFFD4BWP40P140)                              0.03       0.34 r
  U27260/ZN (XNR2OPTND2BWP40P140)                         0.02       0.36 r
  U27252/ZN (OAI22OPTPBD1BWP40P140)                       0.02       0.38 f
  U39559/S (FA1D1BWP40P140)                               0.08       0.46 r
  U26481/ZN (XNR2OPTND2BWP40P140)                         0.03       0.49 r
  U21800/ZN (XNR2OPTND4BWP40P140)                         0.02       0.52 r
  U21241/ZN (INVD4BWP40P140)                              0.01       0.53 f
  U21016/ZN (XNR2OPTND4BWP40P140)                         0.02       0.55 f
  U21015/ZN (XNR2OPTND4BWP40P140)                         0.02       0.57 f
  U19425/ZN (OAI21D2BWP40P140)                            0.01       0.58 r
  U21666/ZN (CKND2D4BWP40P140)                            0.01       0.60 f
  U25896/ZN (INVD4BWP40P140)                              0.01       0.60 r
  U21984/ZN (ND2OPTPAD4BWP40P140)                         0.01       0.62 f
  U21200/ZN (AOI21OPTREPBD2BWP40P140)                     0.01       0.63 r
  U20914/ZN (OAI21OPTREPBD2BWP40P140)                     0.02       0.64 f
  U20379/ZN (AOI21D6BWP40P140)                            0.02       0.66 r
  U20378/ZN (OAI21OPTREPBD6BWP40P140)                     0.01       0.68 f
  U20522/ZN (AOI21D16BWP40P140)                           0.02       0.69 r
  U20472/ZN (ND2OPTPAD16BWP40P140)                        0.03       0.73 f
  U26583/Z (BUFFD12BWP40P140)                             0.02       0.75 f
  U20759/ZN (OAI21D6BWP40P140)                            0.01       0.76 r
  U19239/ZN (NR2D3BWP40P140)                              0.01       0.78 f
  U19191/Z (CKBD1BWP40P140)                               0.02       0.80 f
  U24491/ZN (INR2D4BWP40P140)                             0.01       0.81 r
  U20779/ZN (NR2D3BWP40P140)                              0.01       0.82 f
  U20826/ZN (NR2D3BWP40P140)                              0.02       0.84 r
  U21259/ZN (ND2D4BWP40P140)                              0.02       0.86 f
  U21445/ZN (NR2D6BWP40P140)                              0.02       0.88 r
  U20678/ZN (ND2OPTPAD8BWP40P140)                         0.01       0.89 f
  U27014/ZN (INR2D2BWP40P140)                             0.01       0.90 r
  U21448/ZN (NR2D3BWP40P140)                              0.01       0.91 f
  U21145/ZN (XNR2OPTND4BWP40P140)                         0.02       0.93 f
  U40294/ZN (INVD1BWP40P140)                              0.01       0.94 r
  U26892/ZN (NR2OPTPAD1BWP40P140)                         0.01       0.95 f
  U23918/ZN (NR2OPTPAD2BWP40P140)                         0.01       0.96 r
  U21626/ZN (CKND2D4BWP40P140)                            0.01       0.97 f
  U20324/ZN (INR2D4BWP40P140)                             0.01       0.99 r
  U24046/ZN (ND2OPTPAD4BWP40P140)                         0.01       1.00 f
  U23765/ZN (ND3OPTPAD2BWP40P140)                         0.01       1.01 r
  U23325/ZN (ND2OPTPAD4BWP40P140)                         0.01       1.02 f
  U23536/ZN (INR2D8BWP40P140)                             0.01       1.04 r
  U21435/ZN (NR2OPTIBD12BWP40P140)                        0.01       1.05 f
  U23455/ZN (AOI21OPTREPBD6BWP40P140)                     0.02       1.06 r
  U23441/ZN (OAI21OPTREPBD12BWP40P140)                    0.02       1.08 f
  U23868/ZN (AOI21OPTREPBD12BWP40P140)                    0.02       1.10 r
  U23899/ZN (OAI21D16BWP40P140)                           0.02       1.12 f
  U21075/ZN (AOI21D2BWP40P140)                            0.02       1.14 r
  U21074/ZN (ND2OPTPAD2BWP40P140)                         0.01       1.15 f
  U21450/ZN (ND2OPTPAD2BWP40P140)                         0.01       1.16 r
  U23333/ZN (NR2OPTPAD2BWP40P140)                         0.01       1.17 f
  U23332/ZN (ND3OPTPAD2BWP40P140)                         0.01       1.18 r
  U24089/ZN (OAI21D4BWP40P140)                            0.02       1.20 f
  U18408/ZN (INVD2BWP40P140)                              0.01       1.21 r
  U18396/ZN (INVD3BWP40P140)                              0.01       1.22 f
  U21424/ZN (ND2OPTIBD6BWP40P140)                         0.01       1.23 r
  U40440/ZN (MAOI22D1BWP40P140)                           0.01       1.24 f
  U40441/ZN (ND3D1BWP40P140)                              0.01       1.25 r
  pack_q_reg[24]/D (DFD2BWP40P140)                        0.00       1.25 r
  data arrival time                                                  1.25

  clock clk (rise edge)                                   1.20       1.20
  clock network delay (ideal)                             0.00       1.20
  clock uncertainty                                      -0.10       1.10
  pack_q_reg[24]/CP (DFD2BWP40P140)                       0.00       1.10 r
  library setup time                                     -0.02       1.08
  data required time                                                 1.08
  --------------------------------------------------------------------------
  data required time                                                 1.08
  data arrival time                                                 -1.25
  --------------------------------------------------------------------------
  slack (VIOLATED)                                                  -0.17


  Startpoint: el_i_reg[5]
              (rising edge-triggered flip-flop clocked by clk)
  Endpoint: pack_q_reg[25]
            (rising edge-triggered flip-flop clocked by clk)
  Path Group: clk
  Path Type: max

  Des/Clust/Port     Wire Load Model       Library
  ------------------------------------------------
  mat_engine         ZeroWireload          tcbn28hpcplusbwp40p140tt0p9v25c

  Point                                                   Incr       Path
  --------------------------------------------------------------------------
  clock clk (rise edge)                                   0.00       0.00
  clock network delay (ideal)                             0.00       0.00
  el_i_reg[5]/CP (DFQD1BWP40P140)                         0.00 #     0.00 r
  el_i_reg[5]/Q (DFQD1BWP40P140)                          0.07       0.07 f
  U31905/ZN (NR2D1BWP40P140)                              0.02       0.09 r
  U26710/ZN (ND2OPTIBD2BWP40P140)                         0.03       0.12 f
  U32265/ZN (INR2D1BWP40P140)                             0.05       0.17 r
  U32266/ZN (INVD2BWP40P140)                              0.01       0.18 f
  U32267/ZN (INVD1BWP40P140)                              0.03       0.21 r
  U32809/ZN (AOI22D1BWP40P140)                            0.03       0.24 f
  U23915/ZN (ND4D1BWP40P140)                              0.01       0.25 r
  U32824/ZN (NR4D0BWP40P140)                              0.02       0.28 f
  U32825/ZN (CKND2D3BWP40P140)                            0.03       0.31 r
  U32826/Z (BUFFD4BWP40P140)                              0.03       0.34 r
  U27260/ZN (XNR2OPTND2BWP40P140)                         0.02       0.36 r
  U27252/ZN (OAI22OPTPBD1BWP40P140)                       0.02       0.38 f
  U39559/S (FA1D1BWP40P140)                               0.08       0.46 r
  U26481/ZN (XNR2OPTND2BWP40P140)                         0.03       0.49 r
  U21800/ZN (XNR2OPTND4BWP40P140)                         0.02       0.52 r
  U21241/ZN (INVD4BWP40P140)                              0.01       0.53 f
  U21016/ZN (XNR2OPTND4BWP40P140)                         0.02       0.55 f
  U21015/ZN (XNR2OPTND4BWP40P140)                         0.02       0.57 f
  U19425/ZN (OAI21D2BWP40P140)                            0.01       0.58 r
  U21666/ZN (CKND2D4BWP40P140)                            0.01       0.60 f
  U25896/ZN (INVD4BWP40P140)                              0.01       0.60 r
  U21984/ZN (ND2OPTPAD4BWP40P140)                         0.01       0.62 f
  U21200/ZN (AOI21OPTREPBD2BWP40P140)                     0.01       0.63 r
  U20914/ZN (OAI21OPTREPBD2BWP40P140)                     0.02       0.64 f
  U20379/ZN (AOI21D6BWP40P140)                            0.02       0.66 r
  U20378/ZN (OAI21OPTREPBD6BWP40P140)                     0.01       0.68 f
  U20522/ZN (AOI21D16BWP40P140)                           0.02       0.69 r
  U20472/ZN (ND2OPTPAD16BWP40P140)                        0.03       0.73 f
  U26583/Z (BUFFD12BWP40P140)                             0.02       0.75 f
  U20759/ZN (OAI21D6BWP40P140)                            0.01       0.76 r
  U19239/ZN (NR2D3BWP40P140)                              0.01       0.78 f
  U19191/Z (CKBD1BWP40P140)                               0.02       0.80 f
  U24491/ZN (INR2D4BWP40P140)                             0.01       0.81 r
  U20779/ZN (NR2D3BWP40P140)                              0.01       0.82 f
  U20826/ZN (NR2D3BWP40P140)                              0.02       0.84 r
  U21259/ZN (ND2D4BWP40P140)                              0.02       0.86 f
  U21445/ZN (NR2D6BWP40P140)                              0.02       0.88 r
  U20678/ZN (ND2OPTPAD8BWP40P140)                         0.01       0.89 f
  U27014/ZN (INR2D2BWP40P140)                             0.01       0.90 r
  U21448/ZN (NR2D3BWP40P140)                              0.01       0.91 f
  U21145/ZN (XNR2OPTND4BWP40P140)                         0.02       0.93 f
  U40294/ZN (INVD1BWP40P140)                              0.01       0.94 r
  U26892/ZN (NR2OPTPAD1BWP40P140)                         0.01       0.95 f
  U23918/ZN (NR2OPTPAD2BWP40P140)                         0.01       0.96 r
  U21626/ZN (CKND2D4BWP40P140)                            0.01       0.97 f
  U20324/ZN (INR2D4BWP40P140)                             0.01       0.99 r
  U24046/ZN (ND2OPTPAD4BWP40P140)                         0.01       1.00 f
  U23765/ZN (ND3OPTPAD2BWP40P140)                         0.01       1.01 r
  U23325/ZN (ND2OPTPAD4BWP40P140)                         0.01       1.02 f
  U23536/ZN (INR2D8BWP40P140)                             0.01       1.04 r
  U21435/ZN (NR2OPTIBD12BWP40P140)                        0.01       1.05 f
  U23455/ZN (AOI21OPTREPBD6BWP40P140)                     0.02       1.06 r
  U23441/ZN (OAI21OPTREPBD12BWP40P140)                    0.02       1.08 f
  U23868/ZN (AOI21OPTREPBD12BWP40P140)                    0.02       1.10 r
  U23899/ZN (OAI21D16BWP40P140)                           0.02       1.12 f
  U21075/ZN (AOI21D2BWP40P140)                            0.02       1.14 r
  U21074/ZN (ND2OPTPAD2BWP40P140)                         0.01       1.15 f
  U21450/ZN (ND2OPTPAD2BWP40P140)                         0.01       1.16 r
  U23333/ZN (NR2OPTPAD2BWP40P140)                         0.01       1.17 f
  U23332/ZN (ND3OPTPAD2BWP40P140)                         0.01       1.18 r
  U24089/ZN (OAI21D4BWP40P140)                            0.02       1.20 f
  U18408/ZN (INVD2BWP40P140)                              0.01       1.21 r
  U18396/ZN (INVD3BWP40P140)                              0.01       1.22 f
  U21424/ZN (ND2OPTIBD6BWP40P140)                         0.01       1.23 r
  U40437/ZN (MAOI22D1BWP40P140)                           0.01       1.24 f
  U40438/ZN (ND3D1BWP40P140)                              0.01       1.25 r
  pack_q_reg[25]/D (DFD2BWP40P140)                        0.00       1.25 r
  data arrival time                                                  1.25

  clock clk (rise edge)                                   1.20       1.20
  clock network delay (ideal)                             0.00       1.20
  clock uncertainty                                      -0.10       1.10
  pack_q_reg[25]/CP (DFD2BWP40P140)                       0.00       1.10 r
  library setup time                                     -0.02       1.08
  data required time                                                 1.08
  --------------------------------------------------------------------------
  data required time                                                 1.08
  data arrival time                                                 -1.25
  --------------------------------------------------------------------------
  slack (VIOLATED)                                                  -0.17


  Startpoint: el_i_reg[5]
              (rising edge-triggered flip-flop clocked by clk)
  Endpoint: pack_q_reg[31]
            (rising edge-triggered flip-flop clocked by clk)
  Path Group: clk
  Path Type: max

  Des/Clust/Port     Wire Load Model       Library
  ------------------------------------------------
  mat_engine         ZeroWireload          tcbn28hpcplusbwp40p140tt0p9v25c

  Point                                                   Incr       Path
  --------------------------------------------------------------------------
  clock clk (rise edge)                                   0.00       0.00
  clock network delay (ideal)                             0.00       0.00
  el_i_reg[5]/CP (DFQD1BWP40P140)                         0.00 #     0.00 r
  el_i_reg[5]/Q (DFQD1BWP40P140)                          0.07       0.07 f
  U31905/ZN (NR2D1BWP40P140)                              0.02       0.09 r
  U26710/ZN (ND2OPTIBD2BWP40P140)                         0.03       0.12 f
  U32265/ZN (INR2D1BWP40P140)                             0.05       0.17 r
  U32266/ZN (INVD2BWP40P140)                              0.01       0.18 f
  U32267/ZN (INVD1BWP40P140)                              0.03       0.21 r
  U32809/ZN (AOI22D1BWP40P140)                            0.03       0.24 f
  U23915/ZN (ND4D1BWP40P140)                              0.01       0.25 r
  U32824/ZN (NR4D0BWP40P140)                              0.02       0.28 f
  U32825/ZN (CKND2D3BWP40P140)                            0.03       0.31 r
  U32826/Z (BUFFD4BWP40P140)                              0.03       0.34 r
  U27260/ZN (XNR2OPTND2BWP40P140)                         0.02       0.36 r
  U27252/ZN (OAI22OPTPBD1BWP40P140)                       0.02       0.38 f
  U39559/S (FA1D1BWP40P140)                               0.08       0.46 r
  U26481/ZN (XNR2OPTND2BWP40P140)                         0.03       0.49 r
  U21800/ZN (XNR2OPTND4BWP40P140)                         0.02       0.52 r
  U21241/ZN (INVD4BWP40P140)                              0.01       0.53 f
  U21016/ZN (XNR2OPTND4BWP40P140)                         0.02       0.55 f
  U21015/ZN (XNR2OPTND4BWP40P140)                         0.02       0.57 f
  U19425/ZN (OAI21D2BWP40P140)                            0.01       0.58 r
  U21666/ZN (CKND2D4BWP40P140)                            0.01       0.60 f
  U25896/ZN (INVD4BWP40P140)                              0.01       0.60 r
  U21984/ZN (ND2OPTPAD4BWP40P140)                         0.01       0.62 f
  U21200/ZN (AOI21OPTREPBD2BWP40P140)                     0.01       0.63 r
  U20914/ZN (OAI21OPTREPBD2BWP40P140)                     0.02       0.64 f
  U20379/ZN (AOI21D6BWP40P140)                            0.02       0.66 r
  U20378/ZN (OAI21OPTREPBD6BWP40P140)                     0.01       0.68 f
  U20522/ZN (AOI21D16BWP40P140)                           0.02       0.69 r
  U20472/ZN (ND2OPTPAD16BWP40P140)                        0.03       0.73 f
  U26583/Z (BUFFD12BWP40P140)                             0.02       0.75 f
  U20759/ZN (OAI21D6BWP40P140)                            0.01       0.76 r
  U19239/ZN (NR2D3BWP40P140)                              0.01       0.78 f
  U19191/Z (CKBD1BWP40P140)                               0.02       0.80 f
  U24491/ZN (INR2D4BWP40P140)                             0.01       0.81 r
  U20779/ZN (NR2D3BWP40P140)                              0.01       0.82 f
  U20826/ZN (NR2D3BWP40P140)                              0.02       0.84 r
  U21259/ZN (ND2D4BWP40P140)                              0.02       0.86 f
  U21445/ZN (NR2D6BWP40P140)                              0.02       0.88 r
  U20678/ZN (ND2OPTPAD8BWP40P140)                         0.01       0.89 f
  U27014/ZN (INR2D2BWP40P140)                             0.01       0.90 r
  U21448/ZN (NR2D3BWP40P140)                              0.01       0.91 f
  U21145/ZN (XNR2OPTND4BWP40P140)                         0.02       0.93 f
  U40294/ZN (INVD1BWP40P140)                              0.01       0.94 r
  U26892/ZN (NR2OPTPAD1BWP40P140)                         0.01       0.95 f
  U23918/ZN (NR2OPTPAD2BWP40P140)                         0.01       0.96 r
  U21626/ZN (CKND2D4BWP40P140)                            0.01       0.97 f
  U20324/ZN (INR2D4BWP40P140)                             0.01       0.99 r
  U24046/ZN (ND2OPTPAD4BWP40P140)                         0.01       1.00 f
  U23765/ZN (ND3OPTPAD2BWP40P140)                         0.01       1.01 r
  U23325/ZN (ND2OPTPAD4BWP40P140)                         0.01       1.02 f
  U23536/ZN (INR2D8BWP40P140)                             0.01       1.04 r
  U21435/ZN (NR2OPTIBD12BWP40P140)                        0.01       1.05 f
  U23455/ZN (AOI21OPTREPBD6BWP40P140)                     0.02       1.06 r
  U23441/ZN (OAI21OPTREPBD12BWP40P140)                    0.02       1.08 f
  U23868/ZN (AOI21OPTREPBD12BWP40P140)                    0.02       1.10 r
  U23899/ZN (OAI21D16BWP40P140)                           0.02       1.12 f
  U21075/ZN (AOI21D2BWP40P140)                            0.02       1.14 r
  U21074/ZN (ND2OPTPAD2BWP40P140)                         0.01       1.15 f
  U21450/ZN (ND2OPTPAD2BWP40P140)                         0.01       1.16 r
  U23333/ZN (NR2OPTPAD2BWP40P140)                         0.01       1.17 f
  U23332/ZN (ND3OPTPAD2BWP40P140)                         0.01       1.18 r
  U24089/ZN (OAI21D4BWP40P140)                            0.02       1.20 f
  U18408/ZN (INVD2BWP40P140)                              0.01       1.21 r
  U18396/ZN (INVD3BWP40P140)                              0.01       1.22 f
  U21424/ZN (ND2OPTIBD6BWP40P140)                         0.01       1.23 r
  U40443/ZN (MAOI22D1BWP40P140)                           0.01       1.24 f
  U40444/ZN (ND3D1BWP40P140)                              0.01       1.25 r
  pack_q_reg[31]/D (DFD2BWP40P140)                        0.00       1.25 r
  data arrival time                                                  1.25

  clock clk (rise edge)                                   1.20       1.20
  clock network delay (ideal)                             0.00       1.20
  clock uncertainty                                      -0.10       1.10
  pack_q_reg[31]/CP (DFD2BWP40P140)                       0.00       1.10 r
  library setup time                                     -0.02       1.08
  data required time                                                 1.08
  --------------------------------------------------------------------------
  data required time                                                 1.08
  data arrival time                                                 -1.25
  --------------------------------------------------------------------------
  slack (VIOLATED)                                                  -0.17


  Startpoint: el_i_reg[5]
              (rising edge-triggered flip-flop clocked by clk)
  Endpoint: pack_q_reg[24]
            (rising edge-triggered flip-flop clocked by clk)
  Path Group: clk
  Path Type: max

  Des/Clust/Port     Wire Load Model       Library
  ------------------------------------------------
  mat_engine         ZeroWireload          tcbn28hpcplusbwp40p140tt0p9v25c

  Point                                                   Incr       Path
  --------------------------------------------------------------------------
  clock clk (rise edge)                                   0.00       0.00
  clock network delay (ideal)                             0.00       0.00
  el_i_reg[5]/CP (DFQD1BWP40P140)                         0.00 #     0.00 r
  el_i_reg[5]/Q (DFQD1BWP40P140)                          0.07       0.07 f
  U31905/ZN (NR2D1BWP40P140)                              0.02       0.09 r
  U26710/ZN (ND2OPTIBD2BWP40P140)                         0.03       0.12 f
  U32265/ZN (INR2D1BWP40P140)                             0.05       0.17 r
  U32266/ZN (INVD2BWP40P140)                              0.01       0.18 f
  U32267/ZN (INVD1BWP40P140)                              0.03       0.21 r
  U32809/ZN (AOI22D1BWP40P140)                            0.03       0.24 f
  U23915/ZN (ND4D1BWP40P140)                              0.01       0.25 r
  U32824/ZN (NR4D0BWP40P140)                              0.02       0.28 f
  U32825/ZN (CKND2D3BWP40P140)                            0.03       0.31 r
  U32826/Z (BUFFD4BWP40P140)                              0.03       0.34 r
  U27260/ZN (XNR2OPTND2BWP40P140)                         0.02       0.36 r
  U27252/ZN (OAI22OPTPBD1BWP40P140)                       0.02       0.38 f
  U39559/S (FA1D1BWP40P140)                               0.08       0.46 r
  U26481/ZN (XNR2OPTND2BWP40P140)                         0.03       0.49 r
  U21800/ZN (XNR2OPTND4BWP40P140)                         0.02       0.52 r
  U21241/ZN (INVD4BWP40P140)                              0.01       0.53 f
  U21016/ZN (XNR2OPTND4BWP40P140)                         0.02       0.55 f
  U21015/ZN (XNR2OPTND4BWP40P140)                         0.02       0.57 f
  U19425/ZN (OAI21D2BWP40P140)                            0.01       0.58 r
  U21666/ZN (CKND2D4BWP40P140)                            0.01       0.60 f
  U25896/ZN (INVD4BWP40P140)                              0.01       0.60 r
  U21984/ZN (ND2OPTPAD4BWP40P140)                         0.01       0.62 f
  U21200/ZN (AOI21OPTREPBD2BWP40P140)                     0.01       0.63 r
  U20914/ZN (OAI21OPTREPBD2BWP40P140)                     0.02       0.64 f
  U20379/ZN (AOI21D6BWP40P140)                            0.02       0.66 r
  U20378/ZN (OAI21OPTREPBD6BWP40P140)                     0.01       0.68 f
  U20522/ZN (AOI21D16BWP40P140)                           0.02       0.69 r
  U20472/ZN (ND2OPTPAD16BWP40P140)                        0.03       0.73 f
  U26583/Z (BUFFD12BWP40P140)                             0.02       0.75 f
  U20759/ZN (OAI21D6BWP40P140)                            0.01       0.76 r
  U19239/ZN (NR2D3BWP40P140)                              0.01       0.78 f
  U19191/Z (CKBD1BWP40P140)                               0.02       0.80 f
  U24491/ZN (INR2D4BWP40P140)                             0.01       0.81 r
  U20779/ZN (NR2D3BWP40P140)                              0.01       0.82 f
  U20826/ZN (NR2D3BWP40P140)                              0.02       0.84 r
  U21259/ZN (ND2D4BWP40P140)                              0.02       0.86 f
  U21445/ZN (NR2D6BWP40P140)                              0.02       0.88 r
  U20678/ZN (ND2OPTPAD8BWP40P140)                         0.01       0.89 f
  U27014/ZN (INR2D2BWP40P140)                             0.01       0.90 r
  U21448/ZN (NR2D3BWP40P140)                              0.01       0.91 f
  U21145/ZN (XNR2OPTND4BWP40P140)                         0.02       0.93 f
  U40294/ZN (INVD1BWP40P140)                              0.01       0.94 r
  U26892/ZN (NR2OPTPAD1BWP40P140)                         0.01       0.95 f
  U23918/ZN (NR2OPTPAD2BWP40P140)                         0.01       0.96 r
  U21626/ZN (CKND2D4BWP40P140)                            0.01       0.97 f
  U20324/ZN (INR2D4BWP40P140)                             0.01       0.99 r
  U24046/ZN (ND2OPTPAD4BWP40P140)                         0.01       1.00 f
  U23765/ZN (ND3OPTPAD2BWP40P140)                         0.01       1.01 r
  U23325/ZN (ND2OPTPAD4BWP40P140)                         0.01       1.02 f
  U23536/ZN (INR2D8BWP40P140)                             0.01       1.04 r
  U21435/ZN (NR2OPTIBD12BWP40P140)                        0.01       1.05 f
  U23455/ZN (AOI21OPTREPBD6BWP40P140)                     0.02       1.06 r
  U23441/ZN (OAI21OPTREPBD12BWP40P140)                    0.02       1.08 f
  U23868/ZN (AOI21OPTREPBD12BWP40P140)                    0.02       1.10 r
  U23899/ZN (OAI21D16BWP40P140)                           0.02       1.12 f
  U21075/ZN (AOI21D2BWP40P140)                            0.02       1.14 r
  U21074/ZN (ND2OPTPAD2BWP40P140)                         0.01       1.15 f
  U21450/ZN (ND2OPTPAD2BWP40P140)                         0.01       1.16 r
  U23333/ZN (NR2OPTPAD2BWP40P140)                         0.01       1.17 f
  U23332/ZN (ND3OPTPAD2BWP40P140)                         0.01       1.18 r
  U24089/ZN (OAI21D4BWP40P140)                            0.02       1.20 f
  U18408/ZN (INVD2BWP40P140)                              0.01       1.21 r
  U18396/ZN (INVD3BWP40P140)                              0.01       1.22 f
  U21424/ZN (ND2OPTIBD6BWP40P140)                         0.01       1.23 r
  U40440/ZN (MAOI22D1BWP40P140)                           0.01       1.24 f
  U40441/ZN (ND3D1BWP40P140)                              0.01       1.25 r
  pack_q_reg[24]/D (DFD2BWP40P140)                        0.00       1.25 r
  data arrival time                                                  1.25

  clock clk (rise edge)                                   1.20       1.20
  clock network delay (ideal)                             0.00       1.20
  clock uncertainty                                      -0.10       1.10
  pack_q_reg[24]/CP (DFD2BWP40P140)                       0.00       1.10 r
  library setup time                                     -0.02       1.08
  data required time                                                 1.08
  --------------------------------------------------------------------------
  data required time                                                 1.08
  data arrival time                                                 -1.25
  --------------------------------------------------------------------------
  slack (VIOLATED)                                                  -0.17


  Startpoint: el_i_reg[5]
              (rising edge-triggered flip-flop clocked by clk)
  Endpoint: pack_q_reg[25]
            (rising edge-triggered flip-flop clocked by clk)
  Path Group: clk
  Path Type: max

  Des/Clust/Port     Wire Load Model       Library
  ------------------------------------------------
  mat_engine         ZeroWireload          tcbn28hpcplusbwp40p140tt0p9v25c

  Point                                                   Incr       Path
  --------------------------------------------------------------------------
  clock clk (rise edge)                                   0.00       0.00
  clock network delay (ideal)                             0.00       0.00
  el_i_reg[5]/CP (DFQD1BWP40P140)                         0.00 #     0.00 r
  el_i_reg[5]/Q (DFQD1BWP40P140)                          0.07       0.07 f
  U31905/ZN (NR2D1BWP40P140)                              0.02       0.09 r
  U26710/ZN (ND2OPTIBD2BWP40P140)                         0.03       0.12 f
  U32265/ZN (INR2D1BWP40P140)                             0.05       0.17 r
  U32266/ZN (INVD2BWP40P140)                              0.01       0.18 f
  U32267/ZN (INVD1BWP40P140)                              0.03       0.21 r
  U32809/ZN (AOI22D1BWP40P140)                            0.03       0.24 f
  U23915/ZN (ND4D1BWP40P140)                              0.01       0.25 r
  U32824/ZN (NR4D0BWP40P140)                              0.02       0.28 f
  U32825/ZN (CKND2D3BWP40P140)                            0.03       0.31 r
  U32826/Z (BUFFD4BWP40P140)                              0.03       0.34 r
  U27260/ZN (XNR2OPTND2BWP40P140)                         0.02       0.36 r
  U27252/ZN (OAI22OPTPBD1BWP40P140)                       0.02       0.38 f
  U39559/S (FA1D1BWP40P140)                               0.08       0.46 r
  U26481/ZN (XNR2OPTND2BWP40P140)                         0.03       0.49 r
  U21800/ZN (XNR2OPTND4BWP40P140)                         0.02       0.52 r
  U21241/ZN (INVD4BWP40P140)                              0.01       0.53 f
  U21016/ZN (XNR2OPTND4BWP40P140)                         0.02       0.55 f
  U21015/ZN (XNR2OPTND4BWP40P140)                         0.02       0.57 f
  U19425/ZN (OAI21D2BWP40P140)                            0.01       0.58 r
  U21666/ZN (CKND2D4BWP40P140)                            0.01       0.60 f
  U25896/ZN (INVD4BWP40P140)                              0.01       0.60 r
  U21984/ZN (ND2OPTPAD4BWP40P140)                         0.01       0.62 f
  U21200/ZN (AOI21OPTREPBD2BWP40P140)                     0.01       0.63 r
  U20914/ZN (OAI21OPTREPBD2BWP40P140)                     0.02       0.64 f
  U20379/ZN (AOI21D6BWP40P140)                            0.02       0.66 r
  U20378/ZN (OAI21OPTREPBD6BWP40P140)                     0.01       0.68 f
  U20522/ZN (AOI21D16BWP40P140)                           0.02       0.69 r
  U20472/ZN (ND2OPTPAD16BWP40P140)                        0.03       0.73 f
  U26583/Z (BUFFD12BWP40P140)                             0.02       0.75 f
  U20759/ZN (OAI21D6BWP40P140)                            0.01       0.76 r
  U19239/ZN (NR2D3BWP40P140)                              0.01       0.78 f
  U19191/Z (CKBD1BWP40P140)                               0.02       0.80 f
  U24491/ZN (INR2D4BWP40P140)                             0.01       0.81 r
  U20779/ZN (NR2D3BWP40P140)                              0.01       0.82 f
  U20826/ZN (NR2D3BWP40P140)                              0.02       0.84 r
  U21259/ZN (ND2D4BWP40P140)                              0.02       0.86 f
  U21445/ZN (NR2D6BWP40P140)                              0.02       0.88 r
  U20678/ZN (ND2OPTPAD8BWP40P140)                         0.01       0.89 f
  U27014/ZN (INR2D2BWP40P140)                             0.01       0.90 r
  U21448/ZN (NR2D3BWP40P140)                              0.01       0.91 f
  U21145/ZN (XNR2OPTND4BWP40P140)                         0.02       0.93 f
  U40294/ZN (INVD1BWP40P140)                              0.01       0.94 r
  U26892/ZN (NR2OPTPAD1BWP40P140)                         0.01       0.95 f
  U23918/ZN (NR2OPTPAD2BWP40P140)                         0.01       0.96 r
  U21626/ZN (CKND2D4BWP40P140)                            0.01       0.97 f
  U20324/ZN (INR2D4BWP40P140)                             0.01       0.99 r
  U24046/ZN (ND2OPTPAD4BWP40P140)                         0.01       1.00 f
  U23765/ZN (ND3OPTPAD2BWP40P140)                         0.01       1.01 r
  U23325/ZN (ND2OPTPAD4BWP40P140)                         0.01       1.02 f
  U23536/ZN (INR2D8BWP40P140)                             0.01       1.04 r
  U21435/ZN (NR2OPTIBD12BWP40P140)                        0.01       1.05 f
  U23455/ZN (AOI21OPTREPBD6BWP40P140)                     0.02       1.06 r
  U23441/ZN (OAI21OPTREPBD12BWP40P140)                    0.02       1.08 f
  U23868/ZN (AOI21OPTREPBD12BWP40P140)                    0.02       1.10 r
  U23899/ZN (OAI21D16BWP40P140)                           0.02       1.12 f
  U21075/ZN (AOI21D2BWP40P140)                            0.02       1.14 r
  U21074/ZN (ND2OPTPAD2BWP40P140)                         0.01       1.15 f
  U21450/ZN (ND2OPTPAD2BWP40P140)                         0.01       1.16 r
  U23333/ZN (NR2OPTPAD2BWP40P140)                         0.01       1.17 f
  U23332/ZN (ND3OPTPAD2BWP40P140)                         0.01       1.18 r
  U24089/ZN (OAI21D4BWP40P140)                            0.02       1.20 f
  U18408/ZN (INVD2BWP40P140)                              0.01       1.21 r
  U18396/ZN (INVD3BWP40P140)                              0.01       1.22 f
  U21424/ZN (ND2OPTIBD6BWP40P140)                         0.01       1.23 r
  U40437/ZN (MAOI22D1BWP40P140)                           0.01       1.24 f
  U40438/ZN (ND3D1BWP40P140)                              0.01       1.25 r
  pack_q_reg[25]/D (DFD2BWP40P140)                        0.00       1.25 r
  data arrival time                                                  1.25

  clock clk (rise edge)                                   1.20       1.20
  clock network delay (ideal)                             0.00       1.20
  clock uncertainty                                      -0.10       1.10
  pack_q_reg[25]/CP (DFD2BWP40P140)                       0.00       1.10 r
  library setup time                                     -0.02       1.08
  data required time                                                 1.08
  --------------------------------------------------------------------------
  data required time                                                 1.08
  data arrival time                                                 -1.25
  --------------------------------------------------------------------------
  slack (VIOLATED)                                                  -0.17


  Startpoint: el_i_reg[5]
              (rising edge-triggered flip-flop clocked by clk)
  Endpoint: pack_q_reg[31]
            (rising edge-triggered flip-flop clocked by clk)
  Path Group: clk
  Path Type: max

  Des/Clust/Port     Wire Load Model       Library
  ------------------------------------------------
  mat_engine         ZeroWireload          tcbn28hpcplusbwp40p140tt0p9v25c

  Point                                                   Incr       Path
  --------------------------------------------------------------------------
  clock clk (rise edge)                                   0.00       0.00
  clock network delay (ideal)                             0.00       0.00
  el_i_reg[5]/CP (DFQD1BWP40P140)                         0.00 #     0.00 r
  el_i_reg[5]/Q (DFQD1BWP40P140)                          0.07       0.07 f
  U31905/ZN (NR2D1BWP40P140)                              0.02       0.09 r
  U26710/ZN (ND2OPTIBD2BWP40P140)                         0.03       0.12 f
  U32265/ZN (INR2D1BWP40P140)                             0.05       0.17 r
  U32266/ZN (INVD2BWP40P140)                              0.01       0.18 f
  U32267/ZN (INVD1BWP40P140)                              0.03       0.21 r
  U32809/ZN (AOI22D1BWP40P140)                            0.03       0.24 f
  U23915/ZN (ND4D1BWP40P140)                              0.01       0.25 r
  U32824/ZN (NR4D0BWP40P140)                              0.02       0.28 f
  U32825/ZN (CKND2D3BWP40P140)                            0.03       0.31 r
  U32826/Z (BUFFD4BWP40P140)                              0.03       0.34 r
  U27260/ZN (XNR2OPTND2BWP40P140)                         0.02       0.36 r
  U27252/ZN (OAI22OPTPBD1BWP40P140)                       0.02       0.38 f
  U39559/S (FA1D1BWP40P140)                               0.08       0.46 r
  U26481/ZN (XNR2OPTND2BWP40P140)                         0.03       0.49 r
  U21800/ZN (XNR2OPTND4BWP40P140)                         0.02       0.52 r
  U21241/ZN (INVD4BWP40P140)                              0.01       0.53 f
  U21016/ZN (XNR2OPTND4BWP40P140)                         0.02       0.55 f
  U21015/ZN (XNR2OPTND4BWP40P140)                         0.02       0.57 f
  U19425/ZN (OAI21D2BWP40P140)                            0.01       0.58 r
  U21666/ZN (CKND2D4BWP40P140)                            0.01       0.60 f
  U25896/ZN (INVD4BWP40P140)                              0.01       0.60 r
  U21984/ZN (ND2OPTPAD4BWP40P140)                         0.01       0.62 f
  U21200/ZN (AOI21OPTREPBD2BWP40P140)                     0.01       0.63 r
  U20914/ZN (OAI21OPTREPBD2BWP40P140)                     0.02       0.64 f
  U20379/ZN (AOI21D6BWP40P140)                            0.02       0.66 r
  U20378/ZN (OAI21OPTREPBD6BWP40P140)                     0.01       0.68 f
  U20522/ZN (AOI21D16BWP40P140)                           0.02       0.69 r
  U20472/ZN (ND2OPTPAD16BWP40P140)                        0.03       0.73 f
  U26583/Z (BUFFD12BWP40P140)                             0.02       0.75 f
  U20759/ZN (OAI21D6BWP40P140)                            0.01       0.76 r
  U19239/ZN (NR2D3BWP40P140)                              0.01       0.78 f
  U19191/Z (CKBD1BWP40P140)                               0.02       0.80 f
  U24491/ZN (INR2D4BWP40P140)                             0.01       0.81 r
  U20779/ZN (NR2D3BWP40P140)                              0.01       0.82 f
  U20826/ZN (NR2D3BWP40P140)                              0.02       0.84 r
  U21259/ZN (ND2D4BWP40P140)                              0.02       0.86 f
  U21445/ZN (NR2D6BWP40P140)                              0.02       0.88 r
  U20678/ZN (ND2OPTPAD8BWP40P140)                         0.01       0.89 f
  U27014/ZN (INR2D2BWP40P140)                             0.01       0.90 r
  U21448/ZN (NR2D3BWP40P140)                              0.01       0.91 f
  U21145/ZN (XNR2OPTND4BWP40P140)                         0.02       0.93 f
  U40294/ZN (INVD1BWP40P140)                              0.01       0.94 r
  U26892/ZN (NR2OPTPAD1BWP40P140)                         0.01       0.95 f
  U23918/ZN (NR2OPTPAD2BWP40P140)                         0.01       0.96 r
  U21626/ZN (CKND2D4BWP40P140)                            0.01       0.97 f
  U20324/ZN (INR2D4BWP40P140)                             0.01       0.99 r
  U24046/ZN (ND2OPTPAD4BWP40P140)                         0.01       1.00 f
  U23765/ZN (ND3OPTPAD2BWP40P140)                         0.01       1.01 r
  U23325/ZN (ND2OPTPAD4BWP40P140)                         0.01       1.02 f
  U23536/ZN (INR2D8BWP40P140)                             0.01       1.04 r
  U21435/ZN (NR2OPTIBD12BWP40P140)                        0.01       1.05 f
  U23455/ZN (AOI21OPTREPBD6BWP40P140)                     0.02       1.06 r
  U23441/ZN (OAI21OPTREPBD12BWP40P140)                    0.02       1.08 f
  U23868/ZN (AOI21OPTREPBD12BWP40P140)                    0.02       1.10 r
  U23899/ZN (OAI21D16BWP40P140)                           0.02       1.12 f
  U21075/ZN (AOI21D2BWP40P140)                            0.02       1.14 r
  U21074/ZN (ND2OPTPAD2BWP40P140)                         0.01       1.15 f
  U21450/ZN (ND2OPTPAD2BWP40P140)                         0.01       1.16 r
  U23333/ZN (NR2OPTPAD2BWP40P140)                         0.01       1.17 f
  U23332/ZN (ND3OPTPAD2BWP40P140)                         0.01       1.18 r
  U24089/ZN (OAI21D4BWP40P140)                            0.02       1.20 f
  U18408/ZN (INVD2BWP40P140)                              0.01       1.21 r
  U18396/ZN (INVD3BWP40P140)                              0.01       1.22 f
  U21424/ZN (ND2OPTIBD6BWP40P140)                         0.01       1.23 r
  U40443/ZN (MAOI22D1BWP40P140)                           0.01       1.24 f
  U40444/ZN (ND3D1BWP40P140)                              0.01       1.25 r
  pack_q_reg[31]/D (DFD2BWP40P140)                        0.00       1.25 r
  data arrival time                                                  1.25

  clock clk (rise edge)                                   1.20       1.20
  clock network delay (ideal)                             0.00       1.20
  clock uncertainty                                      -0.10       1.10
  pack_q_reg[31]/CP (DFD2BWP40P140)                       0.00       1.10 r
  library setup time                                     -0.02       1.08
  data required time                                                 1.08
  --------------------------------------------------------------------------
  data required time                                                 1.08
  data arrival time                                                 -1.25
  --------------------------------------------------------------------------
  slack (VIOLATED)                                                  -0.17


  Startpoint: el_i_reg[5]
              (rising edge-triggered flip-flop clocked by clk)
  Endpoint: pack_q_reg[29]
            (rising edge-triggered flip-flop clocked by clk)
  Path Group: clk
  Path Type: max

  Des/Clust/Port     Wire Load Model       Library
  ------------------------------------------------
  mat_engine         ZeroWireload          tcbn28hpcplusbwp40p140tt0p9v25c

  Point                                    Incr       Path
  -----------------------------------------------------------
  clock clk (rise edge)                    0.00       0.00
  clock network delay (ideal)              0.00       0.00
  el_i_reg[5]/CP (DFQD1BWP40P140)          0.00 #     0.00 r
  el_i_reg[5]/Q (DFQD1BWP40P140)           0.07       0.07 f
  U31905/ZN (NR2D1BWP40P140)               0.02       0.09 r
  U26710/ZN (ND2OPTIBD2BWP40P140)          0.03       0.12 f
  U32265/ZN (INR2D1BWP40P140)              0.05       0.17 r
  U32266/ZN (INVD2BWP40P140)               0.01       0.18 f
  U32267/ZN (INVD1BWP40P140)               0.03       0.21 r
  U32809/ZN (AOI22D1BWP40P140)             0.03       0.24 f
  U23915/ZN (ND4D1BWP40P140)               0.01       0.25 r
  U32824/ZN (NR4D0BWP40P140)               0.02       0.28 f
  U32825/ZN (CKND2D3BWP40P140)             0.03       0.31 r
  U32826/Z (BUFFD4BWP40P140)               0.03       0.34 r
  U27260/ZN (XNR2OPTND2BWP40P140)          0.02       0.36 r
  U27252/ZN (OAI22OPTPBD1BWP40P140)        0.02       0.38 f
  U39559/S (FA1D1BWP40P140)                0.08       0.46 r
  U26481/ZN (XNR2OPTND2BWP40P140)          0.03       0.49 r
  U21800/ZN (XNR2OPTND4BWP40P140)          0.02       0.52 r
  U21241/ZN (INVD4BWP40P140)               0.01       0.53 f
  U21016/ZN (XNR2OPTND4BWP40P140)          0.02       0.55 f
  U21015/ZN (XNR2OPTND4BWP40P140)          0.02       0.57 f
  U19425/ZN (OAI21D2BWP40P140)             0.01       0.58 r
  U21666/ZN (CKND2D4BWP40P140)             0.01       0.60 f
  U25896/ZN (INVD4BWP40P140)               0.01       0.60 r
  U21984/ZN (ND2OPTPAD4BWP40P140)          0.01       0.62 f
  U21200/ZN (AOI21OPTREPBD2BWP40P140)      0.01       0.63 r
  U20914/ZN (OAI21OPTREPBD2BWP40P140)      0.02       0.64 f
  U20379/ZN (AOI21D6BWP40P140)             0.02       0.66 r
  U20378/ZN (OAI21OPTREPBD6BWP40P140)      0.01       0.68 f
  U20522/ZN (AOI21D16BWP40P140)            0.02       0.69 r
  U20472/ZN (ND2OPTPAD16BWP40P140)         0.03       0.73 f
  U23996/ZN (INVD15BWP40P140)              0.02       0.75 r
  U21776/ZN (XNR2OPTND6BWP40P140)          0.02       0.77 r
  U20741/ZN (NR2D6BWP40P140)               0.01       0.78 f
  U19200/ZN (NR2OPTPAD2BWP40P140)          0.01       0.79 r
  U20316/ZN (ND2OPTIBD6BWP40P140)          0.01       0.80 f
  U23508/ZN (OAI21OPTREPBD2BWP40P140)      0.02       0.82 r
  U26552/ZN (AOI21OPTREPBD2BWP40P140)      0.02       0.84 f
  U21211/ZN (OAI21OPTREPBD8BWP40P140)      0.01       0.86 r
  U21418/ZN (XNR2OPTND8BWP40P140)          0.02       0.88 r
  U24213/ZN (ND2OPTPAD16BWP40P140)         0.03       0.91 f
  U18846/ZN (NR2D4BWP40P140)               0.02       0.93 r
  U22041/ZN (NR2D4BWP40P140)               0.01       0.94 f
  U26593/ZN (ND2D3BWP40P140)               0.01       0.94 r
  U21328/ZN (OAI21OPTREPBD2BWP40P140)      0.02       0.96 f
  U26098/ZN (NR3D4BWP40P140)               0.02       0.98 r
  U23335/ZN (OAI22OPTPBD4BWP40P140)        0.02       0.99 f
  U20784/ZN (NR2OPTIBD6BWP40P140)          0.01       1.01 r
  U20348/ZN (ND2OPTIBD6BWP40P140)          0.01       1.02 f
  U20998/ZN (NR2OPTPAD8BWP40P140)          0.01       1.03 r
  U21124/ZN (OAI21OPTREPBD6BWP40P140)      0.02       1.05 f
  U18478/Z (CKBD1BWP40P140)                0.02       1.07 f
  U26707/ZN (INVD1BWP40P140)               0.01       1.08 r
  U23827/ZN (NR2OPTPAD1BWP40P140)          0.01       1.09 f
  U23825/ZN (NR2OPTPAD2BWP40P140)          0.01       1.10 r
  U22036/ZN (XNR2OPTND4BWP40P140)          0.02       1.12 r
  U24133/ZN (AOI22D2BWP40P140)             0.02       1.13 f
  U26801/ZN (OAI21D2BWP40P140)             0.01       1.15 r
  U26674/ZN (ND3OPTPAD2BWP40P140)          0.02       1.16 f
  U21299/ZN (ND2D3BWP40P140)               0.01       1.17 r
  U20824/ZN (NR2D3BWP40P140)               0.01       1.18 f
  U21258/ZN (CKND2D4BWP40P140)             0.01       1.19 r
  U23519/ZN (ND2OPTPAD4BWP40P140)          0.01       1.20 f
  U20346/ZN (INVD3BWP40P140)               0.01       1.21 r
  U27338/ZN (CKND2D4BWP40P140)             0.01       1.22 f
  U40426/ZN (NR2OPTPAD4BWP40P140)          0.01       1.23 r
  U23776/ZN (ND2OPTIBD1BWP40P140)          0.01       1.24 f
  U40432/ZN (ND3D1BWP40P140)               0.01       1.25 r
  pack_q_reg[29]/D (DFQD1BWP40P140)        0.00       1.25 r
  data arrival time                                   1.25

  clock clk (rise edge)                    1.20       1.20
  clock network delay (ideal)              0.00       1.20
  clock uncertainty                       -0.10       1.10
  pack_q_reg[29]/CP (DFQD1BWP40P140)       0.00       1.10 r
  library setup time                      -0.02       1.08
  data required time                                  1.08
  -----------------------------------------------------------
  data required time                                  1.08
  data arrival time                                  -1.25
  -----------------------------------------------------------
  slack (VIOLATED)                                   -0.17


  Startpoint: el_i_reg[5]
              (rising edge-triggered flip-flop clocked by clk)
  Endpoint: pack_q_reg[29]
            (rising edge-triggered flip-flop clocked by clk)
  Path Group: clk
  Path Type: max

  Des/Clust/Port     Wire Load Model       Library
  ------------------------------------------------
  mat_engine         ZeroWireload          tcbn28hpcplusbwp40p140tt0p9v25c

  Point                                    Incr       Path
  -----------------------------------------------------------
  clock clk (rise edge)                    0.00       0.00
  clock network delay (ideal)              0.00       0.00
  el_i_reg[5]/CP (DFQD1BWP40P140)          0.00 #     0.00 r
  el_i_reg[5]/Q (DFQD1BWP40P140)           0.07       0.07 f
  U31905/ZN (NR2D1BWP40P140)               0.02       0.09 r
  U26710/ZN (ND2OPTIBD2BWP40P140)          0.03       0.12 f
  U32265/ZN (INR2D1BWP40P140)              0.05       0.17 r
  U32266/ZN (INVD2BWP40P140)               0.01       0.18 f
  U32267/ZN (INVD1BWP40P140)               0.03       0.21 r
  U32809/ZN (AOI22D1BWP40P140)             0.03       0.24 f
  U23915/ZN (ND4D1BWP40P140)               0.01       0.25 r
  U32824/ZN (NR4D0BWP40P140)               0.02       0.28 f
  U32825/ZN (CKND2D3BWP40P140)             0.03       0.31 r
  U32826/Z (BUFFD4BWP40P140)               0.03       0.34 r
  U27260/ZN (XNR2OPTND2BWP40P140)          0.02       0.36 r
  U27252/ZN (OAI22OPTPBD1BWP40P140)        0.02       0.38 f
  U39559/S (FA1D1BWP40P140)                0.08       0.46 r
  U26481/ZN (XNR2OPTND2BWP40P140)          0.03       0.49 r
  U21800/ZN (XNR2OPTND4BWP40P140)          0.02       0.52 r
  U21241/ZN (INVD4BWP40P140)               0.01       0.53 f
  U21016/ZN (XNR2OPTND4BWP40P140)          0.02       0.55 f
  U21015/ZN (XNR2OPTND4BWP40P140)          0.02       0.57 f
  U19425/ZN (OAI21D2BWP40P140)             0.01       0.58 r
  U21666/ZN (CKND2D4BWP40P140)             0.01       0.60 f
  U25896/ZN (INVD4BWP40P140)               0.01       0.60 r
  U21984/ZN (ND2OPTPAD4BWP40P140)          0.01       0.62 f
  U21200/ZN (AOI21OPTREPBD2BWP40P140)      0.01       0.63 r
  U20914/ZN (OAI21OPTREPBD2BWP40P140)      0.02       0.64 f
  U20379/ZN (AOI21D6BWP40P140)             0.02       0.66 r
  U20378/ZN (OAI21OPTREPBD6BWP40P140)      0.01       0.68 f
  U20522/ZN (AOI21D16BWP40P140)            0.02       0.69 r
  U20472/ZN (ND2OPTPAD16BWP40P140)         0.03       0.73 f
  U23996/ZN (INVD15BWP40P140)              0.02       0.75 r
  U21776/ZN (XNR2OPTND6BWP40P140)          0.02       0.77 r
  U20741/ZN (NR2D6BWP40P140)               0.01       0.78 f
  U19200/ZN (NR2OPTPAD2BWP40P140)          0.01       0.79 r
  U20316/ZN (ND2OPTIBD6BWP40P140)          0.01       0.80 f
  U23508/ZN (OAI21OPTREPBD2BWP40P140)      0.02       0.82 r
  U26552/ZN (AOI21OPTREPBD2BWP40P140)      0.02       0.84 f
  U21211/ZN (OAI21OPTREPBD8BWP40P140)      0.01       0.86 r
  U21418/ZN (XNR2OPTND8BWP40P140)          0.02       0.88 r
  U24213/ZN (ND2OPTPAD16BWP40P140)         0.03       0.91 f
  U18846/ZN (NR2D4BWP40P140)               0.02       0.93 r
  U22041/ZN (NR2D4BWP40P140)               0.01       0.94 f
  U26593/ZN (ND2D3BWP40P140)               0.01       0.94 r
  U21328/ZN (OAI21OPTREPBD2BWP40P140)      0.02       0.96 f
  U26098/ZN (NR3D4BWP40P140)               0.02       0.98 r
  U23335/ZN (OAI22OPTPBD4BWP40P140)        0.02       0.99 f
  U20784/ZN (NR2OPTIBD6BWP40P140)          0.01       1.01 r
  U20348/ZN (ND2OPTIBD6BWP40P140)          0.01       1.02 f
  U20998/ZN (NR2OPTPAD8BWP40P140)          0.01       1.03 r
  U21124/ZN (OAI21OPTREPBD6BWP40P140)      0.02       1.05 f
  U18478/Z (CKBD1BWP40P140)                0.02       1.07 f
  U26707/ZN (INVD1BWP40P140)               0.01       1.08 r
  U23827/ZN (NR2OPTPAD1BWP40P140)          0.01       1.09 f
  U23825/ZN (NR2OPTPAD2BWP40P140)          0.01       1.10 r
  U22036/ZN (XNR2OPTND4BWP40P140)          0.02       1.12 r
  U24133/ZN (AOI22D2BWP40P140)             0.02       1.13 f
  U26801/ZN (OAI21D2BWP40P140)             0.01       1.15 r
  U26674/ZN (ND3OPTPAD2BWP40P140)          0.02       1.16 f
  U21299/ZN (ND2D3BWP40P140)               0.01       1.17 r
  U20824/ZN (NR2D3BWP40P140)               0.01       1.18 f
  U21258/ZN (CKND2D4BWP40P140)             0.01       1.19 r
  U23519/ZN (ND2OPTPAD4BWP40P140)          0.01       1.20 f
  U20346/ZN (INVD3BWP40P140)               0.01       1.21 r
  U27338/ZN (CKND2D4BWP40P140)             0.01       1.22 f
  U40426/ZN (NR2OPTPAD4BWP40P140)          0.01       1.23 r
  U23776/ZN (ND2OPTIBD1BWP40P140)          0.01       1.24 f
  U40432/ZN (ND3D1BWP40P140)               0.01       1.25 r
  pack_q_reg[29]/D (DFQD1BWP40P140)        0.00       1.25 r
  data arrival time                                   1.25

  clock clk (rise edge)                    1.20       1.20
  clock network delay (ideal)              0.00       1.20
  clock uncertainty                       -0.10       1.10
  pack_q_reg[29]/CP (DFQD1BWP40P140)       0.00       1.10 r
  library setup time                      -0.02       1.08
  data required time                                  1.08
  -----------------------------------------------------------
  data required time                                  1.08
  data arrival time                                  -1.25
  -----------------------------------------------------------
  slack (VIOLATED)                                   -0.17


  Startpoint: el_i_reg[5]
              (rising edge-triggered flip-flop clocked by clk)
  Endpoint: pack_q_reg[29]
            (rising edge-triggered flip-flop clocked by clk)
  Path Group: clk
  Path Type: max

  Des/Clust/Port     Wire Load Model       Library
  ------------------------------------------------
  mat_engine         ZeroWireload          tcbn28hpcplusbwp40p140tt0p9v25c

  Point                                    Incr       Path
  -----------------------------------------------------------
  clock clk (rise edge)                    0.00       0.00
  clock network delay (ideal)              0.00       0.00
  el_i_reg[5]/CP (DFQD1BWP40P140)          0.00 #     0.00 r
  el_i_reg[5]/Q (DFQD1BWP40P140)           0.07       0.07 f
  U31905/ZN (NR2D1BWP40P140)               0.02       0.09 r
  U26710/ZN (ND2OPTIBD2BWP40P140)          0.03       0.12 f
  U32265/ZN (INR2D1BWP40P140)              0.05       0.17 r
  U32266/ZN (INVD2BWP40P140)               0.01       0.18 f
  U32267/ZN (INVD1BWP40P140)               0.03       0.21 r
  U32809/ZN (AOI22D1BWP40P140)             0.03       0.24 f
  U23915/ZN (ND4D1BWP40P140)               0.01       0.25 r
  U32824/ZN (NR4D0BWP40P140)               0.02       0.28 f
  U32825/ZN (CKND2D3BWP40P140)             0.03       0.31 r
  U32826/Z (BUFFD4BWP40P140)               0.03       0.34 r
  U27260/ZN (XNR2OPTND2BWP40P140)          0.02       0.36 r
  U27252/ZN (OAI22OPTPBD1BWP40P140)        0.02       0.38 f
  U39559/S (FA1D1BWP40P140)                0.08       0.46 r
  U26481/ZN (XNR2OPTND2BWP40P140)          0.03       0.49 r
  U21800/ZN (XNR2OPTND4BWP40P140)          0.02       0.52 r
  U21241/ZN (INVD4BWP40P140)               0.01       0.53 f
  U21016/ZN (XNR2OPTND4BWP40P140)          0.02       0.55 f
  U21015/ZN (XNR2OPTND4BWP40P140)          0.02       0.57 f
  U19425/ZN (OAI21D2BWP40P140)             0.01       0.58 r
  U21666/ZN (CKND2D4BWP40P140)             0.01       0.60 f
  U25896/ZN (INVD4BWP40P140)               0.01       0.60 r
  U21984/ZN (ND2OPTPAD4BWP40P140)          0.01       0.62 f
  U21200/ZN (AOI21OPTREPBD2BWP40P140)      0.01       0.63 r
  U20914/ZN (OAI21OPTREPBD2BWP40P140)      0.02       0.64 f
  U20379/ZN (AOI21D6BWP40P140)             0.02       0.66 r
  U20378/ZN (OAI21OPTREPBD6BWP40P140)      0.01       0.68 f
  U20522/ZN (AOI21D16BWP40P140)            0.02       0.69 r
  U20472/ZN (ND2OPTPAD16BWP40P140)         0.03       0.73 f
  U23996/ZN (INVD15BWP40P140)              0.02       0.75 r
  U21776/ZN (XNR2OPTND6BWP40P140)          0.02       0.77 r
  U20741/ZN (NR2D6BWP40P140)               0.01       0.78 f
  U19200/ZN (NR2OPTPAD2BWP40P140)          0.01       0.79 r
  U20316/ZN (ND2OPTIBD6BWP40P140)          0.01       0.80 f
  U23508/ZN (OAI21OPTREPBD2BWP40P140)      0.02       0.82 r
  U26552/ZN (AOI21OPTREPBD2BWP40P140)      0.02       0.84 f
  U21211/ZN (OAI21OPTREPBD8BWP40P140)      0.01       0.86 r
  U21418/ZN (XNR2OPTND8BWP40P140)          0.02       0.88 r
  U24213/ZN (ND2OPTPAD16BWP40P140)         0.03       0.91 f
  U18846/ZN (NR2D4BWP40P140)               0.02       0.93 r
  U22041/ZN (NR2D4BWP40P140)               0.01       0.94 f
  U26593/ZN (ND2D3BWP40P140)               0.01       0.94 r
  U21328/ZN (OAI21OPTREPBD2BWP40P140)      0.02       0.96 f
  U26098/ZN (NR3D4BWP40P140)               0.02       0.98 r
  U23335/ZN (OAI22OPTPBD4BWP40P140)        0.02       0.99 f
  U20784/ZN (NR2OPTIBD6BWP40P140)          0.01       1.01 r
  U20348/ZN (ND2OPTIBD6BWP40P140)          0.01       1.02 f
  U20998/ZN (NR2OPTPAD8BWP40P140)          0.01       1.03 r
  U21124/ZN (OAI21OPTREPBD6BWP40P140)      0.02       1.05 f
  U18478/Z (CKBD1BWP40P140)                0.02       1.07 f
  U26707/ZN (INVD1BWP40P140)               0.01       1.08 r
  U23827/ZN (NR2OPTPAD1BWP40P140)          0.01       1.09 f
  U23825/ZN (NR2OPTPAD2BWP40P140)          0.01       1.10 r
  U22036/ZN (XNR2OPTND4BWP40P140)          0.02       1.12 r
  U24133/ZN (AOI22D2BWP40P140)             0.02       1.13 f
  U26801/ZN (OAI21D2BWP40P140)             0.01       1.15 r
  U26674/ZN (ND3OPTPAD2BWP40P140)          0.02       1.16 f
  U21299/ZN (ND2D3BWP40P140)               0.01       1.17 r
  U20824/ZN (NR2D3BWP40P140)               0.01       1.18 f
  U21258/ZN (CKND2D4BWP40P140)             0.01       1.19 r
  U23519/ZN (ND2OPTPAD4BWP40P140)          0.01       1.20 f
  U20346/ZN (INVD3BWP40P140)               0.01       1.21 r
  U27338/ZN (CKND2D4BWP40P140)             0.01       1.22 f
  U40426/ZN (NR2OPTPAD4BWP40P140)          0.01       1.23 r
  U23776/ZN (ND2OPTIBD1BWP40P140)          0.01       1.24 f
  U40432/ZN (ND3D1BWP40P140)               0.01       1.25 r
  pack_q_reg[29]/D (DFQD1BWP40P140)        0.00       1.25 r
  data arrival time                                   1.25

  clock clk (rise edge)                    1.20       1.20
  clock network delay (ideal)              0.00       1.20
  clock uncertainty                       -0.10       1.10
  pack_q_reg[29]/CP (DFQD1BWP40P140)       0.00       1.10 r
  library setup time                      -0.02       1.08
  data required time                                  1.08
  -----------------------------------------------------------
  data required time                                  1.08
  data arrival time                                  -1.25
  -----------------------------------------------------------
  slack (VIOLATED)                                   -0.17


1
