 
****************************************
Report : timing
        -path full
        -delay max
        -nworst 5
        -max_paths 20
Design : cpu_m1_top
Version: X-2025.06-SP2
Date   : Mon Jun  8 14:23:15 2026
****************************************

 # A fanout number of 1000 was used for high fanout net computations.

Operating Conditions: tt0p9v25c   Library: tcbn28hpcplusbwp40p140tt0p9v25c
Wire Load Model Mode: segmented

  Startpoint: u_core/if_ex_instr_reg[21]
              (rising edge-triggered flip-flop clocked by clk)
  Endpoint: u_core/ex_mem_alu_result_r_reg[30]
            (rising edge-triggered flip-flop clocked by clk)
  Path Group: clk
  Path Type: max

  Des/Clust/Port     Wire Load Model       Library
  ------------------------------------------------
  rfu                ZeroWireload          tcbn28hpcplusbwp40p140tt0p9v25c
  bp                 ZeroWireload          tcbn28hpcplusbwp40p140tt0p9v25c
  cpu_m1_top         ZeroWireload          tcbn28hpcplusbwp40p140tt0p9v25c

  Point                                                   Incr       Path
  --------------------------------------------------------------------------
  clock clk (rise edge)                                   0.00       0.00
  clock network delay (ideal)                             0.00       0.00
  u_core/if_ex_instr_reg[21]/CP (DFQD2BWP40P140)          0.00 #     0.00 r
  u_core/if_ex_instr_reg[21]/Q (DFQD2BWP40P140)           0.08       0.08 f
  U3513/ZN (XNR2UD1BWP40P140)                             0.03       0.11 r
  U3514/ZN (ND2OPTIBD1BWP40P140)                          0.01       0.12 f
  U3518/ZN (INR4D0BWP40P140)                              0.03       0.15 r
  U3524/ZN (INR2D1BWP40P140)                              0.10       0.26 r
  U3525/ZN (NR2D1BWP40P140)                               0.11       0.36 f
  U3873/ZN (AOI21D1BWP40P140)                             0.06       0.42 r
  U3874/ZN (MUX2NUD1BWP40P140)                            0.05       0.47 f
  U3875/Z (XOR2UD1BWP40P140)                              0.04       0.51 f
  U3885/ZN (ND2OPTIBD1BWP40P140)                          0.02       0.54 r
  U3886/ZN (INVD1BWP40P140)                               0.01       0.55 f
  U3887/ZN (AOI21D1BWP40P140)                             0.02       0.57 r
  U3909/ZN (OAI21D1BWP40P140)                             0.02       0.59 f
  U3932/ZN (AOI21D1BWP40P140)                             0.02       0.61 r
  U3954/ZN (OAI21D1BWP40P140)                             0.03       0.64 f
  U3977/ZN (AOI21D2BWP40P140)                             0.02       0.66 r
  U3999/ZN (OAI21D1BWP40P140)                             0.02       0.68 f
  U4022/ZN (AOI21OPTREPBD1BWP40P140)                      0.02       0.70 r
  U4044/ZN (OAI21D2BWP40P140)                             0.02       0.72 f
  U4067/ZN (AOI21D1BWP40P140)                             0.02       0.74 r
  U4090/ZN (OAI21D1BWP40P140)                             0.03       0.77 f
  U4115/ZN (AOI21D2BWP40P140)                             0.02       0.78 r
  U4138/ZN (OAI21D1BWP40P140)                             0.02       0.81 f
  U4161/ZN (AOI21D2BWP40P140)                             0.02       0.83 r
  U4183/ZN (OAI21D1BWP40P140)                             0.02       0.85 f
  U4209/ZN (AOI21OPTREPBD1BWP40P140)                      0.02       0.87 r
  U4234/ZN (OAI21D1BWP40P140)                             0.02       0.89 f
  U4260/Z (AO21D1BWP40P140)                               0.03       0.92 f
  U9576/CO (FA1OPTCD1BWP40P140)                           0.03       0.95 f
  U7157/CO (FA1OPTCD1BWP40P140)                           0.03       0.97 f
  U415/CO (FA1D1BWP40P140)                                0.04       1.01 f
  U8526/CO (FA1OPTCD1BWP40P140)                           0.03       1.04 f
  U9590/CO (FA1OPTCD1BWP40P140)                           0.03       1.07 f
  U9603/CO (FA1OPTCD1BWP40P140)                           0.03       1.09 f
  U7484/CO (FA1OPTCD1BWP40P140)                           0.03       1.12 f
  U7547/CO (FA1OPTCD1BWP40P140)                           0.03       1.15 f
  U7592/CO (FA1OPTCD1BWP40P140)                           0.03       1.17 f
  U8749/CO (FA1D1BWP40P140)                               0.04       1.21 f
  U7656/CO (FA1OPTCD1BWP40P140)                           0.03       1.24 f
  U7680/CO (FA1OPTCD1BWP40P140)                           0.03       1.27 f
  U8485/S (FA1OPTCD1BWP40P140)                            0.05       1.32 r
  U4400/ZN (AOI21D1BWP40P140)                             0.01       1.33 f
  U444/ZN (AOI21D1BWP40P140)                              0.02       1.35 r
  u_core/ex_mem_alu_result_r_reg[30]/D (DFQD1BWP40P140)
                                                          0.00       1.35 r
  data arrival time                                                  1.35

  clock clk (rise edge)                                   1.43       1.43
  clock network delay (ideal)                             0.00       1.43
  clock uncertainty                                      -0.05       1.38
  u_core/ex_mem_alu_result_r_reg[30]/CP (DFQD1BWP40P140)
                                                          0.00       1.38 r
  library setup time                                     -0.03       1.35
  data required time                                                 1.35
  --------------------------------------------------------------------------
  data required time                                                 1.35
  data arrival time                                                 -1.35
  --------------------------------------------------------------------------
  slack (MET)                                                        0.00


  Startpoint: u_core/if_ex_instr_reg[21]
              (rising edge-triggered flip-flop clocked by clk)
  Endpoint: u_core/ex_mem_alu_result_r_reg[30]
            (rising edge-triggered flip-flop clocked by clk)
  Path Group: clk
  Path Type: max

  Des/Clust/Port     Wire Load Model       Library
  ------------------------------------------------
  rfu                ZeroWireload          tcbn28hpcplusbwp40p140tt0p9v25c
  bp                 ZeroWireload          tcbn28hpcplusbwp40p140tt0p9v25c
  cpu_m1_top         ZeroWireload          tcbn28hpcplusbwp40p140tt0p9v25c

  Point                                                   Incr       Path
  --------------------------------------------------------------------------
  clock clk (rise edge)                                   0.00       0.00
  clock network delay (ideal)                             0.00       0.00
  u_core/if_ex_instr_reg[21]/CP (DFQD2BWP40P140)          0.00 #     0.00 r
  u_core/if_ex_instr_reg[21]/Q (DFQD2BWP40P140)           0.08       0.08 f
  U3513/ZN (XNR2UD1BWP40P140)                             0.03       0.11 r
  U3514/ZN (ND2OPTIBD1BWP40P140)                          0.01       0.12 f
  U3518/ZN (INR4D0BWP40P140)                              0.03       0.15 r
  U3524/ZN (INR2D1BWP40P140)                              0.10       0.26 r
  U3525/ZN (NR2D1BWP40P140)                               0.11       0.36 f
  U3873/ZN (AOI21D1BWP40P140)                             0.06       0.42 r
  U3874/ZN (MUX2NUD1BWP40P140)                            0.05       0.47 f
  U3875/Z (XOR2UD1BWP40P140)                              0.04       0.51 f
  U3885/ZN (ND2OPTIBD1BWP40P140)                          0.02       0.54 r
  U3886/ZN (INVD1BWP40P140)                               0.01       0.55 f
  U3887/ZN (AOI21D1BWP40P140)                             0.02       0.57 r
  U3909/ZN (OAI21D1BWP40P140)                             0.02       0.59 f
  U3932/ZN (AOI21D1BWP40P140)                             0.02       0.61 r
  U3954/ZN (OAI21D1BWP40P140)                             0.03       0.64 f
  U3977/ZN (AOI21D2BWP40P140)                             0.02       0.66 r
  U3999/ZN (OAI21D1BWP40P140)                             0.02       0.68 f
  U4022/ZN (AOI21OPTREPBD1BWP40P140)                      0.02       0.70 r
  U4044/ZN (OAI21D2BWP40P140)                             0.02       0.72 f
  U4067/ZN (AOI21D1BWP40P140)                             0.02       0.74 r
  U4090/ZN (OAI21D1BWP40P140)                             0.03       0.77 f
  U4115/ZN (AOI21D2BWP40P140)                             0.02       0.78 r
  U4138/ZN (OAI21D1BWP40P140)                             0.02       0.81 f
  U4161/ZN (AOI21D2BWP40P140)                             0.02       0.83 r
  U4183/ZN (OAI21D1BWP40P140)                             0.02       0.85 f
  U4209/ZN (AOI21OPTREPBD1BWP40P140)                      0.02       0.87 r
  U4234/ZN (OAI21D1BWP40P140)                             0.02       0.89 f
  U4260/Z (AO21D1BWP40P140)                               0.03       0.92 f
  U9576/CO (FA1OPTCD1BWP40P140)                           0.03       0.95 f
  U7157/CO (FA1OPTCD1BWP40P140)                           0.03       0.97 f
  U415/CO (FA1D1BWP40P140)                                0.04       1.01 f
  U8526/CO (FA1OPTCD1BWP40P140)                           0.03       1.04 f
  U9590/CO (FA1OPTCD1BWP40P140)                           0.03       1.07 f
  U9603/CO (FA1OPTCD1BWP40P140)                           0.03       1.09 f
  U7484/CO (FA1OPTCD1BWP40P140)                           0.03       1.12 f
  U7547/CO (FA1OPTCD1BWP40P140)                           0.03       1.15 f
  U7592/CO (FA1OPTCD1BWP40P140)                           0.03       1.17 f
  U8749/CO (FA1D1BWP40P140)                               0.04       1.21 f
  U7656/CO (FA1OPTCD1BWP40P140)                           0.03       1.24 f
  U7680/CO (FA1OPTCD1BWP40P140)                           0.03       1.27 f
  U8485/S (FA1OPTCD1BWP40P140)                            0.05       1.32 r
  U4400/ZN (AOI21D1BWP40P140)                             0.01       1.33 f
  U444/ZN (AOI21D1BWP40P140)                              0.02       1.35 r
  u_core/ex_mem_alu_result_r_reg[30]/D (DFQD1BWP40P140)
                                                          0.00       1.35 r
  data arrival time                                                  1.35

  clock clk (rise edge)                                   1.43       1.43
  clock network delay (ideal)                             0.00       1.43
  clock uncertainty                                      -0.05       1.38
  u_core/ex_mem_alu_result_r_reg[30]/CP (DFQD1BWP40P140)
                                                          0.00       1.38 r
  library setup time                                     -0.03       1.35
  data required time                                                 1.35
  --------------------------------------------------------------------------
  data required time                                                 1.35
  data arrival time                                                 -1.35
  --------------------------------------------------------------------------
  slack (MET)                                                        0.00


  Startpoint: u_core/if_ex_instr_reg[21]
              (rising edge-triggered flip-flop clocked by clk)
  Endpoint: u_core/ex_mem_alu_result_r_reg[30]
            (rising edge-triggered flip-flop clocked by clk)
  Path Group: clk
  Path Type: max

  Des/Clust/Port     Wire Load Model       Library
  ------------------------------------------------
  rfu                ZeroWireload          tcbn28hpcplusbwp40p140tt0p9v25c
  bp                 ZeroWireload          tcbn28hpcplusbwp40p140tt0p9v25c
  cpu_m1_top         ZeroWireload          tcbn28hpcplusbwp40p140tt0p9v25c

  Point                                                   Incr       Path
  --------------------------------------------------------------------------
  clock clk (rise edge)                                   0.00       0.00
  clock network delay (ideal)                             0.00       0.00
  u_core/if_ex_instr_reg[21]/CP (DFQD2BWP40P140)          0.00 #     0.00 r
  u_core/if_ex_instr_reg[21]/Q (DFQD2BWP40P140)           0.08       0.08 f
  U3513/ZN (XNR2UD1BWP40P140)                             0.03       0.11 r
  U3514/ZN (ND2OPTIBD1BWP40P140)                          0.01       0.12 f
  U3518/ZN (INR4D0BWP40P140)                              0.03       0.15 r
  U3524/ZN (INR2D1BWP40P140)                              0.10       0.26 r
  U3525/ZN (NR2D1BWP40P140)                               0.11       0.36 f
  U3873/ZN (AOI21D1BWP40P140)                             0.06       0.42 r
  U3874/ZN (MUX2NUD1BWP40P140)                            0.05       0.47 f
  U3875/Z (XOR2UD1BWP40P140)                              0.04       0.51 f
  U3885/ZN (ND2OPTIBD1BWP40P140)                          0.02       0.54 r
  U3886/ZN (INVD1BWP40P140)                               0.01       0.55 f
  U3887/ZN (AOI21D1BWP40P140)                             0.02       0.57 r
  U3909/ZN (OAI21D1BWP40P140)                             0.02       0.59 f
  U3932/ZN (AOI21D1BWP40P140)                             0.02       0.61 r
  U3954/ZN (OAI21D1BWP40P140)                             0.03       0.64 f
  U3977/ZN (AOI21D2BWP40P140)                             0.02       0.66 r
  U3999/ZN (OAI21D1BWP40P140)                             0.02       0.68 f
  U4022/ZN (AOI21OPTREPBD1BWP40P140)                      0.02       0.70 r
  U4044/ZN (OAI21D2BWP40P140)                             0.02       0.72 f
  U4067/ZN (AOI21D1BWP40P140)                             0.02       0.74 r
  U4090/ZN (OAI21D1BWP40P140)                             0.03       0.77 f
  U4115/ZN (AOI21D2BWP40P140)                             0.02       0.78 r
  U4138/ZN (OAI21D1BWP40P140)                             0.02       0.81 f
  U4161/ZN (AOI21D2BWP40P140)                             0.02       0.83 r
  U4183/ZN (OAI21D1BWP40P140)                             0.02       0.85 f
  U4209/ZN (AOI21OPTREPBD1BWP40P140)                      0.02       0.87 r
  U4234/ZN (OAI21D1BWP40P140)                             0.02       0.89 f
  U4260/Z (AO21D1BWP40P140)                               0.03       0.92 f
  U9576/CO (FA1OPTCD1BWP40P140)                           0.03       0.95 f
  U7157/CO (FA1OPTCD1BWP40P140)                           0.03       0.97 f
  U415/CO (FA1D1BWP40P140)                                0.04       1.01 f
  U8526/CO (FA1OPTCD1BWP40P140)                           0.03       1.04 f
  U9590/CO (FA1OPTCD1BWP40P140)                           0.03       1.07 f
  U9603/CO (FA1OPTCD1BWP40P140)                           0.03       1.09 f
  U7484/CO (FA1OPTCD1BWP40P140)                           0.03       1.12 f
  U7547/CO (FA1OPTCD1BWP40P140)                           0.03       1.15 f
  U7592/CO (FA1OPTCD1BWP40P140)                           0.03       1.17 f
  U8749/CO (FA1D1BWP40P140)                               0.04       1.21 f
  U7656/CO (FA1OPTCD1BWP40P140)                           0.03       1.24 f
  U7680/CO (FA1OPTCD1BWP40P140)                           0.03       1.27 f
  U8485/S (FA1OPTCD1BWP40P140)                            0.05       1.32 r
  U4400/ZN (AOI21D1BWP40P140)                             0.01       1.33 f
  U444/ZN (AOI21D1BWP40P140)                              0.02       1.35 r
  u_core/ex_mem_alu_result_r_reg[30]/D (DFQD1BWP40P140)
                                                          0.00       1.35 r
  data arrival time                                                  1.35

  clock clk (rise edge)                                   1.43       1.43
  clock network delay (ideal)                             0.00       1.43
  clock uncertainty                                      -0.05       1.38
  u_core/ex_mem_alu_result_r_reg[30]/CP (DFQD1BWP40P140)
                                                          0.00       1.38 r
  library setup time                                     -0.03       1.35
  data required time                                                 1.35
  --------------------------------------------------------------------------
  data required time                                                 1.35
  data arrival time                                                 -1.35
  --------------------------------------------------------------------------
  slack (MET)                                                        0.00


  Startpoint: u_core/if_ex_instr_reg[21]
              (rising edge-triggered flip-flop clocked by clk)
  Endpoint: u_core/ex_mem_alu_result_r_reg[30]
            (rising edge-triggered flip-flop clocked by clk)
  Path Group: clk
  Path Type: max

  Des/Clust/Port     Wire Load Model       Library
  ------------------------------------------------
  rfu                ZeroWireload          tcbn28hpcplusbwp40p140tt0p9v25c
  bp                 ZeroWireload          tcbn28hpcplusbwp40p140tt0p9v25c
  cpu_m1_top         ZeroWireload          tcbn28hpcplusbwp40p140tt0p9v25c

  Point                                                   Incr       Path
  --------------------------------------------------------------------------
  clock clk (rise edge)                                   0.00       0.00
  clock network delay (ideal)                             0.00       0.00
  u_core/if_ex_instr_reg[21]/CP (DFQD2BWP40P140)          0.00 #     0.00 r
  u_core/if_ex_instr_reg[21]/Q (DFQD2BWP40P140)           0.08       0.08 f
  U3513/ZN (XNR2UD1BWP40P140)                             0.03       0.11 r
  U3514/ZN (ND2OPTIBD1BWP40P140)                          0.01       0.12 f
  U3518/ZN (INR4D0BWP40P140)                              0.03       0.15 r
  U3524/ZN (INR2D1BWP40P140)                              0.10       0.26 r
  U3525/ZN (NR2D1BWP40P140)                               0.11       0.36 f
  U3873/ZN (AOI21D1BWP40P140)                             0.06       0.42 r
  U3874/ZN (MUX2NUD1BWP40P140)                            0.05       0.47 f
  U3875/Z (XOR2UD1BWP40P140)                              0.04       0.51 f
  U3885/ZN (ND2OPTIBD1BWP40P140)                          0.02       0.54 r
  U3886/ZN (INVD1BWP40P140)                               0.01       0.55 f
  U3887/ZN (AOI21D1BWP40P140)                             0.02       0.57 r
  U3909/ZN (OAI21D1BWP40P140)                             0.02       0.59 f
  U3932/ZN (AOI21D1BWP40P140)                             0.02       0.61 r
  U3954/ZN (OAI21D1BWP40P140)                             0.03       0.64 f
  U3977/ZN (AOI21D2BWP40P140)                             0.02       0.66 r
  U3999/ZN (OAI21D1BWP40P140)                             0.02       0.68 f
  U4022/ZN (AOI21OPTREPBD1BWP40P140)                      0.02       0.70 r
  U4044/ZN (OAI21D2BWP40P140)                             0.02       0.72 f
  U4067/ZN (AOI21D1BWP40P140)                             0.02       0.74 r
  U4090/ZN (OAI21D1BWP40P140)                             0.03       0.77 f
  U4115/ZN (AOI21D2BWP40P140)                             0.02       0.78 r
  U4138/ZN (OAI21D1BWP40P140)                             0.02       0.81 f
  U4161/ZN (AOI21D2BWP40P140)                             0.02       0.83 r
  U4183/ZN (OAI21D1BWP40P140)                             0.02       0.85 f
  U4209/ZN (AOI21OPTREPBD1BWP40P140)                      0.02       0.87 r
  U4234/ZN (OAI21D1BWP40P140)                             0.02       0.89 f
  U4260/Z (AO21D1BWP40P140)                               0.03       0.92 f
  U9576/CO (FA1OPTCD1BWP40P140)                           0.03       0.95 f
  U7157/CO (FA1OPTCD1BWP40P140)                           0.03       0.97 f
  U415/CO (FA1D1BWP40P140)                                0.04       1.01 f
  U8526/CO (FA1OPTCD1BWP40P140)                           0.03       1.04 f
  U9590/CO (FA1OPTCD1BWP40P140)                           0.03       1.07 f
  U9603/CO (FA1OPTCD1BWP40P140)                           0.03       1.09 f
  U7484/CO (FA1OPTCD1BWP40P140)                           0.03       1.12 f
  U7547/CO (FA1OPTCD1BWP40P140)                           0.03       1.15 f
  U7592/CO (FA1OPTCD1BWP40P140)                           0.03       1.17 f
  U8749/CO (FA1D1BWP40P140)                               0.04       1.21 f
  U7656/CO (FA1OPTCD1BWP40P140)                           0.03       1.24 f
  U7680/CO (FA1OPTCD1BWP40P140)                           0.03       1.27 f
  U8485/S (FA1OPTCD1BWP40P140)                            0.05       1.32 r
  U4400/ZN (AOI21D1BWP40P140)                             0.01       1.33 f
  U444/ZN (AOI21D1BWP40P140)                              0.02       1.35 r
  u_core/ex_mem_alu_result_r_reg[30]/D (DFQD1BWP40P140)
                                                          0.00       1.35 r
  data arrival time                                                  1.35

  clock clk (rise edge)                                   1.43       1.43
  clock network delay (ideal)                             0.00       1.43
  clock uncertainty                                      -0.05       1.38
  u_core/ex_mem_alu_result_r_reg[30]/CP (DFQD1BWP40P140)
                                                          0.00       1.38 r
  library setup time                                     -0.03       1.35
  data required time                                                 1.35
  --------------------------------------------------------------------------
  data required time                                                 1.35
  data arrival time                                                 -1.35
  --------------------------------------------------------------------------
  slack (MET)                                                        0.00


  Startpoint: u_core/if_ex_instr_reg[21]
              (rising edge-triggered flip-flop clocked by clk)
  Endpoint: u_core/ex_mem_alu_result_r_reg[30]
            (rising edge-triggered flip-flop clocked by clk)
  Path Group: clk
  Path Type: max

  Des/Clust/Port     Wire Load Model       Library
  ------------------------------------------------
  rfu                ZeroWireload          tcbn28hpcplusbwp40p140tt0p9v25c
  bp                 ZeroWireload          tcbn28hpcplusbwp40p140tt0p9v25c
  cpu_m1_top         ZeroWireload          tcbn28hpcplusbwp40p140tt0p9v25c

  Point                                                   Incr       Path
  --------------------------------------------------------------------------
  clock clk (rise edge)                                   0.00       0.00
  clock network delay (ideal)                             0.00       0.00
  u_core/if_ex_instr_reg[21]/CP (DFQD2BWP40P140)          0.00 #     0.00 r
  u_core/if_ex_instr_reg[21]/Q (DFQD2BWP40P140)           0.08       0.08 f
  U3513/ZN (XNR2UD1BWP40P140)                             0.03       0.11 r
  U3514/ZN (ND2OPTIBD1BWP40P140)                          0.01       0.12 f
  U3518/ZN (INR4D0BWP40P140)                              0.03       0.15 r
  U3524/ZN (INR2D1BWP40P140)                              0.10       0.26 r
  U3525/ZN (NR2D1BWP40P140)                               0.11       0.36 f
  U3873/ZN (AOI21D1BWP40P140)                             0.06       0.42 r
  U3874/ZN (MUX2NUD1BWP40P140)                            0.05       0.47 f
  U3875/Z (XOR2UD1BWP40P140)                              0.04       0.51 f
  U3885/ZN (ND2OPTIBD1BWP40P140)                          0.02       0.54 r
  U3886/ZN (INVD1BWP40P140)                               0.01       0.55 f
  U3887/ZN (AOI21D1BWP40P140)                             0.02       0.57 r
  U3909/ZN (OAI21D1BWP40P140)                             0.02       0.59 f
  U3932/ZN (AOI21D1BWP40P140)                             0.02       0.61 r
  U3954/ZN (OAI21D1BWP40P140)                             0.03       0.64 f
  U3977/ZN (AOI21D2BWP40P140)                             0.02       0.66 r
  U3999/ZN (OAI21D1BWP40P140)                             0.02       0.68 f
  U4022/ZN (AOI21OPTREPBD1BWP40P140)                      0.02       0.70 r
  U4044/ZN (OAI21D2BWP40P140)                             0.02       0.72 f
  U4067/ZN (AOI21D1BWP40P140)                             0.02       0.74 r
  U4090/ZN (OAI21D1BWP40P140)                             0.03       0.77 f
  U4115/ZN (AOI21D2BWP40P140)                             0.02       0.78 r
  U4138/ZN (OAI21D1BWP40P140)                             0.02       0.81 f
  U4161/ZN (AOI21D2BWP40P140)                             0.02       0.83 r
  U4183/ZN (OAI21D1BWP40P140)                             0.02       0.85 f
  U4209/ZN (AOI21OPTREPBD1BWP40P140)                      0.02       0.87 r
  U4234/ZN (OAI21D1BWP40P140)                             0.02       0.89 f
  U4260/Z (AO21D1BWP40P140)                               0.03       0.92 f
  U9576/CO (FA1OPTCD1BWP40P140)                           0.03       0.95 f
  U7157/CO (FA1OPTCD1BWP40P140)                           0.03       0.97 f
  U415/CO (FA1D1BWP40P140)                                0.04       1.01 f
  U8526/CO (FA1OPTCD1BWP40P140)                           0.03       1.04 f
  U9590/CO (FA1OPTCD1BWP40P140)                           0.03       1.07 f
  U9603/CO (FA1OPTCD1BWP40P140)                           0.03       1.09 f
  U7484/CO (FA1OPTCD1BWP40P140)                           0.03       1.12 f
  U7547/CO (FA1OPTCD1BWP40P140)                           0.03       1.15 f
  U7592/CO (FA1OPTCD1BWP40P140)                           0.03       1.17 f
  U8749/CO (FA1D1BWP40P140)                               0.04       1.21 f
  U7656/CO (FA1OPTCD1BWP40P140)                           0.03       1.24 f
  U7680/CO (FA1OPTCD1BWP40P140)                           0.03       1.27 f
  U8485/S (FA1OPTCD1BWP40P140)                            0.05       1.32 r
  U4400/ZN (AOI21D1BWP40P140)                             0.01       1.33 f
  U444/ZN (AOI21D1BWP40P140)                              0.02       1.35 r
  u_core/ex_mem_alu_result_r_reg[30]/D (DFQD1BWP40P140)
                                                          0.00       1.35 r
  data arrival time                                                  1.35

  clock clk (rise edge)                                   1.43       1.43
  clock network delay (ideal)                             0.00       1.43
  clock uncertainty                                      -0.05       1.38
  u_core/ex_mem_alu_result_r_reg[30]/CP (DFQD1BWP40P140)
                                                          0.00       1.38 r
  library setup time                                     -0.03       1.35
  data required time                                                 1.35
  --------------------------------------------------------------------------
  data required time                                                 1.35
  data arrival time                                                 -1.35
  --------------------------------------------------------------------------
  slack (MET)                                                        0.00


  Startpoint: u_core/u_csr/instret_cnt_reg[0]
              (rising edge-triggered flip-flop clocked by clk)
  Endpoint: u_core/u_csr/instret_cnt_reg[63]
            (rising edge-triggered flip-flop clocked by clk)
  Path Group: clk
  Path Type: max

  Des/Clust/Port     Wire Load Model       Library
  ------------------------------------------------
  rfu                ZeroWireload          tcbn28hpcplusbwp40p140tt0p9v25c
  bp                 ZeroWireload          tcbn28hpcplusbwp40p140tt0p9v25c
  cpu_m1_top         ZeroWireload          tcbn28hpcplusbwp40p140tt0p9v25c

  Point                                                   Incr       Path
  --------------------------------------------------------------------------
  clock clk (rise edge)                                   0.00       0.00
  clock network delay (ideal)                             0.00       0.00
  u_core/u_csr/instret_cnt_reg[0]/CP (DFQD2BWP40P140)     0.00 #     0.00 r
  u_core/u_csr/instret_cnt_reg[0]/Q (DFQD2BWP40P140)      0.05       0.05 r
  U4487/ZN (ND2D1BWP40P140)                               0.02       0.06 f
  U4488/ZN (NR2D1BWP40P140)                               0.02       0.08 r
  U4492/ZN (ND2OPTIBD1BWP40P140)                          0.02       0.10 f
  U4494/ZN (NR2D1BWP40P140)                               0.02       0.11 r
  U4495/ZN (ND2OPTIBD1BWP40P140)                          0.02       0.13 f
  U4497/ZN (NR2OPTPAD1BWP40P140)                          0.02       0.15 r
  U4498/ZN (CKND2D3BWP40P140)                             0.01       0.16 f
  U4500/ZN (NR2D3BWP40P140)                               0.01       0.17 r
  U4501/ZN (ND2OPTIBD1BWP40P140)                          0.01       0.19 f
  U4503/ZN (NR2OPTPAD1BWP40P140)                          0.02       0.20 r
  U4504/ZN (CKND2D2BWP40P140)                             0.01       0.21 f
  U414/ZN (NR2D1BWP40P140)                                0.02       0.23 r
  U4506/ZN (ND2OPTIBD1BWP40P140)                          0.02       0.25 f
  U4508/ZN (NR2OPTPAD1BWP40P140)                          0.02       0.26 r
  U4509/ZN (CKND2D3BWP40P140)                             0.01       0.28 f
  U4511/ZN (NR2D3BWP40P140)                               0.01       0.29 r
  U4512/ZN (ND2OPTIBD1BWP40P140)                          0.01       0.30 f
  U4514/ZN (NR2OPTPAD1BWP40P140)                          0.02       0.32 r
  U4515/ZN (CKND2D3BWP40P140)                             0.01       0.33 f
  U4517/ZN (NR2D3BWP40P140)                               0.01       0.34 r
  U4518/ZN (ND2OPTIBD1BWP40P140)                          0.01       0.36 f
  U4520/ZN (NR2D1BWP40P140)                               0.02       0.37 r
  U4521/ZN (INVD1BWP40P140)                               0.01       0.38 f
  U4523/ZN (NR2D1BWP40P140)                               0.02       0.40 r
  U5084/CO (HA1D1BWP40P140)                               0.03       0.43 r
  U4524/ZN (IND2D1BWP40P140)                              0.01       0.44 f
  U4525/ZN (INR2D1BWP40P140)                              0.02       0.46 r
  U5279/CO (HA1D2BWP40P140)                               0.03       0.49 r
  U5338/CO (HA1D2BWP40P140)                               0.03       0.51 r
  U309/CO (HA1D1BWP40P140)                                0.02       0.54 r
  U5494/CO (HA1D0BWP40P140)                               0.03       0.57 r
  U5508/CO (HA1D1BWP40P140)                               0.03       0.60 r
  U4526/ZN (INVD1BWP40P140)                               0.01       0.60 f
  U4528/ZN (NR2D1BWP40P140)                               0.02       0.62 r
  U426/CO (HA1D1BWP40P140)                                0.03       0.65 r
  U5781/CO (HA1D2BWP40P140)                               0.03       0.67 r
  U5817/CO (HA1D2BWP40P140)                               0.03       0.70 r
  U5879/CO (HA1D2BWP40P140)                               0.03       0.73 r
  U5988/CO (HA1D2BWP40P140)                               0.03       0.75 r
  U6141/CO (HA1D1BWP40P140)                               0.02       0.78 r
  U4529/ZN (INVD1BWP40P140)                               0.01       0.78 f
  U4531/ZN (NR2D1BWP40P140)                               0.02       0.80 r
  U6275/CO (HA1D1BWP40P140)                               0.03       0.83 r
  U378/Z (CKAN2D1BWP40P140)                               0.02       0.85 r
  U6324/CO (HA1D2BWP40P140)                               0.03       0.88 r
  U6413/CO (HA1D2BWP40P140)                               0.03       0.90 r
  U6547/CO (HA1D2BWP40P140)                               0.03       0.93 r
  U6564/CO (HA1D2BWP40P140)                               0.03       0.95 r
  U6709/CO (HA1D1BWP40P140)                               0.02       0.98 r
  U4532/Z (CKAN2D1BWP40P140)                              0.02       1.00 r
  U7237/CO (HA1D1BWP40P140)                               0.03       1.03 r
  U377/Z (CKAN2D1BWP40P140)                               0.02       1.05 r
  U7298/CO (HA1D2BWP40P140)                               0.03       1.08 r
  U7340/CO (HA1D2BWP40P140)                               0.03       1.10 r
  U7379/CO (HA1D2BWP40P140)                               0.03       1.13 r
  U7433/CO (HA1D2BWP40P140)                               0.03       1.15 r
  U7465/CO (HA1D2BWP40P140)                               0.03       1.18 r
  U7476/CO (HA1D1BWP40P140)                               0.03       1.20 r
  U408/ZN (INVD1BWP40P140)                                0.01       1.21 f
  U4534/ZN (NR2D1BWP40P140)                               0.02       1.23 r
  U7575/CO (HA1D2BWP40P140)                               0.03       1.26 r
  U7620/CO (HA1D2BWP40P140)                               0.03       1.28 r
  U7632/CO (HA1D2BWP40P140)                               0.03       1.31 r
  U4535/ZN (ND2OPTIBD1BWP40P140)                          0.01       1.32 f
  U428/ZN (XNR2UD1BWP40P140)                              0.01       1.33 r
  U443/Z (AO22D0BWP40P140)                                0.03       1.36 r
  u_core/u_csr/instret_cnt_reg[63]/D (DFQD1BWP40P140)     0.00       1.36 r
  data arrival time                                                  1.36

  clock clk (rise edge)                                   1.43       1.43
  clock network delay (ideal)                             0.00       1.43
  clock uncertainty                                      -0.05       1.38
  u_core/u_csr/instret_cnt_reg[63]/CP (DFQD1BWP40P140)
                                                          0.00       1.38 r
  library setup time                                     -0.02       1.36
  data required time                                                 1.36
  --------------------------------------------------------------------------
  data required time                                                 1.36
  data arrival time                                                 -1.36
  --------------------------------------------------------------------------
  slack (MET)                                                        0.00


  Startpoint: u_core/u_mul/opa_r_reg[20]
              (rising edge-triggered flip-flop clocked by clk)
  Endpoint: u_core/u_mul/product_reg[62]
            (rising edge-triggered flip-flop clocked by clk)
  Path Group: clk
  Path Type: max

  Des/Clust/Port     Wire Load Model       Library
  ------------------------------------------------
  rfu                ZeroWireload          tcbn28hpcplusbwp40p140tt0p9v25c
  bp                 ZeroWireload          tcbn28hpcplusbwp40p140tt0p9v25c
  cpu_m1_top         ZeroWireload          tcbn28hpcplusbwp40p140tt0p9v25c

  Point                                                   Incr       Path
  --------------------------------------------------------------------------
  clock clk (rise edge)                                   0.00       0.00
  clock network delay (ideal)                             0.00       0.00
  u_core/u_mul/opa_r_reg[20]/CP (DFQD2BWP40P140)          0.00 #     0.00 r
  u_core/u_mul/opa_r_reg[20]/Q (DFQD2BWP40P140)           0.09       0.09 f
  U1252/ZN (XNR2UD1BWP40P140)                             0.04       0.13 f
  U1254/ZN (IND2D1BWP40P140)                              0.10       0.23 f
  U1743/ZN (OAI21D0P7BWP40P140)                           0.05       0.28 r
  U1744/Z (XOR2UD1BWP40P140)                              0.03       0.31 r
  U2131/CO (HA1D0BWP40P140)                               0.04       0.35 r
  U2172/CO (HA1D0BWP40P140)                               0.03       0.38 r
  U2204/CO (HA1D0BWP40P140)                               0.03       0.41 r
  U2221/S (FA1D1BWP40P140)                                0.06       0.48 f
  U2251/CO (FA1D1BWP40P140)                               0.04       0.52 f
  U2268/S (FA1D1BWP40P140)                                0.07       0.59 r
  U2273/S (FA1D1BWP40P140)                                0.06       0.65 f
  U2259/ZN (ND2OPTIBD1BWP40P140)                          0.01       0.66 r
  U2260/ZN (INVD1BWP40P140)                               0.01       0.67 f
  U2261/ZN (AOI21D1BWP40P140)                             0.02       0.69 r
  U2262/ZN (OAI21D1BWP40P140)                             0.02       0.71 f
  U2288/ZN (AOI21OPTREPBD1BWP40P140)                      0.02       0.73 r
  U2296/ZN (OAI21D1BWP40P140)                             0.02       0.75 f
  U2391/ZN (AOI21D1BWP40P140)                             0.03       0.77 r
  U2435/ZN (OAI21D2BWP40P140)                             0.02       0.79 f
  U2479/ZN (AOI21D2BWP40P140)                             0.02       0.81 r
  U2521/ZN (OAI21D2BWP40P140)                             0.02       0.82 f
  U2562/ZN (AOI21D2BWP40P140)                             0.02       0.84 r
  U2601/ZN (OAI21D2BWP40P140)                             0.02       0.86 f
  U2640/ZN (AOI21D2BWP40P140)                             0.02       0.87 r
  U2676/ZN (OAI21D2BWP40P140)                             0.01       0.89 f
  U418/ZN (AOI21D1BWP40P140)                              0.02       0.91 r
  U2745/ZN (OAI21D2BWP40P140)                             0.02       0.93 f
  U2778/ZN (AOI21D2BWP40P140)                             0.02       0.95 r
  U2809/ZN (OAI21D2BWP40P140)                             0.02       0.97 f
  U2840/ZN (AOI21D2BWP40P140)                             0.02       0.98 r
  U2868/ZN (OAI21D2BWP40P140)                             0.02       1.00 f
  U2896/ZN (AOI21D2BWP40P140)                             0.02       1.01 r
  U2922/ZN (OAI21D1BWP40P140)                             0.02       1.03 f
  U2947/ZN (AOI21D1BWP40P140)                             0.02       1.06 r
  U2970/ZN (OAI21D1BWP40P140)                             0.03       1.08 f
  U2993/ZN (AOI21D2BWP40P140)                             0.02       1.11 r
  U3013/ZN (OAI21OPTREPBD2BWP40P140)                      0.01       1.12 f
  U3033/ZN (AOI21D2BWP40P140)                             0.02       1.14 r
  U3051/ZN (OAI21D2BWP40P140)                             0.02       1.15 f
  U3068/ZN (AOI21D1BWP40P140)                             0.02       1.18 r
  U301/ZN (OAI21D2BWP40P140)                              0.02       1.19 f
  U3097/ZN (AOI21D2BWP40P140)                             0.02       1.21 r
  U3105/ZN (OAI21D1BWP40P140)                             0.02       1.23 f
  U3111/Z (AO21D1BWP40P140)                               0.03       1.26 f
  U7714/CO (FA1OPTCD2BWP40P140)                           0.02       1.28 f
  U7722/S (FA1OPTCD1BWP40P140)                            0.05       1.33 r
  U445/Z (MUX2D0BWP40P140)                                0.03       1.36 r
  u_core/u_mul/product_reg[62]/D (DFQD1BWP40P140)         0.00       1.36 r
  data arrival time                                                  1.36

  clock clk (rise edge)                                   1.43       1.43
  clock network delay (ideal)                             0.00       1.43
  clock uncertainty                                      -0.05       1.38
  u_core/u_mul/product_reg[62]/CP (DFQD1BWP40P140)        0.00       1.38 r
  library setup time                                     -0.02       1.36
  data required time                                                 1.36
  --------------------------------------------------------------------------
  data required time                                                 1.36
  data arrival time                                                 -1.36
  --------------------------------------------------------------------------
  slack (MET)                                                        0.00


  Startpoint: u_core/u_mul/opa_r_reg[20]
              (rising edge-triggered flip-flop clocked by clk)
  Endpoint: u_core/u_mul/product_reg[62]
            (rising edge-triggered flip-flop clocked by clk)
  Path Group: clk
  Path Type: max

  Des/Clust/Port     Wire Load Model       Library
  ------------------------------------------------
  rfu                ZeroWireload          tcbn28hpcplusbwp40p140tt0p9v25c
  bp                 ZeroWireload          tcbn28hpcplusbwp40p140tt0p9v25c
  cpu_m1_top         ZeroWireload          tcbn28hpcplusbwp40p140tt0p9v25c

  Point                                                   Incr       Path
  --------------------------------------------------------------------------
  clock clk (rise edge)                                   0.00       0.00
  clock network delay (ideal)                             0.00       0.00
  u_core/u_mul/opa_r_reg[20]/CP (DFQD2BWP40P140)          0.00 #     0.00 r
  u_core/u_mul/opa_r_reg[20]/Q (DFQD2BWP40P140)           0.09       0.09 f
  U1252/ZN (XNR2UD1BWP40P140)                             0.04       0.13 f
  U1254/ZN (IND2D1BWP40P140)                              0.10       0.23 f
  U1743/ZN (OAI21D0P7BWP40P140)                           0.05       0.28 r
  U1744/Z (XOR2UD1BWP40P140)                              0.03       0.31 r
  U2131/CO (HA1D0BWP40P140)                               0.04       0.35 r
  U2172/CO (HA1D0BWP40P140)                               0.03       0.38 r
  U2204/CO (HA1D0BWP40P140)                               0.03       0.41 r
  U2221/S (FA1D1BWP40P140)                                0.06       0.48 f
  U2251/CO (FA1D1BWP40P140)                               0.04       0.52 f
  U2268/S (FA1D1BWP40P140)                                0.07       0.59 r
  U2273/S (FA1D1BWP40P140)                                0.06       0.65 f
  U2259/ZN (ND2OPTIBD1BWP40P140)                          0.01       0.66 r
  U2260/ZN (INVD1BWP40P140)                               0.01       0.67 f
  U2261/ZN (AOI21D1BWP40P140)                             0.02       0.69 r
  U2262/ZN (OAI21D1BWP40P140)                             0.02       0.71 f
  U2288/ZN (AOI21OPTREPBD1BWP40P140)                      0.02       0.73 r
  U2296/ZN (OAI21D1BWP40P140)                             0.02       0.75 f
  U2391/ZN (AOI21D1BWP40P140)                             0.03       0.77 r
  U2435/ZN (OAI21D2BWP40P140)                             0.02       0.79 f
  U2479/ZN (AOI21D2BWP40P140)                             0.02       0.81 r
  U2521/ZN (OAI21D2BWP40P140)                             0.02       0.82 f
  U2562/ZN (AOI21D2BWP40P140)                             0.02       0.84 r
  U2601/ZN (OAI21D2BWP40P140)                             0.02       0.86 f
  U2640/ZN (AOI21D2BWP40P140)                             0.02       0.87 r
  U2676/ZN (OAI21D2BWP40P140)                             0.01       0.89 f
  U418/ZN (AOI21D1BWP40P140)                              0.02       0.91 r
  U2745/ZN (OAI21D2BWP40P140)                             0.02       0.93 f
  U2778/ZN (AOI21D2BWP40P140)                             0.02       0.95 r
  U2809/ZN (OAI21D2BWP40P140)                             0.02       0.97 f
  U2840/ZN (AOI21D2BWP40P140)                             0.02       0.98 r
  U2868/ZN (OAI21D2BWP40P140)                             0.02       1.00 f
  U2896/ZN (AOI21D2BWP40P140)                             0.02       1.01 r
  U2922/ZN (OAI21D1BWP40P140)                             0.02       1.03 f
  U2947/ZN (AOI21D1BWP40P140)                             0.02       1.06 r
  U2970/ZN (OAI21D1BWP40P140)                             0.03       1.08 f
  U2993/ZN (AOI21D2BWP40P140)                             0.02       1.11 r
  U3013/ZN (OAI21OPTREPBD2BWP40P140)                      0.01       1.12 f
  U3033/ZN (AOI21D2BWP40P140)                             0.02       1.14 r
  U3051/ZN (OAI21D2BWP40P140)                             0.02       1.15 f
  U3068/ZN (AOI21D1BWP40P140)                             0.02       1.18 r
  U301/ZN (OAI21D2BWP40P140)                              0.02       1.19 f
  U3097/ZN (AOI21D2BWP40P140)                             0.02       1.21 r
  U3105/ZN (OAI21D1BWP40P140)                             0.02       1.23 f
  U3111/Z (AO21D1BWP40P140)                               0.03       1.26 f
  U7714/CO (FA1OPTCD2BWP40P140)                           0.02       1.28 f
  U7722/S (FA1OPTCD1BWP40P140)                            0.05       1.33 r
  U445/Z (MUX2D0BWP40P140)                                0.03       1.36 r
  u_core/u_mul/product_reg[62]/D (DFQD1BWP40P140)         0.00       1.36 r
  data arrival time                                                  1.36

  clock clk (rise edge)                                   1.43       1.43
  clock network delay (ideal)                             0.00       1.43
  clock uncertainty                                      -0.05       1.38
  u_core/u_mul/product_reg[62]/CP (DFQD1BWP40P140)        0.00       1.38 r
  library setup time                                     -0.02       1.36
  data required time                                                 1.36
  --------------------------------------------------------------------------
  data required time                                                 1.36
  data arrival time                                                 -1.36
  --------------------------------------------------------------------------
  slack (MET)                                                        0.00


  Startpoint: u_core/u_div/dividend_reg[31]
              (rising edge-triggered flip-flop clocked by clk)
  Endpoint: u_core/u_div/remainder_reg[21]
            (rising edge-triggered flip-flop clocked by clk)
  Path Group: clk
  Path Type: max

  Des/Clust/Port     Wire Load Model       Library
  ------------------------------------------------
  rfu                ZeroWireload          tcbn28hpcplusbwp40p140tt0p9v25c
  bp                 ZeroWireload          tcbn28hpcplusbwp40p140tt0p9v25c
  cpu_m1_top         ZeroWireload          tcbn28hpcplusbwp40p140tt0p9v25c

  Point                                                   Incr       Path
  --------------------------------------------------------------------------
  clock clk (rise edge)                                   0.00       0.00
  clock network delay (ideal)                             0.00       0.00
  u_core/u_div/dividend_reg[31]/CP (DFQD1BWP40P140)       0.00 #     0.00 r
  u_core/u_div/dividend_reg[31]/Q (DFQD1BWP40P140)        0.06       0.06 f
  U4404/ZN (NR2D1BWP40P140)                               0.02       0.08 r
  U4413/ZN (MAOI222D1BWP40P140)                           0.03       0.11 f
  U4414/ZN (INVD1BWP40P140)                               0.02       0.13 r
  U4416/ZN (OAI22OPTPBD2BWP40P140)                        0.02       0.15 f
  U4418/ZN (MAOI222D2BWP40P140)                           0.03       0.18 r
  U4420/ZN (MAOI222D1BWP40P140)                           0.04       0.22 f
  U4421/ZN (MAOI222D1BWP40P140)                           0.04       0.26 r
  U4423/ZN (MAOI222D1BWP40P140)                           0.04       0.30 f
  U4424/ZN (MAOI222D1BWP40P140)                           0.04       0.34 r
  U387/Z (AO21D1BWP40P140)                                0.03       0.37 r
  U4426/ZN (ND2OPTIBD2BWP40P140)                          0.02       0.39 f
  U4428/ZN (MAOI222D2BWP40P140)                           0.03       0.41 r
  U4430/ZN (MAOI222D1BWP40P140)                           0.04       0.45 f
  U4432/ZN (ND2OPTIBD1BWP40P140)                          0.02       0.47 r
  U4433/ZN (IOA22D2BWP40P140)                             0.03       0.50 r
  U4435/ZN (MAOI222D2BWP40P140)                           0.03       0.53 f
  U4436/ZN (MAOI222D1BWP40P140)                           0.04       0.57 r
  U4438/ZN (AOI21D1BWP40P140)                             0.02       0.59 f
  U4440/Z (OR2D2BWP40P140)                                0.03       0.61 f
  U4442/ZN (MAOI222D2BWP40P140)                           0.02       0.64 r
  U4444/ZN (MAOI222D1BWP40P140)                           0.04       0.68 f
  U4445/ZN (MAOI222D1BWP40P140)                           0.04       0.72 r
  U306/ZN (AOI21D1BWP40P140)                              0.02       0.74 f
  U4448/Z (OR2D2BWP40P140)                                0.03       0.76 f
  U4450/ZN (MAOI222D2BWP40P140)                           0.02       0.79 r
  U4452/ZN (MAOI222D1BWP40P140)                           0.05       0.83 f
  U304/ZN (CKND2D2BWP40P140)                              0.02       0.85 r
  U4454/ZN (INVD1BWP40P140)                               0.01       0.86 f
  U4455/ZN (OAI22OPTPBD2BWP40P140)                        0.01       0.88 r
  U4457/ZN (MAOI222D2BWP40P140)                           0.03       0.91 f
  U4458/ZN (MAOI222D1BWP40P140)                           0.04       0.95 r
  U4460/ZN (AOI21D1P5BWP40P140)                           0.01       0.96 f
  U4462/Z (OR2D2BWP40P140)                                0.03       0.99 f
  U4464/ZN (MAOI222D2BWP40P140)                           0.02       1.01 r
  U4466/ZN (MAOI222D1BWP40P140)                           0.04       1.05 f
  U4467/ZN (MAOI222D1BWP40P140)                           0.04       1.09 r
  U4469/ZN (MAOI222D1BWP40P140)                           0.04       1.13 f
  U4470/ZN (MAOI222D1BWP40P140)                           0.04       1.17 r
  U4471/ZN (INVD2BWP40P140)                               0.01       1.18 f
  U4473/ZN (MAOI222D1BWP40P140)                           0.03       1.21 r
  U4475/ZN (AOI21D1BWP40P140)                             0.02       1.23 f
  U4476/ZN (NR2OPTPAD2BWP40P140)                          0.02       1.25 r
  U4477/ZN (MUX2NOPTD4BWP40P140)                          0.02       1.27 r
  U9207/ZN (INVD4BWP40P140)                               0.02       1.29 f
  U9253/ZN (AOI221D1BWP40P140)                            0.03       1.32 r
  U9254/ZN (MUX2NUD1BWP40P140)                            0.01       1.34 f
  U9255/ZN (OAI22D0BWP40P140)                             0.02       1.36 r
  u_core/u_div/remainder_reg[21]/D (DFQD1BWP40P140)       0.00       1.36 r
  data arrival time                                                  1.36

  clock clk (rise edge)                                   1.43       1.43
  clock network delay (ideal)                             0.00       1.43
  clock uncertainty                                      -0.05       1.38
  u_core/u_div/remainder_reg[21]/CP (DFQD1BWP40P140)      0.00       1.38 r
  library setup time                                     -0.02       1.36
  data required time                                                 1.36
  --------------------------------------------------------------------------
  data required time                                                 1.36
  data arrival time                                                 -1.36
  --------------------------------------------------------------------------
  slack (MET)                                                        0.00


  Startpoint: u_core/u_mul/opa_r_reg[20]
              (rising edge-triggered flip-flop clocked by clk)
  Endpoint: u_core/u_mul/product_reg[62]
            (rising edge-triggered flip-flop clocked by clk)
  Path Group: clk
  Path Type: max

  Des/Clust/Port     Wire Load Model       Library
  ------------------------------------------------
  rfu                ZeroWireload          tcbn28hpcplusbwp40p140tt0p9v25c
  bp                 ZeroWireload          tcbn28hpcplusbwp40p140tt0p9v25c
  cpu_m1_top         ZeroWireload          tcbn28hpcplusbwp40p140tt0p9v25c

  Point                                                   Incr       Path
  --------------------------------------------------------------------------
  clock clk (rise edge)                                   0.00       0.00
  clock network delay (ideal)                             0.00       0.00
  u_core/u_mul/opa_r_reg[20]/CP (DFQD2BWP40P140)          0.00 #     0.00 r
  u_core/u_mul/opa_r_reg[20]/Q (DFQD2BWP40P140)           0.09       0.09 f
  U1252/ZN (XNR2UD1BWP40P140)                             0.04       0.13 f
  U1254/ZN (IND2D1BWP40P140)                              0.10       0.23 f
  U1743/ZN (OAI21D0P7BWP40P140)                           0.05       0.28 r
  U1744/Z (XOR2UD1BWP40P140)                              0.03       0.31 r
  U2131/CO (HA1D0BWP40P140)                               0.04       0.35 r
  U2172/CO (HA1D0BWP40P140)                               0.03       0.38 r
  U2204/CO (HA1D0BWP40P140)                               0.03       0.41 r
  U2221/S (FA1D1BWP40P140)                                0.06       0.48 f
  U2251/CO (FA1D1BWP40P140)                               0.04       0.52 f
  U2268/S (FA1D1BWP40P140)                                0.07       0.59 r
  U2273/S (FA1D1BWP40P140)                                0.06       0.65 f
  U2259/ZN (ND2OPTIBD1BWP40P140)                          0.01       0.66 r
  U2260/ZN (INVD1BWP40P140)                               0.01       0.67 f
  U2261/ZN (AOI21D1BWP40P140)                             0.02       0.69 r
  U2262/ZN (OAI21D1BWP40P140)                             0.02       0.71 f
  U2288/ZN (AOI21OPTREPBD1BWP40P140)                      0.02       0.73 r
  U2296/ZN (OAI21D1BWP40P140)                             0.02       0.75 f
  U2391/ZN (AOI21D1BWP40P140)                             0.03       0.77 r
  U2435/ZN (OAI21D2BWP40P140)                             0.02       0.79 f
  U2479/ZN (AOI21D2BWP40P140)                             0.02       0.81 r
  U2521/ZN (OAI21D2BWP40P140)                             0.02       0.82 f
  U2562/ZN (AOI21D2BWP40P140)                             0.02       0.84 r
  U2601/ZN (OAI21D2BWP40P140)                             0.02       0.86 f
  U2640/ZN (AOI21D2BWP40P140)                             0.02       0.87 r
  U2676/ZN (OAI21D2BWP40P140)                             0.01       0.89 f
  U418/ZN (AOI21D1BWP40P140)                              0.02       0.91 r
  U2745/ZN (OAI21D2BWP40P140)                             0.02       0.93 f
  U2778/ZN (AOI21D2BWP40P140)                             0.02       0.95 r
  U2809/ZN (OAI21D2BWP40P140)                             0.02       0.97 f
  U2840/ZN (AOI21D2BWP40P140)                             0.02       0.98 r
  U2868/ZN (OAI21D2BWP40P140)                             0.02       1.00 f
  U2896/ZN (AOI21D2BWP40P140)                             0.02       1.01 r
  U2922/ZN (OAI21D1BWP40P140)                             0.02       1.03 f
  U2947/ZN (AOI21D1BWP40P140)                             0.02       1.06 r
  U2970/ZN (OAI21D1BWP40P140)                             0.03       1.08 f
  U2993/ZN (AOI21D2BWP40P140)                             0.02       1.11 r
  U3013/ZN (OAI21OPTREPBD2BWP40P140)                      0.01       1.12 f
  U3033/ZN (AOI21D2BWP40P140)                             0.02       1.14 r
  U3051/ZN (OAI21D2BWP40P140)                             0.02       1.15 f
  U3068/ZN (AOI21D1BWP40P140)                             0.02       1.18 r
  U301/ZN (OAI21D2BWP40P140)                              0.02       1.19 f
  U3097/ZN (AOI21D2BWP40P140)                             0.02       1.21 r
  U3105/ZN (OAI21D1BWP40P140)                             0.02       1.23 f
  U3111/Z (AO21D1BWP40P140)                               0.03       1.26 f
  U7714/CO (FA1OPTCD2BWP40P140)                           0.02       1.28 f
  U7722/S (FA1OPTCD1BWP40P140)                            0.05       1.33 r
  U445/Z (MUX2D0BWP40P140)                                0.03       1.36 r
  u_core/u_mul/product_reg[62]/D (DFQD1BWP40P140)         0.00       1.36 r
  data arrival time                                                  1.36

  clock clk (rise edge)                                   1.43       1.43
  clock network delay (ideal)                             0.00       1.43
  clock uncertainty                                      -0.05       1.38
  u_core/u_mul/product_reg[62]/CP (DFQD1BWP40P140)        0.00       1.38 r
  library setup time                                     -0.02       1.36
  data required time                                                 1.36
  --------------------------------------------------------------------------
  data required time                                                 1.36
  data arrival time                                                 -1.36
  --------------------------------------------------------------------------
  slack (MET)                                                        0.00


  Startpoint: u_core/u_mul/opa_r_reg[20]
              (rising edge-triggered flip-flop clocked by clk)
  Endpoint: u_core/u_mul/product_reg[62]
            (rising edge-triggered flip-flop clocked by clk)
  Path Group: clk
  Path Type: max

  Des/Clust/Port     Wire Load Model       Library
  ------------------------------------------------
  rfu                ZeroWireload          tcbn28hpcplusbwp40p140tt0p9v25c
  bp                 ZeroWireload          tcbn28hpcplusbwp40p140tt0p9v25c
  cpu_m1_top         ZeroWireload          tcbn28hpcplusbwp40p140tt0p9v25c

  Point                                                   Incr       Path
  --------------------------------------------------------------------------
  clock clk (rise edge)                                   0.00       0.00
  clock network delay (ideal)                             0.00       0.00
  u_core/u_mul/opa_r_reg[20]/CP (DFQD2BWP40P140)          0.00 #     0.00 r
  u_core/u_mul/opa_r_reg[20]/Q (DFQD2BWP40P140)           0.09       0.09 f
  U1252/ZN (XNR2UD1BWP40P140)                             0.04       0.13 f
  U1254/ZN (IND2D1BWP40P140)                              0.10       0.23 f
  U1743/ZN (OAI21D0P7BWP40P140)                           0.05       0.28 r
  U1744/Z (XOR2UD1BWP40P140)                              0.03       0.31 r
  U2131/CO (HA1D0BWP40P140)                               0.04       0.35 r
  U2172/CO (HA1D0BWP40P140)                               0.03       0.38 r
  U2204/CO (HA1D0BWP40P140)                               0.03       0.41 r
  U2221/S (FA1D1BWP40P140)                                0.06       0.48 f
  U2251/CO (FA1D1BWP40P140)                               0.04       0.52 f
  U2268/S (FA1D1BWP40P140)                                0.07       0.59 r
  U2273/S (FA1D1BWP40P140)                                0.06       0.65 f
  U2259/ZN (ND2OPTIBD1BWP40P140)                          0.01       0.66 r
  U2260/ZN (INVD1BWP40P140)                               0.01       0.67 f
  U2261/ZN (AOI21D1BWP40P140)                             0.02       0.69 r
  U2262/ZN (OAI21D1BWP40P140)                             0.02       0.71 f
  U2288/ZN (AOI21OPTREPBD1BWP40P140)                      0.02       0.73 r
  U2296/ZN (OAI21D1BWP40P140)                             0.02       0.75 f
  U2391/ZN (AOI21D1BWP40P140)                             0.03       0.77 r
  U2435/ZN (OAI21D2BWP40P140)                             0.02       0.79 f
  U2479/ZN (AOI21D2BWP40P140)                             0.02       0.81 r
  U2521/ZN (OAI21D2BWP40P140)                             0.02       0.82 f
  U2562/ZN (AOI21D2BWP40P140)                             0.02       0.84 r
  U2601/ZN (OAI21D2BWP40P140)                             0.02       0.86 f
  U2640/ZN (AOI21D2BWP40P140)                             0.02       0.87 r
  U2676/ZN (OAI21D2BWP40P140)                             0.01       0.89 f
  U418/ZN (AOI21D1BWP40P140)                              0.02       0.91 r
  U2745/ZN (OAI21D2BWP40P140)                             0.02       0.93 f
  U2778/ZN (AOI21D2BWP40P140)                             0.02       0.95 r
  U2809/ZN (OAI21D2BWP40P140)                             0.02       0.97 f
  U2840/ZN (AOI21D2BWP40P140)                             0.02       0.98 r
  U2868/ZN (OAI21D2BWP40P140)                             0.02       1.00 f
  U2896/ZN (AOI21D2BWP40P140)                             0.02       1.01 r
  U2922/ZN (OAI21D1BWP40P140)                             0.02       1.03 f
  U2947/ZN (AOI21D1BWP40P140)                             0.02       1.06 r
  U2970/ZN (OAI21D1BWP40P140)                             0.03       1.08 f
  U2993/ZN (AOI21D2BWP40P140)                             0.02       1.11 r
  U3013/ZN (OAI21OPTREPBD2BWP40P140)                      0.01       1.12 f
  U3033/ZN (AOI21D2BWP40P140)                             0.02       1.14 r
  U3051/ZN (OAI21D2BWP40P140)                             0.02       1.15 f
  U3068/ZN (AOI21D1BWP40P140)                             0.02       1.18 r
  U301/ZN (OAI21D2BWP40P140)                              0.02       1.19 f
  U3097/ZN (AOI21D2BWP40P140)                             0.02       1.21 r
  U3105/ZN (OAI21D1BWP40P140)                             0.02       1.23 f
  U3111/Z (AO21D1BWP40P140)                               0.03       1.26 f
  U7714/CO (FA1OPTCD2BWP40P140)                           0.02       1.28 f
  U7722/S (FA1OPTCD1BWP40P140)                            0.05       1.33 r
  U445/Z (MUX2D0BWP40P140)                                0.03       1.36 r
  u_core/u_mul/product_reg[62]/D (DFQD1BWP40P140)         0.00       1.36 r
  data arrival time                                                  1.36

  clock clk (rise edge)                                   1.43       1.43
  clock network delay (ideal)                             0.00       1.43
  clock uncertainty                                      -0.05       1.38
  u_core/u_mul/product_reg[62]/CP (DFQD1BWP40P140)        0.00       1.38 r
  library setup time                                     -0.02       1.36
  data required time                                                 1.36
  --------------------------------------------------------------------------
  data required time                                                 1.36
  data arrival time                                                 -1.36
  --------------------------------------------------------------------------
  slack (MET)                                                        0.00


  Startpoint: u_core/u_div/dividend_reg[31]
              (rising edge-triggered flip-flop clocked by clk)
  Endpoint: u_core/u_div/remainder_reg[21]
            (rising edge-triggered flip-flop clocked by clk)
  Path Group: clk
  Path Type: max

  Des/Clust/Port     Wire Load Model       Library
  ------------------------------------------------
  rfu                ZeroWireload          tcbn28hpcplusbwp40p140tt0p9v25c
  bp                 ZeroWireload          tcbn28hpcplusbwp40p140tt0p9v25c
  cpu_m1_top         ZeroWireload          tcbn28hpcplusbwp40p140tt0p9v25c

  Point                                                   Incr       Path
  --------------------------------------------------------------------------
  clock clk (rise edge)                                   0.00       0.00
  clock network delay (ideal)                             0.00       0.00
  u_core/u_div/dividend_reg[31]/CP (DFQD1BWP40P140)       0.00 #     0.00 r
  u_core/u_div/dividend_reg[31]/Q (DFQD1BWP40P140)        0.06       0.06 f
  U4404/ZN (NR2D1BWP40P140)                               0.02       0.08 r
  U4413/ZN (MAOI222D1BWP40P140)                           0.03       0.11 f
  U4414/ZN (INVD1BWP40P140)                               0.02       0.13 r
  U4416/ZN (OAI22OPTPBD2BWP40P140)                        0.02       0.15 f
  U4418/ZN (MAOI222D2BWP40P140)                           0.03       0.18 r
  U4420/ZN (MAOI222D1BWP40P140)                           0.04       0.22 f
  U4421/ZN (MAOI222D1BWP40P140)                           0.04       0.26 r
  U4423/ZN (MAOI222D1BWP40P140)                           0.04       0.30 f
  U4424/ZN (MAOI222D1BWP40P140)                           0.04       0.34 r
  U387/Z (AO21D1BWP40P140)                                0.03       0.37 r
  U4426/ZN (ND2OPTIBD2BWP40P140)                          0.02       0.39 f
  U4428/ZN (MAOI222D2BWP40P140)                           0.03       0.41 r
  U4430/ZN (MAOI222D1BWP40P140)                           0.04       0.45 f
  U4432/ZN (ND2OPTIBD1BWP40P140)                          0.02       0.47 r
  U4433/ZN (IOA22D2BWP40P140)                             0.03       0.50 r
  U4435/ZN (MAOI222D2BWP40P140)                           0.03       0.53 f
  U4436/ZN (MAOI222D1BWP40P140)                           0.04       0.57 r
  U4438/ZN (AOI21D1BWP40P140)                             0.02       0.59 f
  U4440/Z (OR2D2BWP40P140)                                0.03       0.61 f
  U4442/ZN (MAOI222D2BWP40P140)                           0.02       0.64 r
  U4444/ZN (MAOI222D1BWP40P140)                           0.04       0.68 f
  U4445/ZN (MAOI222D1BWP40P140)                           0.04       0.72 r
  U306/ZN (AOI21D1BWP40P140)                              0.02       0.74 f
  U4448/Z (OR2D2BWP40P140)                                0.03       0.76 f
  U4450/ZN (MAOI222D2BWP40P140)                           0.02       0.79 r
  U4452/ZN (MAOI222D1BWP40P140)                           0.05       0.83 f
  U304/ZN (CKND2D2BWP40P140)                              0.02       0.85 r
  U4454/ZN (INVD1BWP40P140)                               0.01       0.86 f
  U4455/ZN (OAI22OPTPBD2BWP40P140)                        0.01       0.88 r
  U4457/ZN (MAOI222D2BWP40P140)                           0.03       0.91 f
  U4458/ZN (MAOI222D1BWP40P140)                           0.04       0.95 r
  U4460/ZN (AOI21D1P5BWP40P140)                           0.01       0.96 f
  U4462/Z (OR2D2BWP40P140)                                0.03       0.99 f
  U4464/ZN (MAOI222D2BWP40P140)                           0.02       1.01 r
  U4466/ZN (MAOI222D1BWP40P140)                           0.04       1.05 f
  U4467/ZN (MAOI222D1BWP40P140)                           0.04       1.09 r
  U4469/ZN (MAOI222D1BWP40P140)                           0.04       1.13 f
  U4470/ZN (MAOI222D1BWP40P140)                           0.04       1.17 r
  U4471/ZN (INVD2BWP40P140)                               0.01       1.18 f
  U4473/ZN (MAOI222D1BWP40P140)                           0.03       1.21 r
  U4475/ZN (AOI21D1BWP40P140)                             0.02       1.23 f
  U4476/ZN (NR2OPTPAD2BWP40P140)                          0.02       1.25 r
  U4477/ZN (MUX2NOPTD4BWP40P140)                          0.02       1.27 r
  U9207/ZN (INVD4BWP40P140)                               0.02       1.29 f
  U9253/ZN (AOI221D1BWP40P140)                            0.03       1.32 r
  U9254/ZN (MUX2NUD1BWP40P140)                            0.01       1.34 f
  U9255/ZN (OAI22D0BWP40P140)                             0.02       1.36 r
  u_core/u_div/remainder_reg[21]/D (DFQD1BWP40P140)       0.00       1.36 r
  data arrival time                                                  1.36

  clock clk (rise edge)                                   1.43       1.43
  clock network delay (ideal)                             0.00       1.43
  clock uncertainty                                      -0.05       1.38
  u_core/u_div/remainder_reg[21]/CP (DFQD1BWP40P140)      0.00       1.38 r
  library setup time                                     -0.02       1.36
  data required time                                                 1.36
  --------------------------------------------------------------------------
  data required time                                                 1.36
  data arrival time                                                 -1.36
  --------------------------------------------------------------------------
  slack (MET)                                                        0.00


  Startpoint: u_core/u_div/dividend_reg[31]
              (rising edge-triggered flip-flop clocked by clk)
  Endpoint: u_core/u_div/remainder_reg[21]
            (rising edge-triggered flip-flop clocked by clk)
  Path Group: clk
  Path Type: max

  Des/Clust/Port     Wire Load Model       Library
  ------------------------------------------------
  rfu                ZeroWireload          tcbn28hpcplusbwp40p140tt0p9v25c
  bp                 ZeroWireload          tcbn28hpcplusbwp40p140tt0p9v25c
  cpu_m1_top         ZeroWireload          tcbn28hpcplusbwp40p140tt0p9v25c

  Point                                                   Incr       Path
  --------------------------------------------------------------------------
  clock clk (rise edge)                                   0.00       0.00
  clock network delay (ideal)                             0.00       0.00
  u_core/u_div/dividend_reg[31]/CP (DFQD1BWP40P140)       0.00 #     0.00 r
  u_core/u_div/dividend_reg[31]/Q (DFQD1BWP40P140)        0.06       0.06 f
  U4404/ZN (NR2D1BWP40P140)                               0.02       0.08 r
  U4413/ZN (MAOI222D1BWP40P140)                           0.03       0.11 f
  U4414/ZN (INVD1BWP40P140)                               0.02       0.13 r
  U4416/ZN (OAI22OPTPBD2BWP40P140)                        0.02       0.15 f
  U4418/ZN (MAOI222D2BWP40P140)                           0.03       0.18 r
  U4420/ZN (MAOI222D1BWP40P140)                           0.04       0.22 f
  U4421/ZN (MAOI222D1BWP40P140)                           0.04       0.26 r
  U4423/ZN (MAOI222D1BWP40P140)                           0.04       0.30 f
  U4424/ZN (MAOI222D1BWP40P140)                           0.04       0.34 r
  U387/Z (AO21D1BWP40P140)                                0.03       0.37 r
  U4426/ZN (ND2OPTIBD2BWP40P140)                          0.02       0.39 f
  U4428/ZN (MAOI222D2BWP40P140)                           0.03       0.41 r
  U4430/ZN (MAOI222D1BWP40P140)                           0.04       0.45 f
  U4432/ZN (ND2OPTIBD1BWP40P140)                          0.02       0.47 r
  U4433/ZN (IOA22D2BWP40P140)                             0.03       0.50 r
  U4435/ZN (MAOI222D2BWP40P140)                           0.03       0.53 f
  U4436/ZN (MAOI222D1BWP40P140)                           0.04       0.57 r
  U4438/ZN (AOI21D1BWP40P140)                             0.02       0.59 f
  U4440/Z (OR2D2BWP40P140)                                0.03       0.61 f
  U4442/ZN (MAOI222D2BWP40P140)                           0.02       0.64 r
  U4444/ZN (MAOI222D1BWP40P140)                           0.04       0.68 f
  U4445/ZN (MAOI222D1BWP40P140)                           0.04       0.72 r
  U306/ZN (AOI21D1BWP40P140)                              0.02       0.74 f
  U4448/Z (OR2D2BWP40P140)                                0.03       0.76 f
  U4450/ZN (MAOI222D2BWP40P140)                           0.02       0.79 r
  U4452/ZN (MAOI222D1BWP40P140)                           0.05       0.83 f
  U304/ZN (CKND2D2BWP40P140)                              0.02       0.85 r
  U4454/ZN (INVD1BWP40P140)                               0.01       0.86 f
  U4455/ZN (OAI22OPTPBD2BWP40P140)                        0.01       0.88 r
  U4457/ZN (MAOI222D2BWP40P140)                           0.03       0.91 f
  U4458/ZN (MAOI222D1BWP40P140)                           0.04       0.95 r
  U4460/ZN (AOI21D1P5BWP40P140)                           0.01       0.96 f
  U4462/Z (OR2D2BWP40P140)                                0.03       0.99 f
  U4464/ZN (MAOI222D2BWP40P140)                           0.02       1.01 r
  U4466/ZN (MAOI222D1BWP40P140)                           0.04       1.05 f
  U4467/ZN (MAOI222D1BWP40P140)                           0.04       1.09 r
  U4469/ZN (MAOI222D1BWP40P140)                           0.04       1.13 f
  U4470/ZN (MAOI222D1BWP40P140)                           0.04       1.17 r
  U4471/ZN (INVD2BWP40P140)                               0.01       1.18 f
  U4473/ZN (MAOI222D1BWP40P140)                           0.03       1.21 r
  U4475/ZN (AOI21D1BWP40P140)                             0.02       1.23 f
  U4476/ZN (NR2OPTPAD2BWP40P140)                          0.02       1.25 r
  U4477/ZN (MUX2NOPTD4BWP40P140)                          0.02       1.27 r
  U9207/ZN (INVD4BWP40P140)                               0.02       1.29 f
  U9253/ZN (AOI221D1BWP40P140)                            0.03       1.32 r
  U9254/ZN (MUX2NUD1BWP40P140)                            0.01       1.34 f
  U9255/ZN (OAI22D0BWP40P140)                             0.02       1.36 r
  u_core/u_div/remainder_reg[21]/D (DFQD1BWP40P140)       0.00       1.36 r
  data arrival time                                                  1.36

  clock clk (rise edge)                                   1.43       1.43
  clock network delay (ideal)                             0.00       1.43
  clock uncertainty                                      -0.05       1.38
  u_core/u_div/remainder_reg[21]/CP (DFQD1BWP40P140)      0.00       1.38 r
  library setup time                                     -0.02       1.36
  data required time                                                 1.36
  --------------------------------------------------------------------------
  data required time                                                 1.36
  data arrival time                                                 -1.36
  --------------------------------------------------------------------------
  slack (MET)                                                        0.00


  Startpoint: u_core/u_div/dividend_reg[31]
              (rising edge-triggered flip-flop clocked by clk)
  Endpoint: u_core/u_div/remainder_reg[25]
            (rising edge-triggered flip-flop clocked by clk)
  Path Group: clk
  Path Type: max

  Des/Clust/Port     Wire Load Model       Library
  ------------------------------------------------
  rfu                ZeroWireload          tcbn28hpcplusbwp40p140tt0p9v25c
  bp                 ZeroWireload          tcbn28hpcplusbwp40p140tt0p9v25c
  cpu_m1_top         ZeroWireload          tcbn28hpcplusbwp40p140tt0p9v25c

  Point                                                   Incr       Path
  --------------------------------------------------------------------------
  clock clk (rise edge)                                   0.00       0.00
  clock network delay (ideal)                             0.00       0.00
  u_core/u_div/dividend_reg[31]/CP (DFQD1BWP40P140)       0.00 #     0.00 r
  u_core/u_div/dividend_reg[31]/Q (DFQD1BWP40P140)        0.06       0.06 f
  U4404/ZN (NR2D1BWP40P140)                               0.02       0.08 r
  U4413/ZN (MAOI222D1BWP40P140)                           0.03       0.11 f
  U4414/ZN (INVD1BWP40P140)                               0.02       0.13 r
  U4416/ZN (OAI22OPTPBD2BWP40P140)                        0.02       0.15 f
  U4418/ZN (MAOI222D2BWP40P140)                           0.03       0.18 r
  U4420/ZN (MAOI222D1BWP40P140)                           0.04       0.22 f
  U4421/ZN (MAOI222D1BWP40P140)                           0.04       0.26 r
  U4423/ZN (MAOI222D1BWP40P140)                           0.04       0.30 f
  U4424/ZN (MAOI222D1BWP40P140)                           0.04       0.34 r
  U387/Z (AO21D1BWP40P140)                                0.03       0.37 r
  U4426/ZN (ND2OPTIBD2BWP40P140)                          0.02       0.39 f
  U4428/ZN (MAOI222D2BWP40P140)                           0.03       0.41 r
  U4430/ZN (MAOI222D1BWP40P140)                           0.04       0.45 f
  U4432/ZN (ND2OPTIBD1BWP40P140)                          0.02       0.47 r
  U4433/ZN (IOA22D2BWP40P140)                             0.03       0.50 r
  U4435/ZN (MAOI222D2BWP40P140)                           0.03       0.53 f
  U4436/ZN (MAOI222D1BWP40P140)                           0.04       0.57 r
  U4438/ZN (AOI21D1BWP40P140)                             0.02       0.59 f
  U4440/Z (OR2D2BWP40P140)                                0.03       0.61 f
  U4442/ZN (MAOI222D2BWP40P140)                           0.02       0.64 r
  U4444/ZN (MAOI222D1BWP40P140)                           0.04       0.68 f
  U4445/ZN (MAOI222D1BWP40P140)                           0.04       0.72 r
  U306/ZN (AOI21D1BWP40P140)                              0.02       0.74 f
  U4448/Z (OR2D2BWP40P140)                                0.03       0.76 f
  U4450/ZN (MAOI222D2BWP40P140)                           0.02       0.79 r
  U4452/ZN (MAOI222D1BWP40P140)                           0.05       0.83 f
  U304/ZN (CKND2D2BWP40P140)                              0.02       0.85 r
  U4454/ZN (INVD1BWP40P140)                               0.01       0.86 f
  U4455/ZN (OAI22OPTPBD2BWP40P140)                        0.01       0.88 r
  U4457/ZN (MAOI222D2BWP40P140)                           0.03       0.91 f
  U4458/ZN (MAOI222D1BWP40P140)                           0.04       0.95 r
  U4460/ZN (AOI21D1P5BWP40P140)                           0.01       0.96 f
  U4462/Z (OR2D2BWP40P140)                                0.03       0.99 f
  U4464/ZN (MAOI222D2BWP40P140)                           0.02       1.01 r
  U4466/ZN (MAOI222D1BWP40P140)                           0.04       1.05 f
  U4467/ZN (MAOI222D1BWP40P140)                           0.04       1.09 r
  U4469/ZN (MAOI222D1BWP40P140)                           0.04       1.13 f
  U4470/ZN (MAOI222D1BWP40P140)                           0.04       1.17 r
  U4471/ZN (INVD2BWP40P140)                               0.01       1.18 f
  U4473/ZN (MAOI222D1BWP40P140)                           0.03       1.21 r
  U4475/ZN (AOI21D1BWP40P140)                             0.02       1.23 f
  U4476/ZN (NR2OPTPAD2BWP40P140)                          0.02       1.25 r
  U4477/ZN (MUX2NOPTD4BWP40P140)                          0.02       1.27 r
  U9207/ZN (INVD4BWP40P140)                               0.02       1.29 f
  U9233/ZN (AOI221D1BWP40P140)                            0.03       1.32 r
  U9234/ZN (MUX2NUD1BWP40P140)                            0.01       1.34 f
  U9235/ZN (OAI22D0BWP40P140)                             0.02       1.36 r
  u_core/u_div/remainder_reg[25]/D (DFQD1BWP40P140)       0.00       1.36 r
  data arrival time                                                  1.36

  clock clk (rise edge)                                   1.43       1.43
  clock network delay (ideal)                             0.00       1.43
  clock uncertainty                                      -0.05       1.38
  u_core/u_div/remainder_reg[25]/CP (DFQD1BWP40P140)      0.00       1.38 r
  library setup time                                     -0.02       1.36
  data required time                                                 1.36
  --------------------------------------------------------------------------
  data required time                                                 1.36
  data arrival time                                                 -1.36
  --------------------------------------------------------------------------
  slack (MET)                                                        0.00


  Startpoint: u_core/u_div/dividend_reg[31]
              (rising edge-triggered flip-flop clocked by clk)
  Endpoint: u_core/u_div/remainder_reg[19]
            (rising edge-triggered flip-flop clocked by clk)
  Path Group: clk
  Path Type: max

  Des/Clust/Port     Wire Load Model       Library
  ------------------------------------------------
  rfu                ZeroWireload          tcbn28hpcplusbwp40p140tt0p9v25c
  bp                 ZeroWireload          tcbn28hpcplusbwp40p140tt0p9v25c
  cpu_m1_top         ZeroWireload          tcbn28hpcplusbwp40p140tt0p9v25c

  Point                                                   Incr       Path
  --------------------------------------------------------------------------
  clock clk (rise edge)                                   0.00       0.00
  clock network delay (ideal)                             0.00       0.00
  u_core/u_div/dividend_reg[31]/CP (DFQD1BWP40P140)       0.00 #     0.00 r
  u_core/u_div/dividend_reg[31]/Q (DFQD1BWP40P140)        0.06       0.06 f
  U4404/ZN (NR2D1BWP40P140)                               0.02       0.08 r
  U4413/ZN (MAOI222D1BWP40P140)                           0.03       0.11 f
  U4414/ZN (INVD1BWP40P140)                               0.02       0.13 r
  U4416/ZN (OAI22OPTPBD2BWP40P140)                        0.02       0.15 f
  U4418/ZN (MAOI222D2BWP40P140)                           0.03       0.18 r
  U4420/ZN (MAOI222D1BWP40P140)                           0.04       0.22 f
  U4421/ZN (MAOI222D1BWP40P140)                           0.04       0.26 r
  U4423/ZN (MAOI222D1BWP40P140)                           0.04       0.30 f
  U4424/ZN (MAOI222D1BWP40P140)                           0.04       0.34 r
  U387/Z (AO21D1BWP40P140)                                0.03       0.37 r
  U4426/ZN (ND2OPTIBD2BWP40P140)                          0.02       0.39 f
  U4428/ZN (MAOI222D2BWP40P140)                           0.03       0.41 r
  U4430/ZN (MAOI222D1BWP40P140)                           0.04       0.45 f
  U4432/ZN (ND2OPTIBD1BWP40P140)                          0.02       0.47 r
  U4433/ZN (IOA22D2BWP40P140)                             0.03       0.50 r
  U4435/ZN (MAOI222D2BWP40P140)                           0.03       0.53 f
  U4436/ZN (MAOI222D1BWP40P140)                           0.04       0.57 r
  U4438/ZN (AOI21D1BWP40P140)                             0.02       0.59 f
  U4440/Z (OR2D2BWP40P140)                                0.03       0.61 f
  U4442/ZN (MAOI222D2BWP40P140)                           0.02       0.64 r
  U4444/ZN (MAOI222D1BWP40P140)                           0.04       0.68 f
  U4445/ZN (MAOI222D1BWP40P140)                           0.04       0.72 r
  U306/ZN (AOI21D1BWP40P140)                              0.02       0.74 f
  U4448/Z (OR2D2BWP40P140)                                0.03       0.76 f
  U4450/ZN (MAOI222D2BWP40P140)                           0.02       0.79 r
  U4452/ZN (MAOI222D1BWP40P140)                           0.05       0.83 f
  U304/ZN (CKND2D2BWP40P140)                              0.02       0.85 r
  U4454/ZN (INVD1BWP40P140)                               0.01       0.86 f
  U4455/ZN (OAI22OPTPBD2BWP40P140)                        0.01       0.88 r
  U4457/ZN (MAOI222D2BWP40P140)                           0.03       0.91 f
  U4458/ZN (MAOI222D1BWP40P140)                           0.04       0.95 r
  U4460/ZN (AOI21D1P5BWP40P140)                           0.01       0.96 f
  U4462/Z (OR2D2BWP40P140)                                0.03       0.99 f
  U4464/ZN (MAOI222D2BWP40P140)                           0.02       1.01 r
  U4466/ZN (MAOI222D1BWP40P140)                           0.04       1.05 f
  U4467/ZN (MAOI222D1BWP40P140)                           0.04       1.09 r
  U4469/ZN (MAOI222D1BWP40P140)                           0.04       1.13 f
  U4470/ZN (MAOI222D1BWP40P140)                           0.04       1.17 r
  U4471/ZN (INVD2BWP40P140)                               0.01       1.18 f
  U4473/ZN (MAOI222D1BWP40P140)                           0.03       1.21 r
  U4475/ZN (AOI21D1BWP40P140)                             0.02       1.23 f
  U4476/ZN (NR2OPTPAD2BWP40P140)                          0.02       1.25 r
  U4477/ZN (MUX2NOPTD4BWP40P140)                          0.02       1.27 r
  U9207/ZN (INVD4BWP40P140)                               0.02       1.29 f
  U9263/ZN (AOI221D1BWP40P140)                            0.03       1.32 r
  U9264/ZN (MUX2NUD1BWP40P140)                            0.01       1.34 f
  U9265/ZN (OAI22D0BWP40P140)                             0.02       1.36 r
  u_core/u_div/remainder_reg[19]/D (DFQD1BWP40P140)       0.00       1.36 r
  data arrival time                                                  1.36

  clock clk (rise edge)                                   1.43       1.43
  clock network delay (ideal)                             0.00       1.43
  clock uncertainty                                      -0.05       1.38
  u_core/u_div/remainder_reg[19]/CP (DFQD1BWP40P140)      0.00       1.38 r
  library setup time                                     -0.02       1.36
  data required time                                                 1.36
  --------------------------------------------------------------------------
  data required time                                                 1.36
  data arrival time                                                 -1.36
  --------------------------------------------------------------------------
  slack (MET)                                                        0.00


  Startpoint: u_core/u_div/dividend_reg[31]
              (rising edge-triggered flip-flop clocked by clk)
  Endpoint: u_core/u_div/remainder_reg[15]
            (rising edge-triggered flip-flop clocked by clk)
  Path Group: clk
  Path Type: max

  Des/Clust/Port     Wire Load Model       Library
  ------------------------------------------------
  rfu                ZeroWireload          tcbn28hpcplusbwp40p140tt0p9v25c
  bp                 ZeroWireload          tcbn28hpcplusbwp40p140tt0p9v25c
  cpu_m1_top         ZeroWireload          tcbn28hpcplusbwp40p140tt0p9v25c

  Point                                                   Incr       Path
  --------------------------------------------------------------------------
  clock clk (rise edge)                                   0.00       0.00
  clock network delay (ideal)                             0.00       0.00
  u_core/u_div/dividend_reg[31]/CP (DFQD1BWP40P140)       0.00 #     0.00 r
  u_core/u_div/dividend_reg[31]/Q (DFQD1BWP40P140)        0.06       0.06 f
  U4404/ZN (NR2D1BWP40P140)                               0.02       0.08 r
  U4413/ZN (MAOI222D1BWP40P140)                           0.03       0.11 f
  U4414/ZN (INVD1BWP40P140)                               0.02       0.13 r
  U4416/ZN (OAI22OPTPBD2BWP40P140)                        0.02       0.15 f
  U4418/ZN (MAOI222D2BWP40P140)                           0.03       0.18 r
  U4420/ZN (MAOI222D1BWP40P140)                           0.04       0.22 f
  U4421/ZN (MAOI222D1BWP40P140)                           0.04       0.26 r
  U4423/ZN (MAOI222D1BWP40P140)                           0.04       0.30 f
  U4424/ZN (MAOI222D1BWP40P140)                           0.04       0.34 r
  U387/Z (AO21D1BWP40P140)                                0.03       0.37 r
  U4426/ZN (ND2OPTIBD2BWP40P140)                          0.02       0.39 f
  U4428/ZN (MAOI222D2BWP40P140)                           0.03       0.41 r
  U4430/ZN (MAOI222D1BWP40P140)                           0.04       0.45 f
  U4432/ZN (ND2OPTIBD1BWP40P140)                          0.02       0.47 r
  U4433/ZN (IOA22D2BWP40P140)                             0.03       0.50 r
  U4435/ZN (MAOI222D2BWP40P140)                           0.03       0.53 f
  U4436/ZN (MAOI222D1BWP40P140)                           0.04       0.57 r
  U4438/ZN (AOI21D1BWP40P140)                             0.02       0.59 f
  U4440/Z (OR2D2BWP40P140)                                0.03       0.61 f
  U4442/ZN (MAOI222D2BWP40P140)                           0.02       0.64 r
  U4444/ZN (MAOI222D1BWP40P140)                           0.04       0.68 f
  U4445/ZN (MAOI222D1BWP40P140)                           0.04       0.72 r
  U306/ZN (AOI21D1BWP40P140)                              0.02       0.74 f
  U4448/Z (OR2D2BWP40P140)                                0.03       0.76 f
  U4450/ZN (MAOI222D2BWP40P140)                           0.02       0.79 r
  U4452/ZN (MAOI222D1BWP40P140)                           0.05       0.83 f
  U304/ZN (CKND2D2BWP40P140)                              0.02       0.85 r
  U4454/ZN (INVD1BWP40P140)                               0.01       0.86 f
  U4455/ZN (OAI22OPTPBD2BWP40P140)                        0.01       0.88 r
  U4457/ZN (MAOI222D2BWP40P140)                           0.03       0.91 f
  U4458/ZN (MAOI222D1BWP40P140)                           0.04       0.95 r
  U4460/ZN (AOI21D1P5BWP40P140)                           0.01       0.96 f
  U4462/Z (OR2D2BWP40P140)                                0.03       0.99 f
  U4464/ZN (MAOI222D2BWP40P140)                           0.02       1.01 r
  U4466/ZN (MAOI222D1BWP40P140)                           0.04       1.05 f
  U4467/ZN (MAOI222D1BWP40P140)                           0.04       1.09 r
  U4469/ZN (MAOI222D1BWP40P140)                           0.04       1.13 f
  U4470/ZN (MAOI222D1BWP40P140)                           0.04       1.17 r
  U4471/ZN (INVD2BWP40P140)                               0.01       1.18 f
  U4473/ZN (MAOI222D1BWP40P140)                           0.03       1.21 r
  U4475/ZN (AOI21D1BWP40P140)                             0.02       1.23 f
  U4476/ZN (NR2OPTPAD2BWP40P140)                          0.02       1.25 r
  U4477/ZN (MUX2NOPTD4BWP40P140)                          0.02       1.27 r
  U9207/ZN (INVD4BWP40P140)                               0.02       1.29 f
  U9283/ZN (AOI221D1BWP40P140)                            0.03       1.32 r
  U9284/ZN (MUX2NUD1BWP40P140)                            0.01       1.34 f
  U9285/ZN (OAI22D0BWP40P140)                             0.02       1.36 r
  u_core/u_div/remainder_reg[15]/D (DFQD1BWP40P140)       0.00       1.36 r
  data arrival time                                                  1.36

  clock clk (rise edge)                                   1.43       1.43
  clock network delay (ideal)                             0.00       1.43
  clock uncertainty                                      -0.05       1.38
  u_core/u_div/remainder_reg[15]/CP (DFQD1BWP40P140)      0.00       1.38 r
  library setup time                                     -0.02       1.36
  data required time                                                 1.36
  --------------------------------------------------------------------------
  data required time                                                 1.36
  data arrival time                                                 -1.36
  --------------------------------------------------------------------------
  slack (MET)                                                        0.00


  Startpoint: u_core/u_div/dividend_reg[31]
              (rising edge-triggered flip-flop clocked by clk)
  Endpoint: u_core/u_div/remainder_reg[9]
            (rising edge-triggered flip-flop clocked by clk)
  Path Group: clk
  Path Type: max

  Des/Clust/Port     Wire Load Model       Library
  ------------------------------------------------
  rfu                ZeroWireload          tcbn28hpcplusbwp40p140tt0p9v25c
  bp                 ZeroWireload          tcbn28hpcplusbwp40p140tt0p9v25c
  cpu_m1_top         ZeroWireload          tcbn28hpcplusbwp40p140tt0p9v25c

  Point                                                   Incr       Path
  --------------------------------------------------------------------------
  clock clk (rise edge)                                   0.00       0.00
  clock network delay (ideal)                             0.00       0.00
  u_core/u_div/dividend_reg[31]/CP (DFQD1BWP40P140)       0.00 #     0.00 r
  u_core/u_div/dividend_reg[31]/Q (DFQD1BWP40P140)        0.06       0.06 f
  U4404/ZN (NR2D1BWP40P140)                               0.02       0.08 r
  U4413/ZN (MAOI222D1BWP40P140)                           0.03       0.11 f
  U4414/ZN (INVD1BWP40P140)                               0.02       0.13 r
  U4416/ZN (OAI22OPTPBD2BWP40P140)                        0.02       0.15 f
  U4418/ZN (MAOI222D2BWP40P140)                           0.03       0.18 r
  U4420/ZN (MAOI222D1BWP40P140)                           0.04       0.22 f
  U4421/ZN (MAOI222D1BWP40P140)                           0.04       0.26 r
  U4423/ZN (MAOI222D1BWP40P140)                           0.04       0.30 f
  U4424/ZN (MAOI222D1BWP40P140)                           0.04       0.34 r
  U387/Z (AO21D1BWP40P140)                                0.03       0.37 r
  U4426/ZN (ND2OPTIBD2BWP40P140)                          0.02       0.39 f
  U4428/ZN (MAOI222D2BWP40P140)                           0.03       0.41 r
  U4430/ZN (MAOI222D1BWP40P140)                           0.04       0.45 f
  U4432/ZN (ND2OPTIBD1BWP40P140)                          0.02       0.47 r
  U4433/ZN (IOA22D2BWP40P140)                             0.03       0.50 r
  U4435/ZN (MAOI222D2BWP40P140)                           0.03       0.53 f
  U4436/ZN (MAOI222D1BWP40P140)                           0.04       0.57 r
  U4438/ZN (AOI21D1BWP40P140)                             0.02       0.59 f
  U4440/Z (OR2D2BWP40P140)                                0.03       0.61 f
  U4442/ZN (MAOI222D2BWP40P140)                           0.02       0.64 r
  U4444/ZN (MAOI222D1BWP40P140)                           0.04       0.68 f
  U4445/ZN (MAOI222D1BWP40P140)                           0.04       0.72 r
  U306/ZN (AOI21D1BWP40P140)                              0.02       0.74 f
  U4448/Z (OR2D2BWP40P140)                                0.03       0.76 f
  U4450/ZN (MAOI222D2BWP40P140)                           0.02       0.79 r
  U4452/ZN (MAOI222D1BWP40P140)                           0.05       0.83 f
  U304/ZN (CKND2D2BWP40P140)                              0.02       0.85 r
  U4454/ZN (INVD1BWP40P140)                               0.01       0.86 f
  U4455/ZN (OAI22OPTPBD2BWP40P140)                        0.01       0.88 r
  U4457/ZN (MAOI222D2BWP40P140)                           0.03       0.91 f
  U4458/ZN (MAOI222D1BWP40P140)                           0.04       0.95 r
  U4460/ZN (AOI21D1P5BWP40P140)                           0.01       0.96 f
  U4462/Z (OR2D2BWP40P140)                                0.03       0.99 f
  U4464/ZN (MAOI222D2BWP40P140)                           0.02       1.01 r
  U4466/ZN (MAOI222D1BWP40P140)                           0.04       1.05 f
  U4467/ZN (MAOI222D1BWP40P140)                           0.04       1.09 r
  U4469/ZN (MAOI222D1BWP40P140)                           0.04       1.13 f
  U4470/ZN (MAOI222D1BWP40P140)                           0.04       1.17 r
  U4471/ZN (INVD2BWP40P140)                               0.01       1.18 f
  U4473/ZN (MAOI222D1BWP40P140)                           0.03       1.21 r
  U4475/ZN (AOI21D1BWP40P140)                             0.02       1.23 f
  U4476/ZN (NR2OPTPAD2BWP40P140)                          0.02       1.25 r
  U4477/ZN (MUX2NOPTD4BWP40P140)                          0.02       1.27 r
  U9207/ZN (INVD4BWP40P140)                               0.02       1.29 f
  U9312/ZN (AOI221D1BWP40P140)                            0.03       1.32 r
  U9313/ZN (MUX2NUD1BWP40P140)                            0.01       1.34 f
  U9314/ZN (OAI22D0BWP40P140)                             0.02       1.36 r
  u_core/u_div/remainder_reg[9]/D (DFQD1BWP40P140)        0.00       1.36 r
  data arrival time                                                  1.36

  clock clk (rise edge)                                   1.43       1.43
  clock network delay (ideal)                             0.00       1.43
  clock uncertainty                                      -0.05       1.38
  u_core/u_div/remainder_reg[9]/CP (DFQD1BWP40P140)       0.00       1.38 r
  library setup time                                     -0.02       1.36
  data required time                                                 1.36
  --------------------------------------------------------------------------
  data required time                                                 1.36
  data arrival time                                                 -1.36
  --------------------------------------------------------------------------
  slack (MET)                                                        0.00


  Startpoint: u_core/u_div/dividend_reg[31]
              (rising edge-triggered flip-flop clocked by clk)
  Endpoint: u_core/u_div/remainder_reg[21]
            (rising edge-triggered flip-flop clocked by clk)
  Path Group: clk
  Path Type: max

  Des/Clust/Port     Wire Load Model       Library
  ------------------------------------------------
  rfu                ZeroWireload          tcbn28hpcplusbwp40p140tt0p9v25c
  bp                 ZeroWireload          tcbn28hpcplusbwp40p140tt0p9v25c
  cpu_m1_top         ZeroWireload          tcbn28hpcplusbwp40p140tt0p9v25c

  Point                                                   Incr       Path
  --------------------------------------------------------------------------
  clock clk (rise edge)                                   0.00       0.00
  clock network delay (ideal)                             0.00       0.00
  u_core/u_div/dividend_reg[31]/CP (DFQD1BWP40P140)       0.00 #     0.00 r
  u_core/u_div/dividend_reg[31]/Q (DFQD1BWP40P140)        0.06       0.06 f
  U4404/ZN (NR2D1BWP40P140)                               0.02       0.08 r
  U4413/ZN (MAOI222D1BWP40P140)                           0.03       0.11 f
  U4414/ZN (INVD1BWP40P140)                               0.02       0.13 r
  U4416/ZN (OAI22OPTPBD2BWP40P140)                        0.02       0.15 f
  U4418/ZN (MAOI222D2BWP40P140)                           0.03       0.18 r
  U4420/ZN (MAOI222D1BWP40P140)                           0.04       0.22 f
  U4421/ZN (MAOI222D1BWP40P140)                           0.04       0.26 r
  U4423/ZN (MAOI222D1BWP40P140)                           0.04       0.30 f
  U4424/ZN (MAOI222D1BWP40P140)                           0.04       0.34 r
  U387/Z (AO21D1BWP40P140)                                0.03       0.37 r
  U4426/ZN (ND2OPTIBD2BWP40P140)                          0.02       0.39 f
  U4428/ZN (MAOI222D2BWP40P140)                           0.03       0.41 r
  U4430/ZN (MAOI222D1BWP40P140)                           0.04       0.45 f
  U4432/ZN (ND2OPTIBD1BWP40P140)                          0.02       0.47 r
  U4433/ZN (IOA22D2BWP40P140)                             0.03       0.50 r
  U4435/ZN (MAOI222D2BWP40P140)                           0.03       0.53 f
  U4436/ZN (MAOI222D1BWP40P140)                           0.04       0.57 r
  U4438/ZN (AOI21D1BWP40P140)                             0.02       0.59 f
  U4440/Z (OR2D2BWP40P140)                                0.03       0.61 f
  U4442/ZN (MAOI222D2BWP40P140)                           0.02       0.64 r
  U4444/ZN (MAOI222D1BWP40P140)                           0.04       0.68 f
  U4445/ZN (MAOI222D1BWP40P140)                           0.04       0.72 r
  U306/ZN (AOI21D1BWP40P140)                              0.02       0.74 f
  U4448/Z (OR2D2BWP40P140)                                0.03       0.76 f
  U4450/ZN (MAOI222D2BWP40P140)                           0.02       0.79 r
  U4452/ZN (MAOI222D1BWP40P140)                           0.05       0.83 f
  U304/ZN (CKND2D2BWP40P140)                              0.02       0.85 r
  U4454/ZN (INVD1BWP40P140)                               0.01       0.86 f
  U4455/ZN (OAI22OPTPBD2BWP40P140)                        0.01       0.88 r
  U4457/ZN (MAOI222D2BWP40P140)                           0.03       0.91 f
  U4458/ZN (MAOI222D1BWP40P140)                           0.04       0.95 r
  U4460/ZN (AOI21D1P5BWP40P140)                           0.01       0.96 f
  U4462/Z (OR2D2BWP40P140)                                0.03       0.99 f
  U4464/ZN (MAOI222D2BWP40P140)                           0.02       1.01 r
  U4466/ZN (MAOI222D1BWP40P140)                           0.04       1.05 f
  U4467/ZN (MAOI222D1BWP40P140)                           0.04       1.09 r
  U4469/ZN (MAOI222D1BWP40P140)                           0.04       1.13 f
  U4470/ZN (MAOI222D1BWP40P140)                           0.04       1.17 r
  U4471/ZN (INVD2BWP40P140)                               0.01       1.18 f
  U4473/ZN (MAOI222D1BWP40P140)                           0.03       1.21 r
  U4475/ZN (AOI21D1BWP40P140)                             0.02       1.23 f
  U4476/ZN (NR2OPTPAD2BWP40P140)                          0.02       1.25 r
  U4477/ZN (MUX2NOPTD4BWP40P140)                          0.02       1.27 r
  U9207/ZN (INVD4BWP40P140)                               0.02       1.29 f
  U9253/ZN (AOI221D1BWP40P140)                            0.03       1.32 r
  U9254/ZN (MUX2NUD1BWP40P140)                            0.01       1.34 f
  U9255/ZN (OAI22D0BWP40P140)                             0.02       1.36 r
  u_core/u_div/remainder_reg[21]/D (DFQD1BWP40P140)       0.00       1.36 r
  data arrival time                                                  1.36

  clock clk (rise edge)                                   1.43       1.43
  clock network delay (ideal)                             0.00       1.43
  clock uncertainty                                      -0.05       1.38
  u_core/u_div/remainder_reg[21]/CP (DFQD1BWP40P140)      0.00       1.38 r
  library setup time                                     -0.02       1.36
  data required time                                                 1.36
  --------------------------------------------------------------------------
  data required time                                                 1.36
  data arrival time                                                 -1.36
  --------------------------------------------------------------------------
  slack (MET)                                                        0.00


  Startpoint: u_core/u_div/dividend_reg[31]
              (rising edge-triggered flip-flop clocked by clk)
  Endpoint: u_core/u_div/remainder_reg[3]
            (rising edge-triggered flip-flop clocked by clk)
  Path Group: clk
  Path Type: max

  Des/Clust/Port     Wire Load Model       Library
  ------------------------------------------------
  rfu                ZeroWireload          tcbn28hpcplusbwp40p140tt0p9v25c
  bp                 ZeroWireload          tcbn28hpcplusbwp40p140tt0p9v25c
  cpu_m1_top         ZeroWireload          tcbn28hpcplusbwp40p140tt0p9v25c

  Point                                                   Incr       Path
  --------------------------------------------------------------------------
  clock clk (rise edge)                                   0.00       0.00
  clock network delay (ideal)                             0.00       0.00
  u_core/u_div/dividend_reg[31]/CP (DFQD1BWP40P140)       0.00 #     0.00 r
  u_core/u_div/dividend_reg[31]/Q (DFQD1BWP40P140)        0.06       0.06 f
  U4404/ZN (NR2D1BWP40P140)                               0.02       0.08 r
  U4413/ZN (MAOI222D1BWP40P140)                           0.03       0.11 f
  U4414/ZN (INVD1BWP40P140)                               0.02       0.13 r
  U4416/ZN (OAI22OPTPBD2BWP40P140)                        0.02       0.15 f
  U4418/ZN (MAOI222D2BWP40P140)                           0.03       0.18 r
  U4420/ZN (MAOI222D1BWP40P140)                           0.04       0.22 f
  U4421/ZN (MAOI222D1BWP40P140)                           0.04       0.26 r
  U4423/ZN (MAOI222D1BWP40P140)                           0.04       0.30 f
  U4424/ZN (MAOI222D1BWP40P140)                           0.04       0.34 r
  U387/Z (AO21D1BWP40P140)                                0.03       0.37 r
  U4426/ZN (ND2OPTIBD2BWP40P140)                          0.02       0.39 f
  U4428/ZN (MAOI222D2BWP40P140)                           0.03       0.41 r
  U4430/ZN (MAOI222D1BWP40P140)                           0.04       0.45 f
  U4432/ZN (ND2OPTIBD1BWP40P140)                          0.02       0.47 r
  U4433/ZN (IOA22D2BWP40P140)                             0.03       0.50 r
  U4435/ZN (MAOI222D2BWP40P140)                           0.03       0.53 f
  U4436/ZN (MAOI222D1BWP40P140)                           0.04       0.57 r
  U4438/ZN (AOI21D1BWP40P140)                             0.02       0.59 f
  U4440/Z (OR2D2BWP40P140)                                0.03       0.61 f
  U4442/ZN (MAOI222D2BWP40P140)                           0.02       0.64 r
  U4444/ZN (MAOI222D1BWP40P140)                           0.04       0.68 f
  U4445/ZN (MAOI222D1BWP40P140)                           0.04       0.72 r
  U306/ZN (AOI21D1BWP40P140)                              0.02       0.74 f
  U4448/Z (OR2D2BWP40P140)                                0.03       0.76 f
  U4450/ZN (MAOI222D2BWP40P140)                           0.02       0.79 r
  U4452/ZN (MAOI222D1BWP40P140)                           0.05       0.83 f
  U304/ZN (CKND2D2BWP40P140)                              0.02       0.85 r
  U4454/ZN (INVD1BWP40P140)                               0.01       0.86 f
  U4455/ZN (OAI22OPTPBD2BWP40P140)                        0.01       0.88 r
  U4457/ZN (MAOI222D2BWP40P140)                           0.03       0.91 f
  U4458/ZN (MAOI222D1BWP40P140)                           0.04       0.95 r
  U4460/ZN (AOI21D1P5BWP40P140)                           0.01       0.96 f
  U4462/Z (OR2D2BWP40P140)                                0.03       0.99 f
  U4464/ZN (MAOI222D2BWP40P140)                           0.02       1.01 r
  U4466/ZN (MAOI222D1BWP40P140)                           0.04       1.05 f
  U4467/ZN (MAOI222D1BWP40P140)                           0.04       1.09 r
  U4469/ZN (MAOI222D1BWP40P140)                           0.04       1.13 f
  U4470/ZN (MAOI222D1BWP40P140)                           0.04       1.17 r
  U4471/ZN (INVD2BWP40P140)                               0.01       1.18 f
  U4473/ZN (MAOI222D1BWP40P140)                           0.03       1.21 r
  U4475/ZN (AOI21D1BWP40P140)                             0.02       1.23 f
  U4476/ZN (NR2OPTPAD2BWP40P140)                          0.02       1.25 r
  U4477/ZN (MUX2NOPTD4BWP40P140)                          0.02       1.27 r
  U9207/ZN (INVD4BWP40P140)                               0.02       1.29 f
  U9340/ZN (AOI221D1BWP40P140)                            0.03       1.32 r
  U9341/ZN (MUX2NUD1BWP40P140)                            0.01       1.34 f
  U9342/ZN (OAI22D0BWP40P140)                             0.02       1.36 r
  u_core/u_div/remainder_reg[3]/D (DFQD1BWP40P140)        0.00       1.36 r
  data arrival time                                                  1.36

  clock clk (rise edge)                                   1.43       1.43
  clock network delay (ideal)                             0.00       1.43
  clock uncertainty                                      -0.05       1.38
  u_core/u_div/remainder_reg[3]/CP (DFQD1BWP40P140)       0.00       1.38 r
  library setup time                                     -0.02       1.36
  data required time                                                 1.36
  --------------------------------------------------------------------------
  data required time                                                 1.36
  data arrival time                                                 -1.36
  --------------------------------------------------------------------------
  slack (MET)                                                        0.00


  Startpoint: u_core/u_div/dividend_reg[31]
              (rising edge-triggered flip-flop clocked by clk)
  Endpoint: u_core/u_div/remainder_reg[21]
            (rising edge-triggered flip-flop clocked by clk)
  Path Group: clk
  Path Type: max

  Des/Clust/Port     Wire Load Model       Library
  ------------------------------------------------
  rfu                ZeroWireload          tcbn28hpcplusbwp40p140tt0p9v25c
  bp                 ZeroWireload          tcbn28hpcplusbwp40p140tt0p9v25c
  cpu_m1_top         ZeroWireload          tcbn28hpcplusbwp40p140tt0p9v25c

  Point                                                   Incr       Path
  --------------------------------------------------------------------------
  clock clk (rise edge)                                   0.00       0.00
  clock network delay (ideal)                             0.00       0.00
  u_core/u_div/dividend_reg[31]/CP (DFQD1BWP40P140)       0.00 #     0.00 r
  u_core/u_div/dividend_reg[31]/Q (DFQD1BWP40P140)        0.06       0.06 f
  U4404/ZN (NR2D1BWP40P140)                               0.02       0.08 r
  U4413/ZN (MAOI222D1BWP40P140)                           0.03       0.11 f
  U4414/ZN (INVD1BWP40P140)                               0.02       0.13 r
  U4416/ZN (OAI22OPTPBD2BWP40P140)                        0.02       0.15 f
  U4418/ZN (MAOI222D2BWP40P140)                           0.03       0.18 r
  U4420/ZN (MAOI222D1BWP40P140)                           0.04       0.22 f
  U4421/ZN (MAOI222D1BWP40P140)                           0.04       0.26 r
  U4423/ZN (MAOI222D1BWP40P140)                           0.04       0.30 f
  U4424/ZN (MAOI222D1BWP40P140)                           0.04       0.34 r
  U387/Z (AO21D1BWP40P140)                                0.03       0.37 r
  U4426/ZN (ND2OPTIBD2BWP40P140)                          0.02       0.39 f
  U4428/ZN (MAOI222D2BWP40P140)                           0.03       0.41 r
  U4430/ZN (MAOI222D1BWP40P140)                           0.04       0.45 f
  U4432/ZN (ND2OPTIBD1BWP40P140)                          0.02       0.47 r
  U4433/ZN (IOA22D2BWP40P140)                             0.03       0.50 r
  U4435/ZN (MAOI222D2BWP40P140)                           0.03       0.53 f
  U4436/ZN (MAOI222D1BWP40P140)                           0.04       0.57 r
  U4438/ZN (AOI21D1BWP40P140)                             0.02       0.59 f
  U4440/Z (OR2D2BWP40P140)                                0.03       0.61 f
  U4442/ZN (MAOI222D2BWP40P140)                           0.02       0.64 r
  U4444/ZN (MAOI222D1BWP40P140)                           0.04       0.68 f
  U4445/ZN (MAOI222D1BWP40P140)                           0.04       0.72 r
  U306/ZN (AOI21D1BWP40P140)                              0.02       0.74 f
  U4448/Z (OR2D2BWP40P140)                                0.03       0.76 f
  U4450/ZN (MAOI222D2BWP40P140)                           0.02       0.79 r
  U4452/ZN (MAOI222D1BWP40P140)                           0.05       0.83 f
  U304/ZN (CKND2D2BWP40P140)                              0.02       0.85 r
  U4454/ZN (INVD1BWP40P140)                               0.01       0.86 f
  U4455/ZN (OAI22OPTPBD2BWP40P140)                        0.01       0.88 r
  U4457/ZN (MAOI222D2BWP40P140)                           0.03       0.91 f
  U4458/ZN (MAOI222D1BWP40P140)                           0.04       0.95 r
  U4460/ZN (AOI21D1P5BWP40P140)                           0.01       0.96 f
  U4462/Z (OR2D2BWP40P140)                                0.03       0.99 f
  U4464/ZN (MAOI222D2BWP40P140)                           0.02       1.01 r
  U4466/ZN (MAOI222D1BWP40P140)                           0.04       1.05 f
  U4467/ZN (MAOI222D1BWP40P140)                           0.04       1.09 r
  U4469/ZN (MAOI222D1BWP40P140)                           0.04       1.13 f
  U4470/ZN (MAOI222D1BWP40P140)                           0.04       1.17 r
  U4471/ZN (INVD2BWP40P140)                               0.01       1.18 f
  U4473/ZN (MAOI222D1BWP40P140)                           0.03       1.21 r
  U4475/ZN (AOI21D1BWP40P140)                             0.02       1.23 f
  U4476/ZN (NR2OPTPAD2BWP40P140)                          0.02       1.25 r
  U4477/ZN (MUX2NOPTD4BWP40P140)                          0.02       1.27 r
  U9207/ZN (INVD4BWP40P140)                               0.02       1.29 f
  U9253/ZN (AOI221D1BWP40P140)                            0.03       1.32 r
  U9254/ZN (MUX2NUD1BWP40P140)                            0.01       1.34 f
  U9255/ZN (OAI22D0BWP40P140)                             0.02       1.36 r
  u_core/u_div/remainder_reg[21]/D (DFQD1BWP40P140)       0.00       1.36 r
  data arrival time                                                  1.36

  clock clk (rise edge)                                   1.43       1.43
  clock network delay (ideal)                             0.00       1.43
  clock uncertainty                                      -0.05       1.38
  u_core/u_div/remainder_reg[21]/CP (DFQD1BWP40P140)      0.00       1.38 r
  library setup time                                     -0.02       1.36
  data required time                                                 1.36
  --------------------------------------------------------------------------
  data required time                                                 1.36
  data arrival time                                                 -1.36
  --------------------------------------------------------------------------
  slack (MET)                                                        0.00


1
