f14022f3
82634301
03170062
03130000
006700c3
1fb70003
8f934000
0001104f
0000f397
c1438393
00006f97
c60f8f93
000fef93
305f9073
00000f97
020f8f93
341f9073
8f936f89
9073a00f
4f81300f
304f9073
30200073
af0cb037
64200013
716460b7
2b908093
41854119
170bf237
c7520213
23374281
0313f916
5437fbe3
0413f4d4
a4b72384
84936163
553779f4
0513f92f
05b760c5
36378000
0613fe12
06b7eaa6
07378000
07b78000
08b78000
49018000
4a2549b5
5f7e0ab7
6b1a8a93
b6c56b37
495b0b13
77691bb7
467b8b93
4c814c01
80000d37
80000db7
0eb74e01
0f378000
4fbd8000
00014817
96c80813
0ae9f863
00000073
00009002
62970000
82930000
a303c822
a1230012
22f30062
93733000
22f33402
23733400
7f413000
0fb70f05
1f938000
337329ff
23733040
23733050
23733410
23733420
23733430
23733440
2373c000
2373c800
2373c020
6f41c820
a5a5afb7
5a5f8f93
0fff5fb3
34009073
008000ef
00008067
340020f3
34009073
00ef2009
00ef0040
00970040
80930000
806700c0
20f30000
13733400
61413400
023fd263
52630808
8a8901e8
b7939196
329300de
60893599
80000f37
4f811f7d
0fff7fb3
00019613
4d9fa593
8133c017
037cf563
d5011e97
02a59ab3
01ac8933
00b48bb3
02d627b3
0f370001
7fc18000
2fb30f85
12b321ff
bbb320b5
0b33004a
403340e3
f1630106
a513070f
1093c8d2
f4330165
66330014
ec630059
00010125
a5a5af37
5a5f0f13
4fb36fc1
943321ff
ca1d002d
01c01263
0075eab3
4ef74a17
c986f2b7
01e4fcb3
85750a0c
005dceb3
0fb74f01
1ffd8000
21ff6fb3
05e9f463
03981b33
010049b3
5093c439
873a40fc
03e9b1b3
3d13e299
d7b3a88a
7f41403b
0fb70f05
7fb38000
0f3741ff
5ffd8000
03ff4fb3
03ef6fb3
5fb34f81
4f8103ff
03ff6fb3
012a3433
41085113
bde6ab13
01fbdf33
72638dfd
d69300ae
d0330058
99d64181
6f4196be
a5a5afb7
5a5f8f93
41ff6fb3
0001a000
997d117d
1db38d45
01a203d3
00e45d93
8d211efd
bc05af13
0f37617d
1f7d8000
4fb34f81
0cb141ff
1b638d1d
5113024f
0f63406c
5f1700aa
060e4802
01178d33
9f169a4e
80000f37
0f857fc1
600f1f93
0e17a513
0548c663
e1316f93
01a908b3
5e33642d
0be903dd
020dc4b3
3aa4a913
af378eed
0f13a5a5
6fc15a5f
601f1f93
0003ee63
65c84c93
01471033
08b37113
c5273017
02303c33
017bd8b3
00faca33
3ae2d737
41448c33
0fb74f01
1ffd8000
602f1f93
40b53533
340f1073
34002ff3
34003ff3
0c630001
717d0236
01feaa33
71c80993
6aa50d92
81b38625
deb34010
7f4141a5
0fb70f05
4fb38000
8bb30bff
34b30080
15630232
5ab303f5
e66301bf
64630399
a0b30129
7c33005e
4741003d
6f4190ee
a5a5afb7
5a5f8f93
0bff5fb3
d2638111
0001016d
02338921
e511406a
01cbd4b3
d6138d25
036341a2
0f37039a
1f7d8000
6fb34f81
b8b30bff
e69d0015
41d45db3
08d2f263
0e11c795
03df2533
000c8bb3
01485cb3
01b33a33
80000f37
0f857fc1
0bff7fb3
0056b4b3
d293ed11
00010179
09341663
00abf633
03ad14b3
41b0d633
40505893
af37997d
0f13a5a5
6fc15a5f
604f1f93
34041073
00006417
99040413
2223c004
01130024
c07e0084
24234f02
440401f4
2103c404
40040044
34002473
03171e33
01173e33
02a0ec63
0063ea95
56130732
8c4d40c3
9adcae13
9de21988
0fb74f01
1ffd8000
605f1f93
34009073
008000ef
00008067
340020f3
01536d63
00f751b3
0f338d25
19140323
01a16f33
5b131c88
5e3340dd
076341b8
7f410278
0fb70f05
4fb38000
b113080f
8539f36e
8b3eb017
0517817d
0e88bc75
0129b433
01e6e8b3
411c0933
045b9d63
afb76f41
8f93a5a5
1fb35a5f
053361ff
81210ab5
004bb8b3
de638571
0a33068e
d4b341b8
48934173
ab93f0d6
d5b338fe
f46303bd
0f3702de
1f7d8000
5fb34f81
ea8161ff
0001997d
01ced4b3
f463c321
0733014a
526341e0
173305a6
5c130026
0f3700d7
7fc18000
5f930f85
9073607f
20093400
004000ef
004000ef
00000097
00c08093
00008067
340020f3
033b6eb3
41235c13
4d6368f9
d0130237
56934133
0c634029
6013032b
8c89922d
4162dd93
a5a5af37
5a5f0f13
5f936fc1
3b13287f
96b30202
94630378
51b300c2
00014141
02328fb3
02dfe463
3d330001
661303fe
4f01f2f7
80000fb7
5f931ffd
15b3698f
0c9a03fd
009eecb3
003572b3
c0139e8a
026345b0
8e9500e3
01b95733
01ca5e33
0f057f41
80000fb7
49ff1fb3
0214afb3
01d16433
67edc493
03c0e2b3
cab30aa6
8d7503af
01af8c63
717d8e31
afb76f41
8f93a5a5
5fb35a5f
8d4d49ff
014964b3
56338519
e129012a
4c404497
1d8890a6
8ae5997d
80000f37
4f811f7d
69ff1fb3
80000f37
4fb35ffd
6fb303ff
4f8103ef
03ff5fb3
6fb34f81
5bb703ff
9213fb01
4d330138
042a0362
fb338121
85090093
0001e705
04551a63
80000f37
0f857fc1
29ff1fb3
60b52533
c91d0606
01171263
02039f33
01379c33
59dfa713
021f5763
00670c33
d893cb99
af374131
0f13a5a5
6fc15a5f
49ff1f93
810d0001
032202b3
02879bb3
c17e0893
d0338515
000102ed
12178e5e
4f01cb6b
80000fb7
5f931ffd
503348ff
32b301f3
717d022a
0124d193
e5150001
02e1b6b3
96b38ea5
00010394
0f057f41
80000fb7
680f1f93
03251533
e1b30001
6263014b
dfb30121
3a934190
c617090c
1eb365ec
897101af
03785d63
afb76f41
8f93a5a5
1f935a5f
700229ff
10730001
2ff3340f
3ff33400
30133400
0e170439
00015ec5
94d6a113
a5a08b37
40d85eb3
85338ec5
303340cc
87130237
0f376fba
1f7d8000
5fb34f81
68b30fff
9363019d
8d3105d5
527d0705
012cda93
00fb9013
006d59b3
574b3197
387ceb13
80000f37
0f857fc1
0fff7fb3
34009073
008000ef
00008067
340020f3
00acdd63
5f138925
07d10089
01580cb3
02462033
02b25433
c933717d
d9330267
af374197
0f13a5a5
6fc15a5f
21ff2fb3
02606933
00868eb3
92338e2d
446301f8
47b30207
141302dc
850d0129
01c62933
4f01421d
80000fb7
4fb31ffd
253321ff
593348b5
47554168
2cf22997
8d29840a
00011710
41bdd733
0129e6b3
7f411e7d
0fb70f05
6fb38000
107321ff
54173404
04130000
c0045624
00242223
00840113
4f02c07e
01f42423
c4044404
00442103
24734004
59133400
8c45404f
007b4263
02b66963
e1330001
e73303c5
2f330214
10fd0305
05b24063
afb76f41
8f93a5a5
7fb35a5f
069241ff
716382cd
597d041b
00b38aed
997d0304
019376b3
03080363
0383a033
80000f37
4f811f7d
41ff6fb3
01df5193
bf596893
31b39cf6
ee370380
8d294939
01f7bc33
01a61c63
4064d5b3
00fea633
80000f37
0f857fc1
41ff4fb3
84b3e911
87334096
c5630219
60130204
8d11040f
70110013
fa33c71d
849300f2
af37a08f
0f13a5a5
6fc15a5f
600f1f93
14b4c793
f4260fb7
7e9381dd
28b379af
8e550202
9137c2b1
22b3956b
6d9303cd
4f01951d
80000fb7
1f931ffd
9073601f
20093400
004000ef
004000ef
00000097
00c08093
00008067
340020f3
58b38d29
8d7102f4
41beda13
0167e033
0114e263
695c3c17
0f336d15
8ed140d3
0f057f41
80000fb7
602f1f93
96930001
80b20090
0315bbb3
08846617
02638111
0001018a
61718251
afb76f41
8f93a5a5
4fb35a5f
25330bff
09b368b5
0001400b
8d1d17fd
033d4c33
dfb304aa
db63015e
58930470
211340b3
0f3779c8
1f7d8000
5fb34f81
81790bff
56930f0a
8ee941f6
0341c033
020d1463
8ead8d29
006b9263
0f370001
7fc18000
6fb30f85
1c800bff
00506d63
4bb38159
1dfd0049
01cd2233
01b56363
fbb30001
717d0187
a5a5af37
5a5f0f13
7fb36fc1
0f370bff
5ffd8000
03ff4fb3
03ef6fb3
5fb34f81
4f8103ff
03ff6fb3
0236b133
34138d6d
8e39edc6
7e930f25
8e514c7a
41795db3
02d53d33
4f0160dd
80000fb7
1f931ffd
5713604f
fc634114
aa93012d
8d51e0c8
01d85c33
6eb319fd
a93300fc
0001017a
7c7d3493
0f057f41
80000fb7
605f1f93
81b341e5
a01340c8
5d33bd49
d9330334
05d20014
020b3133
ad93717d
2d330079
6f41023b
a5a5afb7
5a5f8f93
080f4fb3
34009073
008000ef
00008067
340020f3
00018eb5
00ca3b33
00331988
ed6302ff
9afd04a3
01d4ff63
035108b3
0f3740bd
1f7d8000
1fb34f81
871e61ff
00f58233
50330001
90130132
89260059
66fd117d
41335e13
00423db3
80000f37
0f857fc1
61ff5fb3
28b52533
340f1073
34002ff3
34003ff3
8d598e05
02378cb3
03821d33
01024033
029aebb3
01aa6463
020e2ab3
95631d7d
af37031c
0f13a5a5
6fc15a5f
607f5f93
00685e63
41d65013
f2138eed
997d644d
011d9e33
04e6be13
01981f93
103390b2
4f010229
80000fb7
5f931ffd
98da287f
037d3033
8d150e35
5c638eed
612d02c1
01f14e33
01701263
7f418796
0fb70f05
5f938000
5c63698f
b017037c
0613c041
8433851c
e2330229
c489032a
00c3f9b3
61d10001
6f418665
a5a5afb7
5a5f8f93
49ff1fb3
00019c01
b9317637
00331608
0d6600d3
1dfa2613
eead0a32
e9398d09
038f65b3
80000f37
4f811f7d
49ff5fb3
34041073
00005417
16040413
2223c004
01130024
c07e0084
24234f02
440401f4
2103c404
40040044
34002473
00b5ee63
418d8933
e909e515
89b38565
60a500b1
028dc133
02ee1cb3
030cb7b3
80000f37
0f857fc1
69ff1fb3
0035d633
9d28c013
90ce997d
f21b2c13
02ae97b3
8a638d71
09b304e1
5e3300cb
af3702d5
0f13a5a5
6fc15a5f
29ff1fb3
d0158f13
b1138515
1d93d114
8db30043
8d9103b8
4127dcb3
3617e931
84a6275d
0fb74f01
1ffd8000
49ff1f93
08b52533
004a1033
01d71eb3
e2639906
9bd2024b
01572533
01215b33
0352ab33
00b38e25
7f4140ca
0fb70f05
5f938000
b93748ff
4063043a
1e7d078d
8285c109
8913cf1d
8d0db009
e863c529
6f41044c
a5a5afb7
5a5f8f93
680f1f93
34009073
00ef2009
00ef0040
00970040
80930000
806700c0
20f30000
d1333400
b69340d6
908a2730
cb3385ae
f0b30188
3917003c
253369cc
10b3027f
5a63010d
0f3700a6
1f7d8000
1f934f81
003329ff
35b340d1
0f6a003c
cd23a417
8a4d0e7e
0363f663
a9b35bfd
997d01cc
80000f37
0f857fc1
0fff5fb3
411550b3
aae54417
0463c11d
d4b3008c
8d29014f
84be6e13
00338e89
8d2d01ee
a5a5af37
5a5f0f13
7fb36fc1
df330fff
beb3023b
85610056
0362ab33
01b95863
01236bb3
402a0eb3
01877cb3
01b856b3
02140b33
0fb74f01
1ffd8000
21ff2fb3
34009073
008000ef
00008067
340020f3
41b45a93
ed158139
8d498e29
01995013
99d2a213
5cb38f7e
8ee10074
0f057f41
80000fb7
21ff4fb3
80000f37
4fb35ffd
6fb303ff
4f8103ef
03ff5fb3
6fb34f81
1ffd03ff
86338505
8263008e
e733001c
e7630166
61b302c3
c633029b
61290358
038952b3
afb76f41
8f93a5a5
6fb35a5f
553321ff
70130eb5
a6378626
00019eed
40a7dfb3
00003f33
009c0133
004446b3
0326e633
02077763
03d6c6b3
80000f37
4f811f7d
41ff7fb3
e913966a
c28956e9
99fc1f17
00171c33
4095da93
02907a63
c2b342cd
df3300d6
0f3703d4
7fc18000
6fb30f85
acb341ff
e10900c7
9b338b99
717d0127
02cad733
f7806f13
1a7db213
022b24b3
03bea1b3
a5a5af37
5a5f0f13
4fb36fc1
dcb341ff
70b3402b
8a330080
56930204
5b1740e9
67499233
5d9300ee
6433407b
b0330126
4f0102f4
80000fb7
1f931ffd
1073600f
2ff3340f
3ff33400
01133400
8ab3fffe
cd010083
014a4533
ab876413
cb130001
d63389c0
c563035d
d9970313
7f414f11
0fb70f05
1f938000
c733601f
85690302
8642157d
ed0d9b7d
023c4d63
02fe5a33
03701033
00571b93
afb76f41
8f93a5a5
1f935a5f
90b3602f
511303e6
1f88005f
07a77263
01555d33
97b4a113
01e11b13
173390fe
81b30259
0f374017
1f7d8000
4fb34f81
8e490bff
b8b38555
9cb70125
07b3fcba
54330186
6ab30008
7e93003f
9293d5a7
d1370053
0f3795e8
7fc18000
5fb30f85
15330bff
1d630eb5
c50900b1
00ee42b3
0cebe193
0325c5b3
051c8db1
ae4eef93
8d158d25
a5a5af37
5a5f0f13
6fb36fc1
10730bff
54173404
04130000
c004d3a4
00242223
00840113
4f02c07e
01f42423
c4044404
00442103
24734004
f9133400
8125a024
82638d0d
9a0603a5
c1242e93
85b34717
035b1033
897e9086
0fb74f01
1ffd8000
0bff7fb3
00011c14
03c754b3
57130eda
80f60126
d6638f2e
99b30407
8fad02ce
0f057f41
80000fb7
604f1f93
e20d4013
05f5da63
c8a39737
00cd8e33
00048933
25b38d31
8763017a
00010426
03178bb3
afb76f41
8f93a5a5
1f935a5f
2000605f
40130001
a5b3fc6b
8ea100cc
41ec5413
41735793
01329013
41158bb3
fc440113
1adb8c97
01a40eb3
80000f37
4f811f7d
080f4fb3
02281f33
c2a50001
03fa6533
d463e2a5
07130094
577d2a6d
1d36ce13
040c8a63
80000f37
0f857fc1
61ff1fb3
34009073
008000ef
00008067
340020f3
34009073
00ef2009
00ef0040
00970040
80930000
806700c0
20f30000
8c333400
8561028e
03b21d33
06b30001
82ed03eb
0d71ab93
9517eb93
0976b713
af3790ae
0f13a5a5
6fc15a5f
61ff5fb3
87b3c113
127de50d
003e46b3
94b36585
118802a8
71638d31
36330693
4f0103ec
80000fb7
5f931ffd
1513607f
000160b5
02fb5763
0140d013
021cc0b3
1cbe3013
d913e681
9d72001f
41d05013
7f418ea5
0fb70f05
5f938000
5463287f
cc130410
05993c4a
02de4ab3
00876033
00cee7b3
00ff59b3
00391d33
01d29033
6f416109
a5a5afb7
5a5f8f93
698f5f93
a7b383ad
b09301c9
61b91860
a093e693
50338ec9
0c1202d1
35622e13
05484263
80000f37
4f811f7d
49ff1fb3
80000f37
4fb35ffd
6fb303ff
4f8103ef
03ff5fb3
6fb34f81
a93303ff
89350100
f963ea91
0e130341
82b92e56
2e138e5e
8fd294fd
036bf263
80000f37
0f857fc1
49ff5fb3
02eb1cb3
50330bb2
0001004a
016eed33
8b8fc093
12634b99
d8b3013c
811d404f
a5a5af37
5a5f0f13
1fb36fc1
fd6369ff
66630028
86bd02f7
d73386d1
df9302bf
8a6641fc
407fd713
03200063
ea28b593
0fb74f01
1ffd8000
29ff1fb3
5fb30001
00014151
02b030b3
01274263
2595fe93
012e96b3
003382d1
c4630274
7f4102b1
0fb70f05
1f938000
952a49ff
e37afbb7
00a304b3
01f32533
58630001
d53302dd
000102a9
cd059afd
afb76f41
8f93a5a5
5f935a5f
551348ff
107368b5
2ff3340f
3ff33400
78633400
717d03b0
001f9463
41615413
00d45e93
77b3c50d
ce6301cd
8db30100
64b702ed
0f370070
1f7d8000
1f934f81
7433680f
ff3300f0
da3301b5
10b341fa
89630077
8d090492
007c1413
00d0a033
01a8d233
b64b8193
80000f37
0f857fc1
29ff1f93
c1098ea9
90418893
012b4263
b2e36013
000d1fb3
00e9a2b3
034b3bb3
028b4e33
af378ecd
0f13a5a5
6fc15a5f
0fff5fb3
016dc463
03c51233
8d11651d
02b024b3
ca456e93
020f16b3
02cf1363
8c482417
4f010001
80000fb7
7fb31ffd
95ce0fff
02878533
1e93814e
663301fc
17900127
62638949
8ed50482
7f418ea6
0fb70f05
2fb38000
107321ff
54173404
04130000
c0049224
00242223
00840113
4f02c07e
01f42423
c4044404
00442103
24734004
e2333400
cd21016d
00e4ca33
00190533
8a978d49
1bb37e6d
e7130049
d233b7d8
8eb302e5
6f41414b
a5a5afb7
5a5f8f93
21ff4fb3
34009073
008000ef
00008067
340020f3
4128d913
9ab3717d
599302f1
100841d8
b9930746
54b3e639
56b3409a
4133025e
0f3702c5
1f7d8000
6fb34f81
2db321ff
c86300bb
855103eb
8d15ee8d
413e5e13
03c6db33
03952133
011d5733
0f378ce2
7fc18000
7fb30f85
551341ff
063328b5
e9330015
a5b302df
d0330139
c413403d
e6853ddb
df331f7d
403302ed
373300dd
af3701c1
0f13a5a5
6fc15a5f
41ff6fb3
00905563
97338119
8d7500a3
91d28d29
04981363
ac288e17
c3638d3d
4f01044b
80000fb7
4fb31ffd
907341ff
20093400
004000ef
004000ef
00000097
00c08093
00008067
340020f3
87b310fd
ca130249
bc9343f6
cbb3c630
66fd01fe
04575a63
009c7fb3
01d4de33
7f4190da
0fb70f05
1f938000
e109600f
d90a6513
0259d033
4e938c4d
e539fd75
01df5eb3
00d38633
028c24b3
6f4109d5
a5a5afb7
5a5f8f93
601f1f93
029065b3
bfb34f59
6bed028a
004c9a13
1a9f3e93
039fd033
41d2de13
fbb30001
0f3700ec
1f7d8000
1f934f81
0286602f
7233963e
f01300c2
828d67f5
8e298d4d
971a96d2
d5af3a97
80000f37
0f857fc1
0bff4fb3
009c81b3
da9f2897
02d50033
66b78d31
5eb3fac2
d493037a
665100ac
8d350001
a5a5af37
5a5f0f13
5fb36fc1
0f370bff
5ffd8000
03ff4fb3
03ef6fb3
5fb34f81
4f8103ff
03ff6fb3
03cce063
4034d0b3
01371533
17b367cd
1a130127
5663015d
77b303dc
61a1003e
4f010001
80000fb7
6fb31ffd
15130bff
8ee110b5
717d82f5
004b5513
d213517d
8d7141b2
03c9e133
ea4e7013
7f411c88
0fb70f05
7fb38000
04b30bff
c9290052
005e9a93
01d85ab3
024260b3
00b05c93
49096995
000d98b3
6f419fba
a5a5afb7
5a5f8f93
604f1f93
0331e133
8d69ea89
17338fc1
e18d008a
50338531
57fd4171
0f3700ca
1f7d8000
1f934f81
8606605f
41ee0533
01d85963
a0138d41
8c35a080
00b25263
83a59442
0f371308
7fc18000
4fb30f85
1073080f
2ff3340f
3ff33400
61973400
bf334e90
61350328
f4977113
01ec30b3
018300b3
61690001
d6b36155
af3702b7
0f13a5a5
6fc15a5f
61ff1fb3
025e67b3
c5916911
811d6615
00018949
c733c915
5013008a
4f010067
80000fb7
5fb31ffd
907361ff
00ef3400
80670080
20f30000
17633400
140c027c
034f3e33
01594263
1363ed0d
81510042
40fa5c13
3459f493
afeb6993
0f057f41
80000fb7
607f5f93
0003dc13
4051d8b3
aac28b37
12b38251
49630276
5d9302dd
00014113
0be3b113
02e0c1b3
afb76f41
8f93a5a5
5f935a5f
6f69287f
d6a2ff13
00905133
01c85d13
01fb9733
406a88b3
30338d31
8109002d
0f37e525
1f7d8000
5f934f81
1073698f
44173404
04130000
c0045124
00242223
00840113
4f02c07e
01f42423
c4044404
00442103
24734004
8d353400
40bbd233
196306e6
f493039e
f263c0db
5463006a
75b3031b
0b08014a
0f37e699
7fc18000
1fb30f85
717d49ff
024a3033
65758d45
01ee3fb3
2f338d19
e8b701e2
5f938d45
997d40ff
a5a5af37
5a5f0f13
5fb36fc1
55b349ff
5ffd02fc
00c36a63
be331997
38ce3013
00018d15
01416de1
4f018589
80000fb7
1fb31ffd
596369ff
5033035e
9752402f
8d358949
002536b3
ac944013
4165d093
000afb33
03b87663
0f057f41
80000fb7
29ff1fb3
808e0592
01b0ca33
029a4e33
05017263
07221d63
02e01533
8e95871a
6f419c1a
a5a5afb7
5a5f8f93
49ff1f93
34009073
00ef2009
00ef0040
00970040
80930000
806700c0
20f30000
8ed53400
31e0cc13
001c9033
02f01033
f9678f13
022f5cb3
24733b13
b0255a17
005d5b63
013a96b3
80000f37
4f811f7d
48ff5f93
8af1997d
d7b36131
dbb34025
08d603a7
011aafb3
19330c08
0997027e
0f3785c5
7fc18000
1f930f85
c193680f
94b3ba2b
82ea0372
41e85793
2db398ee
4f33031f
5e3302be
e93340d6
b99301e8
af37e170
0f13a5a5
6fc15a5f
29ff1f93
c9098e31
01ac1893
8033c511
4293002c
64312564
5533c92d
00010082
0fb74f01
1ffd8000
0fff5fb3
ed014013
a4cfb413
01e3a7b3
969837b7
00d50263
00239b93
05ab5163
41f5d493
02d1aeb3
7f418d49
0fb70f05
7fb38000
0f370fff
5ffd8000
03ff4fb3
03ef6fb3
5fb34f81
4f8103ff
03ff6fb3
02711b33
14b36a51
11630054
c537050d
8033028b
1363415a
9d330310
c50d0197
6f418fb1
a5a5afb7
5a5f8f93
21ff2fb3
5ab3717d
8d9203d7
019f8733
2dfcf193
00e6d363
0885c109
07abf163
02253733
80000f37
4f811f7d
21ff4fb3
00027033
b5138d05
31b3a7bb
d033030c
dc33024b
643341fb
0a130391
16b3ce9f
2e93013c
0f37bc01
7fc18000
6fb30f85
907321ff
00ef3400
80670080
20f30000
ea053400
557d6e95
54b39f96
40b1021a
027eaa33
40b25d33
02d440b3
af378c95
0f13a5a5
6fc15a5f
41ff7fb3
019a55b3
ce636979
016a0217
6a7d717d
8e85011a
016e1033
03b2c0b3
0fb74f01
1ffd8000
41ff6fb3
340f1073
34002ff3
34003ff3
01f8eb33
01ac87b3
0c131614
d2637c29
816902c5
00b96263
03220033
cfb3e505
7f41013a
0fb70f05
4fb38000
894d41ff
0a88409d
fdb3815d
0001003c
027226b3
017696b3
8f986b93
03524263
afb76f41
8f93a5a5
1f935a5f
e919600f
9513717d
8299015d
77d82a93
86bf3013
000186cd
8eb58491
80000f37
4f811f7d
601f1f93
402f0ab3
034591b3
af548913
0346b033
415d0033
ed6398fe
57fd021b
45330001
0f370216
7fc18000
1f930f85
ce33602f
80ed0014
01d20d33
04a61e63
00e39463
00219a93
033bd033
268a6013
015b69b3
8707ec37
a5a5af37
5a5f0f13
4fb36fc1
10730bff
44173404
04130000
c00410e4
00242223
00840113
4f02c07e
01f42423
c4044404
00442103
24734004
5e333400
8d11417f
017bd2b3
9b338d4a
609300a7
86b3cf5f
8f754052
00018d49
0fb74f01
1ffd8000
0bff5fb3
26b31ffd
8a9303a0
1eb36193
b11300fa
6e93f559
6bb3d382
7e970089
10637db7
e61d0360
0f057f41
80000fb7
0bff6fb3
015dfe33
028b0f33
0ab3814a
323341e0
8d690399
b6e59ab7
01fcb933
02a49733
6f410001
a5a5afb7
5a5f8f93
0bff7fb3
026f56b3
0ab18f35
0219b9b3
029f0eb3
857504a1
02da1ab3
018b6b33
03c6d063
80000f37
4f811f7d
604f1f93
41adda93
4f138d35
e1634faa
9e2e04b2
455cca13
00ddd463
014fdc93
fa86af93
0f37e0a9
7fc18000
1f930f85
9073605f
20093400
004000ef
004000ef
00000097
00c08093
00008067
340020f3
c017644d
dc63cdad
865e0235
3e338a8a
89b302e3
726303d7
969301a6
de9301bf
af3701a8
0f13a5a5
6fc15a5f
080f4fb3
025faf33
02c09033
5c9351fd
d0134149
6aad40c5
5d330b88
8ec502b7
1915eb13
0fb74f01
1ffd8000
61ff1fb3
002625b3
01e30033
0d2f8897
03496233
01a81b93
bf2cc993
002b3cb3
9632dc17
01776c63
00d46863
0f057f41
80000fb7
61ff5fb3
03d90f33
691e7897
000f8033
8e918ed5
80930714
10338d7a
90da0034
6f41864d
a5a5afb7
5a5f8f93
607f5f93
34009073
008000ef
00008067
340020f3
25493513
055a6a63
200d6593
29a42113
f2630001
d0130429
53634161
7133075a
60f901e4
80000f37
4f811f7d
287f5f93
80000f37
4fb35ffd
6fb303ff
4f8103ef
03ff5fb3
6fb34f81
303303ff
aeb301a0
bf93002d
8d51a34f
64059092
ae273c93
00a71d13
5b935e7d
0f37006e
7fc18000
5f930f85
3293698f
ee098c3f
019e3f33
8eb38d92
7763039a
9762022f
00e16e33
020f35b3
0522e963
a5a5af37
5a5f0f13
1fb36fc1
597d49ff
02855763
a4a1ed13
0122e0b3
0c876d93
023ec4b3
01ec6c33
8d0dc98d
4f010001
80000fb7
5fb31ffd
d51349ff
85d240b3
03c954b3
48b39c0a
bbb301d7
a63302bf
5cb300fe
3c9300b1
047915d4
0f057f41
80000fb7
69ff1fb3
01935533
03553133
0035e363
21b7c129
b633926a
2193006c
d26362cc
4d6300cb
9b8a0374
afb76f41
8f93a5a5
1fb35a5f
107329ff
2ff3340f
3ff33400
8d453400
01352ab3
5b330001
8763022b
d21700eb
66330131
ecb9014c
cd138d6d
0f3757f4
1f7d8000
1f934f81
553349ff
8b3340f5
870600ad
02652b33
03c3e8b3
037dc433
8733c405
c26300bb
9033003d
0f37038e
7fc18000
5f930f85
a8b748ff
90863f10
0019d013
0459fd63
00d2b033
022ee263
018ac0b3
02bd07b3
1663717d
af370362
0f13a5a5
6fc15a5f
680f1f93
02a89a33
00969033
75b30001
a0130127
20338101
07930190
d1634e4c
df930320
9c420185
0fb74f01
1ffd8000
29ff1f93
d9338e01
6a634003
c109057a
01270cb3
57638a69
8121046a
1b0c8d0d
0f057f41
80000fb7
0fff5fb3
34041073
00004417
cf040413
2223c004
01130024
c07e0084
24234f02
440401f4
2103c404
40040044
34002473
e6b3997d
851101fe
a30aaa93
c2fea013
02de88b3
02b3e4b3
011a4e63
4173dc93
6f418d2d
a5a5afb7
5a5f8f93
0fff7fb3
006fa733
03b85563
d4634099
c6630007
f76303da
a13305d8
df13016a
8d510034
0f37c10d
1f7d8000
2fb34f81
bd3321ff
60b502c9
643361b9
2233005a
30330282
0db3012e
1e33011c
80e603db
69244e97
80000f37
0f857fc1
21ff4fb3
851d8d95
01457263
405f8033
855d8089
01cdaab3
0174dd63
00aa6433
007e5013
a5a5af37
5a5f0f13
6fb36fc1
beb321ff
626301de
cd39080b
40a4da93
0321bab3
00138285
10fde2a7
ef330001
4f0103e6
80000fb7
7fb31ffd
907341ff
00ef3400
80670080
20f30000
90733400
20093400
004000ef
004000ef
00000097
00c08093
00008067
340020f3
8ed58cad
8d558d39
a9e68593
41765093
40745713
8bb38b06
35b3006e
7f410303
0fb70f05
6fb38000
719341ff
88633f03
966200f3
5bfd9b26
8a338d09
967203a9
03e9d4b3
042ad163
afb76f41
8f93a5a5
4fb35a5f
5f1341ff
f36341a5
00010125
00dfc633
25236c13
4763899d
0f330257
10fd4132
0f37c639
1f7d8000
1f934f81
9b33600f
603302b2
8d0500ae
005bb633
01eed693
021c4533
036b9033
02db0eb3
daa84597
0f3798fd
7fc18000
1f930f85
5e13601f
9d63002c
4113007a
0001e42e
6afd1d7d
03a45d33
1ba88a13
00bd3db3
03998e33
a5a5af37
5a5f0f13
1f936fc1
0f37602f
5ffd8000
03ff4fb3
03ef6fb3
5fb34f81
4f8103ff
03ff6fb3
03ebe433
ca63612d
e2b300e0
0aca0269
002dc263
f4fdf137
4dbd0001
4f018706
80000fb7
4fb31ffd
36330bff
3fb30267
d2b30103
8fdd0185
0081b533
03d911b3
032232b3
01de5db3
036d39b3
7f418ac5
0fb70f05
5fb38000
e8050bff
01feecb3
4033095e
2d130253
aab3642a
e0b30008
8d4d0298
278ba113
03a96cb3
afb76f41
8f93a5a5
6fb35a5f
7d130bff
0ab34458
84324018
004290b3
c3630001
0001035e
77b36d51
f763010d
0f370349
1f7d8000
7fb34f81
fcb30bff
018801c9
00cee263
002d88b3
ce6fefb7
e4b34fa5
c51d0024
41e180b3
0081df93
80000f37
0f857fc1
604f1f93
340f1073
34002ff3
34003ff3
003c76b3
5c1361a1
0001011e
0200d9b3
0121dd93
40665233
0040e633
6cfffa13
c6c7e113
a5a5af37
5a5f0f13
1f936fc1
8e49605f
03324a63
73bf8037
25640513
88b360b5
55b341a0
026340f5
7fb3024c
0001015d
0fb74f01
1ffd8000
080f4fb3
02b689b3
8c598d0d
b0138d15
3a135581
851992cb
c5287113
e0a1494d
0f057f41
80000fb7
61ff1fb3
bf9e0e13
0cb38d69
48b3020b
05e201cc
8d010996
037c6033
00c31213
41b7d933
afb76f41
8f93a5a5
5fb35a5f
1e6361ff
4d9301a1
a713da45
81b34522
8d6d0073
415807b3
014e9033
21b36671
bf93034c
0f378eeb
1f7d8000
5f934f81
1073607f
44173404
04130000
c0048de4
00242223
00840113
4f02c07e
01f42423
c4044404
00442103
24734004
df633400
8fde05d1
406852b3
02218e63
006b9db3
03d6ce63
00fbd463
aac1c013
0545ea63
7c63b893
80000f37
0f857fc1
287f5f93
34009073
008000ef
00008067
340020f3
41035b93
005dc7b3
068c1063
d2931310
80330146
e9050135
00c7bc33
03bd8563
af37997d
0f13a5a5
6fc15a5f
698f5f93
02004963
515e3213
027a14b3
2d767f17
01a5ecb3
b7b38d8a
86330168
0cb301bd
c03303dc
4f010120
80000fb7
1fb31ffd
8c6d49ff
00ce9213
89310001
0697c963
6df50bb7
bd138d79
8ea95316
401e04b3
0f057f41
80000fb7
49ff5fb3
19330001
1db3021c
95130301
51930004
5a3301ca
f9934133
eab3781e
c2bd005f
6f41856d
a5a5afb7
5a5f8f93
69ff1fb3
34009073
00ef2009
00ef0040
00970040
80930000
806700c0
20f30000
5b633400
6119012f
03a74263
cd13971e
3a131e28
00017882
f7b70001
857d190f
80000f37
4f811f7d
29ff1fb3
8ee182cd
005540b3
0077edb3
51fd99fd
80138f09
9b333f53
623900bc
80000f37
0f857fc1
49ff1f93
015f1113
f2b31a14
76130149
0001e804
a8c57493
014d3733
41fd5493
029cd4b3
40aa5ab3
a5a5af37
5a5f0f13
5f936fc1
000148ff
230dfb93
503367e1
9eb3404a
04d60036
9f338711
309302da
5013d5fc
4f014064
80000fb7
1f931ffd
bb37680f
5433d5e2
d9b3408d
9bfd020f
019c4bb3
03723a33
001e5713
f8c72b13
30130ea2
7f41da4a
0fb70f05
1f938000
0f3729ff
5ffd8000
03ff4fb3
03ef6fb3
5fb34f81
4f8103ff
03ff6fb3
c7b31c88
39330062
fbb30245
976600c5
6f3388e5
f7b301dd
e5b301af
eb33014f
6f4102fe
a5a5afb7
5a5f8f93
0fff5fb3
0084d233
01a8c663
91b3ca89
127d037b
52338d25
3033006c
717d0132
020c7563
80000f37
4f811f7d
0fff7fb3
023e4633
f7174ba5
c0931b98
5263c649
5bb30032
36b30108
60910290
01aa89b3
0f37c139
7fc18000
2fb30f85
000121ff
0284ac33
06b04263
013459b3
017a9013
01c68a33
0132c263
033a8863
00330708
af37035c
0f13a5a5
6fc15a5f
21ff4fb3
7597cd1d
a4b3f402
e2b302e4
826300e3
9f3300ea
8d710268
00a4e433
82c982c5
0fb74f01
1ffd8000
21ff6fb3
340f1073
34002ff3
34003ff3
b0b38d09
0a63011d
000102e5
b293ec19
1efd00b3
f46390fa
19930367
7f4100db
0fb70f05
7fb38000
403341ff
56630263
303300e7
e0130093
8cb35384
303300b5
74630396
ef93009b
f4137313
6dfd7b5d
afb76f41
8f93a5a5
6fb35a5f
907341ff
00ef3400
80670080
20f30000
85253400
03128d33
00a61263
00a8adb3
00ea74b3
815d0001
418f5d13
026cc863
01bb9b33
80000f37
4f811f7d
41ff4fb3
00f8cb33
02731663
034fe6b3
028d41b3
82402d13
09778063
c2158571
00774eb3
cc968013
80000f37
0f857fc1
600f1f93
c933717d
8d5101d6
034c24b3
d9136d0d
7693002a
d4b3fc52
b63302f1
92b30177
af3703ff
0f13a5a5
6fc15a5f
601f1f93
34041073
00003417
4ac40413
2223c004
01130024
c07e0084
24234f02
440401f4
2103c404
40040044
34002473
00764b33
00cc5233
08b30001
ef13034a
d2b3573e
bb930140
819382cf
87a63271
03a6d863
0fb74f01
1ffd8000
602f1f93
1ad20037
8a05c793
01c4cf33
01255213
5861ae13
0bb28a6a
40bc8db3
03e53c33
7f41147d
0fb70f05
4fb38000
0fb30bff
6b6303cf
805500cb
02947963
017aa7b3
5a9d8613
0288e633
87c10a84
6f41628d
a5a5afb7
5a5f8f93
0bff5fb3
82e6ce81
54338d35
02b303bc
4c17006c
8fd1c497
39e82c93
da9382fd
0f370184
1f7d8000
6fb34f81
c8b30bff
08930208
3e133318
8c9325b6
52336639
da174001
8ed595be
002d46b3
941ec597
c7441037
80000f37
0f857fc1
0bff7fb3
34009073
00ef2009
00ef0040
00970040
80930000
806700c0
20f30000
68b33400
2533001d
61170306
9e934841
ca9301c7
16632d36
1eb300ed
48b303d0
b5170270
a9932ac7
af377b03
0f13a5a5
6fc15a5f
604f1f93
81698559
017a4c63
1b33e605
deb30233
0001030f
02a18c33
40718bb3
02fe6fb3
0fb74f01
1ffd8000
605f1f93
0015c1b3
002f3fb3
0095d363
61798d09
028f9d63
03b7e233
1792a017
4aee0493
7f41044a
0fb70f05
4fb38000
4263080f
da13006c
1db3003f
1fb302ad
5eb30255
8d0503da
40b38eb1
547d03f9
c7beb493
afb76f41
8f93a5a5
1fb35a5f
8d3361ff
60b5035f
ef9dc535
023568b3
5efd91be
9c763f93
1fb381f9
0f3702b9
1f7d8000
5fb34f81
0f3761ff
5ffd8000
03ff4fb3
03ef6fb3
5fb34f81
4f8103ff
03ff6fb3
01375b13
01b3e69d
449302ed
1208c53e
70338c2d
148800e4
c1a697b7
0fd1ce93
80000f37
0f857fc1
607f5f93
0001c289
20176889
6f63f855
9b7d005a
60bd6dbd
5e1700c2
af37dc46
0f13a5a5
6fc15a5f
287f5f93
7f8b0193
00010388
e304b037
4075d033
05910e3a
00f80d33
00cb5b33
00249893
0fb74f01
1ffd8000
698f5f93
34009073
008000ef
00008067
340020f3
0b42044a
5785e913
089da213
1dfd0d88
90338d01
98b70281
85056f72
0f057f41
80000fb7
49ff1fb3
01ce1433
85d18d09
00ca4b33
6233ee31
826e0285
400c5213
403257b3
010b5f63
afb76f41
8f93a5a5
5fb35a5f
107349ff
2ff3340f
3ff33400
cc133400
6113c574
0001676a
027fd263
01bbdf33
1cfd1588
02080033
00086d33
05440b63
80000f37
4f811f7d
69ff1fb3
40bcd7b3
011d9e63
018e2c33
bc23b113
011e41b3
00f3b0b3
03fc9fb3
4131e109
0f378531
7fc18000
1fb30f85
e03329ff
176301b8
8466024f
01b61713
fb63717d
5d6303b5
85550114
1e336155
af370368
0f13a5a5
6fc15a5f
49ff1f93
03dadcb3
01c6d8b3
0a298e05
00543ab3
00ef4b33
1f0d4a13
413250b3
08638569
4f01034f
80000fb7
5f931ffd
8fb348ff
94b30124
e6130267
8d2df2ce
03671233
d73397ee
bf1741bc
20133120
d293669d
7f410115
0fb70f05
1f938000
1073680f
34173404
04130000
c00409e4
00242223
00840113
4f02c07e
01f42423
c4044404
00442103
24734004
49b33400
e1b300f9
61b3027d
8d290301
db9360b5
000101dc
1a7d8755
015dfb63
afb76f41
8f93a5a5
1f935a5f
a71329ff
8d3126c6
03f0a1b3
827b0993
034cafb3
852589d5
77136115
696356bd
0f3702b4
1f7d8000
5fb34f81
86d50fff
023f5863
007f0ab3
0000d8b3
0090e6b3
06886d13
03466633
0310ea63
01a27433
0175a033
80000f37
0f857fc1
0fff7fb3
41ffde93
03f814b3
8d511b7d
02d2fa63
8e1380f5
997d1f52
03eff763
007d0733
a5a5af37
5a5f0f13
2fb36fc1
596321ff
4b91003e
00018d45
00428bb3
53460013
00548a33
1f631a94
871102af
0fb74f01
1ffd8000
21ff4fb3
34009073
00ef2009
00ef0040
00970040
80930000
806700c0
20f30000
1c7d3400
080ff413
c433857d
000103f9
6993717d
8e958728
03043633
7f41eb09
0fb70f05
6fb38000
a6b321ff
2ab30353
c29303e3
6363dd7c
57fd02a6
053382cd
80134167
49d1599d
6f41e10d
a5a5afb7
5a5f8f93
41ff7fb3
0d31ca13
a213e089
58b313ff
adb3021b
ab3302a8
c11d01eb
89759e37
923364dd
0f3700e6
1f7d8000
6fb34f81
171341ff
00010105
02ca5733
c1fda293
e0118d0d
8f6e97aa
f3432c93
401c5013
80000f37
0f857fc1
41ff4fb3
34009073
008000ef
00008067
340020f3
33604613
8349e437
8d3598fd
a51d4d13
00b140b3
02917c63
0307fa63
4147d017
005379b3
a5a5af37
5a5f0f13
1f936fc1
0f37600f
5ffd8000
03ff4fb3
03ef6fb3
5fb34f81
4f8103ff
03ff6fb3
03208133
405bda13
db138d0d
0001019c
05000001
0387a233
0492e863
4f01891d
80000fb7
1f931ffd
9163601f
c96302b3
7713030b
cd214a71
028d1433
004eab33
65bda113
0284b733
d9298893
006a6bb3
0f057f41
80000fb7
602f1f93
41150033
26467593
8d050d08
00eb3033
032c4663
40b38133
41bcdcb3
004f49b3
01eac733
afb76f41
8f93a5a5
4fb35a5f
86350bff
03ad1c63
40055133
151c0c08
a3d68b13
01a09e93
00261a93
02169e33
0f37997d
1f7d8000
5fb34f81
e4330bff
39b30150
1cb300b2
8de201fe
0144a0b3
20338e95
8d69030e
032360b3
0f378eaa
7fc18000
6fb30f85
10730bff
2ff3340f
3ff33400
e1b33400
8fb10332
01571013
679156fd
00369893
024c1763
025b2033
00b38ea5
af3740e8
0f13a5a5
6fc15a5f
0bff7fb3
12930001
717d001a
00d4d263
30b3810d
00010281
00018d75
43bff793
0fb74f01
1ffd8000
604f1f93
8ec18e35
021c8363
8d11717d
7fa4c013
4101df33
55afe893
94335f7d
7f41018b
0fb70f05
1f938000
0466605f
cb630001
6e7902e8
b9130b2e
11636c61
023308d7
8e1901de
00805bb3
afb76f41
8f93a5a5
4fb35a5f
af13080f
fa13acda
bd3775d5
8d2902dc
41b36175
90370376
717d826a
c9638029
0f370586
1f7d8000
1fb34f81
107361ff
34173404
04130000
c004c9e4
00242223
00840113
4f02c07e
01f42423
c4044404
00442103
24734004
f7333400
00920111
0375ef33
010bb7b3
0381f563
abad2093
00b89e33
ea130001
a033325c
0f370052
7fc18000
5fb30f85
0c3361ff
0f934155
40b3dba0
00940185
e2630a7e
75b30109
58630162
7e630376
e90105b2
a5a5af37
5a5f0f13
5f936fc1
8033607f
9d630353
7263010f
6eb30287
00010352
17b38d7d
61610050
010ccb63
4f018d69
80000fb7
5f931ffd
0f33287f
717d02c4
02be65b3
0005f7b3
025e7b63
0f65bd13
02211b63
00018129
7f410001
0fb70f05
5f938000
d1b3698f
026341cd
9b630038
51b3063e
d01302a4
ce9340ad
6033c2fa
cc63002d
8ec90529
018a8933
afb76f41
8f93a5a5
1fb35a5f
907349ff
00ef3400
80670080
20f30000
90733400
20093400
004000ef
004000ef
00000097
00c08093
00008067
340020f3
03566eb3
026ac033
00c762b3
01f5e263
0bfa8d31
81590001
02a30e33
03a72e33
80000f37
4f811f7d
49ff5fb3
001997b3
1b636229
2513045d
9bfd0cf3
02e00433
e4aca613
d2b38635
e28d036d
80000f37
0f857fc1
69ff1fb3
84338d09
b5334033
8193016c
0001715c
02721233
38b26d13
6e939d5a
4c939963
af37a7b5
0f13a5a5
6fc15a5f
29ff1fb3
8e49997d
eb93997d
8ea5e236
8f138fd5
6139c49d
038ac963
410457b3
0fb74f01
1ffd8000
49ff1f93
416288b3
0002c463
01deadb3
5b176685
00334024
47630364
46b30439
7a93002e
c139c767
0f057f41
80000fb7
48ff5f93
80000f37
4fb35ffd
6fb303ff
4f8103ef
03ff5fb3
6fb34f81
cd6303ff
a6130493
f5335a2f
833100a9
6b33717d
803303a6
19fd4028
0382aab3
01011493
afb76f41
8f93a5a5
1f935a5f
8233680f
8959026f
8e150001
02cbc863
4fb38d55
5133028a
00de40d2
01ed2ab3
80000f37
4f811f7d
29ff1f93
03bbdf63
005305b3
f03e4293
0393c963
6b33412d
098800e9
e1950001
01b1ba33
80000f37
0f857fc1
0fff5fb3
0158a133
4b13814d
82e188ea
015e08b3
ae93717d
451dd454
46631514
af3702f5
0f13a5a5
6fc15a5f
0fff7fb3
d4d5b593
405b8d33
5a630001
4b330237
86d5028d
801318fd
99137ffa
0bb600db
0fb74f01
1ffd8000
21ff2fb3
340f1073
34002ff3
34003ff3
0001167d
f79780b6
df13b6ea
8d09405b
863316fd
9913039e
b497010d
7f419151
0fb70f05
4fb38000
273321ff
3e9303f1
c109ce43
039510b3
8659c509
8ab30086
5c7d41f0
6f410001
a5a5afb7
5a5f8f93
21ff6fb3
41d00133
0022b433
96760001
93638e8d
ee1900e5
8e1192e6
0f378d0d
1f7d8000
7fb34f81
5f6341ff
023300ba
8d6941fd
01a068b3
0239cfb3
0ff1cd93
03306133
01e05493
40a1d093
8e564c93
80000f37
0f857fc1
41ff6fb3
8b631688
52130120
f6334151
61710191
01e28263
05e49863
cd4daa13
05338931
af370282
0f13a5a5
6fc15a5f
41ff4fb3
34041073
00003417
89840413
2223c004
01130024
c07e0084
24234f02
440401f4
2103c404
40040044
34002473
03636e33
01a64d63
039742b3
00388033
fe638d21
27b30495
127d0097
15fd8c89
0fb74f01
1ffd8000
600f1f93
34009073
008000ef
00008067
340020f3
84921c00
41cd0133
01ef8033
03fe2133
03d20fb3
02adb0b3
41280cb3
030b40b3
7f410001
0fb70f05
1f938000
0563601f
8d4d0008
1c16b113
02825b63
50e2e513
02e1e2b3
000e4433
cd81db97
04bdfb63
22c08193
afb76f41
8f93a5a5
1f935a5f
4a63602f
d613004f
01b30030
8e2901c3
00d508b3
90138e52
511300db
597d4112
0f378e91
1f7d8000
4fb34f81
0e330bff
6533413a
636303e0
559304ce
15b341f0
c96302cc
b1330524
00010198
01ef6cb3
0f37c695
7fc18000
5fb30f85
90730bff
20093400
004000ef
004000ef
00000097
00c08093
00008067
340020f3
41ef0c33
b04a7913
00a57933
00880eb3
86cd6513
8d5584b2
c9050001
03593b33
a5a5af37
5a5f0f13
6fb36fc1
abb30bff
2d3300f4
50b302de
31b30166
4b93039a
02635a74
69b30049
717d01e8
01456fb3
4f010988
80000fb7
7fb31ffd
0f190bff
dc338db9
000140c7
72b384f5
19630127
e0330227
47b303e5
ac130397
7f414028
0fb70f05
1f938000
1933604f
8b710088
00a95713
40015733
03ddbdb3
02a58463
992e0217
03f55e33
d093997d
6f4141c2
a5a5afb7
5a5f8f93
605f1f93
99432013
01ed5733
00017663
7f93e129
8d554de3
00018d29
038560b3
8b692a13
80000f37
4f811f7d
080f4fb3
80000f37
4fb35ffd
6fb303ff
4f8103ef
03ff5fb3
6fb34f81
f36303ff
c9110118
011486a1
01b72033
b4338f79
9cb3009c
00010009
012217b3
80000f37
0f857fc1
61ff1fb3
1d9350fd
9c97008b
2433c0bb
6263015c
529301f6
8d3540c5
01aa5f13
06f9d263
023be5b3
a5a5af37
5a5f0f13
5fb36fc1
f46361ff
e01301e4
00017456
5663ea8d
0a3303de
01b7019f
00332c97
12934029
59330011
4f01036d
80000fb7
5f931ffd
7b63607f
1f13015d
8263014a
0001001d
02548fb3
07c16163
010f18b3
7d913fb7
73638ee1
7f4102ff
0fb70f05
5f938000
8263287f
8d110444
00fa58b3
0a938d35
0c33d340
717d405c
02d6ea33
810558fd
afb76f41
8f93a5a5
5f935a5f
1073698f
2ff3340f
3ff33400
6db33400
4a63034b
26b3029d
c0330090
14330040
b59300f3
8d559e00
380dcc93
0184da13
006add33
80000f37
4f811f7d
49ff1fb3
8d6986da
8f339f5e
5f33414d
d4330236
d63300d9
99920001
25a6bc93
01ee1793
80000f37
0f857fc1
49ff5fb3
34009073
008000ef
00008067
340020f3
b6336e59
48930185
8ea9881b
01e13033
4115dd33
11b3ca85
1a7d020d
82124013
a5a5af37
5a5f0f13
1fb36fc1
000169ff
00030d33
aab39a7d
717d02db
00a1b2b3
997d09c6
00e70bb3
030e4563
0fb74f01
1ffd8000
29ff1fb3
02cb9933
06796463
010494b3
6f630c14
a213053a
0ab3d737
0d1340bb
d763da52
d23305ea
7f4141bc
0fb70f05
1f938000
107349ff
24173404
04130000
c0044664
00242223
00840113
4f02c07e
01f42423
c4044404
00442103
24734004
92633400
023304bd
83b90325
be48b193
03da4d33
06b9f163
e0338546
14fd0277
427dc617
afb76f41
8f93a5a5
5f935a5f
be1348ff
063191d2
5e7de997
8db38932
7663413d
d4130309
dd930030
4033414d
82330226
0f370209
1f7d8000
1f934f81
ef33680f
686300af
41b3000f
e663031c
d0630234
00ce0205
02a29db3
0058e6b3
c9018d49
80000f37
0f857fc1
29ff1f93
3cb38911
026300f2
e5b30178
d7630303
526302d5
79630080
8f8d028e
401f5a33
af378d09
0f13a5a5
6fc15a5f
0fff5fb3
042d7863
60e1c919
035b3033
ff13815d
4663cd1e
4701055f
f763e129
4f0102a6
80000fb7
7fb31ffd
90730fff
20093400
004000ef
004000ef
00000097
00c08093
00008067
340020f3
016d6e63
00341193
01d87463
f1c03013
75338f71
16930183
51fd01ca
b14c6c13
01b89013
0f057f41
80000fb7
21ff2fb3
537ec293
01a9fab3
01e0f6b3
e5756017
03d76663
92630001
8d2e01b7
00eedf33
034490b3
afb76f41
8f93a5a5
4fb35a5f
8c0121ff
059c7563
d8d86793
db338d11
df33014b
00ae00fe
03e66463
00687233
00f24133
80000f37
4f811f7d
21ff6fb3
d9b38ead
9b9303a3
d01300cd
ed0500da
d593c60d
c26301a9
c01303b3
88b308f6
0f37411f
7fc18000
7fb30f85
c73341ff
c06300f2
c7970605
2433a5db
003303aa
32930267
717d7872
02a2d863
8df16159
a5a5af37
5a5f0f13
6fb36fc1
0f3741ff
5ffd8000
03ff4fb3
03ef6fb3
5fb34f81
4f8103ff
03ff6fb3
c5e76cb7
dc8b8213
0106e8b3
d7812013
d2638c6d
88a10100
8c630d12
fab301ca
4f010117
80000fb7
4fb31ffd
597d41ff
de338aed
8a63409e
f0330050
8fc20030
32baa513
034f3733
a2338d55
7f4103da
0fb70f05
1f938000
b133600f
08630017
7db30596
056301cc
1d9304bc
df130029
cf630121
c56303a3
50130295
f4130145
6f4121f7
a5a5afb7
5a5f8f93
601f1f93
34009073
008000ef
00008067
340020f3
0172e0b3
9e338e51
d7b30395
8d49409c
01af4033
008fb033
033d2d33
0370cab3
0f374ff1
1f7d8000
1f934f81
dc63602f
0b630032
852d034a
95b380ee
f2b30288
eb930116
948ac921
90338d59
0f37038b
7fc18000
4fb30f85
10730bff
2ff3340f
3ff33400
0dad3400
03141033
021eacb3
03aa4033
03b04563
02b00463
03449763
0117a033
8f29ed1d
a5a5af37
5a5f0f13
5fb36fc1
09130bff
1ab38f62
824203b6
1d9c8793
02417063
e91582a9
013b88b3
00bec6b3
4f010685
80000fb7
6fb31ffd
81fd0bff
d9638d05
01b30252
c7334146
903301f8
59b303f6
de9302d8
c7330115
c43301e5
7f410338
0fb70f05
7fb38000
e2370bff
90cede93
0063717d
a5330949
81e101e6
41e65213
cb636141
7f630036
6f41074c
a5a5afb7
5a5f8f93
604f1f93
00f9cf63
f6138d55
51636b90
9cb30990
a093015f
54b3b4df
90334133
ed150034
0f370001
1f7d8000
1f934f81
1073605f
24173404
04130000
c00403e4
00242223
00840113
4f02c07e
01f42423
c4044404
00442103
24734004
50133400
f11740b3
9aee388b
d823fd93
b251cf13
3433c505
8f3a001f
41aadbb3
407bd8b3
80000f37
0f857fc1
080f4fb3
001e1c13
8519717d
85518d11
85358d49
86628d09
af37ed21
0f13a5a5
6fc15a5f
61ff1fb3
717d8f8d
01a39293
00010001
01a55263
00d5ad33
00e71263
08630001
4f010028
80000fb7
5fb31ffd
8d7961ff
023f17b3
deb3c505
fc1300b9
02b36ee7
74630381
00010355
028be163
01c9fbb3
0f057f41
80000fb7
607f5f93
03ed9e33
4043dcb3
00539033
6017e919
aeb3adb8
5b3301b1
12934094
92130187
616900cf
afb76f41
8f93a5a5
5f935a5f
9073287f
20093400
004000ef
004000ef
00000097
00c08093
00008067
340020f3
00a96533
aa93ca95
80b33a6e
cf050223
038ecd33
82516ba1
40555b93
cc712d97
80000f37
4f811f7d
698f5f93
01936433
01701f63
03861563
00b0f933
02379bb3
ff13cd39
cd37e79f
17335c5f
1b330248
0f370342
7fc18000
1fb30f85
8e3549ff
01a2c263
0034eb63
0110a433
00d149b3
10130bdd
c0330002
11b30272
19980186
a5a5af37
5a5f0f13
5fb36fc1
b6b349ff
52b303d9
47fd006d
d2631dfd
0d0800ba
01f67263
bdd30eb7
002e6a33
63d5e693
0fb74f01
1ffd8000
69ff1fb3
34009073
008000ef
00008067
340020f3
043fe463
e2298105
276df293
020669b3
003956b3
00635d33
00ab1e93
98638aaa
7f41074e
0fb70f05
1fb38000
0f3729ff
5ffd8000
03ff4fb3
03ef6fb3
5fb34f81
4f8103ff
03ff6fb3
da931f14
26b300ee
10330022
d0130068
c0334089
d013022d
8a6640df
f95d2f93
6f419cda
a5a5afb7
5a5f8f93
49ff1f93
02466cb3
ec460093
03e83533
852d8d29
94b382f1
9fb300ea
4cb30318
f01302b5
0f37335a
1f7d8000
5f934f81
bf3748ff
30137c7a
ed135024
86f94184
01889d13
03890533
00007233
002b5193
02be1bb3
02106ab3
80000f37
0f857fc1
680f1f93
03c0cbb3
00e6b5b3
97931f88
cd2901ee
028e3d33
00e7fab3
9a938515
8c96016b
a5a5af37
5a5f0f13
1f936fc1
2b1329ff
6dcd1f28
5ddfb693
054ac121
00107433
03861133
030e0a63
4127d693
01ab70b3
0fb74f01
1ffd8000
0fff5fb3
340f1073
34002ff3
34003ff3
80d58546
01c40a33
01e2d2b3
015688b3
021e6db3
03760b33
0d9349b5
90175c45
7f41b2ce
0fb70f05
7fb38000
d0330fff
a5134197
8d491d3b
2ead4f93
03f1e633
01401763
02962f33
28b38d15
f66303f5
6f410334
a5a5afb7
5a5f8f93
21ff2fb3
8b0ae497
86dd0f93
8abd613d
94630001
a433014f
2cb30222
c5130070
56b38a3d
0f370084
1f7d8000
4fb34f81
201721ff
87b303bb
103303c2
99d20279
02849133
4e85e793
033da6b3
89510001
0237cbb3
80000f37
0f857fc1
21ff6fb3
0420e613
4d10ea13
00ca9113
41fd8933
41498d33
02ede233
55b31b7d
c9630028
42b30406
af370151
0f13a5a5
6fc15a5f
41ff7fb3
34041073
00002417
c1c40413
2223c004
01130024
c07e0084
24234f02
440401f4
2103c404
40040044
34002473
3613e109
8ec18148
01f70633
00ebfc33
95639686
8f3500ec
00f19f93
024ba4b3
0fb74f01
1ffd8000
41ff6fb3
3815b293
eb246893
8f45717d
01655463
401a5733
c49310fd
41b32e6a
11130222
7f4101cf
0fb70f05
4fb38000
1b3341ff
df630160
8113005f
5863da08
4593032f
c363974c
ea1d03de
40b90e33
fba98193
6f416149
a5a5afb7
5a5f8f93
600f1f93
03cf9763
034acab3
24138d25
3c138394
c7b3f9ab
c68d0146
1654f013
20178121
0f377b43
1f7d8000
1f934f81
d133601f
6b930019
557d0c00
013105b3
8521015e
21978d25
48b30695
0d080318
80000f37
0f857fc1
602f1f93
34009073
008000ef
00008067
340020f3
34009073
00ef2009
00ef0040
00970040
80930000
806700c0
20f30000
861d3400
503390ea
3ab340a5
9893038f
5c9300f5
84930141
4963c617
5f7d040a
02e64063
a5a5af37
5a5f0f13
4fb36fc1
11840bff
d133717d
8e890324
01fe9033
00e2b9b3
0513ea9d
58b3e863
1d630241
4f0104db
80000fb7
5fb31ffd
90130bff
c109008c
4fff3213
003b5493
0331abb3
e8100713
d917c709
0c6384e8
9e33043f
7f4103a5
0fb70f05
6fb38000
aa130bff
26139406
4f33cb1f
2933012f
9b9300af
82c9012c
00f4bfb3
0125a7b3
0005f633
02c71463
afb76f41
8f93a5a5
7fb35a5f
c1330bff
8e8d01eb
01904033
76b76115
997dae48
0209df63
02b60c63
d1130b14
0f3740c7
1f7d8000
1f934f81
0f37604f
5ffd8000
03ff4fb3
03ef6fb3
5fb34f81
4f8103ff
03ff6fb3
90b38b15
091400b6
2b33917e
b13300d0
995601fd
1f138d51
0001004b
80000f37
0f857fc1
605f1f93
01e23f33
00cf7633
00019e6a
414c8733
dd33717d
4c3303e3
56130077
3b334014
af3702db
0f13a5a5
6fc15a5f
080f4fb3
016c5593
010e4363
717d60c5
01328a33
a74b4d17
418c56b3
015bd133
db430e93
0044d863
0fb74f01
1ffd8000
61ff1fb3
89790001
8d25e911
c6db4c13
b1139d3e
0001609f
012fc033
7f418179
0fb70f05
5fb38000
d6b361ff
8539407c
03b15033
09ff3793
01a6c033
6e668213
02ebc2b3
01d81113
25e38013
00e109b3
afb76f41
8f93a5a5
5f935a5f
1073607f
2ff3340f
3ff33400
c0b73400
34b33b19
aeb30051
b5330174
051a02a5
e13390e2
854d00cf
00865113
0f37071c
1f7d8000
5f934f81
8d75287f
b7147793
02d3e563
01cbf033
69378019
3197f9c6
20173b38
8533644c
5513020e
0f37408c
7fc18000
5f930f85
36b3698f
469301e5
a293106a
443319c1
deb3008a
3d3340ad
e2630385
000101f6
038d6f33
af378545
0f13a5a5
6fc15a5f
49ff1fb3
02238633
029b14b3
30331d7d
146303ea
0693022b
0001ee7e
0160d493
03d2c7b3
4f0100fa
80000fb7
5fb31ffd
8d1149ff
997a8685
b5338d61
d5b30155
0a6300f8
5d130483
9a330111
d4630156
7f4105fb
0fb70f05
1fb38000
107369ff
24173404
04130000
c0048024
00242223
00840113
4f02c07e
01f42423
c4044404
00442103
24734004
ce133400
90131ae2
cb170078
426336fc
8d09041c
0235bfb3
13639576
941a041b
00baaeb3
afb76f41
8f93a5a5
1fb35a5f
907329ff
00ef3400
80670080
20f30000
8d653400
b2b38949
cdb300e1
c63301cd
503300d5
db3303d0
5533410c
196d41b7
02124fb3
80000f37
4f811f7d
49ff1f93
0143dd63
69936e0d
ce3302ee
649303d8
059043ce
4186d513
d033864d
09630000
0f3701ee
7fc18000
5f930f85
8d5148ff
07957a63
c99360bd
80eeffdf
3f931e18
ee13d242
7c339416
74b301e2
af37002f
0f13a5a5
6fc15a5f
680f1f93
563389c1
8d5101d1
013f5293
00018f4d
9f636c95
8135055a
4f018c51
80000fb7
1f931ffd
907329ff
20093400
004000ef
004000ef
00000097
00c08093
00008067
340020f3
415701b3
9fde0001
02090763
0129e433
014b5f93
66b3717d
bc1303df
1cfdc0d4
0f057f41
80000fb7
0fff5fb3
9ec71017
0091d263
8ef998fd
00255f33
8d758d31
001cdeb3
bb138129
6f413266
a5a5afb7
5a5f8f93
0fff7fb3
00065713
c50d0001
41ebd913
00d708b3
5a338d55
85630342
c28d0290
0f370001
1f7d8000
2fb34f81
69b321ff
66550389
a0b3c3a1
717d03f6
011ccd33
016d87b3
6cb39b86
c5630121
0f3702c8
7fc18000
4fb30f85
8eb521ff
019f74b3
0248a133
03ef6f63
00491113
717d1314
00ccd513
d7139ba6
af37400b
0f13a5a5
6fc15a5f
21ff6fb3
80000f37
4fb35ffd
6fb303ff
4f8103ef
03ff5fb3
6fb34f81
903303ff
130c01c0
00eed8b3
50fd40b1
50138d29
5dfd01ff
3213c289
4f01ec37
80000fb7
7fb31ffd
00c641ff
814d80c2
03b5bd93
05396863
d8934265
86fd402f
00c91f7d
0f057f41
80000fb7
41ff6fb3
7765ad93
fb13cb85
1c633b24
34b3021d
04b600e6
031a67b3
001d5b13
3cb308de
6f410070
a5a5afb7
5a5f8f93
41ff4fb3
03f14a33
17638d49
d793006f
db334061
8cd902c2
03145963
77d07f13
0206e533
01305a63
80000f37
4f811f7d
600f1f93
00141ab3
01c84e63
000519b3
9271e693
03fcb6b3
01331c7d
21b30301
813103e3
0f376f19
7fc18000
1f930f85
1073601f
2ff3340f
3ff33400
51333400
04460357
0b638f66
849700df
3633f7ca
65630238
8bc6037b
031d0633
29497093
a5a5af37
5a5f0f13
1f936fc1
6763602f
018907fd
01f0d013
411ddd13
d0130be6
45634170
0363040c
8e250228
020f1233
0fb74f01
1ffd8000
0bff4fb3
34009073
008000ef
00008067
340020f3
c435e293
009c0ab3
d9631288
57930322
42450167
4008dd33
00389263
02c13633
03f83bb3
0f057f41
80000fb7
0bff5fb3
034fd133
003b46b3
03120bb3
007d8263
40330494
d56301c5
c2b302d6
dd6303ff
953306e4
6f410357
a5a5afb7
5a5f8f93
0bff6fb3
76b3cd11
1a9400e5
00bb8433
04c7df63
03609133
de638ef1
98aa041c
313f4b13
80000f37
4f811f7d
0bff7fb3
34041073
00001417
3ec40413
2223c004
01130024
c07e0084
24234f02
440401f4
2103c404
40040044
34002473
870a86b1
401e5033
05b36863
803301de
50330183
717d417e
5e938171
0f3740b5
7fc18000
1f930f85
b533604f
08850196
02761933
b193e881
89064f2a
e9336da1
8ec903d6
014ac633
a5a5af37
5a5f0f13
1f936fc1
8509605f
033b1c33
02570b33
000b94b3
033e6fb3
01e29013
55330588
4033020c
9617022a
4f01cdde
80000fb7
4fb31ffd
9afd080f
c08dc517
41bd8d33
e633717d
8d4d023a
0237f863
96138139
d56300f0
7f4103b4
0fb70f05
1fb38000
967a61ff
13c2c013
00b6f263
3d4a7013
4bb72793
00c79f13
0109c233
86b30001
896341bc
6f4103c9
a5a5afb7
5a5f8f93
61ff5fb3
34009073
00ef2009
00ef0040
00970040
80930000
806700c0
20f30000
8e113400
01f96e33
01528233
dee6f913
00095013
48938ee9
099a2ccf
f3630001
0f370266
1f7d8000
5f934f81
0001607f
00981793
01956c63
c1130c4a
55b3ef81
00010094
0211ef33
03cf1f33
0f378299
7fc18000
5f930f85
5033287f
263303e0
00330235
8d5501b7
03a6d963
86630001
b013026d
1e336947
6963006e
af370323
0f13a5a5
6fc15a5f
698f5f93
7cfb2c13
01bf9f13
86bfc293
2eb30a69
026301e7
3b330134
813501b8
02beafb3
4f018d65
80000fb7
1fb31ffd
d8b349ff
a03302be
6b930198
d2136961
9bae4018
b78c8513
9f33c289
02630005
d2930068
7f4140d0
0fb70f05
5fb38000
0f3749ff
5ffd8000
03ff4fb3
03ef6fb3
5fb34f81
4f8103ff
03ff6fb3
90930288
e12d0188
012ba8b3
cb753493
40f804b3
24eff237
029a94b3
005b3b33
3b8e20b7
afb76f41
8f93a5a5
1fb35a5f
586369ff
11b30220
ad93004f
e4b30ac2
855d025a
02446133
02a3e463
9fb3997d
676300bb
0f370251
1f7d8000
1fb34f81
860d29ff
0236dbb3
53fa2d37
02e149b3
8d630001
859d031b
00540263
c12d3537
b48e8993
80000f37
0f857fc1
49ff1f93
34009073
008000ef
00008067
340020f3
0010c8b3
02826ab3
002d4b63
01a0e4b3
a7bb4e93
ed338f56
836302d0
973603b1
00f9f9b3
a5a5af37
5a5f0f13
5f936fc1
813d48ff
037cb433
8d110fce
64047913
e293051e
6205e497
03009133
f6fbcc93
0fb74f01
1ffd8000
680f1f93
340f1073
34002ff3
34003ff3
c4638d29
dc13007f
7a13002e
4da16f60
00597663
01629593
010af433
7cb38d6d
7f4100b7
0fb70f05
1f938000
169329ff
8d49009d
00fb7d63
38e36893
407fddb3
b7930804
2133471a
52930191
8ead4059
afb76f41
8f93a5a5
5fb35a5f
8cd50fff
50330001
8e710340
028e6ec1
be243a93
8ea5567d
a1809d97
80000f37
4f811f7d
0fff7fb3
6e698a85
03700033
0c63c695
76b3033b
25b301bd
7263031b
8ab3038d
0cc10002
80000f37
0f857fc1
21ff2fb3
5b77b893
03b58fb3
9b7d8909
8db38d65
716303d7
3033093a
87b3031c
89510096
a5a5af37
5a5f0f13
4fb36fc1
107321ff
14173404
04130000
c004fd64
00242223
00840113
4f02c07e
01f42423
c4044404
00442103
24734004
0f113400
02279033
071380b5
8693efd3
5593f404
44334168
ea3302d6
80130389
6033e75d
4f01039d
80000fb7
6fb31ffd
0a0821ff
41470eb3
000e8963
85266b49
013a5eb3
c93158fd
cb1394aa
7f415654
0fb70f05
7fb38000
fbb341ff
8d1500b2
408059b3
0094bbb3
400e4c93
021d57b3
8d3300ce
76b300e5
810d0117
afb76f41
8f93a5a5
6fb35a5f
0f6a41ff
039edd33
62638d4d
af930430
8eed6025
22b3717d
4a63002f
52b301fe
0f370040
1f7d8000
4fb34f81
db6341ff
8cf101da
01e265b3
7c4a2e37
01fd0bb3
0429ec63
05ac1b63
0162fc33
cc938d75
0f37cfff
7fc18000
1f930f85
9073600f
20093400
004000ef
004000ef
00000097
00c08093
00008067
340020f3
0121a7b3
03d7dc63
00015693
00779033
e9854a93
2e650537
00845d13
5dfd0001
0145fb33
a5a5af37
5a5f0f13
1f936fc1
8a33601f
8d15000e
02684e33
40ca55b3
015e57b3
003300f5
d8b3004b
ccb3024a
050800f9
0fb74f01
1ffd8000
602f1f93
5c246693
038fe5b3
3f130a90
81ed5291
00557763
a1138165
ec9327e8
3b338b45
7f4102fc
0fb70f05
4fb38000
85c20bff
52336b51
e1294032
01274233
01cfa4b3
3eb38fe6
00010099
4e9e40b7
afb76f41
8f93a5a5
5fb35a5f
90730bff
00ef3400
80670080
20f30000
14333400
8e0d002d
16940001
1dd3a413
d0339262
8ead410a
4af38713
0f378d12
1f7d8000
6fb34f81
0f370bff
5ffd8000
03ff4fb3
03ef6fb3
5fb34f81
4f8103ff
03ff6fb3
8b638175
0893013c
8f8e956a
f66388c2
c009021d
a935cc13
c13106c2
80000f37
0f857fc1
0bff7fb3
002fb133
928e3a93
69130001
e7133f37
01fa349e
03ab8d33
9d330001
8d4d0349
a5a5af37
5a5f0f13
1f936fc1
4b13604f
8b333793
0433403a
8eed40d2
01f1cd33
016fe663
8af90001
02e61663
038b8163
0fb74f01
1ffd8000
605f1f93
00deb433
0126ec33
0353d733
8b3382d1
01884053
41d15913
408cd013
015a1a63
d66cb413
0f057f41
80000fb7
080f4fb3
963300be
00ae03bb
00c326b3
9c0a8ecd
10330e85
dcb302c5
ddb3013b
6f410146
a5a5afb7
5a5f8f93
61ff1fb3
340f1073
34002ff3
34003ff3
416e8ab3
42638d09
128c03fa
ceb7c11d
0b9313f8
8b13ebd8
9ff26240
0f37c539
1f7d8000
5fb34f81
ad3361ff
df93034a
d5b301ce
ef93418c
6521bf26
8db3ea05
3cb341e2
000102a1
024f7563
80000f37
0f857fc1
607f5f93
00dadb33
2a54f613
859380b2
616dcdf6
00010001
4d336d11
83630220
af3703e6
0f13a5a5
6fc15a5f
287f5f93
11b39116
8d45036a
4bf86c13
a1b53713
007e2033
c633717d
80930353
08b338d1
4f0100bf
80000fb7
5f931ffd
3933698f
854d00ba
008b6033
301382e1
dcb35d02
8d09407d
037216b3
29338c6d
7f410080
0fb70f05
1fb38000
107349ff
14173404
04130000
c004bd24
00242223
00840113
4f02c07e
01f42423
c4044404
00442103
24734004
920e3400
39b14913
024c4e33
e1496013
02827e63
418d0db3
02c5dbb3
ea538037
01f01eb3
f2fcab93
afb76f41
8f93a5a5
5fb35a5f
148849ff
027cb733
016cb6b3
01939b33
4072de13
4045d9b3
fb76f913
40fa8e33
07c79063
001cc863
80000f37
4f811f7d
69ff1fb3
8633ed11
cd334191
e11d0188
03fb4eb3
01d19a13
40e052b3
05349d63
d5635ffd
0f37037d
7fc18000
1fb30f85
8d1529ff
00da2433
c0fb3793
03696433
03d1a033
01138ab3
007bdd33
03141633
008df263
00865d63
a5a5af37
5a5f0f13
1f936fc1
503349ff
156303e2
64f506c2
6fb36155
90e603ca
81796a29
045d9e63
41825013
0fb74f01
1ffd8000
48ff5f93
34009073
008000ef
00008067
340020f3
34009073
00ef2009
00ef0040
00970040
80930000
806700c0
20f30000
c9113400
00e3f9b3
00ecd1b3
018e64b3
5663e109
0001038b
00392233
00016159
0f057f41
80000fb7
680f1f93
16138a36
8bb3006f
57b341b1
1eb30009
52b30252
413741c9
4b658344
019af733
6f41ca91
a5a5afb7
5a5f8f93
29ff1f93
03ea6d63
03c21eb3
a5222037
98b302ee
aeb3008f
8e630358
e6b7019f
c713d18d
c4b3530e
0f370215
1f7d8000
5fb34f81
3e130fff
f6973f92
c50d4aef
03c0c033
67138165
717db90b
41b402b3
90370f80
0f37abbc
7fc18000
7fb30f85
60330fff
87b60051
0305d0b3
0018fc33
44c187de
07117c63
00951d33
273367b5
af3703ab
0f13a5a5
6fc15a5f
21ff2fb3
80000f37
4fb35ffd
6fb303ff
4f8103ef
03ff5fb3
6fb34f81
94c203ff
02a44c33
4925cc13
00016135
f2b38d2d
54930051
5593411d
dd3340dd
4f0100ed
80000fb7
4fb31ffd
5d6321ff
da3300d8
5fb302e7
00014038
001a5013
c2ef8017
00899493
41f80533
0073c7b3
04c6f863
0f057f41
80000fb7
21ff6fb3
00852433
198bbe13
9f338ac1
56130266
a7b34181
a0330061
319301e9
6b855eae
daac4a13
afb76f41
8f93a5a5
7fb35a5f
31b341ff
814d02c2
44ed8951
00343eb3
6ab38fd1
657d0158
008dfd33
003997b3
80000f37
4f811f7d
41ff6fb3
5793028e
003341c6
19fd4124
6a196161
011e2ab3
04dfe163
3033997d
0f370141
7fc18000
4fb30f85
107341ff
2ff3340f
3ff33400
1efd3400
41058033
01f3d193
f54675b7
01944263
06b7856a
2fb340a5
30130358
da93582b
af3740fa
0f13a5a5
6fc15a5f
600f1f93
01626133
02e566b3
2d971bfd
0a843ca0
034b4db3
03fdbeb3
510d3413
40445c13
00bbcc33
0fb74f01
1ffd8000
601f1f93
813d8515
117d8d01
90a8fd93
cbf30b13
29b3615d
96d20015
4098dc33
0f057f41
80000fb7
602f1f93
7b638d11
8df503f4
02612433
00f85e33
0363c585
cbb302f9
0f1a0088
6f4185c9
a5a5afb7
5a5f8f93
0bff4fb3
03c11d33
40b3717d
c91900af
01413533
028680b3
00111233
02201cb3
02156bb3
40beda13
80000f37
4f811f7d
0bff5fb3
34041073
00000417
7b040413
2223c004
01130024
c07e0084
24234f02
440401f4
2103c404
40040044
34002473
41e4d013
c0136235
81332298
c109033e
01240fb3
997de525
7926ce13
0f3701c6
7fc18000
6fb30f85
90730bff
00ef3400
80670080
20f30000
924e3400
d5063a93
3973e013
40d60033
035e81b3
8ab3997d
c93340d4
8d33035f
ed63015d
af3701df
0f13a5a5
6fc15a5f
0bff7fb3
01f28a37
00749c93
02e5f563
02de6d63
01eab533
03e7d5b3
03d769b3
02a1acb3
0463ca0d
4f0103d7
80000fb7
1f931ffd
76b3604f
c8b301dd
eb3300fb
499302dd
91631b09
311302d7
5633f394
04330036
0fb30335
8f45419b
0f057f41
80000fb7
605f1f93
8fb38c55
94be0323
30b3e039
00010183
01bce233
03e85633
3822e493
6f418d25
a5a5afb7
5a5f8f93
080f4fb3
34009073
00ef2009
00ef0040
00970040
80930000
806700c0
20f30000
14633400
9037000c
036337f3
8eb50092
e01360a9
66338e54
dc13011d
803340d1
7713411d
0f37396a
1f7d8000
1fb34f81
50fd61ff
0083c263
4c33891d
969301bc
c51501a8
5a138d45
9f7200d5
02f496b3
80000f37
0f857fc1
61ff5fb3
00d22633
01dab633
12638291
10b30073
d0330238
0001002b
025a8033
52130ac6
af37419a
0f13a5a5
6fc15a5f
607f5f93
401cd9b3
79b300e2
403301fb
8233026c
893302be
df9340d0
05634041
6ba5071f
4f0111fd
80000fb7
5f931ffd
8d01287f
0eb30fa2
8b9340d6
8cb3f7c3
080800a2
40ec5693
01a34633
018ebeb3
0561c163
0f057f41
80000fb7
698f5f93
80000f37
4fb35ffd
6fb303ff
4f8103ef
03ff5fb3
6fb34f81
589303ff
00014169
03b00463
40a4da13
02c79663
01074363
c26388e2
ce9d007f
6f418d49
a5a5afb7
5a5f8f93
49ff1fb3
5033c91d
a593413c
1b7daada
026a5a63
04ca6b63
45136179
9cc6b9eb
01f48233
80000f37
4f811f7d
49ff5fb3
c2b38f9a
18b301b8
852101d7
40dcda93
c616e093
017fe033
00ef85b3
14338d55
0f3700f7
7fc18000
1fb30f85
c03369ff
55b3014f
4c33407b
e9050315
8e9e0e55
00ef3033
013d9e93
02b8a2b3
409e8133
a5a5af37
5a5f0f13
1fb36fc1
fc3329ff
a59301f0
4f93c32e
dd3342cb
c61302fb
8d0d14cd
40ea5913
41048033
03574d63
b0678d93
0fb74f01
1ffd8000
49ff1f93
340f1073
34002ff3
34003ff3
412f57b3
a5985e97
ee34a917
8ab9c909
020b5363
04338cf1
eab3003c
20330048
7f4103ee
0fb70f05
5f938000
d66348ff
3eb3011b
9d130382
bd1301e9
05c14ac2
01eeefb3
2fb38fed
88b301c1
8d310295
afb76f41
8f93a5a5
1f935a5f
9073680f
00ef3400
80670080
20f30000
77633400
05330093
6013020f
8d114637
031752b3
029929b3
030a9063
b4138d55
9a134713
0f370039
1f7d8000
1f934f81
89b329ff
e2094163
01ba1c13
62c18d45
02b4e563
a1268037
afe30893
00653cb3
0f3764f5
7fc18000
5fb30f85
e8930fff
4bb36859
d993016e
8fc54082
0c465bfd
6233c109
9cb303c7
31330243
af370331
0f13a5a5
6fc15a5f
0fff7fb3
34041073
00000417
37c40413
2223c004
01130024
c07e0084
24234f02
440401f4
2103c404
40040044
34002473
01d81033
76b63b93
997dcd15
4050dd93
407a5993
03ca8b33
24978545
dcb34b5e
4f01011d
80000fb7
2fb31ffd
081421ff
66638a09
070602ba
02311363
0f13e539
84414814
01cbae33
04c47063
0f057f41
80000fb7
21ff4fb3
403b05b3
c7b357fd
73630375
323303d1
209301a9
096a3cc2
1d339c4a
0d620122
afb76f41
8f93a5a5
6fb35a5f
717d21ff
a8b38eb5
50b30377
000101a2
016ef8b3
01ab54b3
002ebdb3
8d158fb1
80000f37
4f811f7d
41ff7fb3
40598a33
90fb2213
d2630001
7db3045e
b03300cd
d6930098
e363409b
02390017
02fd4763
80000f37
0f857fc1
41ff6fb3
34009073
00ef2009
00ef0040
00970040
80930000
806700c0
20f30000
8f373400
90138c67
34b301ba
d4630177
621302e1
07ee065f
e7634f91
aab70345
8e99b8e6
a5a5af37
5a5f0f13
4fb36fc1
e43341ff
b0330254
8cb30069
54630069
016903a1
40dd5613
01291f13
452c8a13
2eb38ef1
4f010240
80000fb7
1f931ffd
f633600f
1a3301f9
22b3037a
6e63026d
00010335
996382d9
82630289
71130099
efb7708c
7f41f32a
0fb70f05
1f938000
e193601f
d9938029
851940ef
01809a13
00d90563
01db2133
52fd8521
00000317
01a30313
00030067
afb76f41
8f93a5a5
1f935a5f
4185602f
0f17a009
23230000
bfe5143f
00010001
2373a009
57833410
8b8d0003
94634f8d
031101f7
0309a011
34131073
30200073
30002ff3
30402ff3
34402ff3
344fbff3
00482083
00882103
00c82183
01082203
01482283
01882303
01c82383
02082403
02482483
02882503
02c82583
03082603
03482683
03882703
03c82783
04082803
04482883
04882903
04c82983
05082a03
05482a83
05882b03
05c82b83
06082c03
06482c83
06882d03
06c82d83
07082e03
07482e83
07882f03
07c82f83
07c80813
000803b3
34081873
30200073
00010001
00000000
00000000
00000000
00000000
00000000
00000000
00000000
00000000
00000000
00000000
00000000
00000000
00000000
00000000
11223344
00000000
00000000
00000000
00000000
00000000
00000000
00000000
00000000
00000000
00000000
00000000
00000000
00000000
00000000
00000000
00000000
00000000
00000000
00000000
00000000
00000000
00000000
00000000
00000000
00000000
00000000
00000000
00000000
00000000
00000000
00000000
00000000
00000000
00000000
00000000
00000000
00000000
80069289
650a773c
39c127e6
74c3ab42
831f84d5
75b5195b
65e061f5
7597d820
41b566d2
1961f7b5
02f8428c
4745d8c7
52a664b0
a473053b
633e5bf2
5ccef2c1
624c7f5a
4b413bc9
45e44b84
d378f51f
b92830e7
fe665c8d
abada6a5
0039bc9b
e64a6a41
e3e029b6
93fc56c9
8946f53f
0e0d7a07
43d65585
46a645af
fd94203a
10f3d3b3
64614f4e
a2866f54
d1e0ab1b
c96ec27a
c9636f72
57fadd05
6fe0fde3
34a28c3c
9966841d
1954d360
ae1386f5
a06e002b
e64a4274
175e17f9
efd3056b
23d8ef90
75bd0b56
1c0474cc
d2177937
2a8da66a
e31134a9
fc921a83
d9b064c4
d4191239
462b7fb0
2252bcb6
9579b131
96aceb7d
cd9c1320
2482278b
e7313ed9
40ae92a5
22b0917c
34cbb75e
08a6c352
e8349aaa
4b5a4443
88342796
9ef3ac43
7d27ebc5
ab6cd1fb
48ead29e
7caddeec
33df607f
e12e9f0a
7bfefe6a
00214e58
fafb9726
fcdec300
c28c216e
a9580755
35752a13
a418c195
43687764
3d58c991
e979c958
528e1f4d
2d1a18b0
db973fd3
e74a7948
8011c73a
c3e3c1cd
123ee3d3
b4ac7cca
fb34e9cf
acc38beb
cebc424d
ccf24c29
3346da8c
44fd0c95
ac8bbb36
66bb33f7
7871c9fa
33399f20
1d2778a9
9f384687
4b28b2c1
8c769c80
69bf5b43
059301a2
3cfc3ee8
4329a880
fbcec8ea
92981d6a
1c401718
110f3040
762e86b4
2e139f47
e52beb32
c87db54b
5d5a02fd
ba9b3b46
f11f2292
e170ac19
29734fba
36864cb1
e7da8770
1d25c51c
a52a37c2
fde36648
3f15139e
e1d9d6fb
d89a9785
a88796de
91b870b0
f980216d
8fed5407
56e81dfe
7da983f4
dcd347d2
0cd59872
e5f7185d
dd8d4677
506a16ce
09b07dc4
91e09a68
a944ba7a
787aee12
339f123c
e41d315a
ebe9c944
9760b77c
251d433f
0f69c251
6e031a2e
5a5955d5
124c793a
474eed6a
66c57b82
1b91759c
b80a3c7e
160b0caf
24a78efe
37f96578
fd628dd5
04db94b0
72e4924f
0e16a1f1
b636a608
40b194af
6f309352
517ef583
1414ede7
be38ca0c
ca165b38
02a34ee7
a2990cbc
d06b8254
42c5d0a5
3ee68f6e
edd95f13
e8403f69
84dae4c9
f37a0ec5
5e971b48
fb012963
c9eb4916
c62e5a4c
0469ac6c
7c1258e8
1256a658
b86a8c8a
fdcc0e65
3b27e85e
95612eb1
0abb05d3
280c9a24
bcd7b406
1af17c8c
7817be05
ed45afde
3a69a425
3090c038
024844a8
4e204c08
4e65daa6
a14ca4db
bba0c694
85935804
7862cbb8
1d5d8857
b9fc5d8d
7cfaacbf
729fb893
5cec43f9
78e55190
9a841c03
2d38551a
72285d18
c9ab24e3
698bc90f
d9077326
859bd1fd
d66bf1ab
8071cbd4
73e02665
c9633fc4
10b0cd07
6cf69133
302b60ef
008fc1ef
31c923ac
ae78225d
f119c546
e14d6a9f
abc9bf44
0e44b55a
3a0dde71
b54a7aaa
b45cab1c
84c83409
698800b2
b2346512
eacc6a24
572d227b
d337b62a
7776b2ed
39de6974
0fe306b1
dd9ea8e0
52b7e4f4
990bec96
49f15162
8724a3a3
bfa549ec
c5929f10
a89010f7
4fdb550c
0dbcee94
4dc6d7f1
45aaf368
481ac58d
7ccec985
41809300
23381034
555d6478
c2f60097
06a50291
cd806c49
d6427f3a
11cbac1f
e978eb4e
9c831e3a
81fe3542
6d84d96f
786c22b8
a40e081a
e8011534
96acf65a
478a2610
065fee92
8d5885ec
63be1ee1
60b1be5e
f91d4ce0
aaa3b773
3e0f1bcf
717fe4e2
d4cc432a
019686d1
dbfd9916
5d6be2ed
50c1ba5e
8b414e63
f845e5c5
62303c99
79d325fd
9f78857b
af14d120
d11c057f
cb443330
f4d3368a
61d248b1
a1beb0da
342ce581
134545b4
c6cafc0c
1be5d197
10c58480
660e6ce0
9b0f2239
f74ced54
21079864
a385219f
bb05e716
8f2043c6
5e639372
ea4c0c8b
a2b165a3
82e2c5df
d0ae634c
aae1c6f1
9fd077c3
0a28c6c6
0cecdf1e
8b7f2b5a
678befe1
26808142
dc35f115
e9ab14b6
26389de2
0782b872
1e40e655
7a7637c3
bc6c931d
bf4f9f9e
4107aeae
a8b5e6ca
dd78d79f
ed907efc
6391a22d
3474c382
088b6cc6
7781d7c2
36ede6dd
eed832dd
059fd502
35e45769
92caaaa4
32e9ce6c
7c68b72b
43d638b4
c223bb58
0845bce7
3b3042b8
3ba4a311
3f7095a6
43e91e4e
63492f70
b0674534
c216fd06
e44f70a3
a5f524e7
b3b48204
31331bd4
cde0076e
4eee2d1f
0bd5d6f7
aaf22966
181b083f
1f0e40bd
a5429754
c46b957d
6d7f308f
b1b99318
af3b9a94
be3bfc5d
aad4e5d6
30929ffd
ae3913f9
a69d0320
24309e48
62f819aa
e5ec1a3a
572a4e3b
9243a649
dfb0f0b6
c48a7973
6c206df8
61584518
f23b558b
05c569f1
a1d7dd92
530bfb92
29eb6377
46855d90
4b362e41
de15d82e
95b7c18f
f87fe84a
860b8608
454450a3
220213a5
c3083b27
f4e8ae94
2f94b466
9d9b85ad
1b691ca9
0c58b239
3278fc1d
2bc0978c
bb6fca96
c42fcc2c
87809ca3
8debe349
2ab09572
05ecd8a3
5332e35c
4218ee38
c43db574
0571ba57
9d02dc8c
c54ccfc1
3ecebf4c
1249dd39
722f60a5
0c2652b2
3a828e1d
5554e357
59150e5f
10da8661
3cfbea3b
6a465fd1
59fb6bbf
2880e2ca
fb1eedfd
b1df3f5d
9e52269d
a2d8f5f8
223d7a7a
f51bf157
847f2aaa
b6974dba
ca437cd2
98bfaec4
c64c232d
1067cf56
846e6530
a650e1c1
a4c751c4
2e8eba76
624a3c5d
be33844a
84c90241
5d716bbd
8a7cdc20
c3b191cc
bf455397
16941003
285627b4
07bfdd06
e875b79d
f16ff6de
b26d8f6e
10cf95bd
86eb7b75
7a9de511
85535102
745f26f8
7557c20b
16ce5d8a
374ab3ae
89f6ad85
d3f8d078
f9a47931
2f30433b
122910cf
42eb2851
85c55141
56d77214
c2468d59
5808b516
0efa605b
90c28cb8
32062fee
cf74fb63
db7203e4
e0a3bd48
ade56190
39b2112c
258f6451
5b279488
3cfb1f6d
67d1924a
1925cc9b
ab7b524e
b4a84c61
86119668
e7f1892b
b7b6f4f9
7a568417
1540ef95
de850636
16411b54
a4f67258
eda52730
c56975bd
c2a0e7d9
587d725f
c7f026f9
1347d114
7cd8f160
fe6f9633
1b71d503
c48511bb
5fc29e0a
e15a7beb
53a6d7e4
068b3c84
65338d0b
5e3e96b2
7182fd60
cf8f3e1b
23f2ace1
ea24553f
0df6029a
ee655388
ea7d49bc
751388c5
28f955e6
79ec897f
23a2befe
90b51473
95abdab7
6850db54
c0e954f6
c4e94120
66dc15d6
2275ee82
da0952c4
958b6452
b817aff6
146794ee
fe119524
c9148f15
6d6b2144
501089e3
d76ff1be
2fe8e4b8
8e28cbef
71c223a2
9a035fcb
92fbcc17
0ecab38d
9ecddc98
b27a7de9
65ef70e6
ea1c586e
c3360728
f0719d37
541e2458
67d06182
169e362d
f687c526
9e80a5e3
4eeb623f
a2156b77
7e8c7e7e
93cc8efc
823157f8
404da8c8
193e91e3
7d6cd210
f91870e5
2af4515b
620d4991
ca831524
7d5549ae
a7b68328
e7c07015
2c35a086
5d30acd4
8f0fc5ad
ed10d7c4
dbc93c3c
6dc727d4
c8a9aa05
13797d01
4a8447a5
fd56cd95
950d8cf0
6c8ee9dc
eca8814d
08c0a88e
cad27179
63a5b3dd
1f2c1934
90b6b0bd
52536e26
fedeb09d
0fa2a24c
2551b01b
79ecc896
d7f7260f
ef05c2bc
a1423133
aa2b307b
edb220d5
e0761fa1
04f7548f
96ca3941
1200a66f
d48e4a8a
5db4c73c
411e5219
3b2a902d
bb6caeb3
d0c01965
190d3e3d
ed9d35fb
c82ac496
27be61c9
26cc5571
83e9ba7e
c37a98b3
5428944e
d5e3c3f1
b3bb7bbb
c897d67e
f13fb2d2
5dd26181
6c5764b8
289afd8f
cb0042c1
1500fcce
c96739ba
5265f90d
639c177f
1a3e0bc0
8f9d4296
f8b05b86
383844dc
e75119d3
a1dc1d63
cd29c89e
a7a27c06
f65b4d14
b30785d6
2e6f44f5
dd704e5f
8a8b00e8
6c0badce
aa3c5782
beb3b75d
f5f45738
98afcd61
e5a98c40
ce463965
ac824a2f
4c2cebb3
d8d4c91c
ae81fe93
35ba1d02
bd2c3f08
0197e797
3f360bdb
97bf6ffe
3c31e10b
9f49b0c5
21b07585
345dd26f
6c393d7a
2cd15fc2
04a28027
1a2d23e3
2bf38b84
5299f38f
a92315c6
cb542888
4a787933
90a40df3
1fa0d46d
97a2d48e
89120f1c
2acd79d6
0540775d
a00c9d06
a0f85576
7b6c0254
489f7e45
0ceb8f75
3a3c52e4
cc7c8e0c
3d0679c4
05f7f3ec
b57f1743
0322fcd4
8f1f06d3
c0052eae
090c9aab
aae0444e
16507da9
280d5a92
1c4396e5
43f58742
d1026a43
b2cf5f82
8aed5c06
1dbd088a
b588c9cb
b2866b5c
271f5489
bd8ff2be
07018be4
547faa8d
cb29e9db
6f29dded
059bfc08
e4f3cf2f
89cef3f4
4ec557b4
f4453366
719eb469
81e452f7
ee3a8b17
0bc91b15
babdfc46
6567c2af
8e62ec63
e937a959
e8452c44
677e7854
695bb843
98fcdf54
b9881885
eca2c227
f05e5bf7
d202e539
f228007c
31804eb1
a9a141c5
1f67fd3e
a38d50b3
799a0f3a
f7f43b3b
fbe75550
df3147a8
ea2b2321
8ca68da6
2bd34c81
ba2630e7
c4feaf75
997e1a23
398aefa7
c3190383
f4d252b5
9b779160
b7c945a1
f51ddf15
98982f7f
1ac1a882
fdd1b6d6
2a3266e9
36749c16
4c28543c
872db940
0488f1c4
b05855d3
bae932bb
166a620e
87e9759d
c1b87eba
6b5b1ab0
1b5c9531
a9f8daf2
a37e48a0
48a00c86
e665d651
9512c5c8
7d2c41a4
8cb38282
915c5e9f
3b9a1f21
5595354a
3473c287
b098a38a
dbe54c65
ca73f550
4257d0db
67aa8587
e5c0412d
aa80bb0a
b6f9f7eb
48aa40e0
57617ed7
287afb9f
81ca59cb
1b1676cb
47481531
c1568f5f
b3f2f907
f6f8528b
7c8a912a
3eb41a05
3d7d60a9
213d8293
2e4a19d7
bd1d8327
6db3ca96
c807000e
93d59cb0
d27ea2b7
dc5604f0
93338e73
7564e029
9fdf7623
e3d47226
c14e75b3
d4430ab9
afb6f7d1
bc7a0484
51b53e42
bd6755fc
415646f7
f7443205
98280ed0
6fac3454
866e6a37
f4fefe0a
ddec7e9b
760988ba
ebe64a3c
0bb8f43c
cd92337f
2a767112
94ed6787
0343dab1
fc01fc67
4a62ae83
bedca7a2
75980d15
c99c59aa
00c962a3
57e0c3a3
ef641ef8
cb24538f
a5c13166
a32bec96
f299bf8a
df9bb286
511b1ed8
bf10af47
92bd2bb8
0f87adb2
5d4a0c15
9f69d06f
d4572a28
bb64ac12
2f51c463
6a471c4c
5a7b4d9b
0f9687d5
e8041ea0
0b960efc
580648c4
7044f0e1
f3c3cd19
b940be3c
2a58e679
d5a8a660
55e8f976
da9990c7
c6b67312
1e54be25
f6bd147c
7dc5909b
bbfecfdc
52e2d0b7
c70feb9e
ed97e085
a311c348
c4bedaf8
55a19373
65df2408
5e3d206e
3296746f
982db106
c1f4cd60
65bb1fda
9f98e92a
47f88b4a
0fa6eb56
215e566f
84ae085d
f20da650
50cac1cb
5f471bbe
eb8d82d9
da2999ae
c00c0d3c
5bf8c716
b4324a49
67834a4a
6cc89945
0a31034e
52fb4785
ebb6137a
41802d33
46c79a78
013dbe70
85c61be0
82c023c2
c2a6c612
a70fad2f
f7314d56
0a8a22a0
17dcb310
f92f9a9c
958f76dc
eafe451c
05b6c730
32de0fa2
0f8b7f7a
26c19705
d8215c1b
195922a6
a69a7977
4688ad40
4990bac0
190ae7f3
9c3d618e
6f40229e
8393a01b
28dfa315
c622e04e
b0885f23
2e38620f
8c3af866
6a7797be
4fcb71b5
49bb8dcc
327597e3
4a518ac1
d274d8b3
b6b26a28
13eb3d32
03b53faa
8b63adf1
a99efedc
e93fdcb5
dab15b30
a548ef9e
4ae89f73
dcf228b2
04768f79
c353ae3f
da8d42f9
5b535683
56b3ab96
6f92d838
c15cd1e2
cd006a29
e79d4044
95bdfa2a
c8bc8f41
a905eb71
749087bf
79989178
f05240f1
e4c8815f
b653b559
d366b1ee
0cf14fa2
0008ad1c
bbb99c5f
5bd579cd
e04cc328
9a298483
ed756089
b550ee43
6f0c8297
b970f668
f680d735
40964d13
17031fdd
22b861f5
f73924c7
b3b3b4c6
2073d78f
cbee37ef
604cbfb7
b256e415
5f59a425
c33bed07
52350ff7
3aae3d11
018eefac
1ee30923
fe1c0a4a
dcce84be
15d1097a
632e559e
11483bd0
66b6080e
15660798
74ead685
b9474ea7
d5750a9e
b387768c
28426b62
99bf1140
d4019751
7412c968
7a9a5dd2
9d522476
e35b2182
ab8e60cf
0c6de82b
82ac746d
afb22853
8b19efd3
38f16c99
d4d1ec13
beb43f9e
bfae38fe
f7e212b7
2f2d2ef9
f24bea11
420f3827
64db6722
408a617d
031fcf46
b0124315
f37f7f5a
ccb8cf4b
13589790
4c7fd5e1
b49fe68c
34660abe
f1b91212
503f486e
3d785cf2
a53ee9e0
16259482
05a3c7bb
23bd52c7
d48e3f6b
d5a56355
985fc946
8f868c50
53d88ae2
7bc14a3a
1e7afbaf
5807dec0
7304099d
f65b63d9
245c2f0b
8c5cb0af
74dc125e
4f26dda7
ce95088e
eeb09227
7ace6f72
a91df7e8
9c89d3cc
3f9e9b74
ca321054
5c6e474c
0e79e7de
ab2d9b70
0c3c14ac
24a2e1fe
9ca9e151
25f0cb4d
2c2ff953
80c669f7
24d84941
c189c172
979a32b1
5f971b91
e9792932
edd00444
3347532f
55f21eb6
bec61a1d
d9964d38
dfeebc0e
b5fe1e5f
9c8d38ce
95022aee
6b2dba08
b913ce17
1773cbb7
0bce15b1
0d758514
54d2630c
e9002bdf
bba21441
de5a6f57
9e144e70
ebb56d0a
452c7ab0
698cd6cf
76728c9d
55e1d1ee
029d781a
d4d6f91b
07fe3697
88554571
7211ced6
1bb8c189
08aad88c
536a5e29
472b0308
a931605a
1afcf164
1f58a896
5a23fb76
f8ba8ec6
895e145e
cb8f6908
4f492db9
7a31c147
8d55f39f
ec7f3c55
edb6e599
60d17eb4
e97d553e
5d10f4e0
f6eadb94
3c6489b5
f716111c
0d8e8c0f
5963a32e
edf5ecce
272ecf5b
518b5088
96374653
9b98054e
9e0ca20d
8f0ad47e
5b73917d
32fb014f
dabb1d5f
1de37a75
372b0856
0f0dc7de
899c0e56
80224944
96a57653
9b8df6d2
9685459c
b4a1336e
bfda1fb6
df99ef0a
5dcf2544
d9a1e2fa
970fe112
7154cba9
25aef043
a3db4710
b8156b96
02ce7475
0fb3f43e
6189fa60
2f07eb34
745a96a5
5b7c67b1
a7ec0814
162e03d4
2f8becd8
6debf6e2
a1eed38e
6997d445
c63ea265
a624cbda
c015abfd
bd5f4435
3b4c26ab
9d096328
81800f01
52291992
d000ad8e
911ad45b
791a5473
7286ca9d
1a2fee38
ed5a4248
fbcf365f
ab3ea1fd
ba692264
904c3fd6
4a31d12d
5e38f44b
5a501bc4
a2cd2100
0ee0ed37
50edbf33
69915fa3
e8810df3
75f42ff6
2e7a36c7
ba4226fb
c600a14e
0a90f1c5
2a8c1e99
ddc20129
7e72f22d
3b84a3d5
24f013f4
d671511d
7e1305b3
8116e2ec
812c0056
f2925b9b
090b1fe8
fbc6868f
eafafeb3
e278f58e
484ecae5
0f9a1c95
fcd9c87d
c7a78256
7cb68346
32f1059d
68398c93
f8bcab4b
d0ee751c
6f84aba7
f53a7ee0
9708c265
27425e06
53aa8e37
ebee462c
d0ebceef
5c2dd8b9
b8ce3e3e
3b6382e5
a1ed0448
76f88171
63d98b3a
c1fe898d
e959c2ef
9c5a0e03
5b3a00a0
5e25c091
7f2ac5cc
16ca545b
997c4980
70275a92
08756c1b
b66295a6
074f5c86
491b6ce5
1fbb1355
35e7b85a
0f3f0fbe
e7803774
a19199e3
7a359647
6d603cb3
95c491bf
9e2d26f0
5b026e60
f8440f1a
e942dd46
124d4acd
d30cea51
260cacc8
2b1beede
704b2bee
ab775e99
2c1b49e5
29f6a0a2
798e4144
584d1331
6ba84510
04ada354
64e41eaa
a57ecc25
4c4d0289
307713ce
ac332270
4f7ed2a8
600fc6f3
ced71840
e66d9a2b
c5b92502
5c347b6c
eb8112de
fd47e920
0e670d18
19903263
438488ec
32610513
f76c044d
19a3051d
7420b3b3
44514e8a
4e40e158
900adf56
3aa5e039
f0de4a57
7b3e4e3e
c7f08651
5ae475a2
66b08acb
327d8d6b
91e7f081
85b81778
b4cd9ad9
2774372f
3c081806
c2461b3f
a54081a7
886884b6
f2248ade
fc7229c0
fece89cd
0f41a55d
9226e4e2
b176ab7e
ec785a64
de4939bd
c62592b4
c958d665
34dbe1d3
9f1765b9
f569da14
570e6596
c544f25e
70bbc149
04c40999
8da8ebc3
228af2c3
8c9706ab
7bde9251
e4dbeb48
39e24567
4fea9a85
ca495d04
cfcf0e93
c4176138
ddd43244
73d3f777
a49c667d
32d44979
2015d633
06468e23
6d2a5c4a
b48099f2
e334a3bf
004cb1d4
9ffd4dfd
8f7bbd71
5962d132
1a5d9fe6
1ad9c7d5
bf2dad73
b456d455
5c066f2f
6da9099e
c5f28045
0d97d59d
bd3c072d
953d2913
20e5226e
88c1c04c
b2986bf6
7c89b36d
5002a3c3
ddc833ac
5bb43ec3
e17b1f8f
c53d3c60
71de70c1
c964498a
9b9e4846
9e67b8da
e77e6bb1
f3314075
5d3ef3e8
327a3b7d
21eb155a
73d4ad6e
7a293d90
2888e087
aa5ff5a4
a350b319
e5a02246
efbb04da
f6ad430c
f0f47fa2
47e7b033
9424e2d6
2799d728
d2ad1a84
822d3d61
45c87e8f
aed54d1b
bfef6d06
ad222f22
a50a2f94
f71373cf
d4bf902c
c616fc82
0823bcca
43b8cfa6
09a63f0b
edb8856e
baf2a5cd
ad5c83a8
f5c4a681
ecdb2f5c
aac57461
02d4e3f6
35afa237
5b6f6ab9
f6706d79
61079804
6df03ec2
0121b148
f5b67833
eceba4cb
d908259e
968d411c
a0698e2d
28655924
e8c6eb11
ba0c168c
a17662aa
271eb107
52127efb
39e7906d
c7a5ad02
672241ec
45af2a85
65d9997c
be62a68c
8e217d4a
5bc81bb4
66fdc314
a6006c18
7279ab04
0d451425
c5dc5e47
d512bddf
6a50f7b6
f64e3d95
83155c05
d1cd0835
e07b1c00
6b4a1547
7c8e7cd6
36f0b892
53b71633
36ca5247
228d2abc
d57039a8
781b6007
29e7fc6e
476e209f
ac2279c7
84b5afec
f46ceed4
0044160e
322f9bb2
541dd056
4b126c15
e4aeb25d
26852fa1
e1356cf4
bde45faf
c132d8f6
b8442f32
f3badb68
f73dab56
29e4c3a3
018c9891
14610534
7350b46a
98e09515
e738f0eb
1e8b161c
70d9381a
09ab0916
196e6f79
02ee93ec
7854cc28
1366285a
0765e50e
8b295c3f
9dcf276a
22b038f0
0287c5c1
a11ae071
8fd8b3d3
423eae77
b1836b3a
195cb0a9
bb8b15a5
cb0ba376
db35e9a9
31b0c8d8
d135ad08
bc7496b0
2f3fb5c6
a66f5a5d
75d1ea28
ac139e78
03bc1bf2
79c4020b
1fee6701
edb1c610
4325622f
9532cc02
32a526da
391ee0a7
753a0fb6
28936256
7665d1be
b9d2f87f
1d33e6f6
39e5a952
28dc8ee5
f91f5221
ef5bac97
40eb21a7
c0dbc1fb
2097fce8
0253daec
aba0e9db
d601ad4b
3dc296bf
6e6abad3
996776e8
e637a88b
8cb52dcd
b5048dd3
19e4eb13
bd6c1fa4
ea18c4cf
a7dfec42
4480de59
f6056dd3
13ddb11f
9c51097d
d96c056e
7a0405f6
7beacd1e
6516cdfe
b8a0dd91
ee573013
7b9394dd
60f49e24
3eb8285d
9b80e456
dad48558
f8ac8137
7dcf9969
642775d5
f7787f70
544d8b88
ad0c05c6
0edcfa08
601b321a
4accd448
4222a6e1
5b0b56d9
ac08007e
2e36157d
79a78145
1c952aaa
bc9e31c8
9cf39202
75f39050
89329bd0
3245280b
bd98b3a5
7bcbd669
bc0eeaf5
559c7c34
a60487c9
d2ecbe8e
2f430025
00ab9591
80518b72
a062c343
760d43be
06dd698f
52aaaf9c
8ac6c26d
a37586b4
b20e3059
3673118d
5e99d108
13d7bdf9
af462401
1c662042
a771ebc8
9994510b
eb32a863
600daa09
346273bf
5aa8c6a1
808c5ccb
5d090705
822ade5e
2931a729
1ce89d6b
d75d1202
66b0ea3f
d9471ecd
c36d8acb
fdaf9da9
b108d31c
078f6e6e
77854382
2cd8d902
a0db5a2e
3c9be2f7
1fe1c671
e74e3438
feeb6ac1
43242e1b
bbd1d3b7
4af2c39d
14df940e
e0f94cd9
8d4ae2eb
8e62c34c
07168131
6782fbcb
ae20a3d0
9f423e17
85657f12
aacd30e9
defbccb6
3ce9d1d7
7cdef281
7aa0492d
c01a2026
9742b068
5cd5ddb9
8c66bf53
1d582acb
e4b18060
dd6461bd
13a22da2
100149eb
87317d63
d945f0f7
a2eaa5f7
4b670d90
757aac1b
dd21f1d4
fd15f00e
21a31163
20a60268
e2bf57e1
af7f71bb
99766a85
0211ada9
dd075d7c
625d2468
62917e91
09244faa
25c9b766
ef1c4645
4bb7ae7e
b81cbc92
f9844a0b
9c06e3db
1ca6ab4d
1f4f63b5
c1f6749a
dd3f1efa
848225bd
a8f86d5c
e72dbc3b
47bd0a83
6cc9d5b2
90a59715
5099566e
f787b20d
3aedce9c
c250b319
dc656c5e
98b3ec56
1820aa56
01f2448a
391e3a23
b5a67421
a3510ea3
08675078
eb61dab3
74bbc214
909a3f2d
690ed162
110ee2f4
1615d948
bf1cb759
9ed344b4
cfd12519
8050853f
3cb89906
edcfadd4
a2ea8907
1d4305fa
03042435
60e17f14
2f5a0f71
9f9e4ac7
3f2daa3f
8bb98d2d
487b6c14
7040b2f4
4939f1f8
a590cc19
d22f830b
2c984985
1d81dbc9
fb9b34b3
f3b20271
08396dee
b77d5241
5bef8486
fa2537b3
5df2a5e8
bd3b83e3
12c2c42d
086ad2ae
6889277a
d4b608c5
129e34a3
695a9336
c4c86bc5
2f9ede1d
bdf00138
4a069f60
d85deaee
ccd47a3e
8cd5644c
65496c9a
52611dc8
5723ee84
05ef7604
9d8e20b2
eee53633
883a6a2f
bfd4c1da
005aca90
d8c8886d
7157db70
955cf57e
d077caa1
394dd7ec
902de0eb
3ad9a2e4
0b5baf9c
317b43cc
1862b156
f0f1653b
41463022
ea8ae698
b297b3bb
2e811873
1d504139
5f2fcfed
0ede2d6a
491653a4
2921fa6f
b738e3cd
7fee785a
965d24f1
cd33b8bd
d0231d7f
8687df7a
fe96d8eb
8a71a665
2705d9cb
8cdc6813
9d567aa0
d895252e
fe7dc935
b3bf0667
e5adbe4a
b69a7cba
34a0bbfd
90680dc9
c3d6ade5
7d28643d
59703ff2
2c4020a6
3a9d4901
d37459e0
968d7e14
dae8acd3
a91d036c
f4ba56a1
a5119108
7e7c31d5
052fb082
a5dc5eb5
51b8084e
35d4b554
84ded280
78f7f7e7
86c3224e
490a8181
e329493d
5e5b9488
7806825d
f8748693
d647cc64
801c31c6
34af23a1
fcfcbd4b
e218c6a5
354b8da5
a2fea326
aed557ab
614eca17
57d17ec0
6c2a2466
f730e605
b89793fb
36019020
a526afc0
b0ddd9d2
f8a966e0
70882035
2b874dc4
5ad9efab
d61e9132
355915e2
355224e4
581b35df
b1911626
23420868
750008dc
68afc8d2
b92b8e3c
9c5a0cb9
a3830c0b
4a9d7658
fcf3c910
b92a8622
c95a6b57
e3715328
df0eabc0
f8ac5ac1
a272eac9
175d5ac3
678379c8
08d261b5
c4d97f5b
e4263d34
3805bc00
ee3765ea
42dcf2ab
680c17ae
ad319bcd
30ba5e9e
2e3bdc8c
1e17db55
6cb1715a
d105bccd
12ede55a
f7145e4d
7b74a544
3c4384e9
cb86272a
9924d9b6
aebb598f
d346620f
3309c1c4
bfbed2e9
d0156dcb
76757871
db5df138
5bf7934b
959b8dce
1597201b
aabe9d52
82e66696
acb420a5
2ceb631c
b6105a74
8400871d
fc2570c2
726077b6
2694f7af
4415fc1c
0fca1e47
0bdd7096
9eb563bb
f0575816
9e32118e
a8be0aa0
121ca5cf
36fb971b
9f862b66
cffa0fbc
0a020cc7
9a515d04
bff1b070
0b8df7fc
367623e0
9263e0db
ea20c8c5
2bb4e9e7
419207e1
6f768cf2
efc7db51
8c5bf8d8
1af9f258
5bbf359f
b04b21ad
33c98bd9
070fb334
b6c95852
ae6f2769
7926c446
edde3f45
f5693a38
ee8804cc
93607fb3
19ced641
910ce261
d8ae2ffe
c76ac58e
7fa814cf
5d1741ca
ec8aaf09
0a2de9c8
1ebafa13
d902cb21
b87d3733
4ed45ad2
9bb85cb8
e7149de1
e632b18f
1511da8f
718d072f
7f789b5c
2a5f972c
877c5dae
361110ea
5658ec1d
fef15e60
04766ebd
7e3b49dc
9dd28321
76040859
81451827
f4000668
dcd02b2e
98d0a461
a3daee1b
5292a3a6
02cc20cb
5cbbd375
3427395d
f4b0992b
6db672cd
c862403e
9421b896
ddcef03e
ae04dbc0
6aba1760
c9deb4eb
136eb374
8174238d
d1971eca
e62174fd
e1062dad
3a678f49
f7d0133c
3f03169b
28345cae
5d32cfe2
2ecafb7c
9baf6cbd
86315f44
e80bd14a
c471b412
b413e63f
848c37de
c3e9402d
da02dfe5
9683372b
4b6551e9
d434ac67
6217ca51
5064d861
d9c31139
f8499cb0
e4e4f2f3
887db7ef
755aecb2
51a585e4
323cdcf3
50481de1
6577b1d9
527cb3c0
a070c921
feb097f6
cbb71747
2a1ac68c
e5f67e91
3c5aa419
796a2f9f
7c917209
ee2e70e3
7e67a997
05fa4450
acf9e7d0
45716b4c
c68cc805
acef7bb1
f71e8667
6619f350
21ad841b
be4a0db7
a4c7cd37
2e9a2d22
21a1f1cf
2ebf0700
6c0d6b0b
f3dc9bc0
885183c2
84a78947
a17bf5e0
895366e5
ddbe5168
c83cccd9
5c28ea51
eb6fc650
eb8386b4
4907d8f3
970769d0
a917b758
0ec947c1
771d608c
cbd1001d
a71da145
f41a4ef4
363c9e1a
8865f119
846fb762
b5b6faf1
60a8c959
c4b442a2
e48e4a11
a32c6c6d
04f3772f
1e315652
b72cb00c
9db839e8
529564a2
9285665a
6e538d3a
c2a008ef
4e7ee782
6b8e37bb
55f92003
19bf6465
5cd3650c
a6fd9981
a5d88edd
b3188f1b
67e28b3a
d5c7b001
231be29d
40a66085
9a919732
4186a136
15f738f6
e5897dbc
afac9f7a
1cecb5d2
503061dc
925dfb9d
50715e44
1a0b9a86
a884034b
4a861b02
18c25892
61ce0d48
e0225e06
b77bd240
85df8981
50e071a5
c4ce07f6
3978422e
4c217496
761253ec
66315b0b
0baad8f2
7574d58d
526b43d2
e35df92b
d1cc943a
c649b741
8894c382
3302c89e
3f74de4f
34901428
ed37e80f
752307a3
40d86b81
eda483cc
7726ef2f
73f25fe9
14c13721
adbc1d7f
5368ddc4
5037e2d9
7a59a86e
dd40dba5
72a2b0e7
39ec7ebf
6a0b7551
10e935c7
bbae2120
a5917821
5030e5e7
f1427763
396c1388
a3b0546a
6863dce5
40c9f36d
76cf8751
479580b2
21ace824
7ed9a702
7c05e387
e65aa93b
359986e6
28eff50d
006b96ed
f93990cc
94182b4b
193c3594
deb24942
f7daca96
88999547
fe90bcdb
afc3d0a5
719517c0
b3a01874
f9413fc3
5bcbab8f
a74715fa
874dd440
fab92e60
e951b5e5
887af8cf
38c42de6
c9b7c038
cc0f3439
0cdd2c8b
9b0bc77c
35ab0fc8
64a2fc26
9ec4fdae
30bc4613
3e3528a4
dc0dd4f8
5bacdcca
9c0a58d5
6a2f67f5
235085dd
4a48455b
e0bbd798
beba4f46
0a951935
cf192639
1d793a48
001d28fb
43653fe1
8596f1bd
4bdb121b
ca43d485
f241536b
b5d7a549
d4ccf9e9
b495941a
6f96e7fe
7f3c7c1a
517b7d4e
b9b45f59
5ae61a15
02aca700
052d242d
966c7b46
a077f426
d4a734e4
08d0afdb
edad9c52
c9a5a728
af80978d
4a387ef6
45c0a41c
c1ac8c4f
59160538
223804dd
e17bf036
c57b2127
a37234cf
fc1a941f
8d264584
cb417abb
fd51891b
ddc022e7
0636bee0
8a370917
8a1055fa
6fce2608
395fe3e6
878c5aad
a47d09d3
45d77acd
b2db9cd5
4af388cc
2381751e
f6e9b734
f38f5a05
50e93d39
8cea1e8a
64c3b8f4
e0ca250d
d92737b7
b0c87e58
61e9ab42
eba39841
14a4054b
8baf703a
0ed657a5
bc730f4c
49286a31
fb44665b
020a882b
6eee4a5c
bd4fbead
4a8ae1c8
093b4a22
16290138
0a7a686b
6469da3e
99a17b8d
932b3c56
c5a5cc79
d39cc617
21dd67e9
2166ac35
8549c34b
67e06c39
a49fc423
d80beeb4
31832bc9
0779bcee
e9243ad9
ef65fbd0
b97d9410
066a2340
41e52d01
e5e2046b
50afb251
9990974e
e74cace7
8dc66e6f
48916248
989e7f8c
f0bb7e22
6aec1d31
b5c4947b
62c1235d
2ddb31d5
5ae6d998
0a7c6eec
68d3be73
d49aa6d7
aed285f8
36124d5d
8e7b97cc
a3673619
f8180700
6a96a1f1
6a2c3221
0e78c672
12ac712a
d8571342
c29f94d1
9d6aa7f7
65b47a1c
07822d57
215b7db1
dae0f40d
fcc2410f
fd56b1c3
3101a2fb
f7272219
a1b880f7
fc3afc2f
e71292fa
ae7d62ae
ea59085d
0d52511f
9d6ea8e3
63fb17a9
d7a81e7a
5947c1c9
dbfb533b
a8e5ca9e
89b8d939
f9481f57
d764cb6f
634ff317
d545a20a
d494042f
4add0ea4
9ec97f1d
4f08f0b6
7c927a18
25df431b
ae518e60
5c3aaebc
662f740a
d4fa8326
8df3823b
e2655ad0
369f9075
3551c2b9
d4a0c552
45516273
4b3b66e3
ed0b9480
045ca278
662b1a8e
9e2b785b
a3e1485e
fa56a552
3dd61750
cad53f02
97f3c3da
e7c51e0d
d38acb32
6ad120e8
2ba8bdb7
07881215
f8f04f97
f0fda034
ec43ce3f
58df176d
a2b807e5
a995ddde
cc9084d1
5858bbc6
f237f7da
81411bbb
d4d70950
73e90a83
4b1eb1b9
7c80969f
551fc3c7
3eb624ea
a93c5e11
8332ddc7
b8525b48
fe29d95d
586ac82e
127adfd8
36598f48
d730a8d9
9a58fbcd
e2b49413
29b9962e
3b96459b
8b3e4ac4
abbf877e
ebf2b954
cedf4638
da696658
43a4c42e
b8882032
51644c23
bf451db3
23870882
e60fa389
9cda913b
f87bab06
cee4739f
528cf63f
f78ad417
c53c9e9c
3e59897f
18f0c8d7
fb327a6b
0e0b744e
2f4acbf8
f03b0f93
82553dd6
4dad96f5
1b22a67b
3a243169
ca49b97d
488272b8
f58c9671
fcfe55c9
af54fc5f
51c0f4b9
3a2b8cda
d691e9f6
cb8b496a
957e27d5
a1067454
38909aef
fdbf07e4
bf1b7c2f
e9273805
10648dcc
4e0bb049
e1279641
a36a4098
41cd4e92
390025be
50cbfe62
ec176930
9b575196
7ca9afcf
d631d868
c7484674
b93c39e7
819f5dc4
fb4f1cd9
10d7d387
eb617fd4
e0b838a3
ba062ae6
0d9e1212
aaf51baa
3bcdfe5a
590e6794
1adc19d5
cc3b8371
d944397c
fab700ac
384721fb
5a016762
35843eaa
77c1d714
71bcb376
91b875fb
6ce0bf5e
fc4dd1fd
1516d21e
3dd48599
bb4485ab
d7e6afe3
5f08ccbc
a4a97ee8
0c11efe1
5704c1ec
bc786a93
7b5d9630
98cbe993
bb5c053c
59747355
3b289c25
fc54af41
3ef2c210
c05458ce
90cb6d42
07396b3a
8aba3b8a
6d1e851a
0df354f5
41939161
61bcfd36
65fd0a6a
d0b2817e
de4ff526
8bcc86fb
a44be634
c3460869
529fdefc
f9076d67
1e99a126
1881e478
a37d0166
6f6cc833
e9863a27
bdc8b1c0
5e85eb62
36781f64
1f4d0fc6
4c339a25
417c0ca6
88700872
7102b2b1
7ad0547a
80d06d7f
a267c18a
a90574c1
2a241996
170d0b82
198149df
d7f842bb
2904328b
91e80a04
51e16bb7
4792411e
cb28a9c0
e6374468
d57cf582
549fe5ba
3a286d80
3cc96584
7a91f5fd
42450c54
f0f8d122
f6e9882b
9e8feaf9
0a941f78
dcee5a0f
6c6ed9e3
c920418c
d77ea40c
1a04be15
10ab18f7
7d120084
8ff4aaaa
0b85ca48
298e0a6f
cda71020
096a7c29
1f611be6
0fa5e154
68b3d9dc
32de5d0d
e83c0ef3
fdedf184
c22b54bd
7afd2dc5
995c1be8
3ada5025
ad4baafe
ba3dea96
13dcfdb3
54ba07ca
059813fc
5673785b
cebc1553
f7cbe91e
ddfecdd3
57792e99
d1e1de61
34bfb070
cd34165b
c887676d
6e05255b
f32d2a2d
c1638eaa
f5d37548
4979b44e
19787d1e
766374f3
e5adf102
750b27fe
191f6a81
1205b11b
4e552be0
f9f684f1
d43ca7f0
0c0eed3f
116a55f3
bf926e54
ea010c35
272c06fa
efb72a20
059133ad
fdcad65f
f32821c1
bbd5ed2b
43fe7319
a7196d42
30596f8a
ce37a74a
6a05eef8
1ed821fb
f37463e6
3fb45a10
322128f8
1d787272
c8985beb
3ccac313
ab85a085
dfea13f5
74ea2116
2c5f94ab
2aa19b3f
e350cb5a
953f0931
c0057f82
1bd1df3b
ca3cf7fe
e1b37a7f
8697e021
139aece5
9efbd506
f8aaf30b
6775bb32
310d74eb
cc8c1fe4
4148c159
20cb286e
0ad181e6
38b941ef
0878e8f4
55b91527
0b8f24b9
899838a3
f39be973
0bbf19e4
bb720499
516a0ca0
6dc1a29b
311beba4
ba18ca92
72c2a597
ad539e94
1a7b979e
0c43f916
1b99a2da
e7b97722
718b4dd8
e5da58e3
ef88ec9f
f6dbbfc2
b108b6c8
4ea3fd8f
5aaafccf
2ac71dc5
db432b76
64af37ba
5f823431
8914bca5
845c3068
1b94ce18
0be767a0
ae368bb2
793eb58d
d1538c82
47b24c91
03357284
bd8e5e3c
96f90a4c
5c9cc72a
aa9696a5
60ed53f7
a597b25e
1f5b7e86
269c3690
194b6c86
8691a135
964a31ea
cd107240
4412955f
7e6fb863
45f0b70a
4715f090
e6a93d8b
0bdf6b31
186564db
322b5993
b8f7f6d7
44b8960a
43eb9517
7e6dd964
14d1708d
09113a01
6f9dd9db
c8e7b52c
83904c03
672b8505
781c966d
3860cff8
da30f213
8391efca
d2a5d55f
d343f5ef
2b66d5be
cf28e977
ad54d462
24d20ab2
c2a94c4b
15b1f231
4b434202
52decfe2
072b9ea0
de4a0489
808a9799
a026d684
1a658502
821d1541
12a1fca4
ee9b265b
67cb2114
734ed44b
0739aad8
7fae8a68
43b9e1d4
b663cb58
ccd0ace4
848e7ac4
6317c269
87dd6564
c960f7f9
0bfce8a8
c583e2b4
5673e178
e3220a59
373fdda4
149d84e9
072e79b7
8185bc42
c3a92931
50a6542a
28226600
6203260f
6bed8b5f
764eaed2
4d9d694e
722822e3
3d746a1b
7378d66d
8aa898b7
908de25d
be15a496
273a89c7
d4c9e608
275b87fa
ef923dad
45bf8229
9c926600
3820c51c
56e765e0
33f86dcd
840b6056
0d0e7cbc
f561ea90
b66a7dd6
107ff9a4
a5063a6f
3bb94c11
d6d7b1d7
da3bfe97
0dfd9a74
2547b74b
1b74bbe2
015f9c92
3f5b00f2
8c671cfc
6b22ee17
5b60bfdf
50022db9
30e997b8
c416805a
ed860ad3
cf29631b
df79782f
a10c188d
d61b4bae
1c932d91
ed1f0a33
c7593f64
18043f0e
71455b51
dc996b6b
fda08595
6d819be0
32f7adb8
73faa18a
90d93772
0e67b01a
de46a1d0
19e008fd
59f3ceac
c78f03e8
1dc04280
4be7ec26
b15ecd6b
b686320f
d3a2f322
11749d4a
3c5a763f
b33e83fa
4dea943b
612cdf60
7b2f5d6d
e0eb0325
e9635f6d
a46bd1f2
8b9d4e34
34b2b1af
b7ecc02a
cb274855
fd666747
9b24c446
491e6960
d77ee78a
d9fa1cfb
b14de0ac
c76e73b5
75d30060
7f2b46bf
851bda3e
5db60874
89e0fe12
33b836e1
95816cc8
459d88f5
1c57a565
42c2130b
4a79a8f5
69e3870b
38942f7b
9c1bbc26
e1f7ea30
6bed1b54
e90bc3fa
8cad56e2
1585250f
2ed09852
cbb6706d
b21a8308
9c5cbe0b
23760237
b7f4330f
14b53819
64d84f73
bbe044c9
b161a549
fe8be5fd
48e5bd85
09fba50d
72604524
22d35437
bab605f4
93779905
1c1586ac
8dc9ae48
8be393fc
43589541
e8314c70
c622f04f
7e258a34
379031a6
a1dc8534
6af29ba8
fc5434f5
bb0fdfc0
546d9cc5
94408052
5021c236
f57bfa12
f5e3ded7
c86a202d
c1a3f6d1
e1e4501b
68a82b04
d9496a0b
b885dbc9
c6a3108d
a2c68b00
c726f1f2
89b8a0e0
c7720f99
2faffdee
767cd86a
afca1171
d439d74f
85606f78
25915f91
53318749
cf3a51bc
7e73f649
ac4ea5c8
a54c92a5
63abf3d3
ae77fc8e
8aafc5c4
e42f059a
746b302c
1aa00e0f
f948b388
508f8e00
6cfd55db
dd0c6fde
561ee424
f0db590d
326cfe4d
c7460d33
05058719
c6f1ef4f
542f3057
1cb919b5
a8f9bd91
e34401fc
059e37c4
11e8c1f5
7e161343
1573b292
abea3613
97e81150
7123677a
30e3e298
01dd0fdf
104bb665
82c10e6a
dd100bb2
7e34c4d4
e45ddf0a
d3663545
438a503f
21187d8d
91fcbe3e
1d3fe20c
1b7beca9
c3d4d80c
fadc722f
08740e5b
c1a610b5
4d44351e
f964a72f
7042c31c
61e59e72
a15e4f23
a69bdc70
2d118368
b84ec117
a2ccac8f
ed03db03
e18c1255
2b2752b8
a006d5ed
d45bde6e
301c6540
a0a4b580
5fa33b0e
c5ca8be7
91a7079b
e9715dd2
7641e679
738aee60
1a9dae04
38188495
491ce060
b59c4581
39fd00c8
83137660
0cf7ebc1
7f221bfe
07da3b33
122d9259
934767bd
d6b12d0f
848ca110
41f92f13
6221887b
00dad153
5637bab2
da4db35c
740564f0
9980a085
32260330
50d96091
83f882bd
719f2567
902e35a9
3442208d
d9598914
129d6a5e
1b990457
5f2e3836
fb9d8359
30e905d5
c23a80cd
162addde
76eaa316
c0ca8426
54d121f2
029e5e45
a1955a94
6f701a40
8312987b
bfcec4de
141adf57
1b1e922a
f932883a
0793c432
45c80dd5
d949a431
00474776
d578a68c
7caf75ee
4d588fd9
44e97e67
b50d57bf
d1a9cf38
147443a3
9c149e75
5040a2e9
ab9343a9
f06db9fa
3f26ae65
8399c97b
cf1c8623
704c37b6
9b8f58d2
37e38e77
88e05319
08701962
6b52a1ce
af18b2ab
ab0a43f4
cb089356
01ca04ca
053718c4
9bb24c90
970c352f
4b4ae370
a491c458
420b20cf
15c36898
01365baa
f4b3434d
679bdb9c
091c3164
ed93592e
e5e6eaaf
d29b2036
3991e7c0
40ad3168
004862df
45926c74
6b732bcb
f09f2375
d1557a05
51d18314
77bff6bd
b00115b5
8f109e1f
b3ddac2a
ee7c9e76
9d5af346
1645b4b7
24815cf6
21c3bef3
1785b837
5c811b9f
3d621f60
901a6b0a
56f7edb4
729c48b8
8600a9b4
01109ccb
f9087a9d
cb95be0f
15cedf8f
9f0a337a
108ac98a
ed1439b6
16990574
5ae53775
d0502576
20f3ef68
73c79f81
22f0f62e
0c0e5b1b
4cec2457
81a9c4a3
a4b0f682
dc4db870
a00513da
cf87d141
bb3885a1
3b2dfb8a
171d9192
d1123459
38b9c191
1f9e3e24
ddf642d6
e0cbbdcd
f3cf6eaf
21b6bdba
36da9612
25dda475
06b241f2
c898c808
2b85bd13
984e6986
4770a445
3da29e63
efbd7acd
4ae296fc
00f0adbd
ea65f7b3
4fdddada
2a0c2423
e3c9076d
bc6ae929
1cc61f04
ca5a1c0d
68bb6500
0078cc0c
f8ddbee3
9f8fe7f4
deabab9d
3b43ed92
6e6ebb82
4650e212
a79333b9
cb74e3af
d31fc7f4
fdda665f
4ce127aa
900eeb7c
fcb13103
497c0b74
be01ccf7
22852d0c
6ffbe469
2498fb2b
c1fcc46d
98f5f5d2
330403c2
cc1bcf7a
bb247cfd
cc5a3ab9
fdb4e333
6af13120
a487fb0d
80ecd162
7ae9aec6
b15aaf8b
f38e08ac
558e62b7
ebdacc07
bb05a58d
3f1bcc58
a1b31bca
58e0b712
e489315a
33d3f5bc
68bacab4
4a4f2e30
1e0e8eda
8d626ee4
1cf20a4b
67e47297
59442f7d
360aa696
9ae9a6da
5aa4ca12
f51661f1
bf899def
106f0532
19b140b3
073a0ebd
673ccf7c
726556b6
2da60e6d
f0ac8847
8b2772ab
6eac2272
7f2c6c00
e9f61cda
5adf9226
6d77b633
b03bf12a
9c8bd457
48853726
c72c8676
66d9cde3
ba2b8212
4f2cbe34
2143a72b
312f6807
30d67ae8
1fb843c9
3943fd13
e952e26b
4f932cd6
2bfd136f
ec586042
e8a5df51
3b7d18d9
34bce3d2
4b5f87de
ad6011a4
b6d54409
e086663c
fd5ad5ba
0bc19162
7051eb3b
d9fefaf3
5ec54b17
4cb8b921
d5b62252
af0c806c
4f19f887
e00d11a8
e67fda12
03599ad7
528bde3e
6f407773
11538bfb
100b56e2
cc0721d2
cd148cd3
3c936c00
d7d8f002
ee04c7e2
3a6af740
a13766f1
0147ac78
326e9860
ccf8491c
88481007
32d70a25
9386b818
c882f053
da76d65e
c033349e
21b02e3b
54b4a070
4fbf1ae6
16abfad1
50db38a7
8dcf3ebb
b9912faf
4120ccac
63d75bf0
92c66d3d
2111293d
a6f3ad85
ccc5dff7
056f7622
19dc3d0c
7ffb25ea
805dced5
62474103
5183cdf2
9512e8b6
615a9fc4
f107e9ac
b361436f
aaf6fa0c
43411f08
72d8e4cc
a84cd0e0
cefde831
68a7c71f
eaa26c1b
8aa32ecf
d7a53630
bb1b764a
f3f0fa93
abf3c27d
46125786
be04cf78
10f15553
2e943ab3
36c4e3f0
769889c7
4131b6b9
b46cc49f
93c8fc3f
5e3c43a4
683bdbc9
7b593b9b
5096c039
8bf36387
0334da2d
2c84cdee
6b84b668
e686a44a
8d42bea0
52be832e
e8cd5bf4
7bfd42bb
a8200b3b
21235f83
b57b9c5e
dbc88493
1509eacc
ac1642e5
9bb731cf
c81104ac
369eda7e
cfde5d28
12310f59
13a2eab9
f428718f
456be80b
81332a59
2fd7f020
2f23404c
eab288d6
49266540
309f9ef1
85694c73
80b05c13
3302321a
b9abb7e9
d6ac2a1f
d2e0199d
1c826dea
61448de9
190b30be
08578560
2d75be98
8544d8b7
92f52f01
8058de5b
c0fc66e7
b2482505
995664f4
ce696ae4
e0265c49
0d711175
1d72fb9a
45885560
143ba86a
724f94fe
23f7de4d
edfcca14
7e311aa8
bdb115de
c2ad995c
7bdf47fe
38f933ed
e5b96a34
ec409bdb
2a3eb1db
f2e03966
de27f4e9
02c13373
bbef7d0a
b4e35b77
bebfbee5
cb5e9ec5
d81c7012
711513ec
95e1b7c2
8d0f7d37
1e760d37
70125c4c
a39ac5af
5395bd22
dc768593
3db8d45b
a85b5edd
a22bd4fb
d7aa48f8
a43efa96
6370da3e
192686c1
18bde9f5
bff6e9fe
b87e75ec
bdcdd739
371f5ab8
4f149023
5950dc61
eb9883c8
14e71831
fbbd1f50
47ea9711
a90ea1ee
6575a38e
81f5e736
1f98d3e2
3b71b8ca
b71bb6f4
43acf818
c8a0b707
84a8fe0d
31f971d6
533fd883
bda136e2
35bb76c6
00bb0210
e02a6365
87fc5e66
9ba9f047
108b1c2e
393958b5
852d4653
0c612afb
8f14eff4
0c133271
c623b4af
5434ef4e
4246c3c2
32523fd5
9b35596d
0a23544e
2133f7dd
d3f6fd28
d55ec9f3
aef420ec
fdd235f6
264a295b
6c40ab91
792ada89
5090bb1d
dd904230
915a4483
2e0c1fe0
a8b1dfb0
461672e2
2bf9bf90
45a459ca
03848470
81631da7
b8906688
30efa2e9
41b1c97d
676a6f01
25576d4c
d901f901
3c70b15f
b96871cf
1ad05446
e020443d
60103dda
756f6e66
2e4089f7
b90d19a0
18d47e1b
23bc541c
ce28952f
8daa6e35
52f3f0e8
25fbf416
5126e103
b7ee69c4
b5158e06
780863f2
b8879ec1
0a7b8e1b
579160e6
1249aa97
21321c9f
56233c71
132ea924
a8a021e0
c89c8dc5
2a7a4833
ca262ba5
1520cf0d
89b01915
2b99609c
93aa8b9d
a89f3808
77dd3e6a
6c8132f8
6822786c
6391449b
ca7d8891
303978d2
609b9b75
e047a444
ab5c437c
48601fcb
39b2dc5c
417304d9
c18d2ac8
24ee1a57
6281870e
7e63b40c
442d97b8
e5ee6cd5
a51f4c14
05c10dd1
9261a40b
a785f6f3
003c4d9d
be10edec
46dc2ce6
33792842
f4d2865d
8008f4e0
43a14c8d
9afb277c
8c835e1d
30f50fe2
fb40dc9c
606306de
beb6f7a5
805baadf
bbad2c45
2716d206
7d43b2c9
53b1fc0b
522b9016
0bf4d621
4ac35989
839a5938
8cd78e4b
4ce78df9
9466ae19
39155f66
9e32bc85
840c21bf
a242fa54
092f806b
0998ee42
793f40c1
ce75db40
d90ac32f
0baf57c3
04431b02
738292b3
05e503c9
1c7e025b
b2cf4ec0
f1d49f1a
55c6a443
bda07882
6c0a86ce
bebd44b3
50af5fb0
0eed9bd4
f487275d
8bdb918d
bbe3e4b6
e32c9fd5
2d1d0889
df70e39c
9cce67d8
488e96a7
9f1420f7
706ac1cf
d153bec5
363355ed
0fac89d0
8d078f8b
4e86d33f
3982cf65
905df834
11b928c8
88642245
c47f2492
c90c1e2f
20f64c89
2cd18db9
4f6a7ca3
b9253e7e
461ffe1f
92292b63
dc985c38
55d58f2e
0dc8af6a
9134cd98
81eba091
9a389b00
ad026ec7
c93d4f4a
0f64ef7f
49cf8e80
910712a4
b2074ff5
2cbe9783
c66253f1
2f993ba6
c7f2a9a6
be9fd51d
a1b4f356
e0c09b9b
a84646f7
c3ee3200
547ce2a6
c80a59a8
cb0e17b7
cf99f3e2
2201ad05
489654f1
fe820c72
09068805
f18a8446
7cada58d
cd8b77b2
2319324c
c0d9afe7
22882ae7
d5be197c
5b8c5e7d
2da4f7f9
8af6e5b0
453b4662
1efc8a26
1680320a
a8c65d26
eaeb3e4a
91121ffe
8bb3f181
4229fb74
c7246e9a
dadb72db
ecf2819f
df1ba4c9
b1d83eda
27a14faa
4f830a53
1457bc8e
332aef9b
3d83dec6
9a7392c7
145cc450
1e8c4431
f242ad5a
faaf243a
e394e339
8aef8596
2a386732
957c9536
f8aa4b59
898db8ef
25861d10
11561355
9a744c93
3eae6fe5
bbab06e9
55bd98de
80b8c9a6
07124872
40dcae9b
5512caef
2ecca02e
67bd9f0b
ec3fd514
85245e63
4bdcaa87
69006e0a
580ae083
c504455b
d908c715
3065c3a5
da1b4d51
c06d9fa3
0bc4c482
fcdc3edc
3a357388
8b9cef4e
f052afeb
4f29854f
0c316ba3
350f28d5
e4a2167f
a14b1fb1
0d7921bb
af03e41b
61c22972
c8c39343
f779a2ce
cc91f3d2
ec518ffe
1c87c8e7
71620640
9b1bc893
cd2ebd30
cf0e1828
1f82651c
344595dd
f2195a89
5c1b1353
d8c78456
4c752b55
5ba58f35
6bebe6f7
47762603
5f44a359
12951d39
fbefa1b5
bb63c506
eb11f797
ee6bc81f
0ce0493d
90ef3df4
8ebf1e1f
9559d012
d7a828dd
dce01a79
e8344ee0
8cef552d
1d81a724
d7259559
e1316bf9
cefd97a7
a5db8247
77a1362d
dc13397b
96f39e11
a241bc69
51c77f58
3a00e848
4296e0bf
b4cab6f0
aa7d9417
a97b00d8
bb4687f1
a158e3f1
e5220153
611bf412
3e7095c7
5a163c26
0113ebb1
6c147b6c
00668c4f
cdd786f1
ad4153a1
81beb9eb
a266b25e
aab147b2
626ade68
5a1a1839
6c3819db
afddf4d0
e655cf78
73e48588
9dc3ef90
499c5ffd
1236a8a9
b9e68836
fddaaa66
b7fd7384
7f1e36ea
c862289a
e4b8a049
2d7e470e
af756452
f91dee71
47eba5d7
56f1ec66
74d396d0
dd4b85e2
7ccd5c52
6e8a861d
81b88736
b2021636
afb4a47c
d0a04585
15c5305b
4a4b71b3
4c95815e
764aeaa8
f2d58488
f21bfbd5
74f45d17
33ccd7d2
3f95f13d
19705721
1c1f8c25
a66ea37a
9412ced9
e0be6d1e
853d2fb6
f61327db
ee17c48e
785887ee
11b21cd7
f4fdc56c
a8132772
c1479006
0fa98a61
4a64a853
885cb6fa
2b02f221
cec4f0c2
e8f20276
adcd8af8
023b8d8d
c077e436
2e9e266b
6dee92dc
101f9a33
3aaba635
9a4158e5
df68360b
b51e4ca2
4630fd4c
4430668f
6bd17cb6
d8dd1c5c
c7530810
d36e2284
d24f27cb
32729ecd
8145ccad
409ba6a6
4979bcf8
717037b5
292a0b46
895b36b6
de6b81a4
eb75d3cb
b247915e
406769d6
77bfaab3
03409af9
aec8a948
e362385a
ef52151c
f2c1a13f
9523eddf
2382e911
bfb1cdf9
f91a44b3
260aa92d
b591d6ca
edeb4996
f37339d5
021cb908
48f93798
8091aa07
da1bec9d
d6f96060
5a19c6c7
931ddea3
f51f8ad9
c1734e86
1743487c
428562f8
ab2b51b5
4a3c37e4
80fcc1aa
a766794e
e68f0b42
bef601ed
b23e4ab5
65ee0d9a
86d8be31
60de4e9d
5044a593
6c8075d9
df89a289
6a11be73
148777b6
16c48a0b
69c19688
d25abf9a
8e7f0a89
2f7d1e9e
17d3608d
ad920187
dfdcdb5b
5bddbc7a
478da57e
312d659b
90257ed9
d47ec785
2ae26029
bb2692dd
cb93afae
58b7ea6c
eaa25451
f6c42f1c
d6d2b3aa
1190f1ba
9220c75a
92b227b5
25d792a7
5bc84b69
f7a7f8dc
2d6c86cd
9288de3b
090e42fc
a0dc8c2d
b5157084
4fceb9f4
ae804a55
e1460e96
0eaef395
c7d19de4
8a62632a
e3d87b3c
560de898
f99b498a
fbd3dc49
1c9bf2f9
efbe4386
ca5599c8
a3d02486
75a9581d
94799727
c1f1efc5
0c6e455a
7580c33a
d596c191
2ab67795
29898a77
27d37809
8b556941
b624ee51
8003485f
3db127b3
cae1e484
2bd2c76a
8abdb2e7
ba946bf9
ed3ada54
fe02b7e9
1697a404
1066edf8
492ba3f8
690743ea
80a4e961
22c8a469
8b29ae2a
b97efb6a
f475f649
e4b7c4cc
3a51732e
6e22992a
f9f41c10
f0d25088
9f8f86c5
4d563f2b
fad419be
4b37441d
021202fb
923e0a85
1ea96cdb
5ac05f4b
4068dd4d
7199eada
d28eeebd
0fb3eb42
897ac47e
ba95cfc2
0ea92f8f
39703b5f
f3726784
2ed4322e
5e3d0ccc
904ca8b1
7d3ef1d3
66f28004
5e1901da
3d914f8c
5c1446ea
026ea3e1
60fdf77a
ae03bfaa
fc67427b
bbab25c2
6c14a5f1
e1dbc676
b4654a72
8e43c646
6c19ea12
2f97c240
7107787f
4d3bca41
522a4a1f
3f82503c
0353f04e
df47b8c5
97420881
db8f6256
2f52346e
c33492dd
11ce84c0
770a0d49
9cd7d00e
db744126
be48f7d5
f06f63c2
60e621e8
a8a74ea2
76d9c996
62b6a6a2
b2ce052b
f99cd60b
65fbd8b7
cfd6a5a9
80d5b3d0
eaa33799
04682e26
79532107
4e1d77c4
8f783cd1
11547a24
a39f5443
954332b3
60f36c1c
83ac7cac
d516b823
9b5ba372
87af0d71
999b1c4e
5ff42427
0583e566
d220ea2c
6920640b
7d01381b
a5cd78d3
95419450
5feae559
2ed40fb8
df154a66
2a58eb98
5de4a67e
84639f6c
dc269c2b
29d8074d
1f07f3d0
a41b21b2
740b2ad7
e9836eb6
732f3302
b40c9f21
2d7545ed
0c67948a
93057f42
37e44c67
61cdfa46
b3070322
2e1bd3c8
4e1a456d
fef10bf0
c3b0e6e8
169e957a
8d65eb08
310fba90
7c262d8d
18d6fcca
fcf962a7
c95e57d9
b2959dbb
64702ddb
ac83adc0
788d8762
9ca2b674
a1609659
e2123088
02aed3fa
ac6d1a28
dace5958
6df155a7
e6073491
c8b64ff0
e1a5af56
316a98c3
458b4fb7
028064d9
d395d8ec
4e6ad434
9ad083ea
3165feed
c4ce14e5
aaf7f2b3
feed24e4
4883c762
e9a1fc20
0bd36044
6d920789
761733b5
19846237
cd2c96c0
27b1a2a0
7a186bab
f30a7448
cc582346
0b079876
fc9da4d3
f912e528
e12ef4e1
37f23425
2971e365
863b8f67
8112d076
1015921a
51cb6e97
6c8427b5
eaab0e1e
26b33ec4
d565aeeb
00000000
00000000
00000000
00000000
00000000
00000000
00000000
00000000
00000000
00000000
00000000
00000000
00000000
00000000
00000000
00000000
00000000
00000000
00000000
00000000
00000000
00000000
00000000
00000000
00000000
00000000
00000000
00000000
00000000
00000000
00000000
00000000
00000000
00000000
00000000
00000000
00000000
00000000
00000000
00000000
00000000
00000000
00000000
00000000
00000000
00000000
00000000
00000000
00000000
00000000
00000000
00000000
00000000
00000000
00000000
00000000
00000000
00000000
00000000
00000000
00000000
00000000
00000000
00000000
00000000
00000000
00000000
00000000
00000000
00000000
00000000
00000000
00000000
00000000
00000000
00000000
00000000
00000000
00000000
00000000
00000000
00000000
00000000
00000000
00000000
00000000
00000000
00000000
00000000
00000000
00000000
00000000
00000000
00000000
00000000
00000000
00000000
00000000
00000000
00000000
00000000
00000000
00000000
00000000
00000000
00000000
00000000
00000000
00000000
00000000
00000000
00000000
00000000
00000000
00000000
00000000
00000000
00000000
00000000
00000000
00000000
00000000
00000000
00000000
00000000
00000000
00000000
00000000
00000000
00000000
00000000
00000000
00000000
00000000
00000000
00000000
00000000
00000000
00000000
00000000
00000000
00000000
00000000
00000000
00000000
00000000
00000000
00000000
00000000
00000000
00000000
00000000
00000000
00000000
00000000
00000000
00000000
00000000
00000000
00000000
00000000
00000000
00000000
00000000
00000000
00000000
00000000
00000000
00000000
00000000
00000000
00000000
00000000
00000000
00000000
00000000
00000000
00000000
00000000
00000000
00000000
00000000
00000000
00000000
00000000
00000000
00000000
00000000
00000000
00000000
00000000
00000000
00000000
00000000
00000000
00000000
00000000
00000000
00000000
00000000
00000000
00000000
00000000
00000000
00000000
00000000
00000000
00000000
00000000
00000000
00000000
00000000
00000000
00000000
00000000
00000000
00000000
00000000
00000000
00000000
00000000
00000000
00000000
00000000
00000000
00000000
00000000
00000000
00000000
00000000
00000000
00000000
00000000
00000000
00000000
00000000
00000000
00000000
00000000
00000000
00000000
00000000
00000000
00000000
00000000
00000000
00000000
00000000
00000000
00000000
00000000
00000000
00000000
00000000
00000000
00000000
00000000
00000000
00000000
00000000
00000000
00000000
00000000
00000000
00000000
00000000
00000000
00000000
00000000
00000000
00000000
00000000
00000000
00000000
00000000
00000000
00000000
00000000
00000000
00000000
00000000
00000000
00000000
00000000
00000000
00000000
00000000
00000000
00000000
00000000
00000000
00000000
00000000
00000000
00000000
00000000
00000000
00000000
00000000
00000000
00000000
00000000
00000000
00000000
00000000
00000000
00000000
00000000
00000000
00000000
00000000
00000000
00000000
00000000
00000000
00000000
00000000
00000000
00000000
00000000
00000000
00000000
00000000
00000000
00000000
00000000
00000000
00000000
00000000
00000000
00000000
00000000
00000000
00000000
00000000
00000000
00000000
00000000
00000000
00000000
00000000
00000000
00000000
00000000
00000000
00000000
00000000
00000000
00000000
00000000
00000000
00000000
00000000
00000000
00000000
00000000
00000000
00000000
00000000
00000000
00000000
00000000
00000000
00000000
00000000
00000000
00000000
00000000
00000000
00000000
00000000
00000000
00000000
00000000
00000000
00000000
00000000
00000000
00000000
00000000
00000000
00000000
00000000
00000000
00000000
00000000
00000000
00000000
00000000
00000000
00000000
00000000
00000000
00000000
00000000
00000000
00000000
00000000
00000000
00000000
00000000
00000000
00000000
00000000
00000000
00000000
00000000
00000000
00000000
00000000
00000000
00000000
00000000
00000000
00000000
00000000
00000000
00000000
00000000
00000000
00000000
00000000
00000000
00000000
00000000
00000000
00000000
00000000
00000000
00000000
00000000
00000000
00000000
00000000
00000000
00000000
00000000
00000000
00000000
00000000
00000000
00000000
00000000
00000000
00000000
00000000
00000000
00000000
00000000
00000000
00000000
00000000
00000000
00000000
00000000
00000000
00000000
00000000
00000000
00000000
00000000
00000000
00000000
00000000
00000000
00000000
00000000
00000000
00000000
00000000
00000000
00000000
00000000
00000000
00000000
00000000
00000000
00000000
00000000
00000000
00000000
00000000
00000000
00000000
00000000
00000000
00000000
00000000
00000000
00000000
00000000
00000000
00000000
00000000
00000000
00000000
00000000
00000000
00000000
00000000
00000000
00000000
00000000
00000000
00000000
00000000
00000000
00000000
00000000
00000000
00000000
00000000
00000000
00000000
00000000
00000000
00000000
00000000
00000000
00000000
00000000
00000000
00000000
00000000
00000000
00000000
00000000
00000000
00000000
00000000
00000000
00000000
00000000
00000000
00000000
00000000
00000000
00000000
00000000
00000000
00000000
00000000
00000000
00000000
00000000
00000000
00000000
00000000
00000000
00000000
00000000
00000000
00000000
00000000
00000000
00000000
00000000
00000000
00000000
00000000
00000000
00000000
00000000
00000000
00000000
00000000
00000000
00000000
00000000
00000000
00000000
00000000
00000000
00000000
00000000
00000000
00000000
00000000
00000000
00000000
00000000
00000000
00000000
00000000
00000000
00000000
00000000
00000000
00000000
00000000
00000000
00000000
00000000
00000000
00000000
00000000
00000000
00000000
00000000
00000000
00000000
00000000
00000000
00000000
00000000
00000000
00000000
00000000
00000000
00000000
00000000
00000000
00000000
00000000
00000000
00000000
00000000
00000000
00000000
00000000
00000000
00000000
00000000
00000000
00000000
00000000
00000000
00000000
00000000
00000000
00000000
00000000
00000000
00000000
00000000
00000000
00000000
00000000
00000000
00000000
00000000
00000000
00000000
00000000
00000000
00000000
00000000
00000000
00000000
00000000
00000000
00000000
00000000
00000000
00000000
00000000
00000000
00000000
00000000
00000000
00000000
00000000
00000000
00000000
00000000
00000000
00000000
00000000
00000000
00000000
00000000
00000000
00000000
00000000
00000000
00000000
00000000
00000000
00000000
00000000
00000000
00000000
00000000
00000000
00000000
00000000
00000000
00000000
00000000
00000000
00000000
00000000
00000000
00000000
00000000
00000000
00000000
00000000
00000000
00000000
00000000
00000000
00000000
00000000
00000000
00000000
00000000
00000000
00000000
00000000
00000000
00000000
00000000
00000000
00000000
00000000
00000000
00000000
00000000
00000000
00000000
00000000
00000000
00000000
00000000
00000000
00000000
00000000
00000000
00000000
00000000
00000000
00000000
00000000
00000000
00000000
00000000
00000000
00000000
00000000
00000000
00000000
00000000
00000000
00000000
00000000
00000000
00000000
00000000
00000000
00000000
00000000
00000000
00000000
00000000
00000000
00000000
00000000
00000000
00000000
00000000
00000000
00000000
00000000
00000000
00000000
00000000
00000000
00000000
00000000
00000000
00000000
00000000
00000000
00000000
00000000
00000000
00000000
00000000
00000000
00000000
00000000
00000000
00000000
00000000
00000000
00000000
00000000
00000000
00000000
00000000
00000000
00000000
00000000
00000000
00000000
00000000
00000000
00000000
00000000
00000000
00000000
00000000
00000000
00000000
00000000
00000000
00000000
00000000
00000000
00000000
00000000
00000000
00000000
00000000
00000000
00000000
00000000
00000000
00000000
00000000
00000000
00000000
00000000
00000000
00000000
00000000
00000000
00000000
00000000
00000000
00000000
00000000
00000000
00000000
00000000
00000000
00000000
00000000
00000000
00000000
00000000
00000000
00000000
00000000
00000000
00000000
00000000
00000000
00000000
00000000
00000000
00000000
00000000
00000000
00000000
00000000
00000000
00000000
00000000
00000000
00000000
00000000
00000000
00000000
00000000
00000000
00000000
00000000
00000000
00000000
00000000
00000000
00000000
00000000
00000000
00000000
00000000
00000000
00000000
00000000
00000000
00000000
00000000
00000000
00000000
00000000
00000000
00000000
00000000
00000000
00000000
00000000
00000000
00000000
00000000
00000000
00000000
00000000
00000000
00000000
00000000
00000000
00000000
00000000
00000000
00000000
00000000
00000000
00000000
00000000
00000000
00000000
00000000
00000000
00000000
00000000
00000000
00000000
00000000
00000000
00000000
00000000
00000000
00000000
00000000
00000000
00000000
00000000
00000000
00000000
00000000
00000000
00000000
00000000
00000000
00000000
00000000
00000000
00000000
00000000
00000000
00000000
00000000
00000000
00000000
00000000
00000000
00000000
00000000
00000000
00000000
00000000
00000000
00000000
00000000
00000000
00000000
00000000
00000000
00000000
00000000
00000000
00000000
00000000
00000000
00000000
00000000
00000000
00000000
00000000
00000000
00000000
00000000
00000000
00000000
00000000
00000000
00000000
00000000
00000000
00000000
00000000
00000000
00000000
00000000
00000000
00000000
00000000
00000000
00000000
00000000
00000000
00000000
00000000
00000000
00000000
00000000
00000000
00000000
00000000
00000000
00000000
00000000
00000000
00000000
00000000
00000000
00000000
00000000
00000000
00000000
00000000
00000000
00000000
00000000
00000000
00000000
00000000
00000000
00000000
00000000
00000000
00000000
00000000
00000000
00000000
00000000
00000000
00000000
00000000
00000000
00000000
00000000
00000000
00000000
00000000
00000000
00000000
00000000
00000000
00000000
00000000
00000000
00000000
00000000
00000000
00000000
00000000
00000000
00000000
00000000
00000000
00000000
00000000
00000000
00000000
00000000
00000000
00000000
00000000
00000000
00000000
00000000
00000000
00000000
00000000
00000000
00000000
00000000
00000000
00000000
00000000
00000000
00000000
00000000
00000000
00000000
00000000
00000000
00000000
00000000
00000000
00000000
00000000
00000000
00000000
00000000
00000000
00000000
00000000
00000000
00000000
00000000
00000000
00000000
00000000
00000000
00000000
00000000
00000000
00000000
00000000
00000000
00000000
00000000
00000000
00000000
00000000
00000000
00000000
00000000
00000000
00000000
00000000
00000000
00000000
00000000
00000000
00000000
00000000
00000000
00000000
00000000
00000000
00000000
00000000
00000000
00000000
00000000
00000000
00000000
00000000
00000000
00000000
00000000
00000000
00000000
00000000
00000000
00000000
00000000
00000000
00000000
00000000
00000000
00000000
00000000
00000000
00000000
00000000
00000000
00000000
00000000
00000000
00000000
00000000
00000000
00000000
00000000
00000000
00000000
00000000
00000000
00000000
00000000
00000000
00000000
00000000
00000000
00000000
00000000
00000000
00000000
00000000
00000000
00000000
00000000
00000000
00000000
00000000
00000000
00000000
00000000
00000000
00000000
00000000
00000000
00000000
00000000
00000000
00000000
00000000
00000000
00000000
00000000
00000000
00000000
00000000
00000000
00000000
00000000
00000000
00000000
00000000
00000000
00000000
00000000
00000000
00000000
00000000
00000000
00000000
00000000
00000000
00000000
00000000
00000000
00000000
00000000
00000000
00000000
00000000
00000000
00000000
00000000
00000000
00000000
00000000
00000000
00000000
00000000
00000000
00000000
00000000
00000000
00000000
00000000
00000000
00000000
00000000
00000000
00000000
00000000
00000000
00000000
00000000
00000000
00000000
00000000
00000000
00000000
00000000
00000000
00000000
00000000
00000000
00000000
00000000
00000000
00000000
00000000
00000000
00000000
00000000
00000000
00000000
00000000
00000000
00000000
00000000
00000000
00000000
00000000
00000000
00000000
00000000
00000000
00000000
00000000
00000000
00000000
00000000
00000000
00000000
00000000
00000000
00000000
00000000
00000000
00000000
00000000
00000000
00000000
00000000
00000000
00000000
00000000
00000000
00000000
00000000
00000000
00000000
00000000
00000000
00000000
00000000
00000000
00000000
00000000
00000000
00000000
00000000
00000000
00000000
00000000
00000000
00000000
00000000
00000000
00000000
00000000
00000000
00000000
00000000
00000000
00000000
00000000
00000000
00000000
00000000
00000000
00000000
00000000
00000000
00000000
00000000
00000000
00000000
00000000
00000000
00000000
00000000
00000000
00000000
00000000
00000000
00000000
00000000
00000000
00000000
00000000
00000000
00000000
00000000
00000000
00000000
00000000
00000000
00000000
00000000
00000000
00000000
00000000
00000000
00000000
00000000
00000000
00000000
00000000
00000000
00000000
00000000
00000000
00000000
00000000
00000000
00000000
00000000
00000000
00000000
00000000
00000000
00000000
00000000
00000000
00000000
00000000
00000000
00000000
00000000
00000000
00000000
00000000
00000000
00000000
00000000
00000000
00000000
00000000
00000000
00000000
00000000
00000000
00000000
00000000
00000000
00000000
00000000
00000000
00000000
00000000
00000000
00000000
00000000
00000000
00000000
00000000
00000000
00000000
00000000
00000000
00000000
00000000
00000000
00000000
00000000
00000000
00000000
00000000
00000000
00000000
00000000
00000000
00000000
00000000
00000000
00000000
00000000
00000000
00000000
00000000
00000000
00000000
00000000
00000000
00000000
00000000
00000000
00000000
00000000
00000000
00000000
00000000
00000000
00000000
00000000
00000000
00000000
00000000
00000000
00000000
00000000
00000000
00000000
00000000
00000000
00000000
00000000
00000000
00000000
00000000
00000000
00000000
00000000
00000000
00000000
00000000
00000000
00000000
00000000
00000000
00000000
00000000
00000000
00000000
00000000
00000000
00000000
00000000
00000000
00000000
00000000
00000000
00000000
00000000
00000000
00000000
00000000
00000000
00000000
00000000
00000000
00000000
00000000
00000000
00000000
00000000
00000000
00000000
00000000
00000000
00000000
00000000
00000000
00000000
00000000
00000000
00000000
00000000
00000000
00000000
00000000
00000000
00000000
00000000
00000000
00000000
00000000
00000000
00000000
00000000
00000000
00000000
00000000
00000000
00000000
00000000
00000000
00000000
00000000
00000000
00000000
00000000
00000000
00000000
00000000
00000000
00000000
00000000
00000000
00000000
00000000
00000000
00000000
00000000
00000000
00000000
00000000
00000000
00000000
00000000
00000000
00000000
00000000
00000000
00000000
00000000
00000000
00000000
00000000
00000000
00000000
00000000
00000000
00000000
00000000
00000000
00000000
00000000
00000000
00000000
00000000
00000000
00000000
00000000
00000000
00000000
00000000
00000000
00000000
00000000
00000000
00000000
00000000
00000000
00000000
00000000
00000000
00000000
00000000
00000000
00000000
00000000
00000000
00000000
00000000
00000000
00000000
00000000
00000000
00000000
00000000
00000000
00000000
00000000
00000000
00000000
00000000
00000000
00000000
00000000
00000000
00000000
00000000
00000000
00000000
00000000
00000000
00000000
00000000
00000000
00000000
00000000
00000000
00000000
00000000
00000000
00000000
00000000
00000000
00000000
00000000
00000000
00000000
00000000
00000000
00000000
00000000
00000000
00000000
00000000
00000000
00000000
00000000
00000000
00000000
00000000
00000000
00000000
00000000
00000000
00000000
00000000
00000000
00000000
00000000
00000000
00000000
00000000
00000000
00000000
00000000
00000000
00000000
00000000
00000000
00000000
00000000
00000000
00000000
00000000
00000000
00000000
00000000
00000000
00000000
00000000
00000000
00000000
00000000
00000000
00000000
00000000
00000000
00000000
00000000
00000000
00000000
00000000
00000000
00000000
00000000
00000000
00000000
00000000
00000000
00000000
00000000
00000000
00000000
00000000
00000000
00000000
00000000
00000000
00000000
00000000
00000000
00000000
00000000
00000000
00000000
00000000
00000000
00000000
00000000
00000000
00000000
00000000
00000000
00000000
00000000
00000000
00000000
00000000
00000000
00000000
00000000
00000000
00000000
00000000
00000000
00000000
00000000
00000000
00000000
00000000
00000000
00000000
00000000
00000000
00000000
00000000
00000000
00000000
00000000
00000000
00000000
00000000
00000000
00000000
00000000
00000000
00000000
00000000
00000000
00000000
00000000
00000000
00000000
00000000
00000000
00000000
00000000
00000000
00000000
00000000
00000000
00000000
00000000
00000000
00000000
00000000
00000000
00000000
00000000
00000000
00000000
00000000
00000000
00000000
00000000
00000000
00000000
00000000
00000000
00000000
00000000
00000000
00000000
00000000
00000000
00000000
00000000
00000000
00000000
00000000
00000000
00000000
00000000
00000000
00000000
00000000
00000000
00000000
00000000
00000000
00000000
00000000
00000000
00000000
00000000
00000000
00000000
00000000
00000000
00000000
00000000
00000000
00000000
00000000
00000000
00000000
00000000
00000000
00000000
00000000
00000000
00000000
00000000
00000000
00000000
00000000
00000000
00000000
00000000
00000000
00000000
00000000
00000000
00000000
00000000
00000000
00000000
00000000
00000000
00000000
00000000
00000000
00000000
00000000
00000000
00000000
00000000
00000000
00000000
00000000
00000000
00000000
00000000
00000000
00000000
00000000
00000000
00000000
00000000
00000000
00000000
00000000
00000000
00000000
00000000
00000000
00000000
00000000
00000000
00000000
00000000
00000000
00000000
00000000
00000000
00000000
00000000
00000000
00000000
00000000
00000000
00000000
00000000
00000000
00000000
00000000
00000000
00000000
00000000
00000000
00000000
00000000
00000000
00000000
00000000
00000000
00000000
00000000
00000000
00000000
00000000
00000000
00000000
00000000
00000000
00000000
00000000
00000000
00000000
00000000
00000000
00000000
00000000
00000000
00000000
00000000
00000000
00000000
00000000
00000000
00000000
00000000
00000000
00000000
00000000
00000000
00000000
00000000
00000000
00000000
00000000
00000000
00000000
00000000
00000000
00000000
00000000
00000000
00000000
00000000
00000000
00000000
00000000
00000000
00000000
00000000
00000000
00000000
00000000
00000000
00000000
00000000
00000000
00000000
00000000
00000000
00000000
00000000
00000000
00000000
00000000
00000000
00000000
00000000
00000000
00000000
00000000
00000000
00000000
00000000
00000000
00000000
00000000
00000000
00000000
00000000
00000000
00000000
00000000
00000000
00000000
00000000
00000000
00000000
00000000
00000000
00000000
00000000
00000000
00000000
00000000
00000000
00000000
00000000
00000000
00000000
00000000
00000000
00000000
00000000
00000000
00000000
00000000
00000000
00000000
00000000
00000000
00000000
00000000
00000000
00000000
00000000
00000000
00000000
00000000
00000000
00000000
00000000
00000000
00000000
00000000
00000000
00000000
00000000
00000000
00000000
00000000
00000000
00000000
00000000
00000000
00000000
00000000
00000000
00000000
00000000
00000000
00000000
00000000
00000000
00000000
00000000
00000000
00000000
00000000
00000000
00000000
00000000
00000000
00000000
00000000
00000000
00000000
00000000
00000000
00000000
00000000
00000000
00000000
00000000
00000000
00000000
00000000
00000000
00000000
00000000
00000000
00000000
00000000
00000000
00000000
00000000
00000000
00000000
00000000
00000000
00000000
00000000
00000000
00000000
00000000
00000000
00000000
00000000
00000000
00000000
00000000
00000000
00000000
00000000
00000000
00000000
00000000
00000000
00000000
00000000
00000000
00000000
00000000
00000000
00000000
00000000
00000000
00000000
00000000
00000000
00000000
00000000
00000000
00000000
00000000
00000000
00000000
00000000
00000000
00000000
00000000
00000000
00000000
00000000
00000000
00000000
00000000
00000000
00000000
00000000
00000000
00000000
00000000
00000000
00000000
00000000
00000000
00000000
00000000
00000000
00000000
00000000
00000000
00000000
00000000
00000000
00000000
00000000
00000000
00000000
00000000
00000000
00000000
00000000
00000000
00000000
00000000
00000000
00000000
00000000
00000000
00000000
00000000
00000000
00000000
00000000
00000000
00000000
00000000
00000000
00000000
00000000
00000000
00000000
00000000
00000000
00000000
00000000
00000000
00000000
00000000
00000000
00000000
00000000
00000000
00000000
00000000
00000000
00000000
00000000
00000000
00000000
00000000
00000000
00000000
00000000
00000000
00000000
00000000
00000000
00000000
00000000
00000000
00000000
00000000
00000000
00000000
00000000
00000000
00000000
00000000
00000000
00000000
00000000
00000000
00000000
00000000
00000000
00000000
00000000
00000000
00000000
00000000
00000000
00000000
00000000
00000000
00000000
00000000
00000000
00000000
00000000
00000000
00000000
00000000
00000000
00000000
00000000
00000000
00000000
00000000
00000000
00000000
00000000
00000000
00000000
00000000
00000000
00000000
00000000
00000000
00000000
00000000
00000000
00000000
00000000
00000000
00000000
00000000
00000000
00000000
00000000
00000000
00000000
00000000
00000000
00000000
00000000
00000000
00000000
00000000
00000000
00000000
00000000
00000000
00000000
00000000
00000000
00000000
00000000
00000000
00000000
00000000
00000000
00000000
00000000
00000000
00000000
00000000
00000000
00000000
00000000
00000000
00000000
00000000
00000000
00000000
00000000
00000000
00000000
00000000
00000000
00000000
00000000
00000000
00000000
00000000
00000000
00000000
00000000
00000000
00000000
00000000
00000000
00000000
00000000
00000000
00000000
00000000
00000000
00000000
00000000
00000000
00000000
00000000
00000000
00000000
00000000
00000000
00000000
00000000
00000000
00000000
00000000
00000000
00000000
00000000
00000000
00000000
00000000
00000000
00000000
00000000
00000000
00000000
00000000
00000000
00000000
00000000
00000000
00000000
00000000
00000000
00000000
00000000
00000000
00000000
00000000
00000000
00000000
00000000
00000000
00000000
00000000
00000000
00000000
00000000
00000000
00000000
00000000
00000000
00000000
00000000
00000000
00000000
00000000
00000000
00000000
00000000
00000000
00000000
00000000
00000000
00000000
00000000
00000000
00000000
00000000
00000000
00000000
00000000
00000000
00000000
00000000
00000000
00000000
00000000
00000000
00000000
00000000
00000000
00000000
00000000
00000000
00000000
00000000
00000000
00000000
00000000
00000000
00000000
00000000
00000000
00000000
00000000
00000000
00000000
00000000
00000000
00000000
00000000
00000000
00000000
00000000
00000000
00000000
00000000
00000000
00000000
00000000
00000000
00000000
00000000
00000000
00000000
00000000
00000000
00000000
00000000
00000000
00000000
00000000
00000000
00000000
00000000
00000000
00000000
00000000
00000000
00000000
00000000
00000000
00000000
00000000
00000000
00000000
00000000
00000000
00000000
00000000
00000000
00000000
00000000
00000000
00000000
00000000
00000000
00000000
00000000
00000000
00000000
00000000
00000000
00000000
00000000
00000000
00000000
00000000
00000000
00000000
00000000
00000000
00000000
00000000
00000000
00000000
00000000
00000000
00000000
00000000
00000000
00000000
00000000
00000000
00000000
00000000
00000000
00000000
00000000
00000000
00000000
00000000
00000000
00000000
00000000
00000000
00000000
00000000
00000000
00000000
00000000
00000000
00000000
00000000
00000000
00000000
00000000
00000000
00000000
00000000
00000000
00000000
00000000
00000000
00000000
00000000
00000000
00000000
00000000
00000000
00000000
00000000
00000000
00000000
00000000
00000000
00000000
00000000
00000000
00000000
00000000
00000000
00000000
00000000
00000000
00000000
00000000
00000000
00000000
00000000
00000000
00000000
00000000
00000000
00000000
00000000
00000000
00000000
00000000
00000000
00000000
00000000
00000000
00000000
00000000
00000000
00000000
00000000
00000000
00000000
00000000
00000000
00000000
00000000
00000000
00000000
00000000
00000000
00000000
00000000
00000000
00000000
00000000
00000000
00000000
00000000
00000000
00000000
00000000
00000000
00000000
00000000
00000000
00000000
00000000
00000000
00000000
00000000
00000000
00000000
00000000
00000000
00000000
00000000
00000000
00000000
00000000
00000000
00000000
00000000
00000000
00000000
00000000
00000000
00000000
00000000
00000000
00000000
00000000
00000000
00000000
00000000
00000000
00000000
00000000
00000000
00000000
00000000
00000000
00000000
00000000
00000000
00000000
00000000
00000000
00000000
00000000
00000000
00000000
00000000
00000000
00000000
00000000
00000000
00000000
00000000
00000000
00000000
00000000
00000000
00000000
00000000
00000000
00000000
00000000
00000000
00000000
00000000
00000000
00000000
00000000
00000000
00000000
00000000
00000000
00000000
00000000
00000000
00000000
00000000
00000000
00000000
00000000
00000000
00000000
00000000
00000000
00000000
00000000
00000000
00000000
00000000
00000000
00000000
00000000
00000000
00000000
00000000
00000000
00000000
00000000
00000000
00000000
00000000
00000000
00000000
00000000
00000000
00000000
00000000
00000000
00000000
00000000
00000000
00000000
00000000
00000000
00000000
00000000
00000000
00000000
00000000
00000000
00000000
00000000
00000000
00000000
00000000
00000000
00000000
00000000
00000000
00000000
00000000
00000000
00000000
00000000
00000000
00000000
00000000
00000000
00000000
00000000
00000000
00000000
00000000
00000000
00000000
00000000
00000000
00000000
00000000
00000000
00000000
00000000
00000000
00000000
00000000
00000000
00000000
00000000
00000000
00000000
00000000
00000000
00000000
00000000
00000000
00000000
00000000
00000000
00000000
00000000
00000000
00000000
00000000
00000000
00000000
00000000
00000000
00000000
00000000
00000000
00000000
00000000
00000000
00000000
00000000
00000000
00000000
00000000
00000000
00000000
00000000
00000000
00000000
00000000
00000000
00000000
00000000
00000000
00000000
00000000
00000000
00000000
00000000
00000000
00000000
00000000
00000000
00000000
00000000
00000000
00000000
00000000
00000000
00000000
00000000
00000000
00000000
00000000
00000000
00000000
00000000
00000000
00000000
00000000
00000000
00000000
00000000
00000000
00000000
00000000
00000000
00000000
00000000
00000000
00000000
00000000
00000000
00000000
00000000
00000000
00000000
00000000
00000000
00000000
00000000
00000000
00000000
00000000
00000000
00000000
00000000
00000000
00000000
00000000
00000000
00000000
00000000
00000000
00000000
00000000
00000000
00000000
00000000
00000000
00000000
00000000
00000000
00000000
00000000
00000000
00000000
00000000
00000000
00000000
00000000
00000000
00000000
00000000
00000000
00000000
00000000
00000000
00000000
00000000
00000000
00000000
00000000
00000000
00000000
00000000
00000000
00000000
00000000
00000000
00000000
00000000
00000000
00000000
00000000
00000000
00000000
00000000
00000000
00000000
00000000
00000000
00000000
00000000
00000000
00000000
00000000
00000000
00000000
00000000
00000000
00000000
00000000
00000000
00000000
00000000
00000000
00000000
00000000
00000000
00000000
00000000
00000000
00000000
00000000
00000000
00000000
00000000
00000000
00000000
00000000
00000000
00000000
00000000
00000000
00000000
00000000
00000000
00000000
00000000
00000000
00000000
00000000
00000000
00000000
00000000
00000000
00000000
00000000
00000000
00000000
00000000
00000000
00000000
00000000
00000000
00000000
00000000
00000000
00000000
00000000
00000000
00000000
00000000
00000000
00000000
00000000
00000000
00000000
00000000
00000000
00000000
00000000
00000000
00000000
00000000
00000000
00000000
00000000
00000000
00000000
00000000
00000000
00000000
00000000
00000000
00000000
00000000
00000000
00000000
00000000
00000000
00000000
00000000
00000000
00000000
00000000
00000000
00000000
00000000
00000000
00000000
00000000
00000000
00000000
00000000
00000000
00000000
00000000
00000000
00000000
00000000
00000000
00000000
00000000
00000000
00000000
00000000
00000000
00000000
00000000
00000000
00000000
00000000
00000000
00000000
00000000
00000000
00000000
00000000
00000000
00000000
00000000
00000000
00000000
00000000
00000000
00000000
00000000
00000000
00000000
00000000
00000000
00000000
00000000
00000000
00000000
00000000
00000000
00000000
00000000
00000000
00000000
00000000
00000000
00000000
00000000
00000000
00000000
00000000
00000000
00000000
00000000
00000000
00000000
00000000
00000000
00000000
00000000
00000000
00000000
00000000
00000000
00000000
00000000
00000000
00000000
00000000
00000000
00000000
00000000
00000000
00000000
00000000
00000000
00000000
00000000
00000000
00000000
00000000
00000000
00000000
00000000
00000000
00000000
00000000
00000000
00000000
00000000
00000000
00000000
00000000
00000000
00000000
00000000
00000000
00000000
00000000
00000000
00000000
00000000
00000000
00000000
00000000
00000000
00000000
00000000
00000000
00000000
00000000
00000000
00000000
00000000
00000000
00000000
00000000
00000000
00000000
00000000
00000000
00000000
00000000
00000000
00000000
00000000
00000000
00000000
00000000
00000000
00000000
00000000
00000000
00000000
00000000
00000000
00000000
00000000
00000000
00000000
00000000
00000000
00000000
00000000
00000000
00000000
00000000
00000000
00000000
00000000
00000000
00000000
00000000
00000000
00000000
00000000
00000000
00000000
00000000
00000000
00000000
00000000
00000000
00000000
00000000
00000000
00000000
00000000
00000000
00000000
00000000
00000000
00000000
00000000
00000000
00000000
00000000
00000000
00000000
00000000
00000000
00000000
00000000
00000000
00000000
00000000
00000000
00000000
00000000
00000000
00000000
00000000
00000000
00000000
00000000
00000000
00000000
00000000
00000000
00000000
00000000
00000000
00000000
00000000
00000000
00000000
00000000
00000000
00000000
00000000
00000000
00000000
00000000
00000000
00000000
00000000
00000000
00000000
00000000
00000000
00000000
00000000
00000000
00000000
00000000
00000000
00000000
00000000
00000000
00000000
00000000
00000000
00000000
00000000
00000000
00000000
00000000
00000000
00000000
00000000
00000000
00000000
00000000
00000000
00000000
00000000
00000000
00000000
00000000
00000000
00000000
00000000
00000000
00000000
00000000
00000000
00000000
00000000
00000000
00000000
00000000
00000000
00000000
00000000
00000000
00000000
00000000
00000000
00000000
00000000
00000000
00000000
00000000
00000000
00000000
00000000
00000000
00000000
00000000
00000000
00000000
00000000
00000000
00000000
00000000
00000000
00000000
00000000
00000000
00000000
00000000
00000000
00000000
00000000
00000000
00000000
00000000
00000000
00000000
00000000
00000000
00000000
00000000
00000000
00000000
00000000
00000000
00000000
00000000
00000000
00000000
00000000
00000000
00000000
00000000
00000000
00000000
00000000
00000000
00000000
00000000
00000000
00000000
00000000
00000000
00000000
00000000
00000000
00000000
00000000
00000000
00000000
00000000
00000000
00000000
00000000
00000000
00000000
00000000
00000000
00000000
00000000
00000000
00000000
00000000
00000000
00000000
00000000
00000000
00000000
00000000
00000000
00000000
00000000
00000000
00000000
00000000
00000000
00000000
00000000
00000000
00000000
00000000
00000000
00000000
00000000
00000000
00000000
00000000
00000000
00000000
00000000
00000000
00000000
00000000
00000000
00000000
00000000
00000000
00000000
00000000
00000000
00000000
00000000
00000000
00000000
00000000
00000000
00000000
00000000
00000000
00000000
00000000
00000000
00000000
00000000
00000000
00000000
00000000
00000000
00000000
00000000
00000000
00000000
00000000
00000000
00000000
00000000
00000000
00000000
00000000
00000000
00000000
00000000
00000000
00000000
00000000
00000000
00000000
00000000
00000000
00000000
00000000
00000000
00000000
00000000
00000000
00000000
00000000
00000000
00000000
00000000
00000000
00000000
00000000
00000000
00000000
00000000
00000000
00000000
00000000
00000000
00000000
00000000
00000000
00000000
00000000
00000000
00000000
00000000
00000000
00000000
00000000
00000000
00000000
00000000
00000000
00000000
00000000
00000000
00000000
00000000
00000000
00000000
00000000
00000000
00000000
00000000
00000000
00000000
00000000
00000000
00000000
00000000
00000000
00000000
00000000
00000000
00000000
00000000
00000000
00000000
00000000
00000000
00000000
00000000
00000000
00000000
00000000
00000000
00000000
00000000
00000000
00000000
00000000
00000000
00000000
00000000
00000000
00000000
00000000
00000000
00000000
00000000
00000000
00000000
00000000
00000000
00000000
00000000
00000000
00000000
00000000
00000000
00000000
00000000
00000000
00000000
00000000
00000000
00000000
00000000
00000000
00000000
00000000
00000000
00000000
00000000
00000000
00000000
00000000
00000000
00000000
00000000
00000000
00000000
00000000
00000000
00000000
00000000
00000000
00000000
00000000
00000000
00000000
00000000
00000000
00000000
00000000
00000000
00000000
00000000
00000000
00000000
00000000
00000000
00000000
00000000
00000000
00000000
00000000
00000000
00000000
00000000
00000000
00000000
00000000
00000000
00000000
00000000
00000000
00000000
00000000
00000000
00000000
00000000
00000000
00000000
00000000
00000000
00000000
00000000
00000000
00000000
00000000
00000000
00000000
00000000
00000000
00000000
00000000
00000000
00000000
00000000
00000000
00000000
00000000
00000000
00000000
00000000
00000000
00000000
00000000
00000000
00000000
00000000
00000000
00000000
00000000
00000000
00000000
00000000
00000000
00000000
00000000
00000000
00000000
00000000
00000000
00000000
00000000
00000000
00000000
00000000
00000000
00000000
00000000
00000000
00000000
00000000
00000000
00000000
00000000
00000000
00000000
00000000
00000000
00000000
00000000
00000000
00000000
00000000
00000000
00000000
00000000
00000000
00000000
00000000
00000000
00000000
00000000
00000000
00000000
00000000
00000000
00000000
00000000
00000000
00000000
00000000
00000000
00000000
00000000
00000000
00000000
00000000
00000000
00000000
00000000
00000000
00000000
00000000
00000000
00000000
00000000
00000000
00000000
00000000
00000000
00000000
00000000
00000000
00000000
00000000
00000000
00000000
00000000
00000000
00000000
00000000
00000000
00000000
00000000
00000000
00000000
00000000
00000000
00000000
00000000
00000000
00000000
00000000
00000000
00000000
00000000
00000000
00000000
00000000
00000000
00000000
00000000
00000000
00000000
00000000
00000000
00000000
00000000
00000000
00000000
00000000
00000000
00000000
00000000
00000000
00000000
00000000
00000000
00000000
00000000
00000000
00000000
00000000
00000000
00000000
00000000
00000000
00000000
00000000
00000000
00000000
00000000
00000000
00000000
00000000
00000000
00000000
00000000
00000000
00000000
00000000
00000000
00000000
00000000
00000000
00000000
00000000
00000000
00000000
00000000
00000000
00000000
00000000
00000000
00000000
00000000
00000000
00000000
00000000
00000000
00000000
00000000
00000000
00000000
00000000
00000000
00000000
00000000
00000000
00000000
00000000
00000000
00000000
00000000
00000000
00000000
00000000
00000000
00000000
00000000
00000000
00000000
00000000
00000000
00000000
00000000
00000000
00000000
00000000
00000000
00000000
00000000
00000000
00000000
00000000
00000000
00000000
00000000
00000000
00000000
00000000
00000000
00000000
00000000
00000000
00000000
00000000
00000000
00000000
00000000
00000000
00000000
00000000
00000000
00000000
00000000
00000000
00000000
00000000
00000000
00000000
00000000
00000000
00000000
00000000
00000000
00000000
00000000
00000000
00000000
00000000
00000000
00000000
00000000
00000000
00000000
00000000
00000000
00000000
00000000
00000000
00000000
00000000
00000000
00000000
00000000
00000000
00000000
00000000
00000000
00000000
00000000
00000000
00000000
00000000
00000000
00000000
00000000
00000000
00000000
00000000
00000000
00000000
00000000
00000000
00000000
00000000
00000000
00000000
00000000
00000000
00000000
00000000
00000000
00000000
00000000
00000000
00000000
00000000
00000000
00000000
00000000
00000000
00000000
00000000
00000000
00000000
00000000
00000000
00000000
00000000
00000000
00000000
00000000
00000000
00000000
00000000
00000000
00000000
00000000
00000000
00000000
00000000
00000000
00000000
00000000
00000000
00000000
00000000
00000000
00000000
00000000
00000000
00000000
00000000
00000000
00000000
00000000
00000000
00000000
00000000
00000000
00000000
00000000
00000000
00000000
00000000
00000000
00000000
00000000
00000000
00000000
00000000
00000000
00000000
00000000
00000000
00000000
00000000
00000000
00000000
00000000
00000000
00000000
00000000
00000000
00000000
00000000
00000000
00000000
00000000
00000000
00000000
00000000
00000000
00000000
00000000
00000000
00000000
00000000
00000000
00000000
00000000
00000000
00000000
00000000
00000000
00000000
00000000
00000000
00000000
00000000
00000000
00000000
00000000
00000000
00000000
00000000
00000000
00000000
00000000
00000000
00000000
00000000
00000000
00000000
00000000
00000000
00000000
00000000
00000000
00000000
00000000
00000000
00000000
00000000
00000000
00000000
00000000
00000000
00000000
00000000
00000000
00000000
00000000
00000000
00000000
00000000
00000000
00000000
00000000
00000000
00000000
00000000
00000000
00000000
00000000
00000000
00000000
00000000
00000000
00000000
00000000
00000000
00000000
00000000
00000000
00000000
00000000
00000000
00000000
00000000
00000000
00000000
00000000
00000000
00000000
00000000
00000000
00000000
00000000
00000000
00000000
00000000
00000000
00000000
00000000
00000000
00000000
00000000
00000000
00000000
00000000
00000000
00000000
00000000
00000000
00000000
00000000
00000000
00000000
00000000
00000000
00000000
00000000
00000000
00000000
00000000
00000000
00000000
00000000
00000000
00000000
00000000
00000000
00000000
00000000
00000000
00000000
00000000
00000000
00000000
00000000
00000000
00000000
00000000
00000000
00000000
00000000
00000000
00000000
00000000
00000000
00000000
00000000
00000000
00000000
00000000
00000000
00000000
00000000
00000000
00000000
00000000
00000000
00000000
00000000
00000000
00000000
00000000
00000000
00000000
00000000
00000000
00000000
00000000
00000000
00000000
00000000
00000000
00000000
00000000
00000000
00000000
00000000
00000000
00000000
00000000
00000000
00000000
00000000
00000000
00000000
00000000
00000000
00000000
00000000
00000000
00000000
00000000
00000000
00000000
00000000
00000000
00000000
00000000
00000000
00000000
00000000
00000000
00000000
00000000
00000000
00000000
00000000
00000000
00000000
00000000
00000000
00000000
00000000
00000000
00000000
00000000
00000000
00000000
00000000
00000000
00000000
00000000
00000000
00000000
00000000
00000000
00000000
00000000
00000000
00000000
00000000
00000000
00000000
00000000
00000000
00000000
00000000
00000000
00000000
00000000
00000000
00000000
00000000
00000000
00000000
00000000
00000000
00000000
00000000
00000000
00000000
00000000
00000000
00000000
00000000
00000000
00000000
00000000
00000000
00000000
00000000
00000000
00000000
00000000
00000000
00000000
00000000
00000000
00000000
00000000
00000000
00000000
00000000
00000000
00000000
00000000
00000000
00000000
00000000
00000000
00000000
00000000
00000000
00000000
00000000
00000000
00000000
00000000
00000000
00000000
00000000
00000000
00000000
00000000
00000000
00000000
00000000
00000000
00000000
00000000
00000000
00000000
00000000
00000000
00000000
00000000
00000000
00000000
00000000
00000000
00000000
00000000
00000000
00000000
00000000
00000000
00000000
00000000
00000000
00000000
00000000
00000000
00000000
00000000
00000000
00000000
00000000
00000000
00000000
00000000
00000000
00000000
00000000
00000000
00000000
00000000
00000000
00000000
00000000
00000000
00000000
00000000
00000000
00000000
00000000
00000000
00000000
00000000
00000000
00000000
00000000
00000000
00000000
00000000
00000000
00000000
00000000
00000000
00000000
00000000
00000000
00000000
00000000
00000000
00000000
00000000
00000000
00000000
00000000
00000000
00000000
00000000
00000000
00000000
00000000
00000000
00000000
00000000
00000000
00000000
00000000
00000000
00000000
00000000
00000000
00000000
00000000
00000000
00000000
00000000
00000000
00000000
00000000
00000000
00000000
00000000
00000000
00000000
00000000
00000000
00000000
00000000
00000000
00000000
00000000
00000000
00000000
00000000
00000000
00000000
00000000
00000000
00000000
00000000
00000000
00000000
00000000
00000000
00000000
00000000
00000000
00000000
00000000
00000000
00000000
00000000
00000000
00000000
00000000
00000000
00000000
00000000
00000000
00000000
00000000
00000000
00000000
00000000
00000000
00000000
00000000
00000000
00000000
00000000
00000000
00000000
00000000
00000000
00000000
00000000
00000000
00000000
00000000
00000000
00000000
00000000
00000000
00000000
00000000
00000000
00000000
00000000
00000000
00000000
00000000
00000000
00000000
00000000
00000000
00000000
00000000
00000000
00000000
00000000
00000000
00000000
00000000
00000000
00000000
00000000
00000000
00000000
00000000
00000000
00000000
00000000
00000000
00000000
00000000
00000000
00000000
00000000
00000000
00000000
00000000
00000000
00000000
00000000
00000000
00000000
00000000
00000000
00000000
00000000
00000000
00000000
00000000
00000000
00000000
00000000
00000000
00000000
00000000
00000000
00000000
00000000
00000000
00000000
00000000
00000000
00000000
00000000
00000000
00000000
00000000
00000000
00000000
00000000
00000000
00000000
00000000
00000000
00000000
00000000
00000000
00000000
00000000
00000000
00000000
00000000
00000000
00000000
00000000
00000000
00000000
00000000
00000000
00000000
00000000
00000000
00000000
00000000
00000000
00000000
00000000
00000000
00000000
00000000
00000000
00000000
00000000
00000000
00000000
00000000
00000000
00000000
00000000
00000000
00000000
00000000
00000000
00000000
00000000
00000000
00000000
00000000
00000000
00000000
00000000
00000000
00000000
00000000
00000000
00000000
00000000
00000000
00000000
00000000
00000000
00000000
00000000
00000000
00000000
00000000
00000000
00000000
00000000
00000000
00000000
00000000
00000000
00000000
00000000
00000000
00000000
00000000
00000000
00000000
00000000
00000000
00000000
00000000
00000000
00000000
00000000
00000000
00000000
00000000
00000000
00000000
00000000
00000000
00000000
00000000
00000000
00000000
00000000
00000000
00000000
00000000
00000000
00000000
00000000
00000000
00000000
00000000
00000000
00000000
00000000
00000000
00000000
00000000
00000000
00000000
00000000
00000000
00000000
00000000
00000000
00000000
00000000
00000000
00000000
00000000
00000000
00000000
00000000
00000000
00000000
00000000
00000000
00000000
00000000
00000000
00000000
00000000
00000000
00000000
00000000
00000000
00000000
00000000
00000000
00000000
00000000
00000000
00000000
00000000
00000000
00000000
00000000
00000000
00000000
00000000
00000000
00000000
00000000
00000000
00000000
00000000
00000000
00000000
00000000
00000000
00000000
00000000
00000000
00000000
00000000
00000000
00000000
00000000
00000000
00000000
00000000
00000000
00000000
00000000
00000000
00000000
00000000
00000000
00000000
00000000
00000000
00000000
00000000
00000000
00000000
00000000
00000000
00000000
00000000
00000000
00000000
00000000
00000000
00000000
00000000
00000000
00000000
00000000
00000000
00000000
00000000
00000000
00000000
00000000
00000000
00000000
00000000
00000000
00000000
00000000
00000000
00000000
00000000
00000000
00000000
00000000
00000000
00000000
00000000
00000000
00000000
00000000
00000000
00000000
00000000
00000000
00000000
00000000
00000000
00000000
00000000
00000000
00000000
00000000
00000000
00000000
00000000
00000000
00000000
00000000
00000000
00000000
00000000
00000000
00000000
00000000
00000000
00000000
00000000
00000000
00000000
00000000
00000000
00000000
00000000
00000000
00000000
00000000
00000000
00000000
00000000
00000000
00000000
00000000
00000000
00000000
00000000
00000000
00000000
00000000
00000000
00000000
00000000
00000000
00000000
00000000
00000000
00000000
00000000
00000000
00000000
00000000
00000000
00000000
00000000
00000000
00000000
00000000
00000000
00000000
00000000
00000000
00000000
00000000
00000000
00000000
00000000
00000000
00000000
00000000
00000000
00000000
00000000
00000000
00000000
00000000
00000000
00000000
00000000
00000000
00000000
00000000
00000000
00000000
00000000
00000000
00000000
00000000
00000000
00000000
00000000
00000000
00000000
00000000
00000000
00000000
00000000
00000000
00000000
00000000
00000000
00000000
00000000
00000000
00000000
00000000
00000000
00000000
00000000
00000000
00000000
00000000
00000000
00000000
00000000
00000000
00000000
00000000
00000000
00000000
00000000
00000000
00000000
00000000
00000000
00000000
00000000
00000000
00000000
00000000
00000000
00000000
00000000
00000000
00000000
00000000
00000000
00000000
00000000
00000000
00000000
00000000
00000000
00000000
00000000
00000000
00000000
00000000
00000000
00000000
00000000
00000000
00000000
00000000
00000000
00000000
00000000
00000000
00000000
00000000
00000000
00000000
00000000
00000000
00000000
00000000
00000000
00000000
00000000
00000000
00000000
00000000
00000000
00000000
00000000
00000000
00000000
00000000
00000000
00000000
00000000
00000000
00000000
00000000
00000000
00000000
00000000
00000000
00000000
00000000
00000000
00000000
00000000
00000000
00000000
00000000
00000000
00000000
00000000
00000000
00000000
00000000
00000000
00000000
00000000
00000000
00000000
00000000
00000000
00000000
00000000
00000000
00000000
00000000
00000000
00000000
00000000
00000000
00000000
00000000
00000000
00000000
00000000
00000000
00000000
00000000
00000000
00000000
00000000
00000000
00000000
00000000
00000000
00000000
00000000
00000000
00000000
00000000
00000000
00000000
00000000
00000000
00000000
00000000
00000000
00000000
00000000
00000000
00000000
00000000
00000000
00000000
00000000
00000000
00000000
00000000
00000000
00000000
00000000
00000000
00000000
00000000
00000000
00000000
00000000
00000000
00000000
00000000
00000000
00000000
00000000
00000000
00000000
00000000
00000000
00000000
00000000
00000000
00000000
00000000
00000000
00000000
00000000
00000000
00000000
00000000
00000000
00000000
00000000
00000000
00000000
00000000
00000000
00000000
00000000
00000000
00000000
00000000
00000000
00000000
00000000
00000000
00000000
00000000
00000000
00000000
00000000
00000000
00000000
00000000
00000000
00000000
00000000
00000000
00000000
00000000
00000000
00000000
00000000
00000000
00000000
00000000
00000000
00000000
00000000
00000000
00000000
00000000
00000000
00000000
00000000
00000000
00000000
00000000
00000000
00000000
00000000
00000000
00000000
00000000
00000000
00000000
00000000
00000000
00000000
00000000
00000000
00000000
00000000
00000000
00000000
00000000
00000000
00000000
00000000
00000000
00000000
00000000
00000000
00000000
00000000
00000000
00000000
00000000
00000000
00000000
00000000
00000000
00000000
00000000
00000000
00000000
00000000
00000000
00000000
00000000
00000000
00000000
00000000
00000000
00000000
00000000
00000000
00000000
00000000
00000000
00000000
00000000
00000000
00000000
00000000
00000000
00000000
00000000
00000000
00000000
00000000
00000000
00000000
00000000
00000000
00000000
00000000
00000000
00000000
00000000
00000000
00000000
00000000
00000000
00000000
00000000
00000000
00000000
00000000
00000000
00000000
00000000
00000000
00000000
00000000
00000000
00000000
00000000
00000000
00000000
00000000
00000000
00000000
00000000
00000000
00000000
00000000
00000000
00000000
00000000
00000000
00000000
00000000
00000000
00000000
00000000
00000000
00000000
00000000
00000000
00000000
00000000
00000000
00000000
00000000
00000000
00000000
00000000
00000000
00000000
00000000
00000000
00000000
00000000
00000000
00000000
00000000
00000000
00000000
00000000
00000000
00000000
00000000
00000000
00000000
00000000
00000000
00000000
00000000
00000000
00000000
00000000
00000000
00000000
00000000
00000000
00000000
00000000
00000000
00000000
00000000
00000000
00000000
00000000
00000000
00000000
00000000
00000000
00000000
00000000
00000000
00000000
00000000
00000000
00000000
00000000
00000000
00000000
00000000
00000000
00000000
00000000
00000000
00000000
00000000
00000000
00000000
00000000
00000000
00000000
00000000
00000000
00000000
00000000
00000000
00000000
00000000
00000000
00000000
00000000
00000000
00000000
00000000
00000000
00000000
00000000
00000000
00000000
00000000
00000000
00000000
00000000
00000000
00000000
00000000
00000000
00000000
00000000
00000000
00000000
00000000
00000000
00000000
00000000
00000000
00000000
00000000
00000000
00000000
00000000
00000000
00000000
00000000
00000000
00000000
00000000
00000000
00000000
00000000
00000000
00000000
00000000
00000000
00000000
00000000
00000000
00000000
00000000
00000000
00000000
00000000
00000000
00000000
00000000
00000000
00000000
00000000
00000000
00000000
00000000
00000000
00000000
00000000
00000000
00000000
00000000
00000000
00000000
00000000
00000000
00000000
00000000
00000000
00000000
00000000
00000000
00000000
00000000
00000000
00000000
00000000
00000000
00000000
00000000
00000000
00000000
00000000
00000000
00000000
00000000
00000000
00000000
00000000
00000000
00000000
00000000
00000000
00000000
00000000
00000000
00000000
00000000
00000000
00000000
00000000
00000000
00000000
00000000
00000000
00000000
00000000
00000000
00000000
00000000
00000000
00000000
00000000
00000000
00000000
00000000
00000000
00000000
00000000
00000000
00000000
00000000
00000000
00000000
00000000
00000000
00000000
00000000
00000000
00000000
00000000
00000000
00000000
00000000
00000000
00000000
00000000
00000000
00000000
00000000
00000000
00000000
00000000
00000000
00000000
00000000
00000000
00000000
00000000
00000000
00000000
00000000
00000000
00000000
00000000
00000000
00000000
00000000
00000000
00000000
00000000
00000000
00000000
00000000
00000000
00000000
00000000
00000000
00000000
00000000
00000000
00000000
00000000
00000000
00000000
00000000
00000000
00000000
00000000
00000000
00000000
00000000
00000000
00000000
00000000
00000000
00000000
00000000
00000000
00000000
00000000
00000000
00000000
00000000
00000000
00000000
00000000
00000000
00000000
00000000
00000000
00000000
00000000
00000000
00000000
00000000
00000000
00000000
00000000
00000000
00000000
00000000
00000000
00000000
00000000
00000000
00000000
00000000
00000000
00000000
00000000
00000000
00000000
00000000
00000000
00000000
00000000
00000000
00000000
00000000
00000000
00000000
00000000
00000000
00000000
00000000
00000000
00000000
00000000
00000000
00000000
00000000
00000000
00000000
00000000
00000000
00000000
00000000
00000000
00000000
00000000
00000000
00000000
00000000
00000000
00000000
00000000
00000000
00000000
00000000
00000000
00000000
00000000
00000000
00000000
00000000
00000000
00000000
00000000
00000000
00000000
00000000
00000000
00000000
00000000
00000000
00000000
00000000
00000000
00000000
00000000
00000000
00000000
00000000
00000000
00000000
00000000
00000000
00000000
00000000
00000000
00000000
00000000
00000000
00000000
00000000
00000000
00000000
00000000
00000000
00000000
00000000
00000000
00000000
00000000
00000000
00000000
00000000
00000000
00000000
00000000
00000000
00000000
00000000
00000000
00000000
00000000
00000000
00000000
00000000
00000000
00000000
00000000
00000000
00000000
00000000
00000000
00000000
00000000
00000000
00000000
00000000
00000000
00000000
00000000
00000000
00000000
00000000
00000000
00000000
00000000
00000000
00000000
00000000
00000000
00000000
00000000
00000000
00000000
00000000
00000000
00000000
00000000
00000000
00000000
00000000
00000000
00000000
00000000
00000000
00000000
00000000
00000000
00000000
00000000
00000000
00000000
00000000
00000000
00000000
00000000
00000000
00000000
00000000
00000000
00000000
00000000
00000000
00000000
00000000
00000000
00000000
00000000
00000000
00000000
00000000
00000000
00000000
00000000
00000000
00000000
00000000
00000000
00000000
00000000
00000000
00000000
00000000
00000000
00000000
00000000
00000000
00000000
00000000
00000000
00000000
00000000
00000000
00000000
00000000
00000000
00000000
00000000
00000000
00000000
00000000
00000000
00000000
00000000
00000000
00000000
00000000
00000000
00000000
00000000
00000000
00000000
00000000
00000000
00000000
00000000
00000000
00000000
00000000
00000000
00000000
00000000
00000000
00000000
00000000
00000000
00000000
00000000
00000000
00000000
00000000
00000000
00000000
00000000
00000000
00000000
00000000
00000000
00000000
00000000
00000000
00000000
00000000
00000000
00000000
00000000
00000000
00000000
00000000
00000000
00000000
00000000
00000000
00000000
00000000
00000000
00000000
00000000
00000000
00000000
00000000
00000000
00000000
00000000
00000000
00000000
00000000
00000000
00000000
00000000
00000000
00000000
00000000
00000000
00000000
00000000
00000000
00000000
00000000
00000000
00000000
00000000
00000000
00000000
00000000
00000000
00000000
00000000
00000000
00000000
00000000
00000000
00000000
00000000
00000000
00000000
00000000
00000000
00000000
00000000
00000000
00000000
00000000
00000000
00000000
00000000
00000000
00000000
00000000
00000000
00000000
00000000
00000000
00000000
00000000
00000000
00000000
00000000
00000000
00000000
00000000
00000000
00000000
00000000
00000000
00000000
00000000
00000000
00000000
00000000
00000000
00000000
00000000
00000000
00000000
00000000
00000000
00000000
00000000
00000000
00000000
00000000
00000000
00000000
00000000
00000000
00000000
00000000
00000000
00000000
00000000
00000000
00000000
00000000
00000000
00000000
00000000
00000000
00000000
00000000
00000000
00000000
00000000
00000000
00000000
00000000
00000000
00000000
00000000
00000000
00000000
00000000
00000000
00000000
00000000
00000000
00000000
00000000
00000000
00000000
00000000
00000000
00000000
00000000
00000000
00000000
00000000
00000000
00000000
00000000
00000000
00000000
00000000
00000000
00000000
00000000
00000000
00000000
00000000
00000000
00000000
00000000
00000000
00000000
00000000
00000000
00000000
00000000
00000000
00000000
00000000
00000000
00000000
00000000
00000000
00000000
00000000
00000000
00000000
00000000
00000000
00000000
00000000
00000000
00000000
00000000
00000000
00000000
00000000
00000000
00000000
00000000
00000000
00000000
00000000
00000000
00000000
00000000
00000000
00000000
00000000
00000000
00000000
00000000
00000000
00000000
00000000
00000000
00000000
00000000
00000000
00000000
00000000
00000000
00000000
00000000
00000000
00000000
00000000
00000000
00000000
00000000
00000000
00000000
00000000
00000000
00000000
00000000
00000000
00000000
00000000
00000000
00000000
00000000
00000000
00000000
00000000
00000000
00000000
00000000
00000000
00000000
00000000
00000000
00000000
00000000
00000000
00000000
00000000
00000000
00000000
00000000
00000000
00000000
00000000
00000000
00000000
00000000
00000000
00000000
00000000
00000000
00000000
00000000
00000000
00000000
00000000
00000000
00000000
00000000
00000000
00000000
00000000
00000000
00000000
00000000
00000000
00000000
00000000
00000000
00000000
00000000
00000000
00000000
00000000
00000000
00000000
00000000
00000000
00000000
00000000
00000000
00000000
00000000
00000000
00000000
00000000
00000000
00000000
00000000
00000000
00000000
00000000
00000000
00000000
00000000
00000000
00000000
00000000
00000000
00000000
00000000
00000000
00000000
00000000
00000000
00000000
00000000
00000000
00000000
00000000
00000000
00000000
00000000
00000000
00000000
00000000
00000000
00000000
00000000
00000000
00000000
00000000
00000000
00000000
00000000
00000000
00000000
00000000
00000000
00000000
00000000
00000000
00000000
00000000
00000000
00000000
00000000
00000000
00000000
00000000
00000000
00000000
00000000
00000000
00000000
00000000
00000000
00000000
00000000
00000000
00000000
00000000
00000000
00000000
00000000
00000000
00000000
00000000
00000000
00000000
00000000
00000000
00000000
00000000
00000000
00000000
00000000
00000000
00000000
00000000
00000000
00000000
00000000
00000000
00000000
00000000
00000000
00000000
00000000
00000000
00000000
00000000
00000000
00000000
00000000
00000000
00000000
00000000
00000000
00000000
00000000
00000000
00000000
00000000
00000000
00000000
00000000
00000000
00000000
00000000
00000000
00000000
00000000
00000000
00000000
00000000
00000000
00000000
00000000
00000000
00000000
00000000
00000000
00000000
00000000
00000000
00000000
00000000
00000000
00000000
00000000
00000000
00000000
00000000
00000000
00000000
00000000
00000000
00000000
00000000
00000000
00000000
00000000
00000000
00000000
00000000
00000000
00000000
00000000
00000000
00000000
00000000
00000000
00000000
00000000
00000000
00000000
00000000
00000000
00000000
00000000
00000000
00000000
00000000
00000000
00000000
00000000
00000000
00000000
00000000
00000000
00000000
00000000
00000000
00000000
00000000
00000000
00000000
00000000
00000000
00000000
00000000
00000000
00000000
00000000
00000000
00000000
00000000
00000000
00000000
00000000
00000000
00000000
00000000
00000000
00000000
00000000
00000000
00000000
00000000
00000000
00000000
00000000
00000000
00000000
00000000
00000000
00000000
00000000
00000000
00000000
00000000
00000000
00000000
00000000
00000000
00000000
00000000
00000000
00000000
00000000
00000000
00000000
00000000
00000000
00000000
00000000
00000000
00000000
00000000
00000000
00000000
00000000
00000000
00000000
00000000
00000000
00000000
00000000
00000000
00000000
00000000
00000000
00000000
00000000
00000000
00000000
00000000
00000000
00000000
00000000
00000000
00000000
00000000
00000000
00000000
00000000
00000000
00000000
00000000
00000000
00000000
00000000
00000000
00000000
00000000
00000000
00000000
00000000
00000000
00000000
00000000
00000000
00000000
00000000
00000000
00000000
00000000
00000000
00000000
00000000
00000000
00000000
00000000
00000000
00000000
00000000
00000000
00000000
00000000
00000000
00000000
00000000
00000000
00000000
00000000
00000000
00000000
00000000
00000000
00000000
00000000
00000000
00000000
00000000
00000000
00000000
00000000
00000000
00000000
00000000
00000000
00000000
00000000
00000000
00000000
00000000
00000000
00000000
00000000
00000000
00000000
00000000
00000000
00000000
00000000
00000000
00000000
00000000
00000000
00000000
00000000
00000000
00000000
00000000
00000000
00000000
00000000
00000000
00000000
00000000
00000000
00000000
00000000
00000000
00000000
00000000
00000000
00000000
00000000
00000000
00000000
00000000
00000000
00000000
00000000
00000000
00000000
00000000
00000000
00000000
00000000
00000000
00000000
00000000
00000000
00000000
00000000
00000000
00000000
00000000
00000000
00000000
00000000
00000000
00000000
00000000
00000000
00000000
00000000
00000000
00000000
00000000
00000000
00000000
00000000
00000000
00000000
00000000
00000000
00000000
00000000
00000000
00000000
00000000
00000000
00000000
00000000
00000000
00000000
00000000
00000000
00000000
00000000
00000000
00000000
00000000
00000000
00000000
00000000
00000000
00000000
00000000
00000000
00000000
00000000
00000000
00000000
00000000
00000000
00000000
00000000
00000000
00000000
00000000
00000000
00000000
00000000
00000000
00000000
00000000
00000000
00000000
00000000
00000000
00000000
00000000
00000000
00000000
00000000
00000000
00000000
00000000
00000000
00000000
00000000
00000000
00000000
00000000
00000000
00000000
00000000
00000000
00000000
00000000
00000000
00000000
00000000
00000000
00000000
00000000
00000000
00000000
00000000
00000000
00000000
00000000
00000000
00000000
00000000
00000000
00000000
00000000
00000000
00000000
00000000
00000000
00000000
00000000
00000000
00000000
00000000
00000000
00000000
00000000
00000000
00000000
00000000
00000000
00000000
00000000
00000000
00000000
00000000
00000000
00000000
00000000
00000000
00000000
00000000
00000000
00000000
00000000
00000000
00000000
00000000
00000000
00000000
00000000
00000000
00000000
00000000
00000000
00000000
00000000
00000000
00000000
00000000
00000000
00000000
00000000
00000000
00000000
00000000
00000000
00000000
00000000
00000000
00000000
00000000
00000000
00000000
00000000
00000000
00000000
00000000
00000000
00000000
00000000
00000000
00000000
00000000
00000000
00000000
00000000
00000000
00000000
00000000
00000000
00000000
00000000
00000000
00000000
00000000
00000000
00000000
00000000
00000000
00000000
00000000
00000000
00000000
00000000
00000000
00000000
00000000
00000000
00000000
00000000
00000000
00000000
00000000
00000000
00000000
00000000
00000000
00000000
00000000
00000000
00000000
00000000
00000000
00000000
00000000
00000000
00000000
00000000
00000000
00000000
00000000
00000000
00000000
00000000
00000000
00000000
00000000
00000000
00000000
00000000
00000000
00000000
00000000
00000000
00000000
00000000
00000000
00000000
00000000
00000000
00000000
00000000
00000000
00000000
00000000
00000000
00000000
00000000
00000000
00000000
00000000
00000000
00000000
00000000
00000000
00000000
00000000
00000000
00000000
00000000
00000000
00000000
00000000
00000000
00000000
00000000
00000000
00000000
00000000
00000000
00000000
00000000
00000000
00000000
00000000
00000000
00000000
00000000
00000000
00000000
00000000
00000000
00000000
00000000
00000000
00000000
00000000
00000000
00000000
00000000
00000000
00000000
00000000
00000000
00000000
00000000
00000000
00000000
00000000
00000000
00000000
00000000
00000000
00000000
00000000
00000000
00000000
00000000
00000000
00000000
00000000
00000000
00000000
00000000
00000000
00000000
00000000
00000000
00000000
00000000
00000000
00000000
00000000
00000000
00000000
00000000
00000000
00000000
00000000
00000000
00000000
00000000
00000000
00000000
00000000
00000000
00000000
00000000
00000000
00000000
00000000
00000000
00000000
00000000
00000000
00000000
00000000
00000000
00000000
00000000
00000000
00000000
00000000
00000000
00000000
00000000
00000000
00000000
00000000
00000000
00000000
00000000
00000000
00000000
00000000
00000000
00000000
00000000
00000000
00000000
00000000
00000000
00000000
00000000
00000000
00000000
00000000
00000000
00000000
00000000
00000000
00000000
00000000
00000000
00000000
00000000
00000000
00000000
00000000
00000000
00000000
00000000
00000000
00000000
00000000
00000000
00000000
00000000
00000000
00000000
00000000
00000000
00000000
00000000
00000000
00000000
00000000
00000000
00000000
00000000
00000000
00000000
00000000
00000000
00000000
00000000
00000000
00000000
00000000
00000000
00000000
00000000
00000000
00000000
00000000
00000000
00000000
00000000
00000000
00000000
00000000
00000000
00000000
00000000
00000000
00000000
00000000
00000000
00000000
00000000
00000000
00000000
00000000
00000000
00000000
00000000
00000000
00000000
00000000
00000000
00000000
00000000
00000000
00000000
00000000
00000000
00000000
00000000
00000000
00000000
00000000
00000000
00000000
00000000
00000000
00000000
00000000
00000000
00000000
00000000
00000000
00000000
00000000
00000000
00000000
00000000
00000000
00000000
00000000
00000000
00000000
00000000
00000000
00000000
00000000
00000000
00000000
00000000
00000000
00000000
00000000
00000000
00000000
00000000
00000000
00000000
00000000
00000000
00000000
00000000
00000000
00000000
00000000
00000000
00000000
00000000
00000000
00000000
00000000
00000000
00000000
00000000
00000000
00000000
00000000
00000000
00000000
00000000
00000000
00000000
00000000
00000000
00000000
00000000
00000000
00000000
00000000
00000000
00000000
00000000
00000000
00000000
00000000
00000000
00000000
00000000
00000000
00000000
00000000
00000000
00000000
00000000
00000000
00000000
00000000
00000000
00000000
00000000
00000000
00000000
00000000
00000000
00000000
00000000
00000000
00000000
00000000
00000000
00000000
00000000
00000000
00000000
00000000
00000000
00000000
00000000
00000000
00000000
00000000
00000000
00000000
00000000
00000000
00000000
00000000
00000000
00000000
00000000
00000000
00000000
00000000
00000000
00000000
00000000
00000000
00000000
00000000
00000000
00000000
00000000
00000000
00000000
00000000
00000000
00000000
00000000
00000000
00000000
00000000
00000000
00000000
00000000
00000000
00000000
00000000
00000000
00000000
00000000
00000000
00000000
00000000
00000000
00000000
00000000
00000000
00000000
00000000
00000000
00000000
00000000
00000000
00000000
00000000
00000000
00000000
00000000
00000000
00000000
00000000
00000000
00000000
00000000
00000000
00000000
00000000
00000000
00000000
00000000
00000000
00000000
00000000
00000000
00000000
00000000
00000000
00000000
00000000
00000000
00000000
00000000
00000000
00000000
00000000
00000000
00000000
00000000
00000000
00000000
00000000
00000000
00000000
00000000
00000000
00000000
00000000
00000000
00000000
00000000
00000000
00000000
00000000
00000000
00000000
00000000
00000000
00000000
00000000
00000000
00000000
00000000
00000000
00000000
00000000
00000000
00000000
00000000
00000000
00000000
00000000
00000000
00000000
00000000
00000000
00000000
00000000
00000000
00000000
00000000
00000000
00000000
00000000
00000000
00000000
00000000
00000000
00000000
00000000
00000000
00000000
00000000
00000000
00000000
00000000
00000000
00000000
00000000
00000000
00000000
00000000
00000000
00000000
00000000
00000000
00000000
00000000
00000000
00000000
00000000
00000000
00000000
00000000
00000000
00000000
00000000
00000000
00000000
00000000
00000000
00000000
00000000
00000000
00000000
00000000
00000000
00000000
00000000
00000000
00000000
00000000
00000000
00000000
00000000
00000000
00000000
00000000
00000000
00000000
00000000
00000000
00000000
00000000
00000000
00000000
00000000
00000000
00000000
00000000
00000000
00000000
00000000
00000000
00000000
00000000
00000000
00000000
00000000
00000000
00000000
00000000
00000000
00000000
00000000
00000000
00000000
00000000
00000000
00000000
00000000
00000000
00000000
00000000
00000000
00000000
00000000
00000000
00000000
00000000
00000000
00000000
00000000
00000000
00000000
00000000
00000000
00000000
00000000
00000000
00000000
00000000
00000000
00000000
00000000
00000000
00000000
00000000
00000000
00000000
00000000
00000000
00000000
00000000
00000000
00000000
00000000
00000000
00000000
00000000
00000000
00000000
00000000
00000000
00000000
00000000
00000000
00000000
00000000
00000000
00000000
00000000
00000000
00000000
00000000
00000000
00000000
00000000
00000000
00000000
00000000
00000000
00000000
00000000
00000000
00000000
00000000
00000000
00000000
00000000
00000000
00000000
00000000
00000000
00000000
00000000
00000000
00000000
00000000
00000000
00000000
00000000
00000000
00000000
00000000
00000000
00000000
00000000
00000000
00000000
00000000
00000000
00000000
00000000
00000000
00000000
00000000
00000000
00000000
00000000
00000000
00000000
00000000
00000000
00000000
00000000
00000000
00000000
00000000
00000000
00000000
00000000
00000000
00000000
00000000
00000000
00000000
00000000
00000000
00000000
00000000
00000000
00000000
00000000
00000000
00000000
00000000
00000000
00000000
00000000
00000000
00000000
00000000
00000000
00000000
00000000
00000000
00000000
00000000
00000000
00000000
00000000
00000000
00000000
00000000
00000000
00000000
00000000
00000000
00000000
00000000
00000000
00000000
00000000
00000000
00000000
00000000
00000000
00000000
00000000
00000000
00000000
00000000
00000000
00000000
00000000
00000000
00000000
00000000
00000000
00000000
00000000
00000000
00000000
00000000
00000000
00000000
00000000
00000000
00000000
00000000
00000000
00000000
00000000
00000000
00000000
00000000
00000000
00000000
00000000
00000000
00000000
00000000
00000000
00000000
00000000
00000000
00000000
00000000
00000000
00000000
00000000
00000000
00000000
00000000
00000000
00000000
00000000
00000000
00000000
00000000
00000000
00000000
00000000
00000000
00000000
00000000
00000000
00000000
00000000
00000000
00000000
00000000
00000000
00000000
00000000
00000000
00000000
00000000
00000000
00000000
00000000
00000000
00000000
00000000
00000000
00000000
00000000
00000000
00000000
00000000
00000000
00000000
00000000
00000000
00000000
00000000
00000000
00000000
00000000
00000000
00000000
00000000
00000000
00000000
00000000
00000000
00000000
00000000
00000000
00000000
00000000
00000000
00000000
00000000
00000000
00000000
00000000
00000000
00000000
00000000
00000000
00000000
00000000
00000000
00000000
00000000
00000000
00000000
00000000
00000000
00000000
00000000
00000000
00000000
00000000
00000000
00000000
00000000
00000000
00000000
00000000
00000000
00000000
00000000
00000000
00000000
00000000
00000000
00000000
00000000
00000000
00000000
00000000
00000000
00000000
00000000
00000000
00000000
00000000
00000000
00000000
00000000
00000000
00000000
00000000
00000000
00000000
00000000
00000000
00000000
00000000
00000000
00000000
00000000
00000000
00000000
00000000
00000000
00000000
00000000
00000000
00000000
00000000
00000000
00000000
00000000
00000000
00000000
00000000
00000000
00000000
00000000
00000000
00000000
00000000
00000000
00000000
00000000
00000000
00000000
00000000
00000000
00000000
00000000
00000000
00000000
00000000
00000000
00000000
00000000
00000000
00000000
00000000
00000000
00000000
00000000
00000000
00000000
00000000
00000000
00000000
00000000
00000000
00000000
00000000
00000000
00000000
00000000
00000000
00000000
00000000
00000000
00000000
00000000
00000000
00000000
00000000
00000000
00000000
00000000
00000000
00000000
00000000
00000000
00000000
00000000
00000000
00000000
00000000
00000000
00000000
00000000
00000000
00000000
00000000
00000000
00000000
00000000
00000000
00000000
00000000
00000000
00000000
00000000
00000000
00000000
00000000
00000000
00000000
00000000
00000000
00000000
00000000
00000000
00000000
00000000
00000000
00000000
00000000
00000000
00000000
00000000
00000000
00000000
00000000
00000000
00000000
00000000
00000000
00000000
00000000
00000000
00000000
00000000
00000000
00000000
00000000
00000000
00000000
00000000
00000000
00000000
00000000
00000000
00000000
00000000
00000000
00000000
00000000
00000000
00000000
00000000
00000000
00000000
00000000
00000000
00000000
00000000
00000000
00000000
00000000
00000000
00000000
00000000
00000000
00000000
00000000
00000000
00000000
00000000
00000000
00000000
00000000
00000000
00000000
00000000
00000000
00000000
00000000
00000000
00000000
00000000
00000000
00000000
00000000
00000000
00000000
00000000
00000000
00000000
00000000
00000000
00000000
00000000
00000000
00000000
00000000
00000000
00000000
00000000
00000000
00000000
00000000
00000000
00000000
00000000
00000000
00000000
00000000
00000000
00000000
00000000
00000000
00000000
00000000
00000000
00000000
00000000
00000000
00000000
00000000
00000000
00000000
00000000
00000000
00000000
00000000
00000000
00000000
00000000
00000000
00000000
00000000
00000000
00000000
00000000
00000000
00000000
00000000
00000000
00000000
00000000
00000000
00000000
00000000
00000000
00000000
00000000
00000000
00000000
00000000
00000000
00000000
00000000
00000000
00000000
00000000
00000000
00000000
00000000
00000000
00000000
00000000
00000000
00000000
00000000
00000000
00000000
00000000
00000000
00000000
00000000
00000000
00000000
00000000
00000000
00000000
00000000
00000000
00000000
00000000
00000000
00000000
00000000
00000000
00000000
00000000
00000000
00000000
00000000
00000000
00000000
00000000
00000000
00000000
00000000
00000000
00000000
00000000
00000000
00000000
00000000
00000000
00000000
00000000
00000000
00000000
00000000
00000000
00000000
00000000
00000000
00000000
00000000
00000000
00000000
00000000
00000000
00000000
00000000
00000000
00000000
00000000
00000000
00000000
00000000
00000000
00000000
00000000
00000000
00000000
00000000
00000000
00000000
00000000
00000000
00000000
00000000
00000000
00000000
00000000
00000000
00000000
00000000
00000000
00000000
00000000
00000000
00000000
00000000
00000000
00000000
00000000
00000000
00000000
00000000
00000000
00000000
00000000
00000000
00000000
00000000
00000000
00000000
00000000
00000000
00000000
00000000
00000000
00000000
00000000
00000000
00000000
00000000
00000000
00000000
00000000
00000000
00000000
00000000
00000000
00000000
00000000
00000000
00000000
00000000
00000000
00000000
00000000
00000000
00000000
00000000
00000000
00000000
00000000
00000000
00000000
00000000
00000000
00000000
00000000
00000000
00000000
00000000
00000000
00000000
00000000
00000000
00000000
00000000
00000000
00000000
00000000
00000000
00000000
00000000
00000000
00000000
00000000
00000000
00000000
00000000
00000000
00000000
00000000
00000000
00000000
00000000
00000000
00000000
00000000
00000000
00000000
00000000
00000000
00000000
00000000
00000000
00000000
00000000
00000000
00000000
00000000
00000000
00000000
00000000
00000000
00000000
00000000
00000000
00000000
00000000
00000000
00000000
00000000
00000000
00000000
00000000
00000000
00000000
00000000
00000000
00000000
00000000
00000000
00000000
00000000
00000000
00000000
00000000
00000000
00000000
00000000
00000000
00000000
00000000
00000000
00000000
00000000
00000000
00000000
00000000
00000000
00000000
00000000
00000000
00000000
00000000
00000000
00000000
00000000
00000000
00000000
00000000
00000000
00000000
00000000
00000000
00000000
00000000
00000000
00000000
00000000
00000000
00000000
00000000
00000000
00000000
00000000
00000000
00000000
00000000
00000000
00000000
00000000
00000000
00000000
00000000
00000000
00000000
00000000
00000000
00000000
00000000
00000000
00000000
00000000
00000000
00000000
00000000
00000000
00000000
00000000
00000000
00000000
00000000
00000000
00000000
00000000
00000000
00000000
00000000
00000000
00000000
00000000
00000000
00000000
00000000
00000000
00000000
00000000
00000000
00000000
00000000
00000000
00000000
00000000
00000000
00000000
00000000
00000000
00000000
00000000
00000000
00000000
00000000
00000000
00000000
00000000
00000000
00000000
00000000
00000000
00000000
00000000
00000000
00000000
00000000
00000000
00000000
00000000
00000000
00000000
00000000
00000000
00000000
00000000
00000000
00000000
00000000
00000000
00000000
00000000
00000000
00000000
00000000
00000000
00000000
00000000
00000000
00000000
00000000
00000000
00000000
00000000
00000000
00000000
00000000
00000000
00000000
00000000
00000000
00000000
00000000
00000000
00000000
00000000
00000000
00000000
00000000
00000000
00000000
00000000
00000000
00000000
00000000
00000000
00000000
00000000
00000000
00000000
00000000
00000000
00000000
00000000
00000000
00000000
00000000
00000000
00000000
00000000
00000000
00000000
00000000
00000000
00000000
00000000
00000000
00000000
00000000
00000000
00000000
00000000
00000000
00000000
00000000
00000000
00000000
00000000
00000000
00000000
00000000
00000000
00000000
00000000
00000000
00000000
00000000
00000000
00000000
00000000
00000000
00000000
00000000
00000000
00000000
00000000
00000000
00000000
00000000
00000000
00000000
00000000
00000000
00000000
00000000
00000000
00000000
00000000
00000000
00000000
00000000
00000000
00000000
00000000
00000000
00000000
00000000
00000000
00000000
00000000
00000000
00000000
00000000
00000000
00000000
00000000
00000000
00000000
00000000
00000000
00000000
00000000
00000000
00000000
00000000
00000000
00000000
00000000
00000000
00000000
00000000
00000000
00000000
00000000
00000000
00000000
00000000
00000000
00000000
00000000
00000000
00000000
00000000
00000000
00000000
00000000
00000000
00000000
00000000
00000000
00000000
00000000
00000000
00000000
00000000
00000000
00000000
00000000
00000000
00000000
00000000
00000000
00000000
00000000
00000000
00000000
00000000
00000000
00000000
00000000
00000000
00000000
00000000
00000000
00000000
00000000
00000000
00000000
00000000
00000000
00000000
00000000
00000000
00000000
00000000
00000000
00000000
00000000
00000000
00000000
00000000
00000000
00000000
00000000
00000000
00000000
00000000
00000000
00000000
00000000
00000000
00000000
00000000
00000000
00000000
00000000
00000000
00000000
00000000
00000000
00000000
00000000
00000000
00000000
00000000
00000000
00000000
00000000
00000000
00000000
00000000
00000000
00000000
00000000
00000000
00000000
00000000
00000000
00000000
00000000
00000000
00000000
00000000
00000000
00000000
00000000
00000000
00000000
00000000
00000000
00000000
00000000
00000000
00000000
00000000
00000000
00000000
00000000
00000000
00000000
00000000
00000000
00000000
00000000
00000000
00000000
00000000
00000000
00000000
00000000
00000000
00000000
00000000
00000000
00000000
00000000
00000000
00000000
00000000
00000000
00000000
00000000
00000000
00000000
00000000
00000000
00000000
00000000
00000000
00000000
00000000
00000000
00000000
00000000
00000000
00000000
00000000
00000000
00000000
00000000
00000000
00000000
00000000
00000000
00000000
00000000
00000000
00000000
00000000
00000000
00000000
00000000
00000000
00000000
00000000
00000000
00000000
00000000
00000000
00000000
00000000
00000000
00000000
00000000
00000000
00000000
00000000
00000000
00000000
00000000
00000000
00000000
00000000
00000000
00000000
00000000
00000000
00000000
00000000
00000000
00000000
00000000
00000000
00000000
00000000
00000000
00000000
00000000
00000000
00000000
00000000
00000000
00000000
00000000
00000000
00000000
00000000
00000000
00000000
00000000
00000000
00000000
00000000
00000000
00000000
00000000
00000000
00000000
00000000
00000000
00000000
00000000
00000000
00000000
00000000
00000000
00000000
00000000
00000000
00000000
00000000
00000000
00000000
00000000
00000000
00000000
00000000
00000000
00000000
00000000
00000000
00000000
00000000
00000000
00000000
00000000
00000000
00000000
00000000
00000000
00000000
00000000
00000000
00000000
00000000
00000000
00000000
00000000
00000000
00000000
00000000
00000000
00000000
00000000
00000000
00000000
00000000
00000000
00000000
00000000
00000000
00000000
00000000
00000000
00000000
00000000
00000000
00000000
00000000
00000000
00000000
00000000
00000000
00000000
00000000
00000000
00000000
00000000
00000000
00000000
00000000
00000000
00000000
00000000
00000000
00000000
00000000
00000000
00000000
00000000
00000000
00000000
00000000
00000000
00000000
00000000
00000000
00000000
00000000
00000000
00000000
00000000
00000000
00000000
00000000
00000000
00000000
00000000
00000000
00000000
00000000
00000000
00000000
00000000
00000000
00000000
00000000
00000000
00000000
00000000
00000000
00000000
00000000
00000000
00000000
00000000
00000000
00000000
00000000
00000000
00000000
00000000
00000000
00000000
00000000
00000000
00000000
00000000
00000000
00000000
00000000
00000000
00000000
00000000
00000000
00000000
00000000
00000000
00000000
00000000
00000000
00000000
00000000
00000000
00000000
00000000
00000000
00000000
00000000
00000000
00000000
00000000
00000000
00000000
00000000
00000000
00000000
00000000
00000000
00000000
00000000
00000000
00000000
00000000
00000000
00000000
00000000
00000000
00000000
00000000
00000000
00000000
00000000
00000000
00000000
00000000
00000000
00000000
00000000
00000000
00000000
00000000
00000000
00000000
00000000
00000000
00000000
00000000
00000000
00000000
00000000
00000000
00000000
00000000
00000000
00000000
00000000
00000000
00000000
00000000
00000000
00000000
00000000
00000000
00000000
00000000
00000000
00000000
00000000
00000000
00000000
00000000
00000000
00000000
00000000
00000000
00000000
00000000
00000000
00000000
00000000
00000000
00000000
00000000
00000000
00000000
00000000
00000000
00000000
00000000
00000000
00000000
00000000
00000000
00000000
00000000
00000000
00000000
00000000
00000000
00000000
00000000
00000000
00000000
00000000
00000000
00000000
00000000
00000000
00000000
00000000
00000000
00000000
00000000
00000000
00000000
00000000
00000000
00000000
00000000
00000000
00000000
00000000
00000000
00000000
00000000
00000000
00000000
00000000
00000000
00000000
00000000
00000000
00000000
00000000
00000000
00000000
00000000
00000000
00000000
00000000
00000000
00000000
00000000
00000000
00000000
00000000
00000000
00000000
00000000
00000000
00000000
00000000
00000000
00000000
00000000
00000000
00000000
00000000
00000000
00000000
00000000
00000000
00000000
00000000
00000000
00000000
00000000
00000000
00000000
00000000
00000000
00000000
00000000
00000000
00000000
00000000
00000000
00000000
00000000
00000000
00000000
00000000
00000000
00000000
00000000
00000000
00000000
00000000
00000000
00000000
00000000
00000000
00000000
00000000
00000000
00000000
00000000
00000000
00000000
00000000
00000000
00000000
00000000
00000000
00000000
00000000
00000000
00000000
00000000
00000000
00000000
00000000
00000000
00000000
00000000
00000000
00000000
00000000
00000000
00000000
00000000
00000000
00000000
00000000
00000000
00000000
00000000
00000000
00000000
00000000
00000000
00000000
00000000
00000000
00000000
00000000
00000000
00000000
00000000
00000000
00000000
00000000
00000000
00000000
00000000
00000000
00000000
00000000
00000000
00000000
00000000
00000000
00000000
00000000
00000000
00000000
00000000
00000000
00000000
00000000
00000000
00000000
00000000
00000000
00000000
00000000
00000000
00000000
00000000
00000000
00000000
00000000
00000000
00000000
00000000
00000000
00000000
00000000
00000000
00000000
00000000
00000000
00000000
00000000
00000000
00000000
00000000
00000000
00000000
00000000
00000000
00000000
00000000
00000000
00000000
00000000
00000000
00000000
00000000
00000000
00000000
00000000
00000000
00000000
00000000
00000000
00000000
00000000
00000000
00000000
00000000
00000000
00000000
00000000
00000000
00000000
00000000
00000000
00000000
00000000
00000000
00000000
00000000
00000000
00000000
00000000
00000000
00000000
00000000
00000000
00000000
00000000
00000000
00000000
00000000
00000000
00000000
00000000
00000000
00000000
00000000
00000000
00000000
00000000
00000000
00000000
00000000
00000000
00000000
00000000
00000000
00000000
00000000
00000000
00000000
00000000
00000000
00000000
00000000
00000000
00000000
00000000
00000000
00000000
00000000
00000000
00000000
00000000
00000000
00000000
00000000
00000000
00000000
00000000
00000000
00000000
00000000
00000000
00000000
00000000
00000000
00000000
00000000
00000000
00000000
00000000
00000000
00000000
00000000
00000000
00000000
00000000
00000000
00000000
00000000
00000000
00000000
00000000
00000000
00000000
00000000
00000000
00000000
00000000
00000000
00000000
00000000
00000000
00000000
00000000
00000000
00000000
00000000
00000000
00000000
00000000
00000000
00000000
00000000
00000000
00000000
00000000
00000000
00000000
00000000
00000000
00000000
00000000
00000000
00000000
00000000
00000000
00000000
00000000
00000000
00000000
00000000
00000000
00000000
00000000
00000000
00000000
00000000
00000000
00000000
00000000
00000000
00000000
00000000
00000000
00000000
00000000
00000000
00000000
00000000
00000000
00000000
00000000
00000000
00000000
00000000
00000000
00000000
00000000
00000000
00000000
00000000
00000000
00000000
00000000
00000000
00000000
00000000
00000000
00000000
00000000
00000000
00000000
00000000
00000000
00000000
00000000
00000000
00000000
00000000
00000000
00000000
00000000
00000000
00000000
00000000
00000000
00000000
00000000
00000000
00000000
00000000
00000000
00000000
00000000
00000000
00000000
00000000
00000000
00000000
00000000
00000000
00000000
00000000
00000000
00000000
00000000
00000000
00000000
00000000
00000000
00000000
00000000
00000000
00000000
00000000
00000000
00000000
00000000
00000000
00000000
00000000
00000000
00000000
00000000
00000000
00000000
00000000
00000000
00000000
00000000
00000000
00000000
00000000
00000000
00000000
00000000
00000000
00000000
00000000
00000000
00000000
00000000
00000000
00000000
00000000
00000000
00000000
00000000
00000000
00000000
00000000
00000000
00000000
00000000
00000000
00000000
00000000
00000000
00000000
00000000
00000000
00000000
00000000
00000000
00000000
00000000
00000000
00000000
00000000
00000000
00000000
00000000
00000000
00000000
00000000
00000000
00000000
00000000
00000000
00000000
00000000
00000000
00000000
00000000
00000000
00000000
00000000
00000000
00000000
00000000
00000000
00000000
00000000
00000000
00000000
00000000
00000000
00000000
00000000
00000000
00000000
00000000
00000000
00000000
00000000
00000000
00000000
00000000
00000000
00000000
00000000
00000000
00000000
00000000
00000000
00000000
00000000
00000000
00000000
00000000
00000000
00000000
00000000
00000000
00000000
00000000
00000000
00000000
00000000
00000000
00000000
00000000
00000000
00000000
00000000
00000000
00000000
00000000
00000000
00000000
00000000
00000000
00000000
00000000
00000000
00000000
00000000
00000000
00000000
00000000
00000000
00000000
00000000
00000000
00000000
00000000
00000000
00000000
00000000
00000000
00000000
00000000
00000000
00000000
00000000
00000000
00000000
00000000
00000000
00000000
00000000
00000000
00000000
00000000
00000000
00000000
00000000
00000000
00000000
00000000
00000000
00000000
00000000
00000000
00000000
00000000
00000000
00000000
00000000
00000000
00000000
00000000
00000000
00000000
00000000
00000000
00000000
00000000
00000000
00000000
00000000
00000000
00000000
00000000
00000000
00000000
00000000
00000000
00000000
00000000
00000000
00000000
00000000
00000000
00000000
00000000
00000000
00000000
00000000
00000000
00000000
00000000
00000000
00000000
00000000
00000000
00000000
00000000
00000000
00000000
00000000
00000000
00000000
00000000
00000000
00000000
00000000
00000000
00000000
00000000
00000000
00000000
00000000
00000000
00000000
00000000
00000000
00000000
00000000
00000000
00000000
00000000
00000000
00000000
00000000
00000000
00000000
00000000
00000000
00000000
00000000
00000000
00000000
00000000
00000000
00000000
00000000
00000000
00000000
00000000
00000000
00000000
00000000
00000000
00000000
00000000
00000000
00000000
00000000
00000000
00000000
00000000
00000000
00000000
00000000
00000000
00000000
00000000
00000000
00000000
00000000
00000000
00000000
00000000
00000000
00000000
00000000
00000000
00000000
00000000
00000000
00000000
00000000
00000000
00000000
00000000
00000000
00000000
00000000
00000000
00000000
00000000
00000000
00000000
00000000
00000000
00000000
00000000
00000000
00000000
00000000
00000000
00000000
00000000
00000000
00000000
00000000
00000000
00000000
00000000
00000000
00000000
00000000
00000000
00000000
00000000
00000000
00000000
00000000
00000000
00000000
00000000
00000000
00000000
00000000
00000000
00000000
00000000
00000000
00000000
00000000
00000000
00000000
00000000
00000000
00000000
00000000
00000000
00000000
00000000
00000000
00000000
00000000
00000000
00000000
00000000
00000000
00000000
00000000
00000000
00000000
00000000
00000000
00000000
00000000
00000000
00000000
00000000
00000000
00000000
00000000
00000000
00000000
00000000
00000000
00000000
00000000
00000000
00000000
00000000
00000000
00000000
00000000
00000000
00000000
00000000
00000000
00000000
00000000
00000000
00000000
00000000
00000000
00000000
00000000
00000000
00000000
00000000
00000000
00000000
00000000
00000000
00000000
00000000
00000000
00000000
00000000
00000000
00000000
00000000
00000000
00000000
00000000
00000000
00000000
00000000
00000000
00000000
00000000
00000000
00000000
00000000
00000000
00000000
00000000
00000000
00000000
00000000
00000000
00000000
00000000
00000000
00000000
00000000
00000000
00000000
00000000
00000000
00000000
00000000
00000000
00000000
00000000
00000000
00000000
00000000
00000000
00000000
00000000
00000000
00000000
00000000
00000000
00000000
00000000
00000000
00000000
00000000
00000000
00000000
00000000
00000000
00000000
00000000
00000000
00000000
00000000
00000000
00000000
00000000
00000000
00000000
00000000
00000000
00000000
00000000
00000000
00000000
00000000
00000000
00000000
00000000
00000000
00000000
00000000
00000000
00000000
00000000
00000000
00000000
00000000
00000000
00000000
00000000
00000000
00000000
00000000
00000000
00000000
00000000
00000000
00000000
00000000
00000000
00000000
00000000
00000000
00000000
00000000
00000000
00000000
00000000
00000000
00000000
00000000
00000000
00000000
00000000
00000000
00000000
00000000
00000000
00000000
00000000
00000000
00000000
00000000
00000000
00000000
00000000
00000000
00000000
00000000
00000000
00000000
00000000
00000000
00000000
00000000
00000000
00000000
00000000
00000000
00000000
00000000
00000000
00000000
00000000
00000000
00000000
00000000
00000000
00000000
00000000
00000000
00000000
00000000
00000000
00000000
00000000
00000000
00000000
00000000
00000000
00000000
00000000
00000000
00000000
00000000
00000000
00000000
00000000
00000000
00000000
00000000
00000000
00000000
00000000
00000000
00000000
00000000
00000000
00000000
00000000
00000000
00000000
00000000
00000000
00000000
00000000
00000000
00000000
00000000
00000000
00000000
00000000
00000000
00000000
00000000
00000000
00000000
00000000
00000000
00000000
00000000
00000000
00000000
00000000
00000000
00000000
00000000
00000000
00000000
00000000
00000000
00000000
00000000
00000000
00000000
00000000
00000000
00000000
00000000
00000000
00000000
00000000
00000000
00000000
00000000
00000000
00000000
00000000
00000000
00000000
00000000
00000000
00000000
00000000
00000000
00000000
00000000
00000000
00000000
00000000
00000000
00000000
00000000
00000000
00000000
00000000
00000000
00000000
00000000
00000000
00000000
00000000
00000000
00000000
00000000
00000000
00000000
00000000
00000000
00000000
00000000
00000000
00000000
00000000
00000000
00000000
00000000
00000000
00000000
00000000
00000000
00000000
00000000
00000000
00000000
00000000
00000000
00000000
00000000
00000000
00000000
00000000
00000000
00000000
00000000
00000000
00000000
00000000
00000000
00000000
00000000
00000000
00000000
00000000
00000000
00000000
00000000
00000000
00000000
00000000
00000000
00000000
00000000
00000000
00000000
00000000
00000000
00000000
00000000
00000000
00000000
00000000
00000000
00000000
00000000
00000000
00000000
00000000
00000000
00000000
00000000
00000000
00000000
00000000
00000000
00000000
00000000
00000000
00000000
00000000
00000000
00000000
00000000
00000000
00000000
00000000
00000000
00000000
00000000
00000000
00000000
00000000
00000000
00000000
00000000
00000000
00000000
00000000
00000000
00000000
00000000
00000000
00000000
00000000
00000000
00000000
00000000
00000000
00000000
00000000
00000000
00000000
00000000
00000000
00000000
00000000
00000000
00000000
00000000
00000000
00000000
00000000
00000000
00000000
00000000
00000000
00000000
00000000
00000000
00000000
00000000
00000000
00000000
00000000
00000000
00000000
00000000
00000000
00000000
00000000
00000000
00000000
00000000
00000000
00000000
00000000
00000000
00000000
00000000
00000000
00000000
00000000
00000000
00000000
00000000
00000000
00000000
00000000
00000000
00000000
00000000
00000000
00000000
00000000
00000000
00000000
00000000
00000000
00000000
00000000
00000000
00000000
00000000
00000000
00000000
00000000
00000000
00000000
00000000
00000000
00000000
00000000
00000000
00000000
00000000
00000000
00000000
00000000
00000000
00000000
00000000
00000000
00000000
00000000
00000000
00000000
00000000
00000000
00000000
00000000
00000000
00000000
00000000
00000000
00000000
00000000
00000000
00000000
00000000
00000000
00000000
00000000
00000000
00000000
00000000
00000000
00000000
00000000
00000000
00000000
00000000
00000000
00000000
00000000
00000000
00000000
00000000
00000000
00000000
00000000
00000000
00000000
00000000
00000000
00000000
00000000
00000000
00000000
00000000
00000000
00000000
00000000
00000000
00000000
