 
****************************************
Report : timing
        -path full
        -delay max
        -nworst 6
        -max_paths 30
Design : mat_engine
Version: X-2025.06-SP2
Date   : Sun Jul  5 12:59:39 2026
****************************************

 # A fanout number of 1000 was used for high fanout net computations.

Operating Conditions: tt0p9v25c   Library: tcbn28hpcplusbwp40p140tt0p9v25c
Wire Load Model Mode: segmented

  Startpoint: bank_q_reg[1]
              (rising edge-triggered flip-flop clocked by clk)
  Endpoint: rq_ab_reg[62]
            (rising edge-triggered flip-flop clocked by clk)
  Path Group: clk
  Path Type: max

  Des/Clust/Port     Wire Load Model       Library
  ------------------------------------------------
  mat_engine         ZeroWireload          tcbn28hpcplusbwp40p140tt0p9v25c

  Point                                    Incr       Path
  -----------------------------------------------------------
  clock clk (rise edge)                    0.00       0.00
  clock network delay (ideal)              0.00       0.00
  bank_q_reg[1]/CP (DFQD4BWP40P140)        0.00 #     0.00 r
  bank_q_reg[1]/Q (DFQD4BWP40P140)         0.05       0.05 f
  U21208/ZN (INR2D8BWP40P140)              0.02       0.07 f
  U21209/ZN (INVD6BWP40P140)               0.01       0.08 r
  U21536/ZN (INVD4BWP40P140)               0.01       0.09 f
  U21537/Z (BUFFD4BWP40P140)               0.02       0.10 f
  U18793/Z (BUFFD2BWP40P140)               0.03       0.14 f
  U80607/ZN (AOI22D1BWP40P140)             0.02       0.16 r
  U80608/ZN (ND2OPTIBD1BWP40P140)          0.02       0.18 f
  U80609/ZN (AOI22D1BWP40P140)             0.02       0.20 r
  U80610/Z (AN4D0BWP40P140)                0.05       0.24 r
  U21106/Z (AN4D1BWP40P140)                0.05       0.29 r
  U80739/ZN (CKND2D4BWP40P140)             0.03       0.32 f
  U80743/ZN (INVD2BWP40P140)               0.01       0.33 r
  U21002/ZN (INVD2BWP40P140)               0.02       0.35 f
  U87712/ZN (XNR2UD0BWP40P140)             0.03       0.38 r
  U87713/ZN (OAI22D0BWP40P140)             0.04       0.42 f
  U87725/CO (FA1D1BWP40P140)               0.05       0.47 f
  U87743/CO (FA1D1BWP40P140)               0.04       0.51 f
  U87759/S (FA1D1BWP40P140)                0.07       0.58 r
  U87765/S (FA1D1BWP40P140)                0.06       0.64 f
  U87749/ZN (NR2D1BWP40P140)               0.02       0.66 r
  U87831/ZN (OAI21D1BWP40P140)             0.02       0.67 f
  U87832/ZN (AOI21OPTREPBD1BWP40P140)      0.01       0.69 r
  U87833/ZN (OAI21D1BWP40P140)             0.02       0.71 f
  U19166/ZN (AOI21D1BWP40P140)             0.02       0.73 r
  U87837/ZN (OAI21D0P7BWP40P140)           0.02       0.75 f
  U87845/ZN (AOI21D1BWP40P140)             0.02       0.77 r
  U20103/ZN (OAI21D1BWP40P140)             0.03       0.79 f
  U87848/ZN (AOI21D2BWP40P140)             0.02       0.81 r
  U87850/ZN (OAI21D2BWP40P140)             0.01       0.82 f
  U95220/ZN (INVD1BWP40P140)               0.01       0.84 r
  U20065/ZN (OAI21OPTREPBD2BWP40P140)      0.01       0.85 f
  U20064/ZN (XNR2UD1BWP40P140)             0.02       0.87 f
  U20061/ZN (OAI21D1BWP40P140)             0.02       0.88 r
  rq_ab_reg[62]/D (DFQD1BWP40P140)         0.00       0.88 r
  data arrival time                                   0.88

  clock clk (rise edge)                    1.00       1.00
  clock network delay (ideal)              0.00       1.00
  clock uncertainty                       -0.10       0.90
  rq_ab_reg[62]/CP (DFQD1BWP40P140)        0.00       0.90 r
  library setup time                      -0.02       0.88
  data required time                                  0.88
  -----------------------------------------------------------
  data required time                                  0.88
  data arrival time                                  -0.88
  -----------------------------------------------------------
  slack (MET)                                         0.00


  Startpoint: t_a_rdata[29]
              (input port clocked by clk)
  Endpoint: acc_reg[3][28][16]
            (rising edge-triggered flip-flop clocked by clk)
  Path Group: clk
  Path Type: max

  Des/Clust/Port     Wire Load Model       Library
  ------------------------------------------------
  mat_engine         ZeroWireload          tcbn28hpcplusbwp40p140tt0p9v25c

  Point                                                   Incr       Path
  --------------------------------------------------------------------------
  clock clk (rise edge)                                   0.00       0.00
  clock network delay (ideal)                             0.00       0.00
  input external delay                                    0.05       0.05 r
  t_a_rdata[29] (in)                                      0.00       0.05 r
  U20583/ZN (INVD1BWP40P140)                              0.01       0.06 f
  U20789/ZN (INVD1BWP40P140)                              0.03       0.09 r
  U73470/ZN (XNR2UD1BWP40P140)                            0.04       0.13 r
  U73521/ZN (OAI22D1BWP40P140)                            0.03       0.17 f
  U73574/S (FA1D1BWP40P140)                               0.08       0.24 r
  U73568/S (FA1D1BWP40P140)                               0.06       0.30 r
  U73567/S (FA1D1BWP40P140)                               0.06       0.36 f
  U73566/S (FA1D1BWP40P140)                               0.07       0.44 r
  U73563/S (FA1D1BWP40P140)                               0.06       0.50 f
  U73561/CO (FA1D1BWP40P140)                              0.04       0.54 f
  U73603/S (FA1D1BWP40P140)                               0.07       0.61 r
  U73623/S (FA1D1BWP40P140)                               0.06       0.67 f
  U73592/ZN (ND2OPTIBD1BWP40P140)                         0.02       0.69 r
  U73744/ZN (OAI21D1BWP40P140)                            0.03       0.72 f
  U18487/ZN (AOI21OPTREPBD1BWP40P140)                     0.05       0.76 r
  U89852/ZN (OAI21D0P7BWP40P140)                          0.02       0.79 f
  U89853/ZN (AOI21D1BWP40P140)                            0.02       0.81 r
  U89855/Z (XOR2UD1BWP40P140)                             0.02       0.83 r
  U89856/ZN (OAI21D1BWP40P140)                            0.03       0.86 f
  U89860/ZN (MUX2NUD1BWP40P140)                           0.02       0.88 r
  acc_reg[3][28][16]/D (DFD1BWP40P140)                    0.00       0.88 r
  data arrival time                                                  0.88

  clock clk (rise edge)                                   1.00       1.00
  clock network delay (ideal)                             0.00       1.00
  clock uncertainty                                      -0.10       0.90
  acc_reg[3][28][16]/CP (DFD1BWP40P140)                   0.00       0.90 r
  library setup time                                     -0.02       0.88
  data required time                                                 0.88
  --------------------------------------------------------------------------
  data required time                                                 0.88
  data arrival time                                                 -0.88
  --------------------------------------------------------------------------
  slack (MET)                                                        0.00


  Startpoint: t_a_rdata[29]
              (input port clocked by clk)
  Endpoint: acc_reg[2][28][16]
            (rising edge-triggered flip-flop clocked by clk)
  Path Group: clk
  Path Type: max

  Des/Clust/Port     Wire Load Model       Library
  ------------------------------------------------
  mat_engine         ZeroWireload          tcbn28hpcplusbwp40p140tt0p9v25c

  Point                                                   Incr       Path
  --------------------------------------------------------------------------
  clock clk (rise edge)                                   0.00       0.00
  clock network delay (ideal)                             0.00       0.00
  input external delay                                    0.05       0.05 r
  t_a_rdata[29] (in)                                      0.00       0.05 r
  U20583/ZN (INVD1BWP40P140)                              0.01       0.06 f
  U20789/ZN (INVD1BWP40P140)                              0.03       0.09 r
  U73470/ZN (XNR2UD1BWP40P140)                            0.04       0.13 r
  U73521/ZN (OAI22D1BWP40P140)                            0.03       0.17 f
  U73574/S (FA1D1BWP40P140)                               0.08       0.24 r
  U73568/S (FA1D1BWP40P140)                               0.06       0.30 r
  U73567/S (FA1D1BWP40P140)                               0.06       0.36 f
  U73566/S (FA1D1BWP40P140)                               0.07       0.44 r
  U73563/S (FA1D1BWP40P140)                               0.06       0.50 f
  U73561/CO (FA1D1BWP40P140)                              0.04       0.54 f
  U73603/S (FA1D1BWP40P140)                               0.07       0.61 r
  U73623/S (FA1D1BWP40P140)                               0.06       0.67 f
  U73592/ZN (ND2OPTIBD1BWP40P140)                         0.02       0.69 r
  U73744/ZN (OAI21D1BWP40P140)                            0.03       0.72 f
  U18487/ZN (AOI21OPTREPBD1BWP40P140)                     0.05       0.76 r
  U89852/ZN (OAI21D0P7BWP40P140)                          0.02       0.79 f
  U89853/ZN (AOI21D1BWP40P140)                            0.02       0.81 r
  U89855/Z (XOR2UD1BWP40P140)                             0.02       0.83 r
  U89856/ZN (OAI21D1BWP40P140)                            0.03       0.86 f
  U89857/ZN (MUX2NUD1BWP40P140)                           0.02       0.88 r
  acc_reg[2][28][16]/D (DFD1BWP40P140)                    0.00       0.88 r
  data arrival time                                                  0.88

  clock clk (rise edge)                                   1.00       1.00
  clock network delay (ideal)                             0.00       1.00
  clock uncertainty                                      -0.10       0.90
  acc_reg[2][28][16]/CP (DFD1BWP40P140)                   0.00       0.90 r
  library setup time                                     -0.02       0.88
  data required time                                                 0.88
  --------------------------------------------------------------------------
  data required time                                                 0.88
  data arrival time                                                 -0.88
  --------------------------------------------------------------------------
  slack (MET)                                                        0.00


  Startpoint: t_a_rdata[29]
              (input port clocked by clk)
  Endpoint: acc_reg[1][28][16]
            (rising edge-triggered flip-flop clocked by clk)
  Path Group: clk
  Path Type: max

  Des/Clust/Port     Wire Load Model       Library
  ------------------------------------------------
  mat_engine         ZeroWireload          tcbn28hpcplusbwp40p140tt0p9v25c

  Point                                                   Incr       Path
  --------------------------------------------------------------------------
  clock clk (rise edge)                                   0.00       0.00
  clock network delay (ideal)                             0.00       0.00
  input external delay                                    0.05       0.05 r
  t_a_rdata[29] (in)                                      0.00       0.05 r
  U20583/ZN (INVD1BWP40P140)                              0.01       0.06 f
  U20789/ZN (INVD1BWP40P140)                              0.03       0.09 r
  U73470/ZN (XNR2UD1BWP40P140)                            0.04       0.13 r
  U73521/ZN (OAI22D1BWP40P140)                            0.03       0.17 f
  U73574/S (FA1D1BWP40P140)                               0.08       0.24 r
  U73568/S (FA1D1BWP40P140)                               0.06       0.30 r
  U73567/S (FA1D1BWP40P140)                               0.06       0.36 f
  U73566/S (FA1D1BWP40P140)                               0.07       0.44 r
  U73563/S (FA1D1BWP40P140)                               0.06       0.50 f
  U73561/CO (FA1D1BWP40P140)                              0.04       0.54 f
  U73603/S (FA1D1BWP40P140)                               0.07       0.61 r
  U73623/S (FA1D1BWP40P140)                               0.06       0.67 f
  U73592/ZN (ND2OPTIBD1BWP40P140)                         0.02       0.69 r
  U73744/ZN (OAI21D1BWP40P140)                            0.03       0.72 f
  U18487/ZN (AOI21OPTREPBD1BWP40P140)                     0.05       0.76 r
  U89852/ZN (OAI21D0P7BWP40P140)                          0.02       0.79 f
  U89853/ZN (AOI21D1BWP40P140)                            0.02       0.81 r
  U89855/Z (XOR2UD1BWP40P140)                             0.02       0.83 r
  U89856/ZN (OAI21D1BWP40P140)                            0.03       0.86 f
  U89858/ZN (MUX2NUD1BWP40P140)                           0.02       0.88 r
  acc_reg[1][28][16]/D (DFD1BWP40P140)                    0.00       0.88 r
  data arrival time                                                  0.88

  clock clk (rise edge)                                   1.00       1.00
  clock network delay (ideal)                             0.00       1.00
  clock uncertainty                                      -0.10       0.90
  acc_reg[1][28][16]/CP (DFD1BWP40P140)                   0.00       0.90 r
  library setup time                                     -0.02       0.88
  data required time                                                 0.88
  --------------------------------------------------------------------------
  data required time                                                 0.88
  data arrival time                                                 -0.88
  --------------------------------------------------------------------------
  slack (MET)                                                        0.00


  Startpoint: t_a_rdata[29]
              (input port clocked by clk)
  Endpoint: acc_reg[0][28][16]
            (rising edge-triggered flip-flop clocked by clk)
  Path Group: clk
  Path Type: max

  Des/Clust/Port     Wire Load Model       Library
  ------------------------------------------------
  mat_engine         ZeroWireload          tcbn28hpcplusbwp40p140tt0p9v25c

  Point                                                   Incr       Path
  --------------------------------------------------------------------------
  clock clk (rise edge)                                   0.00       0.00
  clock network delay (ideal)                             0.00       0.00
  input external delay                                    0.05       0.05 r
  t_a_rdata[29] (in)                                      0.00       0.05 r
  U20583/ZN (INVD1BWP40P140)                              0.01       0.06 f
  U20789/ZN (INVD1BWP40P140)                              0.03       0.09 r
  U73470/ZN (XNR2UD1BWP40P140)                            0.04       0.13 r
  U73521/ZN (OAI22D1BWP40P140)                            0.03       0.17 f
  U73574/S (FA1D1BWP40P140)                               0.08       0.24 r
  U73568/S (FA1D1BWP40P140)                               0.06       0.30 r
  U73567/S (FA1D1BWP40P140)                               0.06       0.36 f
  U73566/S (FA1D1BWP40P140)                               0.07       0.44 r
  U73563/S (FA1D1BWP40P140)                               0.06       0.50 f
  U73561/CO (FA1D1BWP40P140)                              0.04       0.54 f
  U73603/S (FA1D1BWP40P140)                               0.07       0.61 r
  U73623/S (FA1D1BWP40P140)                               0.06       0.67 f
  U73592/ZN (ND2OPTIBD1BWP40P140)                         0.02       0.69 r
  U73744/ZN (OAI21D1BWP40P140)                            0.03       0.72 f
  U18487/ZN (AOI21OPTREPBD1BWP40P140)                     0.05       0.76 r
  U89852/ZN (OAI21D0P7BWP40P140)                          0.02       0.79 f
  U89853/ZN (AOI21D1BWP40P140)                            0.02       0.81 r
  U89855/Z (XOR2UD1BWP40P140)                             0.02       0.83 r
  U89856/ZN (OAI21D1BWP40P140)                            0.03       0.86 f
  U89859/ZN (MUX2NUD1BWP40P140)                           0.02       0.88 r
  acc_reg[0][28][16]/D (DFD1BWP40P140)                    0.00       0.88 r
  data arrival time                                                  0.88

  clock clk (rise edge)                                   1.00       1.00
  clock network delay (ideal)                             0.00       1.00
  clock uncertainty                                      -0.10       0.90
  acc_reg[0][28][16]/CP (DFD1BWP40P140)                   0.00       0.90 r
  library setup time                                     -0.02       0.88
  data required time                                                 0.88
  --------------------------------------------------------------------------
  data required time                                                 0.88
  data arrival time                                                 -0.88
  --------------------------------------------------------------------------
  slack (MET)                                                        0.00


  Startpoint: t_a_rdata[29]
              (input port clocked by clk)
  Endpoint: acc_reg[3][28][16]
            (rising edge-triggered flip-flop clocked by clk)
  Path Group: clk
  Path Type: max

  Des/Clust/Port     Wire Load Model       Library
  ------------------------------------------------
  mat_engine         ZeroWireload          tcbn28hpcplusbwp40p140tt0p9v25c

  Point                                                   Incr       Path
  --------------------------------------------------------------------------
  clock clk (rise edge)                                   0.00       0.00
  clock network delay (ideal)                             0.00       0.00
  input external delay                                    0.05       0.05 r
  t_a_rdata[29] (in)                                      0.00       0.05 r
  U20583/ZN (INVD1BWP40P140)                              0.01       0.06 f
  U20789/ZN (INVD1BWP40P140)                              0.03       0.09 r
  U73470/ZN (XNR2UD1BWP40P140)                            0.04       0.13 r
  U73521/ZN (OAI22D1BWP40P140)                            0.03       0.17 f
  U73574/S (FA1D1BWP40P140)                               0.08       0.24 r
  U73568/S (FA1D1BWP40P140)                               0.06       0.30 r
  U73567/S (FA1D1BWP40P140)                               0.06       0.36 f
  U73566/S (FA1D1BWP40P140)                               0.07       0.44 r
  U73563/S (FA1D1BWP40P140)                               0.06       0.50 f
  U73561/CO (FA1D1BWP40P140)                              0.04       0.54 f
  U73603/S (FA1D1BWP40P140)                               0.07       0.61 r
  U73623/S (FA1D1BWP40P140)                               0.06       0.67 f
  U73592/ZN (ND2OPTIBD1BWP40P140)                         0.02       0.69 r
  U73744/ZN (OAI21D1BWP40P140)                            0.03       0.72 f
  U18487/ZN (AOI21OPTREPBD1BWP40P140)                     0.05       0.76 r
  U89852/ZN (OAI21D0P7BWP40P140)                          0.02       0.79 f
  U89853/ZN (AOI21D1BWP40P140)                            0.02       0.81 r
  U89855/Z (XOR2UD1BWP40P140)                             0.02       0.83 r
  U89856/ZN (OAI21D1BWP40P140)                            0.03       0.86 f
  U89860/ZN (MUX2NUD1BWP40P140)                           0.02       0.88 r
  acc_reg[3][28][16]/D (DFD1BWP40P140)                    0.00       0.88 r
  data arrival time                                                  0.88

  clock clk (rise edge)                                   1.00       1.00
  clock network delay (ideal)                             0.00       1.00
  clock uncertainty                                      -0.10       0.90
  acc_reg[3][28][16]/CP (DFD1BWP40P140)                   0.00       0.90 r
  library setup time                                     -0.02       0.88
  data required time                                                 0.88
  --------------------------------------------------------------------------
  data required time                                                 0.88
  data arrival time                                                 -0.88
  --------------------------------------------------------------------------
  slack (MET)                                                        0.00


  Startpoint: t_a_rdata[29]
              (input port clocked by clk)
  Endpoint: acc_reg[2][28][16]
            (rising edge-triggered flip-flop clocked by clk)
  Path Group: clk
  Path Type: max

  Des/Clust/Port     Wire Load Model       Library
  ------------------------------------------------
  mat_engine         ZeroWireload          tcbn28hpcplusbwp40p140tt0p9v25c

  Point                                                   Incr       Path
  --------------------------------------------------------------------------
  clock clk (rise edge)                                   0.00       0.00
  clock network delay (ideal)                             0.00       0.00
  input external delay                                    0.05       0.05 r
  t_a_rdata[29] (in)                                      0.00       0.05 r
  U20583/ZN (INVD1BWP40P140)                              0.01       0.06 f
  U20789/ZN (INVD1BWP40P140)                              0.03       0.09 r
  U73470/ZN (XNR2UD1BWP40P140)                            0.04       0.13 r
  U73521/ZN (OAI22D1BWP40P140)                            0.03       0.17 f
  U73574/S (FA1D1BWP40P140)                               0.08       0.24 r
  U73568/S (FA1D1BWP40P140)                               0.06       0.30 r
  U73567/S (FA1D1BWP40P140)                               0.06       0.36 f
  U73566/S (FA1D1BWP40P140)                               0.07       0.44 r
  U73563/S (FA1D1BWP40P140)                               0.06       0.50 f
  U73561/CO (FA1D1BWP40P140)                              0.04       0.54 f
  U73603/S (FA1D1BWP40P140)                               0.07       0.61 r
  U73623/S (FA1D1BWP40P140)                               0.06       0.67 f
  U73592/ZN (ND2OPTIBD1BWP40P140)                         0.02       0.69 r
  U73744/ZN (OAI21D1BWP40P140)                            0.03       0.72 f
  U18487/ZN (AOI21OPTREPBD1BWP40P140)                     0.05       0.76 r
  U89852/ZN (OAI21D0P7BWP40P140)                          0.02       0.79 f
  U89853/ZN (AOI21D1BWP40P140)                            0.02       0.81 r
  U89855/Z (XOR2UD1BWP40P140)                             0.02       0.83 r
  U89856/ZN (OAI21D1BWP40P140)                            0.03       0.86 f
  U89857/ZN (MUX2NUD1BWP40P140)                           0.02       0.88 r
  acc_reg[2][28][16]/D (DFD1BWP40P140)                    0.00       0.88 r
  data arrival time                                                  0.88

  clock clk (rise edge)                                   1.00       1.00
  clock network delay (ideal)                             0.00       1.00
  clock uncertainty                                      -0.10       0.90
  acc_reg[2][28][16]/CP (DFD1BWP40P140)                   0.00       0.90 r
  library setup time                                     -0.02       0.88
  data required time                                                 0.88
  --------------------------------------------------------------------------
  data required time                                                 0.88
  data arrival time                                                 -0.88
  --------------------------------------------------------------------------
  slack (MET)                                                        0.00


  Startpoint: t_a_rdata[29]
              (input port clocked by clk)
  Endpoint: acc_reg[1][28][16]
            (rising edge-triggered flip-flop clocked by clk)
  Path Group: clk
  Path Type: max

  Des/Clust/Port     Wire Load Model       Library
  ------------------------------------------------
  mat_engine         ZeroWireload          tcbn28hpcplusbwp40p140tt0p9v25c

  Point                                                   Incr       Path
  --------------------------------------------------------------------------
  clock clk (rise edge)                                   0.00       0.00
  clock network delay (ideal)                             0.00       0.00
  input external delay                                    0.05       0.05 r
  t_a_rdata[29] (in)                                      0.00       0.05 r
  U20583/ZN (INVD1BWP40P140)                              0.01       0.06 f
  U20789/ZN (INVD1BWP40P140)                              0.03       0.09 r
  U73470/ZN (XNR2UD1BWP40P140)                            0.04       0.13 r
  U73521/ZN (OAI22D1BWP40P140)                            0.03       0.17 f
  U73574/S (FA1D1BWP40P140)                               0.08       0.24 r
  U73568/S (FA1D1BWP40P140)                               0.06       0.30 r
  U73567/S (FA1D1BWP40P140)                               0.06       0.36 f
  U73566/S (FA1D1BWP40P140)                               0.07       0.44 r
  U73563/S (FA1D1BWP40P140)                               0.06       0.50 f
  U73561/CO (FA1D1BWP40P140)                              0.04       0.54 f
  U73603/S (FA1D1BWP40P140)                               0.07       0.61 r
  U73623/S (FA1D1BWP40P140)                               0.06       0.67 f
  U73592/ZN (ND2OPTIBD1BWP40P140)                         0.02       0.69 r
  U73744/ZN (OAI21D1BWP40P140)                            0.03       0.72 f
  U18487/ZN (AOI21OPTREPBD1BWP40P140)                     0.05       0.76 r
  U89852/ZN (OAI21D0P7BWP40P140)                          0.02       0.79 f
  U89853/ZN (AOI21D1BWP40P140)                            0.02       0.81 r
  U89855/Z (XOR2UD1BWP40P140)                             0.02       0.83 r
  U89856/ZN (OAI21D1BWP40P140)                            0.03       0.86 f
  U89858/ZN (MUX2NUD1BWP40P140)                           0.02       0.88 r
  acc_reg[1][28][16]/D (DFD1BWP40P140)                    0.00       0.88 r
  data arrival time                                                  0.88

  clock clk (rise edge)                                   1.00       1.00
  clock network delay (ideal)                             0.00       1.00
  clock uncertainty                                      -0.10       0.90
  acc_reg[1][28][16]/CP (DFD1BWP40P140)                   0.00       0.90 r
  library setup time                                     -0.02       0.88
  data required time                                                 0.88
  --------------------------------------------------------------------------
  data required time                                                 0.88
  data arrival time                                                 -0.88
  --------------------------------------------------------------------------
  slack (MET)                                                        0.00


  Startpoint: t_a_rdata[29]
              (input port clocked by clk)
  Endpoint: acc_reg[0][28][16]
            (rising edge-triggered flip-flop clocked by clk)
  Path Group: clk
  Path Type: max

  Des/Clust/Port     Wire Load Model       Library
  ------------------------------------------------
  mat_engine         ZeroWireload          tcbn28hpcplusbwp40p140tt0p9v25c

  Point                                                   Incr       Path
  --------------------------------------------------------------------------
  clock clk (rise edge)                                   0.00       0.00
  clock network delay (ideal)                             0.00       0.00
  input external delay                                    0.05       0.05 r
  t_a_rdata[29] (in)                                      0.00       0.05 r
  U20583/ZN (INVD1BWP40P140)                              0.01       0.06 f
  U20789/ZN (INVD1BWP40P140)                              0.03       0.09 r
  U73470/ZN (XNR2UD1BWP40P140)                            0.04       0.13 r
  U73521/ZN (OAI22D1BWP40P140)                            0.03       0.17 f
  U73574/S (FA1D1BWP40P140)                               0.08       0.24 r
  U73568/S (FA1D1BWP40P140)                               0.06       0.30 r
  U73567/S (FA1D1BWP40P140)                               0.06       0.36 f
  U73566/S (FA1D1BWP40P140)                               0.07       0.44 r
  U73563/S (FA1D1BWP40P140)                               0.06       0.50 f
  U73561/CO (FA1D1BWP40P140)                              0.04       0.54 f
  U73603/S (FA1D1BWP40P140)                               0.07       0.61 r
  U73623/S (FA1D1BWP40P140)                               0.06       0.67 f
  U73592/ZN (ND2OPTIBD1BWP40P140)                         0.02       0.69 r
  U73744/ZN (OAI21D1BWP40P140)                            0.03       0.72 f
  U18487/ZN (AOI21OPTREPBD1BWP40P140)                     0.05       0.76 r
  U89852/ZN (OAI21D0P7BWP40P140)                          0.02       0.79 f
  U89853/ZN (AOI21D1BWP40P140)                            0.02       0.81 r
  U89855/Z (XOR2UD1BWP40P140)                             0.02       0.83 r
  U89856/ZN (OAI21D1BWP40P140)                            0.03       0.86 f
  U89859/ZN (MUX2NUD1BWP40P140)                           0.02       0.88 r
  acc_reg[0][28][16]/D (DFD1BWP40P140)                    0.00       0.88 r
  data arrival time                                                  0.88

  clock clk (rise edge)                                   1.00       1.00
  clock network delay (ideal)                             0.00       1.00
  clock uncertainty                                      -0.10       0.90
  acc_reg[0][28][16]/CP (DFD1BWP40P140)                   0.00       0.90 r
  library setup time                                     -0.02       0.88
  data required time                                                 0.88
  --------------------------------------------------------------------------
  data required time                                                 0.88
  data arrival time                                                 -0.88
  --------------------------------------------------------------------------
  slack (MET)                                                        0.00


  Startpoint: t_a_rdata[29]
              (input port clocked by clk)
  Endpoint: acc_reg[3][28][27]
            (rising edge-triggered flip-flop clocked by clk)
  Path Group: clk
  Path Type: max

  Des/Clust/Port     Wire Load Model       Library
  ------------------------------------------------
  mat_engine         ZeroWireload          tcbn28hpcplusbwp40p140tt0p9v25c

  Point                                                   Incr       Path
  --------------------------------------------------------------------------
  clock clk (rise edge)                                   0.00       0.00
  clock network delay (ideal)                             0.00       0.00
  input external delay                                    0.05       0.05 r
  t_a_rdata[29] (in)                                      0.00       0.05 r
  U20583/ZN (INVD1BWP40P140)                              0.01       0.06 f
  U20789/ZN (INVD1BWP40P140)                              0.03       0.09 r
  U73470/ZN (XNR2UD1BWP40P140)                            0.04       0.13 r
  U73521/ZN (OAI22D1BWP40P140)                            0.03       0.17 f
  U73574/S (FA1D1BWP40P140)                               0.08       0.24 r
  U73568/S (FA1D1BWP40P140)                               0.06       0.30 r
  U73567/S (FA1D1BWP40P140)                               0.06       0.36 f
  U73566/S (FA1D1BWP40P140)                               0.07       0.44 r
  U73563/S (FA1D1BWP40P140)                               0.06       0.50 f
  U73561/CO (FA1D1BWP40P140)                              0.04       0.54 f
  U73603/S (FA1D1BWP40P140)                               0.07       0.61 r
  U73623/S (FA1D1BWP40P140)                               0.06       0.67 f
  U73592/ZN (ND2OPTIBD1BWP40P140)                         0.02       0.69 r
  U73744/ZN (OAI21D1BWP40P140)                            0.03       0.72 f
  U18487/ZN (AOI21OPTREPBD1BWP40P140)                     0.05       0.76 r
  U89707/ZN (OAI21D0P7BWP40P140)                          0.02       0.79 f
  U89708/ZN (AOI21D1BWP40P140)                            0.02       0.81 r
  U89710/Z (XOR2UD1BWP40P140)                             0.02       0.83 r
  U89711/ZN (OAI21D1BWP40P140)                            0.03       0.86 f
  U89715/ZN (MUX2NUD1BWP40P140)                           0.02       0.88 r
  acc_reg[3][28][27]/D (DFD1BWP40P140)                    0.00       0.88 r
  data arrival time                                                  0.88

  clock clk (rise edge)                                   1.00       1.00
  clock network delay (ideal)                             0.00       1.00
  clock uncertainty                                      -0.10       0.90
  acc_reg[3][28][27]/CP (DFD1BWP40P140)                   0.00       0.90 r
  library setup time                                     -0.02       0.88
  data required time                                                 0.88
  --------------------------------------------------------------------------
  data required time                                                 0.88
  data arrival time                                                 -0.88
  --------------------------------------------------------------------------
  slack (MET)                                                        0.00


  Startpoint: t_a_rdata[29]
              (input port clocked by clk)
  Endpoint: acc_reg[2][28][27]
            (rising edge-triggered flip-flop clocked by clk)
  Path Group: clk
  Path Type: max

  Des/Clust/Port     Wire Load Model       Library
  ------------------------------------------------
  mat_engine         ZeroWireload          tcbn28hpcplusbwp40p140tt0p9v25c

  Point                                                   Incr       Path
  --------------------------------------------------------------------------
  clock clk (rise edge)                                   0.00       0.00
  clock network delay (ideal)                             0.00       0.00
  input external delay                                    0.05       0.05 r
  t_a_rdata[29] (in)                                      0.00       0.05 r
  U20583/ZN (INVD1BWP40P140)                              0.01       0.06 f
  U20789/ZN (INVD1BWP40P140)                              0.03       0.09 r
  U73470/ZN (XNR2UD1BWP40P140)                            0.04       0.13 r
  U73521/ZN (OAI22D1BWP40P140)                            0.03       0.17 f
  U73574/S (FA1D1BWP40P140)                               0.08       0.24 r
  U73568/S (FA1D1BWP40P140)                               0.06       0.30 r
  U73567/S (FA1D1BWP40P140)                               0.06       0.36 f
  U73566/S (FA1D1BWP40P140)                               0.07       0.44 r
  U73563/S (FA1D1BWP40P140)                               0.06       0.50 f
  U73561/CO (FA1D1BWP40P140)                              0.04       0.54 f
  U73603/S (FA1D1BWP40P140)                               0.07       0.61 r
  U73623/S (FA1D1BWP40P140)                               0.06       0.67 f
  U73592/ZN (ND2OPTIBD1BWP40P140)                         0.02       0.69 r
  U73744/ZN (OAI21D1BWP40P140)                            0.03       0.72 f
  U18487/ZN (AOI21OPTREPBD1BWP40P140)                     0.05       0.76 r
  U89707/ZN (OAI21D0P7BWP40P140)                          0.02       0.79 f
  U89708/ZN (AOI21D1BWP40P140)                            0.02       0.81 r
  U89710/Z (XOR2UD1BWP40P140)                             0.02       0.83 r
  U89711/ZN (OAI21D1BWP40P140)                            0.03       0.86 f
  U89712/ZN (MUX2NUD1BWP40P140)                           0.02       0.88 r
  acc_reg[2][28][27]/D (DFD1BWP40P140)                    0.00       0.88 r
  data arrival time                                                  0.88

  clock clk (rise edge)                                   1.00       1.00
  clock network delay (ideal)                             0.00       1.00
  clock uncertainty                                      -0.10       0.90
  acc_reg[2][28][27]/CP (DFD1BWP40P140)                   0.00       0.90 r
  library setup time                                     -0.02       0.88
  data required time                                                 0.88
  --------------------------------------------------------------------------
  data required time                                                 0.88
  data arrival time                                                 -0.88
  --------------------------------------------------------------------------
  slack (MET)                                                        0.00


  Startpoint: t_a_rdata[29]
              (input port clocked by clk)
  Endpoint: acc_reg[1][28][27]
            (rising edge-triggered flip-flop clocked by clk)
  Path Group: clk
  Path Type: max

  Des/Clust/Port     Wire Load Model       Library
  ------------------------------------------------
  mat_engine         ZeroWireload          tcbn28hpcplusbwp40p140tt0p9v25c

  Point                                                   Incr       Path
  --------------------------------------------------------------------------
  clock clk (rise edge)                                   0.00       0.00
  clock network delay (ideal)                             0.00       0.00
  input external delay                                    0.05       0.05 r
  t_a_rdata[29] (in)                                      0.00       0.05 r
  U20583/ZN (INVD1BWP40P140)                              0.01       0.06 f
  U20789/ZN (INVD1BWP40P140)                              0.03       0.09 r
  U73470/ZN (XNR2UD1BWP40P140)                            0.04       0.13 r
  U73521/ZN (OAI22D1BWP40P140)                            0.03       0.17 f
  U73574/S (FA1D1BWP40P140)                               0.08       0.24 r
  U73568/S (FA1D1BWP40P140)                               0.06       0.30 r
  U73567/S (FA1D1BWP40P140)                               0.06       0.36 f
  U73566/S (FA1D1BWP40P140)                               0.07       0.44 r
  U73563/S (FA1D1BWP40P140)                               0.06       0.50 f
  U73561/CO (FA1D1BWP40P140)                              0.04       0.54 f
  U73603/S (FA1D1BWP40P140)                               0.07       0.61 r
  U73623/S (FA1D1BWP40P140)                               0.06       0.67 f
  U73592/ZN (ND2OPTIBD1BWP40P140)                         0.02       0.69 r
  U73744/ZN (OAI21D1BWP40P140)                            0.03       0.72 f
  U18487/ZN (AOI21OPTREPBD1BWP40P140)                     0.05       0.76 r
  U89707/ZN (OAI21D0P7BWP40P140)                          0.02       0.79 f
  U89708/ZN (AOI21D1BWP40P140)                            0.02       0.81 r
  U89710/Z (XOR2UD1BWP40P140)                             0.02       0.83 r
  U89711/ZN (OAI21D1BWP40P140)                            0.03       0.86 f
  U89713/ZN (MUX2NUD1BWP40P140)                           0.02       0.88 r
  acc_reg[1][28][27]/D (DFD1BWP40P140)                    0.00       0.88 r
  data arrival time                                                  0.88

  clock clk (rise edge)                                   1.00       1.00
  clock network delay (ideal)                             0.00       1.00
  clock uncertainty                                      -0.10       0.90
  acc_reg[1][28][27]/CP (DFD1BWP40P140)                   0.00       0.90 r
  library setup time                                     -0.02       0.88
  data required time                                                 0.88
  --------------------------------------------------------------------------
  data required time                                                 0.88
  data arrival time                                                 -0.88
  --------------------------------------------------------------------------
  slack (MET)                                                        0.00


  Startpoint: t_a_rdata[29]
              (input port clocked by clk)
  Endpoint: acc_reg[0][28][27]
            (rising edge-triggered flip-flop clocked by clk)
  Path Group: clk
  Path Type: max

  Des/Clust/Port     Wire Load Model       Library
  ------------------------------------------------
  mat_engine         ZeroWireload          tcbn28hpcplusbwp40p140tt0p9v25c

  Point                                                   Incr       Path
  --------------------------------------------------------------------------
  clock clk (rise edge)                                   0.00       0.00
  clock network delay (ideal)                             0.00       0.00
  input external delay                                    0.05       0.05 r
  t_a_rdata[29] (in)                                      0.00       0.05 r
  U20583/ZN (INVD1BWP40P140)                              0.01       0.06 f
  U20789/ZN (INVD1BWP40P140)                              0.03       0.09 r
  U73470/ZN (XNR2UD1BWP40P140)                            0.04       0.13 r
  U73521/ZN (OAI22D1BWP40P140)                            0.03       0.17 f
  U73574/S (FA1D1BWP40P140)                               0.08       0.24 r
  U73568/S (FA1D1BWP40P140)                               0.06       0.30 r
  U73567/S (FA1D1BWP40P140)                               0.06       0.36 f
  U73566/S (FA1D1BWP40P140)                               0.07       0.44 r
  U73563/S (FA1D1BWP40P140)                               0.06       0.50 f
  U73561/CO (FA1D1BWP40P140)                              0.04       0.54 f
  U73603/S (FA1D1BWP40P140)                               0.07       0.61 r
  U73623/S (FA1D1BWP40P140)                               0.06       0.67 f
  U73592/ZN (ND2OPTIBD1BWP40P140)                         0.02       0.69 r
  U73744/ZN (OAI21D1BWP40P140)                            0.03       0.72 f
  U18487/ZN (AOI21OPTREPBD1BWP40P140)                     0.05       0.76 r
  U89707/ZN (OAI21D0P7BWP40P140)                          0.02       0.79 f
  U89708/ZN (AOI21D1BWP40P140)                            0.02       0.81 r
  U89710/Z (XOR2UD1BWP40P140)                             0.02       0.83 r
  U89711/ZN (OAI21D1BWP40P140)                            0.03       0.86 f
  U89714/ZN (MUX2NUD1BWP40P140)                           0.02       0.88 r
  acc_reg[0][28][27]/D (DFD1BWP40P140)                    0.00       0.88 r
  data arrival time                                                  0.88

  clock clk (rise edge)                                   1.00       1.00
  clock network delay (ideal)                             0.00       1.00
  clock uncertainty                                      -0.10       0.90
  acc_reg[0][28][27]/CP (DFD1BWP40P140)                   0.00       0.90 r
  library setup time                                     -0.02       0.88
  data required time                                                 0.88
  --------------------------------------------------------------------------
  data required time                                                 0.88
  data arrival time                                                 -0.88
  --------------------------------------------------------------------------
  slack (MET)                                                        0.00


  Startpoint: t_a_rdata[29]
              (input port clocked by clk)
  Endpoint: acc_reg[3][28][27]
            (rising edge-triggered flip-flop clocked by clk)
  Path Group: clk
  Path Type: max

  Des/Clust/Port     Wire Load Model       Library
  ------------------------------------------------
  mat_engine         ZeroWireload          tcbn28hpcplusbwp40p140tt0p9v25c

  Point                                                   Incr       Path
  --------------------------------------------------------------------------
  clock clk (rise edge)                                   0.00       0.00
  clock network delay (ideal)                             0.00       0.00
  input external delay                                    0.05       0.05 r
  t_a_rdata[29] (in)                                      0.00       0.05 r
  U20583/ZN (INVD1BWP40P140)                              0.01       0.06 f
  U20789/ZN (INVD1BWP40P140)                              0.03       0.09 r
  U73470/ZN (XNR2UD1BWP40P140)                            0.04       0.13 r
  U73521/ZN (OAI22D1BWP40P140)                            0.03       0.17 f
  U73574/S (FA1D1BWP40P140)                               0.08       0.24 r
  U73568/S (FA1D1BWP40P140)                               0.06       0.30 r
  U73567/S (FA1D1BWP40P140)                               0.06       0.36 f
  U73566/S (FA1D1BWP40P140)                               0.07       0.44 r
  U73563/S (FA1D1BWP40P140)                               0.06       0.50 f
  U73561/CO (FA1D1BWP40P140)                              0.04       0.54 f
  U73603/S (FA1D1BWP40P140)                               0.07       0.61 r
  U73623/S (FA1D1BWP40P140)                               0.06       0.67 f
  U73592/ZN (ND2OPTIBD1BWP40P140)                         0.02       0.69 r
  U73744/ZN (OAI21D1BWP40P140)                            0.03       0.72 f
  U18487/ZN (AOI21OPTREPBD1BWP40P140)                     0.05       0.76 r
  U89707/ZN (OAI21D0P7BWP40P140)                          0.02       0.79 f
  U89708/ZN (AOI21D1BWP40P140)                            0.02       0.81 r
  U89710/Z (XOR2UD1BWP40P140)                             0.02       0.83 r
  U89711/ZN (OAI21D1BWP40P140)                            0.03       0.86 f
  U89715/ZN (MUX2NUD1BWP40P140)                           0.02       0.88 r
  acc_reg[3][28][27]/D (DFD1BWP40P140)                    0.00       0.88 r
  data arrival time                                                  0.88

  clock clk (rise edge)                                   1.00       1.00
  clock network delay (ideal)                             0.00       1.00
  clock uncertainty                                      -0.10       0.90
  acc_reg[3][28][27]/CP (DFD1BWP40P140)                   0.00       0.90 r
  library setup time                                     -0.02       0.88
  data required time                                                 0.88
  --------------------------------------------------------------------------
  data required time                                                 0.88
  data arrival time                                                 -0.88
  --------------------------------------------------------------------------
  slack (MET)                                                        0.00


  Startpoint: t_a_rdata[29]
              (input port clocked by clk)
  Endpoint: acc_reg[2][28][27]
            (rising edge-triggered flip-flop clocked by clk)
  Path Group: clk
  Path Type: max

  Des/Clust/Port     Wire Load Model       Library
  ------------------------------------------------
  mat_engine         ZeroWireload          tcbn28hpcplusbwp40p140tt0p9v25c

  Point                                                   Incr       Path
  --------------------------------------------------------------------------
  clock clk (rise edge)                                   0.00       0.00
  clock network delay (ideal)                             0.00       0.00
  input external delay                                    0.05       0.05 r
  t_a_rdata[29] (in)                                      0.00       0.05 r
  U20583/ZN (INVD1BWP40P140)                              0.01       0.06 f
  U20789/ZN (INVD1BWP40P140)                              0.03       0.09 r
  U73470/ZN (XNR2UD1BWP40P140)                            0.04       0.13 r
  U73521/ZN (OAI22D1BWP40P140)                            0.03       0.17 f
  U73574/S (FA1D1BWP40P140)                               0.08       0.24 r
  U73568/S (FA1D1BWP40P140)                               0.06       0.30 r
  U73567/S (FA1D1BWP40P140)                               0.06       0.36 f
  U73566/S (FA1D1BWP40P140)                               0.07       0.44 r
  U73563/S (FA1D1BWP40P140)                               0.06       0.50 f
  U73561/CO (FA1D1BWP40P140)                              0.04       0.54 f
  U73603/S (FA1D1BWP40P140)                               0.07       0.61 r
  U73623/S (FA1D1BWP40P140)                               0.06       0.67 f
  U73592/ZN (ND2OPTIBD1BWP40P140)                         0.02       0.69 r
  U73744/ZN (OAI21D1BWP40P140)                            0.03       0.72 f
  U18487/ZN (AOI21OPTREPBD1BWP40P140)                     0.05       0.76 r
  U89707/ZN (OAI21D0P7BWP40P140)                          0.02       0.79 f
  U89708/ZN (AOI21D1BWP40P140)                            0.02       0.81 r
  U89710/Z (XOR2UD1BWP40P140)                             0.02       0.83 r
  U89711/ZN (OAI21D1BWP40P140)                            0.03       0.86 f
  U89712/ZN (MUX2NUD1BWP40P140)                           0.02       0.88 r
  acc_reg[2][28][27]/D (DFD1BWP40P140)                    0.00       0.88 r
  data arrival time                                                  0.88

  clock clk (rise edge)                                   1.00       1.00
  clock network delay (ideal)                             0.00       1.00
  clock uncertainty                                      -0.10       0.90
  acc_reg[2][28][27]/CP (DFD1BWP40P140)                   0.00       0.90 r
  library setup time                                     -0.02       0.88
  data required time                                                 0.88
  --------------------------------------------------------------------------
  data required time                                                 0.88
  data arrival time                                                 -0.88
  --------------------------------------------------------------------------
  slack (MET)                                                        0.00


  Startpoint: t_a_rdata[29]
              (input port clocked by clk)
  Endpoint: acc_reg[1][28][27]
            (rising edge-triggered flip-flop clocked by clk)
  Path Group: clk
  Path Type: max

  Des/Clust/Port     Wire Load Model       Library
  ------------------------------------------------
  mat_engine         ZeroWireload          tcbn28hpcplusbwp40p140tt0p9v25c

  Point                                                   Incr       Path
  --------------------------------------------------------------------------
  clock clk (rise edge)                                   0.00       0.00
  clock network delay (ideal)                             0.00       0.00
  input external delay                                    0.05       0.05 r
  t_a_rdata[29] (in)                                      0.00       0.05 r
  U20583/ZN (INVD1BWP40P140)                              0.01       0.06 f
  U20789/ZN (INVD1BWP40P140)                              0.03       0.09 r
  U73470/ZN (XNR2UD1BWP40P140)                            0.04       0.13 r
  U73521/ZN (OAI22D1BWP40P140)                            0.03       0.17 f
  U73574/S (FA1D1BWP40P140)                               0.08       0.24 r
  U73568/S (FA1D1BWP40P140)                               0.06       0.30 r
  U73567/S (FA1D1BWP40P140)                               0.06       0.36 f
  U73566/S (FA1D1BWP40P140)                               0.07       0.44 r
  U73563/S (FA1D1BWP40P140)                               0.06       0.50 f
  U73561/CO (FA1D1BWP40P140)                              0.04       0.54 f
  U73603/S (FA1D1BWP40P140)                               0.07       0.61 r
  U73623/S (FA1D1BWP40P140)                               0.06       0.67 f
  U73592/ZN (ND2OPTIBD1BWP40P140)                         0.02       0.69 r
  U73744/ZN (OAI21D1BWP40P140)                            0.03       0.72 f
  U18487/ZN (AOI21OPTREPBD1BWP40P140)                     0.05       0.76 r
  U89707/ZN (OAI21D0P7BWP40P140)                          0.02       0.79 f
  U89708/ZN (AOI21D1BWP40P140)                            0.02       0.81 r
  U89710/Z (XOR2UD1BWP40P140)                             0.02       0.83 r
  U89711/ZN (OAI21D1BWP40P140)                            0.03       0.86 f
  U89713/ZN (MUX2NUD1BWP40P140)                           0.02       0.88 r
  acc_reg[1][28][27]/D (DFD1BWP40P140)                    0.00       0.88 r
  data arrival time                                                  0.88

  clock clk (rise edge)                                   1.00       1.00
  clock network delay (ideal)                             0.00       1.00
  clock uncertainty                                      -0.10       0.90
  acc_reg[1][28][27]/CP (DFD1BWP40P140)                   0.00       0.90 r
  library setup time                                     -0.02       0.88
  data required time                                                 0.88
  --------------------------------------------------------------------------
  data required time                                                 0.88
  data arrival time                                                 -0.88
  --------------------------------------------------------------------------
  slack (MET)                                                        0.00


  Startpoint: t_a_rdata[29]
              (input port clocked by clk)
  Endpoint: acc_reg[0][28][27]
            (rising edge-triggered flip-flop clocked by clk)
  Path Group: clk
  Path Type: max

  Des/Clust/Port     Wire Load Model       Library
  ------------------------------------------------
  mat_engine         ZeroWireload          tcbn28hpcplusbwp40p140tt0p9v25c

  Point                                                   Incr       Path
  --------------------------------------------------------------------------
  clock clk (rise edge)                                   0.00       0.00
  clock network delay (ideal)                             0.00       0.00
  input external delay                                    0.05       0.05 r
  t_a_rdata[29] (in)                                      0.00       0.05 r
  U20583/ZN (INVD1BWP40P140)                              0.01       0.06 f
  U20789/ZN (INVD1BWP40P140)                              0.03       0.09 r
  U73470/ZN (XNR2UD1BWP40P140)                            0.04       0.13 r
  U73521/ZN (OAI22D1BWP40P140)                            0.03       0.17 f
  U73574/S (FA1D1BWP40P140)                               0.08       0.24 r
  U73568/S (FA1D1BWP40P140)                               0.06       0.30 r
  U73567/S (FA1D1BWP40P140)                               0.06       0.36 f
  U73566/S (FA1D1BWP40P140)                               0.07       0.44 r
  U73563/S (FA1D1BWP40P140)                               0.06       0.50 f
  U73561/CO (FA1D1BWP40P140)                              0.04       0.54 f
  U73603/S (FA1D1BWP40P140)                               0.07       0.61 r
  U73623/S (FA1D1BWP40P140)                               0.06       0.67 f
  U73592/ZN (ND2OPTIBD1BWP40P140)                         0.02       0.69 r
  U73744/ZN (OAI21D1BWP40P140)                            0.03       0.72 f
  U18487/ZN (AOI21OPTREPBD1BWP40P140)                     0.05       0.76 r
  U89707/ZN (OAI21D0P7BWP40P140)                          0.02       0.79 f
  U89708/ZN (AOI21D1BWP40P140)                            0.02       0.81 r
  U89710/Z (XOR2UD1BWP40P140)                             0.02       0.83 r
  U89711/ZN (OAI21D1BWP40P140)                            0.03       0.86 f
  U89714/ZN (MUX2NUD1BWP40P140)                           0.02       0.88 r
  acc_reg[0][28][27]/D (DFD1BWP40P140)                    0.00       0.88 r
  data arrival time                                                  0.88

  clock clk (rise edge)                                   1.00       1.00
  clock network delay (ideal)                             0.00       1.00
  clock uncertainty                                      -0.10       0.90
  acc_reg[0][28][27]/CP (DFD1BWP40P140)                   0.00       0.90 r
  library setup time                                     -0.02       0.88
  data required time                                                 0.88
  --------------------------------------------------------------------------
  data required time                                                 0.88
  data arrival time                                                 -0.88
  --------------------------------------------------------------------------
  slack (MET)                                                        0.00


  Startpoint: t_a_rdata[29]
              (input port clocked by clk)
  Endpoint: acc_reg[3][28][18]
            (rising edge-triggered flip-flop clocked by clk)
  Path Group: clk
  Path Type: max

  Des/Clust/Port     Wire Load Model       Library
  ------------------------------------------------
  mat_engine         ZeroWireload          tcbn28hpcplusbwp40p140tt0p9v25c

  Point                                                   Incr       Path
  --------------------------------------------------------------------------
  clock clk (rise edge)                                   0.00       0.00
  clock network delay (ideal)                             0.00       0.00
  input external delay                                    0.05       0.05 r
  t_a_rdata[29] (in)                                      0.00       0.05 r
  U20583/ZN (INVD1BWP40P140)                              0.01       0.06 f
  U20789/ZN (INVD1BWP40P140)                              0.03       0.09 r
  U73470/ZN (XNR2UD1BWP40P140)                            0.04       0.13 r
  U73521/ZN (OAI22D1BWP40P140)                            0.03       0.17 f
  U73574/S (FA1D1BWP40P140)                               0.08       0.24 r
  U73568/S (FA1D1BWP40P140)                               0.06       0.30 r
  U73567/S (FA1D1BWP40P140)                               0.06       0.36 f
  U73566/S (FA1D1BWP40P140)                               0.07       0.44 r
  U73563/S (FA1D1BWP40P140)                               0.06       0.50 f
  U73561/CO (FA1D1BWP40P140)                              0.04       0.54 f
  U73603/S (FA1D1BWP40P140)                               0.07       0.61 r
  U73623/S (FA1D1BWP40P140)                               0.06       0.67 f
  U73592/ZN (ND2OPTIBD1BWP40P140)                         0.02       0.69 r
  U73744/ZN (OAI21D1BWP40P140)                            0.03       0.72 f
  U18487/ZN (AOI21OPTREPBD1BWP40P140)                     0.05       0.76 r
  U89831/ZN (OAI21D0P7BWP40P140)                          0.02       0.79 f
  U89832/ZN (AOI21D1BWP40P140)                            0.02       0.81 r
  U89834/Z (XOR2UD1BWP40P140)                             0.02       0.83 r
  U89835/ZN (OAI21D1BWP40P140)                            0.03       0.86 f
  U89839/ZN (MUX2NUD1BWP40P140)                           0.02       0.88 r
  acc_reg[3][28][18]/D (DFD1BWP40P140)                    0.00       0.88 r
  data arrival time                                                  0.88

  clock clk (rise edge)                                   1.00       1.00
  clock network delay (ideal)                             0.00       1.00
  clock uncertainty                                      -0.10       0.90
  acc_reg[3][28][18]/CP (DFD1BWP40P140)                   0.00       0.90 r
  library setup time                                     -0.02       0.88
  data required time                                                 0.88
  --------------------------------------------------------------------------
  data required time                                                 0.88
  data arrival time                                                 -0.88
  --------------------------------------------------------------------------
  slack (MET)                                                        0.00


  Startpoint: t_a_rdata[29]
              (input port clocked by clk)
  Endpoint: acc_reg[2][28][18]
            (rising edge-triggered flip-flop clocked by clk)
  Path Group: clk
  Path Type: max

  Des/Clust/Port     Wire Load Model       Library
  ------------------------------------------------
  mat_engine         ZeroWireload          tcbn28hpcplusbwp40p140tt0p9v25c

  Point                                                   Incr       Path
  --------------------------------------------------------------------------
  clock clk (rise edge)                                   0.00       0.00
  clock network delay (ideal)                             0.00       0.00
  input external delay                                    0.05       0.05 r
  t_a_rdata[29] (in)                                      0.00       0.05 r
  U20583/ZN (INVD1BWP40P140)                              0.01       0.06 f
  U20789/ZN (INVD1BWP40P140)                              0.03       0.09 r
  U73470/ZN (XNR2UD1BWP40P140)                            0.04       0.13 r
  U73521/ZN (OAI22D1BWP40P140)                            0.03       0.17 f
  U73574/S (FA1D1BWP40P140)                               0.08       0.24 r
  U73568/S (FA1D1BWP40P140)                               0.06       0.30 r
  U73567/S (FA1D1BWP40P140)                               0.06       0.36 f
  U73566/S (FA1D1BWP40P140)                               0.07       0.44 r
  U73563/S (FA1D1BWP40P140)                               0.06       0.50 f
  U73561/CO (FA1D1BWP40P140)                              0.04       0.54 f
  U73603/S (FA1D1BWP40P140)                               0.07       0.61 r
  U73623/S (FA1D1BWP40P140)                               0.06       0.67 f
  U73592/ZN (ND2OPTIBD1BWP40P140)                         0.02       0.69 r
  U73744/ZN (OAI21D1BWP40P140)                            0.03       0.72 f
  U18487/ZN (AOI21OPTREPBD1BWP40P140)                     0.05       0.76 r
  U89831/ZN (OAI21D0P7BWP40P140)                          0.02       0.79 f
  U89832/ZN (AOI21D1BWP40P140)                            0.02       0.81 r
  U89834/Z (XOR2UD1BWP40P140)                             0.02       0.83 r
  U89835/ZN (OAI21D1BWP40P140)                            0.03       0.86 f
  U89836/ZN (MUX2NUD1BWP40P140)                           0.02       0.88 r
  acc_reg[2][28][18]/D (DFD1BWP40P140)                    0.00       0.88 r
  data arrival time                                                  0.88

  clock clk (rise edge)                                   1.00       1.00
  clock network delay (ideal)                             0.00       1.00
  clock uncertainty                                      -0.10       0.90
  acc_reg[2][28][18]/CP (DFD1BWP40P140)                   0.00       0.90 r
  library setup time                                     -0.02       0.88
  data required time                                                 0.88
  --------------------------------------------------------------------------
  data required time                                                 0.88
  data arrival time                                                 -0.88
  --------------------------------------------------------------------------
  slack (MET)                                                        0.00


  Startpoint: t_a_rdata[29]
              (input port clocked by clk)
  Endpoint: acc_reg[1][28][18]
            (rising edge-triggered flip-flop clocked by clk)
  Path Group: clk
  Path Type: max

  Des/Clust/Port     Wire Load Model       Library
  ------------------------------------------------
  mat_engine         ZeroWireload          tcbn28hpcplusbwp40p140tt0p9v25c

  Point                                                   Incr       Path
  --------------------------------------------------------------------------
  clock clk (rise edge)                                   0.00       0.00
  clock network delay (ideal)                             0.00       0.00
  input external delay                                    0.05       0.05 r
  t_a_rdata[29] (in)                                      0.00       0.05 r
  U20583/ZN (INVD1BWP40P140)                              0.01       0.06 f
  U20789/ZN (INVD1BWP40P140)                              0.03       0.09 r
  U73470/ZN (XNR2UD1BWP40P140)                            0.04       0.13 r
  U73521/ZN (OAI22D1BWP40P140)                            0.03       0.17 f
  U73574/S (FA1D1BWP40P140)                               0.08       0.24 r
  U73568/S (FA1D1BWP40P140)                               0.06       0.30 r
  U73567/S (FA1D1BWP40P140)                               0.06       0.36 f
  U73566/S (FA1D1BWP40P140)                               0.07       0.44 r
  U73563/S (FA1D1BWP40P140)                               0.06       0.50 f
  U73561/CO (FA1D1BWP40P140)                              0.04       0.54 f
  U73603/S (FA1D1BWP40P140)                               0.07       0.61 r
  U73623/S (FA1D1BWP40P140)                               0.06       0.67 f
  U73592/ZN (ND2OPTIBD1BWP40P140)                         0.02       0.69 r
  U73744/ZN (OAI21D1BWP40P140)                            0.03       0.72 f
  U18487/ZN (AOI21OPTREPBD1BWP40P140)                     0.05       0.76 r
  U89831/ZN (OAI21D0P7BWP40P140)                          0.02       0.79 f
  U89832/ZN (AOI21D1BWP40P140)                            0.02       0.81 r
  U89834/Z (XOR2UD1BWP40P140)                             0.02       0.83 r
  U89835/ZN (OAI21D1BWP40P140)                            0.03       0.86 f
  U89837/ZN (MUX2NUD1BWP40P140)                           0.02       0.88 r
  acc_reg[1][28][18]/D (DFD1BWP40P140)                    0.00       0.88 r
  data arrival time                                                  0.88

  clock clk (rise edge)                                   1.00       1.00
  clock network delay (ideal)                             0.00       1.00
  clock uncertainty                                      -0.10       0.90
  acc_reg[1][28][18]/CP (DFD1BWP40P140)                   0.00       0.90 r
  library setup time                                     -0.02       0.88
  data required time                                                 0.88
  --------------------------------------------------------------------------
  data required time                                                 0.88
  data arrival time                                                 -0.88
  --------------------------------------------------------------------------
  slack (MET)                                                        0.00


  Startpoint: t_a_rdata[29]
              (input port clocked by clk)
  Endpoint: acc_reg[0][28][18]
            (rising edge-triggered flip-flop clocked by clk)
  Path Group: clk
  Path Type: max

  Des/Clust/Port     Wire Load Model       Library
  ------------------------------------------------
  mat_engine         ZeroWireload          tcbn28hpcplusbwp40p140tt0p9v25c

  Point                                                   Incr       Path
  --------------------------------------------------------------------------
  clock clk (rise edge)                                   0.00       0.00
  clock network delay (ideal)                             0.00       0.00
  input external delay                                    0.05       0.05 r
  t_a_rdata[29] (in)                                      0.00       0.05 r
  U20583/ZN (INVD1BWP40P140)                              0.01       0.06 f
  U20789/ZN (INVD1BWP40P140)                              0.03       0.09 r
  U73470/ZN (XNR2UD1BWP40P140)                            0.04       0.13 r
  U73521/ZN (OAI22D1BWP40P140)                            0.03       0.17 f
  U73574/S (FA1D1BWP40P140)                               0.08       0.24 r
  U73568/S (FA1D1BWP40P140)                               0.06       0.30 r
  U73567/S (FA1D1BWP40P140)                               0.06       0.36 f
  U73566/S (FA1D1BWP40P140)                               0.07       0.44 r
  U73563/S (FA1D1BWP40P140)                               0.06       0.50 f
  U73561/CO (FA1D1BWP40P140)                              0.04       0.54 f
  U73603/S (FA1D1BWP40P140)                               0.07       0.61 r
  U73623/S (FA1D1BWP40P140)                               0.06       0.67 f
  U73592/ZN (ND2OPTIBD1BWP40P140)                         0.02       0.69 r
  U73744/ZN (OAI21D1BWP40P140)                            0.03       0.72 f
  U18487/ZN (AOI21OPTREPBD1BWP40P140)                     0.05       0.76 r
  U89831/ZN (OAI21D0P7BWP40P140)                          0.02       0.79 f
  U89832/ZN (AOI21D1BWP40P140)                            0.02       0.81 r
  U89834/Z (XOR2UD1BWP40P140)                             0.02       0.83 r
  U89835/ZN (OAI21D1BWP40P140)                            0.03       0.86 f
  U89838/ZN (MUX2NUD1BWP40P140)                           0.02       0.88 r
  acc_reg[0][28][18]/D (DFD1BWP40P140)                    0.00       0.88 r
  data arrival time                                                  0.88

  clock clk (rise edge)                                   1.00       1.00
  clock network delay (ideal)                             0.00       1.00
  clock uncertainty                                      -0.10       0.90
  acc_reg[0][28][18]/CP (DFD1BWP40P140)                   0.00       0.90 r
  library setup time                                     -0.02       0.88
  data required time                                                 0.88
  --------------------------------------------------------------------------
  data required time                                                 0.88
  data arrival time                                                 -0.88
  --------------------------------------------------------------------------
  slack (MET)                                                        0.00


  Startpoint: t_a_rdata[13]
              (input port clocked by clk)
  Endpoint: acc_reg[0][10][31]
            (rising edge-triggered flip-flop clocked by clk)
  Path Group: clk
  Path Type: max

  Des/Clust/Port     Wire Load Model       Library
  ------------------------------------------------
  mat_engine         ZeroWireload          tcbn28hpcplusbwp40p140tt0p9v25c

  Point                                                   Incr       Path
  --------------------------------------------------------------------------
  clock clk (rise edge)                                   0.00       0.00
  clock network delay (ideal)                             0.00       0.00
  input external delay                                    0.05       0.05 f
  t_a_rdata[13] (in)                                      0.00       0.05 f
  U20195/Z (XOR2OPTND6BWP40P140)                          0.02       0.07 f
  U19562/ZN (INVD3BWP40P140)                              0.01       0.08 r
  U19634/ZN (ND2OPTIBD1BWP40P140)                         0.03       0.11 f
  U19570/ZN (OAI22D0BWP40P140)                            0.04       0.15 r
  U18689/CO (HA1D1BWP40P140)                              0.03       0.18 r
  U43749/S (FA1OPTCD1BWP40P140)                           0.06       0.24 r
  U43747/S (FA1OPTCD1BWP40P140)                           0.06       0.29 r
  U43746/S (FA1D1BWP40P140)                               0.06       0.35 f
  U43745/S (FA1D1BWP40P140)                               0.07       0.43 r
  U43742/S (FA1D1BWP40P140)                               0.06       0.49 f
  U43740/S (FA1D1BWP40P140)                               0.07       0.56 r
  U43739/S (FA1D1BWP40P140)                               0.06       0.62 f
  U43777/S (FA1OPTCD1BWP40P140)                           0.05       0.68 f
  U43723/ZN (NR2D1BWP40P140)                              0.02       0.69 r
  U43825/ZN (OAI21D1BWP40P140)                            0.02       0.72 f
  U43829/ZN (AOI21D1BWP40P140)                            0.02       0.74 r
  U43830/ZN (OAI21OPTREPBD2BWP40P140)                     0.04       0.78 f
  U19572/ZN (AOI21D1BWP40P140)                            0.03       0.81 r
  U89181/Z (XOR2UD1BWP40P140)                             0.02       0.83 r
  U89182/ZN (OAI21D1BWP40P140)                            0.03       0.85 f
  U89187/ZN (MUX2NUD1BWP40P140)                           0.02       0.88 r
  acc_reg[0][10][31]/D (DFQD1BWP40P140)                   0.00       0.88 r
  data arrival time                                                  0.88

  clock clk (rise edge)                                   1.00       1.00
  clock network delay (ideal)                             0.00       1.00
  clock uncertainty                                      -0.10       0.90
  acc_reg[0][10][31]/CP (DFQD1BWP40P140)                  0.00       0.90 r
  library setup time                                     -0.02       0.88
  data required time                                                 0.88
  --------------------------------------------------------------------------
  data required time                                                 0.88
  data arrival time                                                 -0.88
  --------------------------------------------------------------------------
  slack (MET)                                                        0.00


  Startpoint: t_a_rdata[29]
              (input port clocked by clk)
  Endpoint: acc_reg[3][28][18]
            (rising edge-triggered flip-flop clocked by clk)
  Path Group: clk
  Path Type: max

  Des/Clust/Port     Wire Load Model       Library
  ------------------------------------------------
  mat_engine         ZeroWireload          tcbn28hpcplusbwp40p140tt0p9v25c

  Point                                                   Incr       Path
  --------------------------------------------------------------------------
  clock clk (rise edge)                                   0.00       0.00
  clock network delay (ideal)                             0.00       0.00
  input external delay                                    0.05       0.05 r
  t_a_rdata[29] (in)                                      0.00       0.05 r
  U20583/ZN (INVD1BWP40P140)                              0.01       0.06 f
  U20789/ZN (INVD1BWP40P140)                              0.03       0.09 r
  U73470/ZN (XNR2UD1BWP40P140)                            0.04       0.13 r
  U73521/ZN (OAI22D1BWP40P140)                            0.03       0.17 f
  U73574/S (FA1D1BWP40P140)                               0.08       0.24 r
  U73568/S (FA1D1BWP40P140)                               0.06       0.30 r
  U73567/S (FA1D1BWP40P140)                               0.06       0.36 f
  U73566/S (FA1D1BWP40P140)                               0.07       0.44 r
  U73563/S (FA1D1BWP40P140)                               0.06       0.50 f
  U73561/CO (FA1D1BWP40P140)                              0.04       0.54 f
  U73603/S (FA1D1BWP40P140)                               0.07       0.61 r
  U73623/S (FA1D1BWP40P140)                               0.06       0.67 f
  U73592/ZN (ND2OPTIBD1BWP40P140)                         0.02       0.69 r
  U73744/ZN (OAI21D1BWP40P140)                            0.03       0.72 f
  U18487/ZN (AOI21OPTREPBD1BWP40P140)                     0.05       0.76 r
  U89831/ZN (OAI21D0P7BWP40P140)                          0.02       0.79 f
  U89832/ZN (AOI21D1BWP40P140)                            0.02       0.81 r
  U89834/Z (XOR2UD1BWP40P140)                             0.02       0.83 r
  U89835/ZN (OAI21D1BWP40P140)                            0.03       0.86 f
  U89839/ZN (MUX2NUD1BWP40P140)                           0.02       0.88 r
  acc_reg[3][28][18]/D (DFD1BWP40P140)                    0.00       0.88 r
  data arrival time                                                  0.88

  clock clk (rise edge)                                   1.00       1.00
  clock network delay (ideal)                             0.00       1.00
  clock uncertainty                                      -0.10       0.90
  acc_reg[3][28][18]/CP (DFD1BWP40P140)                   0.00       0.90 r
  library setup time                                     -0.02       0.88
  data required time                                                 0.88
  --------------------------------------------------------------------------
  data required time                                                 0.88
  data arrival time                                                 -0.88
  --------------------------------------------------------------------------
  slack (MET)                                                        0.00


  Startpoint: t_a_rdata[29]
              (input port clocked by clk)
  Endpoint: acc_reg[2][28][18]
            (rising edge-triggered flip-flop clocked by clk)
  Path Group: clk
  Path Type: max

  Des/Clust/Port     Wire Load Model       Library
  ------------------------------------------------
  mat_engine         ZeroWireload          tcbn28hpcplusbwp40p140tt0p9v25c

  Point                                                   Incr       Path
  --------------------------------------------------------------------------
  clock clk (rise edge)                                   0.00       0.00
  clock network delay (ideal)                             0.00       0.00
  input external delay                                    0.05       0.05 r
  t_a_rdata[29] (in)                                      0.00       0.05 r
  U20583/ZN (INVD1BWP40P140)                              0.01       0.06 f
  U20789/ZN (INVD1BWP40P140)                              0.03       0.09 r
  U73470/ZN (XNR2UD1BWP40P140)                            0.04       0.13 r
  U73521/ZN (OAI22D1BWP40P140)                            0.03       0.17 f
  U73574/S (FA1D1BWP40P140)                               0.08       0.24 r
  U73568/S (FA1D1BWP40P140)                               0.06       0.30 r
  U73567/S (FA1D1BWP40P140)                               0.06       0.36 f
  U73566/S (FA1D1BWP40P140)                               0.07       0.44 r
  U73563/S (FA1D1BWP40P140)                               0.06       0.50 f
  U73561/CO (FA1D1BWP40P140)                              0.04       0.54 f
  U73603/S (FA1D1BWP40P140)                               0.07       0.61 r
  U73623/S (FA1D1BWP40P140)                               0.06       0.67 f
  U73592/ZN (ND2OPTIBD1BWP40P140)                         0.02       0.69 r
  U73744/ZN (OAI21D1BWP40P140)                            0.03       0.72 f
  U18487/ZN (AOI21OPTREPBD1BWP40P140)                     0.05       0.76 r
  U89831/ZN (OAI21D0P7BWP40P140)                          0.02       0.79 f
  U89832/ZN (AOI21D1BWP40P140)                            0.02       0.81 r
  U89834/Z (XOR2UD1BWP40P140)                             0.02       0.83 r
  U89835/ZN (OAI21D1BWP40P140)                            0.03       0.86 f
  U89836/ZN (MUX2NUD1BWP40P140)                           0.02       0.88 r
  acc_reg[2][28][18]/D (DFD1BWP40P140)                    0.00       0.88 r
  data arrival time                                                  0.88

  clock clk (rise edge)                                   1.00       1.00
  clock network delay (ideal)                             0.00       1.00
  clock uncertainty                                      -0.10       0.90
  acc_reg[2][28][18]/CP (DFD1BWP40P140)                   0.00       0.90 r
  library setup time                                     -0.02       0.88
  data required time                                                 0.88
  --------------------------------------------------------------------------
  data required time                                                 0.88
  data arrival time                                                 -0.88
  --------------------------------------------------------------------------
  slack (MET)                                                        0.00


  Startpoint: t_a_rdata[29]
              (input port clocked by clk)
  Endpoint: acc_reg[1][28][18]
            (rising edge-triggered flip-flop clocked by clk)
  Path Group: clk
  Path Type: max

  Des/Clust/Port     Wire Load Model       Library
  ------------------------------------------------
  mat_engine         ZeroWireload          tcbn28hpcplusbwp40p140tt0p9v25c

  Point                                                   Incr       Path
  --------------------------------------------------------------------------
  clock clk (rise edge)                                   0.00       0.00
  clock network delay (ideal)                             0.00       0.00
  input external delay                                    0.05       0.05 r
  t_a_rdata[29] (in)                                      0.00       0.05 r
  U20583/ZN (INVD1BWP40P140)                              0.01       0.06 f
  U20789/ZN (INVD1BWP40P140)                              0.03       0.09 r
  U73470/ZN (XNR2UD1BWP40P140)                            0.04       0.13 r
  U73521/ZN (OAI22D1BWP40P140)                            0.03       0.17 f
  U73574/S (FA1D1BWP40P140)                               0.08       0.24 r
  U73568/S (FA1D1BWP40P140)                               0.06       0.30 r
  U73567/S (FA1D1BWP40P140)                               0.06       0.36 f
  U73566/S (FA1D1BWP40P140)                               0.07       0.44 r
  U73563/S (FA1D1BWP40P140)                               0.06       0.50 f
  U73561/CO (FA1D1BWP40P140)                              0.04       0.54 f
  U73603/S (FA1D1BWP40P140)                               0.07       0.61 r
  U73623/S (FA1D1BWP40P140)                               0.06       0.67 f
  U73592/ZN (ND2OPTIBD1BWP40P140)                         0.02       0.69 r
  U73744/ZN (OAI21D1BWP40P140)                            0.03       0.72 f
  U18487/ZN (AOI21OPTREPBD1BWP40P140)                     0.05       0.76 r
  U89831/ZN (OAI21D0P7BWP40P140)                          0.02       0.79 f
  U89832/ZN (AOI21D1BWP40P140)                            0.02       0.81 r
  U89834/Z (XOR2UD1BWP40P140)                             0.02       0.83 r
  U89835/ZN (OAI21D1BWP40P140)                            0.03       0.86 f
  U89837/ZN (MUX2NUD1BWP40P140)                           0.02       0.88 r
  acc_reg[1][28][18]/D (DFD1BWP40P140)                    0.00       0.88 r
  data arrival time                                                  0.88

  clock clk (rise edge)                                   1.00       1.00
  clock network delay (ideal)                             0.00       1.00
  clock uncertainty                                      -0.10       0.90
  acc_reg[1][28][18]/CP (DFD1BWP40P140)                   0.00       0.90 r
  library setup time                                     -0.02       0.88
  data required time                                                 0.88
  --------------------------------------------------------------------------
  data required time                                                 0.88
  data arrival time                                                 -0.88
  --------------------------------------------------------------------------
  slack (MET)                                                        0.00


  Startpoint: t_a_rdata[29]
              (input port clocked by clk)
  Endpoint: acc_reg[0][28][18]
            (rising edge-triggered flip-flop clocked by clk)
  Path Group: clk
  Path Type: max

  Des/Clust/Port     Wire Load Model       Library
  ------------------------------------------------
  mat_engine         ZeroWireload          tcbn28hpcplusbwp40p140tt0p9v25c

  Point                                                   Incr       Path
  --------------------------------------------------------------------------
  clock clk (rise edge)                                   0.00       0.00
  clock network delay (ideal)                             0.00       0.00
  input external delay                                    0.05       0.05 r
  t_a_rdata[29] (in)                                      0.00       0.05 r
  U20583/ZN (INVD1BWP40P140)                              0.01       0.06 f
  U20789/ZN (INVD1BWP40P140)                              0.03       0.09 r
  U73470/ZN (XNR2UD1BWP40P140)                            0.04       0.13 r
  U73521/ZN (OAI22D1BWP40P140)                            0.03       0.17 f
  U73574/S (FA1D1BWP40P140)                               0.08       0.24 r
  U73568/S (FA1D1BWP40P140)                               0.06       0.30 r
  U73567/S (FA1D1BWP40P140)                               0.06       0.36 f
  U73566/S (FA1D1BWP40P140)                               0.07       0.44 r
  U73563/S (FA1D1BWP40P140)                               0.06       0.50 f
  U73561/CO (FA1D1BWP40P140)                              0.04       0.54 f
  U73603/S (FA1D1BWP40P140)                               0.07       0.61 r
  U73623/S (FA1D1BWP40P140)                               0.06       0.67 f
  U73592/ZN (ND2OPTIBD1BWP40P140)                         0.02       0.69 r
  U73744/ZN (OAI21D1BWP40P140)                            0.03       0.72 f
  U18487/ZN (AOI21OPTREPBD1BWP40P140)                     0.05       0.76 r
  U89831/ZN (OAI21D0P7BWP40P140)                          0.02       0.79 f
  U89832/ZN (AOI21D1BWP40P140)                            0.02       0.81 r
  U89834/Z (XOR2UD1BWP40P140)                             0.02       0.83 r
  U89835/ZN (OAI21D1BWP40P140)                            0.03       0.86 f
  U89838/ZN (MUX2NUD1BWP40P140)                           0.02       0.88 r
  acc_reg[0][28][18]/D (DFD1BWP40P140)                    0.00       0.88 r
  data arrival time                                                  0.88

  clock clk (rise edge)                                   1.00       1.00
  clock network delay (ideal)                             0.00       1.00
  clock uncertainty                                      -0.10       0.90
  acc_reg[0][28][18]/CP (DFD1BWP40P140)                   0.00       0.90 r
  library setup time                                     -0.02       0.88
  data required time                                                 0.88
  --------------------------------------------------------------------------
  data required time                                                 0.88
  data arrival time                                                 -0.88
  --------------------------------------------------------------------------
  slack (MET)                                                        0.00


  Startpoint: t_a_rdata[13]
              (input port clocked by clk)
  Endpoint: acc_reg[0][10][31]
            (rising edge-triggered flip-flop clocked by clk)
  Path Group: clk
  Path Type: max

  Des/Clust/Port     Wire Load Model       Library
  ------------------------------------------------
  mat_engine         ZeroWireload          tcbn28hpcplusbwp40p140tt0p9v25c

  Point                                                   Incr       Path
  --------------------------------------------------------------------------
  clock clk (rise edge)                                   0.00       0.00
  clock network delay (ideal)                             0.00       0.00
  input external delay                                    0.05       0.05 f
  t_a_rdata[13] (in)                                      0.00       0.05 f
  U20195/Z (XOR2OPTND6BWP40P140)                          0.02       0.07 f
  U19562/ZN (INVD3BWP40P140)                              0.01       0.08 r
  U19634/ZN (ND2OPTIBD1BWP40P140)                         0.03       0.11 f
  U19570/ZN (OAI22D0BWP40P140)                            0.04       0.15 r
  U18689/CO (HA1D1BWP40P140)                              0.03       0.18 r
  U43749/S (FA1OPTCD1BWP40P140)                           0.06       0.24 r
  U43747/S (FA1OPTCD1BWP40P140)                           0.06       0.29 r
  U43746/S (FA1D1BWP40P140)                               0.06       0.35 f
  U43745/S (FA1D1BWP40P140)                               0.07       0.43 r
  U43742/S (FA1D1BWP40P140)                               0.06       0.49 f
  U43740/S (FA1D1BWP40P140)                               0.07       0.56 r
  U43739/S (FA1D1BWP40P140)                               0.06       0.62 f
  U43777/S (FA1OPTCD1BWP40P140)                           0.05       0.68 f
  U43723/ZN (NR2D1BWP40P140)                              0.02       0.69 r
  U43825/ZN (OAI21D1BWP40P140)                            0.02       0.72 f
  U43829/ZN (AOI21D1BWP40P140)                            0.02       0.74 r
  U43830/ZN (OAI21OPTREPBD2BWP40P140)                     0.04       0.78 f
  U19572/ZN (AOI21D1BWP40P140)                            0.03       0.81 r
  U89181/Z (XOR2UD1BWP40P140)                             0.02       0.83 r
  U89182/ZN (OAI21D1BWP40P140)                            0.03       0.85 f
  U89187/ZN (MUX2NUD1BWP40P140)                           0.02       0.88 r
  acc_reg[0][10][31]/D (DFQD1BWP40P140)                   0.00       0.88 r
  data arrival time                                                  0.88

  clock clk (rise edge)                                   1.00       1.00
  clock network delay (ideal)                             0.00       1.00
  clock uncertainty                                      -0.10       0.90
  acc_reg[0][10][31]/CP (DFQD1BWP40P140)                  0.00       0.90 r
  library setup time                                     -0.02       0.88
  data required time                                                 0.88
  --------------------------------------------------------------------------
  data required time                                                 0.88
  data arrival time                                                 -0.88
  --------------------------------------------------------------------------
  slack (MET)                                                        0.00


  Startpoint: t_a_rdata[29]
              (input port clocked by clk)
  Endpoint: acc_reg[2][28][20]
            (rising edge-triggered flip-flop clocked by clk)
  Path Group: clk
  Path Type: max

  Des/Clust/Port     Wire Load Model       Library
  ------------------------------------------------
  mat_engine         ZeroWireload          tcbn28hpcplusbwp40p140tt0p9v25c

  Point                                                   Incr       Path
  --------------------------------------------------------------------------
  clock clk (rise edge)                                   0.00       0.00
  clock network delay (ideal)                             0.00       0.00
  input external delay                                    0.05       0.05 r
  t_a_rdata[29] (in)                                      0.00       0.05 r
  U20583/ZN (INVD1BWP40P140)                              0.01       0.06 f
  U20789/ZN (INVD1BWP40P140)                              0.03       0.09 r
  U73470/ZN (XNR2UD1BWP40P140)                            0.04       0.13 r
  U73521/ZN (OAI22D1BWP40P140)                            0.03       0.17 f
  U73574/S (FA1D1BWP40P140)                               0.08       0.24 r
  U73568/S (FA1D1BWP40P140)                               0.06       0.30 r
  U73567/S (FA1D1BWP40P140)                               0.06       0.36 f
  U73566/S (FA1D1BWP40P140)                               0.07       0.44 r
  U73563/S (FA1D1BWP40P140)                               0.06       0.50 f
  U73561/CO (FA1D1BWP40P140)                              0.04       0.54 f
  U73603/S (FA1D1BWP40P140)                               0.07       0.61 r
  U73623/S (FA1D1BWP40P140)                               0.06       0.67 f
  U73592/ZN (ND2OPTIBD1BWP40P140)                         0.02       0.69 r
  U73744/ZN (OAI21D1BWP40P140)                            0.03       0.72 f
  U18487/ZN (AOI21OPTREPBD1BWP40P140)                     0.05       0.76 r
  U89804/ZN (OAI21D0P7BWP40P140)                          0.02       0.79 f
  U89805/ZN (AOI21D1BWP40P140)                            0.02       0.81 r
  U89807/Z (XOR2UD1BWP40P140)                             0.02       0.83 r
  U89808/ZN (OAI21D1BWP40P140)                            0.03       0.86 f
  U89809/ZN (MUX2NUD1BWP40P140)                           0.02       0.88 r
  acc_reg[2][28][20]/D (DFD1BWP40P140)                    0.00       0.88 r
  data arrival time                                                  0.88

  clock clk (rise edge)                                   1.00       1.00
  clock network delay (ideal)                             0.00       1.00
  clock uncertainty                                      -0.10       0.90
  acc_reg[2][28][20]/CP (DFD1BWP40P140)                   0.00       0.90 r
  library setup time                                     -0.02       0.88
  data required time                                                 0.88
  --------------------------------------------------------------------------
  data required time                                                 0.88
  data arrival time                                                 -0.88
  --------------------------------------------------------------------------
  slack (MET)                                                        0.00


  Startpoint: t_a_rdata[29]
              (input port clocked by clk)
  Endpoint: acc_reg[1][28][20]
            (rising edge-triggered flip-flop clocked by clk)
  Path Group: clk
  Path Type: max

  Des/Clust/Port     Wire Load Model       Library
  ------------------------------------------------
  mat_engine         ZeroWireload          tcbn28hpcplusbwp40p140tt0p9v25c

  Point                                                   Incr       Path
  --------------------------------------------------------------------------
  clock clk (rise edge)                                   0.00       0.00
  clock network delay (ideal)                             0.00       0.00
  input external delay                                    0.05       0.05 r
  t_a_rdata[29] (in)                                      0.00       0.05 r
  U20583/ZN (INVD1BWP40P140)                              0.01       0.06 f
  U20789/ZN (INVD1BWP40P140)                              0.03       0.09 r
  U73470/ZN (XNR2UD1BWP40P140)                            0.04       0.13 r
  U73521/ZN (OAI22D1BWP40P140)                            0.03       0.17 f
  U73574/S (FA1D1BWP40P140)                               0.08       0.24 r
  U73568/S (FA1D1BWP40P140)                               0.06       0.30 r
  U73567/S (FA1D1BWP40P140)                               0.06       0.36 f
  U73566/S (FA1D1BWP40P140)                               0.07       0.44 r
  U73563/S (FA1D1BWP40P140)                               0.06       0.50 f
  U73561/CO (FA1D1BWP40P140)                              0.04       0.54 f
  U73603/S (FA1D1BWP40P140)                               0.07       0.61 r
  U73623/S (FA1D1BWP40P140)                               0.06       0.67 f
  U73592/ZN (ND2OPTIBD1BWP40P140)                         0.02       0.69 r
  U73744/ZN (OAI21D1BWP40P140)                            0.03       0.72 f
  U18487/ZN (AOI21OPTREPBD1BWP40P140)                     0.05       0.76 r
  U89804/ZN (OAI21D0P7BWP40P140)                          0.02       0.79 f
  U89805/ZN (AOI21D1BWP40P140)                            0.02       0.81 r
  U89807/Z (XOR2UD1BWP40P140)                             0.02       0.83 r
  U89808/ZN (OAI21D1BWP40P140)                            0.03       0.86 f
  U89810/ZN (MUX2NUD1BWP40P140)                           0.02       0.88 r
  acc_reg[1][28][20]/D (DFD1BWP40P140)                    0.00       0.88 r
  data arrival time                                                  0.88

  clock clk (rise edge)                                   1.00       1.00
  clock network delay (ideal)                             0.00       1.00
  clock uncertainty                                      -0.10       0.90
  acc_reg[1][28][20]/CP (DFD1BWP40P140)                   0.00       0.90 r
  library setup time                                     -0.02       0.88
  data required time                                                 0.88
  --------------------------------------------------------------------------
  data required time                                                 0.88
  data arrival time                                                 -0.88
  --------------------------------------------------------------------------
  slack (MET)                                                        0.00


  Startpoint: t_a_rdata[29]
              (input port clocked by clk)
  Endpoint: acc_reg[0][28][20]
            (rising edge-triggered flip-flop clocked by clk)
  Path Group: clk
  Path Type: max

  Des/Clust/Port     Wire Load Model       Library
  ------------------------------------------------
  mat_engine         ZeroWireload          tcbn28hpcplusbwp40p140tt0p9v25c

  Point                                                   Incr       Path
  --------------------------------------------------------------------------
  clock clk (rise edge)                                   0.00       0.00
  clock network delay (ideal)                             0.00       0.00
  input external delay                                    0.05       0.05 r
  t_a_rdata[29] (in)                                      0.00       0.05 r
  U20583/ZN (INVD1BWP40P140)                              0.01       0.06 f
  U20789/ZN (INVD1BWP40P140)                              0.03       0.09 r
  U73470/ZN (XNR2UD1BWP40P140)                            0.04       0.13 r
  U73521/ZN (OAI22D1BWP40P140)                            0.03       0.17 f
  U73574/S (FA1D1BWP40P140)                               0.08       0.24 r
  U73568/S (FA1D1BWP40P140)                               0.06       0.30 r
  U73567/S (FA1D1BWP40P140)                               0.06       0.36 f
  U73566/S (FA1D1BWP40P140)                               0.07       0.44 r
  U73563/S (FA1D1BWP40P140)                               0.06       0.50 f
  U73561/CO (FA1D1BWP40P140)                              0.04       0.54 f
  U73603/S (FA1D1BWP40P140)                               0.07       0.61 r
  U73623/S (FA1D1BWP40P140)                               0.06       0.67 f
  U73592/ZN (ND2OPTIBD1BWP40P140)                         0.02       0.69 r
  U73744/ZN (OAI21D1BWP40P140)                            0.03       0.72 f
  U18487/ZN (AOI21OPTREPBD1BWP40P140)                     0.05       0.76 r
  U89804/ZN (OAI21D0P7BWP40P140)                          0.02       0.79 f
  U89805/ZN (AOI21D1BWP40P140)                            0.02       0.81 r
  U89807/Z (XOR2UD1BWP40P140)                             0.02       0.83 r
  U89808/ZN (OAI21D1BWP40P140)                            0.03       0.86 f
  U89811/ZN (MUX2NUD1BWP40P140)                           0.02       0.88 r
  acc_reg[0][28][20]/D (DFD1BWP40P140)                    0.00       0.88 r
  data arrival time                                                  0.88

  clock clk (rise edge)                                   1.00       1.00
  clock network delay (ideal)                             0.00       1.00
  clock uncertainty                                      -0.10       0.90
  acc_reg[0][28][20]/CP (DFD1BWP40P140)                   0.00       0.90 r
  library setup time                                     -0.02       0.88
  data required time                                                 0.88
  --------------------------------------------------------------------------
  data required time                                                 0.88
  data arrival time                                                 -0.88
  --------------------------------------------------------------------------
  slack (MET)                                                        0.00


1
