##-------------------------------------------------------
## This shell log has been generated by sg_shell:
##    On: Fri Jun 12 10:03:24 CST 2026
##    By: edauser
##
## Note: This log file may contain some non-printable
##       characters because it logs user inputs from
##       stdin as well
##-------------------------------------------------------


                        SpyGlass Predictive Analyzer (R)
                              Synopsys TestMAX(TM)
                            SpyGlass Fault Analysis

               Version X-2025.06-SP1 for linux64 - Sep 02, 2025 

                    Copyright (c) 2001 - 2025 Synopsys, Inc.
   This software and the associated documentation are proprietary to Synopsys,
 Inc. This software may only be used in accordance with the terms and conditions
 of a written license agreement with Synopsys, Inc. All other use, reproduction,
   or distribution of this software is strictly prohibited.  Licensed Products
     communicate with Synopsys servers for the purpose of providing software
    updates, detecting software piracy and verifying that customers are using
    Licensed Products in conformity with the applicable License Key for such
  Licensed Products. Synopsys will use information gathered in connection with
    this process to deliver software updates and pursue software pirates and
                                   infringers.

 Inclusivity & Diversity - Visit SolvNetPlus to read the "Synopsys Statement on
            Inclusivity and Diversity" (Refer to article 000036315 at
                        https://solvnetplus.synopsys.com)



To access quickstart manual, please use `man quickstart'

INFO: executing tcl startup file `/dev/fd/63' ...
current_methodology: info: methodology is now `/soft/synopsys/spyglass/X-2025.06-SP1/SPYGLASS_HOME/GuideWare/latest/block/rtl_handoff'
set_option incdir { ../../../IP/cpu_m1/rtl }
read_file -type hdl ../../../IP/cpu_m1/rtl/def.vh
read_file -type hdl ../../../IP/cpu_m1/rtl/rfu.v
read_file -type hdl ../../../IP/cpu_m1/rtl/alu.v
read_file -type hdl ../../../IP/cpu_m1/rtl/bmu.v
read_file -type hdl ../../../IP/cpu_m1/rtl/dtcm.v
read_file -type hdl ../../../IP/cpu_m1/rtl/idu.v
read_file -type hdl ../../../IP/cpu_m1/rtl/ifu.v
read_file -type hdl ../../../IP/cpu_m1/rtl/lsu.v
read_file -type hdl ../../../IP/cpu_m1/rtl/csr.v
read_file -type hdl ../../../IP/cpu_m1/rtl/mul.v
read_file -type hdl ../../../IP/cpu_m1/rtl/div.v
read_file -type hdl ../../../IP/cpu_m1/rtl/forward.v
read_file -type hdl ../../../IP/cpu_m1/rtl/hazard.v
read_file -type hdl ../../../IP/cpu_m1/rtl/bp.v
read_file -type hdl ../../../IP/cpu_m1/rtl/ras.v
read_file -type hdl ../../../IP/cpu_m1/rtl/cdec.v
read_file -type hdl ../../../IP/cpu_m1/rtl/core.v
read_file -type hdl ../../../IP/cpu_m1/rtl/cpu_m1_top.v
current_methodology: info: methodology is now `/soft/synopsys/spyglass/X-2025.06-SP1/SPYGLASS_HOME/GuideWare/latest/block/rtl_handoff'
run_goal: info: running goal cdc/cdc_verify_struct (-top cpu_m1_top)
current_goal: info: loading goal `cdc/cdc_verify_struct' with top `cpu_m1_top' (in progress)
current_goal: info: finished loading goal `cdc/cdc_verify_struct' (ok)

INFO:    SpyGlass will run goal(s) 'cdc/cdc_verify_struct'.


RULE-CHECKING IN MIXED MODE
Loading spyglass (SpyGlass_vX-2025.06-SP1) ... (picked from /soft/synopsys/spyglass/X-2025.06-SP1/SPYGLASS_HOME/policies/spyglass)
Loading clock-reset (SpyGlass_vX-2025.06-SP1) ... (picked from /soft/synopsys/spyglass/X-2025.06-SP1/SPYGLASS_HOME/policies/clock)
Loading timing (SpyGlass_vX-2025.06-SP1) ... (picked from /soft/synopsys/spyglass/X-2025.06-SP1/SPYGLASS_HOME/policies/timing)
Loading starcad-21 (SpyGlass_vX-2025.06-SP1) ... (picked from /soft/synopsys/spyglass/X-2025.06-SP1/SPYGLASS_HOME/policies/starcad-21)
Loading starc2005 (SpyGlass_vX-2025.06-SP1) ... (picked from /soft/synopsys/spyglass/X-2025.06-SP1/SPYGLASS_HOME/policies/starc2005)
Loading starc2002 (SpyGlass_vX-2025.06-SP1) ... (picked from /soft/synopsys/spyglass/X-2025.06-SP1/SPYGLASS_HOME/policies/starc2002)
Loading starc (SpyGlass_vX-2025.06-SP1) ... (picked from /soft/synopsys/spyglass/X-2025.06-SP1/SPYGLASS_HOME/policies/starc)
Loading simulation (SpyGlass_vX-2025.06-SP1) ... (picked from /soft/synopsys/spyglass/X-2025.06-SP1/SPYGLASS_HOME/policies/simulation)
Loading power_est (SpyGlass_vX-2025.06-SP1) ... (picked from /soft/synopsys/spyglass/X-2025.06-SP1/SPYGLASS_HOME/policies/power_est)
Loading openmore (SpyGlass_vX-2025.06-SP1) ... (picked from /soft/synopsys/spyglass/X-2025.06-SP1/SPYGLASS_HOME/policies/openmore)
Loading morelint (SpyGlass_vX-2025.06-SP1) ... (picked from /soft/synopsys/spyglass/X-2025.06-SP1/SPYGLASS_HOME/policies/morelint)
Loading miscellaneous (SpyGlass_vX-2025.06-SP1) ... (picked from /soft/synopsys/spyglass/X-2025.06-SP1/SPYGLASS_HOME/policies/miscellaneous)
Loading lowpower (5.6.1) ... (picked from /soft/synopsys/spyglass/X-2025.06-SP1/SPYGLASS_HOME/policies/lowpower)
Loading lint (SpyGlass_vX-2025.06-SP1) ... (picked from /soft/synopsys/spyglass/X-2025.06-SP1/SPYGLASS_HOME/policies/lint)
Loading latch (SpyGlass_vX-2025.06-SP1) ... (picked from /soft/synopsys/spyglass/X-2025.06-SP1/SPYGLASS_HOME/policies/latch)
Loading erc (SpyGlass_vX-2025.06-SP1) ... (picked from /soft/synopsys/spyglass/X-2025.06-SP1/SPYGLASS_HOME/policies/erc)
Loading dft_dsm (SpyGlass_vX-2025.06-SP1) ... (picked from /soft/synopsys/spyglass/X-2025.06-SP1/SPYGLASS_HOME/policies/dft_dsm)
Loading dft (SpyGlass_vX-2025.06-SP1) ... (picked from /soft/synopsys/spyglass/X-2025.06-SP1/SPYGLASS_HOME/policies/dft)
Loading area (SpyGlass_vX-2025.06-SP1) ... (picked from /soft/synopsys/spyglass/X-2025.06-SP1/SPYGLASS_HOME/policies/area)
Loading Audits (SpyGlass_vX-2025.06-SP1) ... (picked from /soft/synopsys/spyglass/X-2025.06-SP1/SPYGLASS_HOME/policies/Audits)
 Reading sgdc file "cdc_rdc_xprop.sgdc" ...
Performing unification checks on SGDC... done

INFO [6]    Work Directory './cpu_m1_phase_p_cdc_rdc_xprop/cpu_m1_top/WORK' does not exist.

INFO [75]    Creating the Work Directory './cpu_m1_phase_p_cdc_rdc_xprop/cpu_m1_top/WORK/64' for 64bit  precompiled dump.
Checking Rule SGDC_power_est29 (Rule 1 of total 533) .... done (Time = 0.01s, Memory = 0.0K)
Checking Rule PECHECK04 (Rule 2 of total 533) .... done (Time = 0.00s, Memory = 0.0K)
Checking Rule PECHECK18 (Rule 3 of total 533) .... done (Time = 0.00s, Memory = 0.0K)
Checking Rule PEMVDD01 (Rule 4 of total 533) .... done (Time = 0.00s, Memory = 0.0K)
Checking Rule Param_clockreset07 (Rule 5 of total 533) .... done (Time = 0.00s, Memory = 0.0K)
Checking Rule Clock_setup01 (Rule 6 of total 533) .... done (Time = 0.01s, Memory = 128.0K)
Checking Rule Param_clockreset06 (Rule 7 of total 533) .... done (Time = 0.00s, Memory = 0.0K)
Checking Rule Param_clockreset08 (Rule 8 of total 533) .... done (Time = 0.00s, Memory = 0.0K)
Checking Rule SGDC_meta_monitor_attributes01 (Rule 9 of total 533) .... done (Time = 0.00s, Memory = 0.0K)
Checking Rule LP_POWERDATA_CHECK (Rule 10 of total 533) .... done (Time = 0.00s, Memory = 0.0K)
Checking Rule LP_POWERDATA_READ (Rule 11 of total 533) .... done (Time = 0.00s, Memory = 0.0K)
Checking Rule Ar_auxi01 (Rule 12 of total 533) .... done (Time = 0.00s, Memory = 0.0K)
Checking Rule PrecompileLibCheck01 (Rule 13 of total 533) .... done (Time = 0.00s, Memory = 0.0K)
Checking Rule PrecompileLibCheck02 (Rule 14 of total 533) .... done (Time = 0.00s, Memory = 0.0K)
Checking Rule PrecompileLibCheck03 (Rule 15 of total 533) .... done (Time = 0.00s, Memory = 0.0K)
Checking Rule PrecompileLibCheck04 (Rule 16 of total 533) .... done (Time = 0.00s, Memory = 0.0K)
Checking Rule AbstractInterface (Rule 17 of total 533) .... done (Time = 0.00s, Memory = 0.0K)
Checking Rule SGDC_assume_path01 (Rule 18 of total 533) .... done (Time = 0.00s, Memory = 0.0K)
Checking Rule SGDC_sdcschema02 (Rule 19 of total 533) .... done (Time = 0.00s, Memory = 0.0K)
Checking Rule SGDC_clock05 (Rule 20 of total 533) .... done (Time = 0.00s, Memory = 0.0K)
Checking Rule SGDC_clock09 (Rule 21 of total 533) .... done (Time = 0.00s, Memory = 0.0K)
Checking Rule SGDC_force_ta05 (Rule 22 of total 533) .... done (Time = 0.00s, Memory = 0.0K)
Checking Rule SGDC_require_path03 (Rule 23 of total 533) .... done (Time = 0.00s, Memory = 0.0K)
Checking Rule SGDC_require_value03 (Rule 24 of total 533) .... done (Time = 0.00s, Memory = 128.0K)
Checking Rule SGDC_voltagedomain05 (Rule 25 of total 533) .... done (Time = 0.00s, Memory = 0.0K)
Checking Rule SGDC_voltagedomain06 (Rule 26 of total 533) .... done (Time = 0.00s, Memory = 0.0K)
Checking Rule SGDC_voltagedomain07 (Rule 27 of total 533) .... done (Time = 0.00s, Memory = 0.0K)
Checking Rule SGDC_powerdomainoutputs02 (Rule 28 of total 533) .... done (Time = 0.00s, Memory = 0.0K)
Checking Rule SGDC_supply01 (Rule 29 of total 533) .... done (Time = 0.00s, Memory = 0.0K)
Checking Rule SGDC_waive01 (Rule 30 of total 533) .... done (Time = 0.00s, Memory = 0.0K)
Checking Rule SGDC_waive02 (Rule 31 of total 533) .... done (Time = 0.00s, Memory = 0.0K)
Checking Rule SGDC_waive03 (Rule 32 of total 533) .... done (Time = 0.00s, Memory = 0.0K)
Checking Rule SGDC_waive04 (Rule 33 of total 533) .... done (Time = 0.00s, Memory = 0.0K)
Checking Rule SGDC_waive05 (Rule 34 of total 533) .... done (Time = 0.00s, Memory = 0.0K)
Checking Rule SGDC_waive06 (Rule 35 of total 533) .... done (Time = 0.00s, Memory = 0.0K)
Checking Rule SGDC_waive07 (Rule 36 of total 533) .... done (Time = 0.00s, Memory = 0.0K)
Checking Rule SGDC_waive08 (Rule 37 of total 533) .... done (Time = 0.00s, Memory = 0.0K)
Checking Rule SGDC_waive09 (Rule 38 of total 533) .... done (Time = 0.00s, Memory = 0.0K)
Checking Rule SGDC_waive10 (Rule 39 of total 533) .... done (Time = 0.00s, Memory = 0.0K)
Checking Rule SGDC_waive11 (Rule 40 of total 533) .... done (Time = 0.00s, Memory = 0.0K)
Checking Rule SGDC_waive12 (Rule 41 of total 533) .... done (Time = 0.00s, Memory = 0.0K)
Checking Rule SGDC_waive13 (Rule 42 of total 533) .... done (Time = 0.00s, Memory = 0.0K)
Checking Rule SGDC_waive21 (Rule 43 of total 533) .... done (Time = 0.00s, Memory = 0.0K)
Checking Rule SGDC_waive22 (Rule 44 of total 533) .... done (Time = 0.00s, Memory = 0.0K)
Checking Rule SGDC_waive30 (Rule 45 of total 533) .... done (Time = 0.00s, Memory = 0.0K)
Checking Rule SGDC_waive32 (Rule 46 of total 533) .... done (Time = 0.00s, Memory = 0.0K)
Checking Rule SGDC_waive33 (Rule 47 of total 533) .... done (Time = 0.00s, Memory = 0.0K)
Checking Rule SGDC_waive36 (Rule 48 of total 533) .... done (Time = 0.00s, Memory = 0.0K)
Checking Rule SGDC_waive38 (Rule 49 of total 533) .... done (Time = 0.00s, Memory = 0.0K)
Checking Rule SGDC_fifo01 (Rule 50 of total 533) .... done (Time = 0.00s, Memory = 0.0K)
Checking Rule SGDC_libgroup01 (Rule 51 of total 533) .... done (Time = 0.00s, Memory = 0.0K)
Checking Rule SGDC_libgroup02 (Rule 52 of total 533) .... done (Time = 0.00s, Memory = 0.0K)
Checking Rule SGDC_libgroup04 (Rule 53 of total 533) .... done (Time = 0.00s, Memory = 0.0K)
Checking Rule SGDC_power_data01 (Rule 54 of total 533) .... done (Time = 0.00s, Memory = 0.0K)
Checking Rule SGDC_ungroup01 (Rule 55 of total 533) .... done (Time = 0.00s, Memory = 0.0K)
Checking Rule SGDC_abstract_port06 (Rule 56 of total 533) .... done (Time = 0.00s, Memory = 0.0K)
Checking Rule SGDC_abstract_port14 (Rule 57 of total 533) .... done (Time = 0.00s, Memory = 0.0K)
Checking Rule SGDC_abstract_port15 (Rule 58 of total 533) .... done (Time = 0.00s, Memory = 0.0K)
Checking Rule SGDC_abstract_port18 (Rule 59 of total 533) .... done (Time = 0.00s, Memory = 0.0K)
Checking Rule sdc_init_rule (Rule 60 of total 533) .... done (Time = 0.00s, Memory = 0.0K)
Checking Rule CMD_ignorelibs01 (Rule 61 of total 533) .... done (Time = 0.00s, Memory = 0.0K)
Checking Rule ReportRuleNotRun (Rule 62 of total 533) .... done (Time = 0.01s, Memory = 0.0K)
Checking Rule SGDC_generated_clock03 (Rule 63 of total 533) .... done (Time = 0.00s, Memory = 0.0K)
Checking Rule SGDC_generated_clock04 (Rule 64 of total 533) .... done (Time = 0.00s, Memory = 0.0K)
Checking Rule SGDC_generated_clock05 (Rule 65 of total 533) .... done (Time = 0.00s, Memory = 0.0K)
Checking Rule SGDC_quasi_static_style02 (Rule 66 of total 533) .... done (Time = 0.00s, Memory = 0.0K)
Checking Rule SGDC_syncresetstyle01 (Rule 67 of total 533) .... done (Time = 0.00s, Memory = 0.0K)
Checking Rule SGDC_network_allowed_cells01 (Rule 68 of total 533) .... done (Time = 0.00s, Memory = 0.0K)
Checking Rule SGDC_numflops01 (Rule 69 of total 533) .... done (Time = 0.00s, Memory = 0.0K)
Checking Rule SGDC_numflops07 (Rule 70 of total 533) .... done (Time = 0.00s, Memory = 0.0K)
Checking Rule SGDC_numflops08 (Rule 71 of total 533) .... done (Time = 0.00s, Memory = 0.0K)
Checking Rule SGDC_numflops09 (Rule 72 of total 533) .... done (Time = 0.00s, Memory = 0.0K)
Checking Rule SGDC_clocksense04 (Rule 73 of total 533) .... done (Time = 0.00s, Memory = 0.0K)
Checking Rule SGDC_reset_sense04 (Rule 74 of total 533) .... done (Time = 0.00s, Memory = 0.0K)
Checking Rule SGDC_reset_prop01 (Rule 75 of total 533) .... done (Time = 0.00s, Memory = 0.0K)
Checking Rule SGDC_sgclkgroup04 (Rule 76 of total 533) .... done (Time = 0.00s, Memory = 0.0K)
Checking Rule SGDC_clock_relation05a (Rule 77 of total 533) .... done (Time = 0.00s, Memory = 0.0K)
Checking Rule SGDC_clock_relation05b (Rule 78 of total 533) .... done (Time = 0.00s, Memory = 0.0K)
Checking Rule SGDC_sync_cell08a (Rule 79 of total 533) .... done (Time = 0.00s, Memory = 0.0K)
Checking Rule SGDC_sync_cell09a (Rule 80 of total 533) .... done (Time = 0.00s, Memory = 0.0K)
Checking Rule SGDC_glitch_free_mux_cell01 (Rule 81 of total 533) .... done (Time = 0.00s, Memory = 0.0K)
Checking Rule SGDC_qualifier06 (Rule 82 of total 533) .... done (Time = 0.00s, Memory = 0.0K)
Checking Rule SGDC_cdc_waive03 (Rule 83 of total 533) .... done (Time = 0.00s, Memory = 0.0K)
Checking Rule SGDC_qualifier15 (Rule 84 of total 533) .... done (Time = 0.00s, Memory = 0.0K)
Checking Rule SGDC_qualifier29 (Rule 85 of total 533) .... done (Time = 0.00s, Memory = 0.0K)
Checking Rule SGDC_allow_combo_logic01 (Rule 86 of total 533) .... done (Time = 0.00s, Memory = 0.0K)
Checking Rule SGDC_reset_filter_path01 (Rule 87 of total 533) .... done (Time = 0.00s, Memory = 0.0K)
Checking Rule SGDC_glitchfree_cell01 (Rule 88 of total 533) .... done (Time = 0.00s, Memory = 0.0K)
Checking Rule SGDC_cdc_false_path05 (Rule 89 of total 533) .... done (Time = 0.00s, Memory = 0.0K)
Checking Rule Param_clockreset05 (Rule 90 of total 533) .... done (Time = 0.00s, Memory = 0.0K)
Checking Rule Ac_sanity01 (Rule 91 of total 533) .... done (Time = 0.00s, Memory = 0.0K)
Checking Rule Ac_sanity06 (Rule 92 of total 533) .... done (Time = 0.00s, Memory = 0.0K)
Checking Rule Ac_license01 (Rule 93 of total 533) .... done (Time = 0.00s, Memory = 0.0K)
Checking Rule SGDC_reset_synchronizer07 (Rule 94 of total 533) .... done (Time = 0.00s, Memory = 0.0K)
Checking Rule SGDC_abstract_module02 (Rule 95 of total 533) .... done (Time = 0.00s, Memory = 0.0K)
Checking Rule ReportStopSummary (Rule 96 of total 533) .... done (Time = 0.00s, Memory = 0.0K)
Checking Rule ReportIgnoreSummary (Rule 97 of total 533) .... done (Time = 0.00s, Memory = 0.0K)
 Analyzing source file "../../../IP/cpu_m1/rtl/def.vh" ....
 Analyzing source file "../../../IP/cpu_m1/rtl/rfu.v" ....
 Analyzing source file "../../../IP/cpu_m1/rtl/alu.v" ....
 Analyzing source file "../../../IP/cpu_m1/rtl/bmu.v" ....
 Analyzing source file "../../../IP/cpu_m1/rtl/dtcm.v" ....
 Analyzing source file "../../../IP/cpu_m1/rtl/idu.v" ....
 Analyzing source file "../../../IP/cpu_m1/rtl/ifu.v" ....
 Analyzing source file "../../../IP/cpu_m1/rtl/lsu.v" ....
 Analyzing source file "../../../IP/cpu_m1/rtl/csr.v" ....
 Analyzing source file "../../../IP/cpu_m1/rtl/mul.v" ....
 Analyzing source file "../../../IP/cpu_m1/rtl/div.v" ....
 Analyzing source file "../../../IP/cpu_m1/rtl/forward.v" ....
 Analyzing source file "../../../IP/cpu_m1/rtl/hazard.v" ....
 Analyzing source file "../../../IP/cpu_m1/rtl/bp.v" ....
 Analyzing source file "../../../IP/cpu_m1/rtl/ras.v" ....
 Analyzing source file "../../../IP/cpu_m1/rtl/cdec.v" ....
 Analyzing source file "../../../IP/cpu_m1/rtl/core.v" ....
 Analyzing source file "../../../IP/cpu_m1/rtl/cpu_m1_top.v" ....
 Elaborating Top Verilog Design Unit 'cpu_m1_top' ..... done
Checking Rule ElabSummary (Rule 98 of total 533) .... done (Time = 0.00s, Memory = 0.0K)
Checking Rule ViolationLimitReached (Rule 99 of total 533) .... done (Time = 0.00s, Memory = 0.0K)
Checking Rule ReportCheckDataSummary (Rule 100 of total 533) .... done (Time = 0.00s, Memory = 0.0K)
 Reading waiver file "./cpu_m1_phase_p_cdc_rdc_xprop/cpu_m1_top/cdc/cdc_verify_struct/spyglass_spysch/constraint/spg_autogenerated_waivers.sgdc" ...
 Generating WAIVER file "./cpu_m1_phase_p_cdc_rdc_xprop/cpu_m1_top/cdc/cdc_verify_struct/spyglass_spysch/waiver/pragma2Waiver.swl" from pragmas in HDL source files ....
Checking Rule DetectTopDesignUnits (Rule 101 of total 533)
 Detected 1 top level design units:
     cpu_m1_top
 .... done (Time = 0.00s, Memory = 0.0K)
Performing semantic checks on SGDC contents
Checking Rule SGDC_testmode03 (Rule 102 of total 533) .... done (Time = 0.00s, Memory = 0.0K)
Checking Rule PECHECK09 (Rule 103 of total 533) .... done (Time = 0.00s, Memory = 0.0K)
Checking Rule ReportObsoletePragmas (Rule 104 of total 533) .... done (Time = 0.00s, Memory = 0.0K)
Checking Rule ReportCksum (Rule 105 of total 533) .... done (Time = 0.00s, Memory = 0.0K)
Checking Rule GenerateConfMap (Rule 106 of total 533) .... done (Time = 0.00s, Memory = 0.0K)
Checking Rule HdlLibDuCheck (Rule 107 of total 533) .... done (Time = 0.00s, Memory = 0.0K)
Checking Rule Ac_multitop01 (Rule 108 of total 533) .... done (Time = 0.00s, Memory = 0.0K)
Checking Rule RtlDesignInfo (Rule 109 of total 533) .... done (Time = 0.00s, Memory = 0.0K)
Checking Rule Ac_sanity05 (Rule 110 of total 533) .... done (Time = 0.00s, Memory = 0.0K)
Checking Rule Ac_sanity05 (Rule 111 of total 533) .... done (Time = 0.00s, Memory = 0.0K)
Checking Rule Pragma_setupa (Rule 112 of total 533) .... done (Time = 0.00s, Memory = 0.0K)
Checking Rule Pragma_setupb (Rule 113 of total 533) .... done (Time = 0.00s, Memory = 0.0K)
Checking Rule CheckCelldefine (Rule 114 of total 533) .... done (Time = 0.00s, Memory = 0.0K)
Checking Rule SGDC_waive23 (Rule 115 of total 533) .... done (Time = 0.00s, Memory = 0.0K)
Checking Rule SGDC_waive26 (Rule 116 of total 533) .... done (Time = 0.00s, Memory = 0.0K)
Checking Rule SGDC_waive27 (Rule 117 of total 533) .... done (Time = 0.00s, Memory = 0.0K)
Checking Rule SGDC_waive29 (Rule 118 of total 533) .... done (Time = 0.00s, Memory = 0.0K)
Checking Rule SGDC_numflops12 (Rule 119 of total 533) .... done (Time = 0.00s, Memory = 0.0K)
Checking Rule SGDC_sync_cell11 (Rule 120 of total 533) .... done (Time = 0.00s, Memory = 0.0K)
Checking Rule _metaDeltaDelay (Rule 121 of total 533) .... done (Time = 0.00s, Memory = 0.0K)
Checking Rule _metaDeltaDelay (Rule 122 of total 533) .... done (Time = 0.00s, Memory = 0.0K)
Checking Rule _deltaDelay (Rule 123 of total 533) .... done (Time = 0.00s, Memory = 0.0K)
Checking Rule _deltaDelay (Rule 124 of total 533) .... done (Time = 0.00s, Memory = 0.0K)
Checking ELABDU Rules for designUnit cpu_m1_top
    Checking Rule Prereqs_ConstantInput-ML (Rule 125 of total 533) .... done (Time = 0.00s, Memory = 0.0K)
    Checking Rule Prereqs_ConstantInput-ML (Rule 126 of total 533) .... done (Time = 0.00s, Memory = 0.0K)
    Checking Rule GenTopLevelBlocksForAutoSoc (Rule 127 of total 533) .... done (Time = 0.00s, Memory = 0.0K)
    Checking Rule Ac_classify_param01 (Rule 128 of total 533) .... done (Time = 0.00s, Memory = 0.0K)
    Checking Rule AcOvlRtl (Rule 129 of total 533) .... done (Time = 0.00s, Memory = 0.0K)
    Checking Rule AcOvlRtl (Rule 130 of total 533) .... done (Time = 0.00s, Memory = 0.0K)
Checking ELABDU Rules for designUnit core
    Checking Rule Prereqs_ConstantInput-ML (Rule 125 of total 533) .... done (Time = 0.00s, Memory = 0.0K)
    Checking Rule Prereqs_ConstantInput-ML (Rule 126 of total 533) .... done (Time = 0.00s, Memory = 0.0K)
    Checking Rule GenTopLevelBlocksForAutoSoc (Rule 127 of total 533) .... done (Time = 0.00s, Memory = 0.0K)
    Checking Rule Ac_classify_param01 (Rule 128 of total 533) .... done (Time = 0.00s, Memory = 0.0K)
    Checking Rule AcOvlRtl (Rule 129 of total 533) .... done (Time = 0.00s, Memory = 0.0K)
    Checking Rule AcOvlRtl (Rule 130 of total 533) .... done (Time = 0.00s, Memory = 0.0K)
Checking ELABDU Rules for designUnit cdec
    Checking Rule Prereqs_ConstantInput-ML (Rule 125 of total 533) .... done (Time = 0.00s, Memory = 0.0K)
    Checking Rule Prereqs_ConstantInput-ML (Rule 126 of total 533) .... done (Time = 0.00s, Memory = 0.0K)
    Checking Rule GenTopLevelBlocksForAutoSoc (Rule 127 of total 533) .... done (Time = 0.00s, Memory = 0.0K)
    Checking Rule Ac_classify_param01 (Rule 128 of total 533) .... done (Time = 0.00s, Memory = 0.0K)
    Checking Rule AcOvlRtl (Rule 129 of total 533) .... done (Time = 0.00s, Memory = 0.0K)
    Checking Rule AcOvlRtl (Rule 130 of total 533) .... done (Time = 0.00s, Memory = 0.0K)
Checking ELABDU Rules for designUnit bp
    Checking Rule Prereqs_ConstantInput-ML (Rule 125 of total 533) .... done (Time = 0.00s, Memory = 0.0K)
    Checking Rule Prereqs_ConstantInput-ML (Rule 126 of total 533) .... done (Time = 0.00s, Memory = 0.0K)
    Checking Rule GenTopLevelBlocksForAutoSoc (Rule 127 of total 533) .... done (Time = 0.00s, Memory = 0.0K)
    Checking Rule Ac_classify_param01 (Rule 128 of total 533) .... done (Time = 0.00s, Memory = 0.0K)
    Checking Rule AcOvlRtl (Rule 129 of total 533) .... done (Time = 0.00s, Memory = 0.0K)
    Checking Rule AcOvlRtl (Rule 130 of total 533) .... done (Time = 0.00s, Memory = 0.0K)
Checking ELABDU Rules for designUnit ras
    Checking Rule Prereqs_ConstantInput-ML (Rule 125 of total 533) .... done (Time = 0.00s, Memory = 0.0K)
    Checking Rule Prereqs_ConstantInput-ML (Rule 126 of total 533) .... done (Time = 0.00s, Memory = 0.0K)
    Checking Rule GenTopLevelBlocksForAutoSoc (Rule 127 of total 533) .... done (Time = 0.00s, Memory = 0.0K)
    Checking Rule Ac_classify_param01 (Rule 128 of total 533) .... done (Time = 0.00s, Memory = 0.0K)
    Checking Rule AcOvlRtl (Rule 129 of total 533) .... done (Time = 0.00s, Memory = 0.0K)
    Checking Rule AcOvlRtl (Rule 130 of total 533) .... done (Time = 0.00s, Memory = 0.0K)
Checking ELABDU Rules for designUnit ifu
    Checking Rule Prereqs_ConstantInput-ML (Rule 125 of total 533) .... done (Time = 0.00s, Memory = 0.0K)
    Checking Rule Prereqs_ConstantInput-ML (Rule 126 of total 533) .... done (Time = 0.00s, Memory = 0.0K)
    Checking Rule GenTopLevelBlocksForAutoSoc (Rule 127 of total 533) .... done (Time = 0.00s, Memory = 0.0K)
    Checking Rule Ac_classify_param01 (Rule 128 of total 533) .... done (Time = 0.00s, Memory = 0.0K)
    Checking Rule AcOvlRtl (Rule 129 of total 533) .... done (Time = 0.00s, Memory = 0.0K)
    Checking Rule AcOvlRtl (Rule 130 of total 533) .... done (Time = 0.00s, Memory = 0.0K)
Checking ELABDU Rules for designUnit idu
    Checking Rule Prereqs_ConstantInput-ML (Rule 125 of total 533) .... done (Time = 0.00s, Memory = 0.0K)
    Checking Rule Prereqs_ConstantInput-ML (Rule 126 of total 533) .... done (Time = 0.00s, Memory = 0.0K)
    Checking Rule GenTopLevelBlocksForAutoSoc (Rule 127 of total 533) .... done (Time = 0.00s, Memory = 0.0K)
    Checking Rule Ac_classify_param01 (Rule 128 of total 533) .... done (Time = 0.00s, Memory = 0.0K)
    Checking Rule AcOvlRtl (Rule 129 of total 533) .... done (Time = 0.00s, Memory = 0.0K)
    Checking Rule AcOvlRtl (Rule 130 of total 533) .... done (Time = 0.00s, Memory = 0.0K)
Checking ELABDU Rules for designUnit rfu
    Checking Rule Prereqs_ConstantInput-ML (Rule 125 of total 533) .... done (Time = 0.00s, Memory = 0.0K)
    Checking Rule Prereqs_ConstantInput-ML (Rule 126 of total 533) .... done (Time = 0.00s, Memory = 0.0K)
    Checking Rule GenTopLevelBlocksForAutoSoc (Rule 127 of total 533) .... done (Time = 0.00s, Memory = 0.0K)
    Checking Rule Ac_classify_param01 (Rule 128 of total 533) .... done (Time = 0.00s, Memory = 0.0K)
    Checking Rule AcOvlRtl (Rule 129 of total 533) .... done (Time = 0.00s, Memory = 0.0K)
    Checking Rule AcOvlRtl (Rule 130 of total 533) .... done (Time = 0.00s, Memory = 0.0K)
Checking ELABDU Rules for designUnit forward
    Checking Rule Prereqs_ConstantInput-ML (Rule 125 of total 533) .... done (Time = 0.00s, Memory = 0.0K)
    Checking Rule Prereqs_ConstantInput-ML (Rule 126 of total 533) .... done (Time = 0.00s, Memory = 0.0K)
    Checking Rule GenTopLevelBlocksForAutoSoc (Rule 127 of total 533) .... done (Time = 0.00s, Memory = 0.0K)
    Checking Rule Ac_classify_param01 (Rule 128 of total 533) .... done (Time = 0.00s, Memory = 0.0K)
    Checking Rule AcOvlRtl (Rule 129 of total 533) .... done (Time = 0.00s, Memory = 0.0K)
    Checking Rule AcOvlRtl (Rule 130 of total 533) .... done (Time = 0.00s, Memory = 0.0K)
Checking ELABDU Rules for designUnit bmu
    Checking Rule Prereqs_ConstantInput-ML (Rule 125 of total 533) .... done (Time = 0.00s, Memory = 0.0K)
    Checking Rule Prereqs_ConstantInput-ML (Rule 126 of total 533) .... done (Time = 0.00s, Memory = 0.0K)
    Checking Rule GenTopLevelBlocksForAutoSoc (Rule 127 of total 533) .... done (Time = 0.00s, Memory = 0.0K)
    Checking Rule Ac_classify_param01 (Rule 128 of total 533) .... done (Time = 0.00s, Memory = 0.0K)
    Checking Rule AcOvlRtl (Rule 129 of total 533) .... done (Time = 0.00s, Memory = 0.0K)
    Checking Rule AcOvlRtl (Rule 130 of total 533) .... done (Time = 0.00s, Memory = 0.0K)
Checking ELABDU Rules for designUnit alu
    Checking Rule Prereqs_ConstantInput-ML (Rule 125 of total 533) .... done (Time = 0.00s, Memory = 0.0K)
    Checking Rule Prereqs_ConstantInput-ML (Rule 126 of total 533) .... done (Time = 0.00s, Memory = 0.0K)
    Checking Rule GenTopLevelBlocksForAutoSoc (Rule 127 of total 533) .... done (Time = 0.00s, Memory = 0.0K)
    Checking Rule Ac_classify_param01 (Rule 128 of total 533) .... done (Time = 0.00s, Memory = 0.0K)
    Checking Rule AcOvlRtl (Rule 129 of total 533) .... done (Time = 0.00s, Memory = 0.0K)
    Checking Rule AcOvlRtl (Rule 130 of total 533) .... done (Time = 0.00s, Memory = 0.0K)
Checking ELABDU Rules for designUnit mul
    Checking Rule Prereqs_ConstantInput-ML (Rule 125 of total 533) .... done (Time = 0.00s, Memory = 0.0K)
    Checking Rule Prereqs_ConstantInput-ML (Rule 126 of total 533) .... done (Time = 0.00s, Memory = 0.0K)
    Checking Rule GenTopLevelBlocksForAutoSoc (Rule 127 of total 533) .... done (Time = 0.00s, Memory = 0.0K)
    Checking Rule Ac_classify_param01 (Rule 128 of total 533) .... done (Time = 0.00s, Memory = 0.0K)
    Checking Rule AcOvlRtl (Rule 129 of total 533) .... done (Time = 0.00s, Memory = 0.0K)
    Checking Rule AcOvlRtl (Rule 130 of total 533) .... done (Time = 0.00s, Memory = 0.0K)
Checking ELABDU Rules for designUnit div
    Checking Rule Prereqs_ConstantInput-ML (Rule 125 of total 533) .... done (Time = 0.00s, Memory = 0.0K)
    Checking Rule Prereqs_ConstantInput-ML (Rule 126 of total 533) .... done (Time = 0.00s, Memory = 0.0K)
    Checking Rule GenTopLevelBlocksForAutoSoc (Rule 127 of total 533) .... done (Time = 0.00s, Memory = 0.0K)
    Checking Rule Ac_classify_param01 (Rule 128 of total 533) .... done (Time = 0.00s, Memory = 0.0K)
    Checking Rule AcOvlRtl (Rule 129 of total 533) .... done (Time = 0.00s, Memory = 0.0K)
    Checking Rule AcOvlRtl (Rule 130 of total 533) .... done (Time = 0.00s, Memory = 0.0K)
Checking ELABDU Rules for designUnit lsu
    Checking Rule Prereqs_ConstantInput-ML (Rule 125 of total 533) .... done (Time = 0.00s, Memory = 0.0K)
    Checking Rule Prereqs_ConstantInput-ML (Rule 126 of total 533) .... done (Time = 0.00s, Memory = 0.0K)
    Checking Rule GenTopLevelBlocksForAutoSoc (Rule 127 of total 533) .... done (Time = 0.00s, Memory = 0.0K)
    Checking Rule Ac_classify_param01 (Rule 128 of total 533) .... done (Time = 0.00s, Memory = 0.0K)
    Checking Rule AcOvlRtl (Rule 129 of total 533) .... done (Time = 0.00s, Memory = 0.0K)
    Checking Rule AcOvlRtl (Rule 130 of total 533) .... done (Time = 0.00s, Memory = 0.0K)
Checking ELABDU Rules for designUnit pmp
    Checking Rule Prereqs_ConstantInput-ML (Rule 125 of total 533) .... done (Time = 0.00s, Memory = 0.0K)
    Checking Rule Prereqs_ConstantInput-ML (Rule 126 of total 533) .... done (Time = 0.00s, Memory = 0.0K)
    Checking Rule GenTopLevelBlocksForAutoSoc (Rule 127 of total 533) .... done (Time = 0.00s, Memory = 0.0K)
    Checking Rule Ac_classify_param01 (Rule 128 of total 533) .... done (Time = 0.00s, Memory = 0.0K)
    Checking Rule AcOvlRtl (Rule 129 of total 533) .... done (Time = 0.00s, Memory = 0.0K)
    Checking Rule AcOvlRtl (Rule 130 of total 533) .... done (Time = 0.00s, Memory = 0.0K)
Checking ELABDU Rules for designUnit csr
    Checking Rule Prereqs_ConstantInput-ML (Rule 125 of total 533) .... done (Time = 0.00s, Memory = 0.0K)
    Checking Rule Prereqs_ConstantInput-ML (Rule 126 of total 533) .... done (Time = 0.00s, Memory = 0.0K)
    Checking Rule GenTopLevelBlocksForAutoSoc (Rule 127 of total 533) .... done (Time = 0.00s, Memory = 0.0K)
    Checking Rule Ac_classify_param01 (Rule 128 of total 533) .... done (Time = 0.00s, Memory = 0.0K)
    Checking Rule AcOvlRtl (Rule 129 of total 533) .... done (Time = 0.00s, Memory = 0.0K)
    Checking Rule AcOvlRtl (Rule 130 of total 533) .... done (Time = 0.00s, Memory = 0.0K)
Checking ELABDU Rules for designUnit hazard
    Checking Rule Prereqs_ConstantInput-ML (Rule 125 of total 533) .... done (Time = 0.00s, Memory = 0.0K)
    Checking Rule Prereqs_ConstantInput-ML (Rule 126 of total 533) .... done (Time = 0.00s, Memory = 0.0K)
    Checking Rule GenTopLevelBlocksForAutoSoc (Rule 127 of total 533) .... done (Time = 0.00s, Memory = 0.0K)
    Checking Rule Ac_classify_param01 (Rule 128 of total 533) .... done (Time = 0.00s, Memory = 0.0K)
    Checking Rule AcOvlRtl (Rule 129 of total 533) .... done (Time = 0.00s, Memory = 0.0K)
    Checking Rule AcOvlRtl (Rule 130 of total 533) .... done (Time = 0.00s, Memory = 0.0K)
Checking ELABDU Rules for designUnit cpu_m1_top
    Checking Rule Ac_setOvlDataInSynthesis (Rule 131 of total 533) .... done (Time = 0.00s, Memory = 0.0K)
Checking ELABDU Rules for designUnit core
    Checking Rule Ac_setOvlDataInSynthesis (Rule 131 of total 533) .... done (Time = 0.00s, Memory = 0.0K)
Checking ELABDU Rules for designUnit cdec
    Checking Rule Ac_setOvlDataInSynthesis (Rule 131 of total 533) .... done (Time = 0.00s, Memory = 0.0K)
Checking ELABDU Rules for designUnit bp
    Checking Rule Ac_setOvlDataInSynthesis (Rule 131 of total 533) .... done (Time = 0.00s, Memory = 0.0K)
Checking ELABDU Rules for designUnit ras
    Checking Rule Ac_setOvlDataInSynthesis (Rule 131 of total 533) .... done (Time = 0.00s, Memory = 0.0K)
Checking ELABDU Rules for designUnit ifu
    Checking Rule Ac_setOvlDataInSynthesis (Rule 131 of total 533) .... done (Time = 0.00s, Memory = 0.0K)
Checking ELABDU Rules for designUnit idu
    Checking Rule Ac_setOvlDataInSynthesis (Rule 131 of total 533) .... done (Time = 0.00s, Memory = 0.0K)
Checking ELABDU Rules for designUnit rfu
    Checking Rule Ac_setOvlDataInSynthesis (Rule 131 of total 533) .... done (Time = 0.00s, Memory = 0.0K)
Checking ELABDU Rules for designUnit forward
    Checking Rule Ac_setOvlDataInSynthesis (Rule 131 of total 533) .... done (Time = 0.00s, Memory = 0.0K)
Checking ELABDU Rules for designUnit bmu
    Checking Rule Ac_setOvlDataInSynthesis (Rule 131 of total 533) .... done (Time = 0.00s, Memory = 0.0K)
Checking ELABDU Rules for designUnit alu
    Checking Rule Ac_setOvlDataInSynthesis (Rule 131 of total 533) .... done (Time = 0.00s, Memory = 0.0K)
Checking ELABDU Rules for designUnit mul
    Checking Rule Ac_setOvlDataInSynthesis (Rule 131 of total 533) .... done (Time = 0.00s, Memory = 0.0K)
Checking ELABDU Rules for designUnit div
    Checking Rule Ac_setOvlDataInSynthesis (Rule 131 of total 533) .... done (Time = 0.00s, Memory = 0.0K)
Checking ELABDU Rules for designUnit lsu
    Checking Rule Ac_setOvlDataInSynthesis (Rule 131 of total 533) .... done (Time = 0.00s, Memory = 0.0K)
Checking ELABDU Rules for designUnit pmp
    Checking Rule Ac_setOvlDataInSynthesis (Rule 131 of total 533) .... done (Time = 0.00s, Memory = 0.0K)
Checking ELABDU Rules for designUnit csr
    Checking Rule Ac_setOvlDataInSynthesis (Rule 131 of total 533) .... done (Time = 0.00s, Memory = 0.0K)
Checking ELABDU Rules for designUnit hazard
    Checking Rule Ac_setOvlDataInSynthesis (Rule 131 of total 533) .... done (Time = 0.00s, Memory = 0.0K)
Checking Rule PECHECK56 (Rule 132 of total 533) .... done (Time = 0.00s, Memory = 0.0K)
Checking Rule SGDC_meta_design_hier01 (Rule 133 of total 533) .... done (Time = 0.00s, Memory = 0.0K)
Checking Rule SGDC_waive24 (Rule 134 of total 533) .... done (Time = 0.00s, Memory = 0.0K)
Checking Rule SGDC_waive25 (Rule 135 of total 533) .... done (Time = 0.00s, Memory = 0.0K)
Checking Rule SGDC_waive31 (Rule 136 of total 533) .... done (Time = 0.00s, Memory = 0.0K)
Checking Rule SGDC_waive35 (Rule 137 of total 533) .... done (Time = 0.00s, Memory = 0.0K)
 Synthesizing module: lsu (elaborated name: lsu) ... (Module 1 of total 17)  done 
 Synthesizing module: hazard (elaborated name: hazard) ... (Module 2 of total 17)  done 
 Synthesizing module: csr (elaborated name: csr) ... (Module 3 of total 17)  done 
 Synthesizing module: pmp (elaborated name: pmp) ... (Module 4 of total 17)  done 
 Synthesizing module: div (elaborated name: div) ... (Module 5 of total 17)  done 
 Synthesizing module: mul (elaborated name: mul) ... (Module 6 of total 17)  done 
 Synthesizing module: alu (elaborated name: alu) ... (Module 7 of total 17)  done 
 Synthesizing module: bmu (elaborated name: bmu) ... (Module 8 of total 17)  done 
 Synthesizing module: forward (elaborated name: forward) ... (Module 9 of total 17)  done 
 Synthesizing module: rfu (elaborated name: rfu) ... (Module 10 of total 17)  done 
 Synthesizing module: idu (elaborated name: idu) ... (Module 11 of total 17)  done 
 Synthesizing module: ifu (elaborated name: ifu) ... (Module 12 of total 17)  done 
 Synthesizing module: ras (elaborated name: ras) ... (Module 13 of total 17)  done 
 Synthesizing module: bp (elaborated name: bp) ... (Module 14 of total 17)  done 
 Synthesizing module: cdec (elaborated name: cdec) ... (Module 15 of total 17)  done 
 Synthesizing module: core (elaborated name: core) ... (Module 16 of total 17)  done 
 Synthesizing module: cpu_m1_top (elaborated name: cpu_m1_top) ... (Module 17 of total 17)  done 
 Synthesis completed.
Checking Rule InferBlackBox (Rule 138 of total 533) .... done (Time = 0.01s, Memory = 0.0K)
Checking Rule checkCMD_mthresh (Rule 139 of total 533) .... done (Time = 0.00s, Memory = 0.0K)

INFO [234]    Saving design database in directory './cpu_m1_phase_p_cdc_rdc_xprop/cpu_m1_top/.SG_SaveRestoreDB/autogenerated__default_snapshot' ...
              done

Checking Rule SGDC_waive37 (Rule 140 of total 533) .... done (Time = 0.00s, Memory = 0.0K)
Checking Rule PESVASETUP01 for module lsu (Rule 141 of total 533) .... done (Time = 0.00s, Memory = 0.0K)
Checking Rule CondOpInReset-ML for module lsu (Rule 142 of total 533) .... done (Time = 0.00s, Memory = 0.0K)
Checking Rule _meta_delay01 for module lsu (Rule 143 of total 533) .... done (Time = 0.00s, Memory = 0.0K)
Checking Rule _cdc_save_license01 for module lsu (Rule 144 of total 533) .... done (Time = 0.00s, Memory = 0.0K)
Checking Rule _syncResetStyleRTL for module lsu (Rule 145 of total 533) .... done (Time = 0.00s, Memory = 0.0K)
Checking Rule Ac_svasetup01 for module lsu (Rule 146 of total 533) .... done (Time = 0.00s, Memory = 0.0K)
Checking Rule PESVASETUP01 for module hazard (Rule 141 of total 533) .... done (Time = 0.00s, Memory = 0.0K)
Checking Rule CondOpInReset-ML for module hazard (Rule 142 of total 533) .... done (Time = 0.00s, Memory = 0.0K)
Checking Rule _meta_delay01 for module hazard (Rule 143 of total 533) .... done (Time = 0.00s, Memory = 0.0K)
Checking Rule _cdc_save_license01 for module hazard (Rule 144 of total 533) .... done (Time = 0.00s, Memory = 0.0K)
Checking Rule _syncResetStyleRTL for module hazard (Rule 145 of total 533) .... done (Time = 0.00s, Memory = 0.0K)
Checking Rule Ac_svasetup01 for module hazard (Rule 146 of total 533) .... done (Time = 0.00s, Memory = 0.0K)
Checking Rule PESVASETUP01 for module csr (Rule 141 of total 533) .... done (Time = 0.00s, Memory = 0.0K)
Checking Rule CondOpInReset-ML for module csr (Rule 142 of total 533) .... done (Time = 0.00s, Memory = 0.0K)
Checking Rule _meta_delay01 for module csr (Rule 143 of total 533) .... done (Time = 0.00s, Memory = 0.0K)
Checking Rule _cdc_save_license01 for module csr (Rule 144 of total 533) .... done (Time = 0.00s, Memory = 0.0K)
Checking Rule _syncResetStyleRTL for module csr (Rule 145 of total 533) .... done (Time = 0.00s, Memory = 0.0K)
Checking Rule Ac_svasetup01 for module csr (Rule 146 of total 533) .... done (Time = 0.00s, Memory = 0.0K)
Checking Rule PESVASETUP01 for module pmp (Rule 141 of total 533) .... done (Time = 0.00s, Memory = 0.0K)
Checking Rule CondOpInReset-ML for module pmp (Rule 142 of total 533) .... done (Time = 0.00s, Memory = 0.0K)
Checking Rule _meta_delay01 for module pmp (Rule 143 of total 533) .... done (Time = 0.00s, Memory = 0.0K)
Checking Rule _cdc_save_license01 for module pmp (Rule 144 of total 533) .... done (Time = 0.00s, Memory = 0.0K)
Checking Rule _syncResetStyleRTL for module pmp (Rule 145 of total 533) .... done (Time = 0.00s, Memory = 0.0K)
Checking Rule Ac_svasetup01 for module pmp (Rule 146 of total 533) .... done (Time = 0.00s, Memory = 0.0K)
Checking Rule PESVASETUP01 for module div (Rule 141 of total 533) .... done (Time = 0.00s, Memory = 0.0K)
Checking Rule CondOpInReset-ML for module div (Rule 142 of total 533) .... done (Time = 0.00s, Memory = 0.0K)
Checking Rule _meta_delay01 for module div (Rule 143 of total 533) .... done (Time = 0.00s, Memory = 0.0K)
Checking Rule _cdc_save_license01 for module div (Rule 144 of total 533) .... done (Time = 0.00s, Memory = 0.0K)
Checking Rule _syncResetStyleRTL for module div (Rule 145 of total 533) .... done (Time = 0.00s, Memory = 0.0K)
Checking Rule Ac_svasetup01 for module div (Rule 146 of total 533) .... done (Time = 0.00s, Memory = 0.0K)
Checking Rule PESVASETUP01 for module mul (Rule 141 of total 533) .... done (Time = 0.00s, Memory = 0.0K)
Checking Rule CondOpInReset-ML for module mul (Rule 142 of total 533) .... done (Time = 0.00s, Memory = 0.0K)
Checking Rule _meta_delay01 for module mul (Rule 143 of total 533) .... done (Time = 0.00s, Memory = 0.0K)
Checking Rule _cdc_save_license01 for module mul (Rule 144 of total 533) .... done (Time = 0.00s, Memory = 0.0K)
Checking Rule _syncResetStyleRTL for module mul (Rule 145 of total 533) .... done (Time = 0.00s, Memory = 0.0K)
Checking Rule Ac_svasetup01 for module mul (Rule 146 of total 533) .... done (Time = 0.00s, Memory = 0.0K)
Checking Rule PESVASETUP01 for module alu (Rule 141 of total 533) .... done (Time = 0.00s, Memory = 0.0K)
Checking Rule CondOpInReset-ML for module alu (Rule 142 of total 533) .... done (Time = 0.00s, Memory = 0.0K)
Checking Rule _meta_delay01 for module alu (Rule 143 of total 533) .... done (Time = 0.00s, Memory = 0.0K)
Checking Rule _cdc_save_license01 for module alu (Rule 144 of total 533) .... done (Time = 0.00s, Memory = 0.0K)
Checking Rule _syncResetStyleRTL for module alu (Rule 145 of total 533) .... done (Time = 0.00s, Memory = 0.0K)
Checking Rule Ac_svasetup01 for module alu (Rule 146 of total 533) .... done (Time = 0.00s, Memory = 0.0K)
Checking Rule PESVASETUP01 for module bmu (Rule 141 of total 533) .... done (Time = 0.00s, Memory = 0.0K)
Checking Rule CondOpInReset-ML for module bmu (Rule 142 of total 533) .... done (Time = 0.00s, Memory = 0.0K)
Checking Rule _meta_delay01 for module bmu (Rule 143 of total 533) .... done (Time = 0.00s, Memory = 0.0K)
Checking Rule _cdc_save_license01 for module bmu (Rule 144 of total 533) .... done (Time = 0.00s, Memory = 0.0K)
Checking Rule _syncResetStyleRTL for module bmu (Rule 145 of total 533) .... done (Time = 0.00s, Memory = 0.0K)
Checking Rule Ac_svasetup01 for module bmu (Rule 146 of total 533) .... done (Time = 0.00s, Memory = 0.0K)
Checking Rule PESVASETUP01 for module forward (Rule 141 of total 533) .... done (Time = 0.00s, Memory = 0.0K)
Checking Rule CondOpInReset-ML for module forward (Rule 142 of total 533) .... done (Time = 0.00s, Memory = 0.0K)
Checking Rule _meta_delay01 for module forward (Rule 143 of total 533) .... done (Time = 0.00s, Memory = 0.0K)
Checking Rule _cdc_save_license01 for module forward (Rule 144 of total 533) .... done (Time = 0.00s, Memory = 0.0K)
Checking Rule _syncResetStyleRTL for module forward (Rule 145 of total 533) .... done (Time = 0.00s, Memory = 0.0K)
Checking Rule Ac_svasetup01 for module forward (Rule 146 of total 533) .... done (Time = 0.00s, Memory = 0.0K)
Checking Rule PESVASETUP01 for module rfu (Rule 141 of total 533) .... done (Time = 0.00s, Memory = 0.0K)
Checking Rule CondOpInReset-ML for module rfu (Rule 142 of total 533) .... done (Time = 0.00s, Memory = 0.0K)
Checking Rule _meta_delay01 for module rfu (Rule 143 of total 533) .... done (Time = 0.00s, Memory = 0.0K)
Checking Rule _cdc_save_license01 for module rfu (Rule 144 of total 533) .... done (Time = 0.00s, Memory = 0.0K)
Checking Rule _syncResetStyleRTL for module rfu (Rule 145 of total 533) .... done (Time = 0.00s, Memory = 0.0K)
Checking Rule Ac_svasetup01 for module rfu (Rule 146 of total 533) .... done (Time = 0.00s, Memory = 0.0K)
Checking Rule PESVASETUP01 for module idu (Rule 141 of total 533) .... done (Time = 0.00s, Memory = 0.0K)
Checking Rule CondOpInReset-ML for module idu (Rule 142 of total 533) .... done (Time = 0.00s, Memory = 0.0K)
Checking Rule _meta_delay01 for module idu (Rule 143 of total 533) .... done (Time = 0.00s, Memory = 0.0K)
Checking Rule _cdc_save_license01 for module idu (Rule 144 of total 533) .... done (Time = 0.00s, Memory = 0.0K)
Checking Rule _syncResetStyleRTL for module idu (Rule 145 of total 533) .... done (Time = 0.00s, Memory = 0.0K)
Checking Rule Ac_svasetup01 for module idu (Rule 146 of total 533) .... done (Time = 0.00s, Memory = 0.0K)
Checking Rule PESVASETUP01 for module ifu (Rule 141 of total 533) .... done (Time = 0.00s, Memory = 0.0K)
Checking Rule CondOpInReset-ML for module ifu (Rule 142 of total 533) .... done (Time = 0.00s, Memory = 0.0K)
Checking Rule _meta_delay01 for module ifu (Rule 143 of total 533) .... done (Time = 0.00s, Memory = 0.0K)
Checking Rule _cdc_save_license01 for module ifu (Rule 144 of total 533) .... done (Time = 0.00s, Memory = 0.0K)
Checking Rule _syncResetStyleRTL for module ifu (Rule 145 of total 533) .... done (Time = 0.00s, Memory = 0.0K)
Checking Rule Ac_svasetup01 for module ifu (Rule 146 of total 533) .... done (Time = 0.00s, Memory = 0.0K)
Checking Rule PESVASETUP01 for module ras (Rule 141 of total 533) .... done (Time = 0.00s, Memory = 0.0K)
Checking Rule CondOpInReset-ML for module ras (Rule 142 of total 533) .... done (Time = 0.00s, Memory = 0.0K)
Checking Rule _meta_delay01 for module ras (Rule 143 of total 533) .... done (Time = 0.00s, Memory = 0.0K)
Checking Rule _cdc_save_license01 for module ras (Rule 144 of total 533) .... done (Time = 0.00s, Memory = 0.0K)
Checking Rule _syncResetStyleRTL for module ras (Rule 145 of total 533) .... done (Time = 0.00s, Memory = 0.0K)
Checking Rule Ac_svasetup01 for module ras (Rule 146 of total 533) .... done (Time = 0.00s, Memory = 0.0K)
Checking Rule PESVASETUP01 for module bp (Rule 141 of total 533) .... done (Time = 0.00s, Memory = 0.0K)
Checking Rule CondOpInReset-ML for module bp (Rule 142 of total 533) .... done (Time = 0.00s, Memory = 0.0K)
Checking Rule _meta_delay01 for module bp (Rule 143 of total 533) .... done (Time = 0.00s, Memory = 0.0K)
Checking Rule _cdc_save_license01 for module bp (Rule 144 of total 533) .... done (Time = 0.00s, Memory = 0.0K)
Checking Rule _syncResetStyleRTL for module bp (Rule 145 of total 533) .... done (Time = 0.00s, Memory = 0.0K)
Checking Rule Ac_svasetup01 for module bp (Rule 146 of total 533) .... done (Time = 0.00s, Memory = 0.0K)
Checking Rule PESVASETUP01 for module cdec (Rule 141 of total 533) .... done (Time = 0.00s, Memory = 0.0K)
Checking Rule CondOpInReset-ML for module cdec (Rule 142 of total 533) .... done (Time = 0.00s, Memory = 0.0K)
Checking Rule _meta_delay01 for module cdec (Rule 143 of total 533) .... done (Time = 0.00s, Memory = 0.0K)
Checking Rule _cdc_save_license01 for module cdec (Rule 144 of total 533) .... done (Time = 0.00s, Memory = 0.0K)
Checking Rule _syncResetStyleRTL for module cdec (Rule 145 of total 533) .... done (Time = 0.00s, Memory = 0.0K)
Checking Rule Ac_svasetup01 for module cdec (Rule 146 of total 533) .... done (Time = 0.00s, Memory = 0.0K)
Checking Rule PESVASETUP01 for module core (Rule 141 of total 533) .... done (Time = 0.00s, Memory = 0.0K)
Checking Rule CondOpInReset-ML for module core (Rule 142 of total 533) .... done (Time = 0.00s, Memory = 0.0K)
Checking Rule _meta_delay01 for module core (Rule 143 of total 533) .... done (Time = 0.00s, Memory = 0.0K)
Checking Rule _cdc_save_license01 for module core (Rule 144 of total 533) .... done (Time = 0.00s, Memory = 0.0K)
Checking Rule _syncResetStyleRTL for module core (Rule 145 of total 533) .... done (Time = 0.00s, Memory = 0.0K)
Checking Rule Ac_svasetup01 for module core (Rule 146 of total 533) .... done (Time = 0.00s, Memory = 0.0K)
Checking Rule PESVASETUP01 for module cpu_m1_top (Rule 141 of total 533) .... done (Time = 0.00s, Memory = 0.0K)
Checking Rule CondOpInReset-ML for module cpu_m1_top (Rule 142 of total 533) .... done (Time = 0.00s, Memory = 0.0K)
Checking Rule _meta_delay01 for module cpu_m1_top (Rule 143 of total 533) .... done (Time = 0.00s, Memory = 0.0K)
Checking Rule _cdc_save_license01 for module cpu_m1_top (Rule 144 of total 533) .... done (Time = 0.00s, Memory = 0.0K)
Checking Rule _syncResetStyleRTL for module cpu_m1_top (Rule 145 of total 533) .... done (Time = 0.00s, Memory = 0.0K)
Checking Rule Ac_svasetup01 for module cpu_m1_top (Rule 146 of total 533) .... done (Time = 0.00s, Memory = 0.0K)
Performing semantic checks on SGDC contents
Checking Rule SGDC_testmode03 (Rule 102 of total 533) .... done (Time = 0.00s, Memory = 0.0K)
Checking Rule checkSGDC_01 (Rule 147 of total 533) .... done (Time = 0.00s, Memory = 0.0K)
Checking Rule checkSGDC_03 (Rule 148 of total 533) .... done (Time = 0.00s, Memory = 0.0K)
Checking Rule checkSGDC_08 (Rule 149 of total 533) .... done (Time = 0.00s, Memory = 0.0K)
Checking Rule SGDC_memorywritepin04 (Rule 150 of total 533) .... done (Time = 0.00s, Memory = 0.0K)
Checking Rule SGDC_reset02 (Rule 151 of total 533) .... done (Time = 0.00s, Memory = 0.0K)
Checking Rule SGDC_reset03 (Rule 152 of total 533) .... done (Time = 0.00s, Memory = 0.0K)
Checking Rule SGDC_libgroup03 (Rule 153 of total 533) .... done (Time = 0.00s, Memory = 0.0K)
Checking Rule SGDC_ungroup02 (Rule 154 of total 533) .... done (Time = 0.00s, Memory = 0.0K)
Checking Rule _abstractPortSGDC (Rule 155 of total 533) .... done (Time = 0.00s, Memory = 0.0K)
Checking Rule SGDC_abstract_port03 (Rule 156 of total 533) .... done (Time = 0.00s, Memory = 0.0K)
Checking Rule SGDC_abstract_port04 (Rule 157 of total 533) .... done (Time = 0.00s, Memory = 0.0K)
Checking Rule SGDC_abstract_port05 (Rule 158 of total 533) .... done (Time = 0.00s, Memory = 0.0K)
Checking Rule SGDC_abstract_port07 (Rule 159 of total 533) .... done (Time = 0.00s, Memory = 0.0K)
Checking Rule SGDC_abstract_port08 (Rule 160 of total 533) .... done (Time = 0.00s, Memory = 0.0K)
Checking Rule SGDC_abstract_port10 (Rule 161 of total 533) .... done (Time = 0.00s, Memory = 0.0K)
Checking Rule SGDC_abstract_port11 (Rule 162 of total 533) .... done (Time = 0.00s, Memory = 0.0K)
Checking Rule SGDC_abstract_port12 (Rule 163 of total 533) .... done (Time = 0.00s, Memory = 0.0K)
Checking Rule SGDC_abstract_port13 (Rule 164 of total 533) .... done (Time = 0.00s, Memory = 0.0K)
Checking Rule _deltaDelayNom (Rule 165 of total 533) .... done (Time = 0.00s, Memory = 0.0K)
Checking Rule ReportUngroup (Rule 166 of total 533) .... done (Time = 0.00s, Memory = 0.0K)
Checking Rule ResetFlop-ML (Rule 167 of total 533) .... done (Time = 0.06s, Memory = 0.0K)
Checking Rule SGDC_allow_combo_logic02 (Rule 168 of total 533) .... done (Time = 0.00s, Memory = 0.0K)
Checking Rule _portRetenClocknReset (Rule 169 of total 533) .... done (Time = 0.00s, Memory = 0.0K)
Checking Rule _portReten (Rule 170 of total 533) .... done (Time = 0.00s, Memory = 0.0K)
Checking Rule LP_POWERDATA_INFO (Rule 171 of total 533) .... done (Time = 0.00s, Memory = 0.0K)
Checking Rule SGDC_abstract_port21 (Rule 172 of total 533) .... done (Time = 0.00s, Memory = 0.0K)
Checking Rule SGDC_input03 (Rule 173 of total 533) .... done (Time = 0.00s, Memory = 0.0K)
Checking Rule SGDC_output04 (Rule 174 of total 533) .... done (Time = 0.00s, Memory = 0.0K)
Checking Rule SGDC_numflops03a (Rule 175 of total 533) .... done (Time = 0.00s, Memory = 0.0K)
Checking Rule SGDC_numflops03b (Rule 176 of total 533) .... done (Time = 0.00s, Memory = 0.0K)
Checking Rule SGDC_sync_cell02b (Rule 177 of total 533) .... done (Time = 0.00s, Memory = 0.0K)
Checking Rule Ac_qualifier_depth (Rule 178 of total 533) .... done (Time = 0.00s, Memory = 0.0K)
Checking Rule LPwrRulesSetup (Rule 179 of total 533) .... done (Time = 0.00s, Memory = 0.0K)
Checking Rule SGDC_assume_path05 (Rule 180 of total 533) .... done (Time = 0.00s, Memory = 0.0K)
 Flattening cpu_m1_top (.lib instances separately flattened) ....
 Flattening completed
Checking Rule SGDC_clock_ref_clock01 (Rule 181 of total 533) .... done (Time = 0.00s, Memory = 0.0K)
Checking Rule SGDC_quasi_static_style01 (Rule 182 of total 533) .... done (Time = 0.00s, Memory = 0.0K)
Checking Rule CheckBackToBackSyncCellSetup (Rule 183 of total 533) .... done (Time = 0.00s, Memory = 0.0K)
Checking Rule SignalTypeSetup (Rule 184 of total 533) .... done (Time = 0.00s, Memory = 0.0K)
Checking Rule SGDC_qualifier34 (Rule 185 of total 533) .... done (Time = 0.00s, Memory = 0.0K)
Checking Rule SGDC_abstract_port27 (Rule 186 of total 533) .... done (Time = 0.00s, Memory = 0.0K)
Checking Rule _allowInst (Rule 187 of total 533) .... done (Time = 0.00s, Memory = 0.0K)
Checking Rule _ipblock (Rule 188 of total 533) .... done (Time = 0.00s, Memory = 0.0K)
Checking Rule _rstSyncCellInst (Rule 189 of total 533) .... done (Time = 0.00s, Memory = 0.0K)
Checking Rule _syncCellDelayedQualifier (Rule 190 of total 533) .... done (Time = 0.00s, Memory = 0.0K)
Checking Rule _repeaterCellInst (Rule 191 of total 533) .... done (Time = 0.00s, Memory = 0.0K)
Checking Rule _abstract_port (Rule 192 of total 533) .... done (Time = 0.00s, Memory = 0.0K)
Checking Rule SGDC_glitch_free_module01 (Rule 193 of total 533) .... done (Time = 0.00s, Memory = 0.0K)
Checking Rule Clock_setup02 (Rule 194 of total 533) .... done (Time = 0.02s, Memory = 2080.0K)
Checking Rule _propagate_cdcAttrib (Rule 195 of total 533) .... done (Time = 0.00s, Memory = 0.0K)
Checking Rule Clock_prop (Rule 196 of total 533) .... done (Time = 0.01s, Memory = 536.0K)
Checking Rule Reset_prop (Rule 197 of total 533) .... done (Time = 0.02s, Memory = 2064.0K)
Checking Rule SGDC_generated_clock06 (Rule 198 of total 533) .... done (Time = 0.00s, Memory = 0.0K)
Checking Rule SGDC_clock_sanity01 (Rule 199 of total 533) .... done (Time = 0.00s, Memory = 0.0K)
Checking Rule _sync_sanity (Rule 200 of total 533) .... done (Time = 0.00s, Memory = 0.0K)
Checking Rule _syncreset_prop (Rule 201 of total 533) .... done (Time = 0.00s, Memory = 176.0K)
Checking Rule Propagate_Clocks (Rule 202 of total 533) .... done (Time = 0.14s, Memory = 7344.0K)
Checking Rule _syncc (Rule 203 of total 533) .... done (Time = 0.00s, Memory = 0.0K)
Checking Rule _syncb (Rule 204 of total 533) .... done (Time = 0.00s, Memory = 0.0K)
Checking Rule _resetPathCross (Rule 205 of total 533) .... done (Time = 0.00s, Memory = 0.0K)
Checking Rule FalsePathSetup (Rule 206 of total 533) .... done (Time = 0.00s, Memory = 0.0K)
Checking Rule FalsePathSetupFieldIgnored (Rule 207 of total 533) .... done (Time = 0.00s, Memory = 0.0K)
Checking Rule _fifo01 (Rule 208 of total 533) .... done (Time = 0.00s, Memory = 0.0K)
Checking Rule _syncfifo (Rule 209 of total 533) .... done (Time = 0.00s, Memory = 0.0K)
Checking Rule _syncUDfifo (Rule 210 of total 533) .... done (Time = 0.00s, Memory = 0.0K)
Checking Rule _syncdw (Rule 211 of total 533) .... done (Time = 0.00s, Memory = 0.0K)
Checking Rule _syncd (Rule 212 of total 533) .... done (Time = 0.00s, Memory = 0.0K)
Checking Rule _syncg (Rule 213 of total 533) .... done (Time = 0.00s, Memory = 0.0K)
Checking Rule _sync_clock (Rule 214 of total 533) .... done (Time = 0.00s, Memory = 0.0K)
Checking Rule _sync_gp (Rule 215 of total 533) .... done (Time = 0.00s, Memory = 0.0K)
Checking Rule _sync_and (Rule 216 of total 533) .... done (Time = 0.00s, Memory = 0.0K)
Checking Rule _synci (Rule 217 of total 533) .... done (Time = 0.00s, Memory = 0.0K)
Checking Rule _sync_qualifier (Rule 218 of total 533) .... done (Time = 0.00s, Memory = 0.0K)
Checking Rule SGDC_fifo11 (Rule 219 of total 533) .... done (Time = 0.00s, Memory = 0.0K)
Checking Rule SGDC_fifo12 (Rule 220 of total 533) .... done (Time = 0.00s, Memory = 0.0K)
Checking Rule SGDC_fifo13 (Rule 221 of total 533) .... done (Time = 0.00s, Memory = 0.0K)
Checking Rule SGDC_fifo14 (Rule 222 of total 533) .... done (Time = 0.00s, Memory = 0.0K)
Checking Rule _debugData (Rule 223 of total 533) .... done (Time = 0.07s, Memory = 608.0K)
Checking Rule _auto_dom_abstraction (Rule 224 of total 533) .... done (Time = 0.00s, Memory = 0.0K)
Checking Rule Ac_Sync_Init (Rule 225 of total 533) .... done (Time = 0.00s, Memory = 0.0K)
Checking Rule Clockmatrix01_Init (Rule 226 of total 533) .... done (Time = 0.00s, Memory = 0.0K)
Checking Rule _resetDeassertStable (Rule 227 of total 533) .... done (Time = 0.00s, Memory = 0.0K)
Checking Rule Ar_Cross_Init (Rule 228 of total 533) .... done (Time = 0.00s, Memory = 0.0K)
Checking Rule SGDC_clockreset03 (Rule 229 of total 533) .... done (Time = 0.00s, Memory = 0.0K)
Checking Rule SGDC_cdc_define_transition01 (Rule 230 of total 533) .... done (Time = 0.00s, Memory = 0.0K)
Checking Rule SGDC_cdc_glitch_end_point (Rule 231 of total 533) .... done (Time = 0.00s, Memory = 0.0K)
Checking Rule CdcAttributeSetup (Rule 232 of total 533) .... done (Time = 0.00s, Memory = 0.0K)
Checking Rule SGDC_multiple_virtual_clock01 (Rule 233 of total 533) .... done (Time = 0.00s, Memory = 0.0K)
Checking Rule Param_SCAValidation (Rule 234 of total 533) .... done (Time = 0.00s, Memory = 0.0K)
Checking Rule SGDC_reset_filter_path_validation_Init (Rule 235 of total 533) .... done (Time = 0.00s, Memory = 0.0K)
Checking Rule SGDC_block_abstract_config_validation (Rule 236 of total 533) .... done (Time = 0.00s, Memory = 0.0K)
Checking Rule UPF_lowpower08PR (Rule 237 of total 533) .... done (Time = 0.00s, Memory = 0.0K)
Checking Rule UPF_lowpower08 (Rule 238 of total 533) .... done (Time = 0.00s, Memory = 0.0K)
Checking Rule Setup_check01 (Rule 239 of total 533) .... done (Time = 0.00s, Memory = 0.0K)
Checking Rule Setup_check02 (Rule 240 of total 533) .... done (Time = 0.00s, Memory = 0.0K)
Checking Rule Info_Case_Analysis (Rule 241 of total 533) .... done (Time = 0.00s, Memory = 120.0K)
Checking Rule SGDC_set_case_analysis_LC (Rule 242 of total 533) .... done (Time = 0.00s, Memory = 0.0K)
Checking Rule SGDC_input02 (Rule 243 of total 533) .... done (Time = 0.00s, Memory = 0.0K)
Checking Rule SGDC_output02 (Rule 244 of total 533) .... done (Time = 0.00s, Memory = 0.0K)
Checking Rule SGDC_clock_relation01 (Rule 245 of total 533) .... done (Time = 0.00s, Memory = 0.0K)
Checking Rule SGDC_quasi_static02 (Rule 246 of total 533) .... done (Time = 0.00s, Memory = 0.0K)
Checking Rule SGDC_quasi_static04 (Rule 247 of total 533) .... done (Time = 0.00s, Memory = 0.0K)
Checking Rule Setup_quasi_static01 (Rule 248 of total 533) .... done (Time = 0.00s, Memory = 128.0K)
Checking Rule SGDC_glitch_multi_src_unate_check01 (Rule 249 of total 533) .... done (Time = 0.00s, Memory = 0.0K)
Checking Rule SGDC_glitch_multi_src_unate_check02 (Rule 250 of total 533) .... done (Time = 0.00s, Memory = 0.0K)
Checking Rule SGDC_signal_in_domain02 (Rule 251 of total 533) .... done (Time = 0.00s, Memory = 0.0K)
Checking Rule SGDC_signal_in_domain04 (Rule 252 of total 533) .... done (Time = 0.00s, Memory = 0.0K)
Checking Rule SGDC_numflops03c (Rule 253 of total 533) .... done (Time = 0.00s, Memory = 0.0K)
Checking Rule SGDC_numflops04 (Rule 254 of total 533) .... done (Time = 0.00s, Memory = 0.0K)
Checking Rule SGDC_numflops05 (Rule 255 of total 533) .... done (Time = 0.00s, Memory = 0.0K)
Checking Rule SGDC_numflops06 (Rule 256 of total 533) .... done (Time = 0.00s, Memory = 0.0K)
Checking Rule SGDC_numflops11 (Rule 257 of total 533) .... done (Time = 0.00s, Memory = 0.0K)
Checking Rule SGDC_numflops13 (Rule 258 of total 533) .... done (Time = 0.00s, Memory = 0.0K)
Checking Rule SGDC_numflops14 (Rule 259 of total 533) .... done (Time = 0.00s, Memory = 0.0K)
Checking Rule SGDC_numflops15 (Rule 260 of total 533) .... done (Time = 0.00s, Memory = 0.0K)
Checking Rule SGDC_numflops16 (Rule 261 of total 533) .... done (Time = 0.00s, Memory = 0.0K)
Checking Rule SGDC_clocksense02 (Rule 262 of total 533) .... done (Time = 0.00s, Memory = 0.0K)
Checking Rule SGDC_clocksense03 (Rule 263 of total 533) .... done (Time = 0.00s, Memory = 0.0K)
Checking Rule SGDC_sgclkgroup01 (Rule 264 of total 533) .... done (Time = 0.00s, Memory = 0.0K)
Checking Rule SGDC_sgclkgroup02 (Rule 265 of total 533) .... done (Time = 0.00s, Memory = 0.0K)
Checking Rule SGDC_sgclkgroup03 (Rule 266 of total 533) .... done (Time = 0.00s, Memory = 0.0K)
Checking Rule SGDC_clock_relation01a (Rule 267 of total 533) .... done (Time = 0.00s, Memory = 0.0K)
Checking Rule SGDC_clock_relation01b (Rule 268 of total 533) .... done (Time = 0.00s, Memory = 0.0K)
Checking Rule SGDC_clock_relation01c (Rule 269 of total 533) .... done (Time = 0.00s, Memory = 0.0K)
Checking Rule SGDC_clock_relation02a (Rule 270 of total 533) .... done (Time = 0.00s, Memory = 0.0K)
Checking Rule SGDC_clock_relation02b (Rule 271 of total 533) .... done (Time = 0.00s, Memory = 0.0K)
Checking Rule SGDC_clock_relation02c (Rule 272 of total 533) .... done (Time = 0.00s, Memory = 0.0K)
Checking Rule SGDC_clock_relation03b (Rule 273 of total 533) .... done (Time = 0.00s, Memory = 0.0K)
Checking Rule SGDC_clock_relation04b (Rule 274 of total 533) .... done (Time = 0.00s, Memory = 0.0K)
Checking Rule SGDC_clock_relation06b (Rule 275 of total 533) .... done (Time = 0.00s, Memory = 0.0K)
Checking Rule SGDC_clock_relation06c (Rule 276 of total 533) .... done (Time = 0.00s, Memory = 0.0K)
Checking Rule CheckClockRelationSetup (Rule 277 of total 533) .... done (Time = 0.00s, Memory = 0.0K)
Checking Rule SGDC_gray_signals01 (Rule 278 of total 533) .... done (Time = 0.00s, Memory = 0.0K)
Checking Rule SGDC_gray_signals02 (Rule 279 of total 533) .... done (Time = 0.00s, Memory = 0.0K)
Checking Rule SGDC_gray_signals03 (Rule 280 of total 533) .... done (Time = 0.00s, Memory = 0.0K)
Checking Rule SGDC_qualifier02a (Rule 281 of total 533) .... done (Time = 0.00s, Memory = 0.0K)
Checking Rule SGDC_qualifier02c (Rule 282 of total 533) .... done (Time = 0.00s, Memory = 0.0K)
Checking Rule SGDC_qualifier03a (Rule 283 of total 533) .... done (Time = 0.00s, Memory = 0.0K)
Checking Rule SGDC_qualifier03c (Rule 284 of total 533) .... done (Time = 0.00s, Memory = 0.0K)
Checking Rule SGDC_qualifier04 (Rule 285 of total 533) .... done (Time = 0.00s, Memory = 0.0K)
Checking Rule SGDC_qualifier05 (Rule 286 of total 533) .... done (Time = 0.00s, Memory = 0.0K)
Checking Rule SGDC_qualifier07 (Rule 287 of total 533) .... done (Time = 0.00s, Memory = 0.0K)
Checking Rule SGDC_qualifier08 (Rule 288 of total 533) .... done (Time = 0.00s, Memory = 0.0K)
Checking Rule SGDC_qualifier32a (Rule 289 of total 533) .... done (Time = 0.00s, Memory = 0.0K)
Checking Rule SGDC_qualifier32c (Rule 290 of total 533) .... done (Time = 0.00s, Memory = 0.0K)
Checking Rule SGDC_qualifier32d (Rule 291 of total 533) .... done (Time = 0.00s, Memory = 0.0K)
Checking Rule SGDC_qualifier33a (Rule 292 of total 533) .... done (Time = 0.00s, Memory = 0.0K)
Checking Rule SGDC_qualifier33c (Rule 293 of total 533) .... done (Time = 0.00s, Memory = 0.0K)
Checking Rule SGDC_qualifier33d (Rule 294 of total 533) .... done (Time = 0.00s, Memory = 0.0K)
Checking Rule SGDC_qualifier35 (Rule 295 of total 533) .... done (Time = 0.00s, Memory = 0.0K)
Checking Rule QualifierSetup (Rule 296 of total 533) .... done (Time = 0.00s, Memory = 0.0K)
Checking Rule SGDC_same_domain_signals01 (Rule 297 of total 533) .... done (Time = 0.00s, Memory = 0.0K)
Checking Rule ResetSynchronizerSetup (Rule 298 of total 533) .... done (Time = 0.00s, Memory = 0.0K)
Checking Rule SGDC_cdc_waive04 (Rule 299 of total 533) .... done (Time = 0.00s, Memory = 0.0K)
Checking Rule SGDC_cdc_waive05 (Rule 300 of total 533) .... done (Time = 0.00s, Memory = 0.0K)
Checking Rule SGDC_cdc_waive06 (Rule 301 of total 533) .... done (Time = 0.00s, Memory = 0.0K)
Checking Rule SGDC_cdc_waive07 (Rule 302 of total 533) .... done (Time = 0.00s, Memory = 0.0K)
Checking Rule SGDC_validation_filter_path03 (Rule 303 of total 533) .... done (Time = 0.00s, Memory = 0.0K)
Checking Rule SGDC_qualifier09 (Rule 304 of total 533) .... done (Time = 0.00s, Memory = 0.0K)
Checking Rule SGDC_qualifier10 (Rule 305 of total 533) .... done (Time = 0.00s, Memory = 0.0K)
Checking Rule SGDC_qualifier11 (Rule 306 of total 533) .... done (Time = 0.00s, Memory = 0.0K)
Checking Rule SGDC_qualifier12 (Rule 307 of total 533) .... done (Time = 0.00s, Memory = 0.0K)
Checking Rule SGDC_qualifier13 (Rule 308 of total 533) .... done (Time = 0.00s, Memory = 0.0K)
Checking Rule SGDC_qualifier14 (Rule 309 of total 533) .... done (Time = 0.00s, Memory = 0.0K)
Checking Rule SGDC_qualifier16 (Rule 310 of total 533) .... done (Time = 0.00s, Memory = 0.0K)
Checking Rule SGDC_qualifier18 (Rule 311 of total 533) .... done (Time = 0.00s, Memory = 0.0K)
Checking Rule SGDC_qualifier19a (Rule 312 of total 533) .... done (Time = 0.00s, Memory = 0.0K)
Checking Rule SGDC_qualifier19b (Rule 313 of total 533) .... done (Time = 0.00s, Memory = 0.0K)
Checking Rule SGDC_qualifier19c (Rule 314 of total 533) .... done (Time = 0.00s, Memory = 0.0K)
Checking Rule SGDC_qualifier20b (Rule 315 of total 533) .... done (Time = 0.00s, Memory = 0.0K)
Checking Rule SGDC_qualifier21 (Rule 316 of total 533) .... done (Time = 0.00s, Memory = 0.0K)
Checking Rule SGDC_qualifier22 (Rule 317 of total 533) .... done (Time = 0.00s, Memory = 0.0K)
Checking Rule SGDC_qualifier23 (Rule 318 of total 533) .... done (Time = 0.00s, Memory = 0.0K)
Checking Rule SGDC_qualifier24 (Rule 319 of total 533) .... done (Time = 0.00s, Memory = 0.0K)
Checking Rule SGDC_qualifier25 (Rule 320 of total 533) .... done (Time = 0.00s, Memory = 0.0K)
Checking Rule SGDC_qualifier26 (Rule 321 of total 533) .... done (Time = 0.00s, Memory = 0.0K)
Checking Rule SGDC_qualifier27 (Rule 322 of total 533) .... done (Time = 0.00s, Memory = 0.0K)
Checking Rule SGDC_qualifier28 (Rule 323 of total 533) .... done (Time = 0.00s, Memory = 0.0K)
Checking Rule SGDC_qualifier30 (Rule 324 of total 533) .... done (Time = 0.00s, Memory = 0.0K)
Checking Rule SGDC_qualifier31 (Rule 325 of total 533) .... done (Time = 0.00s, Memory = 0.0K)
Checking Rule SGDC_virtualclock01 (Rule 326 of total 533) .... done (Time = 0.00s, Memory = 0.0K)
Checking Rule SGDC_virtualclock02 (Rule 327 of total 533) .... done (Time = 0.00s, Memory = 0.0K)
Checking Rule SGDC_virtualreset01 (Rule 328 of total 533) .... done (Time = 0.00s, Memory = 0.0K)
Checking Rule SGDC_abstract_port19 (Rule 329 of total 533) .... done (Time = 0.00s, Memory = 0.0K)
Checking Rule SGDC_abstract_port20 (Rule 330 of total 533) .... done (Time = 0.00s, Memory = 0.0K)
Checking Rule SGDC_abstract_port25 (Rule 331 of total 533) .... done (Time = 0.00s, Memory = 0.0K)
Checking Rule SGDC_abstract_port23 (Rule 332 of total 533) .... done (Time = 0.00s, Memory = 0.0K)
Checking Rule SGDC_abstract_port24 (Rule 333 of total 533) .... done (Time = 0.00s, Memory = 0.0K)
Checking Rule SGDC_abstract_port25a (Rule 334 of total 533) .... done (Time = 0.00s, Memory = 0.0K)
Checking Rule SGDC_abstract_port25b (Rule 335 of total 533) .... done (Time = 0.00s, Memory = 0.0K)
Checking Rule SGDC_abstract_port28 (Rule 336 of total 533) .... done (Time = 0.00s, Memory = 0.0K)
Checking Rule RFPSetup (Rule 337 of total 533) .... done (Time = 0.00s, Memory = 0.0K)
Checking Rule SGDC_quasi_static_rdc01a (Rule 338 of total 533) .... done (Time = 0.00s, Memory = 0.0K)
Checking Rule SGDC_quasi_static_rdc01b (Rule 339 of total 533) .... done (Time = 0.00s, Memory = 0.0K)
Checking Rule SGDC_quasi_static_rdc01c (Rule 340 of total 533) .... done (Time = 0.00s, Memory = 0.0K)
Checking Rule QuasiStaticRdcSetup (Rule 341 of total 533) .... done (Time = 0.00s, Memory = 0.0K)
Checking Rule SGDC_quasi_static_rdc02 (Rule 342 of total 533) .... done (Time = 0.00s, Memory = 0.0K)
Checking Rule SGDC_quasi_static_rdc03 (Rule 343 of total 533) .... done (Time = 0.00s, Memory = 0.0K)
Checking Rule SGDC_quasi_static_rdc04 (Rule 344 of total 533) .... done (Time = 0.00s, Memory = 0.0K)
Checking Rule SGDC_quasi_static_rdc05 (Rule 345 of total 533) .... done (Time = 0.00s, Memory = 0.0K)
Checking Rule SGDC_reset_filter_path02a (Rule 346 of total 533) .... done (Time = 0.00s, Memory = 0.0K)
Checking Rule SGDC_reset_filter_path02b (Rule 347 of total 533) .... done (Time = 0.00s, Memory = 0.0K)
Checking Rule SGDC_reset_filter_path02c (Rule 348 of total 533) .... done (Time = 0.00s, Memory = 0.0K)
Checking Rule SGDC_reset_filter_path03a (Rule 349 of total 533) .... done (Time = 0.00s, Memory = 0.0K)
Checking Rule SGDC_reset_filter_path03b (Rule 350 of total 533) .... done (Time = 0.00s, Memory = 0.0K)
Checking Rule SGDC_reset_filter_path03c (Rule 351 of total 533) .... done (Time = 0.00s, Memory = 0.0K)
Checking Rule SGDC_reset_filter_path04b (Rule 352 of total 533) .... done (Time = 0.00s, Memory = 0.0K)
Checking Rule SGDC_reset_filter_path05a (Rule 353 of total 533) .... done (Time = 0.00s, Memory = 0.0K)
Checking Rule SGDC_reset_filter_path06a (Rule 354 of total 533) .... done (Time = 0.00s, Memory = 0.0K)
Checking Rule SGDC_reset_filter_path07a (Rule 355 of total 533) .... done (Time = 0.00s, Memory = 0.0K)
Checking Rule SGDC_reset_filter_path07b (Rule 356 of total 533) .... done (Time = 0.00s, Memory = 0.0K)
Checking Rule SGDC_reset_filter_path07c (Rule 357 of total 533) .... done (Time = 0.00s, Memory = 0.0K)
Checking Rule SGDC_reset_filter_path08a (Rule 358 of total 533) .... done (Time = 0.00s, Memory = 0.0K)
Checking Rule SGDC_reset_filter_path08b (Rule 359 of total 533) .... done (Time = 0.00s, Memory = 0.0K)
Checking Rule SGDC_reset_filter_path09a (Rule 360 of total 533) .... done (Time = 0.00s, Memory = 0.0K)
Checking Rule SGDC_reset_filter_path10 (Rule 361 of total 533) .... done (Time = 0.00s, Memory = 0.0K)
Checking Rule SGDC_define_reset_order03 (Rule 362 of total 533) .... done (Time = 0.00s, Memory = 0.0K)
Checking Rule SGDC_define_reset_order04 (Rule 363 of total 533) .... done (Time = 0.00s, Memory = 0.0K)
Checking Rule SGDC_define_reset_order05 (Rule 364 of total 533) .... done (Time = 0.00s, Memory = 0.0K)
Checking Rule SGDC_define_reset_order06 (Rule 365 of total 533) .... done (Time = 0.00s, Memory = 0.0K)
Checking Rule Clock_info01 (Rule 366 of total 533) .... done (Time = 0.01s, Memory = -8.0K)
Checking Rule SGDC_virtualclock03 (Rule 367 of total 533) .... done (Time = 0.00s, Memory = 0.0K)
Checking Rule SGDC_cdc_false_path06 (Rule 368 of total 533) .... done (Time = 0.00s, Memory = 0.0K)
Checking Rule SGDC_cdc_false_path07 (Rule 369 of total 533) .... done (Time = 0.00s, Memory = 0.0K)
Checking Rule SGDC_cdc_false_path08 (Rule 370 of total 533) .... done (Time = 0.00s, Memory = 0.0K)
Checking Rule SGDC_cdc_false_path09 (Rule 371 of total 533) .... done (Time = 0.00s, Memory = 0.0K)
Checking Rule SGDC_cdc_false_path10 (Rule 372 of total 533) .... done (Time = 0.00s, Memory = 0.0K)
Checking Rule SGDC_cdc_false_path11 (Rule 373 of total 533) .... done (Time = 0.00s, Memory = 0.0K)
Checking Rule CDCSet_License01 (Rule 374 of total 533) .... done (Time = 0.00s, Memory = 0.0K)
Checking Rule Clock_info03a (Rule 375 of total 533) .... done (Time = 0.00s, Memory = 0.0K)
Checking Rule Clock_info03b (Rule 376 of total 533) .... done (Time = 0.01s, Memory = 0.0K)
Checking Rule Clock_info03c (Rule 377 of total 533) .... done (Time = 0.01s, Memory = 0.0K)
Checking Rule Ac_coherency06 (Rule 378 of total 533) .... done (Time = 0.00s, Memory = 0.0K)
Checking Rule Ac_unsync01 (Rule 379 of total 533) .... done (Time = 0.00s, Memory = 0.0K)
Checking Rule Ac_unsync02 (Rule 380 of total 533) .... done (Time = 0.00s, Memory = 0.0K)
Checking Rule Ac_sync01 (Rule 381 of total 533) .... done (Time = 0.00s, Memory = 0.0K)
Checking Rule Ac_sync02 (Rule 382 of total 533) .... done (Time = 0.00s, Memory = 0.0K)
Checking Rule Ac_crossing01 (Rule 383 of total 533) .... done (Time = 0.00s, Memory = 0.0K)
Checking Rule Reset_info01 (Rule 384 of total 533) .... done (Time = 0.04s, Memory = 2480.0K)
Checking Rule Propagate_Resets (Rule 385 of total 533) .... done (Time = 0.01s, Memory = -16.0K)
Checking Rule _reset_sync (Rule 386 of total 533) .... done (Time = 0.00s, Memory = 0.0K)
Checking Rule Setup_port01 (Rule 387 of total 533) .... done (Time = 0.00s, Memory = 0.0K)
Checking Rule Setup_blackbox01 (Rule 388 of total 533) .... done (Time = 0.00s, Memory = 0.0K)
Checking Rule Setup_library01 (Rule 389 of total 533) .... done (Time = 0.00s, Memory = 0.0K)
Checking Rule Reset_check11 (Rule 390 of total 533) .... done (Time = 0.06s, Memory = -2208.0K)
Checking Rule Reset_info09a (Rule 391 of total 533) .... done (Time = 0.00s, Memory = 0.0K)
Checking Rule Reset_check12 (Rule 392 of total 533) .... done (Time = 0.04s, Memory = 2168.0K)
Checking Rule Clock_sync05 (Rule 393 of total 533) .... done (Time = 0.00s, Memory = 0.0K)
Checking Rule Clock_sync06 (Rule 394 of total 533) .... done (Time = 0.05s, Memory = 0.0K)
Checking Rule Clock_sync05a (Rule 395 of total 533) .... done (Time = 0.00s, Memory = 0.0K)
Checking Rule Clock_sync06a (Rule 396 of total 533) .... done (Time = 0.00s, Memory = 0.0K)
Checking Rule Clock_info05c (Rule 397 of total 533) .... done (Time = 0.00s, Memory = 0.0K)
Checking Rule Clock_glitch_init (Rule 398 of total 533) .... done (Time = 0.00s, Memory = 0.0K)
Checking Rule FilterClockOverlapSetup (Rule 399 of total 533) .... done (Time = 0.00s, Memory = 0.0K)
Checking Rule Reset_check03 (Rule 400 of total 533) .... done (Time = 0.00s, Memory = 0.0K)
Checking Rule _clkWrapModules (Rule 401 of total 533) .... done (Time = 0.00s, Memory = 0.0K)
Checking Rule _clock_hier_rules (Rule 402 of total 533) .... done (Time = 0.00s, Memory = 0.0K)
Checking Rule Ar_sync_init (Rule 403 of total 533) .... done (Time = 0.04s, Memory = 312.0K)
Checking Rule _constrCoverage (Rule 404 of total 533) .... done (Time = 0.01s, Memory = 0.0K)
Checking Rule Clock_info15 (Rule 405 of total 533) .... done (Time = 0.10s, Memory = 0.0K)
Checking Rule Reset_sync02 (Rule 406 of total 533) .... done (Time = 0.00s, Memory = 0.0K)
Checking Rule SGDC_clockreset02 (Rule 407 of total 533) .... done (Time = 0.00s, Memory = 0.0K)
Checking Rule Param_clockreset02 (Rule 408 of total 533) .... done (Time = 0.00s, Memory = 0.0K)
Checking Rule Param_clockreset04 (Rule 409 of total 533) .... done (Time = 0.00s, Memory = 0.0K)
Checking Rule Setup_clockreset01 (Rule 410 of total 533) .... done (Time = 0.00s, Memory = 0.0K)
Checking Rule Clock_check07 (Rule 411 of total 533) .... done (Time = 0.00s, Memory = 0.0K)
Checking Rule Clock_check10 (Rule 412 of total 533) .... done (Time = 0.00s, Memory = 0.0K)
Checking Rule Reset_check08 (Rule 413 of total 533) .... done (Time = 0.00s, Memory = 0.0K)
Checking Rule DeltaDelaySetup01 (Rule 414 of total 533) .... done (Time = 0.00s, Memory = 0.0K)
Checking Rule Clock_converge01 (Rule 415 of total 533) .... done (Time = 0.00s, Memory = 0.0K)
Checking Rule Ar_converge01 (Rule 416 of total 533) .... done (Time = 0.02s, Memory = 0.0K)
Checking Rule SGDC_noclockcell_start01 (Rule 417 of total 533) .... done (Time = 0.00s, Memory = 0.0K)
Checking Rule Ac_initseq01 (Rule 418 of total 533) .... done (Time = 0.00s, Memory = 0.0K)
Checking Rule Ac_init01 (Rule 419 of total 533) .... done (Time = 0.00s, Memory = 0.0K)
Checking Rule _ac_Auxi01 (Rule 420 of total 533) .... done (Time = 0.00s, Memory = 0.0K)
Checking Rule Ac_sanity02 (Rule 421 of total 533) .... done (Time = 0.00s, Memory = 0.0K)
Checking Rule _glitch_init (Rule 422 of total 533) .... done (Time = 0.00s, Memory = 0.0K)
Checking Rule Ac_initstate01 (Rule 423 of total 533) .... done (Time = 0.00s, Memory = 0.0K)
Checking Rule Ac_conv02 (Rule 424 of total 533) .... done (Time = 0.00s, Memory = 0.0K)
Checking Rule Ac_conv01 (Rule 425 of total 533) .... done (Time = 0.00s, Memory = 0.0K)
Checking Rule Ac_conv03 (Rule 426 of total 533) .... done (Time = 0.00s, Memory = 0.0K)
Checking Rule Ac_conv02setup01 (Rule 427 of total 533) .... done (Time = 0.00s, Memory = 0.0K)
Checking Rule Ac_conv01a (Rule 428 of total 533) .... done (Time = 0.00s, Memory = 0.0K)
Checking Rule Ac_conv02a (Rule 429 of total 533) .... done (Time = 0.00s, Memory = 0.0K)
Checking Rule Ac_conv03a (Rule 430 of total 533) .... done (Time = 0.00s, Memory = 0.0K)
Checking Rule Ac_conv04 (Rule 431 of total 533) .... done (Time = 0.00s, Memory = 0.0K)
Checking Rule Ac_abs01 (Rule 432 of total 533) .... done (Time = 0.00s, Memory = 0.0K)
Checking Rule Ac_glitch03 (Rule 433 of total 533) .... done (Time = 0.00s, Memory = 0.0K)
Checking Rule AllowComboLogicSetup (Rule 434 of total 533) .... done (Time = 0.00s, Memory = 0.0K)
Checking Rule Ac_resetvalue01 (Rule 435 of total 533) .... done (Time = 0.00s, Memory = 0.0K)
Checking Rule Ac_abstract_validation02 (Rule 436 of total 533) .... done (Time = 0.00s, Memory = 0.0K)
Checking Rule SGDC_abstract_mapping01 (Rule 437 of total 533) .... done (Time = 0.00s, Memory = 0.0K)
Checking Rule Ac_upfsetup02 (Rule 438 of total 533) .... done (Time = 0.00s, Memory = 0.0K)
Checking Rule Ac_upfsetup01 (Rule 439 of total 533) .... done (Time = 0.00s, Memory = 0.0K)
Checking Rule Ac_psync_init (Rule 440 of total 533) .... done (Time = 0.00s, Memory = 0.0K)
Checking Rule Ac_psetup01 (Rule 441 of total 533) .... done (Time = 0.00s, Memory = 0.0K)
Checking Rule Clock_glitch05_init (Rule 442 of total 533) .... done (Time = 0.00s, Memory = 0.0K)
Checking Rule SGDC_reset_synchronizer02 (Rule 443 of total 533) .... done (Time = 0.00s, Memory = 0.0K)
Checking Rule SGDC_reset_synchronizer04 (Rule 444 of total 533) .... done (Time = 0.00s, Memory = 0.0K)
Checking Rule SGDC_reset_synchronizer06 (Rule 445 of total 533) .... done (Time = 0.00s, Memory = 0.0K)
Checking Rule SGDC_reset_synchronizer08 (Rule 446 of total 533) .... done (Time = 0.00s, Memory = 0.0K)
Checking Rule SGDC_reset_synchronizer10 (Rule 447 of total 533) .... done (Time = 0.00s, Memory = 0.0K)
Checking Rule SGDC_abstract_module01 (Rule 448 of total 533) .... done (Time = 0.00s, Memory = 0.0K)
Checking Rule SGDC_abstract_module04 (Rule 449 of total 533) .... done (Time = 0.00s, Memory = 0.0K)
Checking Rule SGDC_abstract_module05 (Rule 450 of total 533) .... done (Time = 0.00s, Memory = 0.0K)
Checking Rule SGDC_abstract_module06 (Rule 451 of total 533) .... done (Time = 0.00s, Memory = 0.0K)
Checking Rule SGDC_abstract_module07 (Rule 452 of total 533) .... done (Time = 0.00s, Memory = 0.0K)
Checking Rule Propagate_DataAsReset (Rule 453 of total 533) .... done (Time = 0.00s, Memory = 0.0K)
Checking Rule DataAsReset_setup01 (Rule 454 of total 533) .... done (Time = 0.00s, Memory = 0.0K)
Checking Rule DataAsReset_setup02 (Rule 455 of total 533) .... done (Time = 0.00s, Memory = 0.0K)
Checking Rule DataAsReset_setup03 (Rule 456 of total 533) .... done (Time = 0.00s, Memory = 0.0K)
Checking Rule DataAsReset_setup04 (Rule 457 of total 533) .... done (Time = 0.00s, Memory = 0.0K)
Checking Rule Ac_report01 (Rule 458 of total 533) .... done (Time = 0.00s, Memory = 0.0K)
Checking Rule Clock_exit01 (Rule 459 of total 533) .... done (Time = 0.00s, Memory = 0.0K)
Checking Rule AnalyzeBBox (Rule 460 of total 533) .... done (Time = 0.00s, Memory = 0.0K)
Checking Rule ViolationLimitReached (Rule 99 of total 533) .... done (Time = 0.00s, Memory = 0.0K)
Checking Rule ReportCheckDataSummary (Rule 100 of total 533) .... done (Time = 0.00s, Memory = 0.0K)

Generating data for Console...

SpyGlass Rule Checking Complete.

Generating moresimple report from './cpu_m1_phase_p_cdc_rdc_xprop/cpu_m1_top/cdc/cdc_verify_struct/spyglass.vdb' to './cpu_m1_phase_p_cdc_rdc_xprop/cpu_m1_top/cdc/cdc_verify_struct/spyglass_reports/moresimple.rpt' ....

Generating runsummary report from './cpu_m1_phase_p_cdc_rdc_xprop/cpu_m1_top/cdc/cdc_verify_struct/spyglass.vdb' ....

Generating no_msg_reporting_rules report from './cpu_m1_phase_p_cdc_rdc_xprop/cpu_m1_top/cdc/cdc_verify_struct/spyglass.vdb' to './cpu_m1_phase_p_cdc_rdc_xprop/cpu_m1_top/cdc/cdc_verify_struct/spyglass_reports/no_msg_reporting_rules.rpt' ....

Generating CDC-report report from './cpu_m1_phase_p_cdc_rdc_xprop/cpu_m1_top/cdc/cdc_verify_struct/spyglass.vdb' to './cpu_m1_phase_p_cdc_rdc_xprop/cpu_m1_top/cdc/cdc_verify_struct/spyglass_reports/CDC-report.rpt' ....

Generating waiver report from './cpu_m1_phase_p_cdc_rdc_xprop/cpu_m1_top/cdc/cdc_verify_struct/spyglass.vdb' to './cpu_m1_phase_p_cdc_rdc_xprop/cpu_m1_top/cdc/cdc_verify_struct/spyglass_reports/waiver.rpt' ....

Policy specific data (reports) are present in the directory './cpu_m1_phase_p_cdc_rdc_xprop/cpu_m1_top/cdc/cdc_verify_struct/spyglass_reports'.

SpyGlass critical reports for the current run are present in directory './cpu_m1_phase_p_cdc_rdc_xprop/consolidated_reports/cpu_m1_top_cdc_cdc_verify_struct/'.

---------------------------------------------------------------------------------------------
Results Summary:
---------------------------------------------------------------------------------------------
   Goal Run           :      cdc/cdc_verify_struct
   Command-line read  :      0 error,      0 warning,      0 information message 
   Design Read        :      0 error,      0 warning,      4 information messages
      Found 1 top module:
         cpu_m1_top   (file: ../../../IP/cpu_m1/rtl/cpu_m1_top.v)

   Blackbox Resolution:      0 error,      0 warning,      0 information message 
   SGDC Checks        :      0 error,      0 warning,      0 information message 
   Policy clock-reset :      0 error,      0 warning,     40 information messages
   -------------------------------------------------------------------------------------
   Total              :      0 error,      0 warning,     44 information messages

  Total Number of Generated Messages     :        46 (1 error, 1 warning, 44 Infos)
  Number of Waived Messages              :         2 (1 error, 1 warning, 0 Info)
  Number of Reported Messages            :        44 (0 error, 0 warning, 44 Infos)

---------------------------------------------------------------------------------------------


run_goal: info: updating spyglass.log with goal summary
---------------------------------------------------------------------------------------------------
Results Summary:
---------------------------------------------------------------------------------------------------
   Goal Run           :      cdc/cdc_verify_struct
   Top Module         :      cpu_m1_top
---------------------------------------------------------------------------------------------------
   Reports Directory: 
   /home/edauser/project/SOC/Magpie_M1A/flow/v2_pipeline/phase_p_cdc_rdc_xprop/cpu_m1_phase_p_cdc_rdc_xprop/consolidated_reports/cpu_m1_top_cdc_cdc_verify_struct/ 

   SpyGlass LogFile: 
    /home/edauser/project/SOC/Magpie_M1A/flow/v2_pipeline/phase_p_cdc_rdc_xprop/cpu_m1_phase_p_cdc_rdc_xprop/cpu_m1_top/cdc/cdc_verify_struct/spyglass.log 

   Standard Reports: 
     waiver.rpt          moresimple.rpt          no_msg_reporting_rules.rpt       

   HTML report:
    /home/edauser/project/SOC/Magpie_M1A/flow/v2_pipeline/phase_p_cdc_rdc_xprop/cpu_m1_phase_p_cdc_rdc_xprop/html_reports/goals_summary.html
  

   Technology Reports:    CDC( Advance CDC  Structrual Verification )
     CDC-report.rpt        
   
---------------------------------------------------------------------------------------------------
   Goal Violation Summary:
       Waived   Messages:                      1 Errors,      1 Warnings,      0 Infos
       Reported Messages:         0 Fatals,    0 Errors,      0 Warnings,     44 Infos
---------------------------------------------------------------------------------------------------
   
   Technology Summary: CDC( Advance CDC )   
       Unsynchronized clock domain crossings= 0
       Convergences= 0
---------------------------------------------------------------------------------------------------
 
run_goal: info: spyglass.log successfully updated with goal summary
run_goal: info: setting design top `cpu_m1_top' as current_design
run_goal: info: running goal rdc/rdc_verify_struct (-top cpu_m1_top)
current_goal: warning: design query data not saved for last active goal `cdc/cdc_verify_struct'
                       (use `save_goal' command or enable `auto_save' option to save design query data for subsequent goals)
current_goal: info: loading goal `rdc/rdc_verify_struct' with top `cpu_m1_top' (in progress)
current_goal: info: finished loading goal `rdc/rdc_verify_struct' (ok)

INFO:    SpyGlass will run goal(s) 'rdc/rdc_verify_struct'.


RULE-CHECKING IN MIXED MODE
Loading spyglass (SpyGlass_vX-2025.06-SP1) ... (picked from /soft/synopsys/spyglass/X-2025.06-SP1/SPYGLASS_HOME/policies/spyglass)
Loading clock-reset (SpyGlass_vX-2025.06-SP1) ... (picked from /soft/synopsys/spyglass/X-2025.06-SP1/SPYGLASS_HOME/policies/clock)
 Reading sgdc file "cdc_rdc_xprop.sgdc" ...
Performing unification checks on SGDC... done

INFO [76]    Using './cpu_m1_phase_p_cdc_rdc_xprop/cpu_m1_top/WORK/64' as the Work Directory for 64bit precompiled dump.
Checking Rule Param_clockreset07 (Rule 1 of total 479) .... done (Time = 0.00s, Memory = 0.0K)
Checking Rule Clock_setup01 (Rule 2 of total 479) .... done (Time = 0.00s, Memory = 256.0K)
Checking Rule Param_clockreset06 (Rule 3 of total 479) .... done (Time = 0.00s, Memory = 0.0K)
Checking Rule Param_clockreset08 (Rule 4 of total 479) .... done (Time = 0.00s, Memory = 0.0K)
Checking Rule SGDC_meta_monitor_attributes01 (Rule 5 of total 479) .... done (Time = 0.00s, Memory = 0.0K)
Checking Rule LP_POWERDATA_CHECK (Rule 6 of total 479) .... done (Time = 0.00s, Memory = 0.0K)
Checking Rule LP_POWERDATA_READ (Rule 7 of total 479) .... done (Time = 0.00s, Memory = 0.0K)
Checking Rule Ar_auxi01 (Rule 8 of total 479) .... done (Time = 0.00s, Memory = 0.0K)
Checking Rule PrecompileLibCheck01 (Rule 9 of total 479) .... done (Time = 0.00s, Memory = 0.0K)
Checking Rule PrecompileLibCheck02 (Rule 10 of total 479) .... done (Time = 0.00s, Memory = 0.0K)
Checking Rule PrecompileLibCheck03 (Rule 11 of total 479) .... done (Time = 0.00s, Memory = 0.0K)
Checking Rule PrecompileLibCheck04 (Rule 12 of total 479) .... done (Time = 0.00s, Memory = 0.0K)
Checking Rule ElabSummary (Rule 13 of total 479) .... done (Time = 0.00s, Memory = 0.0K)
Checking Rule AbstractInterface (Rule 14 of total 479) .... done (Time = 0.00s, Memory = 0.0K)
Checking Rule SGDC_assume_path01 (Rule 15 of total 479) .... done (Time = 0.00s, Memory = 0.0K)
Checking Rule SGDC_sdcschema02 (Rule 16 of total 479) .... done (Time = 0.00s, Memory = 0.0K)
Checking Rule SGDC_clock05 (Rule 17 of total 479) .... done (Time = 0.00s, Memory = 0.0K)
Checking Rule SGDC_clock09 (Rule 18 of total 479) .... done (Time = 0.00s, Memory = 0.0K)
Checking Rule SGDC_force_ta05 (Rule 19 of total 479) .... done (Time = 0.00s, Memory = 0.0K)
Checking Rule SGDC_require_path03 (Rule 20 of total 479) .... done (Time = 0.00s, Memory = 0.0K)
Checking Rule SGDC_require_value03 (Rule 21 of total 479) .... done (Time = 0.00s, Memory = 0.0K)
Checking Rule SGDC_voltagedomain05 (Rule 22 of total 479) .... done (Time = 0.00s, Memory = 0.0K)
Checking Rule SGDC_voltagedomain06 (Rule 23 of total 479) .... done (Time = 0.00s, Memory = 0.0K)
Checking Rule SGDC_voltagedomain07 (Rule 24 of total 479) .... done (Time = 0.00s, Memory = 0.0K)
Checking Rule SGDC_powerdomainoutputs02 (Rule 25 of total 479) .... done (Time = 0.00s, Memory = 0.0K)
Checking Rule SGDC_supply01 (Rule 26 of total 479) .... done (Time = 0.00s, Memory = 0.0K)
Checking Rule SGDC_waive01 (Rule 27 of total 479) .... done (Time = 0.00s, Memory = 0.0K)
Checking Rule SGDC_waive02 (Rule 28 of total 479) .... done (Time = 0.00s, Memory = 0.0K)
Checking Rule SGDC_waive03 (Rule 29 of total 479) .... done (Time = 0.00s, Memory = 0.0K)
Checking Rule SGDC_waive04 (Rule 30 of total 479) .... done (Time = 0.00s, Memory = 0.0K)
Checking Rule SGDC_waive05 (Rule 31 of total 479) .... done (Time = 0.00s, Memory = 0.0K)
Checking Rule SGDC_waive06 (Rule 32 of total 479) .... done (Time = 0.00s, Memory = 0.0K)
Checking Rule SGDC_waive07 (Rule 33 of total 479) .... done (Time = 0.00s, Memory = 0.0K)
Checking Rule SGDC_waive08 (Rule 34 of total 479) .... done (Time = 0.00s, Memory = 0.0K)
Checking Rule SGDC_waive09 (Rule 35 of total 479) .... done (Time = 0.00s, Memory = 0.0K)
Checking Rule SGDC_waive10 (Rule 36 of total 479) .... done (Time = 0.00s, Memory = 0.0K)
Checking Rule SGDC_waive11 (Rule 37 of total 479) .... done (Time = 0.00s, Memory = 0.0K)
Checking Rule SGDC_waive12 (Rule 38 of total 479) .... done (Time = 0.00s, Memory = 0.0K)
Checking Rule SGDC_waive13 (Rule 39 of total 479) .... done (Time = 0.00s, Memory = 0.0K)
Checking Rule SGDC_waive21 (Rule 40 of total 479) .... done (Time = 0.00s, Memory = 0.0K)
Checking Rule SGDC_waive22 (Rule 41 of total 479) .... done (Time = 0.00s, Memory = 0.0K)
Checking Rule SGDC_waive30 (Rule 42 of total 479) .... done (Time = 0.00s, Memory = 0.0K)
Checking Rule SGDC_waive32 (Rule 43 of total 479) .... done (Time = 0.00s, Memory = 0.0K)
Checking Rule SGDC_waive33 (Rule 44 of total 479) .... done (Time = 0.00s, Memory = 0.0K)
Checking Rule SGDC_waive36 (Rule 45 of total 479) .... done (Time = 0.00s, Memory = 0.0K)
Checking Rule SGDC_waive38 (Rule 46 of total 479) .... done (Time = 0.00s, Memory = 0.0K)
Checking Rule SGDC_fifo01 (Rule 47 of total 479) .... done (Time = 0.00s, Memory = 0.0K)
Checking Rule SGDC_libgroup01 (Rule 48 of total 479) .... done (Time = 0.00s, Memory = 0.0K)
Checking Rule SGDC_libgroup02 (Rule 49 of total 479) .... done (Time = 0.00s, Memory = 0.0K)
Checking Rule SGDC_libgroup04 (Rule 50 of total 479) .... done (Time = 0.00s, Memory = 0.0K)
Checking Rule SGDC_power_data01 (Rule 51 of total 479) .... done (Time = 0.00s, Memory = 0.0K)
Checking Rule SGDC_ungroup01 (Rule 52 of total 479) .... done (Time = 0.00s, Memory = 0.0K)
Checking Rule SGDC_abstract_port06 (Rule 53 of total 479) .... done (Time = 0.00s, Memory = 128.0K)
Checking Rule SGDC_abstract_port14 (Rule 54 of total 479) .... done (Time = 0.00s, Memory = 0.0K)
Checking Rule SGDC_abstract_port15 (Rule 55 of total 479) .... done (Time = 0.00s, Memory = 0.0K)
Checking Rule SGDC_abstract_port18 (Rule 56 of total 479) .... done (Time = 0.00s, Memory = 0.0K)
Checking Rule sdc_init_rule (Rule 57 of total 479) .... done (Time = 0.00s, Memory = 0.0K)
Checking Rule CMD_ignorelibs01 (Rule 58 of total 479) .... done (Time = 0.00s, Memory = 0.0K)
Checking Rule ReportRuleNotRun (Rule 59 of total 479) .... done (Time = 0.00s, Memory = 0.0K)
Checking Rule SGDC_generated_clock03 (Rule 60 of total 479) .... done (Time = 0.00s, Memory = 0.0K)
Checking Rule SGDC_generated_clock04 (Rule 61 of total 479) .... done (Time = 0.00s, Memory = 0.0K)
Checking Rule SGDC_generated_clock05 (Rule 62 of total 479) .... done (Time = 0.00s, Memory = 0.0K)
Checking Rule SGDC_quasi_static_style02 (Rule 63 of total 479) .... done (Time = 0.00s, Memory = 0.0K)
Checking Rule SGDC_syncresetstyle01 (Rule 64 of total 479) .... done (Time = 0.00s, Memory = 0.0K)
Checking Rule SGDC_network_allowed_cells01 (Rule 65 of total 479) .... done (Time = 0.00s, Memory = 0.0K)
Checking Rule SGDC_numflops01 (Rule 66 of total 479) .... done (Time = 0.00s, Memory = 0.0K)
Checking Rule SGDC_numflops07 (Rule 67 of total 479) .... done (Time = 0.00s, Memory = 128.0K)
Checking Rule SGDC_numflops08 (Rule 68 of total 479) .... done (Time = 0.00s, Memory = 0.0K)
Checking Rule SGDC_numflops09 (Rule 69 of total 479) .... done (Time = 0.00s, Memory = 0.0K)
Checking Rule SGDC_clocksense04 (Rule 70 of total 479) .... done (Time = 0.00s, Memory = 0.0K)
Checking Rule SGDC_reset_sense04 (Rule 71 of total 479) .... done (Time = 0.00s, Memory = 0.0K)
Checking Rule SGDC_reset_prop01 (Rule 72 of total 479) .... done (Time = 0.00s, Memory = 0.0K)
Checking Rule SGDC_sgclkgroup04 (Rule 73 of total 479) .... done (Time = 0.00s, Memory = 0.0K)
Checking Rule SGDC_clock_relation05a (Rule 74 of total 479) .... done (Time = 0.00s, Memory = 0.0K)
Checking Rule SGDC_clock_relation05b (Rule 75 of total 479) .... done (Time = 0.00s, Memory = 0.0K)
Checking Rule SGDC_sync_cell08a (Rule 76 of total 479) .... done (Time = 0.00s, Memory = 0.0K)
Checking Rule SGDC_sync_cell09a (Rule 77 of total 479) .... done (Time = 0.00s, Memory = 0.0K)
Checking Rule SGDC_glitch_free_mux_cell01 (Rule 78 of total 479) .... done (Time = 0.00s, Memory = 0.0K)
Checking Rule SGDC_qualifier06 (Rule 79 of total 479) .... done (Time = 0.00s, Memory = 0.0K)
Checking Rule SGDC_cdc_waive03 (Rule 80 of total 479) .... done (Time = 0.00s, Memory = 0.0K)
Checking Rule SGDC_qualifier15 (Rule 81 of total 479) .... done (Time = 0.00s, Memory = 0.0K)
Checking Rule SGDC_qualifier29 (Rule 82 of total 479) .... done (Time = 0.00s, Memory = 0.0K)
Checking Rule SGDC_allow_combo_logic01 (Rule 83 of total 479) .... done (Time = 0.00s, Memory = 0.0K)
Checking Rule SGDC_reset_filter_path01 (Rule 84 of total 479) .... done (Time = 0.00s, Memory = 0.0K)
Checking Rule SGDC_glitchfree_cell01 (Rule 85 of total 479) .... done (Time = 0.00s, Memory = 0.0K)
Checking Rule SGDC_cdc_false_path05 (Rule 86 of total 479) .... done (Time = 0.00s, Memory = 0.0K)
Checking Rule Param_clockreset05 (Rule 87 of total 479) .... done (Time = 0.00s, Memory = 0.0K)
Checking Rule Ac_sanity01 (Rule 88 of total 479) .... done (Time = 0.00s, Memory = 0.0K)
Checking Rule Ac_sanity06 (Rule 89 of total 479) .... done (Time = 0.00s, Memory = 0.0K)
Checking Rule Ac_license01 (Rule 90 of total 479) .... done (Time = 0.00s, Memory = 0.0K)
Checking Rule SGDC_reset_synchronizer07 (Rule 91 of total 479) .... done (Time = 0.00s, Memory = 0.0K)
Checking Rule SGDC_abstract_module02 (Rule 92 of total 479) .... done (Time = 0.00s, Memory = 0.0K)
 Reading waiver file "./cpu_m1_phase_p_cdc_rdc_xprop/cpu_m1_top/rdc/rdc_verify_struct/spyglass_spysch/waiver/pragma2Waiver.swl" ...
Checking Rule ReportStopSummary (Rule 93 of total 479) .... done (Time = 0.00s, Memory = 0.0K)
Checking Rule ReportIgnoreSummary (Rule 94 of total 479) .... done (Time = 0.00s, Memory = 0.0K)

INFO [235]    Restoring design database from directory './cpu_m1_phase_p_cdc_rdc_xprop/cpu_m1_top/.SG_SaveRestoreDB/autogenerated__default_snapshot' ...
              done

Checking Rule InferBlackBox (Rule 95 of total 479) .... done (Time = 0.00s, Memory = 0.0K)
Checking Rule checkCMD_mthresh (Rule 96 of total 479) .... done (Time = 0.00s, Memory = 0.0K)
Checking Rule SGDC_waive24 (Rule 97 of total 479) .... done (Time = 0.00s, Memory = 0.0K)
Checking Rule SGDC_waive25 (Rule 98 of total 479) .... done (Time = 0.00s, Memory = 0.0K)
Checking Rule SGDC_waive31 (Rule 99 of total 479) .... done (Time = 0.00s, Memory = 0.0K)
Checking Rule SGDC_waive37 (Rule 100 of total 479) .... done (Time = 0.00s, Memory = 0.0K)
Checking Rule DetectTopDesignUnits (Rule 101 of total 479)
 Detected 1 top level design units:
     cpu_m1_top
 .... done (Time = 0.00s, Memory = 0.0K)
Checking Rule GenerateConfMap (Rule 102 of total 479) .... done (Time = 0.00s, Memory = 128.0K)
Checking Rule Pragma_setupa for module lsu (Rule 103 of total 479) .... done (Time = 0.00s, Memory = 0.0K)
Checking Rule Pragma_setupa for module hazard (Rule 103 of total 479) .... done (Time = 0.00s, Memory = 0.0K)
Checking Rule Pragma_setupa for module csr (Rule 103 of total 479) .... done (Time = 0.00s, Memory = 0.0K)
Checking Rule Pragma_setupa for module pmp (Rule 103 of total 479) .... done (Time = 0.00s, Memory = 0.0K)
Checking Rule Pragma_setupa for module div (Rule 103 of total 479) .... done (Time = 0.00s, Memory = 0.0K)
Checking Rule Pragma_setupa for module mul (Rule 103 of total 479) .... done (Time = 0.00s, Memory = 0.0K)
Checking Rule Pragma_setupa for module alu (Rule 103 of total 479) .... done (Time = 0.00s, Memory = 0.0K)
Checking Rule Pragma_setupa for module bmu (Rule 103 of total 479) .... done (Time = 0.00s, Memory = 0.0K)
Checking Rule Pragma_setupa for module forward (Rule 103 of total 479) .... done (Time = 0.00s, Memory = 0.0K)
Checking Rule Pragma_setupa for module rfu (Rule 103 of total 479) .... done (Time = 0.00s, Memory = 0.0K)
Checking Rule Pragma_setupa for module idu (Rule 103 of total 479) .... done (Time = 0.00s, Memory = 0.0K)
Checking Rule Pragma_setupa for module ifu (Rule 103 of total 479) .... done (Time = 0.00s, Memory = 0.0K)
Checking Rule Pragma_setupa for module ras (Rule 103 of total 479) .... done (Time = 0.00s, Memory = 0.0K)
Checking Rule Pragma_setupa for module bp (Rule 103 of total 479) .... done (Time = 0.00s, Memory = 0.0K)
Checking Rule Pragma_setupa for module cdec (Rule 103 of total 479) .... done (Time = 0.00s, Memory = 0.0K)
Checking Rule Pragma_setupa for module core (Rule 103 of total 479) .... done (Time = 0.00s, Memory = 0.0K)
Checking Rule Pragma_setupa for module cpu_m1_top (Rule 103 of total 479) .... done (Time = 0.00s, Memory = 0.0K)
Performing semantic checks on SGDC contents
Checking Rule SGDC_testmode03 (Rule 104 of total 479) .... done (Time = 0.00s, Memory = 0.0K)
Checking Rule Pragma_setupb (Rule 105 of total 479) .... done (Time = 0.00s, Memory = 0.0K)
Checking Rule _vhMeta01 (Rule 106 of total 479) .... done (Time = 0.00s, Memory = 0.0K)
Checking Rule _meta_delay01 (Rule 107 of total 479) .... done (Time = 0.00s, Memory = 0.0K)
Checking Rule CheckCelldefine (Rule 108 of total 479) .... done (Time = 0.00s, Memory = 0.0K)
Checking Rule checkSGDC_01 (Rule 109 of total 479) .... done (Time = 0.00s, Memory = 0.0K)
Checking Rule checkSGDC_03 (Rule 110 of total 479) .... done (Time = 0.00s, Memory = 0.0K)
Checking Rule checkSGDC_08 (Rule 111 of total 479) .... done (Time = 0.00s, Memory = 0.0K)
Checking Rule SGDC_memorywritepin04 (Rule 112 of total 479) .... done (Time = 0.00s, Memory = 0.0K)
Checking Rule SGDC_reset02 (Rule 113 of total 479) .... done (Time = 0.00s, Memory = 0.0K)
Checking Rule SGDC_reset03 (Rule 114 of total 479) .... done (Time = 0.00s, Memory = 0.0K)
Checking Rule SGDC_waive23 (Rule 115 of total 479) .... done (Time = 0.00s, Memory = 0.0K)
Checking Rule SGDC_waive26 (Rule 116 of total 479) .... done (Time = 0.00s, Memory = 0.0K)
Checking Rule SGDC_waive27 (Rule 117 of total 479) .... done (Time = 0.00s, Memory = 0.0K)
Checking Rule SGDC_waive29 (Rule 118 of total 479) .... done (Time = 0.00s, Memory = 0.0K)
Checking Rule SGDC_libgroup03 (Rule 119 of total 479) .... done (Time = 0.00s, Memory = 0.0K)
Checking Rule SGDC_ungroup02 (Rule 120 of total 479) .... done (Time = 0.00s, Memory = 0.0K)
Checking Rule _abstractPortSGDC (Rule 121 of total 479) .... done (Time = 0.00s, Memory = 0.0K)
Checking Rule SGDC_abstract_port03 (Rule 122 of total 479) .... done (Time = 0.00s, Memory = 0.0K)
Checking Rule SGDC_abstract_port04 (Rule 123 of total 479) .... done (Time = 0.00s, Memory = 0.0K)
Checking Rule SGDC_abstract_port05 (Rule 124 of total 479) .... done (Time = 0.00s, Memory = 0.0K)
Checking Rule SGDC_abstract_port07 (Rule 125 of total 479) .... done (Time = 0.00s, Memory = 0.0K)
Checking Rule SGDC_abstract_port08 (Rule 126 of total 479) .... done (Time = 0.00s, Memory = 0.0K)
Checking Rule SGDC_abstract_port10 (Rule 127 of total 479) .... done (Time = 0.00s, Memory = 0.0K)
Checking Rule SGDC_abstract_port11 (Rule 128 of total 479) .... done (Time = 0.00s, Memory = 0.0K)
Checking Rule SGDC_abstract_port12 (Rule 129 of total 479) .... done (Time = 0.00s, Memory = 0.0K)
Checking Rule SGDC_abstract_port13 (Rule 130 of total 479) .... done (Time = 0.00s, Memory = 0.0K)
Checking Rule _cdc_save_license01 (Rule 131 of total 479) .... done (Time = 0.00s, Memory = 0.0K)
Checking Rule Ac_classify_param01 (Rule 132 of total 479) .... done (Time = 0.00s, Memory = 0.0K)
Checking Rule _syncResetStyleRTL (Rule 133 of total 479) .... done (Time = 0.00s, Memory = 0.0K)
Checking Rule _deltaDelay (Rule 134 of total 479) .... done (Time = 0.00s, Memory = 0.0K)
Checking Rule _deltaDelay (Rule 135 of total 479) .... done (Time = 0.00s, Memory = 0.0K)
Checking Rule _deltaDelayNom (Rule 136 of total 479) .... done (Time = 0.00s, Memory = 0.0K)
Checking Rule Ac_multitop01 (Rule 137 of total 479) .... done (Time = 0.00s, Memory = 0.0K)
Checking Rule AcOvlRtl (Rule 138 of total 479) .... done (Time = 0.00s, Memory = 0.0K)
Checking Rule AcOvlRtl (Rule 139 of total 479) .... done (Time = 0.00s, Memory = 0.0K)
Checking Rule Ac_svasetup01 (Rule 140 of total 479) .... done (Time = 0.00s, Memory = 0.0K)
Checking Rule ReportUngroup (Rule 141 of total 479) .... done (Time = 0.00s, Memory = 0.0K)
Checking Rule SGDC_allow_combo_logic02 (Rule 142 of total 479) .... done (Time = 0.00s, Memory = 0.0K)
Checking Rule _portRetenClocknReset (Rule 143 of total 479) .... done (Time = 0.00s, Memory = 0.0K)
Checking Rule _portReten (Rule 144 of total 479) .... done (Time = 0.00s, Memory = 0.0K)
Checking Rule SGDC_meta_design_hier01 (Rule 145 of total 479) .... done (Time = 0.00s, Memory = 0.0K)
Checking Rule LP_POWERDATA_INFO (Rule 146 of total 479) .... done (Time = 0.00s, Memory = 0.0K)
Checking Rule SGDC_abstract_port21 (Rule 147 of total 479) .... done (Time = 0.00s, Memory = 0.0K)
Checking Rule SGDC_input03 (Rule 148 of total 479) .... done (Time = 0.00s, Memory = 0.0K)
Checking Rule SGDC_output04 (Rule 149 of total 479) .... done (Time = 0.00s, Memory = 0.0K)
Checking Rule SGDC_numflops03a (Rule 150 of total 479) .... done (Time = 0.00s, Memory = 0.0K)
Checking Rule SGDC_numflops03b (Rule 151 of total 479) .... done (Time = 0.00s, Memory = 0.0K)
Checking Rule SGDC_numflops12 (Rule 152 of total 479) .... done (Time = 0.00s, Memory = 0.0K)
Checking Rule SGDC_sync_cell02b (Rule 153 of total 479) .... done (Time = 0.00s, Memory = 0.0K)
Checking Rule SGDC_sync_cell11 (Rule 154 of total 479) .... done (Time = 0.00s, Memory = 0.0K)
Checking Rule Ac_qualifier_depth (Rule 155 of total 479) .... done (Time = 0.00s, Memory = 0.0K)
Checking Rule LPwrRulesSetup (Rule 156 of total 479) .... done (Time = 0.00s, Memory = 0.0K)
Checking Rule SGDC_assume_path05 (Rule 157 of total 479) .... done (Time = 0.00s, Memory = 0.0K)
 Flattening cpu_m1_top (.lib instances separately flattened) ....
 Flattening completed
Checking Rule SGDC_clock_ref_clock01 (Rule 158 of total 479) .... done (Time = 0.00s, Memory = 0.0K)
Checking Rule SGDC_quasi_static_style01 (Rule 159 of total 479) .... done (Time = 0.00s, Memory = 0.0K)
Checking Rule CheckBackToBackSyncCellSetup (Rule 160 of total 479) .... done (Time = 0.00s, Memory = 0.0K)
Checking Rule SignalTypeSetup (Rule 161 of total 479) .... done (Time = 0.00s, Memory = 0.0K)
Checking Rule SGDC_qualifier34 (Rule 162 of total 479) .... done (Time = 0.00s, Memory = 0.0K)
Checking Rule SGDC_abstract_port27 (Rule 163 of total 479) .... done (Time = 0.00s, Memory = 0.0K)
Checking Rule _allowInst (Rule 164 of total 479) .... done (Time = 0.00s, Memory = 0.0K)
Checking Rule _ipblock (Rule 165 of total 479) .... done (Time = 0.00s, Memory = 0.0K)
Checking Rule _rstSyncCellInst (Rule 166 of total 479) .... done (Time = 0.00s, Memory = 0.0K)
Checking Rule _syncCellDelayedQualifier (Rule 167 of total 479) .... done (Time = 0.00s, Memory = 0.0K)
Checking Rule _repeaterCellInst (Rule 168 of total 479) .... done (Time = 0.00s, Memory = 0.0K)
Checking Rule _abstract_port (Rule 169 of total 479) .... done (Time = 0.00s, Memory = 0.0K)
Checking Rule SGDC_glitch_free_module01 (Rule 170 of total 479) .... done (Time = 0.00s, Memory = 0.0K)
Checking Rule Clock_setup02 (Rule 171 of total 479) .... done (Time = 0.03s, Memory = 2320.0K)
Checking Rule _propagate_cdcAttrib (Rule 172 of total 479) .... done (Time = 0.00s, Memory = 0.0K)
Checking Rule Clock_prop (Rule 173 of total 479) .... done (Time = 0.01s, Memory = 288.0K)
Checking Rule Reset_prop (Rule 174 of total 479) .... done (Time = 0.01s, Memory = 2000.0K)
Checking Rule SGDC_generated_clock06 (Rule 175 of total 479) .... done (Time = 0.00s, Memory = 0.0K)
Checking Rule SGDC_clock_sanity01 (Rule 176 of total 479) .... done (Time = 0.00s, Memory = 0.0K)
Checking Rule _sync_sanity (Rule 177 of total 479) .... done (Time = 0.00s, Memory = 0.0K)
Checking Rule _syncreset_prop (Rule 178 of total 479) .... done (Time = 0.00s, Memory = 0.0K)
Checking Rule Propagate_Clocks (Rule 179 of total 479) .... done (Time = 0.15s, Memory = 6800.0K)
Checking Rule _syncc (Rule 180 of total 479) .... done (Time = 0.00s, Memory = 0.0K)
Checking Rule _syncb (Rule 181 of total 479) .... done (Time = 0.00s, Memory = 0.0K)
Checking Rule _resetPathCross (Rule 182 of total 479) .... done (Time = 0.00s, Memory = 0.0K)
Checking Rule FalsePathSetup (Rule 183 of total 479) .... done (Time = 0.00s, Memory = 0.0K)
Checking Rule FalsePathSetupFieldIgnored (Rule 184 of total 479) .... done (Time = 0.00s, Memory = 0.0K)
Checking Rule _fifo01 (Rule 185 of total 479) .... done (Time = 0.00s, Memory = 0.0K)
Checking Rule _syncfifo (Rule 186 of total 479) .... done (Time = 0.00s, Memory = 0.0K)
Checking Rule _syncUDfifo (Rule 187 of total 479) .... done (Time = 0.00s, Memory = 0.0K)
Checking Rule _syncdw (Rule 188 of total 479) .... done (Time = 0.00s, Memory = 0.0K)
Checking Rule _syncd (Rule 189 of total 479) .... done (Time = 0.00s, Memory = 0.0K)
Checking Rule _syncg (Rule 190 of total 479) .... done (Time = 0.00s, Memory = 0.0K)
Checking Rule _sync_clock (Rule 191 of total 479) .... done (Time = 0.00s, Memory = 0.0K)
Checking Rule _sync_gp (Rule 192 of total 479) .... done (Time = 0.00s, Memory = 0.0K)
Checking Rule _sync_and (Rule 193 of total 479) .... done (Time = 0.00s, Memory = 0.0K)
Checking Rule _synci (Rule 194 of total 479) .... done (Time = 0.00s, Memory = 0.0K)
Checking Rule _sync_qualifier (Rule 195 of total 479) .... done (Time = 0.00s, Memory = 0.0K)
Checking Rule SGDC_fifo11 (Rule 196 of total 479) .... done (Time = 0.00s, Memory = 0.0K)
Checking Rule SGDC_fifo12 (Rule 197 of total 479) .... done (Time = 0.00s, Memory = 0.0K)
Checking Rule SGDC_fifo13 (Rule 198 of total 479) .... done (Time = 0.00s, Memory = 0.0K)
Checking Rule SGDC_fifo14 (Rule 199 of total 479) .... done (Time = 0.00s, Memory = 0.0K)
Checking Rule _debugData (Rule 200 of total 479) .... done (Time = 0.07s, Memory = 744.0K)
Checking Rule _auto_dom_abstraction (Rule 201 of total 479) .... done (Time = 0.00s, Memory = 0.0K)
Checking Rule Ac_Sync_Init (Rule 202 of total 479) .... done (Time = 0.00s, Memory = 0.0K)
Checking Rule Clockmatrix01_Init (Rule 203 of total 479) .... done (Time = 0.00s, Memory = 0.0K)
Checking Rule _resetDeassertStable (Rule 204 of total 479) .... done (Time = 0.00s, Memory = 0.0K)
Checking Rule Ar_Cross_Init (Rule 205 of total 479) .... done (Time = 0.00s, Memory = 0.0K)
Checking Rule SGDC_clockreset03 (Rule 206 of total 479) .... done (Time = 0.00s, Memory = 0.0K)
Checking Rule SGDC_cdc_define_transition01 (Rule 207 of total 479) .... done (Time = 0.00s, Memory = 0.0K)
Checking Rule SGDC_cdc_glitch_end_point (Rule 208 of total 479) .... done (Time = 0.00s, Memory = 0.0K)
Checking Rule CdcAttributeSetup (Rule 209 of total 479) .... done (Time = 0.00s, Memory = 0.0K)
Checking Rule SGDC_multiple_virtual_clock01 (Rule 210 of total 479) .... done (Time = 0.00s, Memory = 0.0K)
Checking Rule Param_SCAValidation (Rule 211 of total 479) .... done (Time = 0.00s, Memory = 0.0K)
Checking Rule SGDC_reset_filter_path_validation_Init (Rule 212 of total 479) .... done (Time = 0.00s, Memory = 0.0K)
Checking Rule SGDC_block_abstract_config_validation (Rule 213 of total 479) .... done (Time = 0.00s, Memory = 0.0K)
Checking Rule UPF_lowpower08PR (Rule 214 of total 479) .... done (Time = 0.00s, Memory = 0.0K)
Checking Rule UPF_lowpower08 (Rule 215 of total 479) .... done (Time = 0.00s, Memory = 0.0K)
Checking Rule Setup_check01 (Rule 216 of total 479) .... done (Time = 0.00s, Memory = 0.0K)
Checking Rule Setup_check02 (Rule 217 of total 479) .... done (Time = 0.00s, Memory = 0.0K)
Checking Rule Info_Case_Analysis (Rule 218 of total 479) .... done (Time = 0.01s, Memory = -8.0K)
Checking Rule SGDC_set_case_analysis_LC (Rule 219 of total 479) .... done (Time = 0.00s, Memory = 0.0K)
Checking Rule SGDC_input02 (Rule 220 of total 479) .... done (Time = 0.00s, Memory = 0.0K)
Checking Rule SGDC_output02 (Rule 221 of total 479) .... done (Time = 0.00s, Memory = 0.0K)
Checking Rule SGDC_clock_relation01 (Rule 222 of total 479) .... done (Time = 0.00s, Memory = 0.0K)
Checking Rule SGDC_quasi_static02 (Rule 223 of total 479) .... done (Time = 0.00s, Memory = 0.0K)
Checking Rule SGDC_quasi_static04 (Rule 224 of total 479) .... done (Time = 0.00s, Memory = 0.0K)
Checking Rule SGDC_glitch_multi_src_unate_check01 (Rule 225 of total 479) .... done (Time = 0.00s, Memory = 0.0K)
Checking Rule SGDC_glitch_multi_src_unate_check02 (Rule 226 of total 479) .... done (Time = 0.00s, Memory = 0.0K)
Checking Rule SGDC_signal_in_domain02 (Rule 227 of total 479) .... done (Time = 0.00s, Memory = 0.0K)
Checking Rule SGDC_signal_in_domain04 (Rule 228 of total 479) .... done (Time = 0.00s, Memory = 0.0K)
Checking Rule SGDC_numflops03c (Rule 229 of total 479) .... done (Time = 0.00s, Memory = 0.0K)
Checking Rule SGDC_numflops04 (Rule 230 of total 479) .... done (Time = 0.00s, Memory = 0.0K)
Checking Rule SGDC_numflops05 (Rule 231 of total 479) .... done (Time = 0.00s, Memory = 0.0K)
Checking Rule SGDC_numflops06 (Rule 232 of total 479) .... done (Time = 0.00s, Memory = 0.0K)
Checking Rule SGDC_numflops11 (Rule 233 of total 479) .... done (Time = 0.00s, Memory = 0.0K)
Checking Rule SGDC_numflops13 (Rule 234 of total 479) .... done (Time = 0.00s, Memory = 0.0K)
Checking Rule SGDC_numflops14 (Rule 235 of total 479) .... done (Time = 0.00s, Memory = 0.0K)
Checking Rule SGDC_numflops15 (Rule 236 of total 479) .... done (Time = 0.00s, Memory = 0.0K)
Checking Rule SGDC_numflops16 (Rule 237 of total 479) .... done (Time = 0.00s, Memory = 0.0K)
Checking Rule SGDC_clocksense02 (Rule 238 of total 479) .... done (Time = 0.00s, Memory = 0.0K)
Checking Rule SGDC_clocksense03 (Rule 239 of total 479) .... done (Time = 0.00s, Memory = 0.0K)
Checking Rule SGDC_sgclkgroup01 (Rule 240 of total 479) .... done (Time = 0.00s, Memory = 0.0K)
Checking Rule SGDC_sgclkgroup02 (Rule 241 of total 479) .... done (Time = 0.00s, Memory = 0.0K)
Checking Rule SGDC_sgclkgroup03 (Rule 242 of total 479) .... done (Time = 0.00s, Memory = 0.0K)
Checking Rule SGDC_clock_relation01a (Rule 243 of total 479) .... done (Time = 0.00s, Memory = 0.0K)
Checking Rule SGDC_clock_relation01b (Rule 244 of total 479) .... done (Time = 0.00s, Memory = 0.0K)
Checking Rule SGDC_clock_relation01c (Rule 245 of total 479) .... done (Time = 0.00s, Memory = 0.0K)
Checking Rule SGDC_clock_relation02a (Rule 246 of total 479) .... done (Time = 0.00s, Memory = 0.0K)
Checking Rule SGDC_clock_relation02b (Rule 247 of total 479) .... done (Time = 0.00s, Memory = 0.0K)
Checking Rule SGDC_clock_relation02c (Rule 248 of total 479) .... done (Time = 0.00s, Memory = 0.0K)
Checking Rule SGDC_clock_relation03b (Rule 249 of total 479) .... done (Time = 0.00s, Memory = 0.0K)
Checking Rule SGDC_clock_relation04b (Rule 250 of total 479) .... done (Time = 0.00s, Memory = 0.0K)
Checking Rule SGDC_clock_relation06b (Rule 251 of total 479) .... done (Time = 0.00s, Memory = 0.0K)
Checking Rule SGDC_clock_relation06c (Rule 252 of total 479) .... done (Time = 0.00s, Memory = 0.0K)
Checking Rule CheckClockRelationSetup (Rule 253 of total 479) .... done (Time = 0.00s, Memory = 0.0K)
Checking Rule SGDC_gray_signals01 (Rule 254 of total 479) .... done (Time = 0.00s, Memory = 0.0K)
Checking Rule SGDC_gray_signals02 (Rule 255 of total 479) .... done (Time = 0.00s, Memory = 0.0K)
Checking Rule SGDC_gray_signals03 (Rule 256 of total 479) .... done (Time = 0.00s, Memory = 0.0K)
Checking Rule SGDC_qualifier02a (Rule 257 of total 479) .... done (Time = 0.00s, Memory = 0.0K)
Checking Rule SGDC_qualifier02c (Rule 258 of total 479) .... done (Time = 0.00s, Memory = 0.0K)
Checking Rule SGDC_qualifier03a (Rule 259 of total 479) .... done (Time = 0.00s, Memory = 0.0K)
Checking Rule SGDC_qualifier03c (Rule 260 of total 479) .... done (Time = 0.00s, Memory = 0.0K)
Checking Rule SGDC_qualifier04 (Rule 261 of total 479) .... done (Time = 0.00s, Memory = 0.0K)
Checking Rule SGDC_qualifier05 (Rule 262 of total 479) .... done (Time = 0.00s, Memory = 0.0K)
Checking Rule SGDC_qualifier07 (Rule 263 of total 479) .... done (Time = 0.00s, Memory = 0.0K)
Checking Rule SGDC_qualifier08 (Rule 264 of total 479) .... done (Time = 0.00s, Memory = 0.0K)
Checking Rule SGDC_qualifier32a (Rule 265 of total 479) .... done (Time = 0.00s, Memory = 0.0K)
Checking Rule SGDC_qualifier32c (Rule 266 of total 479) .... done (Time = 0.00s, Memory = 0.0K)
Checking Rule SGDC_qualifier32d (Rule 267 of total 479) .... done (Time = 0.00s, Memory = 0.0K)
Checking Rule SGDC_qualifier33a (Rule 268 of total 479) .... done (Time = 0.00s, Memory = 0.0K)
Checking Rule SGDC_qualifier33c (Rule 269 of total 479) .... done (Time = 0.00s, Memory = 0.0K)
Checking Rule SGDC_qualifier33d (Rule 270 of total 479) .... done (Time = 0.00s, Memory = 0.0K)
Checking Rule SGDC_qualifier35 (Rule 271 of total 479) .... done (Time = 0.00s, Memory = 0.0K)
Checking Rule QualifierSetup (Rule 272 of total 479) .... done (Time = 0.00s, Memory = 0.0K)
Checking Rule SGDC_same_domain_signals01 (Rule 273 of total 479) .... done (Time = 0.00s, Memory = 0.0K)
Checking Rule ResetSynchronizerSetup (Rule 274 of total 479) .... done (Time = 0.00s, Memory = 0.0K)
Checking Rule SGDC_cdc_waive04 (Rule 275 of total 479) .... done (Time = 0.00s, Memory = 0.0K)
Checking Rule SGDC_cdc_waive05 (Rule 276 of total 479) .... done (Time = 0.00s, Memory = 0.0K)
Checking Rule SGDC_cdc_waive06 (Rule 277 of total 479) .... done (Time = 0.00s, Memory = 0.0K)
Checking Rule SGDC_cdc_waive07 (Rule 278 of total 479) .... done (Time = 0.00s, Memory = 0.0K)
Checking Rule SGDC_validation_filter_path03 (Rule 279 of total 479) .... done (Time = 0.00s, Memory = 0.0K)
Checking Rule SGDC_qualifier09 (Rule 280 of total 479) .... done (Time = 0.00s, Memory = 0.0K)
Checking Rule SGDC_qualifier10 (Rule 281 of total 479) .... done (Time = 0.00s, Memory = 0.0K)
Checking Rule SGDC_qualifier11 (Rule 282 of total 479) .... done (Time = 0.00s, Memory = 0.0K)
Checking Rule SGDC_qualifier12 (Rule 283 of total 479) .... done (Time = 0.00s, Memory = 0.0K)
Checking Rule SGDC_qualifier13 (Rule 284 of total 479) .... done (Time = 0.00s, Memory = 0.0K)
Checking Rule SGDC_qualifier14 (Rule 285 of total 479) .... done (Time = 0.00s, Memory = 0.0K)
Checking Rule SGDC_qualifier16 (Rule 286 of total 479) .... done (Time = 0.00s, Memory = 0.0K)
Checking Rule SGDC_qualifier18 (Rule 287 of total 479) .... done (Time = 0.00s, Memory = 0.0K)
Checking Rule SGDC_qualifier19a (Rule 288 of total 479) .... done (Time = 0.00s, Memory = 0.0K)
Checking Rule SGDC_qualifier19b (Rule 289 of total 479) .... done (Time = 0.00s, Memory = 0.0K)
Checking Rule SGDC_qualifier19c (Rule 290 of total 479) .... done (Time = 0.00s, Memory = 0.0K)
Checking Rule SGDC_qualifier20b (Rule 291 of total 479) .... done (Time = 0.00s, Memory = 0.0K)
Checking Rule SGDC_qualifier21 (Rule 292 of total 479) .... done (Time = 0.00s, Memory = 0.0K)
Checking Rule SGDC_qualifier22 (Rule 293 of total 479) .... done (Time = 0.00s, Memory = 0.0K)
Checking Rule SGDC_qualifier23 (Rule 294 of total 479) .... done (Time = 0.00s, Memory = 0.0K)
Checking Rule SGDC_qualifier24 (Rule 295 of total 479) .... done (Time = 0.00s, Memory = 0.0K)
Checking Rule SGDC_qualifier25 (Rule 296 of total 479) .... done (Time = 0.00s, Memory = 0.0K)
Checking Rule SGDC_qualifier26 (Rule 297 of total 479) .... done (Time = 0.00s, Memory = 0.0K)
Checking Rule SGDC_qualifier27 (Rule 298 of total 479) .... done (Time = 0.00s, Memory = 0.0K)
Checking Rule SGDC_qualifier28 (Rule 299 of total 479) .... done (Time = 0.00s, Memory = 0.0K)
Checking Rule SGDC_qualifier30 (Rule 300 of total 479) .... done (Time = 0.00s, Memory = 0.0K)
Checking Rule SGDC_qualifier31 (Rule 301 of total 479) .... done (Time = 0.00s, Memory = 0.0K)
Checking Rule SGDC_virtualclock01 (Rule 302 of total 479) .... done (Time = 0.00s, Memory = 0.0K)
Checking Rule SGDC_virtualclock02 (Rule 303 of total 479) .... done (Time = 0.00s, Memory = 0.0K)
Checking Rule SGDC_virtualreset01 (Rule 304 of total 479) .... done (Time = 0.00s, Memory = 0.0K)
Checking Rule SGDC_abstract_port19 (Rule 305 of total 479) .... done (Time = 0.00s, Memory = 0.0K)
Checking Rule SGDC_abstract_port20 (Rule 306 of total 479) .... done (Time = 0.00s, Memory = 0.0K)
Checking Rule SGDC_abstract_port25 (Rule 307 of total 479) .... done (Time = 0.00s, Memory = 0.0K)
Checking Rule SGDC_abstract_port23 (Rule 308 of total 479) .... done (Time = 0.00s, Memory = 0.0K)
Checking Rule SGDC_abstract_port24 (Rule 309 of total 479) .... done (Time = 0.00s, Memory = 0.0K)
Checking Rule SGDC_abstract_port25a (Rule 310 of total 479) .... done (Time = 0.00s, Memory = 0.0K)
Checking Rule SGDC_abstract_port25b (Rule 311 of total 479) .... done (Time = 0.00s, Memory = 0.0K)
Checking Rule SGDC_abstract_port28 (Rule 312 of total 479) .... done (Time = 0.00s, Memory = 0.0K)
Checking Rule RFPSetup (Rule 313 of total 479) .... done (Time = 0.00s, Memory = 0.0K)
Checking Rule SGDC_quasi_static_rdc01a (Rule 314 of total 479) .... done (Time = 0.00s, Memory = 0.0K)
Checking Rule SGDC_quasi_static_rdc01b (Rule 315 of total 479) .... done (Time = 0.00s, Memory = 0.0K)
Checking Rule SGDC_quasi_static_rdc01c (Rule 316 of total 479) .... done (Time = 0.00s, Memory = 0.0K)
Checking Rule QuasiStaticRdcSetup (Rule 317 of total 479) .... done (Time = 0.00s, Memory = 0.0K)
Checking Rule SGDC_quasi_static_rdc02 (Rule 318 of total 479) .... done (Time = 0.00s, Memory = 0.0K)
Checking Rule SGDC_quasi_static_rdc03 (Rule 319 of total 479) .... done (Time = 0.00s, Memory = 0.0K)
Checking Rule SGDC_quasi_static_rdc04 (Rule 320 of total 479) .... done (Time = 0.00s, Memory = 0.0K)
Checking Rule SGDC_quasi_static_rdc05 (Rule 321 of total 479) .... done (Time = 0.00s, Memory = 0.0K)
Checking Rule SGDC_reset_filter_path02a (Rule 322 of total 479) .... done (Time = 0.00s, Memory = 0.0K)
Checking Rule SGDC_reset_filter_path02b (Rule 323 of total 479) .... done (Time = 0.00s, Memory = 0.0K)
Checking Rule SGDC_reset_filter_path02c (Rule 324 of total 479) .... done (Time = 0.00s, Memory = 0.0K)
Checking Rule SGDC_reset_filter_path03a (Rule 325 of total 479) .... done (Time = 0.00s, Memory = 0.0K)
Checking Rule SGDC_reset_filter_path03b (Rule 326 of total 479) .... done (Time = 0.00s, Memory = 0.0K)
Checking Rule SGDC_reset_filter_path03c (Rule 327 of total 479) .... done (Time = 0.00s, Memory = 0.0K)
Checking Rule SGDC_reset_filter_path04b (Rule 328 of total 479) .... done (Time = 0.00s, Memory = 0.0K)
Checking Rule SGDC_reset_filter_path05a (Rule 329 of total 479) .... done (Time = 0.00s, Memory = 0.0K)
Checking Rule SGDC_reset_filter_path06a (Rule 330 of total 479) .... done (Time = 0.00s, Memory = 0.0K)
Checking Rule SGDC_reset_filter_path07a (Rule 331 of total 479) .... done (Time = 0.00s, Memory = 0.0K)
Checking Rule SGDC_reset_filter_path07b (Rule 332 of total 479) .... done (Time = 0.00s, Memory = 0.0K)
Checking Rule SGDC_reset_filter_path07c (Rule 333 of total 479) .... done (Time = 0.00s, Memory = 0.0K)
Checking Rule SGDC_reset_filter_path08a (Rule 334 of total 479) .... done (Time = 0.00s, Memory = 0.0K)
Checking Rule SGDC_reset_filter_path08b (Rule 335 of total 479) .... done (Time = 0.00s, Memory = 0.0K)
Checking Rule SGDC_reset_filter_path09a (Rule 336 of total 479) .... done (Time = 0.00s, Memory = 0.0K)
Checking Rule SGDC_reset_filter_path10 (Rule 337 of total 479) .... done (Time = 0.00s, Memory = 0.0K)
Checking Rule SGDC_define_reset_order03 (Rule 338 of total 479) .... done (Time = 0.00s, Memory = 0.0K)
Checking Rule SGDC_define_reset_order04 (Rule 339 of total 479) .... done (Time = 0.00s, Memory = 0.0K)
Checking Rule SGDC_define_reset_order05 (Rule 340 of total 479) .... done (Time = 0.00s, Memory = 0.0K)
Checking Rule SGDC_define_reset_order06 (Rule 341 of total 479) .... done (Time = 0.00s, Memory = 0.0K)
Checking Rule SGDC_virtualclock03 (Rule 342 of total 479) .... done (Time = 0.00s, Memory = 0.0K)
Checking Rule SGDC_cdc_false_path06 (Rule 343 of total 479) .... done (Time = 0.00s, Memory = 0.0K)
Checking Rule SGDC_cdc_false_path07 (Rule 344 of total 479) .... done (Time = 0.00s, Memory = 0.0K)
Checking Rule SGDC_cdc_false_path08 (Rule 345 of total 479) .... done (Time = 0.00s, Memory = 0.0K)
Checking Rule SGDC_cdc_false_path09 (Rule 346 of total 479) .... done (Time = 0.00s, Memory = 0.0K)
Checking Rule SGDC_cdc_false_path10 (Rule 347 of total 479) .... done (Time = 0.00s, Memory = 0.0K)
Checking Rule SGDC_cdc_false_path11 (Rule 348 of total 479) .... done (Time = 0.00s, Memory = 0.0K)
Checking Rule CDCSet_License01 (Rule 349 of total 479) .... done (Time = 0.00s, Memory = 0.0K)
Checking Rule Clock_info03a (Rule 350 of total 479) .... done (Time = 0.00s, Memory = 0.0K)
Checking Rule Clock_info03b (Rule 351 of total 479) .... done (Time = 0.01s, Memory = 0.0K)
Checking Rule Clock_info03c (Rule 352 of total 479) .... done (Time = 0.00s, Memory = 0.0K)
Checking Rule Propagate_Resets (Rule 353 of total 479) .... done (Time = 0.01s, Memory = 112.0K)
Checking Rule _reset_sync (Rule 354 of total 479) .... done (Time = 0.00s, Memory = 0.0K)
Checking Rule Setup_port01 (Rule 355 of total 479) .... done (Time = 0.00s, Memory = 0.0K)
Checking Rule Setup_blackbox01 (Rule 356 of total 479) .... done (Time = 0.00s, Memory = 0.0K)
Checking Rule Reset_info09a (Rule 357 of total 479) .... done (Time = 0.00s, Memory = 0.0K)
Checking Rule Clock_glitch_init (Rule 358 of total 479) .... done (Time = 0.00s, Memory = 0.0K)
Checking Rule FilterClockOverlapSetup (Rule 359 of total 479) .... done (Time = 0.00s, Memory = 0.0K)
Checking Rule _clkWrapModules (Rule 360 of total 479) .... done (Time = 0.00s, Memory = 0.0K)
Checking Rule _clock_hier_rules (Rule 361 of total 479) .... done (Time = 0.00s, Memory = 0.0K)
Checking Rule Ar_sync_init (Rule 362 of total 479) .... done (Time = 0.02s, Memory = 0.0K)
Checking Rule _constrCoverage (Rule 363 of total 479) .... done (Time = 0.00s, Memory = 128.0K)
Checking Rule Clock_info15 (Rule 364 of total 479) .... done (Time = 0.05s, Memory = 0.0K)
Checking Rule SGDC_clockreset02 (Rule 365 of total 479) .... done (Time = 0.00s, Memory = 0.0K)
Checking Rule Param_clockreset02 (Rule 366 of total 479) .... done (Time = 0.00s, Memory = 0.0K)
Checking Rule Param_clockreset04 (Rule 367 of total 479) .... done (Time = 0.00s, Memory = 0.0K)
Checking Rule Setup_clockreset01 (Rule 368 of total 479) .... done (Time = 0.00s, Memory = 0.0K)
Checking Rule Clock_check07 (Rule 369 of total 479) .... done (Time = 0.00s, Memory = 0.0K)
Checking Rule Reset_check08 (Rule 370 of total 479) .... done (Time = 0.00s, Memory = 0.0K)
Checking Rule DeltaDelaySetup01 (Rule 371 of total 479) .... done (Time = 0.00s, Memory = 0.0K)
Checking Rule SGDC_noclockcell_start01 (Rule 372 of total 479) .... done (Time = 0.00s, Memory = 0.0K)
Checking Rule Ac_initseq01 (Rule 373 of total 479) .... done (Time = 0.00s, Memory = 0.0K)
Checking Rule Ac_init01 (Rule 374 of total 479) .... done (Time = 0.00s, Memory = 0.0K)
Checking Rule _ac_Auxi01 (Rule 375 of total 479) .... done (Time = 0.00s, Memory = 0.0K)
Checking Rule Ac_sanity02 (Rule 376 of total 479) .... done (Time = 0.00s, Memory = 0.0K)
Checking Rule _glitch_init (Rule 377 of total 479) .... done (Time = 0.00s, Memory = 0.0K)
Checking Rule Ac_initstate01 (Rule 378 of total 479) .... done (Time = 0.00s, Memory = 0.0K)
Checking Rule Ac_conv02setup01 (Rule 379 of total 479) .... done (Time = 0.00s, Memory = 0.0K)
Checking Rule Ac_conv01a (Rule 380 of total 479) .... done (Time = 0.00s, Memory = 0.0K)
Checking Rule Ac_conv02a (Rule 381 of total 479) .... done (Time = 0.00s, Memory = 0.0K)
Checking Rule Ac_conv03a (Rule 382 of total 479) .... done (Time = 0.00s, Memory = 0.0K)
Checking Rule Ac_abs01 (Rule 383 of total 479) .... done (Time = 0.00s, Memory = 0.0K)
Checking Rule AllowComboLogicSetup (Rule 384 of total 479) .... done (Time = 0.00s, Memory = 0.0K)
Checking Rule Ar_resetcross01 (Rule 385 of total 479) .... done (Time = 0.05s, Memory = 4656.0K)
Checking Rule Ac_upfsetup02 (Rule 386 of total 479) .... done (Time = 0.00s, Memory = 0.0K)
Checking Rule Ac_upfsetup01 (Rule 387 of total 479) .... done (Time = 0.00s, Memory = 0.0K)
Checking Rule Ac_psync_init (Rule 388 of total 479) .... done (Time = 0.00s, Memory = 0.0K)
Checking Rule Ac_psetup01 (Rule 389 of total 479) .... done (Time = 0.00s, Memory = 0.0K)
Checking Rule Ar_resetcross_matrix01 (Rule 390 of total 479) .... done (Time = 0.00s, Memory = 0.0K)
Checking Rule SGDC_reset_synchronizer02 (Rule 391 of total 479) .... done (Time = 0.00s, Memory = 0.0K)
Checking Rule SGDC_reset_synchronizer04 (Rule 392 of total 479) .... done (Time = 0.00s, Memory = 0.0K)
Checking Rule SGDC_reset_synchronizer06 (Rule 393 of total 479) .... done (Time = 0.00s, Memory = 0.0K)
Checking Rule SGDC_reset_synchronizer08 (Rule 394 of total 479) .... done (Time = 0.00s, Memory = 0.0K)
Checking Rule SGDC_reset_synchronizer10 (Rule 395 of total 479) .... done (Time = 0.00s, Memory = 0.0K)
Checking Rule SGDC_abstract_module01 (Rule 396 of total 479) .... done (Time = 0.00s, Memory = 0.0K)
Checking Rule SGDC_abstract_module04 (Rule 397 of total 479) .... done (Time = 0.00s, Memory = 0.0K)
Checking Rule SGDC_abstract_module05 (Rule 398 of total 479) .... done (Time = 0.00s, Memory = 0.0K)
Checking Rule SGDC_abstract_module06 (Rule 399 of total 479) .... done (Time = 0.00s, Memory = 0.0K)
Checking Rule SGDC_abstract_module07 (Rule 400 of total 479) .... done (Time = 0.00s, Memory = 0.0K)
Checking Rule Propagate_DataAsReset (Rule 401 of total 479) .... done (Time = 0.00s, Memory = 0.0K)
Checking Rule DataAsReset_setup01 (Rule 402 of total 479) .... done (Time = 0.00s, Memory = 0.0K)
Checking Rule DataAsReset_setup02 (Rule 403 of total 479) .... done (Time = 0.00s, Memory = 0.0K)
Checking Rule DataAsReset_setup03 (Rule 404 of total 479) .... done (Time = 0.00s, Memory = 0.0K)
Checking Rule DataAsReset_setup04 (Rule 405 of total 479) .... done (Time = 0.00s, Memory = 0.0K)
Checking Rule Ac_report01 (Rule 406 of total 479) .... done (Time = 0.00s, Memory = 0.0K)
Checking Rule Clock_exit01 (Rule 407 of total 479) .... done (Time = 0.00s, Memory = 0.0K)
Checking Rule AnalyzeBBox (Rule 408 of total 479) .... done (Time = 0.00s, Memory = 0.0K)
Checking Rule ViolationLimitReached (Rule 409 of total 479) .... done (Time = 0.00s, Memory = 0.0K)
Checking Rule ReportCheckDataSummary (Rule 410 of total 479) .... done (Time = 0.00s, Memory = 0.0K)

Generating data for Console...

SpyGlass Rule Checking Complete.

Generating moresimple report from './cpu_m1_phase_p_cdc_rdc_xprop/cpu_m1_top/rdc/rdc_verify_struct/spyglass.vdb' to './cpu_m1_phase_p_cdc_rdc_xprop/cpu_m1_top/rdc/rdc_verify_struct/spyglass_reports/moresimple.rpt' ....

Generating runsummary report from './cpu_m1_phase_p_cdc_rdc_xprop/cpu_m1_top/rdc/rdc_verify_struct/spyglass.vdb' ....

Generating no_msg_reporting_rules report from './cpu_m1_phase_p_cdc_rdc_xprop/cpu_m1_top/rdc/rdc_verify_struct/spyglass.vdb' to './cpu_m1_phase_p_cdc_rdc_xprop/cpu_m1_top/rdc/rdc_verify_struct/spyglass_reports/no_msg_reporting_rules.rpt' ....

Generating CDC-report report from './cpu_m1_phase_p_cdc_rdc_xprop/cpu_m1_top/rdc/rdc_verify_struct/spyglass.vdb' to './cpu_m1_phase_p_cdc_rdc_xprop/cpu_m1_top/rdc/rdc_verify_struct/spyglass_reports/CDC-report.rpt' ....

Generating waiver report from './cpu_m1_phase_p_cdc_rdc_xprop/cpu_m1_top/rdc/rdc_verify_struct/spyglass.vdb' to './cpu_m1_phase_p_cdc_rdc_xprop/cpu_m1_top/rdc/rdc_verify_struct/spyglass_reports/waiver.rpt' ....

Policy specific data (reports) are present in the directory './cpu_m1_phase_p_cdc_rdc_xprop/cpu_m1_top/rdc/rdc_verify_struct/spyglass_reports'.

SpyGlass critical reports for the current run are present in directory './cpu_m1_phase_p_cdc_rdc_xprop/consolidated_reports/cpu_m1_top_rdc_rdc_verify_struct/'.

---------------------------------------------------------------------------------------------
Results Summary:
---------------------------------------------------------------------------------------------
   Goal Run           :      rdc/rdc_verify_struct
   Command-line read  :      0 error,      0 warning,      0 information message 
   Design Read        :      0 error,      0 warning,      3 information messages
      Found 1 top module:
         cpu_m1_top   (file: ../../../IP/cpu_m1/rtl/cpu_m1_top.v)

   Blackbox Resolution:      0 error,      0 warning,      0 information message 
   SGDC Checks        :      0 error,      0 warning,      0 information message 
   Policy clock-reset :      0 error,      0 warning,     36 information messages
   -------------------------------------------------------------------------------------
   Total              :      0 error,      0 warning,     39 information messages

  Total Number of Generated Messages     :        41 (1 error, 1 warning, 39 Infos)
  Number of Waived Messages              :         2 (1 error, 1 warning, 0 Info)
  Number of Reported Messages            :        39 (0 error, 0 warning, 39 Infos)

---------------------------------------------------------------------------------------------


run_goal: info: updating spyglass.log with goal summary
---------------------------------------------------------------------------------------------------
Results Summary:
---------------------------------------------------------------------------------------------------
   Goal Run           :      rdc/rdc_verify_struct
   Top Module         :      cpu_m1_top
---------------------------------------------------------------------------------------------------
   Reports Directory: 
   /home/edauser/project/SOC/Magpie_M1A/flow/v2_pipeline/phase_p_cdc_rdc_xprop/cpu_m1_phase_p_cdc_rdc_xprop/consolidated_reports/cpu_m1_top_rdc_rdc_verify_struct/ 

   SpyGlass LogFile: 
    /home/edauser/project/SOC/Magpie_M1A/flow/v2_pipeline/phase_p_cdc_rdc_xprop/cpu_m1_phase_p_cdc_rdc_xprop/cpu_m1_top/rdc/rdc_verify_struct/spyglass.log 

   Standard Reports: 
     waiver.rpt          moresimple.rpt          no_msg_reporting_rules.rpt       

   HTML report:
    /home/edauser/project/SOC/Magpie_M1A/flow/v2_pipeline/phase_p_cdc_rdc_xprop/cpu_m1_phase_p_cdc_rdc_xprop/html_reports/goals_summary.html
  

   Technology Reports:  
     CDC-report.rpt        
   
---------------------------------------------------------------------------------------------------
   Goal Violation Summary:
       Waived   Messages:                      1 Errors,      1 Warnings,      0 Infos
       Reported Messages:         0 Fatals,    0 Errors,      0 Warnings,     39 Infos
---------------------------------------------------------------------------------------------------
   
---------------------------------------------------------------------------------------------------
 
run_goal: info: spyglass.log successfully updated with goal summary
