 
****************************************
Report : area
Design : npu_top_MAT_LANES4_DMA_DATA_W256_ML_V2_EN1
Version: X-2025.06-SP2
Date   : Thu Jul  9 02:18:09 2026
****************************************

Library(s) Used:

    tcbn28hpcplusbwp40p140tt0p9v25c (File: /home/edauser/project/PDK/TSMC28/logic/tcbn28hpcplusbwp40p140_180b/AN61001_20180509/TSMCHOME/digital/Front_End/timing_power_noise/NLDM/tcbn28hpcplusbwp40p140_180a/tcbn28hpcplusbwp40p140tt0p9v25c.db)
    tsdn28hpcpa2048x32m8fwbaso_tt0p9v25c (File: /home/edauser/project/SOC/Magpie_M3V/flow/dc_tsmc28/sram_db/TSDN28HPCPA2048X32M8FWBASO_tt0p9v25c.db)
    tsdn28hpcpa1024x32m4fwbaso_tt0p9v25c (File: /home/edauser/project/SOC/Magpie_M3V/flow/dc_tsmc28/sram_db/TSDN28HPCPA1024X32M4FWBASO_tt0p9v25c.db)

Number of ports:                       296514
Number of nets:                       1016454
Number of cells:                       743696
Number of combinational cells:         718442
Number of sequential cells:             21375
Number of macros/black boxes:               9
Number of buf/inv:                     155440
Number of references:                      40

Combinational area:             483960.204031
Buf/Inv area:                    42497.658534
Noncombinational area:           40422.563694
Macro/Black Box area:           296217.445312
Net Interconnect area:      undefined  (Wire load has zero net area)

Total cell area:                820600.213038
Total area:                 undefined

Hierarchical area distribution
------------------------------

                                  Global cell area                Local cell area
                                  --------------------  ------------------------------------ 
Hierarchical cell                 Absolute     Percent  Combi-       Noncombi-   Black-
                                  Total        Total    national     national    boxes        Design
--------------------------------  -----------  -------  -----------  ----------  -----------  --------------------------------------------------------------------------
npu_top_MAT_LANES4_DMA_DATA_W256_ML_V2_EN1
                                  820600.2130    100.0     386.4420    145.5300       0.0000  npu_top_MAT_LANES4_DMA_DATA_W256_ML_V2_EN1
add_292                              102.6900      0.0     102.6900      0.0000       0.0000  npu_top_MAT_LANES4_DMA_DATA_W256_ML_V2_EN1_DW01_inc_0_DW01_inc_19
csr                                 3213.7560      0.4    1594.6560   1533.6720       0.0000  npu_axil_regs
csr/add_117                           50.2740      0.0      50.2740      0.0000       0.0000  npu_axil_regs_DW01_inc_0_DW01_inc_25
csr/sub_116                           35.1540      0.0      35.1540      0.0000       0.0000  npu_axil_regs_DW01_dec_0_DW01_dec_37
decerr                                16.8840      0.0       9.3240      7.5600       0.0000  axil_decerr
dma                                 1316.8260      0.2     865.8720    347.7600       0.0000  npu_dma_BUF_AW13_DMA_DATA_W256
dma/add_264                           12.6000      0.0      12.6000      0.0000       0.0000  npu_dma_BUF_AW13_DMA_DATA_W256_DW01_inc_0_DW01_inc_22
dma/r489                              34.3980      0.0      34.3980      0.0000       0.0000  npu_dma_BUF_AW13_DMA_DATA_W256_DW01_sub_0_DW01_sub_1
dma/r490                              56.1960      0.0      56.1960      0.0000       0.0000  npu_dma_BUF_AW13_DMA_DATA_W256_DW01_add_2_DW01_add_23
itcm                               53823.9491      6.6       0.2520      0.0000       0.0000  npu_itcm_WORDS2048_AW11
itcm/u_sram_dp                     53823.6971      6.6      89.8380    166.3200   53567.5391  npu_itcm_sram_dp_WORDS2048_AW11
tcm                               248629.3622     30.3       0.6300      0.0000       0.0000  npu_tcm_WORDS8192_AW13_DMA_DATA_W256
tcm/u_sram_dp                     248628.7322     30.3    5678.9460    261.5760  242649.9062  npu_tcm_sram_dp_WORDS8192_AW13_DMA_DATA_W256_LANES4
tcm/u_sram_dp/r1761                   19.1520      0.0      19.1520      0.0000       0.0000  npu_tcm_sram_dp_WORDS8192_AW13_DMA_DATA_W256_LANES4_DW01_inc_1_DW01_inc_21
tcm/u_sram_dp/r1763                   19.1520      0.0      19.1520      0.0000       0.0000  npu_tcm_sram_dp_WORDS8192_AW13_DMA_DATA_W256_LANES4_DW01_inc_0_DW01_inc_20
u_mat                              84885.0657     10.3   20545.5601  16522.3799       0.0000  mat_engine_TCM_AW13_LANES4
u_mat/add_0_root_add_0_root_add_230
                                      67.7880      0.0      67.7880      0.0000       0.0000  mat_engine_TCM_AW13_LANES4_DW01_add_71_DW01_add_576
u_mat/add_0_root_add_0_root_add_230_I10
                                      67.7880      0.0      67.7880      0.0000       0.0000  mat_engine_TCM_AW13_LANES4_DW01_add_260_DW01_add_765
u_mat/add_0_root_add_0_root_add_230_I11
                                      67.7880      0.0      67.7880      0.0000       0.0000  mat_engine_TCM_AW13_LANES4_DW01_add_74_DW01_add_579
u_mat/add_0_root_add_0_root_add_230_I12
                                      67.7880      0.0      67.7880      0.0000       0.0000  mat_engine_TCM_AW13_LANES4_DW01_add_77_DW01_add_582
u_mat/add_0_root_add_0_root_add_230_I13
                                      67.7880      0.0      67.7880      0.0000       0.0000  mat_engine_TCM_AW13_LANES4_DW01_add_80_DW01_add_585
u_mat/add_0_root_add_0_root_add_230_I14
                                      67.7880      0.0      67.7880      0.0000       0.0000  mat_engine_TCM_AW13_LANES4_DW01_add_83_DW01_add_588
u_mat/add_0_root_add_0_root_add_230_I15
                                      67.7880      0.0      67.7880      0.0000       0.0000  mat_engine_TCM_AW13_LANES4_DW01_add_86_DW01_add_591
u_mat/add_0_root_add_0_root_add_230_I16
                                      67.7880      0.0      67.7880      0.0000       0.0000  mat_engine_TCM_AW13_LANES4_DW01_add_89_DW01_add_594
u_mat/add_0_root_add_0_root_add_230_I17
                                      67.7880      0.0      67.7880      0.0000       0.0000  mat_engine_TCM_AW13_LANES4_DW01_add_92_DW01_add_597
u_mat/add_0_root_add_0_root_add_230_I18
                                      67.7880      0.0      67.7880      0.0000       0.0000  mat_engine_TCM_AW13_LANES4_DW01_add_95_DW01_add_600
u_mat/add_0_root_add_0_root_add_230_I19
                                      67.7880      0.0      67.7880      0.0000       0.0000  mat_engine_TCM_AW13_LANES4_DW01_add_98_DW01_add_603
u_mat/add_0_root_add_0_root_add_230_I2
                                      67.7880      0.0      67.7880      0.0000       0.0000  mat_engine_TCM_AW13_LANES4_DW01_add_104_DW01_add_609
u_mat/add_0_root_add_0_root_add_230_I20
                                      67.7880      0.0      67.7880      0.0000       0.0000  mat_engine_TCM_AW13_LANES4_DW01_add_101_DW01_add_606
u_mat/add_0_root_add_0_root_add_230_I21
                                      67.7880      0.0      67.7880      0.0000       0.0000  mat_engine_TCM_AW13_LANES4_DW01_add_107_DW01_add_612
u_mat/add_0_root_add_0_root_add_230_I22
                                      67.7880      0.0      67.7880      0.0000       0.0000  mat_engine_TCM_AW13_LANES4_DW01_add_110_DW01_add_615
u_mat/add_0_root_add_0_root_add_230_I23
                                      67.7880      0.0      67.7880      0.0000       0.0000  mat_engine_TCM_AW13_LANES4_DW01_add_113_DW01_add_618
u_mat/add_0_root_add_0_root_add_230_I24
                                      67.7880      0.0      67.7880      0.0000       0.0000  mat_engine_TCM_AW13_LANES4_DW01_add_116_DW01_add_621
u_mat/add_0_root_add_0_root_add_230_I25
                                      67.7880      0.0      67.7880      0.0000       0.0000  mat_engine_TCM_AW13_LANES4_DW01_add_119_DW01_add_624
u_mat/add_0_root_add_0_root_add_230_I26
                                      67.7880      0.0      67.7880      0.0000       0.0000  mat_engine_TCM_AW13_LANES4_DW01_add_122_DW01_add_627
u_mat/add_0_root_add_0_root_add_230_I27
                                      67.7880      0.0      67.7880      0.0000       0.0000  mat_engine_TCM_AW13_LANES4_DW01_add_125_DW01_add_630
u_mat/add_0_root_add_0_root_add_230_I28
                                      67.7880      0.0      67.7880      0.0000       0.0000  mat_engine_TCM_AW13_LANES4_DW01_add_128_DW01_add_633
u_mat/add_0_root_add_0_root_add_230_I29
                                      67.7880      0.0      67.7880      0.0000       0.0000  mat_engine_TCM_AW13_LANES4_DW01_add_131_DW01_add_636
u_mat/add_0_root_add_0_root_add_230_I3
                                      67.7880      0.0      67.7880      0.0000       0.0000  mat_engine_TCM_AW13_LANES4_DW01_add_137_DW01_add_642
u_mat/add_0_root_add_0_root_add_230_I30
                                      67.7880      0.0      67.7880      0.0000       0.0000  mat_engine_TCM_AW13_LANES4_DW01_add_134_DW01_add_639
u_mat/add_0_root_add_0_root_add_230_I31
                                      67.7880      0.0      67.7880      0.0000       0.0000  mat_engine_TCM_AW13_LANES4_DW01_add_140_DW01_add_645
u_mat/add_0_root_add_0_root_add_230_I32
                                      67.7880      0.0      67.7880      0.0000       0.0000  mat_engine_TCM_AW13_LANES4_DW01_add_143_DW01_add_648
u_mat/add_0_root_add_0_root_add_230_I33
                                      67.7880      0.0      67.7880      0.0000       0.0000  mat_engine_TCM_AW13_LANES4_DW01_add_146_DW01_add_651
u_mat/add_0_root_add_0_root_add_230_I34
                                      67.7880      0.0      67.7880      0.0000       0.0000  mat_engine_TCM_AW13_LANES4_DW01_add_149_DW01_add_654
u_mat/add_0_root_add_0_root_add_230_I35
                                      67.7880      0.0      67.7880      0.0000       0.0000  mat_engine_TCM_AW13_LANES4_DW01_add_152_DW01_add_657
u_mat/add_0_root_add_0_root_add_230_I36
                                      67.7880      0.0      67.7880      0.0000       0.0000  mat_engine_TCM_AW13_LANES4_DW01_add_155_DW01_add_660
u_mat/add_0_root_add_0_root_add_230_I37
                                      67.7880      0.0      67.7880      0.0000       0.0000  mat_engine_TCM_AW13_LANES4_DW01_add_158_DW01_add_663
u_mat/add_0_root_add_0_root_add_230_I38
                                      67.7880      0.0      67.7880      0.0000       0.0000  mat_engine_TCM_AW13_LANES4_DW01_add_161_DW01_add_666
u_mat/add_0_root_add_0_root_add_230_I39
                                      67.7880      0.0      67.7880      0.0000       0.0000  mat_engine_TCM_AW13_LANES4_DW01_add_164_DW01_add_669
u_mat/add_0_root_add_0_root_add_230_I4
                                      67.7880      0.0      67.7880      0.0000       0.0000  mat_engine_TCM_AW13_LANES4_DW01_add_170_DW01_add_675
u_mat/add_0_root_add_0_root_add_230_I40
                                      67.7880      0.0      67.7880      0.0000       0.0000  mat_engine_TCM_AW13_LANES4_DW01_add_167_DW01_add_672
u_mat/add_0_root_add_0_root_add_230_I41
                                      67.7880      0.0      67.7880      0.0000       0.0000  mat_engine_TCM_AW13_LANES4_DW01_add_173_DW01_add_678
u_mat/add_0_root_add_0_root_add_230_I42
                                      67.7880      0.0      67.7880      0.0000       0.0000  mat_engine_TCM_AW13_LANES4_DW01_add_176_DW01_add_681
u_mat/add_0_root_add_0_root_add_230_I43
                                      67.7880      0.0      67.7880      0.0000       0.0000  mat_engine_TCM_AW13_LANES4_DW01_add_179_DW01_add_684
u_mat/add_0_root_add_0_root_add_230_I44
                                      67.7880      0.0      67.7880      0.0000       0.0000  mat_engine_TCM_AW13_LANES4_DW01_add_182_DW01_add_687
u_mat/add_0_root_add_0_root_add_230_I45
                                      67.7880      0.0      67.7880      0.0000       0.0000  mat_engine_TCM_AW13_LANES4_DW01_add_185_DW01_add_690
u_mat/add_0_root_add_0_root_add_230_I46
                                      67.7880      0.0      67.7880      0.0000       0.0000  mat_engine_TCM_AW13_LANES4_DW01_add_188_DW01_add_693
u_mat/add_0_root_add_0_root_add_230_I47
                                      67.7880      0.0      67.7880      0.0000       0.0000  mat_engine_TCM_AW13_LANES4_DW01_add_191_DW01_add_696
u_mat/add_0_root_add_0_root_add_230_I48
                                      67.7880      0.0      67.7880      0.0000       0.0000  mat_engine_TCM_AW13_LANES4_DW01_add_194_DW01_add_699
u_mat/add_0_root_add_0_root_add_230_I49
                                      67.7880      0.0      67.7880      0.0000       0.0000  mat_engine_TCM_AW13_LANES4_DW01_add_197_DW01_add_702
u_mat/add_0_root_add_0_root_add_230_I5
                                      67.7880      0.0      67.7880      0.0000       0.0000  mat_engine_TCM_AW13_LANES4_DW01_add_203_DW01_add_708
u_mat/add_0_root_add_0_root_add_230_I50
                                      67.7880      0.0      67.7880      0.0000       0.0000  mat_engine_TCM_AW13_LANES4_DW01_add_200_DW01_add_705
u_mat/add_0_root_add_0_root_add_230_I51
                                      67.7880      0.0      67.7880      0.0000       0.0000  mat_engine_TCM_AW13_LANES4_DW01_add_206_DW01_add_711
u_mat/add_0_root_add_0_root_add_230_I52
                                      67.7880      0.0      67.7880      0.0000       0.0000  mat_engine_TCM_AW13_LANES4_DW01_add_209_DW01_add_714
u_mat/add_0_root_add_0_root_add_230_I53
                                      67.7880      0.0      67.7880      0.0000       0.0000  mat_engine_TCM_AW13_LANES4_DW01_add_212_DW01_add_717
u_mat/add_0_root_add_0_root_add_230_I54
                                      67.7880      0.0      67.7880      0.0000       0.0000  mat_engine_TCM_AW13_LANES4_DW01_add_215_DW01_add_720
u_mat/add_0_root_add_0_root_add_230_I55
                                      67.7880      0.0      67.7880      0.0000       0.0000  mat_engine_TCM_AW13_LANES4_DW01_add_218_DW01_add_723
u_mat/add_0_root_add_0_root_add_230_I56
                                      67.7880      0.0      67.7880      0.0000       0.0000  mat_engine_TCM_AW13_LANES4_DW01_add_221_DW01_add_726
u_mat/add_0_root_add_0_root_add_230_I57
                                      67.7880      0.0      67.7880      0.0000       0.0000  mat_engine_TCM_AW13_LANES4_DW01_add_224_DW01_add_729
u_mat/add_0_root_add_0_root_add_230_I58
                                      67.7880      0.0      67.7880      0.0000       0.0000  mat_engine_TCM_AW13_LANES4_DW01_add_227_DW01_add_732
u_mat/add_0_root_add_0_root_add_230_I59
                                      67.7880      0.0      67.7880      0.0000       0.0000  mat_engine_TCM_AW13_LANES4_DW01_add_230_DW01_add_735
u_mat/add_0_root_add_0_root_add_230_I6
                                      67.7880      0.0      67.7880      0.0000       0.0000  mat_engine_TCM_AW13_LANES4_DW01_add_236_DW01_add_741
u_mat/add_0_root_add_0_root_add_230_I60
                                      67.7880      0.0      67.7880      0.0000       0.0000  mat_engine_TCM_AW13_LANES4_DW01_add_233_DW01_add_738
u_mat/add_0_root_add_0_root_add_230_I61
                                      67.7880      0.0      67.7880      0.0000       0.0000  mat_engine_TCM_AW13_LANES4_DW01_add_239_DW01_add_744
u_mat/add_0_root_add_0_root_add_230_I62
                                      67.7880      0.0      67.7880      0.0000       0.0000  mat_engine_TCM_AW13_LANES4_DW01_add_242_DW01_add_747
u_mat/add_0_root_add_0_root_add_230_I63
                                      67.7880      0.0      67.7880      0.0000       0.0000  mat_engine_TCM_AW13_LANES4_DW01_add_245_DW01_add_750
u_mat/add_0_root_add_0_root_add_230_I64
                                      67.7880      0.0      67.7880      0.0000       0.0000  mat_engine_TCM_AW13_LANES4_DW01_add_248_DW01_add_753
u_mat/add_0_root_add_0_root_add_230_I7
                                      67.7880      0.0      67.7880      0.0000       0.0000  mat_engine_TCM_AW13_LANES4_DW01_add_251_DW01_add_756
u_mat/add_0_root_add_0_root_add_230_I8
                                      67.7880      0.0      67.7880      0.0000       0.0000  mat_engine_TCM_AW13_LANES4_DW01_add_254_DW01_add_759
u_mat/add_0_root_add_0_root_add_230_I9
                                      67.7880      0.0      67.7880      0.0000       0.0000  mat_engine_TCM_AW13_LANES4_DW01_add_257_DW01_add_762
u_mat/add_148                        122.8500      0.0     122.8500      0.0000       0.0000  mat_engine_TCM_AW13_LANES4_DW01_add_5_DW01_add_31
u_mat/add_153                         54.6840      0.0      54.6840      0.0000       0.0000  mat_engine_TCM_AW13_LANES4_DW01_add_4_DW01_add_30
u_mat/add_1_root_add_0_root_add_230
                                      67.7880      0.0      67.7880      0.0000       0.0000  mat_engine_TCM_AW13_LANES4_DW01_add_72_DW01_add_577
u_mat/add_1_root_add_0_root_add_230_I10
                                      67.7880      0.0      67.7880      0.0000       0.0000  mat_engine_TCM_AW13_LANES4_DW01_add_261_DW01_add_766
u_mat/add_1_root_add_0_root_add_230_I11
                                      67.7880      0.0      67.7880      0.0000       0.0000  mat_engine_TCM_AW13_LANES4_DW01_add_75_DW01_add_580
u_mat/add_1_root_add_0_root_add_230_I12
                                      67.7880      0.0      67.7880      0.0000       0.0000  mat_engine_TCM_AW13_LANES4_DW01_add_78_DW01_add_583
u_mat/add_1_root_add_0_root_add_230_I13
                                      67.7880      0.0      67.7880      0.0000       0.0000  mat_engine_TCM_AW13_LANES4_DW01_add_81_DW01_add_586
u_mat/add_1_root_add_0_root_add_230_I14
                                      67.7880      0.0      67.7880      0.0000       0.0000  mat_engine_TCM_AW13_LANES4_DW01_add_84_DW01_add_589
u_mat/add_1_root_add_0_root_add_230_I15
                                      67.7880      0.0      67.7880      0.0000       0.0000  mat_engine_TCM_AW13_LANES4_DW01_add_87_DW01_add_592
u_mat/add_1_root_add_0_root_add_230_I16
                                      67.7880      0.0      67.7880      0.0000       0.0000  mat_engine_TCM_AW13_LANES4_DW01_add_90_DW01_add_595
u_mat/add_1_root_add_0_root_add_230_I17
                                      67.7880      0.0      67.7880      0.0000       0.0000  mat_engine_TCM_AW13_LANES4_DW01_add_93_DW01_add_598
u_mat/add_1_root_add_0_root_add_230_I18
                                      67.7880      0.0      67.7880      0.0000       0.0000  mat_engine_TCM_AW13_LANES4_DW01_add_96_DW01_add_601
u_mat/add_1_root_add_0_root_add_230_I19
                                      67.7880      0.0      67.7880      0.0000       0.0000  mat_engine_TCM_AW13_LANES4_DW01_add_99_DW01_add_604
u_mat/add_1_root_add_0_root_add_230_I2
                                      67.7880      0.0      67.7880      0.0000       0.0000  mat_engine_TCM_AW13_LANES4_DW01_add_105_DW01_add_610
u_mat/add_1_root_add_0_root_add_230_I20
                                      67.7880      0.0      67.7880      0.0000       0.0000  mat_engine_TCM_AW13_LANES4_DW01_add_102_DW01_add_607
u_mat/add_1_root_add_0_root_add_230_I21
                                      67.7880      0.0      67.7880      0.0000       0.0000  mat_engine_TCM_AW13_LANES4_DW01_add_108_DW01_add_613
u_mat/add_1_root_add_0_root_add_230_I22
                                      67.7880      0.0      67.7880      0.0000       0.0000  mat_engine_TCM_AW13_LANES4_DW01_add_111_DW01_add_616
u_mat/add_1_root_add_0_root_add_230_I23
                                      67.7880      0.0      67.7880      0.0000       0.0000  mat_engine_TCM_AW13_LANES4_DW01_add_114_DW01_add_619
u_mat/add_1_root_add_0_root_add_230_I24
                                      67.7880      0.0      67.7880      0.0000       0.0000  mat_engine_TCM_AW13_LANES4_DW01_add_117_DW01_add_622
u_mat/add_1_root_add_0_root_add_230_I25
                                      67.7880      0.0      67.7880      0.0000       0.0000  mat_engine_TCM_AW13_LANES4_DW01_add_120_DW01_add_625
u_mat/add_1_root_add_0_root_add_230_I26
                                      67.7880      0.0      67.7880      0.0000       0.0000  mat_engine_TCM_AW13_LANES4_DW01_add_123_DW01_add_628
u_mat/add_1_root_add_0_root_add_230_I27
                                      67.7880      0.0      67.7880      0.0000       0.0000  mat_engine_TCM_AW13_LANES4_DW01_add_126_DW01_add_631
u_mat/add_1_root_add_0_root_add_230_I28
                                      67.7880      0.0      67.7880      0.0000       0.0000  mat_engine_TCM_AW13_LANES4_DW01_add_129_DW01_add_634
u_mat/add_1_root_add_0_root_add_230_I29
                                      67.7880      0.0      67.7880      0.0000       0.0000  mat_engine_TCM_AW13_LANES4_DW01_add_132_DW01_add_637
u_mat/add_1_root_add_0_root_add_230_I3
                                      67.7880      0.0      67.7880      0.0000       0.0000  mat_engine_TCM_AW13_LANES4_DW01_add_138_DW01_add_643
u_mat/add_1_root_add_0_root_add_230_I30
                                      67.7880      0.0      67.7880      0.0000       0.0000  mat_engine_TCM_AW13_LANES4_DW01_add_135_DW01_add_640
u_mat/add_1_root_add_0_root_add_230_I31
                                      67.7880      0.0      67.7880      0.0000       0.0000  mat_engine_TCM_AW13_LANES4_DW01_add_141_DW01_add_646
u_mat/add_1_root_add_0_root_add_230_I32
                                      67.7880      0.0      67.7880      0.0000       0.0000  mat_engine_TCM_AW13_LANES4_DW01_add_144_DW01_add_649
u_mat/add_1_root_add_0_root_add_230_I33
                                      67.7880      0.0      67.7880      0.0000       0.0000  mat_engine_TCM_AW13_LANES4_DW01_add_147_DW01_add_652
u_mat/add_1_root_add_0_root_add_230_I34
                                      67.7880      0.0      67.7880      0.0000       0.0000  mat_engine_TCM_AW13_LANES4_DW01_add_150_DW01_add_655
u_mat/add_1_root_add_0_root_add_230_I35
                                      67.7880      0.0      67.7880      0.0000       0.0000  mat_engine_TCM_AW13_LANES4_DW01_add_153_DW01_add_658
u_mat/add_1_root_add_0_root_add_230_I36
                                      67.7880      0.0      67.7880      0.0000       0.0000  mat_engine_TCM_AW13_LANES4_DW01_add_156_DW01_add_661
u_mat/add_1_root_add_0_root_add_230_I37
                                      67.7880      0.0      67.7880      0.0000       0.0000  mat_engine_TCM_AW13_LANES4_DW01_add_159_DW01_add_664
u_mat/add_1_root_add_0_root_add_230_I38
                                      67.7880      0.0      67.7880      0.0000       0.0000  mat_engine_TCM_AW13_LANES4_DW01_add_162_DW01_add_667
u_mat/add_1_root_add_0_root_add_230_I39
                                      67.7880      0.0      67.7880      0.0000       0.0000  mat_engine_TCM_AW13_LANES4_DW01_add_165_DW01_add_670
u_mat/add_1_root_add_0_root_add_230_I4
                                      67.7880      0.0      67.7880      0.0000       0.0000  mat_engine_TCM_AW13_LANES4_DW01_add_171_DW01_add_676
u_mat/add_1_root_add_0_root_add_230_I40
                                      67.7880      0.0      67.7880      0.0000       0.0000  mat_engine_TCM_AW13_LANES4_DW01_add_168_DW01_add_673
u_mat/add_1_root_add_0_root_add_230_I41
                                      67.7880      0.0      67.7880      0.0000       0.0000  mat_engine_TCM_AW13_LANES4_DW01_add_174_DW01_add_679
u_mat/add_1_root_add_0_root_add_230_I42
                                      67.7880      0.0      67.7880      0.0000       0.0000  mat_engine_TCM_AW13_LANES4_DW01_add_177_DW01_add_682
u_mat/add_1_root_add_0_root_add_230_I43
                                      67.7880      0.0      67.7880      0.0000       0.0000  mat_engine_TCM_AW13_LANES4_DW01_add_180_DW01_add_685
u_mat/add_1_root_add_0_root_add_230_I44
                                      67.7880      0.0      67.7880      0.0000       0.0000  mat_engine_TCM_AW13_LANES4_DW01_add_183_DW01_add_688
u_mat/add_1_root_add_0_root_add_230_I45
                                      67.7880      0.0      67.7880      0.0000       0.0000  mat_engine_TCM_AW13_LANES4_DW01_add_186_DW01_add_691
u_mat/add_1_root_add_0_root_add_230_I46
                                      67.7880      0.0      67.7880      0.0000       0.0000  mat_engine_TCM_AW13_LANES4_DW01_add_189_DW01_add_694
u_mat/add_1_root_add_0_root_add_230_I47
                                      67.7880      0.0      67.7880      0.0000       0.0000  mat_engine_TCM_AW13_LANES4_DW01_add_192_DW01_add_697
u_mat/add_1_root_add_0_root_add_230_I48
                                      67.7880      0.0      67.7880      0.0000       0.0000  mat_engine_TCM_AW13_LANES4_DW01_add_195_DW01_add_700
u_mat/add_1_root_add_0_root_add_230_I49
                                      67.7880      0.0      67.7880      0.0000       0.0000  mat_engine_TCM_AW13_LANES4_DW01_add_198_DW01_add_703
u_mat/add_1_root_add_0_root_add_230_I5
                                      67.7880      0.0      67.7880      0.0000       0.0000  mat_engine_TCM_AW13_LANES4_DW01_add_204_DW01_add_709
u_mat/add_1_root_add_0_root_add_230_I50
                                      67.7880      0.0      67.7880      0.0000       0.0000  mat_engine_TCM_AW13_LANES4_DW01_add_201_DW01_add_706
u_mat/add_1_root_add_0_root_add_230_I51
                                      67.7880      0.0      67.7880      0.0000       0.0000  mat_engine_TCM_AW13_LANES4_DW01_add_207_DW01_add_712
u_mat/add_1_root_add_0_root_add_230_I52
                                      67.7880      0.0      67.7880      0.0000       0.0000  mat_engine_TCM_AW13_LANES4_DW01_add_210_DW01_add_715
u_mat/add_1_root_add_0_root_add_230_I53
                                      67.7880      0.0      67.7880      0.0000       0.0000  mat_engine_TCM_AW13_LANES4_DW01_add_213_DW01_add_718
u_mat/add_1_root_add_0_root_add_230_I54
                                      67.7880      0.0      67.7880      0.0000       0.0000  mat_engine_TCM_AW13_LANES4_DW01_add_216_DW01_add_721
u_mat/add_1_root_add_0_root_add_230_I55
                                      67.7880      0.0      67.7880      0.0000       0.0000  mat_engine_TCM_AW13_LANES4_DW01_add_219_DW01_add_724
u_mat/add_1_root_add_0_root_add_230_I56
                                      67.7880      0.0      67.7880      0.0000       0.0000  mat_engine_TCM_AW13_LANES4_DW01_add_222_DW01_add_727
u_mat/add_1_root_add_0_root_add_230_I57
                                      67.7880      0.0      67.7880      0.0000       0.0000  mat_engine_TCM_AW13_LANES4_DW01_add_225_DW01_add_730
u_mat/add_1_root_add_0_root_add_230_I58
                                      67.7880      0.0      67.7880      0.0000       0.0000  mat_engine_TCM_AW13_LANES4_DW01_add_228_DW01_add_733
u_mat/add_1_root_add_0_root_add_230_I59
                                      67.7880      0.0      67.7880      0.0000       0.0000  mat_engine_TCM_AW13_LANES4_DW01_add_231_DW01_add_736
u_mat/add_1_root_add_0_root_add_230_I6
                                      67.7880      0.0      67.7880      0.0000       0.0000  mat_engine_TCM_AW13_LANES4_DW01_add_237_DW01_add_742
u_mat/add_1_root_add_0_root_add_230_I60
                                      67.7880      0.0      67.7880      0.0000       0.0000  mat_engine_TCM_AW13_LANES4_DW01_add_234_DW01_add_739
u_mat/add_1_root_add_0_root_add_230_I61
                                      67.7880      0.0      67.7880      0.0000       0.0000  mat_engine_TCM_AW13_LANES4_DW01_add_240_DW01_add_745
u_mat/add_1_root_add_0_root_add_230_I62
                                      67.7880      0.0      67.7880      0.0000       0.0000  mat_engine_TCM_AW13_LANES4_DW01_add_243_DW01_add_748
u_mat/add_1_root_add_0_root_add_230_I63
                                      67.7880      0.0      67.7880      0.0000       0.0000  mat_engine_TCM_AW13_LANES4_DW01_add_246_DW01_add_751
u_mat/add_1_root_add_0_root_add_230_I64
                                      67.7880      0.0      67.7880      0.0000       0.0000  mat_engine_TCM_AW13_LANES4_DW01_add_249_DW01_add_754
u_mat/add_1_root_add_0_root_add_230_I7
                                      67.7880      0.0      67.7880      0.0000       0.0000  mat_engine_TCM_AW13_LANES4_DW01_add_252_DW01_add_757
u_mat/add_1_root_add_0_root_add_230_I8
                                      67.7880      0.0      67.7880      0.0000       0.0000  mat_engine_TCM_AW13_LANES4_DW01_add_255_DW01_add_760
u_mat/add_1_root_add_0_root_add_230_I9
                                      67.7880      0.0      67.7880      0.0000       0.0000  mat_engine_TCM_AW13_LANES4_DW01_add_258_DW01_add_763
u_mat/add_1_root_add_155              68.5440      0.0      68.5440      0.0000       0.0000  mat_engine_TCM_AW13_LANES4_DW01_add_3_DW01_add_29
u_mat/add_232                         44.9820      0.0      44.9820      0.0000       0.0000  mat_engine_TCM_AW13_LANES4_DW01_add_2_DW01_add_28
u_mat/add_2_root_add_0_root_add_230
                                      67.7880      0.0      67.7880      0.0000       0.0000  mat_engine_TCM_AW13_LANES4_DW01_add_73_DW01_add_578
u_mat/add_2_root_add_0_root_add_230_I10
                                      67.7880      0.0      67.7880      0.0000       0.0000  mat_engine_TCM_AW13_LANES4_DW01_add_262_DW01_add_767
u_mat/add_2_root_add_0_root_add_230_I11
                                      67.7880      0.0      67.7880      0.0000       0.0000  mat_engine_TCM_AW13_LANES4_DW01_add_76_DW01_add_581
u_mat/add_2_root_add_0_root_add_230_I12
                                      67.7880      0.0      67.7880      0.0000       0.0000  mat_engine_TCM_AW13_LANES4_DW01_add_79_DW01_add_584
u_mat/add_2_root_add_0_root_add_230_I13
                                      67.7880      0.0      67.7880      0.0000       0.0000  mat_engine_TCM_AW13_LANES4_DW01_add_82_DW01_add_587
u_mat/add_2_root_add_0_root_add_230_I14
                                      67.7880      0.0      67.7880      0.0000       0.0000  mat_engine_TCM_AW13_LANES4_DW01_add_85_DW01_add_590
u_mat/add_2_root_add_0_root_add_230_I15
                                      67.7880      0.0      67.7880      0.0000       0.0000  mat_engine_TCM_AW13_LANES4_DW01_add_88_DW01_add_593
u_mat/add_2_root_add_0_root_add_230_I16
                                      67.7880      0.0      67.7880      0.0000       0.0000  mat_engine_TCM_AW13_LANES4_DW01_add_91_DW01_add_596
u_mat/add_2_root_add_0_root_add_230_I17
                                      67.7880      0.0      67.7880      0.0000       0.0000  mat_engine_TCM_AW13_LANES4_DW01_add_94_DW01_add_599
u_mat/add_2_root_add_0_root_add_230_I18
                                      67.7880      0.0      67.7880      0.0000       0.0000  mat_engine_TCM_AW13_LANES4_DW01_add_97_DW01_add_602
u_mat/add_2_root_add_0_root_add_230_I19
                                      67.7880      0.0      67.7880      0.0000       0.0000  mat_engine_TCM_AW13_LANES4_DW01_add_100_DW01_add_605
u_mat/add_2_root_add_0_root_add_230_I2
                                      67.7880      0.0      67.7880      0.0000       0.0000  mat_engine_TCM_AW13_LANES4_DW01_add_106_DW01_add_611
u_mat/add_2_root_add_0_root_add_230_I20
                                      67.7880      0.0      67.7880      0.0000       0.0000  mat_engine_TCM_AW13_LANES4_DW01_add_103_DW01_add_608
u_mat/add_2_root_add_0_root_add_230_I21
                                      67.7880      0.0      67.7880      0.0000       0.0000  mat_engine_TCM_AW13_LANES4_DW01_add_109_DW01_add_614
u_mat/add_2_root_add_0_root_add_230_I22
                                      67.7880      0.0      67.7880      0.0000       0.0000  mat_engine_TCM_AW13_LANES4_DW01_add_112_DW01_add_617
u_mat/add_2_root_add_0_root_add_230_I23
                                      67.7880      0.0      67.7880      0.0000       0.0000  mat_engine_TCM_AW13_LANES4_DW01_add_115_DW01_add_620
u_mat/add_2_root_add_0_root_add_230_I24
                                      67.7880      0.0      67.7880      0.0000       0.0000  mat_engine_TCM_AW13_LANES4_DW01_add_118_DW01_add_623
u_mat/add_2_root_add_0_root_add_230_I25
                                      67.7880      0.0      67.7880      0.0000       0.0000  mat_engine_TCM_AW13_LANES4_DW01_add_121_DW01_add_626
u_mat/add_2_root_add_0_root_add_230_I26
                                      67.7880      0.0      67.7880      0.0000       0.0000  mat_engine_TCM_AW13_LANES4_DW01_add_124_DW01_add_629
u_mat/add_2_root_add_0_root_add_230_I27
                                      67.7880      0.0      67.7880      0.0000       0.0000  mat_engine_TCM_AW13_LANES4_DW01_add_127_DW01_add_632
u_mat/add_2_root_add_0_root_add_230_I28
                                      67.7880      0.0      67.7880      0.0000       0.0000  mat_engine_TCM_AW13_LANES4_DW01_add_130_DW01_add_635
u_mat/add_2_root_add_0_root_add_230_I29
                                      67.7880      0.0      67.7880      0.0000       0.0000  mat_engine_TCM_AW13_LANES4_DW01_add_133_DW01_add_638
u_mat/add_2_root_add_0_root_add_230_I3
                                      67.7880      0.0      67.7880      0.0000       0.0000  mat_engine_TCM_AW13_LANES4_DW01_add_139_DW01_add_644
u_mat/add_2_root_add_0_root_add_230_I30
                                      67.7880      0.0      67.7880      0.0000       0.0000  mat_engine_TCM_AW13_LANES4_DW01_add_136_DW01_add_641
u_mat/add_2_root_add_0_root_add_230_I31
                                      67.7880      0.0      67.7880      0.0000       0.0000  mat_engine_TCM_AW13_LANES4_DW01_add_142_DW01_add_647
u_mat/add_2_root_add_0_root_add_230_I32
                                      67.7880      0.0      67.7880      0.0000       0.0000  mat_engine_TCM_AW13_LANES4_DW01_add_145_DW01_add_650
u_mat/add_2_root_add_0_root_add_230_I33
                                      67.7880      0.0      67.7880      0.0000       0.0000  mat_engine_TCM_AW13_LANES4_DW01_add_148_DW01_add_653
u_mat/add_2_root_add_0_root_add_230_I34
                                      67.7880      0.0      67.7880      0.0000       0.0000  mat_engine_TCM_AW13_LANES4_DW01_add_151_DW01_add_656
u_mat/add_2_root_add_0_root_add_230_I35
                                      67.7880      0.0      67.7880      0.0000       0.0000  mat_engine_TCM_AW13_LANES4_DW01_add_154_DW01_add_659
u_mat/add_2_root_add_0_root_add_230_I36
                                      67.7880      0.0      67.7880      0.0000       0.0000  mat_engine_TCM_AW13_LANES4_DW01_add_157_DW01_add_662
u_mat/add_2_root_add_0_root_add_230_I37
                                      67.7880      0.0      67.7880      0.0000       0.0000  mat_engine_TCM_AW13_LANES4_DW01_add_160_DW01_add_665
u_mat/add_2_root_add_0_root_add_230_I38
                                      67.7880      0.0      67.7880      0.0000       0.0000  mat_engine_TCM_AW13_LANES4_DW01_add_163_DW01_add_668
u_mat/add_2_root_add_0_root_add_230_I39
                                      67.7880      0.0      67.7880      0.0000       0.0000  mat_engine_TCM_AW13_LANES4_DW01_add_166_DW01_add_671
u_mat/add_2_root_add_0_root_add_230_I4
                                      67.7880      0.0      67.7880      0.0000       0.0000  mat_engine_TCM_AW13_LANES4_DW01_add_172_DW01_add_677
u_mat/add_2_root_add_0_root_add_230_I40
                                      67.7880      0.0      67.7880      0.0000       0.0000  mat_engine_TCM_AW13_LANES4_DW01_add_169_DW01_add_674
u_mat/add_2_root_add_0_root_add_230_I41
                                      67.7880      0.0      67.7880      0.0000       0.0000  mat_engine_TCM_AW13_LANES4_DW01_add_175_DW01_add_680
u_mat/add_2_root_add_0_root_add_230_I42
                                      67.7880      0.0      67.7880      0.0000       0.0000  mat_engine_TCM_AW13_LANES4_DW01_add_178_DW01_add_683
u_mat/add_2_root_add_0_root_add_230_I43
                                      67.7880      0.0      67.7880      0.0000       0.0000  mat_engine_TCM_AW13_LANES4_DW01_add_181_DW01_add_686
u_mat/add_2_root_add_0_root_add_230_I44
                                      67.7880      0.0      67.7880      0.0000       0.0000  mat_engine_TCM_AW13_LANES4_DW01_add_184_DW01_add_689
u_mat/add_2_root_add_0_root_add_230_I45
                                      67.7880      0.0      67.7880      0.0000       0.0000  mat_engine_TCM_AW13_LANES4_DW01_add_187_DW01_add_692
u_mat/add_2_root_add_0_root_add_230_I46
                                      67.7880      0.0      67.7880      0.0000       0.0000  mat_engine_TCM_AW13_LANES4_DW01_add_190_DW01_add_695
u_mat/add_2_root_add_0_root_add_230_I47
                                      67.7880      0.0      67.7880      0.0000       0.0000  mat_engine_TCM_AW13_LANES4_DW01_add_193_DW01_add_698
u_mat/add_2_root_add_0_root_add_230_I48
                                      67.7880      0.0      67.7880      0.0000       0.0000  mat_engine_TCM_AW13_LANES4_DW01_add_196_DW01_add_701
u_mat/add_2_root_add_0_root_add_230_I49
                                      67.7880      0.0      67.7880      0.0000       0.0000  mat_engine_TCM_AW13_LANES4_DW01_add_199_DW01_add_704
u_mat/add_2_root_add_0_root_add_230_I5
                                      67.7880      0.0      67.7880      0.0000       0.0000  mat_engine_TCM_AW13_LANES4_DW01_add_205_DW01_add_710
u_mat/add_2_root_add_0_root_add_230_I50
                                      67.7880      0.0      67.7880      0.0000       0.0000  mat_engine_TCM_AW13_LANES4_DW01_add_202_DW01_add_707
u_mat/add_2_root_add_0_root_add_230_I51
                                      67.7880      0.0      67.7880      0.0000       0.0000  mat_engine_TCM_AW13_LANES4_DW01_add_208_DW01_add_713
u_mat/add_2_root_add_0_root_add_230_I52
                                      67.7880      0.0      67.7880      0.0000       0.0000  mat_engine_TCM_AW13_LANES4_DW01_add_211_DW01_add_716
u_mat/add_2_root_add_0_root_add_230_I53
                                      67.7880      0.0      67.7880      0.0000       0.0000  mat_engine_TCM_AW13_LANES4_DW01_add_214_DW01_add_719
u_mat/add_2_root_add_0_root_add_230_I54
                                      67.7880      0.0      67.7880      0.0000       0.0000  mat_engine_TCM_AW13_LANES4_DW01_add_217_DW01_add_722
u_mat/add_2_root_add_0_root_add_230_I55
                                      67.7880      0.0      67.7880      0.0000       0.0000  mat_engine_TCM_AW13_LANES4_DW01_add_220_DW01_add_725
u_mat/add_2_root_add_0_root_add_230_I56
                                      67.7880      0.0      67.7880      0.0000       0.0000  mat_engine_TCM_AW13_LANES4_DW01_add_223_DW01_add_728
u_mat/add_2_root_add_0_root_add_230_I57
                                      67.7880      0.0      67.7880      0.0000       0.0000  mat_engine_TCM_AW13_LANES4_DW01_add_226_DW01_add_731
u_mat/add_2_root_add_0_root_add_230_I58
                                      67.7880      0.0      67.7880      0.0000       0.0000  mat_engine_TCM_AW13_LANES4_DW01_add_229_DW01_add_734
u_mat/add_2_root_add_0_root_add_230_I59
                                      67.7880      0.0      67.7880      0.0000       0.0000  mat_engine_TCM_AW13_LANES4_DW01_add_232_DW01_add_737
u_mat/add_2_root_add_0_root_add_230_I6
                                      67.7880      0.0      67.7880      0.0000       0.0000  mat_engine_TCM_AW13_LANES4_DW01_add_238_DW01_add_743
u_mat/add_2_root_add_0_root_add_230_I60
                                      67.7880      0.0      67.7880      0.0000       0.0000  mat_engine_TCM_AW13_LANES4_DW01_add_235_DW01_add_740
u_mat/add_2_root_add_0_root_add_230_I61
                                      67.7880      0.0      67.7880      0.0000       0.0000  mat_engine_TCM_AW13_LANES4_DW01_add_241_DW01_add_746
u_mat/add_2_root_add_0_root_add_230_I62
                                      67.7880      0.0      67.7880      0.0000       0.0000  mat_engine_TCM_AW13_LANES4_DW01_add_244_DW01_add_749
u_mat/add_2_root_add_0_root_add_230_I63
                                      67.7880      0.0      67.7880      0.0000       0.0000  mat_engine_TCM_AW13_LANES4_DW01_add_247_DW01_add_752
u_mat/add_2_root_add_0_root_add_230_I64
                                      67.7880      0.0      67.7880      0.0000       0.0000  mat_engine_TCM_AW13_LANES4_DW01_add_250_DW01_add_755
u_mat/add_2_root_add_0_root_add_230_I7
                                      67.7880      0.0      67.7880      0.0000       0.0000  mat_engine_TCM_AW13_LANES4_DW01_add_253_DW01_add_758
u_mat/add_2_root_add_0_root_add_230_I8
                                      67.7880      0.0      67.7880      0.0000       0.0000  mat_engine_TCM_AW13_LANES4_DW01_add_256_DW01_add_761
u_mat/add_2_root_add_0_root_add_230_I9
                                      67.7880      0.0      67.7880      0.0000       0.0000  mat_engine_TCM_AW13_LANES4_DW01_add_259_DW01_add_764
u_mat/gt_154                          48.5100      0.0      48.5100      0.0000       0.0000  mat_engine_TCM_AW13_LANES4_DW_cmp_21
u_mat/gt_158                          32.6340      0.0      32.6340      0.0000       0.0000  mat_engine_TCM_AW13_LANES4_DW_cmp_19
u_mat/lt_158                          32.6340      0.0      32.6340      0.0000       0.0000  mat_engine_TCM_AW13_LANES4_DW_cmp_20
u_mat/mult_117                       126.7560      0.0     126.7560      0.0000       0.0000  mat_engine_TCM_AW13_LANES4_DW_mult_tc_192_DW_mult_tc_193
u_mat/mult_117_G2                    126.7560      0.0     126.7560      0.0000       0.0000  mat_engine_TCM_AW13_LANES4_DW_mult_tc_200_DW_mult_tc_201
u_mat/mult_117_G2_G1                 126.7560      0.0     126.7560      0.0000       0.0000  mat_engine_TCM_AW13_LANES4_DW_mult_tc_193_DW_mult_tc_194
u_mat/mult_117_G2_G1_G1              126.7560      0.0     126.7560      0.0000       0.0000  mat_engine_TCM_AW13_LANES4_DW_mult_tc_128_DW_mult_tc_129
u_mat/mult_117_G2_G1_G2              126.7560      0.0     126.7560      0.0000       0.0000  mat_engine_TCM_AW13_LANES4_DW_mult_tc_136_DW_mult_tc_137
u_mat/mult_117_G2_G1_G3              126.7560      0.0     126.7560      0.0000       0.0000  mat_engine_TCM_AW13_LANES4_DW_mult_tc_144_DW_mult_tc_145
u_mat/mult_117_G2_G1_G4              126.7560      0.0     126.7560      0.0000       0.0000  mat_engine_TCM_AW13_LANES4_DW_mult_tc_152_DW_mult_tc_153
u_mat/mult_117_G2_G1_G5              126.7560      0.0     126.7560      0.0000       0.0000  mat_engine_TCM_AW13_LANES4_DW_mult_tc_160_DW_mult_tc_161
u_mat/mult_117_G2_G1_G6              126.7560      0.0     126.7560      0.0000       0.0000  mat_engine_TCM_AW13_LANES4_DW_mult_tc_168_DW_mult_tc_169
u_mat/mult_117_G2_G1_G7              126.7560      0.0     126.7560      0.0000       0.0000  mat_engine_TCM_AW13_LANES4_DW_mult_tc_176_DW_mult_tc_177
u_mat/mult_117_G2_G1_G8              126.7560      0.0     126.7560      0.0000       0.0000  mat_engine_TCM_AW13_LANES4_DW_mult_tc_184_DW_mult_tc_185
u_mat/mult_117_G2_G2                 126.7560      0.0     126.7560      0.0000       0.0000  mat_engine_TCM_AW13_LANES4_DW_mult_tc_201_DW_mult_tc_202
u_mat/mult_117_G2_G2_G1              126.7560      0.0     126.7560      0.0000       0.0000  mat_engine_TCM_AW13_LANES4_DW_mult_tc_129_DW_mult_tc_130
u_mat/mult_117_G2_G2_G2              126.7560      0.0     126.7560      0.0000       0.0000  mat_engine_TCM_AW13_LANES4_DW_mult_tc_137_DW_mult_tc_138
u_mat/mult_117_G2_G2_G3              126.7560      0.0     126.7560      0.0000       0.0000  mat_engine_TCM_AW13_LANES4_DW_mult_tc_145_DW_mult_tc_146
u_mat/mult_117_G2_G2_G4              126.7560      0.0     126.7560      0.0000       0.0000  mat_engine_TCM_AW13_LANES4_DW_mult_tc_153_DW_mult_tc_154
u_mat/mult_117_G2_G2_G5              126.7560      0.0     126.7560      0.0000       0.0000  mat_engine_TCM_AW13_LANES4_DW_mult_tc_161_DW_mult_tc_162
u_mat/mult_117_G2_G2_G6              126.7560      0.0     126.7560      0.0000       0.0000  mat_engine_TCM_AW13_LANES4_DW_mult_tc_169_DW_mult_tc_170
u_mat/mult_117_G2_G2_G7              126.7560      0.0     126.7560      0.0000       0.0000  mat_engine_TCM_AW13_LANES4_DW_mult_tc_177_DW_mult_tc_178
u_mat/mult_117_G2_G2_G8              126.7560      0.0     126.7560      0.0000       0.0000  mat_engine_TCM_AW13_LANES4_DW_mult_tc_185_DW_mult_tc_186
u_mat/mult_117_G2_G3                 126.7560      0.0     126.7560      0.0000       0.0000  mat_engine_TCM_AW13_LANES4_DW_mult_tc_209_DW_mult_tc_210
u_mat/mult_117_G2_G3_G1              126.7560      0.0     126.7560      0.0000       0.0000  mat_engine_TCM_AW13_LANES4_DW_mult_tc_130_DW_mult_tc_131
u_mat/mult_117_G2_G3_G2              126.7560      0.0     126.7560      0.0000       0.0000  mat_engine_TCM_AW13_LANES4_DW_mult_tc_138_DW_mult_tc_139
u_mat/mult_117_G2_G3_G3              126.7560      0.0     126.7560      0.0000       0.0000  mat_engine_TCM_AW13_LANES4_DW_mult_tc_146_DW_mult_tc_147
u_mat/mult_117_G2_G3_G4              126.7560      0.0     126.7560      0.0000       0.0000  mat_engine_TCM_AW13_LANES4_DW_mult_tc_154_DW_mult_tc_155
u_mat/mult_117_G2_G3_G5              126.7560      0.0     126.7560      0.0000       0.0000  mat_engine_TCM_AW13_LANES4_DW_mult_tc_162_DW_mult_tc_163
u_mat/mult_117_G2_G3_G6              126.7560      0.0     126.7560      0.0000       0.0000  mat_engine_TCM_AW13_LANES4_DW_mult_tc_170_DW_mult_tc_171
u_mat/mult_117_G2_G3_G7              126.7560      0.0     126.7560      0.0000       0.0000  mat_engine_TCM_AW13_LANES4_DW_mult_tc_178_DW_mult_tc_179
u_mat/mult_117_G2_G3_G8              126.7560      0.0     126.7560      0.0000       0.0000  mat_engine_TCM_AW13_LANES4_DW_mult_tc_186_DW_mult_tc_187
u_mat/mult_117_G2_G4                 126.7560      0.0     126.7560      0.0000       0.0000  mat_engine_TCM_AW13_LANES4_DW_mult_tc_217_DW_mult_tc_218
u_mat/mult_117_G2_G4_G1              126.7560      0.0     126.7560      0.0000       0.0000  mat_engine_TCM_AW13_LANES4_DW_mult_tc_131_DW_mult_tc_132
u_mat/mult_117_G2_G4_G2              126.7560      0.0     126.7560      0.0000       0.0000  mat_engine_TCM_AW13_LANES4_DW_mult_tc_139_DW_mult_tc_140
u_mat/mult_117_G2_G4_G3              126.7560      0.0     126.7560      0.0000       0.0000  mat_engine_TCM_AW13_LANES4_DW_mult_tc_147_DW_mult_tc_148
u_mat/mult_117_G2_G4_G4              126.7560      0.0     126.7560      0.0000       0.0000  mat_engine_TCM_AW13_LANES4_DW_mult_tc_155_DW_mult_tc_156
u_mat/mult_117_G2_G4_G5              126.7560      0.0     126.7560      0.0000       0.0000  mat_engine_TCM_AW13_LANES4_DW_mult_tc_163_DW_mult_tc_164
u_mat/mult_117_G2_G4_G6              126.7560      0.0     126.7560      0.0000       0.0000  mat_engine_TCM_AW13_LANES4_DW_mult_tc_171_DW_mult_tc_172
u_mat/mult_117_G2_G4_G7              126.7560      0.0     126.7560      0.0000       0.0000  mat_engine_TCM_AW13_LANES4_DW_mult_tc_179_DW_mult_tc_180
u_mat/mult_117_G2_G4_G8              126.7560      0.0     126.7560      0.0000       0.0000  mat_engine_TCM_AW13_LANES4_DW_mult_tc_187_DW_mult_tc_188
u_mat/mult_117_G2_G5                 126.7560      0.0     126.7560      0.0000       0.0000  mat_engine_TCM_AW13_LANES4_DW_mult_tc_225_DW_mult_tc_226
u_mat/mult_117_G2_G5_G1              126.7560      0.0     126.7560      0.0000       0.0000  mat_engine_TCM_AW13_LANES4_DW_mult_tc_132_DW_mult_tc_133
u_mat/mult_117_G2_G5_G2              126.7560      0.0     126.7560      0.0000       0.0000  mat_engine_TCM_AW13_LANES4_DW_mult_tc_140_DW_mult_tc_141
u_mat/mult_117_G2_G5_G3              126.7560      0.0     126.7560      0.0000       0.0000  mat_engine_TCM_AW13_LANES4_DW_mult_tc_148_DW_mult_tc_149
u_mat/mult_117_G2_G5_G4              126.7560      0.0     126.7560      0.0000       0.0000  mat_engine_TCM_AW13_LANES4_DW_mult_tc_156_DW_mult_tc_157
u_mat/mult_117_G2_G5_G5              126.7560      0.0     126.7560      0.0000       0.0000  mat_engine_TCM_AW13_LANES4_DW_mult_tc_164_DW_mult_tc_165
u_mat/mult_117_G2_G5_G6              126.7560      0.0     126.7560      0.0000       0.0000  mat_engine_TCM_AW13_LANES4_DW_mult_tc_172_DW_mult_tc_173
u_mat/mult_117_G2_G5_G7              126.7560      0.0     126.7560      0.0000       0.0000  mat_engine_TCM_AW13_LANES4_DW_mult_tc_180_DW_mult_tc_181
u_mat/mult_117_G2_G5_G8              126.7560      0.0     126.7560      0.0000       0.0000  mat_engine_TCM_AW13_LANES4_DW_mult_tc_188_DW_mult_tc_189
u_mat/mult_117_G2_G6                 126.7560      0.0     126.7560      0.0000       0.0000  mat_engine_TCM_AW13_LANES4_DW_mult_tc_233_DW_mult_tc_234
u_mat/mult_117_G2_G6_G1              126.7560      0.0     126.7560      0.0000       0.0000  mat_engine_TCM_AW13_LANES4_DW_mult_tc_133_DW_mult_tc_134
u_mat/mult_117_G2_G6_G2              126.7560      0.0     126.7560      0.0000       0.0000  mat_engine_TCM_AW13_LANES4_DW_mult_tc_141_DW_mult_tc_142
u_mat/mult_117_G2_G6_G3              126.7560      0.0     126.7560      0.0000       0.0000  mat_engine_TCM_AW13_LANES4_DW_mult_tc_149_DW_mult_tc_150
u_mat/mult_117_G2_G6_G4              126.7560      0.0     126.7560      0.0000       0.0000  mat_engine_TCM_AW13_LANES4_DW_mult_tc_157_DW_mult_tc_158
u_mat/mult_117_G2_G6_G5              126.7560      0.0     126.7560      0.0000       0.0000  mat_engine_TCM_AW13_LANES4_DW_mult_tc_165_DW_mult_tc_166
u_mat/mult_117_G2_G6_G6              126.7560      0.0     126.7560      0.0000       0.0000  mat_engine_TCM_AW13_LANES4_DW_mult_tc_173_DW_mult_tc_174
u_mat/mult_117_G2_G6_G7              126.7560      0.0     126.7560      0.0000       0.0000  mat_engine_TCM_AW13_LANES4_DW_mult_tc_181_DW_mult_tc_182
u_mat/mult_117_G2_G6_G8              126.7560      0.0     126.7560      0.0000       0.0000  mat_engine_TCM_AW13_LANES4_DW_mult_tc_189_DW_mult_tc_190
u_mat/mult_117_G2_G7                 126.7560      0.0     126.7560      0.0000       0.0000  mat_engine_TCM_AW13_LANES4_DW_mult_tc_241_DW_mult_tc_242
u_mat/mult_117_G2_G7_G1              126.7560      0.0     126.7560      0.0000       0.0000  mat_engine_TCM_AW13_LANES4_DW_mult_tc_134_DW_mult_tc_135
u_mat/mult_117_G2_G7_G2              126.7560      0.0     126.7560      0.0000       0.0000  mat_engine_TCM_AW13_LANES4_DW_mult_tc_142_DW_mult_tc_143
u_mat/mult_117_G2_G7_G3              126.7560      0.0     126.7560      0.0000       0.0000  mat_engine_TCM_AW13_LANES4_DW_mult_tc_150_DW_mult_tc_151
u_mat/mult_117_G2_G7_G4              126.7560      0.0     126.7560      0.0000       0.0000  mat_engine_TCM_AW13_LANES4_DW_mult_tc_158_DW_mult_tc_159
u_mat/mult_117_G2_G7_G5              126.7560      0.0     126.7560      0.0000       0.0000  mat_engine_TCM_AW13_LANES4_DW_mult_tc_166_DW_mult_tc_167
u_mat/mult_117_G2_G7_G6              126.7560      0.0     126.7560      0.0000       0.0000  mat_engine_TCM_AW13_LANES4_DW_mult_tc_174_DW_mult_tc_175
u_mat/mult_117_G2_G7_G7              126.7560      0.0     126.7560      0.0000       0.0000  mat_engine_TCM_AW13_LANES4_DW_mult_tc_182_DW_mult_tc_183
u_mat/mult_117_G2_G7_G8              126.7560      0.0     126.7560      0.0000       0.0000  mat_engine_TCM_AW13_LANES4_DW_mult_tc_190_DW_mult_tc_191
u_mat/mult_117_G2_G8                 126.7560      0.0     126.7560      0.0000       0.0000  mat_engine_TCM_AW13_LANES4_DW_mult_tc_249_DW_mult_tc_250
u_mat/mult_117_G2_G8_G1              126.7560      0.0     126.7560      0.0000       0.0000  mat_engine_TCM_AW13_LANES4_DW_mult_tc_135_DW_mult_tc_136
u_mat/mult_117_G2_G8_G2              126.7560      0.0     126.7560      0.0000       0.0000  mat_engine_TCM_AW13_LANES4_DW_mult_tc_143_DW_mult_tc_144
u_mat/mult_117_G2_G8_G3              126.7560      0.0     126.7560      0.0000       0.0000  mat_engine_TCM_AW13_LANES4_DW_mult_tc_151_DW_mult_tc_152
u_mat/mult_117_G2_G8_G4              126.7560      0.0     126.7560      0.0000       0.0000  mat_engine_TCM_AW13_LANES4_DW_mult_tc_159_DW_mult_tc_160
u_mat/mult_117_G2_G8_G5              126.7560      0.0     126.7560      0.0000       0.0000  mat_engine_TCM_AW13_LANES4_DW_mult_tc_167_DW_mult_tc_168
u_mat/mult_117_G2_G8_G6              126.7560      0.0     126.7560      0.0000       0.0000  mat_engine_TCM_AW13_LANES4_DW_mult_tc_175_DW_mult_tc_176
u_mat/mult_117_G2_G8_G7              126.7560      0.0     126.7560      0.0000       0.0000  mat_engine_TCM_AW13_LANES4_DW_mult_tc_183_DW_mult_tc_184
u_mat/mult_117_G2_G8_G8              126.7560      0.0     126.7560      0.0000       0.0000  mat_engine_TCM_AW13_LANES4_DW_mult_tc_191_DW_mult_tc_192
u_mat/mult_117_G3                    126.7560      0.0     126.7560      0.0000       0.0000  mat_engine_TCM_AW13_LANES4_DW_mult_tc_208_DW_mult_tc_209
u_mat/mult_117_G3_G1                 126.7560      0.0     126.7560      0.0000       0.0000  mat_engine_TCM_AW13_LANES4_DW_mult_tc_194_DW_mult_tc_195
u_mat/mult_117_G3_G1_G1              126.7560      0.0     126.7560      0.0000       0.0000  mat_engine_TCM_AW13_LANES4_DW_mult_tc_64_DW_mult_tc_65
u_mat/mult_117_G3_G1_G2              126.7560      0.0     126.7560      0.0000       0.0000  mat_engine_TCM_AW13_LANES4_DW_mult_tc_72_DW_mult_tc_73
u_mat/mult_117_G3_G1_G3              126.7560      0.0     126.7560      0.0000       0.0000  mat_engine_TCM_AW13_LANES4_DW_mult_tc_80_DW_mult_tc_81
u_mat/mult_117_G3_G1_G4              126.7560      0.0     126.7560      0.0000       0.0000  mat_engine_TCM_AW13_LANES4_DW_mult_tc_88_DW_mult_tc_89
u_mat/mult_117_G3_G1_G5              126.7560      0.0     126.7560      0.0000       0.0000  mat_engine_TCM_AW13_LANES4_DW_mult_tc_96_DW_mult_tc_97
u_mat/mult_117_G3_G1_G6              126.7560      0.0     126.7560      0.0000       0.0000  mat_engine_TCM_AW13_LANES4_DW_mult_tc_104_DW_mult_tc_105
u_mat/mult_117_G3_G1_G7              126.7560      0.0     126.7560      0.0000       0.0000  mat_engine_TCM_AW13_LANES4_DW_mult_tc_112_DW_mult_tc_113
u_mat/mult_117_G3_G1_G8              126.7560      0.0     126.7560      0.0000       0.0000  mat_engine_TCM_AW13_LANES4_DW_mult_tc_120_DW_mult_tc_121
u_mat/mult_117_G3_G2                 126.7560      0.0     126.7560      0.0000       0.0000  mat_engine_TCM_AW13_LANES4_DW_mult_tc_202_DW_mult_tc_203
u_mat/mult_117_G3_G2_G1              126.7560      0.0     126.7560      0.0000       0.0000  mat_engine_TCM_AW13_LANES4_DW_mult_tc_65_DW_mult_tc_66
u_mat/mult_117_G3_G2_G2              126.7560      0.0     126.7560      0.0000       0.0000  mat_engine_TCM_AW13_LANES4_DW_mult_tc_73_DW_mult_tc_74
u_mat/mult_117_G3_G2_G3              126.7560      0.0     126.7560      0.0000       0.0000  mat_engine_TCM_AW13_LANES4_DW_mult_tc_81_DW_mult_tc_82
u_mat/mult_117_G3_G2_G4              126.7560      0.0     126.7560      0.0000       0.0000  mat_engine_TCM_AW13_LANES4_DW_mult_tc_89_DW_mult_tc_90
u_mat/mult_117_G3_G2_G5              126.7560      0.0     126.7560      0.0000       0.0000  mat_engine_TCM_AW13_LANES4_DW_mult_tc_97_DW_mult_tc_98
u_mat/mult_117_G3_G2_G6              126.7560      0.0     126.7560      0.0000       0.0000  mat_engine_TCM_AW13_LANES4_DW_mult_tc_105_DW_mult_tc_106
u_mat/mult_117_G3_G2_G7              126.7560      0.0     126.7560      0.0000       0.0000  mat_engine_TCM_AW13_LANES4_DW_mult_tc_113_DW_mult_tc_114
u_mat/mult_117_G3_G2_G8              126.7560      0.0     126.7560      0.0000       0.0000  mat_engine_TCM_AW13_LANES4_DW_mult_tc_121_DW_mult_tc_122
u_mat/mult_117_G3_G3                 126.7560      0.0     126.7560      0.0000       0.0000  mat_engine_TCM_AW13_LANES4_DW_mult_tc_210_DW_mult_tc_211
u_mat/mult_117_G3_G3_G1              126.7560      0.0     126.7560      0.0000       0.0000  mat_engine_TCM_AW13_LANES4_DW_mult_tc_66_DW_mult_tc_67
u_mat/mult_117_G3_G3_G2              126.7560      0.0     126.7560      0.0000       0.0000  mat_engine_TCM_AW13_LANES4_DW_mult_tc_74_DW_mult_tc_75
u_mat/mult_117_G3_G3_G3              126.7560      0.0     126.7560      0.0000       0.0000  mat_engine_TCM_AW13_LANES4_DW_mult_tc_82_DW_mult_tc_83
u_mat/mult_117_G3_G3_G4              126.7560      0.0     126.7560      0.0000       0.0000  mat_engine_TCM_AW13_LANES4_DW_mult_tc_90_DW_mult_tc_91
u_mat/mult_117_G3_G3_G5              126.7560      0.0     126.7560      0.0000       0.0000  mat_engine_TCM_AW13_LANES4_DW_mult_tc_98_DW_mult_tc_99
u_mat/mult_117_G3_G3_G6              126.7560      0.0     126.7560      0.0000       0.0000  mat_engine_TCM_AW13_LANES4_DW_mult_tc_106_DW_mult_tc_107
u_mat/mult_117_G3_G3_G7              126.7560      0.0     126.7560      0.0000       0.0000  mat_engine_TCM_AW13_LANES4_DW_mult_tc_114_DW_mult_tc_115
u_mat/mult_117_G3_G3_G8              126.7560      0.0     126.7560      0.0000       0.0000  mat_engine_TCM_AW13_LANES4_DW_mult_tc_122_DW_mult_tc_123
u_mat/mult_117_G3_G4                 126.7560      0.0     126.7560      0.0000       0.0000  mat_engine_TCM_AW13_LANES4_DW_mult_tc_218_DW_mult_tc_219
u_mat/mult_117_G3_G4_G1              126.7560      0.0     126.7560      0.0000       0.0000  mat_engine_TCM_AW13_LANES4_DW_mult_tc_67_DW_mult_tc_68
u_mat/mult_117_G3_G4_G2              126.7560      0.0     126.7560      0.0000       0.0000  mat_engine_TCM_AW13_LANES4_DW_mult_tc_75_DW_mult_tc_76
u_mat/mult_117_G3_G4_G3              126.7560      0.0     126.7560      0.0000       0.0000  mat_engine_TCM_AW13_LANES4_DW_mult_tc_83_DW_mult_tc_84
u_mat/mult_117_G3_G4_G4              126.7560      0.0     126.7560      0.0000       0.0000  mat_engine_TCM_AW13_LANES4_DW_mult_tc_91_DW_mult_tc_92
u_mat/mult_117_G3_G4_G5              126.7560      0.0     126.7560      0.0000       0.0000  mat_engine_TCM_AW13_LANES4_DW_mult_tc_99_DW_mult_tc_100
u_mat/mult_117_G3_G4_G6              126.7560      0.0     126.7560      0.0000       0.0000  mat_engine_TCM_AW13_LANES4_DW_mult_tc_107_DW_mult_tc_108
u_mat/mult_117_G3_G4_G7              126.7560      0.0     126.7560      0.0000       0.0000  mat_engine_TCM_AW13_LANES4_DW_mult_tc_115_DW_mult_tc_116
u_mat/mult_117_G3_G4_G8              126.7560      0.0     126.7560      0.0000       0.0000  mat_engine_TCM_AW13_LANES4_DW_mult_tc_123_DW_mult_tc_124
u_mat/mult_117_G3_G5                 126.7560      0.0     126.7560      0.0000       0.0000  mat_engine_TCM_AW13_LANES4_DW_mult_tc_226_DW_mult_tc_227
u_mat/mult_117_G3_G5_G1              126.7560      0.0     126.7560      0.0000       0.0000  mat_engine_TCM_AW13_LANES4_DW_mult_tc_68_DW_mult_tc_69
u_mat/mult_117_G3_G5_G2              126.7560      0.0     126.7560      0.0000       0.0000  mat_engine_TCM_AW13_LANES4_DW_mult_tc_76_DW_mult_tc_77
u_mat/mult_117_G3_G5_G3              126.7560      0.0     126.7560      0.0000       0.0000  mat_engine_TCM_AW13_LANES4_DW_mult_tc_84_DW_mult_tc_85
u_mat/mult_117_G3_G5_G4              126.7560      0.0     126.7560      0.0000       0.0000  mat_engine_TCM_AW13_LANES4_DW_mult_tc_92_DW_mult_tc_93
u_mat/mult_117_G3_G5_G5              126.7560      0.0     126.7560      0.0000       0.0000  mat_engine_TCM_AW13_LANES4_DW_mult_tc_100_DW_mult_tc_101
u_mat/mult_117_G3_G5_G6              126.7560      0.0     126.7560      0.0000       0.0000  mat_engine_TCM_AW13_LANES4_DW_mult_tc_108_DW_mult_tc_109
u_mat/mult_117_G3_G5_G7              126.7560      0.0     126.7560      0.0000       0.0000  mat_engine_TCM_AW13_LANES4_DW_mult_tc_116_DW_mult_tc_117
u_mat/mult_117_G3_G5_G8              126.7560      0.0     126.7560      0.0000       0.0000  mat_engine_TCM_AW13_LANES4_DW_mult_tc_124_DW_mult_tc_125
u_mat/mult_117_G3_G6                 126.7560      0.0     126.7560      0.0000       0.0000  mat_engine_TCM_AW13_LANES4_DW_mult_tc_234_DW_mult_tc_235
u_mat/mult_117_G3_G6_G1              126.7560      0.0     126.7560      0.0000       0.0000  mat_engine_TCM_AW13_LANES4_DW_mult_tc_69_DW_mult_tc_70
u_mat/mult_117_G3_G6_G2              126.7560      0.0     126.7560      0.0000       0.0000  mat_engine_TCM_AW13_LANES4_DW_mult_tc_77_DW_mult_tc_78
u_mat/mult_117_G3_G6_G3              126.7560      0.0     126.7560      0.0000       0.0000  mat_engine_TCM_AW13_LANES4_DW_mult_tc_85_DW_mult_tc_86
u_mat/mult_117_G3_G6_G4              126.7560      0.0     126.7560      0.0000       0.0000  mat_engine_TCM_AW13_LANES4_DW_mult_tc_93_DW_mult_tc_94
u_mat/mult_117_G3_G6_G5              126.7560      0.0     126.7560      0.0000       0.0000  mat_engine_TCM_AW13_LANES4_DW_mult_tc_101_DW_mult_tc_102
u_mat/mult_117_G3_G6_G6              126.7560      0.0     126.7560      0.0000       0.0000  mat_engine_TCM_AW13_LANES4_DW_mult_tc_109_DW_mult_tc_110
u_mat/mult_117_G3_G6_G7              126.7560      0.0     126.7560      0.0000       0.0000  mat_engine_TCM_AW13_LANES4_DW_mult_tc_117_DW_mult_tc_118
u_mat/mult_117_G3_G6_G8              126.7560      0.0     126.7560      0.0000       0.0000  mat_engine_TCM_AW13_LANES4_DW_mult_tc_125_DW_mult_tc_126
u_mat/mult_117_G3_G7                 126.7560      0.0     126.7560      0.0000       0.0000  mat_engine_TCM_AW13_LANES4_DW_mult_tc_242_DW_mult_tc_243
u_mat/mult_117_G3_G7_G1              126.7560      0.0     126.7560      0.0000       0.0000  mat_engine_TCM_AW13_LANES4_DW_mult_tc_70_DW_mult_tc_71
u_mat/mult_117_G3_G7_G2              126.7560      0.0     126.7560      0.0000       0.0000  mat_engine_TCM_AW13_LANES4_DW_mult_tc_78_DW_mult_tc_79
u_mat/mult_117_G3_G7_G3              126.7560      0.0     126.7560      0.0000       0.0000  mat_engine_TCM_AW13_LANES4_DW_mult_tc_86_DW_mult_tc_87
u_mat/mult_117_G3_G7_G4              126.7560      0.0     126.7560      0.0000       0.0000  mat_engine_TCM_AW13_LANES4_DW_mult_tc_94_DW_mult_tc_95
u_mat/mult_117_G3_G7_G5              126.7560      0.0     126.7560      0.0000       0.0000  mat_engine_TCM_AW13_LANES4_DW_mult_tc_102_DW_mult_tc_103
u_mat/mult_117_G3_G7_G6              126.7560      0.0     126.7560      0.0000       0.0000  mat_engine_TCM_AW13_LANES4_DW_mult_tc_110_DW_mult_tc_111
u_mat/mult_117_G3_G7_G7              126.7560      0.0     126.7560      0.0000       0.0000  mat_engine_TCM_AW13_LANES4_DW_mult_tc_118_DW_mult_tc_119
u_mat/mult_117_G3_G7_G8              126.7560      0.0     126.7560      0.0000       0.0000  mat_engine_TCM_AW13_LANES4_DW_mult_tc_126_DW_mult_tc_127
u_mat/mult_117_G3_G8                 126.7560      0.0     126.7560      0.0000       0.0000  mat_engine_TCM_AW13_LANES4_DW_mult_tc_250_DW_mult_tc_251
u_mat/mult_117_G3_G8_G1              126.7560      0.0     126.7560      0.0000       0.0000  mat_engine_TCM_AW13_LANES4_DW_mult_tc_71_DW_mult_tc_72
u_mat/mult_117_G3_G8_G2              126.7560      0.0     126.7560      0.0000       0.0000  mat_engine_TCM_AW13_LANES4_DW_mult_tc_79_DW_mult_tc_80
u_mat/mult_117_G3_G8_G3              126.7560      0.0     126.7560      0.0000       0.0000  mat_engine_TCM_AW13_LANES4_DW_mult_tc_87_DW_mult_tc_88
u_mat/mult_117_G3_G8_G4              126.7560      0.0     126.7560      0.0000       0.0000  mat_engine_TCM_AW13_LANES4_DW_mult_tc_95_DW_mult_tc_96
u_mat/mult_117_G3_G8_G5              126.7560      0.0     126.7560      0.0000       0.0000  mat_engine_TCM_AW13_LANES4_DW_mult_tc_103_DW_mult_tc_104
u_mat/mult_117_G3_G8_G6              126.7560      0.0     126.7560      0.0000       0.0000  mat_engine_TCM_AW13_LANES4_DW_mult_tc_111_DW_mult_tc_112
u_mat/mult_117_G3_G8_G7              126.7560      0.0     126.7560      0.0000       0.0000  mat_engine_TCM_AW13_LANES4_DW_mult_tc_119_DW_mult_tc_120
u_mat/mult_117_G3_G8_G8              126.7560      0.0     126.7560      0.0000       0.0000  mat_engine_TCM_AW13_LANES4_DW_mult_tc_127_DW_mult_tc_128
u_mat/mult_117_G4                    126.7560      0.0     126.7560      0.0000       0.0000  mat_engine_TCM_AW13_LANES4_DW_mult_tc_216_DW_mult_tc_217
u_mat/mult_117_G4_G1                 126.7560      0.0     126.7560      0.0000       0.0000  mat_engine_TCM_AW13_LANES4_DW_mult_tc_195_DW_mult_tc_196
u_mat/mult_117_G4_G1_G1              126.7560      0.0     126.7560      0.0000       0.0000  mat_engine_TCM_AW13_LANES4_DW_mult_tc_0_DW_mult_tc_1
u_mat/mult_117_G4_G1_G2              126.7560      0.0     126.7560      0.0000       0.0000  mat_engine_TCM_AW13_LANES4_DW_mult_tc_8_DW_mult_tc_9
u_mat/mult_117_G4_G1_G3              126.7560      0.0     126.7560      0.0000       0.0000  mat_engine_TCM_AW13_LANES4_DW_mult_tc_16_DW_mult_tc_17
u_mat/mult_117_G4_G1_G4              126.7560      0.0     126.7560      0.0000       0.0000  mat_engine_TCM_AW13_LANES4_DW_mult_tc_24_DW_mult_tc_25
u_mat/mult_117_G4_G1_G5              126.7560      0.0     126.7560      0.0000       0.0000  mat_engine_TCM_AW13_LANES4_DW_mult_tc_32_DW_mult_tc_33
u_mat/mult_117_G4_G1_G6              126.7560      0.0     126.7560      0.0000       0.0000  mat_engine_TCM_AW13_LANES4_DW_mult_tc_40_DW_mult_tc_41
u_mat/mult_117_G4_G1_G7              126.7560      0.0     126.7560      0.0000       0.0000  mat_engine_TCM_AW13_LANES4_DW_mult_tc_48_DW_mult_tc_49
u_mat/mult_117_G4_G1_G8              126.7560      0.0     126.7560      0.0000       0.0000  mat_engine_TCM_AW13_LANES4_DW_mult_tc_56_DW_mult_tc_57
u_mat/mult_117_G4_G2                 126.7560      0.0     126.7560      0.0000       0.0000  mat_engine_TCM_AW13_LANES4_DW_mult_tc_203_DW_mult_tc_204
u_mat/mult_117_G4_G2_G1              126.7560      0.0     126.7560      0.0000       0.0000  mat_engine_TCM_AW13_LANES4_DW_mult_tc_1_DW_mult_tc_2
u_mat/mult_117_G4_G2_G2              126.7560      0.0     126.7560      0.0000       0.0000  mat_engine_TCM_AW13_LANES4_DW_mult_tc_9_DW_mult_tc_10
u_mat/mult_117_G4_G2_G3              126.7560      0.0     126.7560      0.0000       0.0000  mat_engine_TCM_AW13_LANES4_DW_mult_tc_17_DW_mult_tc_18
u_mat/mult_117_G4_G2_G4              126.7560      0.0     126.7560      0.0000       0.0000  mat_engine_TCM_AW13_LANES4_DW_mult_tc_25_DW_mult_tc_26
u_mat/mult_117_G4_G2_G5              126.7560      0.0     126.7560      0.0000       0.0000  mat_engine_TCM_AW13_LANES4_DW_mult_tc_33_DW_mult_tc_34
u_mat/mult_117_G4_G2_G6              126.7560      0.0     126.7560      0.0000       0.0000  mat_engine_TCM_AW13_LANES4_DW_mult_tc_41_DW_mult_tc_42
u_mat/mult_117_G4_G2_G7              126.7560      0.0     126.7560      0.0000       0.0000  mat_engine_TCM_AW13_LANES4_DW_mult_tc_49_DW_mult_tc_50
u_mat/mult_117_G4_G2_G8              126.7560      0.0     126.7560      0.0000       0.0000  mat_engine_TCM_AW13_LANES4_DW_mult_tc_57_DW_mult_tc_58
u_mat/mult_117_G4_G3                 126.7560      0.0     126.7560      0.0000       0.0000  mat_engine_TCM_AW13_LANES4_DW_mult_tc_211_DW_mult_tc_212
u_mat/mult_117_G4_G3_G1              126.7560      0.0     126.7560      0.0000       0.0000  mat_engine_TCM_AW13_LANES4_DW_mult_tc_2_DW_mult_tc_3
u_mat/mult_117_G4_G3_G2              126.7560      0.0     126.7560      0.0000       0.0000  mat_engine_TCM_AW13_LANES4_DW_mult_tc_10_DW_mult_tc_11
u_mat/mult_117_G4_G3_G3              126.7560      0.0     126.7560      0.0000       0.0000  mat_engine_TCM_AW13_LANES4_DW_mult_tc_18_DW_mult_tc_19
u_mat/mult_117_G4_G3_G4              126.7560      0.0     126.7560      0.0000       0.0000  mat_engine_TCM_AW13_LANES4_DW_mult_tc_26_DW_mult_tc_27
u_mat/mult_117_G4_G3_G5              126.7560      0.0     126.7560      0.0000       0.0000  mat_engine_TCM_AW13_LANES4_DW_mult_tc_34_DW_mult_tc_35
u_mat/mult_117_G4_G3_G6              126.7560      0.0     126.7560      0.0000       0.0000  mat_engine_TCM_AW13_LANES4_DW_mult_tc_42_DW_mult_tc_43
u_mat/mult_117_G4_G3_G7              126.7560      0.0     126.7560      0.0000       0.0000  mat_engine_TCM_AW13_LANES4_DW_mult_tc_50_DW_mult_tc_51
u_mat/mult_117_G4_G3_G8              126.7560      0.0     126.7560      0.0000       0.0000  mat_engine_TCM_AW13_LANES4_DW_mult_tc_58_DW_mult_tc_59
u_mat/mult_117_G4_G4                 126.7560      0.0     126.7560      0.0000       0.0000  mat_engine_TCM_AW13_LANES4_DW_mult_tc_219_DW_mult_tc_220
u_mat/mult_117_G4_G4_G1              126.7560      0.0     126.7560      0.0000       0.0000  mat_engine_TCM_AW13_LANES4_DW_mult_tc_3_DW_mult_tc_4
u_mat/mult_117_G4_G4_G2              126.7560      0.0     126.7560      0.0000       0.0000  mat_engine_TCM_AW13_LANES4_DW_mult_tc_11_DW_mult_tc_12
u_mat/mult_117_G4_G4_G3              126.7560      0.0     126.7560      0.0000       0.0000  mat_engine_TCM_AW13_LANES4_DW_mult_tc_19_DW_mult_tc_20
u_mat/mult_117_G4_G4_G4              126.7560      0.0     126.7560      0.0000       0.0000  mat_engine_TCM_AW13_LANES4_DW_mult_tc_27_DW_mult_tc_28
u_mat/mult_117_G4_G4_G5              126.7560      0.0     126.7560      0.0000       0.0000  mat_engine_TCM_AW13_LANES4_DW_mult_tc_35_DW_mult_tc_36
u_mat/mult_117_G4_G4_G6              126.7560      0.0     126.7560      0.0000       0.0000  mat_engine_TCM_AW13_LANES4_DW_mult_tc_43_DW_mult_tc_44
u_mat/mult_117_G4_G4_G7              126.7560      0.0     126.7560      0.0000       0.0000  mat_engine_TCM_AW13_LANES4_DW_mult_tc_51_DW_mult_tc_52
u_mat/mult_117_G4_G4_G8              126.7560      0.0     126.7560      0.0000       0.0000  mat_engine_TCM_AW13_LANES4_DW_mult_tc_59_DW_mult_tc_60
u_mat/mult_117_G4_G5                 126.7560      0.0     126.7560      0.0000       0.0000  mat_engine_TCM_AW13_LANES4_DW_mult_tc_227_DW_mult_tc_228
u_mat/mult_117_G4_G5_G1              126.7560      0.0     126.7560      0.0000       0.0000  mat_engine_TCM_AW13_LANES4_DW_mult_tc_4_DW_mult_tc_5
u_mat/mult_117_G4_G5_G2              126.7560      0.0     126.7560      0.0000       0.0000  mat_engine_TCM_AW13_LANES4_DW_mult_tc_12_DW_mult_tc_13
u_mat/mult_117_G4_G5_G3              126.7560      0.0     126.7560      0.0000       0.0000  mat_engine_TCM_AW13_LANES4_DW_mult_tc_20_DW_mult_tc_21
u_mat/mult_117_G4_G5_G4              126.7560      0.0     126.7560      0.0000       0.0000  mat_engine_TCM_AW13_LANES4_DW_mult_tc_28_DW_mult_tc_29
u_mat/mult_117_G4_G5_G5              126.7560      0.0     126.7560      0.0000       0.0000  mat_engine_TCM_AW13_LANES4_DW_mult_tc_36_DW_mult_tc_37
u_mat/mult_117_G4_G5_G6              126.7560      0.0     126.7560      0.0000       0.0000  mat_engine_TCM_AW13_LANES4_DW_mult_tc_44_DW_mult_tc_45
u_mat/mult_117_G4_G5_G7              126.7560      0.0     126.7560      0.0000       0.0000  mat_engine_TCM_AW13_LANES4_DW_mult_tc_52_DW_mult_tc_53
u_mat/mult_117_G4_G5_G8              126.7560      0.0     126.7560      0.0000       0.0000  mat_engine_TCM_AW13_LANES4_DW_mult_tc_60_DW_mult_tc_61
u_mat/mult_117_G4_G6                 126.7560      0.0     126.7560      0.0000       0.0000  mat_engine_TCM_AW13_LANES4_DW_mult_tc_235_DW_mult_tc_236
u_mat/mult_117_G4_G6_G1              126.7560      0.0     126.7560      0.0000       0.0000  mat_engine_TCM_AW13_LANES4_DW_mult_tc_5_DW_mult_tc_6
u_mat/mult_117_G4_G6_G2              126.7560      0.0     126.7560      0.0000       0.0000  mat_engine_TCM_AW13_LANES4_DW_mult_tc_13_DW_mult_tc_14
u_mat/mult_117_G4_G6_G3              126.7560      0.0     126.7560      0.0000       0.0000  mat_engine_TCM_AW13_LANES4_DW_mult_tc_21_DW_mult_tc_22
u_mat/mult_117_G4_G6_G4              126.7560      0.0     126.7560      0.0000       0.0000  mat_engine_TCM_AW13_LANES4_DW_mult_tc_29_DW_mult_tc_30
u_mat/mult_117_G4_G6_G5              126.7560      0.0     126.7560      0.0000       0.0000  mat_engine_TCM_AW13_LANES4_DW_mult_tc_37_DW_mult_tc_38
u_mat/mult_117_G4_G6_G6              126.7560      0.0     126.7560      0.0000       0.0000  mat_engine_TCM_AW13_LANES4_DW_mult_tc_45_DW_mult_tc_46
u_mat/mult_117_G4_G6_G7              126.7560      0.0     126.7560      0.0000       0.0000  mat_engine_TCM_AW13_LANES4_DW_mult_tc_53_DW_mult_tc_54
u_mat/mult_117_G4_G6_G8              126.7560      0.0     126.7560      0.0000       0.0000  mat_engine_TCM_AW13_LANES4_DW_mult_tc_61_DW_mult_tc_62
u_mat/mult_117_G4_G7                 126.7560      0.0     126.7560      0.0000       0.0000  mat_engine_TCM_AW13_LANES4_DW_mult_tc_243_DW_mult_tc_244
u_mat/mult_117_G4_G7_G1              126.7560      0.0     126.7560      0.0000       0.0000  mat_engine_TCM_AW13_LANES4_DW_mult_tc_6_DW_mult_tc_7
u_mat/mult_117_G4_G7_G2              126.7560      0.0     126.7560      0.0000       0.0000  mat_engine_TCM_AW13_LANES4_DW_mult_tc_14_DW_mult_tc_15
u_mat/mult_117_G4_G7_G3              126.7560      0.0     126.7560      0.0000       0.0000  mat_engine_TCM_AW13_LANES4_DW_mult_tc_22_DW_mult_tc_23
u_mat/mult_117_G4_G7_G4              126.7560      0.0     126.7560      0.0000       0.0000  mat_engine_TCM_AW13_LANES4_DW_mult_tc_30_DW_mult_tc_31
u_mat/mult_117_G4_G7_G5              126.7560      0.0     126.7560      0.0000       0.0000  mat_engine_TCM_AW13_LANES4_DW_mult_tc_38_DW_mult_tc_39
u_mat/mult_117_G4_G7_G6              126.7560      0.0     126.7560      0.0000       0.0000  mat_engine_TCM_AW13_LANES4_DW_mult_tc_46_DW_mult_tc_47
u_mat/mult_117_G4_G7_G7              126.7560      0.0     126.7560      0.0000       0.0000  mat_engine_TCM_AW13_LANES4_DW_mult_tc_54_DW_mult_tc_55
u_mat/mult_117_G4_G7_G8              126.7560      0.0     126.7560      0.0000       0.0000  mat_engine_TCM_AW13_LANES4_DW_mult_tc_62_DW_mult_tc_63
u_mat/mult_117_G4_G8                 126.7560      0.0     126.7560      0.0000       0.0000  mat_engine_TCM_AW13_LANES4_DW_mult_tc_251_DW_mult_tc_252
u_mat/mult_117_G4_G8_G1              126.7560      0.0     126.7560      0.0000       0.0000  mat_engine_TCM_AW13_LANES4_DW_mult_tc_7_DW_mult_tc_8
u_mat/mult_117_G4_G8_G2              126.7560      0.0     126.7560      0.0000       0.0000  mat_engine_TCM_AW13_LANES4_DW_mult_tc_15_DW_mult_tc_16
u_mat/mult_117_G4_G8_G3              126.7560      0.0     126.7560      0.0000       0.0000  mat_engine_TCM_AW13_LANES4_DW_mult_tc_23_DW_mult_tc_24
u_mat/mult_117_G4_G8_G4              126.7560      0.0     126.7560      0.0000       0.0000  mat_engine_TCM_AW13_LANES4_DW_mult_tc_31_DW_mult_tc_32
u_mat/mult_117_G4_G8_G5              126.7560      0.0     126.7560      0.0000       0.0000  mat_engine_TCM_AW13_LANES4_DW_mult_tc_39_DW_mult_tc_40
u_mat/mult_117_G4_G8_G6              126.7560      0.0     126.7560      0.0000       0.0000  mat_engine_TCM_AW13_LANES4_DW_mult_tc_47_DW_mult_tc_48
u_mat/mult_117_G4_G8_G7              126.7560      0.0     126.7560      0.0000       0.0000  mat_engine_TCM_AW13_LANES4_DW_mult_tc_55_DW_mult_tc_56
u_mat/mult_117_G4_G8_G8              126.7560      0.0     126.7560      0.0000       0.0000  mat_engine_TCM_AW13_LANES4_DW_mult_tc_63_DW_mult_tc_64
u_mat/mult_117_G5                    126.7560      0.0     126.7560      0.0000       0.0000  mat_engine_TCM_AW13_LANES4_DW_mult_tc_224_DW_mult_tc_225
u_mat/mult_117_G5_G1                 126.7560      0.0     126.7560      0.0000       0.0000  mat_engine_TCM_AW13_LANES4_DW_mult_tc_196_DW_mult_tc_197
u_mat/mult_117_G5_G2                 126.7560      0.0     126.7560      0.0000       0.0000  mat_engine_TCM_AW13_LANES4_DW_mult_tc_204_DW_mult_tc_205
u_mat/mult_117_G5_G3                 126.7560      0.0     126.7560      0.0000       0.0000  mat_engine_TCM_AW13_LANES4_DW_mult_tc_212_DW_mult_tc_213
u_mat/mult_117_G5_G4                 126.7560      0.0     126.7560      0.0000       0.0000  mat_engine_TCM_AW13_LANES4_DW_mult_tc_220_DW_mult_tc_221
u_mat/mult_117_G5_G5                 126.7560      0.0     126.7560      0.0000       0.0000  mat_engine_TCM_AW13_LANES4_DW_mult_tc_228_DW_mult_tc_229
u_mat/mult_117_G5_G6                 126.7560      0.0     126.7560      0.0000       0.0000  mat_engine_TCM_AW13_LANES4_DW_mult_tc_236_DW_mult_tc_237
u_mat/mult_117_G5_G7                 126.7560      0.0     126.7560      0.0000       0.0000  mat_engine_TCM_AW13_LANES4_DW_mult_tc_244_DW_mult_tc_245
u_mat/mult_117_G5_G8                 126.7560      0.0     126.7560      0.0000       0.0000  mat_engine_TCM_AW13_LANES4_DW_mult_tc_252_DW_mult_tc_253
u_mat/mult_117_G6                    126.7560      0.0     126.7560      0.0000       0.0000  mat_engine_TCM_AW13_LANES4_DW_mult_tc_232_DW_mult_tc_233
u_mat/mult_117_G6_G1                 126.7560      0.0     126.7560      0.0000       0.0000  mat_engine_TCM_AW13_LANES4_DW_mult_tc_197_DW_mult_tc_198
u_mat/mult_117_G6_G2                 126.7560      0.0     126.7560      0.0000       0.0000  mat_engine_TCM_AW13_LANES4_DW_mult_tc_205_DW_mult_tc_206
u_mat/mult_117_G6_G3                 126.7560      0.0     126.7560      0.0000       0.0000  mat_engine_TCM_AW13_LANES4_DW_mult_tc_213_DW_mult_tc_214
u_mat/mult_117_G6_G4                 126.7560      0.0     126.7560      0.0000       0.0000  mat_engine_TCM_AW13_LANES4_DW_mult_tc_221_DW_mult_tc_222
u_mat/mult_117_G6_G5                 126.7560      0.0     126.7560      0.0000       0.0000  mat_engine_TCM_AW13_LANES4_DW_mult_tc_229_DW_mult_tc_230
u_mat/mult_117_G6_G6                 126.7560      0.0     126.7560      0.0000       0.0000  mat_engine_TCM_AW13_LANES4_DW_mult_tc_237_DW_mult_tc_238
u_mat/mult_117_G6_G7                 126.7560      0.0     126.7560      0.0000       0.0000  mat_engine_TCM_AW13_LANES4_DW_mult_tc_245_DW_mult_tc_246
u_mat/mult_117_G6_G8                 126.7560      0.0     126.7560      0.0000       0.0000  mat_engine_TCM_AW13_LANES4_DW_mult_tc_253_DW_mult_tc_254
u_mat/mult_117_G7                    126.7560      0.0     126.7560      0.0000       0.0000  mat_engine_TCM_AW13_LANES4_DW_mult_tc_240_DW_mult_tc_241
u_mat/mult_117_G7_G1                 126.7560      0.0     126.7560      0.0000       0.0000  mat_engine_TCM_AW13_LANES4_DW_mult_tc_198_DW_mult_tc_199
u_mat/mult_117_G7_G2                 126.7560      0.0     126.7560      0.0000       0.0000  mat_engine_TCM_AW13_LANES4_DW_mult_tc_206_DW_mult_tc_207
u_mat/mult_117_G7_G3                 126.7560      0.0     126.7560      0.0000       0.0000  mat_engine_TCM_AW13_LANES4_DW_mult_tc_214_DW_mult_tc_215
u_mat/mult_117_G7_G4                 126.7560      0.0     126.7560      0.0000       0.0000  mat_engine_TCM_AW13_LANES4_DW_mult_tc_222_DW_mult_tc_223
u_mat/mult_117_G7_G5                 126.7560      0.0     126.7560      0.0000       0.0000  mat_engine_TCM_AW13_LANES4_DW_mult_tc_230_DW_mult_tc_231
u_mat/mult_117_G7_G6                 126.7560      0.0     126.7560      0.0000       0.0000  mat_engine_TCM_AW13_LANES4_DW_mult_tc_238_DW_mult_tc_239
u_mat/mult_117_G7_G7                 126.7560      0.0     126.7560      0.0000       0.0000  mat_engine_TCM_AW13_LANES4_DW_mult_tc_246_DW_mult_tc_247
u_mat/mult_117_G7_G8                 126.7560      0.0     126.7560      0.0000       0.0000  mat_engine_TCM_AW13_LANES4_DW_mult_tc_254_DW_mult_tc_255
u_mat/mult_117_G8                    126.7560      0.0     126.7560      0.0000       0.0000  mat_engine_TCM_AW13_LANES4_DW_mult_tc_248_DW_mult_tc_249
u_mat/mult_117_G8_G1                 126.7560      0.0     126.7560      0.0000       0.0000  mat_engine_TCM_AW13_LANES4_DW_mult_tc_199_DW_mult_tc_200
u_mat/mult_117_G8_G2                 126.7560      0.0     126.7560      0.0000       0.0000  mat_engine_TCM_AW13_LANES4_DW_mult_tc_207_DW_mult_tc_208
u_mat/mult_117_G8_G3                 126.7560      0.0     126.7560      0.0000       0.0000  mat_engine_TCM_AW13_LANES4_DW_mult_tc_215_DW_mult_tc_216
u_mat/mult_117_G8_G4                 126.7560      0.0     126.7560      0.0000       0.0000  mat_engine_TCM_AW13_LANES4_DW_mult_tc_223_DW_mult_tc_224
u_mat/mult_117_G8_G5                 126.7560      0.0     126.7560      0.0000       0.0000  mat_engine_TCM_AW13_LANES4_DW_mult_tc_231_DW_mult_tc_232
u_mat/mult_117_G8_G6                 126.7560      0.0     126.7560      0.0000       0.0000  mat_engine_TCM_AW13_LANES4_DW_mult_tc_239_DW_mult_tc_240
u_mat/mult_117_G8_G7                 126.7560      0.0     126.7560      0.0000       0.0000  mat_engine_TCM_AW13_LANES4_DW_mult_tc_247_DW_mult_tc_248
u_mat/mult_117_G8_G8                 126.7560      0.0     126.7560      0.0000       0.0000  mat_engine_TCM_AW13_LANES4_DW_mult_tc_255_DW_mult_tc_256
u_mat/mult_139                      1732.2480      0.2    1732.2480      0.0000       0.0000  mat_engine_TCM_AW13_LANES4_DW_mult_tc_256_DW_mult_tc_257
u_mat/r6554                           44.9820      0.0      44.9820      0.0000       0.0000  mat_engine_TCM_AW13_LANES4_DW01_add_70_DW01_add_96
u_mat/sub_101                         18.6480      0.0      18.6480      0.0000       0.0000  mat_engine_TCM_AW13_LANES4_DW01_sub_1_DW01_sub_4
u_mat/sub_149                         62.3700      0.0      62.3700      0.0000       0.0000  mat_engine_TCM_AW13_LANES4_DW01_sub_3_DW01_sub_338
u_mat/sub_149_2                       54.0540      0.0      54.0540      0.0000       0.0000  mat_engine_TCM_AW13_LANES4_DW01_sub_2_DW01_sub_337
u_mat/sub_151                         35.1540      0.0      35.1540      0.0000       0.0000  mat_engine_TCM_AW13_LANES4_DW01_dec_0_DW01_dec_38
u_ml                                 641.7180      0.1     259.0560    334.5300       0.0000  npu_ml_ctrl_ML_V2_EN1
u_ml/add_288                          24.0660      0.0      24.0660      0.0000       0.0000  npu_ml_ctrl_ML_V2_EN1_DW01_inc_1_DW01_inc_24
u_ml/add_289                          24.0660      0.0      24.0660      0.0000       0.0000  npu_ml_ctrl_ML_V2_EN1_DW01_inc_0_DW01_inc_23
u_npu_core                        427437.9901     52.1     239.6520    315.6300       0.0000  cpu_m1_top_00000000_0_0_0_1_1
u_npu_core/u_core                 426882.7081     52.0    2968.4340   3001.5720       0.0000  core_00000000_0_0_0_0_0_1_1
u_npu_core/u_core/add_1417_aco        52.0380      0.0      52.0380      0.0000       0.0000  core_00000000_0_0_0_0_0_1_1_DW01_add_0_DW01_add_97
u_npu_core/u_core/add_710             50.2740      0.0      50.2740      0.0000       0.0000  core_00000000_0_0_0_0_0_1_1_DW01_add_2_DW01_add_99
u_npu_core/u_core/add_711             68.1660      0.0      68.1660      0.0000       0.0000  core_00000000_0_0_0_0_0_1_1_DW01_add_1_DW01_add_98
u_npu_core/u_core/u_alu              752.3460      0.1     512.1900      0.0000       0.0000  alu
u_npu_core/u_core/u_alu/add_38        68.1660      0.0      68.1660      0.0000       0.0000  alu_DW01_add_0_DW01_add_522
u_npu_core/u_core/u_alu/lt_40         48.5100      0.0      48.5100      0.0000       0.0000  alu_DW_cmp_0
u_npu_core/u_core/u_alu/r375          48.0060      0.0      48.0060      0.0000       0.0000  alu_DW01_cmp6_0_DW01_cmp6_153
u_npu_core/u_core/u_alu/sub_39        75.4740      0.0      75.4740      0.0000       0.0000  alu_DW01_sub_0_DW01_sub_334
u_npu_core/u_core/u_bmu             1285.7040      0.2     998.1720      0.0000       0.0000  bmu
u_npu_core/u_core/u_bmu/add_78        65.6460      0.0      65.6460      0.0000       0.0000  bmu_DW01_add_2_DW01_add_525
u_npu_core/u_core/u_bmu/add_79        63.5040      0.0      63.5040      0.0000       0.0000  bmu_DW01_add_1_DW01_add_524
u_npu_core/u_core/u_bmu/add_80        61.3620      0.0      61.3620      0.0000       0.0000  bmu_DW01_add_0_DW01_add_523
u_npu_core/u_core/u_bmu/lt_70         48.5100      0.0      48.5100      0.0000       0.0000  bmu_DW_cmp_1
u_npu_core/u_core/u_bmu/lt_71         48.5100      0.0      48.5100      0.0000       0.0000  bmu_DW_cmp_0
u_npu_core/u_core/u_bp                 0.2520      0.0       0.2520      0.0000       0.0000  bp_EN_BP0
u_npu_core/u_core/u_cdec               0.2520      0.0       0.2520      0.0000       0.0000  cdec_EN_RVC0
u_npu_core/u_core/u_csr             2459.1420      0.3    1410.8220    842.9400       0.0000  csr_RV32A0_PMP_ENTRIES0_EN_RVV1_EN_F1
u_npu_core/u_core/u_csr/add_528      102.6900      0.0     102.6900      0.0000       0.0000  csr_RV32A0_PMP_ENTRIES0_EN_RVV1_EN_F1_DW01_inc_1_DW01_inc_28
u_npu_core/u_core/u_csr/add_532      102.6900      0.0     102.6900      0.0000       0.0000  csr_RV32A0_PMP_ENTRIES0_EN_RVV1_EN_F1_DW01_inc_0_DW01_inc_27
u_npu_core/u_core/u_div             1014.1740      0.1     331.8840    389.3400       0.0000  div
u_npu_core/u_core/u_div/sub_130       54.0540      0.0      54.0540      0.0000       0.0000  div_DW01_sub_1_DW01_sub_6
u_npu_core/u_core/u_div/sub_132       54.0540      0.0      54.0540      0.0000       0.0000  div_DW01_sub_0_DW01_sub_5
u_npu_core/u_core/u_div/sub_64        76.7340      0.0      76.7340      0.0000       0.0000  div_DW01_sub_4_DW01_sub_9
u_npu_core/u_core/u_div/sub_88        54.0540      0.0      54.0540      0.0000       0.0000  div_DW01_sub_3_DW01_sub_8
u_npu_core/u_core/u_div/sub_93        54.0540      0.0      54.0540      0.0000       0.0000  div_DW01_sub_2_DW01_sub_7
u_npu_core/u_core/u_fexu           49221.6481      6.0   15976.0440   1935.3600       0.0000  fexu_EN_F1
u_npu_core/u_core/u_fexu/add_0_root_add_0_root_add_445_2
                                      48.8880      0.0      48.8880      0.0000       0.0000  fexu_EN_F1_DW01_add_75_DW01_add_527
u_npu_core/u_core/u_fexu/add_0_root_add_0_root_add_464_2
                                      64.7640      0.0      64.7640      0.0000       0.0000  fexu_EN_F1_DW01_add_79_DW01_add_768
u_npu_core/u_core/u_fexu/add_0_root_add_1_root_sub_597_aco
                                      49.0140      0.0      49.0140      0.0000       0.0000  fexu_EN_F1_DW01_add_351
u_npu_core/u_core/u_fexu/add_0_root_add_479_S2_ni
                                      37.1700      0.0      37.1700      0.0000       0.0000  fexu_EN_F1_DW01_inc_7_DW01_inc_120
u_npu_core/u_core/u_fexu/add_0_root_add_639_ni
                                      79.7580      0.0      79.7580      0.0000       0.0000  fexu_EN_F1_DW01_inc_8_DW01_inc_121
u_npu_core/u_core/u_fexu/add_0_root_sub_0_root_add_697
                                      21.0420      0.0      21.0420      0.0000       0.0000  fexu_EN_F1_DW01_add_82_DW01_add_771
u_npu_core/u_core/u_fexu/add_0_root_sub_0_root_sub_545
                                      20.6640      0.0      20.6640      0.0000       0.0000  fexu_EN_F1_DW01_add_81_DW01_add_770
u_npu_core/u_core/u_fexu/add_227      56.4480      0.0      56.4480      0.0000       0.0000  fexu_EN_F1_DW01_add_13_DW01_add_510
u_npu_core/u_core/u_fexu/add_247      50.2740      0.0      50.2740      0.0000       0.0000  fexu_EN_F1_DW01_inc_3_DW01_inc_116
u_npu_core/u_core/u_fexu/add_278      50.2740      0.0      50.2740      0.0000       0.0000  fexu_EN_F1_DW01_inc_2_DW01_inc_115
u_npu_core/u_core/u_fexu/add_290      40.5720      0.0      40.5720      0.0000       0.0000  fexu_EN_F1_DW01_add_12_DW01_add_509
u_npu_core/u_core/u_fexu/add_380_C449
                                      41.2020      0.0      41.2020      0.0000       0.0000  fexu_EN_F1_DW01_add_9_DW01_add_506
u_npu_core/u_core/u_fexu/add_380_C468
                                      44.8560      0.0      44.8560      0.0000       0.0000  fexu_EN_F1_DW01_add_8_DW01_add_505
u_npu_core/u_core/u_fexu/add_380_C518
                                      55.9440      0.0      55.9440      0.0000       0.0000  fexu_EN_F1_DW01_add_7_DW01_add_504
u_npu_core/u_core/u_fexu/add_380_C551
                                      44.8560      0.0      44.8560      0.0000       0.0000  fexu_EN_F1_DW01_add_6_DW01_add_503
u_npu_core/u_core/u_fexu/add_380_C603
                                      44.8560      0.0      44.8560      0.0000       0.0000  fexu_EN_F1_DW01_add_5_DW01_add_502
u_npu_core/u_core/u_fexu/add_380_C623
                                      54.1800      0.0      54.1800      0.0000       0.0000  fexu_EN_F1_DW01_add_4_DW01_add_501
u_npu_core/u_core/u_fexu/add_380_C660
                                      95.3820      0.0      95.3820      0.0000       0.0000  fexu_EN_F1_DW01_add_238
u_npu_core/u_core/u_fexu/add_380_C708
                                      97.2720      0.0      97.2720      0.0000       0.0000  fexu_EN_F1_DW01_add_236
u_npu_core/u_core/u_fexu/add_380_C754
                                     133.8120      0.0     133.8120      0.0000       0.0000  fexu_EN_F1_DW01_add_240
u_npu_core/u_core/u_fexu/add_443      66.0240      0.0      66.0240      0.0000       0.0000  fexu_EN_F1_DW01_add_11_DW01_add_508
u_npu_core/u_core/u_fexu/add_447      10.9620      0.0      10.9620      0.0000       0.0000  fexu_EN_F1_DW01_inc_0_DW01_inc_113
u_npu_core/u_core/u_fexu/add_613      53.6760      0.0      53.6760      0.0000       0.0000  fexu_EN_F1_DW01_add_70_DW01_add_517
u_npu_core/u_core/u_fexu/add_616     113.4000      0.0     113.4000      0.0000       0.0000  fexu_EN_F1_DW01_add_69_DW01_add_516
u_npu_core/u_core/u_fexu/div_703/u_div/u_add_B3
                                     152.9640      0.0     152.9640      0.0000       0.0000  fexu_EN_F1_DW01_add_456
u_npu_core/u_core/u_fexu/div_703/u_div/u_add_B5
                                     133.8120      0.0     133.8120      0.0000       0.0000  fexu_EN_F1_DW01_add_336
u_npu_core/u_core/u_fexu/div_703/u_div/u_add_B6
                                     166.5720      0.0     166.5720      0.0000       0.0000  fexu_EN_F1_DW01_add_775
u_npu_core/u_core/u_fexu/div_703/u_div/u_add_B7
                                     159.2640      0.0     159.2640      0.0000       0.0000  fexu_EN_F1_DW01_sub_254
u_npu_core/u_core/u_fexu/div_703/u_div/u_add_PartRem_0_1
                                      35.7840      0.0      35.7840      0.0000       0.0000  fexu_EN_F1_DW01_add_284
u_npu_core/u_core/u_fexu/div_703/u_div/u_add_PartRem_0_2
                                      54.5580      0.0      54.5580      0.0000       0.0000  fexu_EN_F1_DW01_add_317
u_npu_core/u_core/u_fexu/div_703/u_div/u_add_PartRem_0_3
                                      38.3040      0.0      38.3040      0.0000       0.0000  fexu_EN_F1_DW01_add_354
u_npu_core/u_core/u_fexu/div_703/u_div/u_add_PartRem_0_4
                                      97.1460      0.0      97.1460      0.0000       0.0000  fexu_EN_F1_DW01_add_244
u_npu_core/u_core/u_fexu/div_703/u_div/u_add_PartRem_0_5
                                      39.8160      0.0      39.8160      0.0000       0.0000  fexu_EN_F1_DW01_add_353
u_npu_core/u_core/u_fexu/div_703/u_div/u_add_PartRem_0_6
                                      52.9200      0.0      52.9200      0.0000       0.0000  fexu_EN_F1_DW01_add_795
u_npu_core/u_core/u_fexu/div_703/u_div/u_add_PartRem_0_7
                                      39.5640      0.0      39.5640      0.0000       0.0000  fexu_EN_F1_DW01_add_376
u_npu_core/u_core/u_fexu/div_703/u_div/u_add_PartRem_10_1
                                     116.4240      0.0     116.4240      0.0000       0.0000  fexu_EN_F1_DW01_add_635
u_npu_core/u_core/u_fexu/div_703/u_div/u_add_PartRem_10_2
                                     109.4940      0.0     109.4940      0.0000       0.0000  fexu_EN_F1_DW01_add_624
u_npu_core/u_core/u_fexu/div_703/u_div/u_add_PartRem_10_3
                                     112.8960      0.0     112.8960      0.0000       0.0000  fexu_EN_F1_DW01_add_654
u_npu_core/u_core/u_fexu/div_703/u_div/u_add_PartRem_10_4
                                     122.8500      0.0     122.8500      0.0000       0.0000  fexu_EN_F1_DW01_add_288
u_npu_core/u_core/u_fexu/div_703/u_div/u_add_PartRem_10_5
                                     119.5740      0.0     119.5740      0.0000       0.0000  fexu_EN_F1_DW01_add_653
u_npu_core/u_core/u_fexu/div_703/u_div/u_add_PartRem_10_6
                                     135.9540      0.0     135.9540      0.0000       0.0000  fexu_EN_F1_DW01_add_639
u_npu_core/u_core/u_fexu/div_703/u_div/u_add_PartRem_10_7
                                     119.1960      0.0     119.1960      0.0000       0.0000  fexu_EN_F1_DW01_add_652
u_npu_core/u_core/u_fexu/div_703/u_div/u_add_PartRem_11_1
                                     122.2200      0.0     122.2200      0.0000       0.0000  fexu_EN_F1_DW01_add_360
u_npu_core/u_core/u_fexu/div_703/u_div/u_add_PartRem_11_2
                                     117.9360      0.0     117.9360      0.0000       0.0000  fexu_EN_F1_DW01_add_753
u_npu_core/u_core/u_fexu/div_703/u_div/u_add_PartRem_11_3
                                     111.7620      0.0     111.7620      0.0000       0.0000  fexu_EN_F1_DW01_add_785
u_npu_core/u_core/u_fexu/div_703/u_div/u_add_PartRem_11_4
                                     136.3320      0.0     136.3320      0.0000       0.0000  fexu_EN_F1_DW01_add_737
u_npu_core/u_core/u_fexu/div_703/u_div/u_add_PartRem_11_5
                                     123.6060      0.0     123.6060      0.0000       0.0000  fexu_EN_F1_DW01_add_660
u_npu_core/u_core/u_fexu/div_703/u_div/u_add_PartRem_11_6
                                     121.2120      0.0     121.2120      0.0000       0.0000  fexu_EN_F1_DW01_add_758
u_npu_core/u_core/u_fexu/div_703/u_div/u_add_PartRem_11_7
                                     121.3380      0.0     121.3380      0.0000       0.0000  fexu_EN_F1_DW01_add_636
u_npu_core/u_core/u_fexu/div_703/u_div/u_add_PartRem_12_1
                                     108.4860      0.0     108.4860      0.0000       0.0000  fexu_EN_F1_DW01_add_342
u_npu_core/u_core/u_fexu/div_703/u_div/u_add_PartRem_12_2
                                     100.6740      0.0     100.6740      0.0000       0.0000  fexu_EN_F1_DW01_add_671
u_npu_core/u_core/u_fexu/div_703/u_div/u_add_PartRem_12_3
                                      90.2160      0.0      90.2160      0.0000       0.0000  fexu_EN_F1_DW01_add_362
u_npu_core/u_core/u_fexu/div_703/u_div/u_add_PartRem_12_4
                                     117.0540      0.0     117.0540      0.0000       0.0000  fexu_EN_F1_DW01_add_613
u_npu_core/u_core/u_fexu/div_703/u_div/u_add_PartRem_12_5
                                      94.8780      0.0      94.8780      0.0000       0.0000  fexu_EN_F1_DW01_add_371
u_npu_core/u_core/u_fexu/div_703/u_div/u_add_PartRem_12_6
                                      94.6260      0.0      94.6260      0.0000       0.0000  fexu_EN_F1_DW01_add_657
u_npu_core/u_core/u_fexu/div_703/u_div/u_add_PartRem_12_7
                                      92.6100      0.0      92.6100      0.0000       0.0000  fexu_EN_F1_DW01_add_361
u_npu_core/u_core/u_fexu/div_703/u_div/u_add_PartRem_13_1
                                      85.9320      0.0      85.9320      0.0000       0.0000  fexu_EN_F1_DW01_add_282
u_npu_core/u_core/u_fexu/div_703/u_div/u_add_PartRem_13_2
                                      88.4520      0.0      88.4520      0.0000       0.0000  fexu_EN_F1_DW01_add_257
u_npu_core/u_core/u_fexu/div_703/u_div/u_add_PartRem_13_3
                                      83.6640      0.0      83.6640      0.0000       0.0000  fexu_EN_F1_DW01_add_409
u_npu_core/u_core/u_fexu/div_703/u_div/u_add_PartRem_13_4
                                      93.8700      0.0      93.8700      0.0000       0.0000  fexu_EN_F1_DW01_add_397
u_npu_core/u_core/u_fexu/div_703/u_div/u_add_PartRem_13_5
                                      97.1460      0.0      97.1460      0.0000       0.0000  fexu_EN_F1_DW01_add_304
u_npu_core/u_core/u_fexu/div_703/u_div/u_add_PartRem_13_6
                                     101.5560      0.0     101.5560      0.0000       0.0000  fexu_EN_F1_DW01_add_283
u_npu_core/u_core/u_fexu/div_703/u_div/u_add_PartRem_13_7
                                      87.0660      0.0      87.0660      0.0000       0.0000  fexu_EN_F1_DW01_add_407
u_npu_core/u_core/u_fexu/div_703/u_div/u_add_PartRem_14_1
                                      68.6700      0.0      68.6700      0.0000       0.0000  fexu_EN_F1_DW01_add_341
u_npu_core/u_core/u_fexu/div_703/u_div/u_add_PartRem_14_2
                                      75.7260      0.0      75.7260      0.0000       0.0000  fexu_EN_F1_DW01_add_314
u_npu_core/u_core/u_fexu/div_703/u_div/u_add_PartRem_14_3
                                      74.4660      0.0      74.4660      0.0000       0.0000  fexu_EN_F1_DW01_add_259
u_npu_core/u_core/u_fexu/div_703/u_div/u_add_PartRem_14_4
                                      79.5060      0.0      79.5060      0.0000       0.0000  fexu_EN_F1_DW01_add_258
u_npu_core/u_core/u_fexu/div_703/u_div/u_add_PartRem_14_5
                                      79.3800      0.0      79.3800      0.0000       0.0000  fexu_EN_F1_DW01_add_363
u_npu_core/u_core/u_fexu/div_703/u_div/u_add_PartRem_14_6
                                      75.4740      0.0      75.4740      0.0000       0.0000  fexu_EN_F1_DW01_add_301
u_npu_core/u_core/u_fexu/div_703/u_div/u_add_PartRem_14_7
                                      67.1580      0.0      67.1580      0.0000       0.0000  fexu_EN_F1_DW01_add_330
u_npu_core/u_core/u_fexu/div_703/u_div/u_add_PartRem_15_1
                                      63.6300      0.0      63.6300      0.0000       0.0000  fexu_EN_F1_DW01_add_779
u_npu_core/u_core/u_fexu/div_703/u_div/u_add_PartRem_15_2
                                      65.2680      0.0      65.2680      0.0000       0.0000  fexu_EN_F1_DW01_add_731
u_npu_core/u_core/u_fexu/div_703/u_div/u_add_PartRem_15_3
                                      55.1880      0.0      55.1880      0.0000       0.0000  fexu_EN_F1_DW01_add_372
u_npu_core/u_core/u_fexu/div_703/u_div/u_add_PartRem_15_4
                                      64.3860      0.0      64.3860      0.0000       0.0000  fexu_EN_F1_DW01_add_260
u_npu_core/u_core/u_fexu/div_703/u_div/u_add_PartRem_15_5
                                      52.9200      0.0      52.9200      0.0000       0.0000  fexu_EN_F1_DW01_add_369
u_npu_core/u_core/u_fexu/div_703/u_div/u_add_PartRem_15_6
                                      59.3460      0.0      59.3460      0.0000       0.0000  fexu_EN_F1_DW01_add_331
u_npu_core/u_core/u_fexu/div_703/u_div/u_add_PartRem_15_7
                                      59.3460      0.0      59.3460      0.0000       0.0000  fexu_EN_F1_DW01_add_772
u_npu_core/u_core/u_fexu/div_703/u_div/u_add_PartRem_16_1
                                      41.4540      0.0      41.4540      0.0000       0.0000  fexu_EN_F1_DW01_add_335
u_npu_core/u_core/u_fexu/div_703/u_div/u_add_PartRem_16_2
                                      40.0680      0.0      40.0680      0.0000       0.0000  fexu_EN_F1_DW01_add_297
u_npu_core/u_core/u_fexu/div_703/u_div/u_add_PartRem_16_3
                                      38.8080      0.0      38.8080      0.0000       0.0000  fexu_EN_F1_DW01_add_334
u_npu_core/u_core/u_fexu/div_703/u_div/u_add_PartRem_16_4
                                      44.9820      0.0      44.9820      0.0000       0.0000  fexu_EN_F1_DW01_add_261
u_npu_core/u_core/u_fexu/div_703/u_div/u_add_PartRem_16_5
                                      44.9820      0.0      44.9820      0.0000       0.0000  fexu_EN_F1_DW01_add_333
u_npu_core/u_core/u_fexu/div_703/u_div/u_add_PartRem_16_6
                                      52.9200      0.0      52.9200      0.0000       0.0000  fexu_EN_F1_DW01_add_303
u_npu_core/u_core/u_fexu/div_703/u_div/u_add_PartRem_16_7
                                      44.6040      0.0      44.6040      0.0000       0.0000  fexu_EN_F1_DW01_add_332
u_npu_core/u_core/u_fexu/div_703/u_div/u_add_PartRem_17_1
                                      31.3740      0.0      31.3740      0.0000       0.0000  fexu_EN_F1_DW01_add_380
u_npu_core/u_core/u_fexu/div_703/u_div/u_add_PartRem_17_2
                                      34.5240      0.0      34.5240      0.0000       0.0000  fexu_EN_F1_DW01_add_833
u_npu_core/u_core/u_fexu/div_703/u_div/u_add_PartRem_17_3
                                      42.4620      0.0      42.4620      0.0000       0.0000  fexu_EN_F1_DW01_add_489
u_npu_core/u_core/u_fexu/div_703/u_div/u_add_PartRem_17_4
                                      39.8160      0.0      39.8160      0.0000       0.0000  fexu_EN_F1_DW01_add_811
u_npu_core/u_core/u_fexu/div_703/u_div/u_add_PartRem_17_5
                                      57.3300      0.0      57.3300      0.0000       0.0000  fexu_EN_F1_DW01_add_828
u_npu_core/u_core/u_fexu/div_703/u_div/u_add_PartRem_17_6
                                      49.6440      0.0      49.6440      0.0000       0.0000  fexu_EN_F1_DW01_add_707
u_npu_core/u_core/u_fexu/div_703/u_div/u_add_PartRem_17_7
                                      40.5720      0.0      40.5720      0.0000       0.0000  fexu_EN_F1_DW01_add_837
u_npu_core/u_core/u_fexu/div_703/u_div/u_add_PartRem_18_1
                                      44.1000      0.0      44.1000      0.0000       0.0000  fexu_EN_F1_DW01_add_733
u_npu_core/u_core/u_fexu/div_703/u_div/u_add_PartRem_1_1
                                     111.8880      0.0     111.8880      0.0000       0.0000  fexu_EN_F1_DW01_add_677
u_npu_core/u_core/u_fexu/div_703/u_div/u_add_PartRem_1_2
                                     108.6120      0.0     108.6120      0.0000       0.0000  fexu_EN_F1_DW01_add_643
u_npu_core/u_core/u_fexu/div_703/u_div/u_add_PartRem_1_3
                                     123.9840      0.0     123.9840      0.0000       0.0000  fexu_EN_F1_DW01_add_245
u_npu_core/u_core/u_fexu/div_703/u_div/u_add_PartRem_1_4
                                     112.7700      0.0     112.7700      0.0000       0.0000  fexu_EN_F1_DW01_add_617
u_npu_core/u_core/u_fexu/div_703/u_div/u_add_PartRem_1_5
                                     111.0060      0.0     111.0060      0.0000       0.0000  fexu_EN_F1_DW01_add_300
u_npu_core/u_core/u_fexu/div_703/u_div/u_add_PartRem_1_6
                                     108.2340      0.0     108.2340      0.0000       0.0000  fexu_EN_F1_DW01_add_668
u_npu_core/u_core/u_fexu/div_703/u_div/u_add_PartRem_1_7
                                     114.2820      0.0     114.2820      0.0000       0.0000  fexu_EN_F1_DW01_add_299
u_npu_core/u_core/u_fexu/div_703/u_div/u_add_PartRem_2_1
                                     103.1940      0.0     103.1940      0.0000       0.0000  fexu_EN_F1_DW01_add_350
u_npu_core/u_core/u_fexu/div_703/u_div/u_add_PartRem_2_2
                                     113.9040      0.0     113.9040      0.0000       0.0000  fexu_EN_F1_DW01_add_318
u_npu_core/u_core/u_fexu/div_703/u_div/u_add_PartRem_2_3
                                     102.1860      0.0     102.1860      0.0000       0.0000  fexu_EN_F1_DW01_add_356
u_npu_core/u_core/u_fexu/div_703/u_div/u_add_PartRem_2_4
                                     146.0340      0.0     146.0340      0.0000       0.0000  fexu_EN_F1_DW01_add_246
u_npu_core/u_core/u_fexu/div_703/u_div/u_add_PartRem_2_5
                                     113.2740      0.0     113.2740      0.0000       0.0000  fexu_EN_F1_DW01_add_355
u_npu_core/u_core/u_fexu/div_703/u_div/u_add_PartRem_2_6
                                     118.8180      0.0     118.8180      0.0000       0.0000  fexu_EN_F1_DW01_add_307
u_npu_core/u_core/u_fexu/div_703/u_div/u_add_PartRem_2_7
                                     111.5100      0.0     111.5100      0.0000       0.0000  fexu_EN_F1_DW01_add_339
u_npu_core/u_core/u_fexu/div_703/u_div/u_add_PartRem_3_1
                                     111.1320      0.0     111.1320      0.0000       0.0000  fexu_EN_F1_DW01_add_670
u_npu_core/u_core/u_fexu/div_703/u_div/u_add_PartRem_3_2
                                     121.7160      0.0     121.7160      0.0000       0.0000  fexu_EN_F1_DW01_add_642
u_npu_core/u_core/u_fexu/div_703/u_div/u_add_PartRem_3_3
                                     110.1240      0.0     110.1240      0.0000       0.0000  fexu_EN_F1_DW01_add_269
u_npu_core/u_core/u_fexu/div_703/u_div/u_add_PartRem_3_4
                                     113.4000      0.0     113.4000      0.0000       0.0000  fexu_EN_F1_DW01_add_618
u_npu_core/u_core/u_fexu/div_703/u_div/u_add_PartRem_3_5
                                     122.2200      0.0     122.2200      0.0000       0.0000  fexu_EN_F1_DW01_add_268
u_npu_core/u_core/u_fexu/div_703/u_div/u_add_PartRem_3_6
                                     120.9600      0.0     120.9600      0.0000       0.0000  fexu_EN_F1_DW01_add_662
u_npu_core/u_core/u_fexu/div_703/u_div/u_add_PartRem_3_7
                                     110.3760      0.0     110.3760      0.0000       0.0000  fexu_EN_F1_DW01_add_267
u_npu_core/u_core/u_fexu/div_703/u_div/u_add_PartRem_4_1
                                     113.2740      0.0     113.2740      0.0000       0.0000  fexu_EN_F1_DW01_add_645
u_npu_core/u_core/u_fexu/div_703/u_div/u_add_PartRem_4_2
                                     118.0620      0.0     118.0620      0.0000       0.0000  fexu_EN_F1_DW01_add_614
u_npu_core/u_core/u_fexu/div_703/u_div/u_add_PartRem_4_3
                                     109.9980      0.0     109.9980      0.0000       0.0000  fexu_EN_F1_DW01_add_675
u_npu_core/u_core/u_fexu/div_703/u_div/u_add_PartRem_4_4
                                      99.4140      0.0      99.4140      0.0000       0.0000  fexu_EN_F1_DW01_add_640
u_npu_core/u_core/u_fexu/div_703/u_div/u_add_PartRem_4_5
                                     104.2020      0.0     104.2020      0.0000       0.0000  fexu_EN_F1_DW01_add_674
u_npu_core/u_core/u_fexu/div_703/u_div/u_add_PartRem_4_6
                                     114.1560      0.0     114.1560      0.0000       0.0000  fexu_EN_F1_DW01_add_644
u_npu_core/u_core/u_fexu/div_703/u_div/u_add_PartRem_4_7
                                     107.2260      0.0     107.2260      0.0000       0.0000  fexu_EN_F1_DW01_add_673
u_npu_core/u_core/u_fexu/div_703/u_div/u_add_PartRem_5_1
                                     108.2340      0.0     108.2340      0.0000       0.0000  fexu_EN_F1_DW01_add_358
u_npu_core/u_core/u_fexu/div_703/u_div/u_add_PartRem_5_2
                                     116.4240      0.0     116.4240      0.0000       0.0000  fexu_EN_F1_DW01_add_321
u_npu_core/u_core/u_fexu/div_703/u_div/u_add_PartRem_5_3
                                     109.3680      0.0     109.3680      0.0000       0.0000  fexu_EN_F1_DW01_add_347
u_npu_core/u_core/u_fexu/div_703/u_div/u_add_PartRem_5_4
                                     132.5520      0.0     132.5520      0.0000       0.0000  fexu_EN_F1_DW01_add_249
u_npu_core/u_core/u_fexu/div_703/u_div/u_add_PartRem_5_5
                                     118.1880      0.0     118.1880      0.0000       0.0000  fexu_EN_F1_DW01_add_346
u_npu_core/u_core/u_fexu/div_703/u_div/u_add_PartRem_5_6
                                     133.6860      0.0     133.6860      0.0000       0.0000  fexu_EN_F1_DW01_add_311
u_npu_core/u_core/u_fexu/div_703/u_div/u_add_PartRem_5_7
                                     111.0060      0.0     111.0060      0.0000       0.0000  fexu_EN_F1_DW01_add_345
u_npu_core/u_core/u_fexu/div_703/u_div/u_add_PartRem_6_1
                                     110.6280      0.0     110.6280      0.0000       0.0000  fexu_EN_F1_DW01_add_436
u_npu_core/u_core/u_fexu/div_703/u_div/u_add_PartRem_6_2
                                     121.9680      0.0     121.9680      0.0000       0.0000  fexu_EN_F1_DW01_add_412
u_npu_core/u_core/u_fexu/div_703/u_div/u_add_PartRem_6_3
                                     122.0940      0.0     122.0940      0.0000       0.0000  fexu_EN_F1_DW01_add_276
u_npu_core/u_core/u_fexu/div_703/u_div/u_add_PartRem_6_4
                                     120.3300      0.0     120.3300      0.0000       0.0000  fexu_EN_F1_DW01_add_740
u_npu_core/u_core/u_fexu/div_703/u_div/u_add_PartRem_6_5
                                     114.4080      0.0     114.4080      0.0000       0.0000  fexu_EN_F1_DW01_add_275
u_npu_core/u_core/u_fexu/div_703/u_div/u_add_PartRem_6_6
                                     116.5500      0.0     116.5500      0.0000       0.0000  fexu_EN_F1_DW01_add_250
u_npu_core/u_core/u_fexu/div_703/u_div/u_add_PartRem_6_7
                                     103.3200      0.0     103.3200      0.0000       0.0000  fexu_EN_F1_DW01_add_274
u_npu_core/u_core/u_fexu/div_703/u_div/u_add_PartRem_7_1
                                     111.7620      0.0     111.7620      0.0000       0.0000  fexu_EN_F1_DW01_add_683
u_npu_core/u_core/u_fexu/div_703/u_div/u_add_PartRem_7_2
                                     105.7140      0.0     105.7140      0.0000       0.0000  fexu_EN_F1_DW01_add_651
u_npu_core/u_core/u_fexu/div_703/u_div/u_add_PartRem_7_3
                                     125.6220      0.0     125.6220      0.0000       0.0000  fexu_EN_F1_DW01_add_599
u_npu_core/u_core/u_fexu/div_703/u_div/u_add_PartRem_7_4
                                     115.0380      0.0     115.0380      0.0000       0.0000  fexu_EN_F1_DW01_add_732
u_npu_core/u_core/u_fexu/div_703/u_div/u_add_PartRem_7_5
                                     121.8420      0.0     121.8420      0.0000       0.0000  fexu_EN_F1_DW01_add_598
u_npu_core/u_core/u_fexu/div_703/u_div/u_add_PartRem_7_6
                                     115.0380      0.0     115.0380      0.0000       0.0000  fexu_EN_F1_DW01_add_666
u_npu_core/u_core/u_fexu/div_703/u_div/u_add_PartRem_7_7
                                     115.5420      0.0     115.5420      0.0000       0.0000  fexu_EN_F1_DW01_add_597
u_npu_core/u_core/u_fexu/div_703/u_div/u_add_PartRem_8_1
                                     111.8880      0.0     111.8880      0.0000       0.0000  fexu_EN_F1_DW01_add_359
u_npu_core/u_core/u_fexu/div_703/u_div/u_add_PartRem_8_2
                                     124.7400      0.0     124.7400      0.0000       0.0000  fexu_EN_F1_DW01_add_324
u_npu_core/u_core/u_fexu/div_703/u_div/u_add_PartRem_8_3
                                     105.5880      0.0     105.5880      0.0000       0.0000  fexu_EN_F1_DW01_add_312
u_npu_core/u_core/u_fexu/div_703/u_div/u_add_PartRem_8_4
                                     146.4120      0.0     146.4120      0.0000       0.0000  fexu_EN_F1_DW01_add_626
u_npu_core/u_core/u_fexu/div_703/u_div/u_add_PartRem_8_5
                                     111.5100      0.0     111.5100      0.0000       0.0000  fexu_EN_F1_DW01_add_313
u_npu_core/u_core/u_fexu/div_703/u_div/u_add_PartRem_8_6
                                     118.5660      0.0     118.5660      0.0000       0.0000  fexu_EN_F1_DW01_add_302
u_npu_core/u_core/u_fexu/div_703/u_div/u_add_PartRem_8_7
                                     110.5020      0.0     110.5020      0.0000       0.0000  fexu_EN_F1_DW01_add_309
u_npu_core/u_core/u_fexu/div_703/u_div/u_add_PartRem_9_1
                                     107.9820      0.0     107.9820      0.0000       0.0000  fexu_EN_F1_DW01_add_646
u_npu_core/u_core/u_fexu/div_703/u_div/u_add_PartRem_9_2
                                     124.9920      0.0     124.9920      0.0000       0.0000  fexu_EN_F1_DW01_add_616
u_npu_core/u_core/u_fexu/div_703/u_div/u_add_PartRem_9_3
                                     111.0060      0.0     111.0060      0.0000       0.0000  fexu_EN_F1_DW01_add_682
u_npu_core/u_core/u_fexu/div_703/u_div/u_add_PartRem_9_4
                                     118.0620      0.0     118.0620      0.0000       0.0000  fexu_EN_F1_DW01_add_641
u_npu_core/u_core/u_fexu/div_703/u_div/u_add_PartRem_9_5
                                     108.9900      0.0     108.9900      0.0000       0.0000  fexu_EN_F1_DW01_add_679
u_npu_core/u_core/u_fexu/div_703/u_div/u_add_PartRem_9_6
                                     132.4260      0.0     132.4260      0.0000       0.0000  fexu_EN_F1_DW01_add_655
u_npu_core/u_core/u_fexu/div_703/u_div/u_add_PartRem_9_7
                                     113.4000      0.0     113.4000      0.0000       0.0000  fexu_EN_F1_DW01_add_678
u_npu_core/u_core/u_fexu/gte_744_I10
                                     165.8160      0.0     165.8160      0.0000       0.0000  fexu_EN_F1_DW_cmp_122
u_npu_core/u_core/u_fexu/gte_744_I11
                                     173.2500      0.0     173.2500      0.0000       0.0000  fexu_EN_F1_DW_cmp_135
u_npu_core/u_core/u_fexu/gte_744_I12
                                     134.9460      0.0     134.9460      0.0000       0.0000  fexu_EN_F1_DW_cmp_123
u_npu_core/u_core/u_fexu/gte_744_I13
                                     207.9000      0.0     207.9000      0.0000       0.0000  fexu_EN_F1_DW_cmp_134
u_npu_core/u_core/u_fexu/gte_744_I14
                                     213.8220      0.0     213.8220      0.0000       0.0000  fexu_EN_F1_DW_cmp_81
u_npu_core/u_core/u_fexu/gte_744_I15
                                     148.5540      0.0     148.5540      0.0000       0.0000  fexu_EN_F1_DW_cmp_94
u_npu_core/u_core/u_fexu/gte_744_I16
                                      61.4880      0.0      61.4880      0.0000       0.0000  fexu_EN_F1_DW_cmp_88
u_npu_core/u_core/u_fexu/gte_744_I17
                                     193.2840      0.0     193.2840      0.0000       0.0000  fexu_EN_F1_DW_cmp_78
u_npu_core/u_core/u_fexu/gte_744_I18
                                     214.9560      0.0     214.9560      0.0000       0.0000  fexu_EN_F1_DW_cmp_87
u_npu_core/u_core/u_fexu/gte_744_I19
                                     142.7580      0.0     142.7580      0.0000       0.0000  fexu_EN_F1_DW_cmp_77
u_npu_core/u_core/u_fexu/gte_744_I20
                                     227.6820      0.0     227.6820      0.0000       0.0000  fexu_EN_F1_DW_cmp_93
u_npu_core/u_core/u_fexu/gte_744_I21
                                     236.5020      0.0     236.5020      0.0000       0.0000  fexu_EN_F1_DW_cmp_80
u_npu_core/u_core/u_fexu/gte_744_I22
                                     134.1900      0.0     134.1900      0.0000       0.0000  fexu_EN_F1_DW_cmp_124
u_npu_core/u_core/u_fexu/gte_744_I23
                                     261.1980      0.0     261.1980      0.0000       0.0000  fexu_EN_F1_DW_cmp_79
u_npu_core/u_core/u_fexu/gte_744_I24
                                     218.6100      0.0     218.6100      0.0000       0.0000  fexu_EN_F1_DW_cmp_90
u_npu_core/u_core/u_fexu/gte_744_I25
                                     204.8760      0.0     204.8760      0.0000       0.0000  fexu_EN_F1_DW_cmp_86
u_npu_core/u_core/u_fexu/gte_744_I26
                                     128.0160      0.0     128.0160      0.0000       0.0000  fexu_EN_F1_DW_cmp_92
u_npu_core/u_core/u_fexu/gte_744_I27
                                     198.3240      0.0     198.3240      0.0000       0.0000  fexu_EN_F1_DW_cmp_85
u_npu_core/u_core/u_fexu/gte_744_I28
                                     129.4020      0.0     129.4020      0.0000       0.0000  fexu_EN_F1_DW_cmp_97
u_npu_core/u_core/u_fexu/gte_744_I29
                                     113.1480      0.0     113.1480      0.0000       0.0000  fexu_EN_F1_DW_cmp_84
u_npu_core/u_core/u_fexu/gte_744_I30
                                     149.4360      0.0     149.4360      0.0000       0.0000  fexu_EN_F1_DW_cmp_98
u_npu_core/u_core/u_fexu/gte_744_I31
                                     183.9600      0.0     183.9600      0.0000       0.0000  fexu_EN_F1_DW_cmp_89
u_npu_core/u_core/u_fexu/mult_546   1070.3700      0.1    1070.3700      0.0000       0.0000  fexu_EN_F1_DW_mult_uns_0_DW_mult_uns_115
u_npu_core/u_core/u_fexu/mult_595   1291.2480      0.2    1291.2480      0.0000       0.0000  fexu_EN_F1_DW_mult_uns_8
u_npu_core/u_core/u_fexu/mult_707   1971.5220      0.2    1971.5220      0.0000       0.0000  fexu_EN_F1_DW_mult_uns_11
u_npu_core/u_core/u_fexu/r2315        68.2920      0.0      68.2920      0.0000       0.0000  fexu_EN_F1_DW01_cmp6_2_DW01_cmp6_152
u_npu_core/u_core/u_fexu/r2549        79.0020      0.0      79.0020      0.0000       0.0000  fexu_EN_F1_DW_cmp_260
u_npu_core/u_core/u_fexu/sub_217_2
                                      26.0820      0.0      26.0820      0.0000       0.0000  fexu_EN_F1_DW01_dec_11_DW01_dec_103
u_npu_core/u_core/u_fexu/sub_314_C365_C468
                                      33.8940      0.0      33.8940      0.0000       0.0000  fexu_EN_F1_DW01_dec_10_DW01_dec_102
u_npu_core/u_core/u_fexu/sub_314_C365_C518
                                      36.1620      0.0      36.1620      0.0000       0.0000  fexu_EN_F1_DW01_dec_7_DW01_dec_99
u_npu_core/u_core/u_fexu/sub_314_C365_C551
                                      33.8940      0.0      33.8940      0.0000       0.0000  fexu_EN_F1_DW01_dec_6_DW01_dec_98
u_npu_core/u_core/u_fexu/sub_314_C365_C603
                                      33.8940      0.0      33.8940      0.0000       0.0000  fexu_EN_F1_DW01_dec_5_DW01_dec_97
u_npu_core/u_core/u_fexu/sub_314_C365_C623
                                      39.6900      0.0      39.6900      0.0000       0.0000  fexu_EN_F1_DW01_dec_4_DW01_dec_96
u_npu_core/u_core/u_fexu/sub_314_C365_C660
                                      60.8580      0.0      60.8580      0.0000       0.0000  fexu_EN_F1_DW01_dec_31
u_npu_core/u_core/u_fexu/sub_314_C365_C708
                                      33.8940      0.0      33.8940      0.0000       0.0000  fexu_EN_F1_DW01_dec_1_DW01_dec_93
u_npu_core/u_core/u_fexu/sub_314_C458
                                      28.2240      0.0      28.2240      0.0000       0.0000  fexu_EN_F1_DW01_dec_27_DW01_dec_119
u_npu_core/u_core/u_fexu/sub_314_C462
                                      28.2240      0.0      28.2240      0.0000       0.0000  fexu_EN_F1_DW01_dec_28_DW01_dec_120
u_npu_core/u_core/u_fexu/sub_314_C504
                                      29.4840      0.0      29.4840      0.0000       0.0000  fexu_EN_F1_DW01_dec_25_DW01_dec_117
u_npu_core/u_core/u_fexu/sub_314_C510
                                      29.4840      0.0      29.4840      0.0000       0.0000  fexu_EN_F1_DW01_dec_24_DW01_dec_116
u_npu_core/u_core/u_fexu/sub_314_C612
                                      60.8580      0.0      60.8580      0.0000       0.0000  fexu_EN_F1_DW01_dec_20_DW01_dec_112
u_npu_core/u_core/u_fexu/sub_314_C616
                                      36.5400      0.0      36.5400      0.0000       0.0000  fexu_EN_F1_DW01_dec_19_DW01_dec_111
u_npu_core/u_core/u_fexu/sub_314_C630
                                     112.1400      0.0     112.1400      0.0000       0.0000  fexu_EN_F1_DW01_dec_29
u_npu_core/u_core/u_fexu/sub_314_C643
                                      71.0640      0.0      71.0640      0.0000       0.0000  fexu_EN_F1_DW01_dec_32
u_npu_core/u_core/u_fexu/sub_314_C655
                                      79.1280      0.0      79.1280      0.0000       0.0000  fexu_EN_F1_DW01_dec_30
u_npu_core/u_core/u_fexu/sub_429      18.6480      0.0      18.6480      0.0000       0.0000  fexu_EN_F1_DW01_sub_82_DW01_sub_331
u_npu_core/u_core/u_fexu/sub_474      54.5580      0.0      54.5580      0.0000       0.0000  fexu_EN_F1_DW01_sub_23_DW01_sub_272
u_npu_core/u_core/u_fexu/sub_489      18.6480      0.0      18.6480      0.0000       0.0000  fexu_EN_F1_DW01_sub_21_DW01_sub_270
u_npu_core/u_core/u_fexu/sub_506      69.4260      0.0      69.4260      0.0000       0.0000  fexu_EN_F1_DW01_sub_79_DW01_sub_328
u_npu_core/u_core/u_fexu/sub_512      71.0640      0.0      71.0640      0.0000       0.0000  fexu_EN_F1_DW01_sub_78_DW01_sub_327
u_npu_core/u_core/u_fexu/sub_608      34.0200      0.0      34.0200      0.0000       0.0000  fexu_EN_F1_DW01_sub_154
u_npu_core/u_core/u_fexu/sub_630_3
                                     170.7300      0.0     170.7300      0.0000       0.0000  fexu_EN_F1_DW01_sub_119
u_npu_core/u_core/u_fexu/sub_634      56.9520      0.0      56.9520      0.0000       0.0000  fexu_EN_F1_DW01_sub_64_DW01_sub_313
u_npu_core/u_core/u_fexu/sub_643     196.9380      0.0     196.9380      0.0000       0.0000  fexu_EN_F1_DW01_sub_153
u_npu_core/u_core/u_fexu/sub_650      32.8860      0.0      32.8860      0.0000       0.0000  fexu_EN_F1_DW01_sub_152
u_npu_core/u_core/u_fexu/sub_745_I10
                                     253.5120      0.0     253.5120      0.0000       0.0000  fexu_EN_F1_DW01_sub_127
u_npu_core/u_core/u_fexu/sub_745_I11
                                     299.1240      0.0     299.1240      0.0000       0.0000  fexu_EN_F1_DW01_sub_101
u_npu_core/u_core/u_fexu/sub_745_I12
                                     241.9200      0.0     241.9200      0.0000       0.0000  fexu_EN_F1_DW01_sub_128
u_npu_core/u_core/u_fexu/sub_745_I13
                                     278.9640      0.0     278.9640      0.0000       0.0000  fexu_EN_F1_DW01_sub_100
u_npu_core/u_core/u_fexu/sub_745_I14
                                     223.3980      0.0     223.3980      0.0000       0.0000  fexu_EN_F1_DW01_sub_148
u_npu_core/u_core/u_fexu/sub_745_I15
                                     259.6860      0.0     259.6860      0.0000       0.0000  fexu_EN_F1_DW01_sub_137
u_npu_core/u_core/u_fexu/sub_745_I16
                                     238.0140      0.0     238.0140      0.0000       0.0000  fexu_EN_F1_DW01_sub_110
u_npu_core/u_core/u_fexu/sub_745_I17
                                     255.2760      0.0     255.2760      0.0000       0.0000  fexu_EN_F1_DW01_sub_98
u_npu_core/u_core/u_fexu/sub_745_I18
                                     355.6980      0.0     355.6980      0.0000       0.0000  fexu_EN_F1_DW01_sub_157
u_npu_core/u_core/u_fexu/sub_745_I19
                                     238.1400      0.0     238.1400      0.0000       0.0000  fexu_EN_F1_DW01_sub_141
u_npu_core/u_core/u_fexu/sub_745_I20
                                     246.0780      0.0     246.0780      0.0000       0.0000  fexu_EN_F1_DW01_sub_136
u_npu_core/u_core/u_fexu/sub_745_I21
                                     260.4420      0.0     260.4420      0.0000       0.0000  fexu_EN_F1_DW01_sub_121
u_npu_core/u_core/u_fexu/sub_745_I22
                                     329.7420      0.0     329.7420      0.0000       0.0000  fexu_EN_F1_DW01_sub_134
u_npu_core/u_core/u_fexu/sub_745_I23
                                     338.6880      0.0     338.6880      0.0000       0.0000  fexu_EN_F1_DW01_sub_122
u_npu_core/u_core/u_fexu/sub_745_I24
                                     285.7680      0.0     285.7680      0.0000       0.0000  fexu_EN_F1_DW01_sub_135
u_npu_core/u_core/u_fexu/sub_745_I25
                                     355.3200      0.0     355.3200      0.0000       0.0000  fexu_EN_F1_DW01_sub_123
u_npu_core/u_core/u_fexu/sub_745_I26
                                     282.1140      0.0     282.1140      0.0000       0.0000  fexu_EN_F1_DW01_sub_131
u_npu_core/u_core/u_fexu/sub_745_I27
                                     282.6180      0.0     282.6180      0.0000       0.0000  fexu_EN_F1_DW01_sub_125
u_npu_core/u_core/u_fexu/sub_745_I28
                                     281.7360      0.0     281.7360      0.0000       0.0000  fexu_EN_F1_DW01_sub_138
u_npu_core/u_core/u_fexu/sub_745_I29
                                     338.0580      0.0     338.0580      0.0000       0.0000  fexu_EN_F1_DW01_sub_117
u_npu_core/u_core/u_fexu/sub_745_I3
                                      28.6020      0.0      28.6020      0.0000       0.0000  fexu_EN_F1_DW01_sub_243
u_npu_core/u_core/u_fexu/sub_745_I30
                                     285.6420      0.0     285.6420      0.0000       0.0000  fexu_EN_F1_DW01_sub_91
u_npu_core/u_core/u_fexu/sub_745_I4
                                     172.3680      0.0     172.3680      0.0000       0.0000  fexu_EN_F1_DW01_sub_233
u_npu_core/u_core/u_fexu/sub_745_I5
                                     172.3680      0.0     172.3680      0.0000       0.0000  fexu_EN_F1_DW01_sub_245
u_npu_core/u_core/u_fexu/sub_745_I6
                                     182.5740      0.0     182.5740      0.0000       0.0000  fexu_EN_F1_DW01_sub_124
u_npu_core/u_core/u_fexu/sub_745_I7
                                     236.2500      0.0     236.2500      0.0000       0.0000  fexu_EN_F1_DW01_sub_140
u_npu_core/u_core/u_fexu/sub_745_I8
                                     215.8380      0.0     215.8380      0.0000       0.0000  fexu_EN_F1_DW01_sub_126
u_npu_core/u_core/u_fexu/sub_745_I9
                                     319.9140      0.0     319.9140      0.0000       0.0000  fexu_EN_F1_DW01_sub_102
u_npu_core/u_core/u_forward          140.9940      0.0     140.9940      0.0000       0.0000  forward
u_npu_core/u_core/u_hazard            14.6160      0.0      14.6160      0.0000       0.0000  hazard
u_npu_core/u_core/u_idu              141.3720      0.0     141.3720      0.0000       0.0000  idu_RV32A0_EN_RVV1_EN_F1
u_npu_core/u_core/u_ifu              195.8040      0.0      85.0500     60.4800       0.0000  ifu_00000000_0
u_npu_core/u_core/u_ifu/add_53        50.2740      0.0      50.2740      0.0000       0.0000  ifu_00000000_0_DW01_add_0_DW01_add_526
u_npu_core/u_core/u_lsu_id            95.6340      0.0      95.6340      0.0000       0.0000  lsu_0
u_npu_core/u_core/u_lsu_wb           109.9980      0.0     109.9980      0.0000       0.0000  lsu_1
u_npu_core/u_core/u_mul             2011.8420      0.2      78.2460    126.6300       0.0000  mul
u_npu_core/u_core/u_mul/mult_46     1806.9660      0.2    1806.9660      0.0000       0.0000  mul_DW_mult_tc_0
u_npu_core/u_core/u_pmp_data           0.2520      0.0       0.2520      0.0000       0.0000  pmp_PMP_ENTRIES0_1
u_npu_core/u_core/u_pmp_if_pc          0.2520      0.0       0.2520      0.0000       0.0000  pmp_PMP_ENTRIES0_0
u_npu_core/u_core/u_pmp_if_pc2         0.2520      0.0       0.2520      0.0000       0.0000  pmp_PMP_ENTRIES0_2
u_npu_core/u_core/u_ras                0.2520      0.0       0.2520      0.0000       0.0000  ras_EN_RAS0
u_npu_core/u_core/u_rfu             4505.3820      0.5    2570.0220   1935.3600       0.0000  rfu
u_npu_core/u_core/u_trigger         1017.8280      0.1     529.4520    343.9800       0.0000  trigger
u_npu_core/u_core/u_trigger/r528      36.1620      0.0      36.1620      0.0000       0.0000  trigger_DW01_cmp6_3_DW01_cmp6_5
u_npu_core/u_core/u_trigger/r530      36.1620      0.0      36.1620      0.0000       0.0000  trigger_DW01_cmp6_2_DW01_cmp6_4
u_npu_core/u_core/u_trigger/r532      35.9100      0.0      35.9100      0.0000       0.0000  trigger_DW01_cmp6_1_DW01_cmp6_3
u_npu_core/u_core/u_trigger/r534      36.1620      0.0      36.1620      0.0000       0.0000  trigger_DW01_cmp6_0_DW01_cmp6_2
u_npu_core/u_core/u_vexu          357774.2281     43.6  100563.7499  12151.9439       0.0000  vexu_EN_RVV1
u_npu_core/u_core/u_vexu/add_0_root_add_0_root_add_1466_I16_aco
                                      67.7880      0.0      67.7880      0.0000       0.0000  vexu_EN_RVV1_DW01_add_1378_DW01_add_538
u_npu_core/u_core/u_vexu/add_10_root_add_0_root_add_1466_I16_aco
                                      68.1660      0.0      68.1660      0.0000       0.0000  vexu_EN_RVV1_DW01_add_1391_DW01_add_551
u_npu_core/u_core/u_vexu/add_11_root_add_0_root_add_1466_I16_aco
                                      68.1660      0.0      68.1660      0.0000       0.0000  vexu_EN_RVV1_DW01_add_1392_DW01_add_552
u_npu_core/u_core/u_vexu/add_1205     58.5900      0.0      58.5900      0.0000       0.0000  vexu_EN_RVV1_DW01_add_191_DW01_add_292
u_npu_core/u_core/u_vexu/add_1205_2
                                      58.5900      0.0      58.5900      0.0000       0.0000  vexu_EN_RVV1_DW01_add_190_DW01_add_291
u_npu_core/u_core/u_vexu/add_12_root_add_0_root_add_1466_I16_aco
                                      68.1660      0.0      68.1660      0.0000       0.0000  vexu_EN_RVV1_DW01_add_1390_DW01_add_550
u_npu_core/u_core/u_vexu/add_1368     33.8940      0.0      33.8940      0.0000       0.0000  vexu_EN_RVV1_DW01_add_188_DW01_add_289
u_npu_core/u_core/u_vexu/add_1368_G2
                                      33.8940      0.0      33.8940      0.0000       0.0000  vexu_EN_RVV1_DW01_add_186_DW01_add_287
u_npu_core/u_core/u_vexu/add_1368_G3
                                      33.8940      0.0      33.8940      0.0000       0.0000  vexu_EN_RVV1_DW01_add_184_DW01_add_285
u_npu_core/u_core/u_vexu/add_1368_G4
                                      33.8940      0.0      33.8940      0.0000       0.0000  vexu_EN_RVV1_DW01_add_182_DW01_add_283
u_npu_core/u_core/u_vexu/add_1368_G5
                                      33.8940      0.0      33.8940      0.0000       0.0000  vexu_EN_RVV1_DW01_add_180_DW01_add_281
u_npu_core/u_core/u_vexu/add_1368_G6
                                      33.8940      0.0      33.8940      0.0000       0.0000  vexu_EN_RVV1_DW01_add_178_DW01_add_279
u_npu_core/u_core/u_vexu/add_1368_G7
                                      33.8940      0.0      33.8940      0.0000       0.0000  vexu_EN_RVV1_DW01_add_176_DW01_add_277
u_npu_core/u_core/u_vexu/add_1368_G8
                                      33.8940      0.0      33.8940      0.0000       0.0000  vexu_EN_RVV1_DW01_add_174_DW01_add_275
u_npu_core/u_core/u_vexu/add_1374     33.8940      0.0      33.8940      0.0000       0.0000  vexu_EN_RVV1_DW01_add_187_DW01_add_288
u_npu_core/u_core/u_vexu/add_1374_G2
                                      33.8940      0.0      33.8940      0.0000       0.0000  vexu_EN_RVV1_DW01_add_185_DW01_add_286
u_npu_core/u_core/u_vexu/add_1374_G3
                                      33.8940      0.0      33.8940      0.0000       0.0000  vexu_EN_RVV1_DW01_add_183_DW01_add_284
u_npu_core/u_core/u_vexu/add_1374_G4
                                      33.8940      0.0      33.8940      0.0000       0.0000  vexu_EN_RVV1_DW01_add_181_DW01_add_282
u_npu_core/u_core/u_vexu/add_1374_G5
                                      33.8940      0.0      33.8940      0.0000       0.0000  vexu_EN_RVV1_DW01_add_179_DW01_add_280
u_npu_core/u_core/u_vexu/add_1374_G6
                                      33.8940      0.0      33.8940      0.0000       0.0000  vexu_EN_RVV1_DW01_add_177_DW01_add_278
u_npu_core/u_core/u_vexu/add_1374_G7
                                      33.8940      0.0      33.8940      0.0000       0.0000  vexu_EN_RVV1_DW01_add_175_DW01_add_276
u_npu_core/u_core/u_vexu/add_1374_G8
                                      33.8940      0.0      33.8940      0.0000       0.0000  vexu_EN_RVV1_DW01_add_173_DW01_add_274
u_npu_core/u_core/u_vexu/add_1392     68.1660      0.0      68.1660      0.0000       0.0000  vexu_EN_RVV1_DW01_add_172_DW01_add_273
u_npu_core/u_core/u_vexu/add_1392_G2
                                      68.1660      0.0      68.1660      0.0000       0.0000  vexu_EN_RVV1_DW01_add_170_DW01_add_271
u_npu_core/u_core/u_vexu/add_1392_G3
                                      68.1660      0.0      68.1660      0.0000       0.0000  vexu_EN_RVV1_DW01_add_168_DW01_add_269
u_npu_core/u_core/u_vexu/add_1392_G4
                                      68.1660      0.0      68.1660      0.0000       0.0000  vexu_EN_RVV1_DW01_add_166_DW01_add_267
u_npu_core/u_core/u_vexu/add_1397     68.1660      0.0      68.1660      0.0000       0.0000  vexu_EN_RVV1_DW01_add_171_DW01_add_272
u_npu_core/u_core/u_vexu/add_1397_G2
                                      68.1660      0.0      68.1660      0.0000       0.0000  vexu_EN_RVV1_DW01_add_169_DW01_add_270
u_npu_core/u_core/u_vexu/add_1397_G3
                                      68.1660      0.0      68.1660      0.0000       0.0000  vexu_EN_RVV1_DW01_add_167_DW01_add_268
u_npu_core/u_core/u_vexu/add_1397_G4
                                      68.1660      0.0      68.1660      0.0000       0.0000  vexu_EN_RVV1_DW01_add_165_DW01_add_266
u_npu_core/u_core/u_vexu/add_13_root_add_0_root_add_1466_I16_aco
                                      68.1660      0.0      68.1660      0.0000       0.0000  vexu_EN_RVV1_DW01_add_1393_DW01_add_553
u_npu_core/u_core/u_vexu/add_1430    126.5040      0.0     126.5040      0.0000       0.0000  vexu_EN_RVV1_DW01_add_2688
u_npu_core/u_core/u_vexu/add_1430_I10
                                     139.9860      0.0     139.9860      0.0000       0.0000  vexu_EN_RVV1_DW01_add_2692
u_npu_core/u_core/u_vexu/add_1430_I11
                                     154.8540      0.0     154.8540      0.0000       0.0000  vexu_EN_RVV1_DW01_add_2681
u_npu_core/u_core/u_vexu/add_1430_I12
                                     143.1360      0.0     143.1360      0.0000       0.0000  vexu_EN_RVV1_DW01_add_2691
u_npu_core/u_core/u_vexu/add_1430_I13
                                     143.8920      0.0     143.8920      0.0000       0.0000  vexu_EN_RVV1_DW01_add_2679
u_npu_core/u_core/u_vexu/add_1430_I14
                                     133.3080      0.0     133.3080      0.0000       0.0000  vexu_EN_RVV1_DW01_add_2690
u_npu_core/u_core/u_vexu/add_1430_I15
                                     144.0180      0.0     144.0180      0.0000       0.0000  vexu_EN_RVV1_DW01_add_2682
u_npu_core/u_core/u_vexu/add_1430_I16
                                      20.1600      0.0      20.1600      0.0000       0.0000  vexu_EN_RVV1_DW01_add_164_DW01_add_265
u_npu_core/u_core/u_vexu/add_1430_I2
                                     127.0080      0.0     127.0080      0.0000       0.0000  vexu_EN_RVV1_DW01_add_2676
u_npu_core/u_core/u_vexu/add_1430_I3
                                     135.8280      0.0     135.8280      0.0000       0.0000  vexu_EN_RVV1_DW01_add_2689
u_npu_core/u_core/u_vexu/add_1430_I4
                                     127.0080      0.0     127.0080      0.0000       0.0000  vexu_EN_RVV1_DW01_add_2687
u_npu_core/u_core/u_vexu/add_1430_I5
                                     128.8980      0.0     128.8980      0.0000       0.0000  vexu_EN_RVV1_DW01_add_2686
u_npu_core/u_core/u_vexu/add_1430_I6
                                     134.1900      0.0     134.1900      0.0000       0.0000  vexu_EN_RVV1_DW01_add_2685
u_npu_core/u_core/u_vexu/add_1430_I7
                                     136.3320      0.0     136.3320      0.0000       0.0000  vexu_EN_RVV1_DW01_add_2684
u_npu_core/u_core/u_vexu/add_1430_I8
                                     131.2920      0.0     131.2920      0.0000       0.0000  vexu_EN_RVV1_DW01_add_2683
u_npu_core/u_core/u_vexu/add_1430_I9
                                     200.0880      0.0     200.0880      0.0000       0.0000  vexu_EN_RVV1_DW01_add_2678
u_npu_core/u_core/u_vexu/add_1492     18.9000      0.0      18.9000      0.0000       0.0000  vexu_EN_RVV1_DW01_add_163_DW01_add_264
u_npu_core/u_core/u_vexu/add_1492_G10
                                      18.9000      0.0      18.9000      0.0000       0.0000  vexu_EN_RVV1_DW01_add_118_DW01_add_219
u_npu_core/u_core/u_vexu/add_1492_G11
                                      18.9000      0.0      18.9000      0.0000       0.0000  vexu_EN_RVV1_DW01_add_113_DW01_add_214
u_npu_core/u_core/u_vexu/add_1492_G12
                                      18.9000      0.0      18.9000      0.0000       0.0000  vexu_EN_RVV1_DW01_add_108_DW01_add_209
u_npu_core/u_core/u_vexu/add_1492_G13
                                      18.9000      0.0      18.9000      0.0000       0.0000  vexu_EN_RVV1_DW01_add_103_DW01_add_204
u_npu_core/u_core/u_vexu/add_1492_G14
                                      18.9000      0.0      18.9000      0.0000       0.0000  vexu_EN_RVV1_DW01_add_98_DW01_add_199
u_npu_core/u_core/u_vexu/add_1492_G15
                                      18.9000      0.0      18.9000      0.0000       0.0000  vexu_EN_RVV1_DW01_add_93_DW01_add_194
u_npu_core/u_core/u_vexu/add_1492_G16
                                      18.9000      0.0      18.9000      0.0000       0.0000  vexu_EN_RVV1_DW01_add_88_DW01_add_189
u_npu_core/u_core/u_vexu/add_1492_G2
                                      18.9000      0.0      18.9000      0.0000       0.0000  vexu_EN_RVV1_DW01_add_158_DW01_add_259
u_npu_core/u_core/u_vexu/add_1492_G3
                                      18.9000      0.0      18.9000      0.0000       0.0000  vexu_EN_RVV1_DW01_add_153_DW01_add_254
u_npu_core/u_core/u_vexu/add_1492_G4
                                      18.9000      0.0      18.9000      0.0000       0.0000  vexu_EN_RVV1_DW01_add_148_DW01_add_249
u_npu_core/u_core/u_vexu/add_1492_G5
                                      18.9000      0.0      18.9000      0.0000       0.0000  vexu_EN_RVV1_DW01_add_143_DW01_add_244
u_npu_core/u_core/u_vexu/add_1492_G6
                                      18.9000      0.0      18.9000      0.0000       0.0000  vexu_EN_RVV1_DW01_add_138_DW01_add_239
u_npu_core/u_core/u_vexu/add_1492_G7
                                      18.9000      0.0      18.9000      0.0000       0.0000  vexu_EN_RVV1_DW01_add_133_DW01_add_234
u_npu_core/u_core/u_vexu/add_1492_G8
                                      18.9000      0.0      18.9000      0.0000       0.0000  vexu_EN_RVV1_DW01_add_128_DW01_add_229
u_npu_core/u_core/u_vexu/add_1492_G9
                                      18.9000      0.0      18.9000      0.0000       0.0000  vexu_EN_RVV1_DW01_add_123_DW01_add_224
u_npu_core/u_core/u_vexu/add_1494     16.7580      0.0      16.7580      0.0000       0.0000  vexu_EN_RVV1_DW01_add_162_DW01_add_263
u_npu_core/u_core/u_vexu/add_1494_G10
                                      16.7580      0.0      16.7580      0.0000       0.0000  vexu_EN_RVV1_DW01_add_117_DW01_add_218
u_npu_core/u_core/u_vexu/add_1494_G11
                                      16.7580      0.0      16.7580      0.0000       0.0000  vexu_EN_RVV1_DW01_add_112_DW01_add_213
u_npu_core/u_core/u_vexu/add_1494_G12
                                      16.7580      0.0      16.7580      0.0000       0.0000  vexu_EN_RVV1_DW01_add_107_DW01_add_208
u_npu_core/u_core/u_vexu/add_1494_G13
                                      16.7580      0.0      16.7580      0.0000       0.0000  vexu_EN_RVV1_DW01_add_102_DW01_add_203
u_npu_core/u_core/u_vexu/add_1494_G14
                                      16.7580      0.0      16.7580      0.0000       0.0000  vexu_EN_RVV1_DW01_add_97_DW01_add_198
u_npu_core/u_core/u_vexu/add_1494_G15
                                      16.7580      0.0      16.7580      0.0000       0.0000  vexu_EN_RVV1_DW01_add_92_DW01_add_193
u_npu_core/u_core/u_vexu/add_1494_G16
                                      16.7580      0.0      16.7580      0.0000       0.0000  vexu_EN_RVV1_DW01_add_87_DW01_add_188
u_npu_core/u_core/u_vexu/add_1494_G2
                                      16.7580      0.0      16.7580      0.0000       0.0000  vexu_EN_RVV1_DW01_add_157_DW01_add_258
u_npu_core/u_core/u_vexu/add_1494_G3
                                      16.7580      0.0      16.7580      0.0000       0.0000  vexu_EN_RVV1_DW01_add_152_DW01_add_253
u_npu_core/u_core/u_vexu/add_1494_G4
                                      16.7580      0.0      16.7580      0.0000       0.0000  vexu_EN_RVV1_DW01_add_147_DW01_add_248
u_npu_core/u_core/u_vexu/add_1494_G5
                                      16.7580      0.0      16.7580      0.0000       0.0000  vexu_EN_RVV1_DW01_add_142_DW01_add_243
u_npu_core/u_core/u_vexu/add_1494_G6
                                      16.7580      0.0      16.7580      0.0000       0.0000  vexu_EN_RVV1_DW01_add_137_DW01_add_238
u_npu_core/u_core/u_vexu/add_1494_G7
                                      16.7580      0.0      16.7580      0.0000       0.0000  vexu_EN_RVV1_DW01_add_132_DW01_add_233
u_npu_core/u_core/u_vexu/add_1494_G8
                                      16.7580      0.0      16.7580      0.0000       0.0000  vexu_EN_RVV1_DW01_add_127_DW01_add_228
u_npu_core/u_core/u_vexu/add_1494_G9
                                      16.7580      0.0      16.7580      0.0000       0.0000  vexu_EN_RVV1_DW01_add_122_DW01_add_223
u_npu_core/u_core/u_vexu/add_14_root_add_0_root_add_1466_I16_aco
                                      68.1660      0.0      68.1660      0.0000       0.0000  vexu_EN_RVV1_DW01_add_1387_DW01_add_547
u_npu_core/u_core/u_vexu/add_1540     36.0360      0.0      36.0360      0.0000       0.0000  vexu_EN_RVV1_DW01_add_83_DW01_add_184
u_npu_core/u_core/u_vexu/add_1540_G2
                                      36.0360      0.0      36.0360      0.0000       0.0000  vexu_EN_RVV1_DW01_add_78_DW01_add_179
u_npu_core/u_core/u_vexu/add_1540_G3
                                      36.0360      0.0      36.0360      0.0000       0.0000  vexu_EN_RVV1_DW01_add_73_DW01_add_174
u_npu_core/u_core/u_vexu/add_1540_G4
                                      36.0360      0.0      36.0360      0.0000       0.0000  vexu_EN_RVV1_DW01_add_68_DW01_add_169
u_npu_core/u_core/u_vexu/add_1540_G5
                                      36.0360      0.0      36.0360      0.0000       0.0000  vexu_EN_RVV1_DW01_add_63_DW01_add_164
u_npu_core/u_core/u_vexu/add_1540_G6
                                      36.0360      0.0      36.0360      0.0000       0.0000  vexu_EN_RVV1_DW01_add_58_DW01_add_159
u_npu_core/u_core/u_vexu/add_1540_G7
                                      36.0360      0.0      36.0360      0.0000       0.0000  vexu_EN_RVV1_DW01_add_53_DW01_add_154
u_npu_core/u_core/u_vexu/add_1540_G8
                                      36.0360      0.0      36.0360      0.0000       0.0000  vexu_EN_RVV1_DW01_add_48_DW01_add_149
u_npu_core/u_core/u_vexu/add_1542     33.8940      0.0      33.8940      0.0000       0.0000  vexu_EN_RVV1_DW01_add_82_DW01_add_183
u_npu_core/u_core/u_vexu/add_1542_G2
                                      33.8940      0.0      33.8940      0.0000       0.0000  vexu_EN_RVV1_DW01_add_77_DW01_add_178
u_npu_core/u_core/u_vexu/add_1542_G3
                                      33.8940      0.0      33.8940      0.0000       0.0000  vexu_EN_RVV1_DW01_add_72_DW01_add_173
u_npu_core/u_core/u_vexu/add_1542_G4
                                      33.8940      0.0      33.8940      0.0000       0.0000  vexu_EN_RVV1_DW01_add_67_DW01_add_168
u_npu_core/u_core/u_vexu/add_1542_G5
                                      33.8940      0.0      33.8940      0.0000       0.0000  vexu_EN_RVV1_DW01_add_62_DW01_add_163
u_npu_core/u_core/u_vexu/add_1542_G6
                                      33.8940      0.0      33.8940      0.0000       0.0000  vexu_EN_RVV1_DW01_add_57_DW01_add_158
u_npu_core/u_core/u_vexu/add_1542_G7
                                      33.8940      0.0      33.8940      0.0000       0.0000  vexu_EN_RVV1_DW01_add_52_DW01_add_153
u_npu_core/u_core/u_vexu/add_1542_G8
                                      33.8940      0.0      33.8940      0.0000       0.0000  vexu_EN_RVV1_DW01_add_47_DW01_add_148
u_npu_core/u_core/u_vexu/add_1585     70.3080      0.0      70.3080      0.0000       0.0000  vexu_EN_RVV1_DW01_add_43_DW01_add_144
u_npu_core/u_core/u_vexu/add_1585_G2
                                      70.3080      0.0      70.3080      0.0000       0.0000  vexu_EN_RVV1_DW01_add_38_DW01_add_139
u_npu_core/u_core/u_vexu/add_1585_G3
                                      70.3080      0.0      70.3080      0.0000       0.0000  vexu_EN_RVV1_DW01_add_33_DW01_add_134
u_npu_core/u_core/u_vexu/add_1585_G4
                                      70.3080      0.0      70.3080      0.0000       0.0000  vexu_EN_RVV1_DW01_add_28_DW01_add_129
u_npu_core/u_core/u_vexu/add_1587     68.1660      0.0      68.1660      0.0000       0.0000  vexu_EN_RVV1_DW01_add_42_DW01_add_143
u_npu_core/u_core/u_vexu/add_1587_G2
                                      68.1660      0.0      68.1660      0.0000       0.0000  vexu_EN_RVV1_DW01_add_37_DW01_add_138
u_npu_core/u_core/u_vexu/add_1587_G3
                                      68.1660      0.0      68.1660      0.0000       0.0000  vexu_EN_RVV1_DW01_add_32_DW01_add_133
u_npu_core/u_core/u_vexu/add_1587_G4
                                      68.1660      0.0      68.1660      0.0000       0.0000  vexu_EN_RVV1_DW01_add_27_DW01_add_128
u_npu_core/u_core/u_vexu/add_15_root_add_0_root_add_1466_I16_aco
                                      68.1660      0.0      68.1660      0.0000       0.0000  vexu_EN_RVV1_DW01_add_1388_DW01_add_548
u_npu_core/u_core/u_vexu/add_1601     55.5660      0.0      55.5660      0.0000       0.0000  vexu_EN_RVV1_DW01_add_41_DW01_add_142
u_npu_core/u_core/u_vexu/add_1601_G2
                                      55.5660      0.0      55.5660      0.0000       0.0000  vexu_EN_RVV1_DW01_add_36_DW01_add_137
u_npu_core/u_core/u_vexu/add_1601_G3
                                      55.5660      0.0      55.5660      0.0000       0.0000  vexu_EN_RVV1_DW01_add_31_DW01_add_132
u_npu_core/u_core/u_vexu/add_1601_G4
                                      55.5660      0.0      55.5660      0.0000       0.0000  vexu_EN_RVV1_DW01_add_26_DW01_add_127
u_npu_core/u_core/u_vexu/add_1613     55.5660      0.0      55.5660      0.0000       0.0000  vexu_EN_RVV1_DW01_add_40_DW01_add_141
u_npu_core/u_core/u_vexu/add_1613_G2
                                      55.5660      0.0      55.5660      0.0000       0.0000  vexu_EN_RVV1_DW01_add_35_DW01_add_136
u_npu_core/u_core/u_vexu/add_1613_G3
                                      55.5660      0.0      55.5660      0.0000       0.0000  vexu_EN_RVV1_DW01_add_30_DW01_add_131
u_npu_core/u_core/u_vexu/add_1613_G4
                                      55.5660      0.0      55.5660      0.0000       0.0000  vexu_EN_RVV1_DW01_add_25_DW01_add_126
u_npu_core/u_core/u_vexu/add_1614     55.5660      0.0      55.5660      0.0000       0.0000  vexu_EN_RVV1_DW01_add_39_DW01_add_140
u_npu_core/u_core/u_vexu/add_1614_G2
                                      55.5660      0.0      55.5660      0.0000       0.0000  vexu_EN_RVV1_DW01_add_34_DW01_add_135
u_npu_core/u_core/u_vexu/add_1614_G3
                                      55.5660      0.0      55.5660      0.0000       0.0000  vexu_EN_RVV1_DW01_add_29_DW01_add_130
u_npu_core/u_core/u_vexu/add_1614_G4
                                      55.5660      0.0      55.5660      0.0000       0.0000  vexu_EN_RVV1_DW01_add_24_DW01_add_125
u_npu_core/u_core/u_vexu/add_1672     57.3300      0.0      57.3300      0.0000       0.0000  vexu_EN_RVV1_DW01_add_7_DW01_add_108
u_npu_core/u_core/u_vexu/add_1672_G2
                                      57.3300      0.0      57.3300      0.0000       0.0000  vexu_EN_RVV1_DW01_add_5_DW01_add_106
u_npu_core/u_core/u_vexu/add_1672_G3
                                      57.3300      0.0      57.3300      0.0000       0.0000  vexu_EN_RVV1_DW01_add_3_DW01_add_104
u_npu_core/u_core/u_vexu/add_1672_G4
                                      57.3300      0.0      57.3300      0.0000       0.0000  vexu_EN_RVV1_DW01_add_1_DW01_add_102
u_npu_core/u_core/u_vexu/add_1673     56.4480      0.0      56.4480      0.0000       0.0000  vexu_EN_RVV1_DW01_add_6_DW01_add_107
u_npu_core/u_core/u_vexu/add_1673_G2
                                      56.4480      0.0      56.4480      0.0000       0.0000  vexu_EN_RVV1_DW01_add_4_DW01_add_105
u_npu_core/u_core/u_vexu/add_1673_G3
                                      56.4480      0.0      56.4480      0.0000       0.0000  vexu_EN_RVV1_DW01_add_2_DW01_add_103
u_npu_core/u_core/u_vexu/add_1673_G4
                                      56.4480      0.0      56.4480      0.0000       0.0000  vexu_EN_RVV1_DW01_add_0_DW01_add_101
u_npu_core/u_core/u_vexu/add_1_root_add_0_root_add_1466_I16_aco
                                      68.1660      0.0      68.1660      0.0000       0.0000  vexu_EN_RVV1_DW01_add_1379_DW01_add_539
u_npu_core/u_core/u_vexu/add_1_root_add_610_3
                                      16.7580      0.0      16.7580      0.0000       0.0000  vexu_EN_RVV1_DW01_add_1343_DW01_add_468
u_npu_core/u_core/u_vexu/add_1_root_add_610_3_G10
                                      16.7580      0.0      16.7580      0.0000       0.0000  vexu_EN_RVV1_DW01_add_1325_DW01_add_450
u_npu_core/u_core/u_vexu/add_1_root_add_610_3_G11
                                      16.7580      0.0      16.7580      0.0000       0.0000  vexu_EN_RVV1_DW01_add_1323_DW01_add_448
u_npu_core/u_core/u_vexu/add_1_root_add_610_3_G12
                                      17.1360      0.0      17.1360      0.0000       0.0000  vexu_EN_RVV1_DW01_add_1321_DW01_add_446
u_npu_core/u_core/u_vexu/add_1_root_add_610_3_G13
                                      16.7580      0.0      16.7580      0.0000       0.0000  vexu_EN_RVV1_DW01_add_1319_DW01_add_444
u_npu_core/u_core/u_vexu/add_1_root_add_610_3_G14
                                      16.7580      0.0      16.7580      0.0000       0.0000  vexu_EN_RVV1_DW01_add_1317_DW01_add_442
u_npu_core/u_core/u_vexu/add_1_root_add_610_3_G15
                                      16.7580      0.0      16.7580      0.0000       0.0000  vexu_EN_RVV1_DW01_add_1315_DW01_add_440
u_npu_core/u_core/u_vexu/add_1_root_add_610_3_G16
                                      17.1360      0.0      17.1360      0.0000       0.0000  vexu_EN_RVV1_DW01_add_1313_DW01_add_438
u_npu_core/u_core/u_vexu/add_1_root_add_610_3_G2
                                      17.1360      0.0      17.1360      0.0000       0.0000  vexu_EN_RVV1_DW01_add_1341_DW01_add_466
u_npu_core/u_core/u_vexu/add_1_root_add_610_3_G3
                                      17.1360      0.0      17.1360      0.0000       0.0000  vexu_EN_RVV1_DW01_add_1339_DW01_add_464
u_npu_core/u_core/u_vexu/add_1_root_add_610_3_G4
                                      17.1360      0.0      17.1360      0.0000       0.0000  vexu_EN_RVV1_DW01_add_1337_DW01_add_462
u_npu_core/u_core/u_vexu/add_1_root_add_610_3_G5
                                      16.7580      0.0      16.7580      0.0000       0.0000  vexu_EN_RVV1_DW01_add_1335_DW01_add_460
u_npu_core/u_core/u_vexu/add_1_root_add_610_3_G6
                                      16.7580      0.0      16.7580      0.0000       0.0000  vexu_EN_RVV1_DW01_add_1333_DW01_add_458
u_npu_core/u_core/u_vexu/add_1_root_add_610_3_G7
                                      16.7580      0.0      16.7580      0.0000       0.0000  vexu_EN_RVV1_DW01_add_1331_DW01_add_456
u_npu_core/u_core/u_vexu/add_1_root_add_610_3_G8
                                      17.1360      0.0      17.1360      0.0000       0.0000  vexu_EN_RVV1_DW01_add_1329_DW01_add_454
u_npu_core/u_core/u_vexu/add_1_root_add_610_3_G9
                                      16.7580      0.0      16.7580      0.0000       0.0000  vexu_EN_RVV1_DW01_add_1327_DW01_add_452
u_npu_core/u_core/u_vexu/add_1_root_add_637_3
                                      33.8940      0.0      33.8940      0.0000       0.0000  vexu_EN_RVV1_DW01_add_1311_DW01_add_436
u_npu_core/u_core/u_vexu/add_1_root_add_637_3_G2
                                      34.2720      0.0      34.2720      0.0000       0.0000  vexu_EN_RVV1_DW01_add_1309_DW01_add_434
u_npu_core/u_core/u_vexu/add_1_root_add_637_3_G3
                                      33.8940      0.0      33.8940      0.0000       0.0000  vexu_EN_RVV1_DW01_add_1307_DW01_add_432
u_npu_core/u_core/u_vexu/add_1_root_add_637_3_G4
                                      34.2720      0.0      34.2720      0.0000       0.0000  vexu_EN_RVV1_DW01_add_1305_DW01_add_430
u_npu_core/u_core/u_vexu/add_1_root_add_637_3_G5
                                      34.2720      0.0      34.2720      0.0000       0.0000  vexu_EN_RVV1_DW01_add_1303_DW01_add_428
u_npu_core/u_core/u_vexu/add_1_root_add_637_3_G6
                                      34.2720      0.0      34.2720      0.0000       0.0000  vexu_EN_RVV1_DW01_add_1301_DW01_add_426
u_npu_core/u_core/u_vexu/add_1_root_add_637_3_G7
                                      34.2720      0.0      34.2720      0.0000       0.0000  vexu_EN_RVV1_DW01_add_1299_DW01_add_424
u_npu_core/u_core/u_vexu/add_1_root_add_637_3_G8
                                      34.2720      0.0      34.2720      0.0000       0.0000  vexu_EN_RVV1_DW01_add_1297_DW01_add_422
u_npu_core/u_core/u_vexu/add_1_root_add_664_3
                                      68.5440      0.0      68.5440      0.0000       0.0000  vexu_EN_RVV1_DW01_add_1295_DW01_add_420
u_npu_core/u_core/u_vexu/add_1_root_add_664_3_G2
                                      68.5440      0.0      68.5440      0.0000       0.0000  vexu_EN_RVV1_DW01_add_1293_DW01_add_418
u_npu_core/u_core/u_vexu/add_1_root_add_664_3_G3
                                      68.5440      0.0      68.5440      0.0000       0.0000  vexu_EN_RVV1_DW01_add_1291_DW01_add_416
u_npu_core/u_core/u_vexu/add_1_root_add_664_3_G4
                                      68.5440      0.0      68.5440      0.0000       0.0000  vexu_EN_RVV1_DW01_add_1289_DW01_add_414
u_npu_core/u_core/u_vexu/add_1_root_add_740_2
                                       8.9460      0.0       8.9460      0.0000       0.0000  vexu_EN_RVV1_DW01_add_1288_DW01_add_413
u_npu_core/u_core/u_vexu/add_1_root_add_740_2_G10
                                       8.9460      0.0       8.9460      0.0000       0.0000  vexu_EN_RVV1_DW01_add_1279_DW01_add_404
u_npu_core/u_core/u_vexu/add_1_root_add_740_2_G11
                                       8.9460      0.0       8.9460      0.0000       0.0000  vexu_EN_RVV1_DW01_add_1278_DW01_add_403
u_npu_core/u_core/u_vexu/add_1_root_add_740_2_G12
                                       8.9460      0.0       8.9460      0.0000       0.0000  vexu_EN_RVV1_DW01_add_1277_DW01_add_402
u_npu_core/u_core/u_vexu/add_1_root_add_740_2_G13
                                       8.9460      0.0       8.9460      0.0000       0.0000  vexu_EN_RVV1_DW01_add_1276_DW01_add_401
u_npu_core/u_core/u_vexu/add_1_root_add_740_2_G14
                                       8.9460      0.0       8.9460      0.0000       0.0000  vexu_EN_RVV1_DW01_add_1275_DW01_add_400
u_npu_core/u_core/u_vexu/add_1_root_add_740_2_G15
                                       8.9460      0.0       8.9460      0.0000       0.0000  vexu_EN_RVV1_DW01_add_1274_DW01_add_399
u_npu_core/u_core/u_vexu/add_1_root_add_740_2_G16
                                       8.9460      0.0       8.9460      0.0000       0.0000  vexu_EN_RVV1_DW01_add_1273_DW01_add_398
u_npu_core/u_core/u_vexu/add_1_root_add_740_2_G2
                                       8.9460      0.0       8.9460      0.0000       0.0000  vexu_EN_RVV1_DW01_add_1287_DW01_add_412
u_npu_core/u_core/u_vexu/add_1_root_add_740_2_G3
                                       8.9460      0.0       8.9460      0.0000       0.0000  vexu_EN_RVV1_DW01_add_1286_DW01_add_411
u_npu_core/u_core/u_vexu/add_1_root_add_740_2_G4
                                       8.9460      0.0       8.9460      0.0000       0.0000  vexu_EN_RVV1_DW01_add_1285_DW01_add_410
u_npu_core/u_core/u_vexu/add_1_root_add_740_2_G5
                                       8.9460      0.0       8.9460      0.0000       0.0000  vexu_EN_RVV1_DW01_add_1284_DW01_add_409
u_npu_core/u_core/u_vexu/add_1_root_add_740_2_G6
                                       8.9460      0.0       8.9460      0.0000       0.0000  vexu_EN_RVV1_DW01_add_1283_DW01_add_408
u_npu_core/u_core/u_vexu/add_1_root_add_740_2_G7
                                       8.9460      0.0       8.9460      0.0000       0.0000  vexu_EN_RVV1_DW01_add_1282_DW01_add_407
u_npu_core/u_core/u_vexu/add_1_root_add_740_2_G8
                                       8.9460      0.0       8.9460      0.0000       0.0000  vexu_EN_RVV1_DW01_add_1281_DW01_add_406
u_npu_core/u_core/u_vexu/add_1_root_add_740_2_G9
                                       8.9460      0.0       8.9460      0.0000       0.0000  vexu_EN_RVV1_DW01_add_1280_DW01_add_405
u_npu_core/u_core/u_vexu/add_1_root_add_749_2
                                      18.0180      0.0      18.0180      0.0000       0.0000  vexu_EN_RVV1_DW01_add_1272_DW01_add_397
u_npu_core/u_core/u_vexu/add_1_root_add_749_2_G2
                                      18.0180      0.0      18.0180      0.0000       0.0000  vexu_EN_RVV1_DW01_add_1271_DW01_add_396
u_npu_core/u_core/u_vexu/add_1_root_add_749_2_G3
                                      18.0180      0.0      18.0180      0.0000       0.0000  vexu_EN_RVV1_DW01_add_1270_DW01_add_395
u_npu_core/u_core/u_vexu/add_1_root_add_749_2_G4
                                      18.0180      0.0      18.0180      0.0000       0.0000  vexu_EN_RVV1_DW01_add_1269_DW01_add_394
u_npu_core/u_core/u_vexu/add_1_root_add_749_2_G5
                                      18.0180      0.0      18.0180      0.0000       0.0000  vexu_EN_RVV1_DW01_add_1268_DW01_add_393
u_npu_core/u_core/u_vexu/add_1_root_add_749_2_G6
                                      18.0180      0.0      18.0180      0.0000       0.0000  vexu_EN_RVV1_DW01_add_1267_DW01_add_392
u_npu_core/u_core/u_vexu/add_1_root_add_749_2_G7
                                      18.0180      0.0      18.0180      0.0000       0.0000  vexu_EN_RVV1_DW01_add_1266_DW01_add_391
u_npu_core/u_core/u_vexu/add_1_root_add_749_2_G8
                                      18.0180      0.0      18.0180      0.0000       0.0000  vexu_EN_RVV1_DW01_add_1265_DW01_add_390
u_npu_core/u_core/u_vexu/add_1_root_add_758_2
                                      36.1620      0.0      36.1620      0.0000       0.0000  vexu_EN_RVV1_DW01_add_1264_DW01_add_389
u_npu_core/u_core/u_vexu/add_1_root_add_758_2_G2
                                      36.1620      0.0      36.1620      0.0000       0.0000  vexu_EN_RVV1_DW01_add_1263_DW01_add_388
u_npu_core/u_core/u_vexu/add_1_root_add_758_2_G3
                                      36.1620      0.0      36.1620      0.0000       0.0000  vexu_EN_RVV1_DW01_add_1262_DW01_add_387
u_npu_core/u_core/u_vexu/add_1_root_add_758_2_G4
                                      36.1620      0.0      36.1620      0.0000       0.0000  vexu_EN_RVV1_DW01_add_1261_DW01_add_386
u_npu_core/u_core/u_vexu/add_2_root_add_0_root_add_1466_I16_aco
                                      68.1660      0.0      68.1660      0.0000       0.0000  vexu_EN_RVV1_DW01_add_1381_DW01_add_541
u_npu_core/u_core/u_vexu/add_3_root_add_0_root_add_1466_I16_aco
                                      68.1660      0.0      68.1660      0.0000       0.0000  vexu_EN_RVV1_DW01_add_1382_DW01_add_542
u_npu_core/u_core/u_vexu/add_419      11.2140      0.0      11.2140      0.0000       0.0000  vexu_EN_RVV1_DW01_add_1347_DW01_add_472
u_npu_core/u_core/u_vexu/add_4_root_add_0_root_add_1466_I16_aco
                                      68.1660      0.0      68.1660      0.0000       0.0000  vexu_EN_RVV1_DW01_add_1384_DW01_add_544
u_npu_core/u_core/u_vexu/add_5_root_add_0_root_add_1466_I16_aco
                                      68.1660      0.0      68.1660      0.0000       0.0000  vexu_EN_RVV1_DW01_add_1385_DW01_add_545
u_npu_core/u_core/u_vexu/add_610      16.7580      0.0      16.7580      0.0000       0.0000  vexu_EN_RVV1_DW01_add_1344_DW01_add_469
u_npu_core/u_core/u_vexu/add_610_G10
                                      16.7580      0.0      16.7580      0.0000       0.0000  vexu_EN_RVV1_DW01_add_1326_DW01_add_451
u_npu_core/u_core/u_vexu/add_610_G11
                                      16.7580      0.0      16.7580      0.0000       0.0000  vexu_EN_RVV1_DW01_add_1324_DW01_add_449
u_npu_core/u_core/u_vexu/add_610_G12
                                      16.7580      0.0      16.7580      0.0000       0.0000  vexu_EN_RVV1_DW01_add_1322_DW01_add_447
u_npu_core/u_core/u_vexu/add_610_G13
                                      16.7580      0.0      16.7580      0.0000       0.0000  vexu_EN_RVV1_DW01_add_1320_DW01_add_445
u_npu_core/u_core/u_vexu/add_610_G14
                                      16.7580      0.0      16.7580      0.0000       0.0000  vexu_EN_RVV1_DW01_add_1318_DW01_add_443
u_npu_core/u_core/u_vexu/add_610_G15
                                      16.7580      0.0      16.7580      0.0000       0.0000  vexu_EN_RVV1_DW01_add_1316_DW01_add_441
u_npu_core/u_core/u_vexu/add_610_G16
                                      16.7580      0.0      16.7580      0.0000       0.0000  vexu_EN_RVV1_DW01_add_1314_DW01_add_439
u_npu_core/u_core/u_vexu/add_610_G2
                                      16.7580      0.0      16.7580      0.0000       0.0000  vexu_EN_RVV1_DW01_add_1342_DW01_add_467
u_npu_core/u_core/u_vexu/add_610_G3
                                      16.7580      0.0      16.7580      0.0000       0.0000  vexu_EN_RVV1_DW01_add_1340_DW01_add_465
u_npu_core/u_core/u_vexu/add_610_G4
                                      16.7580      0.0      16.7580      0.0000       0.0000  vexu_EN_RVV1_DW01_add_1338_DW01_add_463
u_npu_core/u_core/u_vexu/add_610_G5
                                      16.7580      0.0      16.7580      0.0000       0.0000  vexu_EN_RVV1_DW01_add_1336_DW01_add_461
u_npu_core/u_core/u_vexu/add_610_G6
                                      16.7580      0.0      16.7580      0.0000       0.0000  vexu_EN_RVV1_DW01_add_1334_DW01_add_459
u_npu_core/u_core/u_vexu/add_610_G7
                                      16.7580      0.0      16.7580      0.0000       0.0000  vexu_EN_RVV1_DW01_add_1332_DW01_add_457
u_npu_core/u_core/u_vexu/add_610_G8
                                      16.7580      0.0      16.7580      0.0000       0.0000  vexu_EN_RVV1_DW01_add_1330_DW01_add_455
u_npu_core/u_core/u_vexu/add_610_G9
                                      16.7580      0.0      16.7580      0.0000       0.0000  vexu_EN_RVV1_DW01_add_1328_DW01_add_453
u_npu_core/u_core/u_vexu/add_637      33.5160      0.0      33.5160      0.0000       0.0000  vexu_EN_RVV1_DW01_add_1312_DW01_add_437
u_npu_core/u_core/u_vexu/add_637_G2
                                      33.8940      0.0      33.8940      0.0000       0.0000  vexu_EN_RVV1_DW01_add_1310_DW01_add_435
u_npu_core/u_core/u_vexu/add_637_G3
                                      33.8940      0.0      33.8940      0.0000       0.0000  vexu_EN_RVV1_DW01_add_1308_DW01_add_433
u_npu_core/u_core/u_vexu/add_637_G4
                                      33.8940      0.0      33.8940      0.0000       0.0000  vexu_EN_RVV1_DW01_add_1306_DW01_add_431
u_npu_core/u_core/u_vexu/add_637_G5
                                      33.8940      0.0      33.8940      0.0000       0.0000  vexu_EN_RVV1_DW01_add_1304_DW01_add_429
u_npu_core/u_core/u_vexu/add_637_G6
                                      33.8940      0.0      33.8940      0.0000       0.0000  vexu_EN_RVV1_DW01_add_1302_DW01_add_427
u_npu_core/u_core/u_vexu/add_637_G7
                                      33.8940      0.0      33.8940      0.0000       0.0000  vexu_EN_RVV1_DW01_add_1300_DW01_add_425
u_npu_core/u_core/u_vexu/add_637_G8
                                      33.8940      0.0      33.8940      0.0000       0.0000  vexu_EN_RVV1_DW01_add_1298_DW01_add_423
u_npu_core/u_core/u_vexu/add_664      68.1660      0.0      68.1660      0.0000       0.0000  vexu_EN_RVV1_DW01_add_1296_DW01_add_421
u_npu_core/u_core/u_vexu/add_664_G2
                                      68.1660      0.0      68.1660      0.0000       0.0000  vexu_EN_RVV1_DW01_add_1294_DW01_add_419
u_npu_core/u_core/u_vexu/add_664_G3
                                      68.1660      0.0      68.1660      0.0000       0.0000  vexu_EN_RVV1_DW01_add_1292_DW01_add_417
u_npu_core/u_core/u_vexu/add_664_G4
                                      68.1660      0.0      68.1660      0.0000       0.0000  vexu_EN_RVV1_DW01_add_1290_DW01_add_415
u_npu_core/u_core/u_vexu/add_6_root_add_0_root_add_1466_I16_aco
                                      68.1660      0.0      68.1660      0.0000       0.0000  vexu_EN_RVV1_DW01_add_1386_DW01_add_546
u_npu_core/u_core/u_vexu/add_7_root_add_0_root_add_1466_I16_aco
                                      68.1660      0.0      68.1660      0.0000       0.0000  vexu_EN_RVV1_DW01_add_1389_DW01_add_549
u_npu_core/u_core/u_vexu/add_883      16.7580      0.0      16.7580      0.0000       0.0000  vexu_EN_RVV1_DW01_add_284_DW01_add_385
u_npu_core/u_core/u_vexu/add_883_2
                                      16.7580      0.0      16.7580      0.0000       0.0000  vexu_EN_RVV1_DW01_add_283_DW01_add_384
u_npu_core/u_core/u_vexu/add_883_2_G10
                                      16.7580      0.0      16.7580      0.0000       0.0000  vexu_EN_RVV1_DW01_add_265_DW01_add_366
u_npu_core/u_core/u_vexu/add_883_2_G11
                                      16.7580      0.0      16.7580      0.0000       0.0000  vexu_EN_RVV1_DW01_add_263_DW01_add_364
u_npu_core/u_core/u_vexu/add_883_2_G12
                                      16.7580      0.0      16.7580      0.0000       0.0000  vexu_EN_RVV1_DW01_add_261_DW01_add_362
u_npu_core/u_core/u_vexu/add_883_2_G13
                                      16.7580      0.0      16.7580      0.0000       0.0000  vexu_EN_RVV1_DW01_add_259_DW01_add_360
u_npu_core/u_core/u_vexu/add_883_2_G14
                                      16.3800      0.0      16.3800      0.0000       0.0000  vexu_EN_RVV1_DW01_add_257_DW01_add_358
u_npu_core/u_core/u_vexu/add_883_2_G15
                                      16.3800      0.0      16.3800      0.0000       0.0000  vexu_EN_RVV1_DW01_add_255_DW01_add_356
u_npu_core/u_core/u_vexu/add_883_2_G16
                                      16.3800      0.0      16.3800      0.0000       0.0000  vexu_EN_RVV1_DW01_add_253_DW01_add_354
u_npu_core/u_core/u_vexu/add_883_2_G2
                                      16.3800      0.0      16.3800      0.0000       0.0000  vexu_EN_RVV1_DW01_add_281_DW01_add_382
u_npu_core/u_core/u_vexu/add_883_2_G3
                                      16.7580      0.0      16.7580      0.0000       0.0000  vexu_EN_RVV1_DW01_add_279_DW01_add_380
u_npu_core/u_core/u_vexu/add_883_2_G4
                                      16.3800      0.0      16.3800      0.0000       0.0000  vexu_EN_RVV1_DW01_add_277_DW01_add_378
u_npu_core/u_core/u_vexu/add_883_2_G5
                                      16.3800      0.0      16.3800      0.0000       0.0000  vexu_EN_RVV1_DW01_add_275_DW01_add_376
u_npu_core/u_core/u_vexu/add_883_2_G6
                                      16.3800      0.0      16.3800      0.0000       0.0000  vexu_EN_RVV1_DW01_add_273_DW01_add_374
u_npu_core/u_core/u_vexu/add_883_2_G7
                                      16.3800      0.0      16.3800      0.0000       0.0000  vexu_EN_RVV1_DW01_add_271_DW01_add_372
u_npu_core/u_core/u_vexu/add_883_2_G8
                                      16.7580      0.0      16.7580      0.0000       0.0000  vexu_EN_RVV1_DW01_add_269_DW01_add_370
u_npu_core/u_core/u_vexu/add_883_2_G9
                                      16.7580      0.0      16.7580      0.0000       0.0000  vexu_EN_RVV1_DW01_add_267_DW01_add_368
u_npu_core/u_core/u_vexu/add_883_G10
                                      16.3800      0.0      16.3800      0.0000       0.0000  vexu_EN_RVV1_DW01_add_266_DW01_add_367
u_npu_core/u_core/u_vexu/add_883_G11
                                      16.3800      0.0      16.3800      0.0000       0.0000  vexu_EN_RVV1_DW01_add_264_DW01_add_365
u_npu_core/u_core/u_vexu/add_883_G12
                                      16.3800      0.0      16.3800      0.0000       0.0000  vexu_EN_RVV1_DW01_add_262_DW01_add_363
u_npu_core/u_core/u_vexu/add_883_G13
                                      16.7580      0.0      16.7580      0.0000       0.0000  vexu_EN_RVV1_DW01_add_260_DW01_add_361
u_npu_core/u_core/u_vexu/add_883_G14
                                      16.7580      0.0      16.7580      0.0000       0.0000  vexu_EN_RVV1_DW01_add_258_DW01_add_359
u_npu_core/u_core/u_vexu/add_883_G15
                                      16.7580      0.0      16.7580      0.0000       0.0000  vexu_EN_RVV1_DW01_add_256_DW01_add_357
u_npu_core/u_core/u_vexu/add_883_G16
                                      16.7580      0.0      16.7580      0.0000       0.0000  vexu_EN_RVV1_DW01_add_254_DW01_add_355
u_npu_core/u_core/u_vexu/add_883_G2
                                      16.7580      0.0      16.7580      0.0000       0.0000  vexu_EN_RVV1_DW01_add_282_DW01_add_383
u_npu_core/u_core/u_vexu/add_883_G3
                                      16.7580      0.0      16.7580      0.0000       0.0000  vexu_EN_RVV1_DW01_add_280_DW01_add_381
u_npu_core/u_core/u_vexu/add_883_G4
                                      16.3800      0.0      16.3800      0.0000       0.0000  vexu_EN_RVV1_DW01_add_278_DW01_add_379
u_npu_core/u_core/u_vexu/add_883_G5
                                      16.7580      0.0      16.7580      0.0000       0.0000  vexu_EN_RVV1_DW01_add_276_DW01_add_377
u_npu_core/u_core/u_vexu/add_883_G6
                                      16.7580      0.0      16.7580      0.0000       0.0000  vexu_EN_RVV1_DW01_add_274_DW01_add_375
u_npu_core/u_core/u_vexu/add_883_G7
                                      16.7580      0.0      16.7580      0.0000       0.0000  vexu_EN_RVV1_DW01_add_272_DW01_add_373
u_npu_core/u_core/u_vexu/add_883_G8
                                      16.3800      0.0      16.3800      0.0000       0.0000  vexu_EN_RVV1_DW01_add_270_DW01_add_371
u_npu_core/u_core/u_vexu/add_883_G9
                                      16.3800      0.0      16.3800      0.0000       0.0000  vexu_EN_RVV1_DW01_add_268_DW01_add_369
u_npu_core/u_core/u_vexu/add_897      33.8940      0.0      33.8940      0.0000       0.0000  vexu_EN_RVV1_DW01_add_252_DW01_add_353
u_npu_core/u_core/u_vexu/add_897_2
                                      33.8940      0.0      33.8940      0.0000       0.0000  vexu_EN_RVV1_DW01_add_251_DW01_add_352
u_npu_core/u_core/u_vexu/add_897_2_G2
                                      33.8940      0.0      33.8940      0.0000       0.0000  vexu_EN_RVV1_DW01_add_249_DW01_add_350
u_npu_core/u_core/u_vexu/add_897_2_G3
                                      33.8940      0.0      33.8940      0.0000       0.0000  vexu_EN_RVV1_DW01_add_247_DW01_add_348
u_npu_core/u_core/u_vexu/add_897_2_G4
                                      33.8940      0.0      33.8940      0.0000       0.0000  vexu_EN_RVV1_DW01_add_245_DW01_add_346
u_npu_core/u_core/u_vexu/add_897_2_G5
                                      33.8940      0.0      33.8940      0.0000       0.0000  vexu_EN_RVV1_DW01_add_243_DW01_add_344
u_npu_core/u_core/u_vexu/add_897_2_G6
                                      33.8940      0.0      33.8940      0.0000       0.0000  vexu_EN_RVV1_DW01_add_241_DW01_add_342
u_npu_core/u_core/u_vexu/add_897_2_G7
                                      33.8940      0.0      33.8940      0.0000       0.0000  vexu_EN_RVV1_DW01_add_239_DW01_add_340
u_npu_core/u_core/u_vexu/add_897_2_G8
                                      33.8940      0.0      33.8940      0.0000       0.0000  vexu_EN_RVV1_DW01_add_237_DW01_add_338
u_npu_core/u_core/u_vexu/add_897_G2
                                      33.8940      0.0      33.8940      0.0000       0.0000  vexu_EN_RVV1_DW01_add_250_DW01_add_351
u_npu_core/u_core/u_vexu/add_897_G3
                                      33.8940      0.0      33.8940      0.0000       0.0000  vexu_EN_RVV1_DW01_add_248_DW01_add_349
u_npu_core/u_core/u_vexu/add_897_G4
                                      33.8940      0.0      33.8940      0.0000       0.0000  vexu_EN_RVV1_DW01_add_246_DW01_add_347
u_npu_core/u_core/u_vexu/add_897_G5
                                      33.8940      0.0      33.8940      0.0000       0.0000  vexu_EN_RVV1_DW01_add_244_DW01_add_345
u_npu_core/u_core/u_vexu/add_897_G6
                                      33.8940      0.0      33.8940      0.0000       0.0000  vexu_EN_RVV1_DW01_add_242_DW01_add_343
u_npu_core/u_core/u_vexu/add_897_G7
                                      33.8940      0.0      33.8940      0.0000       0.0000  vexu_EN_RVV1_DW01_add_240_DW01_add_341
u_npu_core/u_core/u_vexu/add_897_G8
                                      33.8940      0.0      33.8940      0.0000       0.0000  vexu_EN_RVV1_DW01_add_238_DW01_add_339
u_npu_core/u_core/u_vexu/add_8_root_add_0_root_add_1466_I16_aco
                                      68.1660      0.0      68.1660      0.0000       0.0000  vexu_EN_RVV1_DW01_add_1380_DW01_add_540
u_npu_core/u_core/u_vexu/add_911      68.1660      0.0      68.1660      0.0000       0.0000  vexu_EN_RVV1_DW01_add_236_DW01_add_337
u_npu_core/u_core/u_vexu/add_911_2
                                      68.1660      0.0      68.1660      0.0000       0.0000  vexu_EN_RVV1_DW01_add_235_DW01_add_336
u_npu_core/u_core/u_vexu/add_911_2_G2
                                      68.1660      0.0      68.1660      0.0000       0.0000  vexu_EN_RVV1_DW01_add_233_DW01_add_334
u_npu_core/u_core/u_vexu/add_911_2_G3
                                      68.1660      0.0      68.1660      0.0000       0.0000  vexu_EN_RVV1_DW01_add_231_DW01_add_332
u_npu_core/u_core/u_vexu/add_911_2_G4
                                      68.1660      0.0      68.1660      0.0000       0.0000  vexu_EN_RVV1_DW01_add_229_DW01_add_330
u_npu_core/u_core/u_vexu/add_911_G2
                                      68.1660      0.0      68.1660      0.0000       0.0000  vexu_EN_RVV1_DW01_add_234_DW01_add_335
u_npu_core/u_core/u_vexu/add_911_G3
                                      68.1660      0.0      68.1660      0.0000       0.0000  vexu_EN_RVV1_DW01_add_232_DW01_add_333
u_npu_core/u_core/u_vexu/add_911_G4
                                      68.1660      0.0      68.1660      0.0000       0.0000  vexu_EN_RVV1_DW01_add_230_DW01_add_331
u_npu_core/u_core/u_vexu/add_958      52.0380      0.0      52.0380      0.0000       0.0000  vexu_EN_RVV1_DW01_add_212_DW01_add_313
u_npu_core/u_core/u_vexu/add_958_G2
                                      52.0380      0.0      52.0380      0.0000       0.0000  vexu_EN_RVV1_DW01_add_211_DW01_add_312
u_npu_core/u_core/u_vexu/add_958_G3
                                      52.0380      0.0      52.0380      0.0000       0.0000  vexu_EN_RVV1_DW01_add_210_DW01_add_311
u_npu_core/u_core/u_vexu/add_958_G4
                                      52.0380      0.0      52.0380      0.0000       0.0000  vexu_EN_RVV1_DW01_add_209_DW01_add_310
u_npu_core/u_core/u_vexu/add_958_G5
                                      52.0380      0.0      52.0380      0.0000       0.0000  vexu_EN_RVV1_DW01_add_208_DW01_add_309
u_npu_core/u_core/u_vexu/add_958_G6
                                      52.0380      0.0      52.0380      0.0000       0.0000  vexu_EN_RVV1_DW01_add_207_DW01_add_308
u_npu_core/u_core/u_vexu/add_958_G7
                                      52.0380      0.0      52.0380      0.0000       0.0000  vexu_EN_RVV1_DW01_add_206_DW01_add_307
u_npu_core/u_core/u_vexu/add_958_G8
                                      52.0380      0.0      52.0380      0.0000       0.0000  vexu_EN_RVV1_DW01_add_205_DW01_add_306
u_npu_core/u_core/u_vexu/add_976     104.4540      0.0     104.4540      0.0000       0.0000  vexu_EN_RVV1_DW01_add_204_DW01_add_305
u_npu_core/u_core/u_vexu/add_976_G2
                                     104.4540      0.0     104.4540      0.0000       0.0000  vexu_EN_RVV1_DW01_add_203_DW01_add_304
u_npu_core/u_core/u_vexu/add_976_G3
                                     104.4540      0.0     104.4540      0.0000       0.0000  vexu_EN_RVV1_DW01_add_202_DW01_add_303
u_npu_core/u_core/u_vexu/add_976_G4
                                     104.4540      0.0     104.4540      0.0000       0.0000  vexu_EN_RVV1_DW01_add_201_DW01_add_302
u_npu_core/u_core/u_vexu/add_9_root_add_0_root_add_1466_I16_aco
                                      68.1660      0.0      68.1660      0.0000       0.0000  vexu_EN_RVV1_DW01_add_1383_DW01_add_543
u_npu_core/u_core/u_vexu/div_829/u_div/u_add_PartRem_1_0
                                       8.8200      0.0       8.8200      0.0000       0.0000  vexu_EN_RVV1_DW01_add_1260
u_npu_core/u_core/u_vexu/div_829/u_div/u_add_PartRem_1_1
                                      12.8520      0.0      12.8520      0.0000       0.0000  vexu_EN_RVV1_DW01_add_1259
u_npu_core/u_core/u_vexu/div_829_G10/u_div/u_add_PartRem_1_0
                                       8.8200      0.0       8.8200      0.0000       0.0000  vexu_EN_RVV1_DW01_add_1152
u_npu_core/u_core/u_vexu/div_829_G10/u_div/u_add_PartRem_1_1
                                      12.8520      0.0      12.8520      0.0000       0.0000  vexu_EN_RVV1_DW01_add_1151
u_npu_core/u_core/u_vexu/div_829_G11/u_div/u_add_PartRem_1_0
                                       8.8200      0.0       8.8200      0.0000       0.0000  vexu_EN_RVV1_DW01_add_1140
u_npu_core/u_core/u_vexu/div_829_G11/u_div/u_add_PartRem_1_1
                                      12.8520      0.0      12.8520      0.0000       0.0000  vexu_EN_RVV1_DW01_add_1139
u_npu_core/u_core/u_vexu/div_829_G12/u_div/u_add_PartRem_1_0
                                       8.8200      0.0       8.8200      0.0000       0.0000  vexu_EN_RVV1_DW01_add_1128
u_npu_core/u_core/u_vexu/div_829_G12/u_div/u_add_PartRem_1_1
                                      12.8520      0.0      12.8520      0.0000       0.0000  vexu_EN_RVV1_DW01_add_1127
u_npu_core/u_core/u_vexu/div_829_G13/u_div/u_add_PartRem_1_0
                                       8.8200      0.0       8.8200      0.0000       0.0000  vexu_EN_RVV1_DW01_add_1116
u_npu_core/u_core/u_vexu/div_829_G13/u_div/u_add_PartRem_1_1
                                      12.8520      0.0      12.8520      0.0000       0.0000  vexu_EN_RVV1_DW01_add_1115
u_npu_core/u_core/u_vexu/div_829_G14/u_div/u_add_PartRem_1_0
                                       8.8200      0.0       8.8200      0.0000       0.0000  vexu_EN_RVV1_DW01_add_1104
u_npu_core/u_core/u_vexu/div_829_G14/u_div/u_add_PartRem_1_1
                                      12.8520      0.0      12.8520      0.0000       0.0000  vexu_EN_RVV1_DW01_add_1103
u_npu_core/u_core/u_vexu/div_829_G15/u_div/u_add_PartRem_1_0
                                       8.8200      0.0       8.8200      0.0000       0.0000  vexu_EN_RVV1_DW01_add_1092
u_npu_core/u_core/u_vexu/div_829_G15/u_div/u_add_PartRem_1_1
                                      12.8520      0.0      12.8520      0.0000       0.0000  vexu_EN_RVV1_DW01_add_1091
u_npu_core/u_core/u_vexu/div_829_G16/u_div/u_add_PartRem_1_0
                                       8.8200      0.0       8.8200      0.0000       0.0000  vexu_EN_RVV1_DW01_add_1080
u_npu_core/u_core/u_vexu/div_829_G16/u_div/u_add_PartRem_1_1
                                      12.8520      0.0      12.8520      0.0000       0.0000  vexu_EN_RVV1_DW01_add_1079
u_npu_core/u_core/u_vexu/div_829_G2/u_div/u_add_PartRem_1_0
                                       8.8200      0.0       8.8200      0.0000       0.0000  vexu_EN_RVV1_DW01_add_1248
u_npu_core/u_core/u_vexu/div_829_G2/u_div/u_add_PartRem_1_1
                                      12.8520      0.0      12.8520      0.0000       0.0000  vexu_EN_RVV1_DW01_add_1247
u_npu_core/u_core/u_vexu/div_829_G3/u_div/u_add_PartRem_1_0
                                       8.8200      0.0       8.8200      0.0000       0.0000  vexu_EN_RVV1_DW01_add_1236
u_npu_core/u_core/u_vexu/div_829_G3/u_div/u_add_PartRem_1_1
                                      12.8520      0.0      12.8520      0.0000       0.0000  vexu_EN_RVV1_DW01_add_1235
u_npu_core/u_core/u_vexu/div_829_G4/u_div/u_add_PartRem_1_0
                                       8.8200      0.0       8.8200      0.0000       0.0000  vexu_EN_RVV1_DW01_add_1224
u_npu_core/u_core/u_vexu/div_829_G4/u_div/u_add_PartRem_1_1
                                      12.8520      0.0      12.8520      0.0000       0.0000  vexu_EN_RVV1_DW01_add_1223
u_npu_core/u_core/u_vexu/div_829_G5/u_div/u_add_PartRem_1_0
                                       8.8200      0.0       8.8200      0.0000       0.0000  vexu_EN_RVV1_DW01_add_1212
u_npu_core/u_core/u_vexu/div_829_G5/u_div/u_add_PartRem_1_1
                                      12.8520      0.0      12.8520      0.0000       0.0000  vexu_EN_RVV1_DW01_add_1211
u_npu_core/u_core/u_vexu/div_829_G6/u_div/u_add_PartRem_1_0
                                       8.8200      0.0       8.8200      0.0000       0.0000  vexu_EN_RVV1_DW01_add_1200
u_npu_core/u_core/u_vexu/div_829_G6/u_div/u_add_PartRem_1_1
                                      12.8520      0.0      12.8520      0.0000       0.0000  vexu_EN_RVV1_DW01_add_1199
u_npu_core/u_core/u_vexu/div_829_G7/u_div/u_add_PartRem_1_0
                                       8.8200      0.0       8.8200      0.0000       0.0000  vexu_EN_RVV1_DW01_add_1188
u_npu_core/u_core/u_vexu/div_829_G7/u_div/u_add_PartRem_1_1
                                      12.8520      0.0      12.8520      0.0000       0.0000  vexu_EN_RVV1_DW01_add_1187
u_npu_core/u_core/u_vexu/div_829_G8/u_div/u_add_PartRem_1_0
                                       8.8200      0.0       8.8200      0.0000       0.0000  vexu_EN_RVV1_DW01_add_1176
u_npu_core/u_core/u_vexu/div_829_G8/u_div/u_add_PartRem_1_1
                                      12.8520      0.0      12.8520      0.0000       0.0000  vexu_EN_RVV1_DW01_add_1175
u_npu_core/u_core/u_vexu/div_829_G9/u_div/u_add_PartRem_1_0
                                       8.8200      0.0       8.8200      0.0000       0.0000  vexu_EN_RVV1_DW01_add_1164
u_npu_core/u_core/u_vexu/div_829_G9/u_div/u_add_PartRem_1_1
                                      12.8520      0.0      12.8520      0.0000       0.0000  vexu_EN_RVV1_DW01_add_1163
u_npu_core/u_core/u_vexu/div_831/u_div/u_add_PartRem_2_0
                                       7.8120      0.0       7.8120      0.0000       0.0000  vexu_EN_RVV1_DW01_add_1254
u_npu_core/u_core/u_vexu/div_831/u_div/u_add_PartRem_3_1
                                      12.8520      0.0      12.8520      0.0000       0.0000  vexu_EN_RVV1_DW01_add_1253
u_npu_core/u_core/u_vexu/div_831/u_div/u_inc_QInc
                                      12.3480      0.0      12.3480      0.0000       0.0000  vexu_EN_RVV1_DW_inc_55
u_npu_core/u_core/u_vexu/div_831_G10/u_div/u_add_PartRem_2_0
                                       7.8120      0.0       7.8120      0.0000       0.0000  vexu_EN_RVV1_DW01_add_1146
u_npu_core/u_core/u_vexu/div_831_G10/u_div/u_add_PartRem_3_1
                                      12.8520      0.0      12.8520      0.0000       0.0000  vexu_EN_RVV1_DW01_add_1145
u_npu_core/u_core/u_vexu/div_831_G10/u_div/u_inc_QInc
                                      12.3480      0.0      12.3480      0.0000       0.0000  vexu_EN_RVV1_DW_inc_37
u_npu_core/u_core/u_vexu/div_831_G11/u_div/u_add_PartRem_2_0
                                       7.8120      0.0       7.8120      0.0000       0.0000  vexu_EN_RVV1_DW01_add_1134
u_npu_core/u_core/u_vexu/div_831_G11/u_div/u_add_PartRem_3_1
                                      12.8520      0.0      12.8520      0.0000       0.0000  vexu_EN_RVV1_DW01_add_1133
u_npu_core/u_core/u_vexu/div_831_G11/u_div/u_inc_QInc
                                      12.3480      0.0      12.3480      0.0000       0.0000  vexu_EN_RVV1_DW_inc_35
u_npu_core/u_core/u_vexu/div_831_G12/u_div/u_add_PartRem_2_0
                                       7.8120      0.0       7.8120      0.0000       0.0000  vexu_EN_RVV1_DW01_add_1122
u_npu_core/u_core/u_vexu/div_831_G12/u_div/u_add_PartRem_3_1
                                      12.8520      0.0      12.8520      0.0000       0.0000  vexu_EN_RVV1_DW01_add_1121
u_npu_core/u_core/u_vexu/div_831_G12/u_div/u_inc_QInc
                                      12.3480      0.0      12.3480      0.0000       0.0000  vexu_EN_RVV1_DW_inc_33
u_npu_core/u_core/u_vexu/div_831_G13/u_div/u_add_PartRem_2_0
                                       7.8120      0.0       7.8120      0.0000       0.0000  vexu_EN_RVV1_DW01_add_1110
u_npu_core/u_core/u_vexu/div_831_G13/u_div/u_add_PartRem_3_1
                                      12.8520      0.0      12.8520      0.0000       0.0000  vexu_EN_RVV1_DW01_add_1109
u_npu_core/u_core/u_vexu/div_831_G13/u_div/u_inc_QInc
                                      12.3480      0.0      12.3480      0.0000       0.0000  vexu_EN_RVV1_DW_inc_31
u_npu_core/u_core/u_vexu/div_831_G14/u_div/u_add_PartRem_2_0
                                       7.8120      0.0       7.8120      0.0000       0.0000  vexu_EN_RVV1_DW01_add_1098
u_npu_core/u_core/u_vexu/div_831_G14/u_div/u_add_PartRem_3_1
                                      12.8520      0.0      12.8520      0.0000       0.0000  vexu_EN_RVV1_DW01_add_1097
u_npu_core/u_core/u_vexu/div_831_G14/u_div/u_inc_QInc
                                      12.3480      0.0      12.3480      0.0000       0.0000  vexu_EN_RVV1_DW_inc_29
u_npu_core/u_core/u_vexu/div_831_G15/u_div/u_add_PartRem_2_0
                                       7.8120      0.0       7.8120      0.0000       0.0000  vexu_EN_RVV1_DW01_add_1086
u_npu_core/u_core/u_vexu/div_831_G15/u_div/u_add_PartRem_3_1
                                      12.8520      0.0      12.8520      0.0000       0.0000  vexu_EN_RVV1_DW01_add_1085
u_npu_core/u_core/u_vexu/div_831_G15/u_div/u_inc_QInc
                                      12.3480      0.0      12.3480      0.0000       0.0000  vexu_EN_RVV1_DW_inc_27
u_npu_core/u_core/u_vexu/div_831_G16/u_div/u_add_PartRem_2_0
                                       7.8120      0.0       7.8120      0.0000       0.0000  vexu_EN_RVV1_DW01_add_1074
u_npu_core/u_core/u_vexu/div_831_G16/u_div/u_add_PartRem_3_1
                                      12.8520      0.0      12.8520      0.0000       0.0000  vexu_EN_RVV1_DW01_add_1073
u_npu_core/u_core/u_vexu/div_831_G16/u_div/u_inc_QInc
                                      12.3480      0.0      12.3480      0.0000       0.0000  vexu_EN_RVV1_DW_inc_25
u_npu_core/u_core/u_vexu/div_831_G2/u_div/u_add_PartRem_2_0
                                       7.8120      0.0       7.8120      0.0000       0.0000  vexu_EN_RVV1_DW01_add_1242
u_npu_core/u_core/u_vexu/div_831_G2/u_div/u_add_PartRem_3_1
                                      12.8520      0.0      12.8520      0.0000       0.0000  vexu_EN_RVV1_DW01_add_1241
u_npu_core/u_core/u_vexu/div_831_G2/u_div/u_inc_QInc
                                      12.3480      0.0      12.3480      0.0000       0.0000  vexu_EN_RVV1_DW_inc_53
u_npu_core/u_core/u_vexu/div_831_G3/u_div/u_add_PartRem_2_0
                                       7.8120      0.0       7.8120      0.0000       0.0000  vexu_EN_RVV1_DW01_add_1230
u_npu_core/u_core/u_vexu/div_831_G3/u_div/u_add_PartRem_3_1
                                      12.8520      0.0      12.8520      0.0000       0.0000  vexu_EN_RVV1_DW01_add_1229
u_npu_core/u_core/u_vexu/div_831_G3/u_div/u_inc_QInc
                                      12.3480      0.0      12.3480      0.0000       0.0000  vexu_EN_RVV1_DW_inc_51
u_npu_core/u_core/u_vexu/div_831_G4/u_div/u_add_PartRem_2_0
                                       7.8120      0.0       7.8120      0.0000       0.0000  vexu_EN_RVV1_DW01_add_1218
u_npu_core/u_core/u_vexu/div_831_G4/u_div/u_add_PartRem_3_1
                                      12.8520      0.0      12.8520      0.0000       0.0000  vexu_EN_RVV1_DW01_add_1217
u_npu_core/u_core/u_vexu/div_831_G4/u_div/u_inc_QInc
                                      12.3480      0.0      12.3480      0.0000       0.0000  vexu_EN_RVV1_DW_inc_49
u_npu_core/u_core/u_vexu/div_831_G5/u_div/u_add_PartRem_2_0
                                       7.8120      0.0       7.8120      0.0000       0.0000  vexu_EN_RVV1_DW01_add_1206
u_npu_core/u_core/u_vexu/div_831_G5/u_div/u_add_PartRem_3_1
                                      12.8520      0.0      12.8520      0.0000       0.0000  vexu_EN_RVV1_DW01_add_1205
u_npu_core/u_core/u_vexu/div_831_G5/u_div/u_inc_QInc
                                      12.3480      0.0      12.3480      0.0000       0.0000  vexu_EN_RVV1_DW_inc_47
u_npu_core/u_core/u_vexu/div_831_G6/u_div/u_add_PartRem_2_0
                                       7.8120      0.0       7.8120      0.0000       0.0000  vexu_EN_RVV1_DW01_add_1194
u_npu_core/u_core/u_vexu/div_831_G6/u_div/u_add_PartRem_3_1
                                      12.8520      0.0      12.8520      0.0000       0.0000  vexu_EN_RVV1_DW01_add_1193
u_npu_core/u_core/u_vexu/div_831_G6/u_div/u_inc_QInc
                                      12.3480      0.0      12.3480      0.0000       0.0000  vexu_EN_RVV1_DW_inc_45
u_npu_core/u_core/u_vexu/div_831_G7/u_div/u_add_PartRem_2_0
                                       7.8120      0.0       7.8120      0.0000       0.0000  vexu_EN_RVV1_DW01_add_1182
u_npu_core/u_core/u_vexu/div_831_G7/u_div/u_add_PartRem_3_1
                                      12.8520      0.0      12.8520      0.0000       0.0000  vexu_EN_RVV1_DW01_add_1181
u_npu_core/u_core/u_vexu/div_831_G7/u_div/u_inc_QInc
                                      12.3480      0.0      12.3480      0.0000       0.0000  vexu_EN_RVV1_DW_inc_43
u_npu_core/u_core/u_vexu/div_831_G8/u_div/u_add_PartRem_2_0
                                       7.8120      0.0       7.8120      0.0000       0.0000  vexu_EN_RVV1_DW01_add_1170
u_npu_core/u_core/u_vexu/div_831_G8/u_div/u_add_PartRem_3_1
                                      12.8520      0.0      12.8520      0.0000       0.0000  vexu_EN_RVV1_DW01_add_1169
u_npu_core/u_core/u_vexu/div_831_G8/u_div/u_inc_QInc
                                      12.3480      0.0      12.3480      0.0000       0.0000  vexu_EN_RVV1_DW_inc_41
u_npu_core/u_core/u_vexu/div_831_G9/u_div/u_add_PartRem_2_0
                                       7.8120      0.0       7.8120      0.0000       0.0000  vexu_EN_RVV1_DW01_add_1158
u_npu_core/u_core/u_vexu/div_831_G9/u_div/u_add_PartRem_3_1
                                      12.8520      0.0      12.8520      0.0000       0.0000  vexu_EN_RVV1_DW01_add_1157
u_npu_core/u_core/u_vexu/div_831_G9/u_div/u_inc_QInc
                                      12.3480      0.0      12.3480      0.0000       0.0000  vexu_EN_RVV1_DW_inc_39
u_npu_core/u_core/u_vexu/div_844/u_div/u_add_PartRem_1_0
                                      30.4920      0.0      30.4920      0.0000       0.0000  vexu_EN_RVV1_DW01_add_1068
u_npu_core/u_core/u_vexu/div_844/u_div/u_add_PartRem_1_1
                                      37.0440      0.0      37.0440      0.0000       0.0000  vexu_EN_RVV1_DW01_add_1067
u_npu_core/u_core/u_vexu/div_844/u_div/u_add_PartRem_1_2
                                      34.2720      0.0      34.2720      0.0000       0.0000  vexu_EN_RVV1_DW01_add_1066
u_npu_core/u_core/u_vexu/div_844/u_div/u_add_PartRem_1_3
                                      29.4840      0.0      29.4840      0.0000       0.0000  vexu_EN_RVV1_DW01_add_1065
u_npu_core/u_core/u_vexu/div_844/u_div/u_add_PartRem_1_4
                                      25.3260      0.0      25.3260      0.0000       0.0000  vexu_EN_RVV1_DW01_add_1064
u_npu_core/u_core/u_vexu/div_844/u_div/u_add_PartRem_1_5
                                      23.4360      0.0      23.4360      0.0000       0.0000  vexu_EN_RVV1_DW01_add_1063
u_npu_core/u_core/u_vexu/div_844/u_div/u_add_PartRem_1_6
                                      22.8060      0.0      22.8060      0.0000       0.0000  vexu_EN_RVV1_DW01_add_1062
u_npu_core/u_core/u_vexu/div_844/u_div/u_add_PartRem_1_7
                                      18.2700      0.0      18.2700      0.0000       0.0000  vexu_EN_RVV1_DW01_add_1061
u_npu_core/u_core/u_vexu/div_844/u_div/u_add_PartRem_1_8
                                      16.1280      0.0      16.1280      0.0000       0.0000  vexu_EN_RVV1_DW01_add_1060
u_npu_core/u_core/u_vexu/div_844/u_div/u_add_PartRem_1_9
                                      15.2460      0.0      15.2460      0.0000       0.0000  vexu_EN_RVV1_DW01_add_1059
u_npu_core/u_core/u_vexu/div_844_G2/u_div/u_add_PartRem_1_0
                                      31.7520      0.0      31.7520      0.0000       0.0000  vexu_EN_RVV1_DW01_add_1024
u_npu_core/u_core/u_vexu/div_844_G2/u_div/u_add_PartRem_1_1
                                      35.9100      0.0      35.9100      0.0000       0.0000  vexu_EN_RVV1_DW01_add_1023
u_npu_core/u_core/u_vexu/div_844_G2/u_div/u_add_PartRem_1_2
                                      31.3740      0.0      31.3740      0.0000       0.0000  vexu_EN_RVV1_DW01_add_1022
u_npu_core/u_core/u_vexu/div_844_G2/u_div/u_add_PartRem_1_3
                                      33.6420      0.0      33.6420      0.0000       0.0000  vexu_EN_RVV1_DW01_add_1021
u_npu_core/u_core/u_vexu/div_844_G2/u_div/u_add_PartRem_1_4
                                      31.7520      0.0      31.7520      0.0000       0.0000  vexu_EN_RVV1_DW01_add_1020
u_npu_core/u_core/u_vexu/div_844_G2/u_div/u_add_PartRem_1_5
                                      25.8300      0.0      25.8300      0.0000       0.0000  vexu_EN_RVV1_DW01_add_1019
u_npu_core/u_core/u_vexu/div_844_G2/u_div/u_add_PartRem_1_6
                                      23.9400      0.0      23.9400      0.0000       0.0000  vexu_EN_RVV1_DW01_add_1018
u_npu_core/u_core/u_vexu/div_844_G2/u_div/u_add_PartRem_1_7
                                      18.3960      0.0      18.3960      0.0000       0.0000  vexu_EN_RVV1_DW01_add_1017
u_npu_core/u_core/u_vexu/div_844_G2/u_div/u_add_PartRem_1_8
                                      17.3880      0.0      17.3880      0.0000       0.0000  vexu_EN_RVV1_DW01_add_1016
u_npu_core/u_core/u_vexu/div_844_G2/u_div/u_add_PartRem_1_9
                                      15.4980      0.0      15.4980      0.0000       0.0000  vexu_EN_RVV1_DW01_add_1015
u_npu_core/u_core/u_vexu/div_844_G3/u_div/u_add_PartRem_1_0
                                      37.5480      0.0      37.5480      0.0000       0.0000  vexu_EN_RVV1_DW01_add_980
u_npu_core/u_core/u_vexu/div_844_G3/u_div/u_add_PartRem_1_1
                                      34.3980      0.0      34.3980      0.0000       0.0000  vexu_EN_RVV1_DW01_add_979
u_npu_core/u_core/u_vexu/div_844_G3/u_div/u_add_PartRem_1_2
                                      32.2560      0.0      32.2560      0.0000       0.0000  vexu_EN_RVV1_DW01_add_978
u_npu_core/u_core/u_vexu/div_844_G3/u_div/u_add_PartRem_1_3
                                      29.6100      0.0      29.6100      0.0000       0.0000  vexu_EN_RVV1_DW01_add_977
u_npu_core/u_core/u_vexu/div_844_G3/u_div/u_add_PartRem_1_4
                                      26.2080      0.0      26.2080      0.0000       0.0000  vexu_EN_RVV1_DW01_add_976
u_npu_core/u_core/u_vexu/div_844_G3/u_div/u_add_PartRem_1_5
                                      24.4440      0.0      24.4440      0.0000       0.0000  vexu_EN_RVV1_DW01_add_975
u_npu_core/u_core/u_vexu/div_844_G3/u_div/u_add_PartRem_1_6
                                      21.9240      0.0      21.9240      0.0000       0.0000  vexu_EN_RVV1_DW01_add_974
u_npu_core/u_core/u_vexu/div_844_G3/u_div/u_add_PartRem_1_7
                                      19.7820      0.0      19.7820      0.0000       0.0000  vexu_EN_RVV1_DW01_add_973
u_npu_core/u_core/u_vexu/div_844_G3/u_div/u_add_PartRem_1_8
                                      17.1360      0.0      17.1360      0.0000       0.0000  vexu_EN_RVV1_DW01_add_972
u_npu_core/u_core/u_vexu/div_844_G3/u_div/u_add_PartRem_1_9
                                      13.7340      0.0      13.7340      0.0000       0.0000  vexu_EN_RVV1_DW01_add_971
u_npu_core/u_core/u_vexu/div_844_G4/u_div/u_add_PartRem_1_0
                                      39.3120      0.0      39.3120      0.0000       0.0000  vexu_EN_RVV1_DW01_add_936
u_npu_core/u_core/u_vexu/div_844_G4/u_div/u_add_PartRem_1_1
                                      33.0120      0.0      33.0120      0.0000       0.0000  vexu_EN_RVV1_DW01_add_935
u_npu_core/u_core/u_vexu/div_844_G4/u_div/u_add_PartRem_1_2
                                      31.6260      0.0      31.6260      0.0000       0.0000  vexu_EN_RVV1_DW01_add_934
u_npu_core/u_core/u_vexu/div_844_G4/u_div/u_add_PartRem_1_3
                                      30.3660      0.0      30.3660      0.0000       0.0000  vexu_EN_RVV1_DW01_add_933
u_npu_core/u_core/u_vexu/div_844_G4/u_div/u_add_PartRem_1_4
                                      28.2240      0.0      28.2240      0.0000       0.0000  vexu_EN_RVV1_DW01_add_932
u_npu_core/u_core/u_vexu/div_844_G4/u_div/u_add_PartRem_1_5
                                      25.3260      0.0      25.3260      0.0000       0.0000  vexu_EN_RVV1_DW01_add_931
u_npu_core/u_core/u_vexu/div_844_G4/u_div/u_add_PartRem_1_6
                                      22.4280      0.0      22.4280      0.0000       0.0000  vexu_EN_RVV1_DW01_add_930
u_npu_core/u_core/u_vexu/div_844_G4/u_div/u_add_PartRem_1_7
                                      20.1600      0.0      20.1600      0.0000       0.0000  vexu_EN_RVV1_DW01_add_929
u_npu_core/u_core/u_vexu/div_844_G4/u_div/u_add_PartRem_1_8
                                      18.0180      0.0      18.0180      0.0000       0.0000  vexu_EN_RVV1_DW01_add_928
u_npu_core/u_core/u_vexu/div_844_G4/u_div/u_add_PartRem_1_9
                                      14.6160      0.0      14.6160      0.0000       0.0000  vexu_EN_RVV1_DW01_add_927
u_npu_core/u_core/u_vexu/div_844_G5/u_div/u_add_PartRem_1_0
                                      35.5320      0.0      35.5320      0.0000       0.0000  vexu_EN_RVV1_DW01_add_892
u_npu_core/u_core/u_vexu/div_844_G5/u_div/u_add_PartRem_1_1
                                      34.3980      0.0      34.3980      0.0000       0.0000  vexu_EN_RVV1_DW01_add_891
u_npu_core/u_core/u_vexu/div_844_G5/u_div/u_add_PartRem_1_2
                                      31.3740      0.0      31.3740      0.0000       0.0000  vexu_EN_RVV1_DW01_add_890
u_npu_core/u_core/u_vexu/div_844_G5/u_div/u_add_PartRem_1_3
                                      27.7200      0.0      27.7200      0.0000       0.0000  vexu_EN_RVV1_DW01_add_889
u_npu_core/u_core/u_vexu/div_844_G5/u_div/u_add_PartRem_1_4
                                      23.5620      0.0      23.5620      0.0000       0.0000  vexu_EN_RVV1_DW01_add_888
u_npu_core/u_core/u_vexu/div_844_G5/u_div/u_add_PartRem_1_5
                                      25.7040      0.0      25.7040      0.0000       0.0000  vexu_EN_RVV1_DW01_add_887
u_npu_core/u_core/u_vexu/div_844_G5/u_div/u_add_PartRem_1_6
                                      19.2780      0.0      19.2780      0.0000       0.0000  vexu_EN_RVV1_DW01_add_886
u_npu_core/u_core/u_vexu/div_844_G5/u_div/u_add_PartRem_1_7
                                      19.2780      0.0      19.2780      0.0000       0.0000  vexu_EN_RVV1_DW01_add_885
u_npu_core/u_core/u_vexu/div_844_G5/u_div/u_add_PartRem_1_8
                                      17.6400      0.0      17.6400      0.0000       0.0000  vexu_EN_RVV1_DW01_add_884
u_npu_core/u_core/u_vexu/div_844_G5/u_div/u_add_PartRem_1_9
                                      14.6160      0.0      14.6160      0.0000       0.0000  vexu_EN_RVV1_DW01_add_883
u_npu_core/u_core/u_vexu/div_844_G6/u_div/u_add_PartRem_1_0
                                      34.2720      0.0      34.2720      0.0000       0.0000  vexu_EN_RVV1_DW01_add_848
u_npu_core/u_core/u_vexu/div_844_G6/u_div/u_add_PartRem_1_1
                                      38.3040      0.0      38.3040      0.0000       0.0000  vexu_EN_RVV1_DW01_add_847
u_npu_core/u_core/u_vexu/div_844_G6/u_div/u_add_PartRem_1_2
                                      34.5240      0.0      34.5240      0.0000       0.0000  vexu_EN_RVV1_DW01_add_846
u_npu_core/u_core/u_vexu/div_844_G6/u_div/u_add_PartRem_1_3
                                      28.3500      0.0      28.3500      0.0000       0.0000  vexu_EN_RVV1_DW01_add_845
u_npu_core/u_core/u_vexu/div_844_G6/u_div/u_add_PartRem_1_4
                                      26.5860      0.0      26.5860      0.0000       0.0000  vexu_EN_RVV1_DW01_add_844
u_npu_core/u_core/u_vexu/div_844_G6/u_div/u_add_PartRem_1_5
                                      22.3020      0.0      22.3020      0.0000       0.0000  vexu_EN_RVV1_DW01_add_843
u_npu_core/u_core/u_vexu/div_844_G6/u_div/u_add_PartRem_1_6
                                      25.8300      0.0      25.8300      0.0000       0.0000  vexu_EN_RVV1_DW01_add_842
u_npu_core/u_core/u_vexu/div_844_G6/u_div/u_add_PartRem_1_7
                                      18.3960      0.0      18.3960      0.0000       0.0000  vexu_EN_RVV1_DW01_add_841
u_npu_core/u_core/u_vexu/div_844_G6/u_div/u_add_PartRem_1_8
                                      18.0180      0.0      18.0180      0.0000       0.0000  vexu_EN_RVV1_DW01_add_840
u_npu_core/u_core/u_vexu/div_844_G6/u_div/u_add_PartRem_1_9
                                      15.8760      0.0      15.8760      0.0000       0.0000  vexu_EN_RVV1_DW01_add_839
u_npu_core/u_core/u_vexu/div_844_G7/u_div/u_add_PartRem_1_0
                                      30.8700      0.0      30.8700      0.0000       0.0000  vexu_EN_RVV1_DW01_add_804
u_npu_core/u_core/u_vexu/div_844_G7/u_div/u_add_PartRem_1_1
                                      34.6500      0.0      34.6500      0.0000       0.0000  vexu_EN_RVV1_DW01_add_803
u_npu_core/u_core/u_vexu/div_844_G7/u_div/u_add_PartRem_1_2
                                      34.0200      0.0      34.0200      0.0000       0.0000  vexu_EN_RVV1_DW01_add_802
u_npu_core/u_core/u_vexu/div_844_G7/u_div/u_add_PartRem_1_3
                                      32.0040      0.0      32.0040      0.0000       0.0000  vexu_EN_RVV1_DW01_add_801
u_npu_core/u_core/u_vexu/div_844_G7/u_div/u_add_PartRem_1_4
                                      27.7200      0.0      27.7200      0.0000       0.0000  vexu_EN_RVV1_DW01_add_800
u_npu_core/u_core/u_vexu/div_844_G7/u_div/u_add_PartRem_1_5
                                      22.3020      0.0      22.3020      0.0000       0.0000  vexu_EN_RVV1_DW01_add_799
u_npu_core/u_core/u_vexu/div_844_G7/u_div/u_add_PartRem_1_6
                                      23.6880      0.0      23.6880      0.0000       0.0000  vexu_EN_RVV1_DW01_add_798
u_npu_core/u_core/u_vexu/div_844_G7/u_div/u_add_PartRem_1_7
                                      18.0180      0.0      18.0180      0.0000       0.0000  vexu_EN_RVV1_DW01_add_797
u_npu_core/u_core/u_vexu/div_844_G7/u_div/u_add_PartRem_1_8
                                      15.8760      0.0      15.8760      0.0000       0.0000  vexu_EN_RVV1_DW01_add_796
u_npu_core/u_core/u_vexu/div_844_G7/u_div/u_add_PartRem_1_9
                                      13.7340      0.0      13.7340      0.0000       0.0000  vexu_EN_RVV1_DW01_add_795
u_npu_core/u_core/u_vexu/div_844_G8/u_div/u_add_PartRem_1_0
                                      36.9180      0.0      36.9180      0.0000       0.0000  vexu_EN_RVV1_DW01_add_760
u_npu_core/u_core/u_vexu/div_844_G8/u_div/u_add_PartRem_1_1
                                      34.2720      0.0      34.2720      0.0000       0.0000  vexu_EN_RVV1_DW01_add_759
u_npu_core/u_core/u_vexu/div_844_G8/u_div/u_add_PartRem_1_2
                                      30.7440      0.0      30.7440      0.0000       0.0000  vexu_EN_RVV1_DW01_add_758
u_npu_core/u_core/u_vexu/div_844_G8/u_div/u_add_PartRem_1_3
                                      31.3740      0.0      31.3740      0.0000       0.0000  vexu_EN_RVV1_DW01_add_757
u_npu_core/u_core/u_vexu/div_844_G8/u_div/u_add_PartRem_1_4
                                      26.8380      0.0      26.8380      0.0000       0.0000  vexu_EN_RVV1_DW01_add_756
u_npu_core/u_core/u_vexu/div_844_G8/u_div/u_add_PartRem_1_5
                                      26.7120      0.0      26.7120      0.0000       0.0000  vexu_EN_RVV1_DW01_add_755
u_npu_core/u_core/u_vexu/div_844_G8/u_div/u_add_PartRem_1_6
                                      22.9320      0.0      22.9320      0.0000       0.0000  vexu_EN_RVV1_DW01_add_754
u_npu_core/u_core/u_vexu/div_844_G8/u_div/u_add_PartRem_1_7
                                      21.1680      0.0      21.1680      0.0000       0.0000  vexu_EN_RVV1_DW01_add_753
u_npu_core/u_core/u_vexu/div_844_G8/u_div/u_add_PartRem_1_8
                                      17.2620      0.0      17.2620      0.0000       0.0000  vexu_EN_RVV1_DW01_add_752
u_npu_core/u_core/u_vexu/div_844_G8/u_div/u_add_PartRem_1_9
                                      16.6320      0.0      16.6320      0.0000       0.0000  vexu_EN_RVV1_DW01_add_751
u_npu_core/u_core/u_vexu/div_846/u_div/u_absval_AAbs/NEG
                                      20.7900      0.0      20.7900      0.0000       0.0000  vexu_EN_RVV1_DW01_inc_91
u_npu_core/u_core/u_vexu/div_846/u_div/u_add_B3
                                      31.6260      0.0      31.6260      0.0000       0.0000  vexu_EN_RVV1_DW01_add_4132
u_npu_core/u_core/u_vexu/div_846/u_div/u_add_B5
                                      73.8360      0.0      73.8360      0.0000       0.0000  vexu_EN_RVV1_DW01_add_2694
u_npu_core/u_core/u_vexu/div_846/u_div/u_add_B6
                                      70.3080      0.0      70.3080      0.0000       0.0000  vexu_EN_RVV1_DW01_add_2695
u_npu_core/u_core/u_vexu/div_846/u_div/u_add_B7
                                      41.2020      0.0      41.2020      0.0000       0.0000  vexu_EN_RVV1_DW01_sub_286
u_npu_core/u_core/u_vexu/div_846/u_div/u_add_PartRem_0_1
                                      33.6420      0.0      33.6420      0.0000       0.0000  vexu_EN_RVV1_DW01_add_4094
u_npu_core/u_core/u_vexu/div_846/u_div/u_add_PartRem_0_2
                                      33.1380      0.0      33.1380      0.0000       0.0000  vexu_EN_RVV1_DW01_add_4093
u_npu_core/u_core/u_vexu/div_846/u_div/u_add_PartRem_0_3
                                      36.9180      0.0      36.9180      0.0000       0.0000  vexu_EN_RVV1_DW01_add_4092
u_npu_core/u_core/u_vexu/div_846/u_div/u_add_PartRem_0_4
                                      32.6340      0.0      32.6340      0.0000       0.0000  vexu_EN_RVV1_DW01_add_4091
u_npu_core/u_core/u_vexu/div_846/u_div/u_add_PartRem_0_5
                                      38.5560      0.0      38.5560      0.0000       0.0000  vexu_EN_RVV1_DW01_add_4090
u_npu_core/u_core/u_vexu/div_846/u_div/u_add_PartRem_0_6
                                      38.5560      0.0      38.5560      0.0000       0.0000  vexu_EN_RVV1_DW01_add_4089
u_npu_core/u_core/u_vexu/div_846/u_div/u_add_PartRem_0_7
                                      39.0600      0.0      39.0600      0.0000       0.0000  vexu_EN_RVV1_DW01_add_4088
u_npu_core/u_core/u_vexu/div_846/u_div/u_add_PartRem_1_1
                                      32.1300      0.0      32.1300      0.0000       0.0000  vexu_EN_RVV1_DW01_add_4101
u_npu_core/u_core/u_vexu/div_846/u_div/u_add_PartRem_1_2
                                      30.4920      0.0      30.4920      0.0000       0.0000  vexu_EN_RVV1_DW01_add_4100
u_npu_core/u_core/u_vexu/div_846/u_div/u_add_PartRem_1_3
                                      33.1380      0.0      33.1380      0.0000       0.0000  vexu_EN_RVV1_DW01_add_4099
u_npu_core/u_core/u_vexu/div_846/u_div/u_add_PartRem_1_4
                                      28.8540      0.0      28.8540      0.0000       0.0000  vexu_EN_RVV1_DW01_add_4098
u_npu_core/u_core/u_vexu/div_846/u_div/u_add_PartRem_1_5
                                      33.6420      0.0      33.6420      0.0000       0.0000  vexu_EN_RVV1_DW01_add_4097
u_npu_core/u_core/u_vexu/div_846/u_div/u_add_PartRem_1_6
                                      33.6420      0.0      33.6420      0.0000       0.0000  vexu_EN_RVV1_DW01_add_4096
u_npu_core/u_core/u_vexu/div_846/u_div/u_add_PartRem_1_7
                                      34.1460      0.0      34.1460      0.0000       0.0000  vexu_EN_RVV1_DW01_add_4095
u_npu_core/u_core/u_vexu/div_846/u_div/u_add_PartRem_2_1
                                      27.2160      0.0      27.2160      0.0000       0.0000  vexu_EN_RVV1_DW01_add_4108
u_npu_core/u_core/u_vexu/div_846/u_div/u_add_PartRem_2_2
                                      25.5780      0.0      25.5780      0.0000       0.0000  vexu_EN_RVV1_DW01_add_4107
u_npu_core/u_core/u_vexu/div_846/u_div/u_add_PartRem_2_3
                                      28.2240      0.0      28.2240      0.0000       0.0000  vexu_EN_RVV1_DW01_add_4106
u_npu_core/u_core/u_vexu/div_846/u_div/u_add_PartRem_2_4
                                      23.9400      0.0      23.9400      0.0000       0.0000  vexu_EN_RVV1_DW01_add_4105
u_npu_core/u_core/u_vexu/div_846/u_div/u_add_PartRem_2_5
                                      28.7280      0.0      28.7280      0.0000       0.0000  vexu_EN_RVV1_DW01_add_4104
u_npu_core/u_core/u_vexu/div_846/u_div/u_add_PartRem_2_6
                                      28.7280      0.0      28.7280      0.0000       0.0000  vexu_EN_RVV1_DW01_add_4103
u_npu_core/u_core/u_vexu/div_846/u_div/u_add_PartRem_2_7
                                      29.2320      0.0      29.2320      0.0000       0.0000  vexu_EN_RVV1_DW01_add_4102
u_npu_core/u_core/u_vexu/div_846/u_div/u_add_PartRem_3_1
                                      22.3020      0.0      22.3020      0.0000       0.0000  vexu_EN_RVV1_DW01_add_4115
u_npu_core/u_core/u_vexu/div_846/u_div/u_add_PartRem_3_2
                                      20.6640      0.0      20.6640      0.0000       0.0000  vexu_EN_RVV1_DW01_add_4114
u_npu_core/u_core/u_vexu/div_846/u_div/u_add_PartRem_3_3
                                      23.3100      0.0      23.3100      0.0000       0.0000  vexu_EN_RVV1_DW01_add_4113
u_npu_core/u_core/u_vexu/div_846/u_div/u_add_PartRem_3_4
                                      19.0260      0.0      19.0260      0.0000       0.0000  vexu_EN_RVV1_DW01_add_4112
u_npu_core/u_core/u_vexu/div_846/u_div/u_add_PartRem_3_5
                                      23.8140      0.0      23.8140      0.0000       0.0000  vexu_EN_RVV1_DW01_add_4111
u_npu_core/u_core/u_vexu/div_846/u_div/u_add_PartRem_3_6
                                      23.8140      0.0      23.8140      0.0000       0.0000  vexu_EN_RVV1_DW01_add_4110
u_npu_core/u_core/u_vexu/div_846/u_div/u_add_PartRem_3_7
                                      24.3180      0.0      24.3180      0.0000       0.0000  vexu_EN_RVV1_DW01_add_4109
u_npu_core/u_core/u_vexu/div_846/u_div/u_add_PartRem_4_1
                                      17.3880      0.0      17.3880      0.0000       0.0000  vexu_EN_RVV1_DW01_add_4122
u_npu_core/u_core/u_vexu/div_846/u_div/u_add_PartRem_4_2
                                      15.7500      0.0      15.7500      0.0000       0.0000  vexu_EN_RVV1_DW01_add_4121
u_npu_core/u_core/u_vexu/div_846/u_div/u_add_PartRem_4_3
                                      32.5080      0.0      32.5080      0.0000       0.0000  vexu_EN_RVV1_DW01_add_2705
u_npu_core/u_core/u_vexu/div_846/u_div/u_add_PartRem_4_4
                                      21.0420      0.0      21.0420      0.0000       0.0000  vexu_EN_RVV1_DW01_add_2706
u_npu_core/u_core/u_vexu/div_846/u_div/u_add_PartRem_4_5
                                      33.0120      0.0      33.0120      0.0000       0.0000  vexu_EN_RVV1_DW01_add_2707
u_npu_core/u_core/u_vexu/div_846/u_div/u_add_PartRem_4_6
                                      33.0120      0.0      33.0120      0.0000       0.0000  vexu_EN_RVV1_DW01_add_2708
u_npu_core/u_core/u_vexu/div_846/u_div/u_add_PartRem_4_7
                                      33.5160      0.0      33.5160      0.0000       0.0000  vexu_EN_RVV1_DW01_add_2709
u_npu_core/u_core/u_vexu/div_846/u_div/u_add_PartRem_5_1
                                      11.8440      0.0      11.8440      0.0000       0.0000  vexu_EN_RVV1_DW01_add_2696
u_npu_core/u_core/u_vexu/div_846/u_div/u_inc_QInc
                                      30.8700      0.0      30.8700      0.0000       0.0000  vexu_EN_RVV1_DW_inc_72
u_npu_core/u_core/u_vexu/div_846_G2/u_div/u_absval_AAbs/NEG
                                      20.7900      0.0      20.7900      0.0000       0.0000  vexu_EN_RVV1_DW01_inc_94
u_npu_core/u_core/u_vexu/div_846_G2/u_div/u_add_B3
                                      31.6260      0.0      31.6260      0.0000       0.0000  vexu_EN_RVV1_DW01_add_3997
u_npu_core/u_core/u_vexu/div_846_G2/u_div/u_add_B5
                                      73.5840      0.0      73.5840      0.0000       0.0000  vexu_EN_RVV1_DW01_add_2829
u_npu_core/u_core/u_vexu/div_846_G2/u_div/u_add_B6
                                      70.3080      0.0      70.3080      0.0000       0.0000  vexu_EN_RVV1_DW01_add_2830
u_npu_core/u_core/u_vexu/div_846_G2/u_div/u_add_B7
                                      41.7060      0.0      41.7060      0.0000       0.0000  vexu_EN_RVV1_DW01_sub_283
u_npu_core/u_core/u_vexu/div_846_G2/u_div/u_add_PartRem_0_1
                                      33.6420      0.0      33.6420      0.0000       0.0000  vexu_EN_RVV1_DW01_add_3959
u_npu_core/u_core/u_vexu/div_846_G2/u_div/u_add_PartRem_0_2
                                      33.1380      0.0      33.1380      0.0000       0.0000  vexu_EN_RVV1_DW01_add_3958
u_npu_core/u_core/u_vexu/div_846_G2/u_div/u_add_PartRem_0_3
                                      36.9180      0.0      36.9180      0.0000       0.0000  vexu_EN_RVV1_DW01_add_3957
u_npu_core/u_core/u_vexu/div_846_G2/u_div/u_add_PartRem_0_4
                                      32.6340      0.0      32.6340      0.0000       0.0000  vexu_EN_RVV1_DW01_add_3956
u_npu_core/u_core/u_vexu/div_846_G2/u_div/u_add_PartRem_0_5
                                      38.5560      0.0      38.5560      0.0000       0.0000  vexu_EN_RVV1_DW01_add_3955
u_npu_core/u_core/u_vexu/div_846_G2/u_div/u_add_PartRem_0_6
                                      38.5560      0.0      38.5560      0.0000       0.0000  vexu_EN_RVV1_DW01_add_3954
u_npu_core/u_core/u_vexu/div_846_G2/u_div/u_add_PartRem_0_7
                                      39.0600      0.0      39.0600      0.0000       0.0000  vexu_EN_RVV1_DW01_add_3953
u_npu_core/u_core/u_vexu/div_846_G2/u_div/u_add_PartRem_1_1
                                      32.1300      0.0      32.1300      0.0000       0.0000  vexu_EN_RVV1_DW01_add_3966
u_npu_core/u_core/u_vexu/div_846_G2/u_div/u_add_PartRem_1_2
                                      30.4920      0.0      30.4920      0.0000       0.0000  vexu_EN_RVV1_DW01_add_3965
u_npu_core/u_core/u_vexu/div_846_G2/u_div/u_add_PartRem_1_3
                                      33.1380      0.0      33.1380      0.0000       0.0000  vexu_EN_RVV1_DW01_add_3964
u_npu_core/u_core/u_vexu/div_846_G2/u_div/u_add_PartRem_1_4
                                      28.8540      0.0      28.8540      0.0000       0.0000  vexu_EN_RVV1_DW01_add_3963
u_npu_core/u_core/u_vexu/div_846_G2/u_div/u_add_PartRem_1_5
                                      33.6420      0.0      33.6420      0.0000       0.0000  vexu_EN_RVV1_DW01_add_3962
u_npu_core/u_core/u_vexu/div_846_G2/u_div/u_add_PartRem_1_6
                                      33.6420      0.0      33.6420      0.0000       0.0000  vexu_EN_RVV1_DW01_add_3961
u_npu_core/u_core/u_vexu/div_846_G2/u_div/u_add_PartRem_1_7
                                      34.1460      0.0      34.1460      0.0000       0.0000  vexu_EN_RVV1_DW01_add_3960
u_npu_core/u_core/u_vexu/div_846_G2/u_div/u_add_PartRem_2_1
                                      27.2160      0.0      27.2160      0.0000       0.0000  vexu_EN_RVV1_DW01_add_3973
u_npu_core/u_core/u_vexu/div_846_G2/u_div/u_add_PartRem_2_2
                                      25.5780      0.0      25.5780      0.0000       0.0000  vexu_EN_RVV1_DW01_add_3972
u_npu_core/u_core/u_vexu/div_846_G2/u_div/u_add_PartRem_2_3
                                      28.2240      0.0      28.2240      0.0000       0.0000  vexu_EN_RVV1_DW01_add_3971
u_npu_core/u_core/u_vexu/div_846_G2/u_div/u_add_PartRem_2_4
                                      23.9400      0.0      23.9400      0.0000       0.0000  vexu_EN_RVV1_DW01_add_3970
u_npu_core/u_core/u_vexu/div_846_G2/u_div/u_add_PartRem_2_5
                                      28.7280      0.0      28.7280      0.0000       0.0000  vexu_EN_RVV1_DW01_add_3969
u_npu_core/u_core/u_vexu/div_846_G2/u_div/u_add_PartRem_2_6
                                      28.7280      0.0      28.7280      0.0000       0.0000  vexu_EN_RVV1_DW01_add_3968
u_npu_core/u_core/u_vexu/div_846_G2/u_div/u_add_PartRem_2_7
                                      29.2320      0.0      29.2320      0.0000       0.0000  vexu_EN_RVV1_DW01_add_3967
u_npu_core/u_core/u_vexu/div_846_G2/u_div/u_add_PartRem_3_1
                                      22.3020      0.0      22.3020      0.0000       0.0000  vexu_EN_RVV1_DW01_add_3980
u_npu_core/u_core/u_vexu/div_846_G2/u_div/u_add_PartRem_3_2
                                      20.6640      0.0      20.6640      0.0000       0.0000  vexu_EN_RVV1_DW01_add_3979
u_npu_core/u_core/u_vexu/div_846_G2/u_div/u_add_PartRem_3_3
                                      23.3100      0.0      23.3100      0.0000       0.0000  vexu_EN_RVV1_DW01_add_3978
u_npu_core/u_core/u_vexu/div_846_G2/u_div/u_add_PartRem_3_4
                                      19.0260      0.0      19.0260      0.0000       0.0000  vexu_EN_RVV1_DW01_add_3977
u_npu_core/u_core/u_vexu/div_846_G2/u_div/u_add_PartRem_3_5
                                      23.8140      0.0      23.8140      0.0000       0.0000  vexu_EN_RVV1_DW01_add_3976
u_npu_core/u_core/u_vexu/div_846_G2/u_div/u_add_PartRem_3_6
                                      23.8140      0.0      23.8140      0.0000       0.0000  vexu_EN_RVV1_DW01_add_3975
u_npu_core/u_core/u_vexu/div_846_G2/u_div/u_add_PartRem_3_7
                                      24.3180      0.0      24.3180      0.0000       0.0000  vexu_EN_RVV1_DW01_add_3974
u_npu_core/u_core/u_vexu/div_846_G2/u_div/u_add_PartRem_4_1
                                      17.3880      0.0      17.3880      0.0000       0.0000  vexu_EN_RVV1_DW01_add_3987
u_npu_core/u_core/u_vexu/div_846_G2/u_div/u_add_PartRem_4_2
                                      15.7500      0.0      15.7500      0.0000       0.0000  vexu_EN_RVV1_DW01_add_3986
u_npu_core/u_core/u_vexu/div_846_G2/u_div/u_add_PartRem_4_3
                                      32.5080      0.0      32.5080      0.0000       0.0000  vexu_EN_RVV1_DW01_add_2840
u_npu_core/u_core/u_vexu/div_846_G2/u_div/u_add_PartRem_4_4
                                      21.0420      0.0      21.0420      0.0000       0.0000  vexu_EN_RVV1_DW01_add_2841
u_npu_core/u_core/u_vexu/div_846_G2/u_div/u_add_PartRem_4_5
                                      33.0120      0.0      33.0120      0.0000       0.0000  vexu_EN_RVV1_DW01_add_2842
u_npu_core/u_core/u_vexu/div_846_G2/u_div/u_add_PartRem_4_6
                                      33.0120      0.0      33.0120      0.0000       0.0000  vexu_EN_RVV1_DW01_add_2843
u_npu_core/u_core/u_vexu/div_846_G2/u_div/u_add_PartRem_4_7
                                      33.5160      0.0      33.5160      0.0000       0.0000  vexu_EN_RVV1_DW01_add_2844
u_npu_core/u_core/u_vexu/div_846_G2/u_div/u_add_PartRem_5_1
                                      11.8440      0.0      11.8440      0.0000       0.0000  vexu_EN_RVV1_DW01_add_2831
u_npu_core/u_core/u_vexu/div_846_G2/u_div/u_inc_QInc
                                      30.8700      0.0      30.8700      0.0000       0.0000  vexu_EN_RVV1_DW_inc_78
u_npu_core/u_core/u_vexu/div_846_G3/u_div/u_absval_AAbs/NEG
                                      20.7900      0.0      20.7900      0.0000       0.0000  vexu_EN_RVV1_DW01_inc_98
u_npu_core/u_core/u_vexu/div_846_G3/u_div/u_add_B3
                                      31.6260      0.0      31.6260      0.0000       0.0000  vexu_EN_RVV1_DW01_add_3817
u_npu_core/u_core/u_vexu/div_846_G3/u_div/u_add_B5
                                      73.5840      0.0      73.5840      0.0000       0.0000  vexu_EN_RVV1_DW01_add_3009
u_npu_core/u_core/u_vexu/div_846_G3/u_div/u_add_B6
                                      70.3080      0.0      70.3080      0.0000       0.0000  vexu_EN_RVV1_DW01_add_3010
u_npu_core/u_core/u_vexu/div_846_G3/u_div/u_add_B7
                                      41.4540      0.0      41.4540      0.0000       0.0000  vexu_EN_RVV1_DW01_sub_279
u_npu_core/u_core/u_vexu/div_846_G3/u_div/u_add_PartRem_0_1
                                      33.6420      0.0      33.6420      0.0000       0.0000  vexu_EN_RVV1_DW01_add_3779
u_npu_core/u_core/u_vexu/div_846_G3/u_div/u_add_PartRem_0_2
                                      33.1380      0.0      33.1380      0.0000       0.0000  vexu_EN_RVV1_DW01_add_3778
u_npu_core/u_core/u_vexu/div_846_G3/u_div/u_add_PartRem_0_3
                                      36.9180      0.0      36.9180      0.0000       0.0000  vexu_EN_RVV1_DW01_add_3777
u_npu_core/u_core/u_vexu/div_846_G3/u_div/u_add_PartRem_0_4
                                      32.6340      0.0      32.6340      0.0000       0.0000  vexu_EN_RVV1_DW01_add_3776
u_npu_core/u_core/u_vexu/div_846_G3/u_div/u_add_PartRem_0_5
                                      38.5560      0.0      38.5560      0.0000       0.0000  vexu_EN_RVV1_DW01_add_3775
u_npu_core/u_core/u_vexu/div_846_G3/u_div/u_add_PartRem_0_6
                                      38.5560      0.0      38.5560      0.0000       0.0000  vexu_EN_RVV1_DW01_add_3774
u_npu_core/u_core/u_vexu/div_846_G3/u_div/u_add_PartRem_0_7
                                      39.0600      0.0      39.0600      0.0000       0.0000  vexu_EN_RVV1_DW01_add_3773
u_npu_core/u_core/u_vexu/div_846_G3/u_div/u_add_PartRem_1_1
                                      32.1300      0.0      32.1300      0.0000       0.0000  vexu_EN_RVV1_DW01_add_3786
u_npu_core/u_core/u_vexu/div_846_G3/u_div/u_add_PartRem_1_2
                                      30.4920      0.0      30.4920      0.0000       0.0000  vexu_EN_RVV1_DW01_add_3785
u_npu_core/u_core/u_vexu/div_846_G3/u_div/u_add_PartRem_1_3
                                      33.1380      0.0      33.1380      0.0000       0.0000  vexu_EN_RVV1_DW01_add_3784
u_npu_core/u_core/u_vexu/div_846_G3/u_div/u_add_PartRem_1_4
                                      28.8540      0.0      28.8540      0.0000       0.0000  vexu_EN_RVV1_DW01_add_3783
u_npu_core/u_core/u_vexu/div_846_G3/u_div/u_add_PartRem_1_5
                                      33.6420      0.0      33.6420      0.0000       0.0000  vexu_EN_RVV1_DW01_add_3782
u_npu_core/u_core/u_vexu/div_846_G3/u_div/u_add_PartRem_1_6
                                      33.6420      0.0      33.6420      0.0000       0.0000  vexu_EN_RVV1_DW01_add_3781
u_npu_core/u_core/u_vexu/div_846_G3/u_div/u_add_PartRem_1_7
                                      34.1460      0.0      34.1460      0.0000       0.0000  vexu_EN_RVV1_DW01_add_3780
u_npu_core/u_core/u_vexu/div_846_G3/u_div/u_add_PartRem_2_1
                                      27.2160      0.0      27.2160      0.0000       0.0000  vexu_EN_RVV1_DW01_add_3793
u_npu_core/u_core/u_vexu/div_846_G3/u_div/u_add_PartRem_2_2
                                      25.5780      0.0      25.5780      0.0000       0.0000  vexu_EN_RVV1_DW01_add_3792
u_npu_core/u_core/u_vexu/div_846_G3/u_div/u_add_PartRem_2_3
                                      28.2240      0.0      28.2240      0.0000       0.0000  vexu_EN_RVV1_DW01_add_3791
u_npu_core/u_core/u_vexu/div_846_G3/u_div/u_add_PartRem_2_4
                                      23.9400      0.0      23.9400      0.0000       0.0000  vexu_EN_RVV1_DW01_add_3790
u_npu_core/u_core/u_vexu/div_846_G3/u_div/u_add_PartRem_2_5
                                      28.7280      0.0      28.7280      0.0000       0.0000  vexu_EN_RVV1_DW01_add_3789
u_npu_core/u_core/u_vexu/div_846_G3/u_div/u_add_PartRem_2_6
                                      28.7280      0.0      28.7280      0.0000       0.0000  vexu_EN_RVV1_DW01_add_3788
u_npu_core/u_core/u_vexu/div_846_G3/u_div/u_add_PartRem_2_7
                                      29.2320      0.0      29.2320      0.0000       0.0000  vexu_EN_RVV1_DW01_add_3787
u_npu_core/u_core/u_vexu/div_846_G3/u_div/u_add_PartRem_3_1
                                      22.3020      0.0      22.3020      0.0000       0.0000  vexu_EN_RVV1_DW01_add_3800
u_npu_core/u_core/u_vexu/div_846_G3/u_div/u_add_PartRem_3_2
                                      20.6640      0.0      20.6640      0.0000       0.0000  vexu_EN_RVV1_DW01_add_3799
u_npu_core/u_core/u_vexu/div_846_G3/u_div/u_add_PartRem_3_3
                                      23.3100      0.0      23.3100      0.0000       0.0000  vexu_EN_RVV1_DW01_add_3798
u_npu_core/u_core/u_vexu/div_846_G3/u_div/u_add_PartRem_3_4
                                      19.0260      0.0      19.0260      0.0000       0.0000  vexu_EN_RVV1_DW01_add_3797
u_npu_core/u_core/u_vexu/div_846_G3/u_div/u_add_PartRem_3_5
                                      23.8140      0.0      23.8140      0.0000       0.0000  vexu_EN_RVV1_DW01_add_3796
u_npu_core/u_core/u_vexu/div_846_G3/u_div/u_add_PartRem_3_6
                                      23.8140      0.0      23.8140      0.0000       0.0000  vexu_EN_RVV1_DW01_add_3795
u_npu_core/u_core/u_vexu/div_846_G3/u_div/u_add_PartRem_3_7
                                      24.3180      0.0      24.3180      0.0000       0.0000  vexu_EN_RVV1_DW01_add_3794
u_npu_core/u_core/u_vexu/div_846_G3/u_div/u_add_PartRem_4_1
                                      17.3880      0.0      17.3880      0.0000       0.0000  vexu_EN_RVV1_DW01_add_3807
u_npu_core/u_core/u_vexu/div_846_G3/u_div/u_add_PartRem_4_2
                                      15.7500      0.0      15.7500      0.0000       0.0000  vexu_EN_RVV1_DW01_add_3806
u_npu_core/u_core/u_vexu/div_846_G3/u_div/u_add_PartRem_4_3
                                      32.5080      0.0      32.5080      0.0000       0.0000  vexu_EN_RVV1_DW01_add_3020
u_npu_core/u_core/u_vexu/div_846_G3/u_div/u_add_PartRem_4_4
                                      21.0420      0.0      21.0420      0.0000       0.0000  vexu_EN_RVV1_DW01_add_3021
u_npu_core/u_core/u_vexu/div_846_G3/u_div/u_add_PartRem_4_5
                                      33.0120      0.0      33.0120      0.0000       0.0000  vexu_EN_RVV1_DW01_add_3022
u_npu_core/u_core/u_vexu/div_846_G3/u_div/u_add_PartRem_4_6
                                      33.0120      0.0      33.0120      0.0000       0.0000  vexu_EN_RVV1_DW01_add_3023
u_npu_core/u_core/u_vexu/div_846_G3/u_div/u_add_PartRem_4_7
                                      33.5160      0.0      33.5160      0.0000       0.0000  vexu_EN_RVV1_DW01_add_3024
u_npu_core/u_core/u_vexu/div_846_G3/u_div/u_add_PartRem_5_1
                                      11.8440      0.0      11.8440      0.0000       0.0000  vexu_EN_RVV1_DW01_add_3011
u_npu_core/u_core/u_vexu/div_846_G3/u_div/u_inc_QInc
                                      30.8700      0.0      30.8700      0.0000       0.0000  vexu_EN_RVV1_DW_inc_86
u_npu_core/u_core/u_vexu/div_846_G4/u_div/u_absval_AAbs/NEG
                                      20.7900      0.0      20.7900      0.0000       0.0000  vexu_EN_RVV1_DW01_inc_97
u_npu_core/u_core/u_vexu/div_846_G4/u_div/u_add_B3
                                      31.6260      0.0      31.6260      0.0000       0.0000  vexu_EN_RVV1_DW01_add_3862
u_npu_core/u_core/u_vexu/div_846_G4/u_div/u_add_B5
                                      73.5840      0.0      73.5840      0.0000       0.0000  vexu_EN_RVV1_DW01_add_2964
u_npu_core/u_core/u_vexu/div_846_G4/u_div/u_add_B6
                                      70.0560      0.0      70.0560      0.0000       0.0000  vexu_EN_RVV1_DW01_add_2965
u_npu_core/u_core/u_vexu/div_846_G4/u_div/u_add_B7
                                      41.7060      0.0      41.7060      0.0000       0.0000  vexu_EN_RVV1_DW01_sub_280
u_npu_core/u_core/u_vexu/div_846_G4/u_div/u_add_PartRem_0_1
                                      33.6420      0.0      33.6420      0.0000       0.0000  vexu_EN_RVV1_DW01_add_3824
u_npu_core/u_core/u_vexu/div_846_G4/u_div/u_add_PartRem_0_2
                                      33.1380      0.0      33.1380      0.0000       0.0000  vexu_EN_RVV1_DW01_add_3823
u_npu_core/u_core/u_vexu/div_846_G4/u_div/u_add_PartRem_0_3
                                      36.9180      0.0      36.9180      0.0000       0.0000  vexu_EN_RVV1_DW01_add_3822
u_npu_core/u_core/u_vexu/div_846_G4/u_div/u_add_PartRem_0_4
                                      32.6340      0.0      32.6340      0.0000       0.0000  vexu_EN_RVV1_DW01_add_3821
u_npu_core/u_core/u_vexu/div_846_G4/u_div/u_add_PartRem_0_5
                                      38.5560      0.0      38.5560      0.0000       0.0000  vexu_EN_RVV1_DW01_add_3820
u_npu_core/u_core/u_vexu/div_846_G4/u_div/u_add_PartRem_0_6
                                      38.5560      0.0      38.5560      0.0000       0.0000  vexu_EN_RVV1_DW01_add_3819
u_npu_core/u_core/u_vexu/div_846_G4/u_div/u_add_PartRem_0_7
                                      39.0600      0.0      39.0600      0.0000       0.0000  vexu_EN_RVV1_DW01_add_3818
u_npu_core/u_core/u_vexu/div_846_G4/u_div/u_add_PartRem_1_1
                                      32.1300      0.0      32.1300      0.0000       0.0000  vexu_EN_RVV1_DW01_add_3831
u_npu_core/u_core/u_vexu/div_846_G4/u_div/u_add_PartRem_1_2
                                      30.4920      0.0      30.4920      0.0000       0.0000  vexu_EN_RVV1_DW01_add_3830
u_npu_core/u_core/u_vexu/div_846_G4/u_div/u_add_PartRem_1_3
                                      33.1380      0.0      33.1380      0.0000       0.0000  vexu_EN_RVV1_DW01_add_3829
u_npu_core/u_core/u_vexu/div_846_G4/u_div/u_add_PartRem_1_4
                                      28.8540      0.0      28.8540      0.0000       0.0000  vexu_EN_RVV1_DW01_add_3828
u_npu_core/u_core/u_vexu/div_846_G4/u_div/u_add_PartRem_1_5
                                      33.6420      0.0      33.6420      0.0000       0.0000  vexu_EN_RVV1_DW01_add_3827
u_npu_core/u_core/u_vexu/div_846_G4/u_div/u_add_PartRem_1_6
                                      33.6420      0.0      33.6420      0.0000       0.0000  vexu_EN_RVV1_DW01_add_3826
u_npu_core/u_core/u_vexu/div_846_G4/u_div/u_add_PartRem_1_7
                                      34.1460      0.0      34.1460      0.0000       0.0000  vexu_EN_RVV1_DW01_add_3825
u_npu_core/u_core/u_vexu/div_846_G4/u_div/u_add_PartRem_2_1
                                      27.2160      0.0      27.2160      0.0000       0.0000  vexu_EN_RVV1_DW01_add_3838
u_npu_core/u_core/u_vexu/div_846_G4/u_div/u_add_PartRem_2_2
                                      25.5780      0.0      25.5780      0.0000       0.0000  vexu_EN_RVV1_DW01_add_3837
u_npu_core/u_core/u_vexu/div_846_G4/u_div/u_add_PartRem_2_3
                                      28.2240      0.0      28.2240      0.0000       0.0000  vexu_EN_RVV1_DW01_add_3836
u_npu_core/u_core/u_vexu/div_846_G4/u_div/u_add_PartRem_2_4
                                      23.9400      0.0      23.9400      0.0000       0.0000  vexu_EN_RVV1_DW01_add_3835
u_npu_core/u_core/u_vexu/div_846_G4/u_div/u_add_PartRem_2_5
                                      28.7280      0.0      28.7280      0.0000       0.0000  vexu_EN_RVV1_DW01_add_3834
u_npu_core/u_core/u_vexu/div_846_G4/u_div/u_add_PartRem_2_6
                                      28.7280      0.0      28.7280      0.0000       0.0000  vexu_EN_RVV1_DW01_add_3833
u_npu_core/u_core/u_vexu/div_846_G4/u_div/u_add_PartRem_2_7
                                      29.2320      0.0      29.2320      0.0000       0.0000  vexu_EN_RVV1_DW01_add_3832
u_npu_core/u_core/u_vexu/div_846_G4/u_div/u_add_PartRem_3_1
                                      22.3020      0.0      22.3020      0.0000       0.0000  vexu_EN_RVV1_DW01_add_3845
u_npu_core/u_core/u_vexu/div_846_G4/u_div/u_add_PartRem_3_2
                                      20.6640      0.0      20.6640      0.0000       0.0000  vexu_EN_RVV1_DW01_add_3844
u_npu_core/u_core/u_vexu/div_846_G4/u_div/u_add_PartRem_3_3
                                      23.3100      0.0      23.3100      0.0000       0.0000  vexu_EN_RVV1_DW01_add_3843
u_npu_core/u_core/u_vexu/div_846_G4/u_div/u_add_PartRem_3_4
                                      19.0260      0.0      19.0260      0.0000       0.0000  vexu_EN_RVV1_DW01_add_3842
u_npu_core/u_core/u_vexu/div_846_G4/u_div/u_add_PartRem_3_5
                                      23.8140      0.0      23.8140      0.0000       0.0000  vexu_EN_RVV1_DW01_add_3841
u_npu_core/u_core/u_vexu/div_846_G4/u_div/u_add_PartRem_3_6
                                      23.8140      0.0      23.8140      0.0000       0.0000  vexu_EN_RVV1_DW01_add_3840
u_npu_core/u_core/u_vexu/div_846_G4/u_div/u_add_PartRem_3_7
                                      24.3180      0.0      24.3180      0.0000       0.0000  vexu_EN_RVV1_DW01_add_3839
u_npu_core/u_core/u_vexu/div_846_G4/u_div/u_add_PartRem_4_1
                                      17.3880      0.0      17.3880      0.0000       0.0000  vexu_EN_RVV1_DW01_add_3852
u_npu_core/u_core/u_vexu/div_846_G4/u_div/u_add_PartRem_4_2
                                      15.7500      0.0      15.7500      0.0000       0.0000  vexu_EN_RVV1_DW01_add_3851
u_npu_core/u_core/u_vexu/div_846_G4/u_div/u_add_PartRem_4_3
                                      32.5080      0.0      32.5080      0.0000       0.0000  vexu_EN_RVV1_DW01_add_2975
u_npu_core/u_core/u_vexu/div_846_G4/u_div/u_add_PartRem_4_4
                                      21.0420      0.0      21.0420      0.0000       0.0000  vexu_EN_RVV1_DW01_add_2976
u_npu_core/u_core/u_vexu/div_846_G4/u_div/u_add_PartRem_4_5
                                      33.0120      0.0      33.0120      0.0000       0.0000  vexu_EN_RVV1_DW01_add_2977
u_npu_core/u_core/u_vexu/div_846_G4/u_div/u_add_PartRem_4_6
                                      33.0120      0.0      33.0120      0.0000       0.0000  vexu_EN_RVV1_DW01_add_2978
u_npu_core/u_core/u_vexu/div_846_G4/u_div/u_add_PartRem_4_7
                                      33.5160      0.0      33.5160      0.0000       0.0000  vexu_EN_RVV1_DW01_add_2979
u_npu_core/u_core/u_vexu/div_846_G4/u_div/u_add_PartRem_5_1
                                      11.8440      0.0      11.8440      0.0000       0.0000  vexu_EN_RVV1_DW01_add_2966
u_npu_core/u_core/u_vexu/div_846_G4/u_div/u_inc_QInc
                                      30.8700      0.0      30.8700      0.0000       0.0000  vexu_EN_RVV1_DW_inc_84
u_npu_core/u_core/u_vexu/div_846_G5/u_div/u_absval_AAbs/NEG
                                      20.7900      0.0      20.7900      0.0000       0.0000  vexu_EN_RVV1_DW01_inc_93
u_npu_core/u_core/u_vexu/div_846_G5/u_div/u_add_B3
                                      31.6260      0.0      31.6260      0.0000       0.0000  vexu_EN_RVV1_DW01_add_4042
u_npu_core/u_core/u_vexu/div_846_G5/u_div/u_add_B5
                                      31.6260      0.0      31.6260      0.0000       0.0000  vexu_EN_RVV1_DW01_add_4041
u_npu_core/u_core/u_vexu/div_846_G5/u_div/u_add_B6
                                      31.6260      0.0      31.6260      0.0000       0.0000  vexu_EN_RVV1_DW01_add_4040
u_npu_core/u_core/u_vexu/div_846_G5/u_div/u_add_B7
                                      41.7060      0.0      41.7060      0.0000       0.0000  vexu_EN_RVV1_DW01_sub_284
u_npu_core/u_core/u_vexu/div_846_G5/u_div/u_add_PartRem_0_1
                                      33.6420      0.0      33.6420      0.0000       0.0000  vexu_EN_RVV1_DW01_add_4004
u_npu_core/u_core/u_vexu/div_846_G5/u_div/u_add_PartRem_0_2
                                      33.1380      0.0      33.1380      0.0000       0.0000  vexu_EN_RVV1_DW01_add_4003
u_npu_core/u_core/u_vexu/div_846_G5/u_div/u_add_PartRem_0_3
                                      36.9180      0.0      36.9180      0.0000       0.0000  vexu_EN_RVV1_DW01_add_4002
u_npu_core/u_core/u_vexu/div_846_G5/u_div/u_add_PartRem_0_4
                                      32.6340      0.0      32.6340      0.0000       0.0000  vexu_EN_RVV1_DW01_add_4001
u_npu_core/u_core/u_vexu/div_846_G5/u_div/u_add_PartRem_0_5
                                      38.5560      0.0      38.5560      0.0000       0.0000  vexu_EN_RVV1_DW01_add_4000
u_npu_core/u_core/u_vexu/div_846_G5/u_div/u_add_PartRem_0_6
                                      38.5560      0.0      38.5560      0.0000       0.0000  vexu_EN_RVV1_DW01_add_3999
u_npu_core/u_core/u_vexu/div_846_G5/u_div/u_add_PartRem_0_7
                                      39.0600      0.0      39.0600      0.0000       0.0000  vexu_EN_RVV1_DW01_add_3998
u_npu_core/u_core/u_vexu/div_846_G5/u_div/u_add_PartRem_1_1
                                      32.1300      0.0      32.1300      0.0000       0.0000  vexu_EN_RVV1_DW01_add_4011
u_npu_core/u_core/u_vexu/div_846_G5/u_div/u_add_PartRem_1_2
                                      30.4920      0.0      30.4920      0.0000       0.0000  vexu_EN_RVV1_DW01_add_4010
u_npu_core/u_core/u_vexu/div_846_G5/u_div/u_add_PartRem_1_3
                                      33.1380      0.0      33.1380      0.0000       0.0000  vexu_EN_RVV1_DW01_add_4009
u_npu_core/u_core/u_vexu/div_846_G5/u_div/u_add_PartRem_1_4
                                      28.8540      0.0      28.8540      0.0000       0.0000  vexu_EN_RVV1_DW01_add_4008
u_npu_core/u_core/u_vexu/div_846_G5/u_div/u_add_PartRem_1_5
                                      33.6420      0.0      33.6420      0.0000       0.0000  vexu_EN_RVV1_DW01_add_4007
u_npu_core/u_core/u_vexu/div_846_G5/u_div/u_add_PartRem_1_6
                                      33.6420      0.0      33.6420      0.0000       0.0000  vexu_EN_RVV1_DW01_add_4006
u_npu_core/u_core/u_vexu/div_846_G5/u_div/u_add_PartRem_1_7
                                      34.1460      0.0      34.1460      0.0000       0.0000  vexu_EN_RVV1_DW01_add_4005
u_npu_core/u_core/u_vexu/div_846_G5/u_div/u_add_PartRem_2_1
                                      27.2160      0.0      27.2160      0.0000       0.0000  vexu_EN_RVV1_DW01_add_4018
u_npu_core/u_core/u_vexu/div_846_G5/u_div/u_add_PartRem_2_2
                                      25.5780      0.0      25.5780      0.0000       0.0000  vexu_EN_RVV1_DW01_add_4017
u_npu_core/u_core/u_vexu/div_846_G5/u_div/u_add_PartRem_2_3
                                      28.2240      0.0      28.2240      0.0000       0.0000  vexu_EN_RVV1_DW01_add_4016
u_npu_core/u_core/u_vexu/div_846_G5/u_div/u_add_PartRem_2_4
                                      23.9400      0.0      23.9400      0.0000       0.0000  vexu_EN_RVV1_DW01_add_4015
u_npu_core/u_core/u_vexu/div_846_G5/u_div/u_add_PartRem_2_5
                                      28.7280      0.0      28.7280      0.0000       0.0000  vexu_EN_RVV1_DW01_add_4014
u_npu_core/u_core/u_vexu/div_846_G5/u_div/u_add_PartRem_2_6
                                      28.7280      0.0      28.7280      0.0000       0.0000  vexu_EN_RVV1_DW01_add_4013
u_npu_core/u_core/u_vexu/div_846_G5/u_div/u_add_PartRem_2_7
                                      29.2320      0.0      29.2320      0.0000       0.0000  vexu_EN_RVV1_DW01_add_4012
u_npu_core/u_core/u_vexu/div_846_G5/u_div/u_add_PartRem_3_1
                                      22.3020      0.0      22.3020      0.0000       0.0000  vexu_EN_RVV1_DW01_add_4025
u_npu_core/u_core/u_vexu/div_846_G5/u_div/u_add_PartRem_3_2
                                      20.6640      0.0      20.6640      0.0000       0.0000  vexu_EN_RVV1_DW01_add_4024
u_npu_core/u_core/u_vexu/div_846_G5/u_div/u_add_PartRem_3_3
                                      23.3100      0.0      23.3100      0.0000       0.0000  vexu_EN_RVV1_DW01_add_4023
u_npu_core/u_core/u_vexu/div_846_G5/u_div/u_add_PartRem_3_4
                                      19.0260      0.0      19.0260      0.0000       0.0000  vexu_EN_RVV1_DW01_add_4022
u_npu_core/u_core/u_vexu/div_846_G5/u_div/u_add_PartRem_3_5
                                      23.8140      0.0      23.8140      0.0000       0.0000  vexu_EN_RVV1_DW01_add_4021
u_npu_core/u_core/u_vexu/div_846_G5/u_div/u_add_PartRem_3_6
                                      23.8140      0.0      23.8140      0.0000       0.0000  vexu_EN_RVV1_DW01_add_4020
u_npu_core/u_core/u_vexu/div_846_G5/u_div/u_add_PartRem_3_7
                                      24.3180      0.0      24.3180      0.0000       0.0000  vexu_EN_RVV1_DW01_add_4019
u_npu_core/u_core/u_vexu/div_846_G5/u_div/u_add_PartRem_4_1
                                      17.3880      0.0      17.3880      0.0000       0.0000  vexu_EN_RVV1_DW01_add_4032
u_npu_core/u_core/u_vexu/div_846_G5/u_div/u_add_PartRem_4_2
                                      15.7500      0.0      15.7500      0.0000       0.0000  vexu_EN_RVV1_DW01_add_4031
u_npu_core/u_core/u_vexu/div_846_G5/u_div/u_add_PartRem_4_3
                                      32.5080      0.0      32.5080      0.0000       0.0000  vexu_EN_RVV1_DW01_add_2795
u_npu_core/u_core/u_vexu/div_846_G5/u_div/u_add_PartRem_4_4
                                      21.0420      0.0      21.0420      0.0000       0.0000  vexu_EN_RVV1_DW01_add_2796
u_npu_core/u_core/u_vexu/div_846_G5/u_div/u_add_PartRem_4_5
                                      33.0120      0.0      33.0120      0.0000       0.0000  vexu_EN_RVV1_DW01_add_2797
u_npu_core/u_core/u_vexu/div_846_G5/u_div/u_add_PartRem_4_6
                                      33.0120      0.0      33.0120      0.0000       0.0000  vexu_EN_RVV1_DW01_add_2798
u_npu_core/u_core/u_vexu/div_846_G5/u_div/u_add_PartRem_4_7
                                      33.5160      0.0      33.5160      0.0000       0.0000  vexu_EN_RVV1_DW01_add_2799
u_npu_core/u_core/u_vexu/div_846_G5/u_div/u_add_PartRem_5_1
                                      11.8440      0.0      11.8440      0.0000       0.0000  vexu_EN_RVV1_DW01_add_2786
u_npu_core/u_core/u_vexu/div_846_G5/u_div/u_inc_QInc
                                      30.8700      0.0      30.8700      0.0000       0.0000  vexu_EN_RVV1_DW_inc_76
u_npu_core/u_core/u_vexu/div_846_G6/u_div/u_absval_AAbs/NEG
                                      20.7900      0.0      20.7900      0.0000       0.0000  vexu_EN_RVV1_DW01_inc_96
u_npu_core/u_core/u_vexu/div_846_G6/u_div/u_add_B3
                                      31.6260      0.0      31.6260      0.0000       0.0000  vexu_EN_RVV1_DW01_add_3907
u_npu_core/u_core/u_vexu/div_846_G6/u_div/u_add_B5
                                      73.5840      0.0      73.5840      0.0000       0.0000  vexu_EN_RVV1_DW01_add_2919
u_npu_core/u_core/u_vexu/div_846_G6/u_div/u_add_B6
                                      70.0560      0.0      70.0560      0.0000       0.0000  vexu_EN_RVV1_DW01_add_2920
u_npu_core/u_core/u_vexu/div_846_G6/u_div/u_add_B7
                                      41.7060      0.0      41.7060      0.0000       0.0000  vexu_EN_RVV1_DW01_sub_281
u_npu_core/u_core/u_vexu/div_846_G6/u_div/u_add_PartRem_0_1
                                      33.6420      0.0      33.6420      0.0000       0.0000  vexu_EN_RVV1_DW01_add_3869
u_npu_core/u_core/u_vexu/div_846_G6/u_div/u_add_PartRem_0_2
                                      33.1380      0.0      33.1380      0.0000       0.0000  vexu_EN_RVV1_DW01_add_3868
u_npu_core/u_core/u_vexu/div_846_G6/u_div/u_add_PartRem_0_3
                                      36.9180      0.0      36.9180      0.0000       0.0000  vexu_EN_RVV1_DW01_add_3867
u_npu_core/u_core/u_vexu/div_846_G6/u_div/u_add_PartRem_0_4
                                      32.6340      0.0      32.6340      0.0000       0.0000  vexu_EN_RVV1_DW01_add_3866
u_npu_core/u_core/u_vexu/div_846_G6/u_div/u_add_PartRem_0_5
                                      38.5560      0.0      38.5560      0.0000       0.0000  vexu_EN_RVV1_DW01_add_3865
u_npu_core/u_core/u_vexu/div_846_G6/u_div/u_add_PartRem_0_6
                                      38.5560      0.0      38.5560      0.0000       0.0000  vexu_EN_RVV1_DW01_add_3864
u_npu_core/u_core/u_vexu/div_846_G6/u_div/u_add_PartRem_0_7
                                      39.0600      0.0      39.0600      0.0000       0.0000  vexu_EN_RVV1_DW01_add_3863
u_npu_core/u_core/u_vexu/div_846_G6/u_div/u_add_PartRem_1_1
                                      32.1300      0.0      32.1300      0.0000       0.0000  vexu_EN_RVV1_DW01_add_3876
u_npu_core/u_core/u_vexu/div_846_G6/u_div/u_add_PartRem_1_2
                                      30.4920      0.0      30.4920      0.0000       0.0000  vexu_EN_RVV1_DW01_add_3875
u_npu_core/u_core/u_vexu/div_846_G6/u_div/u_add_PartRem_1_3
                                      33.1380      0.0      33.1380      0.0000       0.0000  vexu_EN_RVV1_DW01_add_3874
u_npu_core/u_core/u_vexu/div_846_G6/u_div/u_add_PartRem_1_4
                                      28.8540      0.0      28.8540      0.0000       0.0000  vexu_EN_RVV1_DW01_add_3873
u_npu_core/u_core/u_vexu/div_846_G6/u_div/u_add_PartRem_1_5
                                      33.6420      0.0      33.6420      0.0000       0.0000  vexu_EN_RVV1_DW01_add_3872
u_npu_core/u_core/u_vexu/div_846_G6/u_div/u_add_PartRem_1_6
                                      33.6420      0.0      33.6420      0.0000       0.0000  vexu_EN_RVV1_DW01_add_3871
u_npu_core/u_core/u_vexu/div_846_G6/u_div/u_add_PartRem_1_7
                                      34.1460      0.0      34.1460      0.0000       0.0000  vexu_EN_RVV1_DW01_add_3870
u_npu_core/u_core/u_vexu/div_846_G6/u_div/u_add_PartRem_2_1
                                      27.2160      0.0      27.2160      0.0000       0.0000  vexu_EN_RVV1_DW01_add_3883
u_npu_core/u_core/u_vexu/div_846_G6/u_div/u_add_PartRem_2_2
                                      25.5780      0.0      25.5780      0.0000       0.0000  vexu_EN_RVV1_DW01_add_3882
u_npu_core/u_core/u_vexu/div_846_G6/u_div/u_add_PartRem_2_3
                                      28.2240      0.0      28.2240      0.0000       0.0000  vexu_EN_RVV1_DW01_add_3881
u_npu_core/u_core/u_vexu/div_846_G6/u_div/u_add_PartRem_2_4
                                      23.9400      0.0      23.9400      0.0000       0.0000  vexu_EN_RVV1_DW01_add_3880
u_npu_core/u_core/u_vexu/div_846_G6/u_div/u_add_PartRem_2_5
                                      28.7280      0.0      28.7280      0.0000       0.0000  vexu_EN_RVV1_DW01_add_3879
u_npu_core/u_core/u_vexu/div_846_G6/u_div/u_add_PartRem_2_6
                                      28.7280      0.0      28.7280      0.0000       0.0000  vexu_EN_RVV1_DW01_add_3878
u_npu_core/u_core/u_vexu/div_846_G6/u_div/u_add_PartRem_2_7
                                      29.2320      0.0      29.2320      0.0000       0.0000  vexu_EN_RVV1_DW01_add_3877
u_npu_core/u_core/u_vexu/div_846_G6/u_div/u_add_PartRem_3_1
                                      22.3020      0.0      22.3020      0.0000       0.0000  vexu_EN_RVV1_DW01_add_3890
u_npu_core/u_core/u_vexu/div_846_G6/u_div/u_add_PartRem_3_2
                                      20.6640      0.0      20.6640      0.0000       0.0000  vexu_EN_RVV1_DW01_add_3889
u_npu_core/u_core/u_vexu/div_846_G6/u_div/u_add_PartRem_3_3
                                      23.3100      0.0      23.3100      0.0000       0.0000  vexu_EN_RVV1_DW01_add_3888
u_npu_core/u_core/u_vexu/div_846_G6/u_div/u_add_PartRem_3_4
                                      19.0260      0.0      19.0260      0.0000       0.0000  vexu_EN_RVV1_DW01_add_3887
u_npu_core/u_core/u_vexu/div_846_G6/u_div/u_add_PartRem_3_5
                                      23.8140      0.0      23.8140      0.0000       0.0000  vexu_EN_RVV1_DW01_add_3886
u_npu_core/u_core/u_vexu/div_846_G6/u_div/u_add_PartRem_3_6
                                      23.8140      0.0      23.8140      0.0000       0.0000  vexu_EN_RVV1_DW01_add_3885
u_npu_core/u_core/u_vexu/div_846_G6/u_div/u_add_PartRem_3_7
                                      24.3180      0.0      24.3180      0.0000       0.0000  vexu_EN_RVV1_DW01_add_3884
u_npu_core/u_core/u_vexu/div_846_G6/u_div/u_add_PartRem_4_1
                                      17.3880      0.0      17.3880      0.0000       0.0000  vexu_EN_RVV1_DW01_add_3897
u_npu_core/u_core/u_vexu/div_846_G6/u_div/u_add_PartRem_4_2
                                      15.7500      0.0      15.7500      0.0000       0.0000  vexu_EN_RVV1_DW01_add_3896
u_npu_core/u_core/u_vexu/div_846_G6/u_div/u_add_PartRem_4_3
                                      32.5080      0.0      32.5080      0.0000       0.0000  vexu_EN_RVV1_DW01_add_2930
u_npu_core/u_core/u_vexu/div_846_G6/u_div/u_add_PartRem_4_4
                                      21.0420      0.0      21.0420      0.0000       0.0000  vexu_EN_RVV1_DW01_add_2931
u_npu_core/u_core/u_vexu/div_846_G6/u_div/u_add_PartRem_4_5
                                      33.0120      0.0      33.0120      0.0000       0.0000  vexu_EN_RVV1_DW01_add_2932
u_npu_core/u_core/u_vexu/div_846_G6/u_div/u_add_PartRem_4_6
                                      33.0120      0.0      33.0120      0.0000       0.0000  vexu_EN_RVV1_DW01_add_2933
u_npu_core/u_core/u_vexu/div_846_G6/u_div/u_add_PartRem_4_7
                                      33.5160      0.0      33.5160      0.0000       0.0000  vexu_EN_RVV1_DW01_add_2934
u_npu_core/u_core/u_vexu/div_846_G6/u_div/u_add_PartRem_5_1
                                      11.8440      0.0      11.8440      0.0000       0.0000  vexu_EN_RVV1_DW01_add_2921
u_npu_core/u_core/u_vexu/div_846_G6/u_div/u_inc_QInc
                                      30.8700      0.0      30.8700      0.0000       0.0000  vexu_EN_RVV1_DW_inc_82
u_npu_core/u_core/u_vexu/div_846_G7/u_div/u_absval_AAbs/NEG
                                      20.7900      0.0      20.7900      0.0000       0.0000  vexu_EN_RVV1_DW01_inc_92
u_npu_core/u_core/u_vexu/div_846_G7/u_div/u_add_B3
                                      31.6260      0.0      31.6260      0.0000       0.0000  vexu_EN_RVV1_DW01_add_4087
u_npu_core/u_core/u_vexu/div_846_G7/u_div/u_add_B5
                                      31.6260      0.0      31.6260      0.0000       0.0000  vexu_EN_RVV1_DW01_add_4086
u_npu_core/u_core/u_vexu/div_846_G7/u_div/u_add_B6
                                      31.6260      0.0      31.6260      0.0000       0.0000  vexu_EN_RVV1_DW01_add_4085
u_npu_core/u_core/u_vexu/div_846_G7/u_div/u_add_B7
                                      41.7060      0.0      41.7060      0.0000       0.0000  vexu_EN_RVV1_DW01_sub_285
u_npu_core/u_core/u_vexu/div_846_G7/u_div/u_add_PartRem_0_1
                                      33.6420      0.0      33.6420      0.0000       0.0000  vexu_EN_RVV1_DW01_add_4049
u_npu_core/u_core/u_vexu/div_846_G7/u_div/u_add_PartRem_0_2
                                      33.1380      0.0      33.1380      0.0000       0.0000  vexu_EN_RVV1_DW01_add_4048
u_npu_core/u_core/u_vexu/div_846_G7/u_div/u_add_PartRem_0_3
                                      36.9180      0.0      36.9180      0.0000       0.0000  vexu_EN_RVV1_DW01_add_4047
u_npu_core/u_core/u_vexu/div_846_G7/u_div/u_add_PartRem_0_4
                                      32.6340      0.0      32.6340      0.0000       0.0000  vexu_EN_RVV1_DW01_add_4046
u_npu_core/u_core/u_vexu/div_846_G7/u_div/u_add_PartRem_0_5
                                      38.5560      0.0      38.5560      0.0000       0.0000  vexu_EN_RVV1_DW01_add_4045
u_npu_core/u_core/u_vexu/div_846_G7/u_div/u_add_PartRem_0_6
                                      38.5560      0.0      38.5560      0.0000       0.0000  vexu_EN_RVV1_DW01_add_4044
u_npu_core/u_core/u_vexu/div_846_G7/u_div/u_add_PartRem_0_7
                                      39.0600      0.0      39.0600      0.0000       0.0000  vexu_EN_RVV1_DW01_add_4043
u_npu_core/u_core/u_vexu/div_846_G7/u_div/u_add_PartRem_1_1
                                      32.1300      0.0      32.1300      0.0000       0.0000  vexu_EN_RVV1_DW01_add_4056
u_npu_core/u_core/u_vexu/div_846_G7/u_div/u_add_PartRem_1_2
                                      30.4920      0.0      30.4920      0.0000       0.0000  vexu_EN_RVV1_DW01_add_4055
u_npu_core/u_core/u_vexu/div_846_G7/u_div/u_add_PartRem_1_3
                                      33.1380      0.0      33.1380      0.0000       0.0000  vexu_EN_RVV1_DW01_add_4054
u_npu_core/u_core/u_vexu/div_846_G7/u_div/u_add_PartRem_1_4
                                      28.8540      0.0      28.8540      0.0000       0.0000  vexu_EN_RVV1_DW01_add_4053
u_npu_core/u_core/u_vexu/div_846_G7/u_div/u_add_PartRem_1_5
                                      33.6420      0.0      33.6420      0.0000       0.0000  vexu_EN_RVV1_DW01_add_4052
u_npu_core/u_core/u_vexu/div_846_G7/u_div/u_add_PartRem_1_6
                                      33.6420      0.0      33.6420      0.0000       0.0000  vexu_EN_RVV1_DW01_add_4051
u_npu_core/u_core/u_vexu/div_846_G7/u_div/u_add_PartRem_1_7
                                      34.1460      0.0      34.1460      0.0000       0.0000  vexu_EN_RVV1_DW01_add_4050
u_npu_core/u_core/u_vexu/div_846_G7/u_div/u_add_PartRem_2_1
                                      27.2160      0.0      27.2160      0.0000       0.0000  vexu_EN_RVV1_DW01_add_4063
u_npu_core/u_core/u_vexu/div_846_G7/u_div/u_add_PartRem_2_2
                                      25.5780      0.0      25.5780      0.0000       0.0000  vexu_EN_RVV1_DW01_add_4062
u_npu_core/u_core/u_vexu/div_846_G7/u_div/u_add_PartRem_2_3
                                      28.2240      0.0      28.2240      0.0000       0.0000  vexu_EN_RVV1_DW01_add_4061
u_npu_core/u_core/u_vexu/div_846_G7/u_div/u_add_PartRem_2_4
                                      23.9400      0.0      23.9400      0.0000       0.0000  vexu_EN_RVV1_DW01_add_4060
u_npu_core/u_core/u_vexu/div_846_G7/u_div/u_add_PartRem_2_5
                                      28.7280      0.0      28.7280      0.0000       0.0000  vexu_EN_RVV1_DW01_add_4059
u_npu_core/u_core/u_vexu/div_846_G7/u_div/u_add_PartRem_2_6
                                      28.7280      0.0      28.7280      0.0000       0.0000  vexu_EN_RVV1_DW01_add_4058
u_npu_core/u_core/u_vexu/div_846_G7/u_div/u_add_PartRem_2_7
                                      29.2320      0.0      29.2320      0.0000       0.0000  vexu_EN_RVV1_DW01_add_4057
u_npu_core/u_core/u_vexu/div_846_G7/u_div/u_add_PartRem_3_1
                                      22.3020      0.0      22.3020      0.0000       0.0000  vexu_EN_RVV1_DW01_add_4070
u_npu_core/u_core/u_vexu/div_846_G7/u_div/u_add_PartRem_3_2
                                      20.6640      0.0      20.6640      0.0000       0.0000  vexu_EN_RVV1_DW01_add_4069
u_npu_core/u_core/u_vexu/div_846_G7/u_div/u_add_PartRem_3_3
                                      23.3100      0.0      23.3100      0.0000       0.0000  vexu_EN_RVV1_DW01_add_4068
u_npu_core/u_core/u_vexu/div_846_G7/u_div/u_add_PartRem_3_4
                                      19.0260      0.0      19.0260      0.0000       0.0000  vexu_EN_RVV1_DW01_add_4067
u_npu_core/u_core/u_vexu/div_846_G7/u_div/u_add_PartRem_3_5
                                      23.8140      0.0      23.8140      0.0000       0.0000  vexu_EN_RVV1_DW01_add_4066
u_npu_core/u_core/u_vexu/div_846_G7/u_div/u_add_PartRem_3_6
                                      23.8140      0.0      23.8140      0.0000       0.0000  vexu_EN_RVV1_DW01_add_4065
u_npu_core/u_core/u_vexu/div_846_G7/u_div/u_add_PartRem_3_7
                                      24.3180      0.0      24.3180      0.0000       0.0000  vexu_EN_RVV1_DW01_add_4064
u_npu_core/u_core/u_vexu/div_846_G7/u_div/u_add_PartRem_4_1
                                      17.3880      0.0      17.3880      0.0000       0.0000  vexu_EN_RVV1_DW01_add_4077
u_npu_core/u_core/u_vexu/div_846_G7/u_div/u_add_PartRem_4_2
                                      15.7500      0.0      15.7500      0.0000       0.0000  vexu_EN_RVV1_DW01_add_4076
u_npu_core/u_core/u_vexu/div_846_G7/u_div/u_add_PartRem_4_3
                                      32.5080      0.0      32.5080      0.0000       0.0000  vexu_EN_RVV1_DW01_add_2750
u_npu_core/u_core/u_vexu/div_846_G7/u_div/u_add_PartRem_4_4
                                      21.0420      0.0      21.0420      0.0000       0.0000  vexu_EN_RVV1_DW01_add_2751
u_npu_core/u_core/u_vexu/div_846_G7/u_div/u_add_PartRem_4_5
                                      33.0120      0.0      33.0120      0.0000       0.0000  vexu_EN_RVV1_DW01_add_2752
u_npu_core/u_core/u_vexu/div_846_G7/u_div/u_add_PartRem_4_6
                                      33.0120      0.0      33.0120      0.0000       0.0000  vexu_EN_RVV1_DW01_add_2753
u_npu_core/u_core/u_vexu/div_846_G7/u_div/u_add_PartRem_4_7
                                      33.5160      0.0      33.5160      0.0000       0.0000  vexu_EN_RVV1_DW01_add_2754
u_npu_core/u_core/u_vexu/div_846_G7/u_div/u_add_PartRem_5_1
                                      11.8440      0.0      11.8440      0.0000       0.0000  vexu_EN_RVV1_DW01_add_2741
u_npu_core/u_core/u_vexu/div_846_G7/u_div/u_inc_QInc
                                      30.8700      0.0      30.8700      0.0000       0.0000  vexu_EN_RVV1_DW_inc_74
u_npu_core/u_core/u_vexu/div_846_G8/u_div/u_absval_AAbs/NEG
                                      20.7900      0.0      20.7900      0.0000       0.0000  vexu_EN_RVV1_DW01_inc_95
u_npu_core/u_core/u_vexu/div_846_G8/u_div/u_add_B3
                                      31.6260      0.0      31.6260      0.0000       0.0000  vexu_EN_RVV1_DW01_add_3952
u_npu_core/u_core/u_vexu/div_846_G8/u_div/u_add_B5
                                      73.8360      0.0      73.8360      0.0000       0.0000  vexu_EN_RVV1_DW01_add_2874
u_npu_core/u_core/u_vexu/div_846_G8/u_div/u_add_B6
                                      70.0560      0.0      70.0560      0.0000       0.0000  vexu_EN_RVV1_DW01_add_2875
u_npu_core/u_core/u_vexu/div_846_G8/u_div/u_add_B7
                                      41.7060      0.0      41.7060      0.0000       0.0000  vexu_EN_RVV1_DW01_sub_282
u_npu_core/u_core/u_vexu/div_846_G8/u_div/u_add_PartRem_0_1
                                      33.6420      0.0      33.6420      0.0000       0.0000  vexu_EN_RVV1_DW01_add_3914
u_npu_core/u_core/u_vexu/div_846_G8/u_div/u_add_PartRem_0_2
                                      33.1380      0.0      33.1380      0.0000       0.0000  vexu_EN_RVV1_DW01_add_3913
u_npu_core/u_core/u_vexu/div_846_G8/u_div/u_add_PartRem_0_3
                                      36.9180      0.0      36.9180      0.0000       0.0000  vexu_EN_RVV1_DW01_add_3912
u_npu_core/u_core/u_vexu/div_846_G8/u_div/u_add_PartRem_0_4
                                      32.6340      0.0      32.6340      0.0000       0.0000  vexu_EN_RVV1_DW01_add_3911
u_npu_core/u_core/u_vexu/div_846_G8/u_div/u_add_PartRem_0_5
                                      38.5560      0.0      38.5560      0.0000       0.0000  vexu_EN_RVV1_DW01_add_3910
u_npu_core/u_core/u_vexu/div_846_G8/u_div/u_add_PartRem_0_6
                                      38.5560      0.0      38.5560      0.0000       0.0000  vexu_EN_RVV1_DW01_add_3909
u_npu_core/u_core/u_vexu/div_846_G8/u_div/u_add_PartRem_0_7
                                      39.0600      0.0      39.0600      0.0000       0.0000  vexu_EN_RVV1_DW01_add_3908
u_npu_core/u_core/u_vexu/div_846_G8/u_div/u_add_PartRem_1_1
                                      32.1300      0.0      32.1300      0.0000       0.0000  vexu_EN_RVV1_DW01_add_3921
u_npu_core/u_core/u_vexu/div_846_G8/u_div/u_add_PartRem_1_2
                                      30.4920      0.0      30.4920      0.0000       0.0000  vexu_EN_RVV1_DW01_add_3920
u_npu_core/u_core/u_vexu/div_846_G8/u_div/u_add_PartRem_1_3
                                      33.1380      0.0      33.1380      0.0000       0.0000  vexu_EN_RVV1_DW01_add_3919
u_npu_core/u_core/u_vexu/div_846_G8/u_div/u_add_PartRem_1_4
                                      28.8540      0.0      28.8540      0.0000       0.0000  vexu_EN_RVV1_DW01_add_3918
u_npu_core/u_core/u_vexu/div_846_G8/u_div/u_add_PartRem_1_5
                                      33.6420      0.0      33.6420      0.0000       0.0000  vexu_EN_RVV1_DW01_add_3917
u_npu_core/u_core/u_vexu/div_846_G8/u_div/u_add_PartRem_1_6
                                      33.6420      0.0      33.6420      0.0000       0.0000  vexu_EN_RVV1_DW01_add_3916
u_npu_core/u_core/u_vexu/div_846_G8/u_div/u_add_PartRem_1_7
                                      34.1460      0.0      34.1460      0.0000       0.0000  vexu_EN_RVV1_DW01_add_3915
u_npu_core/u_core/u_vexu/div_846_G8/u_div/u_add_PartRem_2_1
                                      27.2160      0.0      27.2160      0.0000       0.0000  vexu_EN_RVV1_DW01_add_3928
u_npu_core/u_core/u_vexu/div_846_G8/u_div/u_add_PartRem_2_2
                                      25.5780      0.0      25.5780      0.0000       0.0000  vexu_EN_RVV1_DW01_add_3927
u_npu_core/u_core/u_vexu/div_846_G8/u_div/u_add_PartRem_2_3
                                      28.2240      0.0      28.2240      0.0000       0.0000  vexu_EN_RVV1_DW01_add_3926
u_npu_core/u_core/u_vexu/div_846_G8/u_div/u_add_PartRem_2_4
                                      23.9400      0.0      23.9400      0.0000       0.0000  vexu_EN_RVV1_DW01_add_3925
u_npu_core/u_core/u_vexu/div_846_G8/u_div/u_add_PartRem_2_5
                                      28.7280      0.0      28.7280      0.0000       0.0000  vexu_EN_RVV1_DW01_add_3924
u_npu_core/u_core/u_vexu/div_846_G8/u_div/u_add_PartRem_2_6
                                      28.7280      0.0      28.7280      0.0000       0.0000  vexu_EN_RVV1_DW01_add_3923
u_npu_core/u_core/u_vexu/div_846_G8/u_div/u_add_PartRem_2_7
                                      29.2320      0.0      29.2320      0.0000       0.0000  vexu_EN_RVV1_DW01_add_3922
u_npu_core/u_core/u_vexu/div_846_G8/u_div/u_add_PartRem_3_1
                                      22.3020      0.0      22.3020      0.0000       0.0000  vexu_EN_RVV1_DW01_add_3935
u_npu_core/u_core/u_vexu/div_846_G8/u_div/u_add_PartRem_3_2
                                      20.6640      0.0      20.6640      0.0000       0.0000  vexu_EN_RVV1_DW01_add_3934
u_npu_core/u_core/u_vexu/div_846_G8/u_div/u_add_PartRem_3_3
                                      23.3100      0.0      23.3100      0.0000       0.0000  vexu_EN_RVV1_DW01_add_3933
u_npu_core/u_core/u_vexu/div_846_G8/u_div/u_add_PartRem_3_4
                                      19.0260      0.0      19.0260      0.0000       0.0000  vexu_EN_RVV1_DW01_add_3932
u_npu_core/u_core/u_vexu/div_846_G8/u_div/u_add_PartRem_3_5
                                      23.8140      0.0      23.8140      0.0000       0.0000  vexu_EN_RVV1_DW01_add_3931
u_npu_core/u_core/u_vexu/div_846_G8/u_div/u_add_PartRem_3_6
                                      23.8140      0.0      23.8140      0.0000       0.0000  vexu_EN_RVV1_DW01_add_3930
u_npu_core/u_core/u_vexu/div_846_G8/u_div/u_add_PartRem_3_7
                                      24.3180      0.0      24.3180      0.0000       0.0000  vexu_EN_RVV1_DW01_add_3929
u_npu_core/u_core/u_vexu/div_846_G8/u_div/u_add_PartRem_4_1
                                      17.3880      0.0      17.3880      0.0000       0.0000  vexu_EN_RVV1_DW01_add_3942
u_npu_core/u_core/u_vexu/div_846_G8/u_div/u_add_PartRem_4_2
                                      15.7500      0.0      15.7500      0.0000       0.0000  vexu_EN_RVV1_DW01_add_3941
u_npu_core/u_core/u_vexu/div_846_G8/u_div/u_add_PartRem_4_3
                                      32.5080      0.0      32.5080      0.0000       0.0000  vexu_EN_RVV1_DW01_add_2885
u_npu_core/u_core/u_vexu/div_846_G8/u_div/u_add_PartRem_4_4
                                      21.0420      0.0      21.0420      0.0000       0.0000  vexu_EN_RVV1_DW01_add_2886
u_npu_core/u_core/u_vexu/div_846_G8/u_div/u_add_PartRem_4_5
                                      33.0120      0.0      33.0120      0.0000       0.0000  vexu_EN_RVV1_DW01_add_2887
u_npu_core/u_core/u_vexu/div_846_G8/u_div/u_add_PartRem_4_6
                                      33.0120      0.0      33.0120      0.0000       0.0000  vexu_EN_RVV1_DW01_add_2888
u_npu_core/u_core/u_vexu/div_846_G8/u_div/u_add_PartRem_4_7
                                      33.5160      0.0      33.5160      0.0000       0.0000  vexu_EN_RVV1_DW01_add_2889
u_npu_core/u_core/u_vexu/div_846_G8/u_div/u_add_PartRem_5_1
                                      11.8440      0.0      11.8440      0.0000       0.0000  vexu_EN_RVV1_DW01_add_2876
u_npu_core/u_core/u_vexu/div_846_G8/u_div/u_inc_QInc
                                      30.8700      0.0      30.8700      0.0000       0.0000  vexu_EN_RVV1_DW_inc_80
u_npu_core/u_core/u_vexu/div_859/u_div/u_add_B3
                                     167.9580      0.0     167.9580      0.0000       0.0000  vexu_EN_RVV1_DW01_add_2354
u_npu_core/u_core/u_vexu/div_859/u_div/u_add_B5
                                     150.1920      0.0     150.1920      0.0000       0.0000  vexu_EN_RVV1_DW01_add_4374
u_npu_core/u_core/u_vexu/div_859/u_div/u_add_B6
                                     144.6480      0.0     144.6480      0.0000       0.0000  vexu_EN_RVV1_DW01_add_4373
u_npu_core/u_core/u_vexu/div_859/u_div/u_add_B7
                                     161.1540      0.0     161.1540      0.0000       0.0000  vexu_EN_RVV1_DW01_sub_290
u_npu_core/u_core/u_vexu/div_859/u_div/u_add_PartRem_0_1
                                      60.8580      0.0      60.8580      0.0000       0.0000  vexu_EN_RVV1_DW01_add_2427
u_npu_core/u_core/u_vexu/div_859/u_div/u_add_PartRem_0_2
                                      61.3620      0.0      61.3620      0.0000       0.0000  vexu_EN_RVV1_DW01_add_2428
u_npu_core/u_core/u_vexu/div_859/u_div/u_add_PartRem_0_3
                                      64.2600      0.0      64.2600      0.0000       0.0000  vexu_EN_RVV1_DW01_add_2429
u_npu_core/u_core/u_vexu/div_859/u_div/u_add_PartRem_0_4
                                      59.8500      0.0      59.8500      0.0000       0.0000  vexu_EN_RVV1_DW01_add_2430
u_npu_core/u_core/u_vexu/div_859/u_div/u_add_PartRem_0_5
                                      61.9920      0.0      61.9920      0.0000       0.0000  vexu_EN_RVV1_DW01_add_2431
u_npu_core/u_core/u_vexu/div_859/u_div/u_add_PartRem_0_6
                                      62.7480      0.0      62.7480      0.0000       0.0000  vexu_EN_RVV1_DW01_add_2432
u_npu_core/u_core/u_vexu/div_859/u_div/u_add_PartRem_0_7
                                      61.9920      0.0      61.9920      0.0000       0.0000  vexu_EN_RVV1_DW01_add_2433
u_npu_core/u_core/u_vexu/div_859/u_div/u_add_PartRem_10_1
                                      21.2940      0.0      21.2940      0.0000       0.0000  vexu_EN_RVV1_DW01_add_4380
u_npu_core/u_core/u_vexu/div_859/u_div/u_add_PartRem_10_2
                                      19.2780      0.0      19.2780      0.0000       0.0000  vexu_EN_RVV1_DW01_add_4379
u_npu_core/u_core/u_vexu/div_859/u_div/u_add_PartRem_10_3
                                      17.3880      0.0      17.3880      0.0000       0.0000  vexu_EN_RVV1_DW01_add_2359
u_npu_core/u_core/u_vexu/div_859/u_div/u_add_PartRem_1_1
                                     158.6340      0.0     158.6340      0.0000       0.0000  vexu_EN_RVV1_DW01_add_2420
u_npu_core/u_core/u_vexu/div_859/u_div/u_add_PartRem_1_2
                                     152.4600      0.0     152.4600      0.0000       0.0000  vexu_EN_RVV1_DW01_add_2421
u_npu_core/u_core/u_vexu/div_859/u_div/u_add_PartRem_1_3
                                     170.9820      0.0     170.9820      0.0000       0.0000  vexu_EN_RVV1_DW01_add_2422
u_npu_core/u_core/u_vexu/div_859/u_div/u_add_PartRem_1_4
                                     148.3020      0.0     148.3020      0.0000       0.0000  vexu_EN_RVV1_DW01_add_2423
u_npu_core/u_core/u_vexu/div_859/u_div/u_add_PartRem_1_5
                                     172.2420      0.0     172.2420      0.0000       0.0000  vexu_EN_RVV1_DW01_add_2424
u_npu_core/u_core/u_vexu/div_859/u_div/u_add_PartRem_1_6
                                     169.0920      0.0     169.0920      0.0000       0.0000  vexu_EN_RVV1_DW01_add_2425
u_npu_core/u_core/u_vexu/div_859/u_div/u_add_PartRem_1_7
                                     171.9900      0.0     171.9900      0.0000       0.0000  vexu_EN_RVV1_DW01_add_2426
u_npu_core/u_core/u_vexu/div_859/u_div/u_add_PartRem_2_1
                                     139.9860      0.0     139.9860      0.0000       0.0000  vexu_EN_RVV1_DW01_add_2413
u_npu_core/u_core/u_vexu/div_859/u_div/u_add_PartRem_2_2
                                     136.8360      0.0     136.8360      0.0000       0.0000  vexu_EN_RVV1_DW01_add_2414
u_npu_core/u_core/u_vexu/div_859/u_div/u_add_PartRem_2_3
                                     149.8140      0.0     149.8140      0.0000       0.0000  vexu_EN_RVV1_DW01_add_2415
u_npu_core/u_core/u_vexu/div_859/u_div/u_add_PartRem_2_4
                                     131.4180      0.0     131.4180      0.0000       0.0000  vexu_EN_RVV1_DW01_add_2416
u_npu_core/u_core/u_vexu/div_859/u_div/u_add_PartRem_2_5
                                     150.3180      0.0     150.3180      0.0000       0.0000  vexu_EN_RVV1_DW01_add_2417
u_npu_core/u_core/u_vexu/div_859/u_div/u_add_PartRem_2_6
                                     148.9320      0.0     148.9320      0.0000       0.0000  vexu_EN_RVV1_DW01_add_2418
u_npu_core/u_core/u_vexu/div_859/u_div/u_add_PartRem_2_7
                                     149.4360      0.0     149.4360      0.0000       0.0000  vexu_EN_RVV1_DW01_add_2419
u_npu_core/u_core/u_vexu/div_859/u_div/u_add_PartRem_3_1
                                     125.2440      0.0     125.2440      0.0000       0.0000  vexu_EN_RVV1_DW01_add_2406
u_npu_core/u_core/u_vexu/div_859/u_div/u_add_PartRem_3_2
                                     119.9520      0.0     119.9520      0.0000       0.0000  vexu_EN_RVV1_DW01_add_2407
u_npu_core/u_core/u_vexu/div_859/u_div/u_add_PartRem_3_3
                                     133.3080      0.0     133.3080      0.0000       0.0000  vexu_EN_RVV1_DW01_add_2408
u_npu_core/u_core/u_vexu/div_859/u_div/u_add_PartRem_3_4
                                     113.7780      0.0     113.7780      0.0000       0.0000  vexu_EN_RVV1_DW01_add_2409
u_npu_core/u_core/u_vexu/div_859/u_div/u_add_PartRem_3_5
                                     134.0640      0.0     134.0640      0.0000       0.0000  vexu_EN_RVV1_DW01_add_2410
u_npu_core/u_core/u_vexu/div_859/u_div/u_add_PartRem_3_6
                                     131.7960      0.0     131.7960      0.0000       0.0000  vexu_EN_RVV1_DW01_add_2411
u_npu_core/u_core/u_vexu/div_859/u_div/u_add_PartRem_3_7
                                     133.6860      0.0     133.6860      0.0000       0.0000  vexu_EN_RVV1_DW01_add_2412
u_npu_core/u_core/u_vexu/div_859/u_div/u_add_PartRem_4_1
                                     109.2420      0.0     109.2420      0.0000       0.0000  vexu_EN_RVV1_DW01_add_2399
u_npu_core/u_core/u_vexu/div_859/u_div/u_add_PartRem_4_2
                                     104.0760      0.0     104.0760      0.0000       0.0000  vexu_EN_RVV1_DW01_add_2400
u_npu_core/u_core/u_vexu/div_859/u_div/u_add_PartRem_4_3
                                     112.3920      0.0     112.3920      0.0000       0.0000  vexu_EN_RVV1_DW01_add_2401
u_npu_core/u_core/u_vexu/div_859/u_div/u_add_PartRem_4_4
                                      98.9100      0.0      98.9100      0.0000       0.0000  vexu_EN_RVV1_DW01_add_2402
u_npu_core/u_core/u_vexu/div_859/u_div/u_add_PartRem_4_5
                                     113.7780      0.0     113.7780      0.0000       0.0000  vexu_EN_RVV1_DW01_add_2403
u_npu_core/u_core/u_vexu/div_859/u_div/u_add_PartRem_4_6
                                     112.0140      0.0     112.0140      0.0000       0.0000  vexu_EN_RVV1_DW01_add_2404
u_npu_core/u_core/u_vexu/div_859/u_div/u_add_PartRem_4_7
                                     112.8960      0.0     112.8960      0.0000       0.0000  vexu_EN_RVV1_DW01_add_2405
u_npu_core/u_core/u_vexu/div_859/u_div/u_add_PartRem_5_1
                                      93.6180      0.0      93.6180      0.0000       0.0000  vexu_EN_RVV1_DW01_add_2392
u_npu_core/u_core/u_vexu/div_859/u_div/u_add_PartRem_5_2
                                      87.9480      0.0      87.9480      0.0000       0.0000  vexu_EN_RVV1_DW01_add_2393
u_npu_core/u_core/u_vexu/div_859/u_div/u_add_PartRem_5_3
                                      96.3900      0.0      96.3900      0.0000       0.0000  vexu_EN_RVV1_DW01_add_2394
u_npu_core/u_core/u_vexu/div_859/u_div/u_add_PartRem_5_4
                                      87.3180      0.0      87.3180      0.0000       0.0000  vexu_EN_RVV1_DW01_add_2395
u_npu_core/u_core/u_vexu/div_859/u_div/u_add_PartRem_5_5
                                      96.6420      0.0      96.6420      0.0000       0.0000  vexu_EN_RVV1_DW01_add_2396
u_npu_core/u_core/u_vexu/div_859/u_div/u_add_PartRem_5_6
                                      95.0040      0.0      95.0040      0.0000       0.0000  vexu_EN_RVV1_DW01_add_2397
u_npu_core/u_core/u_vexu/div_859/u_div/u_add_PartRem_5_7
                                      96.6420      0.0      96.6420      0.0000       0.0000  vexu_EN_RVV1_DW01_add_2398
u_npu_core/u_core/u_vexu/div_859/u_div/u_add_PartRem_6_1
                                      80.2620      0.0      80.2620      0.0000       0.0000  vexu_EN_RVV1_DW01_add_2385
u_npu_core/u_core/u_vexu/div_859/u_div/u_add_PartRem_6_2
                                      74.0880      0.0      74.0880      0.0000       0.0000  vexu_EN_RVV1_DW01_add_2386
u_npu_core/u_core/u_vexu/div_859/u_div/u_add_PartRem_6_3
                                      83.0340      0.0      83.0340      0.0000       0.0000  vexu_EN_RVV1_DW01_add_2387
u_npu_core/u_core/u_vexu/div_859/u_div/u_add_PartRem_6_4
                                      69.3000      0.0      69.3000      0.0000       0.0000  vexu_EN_RVV1_DW01_add_2388
u_npu_core/u_core/u_vexu/div_859/u_div/u_add_PartRem_6_5
                                      83.5380      0.0      83.5380      0.0000       0.0000  vexu_EN_RVV1_DW01_add_2389
u_npu_core/u_core/u_vexu/div_859/u_div/u_add_PartRem_6_6
                                      80.0100      0.0      80.0100      0.0000       0.0000  vexu_EN_RVV1_DW01_add_2390
u_npu_core/u_core/u_vexu/div_859/u_div/u_add_PartRem_6_7
                                      82.6560      0.0      82.6560      0.0000       0.0000  vexu_EN_RVV1_DW01_add_2391
u_npu_core/u_core/u_vexu/div_859/u_div/u_add_PartRem_7_1
                                      63.8820      0.0      63.8820      0.0000       0.0000  vexu_EN_RVV1_DW01_add_2378
u_npu_core/u_core/u_vexu/div_859/u_div/u_add_PartRem_7_2
                                      58.9680      0.0      58.9680      0.0000       0.0000  vexu_EN_RVV1_DW01_add_2379
u_npu_core/u_core/u_vexu/div_859/u_div/u_add_PartRem_7_3
                                      66.1500      0.0      66.1500      0.0000       0.0000  vexu_EN_RVV1_DW01_add_2380
u_npu_core/u_core/u_vexu/div_859/u_div/u_add_PartRem_7_4
                                      55.0620      0.0      55.0620      0.0000       0.0000  vexu_EN_RVV1_DW01_add_2381
u_npu_core/u_core/u_vexu/div_859/u_div/u_add_PartRem_7_5
                                      66.4020      0.0      66.4020      0.0000       0.0000  vexu_EN_RVV1_DW01_add_2382
u_npu_core/u_core/u_vexu/div_859/u_div/u_add_PartRem_7_6
                                      63.7560      0.0      63.7560      0.0000       0.0000  vexu_EN_RVV1_DW01_add_2383
u_npu_core/u_core/u_vexu/div_859/u_div/u_add_PartRem_7_7
                                      67.5360      0.0      67.5360      0.0000       0.0000  vexu_EN_RVV1_DW01_add_2384
u_npu_core/u_core/u_vexu/div_859/u_div/u_add_PartRem_8_1
                                      49.2660      0.0      49.2660      0.0000       0.0000  vexu_EN_RVV1_DW01_add_2371
u_npu_core/u_core/u_vexu/div_859/u_div/u_add_PartRem_8_2
                                      46.9980      0.0      46.9980      0.0000       0.0000  vexu_EN_RVV1_DW01_add_2372
u_npu_core/u_core/u_vexu/div_859/u_div/u_add_PartRem_8_3
                                      50.0220      0.0      50.0220      0.0000       0.0000  vexu_EN_RVV1_DW01_add_2373
u_npu_core/u_core/u_vexu/div_859/u_div/u_add_PartRem_8_4
                                      36.2880      0.0      36.2880      0.0000       0.0000  vexu_EN_RVV1_DW01_add_2374
u_npu_core/u_core/u_vexu/div_859/u_div/u_add_PartRem_8_5
                                      51.7860      0.0      51.7860      0.0000       0.0000  vexu_EN_RVV1_DW01_add_2375
u_npu_core/u_core/u_vexu/div_859/u_div/u_add_PartRem_8_6
                                      49.1400      0.0      49.1400      0.0000       0.0000  vexu_EN_RVV1_DW01_add_2376
u_npu_core/u_core/u_vexu/div_859/u_div/u_add_PartRem_8_7
                                      51.7860      0.0      51.7860      0.0000       0.0000  vexu_EN_RVV1_DW01_add_2377
u_npu_core/u_core/u_vexu/div_859/u_div/u_add_PartRem_9_1
                                      32.1300      0.0      32.1300      0.0000       0.0000  vexu_EN_RVV1_DW01_add_2364
u_npu_core/u_core/u_vexu/div_859/u_div/u_add_PartRem_9_2
                                      28.8540      0.0      28.8540      0.0000       0.0000  vexu_EN_RVV1_DW01_add_2365
u_npu_core/u_core/u_vexu/div_859/u_div/u_add_PartRem_9_3
                                      33.1380      0.0      33.1380      0.0000       0.0000  vexu_EN_RVV1_DW01_add_2366
u_npu_core/u_core/u_vexu/div_859/u_div/u_add_PartRem_9_4
                                      28.8540      0.0      28.8540      0.0000       0.0000  vexu_EN_RVV1_DW01_add_2367
u_npu_core/u_core/u_vexu/div_859/u_div/u_add_PartRem_9_5
                                      33.6420      0.0      33.6420      0.0000       0.0000  vexu_EN_RVV1_DW01_add_2368
u_npu_core/u_core/u_vexu/div_859/u_div/u_add_PartRem_9_6
                                      30.2400      0.0      30.2400      0.0000       0.0000  vexu_EN_RVV1_DW01_add_2369
u_npu_core/u_core/u_vexu/div_859/u_div/u_add_PartRem_9_7
                                      32.8860      0.0      32.8860      0.0000       0.0000  vexu_EN_RVV1_DW01_add_2370
u_npu_core/u_core/u_vexu/div_859_G2/u_div/u_add_B3
                                     168.3360      0.0     168.3360      0.0000       0.0000  vexu_EN_RVV1_DW01_add_4219
u_npu_core/u_core/u_vexu/div_859_G2/u_div/u_add_B5
                                     110.8800      0.0     110.8800      0.0000       0.0000  vexu_EN_RVV1_DW01_add_4216
u_npu_core/u_core/u_vexu/div_859_G2/u_div/u_add_B6
                                     161.4060      0.0     161.4060      0.0000       0.0000  vexu_EN_RVV1_DW01_add_4214
u_npu_core/u_core/u_vexu/div_859_G2/u_div/u_add_B7
                                     147.2940      0.0     147.2940      0.0000       0.0000  vexu_EN_RVV1_DW01_sub_288
u_npu_core/u_core/u_vexu/div_859_G2/u_div/u_add_PartRem_0_1
                                      51.1560      0.0      51.1560      0.0000       0.0000  vexu_EN_RVV1_DW01_add_4222
u_npu_core/u_core/u_vexu/div_859_G2/u_div/u_add_PartRem_0_2
                                      50.4000      0.0      50.4000      0.0000       0.0000  vexu_EN_RVV1_DW01_add_4221
u_npu_core/u_core/u_vexu/div_859_G2/u_div/u_add_PartRem_0_3
                                      53.2980      0.0      53.2980      0.0000       0.0000  vexu_EN_RVV1_DW01_add_4220
u_npu_core/u_core/u_vexu/div_859_G2/u_div/u_add_PartRem_0_4
                                      49.7700      0.0      49.7700      0.0000       0.0000  vexu_EN_RVV1_DW01_add_4218
u_npu_core/u_core/u_vexu/div_859_G2/u_div/u_add_PartRem_0_5
                                      54.0540      0.0      54.0540      0.0000       0.0000  vexu_EN_RVV1_DW01_add_4217
u_npu_core/u_core/u_vexu/div_859_G2/u_div/u_add_PartRem_0_6
                                      51.9120      0.0      51.9120      0.0000       0.0000  vexu_EN_RVV1_DW01_add_4215
u_npu_core/u_core/u_vexu/div_859_G2/u_div/u_add_PartRem_0_7
                                      54.0540      0.0      54.0540      0.0000       0.0000  vexu_EN_RVV1_DW01_add_4213
u_npu_core/u_core/u_vexu/div_859_G2/u_div/u_add_PartRem_10_1
                                      14.4900      0.0      14.4900      0.0000       0.0000  vexu_EN_RVV1_DW01_add_2517
u_npu_core/u_core/u_vexu/div_859_G2/u_div/u_add_PartRem_10_2
                                       9.9540      0.0       9.9540      0.0000       0.0000  vexu_EN_RVV1_DW01_add_2518
u_npu_core/u_core/u_vexu/div_859_G2/u_div/u_add_PartRem_10_3
                                      17.7660      0.0      17.7660      0.0000       0.0000  vexu_EN_RVV1_DW01_add_2519
u_npu_core/u_core/u_vexu/div_859_G2/u_div/u_add_PartRem_1_1
                                     105.8400      0.0     105.8400      0.0000       0.0000  vexu_EN_RVV1_DW01_add_4229
u_npu_core/u_core/u_vexu/div_859_G2/u_div/u_add_PartRem_1_2
                                     104.4540      0.0     104.4540      0.0000       0.0000  vexu_EN_RVV1_DW01_add_4228
u_npu_core/u_core/u_vexu/div_859_G2/u_div/u_add_PartRem_1_3
                                     107.6040      0.0     107.6040      0.0000       0.0000  vexu_EN_RVV1_DW01_add_4227
u_npu_core/u_core/u_vexu/div_859_G2/u_div/u_add_PartRem_1_4
                                     103.0680      0.0     103.0680      0.0000       0.0000  vexu_EN_RVV1_DW01_add_4226
u_npu_core/u_core/u_vexu/div_859_G2/u_div/u_add_PartRem_1_5
                                     108.3600      0.0     108.3600      0.0000       0.0000  vexu_EN_RVV1_DW01_add_4225
u_npu_core/u_core/u_vexu/div_859_G2/u_div/u_add_PartRem_1_6
                                     106.2180      0.0     106.2180      0.0000       0.0000  vexu_EN_RVV1_DW01_add_4224
u_npu_core/u_core/u_vexu/div_859_G2/u_div/u_add_PartRem_1_7
                                     108.3600      0.0     108.3600      0.0000       0.0000  vexu_EN_RVV1_DW01_add_4223
u_npu_core/u_core/u_vexu/div_859_G2/u_div/u_add_PartRem_2_1
                                      97.3980      0.0      97.3980      0.0000       0.0000  vexu_EN_RVV1_DW01_add_4236
u_npu_core/u_core/u_vexu/div_859_G2/u_div/u_add_PartRem_2_2
                                      96.1380      0.0      96.1380      0.0000       0.0000  vexu_EN_RVV1_DW01_add_4235
u_npu_core/u_core/u_vexu/div_859_G2/u_div/u_add_PartRem_2_3
                                      98.0280      0.0      98.0280      0.0000       0.0000  vexu_EN_RVV1_DW01_add_4234
u_npu_core/u_core/u_vexu/div_859_G2/u_div/u_add_PartRem_2_4
                                      94.5000      0.0      94.5000      0.0000       0.0000  vexu_EN_RVV1_DW01_add_4233
u_npu_core/u_core/u_vexu/div_859_G2/u_div/u_add_PartRem_2_5
                                      98.5320      0.0      98.5320      0.0000       0.0000  vexu_EN_RVV1_DW01_add_4232
u_npu_core/u_core/u_vexu/div_859_G2/u_div/u_add_PartRem_2_6
                                      97.1460      0.0      97.1460      0.0000       0.0000  vexu_EN_RVV1_DW01_add_4231
u_npu_core/u_core/u_vexu/div_859_G2/u_div/u_add_PartRem_2_7
                                      98.9100      0.0      98.9100      0.0000       0.0000  vexu_EN_RVV1_DW01_add_4230
u_npu_core/u_core/u_vexu/div_859_G2/u_div/u_add_PartRem_3_1
                                      84.7980      0.0      84.7980      0.0000       0.0000  vexu_EN_RVV1_DW01_add_4243
u_npu_core/u_core/u_vexu/div_859_G2/u_div/u_add_PartRem_3_2
                                      85.8060      0.0      85.8060      0.0000       0.0000  vexu_EN_RVV1_DW01_add_4242
u_npu_core/u_core/u_vexu/div_859_G2/u_div/u_add_PartRem_3_3
                                      87.9480      0.0      87.9480      0.0000       0.0000  vexu_EN_RVV1_DW01_add_4241
u_npu_core/u_core/u_vexu/div_859_G2/u_div/u_add_PartRem_3_4
                                      83.7900      0.0      83.7900      0.0000       0.0000  vexu_EN_RVV1_DW01_add_4240
u_npu_core/u_core/u_vexu/div_859_G2/u_div/u_add_PartRem_3_5
                                      88.4520      0.0      88.4520      0.0000       0.0000  vexu_EN_RVV1_DW01_add_4239
u_npu_core/u_core/u_vexu/div_859_G2/u_div/u_add_PartRem_3_6
                                      86.8140      0.0      86.8140      0.0000       0.0000  vexu_EN_RVV1_DW01_add_4238
u_npu_core/u_core/u_vexu/div_859_G2/u_div/u_add_PartRem_3_7
                                      88.5780      0.0      88.5780      0.0000       0.0000  vexu_EN_RVV1_DW01_add_4237
u_npu_core/u_core/u_vexu/div_859_G2/u_div/u_add_PartRem_4_1
                                      77.2380      0.0      77.2380      0.0000       0.0000  vexu_EN_RVV1_DW01_add_4250
u_npu_core/u_core/u_vexu/div_859_G2/u_div/u_add_PartRem_4_2
                                      75.7260      0.0      75.7260      0.0000       0.0000  vexu_EN_RVV1_DW01_add_4249
u_npu_core/u_core/u_vexu/div_859_G2/u_div/u_add_PartRem_4_3
                                      78.4980      0.0      78.4980      0.0000       0.0000  vexu_EN_RVV1_DW01_add_4248
u_npu_core/u_core/u_vexu/div_859_G2/u_div/u_add_PartRem_4_4
                                      74.8440      0.0      74.8440      0.0000       0.0000  vexu_EN_RVV1_DW01_add_4247
u_npu_core/u_core/u_vexu/div_859_G2/u_div/u_add_PartRem_4_5
                                      79.3800      0.0      79.3800      0.0000       0.0000  vexu_EN_RVV1_DW01_add_4246
u_npu_core/u_core/u_vexu/div_859_G2/u_div/u_add_PartRem_4_6
                                      76.6080      0.0      76.6080      0.0000       0.0000  vexu_EN_RVV1_DW01_add_4245
u_npu_core/u_core/u_vexu/div_859_G2/u_div/u_add_PartRem_4_7
                                      79.3800      0.0      79.3800      0.0000       0.0000  vexu_EN_RVV1_DW01_add_4244
u_npu_core/u_core/u_vexu/div_859_G2/u_div/u_add_PartRem_5_1
                                      67.2840      0.0      67.2840      0.0000       0.0000  vexu_EN_RVV1_DW01_add_4257
u_npu_core/u_core/u_vexu/div_859_G2/u_div/u_add_PartRem_5_2
                                      65.7720      0.0      65.7720      0.0000       0.0000  vexu_EN_RVV1_DW01_add_4256
u_npu_core/u_core/u_vexu/div_859_G2/u_div/u_add_PartRem_5_3
                                      68.7960      0.0      68.7960      0.0000       0.0000  vexu_EN_RVV1_DW01_add_4255
u_npu_core/u_core/u_vexu/div_859_G2/u_div/u_add_PartRem_5_4
                                      63.3780      0.0      63.3780      0.0000       0.0000  vexu_EN_RVV1_DW01_add_4254
u_npu_core/u_core/u_vexu/div_859_G2/u_div/u_add_PartRem_5_5
                                      68.9220      0.0      68.9220      0.0000       0.0000  vexu_EN_RVV1_DW01_add_4253
u_npu_core/u_core/u_vexu/div_859_G2/u_div/u_add_PartRem_5_6
                                      66.7800      0.0      66.7800      0.0000       0.0000  vexu_EN_RVV1_DW01_add_4252
u_npu_core/u_core/u_vexu/div_859_G2/u_div/u_add_PartRem_5_7
                                      68.5440      0.0      68.5440      0.0000       0.0000  vexu_EN_RVV1_DW01_add_4251
u_npu_core/u_core/u_vexu/div_859_G2/u_div/u_add_PartRem_6_1
                                      57.2040      0.0      57.2040      0.0000       0.0000  vexu_EN_RVV1_DW01_add_4264
u_npu_core/u_core/u_vexu/div_859_G2/u_div/u_add_PartRem_6_2
                                      55.6920      0.0      55.6920      0.0000       0.0000  vexu_EN_RVV1_DW01_add_4263
u_npu_core/u_core/u_vexu/div_859_G2/u_div/u_add_PartRem_6_3
                                      58.2120      0.0      58.2120      0.0000       0.0000  vexu_EN_RVV1_DW01_add_4262
u_npu_core/u_core/u_vexu/div_859_G2/u_div/u_add_PartRem_6_4
                                      53.9280      0.0      53.9280      0.0000       0.0000  vexu_EN_RVV1_DW01_add_4261
u_npu_core/u_core/u_vexu/div_859_G2/u_div/u_add_PartRem_6_5
                                      59.0940      0.0      59.0940      0.0000       0.0000  vexu_EN_RVV1_DW01_add_4260
u_npu_core/u_core/u_vexu/div_859_G2/u_div/u_add_PartRem_6_6
                                      56.5740      0.0      56.5740      0.0000       0.0000  vexu_EN_RVV1_DW01_add_4259
u_npu_core/u_core/u_vexu/div_859_G2/u_div/u_add_PartRem_6_7
                                      59.0940      0.0      59.0940      0.0000       0.0000  vexu_EN_RVV1_DW01_add_4258
u_npu_core/u_core/u_vexu/div_859_G2/u_div/u_add_PartRem_7_1
                                      64.0080      0.0      64.0080      0.0000       0.0000  vexu_EN_RVV1_DW01_add_2538
u_npu_core/u_core/u_vexu/div_859_G2/u_div/u_add_PartRem_7_2
                                      45.6120      0.0      45.6120      0.0000       0.0000  vexu_EN_RVV1_DW01_add_4270
u_npu_core/u_core/u_vexu/div_859_G2/u_div/u_add_PartRem_7_3
                                      48.2580      0.0      48.2580      0.0000       0.0000  vexu_EN_RVV1_DW01_add_4269
u_npu_core/u_core/u_vexu/div_859_G2/u_div/u_add_PartRem_7_4
                                      44.1000      0.0      44.1000      0.0000       0.0000  vexu_EN_RVV1_DW01_add_4268
u_npu_core/u_core/u_vexu/div_859_G2/u_div/u_add_PartRem_7_5
                                      48.7620      0.0      48.7620      0.0000       0.0000  vexu_EN_RVV1_DW01_add_4267
u_npu_core/u_core/u_vexu/div_859_G2/u_div/u_add_PartRem_7_6
                                      46.9980      0.0      46.9980      0.0000       0.0000  vexu_EN_RVV1_DW01_add_4266
u_npu_core/u_core/u_vexu/div_859_G2/u_div/u_add_PartRem_7_7
                                      48.7620      0.0      48.7620      0.0000       0.0000  vexu_EN_RVV1_DW01_add_4265
u_npu_core/u_core/u_vexu/div_859_G2/u_div/u_add_PartRem_8_1
                                      49.2660      0.0      49.2660      0.0000       0.0000  vexu_EN_RVV1_DW01_add_2531
u_npu_core/u_core/u_vexu/div_859_G2/u_div/u_add_PartRem_8_2
                                      36.4140      0.0      36.4140      0.0000       0.0000  vexu_EN_RVV1_DW01_add_4277
u_npu_core/u_core/u_vexu/div_859_G2/u_div/u_add_PartRem_8_3
                                      38.6820      0.0      38.6820      0.0000       0.0000  vexu_EN_RVV1_DW01_add_4276
u_npu_core/u_core/u_vexu/div_859_G2/u_div/u_add_PartRem_8_4
                                      34.0200      0.0      34.0200      0.0000       0.0000  vexu_EN_RVV1_DW01_add_4275
u_npu_core/u_core/u_vexu/div_859_G2/u_div/u_add_PartRem_8_5
                                      39.1860      0.0      39.1860      0.0000       0.0000  vexu_EN_RVV1_DW01_add_4274
u_npu_core/u_core/u_vexu/div_859_G2/u_div/u_add_PartRem_8_6
                                      37.0440      0.0      37.0440      0.0000       0.0000  vexu_EN_RVV1_DW01_add_4273
u_npu_core/u_core/u_vexu/div_859_G2/u_div/u_add_PartRem_8_7
                                      39.1860      0.0      39.1860      0.0000       0.0000  vexu_EN_RVV1_DW01_add_4272
u_npu_core/u_core/u_vexu/div_859_G2/u_div/u_add_PartRem_9_1
                                      32.1300      0.0      32.1300      0.0000       0.0000  vexu_EN_RVV1_DW01_add_2524
u_npu_core/u_core/u_vexu/div_859_G2/u_div/u_add_PartRem_9_2
                                      27.5940      0.0      27.5940      0.0000       0.0000  vexu_EN_RVV1_DW01_add_2525
u_npu_core/u_core/u_vexu/div_859_G2/u_div/u_add_PartRem_9_3
                                      28.8540      0.0      28.8540      0.0000       0.0000  vexu_EN_RVV1_DW01_add_4283
u_npu_core/u_core/u_vexu/div_859_G2/u_div/u_add_PartRem_9_4
                                      24.9480      0.0      24.9480      0.0000       0.0000  vexu_EN_RVV1_DW01_add_4282
u_npu_core/u_core/u_vexu/div_859_G2/u_div/u_add_PartRem_9_5
                                      29.3580      0.0      29.3580      0.0000       0.0000  vexu_EN_RVV1_DW01_add_4281
u_npu_core/u_core/u_vexu/div_859_G2/u_div/u_add_PartRem_9_6
                                      27.2160      0.0      27.2160      0.0000       0.0000  vexu_EN_RVV1_DW01_add_4280
u_npu_core/u_core/u_vexu/div_859_G2/u_div/u_add_PartRem_9_7
                                      29.7360      0.0      29.7360      0.0000       0.0000  vexu_EN_RVV1_DW01_add_4279
u_npu_core/u_core/u_vexu/div_859_G3/u_div/u_add_B3
                                     142.3800      0.0     142.3800      0.0000       0.0000  vexu_EN_RVV1_DW01_add_4139
u_npu_core/u_core/u_vexu/div_859_G3/u_div/u_add_B5
                                     169.2180      0.0     169.2180      0.0000       0.0000  vexu_EN_RVV1_DW01_add_2595
u_npu_core/u_core/u_vexu/div_859_G3/u_div/u_add_B6
                                     135.5760      0.0     135.5760      0.0000       0.0000  vexu_EN_RVV1_DW01_add_4134
u_npu_core/u_core/u_vexu/div_859_G3/u_div/u_add_B7
                                     123.9840      0.0     123.9840      0.0000       0.0000  vexu_EN_RVV1_DW01_sub_287
u_npu_core/u_core/u_vexu/div_859_G3/u_div/u_add_PartRem_0_1
                                      51.1560      0.0      51.1560      0.0000       0.0000  vexu_EN_RVV1_DW01_add_4142
u_npu_core/u_core/u_vexu/div_859_G3/u_div/u_add_PartRem_0_2
                                      50.4000      0.0      50.4000      0.0000       0.0000  vexu_EN_RVV1_DW01_add_4141
u_npu_core/u_core/u_vexu/div_859_G3/u_div/u_add_PartRem_0_3
                                      53.2980      0.0      53.2980      0.0000       0.0000  vexu_EN_RVV1_DW01_add_4140
u_npu_core/u_core/u_vexu/div_859_G3/u_div/u_add_PartRem_0_4
                                      48.8880      0.0      48.8880      0.0000       0.0000  vexu_EN_RVV1_DW01_add_4138
u_npu_core/u_core/u_vexu/div_859_G3/u_div/u_add_PartRem_0_5
                                      54.0540      0.0      54.0540      0.0000       0.0000  vexu_EN_RVV1_DW01_add_4137
u_npu_core/u_core/u_vexu/div_859_G3/u_div/u_add_PartRem_0_6
                                      51.9120      0.0      51.9120      0.0000       0.0000  vexu_EN_RVV1_DW01_add_4135
u_npu_core/u_core/u_vexu/div_859_G3/u_div/u_add_PartRem_0_7
                                      54.0540      0.0      54.0540      0.0000       0.0000  vexu_EN_RVV1_DW01_add_4133
u_npu_core/u_core/u_vexu/div_859_G3/u_div/u_add_PartRem_10_1
                                      14.4900      0.0      14.4900      0.0000       0.0000  vexu_EN_RVV1_DW01_add_2597
u_npu_core/u_core/u_vexu/div_859_G3/u_div/u_add_PartRem_10_2
                                       9.9540      0.0       9.9540      0.0000       0.0000  vexu_EN_RVV1_DW01_add_2598
u_npu_core/u_core/u_vexu/div_859_G3/u_div/u_add_PartRem_10_3
                                      17.3880      0.0      17.3880      0.0000       0.0000  vexu_EN_RVV1_DW01_add_2599
u_npu_core/u_core/u_vexu/div_859_G3/u_div/u_add_PartRem_1_1
                                     105.8400      0.0     105.8400      0.0000       0.0000  vexu_EN_RVV1_DW01_add_4149
u_npu_core/u_core/u_vexu/div_859_G3/u_div/u_add_PartRem_1_2
                                     104.4540      0.0     104.4540      0.0000       0.0000  vexu_EN_RVV1_DW01_add_4148
u_npu_core/u_core/u_vexu/div_859_G3/u_div/u_add_PartRem_1_3
                                     107.3520      0.0     107.3520      0.0000       0.0000  vexu_EN_RVV1_DW01_add_4147
u_npu_core/u_core/u_vexu/div_859_G3/u_div/u_add_PartRem_1_4
                                     103.9500      0.0     103.9500      0.0000       0.0000  vexu_EN_RVV1_DW01_add_4146
u_npu_core/u_core/u_vexu/div_859_G3/u_div/u_add_PartRem_1_5
                                     107.6040      0.0     107.6040      0.0000       0.0000  vexu_EN_RVV1_DW01_add_4145
u_npu_core/u_core/u_vexu/div_859_G3/u_div/u_add_PartRem_1_6
                                     106.2180      0.0     106.2180      0.0000       0.0000  vexu_EN_RVV1_DW01_add_4144
u_npu_core/u_core/u_vexu/div_859_G3/u_div/u_add_PartRem_1_7
                                     108.3600      0.0     108.3600      0.0000       0.0000  vexu_EN_RVV1_DW01_add_4143
u_npu_core/u_core/u_vexu/div_859_G3/u_div/u_add_PartRem_2_1
                                      96.5160      0.0      96.5160      0.0000       0.0000  vexu_EN_RVV1_DW01_add_4156
u_npu_core/u_core/u_vexu/div_859_G3/u_div/u_add_PartRem_2_2
                                      95.7600      0.0      95.7600      0.0000       0.0000  vexu_EN_RVV1_DW01_add_4155
u_npu_core/u_core/u_vexu/div_859_G3/u_div/u_add_PartRem_2_3
                                      98.0280      0.0      98.0280      0.0000       0.0000  vexu_EN_RVV1_DW01_add_4154
u_npu_core/u_core/u_vexu/div_859_G3/u_div/u_add_PartRem_2_4
                                      93.8700      0.0      93.8700      0.0000       0.0000  vexu_EN_RVV1_DW01_add_4153
u_npu_core/u_core/u_vexu/div_859_G3/u_div/u_add_PartRem_2_5
                                      98.9100      0.0      98.9100      0.0000       0.0000  vexu_EN_RVV1_DW01_add_4152
u_npu_core/u_core/u_vexu/div_859_G3/u_div/u_add_PartRem_2_6
                                      96.7680      0.0      96.7680      0.0000       0.0000  vexu_EN_RVV1_DW01_add_4151
u_npu_core/u_core/u_vexu/div_859_G3/u_div/u_add_PartRem_2_7
                                      98.9100      0.0      98.9100      0.0000       0.0000  vexu_EN_RVV1_DW01_add_4150
u_npu_core/u_core/u_vexu/div_859_G3/u_div/u_add_PartRem_3_1
                                      85.1760      0.0      85.1760      0.0000       0.0000  vexu_EN_RVV1_DW01_add_4163
u_npu_core/u_core/u_vexu/div_859_G3/u_div/u_add_PartRem_3_2
                                      85.4280      0.0      85.4280      0.0000       0.0000  vexu_EN_RVV1_DW01_add_4162
u_npu_core/u_core/u_vexu/div_859_G3/u_div/u_add_PartRem_3_3
                                      87.4440      0.0      87.4440      0.0000       0.0000  vexu_EN_RVV1_DW01_add_4161
u_npu_core/u_core/u_vexu/div_859_G3/u_div/u_add_PartRem_3_4
                                      83.7900      0.0      83.7900      0.0000       0.0000  vexu_EN_RVV1_DW01_add_4160
u_npu_core/u_core/u_vexu/div_859_G3/u_div/u_add_PartRem_3_5
                                      88.4520      0.0      88.4520      0.0000       0.0000  vexu_EN_RVV1_DW01_add_4159
u_npu_core/u_core/u_vexu/div_859_G3/u_div/u_add_PartRem_3_6
                                      86.4360      0.0      86.4360      0.0000       0.0000  vexu_EN_RVV1_DW01_add_4158
u_npu_core/u_core/u_vexu/div_859_G3/u_div/u_add_PartRem_3_7
                                      88.4520      0.0      88.4520      0.0000       0.0000  vexu_EN_RVV1_DW01_add_4157
u_npu_core/u_core/u_vexu/div_859_G3/u_div/u_add_PartRem_4_1
                                      77.1120      0.0      77.1120      0.0000       0.0000  vexu_EN_RVV1_DW01_add_4170
u_npu_core/u_core/u_vexu/div_859_G3/u_div/u_add_PartRem_4_2
                                      75.7260      0.0      75.7260      0.0000       0.0000  vexu_EN_RVV1_DW01_add_4169
u_npu_core/u_core/u_vexu/div_859_G3/u_div/u_add_PartRem_4_3
                                      78.2460      0.0      78.2460      0.0000       0.0000  vexu_EN_RVV1_DW01_add_4168
u_npu_core/u_core/u_vexu/div_859_G3/u_div/u_add_PartRem_4_4
                                      73.5840      0.0      73.5840      0.0000       0.0000  vexu_EN_RVV1_DW01_add_4167
u_npu_core/u_core/u_vexu/div_859_G3/u_div/u_add_PartRem_4_5
                                      78.7500      0.0      78.7500      0.0000       0.0000  vexu_EN_RVV1_DW01_add_4166
u_npu_core/u_core/u_vexu/div_859_G3/u_div/u_add_PartRem_4_6
                                      76.6080      0.0      76.6080      0.0000       0.0000  vexu_EN_RVV1_DW01_add_4165
u_npu_core/u_core/u_vexu/div_859_G3/u_div/u_add_PartRem_4_7
                                      79.3800      0.0      79.3800      0.0000       0.0000  vexu_EN_RVV1_DW01_add_4164
u_npu_core/u_core/u_vexu/div_859_G3/u_div/u_add_PartRem_5_1
                                      67.0320      0.0      67.0320      0.0000       0.0000  vexu_EN_RVV1_DW01_add_4177
u_npu_core/u_core/u_vexu/div_859_G3/u_div/u_add_PartRem_5_2
                                      65.7720      0.0      65.7720      0.0000       0.0000  vexu_EN_RVV1_DW01_add_4176
u_npu_core/u_core/u_vexu/div_859_G3/u_div/u_add_PartRem_5_3
                                      68.4180      0.0      68.4180      0.0000       0.0000  vexu_EN_RVV1_DW01_add_4175
u_npu_core/u_core/u_vexu/div_859_G3/u_div/u_add_PartRem_5_4
                                      64.6380      0.0      64.6380      0.0000       0.0000  vexu_EN_RVV1_DW01_add_4174
u_npu_core/u_core/u_vexu/div_859_G3/u_div/u_add_PartRem_5_5
                                      68.9220      0.0      68.9220      0.0000       0.0000  vexu_EN_RVV1_DW01_add_4173
u_npu_core/u_core/u_vexu/div_859_G3/u_div/u_add_PartRem_5_6
                                      66.7800      0.0      66.7800      0.0000       0.0000  vexu_EN_RVV1_DW01_add_4172
u_npu_core/u_core/u_vexu/div_859_G3/u_div/u_add_PartRem_5_7
                                      68.5440      0.0      68.5440      0.0000       0.0000  vexu_EN_RVV1_DW01_add_4171
u_npu_core/u_core/u_vexu/div_859_G3/u_div/u_add_PartRem_6_1
                                      57.2040      0.0      57.2040      0.0000       0.0000  vexu_EN_RVV1_DW01_add_4184
u_npu_core/u_core/u_vexu/div_859_G3/u_div/u_add_PartRem_6_2
                                      55.5660      0.0      55.5660      0.0000       0.0000  vexu_EN_RVV1_DW01_add_4183
u_npu_core/u_core/u_vexu/div_859_G3/u_div/u_add_PartRem_6_3
                                      58.2120      0.0      58.2120      0.0000       0.0000  vexu_EN_RVV1_DW01_add_4182
u_npu_core/u_core/u_vexu/div_859_G3/u_div/u_add_PartRem_6_4
                                      53.9280      0.0      53.9280      0.0000       0.0000  vexu_EN_RVV1_DW01_add_4181
u_npu_core/u_core/u_vexu/div_859_G3/u_div/u_add_PartRem_6_5
                                      59.0940      0.0      59.0940      0.0000       0.0000  vexu_EN_RVV1_DW01_add_4180
u_npu_core/u_core/u_vexu/div_859_G3/u_div/u_add_PartRem_6_6
                                      56.5740      0.0      56.5740      0.0000       0.0000  vexu_EN_RVV1_DW01_add_4179
u_npu_core/u_core/u_vexu/div_859_G3/u_div/u_add_PartRem_6_7
                                      59.0940      0.0      59.0940      0.0000       0.0000  vexu_EN_RVV1_DW01_add_4178
u_npu_core/u_core/u_vexu/div_859_G3/u_div/u_add_PartRem_7_1
                                      64.0080      0.0      64.0080      0.0000       0.0000  vexu_EN_RVV1_DW01_add_2618
u_npu_core/u_core/u_vexu/div_859_G3/u_div/u_add_PartRem_7_2
                                      45.6120      0.0      45.6120      0.0000       0.0000  vexu_EN_RVV1_DW01_add_4190
u_npu_core/u_core/u_vexu/div_859_G3/u_div/u_add_PartRem_7_3
                                      48.2580      0.0      48.2580      0.0000       0.0000  vexu_EN_RVV1_DW01_add_4189
u_npu_core/u_core/u_vexu/div_859_G3/u_div/u_add_PartRem_7_4
                                      43.5960      0.0      43.5960      0.0000       0.0000  vexu_EN_RVV1_DW01_add_4188
u_npu_core/u_core/u_vexu/div_859_G3/u_div/u_add_PartRem_7_5
                                      48.7620      0.0      48.7620      0.0000       0.0000  vexu_EN_RVV1_DW01_add_4187
u_npu_core/u_core/u_vexu/div_859_G3/u_div/u_add_PartRem_7_6
                                      46.6200      0.0      46.6200      0.0000       0.0000  vexu_EN_RVV1_DW01_add_4186
u_npu_core/u_core/u_vexu/div_859_G3/u_div/u_add_PartRem_7_7
                                      48.7620      0.0      48.7620      0.0000       0.0000  vexu_EN_RVV1_DW01_add_4185
u_npu_core/u_core/u_vexu/div_859_G3/u_div/u_add_PartRem_8_1
                                      49.2660      0.0      49.2660      0.0000       0.0000  vexu_EN_RVV1_DW01_add_2611
u_npu_core/u_core/u_vexu/div_859_G3/u_div/u_add_PartRem_8_2
                                      36.4140      0.0      36.4140      0.0000       0.0000  vexu_EN_RVV1_DW01_add_4197
u_npu_core/u_core/u_vexu/div_859_G3/u_div/u_add_PartRem_8_3
                                      38.6820      0.0      38.6820      0.0000       0.0000  vexu_EN_RVV1_DW01_add_4196
u_npu_core/u_core/u_vexu/div_859_G3/u_div/u_add_PartRem_8_4
                                      34.0200      0.0      34.0200      0.0000       0.0000  vexu_EN_RVV1_DW01_add_4195
u_npu_core/u_core/u_vexu/div_859_G3/u_div/u_add_PartRem_8_5
                                      39.1860      0.0      39.1860      0.0000       0.0000  vexu_EN_RVV1_DW01_add_4194
u_npu_core/u_core/u_vexu/div_859_G3/u_div/u_add_PartRem_8_6
                                      37.0440      0.0      37.0440      0.0000       0.0000  vexu_EN_RVV1_DW01_add_4193
u_npu_core/u_core/u_vexu/div_859_G3/u_div/u_add_PartRem_8_7
                                      39.1860      0.0      39.1860      0.0000       0.0000  vexu_EN_RVV1_DW01_add_4192
u_npu_core/u_core/u_vexu/div_859_G3/u_div/u_add_PartRem_9_1
                                      32.1300      0.0      32.1300      0.0000       0.0000  vexu_EN_RVV1_DW01_add_2604
u_npu_core/u_core/u_vexu/div_859_G3/u_div/u_add_PartRem_9_2
                                      26.9640      0.0      26.9640      0.0000       0.0000  vexu_EN_RVV1_DW01_add_4204
u_npu_core/u_core/u_vexu/div_859_G3/u_div/u_add_PartRem_9_3
                                      28.8540      0.0      28.8540      0.0000       0.0000  vexu_EN_RVV1_DW01_add_4203
u_npu_core/u_core/u_vexu/div_859_G3/u_div/u_add_PartRem_9_4
                                      24.9480      0.0      24.9480      0.0000       0.0000  vexu_EN_RVV1_DW01_add_4202
u_npu_core/u_core/u_vexu/div_859_G3/u_div/u_add_PartRem_9_5
                                      29.3580      0.0      29.3580      0.0000       0.0000  vexu_EN_RVV1_DW01_add_4201
u_npu_core/u_core/u_vexu/div_859_G3/u_div/u_add_PartRem_9_6
                                      27.9720      0.0      27.9720      0.0000       0.0000  vexu_EN_RVV1_DW01_add_4200
u_npu_core/u_core/u_vexu/div_859_G3/u_div/u_add_PartRem_9_7
                                      30.8700      0.0      30.8700      0.0000       0.0000  vexu_EN_RVV1_DW01_add_4199
u_npu_core/u_core/u_vexu/div_859_G4/u_div/u_add_B3
                                     143.2620      0.0     143.2620      0.0000       0.0000  vexu_EN_RVV1_DW01_add_4299
u_npu_core/u_core/u_vexu/div_859_G4/u_div/u_add_B5
                                     169.4700      0.0     169.4700      0.0000       0.0000  vexu_EN_RVV1_DW01_add_2435
u_npu_core/u_core/u_vexu/div_859_G4/u_div/u_add_B6
                                     134.4420      0.0     134.4420      0.0000       0.0000  vexu_EN_RVV1_DW01_add_4294
u_npu_core/u_core/u_vexu/div_859_G4/u_div/u_add_B7
                                     121.2120      0.0     121.2120      0.0000       0.0000  vexu_EN_RVV1_DW01_sub_289
u_npu_core/u_core/u_vexu/div_859_G4/u_div/u_add_PartRem_0_1
                                      51.1560      0.0      51.1560      0.0000       0.0000  vexu_EN_RVV1_DW01_add_4302
u_npu_core/u_core/u_vexu/div_859_G4/u_div/u_add_PartRem_0_2
                                      50.4000      0.0      50.4000      0.0000       0.0000  vexu_EN_RVV1_DW01_add_4301
u_npu_core/u_core/u_vexu/div_859_G4/u_div/u_add_PartRem_0_3
                                      53.2980      0.0      53.2980      0.0000       0.0000  vexu_EN_RVV1_DW01_add_4300
u_npu_core/u_core/u_vexu/div_859_G4/u_div/u_add_PartRem_0_4
                                      49.8960      0.0      49.8960      0.0000       0.0000  vexu_EN_RVV1_DW01_add_4298
u_npu_core/u_core/u_vexu/div_859_G4/u_div/u_add_PartRem_0_5
                                      54.0540      0.0      54.0540      0.0000       0.0000  vexu_EN_RVV1_DW01_add_4297
u_npu_core/u_core/u_vexu/div_859_G4/u_div/u_add_PartRem_0_6
                                      51.9120      0.0      51.9120      0.0000       0.0000  vexu_EN_RVV1_DW01_add_4295
u_npu_core/u_core/u_vexu/div_859_G4/u_div/u_add_PartRem_0_7
                                      54.0540      0.0      54.0540      0.0000       0.0000  vexu_EN_RVV1_DW01_add_4293
u_npu_core/u_core/u_vexu/div_859_G4/u_div/u_add_PartRem_10_1
                                      14.4900      0.0      14.4900      0.0000       0.0000  vexu_EN_RVV1_DW01_add_2437
u_npu_core/u_core/u_vexu/div_859_G4/u_div/u_add_PartRem_10_2
                                       9.9540      0.0       9.9540      0.0000       0.0000  vexu_EN_RVV1_DW01_add_2438
u_npu_core/u_core/u_vexu/div_859_G4/u_div/u_add_PartRem_10_3
                                      18.0180      0.0      18.0180      0.0000       0.0000  vexu_EN_RVV1_DW01_add_2439
u_npu_core/u_core/u_vexu/div_859_G4/u_div/u_add_PartRem_1_1
                                     106.2180      0.0     106.2180      0.0000       0.0000  vexu_EN_RVV1_DW01_add_4309
u_npu_core/u_core/u_vexu/div_859_G4/u_div/u_add_PartRem_1_2
                                     104.4540      0.0     104.4540      0.0000       0.0000  vexu_EN_RVV1_DW01_add_4308
u_npu_core/u_core/u_vexu/div_859_G4/u_div/u_add_PartRem_1_3
                                     106.8480      0.0     106.8480      0.0000       0.0000  vexu_EN_RVV1_DW01_add_4307
u_npu_core/u_core/u_vexu/div_859_G4/u_div/u_add_PartRem_1_4
                                     103.5720      0.0     103.5720      0.0000       0.0000  vexu_EN_RVV1_DW01_add_4306
u_npu_core/u_core/u_vexu/div_859_G4/u_div/u_add_PartRem_1_5
                                     107.3520      0.0     107.3520      0.0000       0.0000  vexu_EN_RVV1_DW01_add_4305
u_npu_core/u_core/u_vexu/div_859_G4/u_div/u_add_PartRem_1_6
                                     106.2180      0.0     106.2180      0.0000       0.0000  vexu_EN_RVV1_DW01_add_4304
u_npu_core/u_core/u_vexu/div_859_G4/u_div/u_add_PartRem_1_7
                                     107.6040      0.0     107.6040      0.0000       0.0000  vexu_EN_RVV1_DW01_add_4303
u_npu_core/u_core/u_vexu/div_859_G4/u_div/u_add_PartRem_2_1
                                      96.1380      0.0      96.1380      0.0000       0.0000  vexu_EN_RVV1_DW01_add_4316
u_npu_core/u_core/u_vexu/div_859_G4/u_div/u_add_PartRem_2_2
                                      95.3820      0.0      95.3820      0.0000       0.0000  vexu_EN_RVV1_DW01_add_4315
u_npu_core/u_core/u_vexu/div_859_G4/u_div/u_add_PartRem_2_3
                                      98.4060      0.0      98.4060      0.0000       0.0000  vexu_EN_RVV1_DW01_add_4314
u_npu_core/u_core/u_vexu/div_859_G4/u_div/u_add_PartRem_2_4
                                      95.1300      0.0      95.1300      0.0000       0.0000  vexu_EN_RVV1_DW01_add_4313
u_npu_core/u_core/u_vexu/div_859_G4/u_div/u_add_PartRem_2_5
                                      98.5320      0.0      98.5320      0.0000       0.0000  vexu_EN_RVV1_DW01_add_4312
u_npu_core/u_core/u_vexu/div_859_G4/u_div/u_add_PartRem_2_6
                                      96.3900      0.0      96.3900      0.0000       0.0000  vexu_EN_RVV1_DW01_add_4311
u_npu_core/u_core/u_vexu/div_859_G4/u_div/u_add_PartRem_2_7
                                      98.5320      0.0      98.5320      0.0000       0.0000  vexu_EN_RVV1_DW01_add_4310
u_npu_core/u_core/u_vexu/div_859_G4/u_div/u_add_PartRem_3_1
                                      85.6800      0.0      85.6800      0.0000       0.0000  vexu_EN_RVV1_DW01_add_4323
u_npu_core/u_core/u_vexu/div_859_G4/u_div/u_add_PartRem_3_2
                                      85.4280      0.0      85.4280      0.0000       0.0000  vexu_EN_RVV1_DW01_add_4322
u_npu_core/u_core/u_vexu/div_859_G4/u_div/u_add_PartRem_3_3
                                      87.4440      0.0      87.4440      0.0000       0.0000  vexu_EN_RVV1_DW01_add_4321
u_npu_core/u_core/u_vexu/div_859_G4/u_div/u_add_PartRem_3_4
                                      83.4120      0.0      83.4120      0.0000       0.0000  vexu_EN_RVV1_DW01_add_4320
u_npu_core/u_core/u_vexu/div_859_G4/u_div/u_add_PartRem_3_5
                                      88.4520      0.0      88.4520      0.0000       0.0000  vexu_EN_RVV1_DW01_add_4319
u_npu_core/u_core/u_vexu/div_859_G4/u_div/u_add_PartRem_3_6
                                      86.4360      0.0      86.4360      0.0000       0.0000  vexu_EN_RVV1_DW01_add_4318
u_npu_core/u_core/u_vexu/div_859_G4/u_div/u_add_PartRem_3_7
                                      88.4520      0.0      88.4520      0.0000       0.0000  vexu_EN_RVV1_DW01_add_4317
u_npu_core/u_core/u_vexu/div_859_G4/u_div/u_add_PartRem_4_1
                                      77.2380      0.0      77.2380      0.0000       0.0000  vexu_EN_RVV1_DW01_add_4330
u_npu_core/u_core/u_vexu/div_859_G4/u_div/u_add_PartRem_4_2
                                      75.6000      0.0      75.6000      0.0000       0.0000  vexu_EN_RVV1_DW01_add_4329
u_npu_core/u_core/u_vexu/div_859_G4/u_div/u_add_PartRem_4_3
                                      78.2460      0.0      78.2460      0.0000       0.0000  vexu_EN_RVV1_DW01_add_4328
u_npu_core/u_core/u_vexu/div_859_G4/u_div/u_add_PartRem_4_4
                                      74.2140      0.0      74.2140      0.0000       0.0000  vexu_EN_RVV1_DW01_add_4327
u_npu_core/u_core/u_vexu/div_859_G4/u_div/u_add_PartRem_4_5
                                      79.6320      0.0      79.6320      0.0000       0.0000  vexu_EN_RVV1_DW01_add_4326
u_npu_core/u_core/u_vexu/div_859_G4/u_div/u_add_PartRem_4_6
                                      76.6080      0.0      76.6080      0.0000       0.0000  vexu_EN_RVV1_DW01_add_4325
u_npu_core/u_core/u_vexu/div_859_G4/u_div/u_add_PartRem_4_7
                                      79.1280      0.0      79.1280      0.0000       0.0000  vexu_EN_RVV1_DW01_add_4324
u_npu_core/u_core/u_vexu/div_859_G4/u_div/u_add_PartRem_5_1
                                      67.0320      0.0      67.0320      0.0000       0.0000  vexu_EN_RVV1_DW01_add_4337
u_npu_core/u_core/u_vexu/div_859_G4/u_div/u_add_PartRem_5_2
                                      65.7720      0.0      65.7720      0.0000       0.0000  vexu_EN_RVV1_DW01_add_4336
u_npu_core/u_core/u_vexu/div_859_G4/u_div/u_add_PartRem_5_3
                                      68.6700      0.0      68.6700      0.0000       0.0000  vexu_EN_RVV1_DW01_add_4335
u_npu_core/u_core/u_vexu/div_859_G4/u_div/u_add_PartRem_5_4
                                      63.7560      0.0      63.7560      0.0000       0.0000  vexu_EN_RVV1_DW01_add_4334
u_npu_core/u_core/u_vexu/div_859_G4/u_div/u_add_PartRem_5_5
                                      68.9220      0.0      68.9220      0.0000       0.0000  vexu_EN_RVV1_DW01_add_4333
u_npu_core/u_core/u_vexu/div_859_G4/u_div/u_add_PartRem_5_6
                                      66.9060      0.0      66.9060      0.0000       0.0000  vexu_EN_RVV1_DW01_add_4332
u_npu_core/u_core/u_vexu/div_859_G4/u_div/u_add_PartRem_5_7
                                      68.5440      0.0      68.5440      0.0000       0.0000  vexu_EN_RVV1_DW01_add_4331
u_npu_core/u_core/u_vexu/div_859_G4/u_div/u_add_PartRem_6_1
                                      57.9600      0.0      57.9600      0.0000       0.0000  vexu_EN_RVV1_DW01_add_4344
u_npu_core/u_core/u_vexu/div_859_G4/u_div/u_add_PartRem_6_2
                                      55.5660      0.0      55.5660      0.0000       0.0000  vexu_EN_RVV1_DW01_add_4343
u_npu_core/u_core/u_vexu/div_859_G4/u_div/u_add_PartRem_6_3
                                      58.2120      0.0      58.2120      0.0000       0.0000  vexu_EN_RVV1_DW01_add_4342
u_npu_core/u_core/u_vexu/div_859_G4/u_div/u_add_PartRem_6_4
                                      53.9280      0.0      53.9280      0.0000       0.0000  vexu_EN_RVV1_DW01_add_4341
u_npu_core/u_core/u_vexu/div_859_G4/u_div/u_add_PartRem_6_5
                                      59.0940      0.0      59.0940      0.0000       0.0000  vexu_EN_RVV1_DW01_add_4340
u_npu_core/u_core/u_vexu/div_859_G4/u_div/u_add_PartRem_6_6
                                      56.5740      0.0      56.5740      0.0000       0.0000  vexu_EN_RVV1_DW01_add_4339
u_npu_core/u_core/u_vexu/div_859_G4/u_div/u_add_PartRem_6_7
                                      59.0940      0.0      59.0940      0.0000       0.0000  vexu_EN_RVV1_DW01_add_4338
u_npu_core/u_core/u_vexu/div_859_G4/u_div/u_add_PartRem_7_1
                                      64.5120      0.0      64.5120      0.0000       0.0000  vexu_EN_RVV1_DW01_add_2458
u_npu_core/u_core/u_vexu/div_859_G4/u_div/u_add_PartRem_7_2
                                      45.6120      0.0      45.6120      0.0000       0.0000  vexu_EN_RVV1_DW01_add_4350
u_npu_core/u_core/u_vexu/div_859_G4/u_div/u_add_PartRem_7_3
                                      48.2580      0.0      48.2580      0.0000       0.0000  vexu_EN_RVV1_DW01_add_4349
u_npu_core/u_core/u_vexu/div_859_G4/u_div/u_add_PartRem_7_4
                                      43.5960      0.0      43.5960      0.0000       0.0000  vexu_EN_RVV1_DW01_add_4348
u_npu_core/u_core/u_vexu/div_859_G4/u_div/u_add_PartRem_7_5
                                      48.7620      0.0      48.7620      0.0000       0.0000  vexu_EN_RVV1_DW01_add_4347
u_npu_core/u_core/u_vexu/div_859_G4/u_div/u_add_PartRem_7_6
                                      46.6200      0.0      46.6200      0.0000       0.0000  vexu_EN_RVV1_DW01_add_4346
u_npu_core/u_core/u_vexu/div_859_G4/u_div/u_add_PartRem_7_7
                                      49.1400      0.0      49.1400      0.0000       0.0000  vexu_EN_RVV1_DW01_add_4345
u_npu_core/u_core/u_vexu/div_859_G4/u_div/u_add_PartRem_8_1
                                      49.2660      0.0      49.2660      0.0000       0.0000  vexu_EN_RVV1_DW01_add_2451
u_npu_core/u_core/u_vexu/div_859_G4/u_div/u_add_PartRem_8_2
                                      36.4140      0.0      36.4140      0.0000       0.0000  vexu_EN_RVV1_DW01_add_4357
u_npu_core/u_core/u_vexu/div_859_G4/u_div/u_add_PartRem_8_3
                                      38.6820      0.0      38.6820      0.0000       0.0000  vexu_EN_RVV1_DW01_add_4356
u_npu_core/u_core/u_vexu/div_859_G4/u_div/u_add_PartRem_8_4
                                      34.2720      0.0      34.2720      0.0000       0.0000  vexu_EN_RVV1_DW01_add_4355
u_npu_core/u_core/u_vexu/div_859_G4/u_div/u_add_PartRem_8_5
                                      39.1860      0.0      39.1860      0.0000       0.0000  vexu_EN_RVV1_DW01_add_4354
u_npu_core/u_core/u_vexu/div_859_G4/u_div/u_add_PartRem_8_6
                                      37.0440      0.0      37.0440      0.0000       0.0000  vexu_EN_RVV1_DW01_add_4353
u_npu_core/u_core/u_vexu/div_859_G4/u_div/u_add_PartRem_8_7
                                      39.5640      0.0      39.5640      0.0000       0.0000  vexu_EN_RVV1_DW01_add_4352
u_npu_core/u_core/u_vexu/div_859_G4/u_div/u_add_PartRem_9_1
                                      32.1300      0.0      32.1300      0.0000       0.0000  vexu_EN_RVV1_DW01_add_2444
u_npu_core/u_core/u_vexu/div_859_G4/u_div/u_add_PartRem_9_2
                                      26.9640      0.0      26.9640      0.0000       0.0000  vexu_EN_RVV1_DW01_add_4364
u_npu_core/u_core/u_vexu/div_859_G4/u_div/u_add_PartRem_9_3
                                      28.8540      0.0      28.8540      0.0000       0.0000  vexu_EN_RVV1_DW01_add_4363
u_npu_core/u_core/u_vexu/div_859_G4/u_div/u_add_PartRem_9_4
                                      24.9480      0.0      24.9480      0.0000       0.0000  vexu_EN_RVV1_DW01_add_4362
u_npu_core/u_core/u_vexu/div_859_G4/u_div/u_add_PartRem_9_5
                                      30.1140      0.0      30.1140      0.0000       0.0000  vexu_EN_RVV1_DW01_add_4361
u_npu_core/u_core/u_vexu/div_859_G4/u_div/u_add_PartRem_9_6
                                      27.9720      0.0      27.9720      0.0000       0.0000  vexu_EN_RVV1_DW01_add_4360
u_npu_core/u_core/u_vexu/div_859_G4/u_div/u_add_PartRem_9_7
                                      31.1220      0.0      31.1220      0.0000       0.0000  vexu_EN_RVV1_DW01_add_4359
u_npu_core/u_core/u_vexu/div_861/u_div/u_absval_AAbs/NEG
                                      44.7300      0.0      44.7300      0.0000       0.0000  vexu_EN_RVV1_DW01_inc_83
u_npu_core/u_core/u_vexu/div_861/u_div/u_add_B3
                                     164.5560      0.0     164.5560      0.0000       0.0000  vexu_EN_RVV1_DW01_add_1394
u_npu_core/u_core/u_vexu/div_861/u_div/u_add_B5
                                     167.2020      0.0     167.2020      0.0000       0.0000  vexu_EN_RVV1_DW01_add_1395
u_npu_core/u_core/u_vexu/div_861/u_div/u_add_B6
                                     161.2800      0.0     161.2800      0.0000       0.0000  vexu_EN_RVV1_DW01_add_1396
u_npu_core/u_core/u_vexu/div_861/u_div/u_add_B7
                                     181.6920      0.0     181.6920      0.0000       0.0000  vexu_EN_RVV1_DW01_sub_239
u_npu_core/u_core/u_vexu/div_861/u_div/u_add_PartRem_0_1
                                      87.5700      0.0      87.5700      0.0000       0.0000  vexu_EN_RVV1_DW01_add_1467
u_npu_core/u_core/u_vexu/div_861/u_div/u_add_PartRem_0_2
                                      88.4520      0.0      88.4520      0.0000       0.0000  vexu_EN_RVV1_DW01_add_1468
u_npu_core/u_core/u_vexu/div_861/u_div/u_add_PartRem_0_3
                                      91.7280      0.0      91.7280      0.0000       0.0000  vexu_EN_RVV1_DW01_add_1469
u_npu_core/u_core/u_vexu/div_861/u_div/u_add_PartRem_0_4
                                      87.1920      0.0      87.1920      0.0000       0.0000  vexu_EN_RVV1_DW01_add_1470
u_npu_core/u_core/u_vexu/div_861/u_div/u_add_PartRem_0_5
                                      92.6100      0.0      92.6100      0.0000       0.0000  vexu_EN_RVV1_DW01_add_1471
u_npu_core/u_core/u_vexu/div_861/u_div/u_add_PartRem_0_6
                                      92.9880      0.0      92.9880      0.0000       0.0000  vexu_EN_RVV1_DW01_add_1472
u_npu_core/u_core/u_vexu/div_861/u_div/u_add_PartRem_0_7
                                      92.8620      0.0      92.8620      0.0000       0.0000  vexu_EN_RVV1_DW01_add_1473
u_npu_core/u_core/u_vexu/div_861/u_div/u_add_PartRem_10_1
                                      17.0100      0.0      17.0100      0.0000       0.0000  vexu_EN_RVV1_DW01_add_1397
u_npu_core/u_core/u_vexu/div_861/u_div/u_add_PartRem_10_2
                                      14.3640      0.0      14.3640      0.0000       0.0000  vexu_EN_RVV1_DW01_add_1398
u_npu_core/u_core/u_vexu/div_861/u_div/u_add_PartRem_10_3
                                      19.1520      0.0      19.1520      0.0000       0.0000  vexu_EN_RVV1_DW01_add_1399
u_npu_core/u_core/u_vexu/div_861/u_div/u_add_PartRem_1_1
                                     163.2960      0.0     163.2960      0.0000       0.0000  vexu_EN_RVV1_DW01_add_1460
u_npu_core/u_core/u_vexu/div_861/u_div/u_add_PartRem_1_2
                                     154.6020      0.0     154.6020      0.0000       0.0000  vexu_EN_RVV1_DW01_add_1461
u_npu_core/u_core/u_vexu/div_861/u_div/u_add_PartRem_1_3
                                     177.4080      0.0     177.4080      0.0000       0.0000  vexu_EN_RVV1_DW01_add_1462
u_npu_core/u_core/u_vexu/div_861/u_div/u_add_PartRem_1_4
                                     154.0980      0.0     154.0980      0.0000       0.0000  vexu_EN_RVV1_DW01_add_1463
u_npu_core/u_core/u_vexu/div_861/u_div/u_add_PartRem_1_5
                                     177.5340      0.0     177.5340      0.0000       0.0000  vexu_EN_RVV1_DW01_add_1464
u_npu_core/u_core/u_vexu/div_861/u_div/u_add_PartRem_1_6
                                     177.0300      0.0     177.0300      0.0000       0.0000  vexu_EN_RVV1_DW01_add_1465
u_npu_core/u_core/u_vexu/div_861/u_div/u_add_PartRem_1_7
                                     176.7780      0.0     176.7780      0.0000       0.0000  vexu_EN_RVV1_DW01_add_1466
u_npu_core/u_core/u_vexu/div_861/u_div/u_add_PartRem_2_1
                                     143.6400      0.0     143.6400      0.0000       0.0000  vexu_EN_RVV1_DW01_add_1453
u_npu_core/u_core/u_vexu/div_861/u_div/u_add_PartRem_2_2
                                     140.9940      0.0     140.9940      0.0000       0.0000  vexu_EN_RVV1_DW01_add_1454
u_npu_core/u_core/u_vexu/div_861/u_div/u_add_PartRem_2_3
                                     155.4840      0.0     155.4840      0.0000       0.0000  vexu_EN_RVV1_DW01_add_1455
u_npu_core/u_core/u_vexu/div_861/u_div/u_add_PartRem_2_4
                                     137.4660      0.0     137.4660      0.0000       0.0000  vexu_EN_RVV1_DW01_add_1456
u_npu_core/u_core/u_vexu/div_861/u_div/u_add_PartRem_2_5
                                     155.2320      0.0     155.2320      0.0000       0.0000  vexu_EN_RVV1_DW01_add_1457
u_npu_core/u_core/u_vexu/div_861/u_div/u_add_PartRem_2_6
                                     155.9880      0.0     155.9880      0.0000       0.0000  vexu_EN_RVV1_DW01_add_1458
u_npu_core/u_core/u_vexu/div_861/u_div/u_add_PartRem_2_7
                                     155.4840      0.0     155.4840      0.0000       0.0000  vexu_EN_RVV1_DW01_add_1459
u_npu_core/u_core/u_vexu/div_861/u_div/u_add_PartRem_3_1
                                     128.1420      0.0     128.1420      0.0000       0.0000  vexu_EN_RVV1_DW01_add_1446
u_npu_core/u_core/u_vexu/div_861/u_div/u_add_PartRem_3_2
                                     127.5120      0.0     127.5120      0.0000       0.0000  vexu_EN_RVV1_DW01_add_1447
u_npu_core/u_core/u_vexu/div_861/u_div/u_add_PartRem_3_3
                                     135.0720      0.0     135.0720      0.0000       0.0000  vexu_EN_RVV1_DW01_add_1448
u_npu_core/u_core/u_vexu/div_861/u_div/u_add_PartRem_3_4
                                     120.0780      0.0     120.0780      0.0000       0.0000  vexu_EN_RVV1_DW01_add_1449
u_npu_core/u_core/u_vexu/div_861/u_div/u_add_PartRem_3_5
                                     135.4500      0.0     135.4500      0.0000       0.0000  vexu_EN_RVV1_DW01_add_1450
u_npu_core/u_core/u_vexu/div_861/u_div/u_add_PartRem_3_6
                                     136.5840      0.0     136.5840      0.0000       0.0000  vexu_EN_RVV1_DW01_add_1451
u_npu_core/u_core/u_vexu/div_861/u_div/u_add_PartRem_3_7
                                     135.9540      0.0     135.9540      0.0000       0.0000  vexu_EN_RVV1_DW01_add_1452
u_npu_core/u_core/u_vexu/div_861/u_div/u_add_PartRem_4_1
                                     111.1320      0.0     111.1320      0.0000       0.0000  vexu_EN_RVV1_DW01_add_1439
u_npu_core/u_core/u_vexu/div_861/u_div/u_add_PartRem_4_2
                                     108.2340      0.0     108.2340      0.0000       0.0000  vexu_EN_RVV1_DW01_add_1440
u_npu_core/u_core/u_vexu/div_861/u_div/u_add_PartRem_4_3
                                     117.4320      0.0     117.4320      0.0000       0.0000  vexu_EN_RVV1_DW01_add_1441
u_npu_core/u_core/u_vexu/div_861/u_div/u_add_PartRem_4_4
                                     102.6900      0.0     102.6900      0.0000       0.0000  vexu_EN_RVV1_DW01_add_1442
u_npu_core/u_core/u_vexu/div_861/u_div/u_add_PartRem_4_5
                                     117.9360      0.0     117.9360      0.0000       0.0000  vexu_EN_RVV1_DW01_add_1443
u_npu_core/u_core/u_vexu/div_861/u_div/u_add_PartRem_4_6
                                     118.0620      0.0     118.0620      0.0000       0.0000  vexu_EN_RVV1_DW01_add_1444
u_npu_core/u_core/u_vexu/div_861/u_div/u_add_PartRem_4_7
                                     117.9360      0.0     117.9360      0.0000       0.0000  vexu_EN_RVV1_DW01_add_1445
u_npu_core/u_core/u_vexu/div_861/u_div/u_add_PartRem_5_1
                                      97.2720      0.0      97.2720      0.0000       0.0000  vexu_EN_RVV1_DW01_add_1432
u_npu_core/u_core/u_vexu/div_861/u_div/u_add_PartRem_5_2
                                      91.6020      0.0      91.6020      0.0000       0.0000  vexu_EN_RVV1_DW01_add_1433
u_npu_core/u_core/u_vexu/div_861/u_div/u_add_PartRem_5_3
                                     100.1700      0.0     100.1700      0.0000       0.0000  vexu_EN_RVV1_DW01_add_1434
u_npu_core/u_core/u_vexu/div_861/u_div/u_add_PartRem_5_4
                                      88.7040      0.0      88.7040      0.0000       0.0000  vexu_EN_RVV1_DW01_add_1435
u_npu_core/u_core/u_vexu/div_861/u_div/u_add_PartRem_5_5
                                      99.6660      0.0      99.6660      0.0000       0.0000  vexu_EN_RVV1_DW01_add_1436
u_npu_core/u_core/u_vexu/div_861/u_div/u_add_PartRem_5_6
                                     100.6740      0.0     100.6740      0.0000       0.0000  vexu_EN_RVV1_DW01_add_1437
u_npu_core/u_core/u_vexu/div_861/u_div/u_add_PartRem_5_7
                                     101.0520      0.0     101.0520      0.0000       0.0000  vexu_EN_RVV1_DW01_add_1438
u_npu_core/u_core/u_vexu/div_861/u_div/u_add_PartRem_6_1
                                      86.0580      0.0      86.0580      0.0000       0.0000  vexu_EN_RVV1_DW01_add_1425
u_npu_core/u_core/u_vexu/div_861/u_div/u_add_PartRem_6_2
                                      77.7420      0.0      77.7420      0.0000       0.0000  vexu_EN_RVV1_DW01_add_1426
u_npu_core/u_core/u_vexu/div_861/u_div/u_add_PartRem_6_3
                                      90.0900      0.0      90.0900      0.0000       0.0000  vexu_EN_RVV1_DW01_add_1427
u_npu_core/u_core/u_vexu/div_861/u_div/u_add_PartRem_6_4
                                      73.9620      0.0      73.9620      0.0000       0.0000  vexu_EN_RVV1_DW01_add_1428
u_npu_core/u_core/u_vexu/div_861/u_div/u_add_PartRem_6_5
                                      90.3420      0.0      90.3420      0.0000       0.0000  vexu_EN_RVV1_DW01_add_1429
u_npu_core/u_core/u_vexu/div_861/u_div/u_add_PartRem_6_6
                                      89.7120      0.0      89.7120      0.0000       0.0000  vexu_EN_RVV1_DW01_add_1430
u_npu_core/u_core/u_vexu/div_861/u_div/u_add_PartRem_6_7
                                      90.2160      0.0      90.2160      0.0000       0.0000  vexu_EN_RVV1_DW01_add_1431
u_npu_core/u_core/u_vexu/div_861/u_div/u_add_PartRem_7_1
                                      68.2920      0.0      68.2920      0.0000       0.0000  vexu_EN_RVV1_DW01_add_1418
u_npu_core/u_core/u_vexu/div_861/u_div/u_add_PartRem_7_2
                                      62.4960      0.0      62.4960      0.0000       0.0000  vexu_EN_RVV1_DW01_add_1419
u_npu_core/u_core/u_vexu/div_861/u_div/u_add_PartRem_7_3
                                      70.8120      0.0      70.8120      0.0000       0.0000  vexu_EN_RVV1_DW01_add_1420
u_npu_core/u_core/u_vexu/div_861/u_div/u_add_PartRem_7_4
                                      59.3460      0.0      59.3460      0.0000       0.0000  vexu_EN_RVV1_DW01_add_1421
u_npu_core/u_core/u_vexu/div_861/u_div/u_add_PartRem_7_5
                                      70.4340      0.0      70.4340      0.0000       0.0000  vexu_EN_RVV1_DW01_add_1422
u_npu_core/u_core/u_vexu/div_861/u_div/u_add_PartRem_7_6
                                      70.1820      0.0      70.1820      0.0000       0.0000  vexu_EN_RVV1_DW01_add_1423
u_npu_core/u_core/u_vexu/div_861/u_div/u_add_PartRem_7_7
                                      70.5600      0.0      70.5600      0.0000       0.0000  vexu_EN_RVV1_DW01_add_1424
u_npu_core/u_core/u_vexu/div_861/u_div/u_add_PartRem_8_1
                                      52.4160      0.0      52.4160      0.0000       0.0000  vexu_EN_RVV1_DW01_add_1411
u_npu_core/u_core/u_vexu/div_861/u_div/u_add_PartRem_8_2
                                      50.2740      0.0      50.2740      0.0000       0.0000  vexu_EN_RVV1_DW01_add_1412
u_npu_core/u_core/u_vexu/div_861/u_div/u_add_PartRem_8_3
                                      53.4240      0.0      53.4240      0.0000       0.0000  vexu_EN_RVV1_DW01_add_1413
u_npu_core/u_core/u_vexu/div_861/u_div/u_add_PartRem_8_4
                                      46.7460      0.0      46.7460      0.0000       0.0000  vexu_EN_RVV1_DW01_add_1414
u_npu_core/u_core/u_vexu/div_861/u_div/u_add_PartRem_8_5
                                      54.0540      0.0      54.0540      0.0000       0.0000  vexu_EN_RVV1_DW01_add_1415
u_npu_core/u_core/u_vexu/div_861/u_div/u_add_PartRem_8_6
                                      54.5580      0.0      54.5580      0.0000       0.0000  vexu_EN_RVV1_DW01_add_1416
u_npu_core/u_core/u_vexu/div_861/u_div/u_add_PartRem_8_7
                                      54.4320      0.0      54.4320      0.0000       0.0000  vexu_EN_RVV1_DW01_add_1417
u_npu_core/u_core/u_vexu/div_861/u_div/u_add_PartRem_9_1
                                      39.6900      0.0      39.6900      0.0000       0.0000  vexu_EN_RVV1_DW01_add_1404
u_npu_core/u_core/u_vexu/div_861/u_div/u_add_PartRem_9_2
                                      30.2400      0.0      30.2400      0.0000       0.0000  vexu_EN_RVV1_DW01_add_1405
u_npu_core/u_core/u_vexu/div_861/u_div/u_add_PartRem_9_3
                                      40.6980      0.0      40.6980      0.0000       0.0000  vexu_EN_RVV1_DW01_add_1406
u_npu_core/u_core/u_vexu/div_861/u_div/u_add_PartRem_9_4
                                      29.9880      0.0      29.9880      0.0000       0.0000  vexu_EN_RVV1_DW01_add_1407
u_npu_core/u_core/u_vexu/div_861/u_div/u_add_PartRem_9_5
                                      41.0760      0.0      41.0760      0.0000       0.0000  vexu_EN_RVV1_DW01_add_1408
u_npu_core/u_core/u_vexu/div_861/u_div/u_add_PartRem_9_6
                                      41.0760      0.0      41.0760      0.0000       0.0000  vexu_EN_RVV1_DW01_add_1409
u_npu_core/u_core/u_vexu/div_861/u_div/u_add_PartRem_9_7
                                      41.5800      0.0      41.5800      0.0000       0.0000  vexu_EN_RVV1_DW01_add_1410
u_npu_core/u_core/u_vexu/div_861/u_div/u_inc_QInc
                                      67.5360      0.0      67.5360      0.0000       0.0000  vexu_EN_RVV1_DW_inc_56
u_npu_core/u_core/u_vexu/div_861_G2/u_div/u_absval_AAbs/NEG
                                      44.9820      0.0      44.9820      0.0000       0.0000  vexu_EN_RVV1_DW01_inc_84
u_npu_core/u_core/u_vexu/div_861_G2/u_div/u_add_B3
                                     161.5320      0.0     161.5320      0.0000       0.0000  vexu_EN_RVV1_DW01_add_1474
u_npu_core/u_core/u_vexu/div_861_G2/u_div/u_add_B5
                                     139.2300      0.0     139.2300      0.0000       0.0000  vexu_EN_RVV1_DW01_add_4658
u_npu_core/u_core/u_vexu/div_861_G2/u_div/u_add_B6
                                     156.1140      0.0     156.1140      0.0000       0.0000  vexu_EN_RVV1_DW01_add_4657
u_npu_core/u_core/u_vexu/div_861_G2/u_div/u_add_B7
                                     151.5780      0.0     151.5780      0.0000       0.0000  vexu_EN_RVV1_DW01_sub_296
u_npu_core/u_core/u_vexu/div_861_G2/u_div/u_add_PartRem_0_1
                                      86.9400      0.0      86.9400      0.0000       0.0000  vexu_EN_RVV1_DW01_add_1547
u_npu_core/u_core/u_vexu/div_861_G2/u_div/u_add_PartRem_0_2
                                      87.3180      0.0      87.3180      0.0000       0.0000  vexu_EN_RVV1_DW01_add_1548
u_npu_core/u_core/u_vexu/div_861_G2/u_div/u_add_PartRem_0_3
                                      91.2240      0.0      91.2240      0.0000       0.0000  vexu_EN_RVV1_DW01_add_1549
u_npu_core/u_core/u_vexu/div_861_G2/u_div/u_add_PartRem_0_4
                                      86.0580      0.0      86.0580      0.0000       0.0000  vexu_EN_RVV1_DW01_add_1550
u_npu_core/u_core/u_vexu/div_861_G2/u_div/u_add_PartRem_0_5
                                      92.1060      0.0      92.1060      0.0000       0.0000  vexu_EN_RVV1_DW01_add_1551
u_npu_core/u_core/u_vexu/div_861_G2/u_div/u_add_PartRem_0_6
                                      92.3580      0.0      92.3580      0.0000       0.0000  vexu_EN_RVV1_DW01_add_1552
u_npu_core/u_core/u_vexu/div_861_G2/u_div/u_add_PartRem_0_7
                                      92.3580      0.0      92.3580      0.0000       0.0000  vexu_EN_RVV1_DW01_add_1553
u_npu_core/u_core/u_vexu/div_861_G2/u_div/u_add_PartRem_10_1
                                      16.6320      0.0      16.6320      0.0000       0.0000  vexu_EN_RVV1_DW01_add_1477
u_npu_core/u_core/u_vexu/div_861_G2/u_div/u_add_PartRem_10_2
                                      14.7420      0.0      14.7420      0.0000       0.0000  vexu_EN_RVV1_DW01_add_1478
u_npu_core/u_core/u_vexu/div_861_G2/u_div/u_add_PartRem_10_3
                                      18.6480      0.0      18.6480      0.0000       0.0000  vexu_EN_RVV1_DW01_add_1479
u_npu_core/u_core/u_vexu/div_861_G2/u_div/u_add_PartRem_1_1
                                     162.9180      0.0     162.9180      0.0000       0.0000  vexu_EN_RVV1_DW01_add_1540
u_npu_core/u_core/u_vexu/div_861_G2/u_div/u_add_PartRem_1_2
                                     156.1140      0.0     156.1140      0.0000       0.0000  vexu_EN_RVV1_DW01_add_1541
u_npu_core/u_core/u_vexu/div_861_G2/u_div/u_add_PartRem_1_3
                                     177.9120      0.0     177.9120      0.0000       0.0000  vexu_EN_RVV1_DW01_add_1542
u_npu_core/u_core/u_vexu/div_861_G2/u_div/u_add_PartRem_1_4
                                     152.9640      0.0     152.9640      0.0000       0.0000  vexu_EN_RVV1_DW01_add_1543
u_npu_core/u_core/u_vexu/div_861_G2/u_div/u_add_PartRem_1_5
                                     176.2740      0.0     176.2740      0.0000       0.0000  vexu_EN_RVV1_DW01_add_1544
u_npu_core/u_core/u_vexu/div_861_G2/u_div/u_add_PartRem_1_6
                                     177.1560      0.0     177.1560      0.0000       0.0000  vexu_EN_RVV1_DW01_add_1545
u_npu_core/u_core/u_vexu/div_861_G2/u_div/u_add_PartRem_1_7
                                     176.5260      0.0     176.5260      0.0000       0.0000  vexu_EN_RVV1_DW01_add_1546
u_npu_core/u_core/u_vexu/div_861_G2/u_div/u_add_PartRem_2_1
                                     143.6400      0.0     143.6400      0.0000       0.0000  vexu_EN_RVV1_DW01_add_1533
u_npu_core/u_core/u_vexu/div_861_G2/u_div/u_add_PartRem_2_2
                                     139.8600      0.0     139.8600      0.0000       0.0000  vexu_EN_RVV1_DW01_add_1534
u_npu_core/u_core/u_vexu/div_861_G2/u_div/u_add_PartRem_2_3
                                     154.7280      0.0     154.7280      0.0000       0.0000  vexu_EN_RVV1_DW01_add_1535
u_npu_core/u_core/u_vexu/div_861_G2/u_div/u_add_PartRem_2_4
                                     136.2060      0.0     136.2060      0.0000       0.0000  vexu_EN_RVV1_DW01_add_1536
u_npu_core/u_core/u_vexu/div_861_G2/u_div/u_add_PartRem_2_5
                                     155.8620      0.0     155.8620      0.0000       0.0000  vexu_EN_RVV1_DW01_add_1537
u_npu_core/u_core/u_vexu/div_861_G2/u_div/u_add_PartRem_2_6
                                     155.4840      0.0     155.4840      0.0000       0.0000  vexu_EN_RVV1_DW01_add_1538
u_npu_core/u_core/u_vexu/div_861_G2/u_div/u_add_PartRem_2_7
                                     156.3660      0.0     156.3660      0.0000       0.0000  vexu_EN_RVV1_DW01_add_1539
u_npu_core/u_core/u_vexu/div_861_G2/u_div/u_add_PartRem_3_1
                                     127.3860      0.0     127.3860      0.0000       0.0000  vexu_EN_RVV1_DW01_add_1526
u_npu_core/u_core/u_vexu/div_861_G2/u_div/u_add_PartRem_3_2
                                     125.2440      0.0     125.2440      0.0000       0.0000  vexu_EN_RVV1_DW01_add_1527
u_npu_core/u_core/u_vexu/div_861_G2/u_div/u_add_PartRem_3_3
                                     135.3240      0.0     135.3240      0.0000       0.0000  vexu_EN_RVV1_DW01_add_1528
u_npu_core/u_core/u_vexu/div_861_G2/u_div/u_add_PartRem_3_4
                                     120.0780      0.0     120.0780      0.0000       0.0000  vexu_EN_RVV1_DW01_add_1529
u_npu_core/u_core/u_vexu/div_861_G2/u_div/u_add_PartRem_3_5
                                     135.1980      0.0     135.1980      0.0000       0.0000  vexu_EN_RVV1_DW01_add_1530
u_npu_core/u_core/u_vexu/div_861_G2/u_div/u_add_PartRem_3_6
                                     138.9780      0.0     138.9780      0.0000       0.0000  vexu_EN_RVV1_DW01_add_1531
u_npu_core/u_core/u_vexu/div_861_G2/u_div/u_add_PartRem_3_7
                                     135.0720      0.0     135.0720      0.0000       0.0000  vexu_EN_RVV1_DW01_add_1532
u_npu_core/u_core/u_vexu/div_861_G2/u_div/u_add_PartRem_4_1
                                     111.0060      0.0     111.0060      0.0000       0.0000  vexu_EN_RVV1_DW01_add_1519
u_npu_core/u_core/u_vexu/div_861_G2/u_div/u_add_PartRem_4_2
                                     108.2340      0.0     108.2340      0.0000       0.0000  vexu_EN_RVV1_DW01_add_1520
u_npu_core/u_core/u_vexu/div_861_G2/u_div/u_add_PartRem_4_3
                                     116.2980      0.0     116.2980      0.0000       0.0000  vexu_EN_RVV1_DW01_add_1521
u_npu_core/u_core/u_vexu/div_861_G2/u_div/u_add_PartRem_4_4
                                     102.9420      0.0     102.9420      0.0000       0.0000  vexu_EN_RVV1_DW01_add_1522
u_npu_core/u_core/u_vexu/div_861_G2/u_div/u_add_PartRem_4_5
                                     116.9280      0.0     116.9280      0.0000       0.0000  vexu_EN_RVV1_DW01_add_1523
u_npu_core/u_core/u_vexu/div_861_G2/u_div/u_add_PartRem_4_6
                                     118.5660      0.0     118.5660      0.0000       0.0000  vexu_EN_RVV1_DW01_add_1524
u_npu_core/u_core/u_vexu/div_861_G2/u_div/u_add_PartRem_4_7
                                     117.3060      0.0     117.3060      0.0000       0.0000  vexu_EN_RVV1_DW01_add_1525
u_npu_core/u_core/u_vexu/div_861_G2/u_div/u_add_PartRem_5_1
                                      95.7600      0.0      95.7600      0.0000       0.0000  vexu_EN_RVV1_DW01_add_1512
u_npu_core/u_core/u_vexu/div_861_G2/u_div/u_add_PartRem_5_2
                                      91.3500      0.0      91.3500      0.0000       0.0000  vexu_EN_RVV1_DW01_add_1513
u_npu_core/u_core/u_vexu/div_861_G2/u_div/u_add_PartRem_5_3
                                      99.5400      0.0      99.5400      0.0000       0.0000  vexu_EN_RVV1_DW01_add_1514
u_npu_core/u_core/u_vexu/div_861_G2/u_div/u_add_PartRem_5_4
                                      87.9480      0.0      87.9480      0.0000       0.0000  vexu_EN_RVV1_DW01_add_1515
u_npu_core/u_core/u_vexu/div_861_G2/u_div/u_add_PartRem_5_5
                                      99.6660      0.0      99.6660      0.0000       0.0000  vexu_EN_RVV1_DW01_add_1516
u_npu_core/u_core/u_vexu/div_861_G2/u_div/u_add_PartRem_5_6
                                     100.4220      0.0     100.4220      0.0000       0.0000  vexu_EN_RVV1_DW01_add_1517
u_npu_core/u_core/u_vexu/div_861_G2/u_div/u_add_PartRem_5_7
                                     100.1700      0.0     100.1700      0.0000       0.0000  vexu_EN_RVV1_DW01_add_1518
u_npu_core/u_core/u_vexu/div_861_G2/u_div/u_add_PartRem_6_1
                                      84.7980      0.0      84.7980      0.0000       0.0000  vexu_EN_RVV1_DW01_add_1505
u_npu_core/u_core/u_vexu/div_861_G2/u_div/u_add_PartRem_6_2
                                      77.7420      0.0      77.7420      0.0000       0.0000  vexu_EN_RVV1_DW01_add_1506
u_npu_core/u_core/u_vexu/div_861_G2/u_div/u_add_PartRem_6_3
                                      89.0820      0.0      89.0820      0.0000       0.0000  vexu_EN_RVV1_DW01_add_1507
u_npu_core/u_core/u_vexu/div_861_G2/u_div/u_add_PartRem_6_4
                                      74.2140      0.0      74.2140      0.0000       0.0000  vexu_EN_RVV1_DW01_add_1508
u_npu_core/u_core/u_vexu/div_861_G2/u_div/u_add_PartRem_6_5
                                      89.5860      0.0      89.5860      0.0000       0.0000  vexu_EN_RVV1_DW01_add_1509
u_npu_core/u_core/u_vexu/div_861_G2/u_div/u_add_PartRem_6_6
                                      90.0900      0.0      90.0900      0.0000       0.0000  vexu_EN_RVV1_DW01_add_1510
u_npu_core/u_core/u_vexu/div_861_G2/u_div/u_add_PartRem_6_7
                                      90.0900      0.0      90.0900      0.0000       0.0000  vexu_EN_RVV1_DW01_add_1511
u_npu_core/u_core/u_vexu/div_861_G2/u_div/u_add_PartRem_7_1
                                      69.5520      0.0      69.5520      0.0000       0.0000  vexu_EN_RVV1_DW01_add_1498
u_npu_core/u_core/u_vexu/div_861_G2/u_div/u_add_PartRem_7_2
                                      63.6300      0.0      63.6300      0.0000       0.0000  vexu_EN_RVV1_DW01_add_1499
u_npu_core/u_core/u_vexu/div_861_G2/u_div/u_add_PartRem_7_3
                                      70.1820      0.0      70.1820      0.0000       0.0000  vexu_EN_RVV1_DW01_add_1500
u_npu_core/u_core/u_vexu/div_861_G2/u_div/u_add_PartRem_7_4
                                      58.7160      0.0      58.7160      0.0000       0.0000  vexu_EN_RVV1_DW01_add_1501
u_npu_core/u_core/u_vexu/div_861_G2/u_div/u_add_PartRem_7_5
                                      71.0640      0.0      71.0640      0.0000       0.0000  vexu_EN_RVV1_DW01_add_1502
u_npu_core/u_core/u_vexu/div_861_G2/u_div/u_add_PartRem_7_6
                                      73.3320      0.0      73.3320      0.0000       0.0000  vexu_EN_RVV1_DW01_add_1503
u_npu_core/u_core/u_vexu/div_861_G2/u_div/u_add_PartRem_7_7
                                      70.5600      0.0      70.5600      0.0000       0.0000  vexu_EN_RVV1_DW01_add_1504
u_npu_core/u_core/u_vexu/div_861_G2/u_div/u_add_PartRem_8_1
                                      52.5420      0.0      52.5420      0.0000       0.0000  vexu_EN_RVV1_DW01_add_1491
u_npu_core/u_core/u_vexu/div_861_G2/u_div/u_add_PartRem_8_2
                                      49.8960      0.0      49.8960      0.0000       0.0000  vexu_EN_RVV1_DW01_add_1492
u_npu_core/u_core/u_vexu/div_861_G2/u_div/u_add_PartRem_8_3
                                      53.5500      0.0      53.5500      0.0000       0.0000  vexu_EN_RVV1_DW01_add_1493
u_npu_core/u_core/u_vexu/div_861_G2/u_div/u_add_PartRem_8_4
                                      45.6120      0.0      45.6120      0.0000       0.0000  vexu_EN_RVV1_DW01_add_1494
u_npu_core/u_core/u_vexu/div_861_G2/u_div/u_add_PartRem_8_5
                                      54.0540      0.0      54.0540      0.0000       0.0000  vexu_EN_RVV1_DW01_add_1495
u_npu_core/u_core/u_vexu/div_861_G2/u_div/u_add_PartRem_8_6
                                      54.1800      0.0      54.1800      0.0000       0.0000  vexu_EN_RVV1_DW01_add_1496
u_npu_core/u_core/u_vexu/div_861_G2/u_div/u_add_PartRem_8_7
                                      54.5580      0.0      54.5580      0.0000       0.0000  vexu_EN_RVV1_DW01_add_1497
u_npu_core/u_core/u_vexu/div_861_G2/u_div/u_add_PartRem_9_1
                                      39.6900      0.0      39.6900      0.0000       0.0000  vexu_EN_RVV1_DW01_add_1484
u_npu_core/u_core/u_vexu/div_861_G2/u_div/u_add_PartRem_9_2
                                      30.2400      0.0      30.2400      0.0000       0.0000  vexu_EN_RVV1_DW01_add_1485
u_npu_core/u_core/u_vexu/div_861_G2/u_div/u_add_PartRem_9_3
                                      40.8240      0.0      40.8240      0.0000       0.0000  vexu_EN_RVV1_DW01_add_1486
u_npu_core/u_core/u_vexu/div_861_G2/u_div/u_add_PartRem_9_4
                                      27.3420      0.0      27.3420      0.0000       0.0000  vexu_EN_RVV1_DW01_add_1487
u_npu_core/u_core/u_vexu/div_861_G2/u_div/u_add_PartRem_9_5
                                      41.0760      0.0      41.0760      0.0000       0.0000  vexu_EN_RVV1_DW01_add_1488
u_npu_core/u_core/u_vexu/div_861_G2/u_div/u_add_PartRem_9_6
                                      41.0760      0.0      41.0760      0.0000       0.0000  vexu_EN_RVV1_DW01_add_1489
u_npu_core/u_core/u_vexu/div_861_G2/u_div/u_add_PartRem_9_7
                                      41.7060      0.0      41.7060      0.0000       0.0000  vexu_EN_RVV1_DW01_add_1490
u_npu_core/u_core/u_vexu/div_861_G2/u_div/u_inc_QInc
                                      67.0320      0.0      67.0320      0.0000       0.0000  vexu_EN_RVV1_DW_inc_58
u_npu_core/u_core/u_vexu/div_861_G3/u_div/u_absval_AAbs/NEG
                                      44.4780      0.0      44.4780      0.0000       0.0000  vexu_EN_RVV1_DW01_inc_86
u_npu_core/u_core/u_vexu/div_861_G3/u_div/u_add_B3
                                     163.6740      0.0     163.6740      0.0000       0.0000  vexu_EN_RVV1_DW01_add_1634
u_npu_core/u_core/u_vexu/div_861_G3/u_div/u_add_B5
                                     137.5920      0.0     137.5920      0.0000       0.0000  vexu_EN_RVV1_DW01_add_4646
u_npu_core/u_core/u_vexu/div_861_G3/u_div/u_add_B6
                                     139.7340      0.0     139.7340      0.0000       0.0000  vexu_EN_RVV1_DW01_add_4645
u_npu_core/u_core/u_vexu/div_861_G3/u_div/u_add_B7
                                     150.6960      0.0     150.6960      0.0000       0.0000  vexu_EN_RVV1_DW01_sub_294
u_npu_core/u_core/u_vexu/div_861_G3/u_div/u_add_PartRem_0_1
                                      86.9400      0.0      86.9400      0.0000       0.0000  vexu_EN_RVV1_DW01_add_1707
u_npu_core/u_core/u_vexu/div_861_G3/u_div/u_add_PartRem_0_2
                                      86.4360      0.0      86.4360      0.0000       0.0000  vexu_EN_RVV1_DW01_add_1708
u_npu_core/u_core/u_vexu/div_861_G3/u_div/u_add_PartRem_0_3
                                      91.2240      0.0      91.2240      0.0000       0.0000  vexu_EN_RVV1_DW01_add_1709
u_npu_core/u_core/u_vexu/div_861_G3/u_div/u_add_PartRem_0_4
                                      87.3180      0.0      87.3180      0.0000       0.0000  vexu_EN_RVV1_DW01_add_1710
u_npu_core/u_core/u_vexu/div_861_G3/u_div/u_add_PartRem_0_5
                                      92.1060      0.0      92.1060      0.0000       0.0000  vexu_EN_RVV1_DW01_add_1711
u_npu_core/u_core/u_vexu/div_861_G3/u_div/u_add_PartRem_0_6
                                      92.7360      0.0      92.7360      0.0000       0.0000  vexu_EN_RVV1_DW01_add_1712
u_npu_core/u_core/u_vexu/div_861_G3/u_div/u_add_PartRem_0_7
                                      92.6100      0.0      92.6100      0.0000       0.0000  vexu_EN_RVV1_DW01_add_1713
u_npu_core/u_core/u_vexu/div_861_G3/u_div/u_add_PartRem_10_1
                                      16.6320      0.0      16.6320      0.0000       0.0000  vexu_EN_RVV1_DW01_add_1637
u_npu_core/u_core/u_vexu/div_861_G3/u_div/u_add_PartRem_10_2
                                      14.4900      0.0      14.4900      0.0000       0.0000  vexu_EN_RVV1_DW01_add_1638
u_npu_core/u_core/u_vexu/div_861_G3/u_div/u_add_PartRem_10_3
                                      20.4120      0.0      20.4120      0.0000       0.0000  vexu_EN_RVV1_DW01_add_1639
u_npu_core/u_core/u_vexu/div_861_G3/u_div/u_add_PartRem_1_1
                                     163.9260      0.0     163.9260      0.0000       0.0000  vexu_EN_RVV1_DW01_add_1700
u_npu_core/u_core/u_vexu/div_861_G3/u_div/u_add_PartRem_1_2
                                     156.6180      0.0     156.6180      0.0000       0.0000  vexu_EN_RVV1_DW01_add_1701
u_npu_core/u_core/u_vexu/div_861_G3/u_div/u_add_PartRem_1_3
                                     178.1640      0.0     178.1640      0.0000       0.0000  vexu_EN_RVV1_DW01_add_1702
u_npu_core/u_core/u_vexu/div_861_G3/u_div/u_add_PartRem_1_4
                                     153.7200      0.0     153.7200      0.0000       0.0000  vexu_EN_RVV1_DW01_add_1703
u_npu_core/u_core/u_vexu/div_861_G3/u_div/u_add_PartRem_1_5
                                     177.2820      0.0     177.2820      0.0000       0.0000  vexu_EN_RVV1_DW01_add_1704
u_npu_core/u_core/u_vexu/div_861_G3/u_div/u_add_PartRem_1_6
                                     176.9040      0.0     176.9040      0.0000       0.0000  vexu_EN_RVV1_DW01_add_1705
u_npu_core/u_core/u_vexu/div_861_G3/u_div/u_add_PartRem_1_7
                                     178.5420      0.0     178.5420      0.0000       0.0000  vexu_EN_RVV1_DW01_add_1706
u_npu_core/u_core/u_vexu/div_861_G3/u_div/u_add_PartRem_2_1
                                     143.5140      0.0     143.5140      0.0000       0.0000  vexu_EN_RVV1_DW01_add_1693
u_npu_core/u_core/u_vexu/div_861_G3/u_div/u_add_PartRem_2_2
                                     139.1040      0.0     139.1040      0.0000       0.0000  vexu_EN_RVV1_DW01_add_1694
u_npu_core/u_core/u_vexu/div_861_G3/u_div/u_add_PartRem_2_3
                                     154.8540      0.0     154.8540      0.0000       0.0000  vexu_EN_RVV1_DW01_add_1695
u_npu_core/u_core/u_vexu/div_861_G3/u_div/u_add_PartRem_2_4
                                     138.3480      0.0     138.3480      0.0000       0.0000  vexu_EN_RVV1_DW01_add_1696
u_npu_core/u_core/u_vexu/div_861_G3/u_div/u_add_PartRem_2_5
                                     155.4840      0.0     155.4840      0.0000       0.0000  vexu_EN_RVV1_DW01_add_1697
u_npu_core/u_core/u_vexu/div_861_G3/u_div/u_add_PartRem_2_6
                                     156.7440      0.0     156.7440      0.0000       0.0000  vexu_EN_RVV1_DW01_add_1698
u_npu_core/u_core/u_vexu/div_861_G3/u_div/u_add_PartRem_2_7
                                     155.9880      0.0     155.9880      0.0000       0.0000  vexu_EN_RVV1_DW01_add_1699
u_npu_core/u_core/u_vexu/div_861_G3/u_div/u_add_PartRem_3_1
                                     126.7560      0.0     126.7560      0.0000       0.0000  vexu_EN_RVV1_DW01_add_1686
u_npu_core/u_core/u_vexu/div_861_G3/u_div/u_add_PartRem_3_2
                                     124.6140      0.0     124.6140      0.0000       0.0000  vexu_EN_RVV1_DW01_add_1687
u_npu_core/u_core/u_vexu/div_861_G3/u_div/u_add_PartRem_3_3
                                     134.1900      0.0     134.1900      0.0000       0.0000  vexu_EN_RVV1_DW01_add_1688
u_npu_core/u_core/u_vexu/div_861_G3/u_div/u_add_PartRem_3_4
                                     120.4560      0.0     120.4560      0.0000       0.0000  vexu_EN_RVV1_DW01_add_1689
u_npu_core/u_core/u_vexu/div_861_G3/u_div/u_add_PartRem_3_5
                                     135.3240      0.0     135.3240      0.0000       0.0000  vexu_EN_RVV1_DW01_add_1690
u_npu_core/u_core/u_vexu/div_861_G3/u_div/u_add_PartRem_3_6
                                     135.5760      0.0     135.5760      0.0000       0.0000  vexu_EN_RVV1_DW01_add_1691
u_npu_core/u_core/u_vexu/div_861_G3/u_div/u_add_PartRem_3_7
                                     135.4500      0.0     135.4500      0.0000       0.0000  vexu_EN_RVV1_DW01_add_1692
u_npu_core/u_core/u_vexu/div_861_G3/u_div/u_add_PartRem_4_1
                                     111.7620      0.0     111.7620      0.0000       0.0000  vexu_EN_RVV1_DW01_add_1679
u_npu_core/u_core/u_vexu/div_861_G3/u_div/u_add_PartRem_4_2
                                     109.4940      0.0     109.4940      0.0000       0.0000  vexu_EN_RVV1_DW01_add_1680
u_npu_core/u_core/u_vexu/div_861_G3/u_div/u_add_PartRem_4_3
                                     117.5580      0.0     117.5580      0.0000       0.0000  vexu_EN_RVV1_DW01_add_1681
u_npu_core/u_core/u_vexu/div_861_G3/u_div/u_add_PartRem_4_4
                                     101.9340      0.0     101.9340      0.0000       0.0000  vexu_EN_RVV1_DW01_add_1682
u_npu_core/u_core/u_vexu/div_861_G3/u_div/u_add_PartRem_4_5
                                     117.8100      0.0     117.8100      0.0000       0.0000  vexu_EN_RVV1_DW01_add_1683
u_npu_core/u_core/u_vexu/div_861_G3/u_div/u_add_PartRem_4_6
                                     120.4560      0.0     120.4560      0.0000       0.0000  vexu_EN_RVV1_DW01_add_1684
u_npu_core/u_core/u_vexu/div_861_G3/u_div/u_add_PartRem_4_7
                                     118.1880      0.0     118.1880      0.0000       0.0000  vexu_EN_RVV1_DW01_add_1685
u_npu_core/u_core/u_vexu/div_861_G3/u_div/u_add_PartRem_5_1
                                      96.5160      0.0      96.5160      0.0000       0.0000  vexu_EN_RVV1_DW01_add_1672
u_npu_core/u_core/u_vexu/div_861_G3/u_div/u_add_PartRem_5_2
                                      91.6020      0.0      91.6020      0.0000       0.0000  vexu_EN_RVV1_DW01_add_1673
u_npu_core/u_core/u_vexu/div_861_G3/u_div/u_add_PartRem_5_3
                                      99.5400      0.0      99.5400      0.0000       0.0000  vexu_EN_RVV1_DW01_add_1674
u_npu_core/u_core/u_vexu/div_861_G3/u_div/u_add_PartRem_5_4
                                      90.9720      0.0      90.9720      0.0000       0.0000  vexu_EN_RVV1_DW01_add_1675
u_npu_core/u_core/u_vexu/div_861_G3/u_div/u_add_PartRem_5_5
                                      99.6660      0.0      99.6660      0.0000       0.0000  vexu_EN_RVV1_DW01_add_1676
u_npu_core/u_core/u_vexu/div_861_G3/u_div/u_add_PartRem_5_6
                                     101.1780      0.0     101.1780      0.0000       0.0000  vexu_EN_RVV1_DW01_add_1677
u_npu_core/u_core/u_vexu/div_861_G3/u_div/u_add_PartRem_5_7
                                     100.1700      0.0     100.1700      0.0000       0.0000  vexu_EN_RVV1_DW01_add_1678
u_npu_core/u_core/u_vexu/div_861_G3/u_div/u_add_PartRem_6_1
                                      85.4280      0.0      85.4280      0.0000       0.0000  vexu_EN_RVV1_DW01_add_1665
u_npu_core/u_core/u_vexu/div_861_G3/u_div/u_add_PartRem_6_2
                                      78.2460      0.0      78.2460      0.0000       0.0000  vexu_EN_RVV1_DW01_add_1666
u_npu_core/u_core/u_vexu/div_861_G3/u_div/u_add_PartRem_6_3
                                      89.9640      0.0      89.9640      0.0000       0.0000  vexu_EN_RVV1_DW01_add_1667
u_npu_core/u_core/u_vexu/div_861_G3/u_div/u_add_PartRem_6_4
                                      75.4740      0.0      75.4740      0.0000       0.0000  vexu_EN_RVV1_DW01_add_1668
u_npu_core/u_core/u_vexu/div_861_G3/u_div/u_add_PartRem_6_5
                                      90.7200      0.0      90.7200      0.0000       0.0000  vexu_EN_RVV1_DW01_add_1669
u_npu_core/u_core/u_vexu/div_861_G3/u_div/u_add_PartRem_6_6
                                      91.4760      0.0      91.4760      0.0000       0.0000  vexu_EN_RVV1_DW01_add_1670
u_npu_core/u_core/u_vexu/div_861_G3/u_div/u_add_PartRem_6_7
                                      90.9720      0.0      90.9720      0.0000       0.0000  vexu_EN_RVV1_DW01_add_1671
u_npu_core/u_core/u_vexu/div_861_G3/u_div/u_add_PartRem_7_1
                                      68.2920      0.0      68.2920      0.0000       0.0000  vexu_EN_RVV1_DW01_add_1658
u_npu_core/u_core/u_vexu/div_861_G3/u_div/u_add_PartRem_7_2
                                      63.0000      0.0      63.0000      0.0000       0.0000  vexu_EN_RVV1_DW01_add_1659
u_npu_core/u_core/u_vexu/div_861_G3/u_div/u_add_PartRem_7_3
                                      69.9300      0.0      69.9300      0.0000       0.0000  vexu_EN_RVV1_DW01_add_1660
u_npu_core/u_core/u_vexu/div_861_G3/u_div/u_add_PartRem_7_4
                                      59.0940      0.0      59.0940      0.0000       0.0000  vexu_EN_RVV1_DW01_add_1661
u_npu_core/u_core/u_vexu/div_861_G3/u_div/u_add_PartRem_7_5
                                      70.0560      0.0      70.0560      0.0000       0.0000  vexu_EN_RVV1_DW01_add_1662
u_npu_core/u_core/u_vexu/div_861_G3/u_div/u_add_PartRem_7_6
                                      70.0560      0.0      70.0560      0.0000       0.0000  vexu_EN_RVV1_DW01_add_1663
u_npu_core/u_core/u_vexu/div_861_G3/u_div/u_add_PartRem_7_7
                                      70.5600      0.0      70.5600      0.0000       0.0000  vexu_EN_RVV1_DW01_add_1664
u_npu_core/u_core/u_vexu/div_861_G3/u_div/u_add_PartRem_8_1
                                      52.4160      0.0      52.4160      0.0000       0.0000  vexu_EN_RVV1_DW01_add_1651
u_npu_core/u_core/u_vexu/div_861_G3/u_div/u_add_PartRem_8_2
                                      50.1480      0.0      50.1480      0.0000       0.0000  vexu_EN_RVV1_DW01_add_1652
u_npu_core/u_core/u_vexu/div_861_G3/u_div/u_add_PartRem_8_3
                                      53.4240      0.0      53.4240      0.0000       0.0000  vexu_EN_RVV1_DW01_add_1653
u_npu_core/u_core/u_vexu/div_861_G3/u_div/u_add_PartRem_8_4
                                      47.2500      0.0      47.2500      0.0000       0.0000  vexu_EN_RVV1_DW01_add_1654
u_npu_core/u_core/u_vexu/div_861_G3/u_div/u_add_PartRem_8_5
                                      53.9280      0.0      53.9280      0.0000       0.0000  vexu_EN_RVV1_DW01_add_1655
u_npu_core/u_core/u_vexu/div_861_G3/u_div/u_add_PartRem_8_6
                                      54.9360      0.0      54.9360      0.0000       0.0000  vexu_EN_RVV1_DW01_add_1656
u_npu_core/u_core/u_vexu/div_861_G3/u_div/u_add_PartRem_8_7
                                      54.4320      0.0      54.4320      0.0000       0.0000  vexu_EN_RVV1_DW01_add_1657
u_npu_core/u_core/u_vexu/div_861_G3/u_div/u_add_PartRem_9_1
                                      39.6900      0.0      39.6900      0.0000       0.0000  vexu_EN_RVV1_DW01_add_1644
u_npu_core/u_core/u_vexu/div_861_G3/u_div/u_add_PartRem_9_2
                                      30.7440      0.0      30.7440      0.0000       0.0000  vexu_EN_RVV1_DW01_add_1645
u_npu_core/u_core/u_vexu/div_861_G3/u_div/u_add_PartRem_9_3
                                      40.6980      0.0      40.6980      0.0000       0.0000  vexu_EN_RVV1_DW01_add_1646
u_npu_core/u_core/u_vexu/div_861_G3/u_div/u_add_PartRem_9_4
                                      28.0980      0.0      28.0980      0.0000       0.0000  vexu_EN_RVV1_DW01_add_1647
u_npu_core/u_core/u_vexu/div_861_G3/u_div/u_add_PartRem_9_5
                                      41.0760      0.0      41.0760      0.0000       0.0000  vexu_EN_RVV1_DW01_add_1648
u_npu_core/u_core/u_vexu/div_861_G3/u_div/u_add_PartRem_9_6
                                      41.0760      0.0      41.0760      0.0000       0.0000  vexu_EN_RVV1_DW01_add_1649
u_npu_core/u_core/u_vexu/div_861_G3/u_div/u_add_PartRem_9_7
                                      42.4620      0.0      42.4620      0.0000       0.0000  vexu_EN_RVV1_DW01_add_1650
u_npu_core/u_core/u_vexu/div_861_G3/u_div/u_inc_QInc
                                      67.9140      0.0      67.9140      0.0000       0.0000  vexu_EN_RVV1_DW_inc_62
u_npu_core/u_core/u_vexu/div_861_G4/u_div/u_absval_AAbs/NEG
                                      50.6520      0.0      50.6520      0.0000       0.0000  vexu_EN_RVV1_DW01_inc_85
u_npu_core/u_core/u_vexu/div_861_G4/u_div/u_add_B3
                                     165.0600      0.0     165.0600      0.0000       0.0000  vexu_EN_RVV1_DW01_add_1554
u_npu_core/u_core/u_vexu/div_861_G4/u_div/u_add_B5
                                     137.5920      0.0     137.5920      0.0000       0.0000  vexu_EN_RVV1_DW01_add_4652
u_npu_core/u_core/u_vexu/div_861_G4/u_div/u_add_B6
                                     139.1040      0.0     139.1040      0.0000       0.0000  vexu_EN_RVV1_DW01_add_4651
u_npu_core/u_core/u_vexu/div_861_G4/u_div/u_add_B7
                                     151.3260      0.0     151.3260      0.0000       0.0000  vexu_EN_RVV1_DW01_sub_295
u_npu_core/u_core/u_vexu/div_861_G4/u_div/u_add_PartRem_0_1
                                      87.5700      0.0      87.5700      0.0000       0.0000  vexu_EN_RVV1_DW01_add_1627
u_npu_core/u_core/u_vexu/div_861_G4/u_div/u_add_PartRem_0_2
                                      88.3260      0.0      88.3260      0.0000       0.0000  vexu_EN_RVV1_DW01_add_1628
u_npu_core/u_core/u_vexu/div_861_G4/u_div/u_add_PartRem_0_3
                                      91.7280      0.0      91.7280      0.0000       0.0000  vexu_EN_RVV1_DW01_add_1629
u_npu_core/u_core/u_vexu/div_861_G4/u_div/u_add_PartRem_0_4
                                      85.8060      0.0      85.8060      0.0000       0.0000  vexu_EN_RVV1_DW01_add_1630
u_npu_core/u_core/u_vexu/div_861_G4/u_div/u_add_PartRem_0_5
                                      92.3580      0.0      92.3580      0.0000       0.0000  vexu_EN_RVV1_DW01_add_1631
u_npu_core/u_core/u_vexu/div_861_G4/u_div/u_add_PartRem_0_6
                                      92.7360      0.0      92.7360      0.0000       0.0000  vexu_EN_RVV1_DW01_add_1632
u_npu_core/u_core/u_vexu/div_861_G4/u_div/u_add_PartRem_0_7
                                      93.1140      0.0      93.1140      0.0000       0.0000  vexu_EN_RVV1_DW01_add_1633
u_npu_core/u_core/u_vexu/div_861_G4/u_div/u_add_PartRem_10_1
                                      16.6320      0.0      16.6320      0.0000       0.0000  vexu_EN_RVV1_DW01_add_1557
u_npu_core/u_core/u_vexu/div_861_G4/u_div/u_add_PartRem_10_2
                                      14.3640      0.0      14.3640      0.0000       0.0000  vexu_EN_RVV1_DW01_add_1558
u_npu_core/u_core/u_vexu/div_861_G4/u_div/u_add_PartRem_10_3
                                      18.9000      0.0      18.9000      0.0000       0.0000  vexu_EN_RVV1_DW01_add_1559
u_npu_core/u_core/u_vexu/div_861_G4/u_div/u_add_PartRem_1_1
                                     164.4300      0.0     164.4300      0.0000       0.0000  vexu_EN_RVV1_DW01_add_1620
u_npu_core/u_core/u_vexu/div_861_G4/u_div/u_add_PartRem_1_2
                                     157.1220      0.0     157.1220      0.0000       0.0000  vexu_EN_RVV1_DW01_add_1621
u_npu_core/u_core/u_vexu/div_861_G4/u_div/u_add_PartRem_1_3
                                     179.9280      0.0     179.9280      0.0000       0.0000  vexu_EN_RVV1_DW01_add_1622
u_npu_core/u_core/u_vexu/div_861_G4/u_div/u_add_PartRem_1_4
                                     152.9640      0.0     152.9640      0.0000       0.0000  vexu_EN_RVV1_DW01_add_1623
u_npu_core/u_core/u_vexu/div_861_G4/u_div/u_add_PartRem_1_5
                                     179.1720      0.0     179.1720      0.0000       0.0000  vexu_EN_RVV1_DW01_add_1624
u_npu_core/u_core/u_vexu/div_861_G4/u_div/u_add_PartRem_1_6
                                     180.8100      0.0     180.8100      0.0000       0.0000  vexu_EN_RVV1_DW01_add_1625
u_npu_core/u_core/u_vexu/div_861_G4/u_div/u_add_PartRem_1_7
                                     179.5500      0.0     179.5500      0.0000       0.0000  vexu_EN_RVV1_DW01_add_1626
u_npu_core/u_core/u_vexu/div_861_G4/u_div/u_add_PartRem_2_1
                                     144.6480      0.0     144.6480      0.0000       0.0000  vexu_EN_RVV1_DW01_add_1613
u_npu_core/u_core/u_vexu/div_861_G4/u_div/u_add_PartRem_2_2
                                     140.8680      0.0     140.8680      0.0000       0.0000  vexu_EN_RVV1_DW01_add_1614
u_npu_core/u_core/u_vexu/div_861_G4/u_div/u_add_PartRem_2_3
                                     154.6020      0.0     154.6020      0.0000       0.0000  vexu_EN_RVV1_DW01_add_1615
u_npu_core/u_core/u_vexu/div_861_G4/u_div/u_add_PartRem_2_4
                                     134.4420      0.0     134.4420      0.0000       0.0000  vexu_EN_RVV1_DW01_add_1616
u_npu_core/u_core/u_vexu/div_861_G4/u_div/u_add_PartRem_2_5
                                     155.6100      0.0     155.6100      0.0000       0.0000  vexu_EN_RVV1_DW01_add_1617
u_npu_core/u_core/u_vexu/div_861_G4/u_div/u_add_PartRem_2_6
                                     156.6180      0.0     156.6180      0.0000       0.0000  vexu_EN_RVV1_DW01_add_1618
u_npu_core/u_core/u_vexu/div_861_G4/u_div/u_add_PartRem_2_7
                                     156.4920      0.0     156.4920      0.0000       0.0000  vexu_EN_RVV1_DW01_add_1619
u_npu_core/u_core/u_vexu/div_861_G4/u_div/u_add_PartRem_3_1
                                     126.7560      0.0     126.7560      0.0000       0.0000  vexu_EN_RVV1_DW01_add_1606
u_npu_core/u_core/u_vexu/div_861_G4/u_div/u_add_PartRem_3_2
                                     125.7480      0.0     125.7480      0.0000       0.0000  vexu_EN_RVV1_DW01_add_1607
u_npu_core/u_core/u_vexu/div_861_G4/u_div/u_add_PartRem_3_3
                                     135.1980      0.0     135.1980      0.0000       0.0000  vexu_EN_RVV1_DW01_add_1608
u_npu_core/u_core/u_vexu/div_861_G4/u_div/u_add_PartRem_3_4
                                     119.7000      0.0     119.7000      0.0000       0.0000  vexu_EN_RVV1_DW01_add_1609
u_npu_core/u_core/u_vexu/div_861_G4/u_div/u_add_PartRem_3_5
                                     136.0800      0.0     136.0800      0.0000       0.0000  vexu_EN_RVV1_DW01_add_1610
u_npu_core/u_core/u_vexu/div_861_G4/u_div/u_add_PartRem_3_6
                                     136.4580      0.0     136.4580      0.0000       0.0000  vexu_EN_RVV1_DW01_add_1611
u_npu_core/u_core/u_vexu/div_861_G4/u_div/u_add_PartRem_3_7
                                     136.9620      0.0     136.9620      0.0000       0.0000  vexu_EN_RVV1_DW01_add_1612
u_npu_core/u_core/u_vexu/div_861_G4/u_div/u_add_PartRem_4_1
                                     112.7700      0.0     112.7700      0.0000       0.0000  vexu_EN_RVV1_DW01_add_1599
u_npu_core/u_core/u_vexu/div_861_G4/u_div/u_add_PartRem_4_2
                                     108.3600      0.0     108.3600      0.0000       0.0000  vexu_EN_RVV1_DW01_add_1600
u_npu_core/u_core/u_vexu/div_861_G4/u_div/u_add_PartRem_4_3
                                     117.9360      0.0     117.9360      0.0000       0.0000  vexu_EN_RVV1_DW01_add_1601
u_npu_core/u_core/u_vexu/div_861_G4/u_div/u_add_PartRem_4_4
                                     103.3200      0.0     103.3200      0.0000       0.0000  vexu_EN_RVV1_DW01_add_1602
u_npu_core/u_core/u_vexu/div_861_G4/u_div/u_add_PartRem_4_5
                                     117.6840      0.0     117.6840      0.0000       0.0000  vexu_EN_RVV1_DW01_add_1603
u_npu_core/u_core/u_vexu/div_861_G4/u_div/u_add_PartRem_4_6
                                     118.0620      0.0     118.0620      0.0000       0.0000  vexu_EN_RVV1_DW01_add_1604
u_npu_core/u_core/u_vexu/div_861_G4/u_div/u_add_PartRem_4_7
                                     117.3060      0.0     117.3060      0.0000       0.0000  vexu_EN_RVV1_DW01_add_1605
u_npu_core/u_core/u_vexu/div_861_G4/u_div/u_add_PartRem_5_1
                                      95.8860      0.0      95.8860      0.0000       0.0000  vexu_EN_RVV1_DW01_add_1592
u_npu_core/u_core/u_vexu/div_861_G4/u_div/u_add_PartRem_5_2
                                      90.5940      0.0      90.5940      0.0000       0.0000  vexu_EN_RVV1_DW01_add_1593
u_npu_core/u_core/u_vexu/div_861_G4/u_div/u_add_PartRem_5_3
                                     100.8000      0.0     100.8000      0.0000       0.0000  vexu_EN_RVV1_DW01_add_1594
u_npu_core/u_core/u_vexu/div_861_G4/u_div/u_add_PartRem_5_4
                                      88.3260      0.0      88.3260      0.0000       0.0000  vexu_EN_RVV1_DW01_add_1595
u_npu_core/u_core/u_vexu/div_861_G4/u_div/u_add_PartRem_5_5
                                      99.5400      0.0      99.5400      0.0000       0.0000  vexu_EN_RVV1_DW01_add_1596
u_npu_core/u_core/u_vexu/div_861_G4/u_div/u_add_PartRem_5_6
                                      99.7920      0.0      99.7920      0.0000       0.0000  vexu_EN_RVV1_DW01_add_1597
u_npu_core/u_core/u_vexu/div_861_G4/u_div/u_add_PartRem_5_7
                                      99.9180      0.0      99.9180      0.0000       0.0000  vexu_EN_RVV1_DW01_add_1598
u_npu_core/u_core/u_vexu/div_861_G4/u_div/u_add_PartRem_6_1
                                      85.0500      0.0      85.0500      0.0000       0.0000  vexu_EN_RVV1_DW01_add_1585
u_npu_core/u_core/u_vexu/div_861_G4/u_div/u_add_PartRem_6_2
                                      77.7420      0.0      77.7420      0.0000       0.0000  vexu_EN_RVV1_DW01_add_1586
u_npu_core/u_core/u_vexu/div_861_G4/u_div/u_add_PartRem_6_3
                                      89.9640      0.0      89.9640      0.0000       0.0000  vexu_EN_RVV1_DW01_add_1587
u_npu_core/u_core/u_vexu/div_861_G4/u_div/u_add_PartRem_6_4
                                      73.5840      0.0      73.5840      0.0000       0.0000  vexu_EN_RVV1_DW01_add_1588
u_npu_core/u_core/u_vexu/div_861_G4/u_div/u_add_PartRem_6_5
                                      89.7120      0.0      89.7120      0.0000       0.0000  vexu_EN_RVV1_DW01_add_1589
u_npu_core/u_core/u_vexu/div_861_G4/u_div/u_add_PartRem_6_6
                                      90.3420      0.0      90.3420      0.0000       0.0000  vexu_EN_RVV1_DW01_add_1590
u_npu_core/u_core/u_vexu/div_861_G4/u_div/u_add_PartRem_6_7
                                      90.3420      0.0      90.3420      0.0000       0.0000  vexu_EN_RVV1_DW01_add_1591
u_npu_core/u_core/u_vexu/div_861_G4/u_div/u_add_PartRem_7_1
                                      68.4180      0.0      68.4180      0.0000       0.0000  vexu_EN_RVV1_DW01_add_1578
u_npu_core/u_core/u_vexu/div_861_G4/u_div/u_add_PartRem_7_2
                                      62.2440      0.0      62.2440      0.0000       0.0000  vexu_EN_RVV1_DW01_add_1579
u_npu_core/u_core/u_vexu/div_861_G4/u_div/u_add_PartRem_7_3
                                      70.1820      0.0      70.1820      0.0000       0.0000  vexu_EN_RVV1_DW01_add_1580
u_npu_core/u_core/u_vexu/div_861_G4/u_div/u_add_PartRem_7_4
                                      58.0860      0.0      58.0860      0.0000       0.0000  vexu_EN_RVV1_DW01_add_1581
u_npu_core/u_core/u_vexu/div_861_G4/u_div/u_add_PartRem_7_5
                                      70.4340      0.0      70.4340      0.0000       0.0000  vexu_EN_RVV1_DW01_add_1582
u_npu_core/u_core/u_vexu/div_861_G4/u_div/u_add_PartRem_7_6
                                      71.3160      0.0      71.3160      0.0000       0.0000  vexu_EN_RVV1_DW01_add_1583
u_npu_core/u_core/u_vexu/div_861_G4/u_div/u_add_PartRem_7_7
                                      72.7020      0.0      72.7020      0.0000       0.0000  vexu_EN_RVV1_DW01_add_1584
u_npu_core/u_core/u_vexu/div_861_G4/u_div/u_add_PartRem_8_1
                                      52.4160      0.0      52.4160      0.0000       0.0000  vexu_EN_RVV1_DW01_add_1571
u_npu_core/u_core/u_vexu/div_861_G4/u_div/u_add_PartRem_8_2
                                      49.2660      0.0      49.2660      0.0000       0.0000  vexu_EN_RVV1_DW01_add_1572
u_npu_core/u_core/u_vexu/div_861_G4/u_div/u_add_PartRem_8_3
                                      53.4240      0.0      53.4240      0.0000       0.0000  vexu_EN_RVV1_DW01_add_1573
u_npu_core/u_core/u_vexu/div_861_G4/u_div/u_add_PartRem_8_4
                                      45.9900      0.0      45.9900      0.0000       0.0000  vexu_EN_RVV1_DW01_add_1574
u_npu_core/u_core/u_vexu/div_861_G4/u_div/u_add_PartRem_8_5
                                      54.0540      0.0      54.0540      0.0000       0.0000  vexu_EN_RVV1_DW01_add_1575
u_npu_core/u_core/u_vexu/div_861_G4/u_div/u_add_PartRem_8_6
                                      55.0620      0.0      55.0620      0.0000       0.0000  vexu_EN_RVV1_DW01_add_1576
u_npu_core/u_core/u_vexu/div_861_G4/u_div/u_add_PartRem_8_7
                                      54.5580      0.0      54.5580      0.0000       0.0000  vexu_EN_RVV1_DW01_add_1577
u_npu_core/u_core/u_vexu/div_861_G4/u_div/u_add_PartRem_9_1
                                      39.6900      0.0      39.6900      0.0000       0.0000  vexu_EN_RVV1_DW01_add_1564
u_npu_core/u_core/u_vexu/div_861_G4/u_div/u_add_PartRem_9_2
                                      30.2400      0.0      30.2400      0.0000       0.0000  vexu_EN_RVV1_DW01_add_1565
u_npu_core/u_core/u_vexu/div_861_G4/u_div/u_add_PartRem_9_3
                                      40.6980      0.0      40.6980      0.0000       0.0000  vexu_EN_RVV1_DW01_add_1566
u_npu_core/u_core/u_vexu/div_861_G4/u_div/u_add_PartRem_9_4
                                      26.7120      0.0      26.7120      0.0000       0.0000  vexu_EN_RVV1_DW01_add_1567
u_npu_core/u_core/u_vexu/div_861_G4/u_div/u_add_PartRem_9_5
                                      41.0760      0.0      41.0760      0.0000       0.0000  vexu_EN_RVV1_DW01_add_1568
u_npu_core/u_core/u_vexu/div_861_G4/u_div/u_add_PartRem_9_6
                                      41.5800      0.0      41.5800      0.0000       0.0000  vexu_EN_RVV1_DW01_add_1569
u_npu_core/u_core/u_vexu/div_861_G4/u_div/u_add_PartRem_9_7
                                      41.5800      0.0      41.5800      0.0000       0.0000  vexu_EN_RVV1_DW01_add_1570
u_npu_core/u_core/u_vexu/div_861_G4/u_div/u_inc_QInc
                                      67.4100      0.0      67.4100      0.0000       0.0000  vexu_EN_RVV1_DW_inc_60
u_npu_core/u_core/u_vexu/mult_1180
                                      19.4040      0.0      19.4040      0.0000       0.0000  vexu_EN_RVV1_DW_mult_uns_2
u_npu_core/u_core/u_vexu/mult_1358
                                     126.7560      0.0     126.7560      0.0000       0.0000  vexu_EN_RVV1_DW_mult_tc_3_DW_mult_tc_261
u_npu_core/u_core/u_vexu/mult_1358_G2
                                     126.7560      0.0     126.7560      0.0000       0.0000  vexu_EN_RVV1_DW_mult_tc_48_DW_mult_tc_306
u_npu_core/u_core/u_vexu/mult_1358_G3
                                     126.7560      0.0     126.7560      0.0000       0.0000  vexu_EN_RVV1_DW_mult_tc_9_DW_mult_tc_267
u_npu_core/u_core/u_vexu/mult_1358_G4
                                     126.7560      0.0     126.7560      0.0000       0.0000  vexu_EN_RVV1_DW_mult_tc_54_DW_mult_tc_312
u_npu_core/u_core/u_vexu/mult_1358_G5
                                     126.7560      0.0     126.7560      0.0000       0.0000  vexu_EN_RVV1_DW_mult_tc_15_DW_mult_tc_273
u_npu_core/u_core/u_vexu/mult_1358_G6
                                     126.7560      0.0     126.7560      0.0000       0.0000  vexu_EN_RVV1_DW_mult_tc_60_DW_mult_tc_318
u_npu_core/u_core/u_vexu/mult_1358_G7
                                     126.7560      0.0     126.7560      0.0000       0.0000  vexu_EN_RVV1_DW_mult_tc_21_DW_mult_tc_279
u_npu_core/u_core/u_vexu/mult_1358_G8
                                     126.7560      0.0     126.7560      0.0000       0.0000  vexu_EN_RVV1_DW_mult_tc_66_DW_mult_tc_324
u_npu_core/u_core/u_vexu/mult_1359
                                     144.1440      0.0     144.1440      0.0000       0.0000  vexu_EN_RVV1_DW_mult_uns_22
u_npu_core/u_core/u_vexu/mult_1359_G2
                                     144.1440      0.0     144.1440      0.0000       0.0000  vexu_EN_RVV1_DW_mult_uns_59
u_npu_core/u_core/u_vexu/mult_1359_G3
                                     144.1440      0.0     144.1440      0.0000       0.0000  vexu_EN_RVV1_DW_mult_uns_26
u_npu_core/u_core/u_vexu/mult_1359_G4
                                     144.1440      0.0     144.1440      0.0000       0.0000  vexu_EN_RVV1_DW_mult_uns_63
u_npu_core/u_core/u_vexu/mult_1359_G5
                                     144.1440      0.0     144.1440      0.0000       0.0000  vexu_EN_RVV1_DW_mult_uns_30
u_npu_core/u_core/u_vexu/mult_1359_G6
                                     144.1440      0.0     144.1440      0.0000       0.0000  vexu_EN_RVV1_DW_mult_uns_67
u_npu_core/u_core/u_vexu/mult_1359_G7
                                     144.1440      0.0     144.1440      0.0000       0.0000  vexu_EN_RVV1_DW_mult_uns_34
u_npu_core/u_core/u_vexu/mult_1359_G8
                                     144.1440      0.0     144.1440      0.0000       0.0000  vexu_EN_RVV1_DW_mult_uns_71
u_npu_core/u_core/u_vexu/mult_1360
                                     136.0800      0.0     136.0800      0.0000       0.0000  vexu_EN_RVV1_DW_mult_tc_4_DW_mult_tc_262
u_npu_core/u_core/u_vexu/mult_1360_G2
                                     136.0800      0.0     136.0800      0.0000       0.0000  vexu_EN_RVV1_DW_mult_tc_49_DW_mult_tc_307
u_npu_core/u_core/u_vexu/mult_1360_G3
                                     136.0800      0.0     136.0800      0.0000       0.0000  vexu_EN_RVV1_DW_mult_tc_10_DW_mult_tc_268
u_npu_core/u_core/u_vexu/mult_1360_G4
                                     136.0800      0.0     136.0800      0.0000       0.0000  vexu_EN_RVV1_DW_mult_tc_55_DW_mult_tc_313
u_npu_core/u_core/u_vexu/mult_1360_G5
                                     136.0800      0.0     136.0800      0.0000       0.0000  vexu_EN_RVV1_DW_mult_tc_16_DW_mult_tc_274
u_npu_core/u_core/u_vexu/mult_1360_G6
                                     136.0800      0.0     136.0800      0.0000       0.0000  vexu_EN_RVV1_DW_mult_tc_61_DW_mult_tc_319
u_npu_core/u_core/u_vexu/mult_1360_G7
                                     136.0800      0.0     136.0800      0.0000       0.0000  vexu_EN_RVV1_DW_mult_tc_22_DW_mult_tc_280
u_npu_core/u_core/u_vexu/mult_1360_G8
                                     136.0800      0.0     136.0800      0.0000       0.0000  vexu_EN_RVV1_DW_mult_tc_67_DW_mult_tc_325
u_npu_core/u_core/u_vexu/mult_1363
                                     136.0800      0.0     136.0800      0.0000       0.0000  vexu_EN_RVV1_DW_mult_tc_5_DW_mult_tc_263
u_npu_core/u_core/u_vexu/mult_1363_G2
                                     136.0800      0.0     136.0800      0.0000       0.0000  vexu_EN_RVV1_DW_mult_tc_50_DW_mult_tc_308
u_npu_core/u_core/u_vexu/mult_1363_G3
                                     136.0800      0.0     136.0800      0.0000       0.0000  vexu_EN_RVV1_DW_mult_tc_11_DW_mult_tc_269
u_npu_core/u_core/u_vexu/mult_1363_G4
                                     136.0800      0.0     136.0800      0.0000       0.0000  vexu_EN_RVV1_DW_mult_tc_56_DW_mult_tc_314
u_npu_core/u_core/u_vexu/mult_1363_G5
                                     136.0800      0.0     136.0800      0.0000       0.0000  vexu_EN_RVV1_DW_mult_tc_17_DW_mult_tc_275
u_npu_core/u_core/u_vexu/mult_1363_G6
                                     136.0800      0.0     136.0800      0.0000       0.0000  vexu_EN_RVV1_DW_mult_tc_62_DW_mult_tc_320
u_npu_core/u_core/u_vexu/mult_1363_G7
                                     136.0800      0.0     136.0800      0.0000       0.0000  vexu_EN_RVV1_DW_mult_tc_23_DW_mult_tc_281
u_npu_core/u_core/u_vexu/mult_1363_G8
                                     136.0800      0.0     136.0800      0.0000       0.0000  vexu_EN_RVV1_DW_mult_tc_68_DW_mult_tc_326
u_npu_core/u_core/u_vexu/mult_1383
                                     490.6440      0.1     490.6440      0.0000       0.0000  vexu_EN_RVV1_DW_mult_tc_78_DW_mult_tc_336
u_npu_core/u_core/u_vexu/mult_1383_G2
                                     490.6440      0.1     490.6440      0.0000       0.0000  vexu_EN_RVV1_DW_mult_tc_84_DW_mult_tc_342
u_npu_core/u_core/u_vexu/mult_1383_G3
                                     490.6440      0.1     490.6440      0.0000       0.0000  vexu_EN_RVV1_DW_mult_tc_93_DW_mult_tc_351
u_npu_core/u_core/u_vexu/mult_1383_G4
                                     490.6440      0.1     490.6440      0.0000       0.0000  vexu_EN_RVV1_DW_mult_tc_99_DW_mult_tc_357
u_npu_core/u_core/u_vexu/mult_1384
                                     548.8560      0.1     548.8560      0.0000       0.0000  vexu_EN_RVV1_DW_mult_uns_81
u_npu_core/u_core/u_vexu/mult_1384_G2
                                     548.8560      0.1     548.8560      0.0000       0.0000  vexu_EN_RVV1_DW_mult_uns_85
u_npu_core/u_core/u_vexu/mult_1384_G3
                                     549.2340      0.1     549.2340      0.0000       0.0000  vexu_EN_RVV1_DW_mult_uns_92
u_npu_core/u_core/u_vexu/mult_1384_G4
                                     548.8560      0.1     548.8560      0.0000       0.0000  vexu_EN_RVV1_DW_mult_uns_96
u_npu_core/u_core/u_vexu/mult_1385
                                     511.3080      0.1     511.3080      0.0000       0.0000  vexu_EN_RVV1_DW_mult_tc_79_DW_mult_tc_337
u_npu_core/u_core/u_vexu/mult_1385_G2
                                     511.0560      0.1     511.0560      0.0000       0.0000  vexu_EN_RVV1_DW_mult_tc_85_DW_mult_tc_343
u_npu_core/u_core/u_vexu/mult_1385_G3
                                     511.3080      0.1     511.3080      0.0000       0.0000  vexu_EN_RVV1_DW_mult_tc_94_DW_mult_tc_352
u_npu_core/u_core/u_vexu/mult_1385_G4
                                     511.0560      0.1     511.0560      0.0000       0.0000  vexu_EN_RVV1_DW_mult_tc_100_DW_mult_tc_358
u_npu_core/u_core/u_vexu/mult_1387
                                     511.0560      0.1     511.0560      0.0000       0.0000  vexu_EN_RVV1_DW_mult_tc_80_DW_mult_tc_338
u_npu_core/u_core/u_vexu/mult_1387_G2
                                     511.0560      0.1     511.0560      0.0000       0.0000  vexu_EN_RVV1_DW_mult_tc_86_DW_mult_tc_344
u_npu_core/u_core/u_vexu/mult_1387_G3
                                     511.0560      0.1     511.0560      0.0000       0.0000  vexu_EN_RVV1_DW_mult_tc_95_DW_mult_tc_353
u_npu_core/u_core/u_vexu/mult_1387_G4
                                     511.0560      0.1     511.0560      0.0000       0.0000  vexu_EN_RVV1_DW_mult_tc_101_DW_mult_tc_359
u_npu_core/u_core/u_vexu/mult_774    126.7560      0.0     126.7560      0.0000       0.0000  vexu_EN_RVV1_DW_mult_tc_0_DW_mult_tc_258
u_npu_core/u_core/u_vexu/mult_774_G10
                                     126.7560      0.0     126.7560      0.0000       0.0000  vexu_EN_RVV1_DW_mult_tc_69_DW_mult_tc_327
u_npu_core/u_core/u_vexu/mult_774_G11
                                     126.7560      0.0     126.7560      0.0000       0.0000  vexu_EN_RVV1_DW_mult_tc_27_DW_mult_tc_285
u_npu_core/u_core/u_vexu/mult_774_G12
                                     126.7560      0.0     126.7560      0.0000       0.0000  vexu_EN_RVV1_DW_mult_tc_36_DW_mult_tc_294
u_npu_core/u_core/u_vexu/mult_774_G13
                                     126.7560      0.0     126.7560      0.0000       0.0000  vexu_EN_RVV1_DW_mult_tc_30_DW_mult_tc_288
u_npu_core/u_core/u_vexu/mult_774_G14
                                     126.7560      0.0     126.7560      0.0000       0.0000  vexu_EN_RVV1_DW_mult_tc_39_DW_mult_tc_297
u_npu_core/u_core/u_vexu/mult_774_G15
                                     126.7560      0.0     126.7560      0.0000       0.0000  vexu_EN_RVV1_DW_mult_tc_33_DW_mult_tc_291
u_npu_core/u_core/u_vexu/mult_774_G16
                                     126.7560      0.0     126.7560      0.0000       0.0000  vexu_EN_RVV1_DW_mult_tc_42_DW_mult_tc_300
u_npu_core/u_core/u_vexu/mult_774_G2
                                     126.7560      0.0     126.7560      0.0000       0.0000  vexu_EN_RVV1_DW_mult_tc_45_DW_mult_tc_303
u_npu_core/u_core/u_vexu/mult_774_G3
                                     126.7560      0.0     126.7560      0.0000       0.0000  vexu_EN_RVV1_DW_mult_tc_6_DW_mult_tc_264
u_npu_core/u_core/u_vexu/mult_774_G4
                                     126.7560      0.0     126.7560      0.0000       0.0000  vexu_EN_RVV1_DW_mult_tc_51_DW_mult_tc_309
u_npu_core/u_core/u_vexu/mult_774_G5
                                     126.7560      0.0     126.7560      0.0000       0.0000  vexu_EN_RVV1_DW_mult_tc_12_DW_mult_tc_270
u_npu_core/u_core/u_vexu/mult_774_G6
                                     126.7560      0.0     126.7560      0.0000       0.0000  vexu_EN_RVV1_DW_mult_tc_57_DW_mult_tc_315
u_npu_core/u_core/u_vexu/mult_774_G7
                                     126.7560      0.0     126.7560      0.0000       0.0000  vexu_EN_RVV1_DW_mult_tc_18_DW_mult_tc_276
u_npu_core/u_core/u_vexu/mult_774_G8
                                     126.7560      0.0     126.7560      0.0000       0.0000  vexu_EN_RVV1_DW_mult_tc_63_DW_mult_tc_321
u_npu_core/u_core/u_vexu/mult_774_G9
                                     126.7560      0.0     126.7560      0.0000       0.0000  vexu_EN_RVV1_DW_mult_tc_24_DW_mult_tc_282
u_npu_core/u_core/u_vexu/mult_775    136.7100      0.0     136.7100      0.0000       0.0000  vexu_EN_RVV1_DW_mult_uns_19
u_npu_core/u_core/u_vexu/mult_775_G10
                                     136.7100      0.0     136.7100      0.0000       0.0000  vexu_EN_RVV1_DW_mult_uns_72
u_npu_core/u_core/u_vexu/mult_775_G11
                                     136.7100      0.0     136.7100      0.0000       0.0000  vexu_EN_RVV1_DW_mult_uns_38
u_npu_core/u_core/u_vexu/mult_775_G12
                                     136.7100      0.0     136.7100      0.0000       0.0000  vexu_EN_RVV1_DW_mult_uns_47
u_npu_core/u_core/u_vexu/mult_775_G13
                                     136.7100      0.0     136.7100      0.0000       0.0000  vexu_EN_RVV1_DW_mult_uns_41
u_npu_core/u_core/u_vexu/mult_775_G14
                                     136.7100      0.0     136.7100      0.0000       0.0000  vexu_EN_RVV1_DW_mult_uns_50
u_npu_core/u_core/u_vexu/mult_775_G15
                                     136.7100      0.0     136.7100      0.0000       0.0000  vexu_EN_RVV1_DW_mult_uns_44
u_npu_core/u_core/u_vexu/mult_775_G16
                                     136.7100      0.0     136.7100      0.0000       0.0000  vexu_EN_RVV1_DW_mult_uns_53
u_npu_core/u_core/u_vexu/mult_775_G2
                                     136.7100      0.0     136.7100      0.0000       0.0000  vexu_EN_RVV1_DW_mult_uns_56
u_npu_core/u_core/u_vexu/mult_775_G3
                                     136.7100      0.0     136.7100      0.0000       0.0000  vexu_EN_RVV1_DW_mult_uns_23
u_npu_core/u_core/u_vexu/mult_775_G4
                                     136.7100      0.0     136.7100      0.0000       0.0000  vexu_EN_RVV1_DW_mult_uns_60
u_npu_core/u_core/u_vexu/mult_775_G5
                                     136.7100      0.0     136.7100      0.0000       0.0000  vexu_EN_RVV1_DW_mult_uns_27
u_npu_core/u_core/u_vexu/mult_775_G6
                                     136.7100      0.0     136.7100      0.0000       0.0000  vexu_EN_RVV1_DW_mult_uns_64
u_npu_core/u_core/u_vexu/mult_775_G7
                                     136.7100      0.0     136.7100      0.0000       0.0000  vexu_EN_RVV1_DW_mult_uns_31
u_npu_core/u_core/u_vexu/mult_775_G8
                                     136.7100      0.0     136.7100      0.0000       0.0000  vexu_EN_RVV1_DW_mult_uns_68
u_npu_core/u_core/u_vexu/mult_775_G9
                                     136.7100      0.0     136.7100      0.0000       0.0000  vexu_EN_RVV1_DW_mult_uns_35
u_npu_core/u_core/u_vexu/mult_776    127.1340      0.0     127.1340      0.0000       0.0000  vexu_EN_RVV1_DW_mult_tc_1_DW_mult_tc_259
u_npu_core/u_core/u_vexu/mult_776_G10
                                     127.1340      0.0     127.1340      0.0000       0.0000  vexu_EN_RVV1_DW_mult_tc_70_DW_mult_tc_328
u_npu_core/u_core/u_vexu/mult_776_G11
                                     127.1340      0.0     127.1340      0.0000       0.0000  vexu_EN_RVV1_DW_mult_tc_28_DW_mult_tc_286
u_npu_core/u_core/u_vexu/mult_776_G12
                                     127.1340      0.0     127.1340      0.0000       0.0000  vexu_EN_RVV1_DW_mult_tc_37_DW_mult_tc_295
u_npu_core/u_core/u_vexu/mult_776_G13
                                     127.1340      0.0     127.1340      0.0000       0.0000  vexu_EN_RVV1_DW_mult_tc_31_DW_mult_tc_289
u_npu_core/u_core/u_vexu/mult_776_G14
                                     127.1340      0.0     127.1340      0.0000       0.0000  vexu_EN_RVV1_DW_mult_tc_40_DW_mult_tc_298
u_npu_core/u_core/u_vexu/mult_776_G15
                                     127.1340      0.0     127.1340      0.0000       0.0000  vexu_EN_RVV1_DW_mult_tc_34_DW_mult_tc_292
u_npu_core/u_core/u_vexu/mult_776_G16
                                     127.1340      0.0     127.1340      0.0000       0.0000  vexu_EN_RVV1_DW_mult_tc_43_DW_mult_tc_301
u_npu_core/u_core/u_vexu/mult_776_G2
                                     127.1340      0.0     127.1340      0.0000       0.0000  vexu_EN_RVV1_DW_mult_tc_46_DW_mult_tc_304
u_npu_core/u_core/u_vexu/mult_776_G3
                                     127.1340      0.0     127.1340      0.0000       0.0000  vexu_EN_RVV1_DW_mult_tc_7_DW_mult_tc_265
u_npu_core/u_core/u_vexu/mult_776_G4
                                     127.1340      0.0     127.1340      0.0000       0.0000  vexu_EN_RVV1_DW_mult_tc_52_DW_mult_tc_310
u_npu_core/u_core/u_vexu/mult_776_G5
                                     127.1340      0.0     127.1340      0.0000       0.0000  vexu_EN_RVV1_DW_mult_tc_13_DW_mult_tc_271
u_npu_core/u_core/u_vexu/mult_776_G6
                                     127.1340      0.0     127.1340      0.0000       0.0000  vexu_EN_RVV1_DW_mult_tc_58_DW_mult_tc_316
u_npu_core/u_core/u_vexu/mult_776_G7
                                     127.1340      0.0     127.1340      0.0000       0.0000  vexu_EN_RVV1_DW_mult_tc_19_DW_mult_tc_277
u_npu_core/u_core/u_vexu/mult_776_G8
                                     127.1340      0.0     127.1340      0.0000       0.0000  vexu_EN_RVV1_DW_mult_tc_64_DW_mult_tc_322
u_npu_core/u_core/u_vexu/mult_776_G9
                                     127.1340      0.0     127.1340      0.0000       0.0000  vexu_EN_RVV1_DW_mult_tc_25_DW_mult_tc_283
u_npu_core/u_core/u_vexu/mult_789    490.6440      0.1     490.6440      0.0000       0.0000  vexu_EN_RVV1_DW_mult_tc_75_DW_mult_tc_333
u_npu_core/u_core/u_vexu/mult_789_G2
                                     490.6440      0.1     490.6440      0.0000       0.0000  vexu_EN_RVV1_DW_mult_tc_81_DW_mult_tc_339
u_npu_core/u_core/u_vexu/mult_789_G3
                                     490.6440      0.1     490.6440      0.0000       0.0000  vexu_EN_RVV1_DW_mult_tc_90_DW_mult_tc_348
u_npu_core/u_core/u_vexu/mult_789_G4
                                     490.6440      0.1     490.6440      0.0000       0.0000  vexu_EN_RVV1_DW_mult_tc_96_DW_mult_tc_354
u_npu_core/u_core/u_vexu/mult_789_G5
                                     490.6440      0.1     490.6440      0.0000       0.0000  vexu_EN_RVV1_DW_mult_tc_105_DW_mult_tc_363
u_npu_core/u_core/u_vexu/mult_789_G6
                                     490.8960      0.1     490.8960      0.0000       0.0000  vexu_EN_RVV1_DW_mult_tc_108_DW_mult_tc_366
u_npu_core/u_core/u_vexu/mult_789_G7
                                     490.6440      0.1     490.6440      0.0000       0.0000  vexu_EN_RVV1_DW_mult_tc_114_DW_mult_tc_372
u_npu_core/u_core/u_vexu/mult_789_G8
                                     490.8960      0.1     490.8960      0.0000       0.0000  vexu_EN_RVV1_DW_mult_tc_117_DW_mult_tc_375
u_npu_core/u_core/u_vexu/mult_790    533.3580      0.1     533.3580      0.0000       0.0000  vexu_EN_RVV1_DW_mult_uns_78
u_npu_core/u_core/u_vexu/mult_790_G2
                                     533.3580      0.1     533.3580      0.0000       0.0000  vexu_EN_RVV1_DW_mult_uns_82
u_npu_core/u_core/u_vexu/mult_790_G3
                                     533.3580      0.1     533.3580      0.0000       0.0000  vexu_EN_RVV1_DW_mult_uns_89
u_npu_core/u_core/u_vexu/mult_790_G4
                                     533.3580      0.1     533.3580      0.0000       0.0000  vexu_EN_RVV1_DW_mult_uns_93
u_npu_core/u_core/u_vexu/mult_790_G5
                                     533.3580      0.1     533.3580      0.0000       0.0000  vexu_EN_RVV1_DW_mult_uns_100
u_npu_core/u_core/u_vexu/mult_790_G6
                                     533.3580      0.1     533.3580      0.0000       0.0000  vexu_EN_RVV1_DW_mult_uns_103
u_npu_core/u_core/u_vexu/mult_790_G7
                                     533.3580      0.1     533.3580      0.0000       0.0000  vexu_EN_RVV1_DW_mult_uns_109
u_npu_core/u_core/u_vexu/mult_790_G8
                                     533.3580      0.1     533.3580      0.0000       0.0000  vexu_EN_RVV1_DW_mult_uns_112
u_npu_core/u_core/u_vexu/mult_791    495.6840      0.1     495.6840      0.0000       0.0000  vexu_EN_RVV1_DW_mult_tc_76_DW_mult_tc_334
u_npu_core/u_core/u_vexu/mult_791_G2
                                     495.4320      0.1     495.4320      0.0000       0.0000  vexu_EN_RVV1_DW_mult_tc_82_DW_mult_tc_340
u_npu_core/u_core/u_vexu/mult_791_G3
                                     495.4320      0.1     495.4320      0.0000       0.0000  vexu_EN_RVV1_DW_mult_tc_91_DW_mult_tc_349
u_npu_core/u_core/u_vexu/mult_791_G4
                                     495.4320      0.1     495.4320      0.0000       0.0000  vexu_EN_RVV1_DW_mult_tc_97_DW_mult_tc_355
u_npu_core/u_core/u_vexu/mult_791_G5
                                     495.6840      0.1     495.6840      0.0000       0.0000  vexu_EN_RVV1_DW_mult_tc_106_DW_mult_tc_364
u_npu_core/u_core/u_vexu/mult_791_G6
                                     495.6840      0.1     495.6840      0.0000       0.0000  vexu_EN_RVV1_DW_mult_tc_109_DW_mult_tc_367
u_npu_core/u_core/u_vexu/mult_791_G7
                                     495.4320      0.1     495.4320      0.0000       0.0000  vexu_EN_RVV1_DW_mult_tc_115_DW_mult_tc_373
u_npu_core/u_core/u_vexu/mult_791_G8
                                     495.6840      0.1     495.6840      0.0000       0.0000  vexu_EN_RVV1_DW_mult_tc_118_DW_mult_tc_376
u_npu_core/u_core/u_vexu/mult_804   1733.8860      0.2    1733.8860      0.0000       0.0000  vexu_EN_RVV1_DW_mult_tc_73_DW_mult_tc_331
u_npu_core/u_core/u_vexu/mult_804_G2
                                    1733.8860      0.2    1733.8860      0.0000       0.0000  vexu_EN_RVV1_DW_mult_tc_88_DW_mult_tc_346
u_npu_core/u_core/u_vexu/mult_804_G3
                                    1733.2560      0.2    1733.2560      0.0000       0.0000  vexu_EN_RVV1_DW_mult_tc_103_DW_mult_tc_361
u_npu_core/u_core/u_vexu/mult_804_G4
                                    1733.5080      0.2    1733.5080      0.0000       0.0000  vexu_EN_RVV1_DW_mult_tc_112_DW_mult_tc_370
u_npu_core/u_core/u_vexu/mult_805   1706.5440      0.2    1706.5440      0.0000       0.0000  vexu_EN_RVV1_DW_mult_uns_75
u_npu_core/u_core/u_vexu/mult_805_G2
                                    1707.9300      0.2    1707.9300      0.0000       0.0000  vexu_EN_RVV1_DW_mult_uns_86
u_npu_core/u_core/u_vexu/mult_805_G3
                                    1707.3000      0.2    1707.3000      0.0000       0.0000  vexu_EN_RVV1_DW_mult_uns_97
u_npu_core/u_core/u_vexu/mult_805_G4
                                    1707.6780      0.2    1707.6780      0.0000       0.0000  vexu_EN_RVV1_DW_mult_uns_106
u_npu_core/u_core/u_vexu/mult_806   1711.8360      0.2    1711.8360      0.0000       0.0000  vexu_EN_RVV1_DW_mult_tc_74_DW_mult_tc_332
u_npu_core/u_core/u_vexu/mult_806_G2
                                    1714.1040      0.2    1714.1040      0.0000       0.0000  vexu_EN_RVV1_DW_mult_tc_89_DW_mult_tc_347
u_npu_core/u_core/u_vexu/mult_806_G3
                                    1712.5920      0.2    1712.5920      0.0000       0.0000  vexu_EN_RVV1_DW_mult_tc_104_DW_mult_tc_362
u_npu_core/u_core/u_vexu/mult_806_G4
                                    1712.7180      0.2    1712.7180      0.0000       0.0000  vexu_EN_RVV1_DW_mult_tc_113_DW_mult_tc_371
u_npu_core/u_core/u_vexu/mult_881     70.4340      0.0      70.4340      0.0000       0.0000  vexu_EN_RVV1_DW_mult_uns_20
u_npu_core/u_core/u_vexu/mult_881_G10
                                      70.4340      0.0      70.4340      0.0000       0.0000  vexu_EN_RVV1_DW_mult_uns_73
u_npu_core/u_core/u_vexu/mult_881_G11
                                      70.4340      0.0      70.4340      0.0000       0.0000  vexu_EN_RVV1_DW_mult_uns_39
u_npu_core/u_core/u_vexu/mult_881_G12
                                      70.4340      0.0      70.4340      0.0000       0.0000  vexu_EN_RVV1_DW_mult_uns_48
u_npu_core/u_core/u_vexu/mult_881_G13
                                      70.4340      0.0      70.4340      0.0000       0.0000  vexu_EN_RVV1_DW_mult_uns_42
u_npu_core/u_core/u_vexu/mult_881_G14
                                      70.4340      0.0      70.4340      0.0000       0.0000  vexu_EN_RVV1_DW_mult_uns_51
u_npu_core/u_core/u_vexu/mult_881_G15
                                      70.4340      0.0      70.4340      0.0000       0.0000  vexu_EN_RVV1_DW_mult_uns_45
u_npu_core/u_core/u_vexu/mult_881_G16
                                      70.4340      0.0      70.4340      0.0000       0.0000  vexu_EN_RVV1_DW_mult_uns_54
u_npu_core/u_core/u_vexu/mult_881_G2
                                      70.4340      0.0      70.4340      0.0000       0.0000  vexu_EN_RVV1_DW_mult_uns_57
u_npu_core/u_core/u_vexu/mult_881_G3
                                      70.4340      0.0      70.4340      0.0000       0.0000  vexu_EN_RVV1_DW_mult_uns_24
u_npu_core/u_core/u_vexu/mult_881_G4
                                      70.4340      0.0      70.4340      0.0000       0.0000  vexu_EN_RVV1_DW_mult_uns_61
u_npu_core/u_core/u_vexu/mult_881_G5
                                      70.4340      0.0      70.4340      0.0000       0.0000  vexu_EN_RVV1_DW_mult_uns_28
u_npu_core/u_core/u_vexu/mult_881_G6
                                      70.4340      0.0      70.4340      0.0000       0.0000  vexu_EN_RVV1_DW_mult_uns_65
u_npu_core/u_core/u_vexu/mult_881_G7
                                      70.4340      0.0      70.4340      0.0000       0.0000  vexu_EN_RVV1_DW_mult_uns_32
u_npu_core/u_core/u_vexu/mult_881_G8
                                      70.4340      0.0      70.4340      0.0000       0.0000  vexu_EN_RVV1_DW_mult_uns_69
u_npu_core/u_core/u_vexu/mult_881_G9
                                      70.4340      0.0      70.4340      0.0000       0.0000  vexu_EN_RVV1_DW_mult_uns_36
u_npu_core/u_core/u_vexu/mult_882     70.4340      0.0      70.4340      0.0000       0.0000  vexu_EN_RVV1_DW_mult_uns_21
u_npu_core/u_core/u_vexu/mult_882_G10
                                      70.4340      0.0      70.4340      0.0000       0.0000  vexu_EN_RVV1_DW_mult_uns_74
u_npu_core/u_core/u_vexu/mult_882_G11
                                      70.4340      0.0      70.4340      0.0000       0.0000  vexu_EN_RVV1_DW_mult_uns_40
u_npu_core/u_core/u_vexu/mult_882_G12
                                      70.4340      0.0      70.4340      0.0000       0.0000  vexu_EN_RVV1_DW_mult_uns_49
u_npu_core/u_core/u_vexu/mult_882_G13
                                      70.4340      0.0      70.4340      0.0000       0.0000  vexu_EN_RVV1_DW_mult_uns_43
u_npu_core/u_core/u_vexu/mult_882_G14
                                      70.4340      0.0      70.4340      0.0000       0.0000  vexu_EN_RVV1_DW_mult_uns_52
u_npu_core/u_core/u_vexu/mult_882_G15
                                      70.4340      0.0      70.4340      0.0000       0.0000  vexu_EN_RVV1_DW_mult_uns_46
u_npu_core/u_core/u_vexu/mult_882_G16
                                      70.4340      0.0      70.4340      0.0000       0.0000  vexu_EN_RVV1_DW_mult_uns_55
u_npu_core/u_core/u_vexu/mult_882_G2
                                      70.4340      0.0      70.4340      0.0000       0.0000  vexu_EN_RVV1_DW_mult_uns_58
u_npu_core/u_core/u_vexu/mult_882_G3
                                      70.4340      0.0      70.4340      0.0000       0.0000  vexu_EN_RVV1_DW_mult_uns_25
u_npu_core/u_core/u_vexu/mult_882_G4
                                      70.4340      0.0      70.4340      0.0000       0.0000  vexu_EN_RVV1_DW_mult_uns_62
u_npu_core/u_core/u_vexu/mult_882_G5
                                      70.4340      0.0      70.4340      0.0000       0.0000  vexu_EN_RVV1_DW_mult_uns_29
u_npu_core/u_core/u_vexu/mult_882_G6
                                      70.4340      0.0      70.4340      0.0000       0.0000  vexu_EN_RVV1_DW_mult_uns_66
u_npu_core/u_core/u_vexu/mult_882_G7
                                      70.4340      0.0      70.4340      0.0000       0.0000  vexu_EN_RVV1_DW_mult_uns_33
u_npu_core/u_core/u_vexu/mult_882_G8
                                      70.4340      0.0      70.4340      0.0000       0.0000  vexu_EN_RVV1_DW_mult_uns_70
u_npu_core/u_core/u_vexu/mult_882_G9
                                      70.4340      0.0      70.4340      0.0000       0.0000  vexu_EN_RVV1_DW_mult_uns_37
u_npu_core/u_core/u_vexu/mult_895    302.2740      0.0     302.2740      0.0000       0.0000  vexu_EN_RVV1_DW_mult_uns_79
u_npu_core/u_core/u_vexu/mult_895_G2
                                     302.2740      0.0     302.2740      0.0000       0.0000  vexu_EN_RVV1_DW_mult_uns_83
u_npu_core/u_core/u_vexu/mult_895_G3
                                     302.2740      0.0     302.2740      0.0000       0.0000  vexu_EN_RVV1_DW_mult_uns_90
u_npu_core/u_core/u_vexu/mult_895_G4
                                     302.2740      0.0     302.2740      0.0000       0.0000  vexu_EN_RVV1_DW_mult_uns_94
u_npu_core/u_core/u_vexu/mult_895_G5
                                     302.2740      0.0     302.2740      0.0000       0.0000  vexu_EN_RVV1_DW_mult_uns_101
u_npu_core/u_core/u_vexu/mult_895_G6
                                     302.2740      0.0     302.2740      0.0000       0.0000  vexu_EN_RVV1_DW_mult_uns_104
u_npu_core/u_core/u_vexu/mult_895_G7
                                     302.2740      0.0     302.2740      0.0000       0.0000  vexu_EN_RVV1_DW_mult_uns_110
u_npu_core/u_core/u_vexu/mult_895_G8
                                     302.2740      0.0     302.2740      0.0000       0.0000  vexu_EN_RVV1_DW_mult_uns_113
u_npu_core/u_core/u_vexu/mult_896    302.2740      0.0     302.2740      0.0000       0.0000  vexu_EN_RVV1_DW_mult_uns_80
u_npu_core/u_core/u_vexu/mult_896_G2
                                     302.2740      0.0     302.2740      0.0000       0.0000  vexu_EN_RVV1_DW_mult_uns_84
u_npu_core/u_core/u_vexu/mult_896_G3
                                     302.2740      0.0     302.2740      0.0000       0.0000  vexu_EN_RVV1_DW_mult_uns_91
u_npu_core/u_core/u_vexu/mult_896_G4
                                     302.2740      0.0     302.2740      0.0000       0.0000  vexu_EN_RVV1_DW_mult_uns_95
u_npu_core/u_core/u_vexu/mult_896_G5
                                     302.2740      0.0     302.2740      0.0000       0.0000  vexu_EN_RVV1_DW_mult_uns_102
u_npu_core/u_core/u_vexu/mult_896_G6
                                     302.2740      0.0     302.2740      0.0000       0.0000  vexu_EN_RVV1_DW_mult_uns_105
u_npu_core/u_core/u_vexu/mult_896_G7
                                     302.2740      0.0     302.2740      0.0000       0.0000  vexu_EN_RVV1_DW_mult_uns_111
u_npu_core/u_core/u_vexu/mult_896_G8
                                     302.2740      0.0     302.2740      0.0000       0.0000  vexu_EN_RVV1_DW_mult_uns_114
u_npu_core/u_core/u_vexu/mult_909    922.1940      0.1     922.1940      0.0000       0.0000  vexu_EN_RVV1_DW_mult_uns_76
u_npu_core/u_core/u_vexu/mult_909_G2
                                     922.1940      0.1     922.1940      0.0000       0.0000  vexu_EN_RVV1_DW_mult_uns_87
u_npu_core/u_core/u_vexu/mult_909_G3
                                     921.8160      0.1     921.8160      0.0000       0.0000  vexu_EN_RVV1_DW_mult_uns_98
u_npu_core/u_core/u_vexu/mult_909_G4
                                     921.9420      0.1     921.9420      0.0000       0.0000  vexu_EN_RVV1_DW_mult_uns_107
u_npu_core/u_core/u_vexu/mult_910    922.0680      0.1     922.0680      0.0000       0.0000  vexu_EN_RVV1_DW_mult_uns_77
u_npu_core/u_core/u_vexu/mult_910_G2
                                     922.0680      0.1     922.0680      0.0000       0.0000  vexu_EN_RVV1_DW_mult_uns_88
u_npu_core/u_core/u_vexu/mult_910_G3
                                     922.1940      0.1     922.1940      0.0000       0.0000  vexu_EN_RVV1_DW_mult_uns_99
u_npu_core/u_core/u_vexu/mult_910_G4
                                     921.9420      0.1     921.9420      0.0000       0.0000  vexu_EN_RVV1_DW_mult_uns_108
u_npu_core/u_core/u_vexu/mult_934    126.7560      0.0     126.7560      0.0000       0.0000  vexu_EN_RVV1_DW_mult_tc_2_DW_mult_tc_260
u_npu_core/u_core/u_vexu/mult_934_G10
                                     126.7560      0.0     126.7560      0.0000       0.0000  vexu_EN_RVV1_DW_mult_tc_71_DW_mult_tc_329
u_npu_core/u_core/u_vexu/mult_934_G11
                                     126.7560      0.0     126.7560      0.0000       0.0000  vexu_EN_RVV1_DW_mult_tc_29_DW_mult_tc_287
u_npu_core/u_core/u_vexu/mult_934_G12
                                     126.7560      0.0     126.7560      0.0000       0.0000  vexu_EN_RVV1_DW_mult_tc_38_DW_mult_tc_296
u_npu_core/u_core/u_vexu/mult_934_G13
                                     126.7560      0.0     126.7560      0.0000       0.0000  vexu_EN_RVV1_DW_mult_tc_32_DW_mult_tc_290
u_npu_core/u_core/u_vexu/mult_934_G14
                                     126.7560      0.0     126.7560      0.0000       0.0000  vexu_EN_RVV1_DW_mult_tc_41_DW_mult_tc_299
u_npu_core/u_core/u_vexu/mult_934_G15
                                     126.7560      0.0     126.7560      0.0000       0.0000  vexu_EN_RVV1_DW_mult_tc_35_DW_mult_tc_293
u_npu_core/u_core/u_vexu/mult_934_G16
                                     126.7560      0.0     126.7560      0.0000       0.0000  vexu_EN_RVV1_DW_mult_tc_44_DW_mult_tc_302
u_npu_core/u_core/u_vexu/mult_934_G2
                                     126.7560      0.0     126.7560      0.0000       0.0000  vexu_EN_RVV1_DW_mult_tc_47_DW_mult_tc_305
u_npu_core/u_core/u_vexu/mult_934_G3
                                     126.7560      0.0     126.7560      0.0000       0.0000  vexu_EN_RVV1_DW_mult_tc_8_DW_mult_tc_266
u_npu_core/u_core/u_vexu/mult_934_G4
                                     126.7560      0.0     126.7560      0.0000       0.0000  vexu_EN_RVV1_DW_mult_tc_53_DW_mult_tc_311
u_npu_core/u_core/u_vexu/mult_934_G5
                                     126.7560      0.0     126.7560      0.0000       0.0000  vexu_EN_RVV1_DW_mult_tc_14_DW_mult_tc_272
u_npu_core/u_core/u_vexu/mult_934_G6
                                     126.7560      0.0     126.7560      0.0000       0.0000  vexu_EN_RVV1_DW_mult_tc_59_DW_mult_tc_317
u_npu_core/u_core/u_vexu/mult_934_G7
                                     126.7560      0.0     126.7560      0.0000       0.0000  vexu_EN_RVV1_DW_mult_tc_20_DW_mult_tc_278
u_npu_core/u_core/u_vexu/mult_934_G8
                                     126.7560      0.0     126.7560      0.0000       0.0000  vexu_EN_RVV1_DW_mult_tc_65_DW_mult_tc_323
u_npu_core/u_core/u_vexu/mult_934_G9
                                     126.7560      0.0     126.7560      0.0000       0.0000  vexu_EN_RVV1_DW_mult_tc_26_DW_mult_tc_284
u_npu_core/u_core/u_vexu/mult_952    490.6440      0.1     490.6440      0.0000       0.0000  vexu_EN_RVV1_DW_mult_tc_77_DW_mult_tc_335
u_npu_core/u_core/u_vexu/mult_952_G2
                                     490.6440      0.1     490.6440      0.0000       0.0000  vexu_EN_RVV1_DW_mult_tc_83_DW_mult_tc_341
u_npu_core/u_core/u_vexu/mult_952_G3
                                     490.6440      0.1     490.6440      0.0000       0.0000  vexu_EN_RVV1_DW_mult_tc_92_DW_mult_tc_350
u_npu_core/u_core/u_vexu/mult_952_G4
                                     490.6440      0.1     490.6440      0.0000       0.0000  vexu_EN_RVV1_DW_mult_tc_98_DW_mult_tc_356
u_npu_core/u_core/u_vexu/mult_952_G5
                                     490.6440      0.1     490.6440      0.0000       0.0000  vexu_EN_RVV1_DW_mult_tc_107_DW_mult_tc_365
u_npu_core/u_core/u_vexu/mult_952_G6
                                     490.6440      0.1     490.6440      0.0000       0.0000  vexu_EN_RVV1_DW_mult_tc_110_DW_mult_tc_368
u_npu_core/u_core/u_vexu/mult_952_G7
                                     490.6440      0.1     490.6440      0.0000       0.0000  vexu_EN_RVV1_DW_mult_tc_116_DW_mult_tc_374
u_npu_core/u_core/u_vexu/mult_952_G8
                                     490.6440      0.1     490.6440      0.0000       0.0000  vexu_EN_RVV1_DW_mult_tc_119_DW_mult_tc_377
u_npu_core/u_core/u_vexu/mult_970   1733.5080      0.2    1733.5080      0.0000       0.0000  vexu_EN_RVV1_DW_mult_tc_72_DW_mult_tc_330
u_npu_core/u_core/u_vexu/mult_970_G2
                                    1734.0120      0.2    1734.0120      0.0000       0.0000  vexu_EN_RVV1_DW_mult_tc_87_DW_mult_tc_345
u_npu_core/u_core/u_vexu/mult_970_G3
                                    1733.2560      0.2    1733.2560      0.0000       0.0000  vexu_EN_RVV1_DW_mult_tc_102_DW_mult_tc_360
u_npu_core/u_core/u_vexu/mult_970_G4
                                    1733.5080      0.2    1733.5080      0.0000       0.0000  vexu_EN_RVV1_DW_mult_tc_111_DW_mult_tc_369
u_npu_core/u_core/u_vexu/mult_add_1466_I10_aco
                                      16.1280      0.0      16.1280      0.0000       0.0000  vexu_EN_RVV1_DW_mult_uns_12
u_npu_core/u_core/u_vexu/mult_add_1466_I11_aco
                                      16.1280      0.0      16.1280      0.0000       0.0000  vexu_EN_RVV1_DW_mult_uns_13
u_npu_core/u_core/u_vexu/mult_add_1466_I12_aco
                                      16.1280      0.0      16.1280      0.0000       0.0000  vexu_EN_RVV1_DW_mult_uns_14
u_npu_core/u_core/u_vexu/mult_add_1466_I13_aco
                                      16.1280      0.0      16.1280      0.0000       0.0000  vexu_EN_RVV1_DW_mult_uns_15
u_npu_core/u_core/u_vexu/mult_add_1466_I14_aco
                                      16.1280      0.0      16.1280      0.0000       0.0000  vexu_EN_RVV1_DW_mult_uns_16
u_npu_core/u_core/u_vexu/mult_add_1466_I15_aco
                                      16.1280      0.0      16.1280      0.0000       0.0000  vexu_EN_RVV1_DW_mult_uns_17
u_npu_core/u_core/u_vexu/mult_add_1466_I16_aco
                                      16.1280      0.0      16.1280      0.0000       0.0000  vexu_EN_RVV1_DW_mult_uns_18
u_npu_core/u_core/u_vexu/mult_add_1466_I2_aco
                                      16.1280      0.0      16.1280      0.0000       0.0000  vexu_EN_RVV1_DW_mult_uns_4
u_npu_core/u_core/u_vexu/mult_add_1466_I3_aco
                                      16.1280      0.0      16.1280      0.0000       0.0000  vexu_EN_RVV1_DW_mult_uns_5
u_npu_core/u_core/u_vexu/mult_add_1466_I4_aco
                                      16.1280      0.0      16.1280      0.0000       0.0000  vexu_EN_RVV1_DW_mult_uns_6
u_npu_core/u_core/u_vexu/mult_add_1466_I5_aco
                                      16.1280      0.0      16.1280      0.0000       0.0000  vexu_EN_RVV1_DW_mult_uns_7
u_npu_core/u_core/u_vexu/mult_add_1466_I6_aco
                                      16.1280      0.0      16.1280      0.0000       0.0000  vexu_EN_RVV1_DW_mult_uns_8
u_npu_core/u_core/u_vexu/mult_add_1466_I7_aco
                                      16.1280      0.0      16.1280      0.0000       0.0000  vexu_EN_RVV1_DW_mult_uns_9
u_npu_core/u_core/u_vexu/mult_add_1466_I8_aco
                                      16.1280      0.0      16.1280      0.0000       0.0000  vexu_EN_RVV1_DW_mult_uns_10
u_npu_core/u_core/u_vexu/mult_add_1466_I9_aco
                                      16.1280      0.0      16.1280      0.0000       0.0000  vexu_EN_RVV1_DW_mult_uns_11
u_npu_core/u_core/u_vexu/mult_add_1466_aco
                                      16.1280      0.0      16.1280      0.0000       0.0000  vexu_EN_RVV1_DW_mult_uns_3
u_npu_core/u_core/u_vexu/r15836       34.9020      0.0      34.9020      0.0000       0.0000  vexu_EN_RVV1_DW01_cmp6_111_DW01_cmp6_117
u_npu_core/u_core/u_vexu/r15837       34.9020      0.0      34.9020      0.0000       0.0000  vexu_EN_RVV1_DW01_cmp6_110_DW01_cmp6_116
u_npu_core/u_core/u_vexu/r15846       34.9020      0.0      34.9020      0.0000       0.0000  vexu_EN_RVV1_DW01_cmp6_109_DW01_cmp6_115
u_npu_core/u_core/u_vexu/r15847       34.9020      0.0      34.9020      0.0000       0.0000  vexu_EN_RVV1_DW01_cmp6_108_DW01_cmp6_114
u_npu_core/u_core/u_vexu/r15856       34.9020      0.0      34.9020      0.0000       0.0000  vexu_EN_RVV1_DW01_cmp6_107_DW01_cmp6_113
u_npu_core/u_core/u_vexu/r15857       34.9020      0.0      34.9020      0.0000       0.0000  vexu_EN_RVV1_DW01_cmp6_106_DW01_cmp6_112
u_npu_core/u_core/u_vexu/r15866       34.9020      0.0      34.9020      0.0000       0.0000  vexu_EN_RVV1_DW01_cmp6_105_DW01_cmp6_111
u_npu_core/u_core/u_vexu/r15867       34.9020      0.0      34.9020      0.0000       0.0000  vexu_EN_RVV1_DW01_cmp6_104_DW01_cmp6_110
u_npu_core/u_core/u_vexu/r15876       34.9020      0.0      34.9020      0.0000       0.0000  vexu_EN_RVV1_DW01_cmp6_103_DW01_cmp6_109
u_npu_core/u_core/u_vexu/r15877       34.9020      0.0      34.9020      0.0000       0.0000  vexu_EN_RVV1_DW01_cmp6_102_DW01_cmp6_108
u_npu_core/u_core/u_vexu/r15886       34.9020      0.0      34.9020      0.0000       0.0000  vexu_EN_RVV1_DW01_cmp6_101_DW01_cmp6_107
u_npu_core/u_core/u_vexu/r15887       34.9020      0.0      34.9020      0.0000       0.0000  vexu_EN_RVV1_DW01_cmp6_100_DW01_cmp6_106
u_npu_core/u_core/u_vexu/r15896       34.9020      0.0      34.9020      0.0000       0.0000  vexu_EN_RVV1_DW01_cmp6_99_DW01_cmp6_105
u_npu_core/u_core/u_vexu/r15897       34.9020      0.0      34.9020      0.0000       0.0000  vexu_EN_RVV1_DW01_cmp6_98_DW01_cmp6_104
u_npu_core/u_core/u_vexu/r15906       34.9020      0.0      34.9020      0.0000       0.0000  vexu_EN_RVV1_DW01_cmp6_97_DW01_cmp6_103
u_npu_core/u_core/u_vexu/r15907       34.9020      0.0      34.9020      0.0000       0.0000  vexu_EN_RVV1_DW01_cmp6_96_DW01_cmp6_102
u_npu_core/u_core/u_vexu/r15916       70.5600      0.0      70.5600      0.0000       0.0000  vexu_EN_RVV1_DW01_cmp6_95_DW01_cmp6_101
u_npu_core/u_core/u_vexu/r15917       70.5600      0.0      70.5600      0.0000       0.0000  vexu_EN_RVV1_DW01_cmp6_94_DW01_cmp6_100
u_npu_core/u_core/u_vexu/r15926       70.5600      0.0      70.5600      0.0000       0.0000  vexu_EN_RVV1_DW01_cmp6_93_DW01_cmp6_99
u_npu_core/u_core/u_vexu/r15927       70.5600      0.0      70.5600      0.0000       0.0000  vexu_EN_RVV1_DW01_cmp6_92_DW01_cmp6_98
u_npu_core/u_core/u_vexu/r15936       70.5600      0.0      70.5600      0.0000       0.0000  vexu_EN_RVV1_DW01_cmp6_91_DW01_cmp6_97
u_npu_core/u_core/u_vexu/r15937       70.5600      0.0      70.5600      0.0000       0.0000  vexu_EN_RVV1_DW01_cmp6_90_DW01_cmp6_96
u_npu_core/u_core/u_vexu/r15946       70.5600      0.0      70.5600      0.0000       0.0000  vexu_EN_RVV1_DW01_cmp6_89_DW01_cmp6_95
u_npu_core/u_core/u_vexu/r15947       70.5600      0.0      70.5600      0.0000       0.0000  vexu_EN_RVV1_DW01_cmp6_88_DW01_cmp6_94
u_npu_core/u_core/u_vexu/r15980       35.4060      0.0      35.4060      0.0000       0.0000  vexu_EN_RVV1_DW01_cmp6_55_DW01_cmp6_61
u_npu_core/u_core/u_vexu/r15981       35.0280      0.0      35.0280      0.0000       0.0000  vexu_EN_RVV1_DW01_cmp6_54_DW01_cmp6_60
u_npu_core/u_core/u_vexu/r15982       35.4060      0.0      35.4060      0.0000       0.0000  vexu_EN_RVV1_DW01_cmp6_53_DW01_cmp6_59
u_npu_core/u_core/u_vexu/r15983       35.0280      0.0      35.0280      0.0000       0.0000  vexu_EN_RVV1_DW01_cmp6_52_DW01_cmp6_58
u_npu_core/u_core/u_vexu/r15984       35.4060      0.0      35.4060      0.0000       0.0000  vexu_EN_RVV1_DW01_cmp6_51_DW01_cmp6_57
u_npu_core/u_core/u_vexu/r15985       35.0280      0.0      35.0280      0.0000       0.0000  vexu_EN_RVV1_DW01_cmp6_50_DW01_cmp6_56
u_npu_core/u_core/u_vexu/r15986       35.4060      0.0      35.4060      0.0000       0.0000  vexu_EN_RVV1_DW01_cmp6_49_DW01_cmp6_55
u_npu_core/u_core/u_vexu/r15987       35.0280      0.0      35.0280      0.0000       0.0000  vexu_EN_RVV1_DW01_cmp6_48_DW01_cmp6_54
u_npu_core/u_core/u_vexu/r15988       35.4060      0.0      35.4060      0.0000       0.0000  vexu_EN_RVV1_DW01_cmp6_47_DW01_cmp6_53
u_npu_core/u_core/u_vexu/r15989       35.0280      0.0      35.0280      0.0000       0.0000  vexu_EN_RVV1_DW01_cmp6_46_DW01_cmp6_52
u_npu_core/u_core/u_vexu/r15990       35.4060      0.0      35.4060      0.0000       0.0000  vexu_EN_RVV1_DW01_cmp6_45_DW01_cmp6_51
u_npu_core/u_core/u_vexu/r15991       35.0280      0.0      35.0280      0.0000       0.0000  vexu_EN_RVV1_DW01_cmp6_44_DW01_cmp6_50
u_npu_core/u_core/u_vexu/r15992       35.4060      0.0      35.4060      0.0000       0.0000  vexu_EN_RVV1_DW01_cmp6_43_DW01_cmp6_49
u_npu_core/u_core/u_vexu/r15993       35.0280      0.0      35.0280      0.0000       0.0000  vexu_EN_RVV1_DW01_cmp6_42_DW01_cmp6_48
u_npu_core/u_core/u_vexu/r15994       35.4060      0.0      35.4060      0.0000       0.0000  vexu_EN_RVV1_DW01_cmp6_41_DW01_cmp6_47
u_npu_core/u_core/u_vexu/r15995       35.0280      0.0      35.0280      0.0000       0.0000  vexu_EN_RVV1_DW01_cmp6_40_DW01_cmp6_46
u_npu_core/u_core/u_vexu/r15996       71.3160      0.0      71.3160      0.0000       0.0000  vexu_EN_RVV1_DW01_cmp6_39_DW01_cmp6_45
u_npu_core/u_core/u_vexu/r15997       70.6860      0.0      70.6860      0.0000       0.0000  vexu_EN_RVV1_DW01_cmp6_38_DW01_cmp6_44
u_npu_core/u_core/u_vexu/r15998       71.3160      0.0      71.3160      0.0000       0.0000  vexu_EN_RVV1_DW01_cmp6_37_DW01_cmp6_43
u_npu_core/u_core/u_vexu/r15999       70.6860      0.0      70.6860      0.0000       0.0000  vexu_EN_RVV1_DW01_cmp6_36_DW01_cmp6_42
u_npu_core/u_core/u_vexu/r16000       71.3160      0.0      71.3160      0.0000       0.0000  vexu_EN_RVV1_DW01_cmp6_35_DW01_cmp6_41
u_npu_core/u_core/u_vexu/r16001       70.6860      0.0      70.6860      0.0000       0.0000  vexu_EN_RVV1_DW01_cmp6_34_DW01_cmp6_40
u_npu_core/u_core/u_vexu/r16002       71.3160      0.0      71.3160      0.0000       0.0000  vexu_EN_RVV1_DW01_cmp6_33_DW01_cmp6_39
u_npu_core/u_core/u_vexu/r16003       70.6860      0.0      70.6860      0.0000       0.0000  vexu_EN_RVV1_DW01_cmp6_32_DW01_cmp6_38
u_npu_core/u_core/u_vexu/r16819       90.8460      0.0      90.8460      0.0000       0.0000  vexu_EN_RVV1_DW01_cmp6_195
u_npu_core/u_core/u_vexu/r16820       94.5000      0.0      94.5000      0.0000       0.0000  vexu_EN_RVV1_DW01_cmp6_174
u_npu_core/u_core/u_vexu/r16822       93.4920      0.0      93.4920      0.0000       0.0000  vexu_EN_RVV1_DW01_cmp6_173
u_npu_core/u_core/u_vexu/r16823       77.9940      0.0      77.9940      0.0000       0.0000  vexu_EN_RVV1_DW01_cmp6_202
u_npu_core/u_core/u_vexu/r16825       98.9100      0.0      98.9100      0.0000       0.0000  vexu_EN_RVV1_DW01_cmp6_194
u_npu_core/u_core/u_vexu/r16826       98.6580      0.0      98.6580      0.0000       0.0000  vexu_EN_RVV1_DW01_cmp6_193
u_npu_core/u_core/u_vexu/r16828       78.2460      0.0      78.2460      0.0000       0.0000  vexu_EN_RVV1_DW01_cmp6_192
u_npu_core/u_core/u_vexu/r16829       89.7120      0.0      89.7120      0.0000       0.0000  vexu_EN_RVV1_DW01_cmp6_206
u_npu_core/u_core/u_vexu/r16831       94.8780      0.0      94.8780      0.0000       0.0000  vexu_EN_RVV1_DW01_cmp6_196
u_npu_core/u_core/u_vexu/r16832       97.5240      0.0      97.5240      0.0000       0.0000  vexu_EN_RVV1_DW01_cmp6_190
u_npu_core/u_core/u_vexu/r16834      132.9300      0.0     132.9300      0.0000       0.0000  vexu_EN_RVV1_DW01_cmp6_165
u_npu_core/u_core/u_vexu/r16835       90.7200      0.0      90.7200      0.0000       0.0000  vexu_EN_RVV1_DW01_cmp6_200
u_npu_core/u_core/u_vexu/r16837       93.2400      0.0      93.2400      0.0000       0.0000  vexu_EN_RVV1_DW01_cmp6_207
u_npu_core/u_core/u_vexu/r16838       99.1620      0.0      99.1620      0.0000       0.0000  vexu_EN_RVV1_DW01_cmp6_199
u_npu_core/u_core/u_vexu/r16840      137.5920      0.0     137.5920      0.0000       0.0000  vexu_EN_RVV1_DW01_cmp6_161
u_npu_core/u_core/u_vexu/r16841       77.7420      0.0      77.7420      0.0000       0.0000  vexu_EN_RVV1_DW01_cmp6_198
u_npu_core/u_core/u_vexu/r16843       85.5540      0.0      85.5540      0.0000       0.0000  vexu_EN_RVV1_DW01_cmp6_197
u_npu_core/u_core/u_vexu/r16844       92.2320      0.0      92.2320      0.0000       0.0000  vexu_EN_RVV1_DW01_cmp6_189
u_npu_core/u_core/u_vexu/r16846       92.9880      0.0      92.9880      0.0000       0.0000  vexu_EN_RVV1_DW01_cmp6_188
u_npu_core/u_core/u_vexu/r16847      126.8820      0.0     126.8820      0.0000       0.0000  vexu_EN_RVV1_DW01_cmp6_187
u_npu_core/u_core/u_vexu/r16849       78.1200      0.0      78.1200      0.0000       0.0000  vexu_EN_RVV1_DW01_cmp6_186
u_npu_core/u_core/u_vexu/r16850       91.6020      0.0      91.6020      0.0000       0.0000  vexu_EN_RVV1_DW01_cmp6_204
u_npu_core/u_core/u_vexu/r16852       98.2800      0.0      98.2800      0.0000       0.0000  vexu_EN_RVV1_DW01_cmp6_184
u_npu_core/u_core/u_vexu/r16853       90.9720      0.0      90.9720      0.0000       0.0000  vexu_EN_RVV1_DW01_cmp6_183
u_npu_core/u_core/u_vexu/r16855       82.9080      0.0      82.9080      0.0000       0.0000  vexu_EN_RVV1_DW01_cmp6_182
u_npu_core/u_core/u_vexu/r16856      121.5900      0.0     121.5900      0.0000       0.0000  vexu_EN_RVV1_DW01_cmp6_203
u_npu_core/u_core/u_vexu/r16858       97.6500      0.0      97.6500      0.0000       0.0000  vexu_EN_RVV1_DW01_cmp6_180
u_npu_core/u_core/u_vexu/r16859       91.3500      0.0      91.3500      0.0000       0.0000  vexu_EN_RVV1_DW01_cmp6_179
u_npu_core/u_core/u_vexu/r16861       83.9160      0.0      83.9160      0.0000       0.0000  vexu_EN_RVV1_DW01_cmp6_178
u_npu_core/u_core/u_vexu/r16862      119.3220      0.0     119.3220      0.0000       0.0000  vexu_EN_RVV1_DW01_cmp6_205
u_npu_core/u_core/u_vexu/r16864      118.8180      0.0     118.8180      0.0000       0.0000  vexu_EN_RVV1_DW01_cmp6_201
u_npu_core/u_core/u_vexu/r16865       95.0040      0.0      95.0040      0.0000       0.0000  vexu_EN_RVV1_DW01_cmp6_176
u_npu_core/u_core/u_vexu/rem_830/u_div/u_add_PartRem_1_0
                                      14.9940      0.0      14.9940      0.0000       0.0000  vexu_EN_RVV1_DW01_add_1257
u_npu_core/u_core/u_vexu/rem_830/u_div/u_add_PartRem_1_1
                                      12.8520      0.0      12.8520      0.0000       0.0000  vexu_EN_RVV1_DW01_add_1256
u_npu_core/u_core/u_vexu/rem_830_G10/u_div/u_add_PartRem_1_0
                                      14.9940      0.0      14.9940      0.0000       0.0000  vexu_EN_RVV1_DW01_add_1149
u_npu_core/u_core/u_vexu/rem_830_G10/u_div/u_add_PartRem_1_1
                                      12.8520      0.0      12.8520      0.0000       0.0000  vexu_EN_RVV1_DW01_add_1148
u_npu_core/u_core/u_vexu/rem_830_G11/u_div/u_add_PartRem_1_0
                                      14.9940      0.0      14.9940      0.0000       0.0000  vexu_EN_RVV1_DW01_add_1137
u_npu_core/u_core/u_vexu/rem_830_G11/u_div/u_add_PartRem_1_1
                                      12.8520      0.0      12.8520      0.0000       0.0000  vexu_EN_RVV1_DW01_add_1136
u_npu_core/u_core/u_vexu/rem_830_G12/u_div/u_add_PartRem_1_0
                                      14.9940      0.0      14.9940      0.0000       0.0000  vexu_EN_RVV1_DW01_add_1125
u_npu_core/u_core/u_vexu/rem_830_G12/u_div/u_add_PartRem_1_1
                                      12.8520      0.0      12.8520      0.0000       0.0000  vexu_EN_RVV1_DW01_add_1124
u_npu_core/u_core/u_vexu/rem_830_G13/u_div/u_add_PartRem_1_0
                                      14.9940      0.0      14.9940      0.0000       0.0000  vexu_EN_RVV1_DW01_add_1113
u_npu_core/u_core/u_vexu/rem_830_G13/u_div/u_add_PartRem_1_1
                                      12.8520      0.0      12.8520      0.0000       0.0000  vexu_EN_RVV1_DW01_add_1112
u_npu_core/u_core/u_vexu/rem_830_G14/u_div/u_add_PartRem_1_0
                                      14.9940      0.0      14.9940      0.0000       0.0000  vexu_EN_RVV1_DW01_add_1101
u_npu_core/u_core/u_vexu/rem_830_G14/u_div/u_add_PartRem_1_1
                                      12.8520      0.0      12.8520      0.0000       0.0000  vexu_EN_RVV1_DW01_add_1100
u_npu_core/u_core/u_vexu/rem_830_G15/u_div/u_add_PartRem_1_0
                                      14.9940      0.0      14.9940      0.0000       0.0000  vexu_EN_RVV1_DW01_add_1089
u_npu_core/u_core/u_vexu/rem_830_G15/u_div/u_add_PartRem_1_1
                                      12.8520      0.0      12.8520      0.0000       0.0000  vexu_EN_RVV1_DW01_add_1088
u_npu_core/u_core/u_vexu/rem_830_G16/u_div/u_add_PartRem_1_0
                                      14.9940      0.0      14.9940      0.0000       0.0000  vexu_EN_RVV1_DW01_add_1077
u_npu_core/u_core/u_vexu/rem_830_G16/u_div/u_add_PartRem_1_1
                                      12.8520      0.0      12.8520      0.0000       0.0000  vexu_EN_RVV1_DW01_add_1076
u_npu_core/u_core/u_vexu/rem_830_G2/u_div/u_add_PartRem_1_0
                                      14.9940      0.0      14.9940      0.0000       0.0000  vexu_EN_RVV1_DW01_add_1245
u_npu_core/u_core/u_vexu/rem_830_G2/u_div/u_add_PartRem_1_1
                                      12.8520      0.0      12.8520      0.0000       0.0000  vexu_EN_RVV1_DW01_add_1244
u_npu_core/u_core/u_vexu/rem_830_G3/u_div/u_add_PartRem_1_0
                                      14.9940      0.0      14.9940      0.0000       0.0000  vexu_EN_RVV1_DW01_add_1233
u_npu_core/u_core/u_vexu/rem_830_G3/u_div/u_add_PartRem_1_1
                                      12.8520      0.0      12.8520      0.0000       0.0000  vexu_EN_RVV1_DW01_add_1232
u_npu_core/u_core/u_vexu/rem_830_G4/u_div/u_add_PartRem_1_0
                                      14.9940      0.0      14.9940      0.0000       0.0000  vexu_EN_RVV1_DW01_add_1221
u_npu_core/u_core/u_vexu/rem_830_G4/u_div/u_add_PartRem_1_1
                                      12.8520      0.0      12.8520      0.0000       0.0000  vexu_EN_RVV1_DW01_add_1220
u_npu_core/u_core/u_vexu/rem_830_G5/u_div/u_add_PartRem_1_0
                                      14.9940      0.0      14.9940      0.0000       0.0000  vexu_EN_RVV1_DW01_add_1209
u_npu_core/u_core/u_vexu/rem_830_G5/u_div/u_add_PartRem_1_1
                                      12.8520      0.0      12.8520      0.0000       0.0000  vexu_EN_RVV1_DW01_add_1208
u_npu_core/u_core/u_vexu/rem_830_G6/u_div/u_add_PartRem_1_0
                                      14.9940      0.0      14.9940      0.0000       0.0000  vexu_EN_RVV1_DW01_add_1197
u_npu_core/u_core/u_vexu/rem_830_G6/u_div/u_add_PartRem_1_1
                                      12.8520      0.0      12.8520      0.0000       0.0000  vexu_EN_RVV1_DW01_add_1196
u_npu_core/u_core/u_vexu/rem_830_G7/u_div/u_add_PartRem_1_0
                                      14.9940      0.0      14.9940      0.0000       0.0000  vexu_EN_RVV1_DW01_add_1185
u_npu_core/u_core/u_vexu/rem_830_G7/u_div/u_add_PartRem_1_1
                                      12.8520      0.0      12.8520      0.0000       0.0000  vexu_EN_RVV1_DW01_add_1184
u_npu_core/u_core/u_vexu/rem_830_G8/u_div/u_add_PartRem_1_0
                                      14.9940      0.0      14.9940      0.0000       0.0000  vexu_EN_RVV1_DW01_add_1173
u_npu_core/u_core/u_vexu/rem_830_G8/u_div/u_add_PartRem_1_1
                                      12.8520      0.0      12.8520      0.0000       0.0000  vexu_EN_RVV1_DW01_add_1172
u_npu_core/u_core/u_vexu/rem_830_G9/u_div/u_add_PartRem_1_0
                                      14.9940      0.0      14.9940      0.0000       0.0000  vexu_EN_RVV1_DW01_add_1161
u_npu_core/u_core/u_vexu/rem_830_G9/u_div/u_add_PartRem_1_1
                                      12.8520      0.0      12.8520      0.0000       0.0000  vexu_EN_RVV1_DW01_add_1160
u_npu_core/u_core/u_vexu/rem_832/u_div/u_add_PartRem_2_0
                                      14.2380      0.0      14.2380      0.0000       0.0000  vexu_EN_RVV1_DW01_add_1251
u_npu_core/u_core/u_vexu/rem_832/u_div/u_add_PartRem_3_1
                                      12.8520      0.0      12.8520      0.0000       0.0000  vexu_EN_RVV1_DW01_add_1250
u_npu_core/u_core/u_vexu/rem_832/u_div/u_inc_RInc
                                      12.3480      0.0      12.3480      0.0000       0.0000  vexu_EN_RVV1_DW_inc_54
u_npu_core/u_core/u_vexu/rem_832_G10/u_div/u_add_PartRem_2_0
                                      14.2380      0.0      14.2380      0.0000       0.0000  vexu_EN_RVV1_DW01_add_1143
u_npu_core/u_core/u_vexu/rem_832_G10/u_div/u_add_PartRem_3_1
                                      12.8520      0.0      12.8520      0.0000       0.0000  vexu_EN_RVV1_DW01_add_1142
u_npu_core/u_core/u_vexu/rem_832_G10/u_div/u_inc_RInc
                                      12.3480      0.0      12.3480      0.0000       0.0000  vexu_EN_RVV1_DW_inc_36
u_npu_core/u_core/u_vexu/rem_832_G11/u_div/u_add_PartRem_2_0
                                      14.2380      0.0      14.2380      0.0000       0.0000  vexu_EN_RVV1_DW01_add_1131
u_npu_core/u_core/u_vexu/rem_832_G11/u_div/u_add_PartRem_3_1
                                      12.8520      0.0      12.8520      0.0000       0.0000  vexu_EN_RVV1_DW01_add_1130
u_npu_core/u_core/u_vexu/rem_832_G11/u_div/u_inc_RInc
                                      12.3480      0.0      12.3480      0.0000       0.0000  vexu_EN_RVV1_DW_inc_34
u_npu_core/u_core/u_vexu/rem_832_G12/u_div/u_add_PartRem_2_0
                                      14.2380      0.0      14.2380      0.0000       0.0000  vexu_EN_RVV1_DW01_add_1119
u_npu_core/u_core/u_vexu/rem_832_G12/u_div/u_add_PartRem_3_1
                                      12.8520      0.0      12.8520      0.0000       0.0000  vexu_EN_RVV1_DW01_add_1118
u_npu_core/u_core/u_vexu/rem_832_G12/u_div/u_inc_RInc
                                      12.3480      0.0      12.3480      0.0000       0.0000  vexu_EN_RVV1_DW_inc_32
u_npu_core/u_core/u_vexu/rem_832_G13/u_div/u_add_PartRem_2_0
                                      14.2380      0.0      14.2380      0.0000       0.0000  vexu_EN_RVV1_DW01_add_1107
u_npu_core/u_core/u_vexu/rem_832_G13/u_div/u_add_PartRem_3_1
                                      12.8520      0.0      12.8520      0.0000       0.0000  vexu_EN_RVV1_DW01_add_1106
u_npu_core/u_core/u_vexu/rem_832_G13/u_div/u_inc_RInc
                                      12.3480      0.0      12.3480      0.0000       0.0000  vexu_EN_RVV1_DW_inc_30
u_npu_core/u_core/u_vexu/rem_832_G14/u_div/u_add_PartRem_2_0
                                      14.2380      0.0      14.2380      0.0000       0.0000  vexu_EN_RVV1_DW01_add_1095
u_npu_core/u_core/u_vexu/rem_832_G14/u_div/u_add_PartRem_3_1
                                      12.8520      0.0      12.8520      0.0000       0.0000  vexu_EN_RVV1_DW01_add_1094
u_npu_core/u_core/u_vexu/rem_832_G14/u_div/u_inc_RInc
                                      12.3480      0.0      12.3480      0.0000       0.0000  vexu_EN_RVV1_DW_inc_28
u_npu_core/u_core/u_vexu/rem_832_G15/u_div/u_add_PartRem_2_0
                                      14.2380      0.0      14.2380      0.0000       0.0000  vexu_EN_RVV1_DW01_add_1083
u_npu_core/u_core/u_vexu/rem_832_G15/u_div/u_add_PartRem_3_1
                                      12.8520      0.0      12.8520      0.0000       0.0000  vexu_EN_RVV1_DW01_add_1082
u_npu_core/u_core/u_vexu/rem_832_G15/u_div/u_inc_RInc
                                      12.3480      0.0      12.3480      0.0000       0.0000  vexu_EN_RVV1_DW_inc_26
u_npu_core/u_core/u_vexu/rem_832_G16/u_div/u_add_PartRem_2_0
                                      14.2380      0.0      14.2380      0.0000       0.0000  vexu_EN_RVV1_DW01_add_1071
u_npu_core/u_core/u_vexu/rem_832_G16/u_div/u_add_PartRem_3_1
                                      12.8520      0.0      12.8520      0.0000       0.0000  vexu_EN_RVV1_DW01_add_1070
u_npu_core/u_core/u_vexu/rem_832_G16/u_div/u_inc_RInc
                                      12.3480      0.0      12.3480      0.0000       0.0000  vexu_EN_RVV1_DW_inc_24
u_npu_core/u_core/u_vexu/rem_832_G2/u_div/u_add_PartRem_2_0
                                      14.2380      0.0      14.2380      0.0000       0.0000  vexu_EN_RVV1_DW01_add_1239
u_npu_core/u_core/u_vexu/rem_832_G2/u_div/u_add_PartRem_3_1
                                      12.8520      0.0      12.8520      0.0000       0.0000  vexu_EN_RVV1_DW01_add_1238
u_npu_core/u_core/u_vexu/rem_832_G2/u_div/u_inc_RInc
                                      12.3480      0.0      12.3480      0.0000       0.0000  vexu_EN_RVV1_DW_inc_52
u_npu_core/u_core/u_vexu/rem_832_G3/u_div/u_add_PartRem_2_0
                                      14.2380      0.0      14.2380      0.0000       0.0000  vexu_EN_RVV1_DW01_add_1227
u_npu_core/u_core/u_vexu/rem_832_G3/u_div/u_add_PartRem_3_1
                                      12.8520      0.0      12.8520      0.0000       0.0000  vexu_EN_RVV1_DW01_add_1226
u_npu_core/u_core/u_vexu/rem_832_G3/u_div/u_inc_RInc
                                      12.3480      0.0      12.3480      0.0000       0.0000  vexu_EN_RVV1_DW_inc_50
u_npu_core/u_core/u_vexu/rem_832_G4/u_div/u_add_PartRem_2_0
                                      14.2380      0.0      14.2380      0.0000       0.0000  vexu_EN_RVV1_DW01_add_1215
u_npu_core/u_core/u_vexu/rem_832_G4/u_div/u_add_PartRem_3_1
                                      12.8520      0.0      12.8520      0.0000       0.0000  vexu_EN_RVV1_DW01_add_1214
u_npu_core/u_core/u_vexu/rem_832_G4/u_div/u_inc_RInc
                                      12.3480      0.0      12.3480      0.0000       0.0000  vexu_EN_RVV1_DW_inc_48
u_npu_core/u_core/u_vexu/rem_832_G5/u_div/u_add_PartRem_2_0
                                      14.2380      0.0      14.2380      0.0000       0.0000  vexu_EN_RVV1_DW01_add_1203
u_npu_core/u_core/u_vexu/rem_832_G5/u_div/u_add_PartRem_3_1
                                      12.8520      0.0      12.8520      0.0000       0.0000  vexu_EN_RVV1_DW01_add_1202
u_npu_core/u_core/u_vexu/rem_832_G5/u_div/u_inc_RInc
                                      12.3480      0.0      12.3480      0.0000       0.0000  vexu_EN_RVV1_DW_inc_46
u_npu_core/u_core/u_vexu/rem_832_G6/u_div/u_add_PartRem_2_0
                                      14.2380      0.0      14.2380      0.0000       0.0000  vexu_EN_RVV1_DW01_add_1191
u_npu_core/u_core/u_vexu/rem_832_G6/u_div/u_add_PartRem_3_1
                                      12.8520      0.0      12.8520      0.0000       0.0000  vexu_EN_RVV1_DW01_add_1190
u_npu_core/u_core/u_vexu/rem_832_G6/u_div/u_inc_RInc
                                      12.3480      0.0      12.3480      0.0000       0.0000  vexu_EN_RVV1_DW_inc_44
u_npu_core/u_core/u_vexu/rem_832_G7/u_div/u_add_PartRem_2_0
                                      14.2380      0.0      14.2380      0.0000       0.0000  vexu_EN_RVV1_DW01_add_1179
u_npu_core/u_core/u_vexu/rem_832_G7/u_div/u_add_PartRem_3_1
                                      12.8520      0.0      12.8520      0.0000       0.0000  vexu_EN_RVV1_DW01_add_1178
u_npu_core/u_core/u_vexu/rem_832_G7/u_div/u_inc_RInc
                                      12.3480      0.0      12.3480      0.0000       0.0000  vexu_EN_RVV1_DW_inc_42
u_npu_core/u_core/u_vexu/rem_832_G8/u_div/u_add_PartRem_2_0
                                      14.2380      0.0      14.2380      0.0000       0.0000  vexu_EN_RVV1_DW01_add_1167
u_npu_core/u_core/u_vexu/rem_832_G8/u_div/u_add_PartRem_3_1
                                      12.8520      0.0      12.8520      0.0000       0.0000  vexu_EN_RVV1_DW01_add_1166
u_npu_core/u_core/u_vexu/rem_832_G8/u_div/u_inc_RInc
                                      12.3480      0.0      12.3480      0.0000       0.0000  vexu_EN_RVV1_DW_inc_40
u_npu_core/u_core/u_vexu/rem_832_G9/u_div/u_add_PartRem_2_0
                                      14.2380      0.0      14.2380      0.0000       0.0000  vexu_EN_RVV1_DW01_add_1155
u_npu_core/u_core/u_vexu/rem_832_G9/u_div/u_add_PartRem_3_1
                                      12.8520      0.0      12.8520      0.0000       0.0000  vexu_EN_RVV1_DW01_add_1154
u_npu_core/u_core/u_vexu/rem_832_G9/u_div/u_inc_RInc
                                      12.3480      0.0      12.3480      0.0000       0.0000  vexu_EN_RVV1_DW_inc_38
u_npu_core/u_core/u_vexu/rem_845/u_div/u_add_PartRem_1_0
                                      36.5400      0.0      36.5400      0.0000       0.0000  vexu_EN_RVV1_DW01_add_1057
u_npu_core/u_core/u_vexu/rem_845/u_div/u_add_PartRem_1_1
                                      34.3980      0.0      34.3980      0.0000       0.0000  vexu_EN_RVV1_DW01_add_1056
u_npu_core/u_core/u_vexu/rem_845/u_div/u_add_PartRem_1_2
                                      28.7280      0.0      28.7280      0.0000       0.0000  vexu_EN_RVV1_DW01_add_1055
u_npu_core/u_core/u_vexu/rem_845/u_div/u_add_PartRem_1_3
                                      27.4680      0.0      27.4680      0.0000       0.0000  vexu_EN_RVV1_DW01_add_1054
u_npu_core/u_core/u_vexu/rem_845/u_div/u_add_PartRem_1_4
                                      28.8540      0.0      28.8540      0.0000       0.0000  vexu_EN_RVV1_DW01_add_1053
u_npu_core/u_core/u_vexu/rem_845/u_div/u_add_PartRem_1_5
                                      22.3020      0.0      22.3020      0.0000       0.0000  vexu_EN_RVV1_DW01_add_1052
u_npu_core/u_core/u_vexu/rem_845/u_div/u_add_PartRem_1_6
                                      22.1760      0.0      22.1760      0.0000       0.0000  vexu_EN_RVV1_DW01_add_1051
u_npu_core/u_core/u_vexu/rem_845/u_div/u_add_PartRem_1_7
                                      18.0180      0.0      18.0180      0.0000       0.0000  vexu_EN_RVV1_DW01_add_1050
u_npu_core/u_core/u_vexu/rem_845/u_div/u_add_PartRem_1_8
                                      14.9940      0.0      14.9940      0.0000       0.0000  vexu_EN_RVV1_DW01_add_1049
u_npu_core/u_core/u_vexu/rem_845/u_div/u_add_PartRem_1_9
                                      14.6160      0.0      14.6160      0.0000       0.0000  vexu_EN_RVV1_DW01_add_1048
u_npu_core/u_core/u_vexu/rem_845_G2/u_div/u_add_PartRem_1_0
                                      39.4380      0.0      39.4380      0.0000       0.0000  vexu_EN_RVV1_DW01_add_1013
u_npu_core/u_core/u_vexu/rem_845_G2/u_div/u_add_PartRem_1_1
                                      33.8940      0.0      33.8940      0.0000       0.0000  vexu_EN_RVV1_DW01_add_1012
u_npu_core/u_core/u_vexu/rem_845_G2/u_div/u_add_PartRem_1_2
                                      32.2560      0.0      32.2560      0.0000       0.0000  vexu_EN_RVV1_DW01_add_1011
u_npu_core/u_core/u_vexu/rem_845_G2/u_div/u_add_PartRem_1_3
                                      29.4840      0.0      29.4840      0.0000       0.0000  vexu_EN_RVV1_DW01_add_1010
u_npu_core/u_core/u_vexu/rem_845_G2/u_div/u_add_PartRem_1_4
                                      24.4440      0.0      24.4440      0.0000       0.0000  vexu_EN_RVV1_DW01_add_1009
u_npu_core/u_core/u_vexu/rem_845_G2/u_div/u_add_PartRem_1_5
                                      26.2080      0.0      26.2080      0.0000       0.0000  vexu_EN_RVV1_DW01_add_1008
u_npu_core/u_core/u_vexu/rem_845_G2/u_div/u_add_PartRem_1_6
                                      21.9240      0.0      21.9240      0.0000       0.0000  vexu_EN_RVV1_DW01_add_1007
u_npu_core/u_core/u_vexu/rem_845_G2/u_div/u_add_PartRem_1_7
                                      20.1600      0.0      20.1600      0.0000       0.0000  vexu_EN_RVV1_DW01_add_1006
u_npu_core/u_core/u_vexu/rem_845_G2/u_div/u_add_PartRem_1_8
                                      16.8840      0.0      16.8840      0.0000       0.0000  vexu_EN_RVV1_DW01_add_1005
u_npu_core/u_core/u_vexu/rem_845_G2/u_div/u_add_PartRem_1_9
                                      14.6160      0.0      14.6160      0.0000       0.0000  vexu_EN_RVV1_DW01_add_1004
u_npu_core/u_core/u_vexu/rem_845_G3/u_div/u_add_PartRem_1_0
                                      36.0360      0.0      36.0360      0.0000       0.0000  vexu_EN_RVV1_DW01_add_969
u_npu_core/u_core/u_vexu/rem_845_G3/u_div/u_add_PartRem_1_1
                                      35.9100      0.0      35.9100      0.0000       0.0000  vexu_EN_RVV1_DW01_add_968
u_npu_core/u_core/u_vexu/rem_845_G3/u_div/u_add_PartRem_1_2
                                      32.7600      0.0      32.7600      0.0000       0.0000  vexu_EN_RVV1_DW01_add_967
u_npu_core/u_core/u_vexu/rem_845_G3/u_div/u_add_PartRem_1_3
                                      25.7040      0.0      25.7040      0.0000       0.0000  vexu_EN_RVV1_DW01_add_966
u_npu_core/u_core/u_vexu/rem_845_G3/u_div/u_add_PartRem_1_4
                                      27.5940      0.0      27.5940      0.0000       0.0000  vexu_EN_RVV1_DW01_add_965
u_npu_core/u_core/u_vexu/rem_845_G3/u_div/u_add_PartRem_1_5
                                      22.3020      0.0      22.3020      0.0000       0.0000  vexu_EN_RVV1_DW01_add_964
u_npu_core/u_core/u_vexu/rem_845_G3/u_div/u_add_PartRem_1_6
                                      22.8060      0.0      22.8060      0.0000       0.0000  vexu_EN_RVV1_DW01_add_963
u_npu_core/u_core/u_vexu/rem_845_G3/u_div/u_add_PartRem_1_7
                                      18.0180      0.0      18.0180      0.0000       0.0000  vexu_EN_RVV1_DW01_add_962
u_npu_core/u_core/u_vexu/rem_845_G3/u_div/u_add_PartRem_1_8
                                      17.6400      0.0      17.6400      0.0000       0.0000  vexu_EN_RVV1_DW01_add_961
u_npu_core/u_core/u_vexu/rem_845_G3/u_div/u_add_PartRem_1_9
                                      13.7340      0.0      13.7340      0.0000       0.0000  vexu_EN_RVV1_DW01_add_960
u_npu_core/u_core/u_vexu/rem_845_G4/u_div/u_add_PartRem_1_0
                                      36.5400      0.0      36.5400      0.0000       0.0000  vexu_EN_RVV1_DW01_add_925
u_npu_core/u_core/u_vexu/rem_845_G4/u_div/u_add_PartRem_1_1
                                      34.3980      0.0      34.3980      0.0000       0.0000  vexu_EN_RVV1_DW01_add_924
u_npu_core/u_core/u_vexu/rem_845_G4/u_div/u_add_PartRem_1_2
                                      34.6500      0.0      34.6500      0.0000       0.0000  vexu_EN_RVV1_DW01_add_923
u_npu_core/u_core/u_vexu/rem_845_G4/u_div/u_add_PartRem_1_3
                                      27.7200      0.0      27.7200      0.0000       0.0000  vexu_EN_RVV1_DW01_add_922
u_npu_core/u_core/u_vexu/rem_845_G4/u_div/u_add_PartRem_1_4
                                      25.5780      0.0      25.5780      0.0000       0.0000  vexu_EN_RVV1_DW01_add_921
u_npu_core/u_core/u_vexu/rem_845_G4/u_div/u_add_PartRem_1_5
                                      24.0660      0.0      24.0660      0.0000       0.0000  vexu_EN_RVV1_DW01_add_920
u_npu_core/u_core/u_vexu/rem_845_G4/u_div/u_add_PartRem_1_6
                                      23.4360      0.0      23.4360      0.0000       0.0000  vexu_EN_RVV1_DW01_add_919
u_npu_core/u_core/u_vexu/rem_845_G4/u_div/u_add_PartRem_1_7
                                      18.6480      0.0      18.6480      0.0000       0.0000  vexu_EN_RVV1_DW01_add_918
u_npu_core/u_core/u_vexu/rem_845_G4/u_div/u_add_PartRem_1_8
                                      17.6400      0.0      17.6400      0.0000       0.0000  vexu_EN_RVV1_DW01_add_917
u_npu_core/u_core/u_vexu/rem_845_G4/u_div/u_add_PartRem_1_9
                                      15.4980      0.0      15.4980      0.0000       0.0000  vexu_EN_RVV1_DW01_add_916
u_npu_core/u_core/u_vexu/rem_845_G5/u_div/u_add_PartRem_1_0
                                      37.6740      0.0      37.6740      0.0000       0.0000  vexu_EN_RVV1_DW01_add_881
u_npu_core/u_core/u_vexu/rem_845_G5/u_div/u_add_PartRem_1_1
                                      31.2480      0.0      31.2480      0.0000       0.0000  vexu_EN_RVV1_DW01_add_880
u_npu_core/u_core/u_vexu/rem_845_G5/u_div/u_add_PartRem_1_2
                                      29.6100      0.0      29.6100      0.0000       0.0000  vexu_EN_RVV1_DW01_add_879
u_npu_core/u_core/u_vexu/rem_845_G5/u_div/u_add_PartRem_1_3
                                      29.6100      0.0      29.6100      0.0000       0.0000  vexu_EN_RVV1_DW01_add_878
u_npu_core/u_core/u_vexu/rem_845_G5/u_div/u_add_PartRem_1_4
                                      26.2080      0.0      26.2080      0.0000       0.0000  vexu_EN_RVV1_DW01_add_877
u_npu_core/u_core/u_vexu/rem_845_G5/u_div/u_add_PartRem_1_5
                                      23.1840      0.0      23.1840      0.0000       0.0000  vexu_EN_RVV1_DW01_add_876
u_npu_core/u_core/u_vexu/rem_845_G5/u_div/u_add_PartRem_1_6
                                      20.6640      0.0      20.6640      0.0000       0.0000  vexu_EN_RVV1_DW01_add_875
u_npu_core/u_core/u_vexu/rem_845_G5/u_div/u_add_PartRem_1_7
                                      18.9000      0.0      18.9000      0.0000       0.0000  vexu_EN_RVV1_DW01_add_874
u_npu_core/u_core/u_vexu/rem_845_G5/u_div/u_add_PartRem_1_8
                                      16.2540      0.0      16.2540      0.0000       0.0000  vexu_EN_RVV1_DW01_add_873
u_npu_core/u_core/u_vexu/rem_845_G5/u_div/u_add_PartRem_1_9
                                      14.6160      0.0      14.6160      0.0000       0.0000  vexu_EN_RVV1_DW01_add_872
u_npu_core/u_core/u_vexu/rem_845_G6/u_div/u_add_PartRem_1_0
                                      37.1700      0.0      37.1700      0.0000       0.0000  vexu_EN_RVV1_DW01_add_837
u_npu_core/u_core/u_vexu/rem_845_G6/u_div/u_add_PartRem_1_1
                                      33.8940      0.0      33.8940      0.0000       0.0000  vexu_EN_RVV1_DW01_add_836
u_npu_core/u_core/u_vexu/rem_845_G6/u_div/u_add_PartRem_1_2
                                      30.8700      0.0      30.8700      0.0000       0.0000  vexu_EN_RVV1_DW01_add_835
u_npu_core/u_core/u_vexu/rem_845_G6/u_div/u_add_PartRem_1_3
                                      30.8700      0.0      30.8700      0.0000       0.0000  vexu_EN_RVV1_DW01_add_834
u_npu_core/u_core/u_vexu/rem_845_G6/u_div/u_add_PartRem_1_4
                                      25.7040      0.0      25.7040      0.0000       0.0000  vexu_EN_RVV1_DW01_add_833
u_npu_core/u_core/u_vexu/rem_845_G6/u_div/u_add_PartRem_1_5
                                      26.2080      0.0      26.2080      0.0000       0.0000  vexu_EN_RVV1_DW01_add_832
u_npu_core/u_core/u_vexu/rem_845_G6/u_div/u_add_PartRem_1_6
                                      21.2940      0.0      21.2940      0.0000       0.0000  vexu_EN_RVV1_DW01_add_831
u_npu_core/u_core/u_vexu/rem_845_G6/u_div/u_add_PartRem_1_7
                                      19.7820      0.0      19.7820      0.0000       0.0000  vexu_EN_RVV1_DW01_add_830
u_npu_core/u_core/u_vexu/rem_845_G6/u_div/u_add_PartRem_1_8
                                      17.6400      0.0      17.6400      0.0000       0.0000  vexu_EN_RVV1_DW01_add_829
u_npu_core/u_core/u_vexu/rem_845_G6/u_div/u_add_PartRem_1_9
                                      14.9940      0.0      14.9940      0.0000       0.0000  vexu_EN_RVV1_DW01_add_828
u_npu_core/u_core/u_vexu/rem_845_G7/u_div/u_add_PartRem_1_0
                                      33.8940      0.0      33.8940      0.0000       0.0000  vexu_EN_RVV1_DW01_add_793
u_npu_core/u_core/u_vexu/rem_845_G7/u_div/u_add_PartRem_1_1
                                      32.6340      0.0      32.6340      0.0000       0.0000  vexu_EN_RVV1_DW01_add_792
u_npu_core/u_core/u_vexu/rem_845_G7/u_div/u_add_PartRem_1_2
                                      29.6100      0.0      29.6100      0.0000       0.0000  vexu_EN_RVV1_DW01_add_791
u_npu_core/u_core/u_vexu/rem_845_G7/u_div/u_add_PartRem_1_3
                                      27.8460      0.0      27.8460      0.0000       0.0000  vexu_EN_RVV1_DW01_add_790
u_npu_core/u_core/u_vexu/rem_845_G7/u_div/u_add_PartRem_1_4
                                      25.3260      0.0      25.3260      0.0000       0.0000  vexu_EN_RVV1_DW01_add_789
u_npu_core/u_core/u_vexu/rem_845_G7/u_div/u_add_PartRem_1_5
                                      25.8300      0.0      25.8300      0.0000       0.0000  vexu_EN_RVV1_DW01_add_788
u_npu_core/u_core/u_vexu/rem_845_G7/u_div/u_add_PartRem_1_6
                                      20.7900      0.0      20.7900      0.0000       0.0000  vexu_EN_RVV1_DW01_add_787
u_npu_core/u_core/u_vexu/rem_845_G7/u_div/u_add_PartRem_1_7
                                      20.1600      0.0      20.1600      0.0000       0.0000  vexu_EN_RVV1_DW01_add_786
u_npu_core/u_core/u_vexu/rem_845_G7/u_div/u_add_PartRem_1_8
                                      17.1360      0.0      17.1360      0.0000       0.0000  vexu_EN_RVV1_DW01_add_785
u_npu_core/u_core/u_vexu/rem_845_G7/u_div/u_add_PartRem_1_9
                                      13.7340      0.0      13.7340      0.0000       0.0000  vexu_EN_RVV1_DW01_add_784
u_npu_core/u_core/u_vexu/rem_845_G8/u_div/u_add_PartRem_1_0
                                      36.4140      0.0      36.4140      0.0000       0.0000  vexu_EN_RVV1_DW01_add_749
u_npu_core/u_core/u_vexu/rem_845_G8/u_div/u_add_PartRem_1_1
                                      32.8860      0.0      32.8860      0.0000       0.0000  vexu_EN_RVV1_DW01_add_748
u_npu_core/u_core/u_vexu/rem_845_G8/u_div/u_add_PartRem_1_2
                                      31.2480      0.0      31.2480      0.0000       0.0000  vexu_EN_RVV1_DW01_add_747
u_npu_core/u_core/u_vexu/rem_845_G8/u_div/u_add_PartRem_1_3
                                      29.9880      0.0      29.9880      0.0000       0.0000  vexu_EN_RVV1_DW01_add_746
u_npu_core/u_core/u_vexu/rem_845_G8/u_div/u_add_PartRem_1_4
                                      26.9640      0.0      26.9640      0.0000       0.0000  vexu_EN_RVV1_DW01_add_745
u_npu_core/u_core/u_vexu/rem_845_G8/u_div/u_add_PartRem_1_5
                                      27.4680      0.0      27.4680      0.0000       0.0000  vexu_EN_RVV1_DW01_add_744
u_npu_core/u_core/u_vexu/rem_845_G8/u_div/u_add_PartRem_1_6
                                      21.4200      0.0      21.4200      0.0000       0.0000  vexu_EN_RVV1_DW01_add_743
u_npu_core/u_core/u_vexu/rem_845_G8/u_div/u_add_PartRem_1_7
                                      18.9000      0.0      18.9000      0.0000       0.0000  vexu_EN_RVV1_DW01_add_742
u_npu_core/u_core/u_vexu/rem_845_G8/u_div/u_add_PartRem_1_8
                                      15.8760      0.0      15.8760      0.0000       0.0000  vexu_EN_RVV1_DW01_add_741
u_npu_core/u_core/u_vexu/rem_845_G8/u_div/u_add_PartRem_1_9
                                      14.6160      0.0      14.6160      0.0000       0.0000  vexu_EN_RVV1_DW01_add_740
u_npu_core/u_core/u_vexu/rem_847/u_div/u_absval_AAbs/NEG
                                      20.7900      0.0      20.7900      0.0000       0.0000  vexu_EN_RVV1_DW01_inc_99
u_npu_core/u_core/u_vexu/rem_847/u_div/u_add_B3
                                      70.9380      0.0      70.9380      0.0000       0.0000  vexu_EN_RVV1_DW01_add_3053
u_npu_core/u_core/u_vexu/rem_847/u_div/u_add_B5
                                      73.3320      0.0      73.3320      0.0000       0.0000  vexu_EN_RVV1_DW01_add_3054
u_npu_core/u_core/u_vexu/rem_847/u_div/u_add_B6
                                      70.0560      0.0      70.0560      0.0000       0.0000  vexu_EN_RVV1_DW01_add_3055
u_npu_core/u_core/u_vexu/rem_847/u_div/u_add_B7
                                      41.2020      0.0      41.2020      0.0000       0.0000  vexu_EN_RVV1_DW01_sub_278
u_npu_core/u_core/u_vexu/rem_847/u_div/u_add_PartRem_0_1
                                      34.5240      0.0      34.5240      0.0000       0.0000  vexu_EN_RVV1_DW01_add_3734
u_npu_core/u_core/u_vexu/rem_847/u_div/u_add_PartRem_0_2
                                      33.1380      0.0      33.1380      0.0000       0.0000  vexu_EN_RVV1_DW01_add_3733
u_npu_core/u_core/u_vexu/rem_847/u_div/u_add_PartRem_0_3
                                      36.9180      0.0      36.9180      0.0000       0.0000  vexu_EN_RVV1_DW01_add_3732
u_npu_core/u_core/u_vexu/rem_847/u_div/u_add_PartRem_0_4
                                      32.6340      0.0      32.6340      0.0000       0.0000  vexu_EN_RVV1_DW01_add_3731
u_npu_core/u_core/u_vexu/rem_847/u_div/u_add_PartRem_0_5
                                      38.5560      0.0      38.5560      0.0000       0.0000  vexu_EN_RVV1_DW01_add_3730
u_npu_core/u_core/u_vexu/rem_847/u_div/u_add_PartRem_0_6
                                      38.5560      0.0      38.5560      0.0000       0.0000  vexu_EN_RVV1_DW01_add_3729
u_npu_core/u_core/u_vexu/rem_847/u_div/u_add_PartRem_0_7
                                      39.0600      0.0      39.0600      0.0000       0.0000  vexu_EN_RVV1_DW01_add_3728
u_npu_core/u_core/u_vexu/rem_847/u_div/u_add_PartRem_1_1
                                      32.1300      0.0      32.1300      0.0000       0.0000  vexu_EN_RVV1_DW01_add_3741
u_npu_core/u_core/u_vexu/rem_847/u_div/u_add_PartRem_1_2
                                      30.4920      0.0      30.4920      0.0000       0.0000  vexu_EN_RVV1_DW01_add_3740
u_npu_core/u_core/u_vexu/rem_847/u_div/u_add_PartRem_1_3
                                      33.1380      0.0      33.1380      0.0000       0.0000  vexu_EN_RVV1_DW01_add_3739
u_npu_core/u_core/u_vexu/rem_847/u_div/u_add_PartRem_1_4
                                      28.8540      0.0      28.8540      0.0000       0.0000  vexu_EN_RVV1_DW01_add_3738
u_npu_core/u_core/u_vexu/rem_847/u_div/u_add_PartRem_1_5
                                      33.6420      0.0      33.6420      0.0000       0.0000  vexu_EN_RVV1_DW01_add_3737
u_npu_core/u_core/u_vexu/rem_847/u_div/u_add_PartRem_1_6
                                      33.6420      0.0      33.6420      0.0000       0.0000  vexu_EN_RVV1_DW01_add_3736
u_npu_core/u_core/u_vexu/rem_847/u_div/u_add_PartRem_1_7
                                      34.1460      0.0      34.1460      0.0000       0.0000  vexu_EN_RVV1_DW01_add_3735
u_npu_core/u_core/u_vexu/rem_847/u_div/u_add_PartRem_2_1
                                      27.2160      0.0      27.2160      0.0000       0.0000  vexu_EN_RVV1_DW01_add_3748
u_npu_core/u_core/u_vexu/rem_847/u_div/u_add_PartRem_2_2
                                      25.5780      0.0      25.5780      0.0000       0.0000  vexu_EN_RVV1_DW01_add_3747
u_npu_core/u_core/u_vexu/rem_847/u_div/u_add_PartRem_2_3
                                      28.2240      0.0      28.2240      0.0000       0.0000  vexu_EN_RVV1_DW01_add_3746
u_npu_core/u_core/u_vexu/rem_847/u_div/u_add_PartRem_2_4
                                      23.9400      0.0      23.9400      0.0000       0.0000  vexu_EN_RVV1_DW01_add_3745
u_npu_core/u_core/u_vexu/rem_847/u_div/u_add_PartRem_2_5
                                      28.7280      0.0      28.7280      0.0000       0.0000  vexu_EN_RVV1_DW01_add_3744
u_npu_core/u_core/u_vexu/rem_847/u_div/u_add_PartRem_2_6
                                      28.7280      0.0      28.7280      0.0000       0.0000  vexu_EN_RVV1_DW01_add_3743
u_npu_core/u_core/u_vexu/rem_847/u_div/u_add_PartRem_2_7
                                      29.2320      0.0      29.2320      0.0000       0.0000  vexu_EN_RVV1_DW01_add_3742
u_npu_core/u_core/u_vexu/rem_847/u_div/u_add_PartRem_3_1
                                      22.3020      0.0      22.3020      0.0000       0.0000  vexu_EN_RVV1_DW01_add_3755
u_npu_core/u_core/u_vexu/rem_847/u_div/u_add_PartRem_3_2
                                      20.6640      0.0      20.6640      0.0000       0.0000  vexu_EN_RVV1_DW01_add_3754
u_npu_core/u_core/u_vexu/rem_847/u_div/u_add_PartRem_3_3
                                      23.3100      0.0      23.3100      0.0000       0.0000  vexu_EN_RVV1_DW01_add_3753
u_npu_core/u_core/u_vexu/rem_847/u_div/u_add_PartRem_3_4
                                      19.0260      0.0      19.0260      0.0000       0.0000  vexu_EN_RVV1_DW01_add_3752
u_npu_core/u_core/u_vexu/rem_847/u_div/u_add_PartRem_3_5
                                      23.8140      0.0      23.8140      0.0000       0.0000  vexu_EN_RVV1_DW01_add_3751
u_npu_core/u_core/u_vexu/rem_847/u_div/u_add_PartRem_3_6
                                      23.8140      0.0      23.8140      0.0000       0.0000  vexu_EN_RVV1_DW01_add_3750
u_npu_core/u_core/u_vexu/rem_847/u_div/u_add_PartRem_3_7
                                      24.3180      0.0      24.3180      0.0000       0.0000  vexu_EN_RVV1_DW01_add_3749
u_npu_core/u_core/u_vexu/rem_847/u_div/u_add_PartRem_4_1
                                      17.3880      0.0      17.3880      0.0000       0.0000  vexu_EN_RVV1_DW01_add_3762
u_npu_core/u_core/u_vexu/rem_847/u_div/u_add_PartRem_4_2
                                      15.7500      0.0      15.7500      0.0000       0.0000  vexu_EN_RVV1_DW01_add_3761
u_npu_core/u_core/u_vexu/rem_847/u_div/u_add_PartRem_4_3
                                      32.5080      0.0      32.5080      0.0000       0.0000  vexu_EN_RVV1_DW01_add_3065
u_npu_core/u_core/u_vexu/rem_847/u_div/u_add_PartRem_4_4
                                      21.0420      0.0      21.0420      0.0000       0.0000  vexu_EN_RVV1_DW01_add_3066
u_npu_core/u_core/u_vexu/rem_847/u_div/u_add_PartRem_4_5
                                      33.0120      0.0      33.0120      0.0000       0.0000  vexu_EN_RVV1_DW01_add_3067
u_npu_core/u_core/u_vexu/rem_847/u_div/u_add_PartRem_4_6
                                      33.0120      0.0      33.0120      0.0000       0.0000  vexu_EN_RVV1_DW01_add_3068
u_npu_core/u_core/u_vexu/rem_847/u_div/u_add_PartRem_4_7
                                      33.5160      0.0      33.5160      0.0000       0.0000  vexu_EN_RVV1_DW01_add_3069
u_npu_core/u_core/u_vexu/rem_847/u_div/u_add_PartRem_5_1
                                      11.8440      0.0      11.8440      0.0000       0.0000  vexu_EN_RVV1_DW01_add_3056
u_npu_core/u_core/u_vexu/rem_847/u_div/u_inc_RInc
                                      30.8700      0.0      30.8700      0.0000       0.0000  vexu_EN_RVV1_DW_inc_89
u_npu_core/u_core/u_vexu/rem_847_G2/u_div/u_absval_AAbs/NEG
                                      20.7900      0.0      20.7900      0.0000       0.0000  vexu_EN_RVV1_DW01_inc_103
u_npu_core/u_core/u_vexu/rem_847_G2/u_div/u_add_B3
                                      31.6260      0.0      31.6260      0.0000       0.0000  vexu_EN_RVV1_DW01_add_3592
u_npu_core/u_core/u_vexu/rem_847_G2/u_div/u_add_B5
                                      73.5840      0.0      73.5840      0.0000       0.0000  vexu_EN_RVV1_DW01_add_3234
u_npu_core/u_core/u_vexu/rem_847_G2/u_div/u_add_B6
                                      70.3080      0.0      70.3080      0.0000       0.0000  vexu_EN_RVV1_DW01_add_3235
u_npu_core/u_core/u_vexu/rem_847_G2/u_div/u_add_B7
                                      41.7060      0.0      41.7060      0.0000       0.0000  vexu_EN_RVV1_DW01_sub_274
u_npu_core/u_core/u_vexu/rem_847_G2/u_div/u_add_PartRem_0_1
                                      34.5240      0.0      34.5240      0.0000       0.0000  vexu_EN_RVV1_DW01_add_3554
u_npu_core/u_core/u_vexu/rem_847_G2/u_div/u_add_PartRem_0_2
                                      33.1380      0.0      33.1380      0.0000       0.0000  vexu_EN_RVV1_DW01_add_3553
u_npu_core/u_core/u_vexu/rem_847_G2/u_div/u_add_PartRem_0_3
                                      36.9180      0.0      36.9180      0.0000       0.0000  vexu_EN_RVV1_DW01_add_3552
u_npu_core/u_core/u_vexu/rem_847_G2/u_div/u_add_PartRem_0_4
                                      32.6340      0.0      32.6340      0.0000       0.0000  vexu_EN_RVV1_DW01_add_3551
u_npu_core/u_core/u_vexu/rem_847_G2/u_div/u_add_PartRem_0_5
                                      38.5560      0.0      38.5560      0.0000       0.0000  vexu_EN_RVV1_DW01_add_3550
u_npu_core/u_core/u_vexu/rem_847_G2/u_div/u_add_PartRem_0_6
                                      38.5560      0.0      38.5560      0.0000       0.0000  vexu_EN_RVV1_DW01_add_3549
u_npu_core/u_core/u_vexu/rem_847_G2/u_div/u_add_PartRem_0_7
                                      39.0600      0.0      39.0600      0.0000       0.0000  vexu_EN_RVV1_DW01_add_3548
u_npu_core/u_core/u_vexu/rem_847_G2/u_div/u_add_PartRem_1_1
                                      32.1300      0.0      32.1300      0.0000       0.0000  vexu_EN_RVV1_DW01_add_3561
u_npu_core/u_core/u_vexu/rem_847_G2/u_div/u_add_PartRem_1_2
                                      30.4920      0.0      30.4920      0.0000       0.0000  vexu_EN_RVV1_DW01_add_3560
u_npu_core/u_core/u_vexu/rem_847_G2/u_div/u_add_PartRem_1_3
                                      33.1380      0.0      33.1380      0.0000       0.0000  vexu_EN_RVV1_DW01_add_3559
u_npu_core/u_core/u_vexu/rem_847_G2/u_div/u_add_PartRem_1_4
                                      28.8540      0.0      28.8540      0.0000       0.0000  vexu_EN_RVV1_DW01_add_3558
u_npu_core/u_core/u_vexu/rem_847_G2/u_div/u_add_PartRem_1_5
                                      33.6420      0.0      33.6420      0.0000       0.0000  vexu_EN_RVV1_DW01_add_3557
u_npu_core/u_core/u_vexu/rem_847_G2/u_div/u_add_PartRem_1_6
                                      33.6420      0.0      33.6420      0.0000       0.0000  vexu_EN_RVV1_DW01_add_3556
u_npu_core/u_core/u_vexu/rem_847_G2/u_div/u_add_PartRem_1_7
                                      34.1460      0.0      34.1460      0.0000       0.0000  vexu_EN_RVV1_DW01_add_3555
u_npu_core/u_core/u_vexu/rem_847_G2/u_div/u_add_PartRem_2_1
                                      27.2160      0.0      27.2160      0.0000       0.0000  vexu_EN_RVV1_DW01_add_3568
u_npu_core/u_core/u_vexu/rem_847_G2/u_div/u_add_PartRem_2_2
                                      25.5780      0.0      25.5780      0.0000       0.0000  vexu_EN_RVV1_DW01_add_3567
u_npu_core/u_core/u_vexu/rem_847_G2/u_div/u_add_PartRem_2_3
                                      28.2240      0.0      28.2240      0.0000       0.0000  vexu_EN_RVV1_DW01_add_3566
u_npu_core/u_core/u_vexu/rem_847_G2/u_div/u_add_PartRem_2_4
                                      23.9400      0.0      23.9400      0.0000       0.0000  vexu_EN_RVV1_DW01_add_3565
u_npu_core/u_core/u_vexu/rem_847_G2/u_div/u_add_PartRem_2_5
                                      28.7280      0.0      28.7280      0.0000       0.0000  vexu_EN_RVV1_DW01_add_3564
u_npu_core/u_core/u_vexu/rem_847_G2/u_div/u_add_PartRem_2_6
                                      28.7280      0.0      28.7280      0.0000       0.0000  vexu_EN_RVV1_DW01_add_3563
u_npu_core/u_core/u_vexu/rem_847_G2/u_div/u_add_PartRem_2_7
                                      29.2320      0.0      29.2320      0.0000       0.0000  vexu_EN_RVV1_DW01_add_3562
u_npu_core/u_core/u_vexu/rem_847_G2/u_div/u_add_PartRem_3_1
                                      22.3020      0.0      22.3020      0.0000       0.0000  vexu_EN_RVV1_DW01_add_3575
u_npu_core/u_core/u_vexu/rem_847_G2/u_div/u_add_PartRem_3_2
                                      20.6640      0.0      20.6640      0.0000       0.0000  vexu_EN_RVV1_DW01_add_3574
u_npu_core/u_core/u_vexu/rem_847_G2/u_div/u_add_PartRem_3_3
                                      23.3100      0.0      23.3100      0.0000       0.0000  vexu_EN_RVV1_DW01_add_3573
u_npu_core/u_core/u_vexu/rem_847_G2/u_div/u_add_PartRem_3_4
                                      19.0260      0.0      19.0260      0.0000       0.0000  vexu_EN_RVV1_DW01_add_3572
u_npu_core/u_core/u_vexu/rem_847_G2/u_div/u_add_PartRem_3_5
                                      23.8140      0.0      23.8140      0.0000       0.0000  vexu_EN_RVV1_DW01_add_3571
u_npu_core/u_core/u_vexu/rem_847_G2/u_div/u_add_PartRem_3_6
                                      23.8140      0.0      23.8140      0.0000       0.0000  vexu_EN_RVV1_DW01_add_3570
u_npu_core/u_core/u_vexu/rem_847_G2/u_div/u_add_PartRem_3_7
                                      24.3180      0.0      24.3180      0.0000       0.0000  vexu_EN_RVV1_DW01_add_3569
u_npu_core/u_core/u_vexu/rem_847_G2/u_div/u_add_PartRem_4_1
                                      17.3880      0.0      17.3880      0.0000       0.0000  vexu_EN_RVV1_DW01_add_3582
u_npu_core/u_core/u_vexu/rem_847_G2/u_div/u_add_PartRem_4_2
                                      15.7500      0.0      15.7500      0.0000       0.0000  vexu_EN_RVV1_DW01_add_3581
u_npu_core/u_core/u_vexu/rem_847_G2/u_div/u_add_PartRem_4_3
                                      32.5080      0.0      32.5080      0.0000       0.0000  vexu_EN_RVV1_DW01_add_3245
u_npu_core/u_core/u_vexu/rem_847_G2/u_div/u_add_PartRem_4_4
                                      21.0420      0.0      21.0420      0.0000       0.0000  vexu_EN_RVV1_DW01_add_3246
u_npu_core/u_core/u_vexu/rem_847_G2/u_div/u_add_PartRem_4_5
                                      33.0120      0.0      33.0120      0.0000       0.0000  vexu_EN_RVV1_DW01_add_3247
u_npu_core/u_core/u_vexu/rem_847_G2/u_div/u_add_PartRem_4_6
                                      33.0120      0.0      33.0120      0.0000       0.0000  vexu_EN_RVV1_DW01_add_3248
u_npu_core/u_core/u_vexu/rem_847_G2/u_div/u_add_PartRem_4_7
                                      33.5160      0.0      33.5160      0.0000       0.0000  vexu_EN_RVV1_DW01_add_3249
u_npu_core/u_core/u_vexu/rem_847_G2/u_div/u_add_PartRem_5_1
                                      11.8440      0.0      11.8440      0.0000       0.0000  vexu_EN_RVV1_DW01_add_3236
u_npu_core/u_core/u_vexu/rem_847_G2/u_div/u_inc_RInc
                                      30.8700      0.0      30.8700      0.0000       0.0000  vexu_EN_RVV1_DW_inc_97
u_npu_core/u_core/u_vexu/rem_847_G3/u_div/u_absval_AAbs/NEG
                                      20.7900      0.0      20.7900      0.0000       0.0000  vexu_EN_RVV1_DW01_inc_104
u_npu_core/u_core/u_vexu/rem_847_G3/u_div/u_add_B3
                                      70.9380      0.0      70.9380      0.0000       0.0000  vexu_EN_RVV1_DW01_add_3278
u_npu_core/u_core/u_vexu/rem_847_G3/u_div/u_add_B5
                                      73.3320      0.0      73.3320      0.0000       0.0000  vexu_EN_RVV1_DW01_add_3279
u_npu_core/u_core/u_vexu/rem_847_G3/u_div/u_add_B6
                                      70.0560      0.0      70.0560      0.0000       0.0000  vexu_EN_RVV1_DW01_add_3280
u_npu_core/u_core/u_vexu/rem_847_G3/u_div/u_add_B7
                                      41.4540      0.0      41.4540      0.0000       0.0000  vexu_EN_RVV1_DW01_sub_273
u_npu_core/u_core/u_vexu/rem_847_G3/u_div/u_add_PartRem_0_1
                                      34.5240      0.0      34.5240      0.0000       0.0000  vexu_EN_RVV1_DW01_add_3509
u_npu_core/u_core/u_vexu/rem_847_G3/u_div/u_add_PartRem_0_2
                                      33.1380      0.0      33.1380      0.0000       0.0000  vexu_EN_RVV1_DW01_add_3508
u_npu_core/u_core/u_vexu/rem_847_G3/u_div/u_add_PartRem_0_3
                                      36.9180      0.0      36.9180      0.0000       0.0000  vexu_EN_RVV1_DW01_add_3507
u_npu_core/u_core/u_vexu/rem_847_G3/u_div/u_add_PartRem_0_4
                                      32.6340      0.0      32.6340      0.0000       0.0000  vexu_EN_RVV1_DW01_add_3506
u_npu_core/u_core/u_vexu/rem_847_G3/u_div/u_add_PartRem_0_5
                                      38.5560      0.0      38.5560      0.0000       0.0000  vexu_EN_RVV1_DW01_add_3505
u_npu_core/u_core/u_vexu/rem_847_G3/u_div/u_add_PartRem_0_6
                                      38.5560      0.0      38.5560      0.0000       0.0000  vexu_EN_RVV1_DW01_add_3504
u_npu_core/u_core/u_vexu/rem_847_G3/u_div/u_add_PartRem_0_7
                                      39.0600      0.0      39.0600      0.0000       0.0000  vexu_EN_RVV1_DW01_add_3503
u_npu_core/u_core/u_vexu/rem_847_G3/u_div/u_add_PartRem_1_1
                                      32.1300      0.0      32.1300      0.0000       0.0000  vexu_EN_RVV1_DW01_add_3516
u_npu_core/u_core/u_vexu/rem_847_G3/u_div/u_add_PartRem_1_2
                                      30.4920      0.0      30.4920      0.0000       0.0000  vexu_EN_RVV1_DW01_add_3515
u_npu_core/u_core/u_vexu/rem_847_G3/u_div/u_add_PartRem_1_3
                                      33.1380      0.0      33.1380      0.0000       0.0000  vexu_EN_RVV1_DW01_add_3514
u_npu_core/u_core/u_vexu/rem_847_G3/u_div/u_add_PartRem_1_4
                                      28.8540      0.0      28.8540      0.0000       0.0000  vexu_EN_RVV1_DW01_add_3513
u_npu_core/u_core/u_vexu/rem_847_G3/u_div/u_add_PartRem_1_5
                                      33.6420      0.0      33.6420      0.0000       0.0000  vexu_EN_RVV1_DW01_add_3512
u_npu_core/u_core/u_vexu/rem_847_G3/u_div/u_add_PartRem_1_6
                                      33.6420      0.0      33.6420      0.0000       0.0000  vexu_EN_RVV1_DW01_add_3511
u_npu_core/u_core/u_vexu/rem_847_G3/u_div/u_add_PartRem_1_7
                                      34.1460      0.0      34.1460      0.0000       0.0000  vexu_EN_RVV1_DW01_add_3510
u_npu_core/u_core/u_vexu/rem_847_G3/u_div/u_add_PartRem_2_1
                                      27.2160      0.0      27.2160      0.0000       0.0000  vexu_EN_RVV1_DW01_add_3523
u_npu_core/u_core/u_vexu/rem_847_G3/u_div/u_add_PartRem_2_2
                                      25.5780      0.0      25.5780      0.0000       0.0000  vexu_EN_RVV1_DW01_add_3522
u_npu_core/u_core/u_vexu/rem_847_G3/u_div/u_add_PartRem_2_3
                                      28.2240      0.0      28.2240      0.0000       0.0000  vexu_EN_RVV1_DW01_add_3521
u_npu_core/u_core/u_vexu/rem_847_G3/u_div/u_add_PartRem_2_4
                                      23.9400      0.0      23.9400      0.0000       0.0000  vexu_EN_RVV1_DW01_add_3520
u_npu_core/u_core/u_vexu/rem_847_G3/u_div/u_add_PartRem_2_5
                                      28.7280      0.0      28.7280      0.0000       0.0000  vexu_EN_RVV1_DW01_add_3519
u_npu_core/u_core/u_vexu/rem_847_G3/u_div/u_add_PartRem_2_6
                                      28.7280      0.0      28.7280      0.0000       0.0000  vexu_EN_RVV1_DW01_add_3518
u_npu_core/u_core/u_vexu/rem_847_G3/u_div/u_add_PartRem_2_7
                                      29.2320      0.0      29.2320      0.0000       0.0000  vexu_EN_RVV1_DW01_add_3517
u_npu_core/u_core/u_vexu/rem_847_G3/u_div/u_add_PartRem_3_1
                                      22.3020      0.0      22.3020      0.0000       0.0000  vexu_EN_RVV1_DW01_add_3530
u_npu_core/u_core/u_vexu/rem_847_G3/u_div/u_add_PartRem_3_2
                                      20.6640      0.0      20.6640      0.0000       0.0000  vexu_EN_RVV1_DW01_add_3529
u_npu_core/u_core/u_vexu/rem_847_G3/u_div/u_add_PartRem_3_3
                                      23.3100      0.0      23.3100      0.0000       0.0000  vexu_EN_RVV1_DW01_add_3528
u_npu_core/u_core/u_vexu/rem_847_G3/u_div/u_add_PartRem_3_4
                                      19.0260      0.0      19.0260      0.0000       0.0000  vexu_EN_RVV1_DW01_add_3527
u_npu_core/u_core/u_vexu/rem_847_G3/u_div/u_add_PartRem_3_5
                                      23.8140      0.0      23.8140      0.0000       0.0000  vexu_EN_RVV1_DW01_add_3526
u_npu_core/u_core/u_vexu/rem_847_G3/u_div/u_add_PartRem_3_6
                                      23.8140      0.0      23.8140      0.0000       0.0000  vexu_EN_RVV1_DW01_add_3525
u_npu_core/u_core/u_vexu/rem_847_G3/u_div/u_add_PartRem_3_7
                                      24.3180      0.0      24.3180      0.0000       0.0000  vexu_EN_RVV1_DW01_add_3524
u_npu_core/u_core/u_vexu/rem_847_G3/u_div/u_add_PartRem_4_1
                                      17.3880      0.0      17.3880      0.0000       0.0000  vexu_EN_RVV1_DW01_add_3537
u_npu_core/u_core/u_vexu/rem_847_G3/u_div/u_add_PartRem_4_2
                                      15.7500      0.0      15.7500      0.0000       0.0000  vexu_EN_RVV1_DW01_add_3536
u_npu_core/u_core/u_vexu/rem_847_G3/u_div/u_add_PartRem_4_3
                                      32.5080      0.0      32.5080      0.0000       0.0000  vexu_EN_RVV1_DW01_add_3290
u_npu_core/u_core/u_vexu/rem_847_G3/u_div/u_add_PartRem_4_4
                                      21.0420      0.0      21.0420      0.0000       0.0000  vexu_EN_RVV1_DW01_add_3291
u_npu_core/u_core/u_vexu/rem_847_G3/u_div/u_add_PartRem_4_5
                                      33.0120      0.0      33.0120      0.0000       0.0000  vexu_EN_RVV1_DW01_add_3292
u_npu_core/u_core/u_vexu/rem_847_G3/u_div/u_add_PartRem_4_6
                                      33.0120      0.0      33.0120      0.0000       0.0000  vexu_EN_RVV1_DW01_add_3293
u_npu_core/u_core/u_vexu/rem_847_G3/u_div/u_add_PartRem_4_7
                                      33.5160      0.0      33.5160      0.0000       0.0000  vexu_EN_RVV1_DW01_add_3294
u_npu_core/u_core/u_vexu/rem_847_G3/u_div/u_add_PartRem_5_1
                                      11.8440      0.0      11.8440      0.0000       0.0000  vexu_EN_RVV1_DW01_add_3281
u_npu_core/u_core/u_vexu/rem_847_G3/u_div/u_inc_RInc
                                      30.8700      0.0      30.8700      0.0000       0.0000  vexu_EN_RVV1_DW_inc_99
u_npu_core/u_core/u_vexu/rem_847_G4/u_div/u_absval_AAbs/NEG
                                      20.7900      0.0      20.7900      0.0000       0.0000  vexu_EN_RVV1_DW01_inc_100
u_npu_core/u_core/u_vexu/rem_847_G4/u_div/u_add_B3
                                      31.6260      0.0      31.6260      0.0000       0.0000  vexu_EN_RVV1_DW01_add_3727
u_npu_core/u_core/u_vexu/rem_847_G4/u_div/u_add_B5
                                      73.8360      0.0      73.8360      0.0000       0.0000  vexu_EN_RVV1_DW01_add_3099
u_npu_core/u_core/u_vexu/rem_847_G4/u_div/u_add_B6
                                      70.5600      0.0      70.5600      0.0000       0.0000  vexu_EN_RVV1_DW01_add_3100
u_npu_core/u_core/u_vexu/rem_847_G4/u_div/u_add_B7
                                      41.7060      0.0      41.7060      0.0000       0.0000  vexu_EN_RVV1_DW01_sub_277
u_npu_core/u_core/u_vexu/rem_847_G4/u_div/u_add_PartRem_0_1
                                      34.5240      0.0      34.5240      0.0000       0.0000  vexu_EN_RVV1_DW01_add_3689
u_npu_core/u_core/u_vexu/rem_847_G4/u_div/u_add_PartRem_0_2
                                      33.1380      0.0      33.1380      0.0000       0.0000  vexu_EN_RVV1_DW01_add_3688
u_npu_core/u_core/u_vexu/rem_847_G4/u_div/u_add_PartRem_0_3
                                      36.9180      0.0      36.9180      0.0000       0.0000  vexu_EN_RVV1_DW01_add_3687
u_npu_core/u_core/u_vexu/rem_847_G4/u_div/u_add_PartRem_0_4
                                      32.6340      0.0      32.6340      0.0000       0.0000  vexu_EN_RVV1_DW01_add_3686
u_npu_core/u_core/u_vexu/rem_847_G4/u_div/u_add_PartRem_0_5
                                      38.5560      0.0      38.5560      0.0000       0.0000  vexu_EN_RVV1_DW01_add_3685
u_npu_core/u_core/u_vexu/rem_847_G4/u_div/u_add_PartRem_0_6
                                      38.5560      0.0      38.5560      0.0000       0.0000  vexu_EN_RVV1_DW01_add_3684
u_npu_core/u_core/u_vexu/rem_847_G4/u_div/u_add_PartRem_0_7
                                      39.0600      0.0      39.0600      0.0000       0.0000  vexu_EN_RVV1_DW01_add_3683
u_npu_core/u_core/u_vexu/rem_847_G4/u_div/u_add_PartRem_1_1
                                      32.1300      0.0      32.1300      0.0000       0.0000  vexu_EN_RVV1_DW01_add_3696
u_npu_core/u_core/u_vexu/rem_847_G4/u_div/u_add_PartRem_1_2
                                      30.4920      0.0      30.4920      0.0000       0.0000  vexu_EN_RVV1_DW01_add_3695
u_npu_core/u_core/u_vexu/rem_847_G4/u_div/u_add_PartRem_1_3
                                      33.1380      0.0      33.1380      0.0000       0.0000  vexu_EN_RVV1_DW01_add_3694
u_npu_core/u_core/u_vexu/rem_847_G4/u_div/u_add_PartRem_1_4
                                      28.8540      0.0      28.8540      0.0000       0.0000  vexu_EN_RVV1_DW01_add_3693
u_npu_core/u_core/u_vexu/rem_847_G4/u_div/u_add_PartRem_1_5
                                      33.6420      0.0      33.6420      0.0000       0.0000  vexu_EN_RVV1_DW01_add_3692
u_npu_core/u_core/u_vexu/rem_847_G4/u_div/u_add_PartRem_1_6
                                      33.6420      0.0      33.6420      0.0000       0.0000  vexu_EN_RVV1_DW01_add_3691
u_npu_core/u_core/u_vexu/rem_847_G4/u_div/u_add_PartRem_1_7
                                      34.1460      0.0      34.1460      0.0000       0.0000  vexu_EN_RVV1_DW01_add_3690
u_npu_core/u_core/u_vexu/rem_847_G4/u_div/u_add_PartRem_2_1
                                      27.2160      0.0      27.2160      0.0000       0.0000  vexu_EN_RVV1_DW01_add_3703
u_npu_core/u_core/u_vexu/rem_847_G4/u_div/u_add_PartRem_2_2
                                      25.5780      0.0      25.5780      0.0000       0.0000  vexu_EN_RVV1_DW01_add_3702
u_npu_core/u_core/u_vexu/rem_847_G4/u_div/u_add_PartRem_2_3
                                      28.2240      0.0      28.2240      0.0000       0.0000  vexu_EN_RVV1_DW01_add_3701
u_npu_core/u_core/u_vexu/rem_847_G4/u_div/u_add_PartRem_2_4
                                      23.9400      0.0      23.9400      0.0000       0.0000  vexu_EN_RVV1_DW01_add_3700
u_npu_core/u_core/u_vexu/rem_847_G4/u_div/u_add_PartRem_2_5
                                      28.7280      0.0      28.7280      0.0000       0.0000  vexu_EN_RVV1_DW01_add_3699
u_npu_core/u_core/u_vexu/rem_847_G4/u_div/u_add_PartRem_2_6
                                      28.7280      0.0      28.7280      0.0000       0.0000  vexu_EN_RVV1_DW01_add_3698
u_npu_core/u_core/u_vexu/rem_847_G4/u_div/u_add_PartRem_2_7
                                      29.2320      0.0      29.2320      0.0000       0.0000  vexu_EN_RVV1_DW01_add_3697
u_npu_core/u_core/u_vexu/rem_847_G4/u_div/u_add_PartRem_3_1
                                      22.3020      0.0      22.3020      0.0000       0.0000  vexu_EN_RVV1_DW01_add_3710
u_npu_core/u_core/u_vexu/rem_847_G4/u_div/u_add_PartRem_3_2
                                      20.6640      0.0      20.6640      0.0000       0.0000  vexu_EN_RVV1_DW01_add_3709
u_npu_core/u_core/u_vexu/rem_847_G4/u_div/u_add_PartRem_3_3
                                      23.3100      0.0      23.3100      0.0000       0.0000  vexu_EN_RVV1_DW01_add_3708
u_npu_core/u_core/u_vexu/rem_847_G4/u_div/u_add_PartRem_3_4
                                      19.0260      0.0      19.0260      0.0000       0.0000  vexu_EN_RVV1_DW01_add_3707
u_npu_core/u_core/u_vexu/rem_847_G4/u_div/u_add_PartRem_3_5
                                      23.8140      0.0      23.8140      0.0000       0.0000  vexu_EN_RVV1_DW01_add_3706
u_npu_core/u_core/u_vexu/rem_847_G4/u_div/u_add_PartRem_3_6
                                      23.8140      0.0      23.8140      0.0000       0.0000  vexu_EN_RVV1_DW01_add_3705
u_npu_core/u_core/u_vexu/rem_847_G4/u_div/u_add_PartRem_3_7
                                      24.3180      0.0      24.3180      0.0000       0.0000  vexu_EN_RVV1_DW01_add_3704
u_npu_core/u_core/u_vexu/rem_847_G4/u_div/u_add_PartRem_4_1
                                      17.3880      0.0      17.3880      0.0000       0.0000  vexu_EN_RVV1_DW01_add_3717
u_npu_core/u_core/u_vexu/rem_847_G4/u_div/u_add_PartRem_4_2
                                      15.7500      0.0      15.7500      0.0000       0.0000  vexu_EN_RVV1_DW01_add_3716
u_npu_core/u_core/u_vexu/rem_847_G4/u_div/u_add_PartRem_4_3
                                      32.5080      0.0      32.5080      0.0000       0.0000  vexu_EN_RVV1_DW01_add_3110
u_npu_core/u_core/u_vexu/rem_847_G4/u_div/u_add_PartRem_4_4
                                      21.0420      0.0      21.0420      0.0000       0.0000  vexu_EN_RVV1_DW01_add_3111
u_npu_core/u_core/u_vexu/rem_847_G4/u_div/u_add_PartRem_4_5
                                      33.0120      0.0      33.0120      0.0000       0.0000  vexu_EN_RVV1_DW01_add_3112
u_npu_core/u_core/u_vexu/rem_847_G4/u_div/u_add_PartRem_4_6
                                      33.0120      0.0      33.0120      0.0000       0.0000  vexu_EN_RVV1_DW01_add_3113
u_npu_core/u_core/u_vexu/rem_847_G4/u_div/u_add_PartRem_4_7
                                      33.5160      0.0      33.5160      0.0000       0.0000  vexu_EN_RVV1_DW01_add_3114
u_npu_core/u_core/u_vexu/rem_847_G4/u_div/u_add_PartRem_5_1
                                      11.8440      0.0      11.8440      0.0000       0.0000  vexu_EN_RVV1_DW01_add_3101
u_npu_core/u_core/u_vexu/rem_847_G4/u_div/u_inc_RInc
                                      30.8700      0.0      30.8700      0.0000       0.0000  vexu_EN_RVV1_DW_inc_91
u_npu_core/u_core/u_vexu/rem_847_G5/u_div/u_absval_AAbs/NEG
                                      20.7900      0.0      20.7900      0.0000       0.0000  vexu_EN_RVV1_DW01_inc_105
u_npu_core/u_core/u_vexu/rem_847_G5/u_div/u_add_B3
                                      70.9380      0.0      70.9380      0.0000       0.0000  vexu_EN_RVV1_DW01_add_3323
u_npu_core/u_core/u_vexu/rem_847_G5/u_div/u_add_B5
                                      73.3320      0.0      73.3320      0.0000       0.0000  vexu_EN_RVV1_DW01_add_3324
u_npu_core/u_core/u_vexu/rem_847_G5/u_div/u_add_B6
                                      70.0560      0.0      70.0560      0.0000       0.0000  vexu_EN_RVV1_DW01_add_3325
u_npu_core/u_core/u_vexu/rem_847_G5/u_div/u_add_B7
                                      41.7060      0.0      41.7060      0.0000       0.0000  vexu_EN_RVV1_DW01_sub_272
u_npu_core/u_core/u_vexu/rem_847_G5/u_div/u_add_PartRem_0_1
                                      34.5240      0.0      34.5240      0.0000       0.0000  vexu_EN_RVV1_DW01_add_3464
u_npu_core/u_core/u_vexu/rem_847_G5/u_div/u_add_PartRem_0_2
                                      33.1380      0.0      33.1380      0.0000       0.0000  vexu_EN_RVV1_DW01_add_3463
u_npu_core/u_core/u_vexu/rem_847_G5/u_div/u_add_PartRem_0_3
                                      36.9180      0.0      36.9180      0.0000       0.0000  vexu_EN_RVV1_DW01_add_3462
u_npu_core/u_core/u_vexu/rem_847_G5/u_div/u_add_PartRem_0_4
                                      32.6340      0.0      32.6340      0.0000       0.0000  vexu_EN_RVV1_DW01_add_3461
u_npu_core/u_core/u_vexu/rem_847_G5/u_div/u_add_PartRem_0_5
                                      38.5560      0.0      38.5560      0.0000       0.0000  vexu_EN_RVV1_DW01_add_3460
u_npu_core/u_core/u_vexu/rem_847_G5/u_div/u_add_PartRem_0_6
                                      38.5560      0.0      38.5560      0.0000       0.0000  vexu_EN_RVV1_DW01_add_3459
u_npu_core/u_core/u_vexu/rem_847_G5/u_div/u_add_PartRem_0_7
                                      39.0600      0.0      39.0600      0.0000       0.0000  vexu_EN_RVV1_DW01_add_3458
u_npu_core/u_core/u_vexu/rem_847_G5/u_div/u_add_PartRem_1_1
                                      32.1300      0.0      32.1300      0.0000       0.0000  vexu_EN_RVV1_DW01_add_3471
u_npu_core/u_core/u_vexu/rem_847_G5/u_div/u_add_PartRem_1_2
                                      30.4920      0.0      30.4920      0.0000       0.0000  vexu_EN_RVV1_DW01_add_3470
u_npu_core/u_core/u_vexu/rem_847_G5/u_div/u_add_PartRem_1_3
                                      33.1380      0.0      33.1380      0.0000       0.0000  vexu_EN_RVV1_DW01_add_3469
u_npu_core/u_core/u_vexu/rem_847_G5/u_div/u_add_PartRem_1_4
                                      28.8540      0.0      28.8540      0.0000       0.0000  vexu_EN_RVV1_DW01_add_3468
u_npu_core/u_core/u_vexu/rem_847_G5/u_div/u_add_PartRem_1_5
                                      33.6420      0.0      33.6420      0.0000       0.0000  vexu_EN_RVV1_DW01_add_3467
u_npu_core/u_core/u_vexu/rem_847_G5/u_div/u_add_PartRem_1_6
                                      33.6420      0.0      33.6420      0.0000       0.0000  vexu_EN_RVV1_DW01_add_3466
u_npu_core/u_core/u_vexu/rem_847_G5/u_div/u_add_PartRem_1_7
                                      34.1460      0.0      34.1460      0.0000       0.0000  vexu_EN_RVV1_DW01_add_3465
u_npu_core/u_core/u_vexu/rem_847_G5/u_div/u_add_PartRem_2_1
                                      27.2160      0.0      27.2160      0.0000       0.0000  vexu_EN_RVV1_DW01_add_3478
u_npu_core/u_core/u_vexu/rem_847_G5/u_div/u_add_PartRem_2_2
                                      25.5780      0.0      25.5780      0.0000       0.0000  vexu_EN_RVV1_DW01_add_3477
u_npu_core/u_core/u_vexu/rem_847_G5/u_div/u_add_PartRem_2_3
                                      28.2240      0.0      28.2240      0.0000       0.0000  vexu_EN_RVV1_DW01_add_3476
u_npu_core/u_core/u_vexu/rem_847_G5/u_div/u_add_PartRem_2_4
                                      23.9400      0.0      23.9400      0.0000       0.0000  vexu_EN_RVV1_DW01_add_3475
u_npu_core/u_core/u_vexu/rem_847_G5/u_div/u_add_PartRem_2_5
                                      28.7280      0.0      28.7280      0.0000       0.0000  vexu_EN_RVV1_DW01_add_3474
u_npu_core/u_core/u_vexu/rem_847_G5/u_div/u_add_PartRem_2_6
                                      28.7280      0.0      28.7280      0.0000       0.0000  vexu_EN_RVV1_DW01_add_3473
u_npu_core/u_core/u_vexu/rem_847_G5/u_div/u_add_PartRem_2_7
                                      29.2320      0.0      29.2320      0.0000       0.0000  vexu_EN_RVV1_DW01_add_3472
u_npu_core/u_core/u_vexu/rem_847_G5/u_div/u_add_PartRem_3_1
                                      22.3020      0.0      22.3020      0.0000       0.0000  vexu_EN_RVV1_DW01_add_3485
u_npu_core/u_core/u_vexu/rem_847_G5/u_div/u_add_PartRem_3_2
                                      20.6640      0.0      20.6640      0.0000       0.0000  vexu_EN_RVV1_DW01_add_3484
u_npu_core/u_core/u_vexu/rem_847_G5/u_div/u_add_PartRem_3_3
                                      23.3100      0.0      23.3100      0.0000       0.0000  vexu_EN_RVV1_DW01_add_3483
u_npu_core/u_core/u_vexu/rem_847_G5/u_div/u_add_PartRem_3_4
                                      19.0260      0.0      19.0260      0.0000       0.0000  vexu_EN_RVV1_DW01_add_3482
u_npu_core/u_core/u_vexu/rem_847_G5/u_div/u_add_PartRem_3_5
                                      23.8140      0.0      23.8140      0.0000       0.0000  vexu_EN_RVV1_DW01_add_3481
u_npu_core/u_core/u_vexu/rem_847_G5/u_div/u_add_PartRem_3_6
                                      23.8140      0.0      23.8140      0.0000       0.0000  vexu_EN_RVV1_DW01_add_3480
u_npu_core/u_core/u_vexu/rem_847_G5/u_div/u_add_PartRem_3_7
                                      24.3180      0.0      24.3180      0.0000       0.0000  vexu_EN_RVV1_DW01_add_3479
u_npu_core/u_core/u_vexu/rem_847_G5/u_div/u_add_PartRem_4_1
                                      17.3880      0.0      17.3880      0.0000       0.0000  vexu_EN_RVV1_DW01_add_3492
u_npu_core/u_core/u_vexu/rem_847_G5/u_div/u_add_PartRem_4_2
                                      15.7500      0.0      15.7500      0.0000       0.0000  vexu_EN_RVV1_DW01_add_3491
u_npu_core/u_core/u_vexu/rem_847_G5/u_div/u_add_PartRem_4_3
                                      32.5080      0.0      32.5080      0.0000       0.0000  vexu_EN_RVV1_DW01_add_3335
u_npu_core/u_core/u_vexu/rem_847_G5/u_div/u_add_PartRem_4_4
                                      21.0420      0.0      21.0420      0.0000       0.0000  vexu_EN_RVV1_DW01_add_3336
u_npu_core/u_core/u_vexu/rem_847_G5/u_div/u_add_PartRem_4_5
                                      33.0120      0.0      33.0120      0.0000       0.0000  vexu_EN_RVV1_DW01_add_3337
u_npu_core/u_core/u_vexu/rem_847_G5/u_div/u_add_PartRem_4_6
                                      33.0120      0.0      33.0120      0.0000       0.0000  vexu_EN_RVV1_DW01_add_3338
u_npu_core/u_core/u_vexu/rem_847_G5/u_div/u_add_PartRem_4_7
                                      33.5160      0.0      33.5160      0.0000       0.0000  vexu_EN_RVV1_DW01_add_3339
u_npu_core/u_core/u_vexu/rem_847_G5/u_div/u_add_PartRem_5_1
                                      11.8440      0.0      11.8440      0.0000       0.0000  vexu_EN_RVV1_DW01_add_3326
u_npu_core/u_core/u_vexu/rem_847_G5/u_div/u_inc_RInc
                                      30.8700      0.0      30.8700      0.0000       0.0000  vexu_EN_RVV1_DW_inc_101
u_npu_core/u_core/u_vexu/rem_847_G6/u_div/u_absval_AAbs/NEG
                                      20.7900      0.0      20.7900      0.0000       0.0000  vexu_EN_RVV1_DW01_inc_101
u_npu_core/u_core/u_vexu/rem_847_G6/u_div/u_add_B3
                                      31.6260      0.0      31.6260      0.0000       0.0000  vexu_EN_RVV1_DW01_add_3682
u_npu_core/u_core/u_vexu/rem_847_G6/u_div/u_add_B5
                                      73.8360      0.0      73.8360      0.0000       0.0000  vexu_EN_RVV1_DW01_add_3144
u_npu_core/u_core/u_vexu/rem_847_G6/u_div/u_add_B6
                                      70.0560      0.0      70.0560      0.0000       0.0000  vexu_EN_RVV1_DW01_add_3145
u_npu_core/u_core/u_vexu/rem_847_G6/u_div/u_add_B7
                                      41.7060      0.0      41.7060      0.0000       0.0000  vexu_EN_RVV1_DW01_sub_276
u_npu_core/u_core/u_vexu/rem_847_G6/u_div/u_add_PartRem_0_1
                                      34.5240      0.0      34.5240      0.0000       0.0000  vexu_EN_RVV1_DW01_add_3644
u_npu_core/u_core/u_vexu/rem_847_G6/u_div/u_add_PartRem_0_2
                                      33.1380      0.0      33.1380      0.0000       0.0000  vexu_EN_RVV1_DW01_add_3643
u_npu_core/u_core/u_vexu/rem_847_G6/u_div/u_add_PartRem_0_3
                                      36.9180      0.0      36.9180      0.0000       0.0000  vexu_EN_RVV1_DW01_add_3642
u_npu_core/u_core/u_vexu/rem_847_G6/u_div/u_add_PartRem_0_4
                                      32.6340      0.0      32.6340      0.0000       0.0000  vexu_EN_RVV1_DW01_add_3641
u_npu_core/u_core/u_vexu/rem_847_G6/u_div/u_add_PartRem_0_5
                                      38.5560      0.0      38.5560      0.0000       0.0000  vexu_EN_RVV1_DW01_add_3640
u_npu_core/u_core/u_vexu/rem_847_G6/u_div/u_add_PartRem_0_6
                                      38.5560      0.0      38.5560      0.0000       0.0000  vexu_EN_RVV1_DW01_add_3639
u_npu_core/u_core/u_vexu/rem_847_G6/u_div/u_add_PartRem_0_7
                                      39.0600      0.0      39.0600      0.0000       0.0000  vexu_EN_RVV1_DW01_add_3638
u_npu_core/u_core/u_vexu/rem_847_G6/u_div/u_add_PartRem_1_1
                                      32.1300      0.0      32.1300      0.0000       0.0000  vexu_EN_RVV1_DW01_add_3651
u_npu_core/u_core/u_vexu/rem_847_G6/u_div/u_add_PartRem_1_2
                                      30.4920      0.0      30.4920      0.0000       0.0000  vexu_EN_RVV1_DW01_add_3650
u_npu_core/u_core/u_vexu/rem_847_G6/u_div/u_add_PartRem_1_3
                                      33.1380      0.0      33.1380      0.0000       0.0000  vexu_EN_RVV1_DW01_add_3649
u_npu_core/u_core/u_vexu/rem_847_G6/u_div/u_add_PartRem_1_4
                                      28.8540      0.0      28.8540      0.0000       0.0000  vexu_EN_RVV1_DW01_add_3648
u_npu_core/u_core/u_vexu/rem_847_G6/u_div/u_add_PartRem_1_5
                                      33.6420      0.0      33.6420      0.0000       0.0000  vexu_EN_RVV1_DW01_add_3647
u_npu_core/u_core/u_vexu/rem_847_G6/u_div/u_add_PartRem_1_6
                                      33.6420      0.0      33.6420      0.0000       0.0000  vexu_EN_RVV1_DW01_add_3646
u_npu_core/u_core/u_vexu/rem_847_G6/u_div/u_add_PartRem_1_7
                                      34.1460      0.0      34.1460      0.0000       0.0000  vexu_EN_RVV1_DW01_add_3645
u_npu_core/u_core/u_vexu/rem_847_G6/u_div/u_add_PartRem_2_1
                                      27.2160      0.0      27.2160      0.0000       0.0000  vexu_EN_RVV1_DW01_add_3658
u_npu_core/u_core/u_vexu/rem_847_G6/u_div/u_add_PartRem_2_2
                                      25.5780      0.0      25.5780      0.0000       0.0000  vexu_EN_RVV1_DW01_add_3657
u_npu_core/u_core/u_vexu/rem_847_G6/u_div/u_add_PartRem_2_3
                                      28.2240      0.0      28.2240      0.0000       0.0000  vexu_EN_RVV1_DW01_add_3656
u_npu_core/u_core/u_vexu/rem_847_G6/u_div/u_add_PartRem_2_4
                                      23.9400      0.0      23.9400      0.0000       0.0000  vexu_EN_RVV1_DW01_add_3655
u_npu_core/u_core/u_vexu/rem_847_G6/u_div/u_add_PartRem_2_5
                                      28.7280      0.0      28.7280      0.0000       0.0000  vexu_EN_RVV1_DW01_add_3654
u_npu_core/u_core/u_vexu/rem_847_G6/u_div/u_add_PartRem_2_6
                                      28.7280      0.0      28.7280      0.0000       0.0000  vexu_EN_RVV1_DW01_add_3653
u_npu_core/u_core/u_vexu/rem_847_G6/u_div/u_add_PartRem_2_7
                                      29.2320      0.0      29.2320      0.0000       0.0000  vexu_EN_RVV1_DW01_add_3652
u_npu_core/u_core/u_vexu/rem_847_G6/u_div/u_add_PartRem_3_1
                                      22.3020      0.0      22.3020      0.0000       0.0000  vexu_EN_RVV1_DW01_add_3665
u_npu_core/u_core/u_vexu/rem_847_G6/u_div/u_add_PartRem_3_2
                                      20.6640      0.0      20.6640      0.0000       0.0000  vexu_EN_RVV1_DW01_add_3664
u_npu_core/u_core/u_vexu/rem_847_G6/u_div/u_add_PartRem_3_3
                                      23.3100      0.0      23.3100      0.0000       0.0000  vexu_EN_RVV1_DW01_add_3663
u_npu_core/u_core/u_vexu/rem_847_G6/u_div/u_add_PartRem_3_4
                                      19.0260      0.0      19.0260      0.0000       0.0000  vexu_EN_RVV1_DW01_add_3662
u_npu_core/u_core/u_vexu/rem_847_G6/u_div/u_add_PartRem_3_5
                                      23.8140      0.0      23.8140      0.0000       0.0000  vexu_EN_RVV1_DW01_add_3661
u_npu_core/u_core/u_vexu/rem_847_G6/u_div/u_add_PartRem_3_6
                                      23.8140      0.0      23.8140      0.0000       0.0000  vexu_EN_RVV1_DW01_add_3660
u_npu_core/u_core/u_vexu/rem_847_G6/u_div/u_add_PartRem_3_7
                                      24.3180      0.0      24.3180      0.0000       0.0000  vexu_EN_RVV1_DW01_add_3659
u_npu_core/u_core/u_vexu/rem_847_G6/u_div/u_add_PartRem_4_1
                                      17.3880      0.0      17.3880      0.0000       0.0000  vexu_EN_RVV1_DW01_add_3672
u_npu_core/u_core/u_vexu/rem_847_G6/u_div/u_add_PartRem_4_2
                                      15.7500      0.0      15.7500      0.0000       0.0000  vexu_EN_RVV1_DW01_add_3671
u_npu_core/u_core/u_vexu/rem_847_G6/u_div/u_add_PartRem_4_3
                                      32.5080      0.0      32.5080      0.0000       0.0000  vexu_EN_RVV1_DW01_add_3155
u_npu_core/u_core/u_vexu/rem_847_G6/u_div/u_add_PartRem_4_4
                                      21.0420      0.0      21.0420      0.0000       0.0000  vexu_EN_RVV1_DW01_add_3156
u_npu_core/u_core/u_vexu/rem_847_G6/u_div/u_add_PartRem_4_5
                                      33.0120      0.0      33.0120      0.0000       0.0000  vexu_EN_RVV1_DW01_add_3157
u_npu_core/u_core/u_vexu/rem_847_G6/u_div/u_add_PartRem_4_6
                                      33.0120      0.0      33.0120      0.0000       0.0000  vexu_EN_RVV1_DW01_add_3158
u_npu_core/u_core/u_vexu/rem_847_G6/u_div/u_add_PartRem_4_7
                                      33.5160      0.0      33.5160      0.0000       0.0000  vexu_EN_RVV1_DW01_add_3159
u_npu_core/u_core/u_vexu/rem_847_G6/u_div/u_add_PartRem_5_1
                                      11.8440      0.0      11.8440      0.0000       0.0000  vexu_EN_RVV1_DW01_add_3146
u_npu_core/u_core/u_vexu/rem_847_G6/u_div/u_inc_RInc
                                      30.8700      0.0      30.8700      0.0000       0.0000  vexu_EN_RVV1_DW_inc_93
u_npu_core/u_core/u_vexu/rem_847_G7/u_div/u_absval_AAbs/NEG
                                      20.7900      0.0      20.7900      0.0000       0.0000  vexu_EN_RVV1_DW01_inc_106
u_npu_core/u_core/u_vexu/rem_847_G7/u_div/u_add_B3
                                      70.9380      0.0      70.9380      0.0000       0.0000  vexu_EN_RVV1_DW01_add_3368
u_npu_core/u_core/u_vexu/rem_847_G7/u_div/u_add_B5
                                      73.3320      0.0      73.3320      0.0000       0.0000  vexu_EN_RVV1_DW01_add_3369
u_npu_core/u_core/u_vexu/rem_847_G7/u_div/u_add_B6
                                      70.0560      0.0      70.0560      0.0000       0.0000  vexu_EN_RVV1_DW01_add_3370
u_npu_core/u_core/u_vexu/rem_847_G7/u_div/u_add_B7
                                      41.7060      0.0      41.7060      0.0000       0.0000  vexu_EN_RVV1_DW01_sub_271
u_npu_core/u_core/u_vexu/rem_847_G7/u_div/u_add_PartRem_0_1
                                      34.5240      0.0      34.5240      0.0000       0.0000  vexu_EN_RVV1_DW01_add_3419
u_npu_core/u_core/u_vexu/rem_847_G7/u_div/u_add_PartRem_0_2
                                      33.1380      0.0      33.1380      0.0000       0.0000  vexu_EN_RVV1_DW01_add_3418
u_npu_core/u_core/u_vexu/rem_847_G7/u_div/u_add_PartRem_0_3
                                      36.9180      0.0      36.9180      0.0000       0.0000  vexu_EN_RVV1_DW01_add_3417
u_npu_core/u_core/u_vexu/rem_847_G7/u_div/u_add_PartRem_0_4
                                      32.6340      0.0      32.6340      0.0000       0.0000  vexu_EN_RVV1_DW01_add_3416
u_npu_core/u_core/u_vexu/rem_847_G7/u_div/u_add_PartRem_0_5
                                      38.5560      0.0      38.5560      0.0000       0.0000  vexu_EN_RVV1_DW01_add_3415
u_npu_core/u_core/u_vexu/rem_847_G7/u_div/u_add_PartRem_0_6
                                      38.5560      0.0      38.5560      0.0000       0.0000  vexu_EN_RVV1_DW01_add_3414
u_npu_core/u_core/u_vexu/rem_847_G7/u_div/u_add_PartRem_0_7
                                      39.0600      0.0      39.0600      0.0000       0.0000  vexu_EN_RVV1_DW01_add_3413
u_npu_core/u_core/u_vexu/rem_847_G7/u_div/u_add_PartRem_1_1
                                      32.1300      0.0      32.1300      0.0000       0.0000  vexu_EN_RVV1_DW01_add_3426
u_npu_core/u_core/u_vexu/rem_847_G7/u_div/u_add_PartRem_1_2
                                      30.4920      0.0      30.4920      0.0000       0.0000  vexu_EN_RVV1_DW01_add_3425
u_npu_core/u_core/u_vexu/rem_847_G7/u_div/u_add_PartRem_1_3
                                      33.1380      0.0      33.1380      0.0000       0.0000  vexu_EN_RVV1_DW01_add_3424
u_npu_core/u_core/u_vexu/rem_847_G7/u_div/u_add_PartRem_1_4
                                      28.8540      0.0      28.8540      0.0000       0.0000  vexu_EN_RVV1_DW01_add_3423
u_npu_core/u_core/u_vexu/rem_847_G7/u_div/u_add_PartRem_1_5
                                      33.6420      0.0      33.6420      0.0000       0.0000  vexu_EN_RVV1_DW01_add_3422
u_npu_core/u_core/u_vexu/rem_847_G7/u_div/u_add_PartRem_1_6
                                      33.6420      0.0      33.6420      0.0000       0.0000  vexu_EN_RVV1_DW01_add_3421
u_npu_core/u_core/u_vexu/rem_847_G7/u_div/u_add_PartRem_1_7
                                      34.1460      0.0      34.1460      0.0000       0.0000  vexu_EN_RVV1_DW01_add_3420
u_npu_core/u_core/u_vexu/rem_847_G7/u_div/u_add_PartRem_2_1
                                      27.2160      0.0      27.2160      0.0000       0.0000  vexu_EN_RVV1_DW01_add_3433
u_npu_core/u_core/u_vexu/rem_847_G7/u_div/u_add_PartRem_2_2
                                      25.5780      0.0      25.5780      0.0000       0.0000  vexu_EN_RVV1_DW01_add_3432
u_npu_core/u_core/u_vexu/rem_847_G7/u_div/u_add_PartRem_2_3
                                      28.2240      0.0      28.2240      0.0000       0.0000  vexu_EN_RVV1_DW01_add_3431
u_npu_core/u_core/u_vexu/rem_847_G7/u_div/u_add_PartRem_2_4
                                      23.9400      0.0      23.9400      0.0000       0.0000  vexu_EN_RVV1_DW01_add_3430
u_npu_core/u_core/u_vexu/rem_847_G7/u_div/u_add_PartRem_2_5
                                      28.7280      0.0      28.7280      0.0000       0.0000  vexu_EN_RVV1_DW01_add_3429
u_npu_core/u_core/u_vexu/rem_847_G7/u_div/u_add_PartRem_2_6
                                      28.7280      0.0      28.7280      0.0000       0.0000  vexu_EN_RVV1_DW01_add_3428
u_npu_core/u_core/u_vexu/rem_847_G7/u_div/u_add_PartRem_2_7
                                      29.2320      0.0      29.2320      0.0000       0.0000  vexu_EN_RVV1_DW01_add_3427
u_npu_core/u_core/u_vexu/rem_847_G7/u_div/u_add_PartRem_3_1
                                      22.3020      0.0      22.3020      0.0000       0.0000  vexu_EN_RVV1_DW01_add_3440
u_npu_core/u_core/u_vexu/rem_847_G7/u_div/u_add_PartRem_3_2
                                      20.6640      0.0      20.6640      0.0000       0.0000  vexu_EN_RVV1_DW01_add_3439
u_npu_core/u_core/u_vexu/rem_847_G7/u_div/u_add_PartRem_3_3
                                      23.3100      0.0      23.3100      0.0000       0.0000  vexu_EN_RVV1_DW01_add_3438
u_npu_core/u_core/u_vexu/rem_847_G7/u_div/u_add_PartRem_3_4
                                      19.0260      0.0      19.0260      0.0000       0.0000  vexu_EN_RVV1_DW01_add_3437
u_npu_core/u_core/u_vexu/rem_847_G7/u_div/u_add_PartRem_3_5
                                      23.8140      0.0      23.8140      0.0000       0.0000  vexu_EN_RVV1_DW01_add_3436
u_npu_core/u_core/u_vexu/rem_847_G7/u_div/u_add_PartRem_3_6
                                      23.8140      0.0      23.8140      0.0000       0.0000  vexu_EN_RVV1_DW01_add_3435
u_npu_core/u_core/u_vexu/rem_847_G7/u_div/u_add_PartRem_3_7
                                      24.3180      0.0      24.3180      0.0000       0.0000  vexu_EN_RVV1_DW01_add_3434
u_npu_core/u_core/u_vexu/rem_847_G7/u_div/u_add_PartRem_4_1
                                      17.3880      0.0      17.3880      0.0000       0.0000  vexu_EN_RVV1_DW01_add_3447
u_npu_core/u_core/u_vexu/rem_847_G7/u_div/u_add_PartRem_4_2
                                      15.7500      0.0      15.7500      0.0000       0.0000  vexu_EN_RVV1_DW01_add_3446
u_npu_core/u_core/u_vexu/rem_847_G7/u_div/u_add_PartRem_4_3
                                      32.5080      0.0      32.5080      0.0000       0.0000  vexu_EN_RVV1_DW01_add_3380
u_npu_core/u_core/u_vexu/rem_847_G7/u_div/u_add_PartRem_4_4
                                      21.0420      0.0      21.0420      0.0000       0.0000  vexu_EN_RVV1_DW01_add_3381
u_npu_core/u_core/u_vexu/rem_847_G7/u_div/u_add_PartRem_4_5
                                      33.0120      0.0      33.0120      0.0000       0.0000  vexu_EN_RVV1_DW01_add_3382
u_npu_core/u_core/u_vexu/rem_847_G7/u_div/u_add_PartRem_4_6
                                      33.0120      0.0      33.0120      0.0000       0.0000  vexu_EN_RVV1_DW01_add_3383
u_npu_core/u_core/u_vexu/rem_847_G7/u_div/u_add_PartRem_4_7
                                      33.5160      0.0      33.5160      0.0000       0.0000  vexu_EN_RVV1_DW01_add_3384
u_npu_core/u_core/u_vexu/rem_847_G7/u_div/u_add_PartRem_5_1
                                      11.8440      0.0      11.8440      0.0000       0.0000  vexu_EN_RVV1_DW01_add_3371
u_npu_core/u_core/u_vexu/rem_847_G7/u_div/u_inc_RInc
                                      30.8700      0.0      30.8700      0.0000       0.0000  vexu_EN_RVV1_DW_inc_103
u_npu_core/u_core/u_vexu/rem_847_G8/u_div/u_absval_AAbs/NEG
                                      20.7900      0.0      20.7900      0.0000       0.0000  vexu_EN_RVV1_DW01_inc_102
u_npu_core/u_core/u_vexu/rem_847_G8/u_div/u_add_B3
                                      31.6260      0.0      31.6260      0.0000       0.0000  vexu_EN_RVV1_DW01_add_3637
u_npu_core/u_core/u_vexu/rem_847_G8/u_div/u_add_B5
                                      73.5840      0.0      73.5840      0.0000       0.0000  vexu_EN_RVV1_DW01_add_3189
u_npu_core/u_core/u_vexu/rem_847_G8/u_div/u_add_B6
                                      70.0560      0.0      70.0560      0.0000       0.0000  vexu_EN_RVV1_DW01_add_3190
u_npu_core/u_core/u_vexu/rem_847_G8/u_div/u_add_B7
                                      41.7060      0.0      41.7060      0.0000       0.0000  vexu_EN_RVV1_DW01_sub_275
u_npu_core/u_core/u_vexu/rem_847_G8/u_div/u_add_PartRem_0_1
                                      34.5240      0.0      34.5240      0.0000       0.0000  vexu_EN_RVV1_DW01_add_3599
u_npu_core/u_core/u_vexu/rem_847_G8/u_div/u_add_PartRem_0_2
                                      33.1380      0.0      33.1380      0.0000       0.0000  vexu_EN_RVV1_DW01_add_3598
u_npu_core/u_core/u_vexu/rem_847_G8/u_div/u_add_PartRem_0_3
                                      36.9180      0.0      36.9180      0.0000       0.0000  vexu_EN_RVV1_DW01_add_3597
u_npu_core/u_core/u_vexu/rem_847_G8/u_div/u_add_PartRem_0_4
                                      32.6340      0.0      32.6340      0.0000       0.0000  vexu_EN_RVV1_DW01_add_3596
u_npu_core/u_core/u_vexu/rem_847_G8/u_div/u_add_PartRem_0_5
                                      38.5560      0.0      38.5560      0.0000       0.0000  vexu_EN_RVV1_DW01_add_3595
u_npu_core/u_core/u_vexu/rem_847_G8/u_div/u_add_PartRem_0_6
                                      38.5560      0.0      38.5560      0.0000       0.0000  vexu_EN_RVV1_DW01_add_3594
u_npu_core/u_core/u_vexu/rem_847_G8/u_div/u_add_PartRem_0_7
                                      39.0600      0.0      39.0600      0.0000       0.0000  vexu_EN_RVV1_DW01_add_3593
u_npu_core/u_core/u_vexu/rem_847_G8/u_div/u_add_PartRem_1_1
                                      32.1300      0.0      32.1300      0.0000       0.0000  vexu_EN_RVV1_DW01_add_3606
u_npu_core/u_core/u_vexu/rem_847_G8/u_div/u_add_PartRem_1_2
                                      30.4920      0.0      30.4920      0.0000       0.0000  vexu_EN_RVV1_DW01_add_3605
u_npu_core/u_core/u_vexu/rem_847_G8/u_div/u_add_PartRem_1_3
                                      33.1380      0.0      33.1380      0.0000       0.0000  vexu_EN_RVV1_DW01_add_3604
u_npu_core/u_core/u_vexu/rem_847_G8/u_div/u_add_PartRem_1_4
                                      28.8540      0.0      28.8540      0.0000       0.0000  vexu_EN_RVV1_DW01_add_3603
u_npu_core/u_core/u_vexu/rem_847_G8/u_div/u_add_PartRem_1_5
                                      33.6420      0.0      33.6420      0.0000       0.0000  vexu_EN_RVV1_DW01_add_3602
u_npu_core/u_core/u_vexu/rem_847_G8/u_div/u_add_PartRem_1_6
                                      33.6420      0.0      33.6420      0.0000       0.0000  vexu_EN_RVV1_DW01_add_3601
u_npu_core/u_core/u_vexu/rem_847_G8/u_div/u_add_PartRem_1_7
                                      34.1460      0.0      34.1460      0.0000       0.0000  vexu_EN_RVV1_DW01_add_3600
u_npu_core/u_core/u_vexu/rem_847_G8/u_div/u_add_PartRem_2_1
                                      27.2160      0.0      27.2160      0.0000       0.0000  vexu_EN_RVV1_DW01_add_3613
u_npu_core/u_core/u_vexu/rem_847_G8/u_div/u_add_PartRem_2_2
                                      25.5780      0.0      25.5780      0.0000       0.0000  vexu_EN_RVV1_DW01_add_3612
u_npu_core/u_core/u_vexu/rem_847_G8/u_div/u_add_PartRem_2_3
                                      28.2240      0.0      28.2240      0.0000       0.0000  vexu_EN_RVV1_DW01_add_3611
u_npu_core/u_core/u_vexu/rem_847_G8/u_div/u_add_PartRem_2_4
                                      23.9400      0.0      23.9400      0.0000       0.0000  vexu_EN_RVV1_DW01_add_3610
u_npu_core/u_core/u_vexu/rem_847_G8/u_div/u_add_PartRem_2_5
                                      28.7280      0.0      28.7280      0.0000       0.0000  vexu_EN_RVV1_DW01_add_3609
u_npu_core/u_core/u_vexu/rem_847_G8/u_div/u_add_PartRem_2_6
                                      28.7280      0.0      28.7280      0.0000       0.0000  vexu_EN_RVV1_DW01_add_3608
u_npu_core/u_core/u_vexu/rem_847_G8/u_div/u_add_PartRem_2_7
                                      29.2320      0.0      29.2320      0.0000       0.0000  vexu_EN_RVV1_DW01_add_3607
u_npu_core/u_core/u_vexu/rem_847_G8/u_div/u_add_PartRem_3_1
                                      22.3020      0.0      22.3020      0.0000       0.0000  vexu_EN_RVV1_DW01_add_3620
u_npu_core/u_core/u_vexu/rem_847_G8/u_div/u_add_PartRem_3_2
                                      20.6640      0.0      20.6640      0.0000       0.0000  vexu_EN_RVV1_DW01_add_3619
u_npu_core/u_core/u_vexu/rem_847_G8/u_div/u_add_PartRem_3_3
                                      23.3100      0.0      23.3100      0.0000       0.0000  vexu_EN_RVV1_DW01_add_3618
u_npu_core/u_core/u_vexu/rem_847_G8/u_div/u_add_PartRem_3_4
                                      19.0260      0.0      19.0260      0.0000       0.0000  vexu_EN_RVV1_DW01_add_3617
u_npu_core/u_core/u_vexu/rem_847_G8/u_div/u_add_PartRem_3_5
                                      23.8140      0.0      23.8140      0.0000       0.0000  vexu_EN_RVV1_DW01_add_3616
u_npu_core/u_core/u_vexu/rem_847_G8/u_div/u_add_PartRem_3_6
                                      23.8140      0.0      23.8140      0.0000       0.0000  vexu_EN_RVV1_DW01_add_3615
u_npu_core/u_core/u_vexu/rem_847_G8/u_div/u_add_PartRem_3_7
                                      24.3180      0.0      24.3180      0.0000       0.0000  vexu_EN_RVV1_DW01_add_3614
u_npu_core/u_core/u_vexu/rem_847_G8/u_div/u_add_PartRem_4_1
                                      17.3880      0.0      17.3880      0.0000       0.0000  vexu_EN_RVV1_DW01_add_3627
u_npu_core/u_core/u_vexu/rem_847_G8/u_div/u_add_PartRem_4_2
                                      15.7500      0.0      15.7500      0.0000       0.0000  vexu_EN_RVV1_DW01_add_3626
u_npu_core/u_core/u_vexu/rem_847_G8/u_div/u_add_PartRem_4_3
                                      32.5080      0.0      32.5080      0.0000       0.0000  vexu_EN_RVV1_DW01_add_3200
u_npu_core/u_core/u_vexu/rem_847_G8/u_div/u_add_PartRem_4_4
                                      21.0420      0.0      21.0420      0.0000       0.0000  vexu_EN_RVV1_DW01_add_3201
u_npu_core/u_core/u_vexu/rem_847_G8/u_div/u_add_PartRem_4_5
                                      33.0120      0.0      33.0120      0.0000       0.0000  vexu_EN_RVV1_DW01_add_3202
u_npu_core/u_core/u_vexu/rem_847_G8/u_div/u_add_PartRem_4_6
                                      33.0120      0.0      33.0120      0.0000       0.0000  vexu_EN_RVV1_DW01_add_3203
u_npu_core/u_core/u_vexu/rem_847_G8/u_div/u_add_PartRem_4_7
                                      33.5160      0.0      33.5160      0.0000       0.0000  vexu_EN_RVV1_DW01_add_3204
u_npu_core/u_core/u_vexu/rem_847_G8/u_div/u_add_PartRem_5_1
                                      11.8440      0.0      11.8440      0.0000       0.0000  vexu_EN_RVV1_DW01_add_3191
u_npu_core/u_core/u_vexu/rem_847_G8/u_div/u_inc_RInc
                                      30.8700      0.0      30.8700      0.0000       0.0000  vexu_EN_RVV1_DW_inc_95
u_npu_core/u_core/u_vexu/rem_860/u_div/u_add_B3
                                     173.6280      0.0     173.6280      0.0000       0.0000  vexu_EN_RVV1_DW01_add_2034
u_npu_core/u_core/u_vexu/rem_860/u_div/u_add_B5
                                     168.8400      0.0     168.8400      0.0000       0.0000  vexu_EN_RVV1_DW01_add_2035
u_npu_core/u_core/u_vexu/rem_860/u_div/u_add_B6
                                     167.3280      0.0     167.3280      0.0000       0.0000  vexu_EN_RVV1_DW01_add_2036
u_npu_core/u_core/u_vexu/rem_860/u_div/u_add_B7
                                     177.0300      0.0     177.0300      0.0000       0.0000  vexu_EN_RVV1_DW01_sub_247
u_npu_core/u_core/u_vexu/rem_860/u_div/u_add_PartRem_0_1
                                     176.0220      0.0     176.0220      0.0000       0.0000  vexu_EN_RVV1_DW01_add_2107
u_npu_core/u_core/u_vexu/rem_860/u_div/u_add_PartRem_0_2
                                     182.8260      0.0     182.8260      0.0000       0.0000  vexu_EN_RVV1_DW01_add_2108
u_npu_core/u_core/u_vexu/rem_860/u_div/u_add_PartRem_0_3
                                     192.0240      0.0     192.0240      0.0000       0.0000  vexu_EN_RVV1_DW01_add_2109
u_npu_core/u_core/u_vexu/rem_860/u_div/u_add_PartRem_0_4
                                     161.6580      0.0     161.6580      0.0000       0.0000  vexu_EN_RVV1_DW01_add_2110
u_npu_core/u_core/u_vexu/rem_860/u_div/u_add_PartRem_0_5
                                     193.4100      0.0     193.4100      0.0000       0.0000  vexu_EN_RVV1_DW01_add_2111
u_npu_core/u_core/u_vexu/rem_860/u_div/u_add_PartRem_0_6
                                     191.2680      0.0     191.2680      0.0000       0.0000  vexu_EN_RVV1_DW01_add_2112
u_npu_core/u_core/u_vexu/rem_860/u_div/u_add_PartRem_0_7
                                     191.5200      0.0     191.5200      0.0000       0.0000  vexu_EN_RVV1_DW01_add_2113
u_npu_core/u_core/u_vexu/rem_860/u_div/u_add_PartRem_10_1
                                      14.4900      0.0      14.4900      0.0000       0.0000  vexu_EN_RVV1_DW01_add_2037
u_npu_core/u_core/u_vexu/rem_860/u_div/u_add_PartRem_10_2
                                      10.4580      0.0      10.4580      0.0000       0.0000  vexu_EN_RVV1_DW01_add_2038
u_npu_core/u_core/u_vexu/rem_860/u_div/u_add_PartRem_10_3
                                      17.7660      0.0      17.7660      0.0000       0.0000  vexu_EN_RVV1_DW01_add_2039
u_npu_core/u_core/u_vexu/rem_860/u_div/u_add_PartRem_1_1
                                     158.2560      0.0     158.2560      0.0000       0.0000  vexu_EN_RVV1_DW01_add_2100
u_npu_core/u_core/u_vexu/rem_860/u_div/u_add_PartRem_1_2
                                     154.6020      0.0     154.6020      0.0000       0.0000  vexu_EN_RVV1_DW01_add_2101
u_npu_core/u_core/u_vexu/rem_860/u_div/u_add_PartRem_1_3
                                     174.6360      0.0     174.6360      0.0000       0.0000  vexu_EN_RVV1_DW01_add_2102
u_npu_core/u_core/u_vexu/rem_860/u_div/u_add_PartRem_1_4
                                     149.4360      0.0     149.4360      0.0000       0.0000  vexu_EN_RVV1_DW01_add_2103
u_npu_core/u_core/u_vexu/rem_860/u_div/u_add_PartRem_1_5
                                     175.0140      0.0     175.0140      0.0000       0.0000  vexu_EN_RVV1_DW01_add_2104
u_npu_core/u_core/u_vexu/rem_860/u_div/u_add_PartRem_1_6
                                     171.2340      0.0     171.2340      0.0000       0.0000  vexu_EN_RVV1_DW01_add_2105
u_npu_core/u_core/u_vexu/rem_860/u_div/u_add_PartRem_1_7
                                     174.8880      0.0     174.8880      0.0000       0.0000  vexu_EN_RVV1_DW01_add_2106
u_npu_core/u_core/u_vexu/rem_860/u_div/u_add_PartRem_2_1
                                     143.2620      0.0     143.2620      0.0000       0.0000  vexu_EN_RVV1_DW01_add_2093
u_npu_core/u_core/u_vexu/rem_860/u_div/u_add_PartRem_2_2
                                     138.0960      0.0     138.0960      0.0000       0.0000  vexu_EN_RVV1_DW01_add_2094
u_npu_core/u_core/u_vexu/rem_860/u_div/u_add_PartRem_2_3
                                     150.8220      0.0     150.8220      0.0000       0.0000  vexu_EN_RVV1_DW01_add_2095
u_npu_core/u_core/u_vexu/rem_860/u_div/u_add_PartRem_2_4
                                     132.1740      0.0     132.1740      0.0000       0.0000  vexu_EN_RVV1_DW01_add_2096
u_npu_core/u_core/u_vexu/rem_860/u_div/u_add_PartRem_2_5
                                     150.5700      0.0     150.5700      0.0000       0.0000  vexu_EN_RVV1_DW01_add_2097
u_npu_core/u_core/u_vexu/rem_860/u_div/u_add_PartRem_2_6
                                     148.9320      0.0     148.9320      0.0000       0.0000  vexu_EN_RVV1_DW01_add_2098
u_npu_core/u_core/u_vexu/rem_860/u_div/u_add_PartRem_2_7
                                     151.9560      0.0     151.9560      0.0000       0.0000  vexu_EN_RVV1_DW01_add_2099
u_npu_core/u_core/u_vexu/rem_860/u_div/u_add_PartRem_3_1
                                     126.1260      0.0     126.1260      0.0000       0.0000  vexu_EN_RVV1_DW01_add_2086
u_npu_core/u_core/u_vexu/rem_860/u_div/u_add_PartRem_3_2
                                     121.8420      0.0     121.8420      0.0000       0.0000  vexu_EN_RVV1_DW01_add_2087
u_npu_core/u_core/u_vexu/rem_860/u_div/u_add_PartRem_3_3
                                     134.4420      0.0     134.4420      0.0000       0.0000  vexu_EN_RVV1_DW01_add_2088
u_npu_core/u_core/u_vexu/rem_860/u_div/u_add_PartRem_3_4
                                     115.5420      0.0     115.5420      0.0000       0.0000  vexu_EN_RVV1_DW01_add_2089
u_npu_core/u_core/u_vexu/rem_860/u_div/u_add_PartRem_3_5
                                     135.3240      0.0     135.3240      0.0000       0.0000  vexu_EN_RVV1_DW01_add_2090
u_npu_core/u_core/u_vexu/rem_860/u_div/u_add_PartRem_3_6
                                     133.0560      0.0     133.0560      0.0000       0.0000  vexu_EN_RVV1_DW01_add_2091
u_npu_core/u_core/u_vexu/rem_860/u_div/u_add_PartRem_3_7
                                     134.9460      0.0     134.9460      0.0000       0.0000  vexu_EN_RVV1_DW01_add_2092
u_npu_core/u_core/u_vexu/rem_860/u_div/u_add_PartRem_4_1
                                     110.5020      0.0     110.5020      0.0000       0.0000  vexu_EN_RVV1_DW01_add_2079
u_npu_core/u_core/u_vexu/rem_860/u_div/u_add_PartRem_4_2
                                     105.0840      0.0     105.0840      0.0000       0.0000  vexu_EN_RVV1_DW01_add_2080
u_npu_core/u_core/u_vexu/rem_860/u_div/u_add_PartRem_4_3
                                     114.7860      0.0     114.7860      0.0000       0.0000  vexu_EN_RVV1_DW01_add_2081
u_npu_core/u_core/u_vexu/rem_860/u_div/u_add_PartRem_4_4
                                     101.0520      0.0     101.0520      0.0000       0.0000  vexu_EN_RVV1_DW01_add_2082
u_npu_core/u_core/u_vexu/rem_860/u_div/u_add_PartRem_4_5
                                     114.5340      0.0     114.5340      0.0000       0.0000  vexu_EN_RVV1_DW01_add_2083
u_npu_core/u_core/u_vexu/rem_860/u_div/u_add_PartRem_4_6
                                     112.8960      0.0     112.8960      0.0000       0.0000  vexu_EN_RVV1_DW01_add_2084
u_npu_core/u_core/u_vexu/rem_860/u_div/u_add_PartRem_4_7
                                     114.5340      0.0     114.5340      0.0000       0.0000  vexu_EN_RVV1_DW01_add_2085
u_npu_core/u_core/u_vexu/rem_860/u_div/u_add_PartRem_5_1
                                      94.6260      0.0      94.6260      0.0000       0.0000  vexu_EN_RVV1_DW01_add_2072
u_npu_core/u_core/u_vexu/rem_860/u_div/u_add_PartRem_5_2
                                      89.5860      0.0      89.5860      0.0000       0.0000  vexu_EN_RVV1_DW01_add_2073
u_npu_core/u_core/u_vexu/rem_860/u_div/u_add_PartRem_5_3
                                      97.3980      0.0      97.3980      0.0000       0.0000  vexu_EN_RVV1_DW01_add_2074
u_npu_core/u_core/u_vexu/rem_860/u_div/u_add_PartRem_5_4
                                      88.2000      0.0      88.2000      0.0000       0.0000  vexu_EN_RVV1_DW01_add_2075
u_npu_core/u_core/u_vexu/rem_860/u_div/u_add_PartRem_5_5
                                      98.5320      0.0      98.5320      0.0000       0.0000  vexu_EN_RVV1_DW01_add_2076
u_npu_core/u_core/u_vexu/rem_860/u_div/u_add_PartRem_5_6
                                      96.2640      0.0      96.2640      0.0000       0.0000  vexu_EN_RVV1_DW01_add_2077
u_npu_core/u_core/u_vexu/rem_860/u_div/u_add_PartRem_5_7
                                      98.7840      0.0      98.7840      0.0000       0.0000  vexu_EN_RVV1_DW01_add_2078
u_npu_core/u_core/u_vexu/rem_860/u_div/u_add_PartRem_6_1
                                      80.2620      0.0      80.2620      0.0000       0.0000  vexu_EN_RVV1_DW01_add_2065
u_npu_core/u_core/u_vexu/rem_860/u_div/u_add_PartRem_6_2
                                      74.8440      0.0      74.8440      0.0000       0.0000  vexu_EN_RVV1_DW01_add_2066
u_npu_core/u_core/u_vexu/rem_860/u_div/u_add_PartRem_6_3
                                      83.6640      0.0      83.6640      0.0000       0.0000  vexu_EN_RVV1_DW01_add_2067
u_npu_core/u_core/u_vexu/rem_860/u_div/u_add_PartRem_6_4
                                      71.5680      0.0      71.5680      0.0000       0.0000  vexu_EN_RVV1_DW01_add_2068
u_npu_core/u_core/u_vexu/rem_860/u_div/u_add_PartRem_6_5
                                      82.9080      0.0      82.9080      0.0000       0.0000  vexu_EN_RVV1_DW01_add_2069
u_npu_core/u_core/u_vexu/rem_860/u_div/u_add_PartRem_6_6
                                      81.1440      0.0      81.1440      0.0000       0.0000  vexu_EN_RVV1_DW01_add_2070
u_npu_core/u_core/u_vexu/rem_860/u_div/u_add_PartRem_6_7
                                      82.9080      0.0      82.9080      0.0000       0.0000  vexu_EN_RVV1_DW01_add_2071
u_npu_core/u_core/u_vexu/rem_860/u_div/u_add_PartRem_7_1
                                      65.0160      0.0      65.0160      0.0000       0.0000  vexu_EN_RVV1_DW01_add_2058
u_npu_core/u_core/u_vexu/rem_860/u_div/u_add_PartRem_7_2
                                      59.8500      0.0      59.8500      0.0000       0.0000  vexu_EN_RVV1_DW01_add_2059
u_npu_core/u_core/u_vexu/rem_860/u_div/u_add_PartRem_7_3
                                      65.8980      0.0      65.8980      0.0000       0.0000  vexu_EN_RVV1_DW01_add_2060
u_npu_core/u_core/u_vexu/rem_860/u_div/u_add_PartRem_7_4
                                      54.8100      0.0      54.8100      0.0000       0.0000  vexu_EN_RVV1_DW01_add_2061
u_npu_core/u_core/u_vexu/rem_860/u_div/u_add_PartRem_7_5
                                      66.7800      0.0      66.7800      0.0000       0.0000  vexu_EN_RVV1_DW01_add_2062
u_npu_core/u_core/u_vexu/rem_860/u_div/u_add_PartRem_7_6
                                      65.1420      0.0      65.1420      0.0000       0.0000  vexu_EN_RVV1_DW01_add_2063
u_npu_core/u_core/u_vexu/rem_860/u_div/u_add_PartRem_7_7
                                      66.6540      0.0      66.6540      0.0000       0.0000  vexu_EN_RVV1_DW01_add_2064
u_npu_core/u_core/u_vexu/rem_860/u_div/u_add_PartRem_8_1
                                      50.5260      0.0      50.5260      0.0000       0.0000  vexu_EN_RVV1_DW01_add_2051
u_npu_core/u_core/u_vexu/rem_860/u_div/u_add_PartRem_8_2
                                      46.7460      0.0      46.7460      0.0000       0.0000  vexu_EN_RVV1_DW01_add_2052
u_npu_core/u_core/u_vexu/rem_860/u_div/u_add_PartRem_8_3
                                      51.5340      0.0      51.5340      0.0000       0.0000  vexu_EN_RVV1_DW01_add_2053
u_npu_core/u_core/u_vexu/rem_860/u_div/u_add_PartRem_8_4
                                      37.9260      0.0      37.9260      0.0000       0.0000  vexu_EN_RVV1_DW01_add_2054
u_npu_core/u_core/u_vexu/rem_860/u_div/u_add_PartRem_8_5
                                      52.4160      0.0      52.4160      0.0000       0.0000  vexu_EN_RVV1_DW01_add_2055
u_npu_core/u_core/u_vexu/rem_860/u_div/u_add_PartRem_8_6
                                      49.5180      0.0      49.5180      0.0000       0.0000  vexu_EN_RVV1_DW01_add_2056
u_npu_core/u_core/u_vexu/rem_860/u_div/u_add_PartRem_8_7
                                      52.0380      0.0      52.0380      0.0000       0.0000  vexu_EN_RVV1_DW01_add_2057
u_npu_core/u_core/u_vexu/rem_860/u_div/u_add_PartRem_9_1
                                      32.1300      0.0      32.1300      0.0000       0.0000  vexu_EN_RVV1_DW01_add_2044
u_npu_core/u_core/u_vexu/rem_860/u_div/u_add_PartRem_9_2
                                      27.5940      0.0      27.5940      0.0000       0.0000  vexu_EN_RVV1_DW01_add_2045
u_npu_core/u_core/u_vexu/rem_860/u_div/u_add_PartRem_9_3
                                      32.8860      0.0      32.8860      0.0000       0.0000  vexu_EN_RVV1_DW01_add_2046
u_npu_core/u_core/u_vexu/rem_860/u_div/u_add_PartRem_9_4
                                      28.7280      0.0      28.7280      0.0000       0.0000  vexu_EN_RVV1_DW01_add_2047
u_npu_core/u_core/u_vexu/rem_860/u_div/u_add_PartRem_9_5
                                      33.5160      0.0      33.5160      0.0000       0.0000  vexu_EN_RVV1_DW01_add_2048
u_npu_core/u_core/u_vexu/rem_860/u_div/u_add_PartRem_9_6
                                      30.2400      0.0      30.2400      0.0000       0.0000  vexu_EN_RVV1_DW01_add_2049
u_npu_core/u_core/u_vexu/rem_860/u_div/u_add_PartRem_9_7
                                      33.8940      0.0      33.8940      0.0000       0.0000  vexu_EN_RVV1_DW01_add_2050
u_npu_core/u_core/u_vexu/rem_860_G2/u_div/u_add_B3
                                     162.9180      0.0     162.9180      0.0000       0.0000  vexu_EN_RVV1_DW01_add_4547
u_npu_core/u_core/u_vexu/rem_860_G2/u_div/u_add_B5
                                     141.6240      0.0     141.6240      0.0000       0.0000  vexu_EN_RVV1_DW01_add_4544
u_npu_core/u_core/u_vexu/rem_860_G2/u_div/u_add_B6
                                     169.3440      0.0     169.3440      0.0000       0.0000  vexu_EN_RVV1_DW01_add_4542
u_npu_core/u_core/u_vexu/rem_860_G2/u_div/u_add_B7
                                     141.3720      0.0     141.3720      0.0000       0.0000  vexu_EN_RVV1_DW01_sub_293
u_npu_core/u_core/u_vexu/rem_860_G2/u_div/u_add_PartRem_0_1
                                     131.5440      0.0     131.5440      0.0000       0.0000  vexu_EN_RVV1_DW01_add_4550
u_npu_core/u_core/u_vexu/rem_860_G2/u_div/u_add_PartRem_0_2
                                     131.6700      0.0     131.6700      0.0000       0.0000  vexu_EN_RVV1_DW01_add_4549
u_npu_core/u_core/u_vexu/rem_860_G2/u_div/u_add_PartRem_0_3
                                     134.0640      0.0     134.0640      0.0000       0.0000  vexu_EN_RVV1_DW01_add_4548
u_npu_core/u_core/u_vexu/rem_860_G2/u_div/u_add_PartRem_0_4
                                     130.4100      0.0     130.4100      0.0000       0.0000  vexu_EN_RVV1_DW01_add_4546
u_npu_core/u_core/u_vexu/rem_860_G2/u_div/u_add_PartRem_0_5
                                     134.6940      0.0     134.6940      0.0000       0.0000  vexu_EN_RVV1_DW01_add_4545
u_npu_core/u_core/u_vexu/rem_860_G2/u_div/u_add_PartRem_0_6
                                     132.5520      0.0     132.5520      0.0000       0.0000  vexu_EN_RVV1_DW01_add_4543
u_npu_core/u_core/u_vexu/rem_860_G2/u_div/u_add_PartRem_0_7
                                     134.6940      0.0     134.6940      0.0000       0.0000  vexu_EN_RVV1_DW01_add_4541
u_npu_core/u_core/u_vexu/rem_860_G2/u_div/u_add_PartRem_10_1
                                      14.4900      0.0      14.4900      0.0000       0.0000  vexu_EN_RVV1_DW01_add_2117
u_npu_core/u_core/u_vexu/rem_860_G2/u_div/u_add_PartRem_10_2
                                      10.4580      0.0      10.4580      0.0000       0.0000  vexu_EN_RVV1_DW01_add_2118
u_npu_core/u_core/u_vexu/rem_860_G2/u_div/u_add_PartRem_10_3
                                      17.7660      0.0      17.7660      0.0000       0.0000  vexu_EN_RVV1_DW01_add_2119
u_npu_core/u_core/u_vexu/rem_860_G2/u_div/u_add_PartRem_1_1
                                     121.9680      0.0     121.9680      0.0000       0.0000  vexu_EN_RVV1_DW01_add_4557
u_npu_core/u_core/u_vexu/rem_860_G2/u_div/u_add_PartRem_1_2
                                     121.2120      0.0     121.2120      0.0000       0.0000  vexu_EN_RVV1_DW01_add_4556
u_npu_core/u_core/u_vexu/rem_860_G2/u_div/u_add_PartRem_1_3
                                     123.3540      0.0     123.3540      0.0000       0.0000  vexu_EN_RVV1_DW01_add_4555
u_npu_core/u_core/u_vexu/rem_860_G2/u_div/u_add_PartRem_1_4
                                     121.4640      0.0     121.4640      0.0000       0.0000  vexu_EN_RVV1_DW01_add_4554
u_npu_core/u_core/u_vexu/rem_860_G2/u_div/u_add_PartRem_1_5
                                     124.2360      0.0     124.2360      0.0000       0.0000  vexu_EN_RVV1_DW01_add_4553
u_npu_core/u_core/u_vexu/rem_860_G2/u_div/u_add_PartRem_1_6
                                     122.3460      0.0     122.3460      0.0000       0.0000  vexu_EN_RVV1_DW01_add_4552
u_npu_core/u_core/u_vexu/rem_860_G2/u_div/u_add_PartRem_1_7
                                     124.1100      0.0     124.1100      0.0000       0.0000  vexu_EN_RVV1_DW01_add_4551
u_npu_core/u_core/u_vexu/rem_860_G2/u_div/u_add_PartRem_2_1
                                      97.5240      0.0      97.5240      0.0000       0.0000  vexu_EN_RVV1_DW01_add_4564
u_npu_core/u_core/u_vexu/rem_860_G2/u_div/u_add_PartRem_2_2
                                      95.3820      0.0      95.3820      0.0000       0.0000  vexu_EN_RVV1_DW01_add_4563
u_npu_core/u_core/u_vexu/rem_860_G2/u_div/u_add_PartRem_2_3
                                      97.5240      0.0      97.5240      0.0000       0.0000  vexu_EN_RVV1_DW01_add_4562
u_npu_core/u_core/u_vexu/rem_860_G2/u_div/u_add_PartRem_2_4
                                      93.7440      0.0      93.7440      0.0000       0.0000  vexu_EN_RVV1_DW01_add_4561
u_npu_core/u_core/u_vexu/rem_860_G2/u_div/u_add_PartRem_2_5
                                      98.5320      0.0      98.5320      0.0000       0.0000  vexu_EN_RVV1_DW01_add_4560
u_npu_core/u_core/u_vexu/rem_860_G2/u_div/u_add_PartRem_2_6
                                      96.3900      0.0      96.3900      0.0000       0.0000  vexu_EN_RVV1_DW01_add_4559
u_npu_core/u_core/u_vexu/rem_860_G2/u_div/u_add_PartRem_2_7
                                      98.5320      0.0      98.5320      0.0000       0.0000  vexu_EN_RVV1_DW01_add_4558
u_npu_core/u_core/u_vexu/rem_860_G2/u_div/u_add_PartRem_3_1
                                      88.0740      0.0      88.0740      0.0000       0.0000  vexu_EN_RVV1_DW01_add_4571
u_npu_core/u_core/u_vexu/rem_860_G2/u_div/u_add_PartRem_3_2
                                      86.8140      0.0      86.8140      0.0000       0.0000  vexu_EN_RVV1_DW01_add_4570
u_npu_core/u_core/u_vexu/rem_860_G2/u_div/u_add_PartRem_3_3
                                      89.2080      0.0      89.2080      0.0000       0.0000  vexu_EN_RVV1_DW01_add_4569
u_npu_core/u_core/u_vexu/rem_860_G2/u_div/u_add_PartRem_3_4
                                      86.4360      0.0      86.4360      0.0000       0.0000  vexu_EN_RVV1_DW01_add_4568
u_npu_core/u_core/u_vexu/rem_860_G2/u_div/u_add_PartRem_3_5
                                      89.7120      0.0      89.7120      0.0000       0.0000  vexu_EN_RVV1_DW01_add_4567
u_npu_core/u_core/u_vexu/rem_860_G2/u_div/u_add_PartRem_3_6
                                      87.8220      0.0      87.8220      0.0000       0.0000  vexu_EN_RVV1_DW01_add_4566
u_npu_core/u_core/u_vexu/rem_860_G2/u_div/u_add_PartRem_3_7
                                      89.5860      0.0      89.5860      0.0000       0.0000  vexu_EN_RVV1_DW01_add_4565
u_npu_core/u_core/u_vexu/rem_860_G2/u_div/u_add_PartRem_4_1
                                      77.2380      0.0      77.2380      0.0000       0.0000  vexu_EN_RVV1_DW01_add_4578
u_npu_core/u_core/u_vexu/rem_860_G2/u_div/u_add_PartRem_4_2
                                      75.6000      0.0      75.6000      0.0000       0.0000  vexu_EN_RVV1_DW01_add_4577
u_npu_core/u_core/u_vexu/rem_860_G2/u_div/u_add_PartRem_4_3
                                      78.6240      0.0      78.6240      0.0000       0.0000  vexu_EN_RVV1_DW01_add_4576
u_npu_core/u_core/u_vexu/rem_860_G2/u_div/u_add_PartRem_4_4
                                      73.5840      0.0      73.5840      0.0000       0.0000  vexu_EN_RVV1_DW01_add_4575
u_npu_core/u_core/u_vexu/rem_860_G2/u_div/u_add_PartRem_4_5
                                      79.5060      0.0      79.5060      0.0000       0.0000  vexu_EN_RVV1_DW01_add_4574
u_npu_core/u_core/u_vexu/rem_860_G2/u_div/u_add_PartRem_4_6
                                      77.1120      0.0      77.1120      0.0000       0.0000  vexu_EN_RVV1_DW01_add_4573
u_npu_core/u_core/u_vexu/rem_860_G2/u_div/u_add_PartRem_4_7
                                      79.1280      0.0      79.1280      0.0000       0.0000  vexu_EN_RVV1_DW01_add_4572
u_npu_core/u_core/u_vexu/rem_860_G2/u_div/u_add_PartRem_5_1
                                      67.7880      0.0      67.7880      0.0000       0.0000  vexu_EN_RVV1_DW01_add_4585
u_npu_core/u_core/u_vexu/rem_860_G2/u_div/u_add_PartRem_5_2
                                      65.5200      0.0      65.5200      0.0000       0.0000  vexu_EN_RVV1_DW01_add_4584
u_npu_core/u_core/u_vexu/rem_860_G2/u_div/u_add_PartRem_5_3
                                      68.2920      0.0      68.2920      0.0000       0.0000  vexu_EN_RVV1_DW01_add_4583
u_npu_core/u_core/u_vexu/rem_860_G2/u_div/u_add_PartRem_5_4
                                      63.5040      0.0      63.5040      0.0000       0.0000  vexu_EN_RVV1_DW01_add_4582
u_npu_core/u_core/u_vexu/rem_860_G2/u_div/u_add_PartRem_5_5
                                      68.9220      0.0      68.9220      0.0000       0.0000  vexu_EN_RVV1_DW01_add_4581
u_npu_core/u_core/u_vexu/rem_860_G2/u_div/u_add_PartRem_5_6
                                      66.5280      0.0      66.5280      0.0000       0.0000  vexu_EN_RVV1_DW01_add_4580
u_npu_core/u_core/u_vexu/rem_860_G2/u_div/u_add_PartRem_5_7
                                      68.9220      0.0      68.9220      0.0000       0.0000  vexu_EN_RVV1_DW01_add_4579
u_npu_core/u_core/u_vexu/rem_860_G2/u_div/u_add_PartRem_6_1
                                      57.2040      0.0      57.2040      0.0000       0.0000  vexu_EN_RVV1_DW01_add_4592
u_npu_core/u_core/u_vexu/rem_860_G2/u_div/u_add_PartRem_6_2
                                      55.6920      0.0      55.6920      0.0000       0.0000  vexu_EN_RVV1_DW01_add_4591
u_npu_core/u_core/u_vexu/rem_860_G2/u_div/u_add_PartRem_6_3
                                      58.5900      0.0      58.5900      0.0000       0.0000  vexu_EN_RVV1_DW01_add_4590
u_npu_core/u_core/u_vexu/rem_860_G2/u_div/u_add_PartRem_6_4
                                      54.5580      0.0      54.5580      0.0000       0.0000  vexu_EN_RVV1_DW01_add_4589
u_npu_core/u_core/u_vexu/rem_860_G2/u_div/u_add_PartRem_6_5
                                      59.0940      0.0      59.0940      0.0000       0.0000  vexu_EN_RVV1_DW01_add_4588
u_npu_core/u_core/u_vexu/rem_860_G2/u_div/u_add_PartRem_6_6
                                      56.5740      0.0      56.5740      0.0000       0.0000  vexu_EN_RVV1_DW01_add_4587
u_npu_core/u_core/u_vexu/rem_860_G2/u_div/u_add_PartRem_6_7
                                      59.0940      0.0      59.0940      0.0000       0.0000  vexu_EN_RVV1_DW01_add_4586
u_npu_core/u_core/u_vexu/rem_860_G2/u_div/u_add_PartRem_7_1
                                      47.2500      0.0      47.2500      0.0000       0.0000  vexu_EN_RVV1_DW01_add_4599
u_npu_core/u_core/u_vexu/rem_860_G2/u_div/u_add_PartRem_7_2
                                      45.9900      0.0      45.9900      0.0000       0.0000  vexu_EN_RVV1_DW01_add_4598
u_npu_core/u_core/u_vexu/rem_860_G2/u_div/u_add_PartRem_7_3
                                      48.6360      0.0      48.6360      0.0000       0.0000  vexu_EN_RVV1_DW01_add_4597
u_npu_core/u_core/u_vexu/rem_860_G2/u_div/u_add_PartRem_7_4
                                      43.9740      0.0      43.9740      0.0000       0.0000  vexu_EN_RVV1_DW01_add_4596
u_npu_core/u_core/u_vexu/rem_860_G2/u_div/u_add_PartRem_7_5
                                      49.1400      0.0      49.1400      0.0000       0.0000  vexu_EN_RVV1_DW01_add_4595
u_npu_core/u_core/u_vexu/rem_860_G2/u_div/u_add_PartRem_7_6
                                      46.6200      0.0      46.6200      0.0000       0.0000  vexu_EN_RVV1_DW01_add_4594
u_npu_core/u_core/u_vexu/rem_860_G2/u_div/u_add_PartRem_7_7
                                      49.1400      0.0      49.1400      0.0000       0.0000  vexu_EN_RVV1_DW01_add_4593
u_npu_core/u_core/u_vexu/rem_860_G2/u_div/u_add_PartRem_8_1
                                      50.9040      0.0      50.9040      0.0000       0.0000  vexu_EN_RVV1_DW01_add_2131
u_npu_core/u_core/u_vexu/rem_860_G2/u_div/u_add_PartRem_8_2
                                      36.4140      0.0      36.4140      0.0000       0.0000  vexu_EN_RVV1_DW01_add_4605
u_npu_core/u_core/u_vexu/rem_860_G2/u_div/u_add_PartRem_8_3
                                      38.6820      0.0      38.6820      0.0000       0.0000  vexu_EN_RVV1_DW01_add_4604
u_npu_core/u_core/u_vexu/rem_860_G2/u_div/u_add_PartRem_8_4
                                      34.9020      0.0      34.9020      0.0000       0.0000  vexu_EN_RVV1_DW01_add_4603
u_npu_core/u_core/u_vexu/rem_860_G2/u_div/u_add_PartRem_8_5
                                      39.1860      0.0      39.1860      0.0000       0.0000  vexu_EN_RVV1_DW01_add_4602
u_npu_core/u_core/u_vexu/rem_860_G2/u_div/u_add_PartRem_8_6
                                      37.0440      0.0      37.0440      0.0000       0.0000  vexu_EN_RVV1_DW01_add_4601
u_npu_core/u_core/u_vexu/rem_860_G2/u_div/u_add_PartRem_8_7
                                      39.1860      0.0      39.1860      0.0000       0.0000  vexu_EN_RVV1_DW01_add_4600
u_npu_core/u_core/u_vexu/rem_860_G2/u_div/u_add_PartRem_9_1
                                      32.6340      0.0      32.6340      0.0000       0.0000  vexu_EN_RVV1_DW01_add_2124
u_npu_core/u_core/u_vexu/rem_860_G2/u_div/u_add_PartRem_9_2
                                      26.2080      0.0      26.2080      0.0000       0.0000  vexu_EN_RVV1_DW01_add_4612
u_npu_core/u_core/u_vexu/rem_860_G2/u_div/u_add_PartRem_9_3
                                      30.3660      0.0      30.3660      0.0000       0.0000  vexu_EN_RVV1_DW01_add_4611
u_npu_core/u_core/u_vexu/rem_860_G2/u_div/u_add_PartRem_9_4
                                      28.3500      0.0      28.3500      0.0000       0.0000  vexu_EN_RVV1_DW01_add_2127
u_npu_core/u_core/u_vexu/rem_860_G2/u_div/u_add_PartRem_9_5
                                      29.3580      0.0      29.3580      0.0000       0.0000  vexu_EN_RVV1_DW01_add_4609
u_npu_core/u_core/u_vexu/rem_860_G2/u_div/u_add_PartRem_9_6
                                      27.4680      0.0      27.4680      0.0000       0.0000  vexu_EN_RVV1_DW01_add_4608
u_npu_core/u_core/u_vexu/rem_860_G2/u_div/u_add_PartRem_9_7
                                      29.3580      0.0      29.3580      0.0000       0.0000  vexu_EN_RVV1_DW01_add_4607
u_npu_core/u_core/u_vexu/rem_860_G3/u_div/u_add_B3
                                     141.2460      0.0     141.2460      0.0000       0.0000  vexu_EN_RVV1_DW01_add_4387
u_npu_core/u_core/u_vexu/rem_860_G3/u_div/u_add_B5
                                     134.4420      0.0     134.4420      0.0000       0.0000  vexu_EN_RVV1_DW01_add_4384
u_npu_core/u_core/u_vexu/rem_860_G3/u_div/u_add_B6
                                     138.6000      0.0     138.6000      0.0000       0.0000  vexu_EN_RVV1_DW01_add_4382
u_npu_core/u_core/u_vexu/rem_860_G3/u_div/u_add_B7
                                     150.6960      0.0     150.6960      0.0000       0.0000  vexu_EN_RVV1_DW01_sub_291
u_npu_core/u_core/u_vexu/rem_860_G3/u_div/u_add_PartRem_0_1
                                     131.1660      0.0     131.1660      0.0000       0.0000  vexu_EN_RVV1_DW01_add_4390
u_npu_core/u_core/u_vexu/rem_860_G3/u_div/u_add_PartRem_0_2
                                     130.6620      0.0     130.6620      0.0000       0.0000  vexu_EN_RVV1_DW01_add_4389
u_npu_core/u_core/u_vexu/rem_860_G3/u_div/u_add_PartRem_0_3
                                     133.3080      0.0     133.3080      0.0000       0.0000  vexu_EN_RVV1_DW01_add_4388
u_npu_core/u_core/u_vexu/rem_860_G3/u_div/u_add_PartRem_0_4
                                     130.6620      0.0     130.6620      0.0000       0.0000  vexu_EN_RVV1_DW01_add_4386
u_npu_core/u_core/u_vexu/rem_860_G3/u_div/u_add_PartRem_0_5
                                     134.0640      0.0     134.0640      0.0000       0.0000  vexu_EN_RVV1_DW01_add_4385
u_npu_core/u_core/u_vexu/rem_860_G3/u_div/u_add_PartRem_0_6
                                     132.3000      0.0     132.3000      0.0000       0.0000  vexu_EN_RVV1_DW01_add_4383
u_npu_core/u_core/u_vexu/rem_860_G3/u_div/u_add_PartRem_0_7
                                     134.0640      0.0     134.0640      0.0000       0.0000  vexu_EN_RVV1_DW01_add_4381
u_npu_core/u_core/u_vexu/rem_860_G3/u_div/u_add_PartRem_10_1
                                      14.4900      0.0      14.4900      0.0000       0.0000  vexu_EN_RVV1_DW01_add_2277
u_npu_core/u_core/u_vexu/rem_860_G3/u_div/u_add_PartRem_10_2
                                       9.9540      0.0       9.9540      0.0000       0.0000  vexu_EN_RVV1_DW01_add_2278
u_npu_core/u_core/u_vexu/rem_860_G3/u_div/u_add_PartRem_10_3
                                      17.7660      0.0      17.7660      0.0000       0.0000  vexu_EN_RVV1_DW01_add_2279
u_npu_core/u_core/u_vexu/rem_860_G3/u_div/u_add_PartRem_1_1
                                     106.7220      0.0     106.7220      0.0000       0.0000  vexu_EN_RVV1_DW01_add_4397
u_npu_core/u_core/u_vexu/rem_860_G3/u_div/u_add_PartRem_1_2
                                     106.0920      0.0     106.0920      0.0000       0.0000  vexu_EN_RVV1_DW01_add_4396
u_npu_core/u_core/u_vexu/rem_860_G3/u_div/u_add_PartRem_1_3
                                     112.2660      0.0     112.2660      0.0000       0.0000  vexu_EN_RVV1_DW01_add_4395
u_npu_core/u_core/u_vexu/rem_860_G3/u_div/u_add_PartRem_1_4
                                     107.8560      0.0     107.8560      0.0000       0.0000  vexu_EN_RVV1_DW01_add_4394
u_npu_core/u_core/u_vexu/rem_860_G3/u_div/u_add_PartRem_1_5
                                     116.9280      0.0     116.9280      0.0000       0.0000  vexu_EN_RVV1_DW01_add_4393
u_npu_core/u_core/u_vexu/rem_860_G3/u_div/u_add_PartRem_1_6
                                     113.9040      0.0     113.9040      0.0000       0.0000  vexu_EN_RVV1_DW01_add_4392
u_npu_core/u_core/u_vexu/rem_860_G3/u_div/u_add_PartRem_1_7
                                     116.9280      0.0     116.9280      0.0000       0.0000  vexu_EN_RVV1_DW01_add_4391
u_npu_core/u_core/u_vexu/rem_860_G3/u_div/u_add_PartRem_2_1
                                      97.5240      0.0      97.5240      0.0000       0.0000  vexu_EN_RVV1_DW01_add_4404
u_npu_core/u_core/u_vexu/rem_860_G3/u_div/u_add_PartRem_2_2
                                      95.3820      0.0      95.3820      0.0000       0.0000  vexu_EN_RVV1_DW01_add_4403
u_npu_core/u_core/u_vexu/rem_860_G3/u_div/u_add_PartRem_2_3
                                      97.5240      0.0      97.5240      0.0000       0.0000  vexu_EN_RVV1_DW01_add_4402
u_npu_core/u_core/u_vexu/rem_860_G3/u_div/u_add_PartRem_2_4
                                      94.5000      0.0      94.5000      0.0000       0.0000  vexu_EN_RVV1_DW01_add_4401
u_npu_core/u_core/u_vexu/rem_860_G3/u_div/u_add_PartRem_2_5
                                      98.5320      0.0      98.5320      0.0000       0.0000  vexu_EN_RVV1_DW01_add_4400
u_npu_core/u_core/u_vexu/rem_860_G3/u_div/u_add_PartRem_2_6
                                      96.3900      0.0      96.3900      0.0000       0.0000  vexu_EN_RVV1_DW01_add_4399
u_npu_core/u_core/u_vexu/rem_860_G3/u_div/u_add_PartRem_2_7
                                      98.5320      0.0      98.5320      0.0000       0.0000  vexu_EN_RVV1_DW01_add_4398
u_npu_core/u_core/u_vexu/rem_860_G3/u_div/u_add_PartRem_3_1
                                      87.4440      0.0      87.4440      0.0000       0.0000  vexu_EN_RVV1_DW01_add_4411
u_npu_core/u_core/u_vexu/rem_860_G3/u_div/u_add_PartRem_3_2
                                      86.5620      0.0      86.5620      0.0000       0.0000  vexu_EN_RVV1_DW01_add_4410
u_npu_core/u_core/u_vexu/rem_860_G3/u_div/u_add_PartRem_3_3
                                      88.0740      0.0      88.0740      0.0000       0.0000  vexu_EN_RVV1_DW01_add_4409
u_npu_core/u_core/u_vexu/rem_860_G3/u_div/u_add_PartRem_3_4
                                      85.4280      0.0      85.4280      0.0000       0.0000  vexu_EN_RVV1_DW01_add_4408
u_npu_core/u_core/u_vexu/rem_860_G3/u_div/u_add_PartRem_3_5
                                      88.9560      0.0      88.9560      0.0000       0.0000  vexu_EN_RVV1_DW01_add_4407
u_npu_core/u_core/u_vexu/rem_860_G3/u_div/u_add_PartRem_3_6
                                      87.8220      0.0      87.8220      0.0000       0.0000  vexu_EN_RVV1_DW01_add_4406
u_npu_core/u_core/u_vexu/rem_860_G3/u_div/u_add_PartRem_3_7
                                      88.9560      0.0      88.9560      0.0000       0.0000  vexu_EN_RVV1_DW01_add_4405
u_npu_core/u_core/u_vexu/rem_860_G3/u_div/u_add_PartRem_4_1
                                      77.9940      0.0      77.9940      0.0000       0.0000  vexu_EN_RVV1_DW01_add_4418
u_npu_core/u_core/u_vexu/rem_860_G3/u_div/u_add_PartRem_4_2
                                      75.9780      0.0      75.9780      0.0000       0.0000  vexu_EN_RVV1_DW01_add_4417
u_npu_core/u_core/u_vexu/rem_860_G3/u_div/u_add_PartRem_4_3
                                      78.2460      0.0      78.2460      0.0000       0.0000  vexu_EN_RVV1_DW01_add_4416
u_npu_core/u_core/u_vexu/rem_860_G3/u_div/u_add_PartRem_4_4
                                      74.5920      0.0      74.5920      0.0000       0.0000  vexu_EN_RVV1_DW01_add_4415
u_npu_core/u_core/u_vexu/rem_860_G3/u_div/u_add_PartRem_4_5
                                      78.7500      0.0      78.7500      0.0000       0.0000  vexu_EN_RVV1_DW01_add_4414
u_npu_core/u_core/u_vexu/rem_860_G3/u_div/u_add_PartRem_4_6
                                      76.9860      0.0      76.9860      0.0000       0.0000  vexu_EN_RVV1_DW01_add_4413
u_npu_core/u_core/u_vexu/rem_860_G3/u_div/u_add_PartRem_4_7
                                      78.7500      0.0      78.7500      0.0000       0.0000  vexu_EN_RVV1_DW01_add_4412
u_npu_core/u_core/u_vexu/rem_860_G3/u_div/u_add_PartRem_5_1
                                      67.4100      0.0      67.4100      0.0000       0.0000  vexu_EN_RVV1_DW01_add_4425
u_npu_core/u_core/u_vexu/rem_860_G3/u_div/u_add_PartRem_5_2
                                      66.0240      0.0      66.0240      0.0000       0.0000  vexu_EN_RVV1_DW01_add_4424
u_npu_core/u_core/u_vexu/rem_860_G3/u_div/u_add_PartRem_5_3
                                      68.4180      0.0      68.4180      0.0000       0.0000  vexu_EN_RVV1_DW01_add_4423
u_npu_core/u_core/u_vexu/rem_860_G3/u_div/u_add_PartRem_5_4
                                      63.5040      0.0      63.5040      0.0000       0.0000  vexu_EN_RVV1_DW01_add_4422
u_npu_core/u_core/u_vexu/rem_860_G3/u_div/u_add_PartRem_5_5
                                      68.5440      0.0      68.5440      0.0000       0.0000  vexu_EN_RVV1_DW01_add_4421
u_npu_core/u_core/u_vexu/rem_860_G3/u_div/u_add_PartRem_5_6
                                      66.7800      0.0      66.7800      0.0000       0.0000  vexu_EN_RVV1_DW01_add_4420
u_npu_core/u_core/u_vexu/rem_860_G3/u_div/u_add_PartRem_5_7
                                      68.5440      0.0      68.5440      0.0000       0.0000  vexu_EN_RVV1_DW01_add_4419
u_npu_core/u_core/u_vexu/rem_860_G3/u_div/u_add_PartRem_6_1
                                      57.2040      0.0      57.2040      0.0000       0.0000  vexu_EN_RVV1_DW01_add_4432
u_npu_core/u_core/u_vexu/rem_860_G3/u_div/u_add_PartRem_6_2
                                      55.5660      0.0      55.5660      0.0000       0.0000  vexu_EN_RVV1_DW01_add_4431
u_npu_core/u_core/u_vexu/rem_860_G3/u_div/u_add_PartRem_6_3
                                      58.2120      0.0      58.2120      0.0000       0.0000  vexu_EN_RVV1_DW01_add_4430
u_npu_core/u_core/u_vexu/rem_860_G3/u_div/u_add_PartRem_6_4
                                      53.6760      0.0      53.6760      0.0000       0.0000  vexu_EN_RVV1_DW01_add_4429
u_npu_core/u_core/u_vexu/rem_860_G3/u_div/u_add_PartRem_6_5
                                      59.0940      0.0      59.0940      0.0000       0.0000  vexu_EN_RVV1_DW01_add_4428
u_npu_core/u_core/u_vexu/rem_860_G3/u_div/u_add_PartRem_6_6
                                      56.5740      0.0      56.5740      0.0000       0.0000  vexu_EN_RVV1_DW01_add_4427
u_npu_core/u_core/u_vexu/rem_860_G3/u_div/u_add_PartRem_6_7
                                      59.0940      0.0      59.0940      0.0000       0.0000  vexu_EN_RVV1_DW01_add_4426
u_npu_core/u_core/u_vexu/rem_860_G3/u_div/u_add_PartRem_7_1
                                      65.6460      0.0      65.6460      0.0000       0.0000  vexu_EN_RVV1_DW01_add_2298
u_npu_core/u_core/u_vexu/rem_860_G3/u_div/u_add_PartRem_7_2
                                      45.9900      0.0      45.9900      0.0000       0.0000  vexu_EN_RVV1_DW01_add_4438
u_npu_core/u_core/u_vexu/rem_860_G3/u_div/u_add_PartRem_7_3
                                      48.6360      0.0      48.6360      0.0000       0.0000  vexu_EN_RVV1_DW01_add_4437
u_npu_core/u_core/u_vexu/rem_860_G3/u_div/u_add_PartRem_7_4
                                      43.9740      0.0      43.9740      0.0000       0.0000  vexu_EN_RVV1_DW01_add_4436
u_npu_core/u_core/u_vexu/rem_860_G3/u_div/u_add_PartRem_7_5
                                      49.1400      0.0      49.1400      0.0000       0.0000  vexu_EN_RVV1_DW01_add_4435
u_npu_core/u_core/u_vexu/rem_860_G3/u_div/u_add_PartRem_7_6
                                      46.6200      0.0      46.6200      0.0000       0.0000  vexu_EN_RVV1_DW01_add_4434
u_npu_core/u_core/u_vexu/rem_860_G3/u_div/u_add_PartRem_7_7
                                      49.5180      0.0      49.5180      0.0000       0.0000  vexu_EN_RVV1_DW01_add_4433
u_npu_core/u_core/u_vexu/rem_860_G3/u_div/u_add_PartRem_8_1
                                      50.5260      0.0      50.5260      0.0000       0.0000  vexu_EN_RVV1_DW01_add_2291
u_npu_core/u_core/u_vexu/rem_860_G3/u_div/u_add_PartRem_8_2
                                      36.4140      0.0      36.4140      0.0000       0.0000  vexu_EN_RVV1_DW01_add_4445
u_npu_core/u_core/u_vexu/rem_860_G3/u_div/u_add_PartRem_8_3
                                      38.6820      0.0      38.6820      0.0000       0.0000  vexu_EN_RVV1_DW01_add_4444
u_npu_core/u_core/u_vexu/rem_860_G3/u_div/u_add_PartRem_8_4
                                      37.2960      0.0      37.2960      0.0000       0.0000  vexu_EN_RVV1_DW01_add_2294
u_npu_core/u_core/u_vexu/rem_860_G3/u_div/u_add_PartRem_8_5
                                      39.5640      0.0      39.5640      0.0000       0.0000  vexu_EN_RVV1_DW01_add_4442
u_npu_core/u_core/u_vexu/rem_860_G3/u_div/u_add_PartRem_8_6
                                      37.0440      0.0      37.0440      0.0000       0.0000  vexu_EN_RVV1_DW01_add_4441
u_npu_core/u_core/u_vexu/rem_860_G3/u_div/u_add_PartRem_8_7
                                      39.5640      0.0      39.5640      0.0000       0.0000  vexu_EN_RVV1_DW01_add_4440
u_npu_core/u_core/u_vexu/rem_860_G3/u_div/u_add_PartRem_9_1
                                      28.6020      0.0      28.6020      0.0000       0.0000  vexu_EN_RVV1_DW01_add_4453
u_npu_core/u_core/u_vexu/rem_860_G3/u_div/u_add_PartRem_9_2
                                      27.3420      0.0      27.3420      0.0000       0.0000  vexu_EN_RVV1_DW01_add_4452
u_npu_core/u_core/u_vexu/rem_860_G3/u_div/u_add_PartRem_9_3
                                      28.8540      0.0      28.8540      0.0000       0.0000  vexu_EN_RVV1_DW01_add_4451
u_npu_core/u_core/u_vexu/rem_860_G3/u_div/u_add_PartRem_9_4
                                      28.7280      0.0      28.7280      0.0000       0.0000  vexu_EN_RVV1_DW01_add_2287
u_npu_core/u_core/u_vexu/rem_860_G3/u_div/u_add_PartRem_9_5
                                      29.7360      0.0      29.7360      0.0000       0.0000  vexu_EN_RVV1_DW01_add_4449
u_npu_core/u_core/u_vexu/rem_860_G3/u_div/u_add_PartRem_9_6
                                      27.5940      0.0      27.5940      0.0000       0.0000  vexu_EN_RVV1_DW01_add_4448
u_npu_core/u_core/u_vexu/rem_860_G3/u_div/u_add_PartRem_9_7
                                      29.7360      0.0      29.7360      0.0000       0.0000  vexu_EN_RVV1_DW01_add_4447
u_npu_core/u_core/u_vexu/rem_860_G4/u_div/u_add_B3
                                     159.2640      0.0     159.2640      0.0000       0.0000  vexu_EN_RVV1_DW01_add_4467
u_npu_core/u_core/u_vexu/rem_860_G4/u_div/u_add_B5
                                     135.0720      0.0     135.0720      0.0000       0.0000  vexu_EN_RVV1_DW01_add_4464
u_npu_core/u_core/u_vexu/rem_860_G4/u_div/u_add_B6
                                     138.4740      0.0     138.4740      0.0000       0.0000  vexu_EN_RVV1_DW01_add_4462
u_npu_core/u_core/u_vexu/rem_860_G4/u_div/u_add_B7
                                     150.8220      0.0     150.8220      0.0000       0.0000  vexu_EN_RVV1_DW01_sub_292
u_npu_core/u_core/u_vexu/rem_860_G4/u_div/u_add_PartRem_0_1
                                     131.1660      0.0     131.1660      0.0000       0.0000  vexu_EN_RVV1_DW01_add_4470
u_npu_core/u_core/u_vexu/rem_860_G4/u_div/u_add_PartRem_0_2
                                     131.6700      0.0     131.6700      0.0000       0.0000  vexu_EN_RVV1_DW01_add_4469
u_npu_core/u_core/u_vexu/rem_860_G4/u_div/u_add_PartRem_0_3
                                     133.9380      0.0     133.9380      0.0000       0.0000  vexu_EN_RVV1_DW01_add_4468
u_npu_core/u_core/u_vexu/rem_860_G4/u_div/u_add_PartRem_0_4
                                     131.0400      0.0     131.0400      0.0000       0.0000  vexu_EN_RVV1_DW01_add_4466
u_npu_core/u_core/u_vexu/rem_860_G4/u_div/u_add_PartRem_0_5
                                     134.3160      0.0     134.3160      0.0000       0.0000  vexu_EN_RVV1_DW01_add_4465
u_npu_core/u_core/u_vexu/rem_860_G4/u_div/u_add_PartRem_0_6
                                     132.6780      0.0     132.6780      0.0000       0.0000  vexu_EN_RVV1_DW01_add_4463
u_npu_core/u_core/u_vexu/rem_860_G4/u_div/u_add_PartRem_0_7
                                     134.3160      0.0     134.3160      0.0000       0.0000  vexu_EN_RVV1_DW01_add_4461
u_npu_core/u_core/u_vexu/rem_860_G4/u_div/u_add_PartRem_10_1
                                      14.4900      0.0      14.4900      0.0000       0.0000  vexu_EN_RVV1_DW01_add_2197
u_npu_core/u_core/u_vexu/rem_860_G4/u_div/u_add_PartRem_10_2
                                       9.9540      0.0       9.9540      0.0000       0.0000  vexu_EN_RVV1_DW01_add_2198
u_npu_core/u_core/u_vexu/rem_860_G4/u_div/u_add_PartRem_10_3
                                      17.7660      0.0      17.7660      0.0000       0.0000  vexu_EN_RVV1_DW01_add_2199
u_npu_core/u_core/u_vexu/rem_860_G4/u_div/u_add_PartRem_1_1
                                     109.8720      0.0     109.8720      0.0000       0.0000  vexu_EN_RVV1_DW01_add_4477
u_npu_core/u_core/u_vexu/rem_860_G4/u_div/u_add_PartRem_1_2
                                     108.7380      0.0     108.7380      0.0000       0.0000  vexu_EN_RVV1_DW01_add_4476
u_npu_core/u_core/u_vexu/rem_860_G4/u_div/u_add_PartRem_1_3
                                     117.3060      0.0     117.3060      0.0000       0.0000  vexu_EN_RVV1_DW01_add_4475
u_npu_core/u_core/u_vexu/rem_860_G4/u_div/u_add_PartRem_1_4
                                     114.0300      0.0     114.0300      0.0000       0.0000  vexu_EN_RVV1_DW01_add_4474
u_npu_core/u_core/u_vexu/rem_860_G4/u_div/u_add_PartRem_1_5
                                     119.8260      0.0     119.8260      0.0000       0.0000  vexu_EN_RVV1_DW01_add_4473
u_npu_core/u_core/u_vexu/rem_860_G4/u_div/u_add_PartRem_1_6
                                     117.4320      0.0     117.4320      0.0000       0.0000  vexu_EN_RVV1_DW01_add_4472
u_npu_core/u_core/u_vexu/rem_860_G4/u_div/u_add_PartRem_1_7
                                     124.6140      0.0     124.6140      0.0000       0.0000  vexu_EN_RVV1_DW01_add_4471
u_npu_core/u_core/u_vexu/rem_860_G4/u_div/u_add_PartRem_2_1
                                      97.5240      0.0      97.5240      0.0000       0.0000  vexu_EN_RVV1_DW01_add_4484
u_npu_core/u_core/u_vexu/rem_860_G4/u_div/u_add_PartRem_2_2
                                      95.3820      0.0      95.3820      0.0000       0.0000  vexu_EN_RVV1_DW01_add_4483
u_npu_core/u_core/u_vexu/rem_860_G4/u_div/u_add_PartRem_2_3
                                      97.5240      0.0      97.5240      0.0000       0.0000  vexu_EN_RVV1_DW01_add_4482
u_npu_core/u_core/u_vexu/rem_860_G4/u_div/u_add_PartRem_2_4
                                      94.2480      0.0      94.2480      0.0000       0.0000  vexu_EN_RVV1_DW01_add_4481
u_npu_core/u_core/u_vexu/rem_860_G4/u_div/u_add_PartRem_2_5
                                      98.5320      0.0      98.5320      0.0000       0.0000  vexu_EN_RVV1_DW01_add_4480
u_npu_core/u_core/u_vexu/rem_860_G4/u_div/u_add_PartRem_2_6
                                      96.3900      0.0      96.3900      0.0000       0.0000  vexu_EN_RVV1_DW01_add_4479
u_npu_core/u_core/u_vexu/rem_860_G4/u_div/u_add_PartRem_2_7
                                      98.5320      0.0      98.5320      0.0000       0.0000  vexu_EN_RVV1_DW01_add_4478
u_npu_core/u_core/u_vexu/rem_860_G4/u_div/u_add_PartRem_3_1
                                      87.0660      0.0      87.0660      0.0000       0.0000  vexu_EN_RVV1_DW01_add_4491
u_npu_core/u_core/u_vexu/rem_860_G4/u_div/u_add_PartRem_3_2
                                      87.0660      0.0      87.0660      0.0000       0.0000  vexu_EN_RVV1_DW01_add_4490
u_npu_core/u_core/u_vexu/rem_860_G4/u_div/u_add_PartRem_3_3
                                      88.0740      0.0      88.0740      0.0000       0.0000  vexu_EN_RVV1_DW01_add_4489
u_npu_core/u_core/u_vexu/rem_860_G4/u_div/u_add_PartRem_3_4
                                      85.8060      0.0      85.8060      0.0000       0.0000  vexu_EN_RVV1_DW01_add_4488
u_npu_core/u_core/u_vexu/rem_860_G4/u_div/u_add_PartRem_3_5
                                      89.3340      0.0      89.3340      0.0000       0.0000  vexu_EN_RVV1_DW01_add_4487
u_npu_core/u_core/u_vexu/rem_860_G4/u_div/u_add_PartRem_3_6
                                      87.4440      0.0      87.4440      0.0000       0.0000  vexu_EN_RVV1_DW01_add_4486
u_npu_core/u_core/u_vexu/rem_860_G4/u_div/u_add_PartRem_3_7
                                      88.5780      0.0      88.5780      0.0000       0.0000  vexu_EN_RVV1_DW01_add_4485
u_npu_core/u_core/u_vexu/rem_860_G4/u_div/u_add_PartRem_4_1
                                      78.1200      0.0      78.1200      0.0000       0.0000  vexu_EN_RVV1_DW01_add_4498
u_npu_core/u_core/u_vexu/rem_860_G4/u_div/u_add_PartRem_4_2
                                      75.6000      0.0      75.6000      0.0000       0.0000  vexu_EN_RVV1_DW01_add_4497
u_npu_core/u_core/u_vexu/rem_860_G4/u_div/u_add_PartRem_4_3
                                      78.2460      0.0      78.2460      0.0000       0.0000  vexu_EN_RVV1_DW01_add_4496
u_npu_core/u_core/u_vexu/rem_860_G4/u_div/u_add_PartRem_4_4
                                      73.7100      0.0      73.7100      0.0000       0.0000  vexu_EN_RVV1_DW01_add_4495
u_npu_core/u_core/u_vexu/rem_860_G4/u_div/u_add_PartRem_4_5
                                      78.7500      0.0      78.7500      0.0000       0.0000  vexu_EN_RVV1_DW01_add_4494
u_npu_core/u_core/u_vexu/rem_860_G4/u_div/u_add_PartRem_4_6
                                      76.6080      0.0      76.6080      0.0000       0.0000  vexu_EN_RVV1_DW01_add_4493
u_npu_core/u_core/u_vexu/rem_860_G4/u_div/u_add_PartRem_4_7
                                      79.6320      0.0      79.6320      0.0000       0.0000  vexu_EN_RVV1_DW01_add_4492
u_npu_core/u_core/u_vexu/rem_860_G4/u_div/u_add_PartRem_5_1
                                      67.9140      0.0      67.9140      0.0000       0.0000  vexu_EN_RVV1_DW01_add_4505
u_npu_core/u_core/u_vexu/rem_860_G4/u_div/u_add_PartRem_5_2
                                      65.7720      0.0      65.7720      0.0000       0.0000  vexu_EN_RVV1_DW01_add_4504
u_npu_core/u_core/u_vexu/rem_860_G4/u_div/u_add_PartRem_5_3
                                      68.4180      0.0      68.4180      0.0000       0.0000  vexu_EN_RVV1_DW01_add_4503
u_npu_core/u_core/u_vexu/rem_860_G4/u_div/u_add_PartRem_5_4
                                      64.0080      0.0      64.0080      0.0000       0.0000  vexu_EN_RVV1_DW01_add_4502
u_npu_core/u_core/u_vexu/rem_860_G4/u_div/u_add_PartRem_5_5
                                      68.5440      0.0      68.5440      0.0000       0.0000  vexu_EN_RVV1_DW01_add_4501
u_npu_core/u_core/u_vexu/rem_860_G4/u_div/u_add_PartRem_5_6
                                      66.7800      0.0      66.7800      0.0000       0.0000  vexu_EN_RVV1_DW01_add_4500
u_npu_core/u_core/u_vexu/rem_860_G4/u_div/u_add_PartRem_5_7
                                      68.5440      0.0      68.5440      0.0000       0.0000  vexu_EN_RVV1_DW01_add_4499
u_npu_core/u_core/u_vexu/rem_860_G4/u_div/u_add_PartRem_6_1
                                      57.2040      0.0      57.2040      0.0000       0.0000  vexu_EN_RVV1_DW01_add_4512
u_npu_core/u_core/u_vexu/rem_860_G4/u_div/u_add_PartRem_6_2
                                      55.6920      0.0      55.6920      0.0000       0.0000  vexu_EN_RVV1_DW01_add_4511
u_npu_core/u_core/u_vexu/rem_860_G4/u_div/u_add_PartRem_6_3
                                      58.5900      0.0      58.5900      0.0000       0.0000  vexu_EN_RVV1_DW01_add_4510
u_npu_core/u_core/u_vexu/rem_860_G4/u_div/u_add_PartRem_6_4
                                      54.1800      0.0      54.1800      0.0000       0.0000  vexu_EN_RVV1_DW01_add_4509
u_npu_core/u_core/u_vexu/rem_860_G4/u_div/u_add_PartRem_6_5
                                      59.0940      0.0      59.0940      0.0000       0.0000  vexu_EN_RVV1_DW01_add_4508
u_npu_core/u_core/u_vexu/rem_860_G4/u_div/u_add_PartRem_6_6
                                      56.5740      0.0      56.5740      0.0000       0.0000  vexu_EN_RVV1_DW01_add_4507
u_npu_core/u_core/u_vexu/rem_860_G4/u_div/u_add_PartRem_6_7
                                      59.0940      0.0      59.0940      0.0000       0.0000  vexu_EN_RVV1_DW01_add_4506
u_npu_core/u_core/u_vexu/rem_860_G4/u_div/u_add_PartRem_7_1
                                      65.3940      0.0      65.3940      0.0000       0.0000  vexu_EN_RVV1_DW01_add_2218
u_npu_core/u_core/u_vexu/rem_860_G4/u_div/u_add_PartRem_7_2
                                      45.9900      0.0      45.9900      0.0000       0.0000  vexu_EN_RVV1_DW01_add_4518
u_npu_core/u_core/u_vexu/rem_860_G4/u_div/u_add_PartRem_7_3
                                      48.6360      0.0      48.6360      0.0000       0.0000  vexu_EN_RVV1_DW01_add_4517
u_npu_core/u_core/u_vexu/rem_860_G4/u_div/u_add_PartRem_7_4
                                      43.9740      0.0      43.9740      0.0000       0.0000  vexu_EN_RVV1_DW01_add_4516
u_npu_core/u_core/u_vexu/rem_860_G4/u_div/u_add_PartRem_7_5
                                      49.5180      0.0      49.5180      0.0000       0.0000  vexu_EN_RVV1_DW01_add_4515
u_npu_core/u_core/u_vexu/rem_860_G4/u_div/u_add_PartRem_7_6
                                      46.6200      0.0      46.6200      0.0000       0.0000  vexu_EN_RVV1_DW01_add_4514
u_npu_core/u_core/u_vexu/rem_860_G4/u_div/u_add_PartRem_7_7
                                      49.1400      0.0      49.1400      0.0000       0.0000  vexu_EN_RVV1_DW01_add_4513
u_npu_core/u_core/u_vexu/rem_860_G4/u_div/u_add_PartRem_8_1
                                      50.4000      0.0      50.4000      0.0000       0.0000  vexu_EN_RVV1_DW01_add_2211
u_npu_core/u_core/u_vexu/rem_860_G4/u_div/u_add_PartRem_8_2
                                      36.4140      0.0      36.4140      0.0000       0.0000  vexu_EN_RVV1_DW01_add_4525
u_npu_core/u_core/u_vexu/rem_860_G4/u_div/u_add_PartRem_8_3
                                      38.6820      0.0      38.6820      0.0000       0.0000  vexu_EN_RVV1_DW01_add_4524
u_npu_core/u_core/u_vexu/rem_860_G4/u_div/u_add_PartRem_8_4
                                      38.6820      0.0      38.6820      0.0000       0.0000  vexu_EN_RVV1_DW01_add_2214
u_npu_core/u_core/u_vexu/rem_860_G4/u_div/u_add_PartRem_8_5
                                      39.5640      0.0      39.5640      0.0000       0.0000  vexu_EN_RVV1_DW01_add_4522
u_npu_core/u_core/u_vexu/rem_860_G4/u_div/u_add_PartRem_8_6
                                      37.0440      0.0      37.0440      0.0000       0.0000  vexu_EN_RVV1_DW01_add_4521
u_npu_core/u_core/u_vexu/rem_860_G4/u_div/u_add_PartRem_8_7
                                      39.5640      0.0      39.5640      0.0000       0.0000  vexu_EN_RVV1_DW01_add_4520
u_npu_core/u_core/u_vexu/rem_860_G4/u_div/u_add_PartRem_9_1
                                      32.1300      0.0      32.1300      0.0000       0.0000  vexu_EN_RVV1_DW01_add_2204
u_npu_core/u_core/u_vexu/rem_860_G4/u_div/u_add_PartRem_9_2
                                      27.8460      0.0      27.8460      0.0000       0.0000  vexu_EN_RVV1_DW01_add_2205
u_npu_core/u_core/u_vexu/rem_860_G4/u_div/u_add_PartRem_9_3
                                      29.2320      0.0      29.2320      0.0000       0.0000  vexu_EN_RVV1_DW01_add_4531
u_npu_core/u_core/u_vexu/rem_860_G4/u_div/u_add_PartRem_9_4
                                      24.5700      0.0      24.5700      0.0000       0.0000  vexu_EN_RVV1_DW01_add_4530
u_npu_core/u_core/u_vexu/rem_860_G4/u_div/u_add_PartRem_9_5
                                      30.1140      0.0      30.1140      0.0000       0.0000  vexu_EN_RVV1_DW01_add_4529
u_npu_core/u_core/u_vexu/rem_860_G4/u_div/u_add_PartRem_9_6
                                      27.5940      0.0      27.5940      0.0000       0.0000  vexu_EN_RVV1_DW01_add_4528
u_npu_core/u_core/u_vexu/rem_860_G4/u_div/u_add_PartRem_9_7
                                      29.7360      0.0      29.7360      0.0000       0.0000  vexu_EN_RVV1_DW01_add_4527
u_npu_core/u_core/u_vexu/rem_862/u_div/u_absval_AAbs/NEG
                                      50.5260      0.0      50.5260      0.0000       0.0000  vexu_EN_RVV1_DW01_inc_87
u_npu_core/u_core/u_vexu/rem_862/u_div/u_add_B3
                                     163.0440      0.0     163.0440      0.0000       0.0000  vexu_EN_RVV1_DW01_add_1714
u_npu_core/u_core/u_vexu/rem_862/u_div/u_add_B5
                                     167.7060      0.0     167.7060      0.0000       0.0000  vexu_EN_RVV1_DW01_add_1715
u_npu_core/u_core/u_vexu/rem_862/u_div/u_add_B6
                                     161.5320      0.0     161.5320      0.0000       0.0000  vexu_EN_RVV1_DW01_add_1716
u_npu_core/u_core/u_vexu/rem_862/u_div/u_add_B7
                                     181.9440      0.0     181.9440      0.0000       0.0000  vexu_EN_RVV1_DW01_sub_243
u_npu_core/u_core/u_vexu/rem_862/u_div/u_add_PartRem_0_1
                                     174.5100      0.0     174.5100      0.0000       0.0000  vexu_EN_RVV1_DW01_add_1787
u_npu_core/u_core/u_vexu/rem_862/u_div/u_add_PartRem_0_2
                                     175.1400      0.0     175.1400      0.0000       0.0000  vexu_EN_RVV1_DW01_add_1788
u_npu_core/u_core/u_vexu/rem_862/u_div/u_add_PartRem_0_3
                                     193.7880      0.0     193.7880      0.0000       0.0000  vexu_EN_RVV1_DW01_add_1789
u_npu_core/u_core/u_vexu/rem_862/u_div/u_add_PartRem_0_4
                                     181.8180      0.0     181.8180      0.0000       0.0000  vexu_EN_RVV1_DW01_add_1790
u_npu_core/u_core/u_vexu/rem_862/u_div/u_add_PartRem_0_5
                                     193.6620      0.0     193.6620      0.0000       0.0000  vexu_EN_RVV1_DW01_add_1791
u_npu_core/u_core/u_vexu/rem_862/u_div/u_add_PartRem_0_6
                                     197.4420      0.0     197.4420      0.0000       0.0000  vexu_EN_RVV1_DW01_add_1792
u_npu_core/u_core/u_vexu/rem_862/u_div/u_add_PartRem_0_7
                                     195.3000      0.0     195.3000      0.0000       0.0000  vexu_EN_RVV1_DW01_add_1793
u_npu_core/u_core/u_vexu/rem_862/u_div/u_add_PartRem_10_1
                                      17.2620      0.0      17.2620      0.0000       0.0000  vexu_EN_RVV1_DW01_add_1717
u_npu_core/u_core/u_vexu/rem_862/u_div/u_add_PartRem_10_2
                                      13.9860      0.0      13.9860      0.0000       0.0000  vexu_EN_RVV1_DW01_add_1718
u_npu_core/u_core/u_vexu/rem_862/u_div/u_add_PartRem_10_3
                                      18.9000      0.0      18.9000      0.0000       0.0000  vexu_EN_RVV1_DW01_add_1719
u_npu_core/u_core/u_vexu/rem_862/u_div/u_add_PartRem_1_1
                                     164.3040      0.0     164.3040      0.0000       0.0000  vexu_EN_RVV1_DW01_add_1780
u_npu_core/u_core/u_vexu/rem_862/u_div/u_add_PartRem_1_2
                                     154.8540      0.0     154.8540      0.0000       0.0000  vexu_EN_RVV1_DW01_add_1781
u_npu_core/u_core/u_vexu/rem_862/u_div/u_add_PartRem_1_3
                                     178.5420      0.0     178.5420      0.0000       0.0000  vexu_EN_RVV1_DW01_add_1782
u_npu_core/u_core/u_vexu/rem_862/u_div/u_add_PartRem_1_4
                                     154.0980      0.0     154.0980      0.0000       0.0000  vexu_EN_RVV1_DW01_add_1783
u_npu_core/u_core/u_vexu/rem_862/u_div/u_add_PartRem_1_5
                                     178.4160      0.0     178.4160      0.0000       0.0000  vexu_EN_RVV1_DW01_add_1784
u_npu_core/u_core/u_vexu/rem_862/u_div/u_add_PartRem_1_6
                                     179.1720      0.0     179.1720      0.0000       0.0000  vexu_EN_RVV1_DW01_add_1785
u_npu_core/u_core/u_vexu/rem_862/u_div/u_add_PartRem_1_7
                                     178.7940      0.0     178.7940      0.0000       0.0000  vexu_EN_RVV1_DW01_add_1786
u_npu_core/u_core/u_vexu/rem_862/u_div/u_add_PartRem_2_1
                                     144.3960      0.0     144.3960      0.0000       0.0000  vexu_EN_RVV1_DW01_add_1773
u_npu_core/u_core/u_vexu/rem_862/u_div/u_add_PartRem_2_2
                                     140.7420      0.0     140.7420      0.0000       0.0000  vexu_EN_RVV1_DW01_add_1774
u_npu_core/u_core/u_vexu/rem_862/u_div/u_add_PartRem_2_3
                                     156.2400      0.0     156.2400      0.0000       0.0000  vexu_EN_RVV1_DW01_add_1775
u_npu_core/u_core/u_vexu/rem_862/u_div/u_add_PartRem_2_4
                                     137.4660      0.0     137.4660      0.0000       0.0000  vexu_EN_RVV1_DW01_add_1776
u_npu_core/u_core/u_vexu/rem_862/u_div/u_add_PartRem_2_5
                                     155.8620      0.0     155.8620      0.0000       0.0000  vexu_EN_RVV1_DW01_add_1777
u_npu_core/u_core/u_vexu/rem_862/u_div/u_add_PartRem_2_6
                                     157.5000      0.0     157.5000      0.0000       0.0000  vexu_EN_RVV1_DW01_add_1778
u_npu_core/u_core/u_vexu/rem_862/u_div/u_add_PartRem_2_7
                                     156.3660      0.0     156.3660      0.0000       0.0000  vexu_EN_RVV1_DW01_add_1779
u_npu_core/u_core/u_vexu/rem_862/u_div/u_add_PartRem_3_1
                                     126.7560      0.0     126.7560      0.0000       0.0000  vexu_EN_RVV1_DW01_add_1766
u_npu_core/u_core/u_vexu/rem_862/u_div/u_add_PartRem_3_2
                                     124.9920      0.0     124.9920      0.0000       0.0000  vexu_EN_RVV1_DW01_add_1767
u_npu_core/u_core/u_vexu/rem_862/u_div/u_add_PartRem_3_3
                                     135.5760      0.0     135.5760      0.0000       0.0000  vexu_EN_RVV1_DW01_add_1768
u_npu_core/u_core/u_vexu/rem_862/u_div/u_add_PartRem_3_4
                                     120.3300      0.0     120.3300      0.0000       0.0000  vexu_EN_RVV1_DW01_add_1769
u_npu_core/u_core/u_vexu/rem_862/u_div/u_add_PartRem_3_5
                                     135.9540      0.0     135.9540      0.0000       0.0000  vexu_EN_RVV1_DW01_add_1770
u_npu_core/u_core/u_vexu/rem_862/u_div/u_add_PartRem_3_6
                                     137.3400      0.0     137.3400      0.0000       0.0000  vexu_EN_RVV1_DW01_add_1771
u_npu_core/u_core/u_vexu/rem_862/u_div/u_add_PartRem_3_7
                                     135.5760      0.0     135.5760      0.0000       0.0000  vexu_EN_RVV1_DW01_add_1772
u_npu_core/u_core/u_vexu/rem_862/u_div/u_add_PartRem_4_1
                                     111.1320      0.0     111.1320      0.0000       0.0000  vexu_EN_RVV1_DW01_add_1759
u_npu_core/u_core/u_vexu/rem_862/u_div/u_add_PartRem_4_2
                                     108.8640      0.0     108.8640      0.0000       0.0000  vexu_EN_RVV1_DW01_add_1760
u_npu_core/u_core/u_vexu/rem_862/u_div/u_add_PartRem_4_3
                                     116.6760      0.0     116.6760      0.0000       0.0000  vexu_EN_RVV1_DW01_add_1761
u_npu_core/u_core/u_vexu/rem_862/u_div/u_add_PartRem_4_4
                                     103.1940      0.0     103.1940      0.0000       0.0000  vexu_EN_RVV1_DW01_add_1762
u_npu_core/u_core/u_vexu/rem_862/u_div/u_add_PartRem_4_5
                                     117.5580      0.0     117.5580      0.0000       0.0000  vexu_EN_RVV1_DW01_add_1763
u_npu_core/u_core/u_vexu/rem_862/u_div/u_add_PartRem_4_6
                                     118.6920      0.0     118.6920      0.0000       0.0000  vexu_EN_RVV1_DW01_add_1764
u_npu_core/u_core/u_vexu/rem_862/u_div/u_add_PartRem_4_7
                                     117.4320      0.0     117.4320      0.0000       0.0000  vexu_EN_RVV1_DW01_add_1765
u_npu_core/u_core/u_vexu/rem_862/u_div/u_add_PartRem_5_1
                                      95.8860      0.0      95.8860      0.0000       0.0000  vexu_EN_RVV1_DW01_add_1752
u_npu_core/u_core/u_vexu/rem_862/u_div/u_add_PartRem_5_2
                                      90.7200      0.0      90.7200      0.0000       0.0000  vexu_EN_RVV1_DW01_add_1753
u_npu_core/u_core/u_vexu/rem_862/u_div/u_add_PartRem_5_3
                                     100.4220      0.0     100.4220      0.0000       0.0000  vexu_EN_RVV1_DW01_add_1754
u_npu_core/u_core/u_vexu/rem_862/u_div/u_add_PartRem_5_4
                                      91.3500      0.0      91.3500      0.0000       0.0000  vexu_EN_RVV1_DW01_add_1755
u_npu_core/u_core/u_vexu/rem_862/u_div/u_add_PartRem_5_5
                                      99.7920      0.0      99.7920      0.0000       0.0000  vexu_EN_RVV1_DW01_add_1756
u_npu_core/u_core/u_vexu/rem_862/u_div/u_add_PartRem_5_6
                                     101.6820      0.0     101.6820      0.0000       0.0000  vexu_EN_RVV1_DW01_add_1757
u_npu_core/u_core/u_vexu/rem_862/u_div/u_add_PartRem_5_7
                                     100.2960      0.0     100.2960      0.0000       0.0000  vexu_EN_RVV1_DW01_add_1758
u_npu_core/u_core/u_vexu/rem_862/u_div/u_add_PartRem_6_1
                                      86.0580      0.0      86.0580      0.0000       0.0000  vexu_EN_RVV1_DW01_add_1745
u_npu_core/u_core/u_vexu/rem_862/u_div/u_add_PartRem_6_2
                                      78.8760      0.0      78.8760      0.0000       0.0000  vexu_EN_RVV1_DW01_add_1746
u_npu_core/u_core/u_vexu/rem_862/u_div/u_add_PartRem_6_3
                                      91.0980      0.0      91.0980      0.0000       0.0000  vexu_EN_RVV1_DW01_add_1747
u_npu_core/u_core/u_vexu/rem_862/u_div/u_add_PartRem_6_4
                                      74.9700      0.0      74.9700      0.0000       0.0000  vexu_EN_RVV1_DW01_add_1748
u_npu_core/u_core/u_vexu/rem_862/u_div/u_add_PartRem_6_5
                                      89.9640      0.0      89.9640      0.0000       0.0000  vexu_EN_RVV1_DW01_add_1749
u_npu_core/u_core/u_vexu/rem_862/u_div/u_add_PartRem_6_6
                                      92.7360      0.0      92.7360      0.0000       0.0000  vexu_EN_RVV1_DW01_add_1750
u_npu_core/u_core/u_vexu/rem_862/u_div/u_add_PartRem_6_7
                                      90.0900      0.0      90.0900      0.0000       0.0000  vexu_EN_RVV1_DW01_add_1751
u_npu_core/u_core/u_vexu/rem_862/u_div/u_add_PartRem_7_1
                                      68.9220      0.0      68.9220      0.0000       0.0000  vexu_EN_RVV1_DW01_add_1738
u_npu_core/u_core/u_vexu/rem_862/u_div/u_add_PartRem_7_2
                                      63.8820      0.0      63.8820      0.0000       0.0000  vexu_EN_RVV1_DW01_add_1739
u_npu_core/u_core/u_vexu/rem_862/u_div/u_add_PartRem_7_3
                                      70.8120      0.0      70.8120      0.0000       0.0000  vexu_EN_RVV1_DW01_add_1740
u_npu_core/u_core/u_vexu/rem_862/u_div/u_add_PartRem_7_4
                                      58.2120      0.0      58.2120      0.0000       0.0000  vexu_EN_RVV1_DW01_add_1741
u_npu_core/u_core/u_vexu/rem_862/u_div/u_add_PartRem_7_5
                                      71.1900      0.0      71.1900      0.0000       0.0000  vexu_EN_RVV1_DW01_add_1742
u_npu_core/u_core/u_vexu/rem_862/u_div/u_add_PartRem_7_6
                                      71.0640      0.0      71.0640      0.0000       0.0000  vexu_EN_RVV1_DW01_add_1743
u_npu_core/u_core/u_vexu/rem_862/u_div/u_add_PartRem_7_7
                                      71.6940      0.0      71.6940      0.0000       0.0000  vexu_EN_RVV1_DW01_add_1744
u_npu_core/u_core/u_vexu/rem_862/u_div/u_add_PartRem_8_1
                                      52.5420      0.0      52.5420      0.0000       0.0000  vexu_EN_RVV1_DW01_add_1731
u_npu_core/u_core/u_vexu/rem_862/u_div/u_add_PartRem_8_2
                                      50.1480      0.0      50.1480      0.0000       0.0000  vexu_EN_RVV1_DW01_add_1732
u_npu_core/u_core/u_vexu/rem_862/u_div/u_add_PartRem_8_3
                                      53.9280      0.0      53.9280      0.0000       0.0000  vexu_EN_RVV1_DW01_add_1733
u_npu_core/u_core/u_vexu/rem_862/u_div/u_add_PartRem_8_4
                                      46.2420      0.0      46.2420      0.0000       0.0000  vexu_EN_RVV1_DW01_add_1734
u_npu_core/u_core/u_vexu/rem_862/u_div/u_add_PartRem_8_5
                                      55.0620      0.0      55.0620      0.0000       0.0000  vexu_EN_RVV1_DW01_add_1735
u_npu_core/u_core/u_vexu/rem_862/u_div/u_add_PartRem_8_6
                                      55.8180      0.0      55.8180      0.0000       0.0000  vexu_EN_RVV1_DW01_add_1736
u_npu_core/u_core/u_vexu/rem_862/u_div/u_add_PartRem_8_7
                                      55.0620      0.0      55.0620      0.0000       0.0000  vexu_EN_RVV1_DW01_add_1737
u_npu_core/u_core/u_vexu/rem_862/u_div/u_add_PartRem_9_1
                                      39.8160      0.0      39.8160      0.0000       0.0000  vexu_EN_RVV1_DW01_add_1724
u_npu_core/u_core/u_vexu/rem_862/u_div/u_add_PartRem_9_2
                                      30.2400      0.0      30.2400      0.0000       0.0000  vexu_EN_RVV1_DW01_add_1725
u_npu_core/u_core/u_vexu/rem_862/u_div/u_add_PartRem_9_3
                                      40.6980      0.0      40.6980      0.0000       0.0000  vexu_EN_RVV1_DW01_add_1726
u_npu_core/u_core/u_vexu/rem_862/u_div/u_add_PartRem_9_4
                                      27.9720      0.0      27.9720      0.0000       0.0000  vexu_EN_RVV1_DW01_add_1727
u_npu_core/u_core/u_vexu/rem_862/u_div/u_add_PartRem_9_5
                                      41.2020      0.0      41.2020      0.0000       0.0000  vexu_EN_RVV1_DW01_add_1728
u_npu_core/u_core/u_vexu/rem_862/u_div/u_add_PartRem_9_6
                                      41.8320      0.0      41.8320      0.0000       0.0000  vexu_EN_RVV1_DW01_add_1729
u_npu_core/u_core/u_vexu/rem_862/u_div/u_add_PartRem_9_7
                                      41.7060      0.0      41.7060      0.0000       0.0000  vexu_EN_RVV1_DW01_add_1730
u_npu_core/u_core/u_vexu/rem_862/u_div/u_inc_RInc
                                      75.3480      0.0      75.3480      0.0000       0.0000  vexu_EN_RVV1_DW_inc_65
u_npu_core/u_core/u_vexu/rem_862_G2/u_div/u_absval_AAbs/NEG
                                      47.5020      0.0      47.5020      0.0000       0.0000  vexu_EN_RVV1_DW01_inc_88
u_npu_core/u_core/u_vexu/rem_862_G2/u_div/u_add_B3
                                     161.5320      0.0     161.5320      0.0000       0.0000  vexu_EN_RVV1_DW01_add_1794
u_npu_core/u_core/u_vexu/rem_862_G2/u_div/u_add_B5
                                     167.2020      0.0     167.2020      0.0000       0.0000  vexu_EN_RVV1_DW01_add_1795
u_npu_core/u_core/u_vexu/rem_862_G2/u_div/u_add_B6
                                     161.4060      0.0     161.4060      0.0000       0.0000  vexu_EN_RVV1_DW01_add_1796
u_npu_core/u_core/u_vexu/rem_862_G2/u_div/u_add_B7
                                     181.4400      0.0     181.4400      0.0000       0.0000  vexu_EN_RVV1_DW01_sub_244
u_npu_core/u_core/u_vexu/rem_862_G2/u_div/u_add_PartRem_0_1
                                     174.5100      0.0     174.5100      0.0000       0.0000  vexu_EN_RVV1_DW01_add_1867
u_npu_core/u_core/u_vexu/rem_862_G2/u_div/u_add_PartRem_0_2
                                     175.0140      0.0     175.0140      0.0000       0.0000  vexu_EN_RVV1_DW01_add_1868
u_npu_core/u_core/u_vexu/rem_862_G2/u_div/u_add_PartRem_0_3
                                     194.2920      0.0     194.2920      0.0000       0.0000  vexu_EN_RVV1_DW01_add_1869
u_npu_core/u_core/u_vexu/rem_862_G2/u_div/u_add_PartRem_0_4
                                     182.5740      0.0     182.5740      0.0000       0.0000  vexu_EN_RVV1_DW01_add_1870
u_npu_core/u_core/u_vexu/rem_862_G2/u_div/u_add_PartRem_0_5
                                     195.1740      0.0     195.1740      0.0000       0.0000  vexu_EN_RVV1_DW01_add_1871
u_npu_core/u_core/u_vexu/rem_862_G2/u_div/u_add_PartRem_0_6
                                     196.8120      0.0     196.8120      0.0000       0.0000  vexu_EN_RVV1_DW01_add_1872
u_npu_core/u_core/u_vexu/rem_862_G2/u_div/u_add_PartRem_0_7
                                     194.6700      0.0     194.6700      0.0000       0.0000  vexu_EN_RVV1_DW01_add_1873
u_npu_core/u_core/u_vexu/rem_862_G2/u_div/u_add_PartRem_10_1
                                      16.6320      0.0      16.6320      0.0000       0.0000  vexu_EN_RVV1_DW01_add_1797
u_npu_core/u_core/u_vexu/rem_862_G2/u_div/u_add_PartRem_10_2
                                      16.3800      0.0      16.3800      0.0000       0.0000  vexu_EN_RVV1_DW01_add_1798
u_npu_core/u_core/u_vexu/rem_862_G2/u_div/u_add_PartRem_10_3
                                      18.7740      0.0      18.7740      0.0000       0.0000  vexu_EN_RVV1_DW01_add_1799
u_npu_core/u_core/u_vexu/rem_862_G2/u_div/u_add_PartRem_1_1
                                     165.5640      0.0     165.5640      0.0000       0.0000  vexu_EN_RVV1_DW01_add_1860
u_npu_core/u_core/u_vexu/rem_862_G2/u_div/u_add_PartRem_1_2
                                     155.4840      0.0     155.4840      0.0000       0.0000  vexu_EN_RVV1_DW01_add_1861
u_npu_core/u_core/u_vexu/rem_862_G2/u_div/u_add_PartRem_1_3
                                     179.4240      0.0     179.4240      0.0000       0.0000  vexu_EN_RVV1_DW01_add_1862
u_npu_core/u_core/u_vexu/rem_862_G2/u_div/u_add_PartRem_1_4
                                     155.4840      0.0     155.4840      0.0000       0.0000  vexu_EN_RVV1_DW01_add_1863
u_npu_core/u_core/u_vexu/rem_862_G2/u_div/u_add_PartRem_1_5
                                     179.6760      0.0     179.6760      0.0000       0.0000  vexu_EN_RVV1_DW01_add_1864
u_npu_core/u_core/u_vexu/rem_862_G2/u_div/u_add_PartRem_1_6
                                     180.6840      0.0     180.6840      0.0000       0.0000  vexu_EN_RVV1_DW01_add_1865
u_npu_core/u_core/u_vexu/rem_862_G2/u_div/u_add_PartRem_1_7
                                     180.1800      0.0     180.1800      0.0000       0.0000  vexu_EN_RVV1_DW01_add_1866
u_npu_core/u_core/u_vexu/rem_862_G2/u_div/u_add_PartRem_2_1
                                     147.2940      0.0     147.2940      0.0000       0.0000  vexu_EN_RVV1_DW01_add_1853
u_npu_core/u_core/u_vexu/rem_862_G2/u_div/u_add_PartRem_2_2
                                     144.2700      0.0     144.2700      0.0000       0.0000  vexu_EN_RVV1_DW01_add_1854
u_npu_core/u_core/u_vexu/rem_862_G2/u_div/u_add_PartRem_2_3
                                     156.1140      0.0     156.1140      0.0000       0.0000  vexu_EN_RVV1_DW01_add_1855
u_npu_core/u_core/u_vexu/rem_862_G2/u_div/u_add_PartRem_2_4
                                     136.8360      0.0     136.8360      0.0000       0.0000  vexu_EN_RVV1_DW01_add_1856
u_npu_core/u_core/u_vexu/rem_862_G2/u_div/u_add_PartRem_2_5
                                     156.2400      0.0     156.2400      0.0000       0.0000  vexu_EN_RVV1_DW01_add_1857
u_npu_core/u_core/u_vexu/rem_862_G2/u_div/u_add_PartRem_2_6
                                     159.6420      0.0     159.6420      0.0000       0.0000  vexu_EN_RVV1_DW01_add_1858
u_npu_core/u_core/u_vexu/rem_862_G2/u_div/u_add_PartRem_2_7
                                     156.7440      0.0     156.7440      0.0000       0.0000  vexu_EN_RVV1_DW01_add_1859
u_npu_core/u_core/u_vexu/rem_862_G2/u_div/u_add_PartRem_3_1
                                     128.5200      0.0     128.5200      0.0000       0.0000  vexu_EN_RVV1_DW01_add_1846
u_npu_core/u_core/u_vexu/rem_862_G2/u_div/u_add_PartRem_3_2
                                     127.2600      0.0     127.2600      0.0000       0.0000  vexu_EN_RVV1_DW01_add_1847
u_npu_core/u_core/u_vexu/rem_862_G2/u_div/u_add_PartRem_3_3
                                     136.2060      0.0     136.2060      0.0000       0.0000  vexu_EN_RVV1_DW01_add_1848
u_npu_core/u_core/u_vexu/rem_862_G2/u_div/u_add_PartRem_3_4
                                     120.9600      0.0     120.9600      0.0000       0.0000  vexu_EN_RVV1_DW01_add_1849
u_npu_core/u_core/u_vexu/rem_862_G2/u_div/u_add_PartRem_3_5
                                     137.4660      0.0     137.4660      0.0000       0.0000  vexu_EN_RVV1_DW01_add_1850
u_npu_core/u_core/u_vexu/rem_862_G2/u_div/u_add_PartRem_3_6
                                     137.7180      0.0     137.7180      0.0000       0.0000  vexu_EN_RVV1_DW01_add_1851
u_npu_core/u_core/u_vexu/rem_862_G2/u_div/u_add_PartRem_3_7
                                     137.3400      0.0     137.3400      0.0000       0.0000  vexu_EN_RVV1_DW01_add_1852
u_npu_core/u_core/u_vexu/rem_862_G2/u_div/u_add_PartRem_4_1
                                     112.5180      0.0     112.5180      0.0000       0.0000  vexu_EN_RVV1_DW01_add_1839
u_npu_core/u_core/u_vexu/rem_862_G2/u_div/u_add_PartRem_4_2
                                     108.9900      0.0     108.9900      0.0000       0.0000  vexu_EN_RVV1_DW01_add_1840
u_npu_core/u_core/u_vexu/rem_862_G2/u_div/u_add_PartRem_4_3
                                     116.6760      0.0     116.6760      0.0000       0.0000  vexu_EN_RVV1_DW01_add_1841
u_npu_core/u_core/u_vexu/rem_862_G2/u_div/u_add_PartRem_4_4
                                     103.8240      0.0     103.8240      0.0000       0.0000  vexu_EN_RVV1_DW01_add_1842
u_npu_core/u_core/u_vexu/rem_862_G2/u_div/u_add_PartRem_4_5
                                     116.9280      0.0     116.9280      0.0000       0.0000  vexu_EN_RVV1_DW01_add_1843
u_npu_core/u_core/u_vexu/rem_862_G2/u_div/u_add_PartRem_4_6
                                     120.3300      0.0     120.3300      0.0000       0.0000  vexu_EN_RVV1_DW01_add_1844
u_npu_core/u_core/u_vexu/rem_862_G2/u_div/u_add_PartRem_4_7
                                     117.9360      0.0     117.9360      0.0000       0.0000  vexu_EN_RVV1_DW01_add_1845
u_npu_core/u_core/u_vexu/rem_862_G2/u_div/u_add_PartRem_5_1
                                      97.0200      0.0      97.0200      0.0000       0.0000  vexu_EN_RVV1_DW01_add_1832
u_npu_core/u_core/u_vexu/rem_862_G2/u_div/u_add_PartRem_5_2
                                      92.7360      0.0      92.7360      0.0000       0.0000  vexu_EN_RVV1_DW01_add_1833
u_npu_core/u_core/u_vexu/rem_862_G2/u_div/u_add_PartRem_5_3
                                     100.8000      0.0     100.8000      0.0000       0.0000  vexu_EN_RVV1_DW01_add_1834
u_npu_core/u_core/u_vexu/rem_862_G2/u_div/u_add_PartRem_5_4
                                      90.0900      0.0      90.0900      0.0000       0.0000  vexu_EN_RVV1_DW01_add_1835
u_npu_core/u_core/u_vexu/rem_862_G2/u_div/u_add_PartRem_5_5
                                     101.3040      0.0     101.3040      0.0000       0.0000  vexu_EN_RVV1_DW01_add_1836
u_npu_core/u_core/u_vexu/rem_862_G2/u_div/u_add_PartRem_5_6
                                     103.3200      0.0     103.3200      0.0000       0.0000  vexu_EN_RVV1_DW01_add_1837
u_npu_core/u_core/u_vexu/rem_862_G2/u_div/u_add_PartRem_5_7
                                     101.8080      0.0     101.8080      0.0000       0.0000  vexu_EN_RVV1_DW01_add_1838
u_npu_core/u_core/u_vexu/rem_862_G2/u_div/u_add_PartRem_6_1
                                      85.8060      0.0      85.8060      0.0000       0.0000  vexu_EN_RVV1_DW01_add_1825
u_npu_core/u_core/u_vexu/rem_862_G2/u_div/u_add_PartRem_6_2
                                      78.8760      0.0      78.8760      0.0000       0.0000  vexu_EN_RVV1_DW01_add_1826
u_npu_core/u_core/u_vexu/rem_862_G2/u_div/u_add_PartRem_6_3
                                      89.8380      0.0      89.8380      0.0000       0.0000  vexu_EN_RVV1_DW01_add_1827
u_npu_core/u_core/u_vexu/rem_862_G2/u_div/u_add_PartRem_6_4
                                      74.5920      0.0      74.5920      0.0000       0.0000  vexu_EN_RVV1_DW01_add_1828
u_npu_core/u_core/u_vexu/rem_862_G2/u_div/u_add_PartRem_6_5
                                      90.0900      0.0      90.0900      0.0000       0.0000  vexu_EN_RVV1_DW01_add_1829
u_npu_core/u_core/u_vexu/rem_862_G2/u_div/u_add_PartRem_6_6
                                      90.3420      0.0      90.3420      0.0000       0.0000  vexu_EN_RVV1_DW01_add_1830
u_npu_core/u_core/u_vexu/rem_862_G2/u_div/u_add_PartRem_6_7
                                      90.3420      0.0      90.3420      0.0000       0.0000  vexu_EN_RVV1_DW01_add_1831
u_npu_core/u_core/u_vexu/rem_862_G2/u_div/u_add_PartRem_7_1
                                      69.1740      0.0      69.1740      0.0000       0.0000  vexu_EN_RVV1_DW01_add_1818
u_npu_core/u_core/u_vexu/rem_862_G2/u_div/u_add_PartRem_7_2
                                      64.0080      0.0      64.0080      0.0000       0.0000  vexu_EN_RVV1_DW01_add_1819
u_npu_core/u_core/u_vexu/rem_862_G2/u_div/u_add_PartRem_7_3
                                      70.8120      0.0      70.8120      0.0000       0.0000  vexu_EN_RVV1_DW01_add_1820
u_npu_core/u_core/u_vexu/rem_862_G2/u_div/u_add_PartRem_7_4
                                      58.7160      0.0      58.7160      0.0000       0.0000  vexu_EN_RVV1_DW01_add_1821
u_npu_core/u_core/u_vexu/rem_862_G2/u_div/u_add_PartRem_7_5
                                      70.6860      0.0      70.6860      0.0000       0.0000  vexu_EN_RVV1_DW01_add_1822
u_npu_core/u_core/u_vexu/rem_862_G2/u_div/u_add_PartRem_7_6
                                      71.6940      0.0      71.6940      0.0000       0.0000  vexu_EN_RVV1_DW01_add_1823
u_npu_core/u_core/u_vexu/rem_862_G2/u_div/u_add_PartRem_7_7
                                      73.0800      0.0      73.0800      0.0000       0.0000  vexu_EN_RVV1_DW01_add_1824
u_npu_core/u_core/u_vexu/rem_862_G2/u_div/u_add_PartRem_8_1
                                      54.9360      0.0      54.9360      0.0000       0.0000  vexu_EN_RVV1_DW01_add_1811
u_npu_core/u_core/u_vexu/rem_862_G2/u_div/u_add_PartRem_8_2
                                      48.7620      0.0      48.7620      0.0000       0.0000  vexu_EN_RVV1_DW01_add_1812
u_npu_core/u_core/u_vexu/rem_862_G2/u_div/u_add_PartRem_8_3
                                      53.5500      0.0      53.5500      0.0000       0.0000  vexu_EN_RVV1_DW01_add_1813
u_npu_core/u_core/u_vexu/rem_862_G2/u_div/u_add_PartRem_8_4
                                      50.0220      0.0      50.0220      0.0000       0.0000  vexu_EN_RVV1_DW01_add_1814
u_npu_core/u_core/u_vexu/rem_862_G2/u_div/u_add_PartRem_8_5
                                      54.6840      0.0      54.6840      0.0000       0.0000  vexu_EN_RVV1_DW01_add_1815
u_npu_core/u_core/u_vexu/rem_862_G2/u_div/u_add_PartRem_8_6
                                      54.4320      0.0      54.4320      0.0000       0.0000  vexu_EN_RVV1_DW01_add_1816
u_npu_core/u_core/u_vexu/rem_862_G2/u_div/u_add_PartRem_8_7
                                      55.3140      0.0      55.3140      0.0000       0.0000  vexu_EN_RVV1_DW01_add_1817
u_npu_core/u_core/u_vexu/rem_862_G2/u_div/u_add_PartRem_9_1
                                      39.6900      0.0      39.6900      0.0000       0.0000  vexu_EN_RVV1_DW01_add_1804
u_npu_core/u_core/u_vexu/rem_862_G2/u_div/u_add_PartRem_9_2
                                      30.3660      0.0      30.3660      0.0000       0.0000  vexu_EN_RVV1_DW01_add_1805
u_npu_core/u_core/u_vexu/rem_862_G2/u_div/u_add_PartRem_9_3
                                      40.6980      0.0      40.6980      0.0000       0.0000  vexu_EN_RVV1_DW01_add_1806
u_npu_core/u_core/u_vexu/rem_862_G2/u_div/u_add_PartRem_9_4
                                      27.8460      0.0      27.8460      0.0000       0.0000  vexu_EN_RVV1_DW01_add_1807
u_npu_core/u_core/u_vexu/rem_862_G2/u_div/u_add_PartRem_9_5
                                      41.4540      0.0      41.4540      0.0000       0.0000  vexu_EN_RVV1_DW01_add_1808
u_npu_core/u_core/u_vexu/rem_862_G2/u_div/u_add_PartRem_9_6
                                      41.5800      0.0      41.5800      0.0000       0.0000  vexu_EN_RVV1_DW01_add_1809
u_npu_core/u_core/u_vexu/rem_862_G2/u_div/u_add_PartRem_9_7
                                      41.5800      0.0      41.5800      0.0000       0.0000  vexu_EN_RVV1_DW01_add_1810
u_npu_core/u_core/u_vexu/rem_862_G2/u_div/u_inc_RInc
                                      69.8040      0.0      69.8040      0.0000       0.0000  vexu_EN_RVV1_DW_inc_67
u_npu_core/u_core/u_vexu/rem_862_G3/u_div/u_absval_AAbs/NEG
                                      48.5100      0.0      48.5100      0.0000       0.0000  vexu_EN_RVV1_DW01_inc_90
u_npu_core/u_core/u_vexu/rem_862_G3/u_div/u_add_B3
                                     164.5560      0.0     164.5560      0.0000       0.0000  vexu_EN_RVV1_DW01_add_1954
u_npu_core/u_core/u_vexu/rem_862_G3/u_div/u_add_B5
                                     166.9500      0.0     166.9500      0.0000       0.0000  vexu_EN_RVV1_DW01_add_1955
u_npu_core/u_core/u_vexu/rem_862_G3/u_div/u_add_B6
                                     161.7840      0.0     161.7840      0.0000       0.0000  vexu_EN_RVV1_DW01_add_1956
u_npu_core/u_core/u_vexu/rem_862_G3/u_div/u_add_B7
                                     181.6920      0.0     181.6920      0.0000       0.0000  vexu_EN_RVV1_DW01_sub_246
u_npu_core/u_core/u_vexu/rem_862_G3/u_div/u_add_PartRem_0_1
                                     175.1400      0.0     175.1400      0.0000       0.0000  vexu_EN_RVV1_DW01_add_2027
u_npu_core/u_core/u_vexu/rem_862_G3/u_div/u_add_PartRem_0_2
                                     174.7620      0.0     174.7620      0.0000       0.0000  vexu_EN_RVV1_DW01_add_2028
u_npu_core/u_core/u_vexu/rem_862_G3/u_div/u_add_PartRem_0_3
                                     194.0400      0.0     194.0400      0.0000       0.0000  vexu_EN_RVV1_DW01_add_2029
u_npu_core/u_core/u_vexu/rem_862_G3/u_div/u_add_PartRem_0_4
                                     185.0940      0.0     185.0940      0.0000       0.0000  vexu_EN_RVV1_DW01_add_2030
u_npu_core/u_core/u_vexu/rem_862_G3/u_div/u_add_PartRem_0_5
                                     197.8200      0.0     197.8200      0.0000       0.0000  vexu_EN_RVV1_DW01_add_2031
u_npu_core/u_core/u_vexu/rem_862_G3/u_div/u_add_PartRem_0_6
                                     195.1740      0.0     195.1740      0.0000       0.0000  vexu_EN_RVV1_DW01_add_2032
u_npu_core/u_core/u_vexu/rem_862_G3/u_div/u_add_PartRem_0_7
                                     196.6860      0.0     196.6860      0.0000       0.0000  vexu_EN_RVV1_DW01_add_2033
u_npu_core/u_core/u_vexu/rem_862_G3/u_div/u_add_PartRem_10_1
                                      16.7580      0.0      16.7580      0.0000       0.0000  vexu_EN_RVV1_DW01_add_1957
u_npu_core/u_core/u_vexu/rem_862_G3/u_div/u_add_PartRem_10_2
                                      14.3640      0.0      14.3640      0.0000       0.0000  vexu_EN_RVV1_DW01_add_1958
u_npu_core/u_core/u_vexu/rem_862_G3/u_div/u_add_PartRem_10_3
                                      18.7740      0.0      18.7740      0.0000       0.0000  vexu_EN_RVV1_DW01_add_1959
u_npu_core/u_core/u_vexu/rem_862_G3/u_div/u_add_PartRem_1_1
                                     165.0600      0.0     165.0600      0.0000       0.0000  vexu_EN_RVV1_DW01_add_2020
u_npu_core/u_core/u_vexu/rem_862_G3/u_div/u_add_PartRem_1_2
                                     156.2400      0.0     156.2400      0.0000       0.0000  vexu_EN_RVV1_DW01_add_2021
u_npu_core/u_core/u_vexu/rem_862_G3/u_div/u_add_PartRem_1_3
                                     181.0620      0.0     181.0620      0.0000       0.0000  vexu_EN_RVV1_DW01_add_2022
u_npu_core/u_core/u_vexu/rem_862_G3/u_div/u_add_PartRem_1_4
                                     154.0980      0.0     154.0980      0.0000       0.0000  vexu_EN_RVV1_DW01_add_2023
u_npu_core/u_core/u_vexu/rem_862_G3/u_div/u_add_PartRem_1_5
                                     180.5580      0.0     180.5580      0.0000       0.0000  vexu_EN_RVV1_DW01_add_2024
u_npu_core/u_core/u_vexu/rem_862_G3/u_div/u_add_PartRem_1_6
                                     180.4320      0.0     180.4320      0.0000       0.0000  vexu_EN_RVV1_DW01_add_2025
u_npu_core/u_core/u_vexu/rem_862_G3/u_div/u_add_PartRem_1_7
                                     180.6840      0.0     180.6840      0.0000       0.0000  vexu_EN_RVV1_DW01_add_2026
u_npu_core/u_core/u_vexu/rem_862_G3/u_div/u_add_PartRem_2_1
                                     145.1520      0.0     145.1520      0.0000       0.0000  vexu_EN_RVV1_DW01_add_2013
u_npu_core/u_core/u_vexu/rem_862_G3/u_div/u_add_PartRem_2_2
                                     142.2540      0.0     142.2540      0.0000       0.0000  vexu_EN_RVV1_DW01_add_2014
u_npu_core/u_core/u_vexu/rem_862_G3/u_div/u_add_PartRem_2_3
                                     156.6180      0.0     156.6180      0.0000       0.0000  vexu_EN_RVV1_DW01_add_2015
u_npu_core/u_core/u_vexu/rem_862_G3/u_div/u_add_PartRem_2_4
                                     137.9700      0.0     137.9700      0.0000       0.0000  vexu_EN_RVV1_DW01_add_2016
u_npu_core/u_core/u_vexu/rem_862_G3/u_div/u_add_PartRem_2_5
                                     156.4920      0.0     156.4920      0.0000       0.0000  vexu_EN_RVV1_DW01_add_2017
u_npu_core/u_core/u_vexu/rem_862_G3/u_div/u_add_PartRem_2_6
                                     156.8700      0.0     156.8700      0.0000       0.0000  vexu_EN_RVV1_DW01_add_2018
u_npu_core/u_core/u_vexu/rem_862_G3/u_div/u_add_PartRem_2_7
                                     156.2400      0.0     156.2400      0.0000       0.0000  vexu_EN_RVV1_DW01_add_2019
u_npu_core/u_core/u_vexu/rem_862_G3/u_div/u_add_PartRem_3_1
                                     129.0240      0.0     129.0240      0.0000       0.0000  vexu_EN_RVV1_DW01_add_2006
u_npu_core/u_core/u_vexu/rem_862_G3/u_div/u_add_PartRem_3_2
                                     126.1260      0.0     126.1260      0.0000       0.0000  vexu_EN_RVV1_DW01_add_2007
u_npu_core/u_core/u_vexu/rem_862_G3/u_div/u_add_PartRem_3_3
                                     136.4580      0.0     136.4580      0.0000       0.0000  vexu_EN_RVV1_DW01_add_2008
u_npu_core/u_core/u_vexu/rem_862_G3/u_div/u_add_PartRem_3_4
                                     120.3300      0.0     120.3300      0.0000       0.0000  vexu_EN_RVV1_DW01_add_2009
u_npu_core/u_core/u_vexu/rem_862_G3/u_div/u_add_PartRem_3_5
                                     137.2140      0.0     137.2140      0.0000       0.0000  vexu_EN_RVV1_DW01_add_2010
u_npu_core/u_core/u_vexu/rem_862_G3/u_div/u_add_PartRem_3_6
                                     137.0880      0.0     137.0880      0.0000       0.0000  vexu_EN_RVV1_DW01_add_2011
u_npu_core/u_core/u_vexu/rem_862_G3/u_div/u_add_PartRem_3_7
                                     136.8360      0.0     136.8360      0.0000       0.0000  vexu_EN_RVV1_DW01_add_2012
u_npu_core/u_core/u_vexu/rem_862_G3/u_div/u_add_PartRem_4_1
                                     112.5180      0.0     112.5180      0.0000       0.0000  vexu_EN_RVV1_DW01_add_1999
u_npu_core/u_core/u_vexu/rem_862_G3/u_div/u_add_PartRem_4_2
                                     108.7380      0.0     108.7380      0.0000       0.0000  vexu_EN_RVV1_DW01_add_2000
u_npu_core/u_core/u_vexu/rem_862_G3/u_div/u_add_PartRem_4_3
                                     118.6920      0.0     118.6920      0.0000       0.0000  vexu_EN_RVV1_DW01_add_2001
u_npu_core/u_core/u_vexu/rem_862_G3/u_div/u_add_PartRem_4_4
                                     104.5800      0.0     104.5800      0.0000       0.0000  vexu_EN_RVV1_DW01_add_2002
u_npu_core/u_core/u_vexu/rem_862_G3/u_div/u_add_PartRem_4_5
                                     118.6920      0.0     118.6920      0.0000       0.0000  vexu_EN_RVV1_DW01_add_2003
u_npu_core/u_core/u_vexu/rem_862_G3/u_div/u_add_PartRem_4_6
                                     119.8260      0.0     119.8260      0.0000       0.0000  vexu_EN_RVV1_DW01_add_2004
u_npu_core/u_core/u_vexu/rem_862_G3/u_div/u_add_PartRem_4_7
                                     119.3220      0.0     119.3220      0.0000       0.0000  vexu_EN_RVV1_DW01_add_2005
u_npu_core/u_core/u_vexu/rem_862_G3/u_div/u_add_PartRem_5_1
                                      97.0200      0.0      97.0200      0.0000       0.0000  vexu_EN_RVV1_DW01_add_1992
u_npu_core/u_core/u_vexu/rem_862_G3/u_div/u_add_PartRem_5_2
                                      93.2400      0.0      93.2400      0.0000       0.0000  vexu_EN_RVV1_DW01_add_1993
u_npu_core/u_core/u_vexu/rem_862_G3/u_div/u_add_PartRem_5_3
                                     101.1780      0.0     101.1780      0.0000       0.0000  vexu_EN_RVV1_DW01_add_1994
u_npu_core/u_core/u_vexu/rem_862_G3/u_div/u_add_PartRem_5_4
                                      92.1060      0.0      92.1060      0.0000       0.0000  vexu_EN_RVV1_DW01_add_1995
u_npu_core/u_core/u_vexu/rem_862_G3/u_div/u_add_PartRem_5_5
                                     101.0520      0.0     101.0520      0.0000       0.0000  vexu_EN_RVV1_DW01_add_1996
u_npu_core/u_core/u_vexu/rem_862_G3/u_div/u_add_PartRem_5_6
                                     102.3120      0.0     102.3120      0.0000       0.0000  vexu_EN_RVV1_DW01_add_1997
u_npu_core/u_core/u_vexu/rem_862_G3/u_div/u_add_PartRem_5_7
                                     101.4300      0.0     101.4300      0.0000       0.0000  vexu_EN_RVV1_DW01_add_1998
u_npu_core/u_core/u_vexu/rem_862_G3/u_div/u_add_PartRem_6_1
                                      86.1840      0.0      86.1840      0.0000       0.0000  vexu_EN_RVV1_DW01_add_1985
u_npu_core/u_core/u_vexu/rem_862_G3/u_div/u_add_PartRem_6_2
                                      79.0020      0.0      79.0020      0.0000       0.0000  vexu_EN_RVV1_DW01_add_1986
u_npu_core/u_core/u_vexu/rem_862_G3/u_div/u_add_PartRem_6_3
                                      89.7120      0.0      89.7120      0.0000       0.0000  vexu_EN_RVV1_DW01_add_1987
u_npu_core/u_core/u_vexu/rem_862_G3/u_div/u_add_PartRem_6_4
                                      75.0960      0.0      75.0960      0.0000       0.0000  vexu_EN_RVV1_DW01_add_1988
u_npu_core/u_core/u_vexu/rem_862_G3/u_div/u_add_PartRem_6_5
                                      89.9640      0.0      89.9640      0.0000       0.0000  vexu_EN_RVV1_DW01_add_1989
u_npu_core/u_core/u_vexu/rem_862_G3/u_div/u_add_PartRem_6_6
                                      92.7360      0.0      92.7360      0.0000       0.0000  vexu_EN_RVV1_DW01_add_1990
u_npu_core/u_core/u_vexu/rem_862_G3/u_div/u_add_PartRem_6_7
                                      91.2240      0.0      91.2240      0.0000       0.0000  vexu_EN_RVV1_DW01_add_1991
u_npu_core/u_core/u_vexu/rem_862_G3/u_div/u_add_PartRem_7_1
                                      69.6780      0.0      69.6780      0.0000       0.0000  vexu_EN_RVV1_DW01_add_1978
u_npu_core/u_core/u_vexu/rem_862_G3/u_div/u_add_PartRem_7_2
                                      63.2520      0.0      63.2520      0.0000       0.0000  vexu_EN_RVV1_DW01_add_1979
u_npu_core/u_core/u_vexu/rem_862_G3/u_div/u_add_PartRem_7_3
                                      70.8120      0.0      70.8120      0.0000       0.0000  vexu_EN_RVV1_DW01_add_1980
u_npu_core/u_core/u_vexu/rem_862_G3/u_div/u_add_PartRem_7_4
                                      58.8420      0.0      58.8420      0.0000       0.0000  vexu_EN_RVV1_DW01_add_1981
u_npu_core/u_core/u_vexu/rem_862_G3/u_div/u_add_PartRem_7_5
                                      72.0720      0.0      72.0720      0.0000       0.0000  vexu_EN_RVV1_DW01_add_1982
u_npu_core/u_core/u_vexu/rem_862_G3/u_div/u_add_PartRem_7_6
                                      70.8120      0.0      70.8120      0.0000       0.0000  vexu_EN_RVV1_DW01_add_1983
u_npu_core/u_core/u_vexu/rem_862_G3/u_div/u_add_PartRem_7_7
                                      72.3240      0.0      72.3240      0.0000       0.0000  vexu_EN_RVV1_DW01_add_1984
u_npu_core/u_core/u_vexu/rem_862_G3/u_div/u_add_PartRem_8_1
                                      52.4160      0.0      52.4160      0.0000       0.0000  vexu_EN_RVV1_DW01_add_1971
u_npu_core/u_core/u_vexu/rem_862_G3/u_div/u_add_PartRem_8_2
                                      48.6360      0.0      48.6360      0.0000       0.0000  vexu_EN_RVV1_DW01_add_1972
u_npu_core/u_core/u_vexu/rem_862_G3/u_div/u_add_PartRem_8_3
                                      53.4240      0.0      53.4240      0.0000       0.0000  vexu_EN_RVV1_DW01_add_1973
u_npu_core/u_core/u_vexu/rem_862_G3/u_div/u_add_PartRem_8_4
                                      45.9900      0.0      45.9900      0.0000       0.0000  vexu_EN_RVV1_DW01_add_1974
u_npu_core/u_core/u_vexu/rem_862_G3/u_div/u_add_PartRem_8_5
                                      54.5580      0.0      54.5580      0.0000       0.0000  vexu_EN_RVV1_DW01_add_1975
u_npu_core/u_core/u_vexu/rem_862_G3/u_div/u_add_PartRem_8_6
                                      54.9360      0.0      54.9360      0.0000       0.0000  vexu_EN_RVV1_DW01_add_1976
u_npu_core/u_core/u_vexu/rem_862_G3/u_div/u_add_PartRem_8_7
                                      55.1880      0.0      55.1880      0.0000       0.0000  vexu_EN_RVV1_DW01_add_1977
u_npu_core/u_core/u_vexu/rem_862_G3/u_div/u_add_PartRem_9_1
                                      39.6900      0.0      39.6900      0.0000       0.0000  vexu_EN_RVV1_DW01_add_1964
u_npu_core/u_core/u_vexu/rem_862_G3/u_div/u_add_PartRem_9_2
                                      30.2400      0.0      30.2400      0.0000       0.0000  vexu_EN_RVV1_DW01_add_1965
u_npu_core/u_core/u_vexu/rem_862_G3/u_div/u_add_PartRem_9_3
                                      40.6980      0.0      40.6980      0.0000       0.0000  vexu_EN_RVV1_DW01_add_1966
u_npu_core/u_core/u_vexu/rem_862_G3/u_div/u_add_PartRem_9_4
                                      25.9560      0.0      25.9560      0.0000       0.0000  vexu_EN_RVV1_DW01_add_1967
u_npu_core/u_core/u_vexu/rem_862_G3/u_div/u_add_PartRem_9_5
                                      41.0760      0.0      41.0760      0.0000       0.0000  vexu_EN_RVV1_DW01_add_1968
u_npu_core/u_core/u_vexu/rem_862_G3/u_div/u_add_PartRem_9_6
                                      41.2020      0.0      41.2020      0.0000       0.0000  vexu_EN_RVV1_DW01_add_1969
u_npu_core/u_core/u_vexu/rem_862_G3/u_div/u_add_PartRem_9_7
                                      41.5800      0.0      41.5800      0.0000       0.0000  vexu_EN_RVV1_DW01_add_1970
u_npu_core/u_core/u_vexu/rem_862_G3/u_div/u_inc_RInc
                                      73.0800      0.0      73.0800      0.0000       0.0000  vexu_EN_RVV1_DW_inc_71
u_npu_core/u_core/u_vexu/rem_862_G4/u_div/u_absval_AAbs/NEG
                                      44.9820      0.0      44.9820      0.0000       0.0000  vexu_EN_RVV1_DW01_inc_89
u_npu_core/u_core/u_vexu/rem_862_G4/u_div/u_add_B3
                                     167.2020      0.0     167.2020      0.0000       0.0000  vexu_EN_RVV1_DW01_add_1874
u_npu_core/u_core/u_vexu/rem_862_G4/u_div/u_add_B5
                                     166.9500      0.0     166.9500      0.0000       0.0000  vexu_EN_RVV1_DW01_add_1875
u_npu_core/u_core/u_vexu/rem_862_G4/u_div/u_add_B6
                                     161.2800      0.0     161.2800      0.0000       0.0000  vexu_EN_RVV1_DW01_add_1876
u_npu_core/u_core/u_vexu/rem_862_G4/u_div/u_add_B7
                                     181.4400      0.0     181.4400      0.0000       0.0000  vexu_EN_RVV1_DW01_sub_245
u_npu_core/u_core/u_vexu/rem_862_G4/u_div/u_add_PartRem_0_1
                                     177.4080      0.0     177.4080      0.0000       0.0000  vexu_EN_RVV1_DW01_add_1947
u_npu_core/u_core/u_vexu/rem_862_G4/u_div/u_add_PartRem_0_2
                                     176.6520      0.0     176.6520      0.0000       0.0000  vexu_EN_RVV1_DW01_add_1948
u_npu_core/u_core/u_vexu/rem_862_G4/u_div/u_add_PartRem_0_3
                                     195.6780      0.0     195.6780      0.0000       0.0000  vexu_EN_RVV1_DW01_add_1949
u_npu_core/u_core/u_vexu/rem_862_G4/u_div/u_add_PartRem_0_4
                                     184.4640      0.0     184.4640      0.0000       0.0000  vexu_EN_RVV1_DW01_add_1950
u_npu_core/u_core/u_vexu/rem_862_G4/u_div/u_add_PartRem_0_5
                                     196.1820      0.0     196.1820      0.0000       0.0000  vexu_EN_RVV1_DW01_add_1951
u_npu_core/u_core/u_vexu/rem_862_G4/u_div/u_add_PartRem_0_6
                                     199.4580      0.0     199.4580      0.0000       0.0000  vexu_EN_RVV1_DW01_add_1952
u_npu_core/u_core/u_vexu/rem_862_G4/u_div/u_add_PartRem_0_7
                                     196.6860      0.0     196.6860      0.0000       0.0000  vexu_EN_RVV1_DW01_add_1953
u_npu_core/u_core/u_vexu/rem_862_G4/u_div/u_add_PartRem_10_1
                                      17.0100      0.0      17.0100      0.0000       0.0000  vexu_EN_RVV1_DW01_add_1877
u_npu_core/u_core/u_vexu/rem_862_G4/u_div/u_add_PartRem_10_2
                                      14.3640      0.0      14.3640      0.0000       0.0000  vexu_EN_RVV1_DW01_add_1878
u_npu_core/u_core/u_vexu/rem_862_G4/u_div/u_add_PartRem_10_3
                                      19.9080      0.0      19.9080      0.0000       0.0000  vexu_EN_RVV1_DW01_add_1879
u_npu_core/u_core/u_vexu/rem_862_G4/u_div/u_add_PartRem_1_1
                                     166.1940      0.0     166.1940      0.0000       0.0000  vexu_EN_RVV1_DW01_add_1940
u_npu_core/u_core/u_vexu/rem_862_G4/u_div/u_add_PartRem_1_2
                                     156.9960      0.0     156.9960      0.0000       0.0000  vexu_EN_RVV1_DW01_add_1941
u_npu_core/u_core/u_vexu/rem_862_G4/u_div/u_add_PartRem_1_3
                                     182.3220      0.0     182.3220      0.0000       0.0000  vexu_EN_RVV1_DW01_add_1942
u_npu_core/u_core/u_vexu/rem_862_G4/u_div/u_add_PartRem_1_4
                                     159.0120      0.0     159.0120      0.0000       0.0000  vexu_EN_RVV1_DW01_add_1943
u_npu_core/u_core/u_vexu/rem_862_G4/u_div/u_add_PartRem_1_5
                                     180.1800      0.0     180.1800      0.0000       0.0000  vexu_EN_RVV1_DW01_add_1944
u_npu_core/u_core/u_vexu/rem_862_G4/u_div/u_add_PartRem_1_6
                                     180.4320      0.0     180.4320      0.0000       0.0000  vexu_EN_RVV1_DW01_add_1945
u_npu_core/u_core/u_vexu/rem_862_G4/u_div/u_add_PartRem_1_7
                                     180.1800      0.0     180.1800      0.0000       0.0000  vexu_EN_RVV1_DW01_add_1946
u_npu_core/u_core/u_vexu/rem_862_G4/u_div/u_add_PartRem_2_1
                                     146.4120      0.0     146.4120      0.0000       0.0000  vexu_EN_RVV1_DW01_add_1933
u_npu_core/u_core/u_vexu/rem_862_G4/u_div/u_add_PartRem_2_2
                                     142.8840      0.0     142.8840      0.0000       0.0000  vexu_EN_RVV1_DW01_add_1934
u_npu_core/u_core/u_vexu/rem_862_G4/u_div/u_add_PartRem_2_3
                                     155.9880      0.0     155.9880      0.0000       0.0000  vexu_EN_RVV1_DW01_add_1935
u_npu_core/u_core/u_vexu/rem_862_G4/u_div/u_add_PartRem_2_4
                                     141.2460      0.0     141.2460      0.0000       0.0000  vexu_EN_RVV1_DW01_add_1936
u_npu_core/u_core/u_vexu/rem_862_G4/u_div/u_add_PartRem_2_5
                                     156.2400      0.0     156.2400      0.0000       0.0000  vexu_EN_RVV1_DW01_add_1937
u_npu_core/u_core/u_vexu/rem_862_G4/u_div/u_add_PartRem_2_6
                                     157.6260      0.0     157.6260      0.0000       0.0000  vexu_EN_RVV1_DW01_add_1938
u_npu_core/u_core/u_vexu/rem_862_G4/u_div/u_add_PartRem_2_7
                                     156.7440      0.0     156.7440      0.0000       0.0000  vexu_EN_RVV1_DW01_add_1939
u_npu_core/u_core/u_vexu/rem_862_G4/u_div/u_add_PartRem_3_1
                                     129.2760      0.0     129.2760      0.0000       0.0000  vexu_EN_RVV1_DW01_add_1926
u_npu_core/u_core/u_vexu/rem_862_G4/u_div/u_add_PartRem_3_2
                                     127.1340      0.0     127.1340      0.0000       0.0000  vexu_EN_RVV1_DW01_add_1927
u_npu_core/u_core/u_vexu/rem_862_G4/u_div/u_add_PartRem_3_3
                                     135.5760      0.0     135.5760      0.0000       0.0000  vexu_EN_RVV1_DW01_add_1928
u_npu_core/u_core/u_vexu/rem_862_G4/u_div/u_add_PartRem_3_4
                                     121.7160      0.0     121.7160      0.0000       0.0000  vexu_EN_RVV1_DW01_add_1929
u_npu_core/u_core/u_vexu/rem_862_G4/u_div/u_add_PartRem_3_5
                                     135.9540      0.0     135.9540      0.0000       0.0000  vexu_EN_RVV1_DW01_add_1930
u_npu_core/u_core/u_vexu/rem_862_G4/u_div/u_add_PartRem_3_6
                                     136.8360      0.0     136.8360      0.0000       0.0000  vexu_EN_RVV1_DW01_add_1931
u_npu_core/u_core/u_vexu/rem_862_G4/u_div/u_add_PartRem_3_7
                                     137.0880      0.0     137.0880      0.0000       0.0000  vexu_EN_RVV1_DW01_add_1932
u_npu_core/u_core/u_vexu/rem_862_G4/u_div/u_add_PartRem_4_1
                                     112.5180      0.0     112.5180      0.0000       0.0000  vexu_EN_RVV1_DW01_add_1919
u_npu_core/u_core/u_vexu/rem_862_G4/u_div/u_add_PartRem_4_2
                                     109.7460      0.0     109.7460      0.0000       0.0000  vexu_EN_RVV1_DW01_add_1920
u_npu_core/u_core/u_vexu/rem_862_G4/u_div/u_add_PartRem_4_3
                                     117.8100      0.0     117.8100      0.0000       0.0000  vexu_EN_RVV1_DW01_add_1921
u_npu_core/u_core/u_vexu/rem_862_G4/u_div/u_add_PartRem_4_4
                                     105.4620      0.0     105.4620      0.0000       0.0000  vexu_EN_RVV1_DW01_add_1922
u_npu_core/u_core/u_vexu/rem_862_G4/u_div/u_add_PartRem_4_5
                                     118.0620      0.0     118.0620      0.0000       0.0000  vexu_EN_RVV1_DW01_add_1923
u_npu_core/u_core/u_vexu/rem_862_G4/u_div/u_add_PartRem_4_6
                                     118.5660      0.0     118.5660      0.0000       0.0000  vexu_EN_RVV1_DW01_add_1924
u_npu_core/u_core/u_vexu/rem_862_G4/u_div/u_add_PartRem_4_7
                                     119.0700      0.0     119.0700      0.0000       0.0000  vexu_EN_RVV1_DW01_add_1925
u_npu_core/u_core/u_vexu/rem_862_G4/u_div/u_add_PartRem_5_1
                                      98.0280      0.0      98.0280      0.0000       0.0000  vexu_EN_RVV1_DW01_add_1912
u_npu_core/u_core/u_vexu/rem_862_G4/u_div/u_add_PartRem_5_2
                                      93.3660      0.0      93.3660      0.0000       0.0000  vexu_EN_RVV1_DW01_add_1913
u_npu_core/u_core/u_vexu/rem_862_G4/u_div/u_add_PartRem_5_3
                                     101.9340      0.0     101.9340      0.0000       0.0000  vexu_EN_RVV1_DW01_add_1914
u_npu_core/u_core/u_vexu/rem_862_G4/u_div/u_add_PartRem_5_4
                                      91.3500      0.0      91.3500      0.0000       0.0000  vexu_EN_RVV1_DW01_add_1915
u_npu_core/u_core/u_vexu/rem_862_G4/u_div/u_add_PartRem_5_5
                                     101.1780      0.0     101.1780      0.0000       0.0000  vexu_EN_RVV1_DW01_add_1916
u_npu_core/u_core/u_vexu/rem_862_G4/u_div/u_add_PartRem_5_6
                                     102.6900      0.0     102.6900      0.0000       0.0000  vexu_EN_RVV1_DW01_add_1917
u_npu_core/u_core/u_vexu/rem_862_G4/u_div/u_add_PartRem_5_7
                                     101.9340      0.0     101.9340      0.0000       0.0000  vexu_EN_RVV1_DW01_add_1918
u_npu_core/u_core/u_vexu/rem_862_G4/u_div/u_add_PartRem_6_1
                                      86.6880      0.0      86.6880      0.0000       0.0000  vexu_EN_RVV1_DW01_add_1905
u_npu_core/u_core/u_vexu/rem_862_G4/u_div/u_add_PartRem_6_2
                                      79.1280      0.0      79.1280      0.0000       0.0000  vexu_EN_RVV1_DW01_add_1906
u_npu_core/u_core/u_vexu/rem_862_G4/u_div/u_add_PartRem_6_3
                                      90.9720      0.0      90.9720      0.0000       0.0000  vexu_EN_RVV1_DW01_add_1907
u_npu_core/u_core/u_vexu/rem_862_G4/u_div/u_add_PartRem_6_4
                                      74.3400      0.0      74.3400      0.0000       0.0000  vexu_EN_RVV1_DW01_add_1908
u_npu_core/u_core/u_vexu/rem_862_G4/u_div/u_add_PartRem_6_5
                                      89.9640      0.0      89.9640      0.0000       0.0000  vexu_EN_RVV1_DW01_add_1909
u_npu_core/u_core/u_vexu/rem_862_G4/u_div/u_add_PartRem_6_6
                                      91.0980      0.0      91.0980      0.0000       0.0000  vexu_EN_RVV1_DW01_add_1910
u_npu_core/u_core/u_vexu/rem_862_G4/u_div/u_add_PartRem_6_7
                                      90.4680      0.0      90.4680      0.0000       0.0000  vexu_EN_RVV1_DW01_add_1911
u_npu_core/u_core/u_vexu/rem_862_G4/u_div/u_add_PartRem_7_1
                                      71.9460      0.0      71.9460      0.0000       0.0000  vexu_EN_RVV1_DW01_add_1898
u_npu_core/u_core/u_vexu/rem_862_G4/u_div/u_add_PartRem_7_2
                                      64.5120      0.0      64.5120      0.0000       0.0000  vexu_EN_RVV1_DW01_add_1899
u_npu_core/u_core/u_vexu/rem_862_G4/u_div/u_add_PartRem_7_3
                                      70.5600      0.0      70.5600      0.0000       0.0000  vexu_EN_RVV1_DW01_add_1900
u_npu_core/u_core/u_vexu/rem_862_G4/u_div/u_add_PartRem_7_4
                                      59.2200      0.0      59.2200      0.0000       0.0000  vexu_EN_RVV1_DW01_add_1901
u_npu_core/u_core/u_vexu/rem_862_G4/u_div/u_add_PartRem_7_5
                                      70.4340      0.0      70.4340      0.0000       0.0000  vexu_EN_RVV1_DW01_add_1902
u_npu_core/u_core/u_vexu/rem_862_G4/u_div/u_add_PartRem_7_6
                                      71.6940      0.0      71.6940      0.0000       0.0000  vexu_EN_RVV1_DW01_add_1903
u_npu_core/u_core/u_vexu/rem_862_G4/u_div/u_add_PartRem_7_7
                                      70.9380      0.0      70.9380      0.0000       0.0000  vexu_EN_RVV1_DW01_add_1904
u_npu_core/u_core/u_vexu/rem_862_G4/u_div/u_add_PartRem_8_1
                                      55.9440      0.0      55.9440      0.0000       0.0000  vexu_EN_RVV1_DW01_add_1891
u_npu_core/u_core/u_vexu/rem_862_G4/u_div/u_add_PartRem_8_2
                                      51.9120      0.0      51.9120      0.0000       0.0000  vexu_EN_RVV1_DW01_add_1892
u_npu_core/u_core/u_vexu/rem_862_G4/u_div/u_add_PartRem_8_3
                                      54.3060      0.0      54.3060      0.0000       0.0000  vexu_EN_RVV1_DW01_add_1893
u_npu_core/u_core/u_vexu/rem_862_G4/u_div/u_add_PartRem_8_4
                                      48.8880      0.0      48.8880      0.0000       0.0000  vexu_EN_RVV1_DW01_add_1894
u_npu_core/u_core/u_vexu/rem_862_G4/u_div/u_add_PartRem_8_5
                                      55.5660      0.0      55.5660      0.0000       0.0000  vexu_EN_RVV1_DW01_add_1895
u_npu_core/u_core/u_vexu/rem_862_G4/u_div/u_add_PartRem_8_6
                                      55.0620      0.0      55.0620      0.0000       0.0000  vexu_EN_RVV1_DW01_add_1896
u_npu_core/u_core/u_vexu/rem_862_G4/u_div/u_add_PartRem_8_7
                                      56.0700      0.0      56.0700      0.0000       0.0000  vexu_EN_RVV1_DW01_add_1897
u_npu_core/u_core/u_vexu/rem_862_G4/u_div/u_add_PartRem_9_1
                                      39.6900      0.0      39.6900      0.0000       0.0000  vexu_EN_RVV1_DW01_add_1884
u_npu_core/u_core/u_vexu/rem_862_G4/u_div/u_add_PartRem_9_2
                                      33.1380      0.0      33.1380      0.0000       0.0000  vexu_EN_RVV1_DW01_add_1885
u_npu_core/u_core/u_vexu/rem_862_G4/u_div/u_add_PartRem_9_3
                                      40.6980      0.0      40.6980      0.0000       0.0000  vexu_EN_RVV1_DW01_add_1886
u_npu_core/u_core/u_vexu/rem_862_G4/u_div/u_add_PartRem_9_4
                                      27.0900      0.0      27.0900      0.0000       0.0000  vexu_EN_RVV1_DW01_add_1887
u_npu_core/u_core/u_vexu/rem_862_G4/u_div/u_add_PartRem_9_5
                                      41.0760      0.0      41.0760      0.0000       0.0000  vexu_EN_RVV1_DW01_add_1888
u_npu_core/u_core/u_vexu/rem_862_G4/u_div/u_add_PartRem_9_6
                                      43.0920      0.0      43.0920      0.0000       0.0000  vexu_EN_RVV1_DW01_add_1889
u_npu_core/u_core/u_vexu/rem_862_G4/u_div/u_add_PartRem_9_7
                                      42.3360      0.0      42.3360      0.0000       0.0000  vexu_EN_RVV1_DW01_add_1890
u_npu_core/u_core/u_vexu/rem_862_G4/u_div/u_inc_RInc
                                      72.0720      0.0      72.0720      0.0000       0.0000  vexu_EN_RVV1_DW_inc_69
u_npu_core/u_core/u_vexu/sub_1065     35.1540      0.0      35.1540      0.0000       0.0000  vexu_EN_RVV1_DW01_dec_52_DW01_dec_91
u_npu_core/u_core/u_vexu/sub_1181     15.6240      0.0      15.6240      0.0000       0.0000  vexu_EN_RVV1_DW01_sub_68_DW01_sub_78
u_npu_core/u_core/u_vexu/sub_1374     35.7840      0.0      35.7840      0.0000       0.0000  vexu_EN_RVV1_DW01_sub_67_DW01_sub_77
u_npu_core/u_core/u_vexu/sub_1374_G2
                                      35.4060      0.0      35.4060      0.0000       0.0000  vexu_EN_RVV1_DW01_sub_66_DW01_sub_76
u_npu_core/u_core/u_vexu/sub_1374_G3
                                      35.7840      0.0      35.7840      0.0000       0.0000  vexu_EN_RVV1_DW01_sub_65_DW01_sub_75
u_npu_core/u_core/u_vexu/sub_1374_G4
                                      35.7840      0.0      35.7840      0.0000       0.0000  vexu_EN_RVV1_DW01_sub_64_DW01_sub_74
u_npu_core/u_core/u_vexu/sub_1374_G5
                                      35.7840      0.0      35.7840      0.0000       0.0000  vexu_EN_RVV1_DW01_sub_63_DW01_sub_73
u_npu_core/u_core/u_vexu/sub_1374_G6
                                      35.7840      0.0      35.7840      0.0000       0.0000  vexu_EN_RVV1_DW01_sub_62_DW01_sub_72
u_npu_core/u_core/u_vexu/sub_1374_G7
                                      35.7840      0.0      35.7840      0.0000       0.0000  vexu_EN_RVV1_DW01_sub_61_DW01_sub_71
u_npu_core/u_core/u_vexu/sub_1374_G8
                                      35.7840      0.0      35.7840      0.0000       0.0000  vexu_EN_RVV1_DW01_sub_60_DW01_sub_70
u_npu_core/u_core/u_vexu/sub_1397     72.0720      0.0      72.0720      0.0000       0.0000  vexu_EN_RVV1_DW01_sub_59_DW01_sub_69
u_npu_core/u_core/u_vexu/sub_1397_G2
                                      72.0720      0.0      72.0720      0.0000       0.0000  vexu_EN_RVV1_DW01_sub_58_DW01_sub_68
u_npu_core/u_core/u_vexu/sub_1397_G3
                                      72.0720      0.0      72.0720      0.0000       0.0000  vexu_EN_RVV1_DW01_sub_57_DW01_sub_67
u_npu_core/u_core/u_vexu/sub_1397_G4
                                      72.0720      0.0      72.0720      0.0000       0.0000  vexu_EN_RVV1_DW01_sub_56_DW01_sub_66
u_npu_core/u_core/u_vexu/sub_1493     20.5380      0.0      20.5380      0.0000       0.0000  vexu_EN_RVV1_DW01_sub_55_DW01_sub_65
u_npu_core/u_core/u_vexu/sub_1493_G10
                                      20.5380      0.0      20.5380      0.0000       0.0000  vexu_EN_RVV1_DW01_sub_37_DW01_sub_47
u_npu_core/u_core/u_vexu/sub_1493_G11
                                      20.5380      0.0      20.5380      0.0000       0.0000  vexu_EN_RVV1_DW01_sub_35_DW01_sub_45
u_npu_core/u_core/u_vexu/sub_1493_G12
                                      20.5380      0.0      20.5380      0.0000       0.0000  vexu_EN_RVV1_DW01_sub_33_DW01_sub_43
u_npu_core/u_core/u_vexu/sub_1493_G13
                                      20.5380      0.0      20.5380      0.0000       0.0000  vexu_EN_RVV1_DW01_sub_31_DW01_sub_41
u_npu_core/u_core/u_vexu/sub_1493_G14
                                      20.5380      0.0      20.5380      0.0000       0.0000  vexu_EN_RVV1_DW01_sub_29_DW01_sub_39
u_npu_core/u_core/u_vexu/sub_1493_G15
                                      20.5380      0.0      20.5380      0.0000       0.0000  vexu_EN_RVV1_DW01_sub_27_DW01_sub_37
u_npu_core/u_core/u_vexu/sub_1493_G16
                                      20.5380      0.0      20.5380      0.0000       0.0000  vexu_EN_RVV1_DW01_sub_25_DW01_sub_35
u_npu_core/u_core/u_vexu/sub_1493_G2
                                      20.5380      0.0      20.5380      0.0000       0.0000  vexu_EN_RVV1_DW01_sub_53_DW01_sub_63
u_npu_core/u_core/u_vexu/sub_1493_G3
                                      20.5380      0.0      20.5380      0.0000       0.0000  vexu_EN_RVV1_DW01_sub_51_DW01_sub_61
u_npu_core/u_core/u_vexu/sub_1493_G4
                                      20.5380      0.0      20.5380      0.0000       0.0000  vexu_EN_RVV1_DW01_sub_49_DW01_sub_59
u_npu_core/u_core/u_vexu/sub_1493_G5
                                      20.5380      0.0      20.5380      0.0000       0.0000  vexu_EN_RVV1_DW01_sub_47_DW01_sub_57
u_npu_core/u_core/u_vexu/sub_1493_G6
                                      20.5380      0.0      20.5380      0.0000       0.0000  vexu_EN_RVV1_DW01_sub_45_DW01_sub_55
u_npu_core/u_core/u_vexu/sub_1493_G7
                                      20.5380      0.0      20.5380      0.0000       0.0000  vexu_EN_RVV1_DW01_sub_43_DW01_sub_53
u_npu_core/u_core/u_vexu/sub_1493_G8
                                      20.5380      0.0      20.5380      0.0000       0.0000  vexu_EN_RVV1_DW01_sub_41_DW01_sub_51
u_npu_core/u_core/u_vexu/sub_1493_G9
                                      20.5380      0.0      20.5380      0.0000       0.0000  vexu_EN_RVV1_DW01_sub_39_DW01_sub_49
u_npu_core/u_core/u_vexu/sub_1495     18.6480      0.0      18.6480      0.0000       0.0000  vexu_EN_RVV1_DW01_sub_54_DW01_sub_64
u_npu_core/u_core/u_vexu/sub_1495_G10
                                      18.6480      0.0      18.6480      0.0000       0.0000  vexu_EN_RVV1_DW01_sub_36_DW01_sub_46
u_npu_core/u_core/u_vexu/sub_1495_G11
                                      18.6480      0.0      18.6480      0.0000       0.0000  vexu_EN_RVV1_DW01_sub_34_DW01_sub_44
u_npu_core/u_core/u_vexu/sub_1495_G12
                                      18.6480      0.0      18.6480      0.0000       0.0000  vexu_EN_RVV1_DW01_sub_32_DW01_sub_42
u_npu_core/u_core/u_vexu/sub_1495_G13
                                      18.6480      0.0      18.6480      0.0000       0.0000  vexu_EN_RVV1_DW01_sub_30_DW01_sub_40
u_npu_core/u_core/u_vexu/sub_1495_G14
                                      18.6480      0.0      18.6480      0.0000       0.0000  vexu_EN_RVV1_DW01_sub_28_DW01_sub_38
u_npu_core/u_core/u_vexu/sub_1495_G15
                                      18.6480      0.0      18.6480      0.0000       0.0000  vexu_EN_RVV1_DW01_sub_26_DW01_sub_36
u_npu_core/u_core/u_vexu/sub_1495_G16
                                      18.6480      0.0      18.6480      0.0000       0.0000  vexu_EN_RVV1_DW01_sub_24_DW01_sub_34
u_npu_core/u_core/u_vexu/sub_1495_G2
                                      18.6480      0.0      18.6480      0.0000       0.0000  vexu_EN_RVV1_DW01_sub_52_DW01_sub_62
u_npu_core/u_core/u_vexu/sub_1495_G3
                                      18.6480      0.0      18.6480      0.0000       0.0000  vexu_EN_RVV1_DW01_sub_50_DW01_sub_60
u_npu_core/u_core/u_vexu/sub_1495_G4
                                      18.6480      0.0      18.6480      0.0000       0.0000  vexu_EN_RVV1_DW01_sub_48_DW01_sub_58
u_npu_core/u_core/u_vexu/sub_1495_G5
                                      18.6480      0.0      18.6480      0.0000       0.0000  vexu_EN_RVV1_DW01_sub_46_DW01_sub_56
u_npu_core/u_core/u_vexu/sub_1495_G6
                                      18.6480      0.0      18.6480      0.0000       0.0000  vexu_EN_RVV1_DW01_sub_44_DW01_sub_54
u_npu_core/u_core/u_vexu/sub_1495_G7
                                      18.6480      0.0      18.6480      0.0000       0.0000  vexu_EN_RVV1_DW01_sub_42_DW01_sub_52
u_npu_core/u_core/u_vexu/sub_1495_G8
                                      18.6480      0.0      18.6480      0.0000       0.0000  vexu_EN_RVV1_DW01_sub_40_DW01_sub_50
u_npu_core/u_core/u_vexu/sub_1495_G9
                                      18.6480      0.0      18.6480      0.0000       0.0000  vexu_EN_RVV1_DW01_sub_38_DW01_sub_48
u_npu_core/u_core/u_vexu/sub_1541     39.6900      0.0      39.6900      0.0000       0.0000  vexu_EN_RVV1_DW01_sub_23_DW01_sub_33
u_npu_core/u_core/u_vexu/sub_1541_G2
                                      39.6900      0.0      39.6900      0.0000       0.0000  vexu_EN_RVV1_DW01_sub_21_DW01_sub_31
u_npu_core/u_core/u_vexu/sub_1541_G3
                                      39.6900      0.0      39.6900      0.0000       0.0000  vexu_EN_RVV1_DW01_sub_19_DW01_sub_29
u_npu_core/u_core/u_vexu/sub_1541_G4
                                      39.6900      0.0      39.6900      0.0000       0.0000  vexu_EN_RVV1_DW01_sub_17_DW01_sub_27
u_npu_core/u_core/u_vexu/sub_1541_G5
                                      39.6900      0.0      39.6900      0.0000       0.0000  vexu_EN_RVV1_DW01_sub_15_DW01_sub_25
u_npu_core/u_core/u_vexu/sub_1541_G6
                                      39.6900      0.0      39.6900      0.0000       0.0000  vexu_EN_RVV1_DW01_sub_13_DW01_sub_23
u_npu_core/u_core/u_vexu/sub_1541_G7
                                      39.6900      0.0      39.6900      0.0000       0.0000  vexu_EN_RVV1_DW01_sub_11_DW01_sub_21
u_npu_core/u_core/u_vexu/sub_1541_G8
                                      39.6900      0.0      39.6900      0.0000       0.0000  vexu_EN_RVV1_DW01_sub_9_DW01_sub_19
u_npu_core/u_core/u_vexu/sub_1543     37.8000      0.0      37.8000      0.0000       0.0000  vexu_EN_RVV1_DW01_sub_22_DW01_sub_32
u_npu_core/u_core/u_vexu/sub_1543_G2
                                      37.8000      0.0      37.8000      0.0000       0.0000  vexu_EN_RVV1_DW01_sub_20_DW01_sub_30
u_npu_core/u_core/u_vexu/sub_1543_G3
                                      37.8000      0.0      37.8000      0.0000       0.0000  vexu_EN_RVV1_DW01_sub_18_DW01_sub_28
u_npu_core/u_core/u_vexu/sub_1543_G4
                                      37.8000      0.0      37.8000      0.0000       0.0000  vexu_EN_RVV1_DW01_sub_16_DW01_sub_26
u_npu_core/u_core/u_vexu/sub_1543_G5
                                      37.8000      0.0      37.8000      0.0000       0.0000  vexu_EN_RVV1_DW01_sub_14_DW01_sub_24
u_npu_core/u_core/u_vexu/sub_1543_G6
                                      37.8000      0.0      37.8000      0.0000       0.0000  vexu_EN_RVV1_DW01_sub_12_DW01_sub_22
u_npu_core/u_core/u_vexu/sub_1543_G7
                                      37.8000      0.0      37.8000      0.0000       0.0000  vexu_EN_RVV1_DW01_sub_10_DW01_sub_20
u_npu_core/u_core/u_vexu/sub_1543_G8
                                      37.8000      0.0      37.8000      0.0000       0.0000  vexu_EN_RVV1_DW01_sub_8_DW01_sub_18
u_npu_core/u_core/u_vexu/sub_1558     17.0100      0.0      17.0100      0.0000       0.0000  vexu_EN_RVV1_DW01_dec_32_DW01_dec_71
u_npu_core/u_core/u_vexu/sub_1558_G2
                                      17.0100      0.0      17.0100      0.0000       0.0000  vexu_EN_RVV1_DW01_dec_31_DW01_dec_70
u_npu_core/u_core/u_vexu/sub_1558_G3
                                      17.0100      0.0      17.0100      0.0000       0.0000  vexu_EN_RVV1_DW01_dec_30_DW01_dec_69
u_npu_core/u_core/u_vexu/sub_1558_G4
                                      17.0100      0.0      17.0100      0.0000       0.0000  vexu_EN_RVV1_DW01_dec_29_DW01_dec_68
u_npu_core/u_core/u_vexu/sub_1558_G5
                                      17.0100      0.0      17.0100      0.0000       0.0000  vexu_EN_RVV1_DW01_dec_28_DW01_dec_67
u_npu_core/u_core/u_vexu/sub_1558_G6
                                      17.0100      0.0      17.0100      0.0000       0.0000  vexu_EN_RVV1_DW01_dec_27_DW01_dec_66
u_npu_core/u_core/u_vexu/sub_1558_G7
                                      17.0100      0.0      17.0100      0.0000       0.0000  vexu_EN_RVV1_DW01_dec_26_DW01_dec_65
u_npu_core/u_core/u_vexu/sub_1558_G8
                                      17.0100      0.0      17.0100      0.0000       0.0000  vexu_EN_RVV1_DW01_dec_25_DW01_dec_64
u_npu_core/u_core/u_vexu/sub_1586     77.9940      0.0      77.9940      0.0000       0.0000  vexu_EN_RVV1_DW01_sub_7_DW01_sub_17
u_npu_core/u_core/u_vexu/sub_1586_G2
                                      77.9940      0.0      77.9940      0.0000       0.0000  vexu_EN_RVV1_DW01_sub_5_DW01_sub_15
u_npu_core/u_core/u_vexu/sub_1586_G3
                                      77.9940      0.0      77.9940      0.0000       0.0000  vexu_EN_RVV1_DW01_sub_3_DW01_sub_13
u_npu_core/u_core/u_vexu/sub_1586_G4
                                      77.9940      0.0      77.9940      0.0000       0.0000  vexu_EN_RVV1_DW01_sub_1_DW01_sub_11
u_npu_core/u_core/u_vexu/sub_1588     76.1040      0.0      76.1040      0.0000       0.0000  vexu_EN_RVV1_DW01_sub_6_DW01_sub_16
u_npu_core/u_core/u_vexu/sub_1588_G2
                                      76.1040      0.0      76.1040      0.0000       0.0000  vexu_EN_RVV1_DW01_sub_4_DW01_sub_14
u_npu_core/u_core/u_vexu/sub_1588_G3
                                      76.1040      0.0      76.1040      0.0000       0.0000  vexu_EN_RVV1_DW01_sub_2_DW01_sub_12
u_npu_core/u_core/u_vexu/sub_1588_G4
                                      76.1040      0.0      76.1040      0.0000       0.0000  vexu_EN_RVV1_DW01_sub_0_DW01_sub_10
u_npu_core/u_core/u_vexu/sub_1603     35.1540      0.0      35.1540      0.0000       0.0000  vexu_EN_RVV1_DW01_dec_24_DW01_dec_63
u_npu_core/u_core/u_vexu/sub_1603_G2
                                      35.1540      0.0      35.1540      0.0000       0.0000  vexu_EN_RVV1_DW01_dec_22_DW01_dec_61
u_npu_core/u_core/u_vexu/sub_1603_G3
                                      35.1540      0.0      35.1540      0.0000       0.0000  vexu_EN_RVV1_DW01_dec_20_DW01_dec_59
u_npu_core/u_core/u_vexu/sub_1603_G4
                                      35.1540      0.0      35.1540      0.0000       0.0000  vexu_EN_RVV1_DW01_dec_18_DW01_dec_57
u_npu_core/u_core/u_vexu/sub_1632     17.0100      0.0      17.0100      0.0000       0.0000  vexu_EN_RVV1_DW01_dec_16_DW01_dec_55
u_npu_core/u_core/u_vexu/sub_1632_G2
                                      17.0100      0.0      17.0100      0.0000       0.0000  vexu_EN_RVV1_DW01_dec_15_DW01_dec_54
u_npu_core/u_core/u_vexu/sub_1632_G3
                                      17.0100      0.0      17.0100      0.0000       0.0000  vexu_EN_RVV1_DW01_dec_14_DW01_dec_53
u_npu_core/u_core/u_vexu/sub_1632_G4
                                      17.0100      0.0      17.0100      0.0000       0.0000  vexu_EN_RVV1_DW01_dec_13_DW01_dec_52
u_npu_core/u_core/u_vexu/sub_1632_G5
                                      17.0100      0.0      17.0100      0.0000       0.0000  vexu_EN_RVV1_DW01_dec_12_DW01_dec_51
u_npu_core/u_core/u_vexu/sub_1632_G6
                                      17.0100      0.0      17.0100      0.0000       0.0000  vexu_EN_RVV1_DW01_dec_11_DW01_dec_50
u_npu_core/u_core/u_vexu/sub_1632_G7
                                      17.0100      0.0      17.0100      0.0000       0.0000  vexu_EN_RVV1_DW01_dec_10_DW01_dec_49
u_npu_core/u_core/u_vexu/sub_1632_G8
                                      17.0100      0.0      17.0100      0.0000       0.0000  vexu_EN_RVV1_DW01_dec_9_DW01_dec_48
u_npu_core/u_core/u_vexu/sub_1660     35.1540      0.0      35.1540      0.0000       0.0000  vexu_EN_RVV1_DW01_dec_8_DW01_dec_47
u_npu_core/u_core/u_vexu/sub_1660_G2
                                      35.1540      0.0      35.1540      0.0000       0.0000  vexu_EN_RVV1_DW01_dec_6_DW01_dec_45
u_npu_core/u_core/u_vexu/sub_1660_G3
                                      35.1540      0.0      35.1540      0.0000       0.0000  vexu_EN_RVV1_DW01_dec_4_DW01_dec_43
u_npu_core/u_core/u_vexu/sub_1660_G4
                                      35.1540      0.0      35.1540      0.0000       0.0000  vexu_EN_RVV1_DW01_dec_2_DW01_dec_41
u_npu_core/u_core/u_vexu/sub_1736    143.8920      0.0     143.8920      0.0000       0.0000  vexu_EN_RVV1_DW01_dec_0_DW01_dec_39
u_npu_core/u_core/u_vexu/sub_1_root_sub_610_3
                                      19.0260      0.0      19.0260      0.0000       0.0000  vexu_EN_RVV1_DW01_sub_235_DW01_sub_245
u_npu_core/u_core/u_vexu/sub_1_root_sub_610_3_G10
                                      19.0260      0.0      19.0260      0.0000       0.0000  vexu_EN_RVV1_DW01_sub_208_DW01_sub_218
u_npu_core/u_core/u_vexu/sub_1_root_sub_610_3_G11
                                      19.0260      0.0      19.0260      0.0000       0.0000  vexu_EN_RVV1_DW01_sub_205_DW01_sub_215
u_npu_core/u_core/u_vexu/sub_1_root_sub_610_3_G12
                                      19.4040      0.0      19.4040      0.0000       0.0000  vexu_EN_RVV1_DW01_sub_202_DW01_sub_212
u_npu_core/u_core/u_vexu/sub_1_root_sub_610_3_G13
                                      19.0260      0.0      19.0260      0.0000       0.0000  vexu_EN_RVV1_DW01_sub_199_DW01_sub_209
u_npu_core/u_core/u_vexu/sub_1_root_sub_610_3_G14
                                      19.0260      0.0      19.0260      0.0000       0.0000  vexu_EN_RVV1_DW01_sub_196_DW01_sub_206
u_npu_core/u_core/u_vexu/sub_1_root_sub_610_3_G15
                                      19.0260      0.0      19.0260      0.0000       0.0000  vexu_EN_RVV1_DW01_sub_193_DW01_sub_203
u_npu_core/u_core/u_vexu/sub_1_root_sub_610_3_G16
                                      19.4040      0.0      19.4040      0.0000       0.0000  vexu_EN_RVV1_DW01_sub_190_DW01_sub_200
u_npu_core/u_core/u_vexu/sub_1_root_sub_610_3_G2
                                      19.0260      0.0      19.0260      0.0000       0.0000  vexu_EN_RVV1_DW01_sub_232_DW01_sub_242
u_npu_core/u_core/u_vexu/sub_1_root_sub_610_3_G3
                                      19.0260      0.0      19.0260      0.0000       0.0000  vexu_EN_RVV1_DW01_sub_229_DW01_sub_239
u_npu_core/u_core/u_vexu/sub_1_root_sub_610_3_G4
                                      19.4040      0.0      19.4040      0.0000       0.0000  vexu_EN_RVV1_DW01_sub_226_DW01_sub_236
u_npu_core/u_core/u_vexu/sub_1_root_sub_610_3_G5
                                      19.0260      0.0      19.0260      0.0000       0.0000  vexu_EN_RVV1_DW01_sub_223_DW01_sub_233
u_npu_core/u_core/u_vexu/sub_1_root_sub_610_3_G6
                                      19.0260      0.0      19.0260      0.0000       0.0000  vexu_EN_RVV1_DW01_sub_220_DW01_sub_230
u_npu_core/u_core/u_vexu/sub_1_root_sub_610_3_G7
                                      19.0260      0.0      19.0260      0.0000       0.0000  vexu_EN_RVV1_DW01_sub_217_DW01_sub_227
u_npu_core/u_core/u_vexu/sub_1_root_sub_610_3_G8
                                      19.4040      0.0      19.4040      0.0000       0.0000  vexu_EN_RVV1_DW01_sub_214_DW01_sub_224
u_npu_core/u_core/u_vexu/sub_1_root_sub_610_3_G9
                                      19.0260      0.0      19.0260      0.0000       0.0000  vexu_EN_RVV1_DW01_sub_211_DW01_sub_221
u_npu_core/u_core/u_vexu/sub_1_root_sub_637_3
                                      38.1780      0.0      38.1780      0.0000       0.0000  vexu_EN_RVV1_DW01_sub_187_DW01_sub_197
u_npu_core/u_core/u_vexu/sub_1_root_sub_637_3_G2
                                      38.5560      0.0      38.5560      0.0000       0.0000  vexu_EN_RVV1_DW01_sub_184_DW01_sub_194
u_npu_core/u_core/u_vexu/sub_1_root_sub_637_3_G3
                                      38.1780      0.0      38.1780      0.0000       0.0000  vexu_EN_RVV1_DW01_sub_181_DW01_sub_191
u_npu_core/u_core/u_vexu/sub_1_root_sub_637_3_G4
                                      38.5560      0.0      38.5560      0.0000       0.0000  vexu_EN_RVV1_DW01_sub_178_DW01_sub_188
u_npu_core/u_core/u_vexu/sub_1_root_sub_637_3_G5
                                      38.1780      0.0      38.1780      0.0000       0.0000  vexu_EN_RVV1_DW01_sub_175_DW01_sub_185
u_npu_core/u_core/u_vexu/sub_1_root_sub_637_3_G6
                                      38.5560      0.0      38.5560      0.0000       0.0000  vexu_EN_RVV1_DW01_sub_172_DW01_sub_182
u_npu_core/u_core/u_vexu/sub_1_root_sub_637_3_G7
                                      38.1780      0.0      38.1780      0.0000       0.0000  vexu_EN_RVV1_DW01_sub_169_DW01_sub_179
u_npu_core/u_core/u_vexu/sub_1_root_sub_637_3_G8
                                      38.5560      0.0      38.5560      0.0000       0.0000  vexu_EN_RVV1_DW01_sub_166_DW01_sub_176
u_npu_core/u_core/u_vexu/sub_1_root_sub_664_3
                                      76.8600      0.0      76.8600      0.0000       0.0000  vexu_EN_RVV1_DW01_sub_163_DW01_sub_173
u_npu_core/u_core/u_vexu/sub_1_root_sub_664_3_G2
                                      76.8600      0.0      76.8600      0.0000       0.0000  vexu_EN_RVV1_DW01_sub_160_DW01_sub_170
u_npu_core/u_core/u_vexu/sub_1_root_sub_664_3_G3
                                      76.8600      0.0      76.8600      0.0000       0.0000  vexu_EN_RVV1_DW01_sub_157_DW01_sub_167
u_npu_core/u_core/u_vexu/sub_1_root_sub_664_3_G4
                                      76.8600      0.0      76.8600      0.0000       0.0000  vexu_EN_RVV1_DW01_sub_154_DW01_sub_164
u_npu_core/u_core/u_vexu/sub_1_root_sub_741_2
                                      10.0800      0.0      10.0800      0.0000       0.0000  vexu_EN_RVV1_DW01_sub_152_DW01_sub_162
u_npu_core/u_core/u_vexu/sub_1_root_sub_741_2_G10
                                      10.0800      0.0      10.0800      0.0000       0.0000  vexu_EN_RVV1_DW01_sub_143_DW01_sub_153
u_npu_core/u_core/u_vexu/sub_1_root_sub_741_2_G11
                                      10.0800      0.0      10.0800      0.0000       0.0000  vexu_EN_RVV1_DW01_sub_142_DW01_sub_152
u_npu_core/u_core/u_vexu/sub_1_root_sub_741_2_G12
                                      10.0800      0.0      10.0800      0.0000       0.0000  vexu_EN_RVV1_DW01_sub_141_DW01_sub_151
u_npu_core/u_core/u_vexu/sub_1_root_sub_741_2_G13
                                      10.0800      0.0      10.0800      0.0000       0.0000  vexu_EN_RVV1_DW01_sub_140_DW01_sub_150
u_npu_core/u_core/u_vexu/sub_1_root_sub_741_2_G14
                                      10.0800      0.0      10.0800      0.0000       0.0000  vexu_EN_RVV1_DW01_sub_139_DW01_sub_149
u_npu_core/u_core/u_vexu/sub_1_root_sub_741_2_G15
                                      10.0800      0.0      10.0800      0.0000       0.0000  vexu_EN_RVV1_DW01_sub_138_DW01_sub_148
u_npu_core/u_core/u_vexu/sub_1_root_sub_741_2_G16
                                      10.0800      0.0      10.0800      0.0000       0.0000  vexu_EN_RVV1_DW01_sub_137_DW01_sub_147
u_npu_core/u_core/u_vexu/sub_1_root_sub_741_2_G2
                                      10.0800      0.0      10.0800      0.0000       0.0000  vexu_EN_RVV1_DW01_sub_151_DW01_sub_161
u_npu_core/u_core/u_vexu/sub_1_root_sub_741_2_G3
                                      10.0800      0.0      10.0800      0.0000       0.0000  vexu_EN_RVV1_DW01_sub_150_DW01_sub_160
u_npu_core/u_core/u_vexu/sub_1_root_sub_741_2_G4
                                      10.0800      0.0      10.0800      0.0000       0.0000  vexu_EN_RVV1_DW01_sub_149_DW01_sub_159
u_npu_core/u_core/u_vexu/sub_1_root_sub_741_2_G5
                                      10.0800      0.0      10.0800      0.0000       0.0000  vexu_EN_RVV1_DW01_sub_148_DW01_sub_158
u_npu_core/u_core/u_vexu/sub_1_root_sub_741_2_G6
                                      10.0800      0.0      10.0800      0.0000       0.0000  vexu_EN_RVV1_DW01_sub_147_DW01_sub_157
u_npu_core/u_core/u_vexu/sub_1_root_sub_741_2_G7
                                      10.0800      0.0      10.0800      0.0000       0.0000  vexu_EN_RVV1_DW01_sub_146_DW01_sub_156
u_npu_core/u_core/u_vexu/sub_1_root_sub_741_2_G8
                                      10.0800      0.0      10.0800      0.0000       0.0000  vexu_EN_RVV1_DW01_sub_145_DW01_sub_155
u_npu_core/u_core/u_vexu/sub_1_root_sub_741_2_G9
                                      10.0800      0.0      10.0800      0.0000       0.0000  vexu_EN_RVV1_DW01_sub_144_DW01_sub_154
u_npu_core/u_core/u_vexu/sub_1_root_sub_750_2
                                      20.1600      0.0      20.1600      0.0000       0.0000  vexu_EN_RVV1_DW01_sub_136_DW01_sub_146
u_npu_core/u_core/u_vexu/sub_1_root_sub_750_2_G2
                                      20.1600      0.0      20.1600      0.0000       0.0000  vexu_EN_RVV1_DW01_sub_135_DW01_sub_145
u_npu_core/u_core/u_vexu/sub_1_root_sub_750_2_G3
                                      20.1600      0.0      20.1600      0.0000       0.0000  vexu_EN_RVV1_DW01_sub_134_DW01_sub_144
u_npu_core/u_core/u_vexu/sub_1_root_sub_750_2_G4
                                      20.1600      0.0      20.1600      0.0000       0.0000  vexu_EN_RVV1_DW01_sub_133_DW01_sub_143
u_npu_core/u_core/u_vexu/sub_1_root_sub_750_2_G5
                                      20.1600      0.0      20.1600      0.0000       0.0000  vexu_EN_RVV1_DW01_sub_132_DW01_sub_142
u_npu_core/u_core/u_vexu/sub_1_root_sub_750_2_G6
                                      20.1600      0.0      20.1600      0.0000       0.0000  vexu_EN_RVV1_DW01_sub_131_DW01_sub_141
u_npu_core/u_core/u_vexu/sub_1_root_sub_750_2_G7
                                      20.1600      0.0      20.1600      0.0000       0.0000  vexu_EN_RVV1_DW01_sub_130_DW01_sub_140
u_npu_core/u_core/u_vexu/sub_1_root_sub_750_2_G8
                                      20.1600      0.0      20.1600      0.0000       0.0000  vexu_EN_RVV1_DW01_sub_129_DW01_sub_139
u_npu_core/u_core/u_vexu/sub_1_root_sub_759_2
                                      40.3200      0.0      40.3200      0.0000       0.0000  vexu_EN_RVV1_DW01_sub_128_DW01_sub_138
u_npu_core/u_core/u_vexu/sub_1_root_sub_759_2_G2
                                      40.3200      0.0      40.3200      0.0000       0.0000  vexu_EN_RVV1_DW01_sub_127_DW01_sub_137
u_npu_core/u_core/u_vexu/sub_1_root_sub_759_2_G3
                                      40.3200      0.0      40.3200      0.0000       0.0000  vexu_EN_RVV1_DW01_sub_126_DW01_sub_136
u_npu_core/u_core/u_vexu/sub_1_root_sub_759_2_G4
                                      40.3200      0.0      40.3200      0.0000       0.0000  vexu_EN_RVV1_DW01_sub_125_DW01_sub_135
u_npu_core/u_core/u_vexu/sub_525      45.3600      0.0      45.3600      0.0000       0.0000  vexu_EN_RVV1_DW01_sub_237_DW01_sub_247
u_npu_core/u_core/u_vexu/sub_526      45.3600      0.0      45.3600      0.0000       0.0000  vexu_EN_RVV1_DW01_sub_238_DW01_sub_248
u_npu_core/u_core/u_vexu/sub_610      18.0180      0.0      18.0180      0.0000       0.0000  vexu_EN_RVV1_DW01_sub_236_DW01_sub_246
u_npu_core/u_core/u_vexu/sub_610_4
                                      18.0180      0.0      18.0180      0.0000       0.0000  vexu_EN_RVV1_DW01_sub_234_DW01_sub_244
u_npu_core/u_core/u_vexu/sub_610_4_G10
                                      18.0180      0.0      18.0180      0.0000       0.0000  vexu_EN_RVV1_DW01_sub_207_DW01_sub_217
u_npu_core/u_core/u_vexu/sub_610_4_G11
                                      18.0180      0.0      18.0180      0.0000       0.0000  vexu_EN_RVV1_DW01_sub_204_DW01_sub_214
u_npu_core/u_core/u_vexu/sub_610_4_G12
                                      18.0180      0.0      18.0180      0.0000       0.0000  vexu_EN_RVV1_DW01_sub_201_DW01_sub_211
u_npu_core/u_core/u_vexu/sub_610_4_G13
                                      18.0180      0.0      18.0180      0.0000       0.0000  vexu_EN_RVV1_DW01_sub_198_DW01_sub_208
u_npu_core/u_core/u_vexu/sub_610_4_G14
                                      18.0180      0.0      18.0180      0.0000       0.0000  vexu_EN_RVV1_DW01_sub_195_DW01_sub_205
u_npu_core/u_core/u_vexu/sub_610_4_G15
                                      18.0180      0.0      18.0180      0.0000       0.0000  vexu_EN_RVV1_DW01_sub_192_DW01_sub_202
u_npu_core/u_core/u_vexu/sub_610_4_G16
                                      18.0180      0.0      18.0180      0.0000       0.0000  vexu_EN_RVV1_DW01_sub_189_DW01_sub_199
u_npu_core/u_core/u_vexu/sub_610_4_G2
                                      18.0180      0.0      18.0180      0.0000       0.0000  vexu_EN_RVV1_DW01_sub_231_DW01_sub_241
u_npu_core/u_core/u_vexu/sub_610_4_G3
                                      18.0180      0.0      18.0180      0.0000       0.0000  vexu_EN_RVV1_DW01_sub_228_DW01_sub_238
u_npu_core/u_core/u_vexu/sub_610_4_G4
                                      18.0180      0.0      18.0180      0.0000       0.0000  vexu_EN_RVV1_DW01_sub_225_DW01_sub_235
u_npu_core/u_core/u_vexu/sub_610_4_G5
                                      18.0180      0.0      18.0180      0.0000       0.0000  vexu_EN_RVV1_DW01_sub_222_DW01_sub_232
u_npu_core/u_core/u_vexu/sub_610_4_G6
                                      18.0180      0.0      18.0180      0.0000       0.0000  vexu_EN_RVV1_DW01_sub_219_DW01_sub_229
u_npu_core/u_core/u_vexu/sub_610_4_G7
                                      18.0180      0.0      18.0180      0.0000       0.0000  vexu_EN_RVV1_DW01_sub_216_DW01_sub_226
u_npu_core/u_core/u_vexu/sub_610_4_G8
                                      18.3960      0.0      18.3960      0.0000       0.0000  vexu_EN_RVV1_DW01_sub_213_DW01_sub_223
u_npu_core/u_core/u_vexu/sub_610_4_G9
                                      18.0180      0.0      18.0180      0.0000       0.0000  vexu_EN_RVV1_DW01_sub_210_DW01_sub_220
u_npu_core/u_core/u_vexu/sub_610_G10
                                      18.0180      0.0      18.0180      0.0000       0.0000  vexu_EN_RVV1_DW01_sub_209_DW01_sub_219
u_npu_core/u_core/u_vexu/sub_610_G11
                                      18.0180      0.0      18.0180      0.0000       0.0000  vexu_EN_RVV1_DW01_sub_206_DW01_sub_216
u_npu_core/u_core/u_vexu/sub_610_G12
                                      18.0180      0.0      18.0180      0.0000       0.0000  vexu_EN_RVV1_DW01_sub_203_DW01_sub_213
u_npu_core/u_core/u_vexu/sub_610_G13
                                      18.0180      0.0      18.0180      0.0000       0.0000  vexu_EN_RVV1_DW01_sub_200_DW01_sub_210
u_npu_core/u_core/u_vexu/sub_610_G14
                                      18.0180      0.0      18.0180      0.0000       0.0000  vexu_EN_RVV1_DW01_sub_197_DW01_sub_207
u_npu_core/u_core/u_vexu/sub_610_G15
                                      18.0180      0.0      18.0180      0.0000       0.0000  vexu_EN_RVV1_DW01_sub_194_DW01_sub_204
u_npu_core/u_core/u_vexu/sub_610_G16
                                      18.0180      0.0      18.0180      0.0000       0.0000  vexu_EN_RVV1_DW01_sub_191_DW01_sub_201
u_npu_core/u_core/u_vexu/sub_610_G2
                                      18.0180      0.0      18.0180      0.0000       0.0000  vexu_EN_RVV1_DW01_sub_233_DW01_sub_243
u_npu_core/u_core/u_vexu/sub_610_G3
                                      18.0180      0.0      18.0180      0.0000       0.0000  vexu_EN_RVV1_DW01_sub_230_DW01_sub_240
u_npu_core/u_core/u_vexu/sub_610_G4
                                      18.0180      0.0      18.0180      0.0000       0.0000  vexu_EN_RVV1_DW01_sub_227_DW01_sub_237
u_npu_core/u_core/u_vexu/sub_610_G5
                                      18.0180      0.0      18.0180      0.0000       0.0000  vexu_EN_RVV1_DW01_sub_224_DW01_sub_234
u_npu_core/u_core/u_vexu/sub_610_G6
                                      18.0180      0.0      18.0180      0.0000       0.0000  vexu_EN_RVV1_DW01_sub_221_DW01_sub_231
u_npu_core/u_core/u_vexu/sub_610_G7
                                      18.0180      0.0      18.0180      0.0000       0.0000  vexu_EN_RVV1_DW01_sub_218_DW01_sub_228
u_npu_core/u_core/u_vexu/sub_610_G8
                                      18.0180      0.0      18.0180      0.0000       0.0000  vexu_EN_RVV1_DW01_sub_215_DW01_sub_225
u_npu_core/u_core/u_vexu/sub_610_G9
                                      18.0180      0.0      18.0180      0.0000       0.0000  vexu_EN_RVV1_DW01_sub_212_DW01_sub_222
u_npu_core/u_core/u_vexu/sub_637      37.1700      0.0      37.1700      0.0000       0.0000  vexu_EN_RVV1_DW01_sub_188_DW01_sub_198
u_npu_core/u_core/u_vexu/sub_637_4
                                      37.1700      0.0      37.1700      0.0000       0.0000  vexu_EN_RVV1_DW01_sub_186_DW01_sub_196
u_npu_core/u_core/u_vexu/sub_637_4_G2
                                      37.1700      0.0      37.1700      0.0000       0.0000  vexu_EN_RVV1_DW01_sub_183_DW01_sub_193
u_npu_core/u_core/u_vexu/sub_637_4_G3
                                      37.1700      0.0      37.1700      0.0000       0.0000  vexu_EN_RVV1_DW01_sub_180_DW01_sub_190
u_npu_core/u_core/u_vexu/sub_637_4_G4
                                      37.1700      0.0      37.1700      0.0000       0.0000  vexu_EN_RVV1_DW01_sub_177_DW01_sub_187
u_npu_core/u_core/u_vexu/sub_637_4_G5
                                      37.1700      0.0      37.1700      0.0000       0.0000  vexu_EN_RVV1_DW01_sub_174_DW01_sub_184
u_npu_core/u_core/u_vexu/sub_637_4_G6
                                      37.1700      0.0      37.1700      0.0000       0.0000  vexu_EN_RVV1_DW01_sub_171_DW01_sub_181
u_npu_core/u_core/u_vexu/sub_637_4_G7
                                      37.1700      0.0      37.1700      0.0000       0.0000  vexu_EN_RVV1_DW01_sub_168_DW01_sub_178
u_npu_core/u_core/u_vexu/sub_637_4_G8
                                      37.1700      0.0      37.1700      0.0000       0.0000  vexu_EN_RVV1_DW01_sub_165_DW01_sub_175
u_npu_core/u_core/u_vexu/sub_637_G2
                                      37.1700      0.0      37.1700      0.0000       0.0000  vexu_EN_RVV1_DW01_sub_185_DW01_sub_195
u_npu_core/u_core/u_vexu/sub_637_G3
                                      37.1700      0.0      37.1700      0.0000       0.0000  vexu_EN_RVV1_DW01_sub_182_DW01_sub_192
u_npu_core/u_core/u_vexu/sub_637_G4
                                      37.1700      0.0      37.1700      0.0000       0.0000  vexu_EN_RVV1_DW01_sub_179_DW01_sub_189
u_npu_core/u_core/u_vexu/sub_637_G5
                                      37.1700      0.0      37.1700      0.0000       0.0000  vexu_EN_RVV1_DW01_sub_176_DW01_sub_186
u_npu_core/u_core/u_vexu/sub_637_G6
                                      37.1700      0.0      37.1700      0.0000       0.0000  vexu_EN_RVV1_DW01_sub_173_DW01_sub_183
u_npu_core/u_core/u_vexu/sub_637_G7
                                      37.1700      0.0      37.1700      0.0000       0.0000  vexu_EN_RVV1_DW01_sub_170_DW01_sub_180
u_npu_core/u_core/u_vexu/sub_637_G8
                                      37.1700      0.0      37.1700      0.0000       0.0000  vexu_EN_RVV1_DW01_sub_167_DW01_sub_177
u_npu_core/u_core/u_vexu/sub_664      75.4740      0.0      75.4740      0.0000       0.0000  vexu_EN_RVV1_DW01_sub_164_DW01_sub_174
u_npu_core/u_core/u_vexu/sub_664_4
                                      75.4740      0.0      75.4740      0.0000       0.0000  vexu_EN_RVV1_DW01_sub_162_DW01_sub_172
u_npu_core/u_core/u_vexu/sub_664_4_G2
                                      75.4740      0.0      75.4740      0.0000       0.0000  vexu_EN_RVV1_DW01_sub_159_DW01_sub_169
u_npu_core/u_core/u_vexu/sub_664_4_G3
                                      75.4740      0.0      75.4740      0.0000       0.0000  vexu_EN_RVV1_DW01_sub_156_DW01_sub_166
u_npu_core/u_core/u_vexu/sub_664_4_G4
                                      75.4740      0.0      75.4740      0.0000       0.0000  vexu_EN_RVV1_DW01_sub_153_DW01_sub_163
u_npu_core/u_core/u_vexu/sub_664_G2
                                      75.4740      0.0      75.4740      0.0000       0.0000  vexu_EN_RVV1_DW01_sub_161_DW01_sub_171
u_npu_core/u_core/u_vexu/sub_664_G3
                                      75.4740      0.0      75.4740      0.0000       0.0000  vexu_EN_RVV1_DW01_sub_158_DW01_sub_168
u_npu_core/u_core/u_vexu/sub_664_G4
                                      75.4740      0.0      75.4740      0.0000       0.0000  vexu_EN_RVV1_DW01_sub_155_DW01_sub_165
u_npu_core/u_core/u_vexu/sub_883      18.0180      0.0      18.0180      0.0000       0.0000  vexu_EN_RVV1_DW01_sub_124_DW01_sub_134
u_npu_core/u_core/u_vexu/sub_883_2
                                      18.0180      0.0      18.0180      0.0000       0.0000  vexu_EN_RVV1_DW01_sub_123_DW01_sub_133
u_npu_core/u_core/u_vexu/sub_883_2_G10
                                      18.0180      0.0      18.0180      0.0000       0.0000  vexu_EN_RVV1_DW01_sub_105_DW01_sub_115
u_npu_core/u_core/u_vexu/sub_883_2_G11
                                      18.0180      0.0      18.0180      0.0000       0.0000  vexu_EN_RVV1_DW01_sub_103_DW01_sub_113
u_npu_core/u_core/u_vexu/sub_883_2_G12
                                      18.0180      0.0      18.0180      0.0000       0.0000  vexu_EN_RVV1_DW01_sub_101_DW01_sub_111
u_npu_core/u_core/u_vexu/sub_883_2_G13
                                      18.0180      0.0      18.0180      0.0000       0.0000  vexu_EN_RVV1_DW01_sub_99_DW01_sub_109
u_npu_core/u_core/u_vexu/sub_883_2_G14
                                      18.0180      0.0      18.0180      0.0000       0.0000  vexu_EN_RVV1_DW01_sub_97_DW01_sub_107
u_npu_core/u_core/u_vexu/sub_883_2_G15
                                      18.0180      0.0      18.0180      0.0000       0.0000  vexu_EN_RVV1_DW01_sub_95_DW01_sub_105
u_npu_core/u_core/u_vexu/sub_883_2_G16
                                      18.0180      0.0      18.0180      0.0000       0.0000  vexu_EN_RVV1_DW01_sub_93_DW01_sub_103
u_npu_core/u_core/u_vexu/sub_883_2_G2
                                      18.0180      0.0      18.0180      0.0000       0.0000  vexu_EN_RVV1_DW01_sub_121_DW01_sub_131
u_npu_core/u_core/u_vexu/sub_883_2_G3
                                      18.0180      0.0      18.0180      0.0000       0.0000  vexu_EN_RVV1_DW01_sub_119_DW01_sub_129
u_npu_core/u_core/u_vexu/sub_883_2_G4
                                      18.0180      0.0      18.0180      0.0000       0.0000  vexu_EN_RVV1_DW01_sub_117_DW01_sub_127
u_npu_core/u_core/u_vexu/sub_883_2_G5
                                      18.0180      0.0      18.0180      0.0000       0.0000  vexu_EN_RVV1_DW01_sub_115_DW01_sub_125
u_npu_core/u_core/u_vexu/sub_883_2_G6
                                      18.0180      0.0      18.0180      0.0000       0.0000  vexu_EN_RVV1_DW01_sub_113_DW01_sub_123
u_npu_core/u_core/u_vexu/sub_883_2_G7
                                      18.0180      0.0      18.0180      0.0000       0.0000  vexu_EN_RVV1_DW01_sub_111_DW01_sub_121
u_npu_core/u_core/u_vexu/sub_883_2_G8
                                      18.0180      0.0      18.0180      0.0000       0.0000  vexu_EN_RVV1_DW01_sub_109_DW01_sub_119
u_npu_core/u_core/u_vexu/sub_883_2_G9
                                      18.0180      0.0      18.0180      0.0000       0.0000  vexu_EN_RVV1_DW01_sub_107_DW01_sub_117
u_npu_core/u_core/u_vexu/sub_883_G10
                                      18.0180      0.0      18.0180      0.0000       0.0000  vexu_EN_RVV1_DW01_sub_106_DW01_sub_116
u_npu_core/u_core/u_vexu/sub_883_G11
                                      18.0180      0.0      18.0180      0.0000       0.0000  vexu_EN_RVV1_DW01_sub_104_DW01_sub_114
u_npu_core/u_core/u_vexu/sub_883_G12
                                      18.0180      0.0      18.0180      0.0000       0.0000  vexu_EN_RVV1_DW01_sub_102_DW01_sub_112
u_npu_core/u_core/u_vexu/sub_883_G13
                                      18.0180      0.0      18.0180      0.0000       0.0000  vexu_EN_RVV1_DW01_sub_100_DW01_sub_110
u_npu_core/u_core/u_vexu/sub_883_G14
                                      18.0180      0.0      18.0180      0.0000       0.0000  vexu_EN_RVV1_DW01_sub_98_DW01_sub_108
u_npu_core/u_core/u_vexu/sub_883_G15
                                      18.0180      0.0      18.0180      0.0000       0.0000  vexu_EN_RVV1_DW01_sub_96_DW01_sub_106
u_npu_core/u_core/u_vexu/sub_883_G16
                                      18.0180      0.0      18.0180      0.0000       0.0000  vexu_EN_RVV1_DW01_sub_94_DW01_sub_104
u_npu_core/u_core/u_vexu/sub_883_G2
                                      18.0180      0.0      18.0180      0.0000       0.0000  vexu_EN_RVV1_DW01_sub_122_DW01_sub_132
u_npu_core/u_core/u_vexu/sub_883_G3
                                      18.0180      0.0      18.0180      0.0000       0.0000  vexu_EN_RVV1_DW01_sub_120_DW01_sub_130
u_npu_core/u_core/u_vexu/sub_883_G4
                                      18.0180      0.0      18.0180      0.0000       0.0000  vexu_EN_RVV1_DW01_sub_118_DW01_sub_128
u_npu_core/u_core/u_vexu/sub_883_G5
                                      18.0180      0.0      18.0180      0.0000       0.0000  vexu_EN_RVV1_DW01_sub_116_DW01_sub_126
u_npu_core/u_core/u_vexu/sub_883_G6
                                      18.0180      0.0      18.0180      0.0000       0.0000  vexu_EN_RVV1_DW01_sub_114_DW01_sub_124
u_npu_core/u_core/u_vexu/sub_883_G7
                                      18.0180      0.0      18.0180      0.0000       0.0000  vexu_EN_RVV1_DW01_sub_112_DW01_sub_122
u_npu_core/u_core/u_vexu/sub_883_G8
                                      18.0180      0.0      18.0180      0.0000       0.0000  vexu_EN_RVV1_DW01_sub_110_DW01_sub_120
u_npu_core/u_core/u_vexu/sub_883_G9
                                      18.0180      0.0      18.0180      0.0000       0.0000  vexu_EN_RVV1_DW01_sub_108_DW01_sub_118
u_npu_core/u_core/u_vexu/sub_897      37.1700      0.0      37.1700      0.0000       0.0000  vexu_EN_RVV1_DW01_sub_92_DW01_sub_102
u_npu_core/u_core/u_vexu/sub_897_2
                                      37.1700      0.0      37.1700      0.0000       0.0000  vexu_EN_RVV1_DW01_sub_91_DW01_sub_101
u_npu_core/u_core/u_vexu/sub_897_2_G2
                                      37.1700      0.0      37.1700      0.0000       0.0000  vexu_EN_RVV1_DW01_sub_89_DW01_sub_99
u_npu_core/u_core/u_vexu/sub_897_2_G3
                                      37.1700      0.0      37.1700      0.0000       0.0000  vexu_EN_RVV1_DW01_sub_87_DW01_sub_97
u_npu_core/u_core/u_vexu/sub_897_2_G4
                                      37.1700      0.0      37.1700      0.0000       0.0000  vexu_EN_RVV1_DW01_sub_85_DW01_sub_95
u_npu_core/u_core/u_vexu/sub_897_2_G5
                                      37.1700      0.0      37.1700      0.0000       0.0000  vexu_EN_RVV1_DW01_sub_83_DW01_sub_93
u_npu_core/u_core/u_vexu/sub_897_2_G6
                                      37.1700      0.0      37.1700      0.0000       0.0000  vexu_EN_RVV1_DW01_sub_81_DW01_sub_91
u_npu_core/u_core/u_vexu/sub_897_2_G7
                                      37.1700      0.0      37.1700      0.0000       0.0000  vexu_EN_RVV1_DW01_sub_79_DW01_sub_89
u_npu_core/u_core/u_vexu/sub_897_2_G8
                                      37.1700      0.0      37.1700      0.0000       0.0000  vexu_EN_RVV1_DW01_sub_77_DW01_sub_87
u_npu_core/u_core/u_vexu/sub_897_G2
                                      37.1700      0.0      37.1700      0.0000       0.0000  vexu_EN_RVV1_DW01_sub_90_DW01_sub_100
u_npu_core/u_core/u_vexu/sub_897_G3
                                      37.1700      0.0      37.1700      0.0000       0.0000  vexu_EN_RVV1_DW01_sub_88_DW01_sub_98
u_npu_core/u_core/u_vexu/sub_897_G4
                                      37.1700      0.0      37.1700      0.0000       0.0000  vexu_EN_RVV1_DW01_sub_86_DW01_sub_96
u_npu_core/u_core/u_vexu/sub_897_G5
                                      37.1700      0.0      37.1700      0.0000       0.0000  vexu_EN_RVV1_DW01_sub_84_DW01_sub_94
u_npu_core/u_core/u_vexu/sub_897_G6
                                      37.5480      0.0      37.5480      0.0000       0.0000  vexu_EN_RVV1_DW01_sub_82_DW01_sub_92
u_npu_core/u_core/u_vexu/sub_897_G7
                                      37.1700      0.0      37.1700      0.0000       0.0000  vexu_EN_RVV1_DW01_sub_80_DW01_sub_90
u_npu_core/u_core/u_vexu/sub_897_G8
                                      37.5480      0.0      37.5480      0.0000       0.0000  vexu_EN_RVV1_DW01_sub_78_DW01_sub_88
u_npu_core/u_core/u_vexu/sub_911      75.8520      0.0      75.8520      0.0000       0.0000  vexu_EN_RVV1_DW01_sub_76_DW01_sub_86
u_npu_core/u_core/u_vexu/sub_911_2
                                      75.4740      0.0      75.4740      0.0000       0.0000  vexu_EN_RVV1_DW01_sub_75_DW01_sub_85
u_npu_core/u_core/u_vexu/sub_911_2_G2
                                      75.4740      0.0      75.4740      0.0000       0.0000  vexu_EN_RVV1_DW01_sub_73_DW01_sub_83
u_npu_core/u_core/u_vexu/sub_911_2_G3
                                      75.4740      0.0      75.4740      0.0000       0.0000  vexu_EN_RVV1_DW01_sub_71_DW01_sub_81
u_npu_core/u_core/u_vexu/sub_911_2_G4
                                      75.4740      0.0      75.4740      0.0000       0.0000  vexu_EN_RVV1_DW01_sub_69_DW01_sub_79
u_npu_core/u_core/u_vexu/sub_911_G2
                                      75.4740      0.0      75.4740      0.0000       0.0000  vexu_EN_RVV1_DW01_sub_74_DW01_sub_84
u_npu_core/u_core/u_vexu/sub_911_G3
                                      75.4740      0.0      75.4740      0.0000       0.0000  vexu_EN_RVV1_DW01_sub_72_DW01_sub_82
u_npu_core/u_core/u_vexu/sub_911_G4
                                      75.4740      0.0      75.4740      0.0000       0.0000  vexu_EN_RVV1_DW01_sub_70_DW01_sub_80
--------------------------------  -----------  -------  -----------  ----------  -----------  --------------------------------------------------------------------------
Total                                                   483960.2040  40422.5637  296217.4453

1
