 
****************************************
Report : timing
        -path full
        -delay max
        -nworst 4
        -max_paths 12
Design : npu_top_MAT_LANES4_DMA_DATA_W256_ML_V2_EN1
Version: X-2025.06-SP2
Date   : Thu Jul  9 02:19:18 2026
****************************************

 # A fanout number of 1000 was used for high fanout net computations.

Operating Conditions: tt0p9v25c   Library: tcbn28hpcplusbwp40p140tt0p9v25c
Wire Load Model Mode: segmented

  Startpoint: u_npu_core/u_core/if_ex_instr_reg[21]
              (rising edge-triggered flip-flop clocked by clk)
  Endpoint: u_npu_core/u_core/ex_mem_f_data_r_reg[26]
            (rising edge-triggered flip-flop clocked by clk)
  Path Group: clk
  Path Type: max

  Des/Clust/Port     Wire Load Model       Library
  ------------------------------------------------
  csr_RV32A0_PMP_ENTRIES0_EN_RVV1_EN_F1
                     ZeroWireload          tcbn28hpcplusbwp40p140tt0p9v25c
  trigger            ZeroWireload          tcbn28hpcplusbwp40p140tt0p9v25c
  div                ZeroWireload          tcbn28hpcplusbwp40p140tt0p9v25c
  mul                ZeroWireload          tcbn28hpcplusbwp40p140tt0p9v25c
  vexu_EN_RVV1       ZeroWireload          tcbn28hpcplusbwp40p140tt0p9v25c
  fexu_EN_F1         ZeroWireload          tcbn28hpcplusbwp40p140tt0p9v25c
  rfu                ZeroWireload          tcbn28hpcplusbwp40p140tt0p9v25c
  ifu_00000000_0     ZeroWireload          tcbn28hpcplusbwp40p140tt0p9v25c
  ras_EN_RAS0        ZeroWireload          tcbn28hpcplusbwp40p140tt0p9v25c
  bp_EN_BP0          ZeroWireload          tcbn28hpcplusbwp40p140tt0p9v25c
  npu_itcm_sram_dp_WORDS2048_AW11
                     ZeroWireload          tcbn28hpcplusbwp40p140tt0p9v25c
  npu_tcm_sram_dp_WORDS8192_AW13_DMA_DATA_W256_LANES4
                     ZeroWireload          tcbn28hpcplusbwp40p140tt0p9v25c
  core_00000000_0_0_0_0_0_1_1
                     ZeroWireload          tcbn28hpcplusbwp40p140tt0p9v25c
  axil_decerr        ZeroWireload          tcbn28hpcplusbwp40p140tt0p9v25c
  npu_itcm_WORDS2048_AW11
                     ZeroWireload          tcbn28hpcplusbwp40p140tt0p9v25c
  npu_tcm_WORDS8192_AW13_DMA_DATA_W256
                     ZeroWireload          tcbn28hpcplusbwp40p140tt0p9v25c
  npu_dma_BUF_AW13_DMA_DATA_W256
                     ZeroWireload          tcbn28hpcplusbwp40p140tt0p9v25c
  npu_ml_ctrl_ML_V2_EN1
                     ZeroWireload          tcbn28hpcplusbwp40p140tt0p9v25c
  npu_axil_regs      ZeroWireload          tcbn28hpcplusbwp40p140tt0p9v25c
  mat_engine_TCM_AW13_LANES4
                     ZeroWireload          tcbn28hpcplusbwp40p140tt0p9v25c
  npu_top_MAT_LANES4_DMA_DATA_W256_ML_V2_EN1
                     ZeroWireload          tcbn28hpcplusbwp40p140tt0p9v25c
  cpu_m1_top_00000000_0_0_0_1_1
                     ZeroWireload          tcbn28hpcplusbwp40p140tt0p9v25c
  fexu_EN_F1_DW_mult_uns_8
                     ZeroWireload          tcbn28hpcplusbwp40p140tt0p9v25c
  fexu_EN_F1_DW01_add_811
                     ZeroWireload          tcbn28hpcplusbwp40p140tt0p9v25c
  fexu_EN_F1_DW01_add_380
                     ZeroWireload          tcbn28hpcplusbwp40p140tt0p9v25c
  fexu_EN_F1_DW01_add_733
                     ZeroWireload          tcbn28hpcplusbwp40p140tt0p9v25c
  fexu_EN_F1_DW01_add_261
                     ZeroWireload          tcbn28hpcplusbwp40p140tt0p9v25c
  fexu_EN_F1_DW01_sub_254
                     ZeroWireload          tcbn28hpcplusbwp40p140tt0p9v25c
  fexu_EN_F1_DW01_add_833
                     ZeroWireload          tcbn28hpcplusbwp40p140tt0p9v25c
  fexu_EN_F1_DW01_add_456
                     ZeroWireload          tcbn28hpcplusbwp40p140tt0p9v25c
  fexu_EN_F1_DW01_add_336
                     ZeroWireload          tcbn28hpcplusbwp40p140tt0p9v25c
  fexu_EN_F1_DW01_add_775
                     ZeroWireload          tcbn28hpcplusbwp40p140tt0p9v25c
  fexu_EN_F1_DW01_add_642
                     ZeroWireload          tcbn28hpcplusbwp40p140tt0p9v25c
  fexu_EN_F1_DW01_add_335
                     ZeroWireload          tcbn28hpcplusbwp40p140tt0p9v25c
  fexu_EN_F1_DW01_add_489
                     ZeroWireload          tcbn28hpcplusbwp40p140tt0p9v25c
  fexu_EN_F1_DW01_add_334
                     ZeroWireload          tcbn28hpcplusbwp40p140tt0p9v25c
  fexu_EN_F1_DW01_add_333
                     ZeroWireload          tcbn28hpcplusbwp40p140tt0p9v25c
  fexu_EN_F1_DW01_add_772
                     ZeroWireload          tcbn28hpcplusbwp40p140tt0p9v25c
  fexu_EN_F1_DW01_add_260
                     ZeroWireload          tcbn28hpcplusbwp40p140tt0p9v25c
  fexu_EN_F1_DW01_add_369
                     ZeroWireload          tcbn28hpcplusbwp40p140tt0p9v25c
  fexu_EN_F1_DW01_add_372
                     ZeroWireload          tcbn28hpcplusbwp40p140tt0p9v25c
  fexu_EN_F1_DW01_add_731
                     ZeroWireload          tcbn28hpcplusbwp40p140tt0p9v25c
  fexu_EN_F1_DW01_add_331
                     ZeroWireload          tcbn28hpcplusbwp40p140tt0p9v25c
  fexu_EN_F1_DW01_add_779
                     ZeroWireload          tcbn28hpcplusbwp40p140tt0p9v25c
  fexu_EN_F1_DW01_add_301
                     ZeroWireload          tcbn28hpcplusbwp40p140tt0p9v25c
  fexu_EN_F1_DW01_add_258
                     ZeroWireload          tcbn28hpcplusbwp40p140tt0p9v25c
  fexu_EN_F1_DW01_add_259
                     ZeroWireload          tcbn28hpcplusbwp40p140tt0p9v25c
  fexu_EN_F1_DW01_add_341
                     ZeroWireload          tcbn28hpcplusbwp40p140tt0p9v25c
  fexu_EN_F1_DW01_add_363
                     ZeroWireload          tcbn28hpcplusbwp40p140tt0p9v25c
  fexu_EN_F1_DW01_add_330
                     ZeroWireload          tcbn28hpcplusbwp40p140tt0p9v25c
  fexu_EN_F1_DW01_add_314
                     ZeroWireload          tcbn28hpcplusbwp40p140tt0p9v25c
  fexu_EN_F1_DW01_add_304
                     ZeroWireload          tcbn28hpcplusbwp40p140tt0p9v25c
  fexu_EN_F1_DW01_add_283
                     ZeroWireload          tcbn28hpcplusbwp40p140tt0p9v25c
  fexu_EN_F1_DW01_add_361
                     ZeroWireload          tcbn28hpcplusbwp40p140tt0p9v25c
  fexu_EN_F1_DW01_add_362
                     ZeroWireload          tcbn28hpcplusbwp40p140tt0p9v25c
  fexu_EN_F1_DW01_add_671
                     ZeroWireload          tcbn28hpcplusbwp40p140tt0p9v25c
  fexu_EN_F1_DW01_add_371
                     ZeroWireload          tcbn28hpcplusbwp40p140tt0p9v25c
  fexu_EN_F1_DW01_add_342
                     ZeroWireload          tcbn28hpcplusbwp40p140tt0p9v25c
  fexu_EN_F1_DW01_add_613
                     ZeroWireload          tcbn28hpcplusbwp40p140tt0p9v25c
  fexu_EN_F1_DW01_add_657
                     ZeroWireload          tcbn28hpcplusbwp40p140tt0p9v25c
  fexu_EN_F1_DW01_add_785
                     ZeroWireload          tcbn28hpcplusbwp40p140tt0p9v25c
  fexu_EN_F1_DW01_add_636
                     ZeroWireload          tcbn28hpcplusbwp40p140tt0p9v25c
  fexu_EN_F1_DW01_add_758
                     ZeroWireload          tcbn28hpcplusbwp40p140tt0p9v25c
  fexu_EN_F1_DW01_add_753
                     ZeroWireload          tcbn28hpcplusbwp40p140tt0p9v25c
  fexu_EN_F1_DW01_add_660
                     ZeroWireload          tcbn28hpcplusbwp40p140tt0p9v25c
  fexu_EN_F1_DW01_add_360
                     ZeroWireload          tcbn28hpcplusbwp40p140tt0p9v25c
  fexu_EN_F1_DW01_add_737
                     ZeroWireload          tcbn28hpcplusbwp40p140tt0p9v25c
  fexu_EN_F1_DW01_add_654
                     ZeroWireload          tcbn28hpcplusbwp40p140tt0p9v25c
  fexu_EN_F1_DW01_add_639
                     ZeroWireload          tcbn28hpcplusbwp40p140tt0p9v25c
  fexu_EN_F1_DW01_add_624
                     ZeroWireload          tcbn28hpcplusbwp40p140tt0p9v25c
  fexu_EN_F1_DW01_add_635
                     ZeroWireload          tcbn28hpcplusbwp40p140tt0p9v25c
  fexu_EN_F1_DW01_add_652
                     ZeroWireload          tcbn28hpcplusbwp40p140tt0p9v25c
  fexu_EN_F1_DW01_add_288
                     ZeroWireload          tcbn28hpcplusbwp40p140tt0p9v25c
  fexu_EN_F1_DW01_add_653
                     ZeroWireload          tcbn28hpcplusbwp40p140tt0p9v25c
  fexu_EN_F1_DW01_add_678
                     ZeroWireload          tcbn28hpcplusbwp40p140tt0p9v25c
  fexu_EN_F1_DW01_add_679
                     ZeroWireload          tcbn28hpcplusbwp40p140tt0p9v25c
  fexu_EN_F1_DW01_add_682
                     ZeroWireload          tcbn28hpcplusbwp40p140tt0p9v25c
  fexu_EN_F1_DW01_add_626
                     ZeroWireload          tcbn28hpcplusbwp40p140tt0p9v25c
  fexu_EN_F1_DW01_add_324
                     ZeroWireload          tcbn28hpcplusbwp40p140tt0p9v25c
  fexu_EN_F1_DW01_add_312
                     ZeroWireload          tcbn28hpcplusbwp40p140tt0p9v25c
  fexu_EN_F1_DW01_add_313
                     ZeroWireload          tcbn28hpcplusbwp40p140tt0p9v25c
  fexu_EN_F1_DW01_add_309
                     ZeroWireload          tcbn28hpcplusbwp40p140tt0p9v25c
  fexu_EN_F1_DW01_add_359
                     ZeroWireload          tcbn28hpcplusbwp40p140tt0p9v25c
  fexu_EN_F1_DW01_add_302
                     ZeroWireload          tcbn28hpcplusbwp40p140tt0p9v25c
  fexu_EN_F1_DW01_add_598
                     ZeroWireload          tcbn28hpcplusbwp40p140tt0p9v25c
  fexu_EN_F1_DW01_add_651
                     ZeroWireload          tcbn28hpcplusbwp40p140tt0p9v25c
  fexu_EN_F1_DW01_add_599
                     ZeroWireload          tcbn28hpcplusbwp40p140tt0p9v25c
  fexu_EN_F1_DW01_add_732
                     ZeroWireload          tcbn28hpcplusbwp40p140tt0p9v25c
  fexu_EN_F1_DW01_add_597
                     ZeroWireload          tcbn28hpcplusbwp40p140tt0p9v25c
  fexu_EN_F1_DW01_add_666
                     ZeroWireload          tcbn28hpcplusbwp40p140tt0p9v25c
  fexu_EN_F1_DW01_add_683
                     ZeroWireload          tcbn28hpcplusbwp40p140tt0p9v25c
  fexu_EN_F1_DW01_add_740
                     ZeroWireload          tcbn28hpcplusbwp40p140tt0p9v25c
  fexu_EN_F1_DW01_add_436
                     ZeroWireload          tcbn28hpcplusbwp40p140tt0p9v25c
  fexu_EN_F1_DW01_add_276
                     ZeroWireload          tcbn28hpcplusbwp40p140tt0p9v25c
  fexu_EN_F1_DW01_add_249
                     ZeroWireload          tcbn28hpcplusbwp40p140tt0p9v25c
  fexu_EN_F1_DW01_add_644
                     ZeroWireload          tcbn28hpcplusbwp40p140tt0p9v25c
  fexu_EN_F1_DW01_add_614
                     ZeroWireload          tcbn28hpcplusbwp40p140tt0p9v25c
  fexu_EN_F1_DW01_add_674
                     ZeroWireload          tcbn28hpcplusbwp40p140tt0p9v25c
  fexu_EN_F1_DW01_add_645
                     ZeroWireload          tcbn28hpcplusbwp40p140tt0p9v25c
  fexu_EN_F1_DW01_add_675
                     ZeroWireload          tcbn28hpcplusbwp40p140tt0p9v25c
  fexu_EN_F1_DW01_add_640
                     ZeroWireload          tcbn28hpcplusbwp40p140tt0p9v25c
  fexu_EN_F1_DW01_add_673
                     ZeroWireload          tcbn28hpcplusbwp40p140tt0p9v25c
  fexu_EN_F1_DW01_add_662
                     ZeroWireload          tcbn28hpcplusbwp40p140tt0p9v25c
  fexu_EN_F1_DW01_add_618
                     ZeroWireload          tcbn28hpcplusbwp40p140tt0p9v25c
  fexu_EN_F1_DW01_add_670
                     ZeroWireload          tcbn28hpcplusbwp40p140tt0p9v25c
  fexu_EN_F1_DW01_add_269
                     ZeroWireload          tcbn28hpcplusbwp40p140tt0p9v25c
  fexu_EN_F1_DW01_add_268
                     ZeroWireload          tcbn28hpcplusbwp40p140tt0p9v25c
  fexu_EN_F1_DW01_add_267
                     ZeroWireload          tcbn28hpcplusbwp40p140tt0p9v25c
  fexu_EN_F1_DW01_add_246
                     ZeroWireload          tcbn28hpcplusbwp40p140tt0p9v25c
  fexu_EN_F1_DW01_add_339
                     ZeroWireload          tcbn28hpcplusbwp40p140tt0p9v25c
  fexu_EN_F1_DW01_add_355
                     ZeroWireload          tcbn28hpcplusbwp40p140tt0p9v25c
  fexu_EN_F1_DW01_add_356
                     ZeroWireload          tcbn28hpcplusbwp40p140tt0p9v25c
  fexu_EN_F1_DW01_add_307
                     ZeroWireload          tcbn28hpcplusbwp40p140tt0p9v25c
  fexu_EN_F1_DW01_add_350
                     ZeroWireload          tcbn28hpcplusbwp40p140tt0p9v25c
  fexu_EN_F1_DW01_add_318
                     ZeroWireload          tcbn28hpcplusbwp40p140tt0p9v25c
  fexu_EN_F1_DW01_add_299
                     ZeroWireload          tcbn28hpcplusbwp40p140tt0p9v25c
  fexu_EN_F1_DW01_add_677
                     ZeroWireload          tcbn28hpcplusbwp40p140tt0p9v25c
  fexu_EN_F1_DW01_add_300
                     ZeroWireload          tcbn28hpcplusbwp40p140tt0p9v25c
  fexu_EN_F1_DW01_add_668
                     ZeroWireload          tcbn28hpcplusbwp40p140tt0p9v25c
  fexu_EN_F1_DW01_add_244
                     ZeroWireload          tcbn28hpcplusbwp40p140tt0p9v25c
  fexu_EN_F1_DW_mult_uns_11
                     ZeroWireload          tcbn28hpcplusbwp40p140tt0p9v25c
  fexu_EN_F1_DW01_add_236
                     ZeroWireload          tcbn28hpcplusbwp40p140tt0p9v25c

  Point                                                   Incr       Path
  --------------------------------------------------------------------------
  clock clk (rise edge)                                   0.00       0.00
  clock network delay (ideal)                             0.00       0.00
  u_npu_core/u_core/if_ex_instr_reg[21]/CP (DFQD4BWP40P140)
                                                          0.00 #     0.00 r
  u_npu_core/u_core/if_ex_instr_reg[21]/Q (DFQD4BWP40P140)
                                                          0.05       0.05 f
  u_npu_core/u_core/u_fexu/q_instr[21] (fexu_EN_F1)       0.00       0.05 f
  u_npu_core/u_core/u_fexu/U1689/ZN (INR2D2BWP40P140)     0.02       0.07 f
  u_npu_core/u_core/u_fexu/U1687/ZN (DCCKND4BWP40P140)
                                                          0.01       0.08 r
  u_npu_core/u_core/u_fexu/U9615/Z (OR2D6BWP40P140)       0.02       0.11 r
  u_npu_core/u_core/u_fexu/U7579/Z (OA22D1BWP40P140)      0.03       0.13 r
  u_npu_core/u_core/u_fexu/U4633/ZN (OAI221D1BWP40P140)
                                                          0.03       0.17 f
  u_npu_core/u_core/u_fexu/U4467/Z (OR4D2BWP40P140)       0.04       0.21 f
  u_npu_core/u_core/u_fexu/U4387/ZN (MUX2NOPTD4BWP40P140)
                                                          0.01       0.22 r
  u_npu_core/u_core/u_fexu/U9618/ZN (IND2D4BWP40P140)     0.02       0.24 r
  u_npu_core/u_core/u_fexu/U1947/Z (OR3D4BWP40P140)       0.02       0.26 r
  u_npu_core/u_core/u_fexu/U1705/ZN (IND2D4BWP40P140)     0.02       0.28 r
  u_npu_core/u_core/u_fexu/U1704/ZN (NR4D0BWP40P140)      0.01       0.29 f
  u_npu_core/u_core/u_fexu/U1702/ZN (INR2D2BWP40P140)     0.01       0.30 r
  u_npu_core/u_core/u_fexu/U1691/ZN (ND2OPTIBD2BWP40P140)
                                                          0.01       0.32 f
  u_npu_core/u_core/u_fexu/U233/ZN (NR3OPTPAD2BWP40P140)
                                                          0.01       0.33 r
  u_npu_core/u_core/u_fexu/U1690/Z (OR2D6BWP40P140)       0.02       0.35 r
  u_npu_core/u_core/u_fexu/U1693/ZN (IND2D2BWP40P140)     0.02       0.37 r
  u_npu_core/u_core/u_fexu/U254/ZN (ND4D2BWP40P140)       0.02       0.39 f
  u_npu_core/u_core/u_fexu/U1743/Z (OR2D4BWP40P140)       0.03       0.41 f
  u_npu_core/u_core/u_fexu/U240/ZN (CKND2BWP40P140)       0.01       0.42 r
  u_npu_core/u_core/u_fexu/U10707/Z (AO211D4BWP40P140)
                                                          0.02       0.44 r
  u_npu_core/u_core/u_fexu/U1750/Z (OR2D6BWP40P140)       0.02       0.46 r
  u_npu_core/u_core/u_fexu/U1749/ZN (INVD2BWP40P140)      0.00       0.46 f
  u_npu_core/u_core/u_fexu/U1739/ZN (IND4D1BWP40P140)     0.01       0.47 r
  u_npu_core/u_core/u_fexu/U1734/Z (OR3D4BWP40P140)       0.02       0.49 r
  u_npu_core/u_core/u_fexu/U1729/ZN (ND4D3BWP40P140)      0.03       0.52 f
  u_npu_core/u_core/u_fexu/U1728/ZN (INVD4BWP40P140)      0.02       0.54 r
  u_npu_core/u_core/u_fexu/U1796/ZN (ND4D4BWP40P140)      0.02       0.56 f
  u_npu_core/u_core/u_fexu/U1794/ZN (INVD4BWP40P140)      0.01       0.57 r
  u_npu_core/u_core/u_fexu/U1791/Z (XOR2OPTND4BWP40P140)
                                                          0.02       0.59 r
  u_npu_core/u_core/u_fexu/U1792/ZN (IOA21D2BWP40P140)
                                                          0.03       0.62 r
  u_npu_core/u_core/u_fexu/U9623/ZN (INVD3BWP40P140)      0.01       0.63 f
  u_npu_core/u_core/u_fexu/U2439/Z (OR2D6BWP40P140)       0.02       0.66 f
  u_npu_core/u_core/u_fexu/U1778/Z (OR3D6BWP40P140)       0.03       0.69 f
  u_npu_core/u_core/u_fexu/U504/ZN (INVD3BWP40P140)       0.01       0.70 r
  u_npu_core/u_core/u_fexu/U11589/ZN (AOI32D2BWP40P140)
                                                          0.02       0.71 f
  u_npu_core/u_core/u_fexu/U11907/ZN (IOA21D2BWP40P140)
                                                          0.01       0.73 r
  u_npu_core/u_core/u_fexu/U5694/Z (BUFFD4BWP40P140)      0.02       0.74 r
  u_npu_core/u_core/u_fexu/U3224/Z (CKBD1BWP40P140)       0.02       0.76 r
  u_npu_core/u_core/u_fexu/U494/ZN (CKND3BWP40P140)       0.01       0.77 f
  u_npu_core/u_core/u_fexu/div_703/u_div/u_add_B3/B[7] (fexu_EN_F1_DW01_add_456)
                                                          0.00       0.77 f
  u_npu_core/u_core/u_fexu/div_703/u_div/u_add_B3/U371/ZN (INVD0P7BWP40P140)
                                                          0.01       0.78 r
  u_npu_core/u_core/u_fexu/div_703/u_div/u_add_B3/U282/ZN (INVD1BWP40P140)
                                                          0.01       0.79 f
  u_npu_core/u_core/u_fexu/div_703/u_div/u_add_B3/U284/ZN (NR2OPTPAD1BWP40P140)
                                                          0.01       0.81 r
  u_npu_core/u_core/u_fexu/div_703/u_div/u_add_B3/U283/ZN (INVD3BWP40P140)
                                                          0.01       0.81 f
  u_npu_core/u_core/u_fexu/div_703/u_div/u_add_B3/U303/ZN (ND2OPTIBD1BWP40P140)
                                                          0.01       0.83 r
  u_npu_core/u_core/u_fexu/div_703/u_div/u_add_B3/U352/Z (OR2D1BWP40P140)
                                                          0.02       0.85 r
  u_npu_core/u_core/u_fexu/div_703/u_div/u_add_B3/U380/ZN (NR2D3BWP40P140)
                                                          0.01       0.86 f
  u_npu_core/u_core/u_fexu/div_703/u_div/u_add_B3/U362/ZN (NR2OPTIBD6BWP40P140)
                                                          0.01       0.87 r
  u_npu_core/u_core/u_fexu/div_703/u_div/u_add_B3/U272/ZN (OAI21D8BWP40P140)
                                                          0.01       0.89 f
  u_npu_core/u_core/u_fexu/div_703/u_div/u_add_B3/U270/ZN (AOI21D2BWP40P140)
                                                          0.02       0.91 r
  u_npu_core/u_core/u_fexu/div_703/u_div/u_add_B3/U366/ZN (OAI21D0P7BWP40P140)
                                                          0.02       0.94 f
  u_npu_core/u_core/u_fexu/div_703/u_div/u_add_B3/U313/ZN (XNR2UD1BWP40P140)
                                                          0.02       0.95 r
  u_npu_core/u_core/u_fexu/div_703/u_div/u_add_B3/SUM[21] (fexu_EN_F1_DW01_add_456)
                                                          0.00       0.95 r
  u_npu_core/u_core/u_fexu/div_703/u_div/u_add_PartRem_17_3/B[21] (fexu_EN_F1_DW01_add_489)
                                                          0.00       0.95 r
  u_npu_core/u_core/u_fexu/div_703/u_div/u_add_PartRem_17_3/U155/ZN (INVD1P5BWP40P140)
                                                          0.01       0.96 f
  u_npu_core/u_core/u_fexu/div_703/u_div/u_add_PartRem_17_3/U182/ZN (NR2OPTPAD1BWP40P140)
                                                          0.01       0.98 r
  u_npu_core/u_core/u_fexu/div_703/u_div/u_add_PartRem_17_3/U187/ZN (CKND2D2BWP40P140)
                                                          0.01       0.99 f
  u_npu_core/u_core/u_fexu/div_703/u_div/u_add_PartRem_17_3/U216/ZN (NR2OPTPAD2BWP40P140)
                                                          0.01       1.00 r
  u_npu_core/u_core/u_fexu/div_703/u_div/u_add_PartRem_17_3/U184/ZN (CKND2D4BWP40P140)
                                                          0.01       1.01 f
  u_npu_core/u_core/u_fexu/div_703/u_div/u_add_PartRem_17_3/U160/ZN (NR2OPTIBD4BWP40P140)
                                                          0.01       1.02 r
  u_npu_core/u_core/u_fexu/div_703/u_div/u_add_PartRem_17_3/CO (fexu_EN_F1_DW01_add_489)
                                                          0.00       1.02 r
  u_npu_core/u_core/u_fexu/U1895/ZN (OAI221D4BWP40P140)
                                                          0.03       1.04 f
  u_npu_core/u_core/u_fexu/U11926/ZN (INR2D4BWP40P140)
                                                          0.03       1.07 f
  u_npu_core/u_core/u_fexu/U3036/ZN (CKND3BWP40P140)      0.01       1.08 r
  u_npu_core/u_core/u_fexu/U6196/Z (MUX2OPTD6BWP40P140)
                                                          0.02       1.11 f
  u_npu_core/u_core/u_fexu/U4281/ZN (INVD6BWP40P140)      0.01       1.11 r
  u_npu_core/u_core/u_fexu/div_703/u_div/u_add_PartRem_16_4/A[4] (fexu_EN_F1_DW01_add_261)
                                                          0.00       1.11 r
  u_npu_core/u_core/u_fexu/div_703/u_div/u_add_PartRem_16_4/U154/ZN (ND2D3BWP40P140)
                                                          0.01       1.13 f
  u_npu_core/u_core/u_fexu/div_703/u_div/u_add_PartRem_16_4/U153/ZN (INVD2BWP40P140)
                                                          0.01       1.13 r
  u_npu_core/u_core/u_fexu/div_703/u_div/u_add_PartRem_16_4/U162/ZN (ND2OPTIBD2BWP40P140)
                                                          0.01       1.14 f
  u_npu_core/u_core/u_fexu/div_703/u_div/u_add_PartRem_16_4/U163/ZN (ND2OPTPAD2BWP40P140)
                                                          0.01       1.15 r
  u_npu_core/u_core/u_fexu/div_703/u_div/u_add_PartRem_16_4/U166/ZN (AOI21OPTREPBD2BWP40P140)
                                                          0.01       1.16 f
  u_npu_core/u_core/u_fexu/div_703/u_div/u_add_PartRem_16_4/U161/ZN (OAI21D4BWP40P140)
                                                          0.02       1.18 r
  u_npu_core/u_core/u_fexu/div_703/u_div/u_add_PartRem_16_4/CO (fexu_EN_F1_DW01_add_261)
                                                          0.00       1.18 r
  u_npu_core/u_core/u_fexu/U2434/ZN (INVD4BWP40P140)      0.01       1.19 f
  u_npu_core/u_core/u_fexu/U1213/ZN (NR2D6BWP40P140)      0.02       1.21 r
  u_npu_core/u_core/u_fexu/U1217/ZN (AOI22D0P7BWP40P140)
                                                          0.02       1.23 f
  u_npu_core/u_core/u_fexu/U1216/ZN (INVD0P7BWP40P140)
                                                          0.01       1.24 r
  u_npu_core/u_core/u_fexu/U1214/ZN (AOI221D0BWP40P140)
                                                          0.01       1.25 f
  u_npu_core/u_core/u_fexu/U1207/ZN (MUX2NUD1BWP40P140)
                                                          0.03       1.28 r
  u_npu_core/u_core/u_fexu/U1206/ZN (INVD2BWP40P140)      0.01       1.30 f
  u_npu_core/u_core/u_fexu/U1205/ZN (CKND6BWP40P140)      0.01       1.31 r
  u_npu_core/u_core/u_fexu/div_703/u_div/u_add_PartRem_15_2/A[9] (fexu_EN_F1_DW01_add_731)
                                                          0.00       1.31 r
  u_npu_core/u_core/u_fexu/div_703/u_div/u_add_PartRem_15_2/U167/ZN (NR2D1P5BWP40P140)
                                                          0.01       1.32 f
  u_npu_core/u_core/u_fexu/div_703/u_div/u_add_PartRem_15_2/U164/ZN (NR2OPTIBD4BWP40P140)
                                                          0.01       1.33 r
  u_npu_core/u_core/u_fexu/div_703/u_div/u_add_PartRem_15_2/U171/ZN (AOI21OPTREPBD2BWP40P140)
                                                          0.02       1.35 f
  u_npu_core/u_core/u_fexu/div_703/u_div/u_add_PartRem_15_2/U175/ZN (OAI21D4BWP40P140)
                                                          0.01       1.36 r
  u_npu_core/u_core/u_fexu/div_703/u_div/u_add_PartRem_15_2/U178/ZN (AOI21D4BWP40P140)
                                                          0.01       1.38 f
  u_npu_core/u_core/u_fexu/div_703/u_div/u_add_PartRem_15_2/U177/ZN (INVD4BWP40P140)
                                                          0.01       1.38 r
  u_npu_core/u_core/u_fexu/div_703/u_div/u_add_PartRem_15_2/CO (fexu_EN_F1_DW01_add_731)
                                                          0.00       1.38 r
  u_npu_core/u_core/u_fexu/U5803/Z (OR2D4BWP40P140)       0.02       1.41 r
  u_npu_core/u_core/u_fexu/U1994/ZN (NR2D8BWP40P140)      0.01       1.42 f
  u_npu_core/u_core/u_fexu/U2126/ZN (AOI22D0P7BWP40P140)
                                                          0.02       1.44 r
  u_npu_core/u_core/u_fexu/U4470/ZN (INVD1P5BWP40P140)
                                                          0.01       1.45 f
  u_npu_core/u_core/u_fexu/U5904/ZN (NR3D1P5BWP40P140)
                                                          0.02       1.47 r
  u_npu_core/u_core/u_fexu/U3041/ZN (ND2OPTIBD2BWP40P140)
                                                          0.01       1.48 f
  u_npu_core/u_core/u_fexu/U139/ZN (INVD3BWP40P140)       0.01       1.49 r
  u_npu_core/u_core/u_fexu/U2163/ZN (ND2D6BWP40P140)      0.01       1.50 f
  u_npu_core/u_core/u_fexu/U5906/ZN (INVD8BWP40P140)      0.01       1.51 r
  u_npu_core/u_core/u_fexu/U1237/ZN (INVD12BWP40P140)     0.01       1.52 f
  u_npu_core/u_core/u_fexu/div_703/u_div/u_add_PartRem_14_2/A[5] (fexu_EN_F1_DW01_add_314)
                                                          0.00       1.52 f
  u_npu_core/u_core/u_fexu/div_703/u_div/u_add_PartRem_14_2/U188/ZN (ND2OPTPAD2BWP40P140)
                                                          0.01       1.53 r
  u_npu_core/u_core/u_fexu/div_703/u_div/u_add_PartRem_14_2/U233/ZN (OAI21D4BWP40P140)
                                                          0.02       1.55 f
  u_npu_core/u_core/u_fexu/div_703/u_div/u_add_PartRem_14_2/U232/ZN (AOI21D4BWP40P140)
                                                          0.02       1.57 r
  u_npu_core/u_core/u_fexu/div_703/u_div/u_add_PartRem_14_2/U193/ZN (OAI21D4BWP40P140)
                                                          0.02       1.59 f
  u_npu_core/u_core/u_fexu/div_703/u_div/u_add_PartRem_14_2/U196/ZN (AOI21OPTREPBD2BWP40P140)
                                                          0.01       1.60 r
  u_npu_core/u_core/u_fexu/div_703/u_div/u_add_PartRem_14_2/U198/ZN (INVD3BWP40P140)
                                                          0.01       1.61 f
  u_npu_core/u_core/u_fexu/div_703/u_div/u_add_PartRem_14_2/CO (fexu_EN_F1_DW01_add_314)
                                                          0.00       1.61 f
  u_npu_core/u_core/u_fexu/U1833/ZN (IND2D4BWP40P140)     0.02       1.63 f
  u_npu_core/u_core/u_fexu/U5777/ZN (IND2D4BWP40P140)     0.02       1.65 f
  u_npu_core/u_core/u_fexu/U1230/ZN (INVD6BWP40P140)      0.01       1.66 r
  u_npu_core/u_core/u_fexu/U11286/ZN (AOI22D2BWP40P140)
                                                          0.02       1.68 f
  u_npu_core/u_core/u_fexu/U2870/ZN (ND4D1BWP40P140)      0.02       1.71 r
  u_npu_core/u_core/u_fexu/div_703/u_div/u_add_PartRem_13_6/A[3] (fexu_EN_F1_DW01_add_283)
                                                          0.00       1.71 r
  u_npu_core/u_core/u_fexu/div_703/u_div/u_add_PartRem_13_6/U241/ZN (NR2OPTPAD1BWP40P140)
                                                          0.02       1.72 f
  u_npu_core/u_core/u_fexu/div_703/u_div/u_add_PartRem_13_6/U255/ZN (OAI21OPTREPBD2BWP40P140)
                                                          0.03       1.75 r
  u_npu_core/u_core/u_fexu/div_703/u_div/u_add_PartRem_13_6/U254/ZN (AOI21OPTREPBD2BWP40P140)
                                                          0.02       1.77 f
  u_npu_core/u_core/u_fexu/div_703/u_div/u_add_PartRem_13_6/U248/ZN (OAI21OPTREPBD2BWP40P140)
                                                          0.02       1.78 r
  u_npu_core/u_core/u_fexu/div_703/u_div/u_add_PartRem_13_6/U253/ZN (AOI21OPTREPBD2BWP40P140)
                                                          0.02       1.80 f
  u_npu_core/u_core/u_fexu/div_703/u_div/u_add_PartRem_13_6/U252/ZN (NR2OPTIBD4BWP40P140)
                                                          0.01       1.81 r
  u_npu_core/u_core/u_fexu/div_703/u_div/u_add_PartRem_13_6/CO (fexu_EN_F1_DW01_add_283)
                                                          0.00       1.81 r
  u_npu_core/u_core/u_fexu/U1414/Z (OR2D4BWP40P140)       0.02       1.83 r
  u_npu_core/u_core/u_fexu/U1412/ZN (MUX2NOPTD6BWP40P140)
                                                          0.01       1.85 f
  u_npu_core/u_core/u_fexu/U1407/ZN (NR2OPTPAD4BWP40P140)
                                                          0.01       1.86 r
  u_npu_core/u_core/u_fexu/U1415/Z (OR2D2BWP40P140)       0.03       1.89 r
  u_npu_core/u_core/u_fexu/U1423/ZN (CKND6BWP40P140)      0.01       1.90 f
  u_npu_core/u_core/u_fexu/U1422/ZN (AOI22D1P5BWP40P140)
                                                          0.02       1.92 r
  u_npu_core/u_core/u_fexu/U1421/Z (AN4D4BWP40P140)       0.04       1.96 r
  u_npu_core/u_core/u_fexu/U999/ZN (INVD6BWP40P140)       0.01       1.97 f
  u_npu_core/u_core/u_fexu/div_703/u_div/u_add_PartRem_12_2/A[12] (fexu_EN_F1_DW01_add_671)
                                                          0.00       1.97 f
  u_npu_core/u_core/u_fexu/div_703/u_div/u_add_PartRem_12_2/U274/ZN (ND2D1P5BWP40P140)
                                                          0.01       1.98 r
  u_npu_core/u_core/u_fexu/div_703/u_div/u_add_PartRem_12_2/U271/ZN (OAI21OPTREPBD2BWP40P140)
                                                          0.03       2.01 f
  u_npu_core/u_core/u_fexu/div_703/u_div/u_add_PartRem_12_2/U305/ZN (AOI21D4BWP40P140)
                                                          0.02       2.03 r
  u_npu_core/u_core/u_fexu/div_703/u_div/u_add_PartRem_12_2/U377/ZN (OAI21OPTREPBD4BWP40P140)
                                                          0.01       2.05 f
  u_npu_core/u_core/u_fexu/div_703/u_div/u_add_PartRem_12_2/U242/ZN (AOI21OPTREPBD1BWP40P140)
                                                          0.01       2.06 r
  u_npu_core/u_core/u_fexu/div_703/u_div/u_add_PartRem_12_2/U273/ZN (OAI21D2BWP40P140)
                                                          0.02       2.08 f
  u_npu_core/u_core/u_fexu/div_703/u_div/u_add_PartRem_12_2/CO (fexu_EN_F1_DW01_add_671)
                                                          0.00       2.08 f
  u_npu_core/u_core/u_fexu/U11475/ZN (NR2OPTPAD2BWP40P140)
                                                          0.02       2.09 r
  u_npu_core/u_core/u_fexu/U1299/ZN (CKND2D8BWP40P140)
                                                          0.02       2.11 f
  u_npu_core/u_core/u_fexu/U184/ZN (INVD12BWP40P140)      0.01       2.12 r
  u_npu_core/u_core/u_fexu/U1303/Z (OR2D6BWP40P140)       0.02       2.14 r
  u_npu_core/u_core/u_fexu/U1171/ZN (OAI221D1BWP40P140)
                                                          0.03       2.17 f
  u_npu_core/u_core/u_fexu/U1170/ZN (AOI211OPTREPBD1BWP40P140)
                                                          0.03       2.20 r
  u_npu_core/u_core/u_fexu/U1865/ZN (CKND4BWP40P140)      0.02       2.22 f
  u_npu_core/u_core/u_fexu/div_703/u_div/u_add_PartRem_11_2/A[8] (fexu_EN_F1_DW01_add_753)
                                                          0.00       2.22 f
  u_npu_core/u_core/u_fexu/div_703/u_div/u_add_PartRem_11_2/U272/ZN (NR2OPTIBD1BWP40P140)
                                                          0.02       2.24 r
  u_npu_core/u_core/u_fexu/div_703/u_div/u_add_PartRem_11_2/U273/ZN (NR2D1P5BWP40P140)
                                                          0.01       2.25 f
  u_npu_core/u_core/u_fexu/div_703/u_div/u_add_PartRem_11_2/U303/ZN (CKND2D1BWP40P140)
                                                          0.02       2.27 r
  u_npu_core/u_core/u_fexu/div_703/u_div/u_add_PartRem_11_2/U287/ZN (OAI21OPTREPBD2BWP40P140)
                                                          0.02       2.29 f
  u_npu_core/u_core/u_fexu/div_703/u_div/u_add_PartRem_11_2/U294/ZN (AOI21OPTREPBD2BWP40P140)
                                                          0.02       2.31 r
  u_npu_core/u_core/u_fexu/div_703/u_div/u_add_PartRem_11_2/U299/ZN (OAI21D6BWP40P140)
                                                          0.01       2.32 f
  u_npu_core/u_core/u_fexu/div_703/u_div/u_add_PartRem_11_2/CO (fexu_EN_F1_DW01_add_753)
                                                          0.00       2.32 f
  u_npu_core/u_core/u_fexu/U1242/ZN (MUX2NOPTD4BWP40P140)
                                                          0.02       2.34 r
  u_npu_core/u_core/u_fexu/U1246/Z (OR3D6BWP40P140)       0.02       2.37 r
  u_npu_core/u_core/u_fexu/U1256/ZN (DCCKND12BWP40P140)
                                                          0.01       2.38 f
  u_npu_core/u_core/u_fexu/U687/ZN (IAO22D2BWP40P140)     0.02       2.39 r
  u_npu_core/u_core/u_fexu/U11875/Z (AN4D4BWP40P140)      0.05       2.44 r
  u_npu_core/u_core/u_fexu/U1069/ZN (DCCKND8BWP40P140)
                                                          0.01       2.45 f
  u_npu_core/u_core/u_fexu/div_703/u_div/u_add_PartRem_10_2/A[3] (fexu_EN_F1_DW01_add_624)
                                                          0.00       2.45 f
  u_npu_core/u_core/u_fexu/div_703/u_div/u_add_PartRem_10_2/U234/ZN (ND2OPTPAD2BWP40P140)
                                                          0.01       2.46 r
  u_npu_core/u_core/u_fexu/div_703/u_div/u_add_PartRem_10_2/U299/ZN (OAI21D2BWP40P140)
                                                          0.03       2.49 f
  u_npu_core/u_core/u_fexu/div_703/u_div/u_add_PartRem_10_2/U314/ZN (AOI21D2BWP40P140)
                                                          0.02       2.51 r
  u_npu_core/u_core/u_fexu/div_703/u_div/u_add_PartRem_10_2/U312/ZN (OAI21OPTREPBD2BWP40P140)
                                                          0.01       2.52 f
  u_npu_core/u_core/u_fexu/div_703/u_div/u_add_PartRem_10_2/U311/ZN (AOI21OPTREPBD2BWP40P140)
                                                          0.02       2.54 r
  u_npu_core/u_core/u_fexu/div_703/u_div/u_add_PartRem_10_2/U256/ZN (OAI21OPTREPBD4BWP40P140)
                                                          0.01       2.55 f
  u_npu_core/u_core/u_fexu/div_703/u_div/u_add_PartRem_10_2/CO (fexu_EN_F1_DW01_add_624)
                                                          0.00       2.55 f
  u_npu_core/u_core/u_fexu/U1504/ZN (MUX2NOPTD4BWP40P140)
                                                          0.02       2.57 f
  u_npu_core/u_core/u_fexu/U1510/ZN (MUX2NOPTD2BWP40P140)
                                                          0.02       2.59 r
  u_npu_core/u_core/u_fexu/U2414/Z (OR2D6BWP40P140)       0.02       2.61 r
  u_npu_core/u_core/u_fexu/U11936/Z (OR2D6BWP40P140)      0.02       2.63 r
  u_npu_core/u_core/u_fexu/U4817/ZN (DCCKND12BWP40P140)
                                                          0.01       2.64 f
  u_npu_core/u_core/u_fexu/U10824/ZN (AOI22D6BWP40P140)
                                                          0.01       2.66 r
  u_npu_core/u_core/u_fexu/U2679/ZN (OAI221D2BWP40P140)
                                                          0.03       2.69 f
  u_npu_core/u_core/u_fexu/U2678/Z (OR2D4BWP40P140)       0.03       2.72 f
  u_npu_core/u_core/u_fexu/div_703/u_div/u_add_PartRem_9_7/A[6] (fexu_EN_F1_DW01_add_678)
                                                          0.00       2.72 f
  u_npu_core/u_core/u_fexu/div_703/u_div/u_add_PartRem_9_7/U266/ZN (CKND2D0BWP40P140)
                                                          0.02       2.74 r
  u_npu_core/u_core/u_fexu/div_703/u_div/u_add_PartRem_9_7/U247/ZN (OAI21D1P5BWP40P140)
                                                          0.02       2.76 f
  u_npu_core/u_core/u_fexu/div_703/u_div/u_add_PartRem_9_7/U250/ZN (AOI21D2BWP40P140)
                                                          0.02       2.78 r
  u_npu_core/u_core/u_fexu/div_703/u_div/u_add_PartRem_9_7/U272/ZN (CKND2D4BWP40P140)
                                                          0.01       2.79 f
  u_npu_core/u_core/u_fexu/div_703/u_div/u_add_PartRem_9_7/U332/ZN (AOI21OPTREPBD2BWP40P140)
                                                          0.02       2.81 r
  u_npu_core/u_core/u_fexu/div_703/u_div/u_add_PartRem_9_7/U270/ZN (OAI21D4BWP40P140)
                                                          0.01       2.82 f
  u_npu_core/u_core/u_fexu/div_703/u_div/u_add_PartRem_9_7/CO (fexu_EN_F1_DW01_add_678)
                                                          0.00       2.82 f
  u_npu_core/u_core/u_fexu/U9581/ZN (OAI22OPTPBD2BWP40P140)
                                                          0.02       2.84 r
  u_npu_core/u_core/u_fexu/U1317/ZN (ND2OPTPAD4BWP40P140)
                                                          0.01       2.85 f
  u_npu_core/u_core/u_fexu/U1311/ZN (ND2OPTIBD4BWP40P140)
                                                          0.01       2.86 r
  u_npu_core/u_core/u_fexu/U1314/Z (OR2D6BWP40P140)       0.02       2.89 r
  u_npu_core/u_core/u_fexu/U1316/ZN (MAOI22D2BWP40P140)
                                                          0.03       2.92 r
  u_npu_core/u_core/u_fexu/U12078/ZN (ND4D8BWP40P140)     0.04       2.96 f
  u_npu_core/u_core/u_fexu/div_703/u_div/u_add_PartRem_8_4/A[13] (fexu_EN_F1_DW01_add_626)
                                                          0.00       2.96 f
  u_npu_core/u_core/u_fexu/div_703/u_div/u_add_PartRem_8_4/U340/ZN (ND2D1P5BWP40P140)
                                                          0.02       2.98 r
  u_npu_core/u_core/u_fexu/div_703/u_div/u_add_PartRem_8_4/U273/ZN (OAI21OPTREPBD2BWP40P140)
                                                          0.02       3.00 f
  u_npu_core/u_core/u_fexu/div_703/u_div/u_add_PartRem_8_4/U364/ZN (AOI21D2BWP40P140)
                                                          0.02       3.02 r
  u_npu_core/u_core/u_fexu/div_703/u_div/u_add_PartRem_8_4/U422/ZN (OAI21OPTREPBD2BWP40P140)
                                                          0.01       3.04 f
  u_npu_core/u_core/u_fexu/div_703/u_div/u_add_PartRem_8_4/U265/ZN (AOI21OPTREPBD4BWP40P140)
                                                          0.01       3.05 r
  u_npu_core/u_core/u_fexu/div_703/u_div/u_add_PartRem_8_4/U260/ZN (OAI21D8BWP40P140)
                                                          0.01       3.06 f
  u_npu_core/u_core/u_fexu/div_703/u_div/u_add_PartRem_8_4/CO (fexu_EN_F1_DW01_add_626)
                                                          0.00       3.06 f
  u_npu_core/u_core/u_fexu/U1330/Z (OR2D2BWP40P140)       0.03       3.09 f
  u_npu_core/u_core/u_fexu/U1328/ZN (OAI22OPTPBD2BWP40P140)
                                                          0.01       3.10 r
  u_npu_core/u_core/u_fexu/U1327/Z (OR2D6BWP40P140)       0.02       3.12 r
  u_npu_core/u_core/u_fexu/U5983/Z (OR2D4BWP40P140)       0.02       3.15 r
  u_npu_core/u_core/u_fexu/U4383/ZN (DCCKND8BWP40P140)
                                                          0.01       3.16 f
  u_npu_core/u_core/u_fexu/U6462/ZN (AOI22D1BWP40P140)
                                                          0.02       3.18 r
  u_npu_core/u_core/u_fexu/U6516/ZN (ND4D1BWP40P140)      0.03       3.21 f
  u_npu_core/u_core/u_fexu/U1922/ZN (INVD2BWP40P140)      0.01       3.23 r
  u_npu_core/u_core/u_fexu/U374/ZN (CKND4BWP40P140)       0.01       3.24 f
  u_npu_core/u_core/u_fexu/div_703/u_div/u_add_PartRem_7_6/A[8] (fexu_EN_F1_DW01_add_666)
                                                          0.00       3.24 f
  u_npu_core/u_core/u_fexu/div_703/u_div/u_add_PartRem_7_6/U266/ZN (NR2OPTIBD1BWP40P140)
                                                          0.02       3.26 r
  u_npu_core/u_core/u_fexu/div_703/u_div/u_add_PartRem_7_6/U265/ZN (NR2OPTIBD2BWP40P140)
                                                          0.02       3.28 f
  u_npu_core/u_core/u_fexu/div_703/u_div/u_add_PartRem_7_6/U288/ZN (ND2OPTIBD2BWP40P140)
                                                          0.01       3.29 r
  u_npu_core/u_core/u_fexu/div_703/u_div/u_add_PartRem_7_6/U257/ZN (OAI21OPTREPBD2BWP40P140)
                                                          0.02       3.31 f
  u_npu_core/u_core/u_fexu/div_703/u_div/u_add_PartRem_7_6/U251/ZN (AOI21OPTREPBD2BWP40P140)
                                                          0.02       3.32 r
  u_npu_core/u_core/u_fexu/div_703/u_div/u_add_PartRem_7_6/U252/ZN (OAI21D6BWP40P140)
                                                          0.01       3.34 f
  u_npu_core/u_core/u_fexu/div_703/u_div/u_add_PartRem_7_6/CO (fexu_EN_F1_DW01_add_666)
                                                          0.00       3.34 f
  u_npu_core/u_core/u_fexu/U1485/ZN (INVD4BWP40P140)      0.01       3.34 r
  u_npu_core/u_core/u_fexu/U1484/ZN (OAI22OPTPBD2BWP40P140)
                                                          0.01       3.36 f
  u_npu_core/u_core/u_fexu/U1480/ZN (IND2D4BWP40P140)     0.01       3.37 r
  u_npu_core/u_core/u_fexu/U564/ZN (INVD4BWP40P140)       0.01       3.37 f
  u_npu_core/u_core/u_fexu/U1481/Z (OR2D6BWP40P140)       0.02       3.40 f
  u_npu_core/u_core/u_fexu/U859/ZN (ND2OPTPAD4BWP40P140)
                                                          0.01       3.41 r
  u_npu_core/u_core/u_fexu/U1495/ZN (DCCKND8BWP40P140)
                                                          0.01       3.42 f
  u_npu_core/u_core/u_fexu/U10962/ZN (AOI22D2BWP40P140)
                                                          0.01       3.43 r
  u_npu_core/u_core/u_fexu/U11080/ZN (OAI221D2BWP40P140)
                                                          0.03       3.46 f
  u_npu_core/u_core/u_fexu/U11121/Z (OR2D4BWP40P140)      0.03       3.49 f
  u_npu_core/u_core/u_fexu/U2083/Z (BUFFD4BWP40P140)      0.02       3.51 f
  u_npu_core/u_core/u_fexu/div_703/u_div/u_add_PartRem_6_1/A[11] (fexu_EN_F1_DW01_add_436)
                                                          0.00       3.51 f
  u_npu_core/u_core/u_fexu/div_703/u_div/u_add_PartRem_6_1/U282/ZN (NR2D1P5BWP40P140)
                                                          0.02       3.52 r
  u_npu_core/u_core/u_fexu/div_703/u_div/u_add_PartRem_6_1/U280/ZN (OAI21D1P5BWP40P140)
                                                          0.03       3.55 f
  u_npu_core/u_core/u_fexu/div_703/u_div/u_add_PartRem_6_1/U283/ZN (AOI21D2BWP40P140)
                                                          0.02       3.57 r
  u_npu_core/u_core/u_fexu/div_703/u_div/u_add_PartRem_6_1/U267/ZN (OAI21OPTREPBD2BWP40P140)
                                                          0.01       3.59 f
  u_npu_core/u_core/u_fexu/div_703/u_div/u_add_PartRem_6_1/U261/ZN (AOI21OPTREPBD2BWP40P140)
                                                          0.01       3.60 r
  u_npu_core/u_core/u_fexu/div_703/u_div/u_add_PartRem_6_1/U293/ZN (OAI21D4BWP40P140)
                                                          0.01       3.61 f
  u_npu_core/u_core/u_fexu/div_703/u_div/u_add_PartRem_6_1/CO (fexu_EN_F1_DW01_add_436)
                                                          0.00       3.61 f
  u_npu_core/u_core/u_fexu/U1524/ZN (MUX2NOPTD4BWP40P140)
                                                          0.01       3.63 r
  u_npu_core/u_core/u_fexu/U1523/ZN (MUX2NOPTD4BWP40P140)
                                                          0.02       3.65 f
  u_npu_core/u_core/u_fexu/U1527/ZN (OAI21OPTREPBD6BWP40P140)
                                                          0.01       3.66 r
  u_npu_core/u_core/u_fexu/U1528/Z (OR3D4BWP40P140)       0.03       3.68 r
  u_npu_core/u_core/u_fexu/U566/ZN (DCCKND8BWP40P140)     0.01       3.69 f
  u_npu_core/u_core/u_fexu/U850/ZN (AOI22D4BWP40P140)     0.02       3.71 r
  u_npu_core/u_core/u_fexu/U849/ZN (IOA21D2BWP40P140)     0.01       3.72 f
  u_npu_core/u_core/u_fexu/U327/Z (AO211D4BWP40P140)      0.04       3.76 f
  u_npu_core/u_core/u_fexu/U125/ZN (INVD4BWP40P140)       0.01       3.76 r
  u_npu_core/u_core/u_fexu/U1537/ZN (INVD1P5BWP40P140)
                                                          0.01       3.77 f
  u_npu_core/u_core/u_fexu/div_703/u_div/u_add_PartRem_5_4/A[4] (fexu_EN_F1_DW01_add_249)
                                                          0.00       3.77 f
  u_npu_core/u_core/u_fexu/div_703/u_div/u_add_PartRem_5_4/U295/ZN (ND2D1BWP40P140)
                                                          0.01       3.78 r
  u_npu_core/u_core/u_fexu/div_703/u_div/u_add_PartRem_5_4/U275/ZN (OAI21D1BWP40P140)
                                                          0.04       3.82 f
  u_npu_core/u_core/u_fexu/div_703/u_div/u_add_PartRem_5_4/U324/ZN (NR2OPTIBD4BWP40P140)
                                                          0.02       3.84 r
  u_npu_core/u_core/u_fexu/div_703/u_div/u_add_PartRem_5_4/U432/ZN (OAI21OPTREPBD4BWP40P140)
                                                          0.01       3.85 f
  u_npu_core/u_core/u_fexu/div_703/u_div/u_add_PartRem_5_4/U329/ZN (AOI21D6BWP40P140)
                                                          0.01       3.87 r
  u_npu_core/u_core/u_fexu/div_703/u_div/u_add_PartRem_5_4/U314/ZN (OAI21D8BWP40P140)
                                                          0.01       3.88 f
  u_npu_core/u_core/u_fexu/div_703/u_div/u_add_PartRem_5_4/CO (fexu_EN_F1_DW01_add_249)
                                                          0.00       3.88 f
  u_npu_core/u_core/u_fexu/U2175/ZN (IND2D6BWP40P140)     0.03       3.90 f
  u_npu_core/u_core/u_fexu/U458/ZN (ND2OPTIBD6BWP40P140)
                                                          0.01       3.91 r
  u_npu_core/u_core/u_fexu/U4844/Z (OR3D6BWP40P140)       0.02       3.93 r
  u_npu_core/u_core/u_fexu/U2734/ZN (DCCKND8BWP40P140)
                                                          0.01       3.94 f
  u_npu_core/u_core/u_fexu/U2082/Z (AO22D1BWP40P140)      0.03       3.97 f
  u_npu_core/u_core/u_fexu/U10918/ZN (IND4D4BWP40P140)
                                                          0.04       4.02 f
  u_npu_core/u_core/u_fexu/U1091/ZN (INVD4BWP40P140)      0.01       4.03 r
  u_npu_core/u_core/u_fexu/U568/ZN (CKND6BWP40P140)       0.01       4.04 f
  u_npu_core/u_core/u_fexu/div_703/u_div/u_add_PartRem_4_1/A[11] (fexu_EN_F1_DW01_add_645)
                                                          0.00       4.04 f
  u_npu_core/u_core/u_fexu/div_703/u_div/u_add_PartRem_4_1/U375/ZN (ND2D1BWP40P140)
                                                          0.01       4.05 r
  u_npu_core/u_core/u_fexu/div_703/u_div/u_add_PartRem_4_1/U233/ZN (OAI21D1P5BWP40P140)
                                                          0.03       4.08 f
  u_npu_core/u_core/u_fexu/div_703/u_div/u_add_PartRem_4_1/U232/ZN (AOI21D2BWP40P140)
                                                          0.02       4.10 r
  u_npu_core/u_core/u_fexu/div_703/u_div/u_add_PartRem_4_1/U235/ZN (OAI21D2BWP40P140)
                                                          0.02       4.12 f
  u_npu_core/u_core/u_fexu/div_703/u_div/u_add_PartRem_4_1/U276/ZN (AOI21D4BWP40P140)
                                                          0.02       4.14 r
  u_npu_core/u_core/u_fexu/div_703/u_div/u_add_PartRem_4_1/U225/ZN (OAI21OPTREPBD4BWP40P140)
                                                          0.01       4.15 f
  u_npu_core/u_core/u_fexu/div_703/u_div/u_add_PartRem_4_1/CO (fexu_EN_F1_DW01_add_645)
                                                          0.00       4.15 f
  u_npu_core/u_core/u_fexu/U1461/ZN (MUX2NOPTD4BWP40P140)
                                                          0.02       4.17 r
  u_npu_core/u_core/u_fexu/U1457/ZN (INVD6BWP40P140)      0.01       4.17 f
  u_npu_core/u_core/u_fexu/U775/ZN (MUX2NOPTD8BWP40P140)
                                                          0.01       4.19 r
  u_npu_core/u_core/u_fexu/U782/ZN (IND2D4BWP40P140)      0.02       4.21 r
  u_npu_core/u_core/u_fexu/U1464/Z (OR2D6BWP40P140)       0.02       4.23 r
  u_npu_core/u_core/u_fexu/U1043/ZN (DCCKND12BWP40P140)
                                                          0.01       4.24 f
  u_npu_core/u_core/u_fexu/U5702/ZN (AOI22D1BWP40P140)
                                                          0.02       4.25 r
  u_npu_core/u_core/u_fexu/U12012/Z (AN4D4BWP40P140)      0.05       4.30 r
  u_npu_core/u_core/u_fexu/U2624/ZN (CKND6BWP40P140)      0.01       4.31 f
  u_npu_core/u_core/u_fexu/div_703/u_div/u_add_PartRem_3_7/A[12] (fexu_EN_F1_DW01_add_267)
                                                          0.00       4.31 f
  u_npu_core/u_core/u_fexu/div_703/u_div/u_add_PartRem_3_7/U319/ZN (ND2D1BWP40P140)
                                                          0.01       4.32 r
  u_npu_core/u_core/u_fexu/div_703/u_div/u_add_PartRem_3_7/U329/ZN (OAI21D1BWP40P140)
                                                          0.02       4.34 f
  u_npu_core/u_core/u_fexu/div_703/u_div/u_add_PartRem_3_7/U305/ZN (AOI21OPTREPBD1BWP40P140)
                                                          0.02       4.36 r
  u_npu_core/u_core/u_fexu/div_703/u_div/u_add_PartRem_3_7/U278/ZN (OAI21D0P7BWP40P140)
                                                          0.02       4.39 f
  u_npu_core/u_core/u_fexu/div_703/u_div/u_add_PartRem_3_7/U281/ZN (AOI21OPTREPBD2BWP40P140)
                                                          0.02       4.40 r
  u_npu_core/u_core/u_fexu/div_703/u_div/u_add_PartRem_3_7/U280/ZN (OAI21D2BWP40P140)
                                                          0.01       4.41 f
  u_npu_core/u_core/u_fexu/div_703/u_div/u_add_PartRem_3_7/CO (fexu_EN_F1_DW01_add_267)
                                                          0.00       4.41 f
  u_npu_core/u_core/u_fexu/U1434/ZN (OAI22D2BWP40P140)
                                                          0.01       4.43 r
  u_npu_core/u_core/u_fexu/U1433/ZN (ND2OPTPAD2BWP40P140)
                                                          0.01       4.44 f
  u_npu_core/u_core/u_fexu/U1436/ZN (INVD2BWP40P140)      0.01       4.45 r
  u_npu_core/u_core/u_fexu/U1439/Z (OR2D4BWP40P140)       0.02       4.47 r
  u_npu_core/u_core/u_fexu/U4862/Z (OR2D6BWP40P140)       0.02       4.49 r
  u_npu_core/u_core/u_fexu/U96/ZN (DCCKND12BWP40P140)     0.01       4.50 f
  u_npu_core/u_core/u_fexu/U94/ZN (AOI22D2BWP40P140)      0.02       4.51 r
  u_npu_core/u_core/u_fexu/U4672/Z (AN4D4BWP40P140)       0.05       4.56 r
  u_npu_core/u_core/u_fexu/U2412/ZN (INVD6BWP40P140)      0.01       4.57 f
  u_npu_core/u_core/u_fexu/div_703/u_div/u_add_PartRem_2_2/A[12] (fexu_EN_F1_DW01_add_318)
                                                          0.00       4.57 f
  u_npu_core/u_core/u_fexu/div_703/u_div/u_add_PartRem_2_2/U274/ZN (NR2D0BWP40P140)
                                                          0.02       4.60 r
  u_npu_core/u_core/u_fexu/div_703/u_div/u_add_PartRem_2_2/U265/ZN (NR2D2BWP40P140)
                                                          0.02       4.62 f
  u_npu_core/u_core/u_fexu/div_703/u_div/u_add_PartRem_2_2/U270/ZN (AOI21D2BWP40P140)
                                                          0.02       4.64 r
  u_npu_core/u_core/u_fexu/div_703/u_div/u_add_PartRem_2_2/U267/ZN (OAI21OPTREPBD2BWP40P140)
                                                          0.02       4.66 f
  u_npu_core/u_core/u_fexu/div_703/u_div/u_add_PartRem_2_2/U266/ZN (AOI21OPTREPBD4BWP40P140)
                                                          0.01       4.67 r
  u_npu_core/u_core/u_fexu/div_703/u_div/u_add_PartRem_2_2/U465/ZN (OAI21OPTREPBD4BWP40P140)
                                                          0.01       4.69 f
  u_npu_core/u_core/u_fexu/div_703/u_div/u_add_PartRem_2_2/CO (fexu_EN_F1_DW01_add_318)
                                                          0.00       4.69 f
  u_npu_core/u_core/u_fexu/U712/ZN (INVD2BWP40P140)       0.01       4.70 r
  u_npu_core/u_core/u_fexu/U1390/ZN (OAI33D2BWP40P140)
                                                          0.02       4.72 f
  u_npu_core/u_core/u_fexu/U1379/Z (OR2D6BWP40P140)       0.03       4.75 f
  u_npu_core/u_core/u_fexu/U10914/ZN (NR2OPTIBD4BWP40P140)
                                                          0.01       4.76 r
  u_npu_core/u_core/u_fexu/U2848/ZN (INVD6BWP40P140)      0.01       4.77 f
  u_npu_core/u_core/u_fexu/U1394/ZN (DCCKND12BWP40P140)
                                                          0.01       4.78 r
  u_npu_core/u_core/u_fexu/U2311/ZN (AOI221D1BWP40P140)
                                                          0.02       4.81 f
  u_npu_core/u_core/u_fexu/U3276/ZN (INVD2BWP40P140)      0.01       4.82 r
  u_npu_core/u_core/u_fexu/U731/Z (DCCKBD4BWP40P140)      0.02       4.84 r
  u_npu_core/u_core/u_fexu/div_703/u_div/u_add_PartRem_1_1/A[4] (fexu_EN_F1_DW01_add_677)
                                                          0.00       4.84 r
  u_npu_core/u_core/u_fexu/div_703/u_div/u_add_PartRem_1_1/U238/ZN (NR2OPTPAD1BWP40P140)
                                                          0.01       4.85 f
  u_npu_core/u_core/u_fexu/div_703/u_div/u_add_PartRem_1_1/U262/ZN (NR2OPTPAD1BWP40P140)
                                                          0.01       4.86 r
  u_npu_core/u_core/u_fexu/div_703/u_div/u_add_PartRem_1_1/U297/ZN (AOI21OPTREPBD2BWP40P140)
                                                          0.02       4.89 f
  u_npu_core/u_core/u_fexu/div_703/u_div/u_add_PartRem_1_1/U229/ZN (OAI21OPTREPBD4BWP40P140)
                                                          0.02       4.91 r
  u_npu_core/u_core/u_fexu/div_703/u_div/u_add_PartRem_1_1/U249/ZN (AOI21OPTREPBD4BWP40P140)
                                                          0.02       4.92 f
  u_npu_core/u_core/u_fexu/div_703/u_div/u_add_PartRem_1_1/U305/ZN (OAI21OPTREPBD4BWP40P140)
                                                          0.02       4.94 r
  u_npu_core/u_core/u_fexu/div_703/u_div/u_add_PartRem_1_1/CO (fexu_EN_F1_DW01_add_677)
                                                          0.00       4.94 r
  u_npu_core/u_core/u_fexu/U804/ZN (INVD6BWP40P140)       0.01       4.95 f
  u_npu_core/u_core/u_fexu/U2663/ZN (MUX2NOPTD4BWP40P140)
                                                          0.01       4.96 r
  u_npu_core/u_core/u_fexu/U2662/ZN (MUX2NOPTD4BWP40P140)
                                                          0.02       4.98 f
  u_npu_core/u_core/u_fexu/U2233/ZN (INVD2BWP40P140)      0.01       4.99 r
  u_npu_core/u_core/u_fexu/U1371/Z (OR2D6BWP40P140)       0.02       5.01 r
  u_npu_core/u_core/u_fexu/U1112/ZN (DCCKND12BWP40P140)
                                                          0.01       5.02 f
  u_npu_core/u_core/u_fexu/U3489/ZN (AOI22D2BWP40P140)
                                                          0.01       5.03 r
  u_npu_core/u_core/u_fexu/U11383/ZN (OAI221D2BWP40P140)
                                                          0.04       5.07 f
  u_npu_core/u_core/u_fexu/U813/Z (OR2D4BWP40P140)        0.02       5.09 f
  u_npu_core/u_core/u_fexu/div_703/u_div/u_add_PartRem_0_4/A[9] (fexu_EN_F1_DW01_add_244)
                                                          0.00       5.09 f
  u_npu_core/u_core/u_fexu/div_703/u_div/u_add_PartRem_0_4/U253/ZN (NR2D1P5BWP40P140)
                                                          0.01       5.10 r
  u_npu_core/u_core/u_fexu/div_703/u_div/u_add_PartRem_0_4/U251/ZN (OAI21D1P5BWP40P140)
                                                          0.02       5.12 f
  u_npu_core/u_core/u_fexu/div_703/u_div/u_add_PartRem_0_4/U248/ZN (AOI21D2BWP40P140)
                                                          0.02       5.14 r
  u_npu_core/u_core/u_fexu/div_703/u_div/u_add_PartRem_0_4/U232/ZN (OAI21OPTREPBD4BWP40P140)
                                                          0.02       5.16 f
  u_npu_core/u_core/u_fexu/div_703/u_div/u_add_PartRem_0_4/U231/ZN (AOI21OPTREPBD4BWP40P140)
                                                          0.01       5.17 r
  u_npu_core/u_core/u_fexu/div_703/u_div/u_add_PartRem_0_4/U230/ZN (OAI21OPTREPBD4BWP40P140)
                                                          0.01       5.18 f
  u_npu_core/u_core/u_fexu/div_703/u_div/u_add_PartRem_0_4/CO (fexu_EN_F1_DW01_add_244)
                                                          0.00       5.18 f
  u_npu_core/u_core/u_fexu/U1173/Z (DCCKBD12BWP40P140)
                                                          0.02       5.20 f
  u_npu_core/u_core/u_fexu/U1004/ZN (MUX2NUD1BWP40P140)
                                                          0.02       5.22 f
  u_npu_core/u_core/u_fexu/U1172/ZN (MUX2NUD1BWP40P140)
                                                          0.02       5.25 r
  u_npu_core/u_core/u_fexu/U1176/ZN (CKND2BWP40P140)      0.01       5.26 f
  u_npu_core/u_core/u_fexu/U565/ZN (DCCKND4BWP40P140)     0.01       5.27 r
  u_npu_core/u_core/u_fexu/mult_707/b[0] (fexu_EN_F1_DW_mult_uns_11)
                                                          0.00       5.27 r
  u_npu_core/u_core/u_fexu/mult_707/U2181/ZN (DCCKND12BWP40P140)
                                                          0.01       5.28 f
  u_npu_core/u_core/u_fexu/mult_707/U2175/ZN (INVD16BWP40P140)
                                                          0.01       5.29 r
  u_npu_core/u_core/u_fexu/mult_707/U2174/ZN (IND2D4BWP40P140)
                                                          0.02       5.30 r
  u_npu_core/u_core/u_fexu/mult_707/U2173/ZN (OAI22OPTPBD6BWP40P140)
                                                          0.01       5.32 f
  u_npu_core/u_core/u_fexu/mult_707/U2179/S (FA1D1BWP40P140)
                                                          0.08       5.40 r
  u_npu_core/u_core/u_fexu/mult_707/U2140/ZN (CKND2D4BWP40P140)
                                                          0.01       5.42 f
  u_npu_core/u_core/u_fexu/mult_707/U2187/ZN (OAI21D2BWP40P140)
                                                          0.01       5.43 r
  u_npu_core/u_core/u_fexu/mult_707/U2183/ZN (AOI21D2BWP40P140)
                                                          0.01       5.44 f
  u_npu_core/u_core/u_fexu/mult_707/U2189/ZN (OAI21D4BWP40P140)
                                                          0.01       5.45 r
  u_npu_core/u_core/u_fexu/mult_707/U2202/ZN (AOI21D6BWP40P140)
                                                          0.02       5.47 f
  u_npu_core/u_core/u_fexu/mult_707/U2199/ZN (OAI21OPTREPBD4BWP40P140)
                                                          0.02       5.49 r
  u_npu_core/u_core/u_fexu/mult_707/U2198/ZN (AOI21D6BWP40P140)
                                                          0.02       5.50 f
  u_npu_core/u_core/u_fexu/mult_707/U2201/ZN (INVD12BWP40P140)
                                                          0.01       5.51 r
  u_npu_core/u_core/u_fexu/mult_707/U2226/ZN (CKND16BWP40P140)
                                                          0.01       5.52 f
  u_npu_core/u_core/u_fexu/mult_707/U2118/Z (XOR2UD1BWP40P140)
                                                          0.02       5.54 f
  u_npu_core/u_core/u_fexu/mult_707/product[23] (fexu_EN_F1_DW_mult_uns_11)
                                                          0.00       5.54 f
  u_npu_core/u_core/u_fexu/U21414/Z (OR4D1BWP40P140)      0.03       5.57 f
  u_npu_core/u_core/u_fexu/U21415/Z (OR4D1BWP40P140)      0.03       5.60 f
  u_npu_core/u_core/u_fexu/U1191/Z (OR4D1BWP40P140)       0.03       5.63 f
  u_npu_core/u_core/u_fexu/U1186/ZN (INR3D1BWP40P140)     0.01       5.64 r
  u_npu_core/u_core/u_fexu/U1185/ZN (AOI21D2BWP40P140)
                                                          0.02       5.66 f
  u_npu_core/u_core/u_fexu/add_380_C708/A[0] (fexu_EN_F1_DW01_add_236)
                                                          0.00       5.66 f
  u_npu_core/u_core/u_fexu/add_380_C708/U279/ZN (ND2D6BWP40P140)
                                                          0.02       5.67 r
  u_npu_core/u_core/u_fexu/add_380_C708/U295/ZN (OAI21D0P7BWP40P140)
                                                          0.02       5.70 f
  u_npu_core/u_core/u_fexu/add_380_C708/U410/ZN (XNR2UD1BWP40P140)
                                                          0.02       5.72 f
  u_npu_core/u_core/u_fexu/add_380_C708/SUM[21] (fexu_EN_F1_DW01_add_236)
                                                          0.00       5.72 f
  u_npu_core/u_core/u_fexu/U1544/ZN (INVD2BWP40P140)      0.01       5.73 r
  u_npu_core/u_core/u_fexu/U1543/ZN (ND4D1BWP40P140)      0.02       5.75 f
  u_npu_core/u_core/u_fexu/U1541/Z (OR4D1BWP40P140)       0.04       5.79 f
  u_npu_core/u_core/u_fexu/U875/ZN (NR2OPTPAD2BWP40P140)
                                                          0.01       5.80 r
  u_npu_core/u_core/u_fexu/U1566/ZN (IND2D2BWP40P140)     0.02       5.82 r
  u_npu_core/u_core/u_fexu/U1574/Z (OR2D6BWP40P140)       0.02       5.84 r
  u_npu_core/u_core/u_fexu/U9461/ZN (XNR2OPTND4BWP40P140)
                                                          0.02       5.86 r
  u_npu_core/u_core/u_fexu/U9460/ZN (OAI221D4BWP40P140)
                                                          0.03       5.89 f
  u_npu_core/u_core/u_fexu/U517/Z (AO211D4BWP40P140)      0.04       5.93 f
  u_npu_core/u_core/u_fexu/q_fdata[26] (fexu_EN_F1)       0.00       5.93 f
  u_npu_core/u_core/ex_mem_f_data_r_reg[26]/D (EDFQD1BWP40P140)
                                                          0.00       5.93 f
  data arrival time                                                  5.93

  clock clk (rise edge)                                   6.00       6.00
  clock network delay (ideal)                             0.00       6.00
  clock uncertainty                                      -0.05       5.95
  u_npu_core/u_core/ex_mem_f_data_r_reg[26]/CP (EDFQD1BWP40P140)
                                                          0.00       5.95 r
  library setup time                                     -0.02       5.93
  data required time                                                 5.93
  --------------------------------------------------------------------------
  data required time                                                 5.93
  data arrival time                                                 -5.93
  --------------------------------------------------------------------------
  slack (MET)                                                        0.00


  Startpoint: u_npu_core/u_core/if_ex_instr_reg[21]
              (rising edge-triggered flip-flop clocked by clk)
  Endpoint: u_npu_core/u_core/ex_mem_f_data_r_reg[26]
            (rising edge-triggered flip-flop clocked by clk)
  Path Group: clk
  Path Type: max

  Des/Clust/Port     Wire Load Model       Library
  ------------------------------------------------
  csr_RV32A0_PMP_ENTRIES0_EN_RVV1_EN_F1
                     ZeroWireload          tcbn28hpcplusbwp40p140tt0p9v25c
  trigger            ZeroWireload          tcbn28hpcplusbwp40p140tt0p9v25c
  div                ZeroWireload          tcbn28hpcplusbwp40p140tt0p9v25c
  mul                ZeroWireload          tcbn28hpcplusbwp40p140tt0p9v25c
  vexu_EN_RVV1       ZeroWireload          tcbn28hpcplusbwp40p140tt0p9v25c
  fexu_EN_F1         ZeroWireload          tcbn28hpcplusbwp40p140tt0p9v25c
  rfu                ZeroWireload          tcbn28hpcplusbwp40p140tt0p9v25c
  ifu_00000000_0     ZeroWireload          tcbn28hpcplusbwp40p140tt0p9v25c
  ras_EN_RAS0        ZeroWireload          tcbn28hpcplusbwp40p140tt0p9v25c
  bp_EN_BP0          ZeroWireload          tcbn28hpcplusbwp40p140tt0p9v25c
  npu_itcm_sram_dp_WORDS2048_AW11
                     ZeroWireload          tcbn28hpcplusbwp40p140tt0p9v25c
  npu_tcm_sram_dp_WORDS8192_AW13_DMA_DATA_W256_LANES4
                     ZeroWireload          tcbn28hpcplusbwp40p140tt0p9v25c
  core_00000000_0_0_0_0_0_1_1
                     ZeroWireload          tcbn28hpcplusbwp40p140tt0p9v25c
  axil_decerr        ZeroWireload          tcbn28hpcplusbwp40p140tt0p9v25c
  npu_itcm_WORDS2048_AW11
                     ZeroWireload          tcbn28hpcplusbwp40p140tt0p9v25c
  npu_tcm_WORDS8192_AW13_DMA_DATA_W256
                     ZeroWireload          tcbn28hpcplusbwp40p140tt0p9v25c
  npu_dma_BUF_AW13_DMA_DATA_W256
                     ZeroWireload          tcbn28hpcplusbwp40p140tt0p9v25c
  npu_ml_ctrl_ML_V2_EN1
                     ZeroWireload          tcbn28hpcplusbwp40p140tt0p9v25c
  npu_axil_regs      ZeroWireload          tcbn28hpcplusbwp40p140tt0p9v25c
  mat_engine_TCM_AW13_LANES4
                     ZeroWireload          tcbn28hpcplusbwp40p140tt0p9v25c
  npu_top_MAT_LANES4_DMA_DATA_W256_ML_V2_EN1
                     ZeroWireload          tcbn28hpcplusbwp40p140tt0p9v25c
  cpu_m1_top_00000000_0_0_0_1_1
                     ZeroWireload          tcbn28hpcplusbwp40p140tt0p9v25c
  fexu_EN_F1_DW_mult_uns_8
                     ZeroWireload          tcbn28hpcplusbwp40p140tt0p9v25c
  fexu_EN_F1_DW01_add_811
                     ZeroWireload          tcbn28hpcplusbwp40p140tt0p9v25c
  fexu_EN_F1_DW01_add_380
                     ZeroWireload          tcbn28hpcplusbwp40p140tt0p9v25c
  fexu_EN_F1_DW01_add_733
                     ZeroWireload          tcbn28hpcplusbwp40p140tt0p9v25c
  fexu_EN_F1_DW01_add_261
                     ZeroWireload          tcbn28hpcplusbwp40p140tt0p9v25c
  fexu_EN_F1_DW01_sub_254
                     ZeroWireload          tcbn28hpcplusbwp40p140tt0p9v25c
  fexu_EN_F1_DW01_add_833
                     ZeroWireload          tcbn28hpcplusbwp40p140tt0p9v25c
  fexu_EN_F1_DW01_add_456
                     ZeroWireload          tcbn28hpcplusbwp40p140tt0p9v25c
  fexu_EN_F1_DW01_add_336
                     ZeroWireload          tcbn28hpcplusbwp40p140tt0p9v25c
  fexu_EN_F1_DW01_add_775
                     ZeroWireload          tcbn28hpcplusbwp40p140tt0p9v25c
  fexu_EN_F1_DW01_add_642
                     ZeroWireload          tcbn28hpcplusbwp40p140tt0p9v25c
  fexu_EN_F1_DW01_add_335
                     ZeroWireload          tcbn28hpcplusbwp40p140tt0p9v25c
  fexu_EN_F1_DW01_add_489
                     ZeroWireload          tcbn28hpcplusbwp40p140tt0p9v25c
  fexu_EN_F1_DW01_add_334
                     ZeroWireload          tcbn28hpcplusbwp40p140tt0p9v25c
  fexu_EN_F1_DW01_add_333
                     ZeroWireload          tcbn28hpcplusbwp40p140tt0p9v25c
  fexu_EN_F1_DW01_add_772
                     ZeroWireload          tcbn28hpcplusbwp40p140tt0p9v25c
  fexu_EN_F1_DW01_add_260
                     ZeroWireload          tcbn28hpcplusbwp40p140tt0p9v25c
  fexu_EN_F1_DW01_add_369
                     ZeroWireload          tcbn28hpcplusbwp40p140tt0p9v25c
  fexu_EN_F1_DW01_add_372
                     ZeroWireload          tcbn28hpcplusbwp40p140tt0p9v25c
  fexu_EN_F1_DW01_add_731
                     ZeroWireload          tcbn28hpcplusbwp40p140tt0p9v25c
  fexu_EN_F1_DW01_add_331
                     ZeroWireload          tcbn28hpcplusbwp40p140tt0p9v25c
  fexu_EN_F1_DW01_add_779
                     ZeroWireload          tcbn28hpcplusbwp40p140tt0p9v25c
  fexu_EN_F1_DW01_add_301
                     ZeroWireload          tcbn28hpcplusbwp40p140tt0p9v25c
  fexu_EN_F1_DW01_add_258
                     ZeroWireload          tcbn28hpcplusbwp40p140tt0p9v25c
  fexu_EN_F1_DW01_add_259
                     ZeroWireload          tcbn28hpcplusbwp40p140tt0p9v25c
  fexu_EN_F1_DW01_add_341
                     ZeroWireload          tcbn28hpcplusbwp40p140tt0p9v25c
  fexu_EN_F1_DW01_add_363
                     ZeroWireload          tcbn28hpcplusbwp40p140tt0p9v25c
  fexu_EN_F1_DW01_add_330
                     ZeroWireload          tcbn28hpcplusbwp40p140tt0p9v25c
  fexu_EN_F1_DW01_add_314
                     ZeroWireload          tcbn28hpcplusbwp40p140tt0p9v25c
  fexu_EN_F1_DW01_add_304
                     ZeroWireload          tcbn28hpcplusbwp40p140tt0p9v25c
  fexu_EN_F1_DW01_add_283
                     ZeroWireload          tcbn28hpcplusbwp40p140tt0p9v25c
  fexu_EN_F1_DW01_add_361
                     ZeroWireload          tcbn28hpcplusbwp40p140tt0p9v25c
  fexu_EN_F1_DW01_add_362
                     ZeroWireload          tcbn28hpcplusbwp40p140tt0p9v25c
  fexu_EN_F1_DW01_add_671
                     ZeroWireload          tcbn28hpcplusbwp40p140tt0p9v25c
  fexu_EN_F1_DW01_add_371
                     ZeroWireload          tcbn28hpcplusbwp40p140tt0p9v25c
  fexu_EN_F1_DW01_add_342
                     ZeroWireload          tcbn28hpcplusbwp40p140tt0p9v25c
  fexu_EN_F1_DW01_add_613
                     ZeroWireload          tcbn28hpcplusbwp40p140tt0p9v25c
  fexu_EN_F1_DW01_add_657
                     ZeroWireload          tcbn28hpcplusbwp40p140tt0p9v25c
  fexu_EN_F1_DW01_add_785
                     ZeroWireload          tcbn28hpcplusbwp40p140tt0p9v25c
  fexu_EN_F1_DW01_add_636
                     ZeroWireload          tcbn28hpcplusbwp40p140tt0p9v25c
  fexu_EN_F1_DW01_add_758
                     ZeroWireload          tcbn28hpcplusbwp40p140tt0p9v25c
  fexu_EN_F1_DW01_add_753
                     ZeroWireload          tcbn28hpcplusbwp40p140tt0p9v25c
  fexu_EN_F1_DW01_add_660
                     ZeroWireload          tcbn28hpcplusbwp40p140tt0p9v25c
  fexu_EN_F1_DW01_add_360
                     ZeroWireload          tcbn28hpcplusbwp40p140tt0p9v25c
  fexu_EN_F1_DW01_add_737
                     ZeroWireload          tcbn28hpcplusbwp40p140tt0p9v25c
  fexu_EN_F1_DW01_add_654
                     ZeroWireload          tcbn28hpcplusbwp40p140tt0p9v25c
  fexu_EN_F1_DW01_add_639
                     ZeroWireload          tcbn28hpcplusbwp40p140tt0p9v25c
  fexu_EN_F1_DW01_add_624
                     ZeroWireload          tcbn28hpcplusbwp40p140tt0p9v25c
  fexu_EN_F1_DW01_add_635
                     ZeroWireload          tcbn28hpcplusbwp40p140tt0p9v25c
  fexu_EN_F1_DW01_add_652
                     ZeroWireload          tcbn28hpcplusbwp40p140tt0p9v25c
  fexu_EN_F1_DW01_add_288
                     ZeroWireload          tcbn28hpcplusbwp40p140tt0p9v25c
  fexu_EN_F1_DW01_add_653
                     ZeroWireload          tcbn28hpcplusbwp40p140tt0p9v25c
  fexu_EN_F1_DW01_add_678
                     ZeroWireload          tcbn28hpcplusbwp40p140tt0p9v25c
  fexu_EN_F1_DW01_add_679
                     ZeroWireload          tcbn28hpcplusbwp40p140tt0p9v25c
  fexu_EN_F1_DW01_add_682
                     ZeroWireload          tcbn28hpcplusbwp40p140tt0p9v25c
  fexu_EN_F1_DW01_add_626
                     ZeroWireload          tcbn28hpcplusbwp40p140tt0p9v25c
  fexu_EN_F1_DW01_add_324
                     ZeroWireload          tcbn28hpcplusbwp40p140tt0p9v25c
  fexu_EN_F1_DW01_add_312
                     ZeroWireload          tcbn28hpcplusbwp40p140tt0p9v25c
  fexu_EN_F1_DW01_add_313
                     ZeroWireload          tcbn28hpcplusbwp40p140tt0p9v25c
  fexu_EN_F1_DW01_add_309
                     ZeroWireload          tcbn28hpcplusbwp40p140tt0p9v25c
  fexu_EN_F1_DW01_add_359
                     ZeroWireload          tcbn28hpcplusbwp40p140tt0p9v25c
  fexu_EN_F1_DW01_add_302
                     ZeroWireload          tcbn28hpcplusbwp40p140tt0p9v25c
  fexu_EN_F1_DW01_add_598
                     ZeroWireload          tcbn28hpcplusbwp40p140tt0p9v25c
  fexu_EN_F1_DW01_add_651
                     ZeroWireload          tcbn28hpcplusbwp40p140tt0p9v25c
  fexu_EN_F1_DW01_add_599
                     ZeroWireload          tcbn28hpcplusbwp40p140tt0p9v25c
  fexu_EN_F1_DW01_add_732
                     ZeroWireload          tcbn28hpcplusbwp40p140tt0p9v25c
  fexu_EN_F1_DW01_add_597
                     ZeroWireload          tcbn28hpcplusbwp40p140tt0p9v25c
  fexu_EN_F1_DW01_add_666
                     ZeroWireload          tcbn28hpcplusbwp40p140tt0p9v25c
  fexu_EN_F1_DW01_add_683
                     ZeroWireload          tcbn28hpcplusbwp40p140tt0p9v25c
  fexu_EN_F1_DW01_add_740
                     ZeroWireload          tcbn28hpcplusbwp40p140tt0p9v25c
  fexu_EN_F1_DW01_add_436
                     ZeroWireload          tcbn28hpcplusbwp40p140tt0p9v25c
  fexu_EN_F1_DW01_add_276
                     ZeroWireload          tcbn28hpcplusbwp40p140tt0p9v25c
  fexu_EN_F1_DW01_add_249
                     ZeroWireload          tcbn28hpcplusbwp40p140tt0p9v25c
  fexu_EN_F1_DW01_add_644
                     ZeroWireload          tcbn28hpcplusbwp40p140tt0p9v25c
  fexu_EN_F1_DW01_add_614
                     ZeroWireload          tcbn28hpcplusbwp40p140tt0p9v25c
  fexu_EN_F1_DW01_add_674
                     ZeroWireload          tcbn28hpcplusbwp40p140tt0p9v25c
  fexu_EN_F1_DW01_add_645
                     ZeroWireload          tcbn28hpcplusbwp40p140tt0p9v25c
  fexu_EN_F1_DW01_add_675
                     ZeroWireload          tcbn28hpcplusbwp40p140tt0p9v25c
  fexu_EN_F1_DW01_add_640
                     ZeroWireload          tcbn28hpcplusbwp40p140tt0p9v25c
  fexu_EN_F1_DW01_add_673
                     ZeroWireload          tcbn28hpcplusbwp40p140tt0p9v25c
  fexu_EN_F1_DW01_add_662
                     ZeroWireload          tcbn28hpcplusbwp40p140tt0p9v25c
  fexu_EN_F1_DW01_add_618
                     ZeroWireload          tcbn28hpcplusbwp40p140tt0p9v25c
  fexu_EN_F1_DW01_add_670
                     ZeroWireload          tcbn28hpcplusbwp40p140tt0p9v25c
  fexu_EN_F1_DW01_add_269
                     ZeroWireload          tcbn28hpcplusbwp40p140tt0p9v25c
  fexu_EN_F1_DW01_add_268
                     ZeroWireload          tcbn28hpcplusbwp40p140tt0p9v25c
  fexu_EN_F1_DW01_add_267
                     ZeroWireload          tcbn28hpcplusbwp40p140tt0p9v25c
  fexu_EN_F1_DW01_add_246
                     ZeroWireload          tcbn28hpcplusbwp40p140tt0p9v25c
  fexu_EN_F1_DW01_add_339
                     ZeroWireload          tcbn28hpcplusbwp40p140tt0p9v25c
  fexu_EN_F1_DW01_add_355
                     ZeroWireload          tcbn28hpcplusbwp40p140tt0p9v25c
  fexu_EN_F1_DW01_add_356
                     ZeroWireload          tcbn28hpcplusbwp40p140tt0p9v25c
  fexu_EN_F1_DW01_add_307
                     ZeroWireload          tcbn28hpcplusbwp40p140tt0p9v25c
  fexu_EN_F1_DW01_add_350
                     ZeroWireload          tcbn28hpcplusbwp40p140tt0p9v25c
  fexu_EN_F1_DW01_add_318
                     ZeroWireload          tcbn28hpcplusbwp40p140tt0p9v25c
  fexu_EN_F1_DW01_add_299
                     ZeroWireload          tcbn28hpcplusbwp40p140tt0p9v25c
  fexu_EN_F1_DW01_add_677
                     ZeroWireload          tcbn28hpcplusbwp40p140tt0p9v25c
  fexu_EN_F1_DW01_add_300
                     ZeroWireload          tcbn28hpcplusbwp40p140tt0p9v25c
  fexu_EN_F1_DW01_add_668
                     ZeroWireload          tcbn28hpcplusbwp40p140tt0p9v25c
  fexu_EN_F1_DW01_add_244
                     ZeroWireload          tcbn28hpcplusbwp40p140tt0p9v25c
  fexu_EN_F1_DW_mult_uns_11
                     ZeroWireload          tcbn28hpcplusbwp40p140tt0p9v25c
  fexu_EN_F1_DW01_add_236
                     ZeroWireload          tcbn28hpcplusbwp40p140tt0p9v25c

  Point                                                   Incr       Path
  --------------------------------------------------------------------------
  clock clk (rise edge)                                   0.00       0.00
  clock network delay (ideal)                             0.00       0.00
  u_npu_core/u_core/if_ex_instr_reg[21]/CP (DFQD4BWP40P140)
                                                          0.00 #     0.00 r
  u_npu_core/u_core/if_ex_instr_reg[21]/Q (DFQD4BWP40P140)
                                                          0.05       0.05 f
  u_npu_core/u_core/u_fexu/q_instr[21] (fexu_EN_F1)       0.00       0.05 f
  u_npu_core/u_core/u_fexu/U1689/ZN (INR2D2BWP40P140)     0.02       0.07 f
  u_npu_core/u_core/u_fexu/U1687/ZN (DCCKND4BWP40P140)
                                                          0.01       0.08 r
  u_npu_core/u_core/u_fexu/U9615/Z (OR2D6BWP40P140)       0.02       0.11 r
  u_npu_core/u_core/u_fexu/U7579/Z (OA22D1BWP40P140)      0.03       0.13 r
  u_npu_core/u_core/u_fexu/U4633/ZN (OAI221D1BWP40P140)
                                                          0.03       0.17 f
  u_npu_core/u_core/u_fexu/U4467/Z (OR4D2BWP40P140)       0.04       0.21 f
  u_npu_core/u_core/u_fexu/U4387/ZN (MUX2NOPTD4BWP40P140)
                                                          0.01       0.22 r
  u_npu_core/u_core/u_fexu/U9618/ZN (IND2D4BWP40P140)     0.02       0.24 r
  u_npu_core/u_core/u_fexu/U1947/Z (OR3D4BWP40P140)       0.02       0.26 r
  u_npu_core/u_core/u_fexu/U1705/ZN (IND2D4BWP40P140)     0.02       0.28 r
  u_npu_core/u_core/u_fexu/U1704/ZN (NR4D0BWP40P140)      0.01       0.29 f
  u_npu_core/u_core/u_fexu/U1702/ZN (INR2D2BWP40P140)     0.01       0.30 r
  u_npu_core/u_core/u_fexu/U1691/ZN (ND2OPTIBD2BWP40P140)
                                                          0.01       0.32 f
  u_npu_core/u_core/u_fexu/U233/ZN (NR3OPTPAD2BWP40P140)
                                                          0.01       0.33 r
  u_npu_core/u_core/u_fexu/U1690/Z (OR2D6BWP40P140)       0.02       0.35 r
  u_npu_core/u_core/u_fexu/U1693/ZN (IND2D2BWP40P140)     0.02       0.37 r
  u_npu_core/u_core/u_fexu/U254/ZN (ND4D2BWP40P140)       0.02       0.39 f
  u_npu_core/u_core/u_fexu/U1743/Z (OR2D4BWP40P140)       0.03       0.41 f
  u_npu_core/u_core/u_fexu/U240/ZN (CKND2BWP40P140)       0.01       0.42 r
  u_npu_core/u_core/u_fexu/U10707/Z (AO211D4BWP40P140)
                                                          0.02       0.44 r
  u_npu_core/u_core/u_fexu/U1750/Z (OR2D6BWP40P140)       0.02       0.46 r
  u_npu_core/u_core/u_fexu/U1749/ZN (INVD2BWP40P140)      0.00       0.46 f
  u_npu_core/u_core/u_fexu/U1739/ZN (IND4D1BWP40P140)     0.01       0.47 r
  u_npu_core/u_core/u_fexu/U1734/Z (OR3D4BWP40P140)       0.02       0.49 r
  u_npu_core/u_core/u_fexu/U1729/ZN (ND4D3BWP40P140)      0.03       0.52 f
  u_npu_core/u_core/u_fexu/U1728/ZN (INVD4BWP40P140)      0.02       0.54 r
  u_npu_core/u_core/u_fexu/U1796/ZN (ND4D4BWP40P140)      0.02       0.56 f
  u_npu_core/u_core/u_fexu/U1794/ZN (INVD4BWP40P140)      0.01       0.57 r
  u_npu_core/u_core/u_fexu/U1791/Z (XOR2OPTND4BWP40P140)
                                                          0.02       0.59 r
  u_npu_core/u_core/u_fexu/U1792/ZN (IOA21D2BWP40P140)
                                                          0.03       0.62 r
  u_npu_core/u_core/u_fexu/U9623/ZN (INVD3BWP40P140)      0.01       0.63 f
  u_npu_core/u_core/u_fexu/U2439/Z (OR2D6BWP40P140)       0.02       0.66 f
  u_npu_core/u_core/u_fexu/U1778/Z (OR3D6BWP40P140)       0.03       0.69 f
  u_npu_core/u_core/u_fexu/U504/ZN (INVD3BWP40P140)       0.01       0.70 r
  u_npu_core/u_core/u_fexu/U11589/ZN (AOI32D2BWP40P140)
                                                          0.02       0.71 f
  u_npu_core/u_core/u_fexu/U11907/ZN (IOA21D2BWP40P140)
                                                          0.01       0.73 r
  u_npu_core/u_core/u_fexu/U5694/Z (BUFFD4BWP40P140)      0.02       0.74 r
  u_npu_core/u_core/u_fexu/U3224/Z (CKBD1BWP40P140)       0.02       0.76 r
  u_npu_core/u_core/u_fexu/U494/ZN (CKND3BWP40P140)       0.01       0.77 f
  u_npu_core/u_core/u_fexu/div_703/u_div/u_add_B3/B[7] (fexu_EN_F1_DW01_add_456)
                                                          0.00       0.77 f
  u_npu_core/u_core/u_fexu/div_703/u_div/u_add_B3/U371/ZN (INVD0P7BWP40P140)
                                                          0.01       0.78 r
  u_npu_core/u_core/u_fexu/div_703/u_div/u_add_B3/U282/ZN (INVD1BWP40P140)
                                                          0.01       0.79 f
  u_npu_core/u_core/u_fexu/div_703/u_div/u_add_B3/U284/ZN (NR2OPTPAD1BWP40P140)
                                                          0.01       0.81 r
  u_npu_core/u_core/u_fexu/div_703/u_div/u_add_B3/U283/ZN (INVD3BWP40P140)
                                                          0.01       0.81 f
  u_npu_core/u_core/u_fexu/div_703/u_div/u_add_B3/U303/ZN (ND2OPTIBD1BWP40P140)
                                                          0.01       0.83 r
  u_npu_core/u_core/u_fexu/div_703/u_div/u_add_B3/U352/Z (OR2D1BWP40P140)
                                                          0.02       0.85 r
  u_npu_core/u_core/u_fexu/div_703/u_div/u_add_B3/U380/ZN (NR2D3BWP40P140)
                                                          0.01       0.86 f
  u_npu_core/u_core/u_fexu/div_703/u_div/u_add_B3/U362/ZN (NR2OPTIBD6BWP40P140)
                                                          0.01       0.87 r
  u_npu_core/u_core/u_fexu/div_703/u_div/u_add_B3/U272/ZN (OAI21D8BWP40P140)
                                                          0.01       0.89 f
  u_npu_core/u_core/u_fexu/div_703/u_div/u_add_B3/U270/ZN (AOI21D2BWP40P140)
                                                          0.02       0.91 r
  u_npu_core/u_core/u_fexu/div_703/u_div/u_add_B3/U366/ZN (OAI21D0P7BWP40P140)
                                                          0.02       0.94 f
  u_npu_core/u_core/u_fexu/div_703/u_div/u_add_B3/U313/ZN (XNR2UD1BWP40P140)
                                                          0.02       0.95 r
  u_npu_core/u_core/u_fexu/div_703/u_div/u_add_B3/SUM[21] (fexu_EN_F1_DW01_add_456)
                                                          0.00       0.95 r
  u_npu_core/u_core/u_fexu/div_703/u_div/u_add_PartRem_17_3/B[21] (fexu_EN_F1_DW01_add_489)
                                                          0.00       0.95 r
  u_npu_core/u_core/u_fexu/div_703/u_div/u_add_PartRem_17_3/U155/ZN (INVD1P5BWP40P140)
                                                          0.01       0.96 f
  u_npu_core/u_core/u_fexu/div_703/u_div/u_add_PartRem_17_3/U182/ZN (NR2OPTPAD1BWP40P140)
                                                          0.01       0.98 r
  u_npu_core/u_core/u_fexu/div_703/u_div/u_add_PartRem_17_3/U187/ZN (CKND2D2BWP40P140)
                                                          0.01       0.99 f
  u_npu_core/u_core/u_fexu/div_703/u_div/u_add_PartRem_17_3/U216/ZN (NR2OPTPAD2BWP40P140)
                                                          0.01       1.00 r
  u_npu_core/u_core/u_fexu/div_703/u_div/u_add_PartRem_17_3/U184/ZN (CKND2D4BWP40P140)
                                                          0.01       1.01 f
  u_npu_core/u_core/u_fexu/div_703/u_div/u_add_PartRem_17_3/U160/ZN (NR2OPTIBD4BWP40P140)
                                                          0.01       1.02 r
  u_npu_core/u_core/u_fexu/div_703/u_div/u_add_PartRem_17_3/CO (fexu_EN_F1_DW01_add_489)
                                                          0.00       1.02 r
  u_npu_core/u_core/u_fexu/U1895/ZN (OAI221D4BWP40P140)
                                                          0.03       1.04 f
  u_npu_core/u_core/u_fexu/U11926/ZN (INR2D4BWP40P140)
                                                          0.03       1.07 f
  u_npu_core/u_core/u_fexu/U3036/ZN (CKND3BWP40P140)      0.01       1.08 r
  u_npu_core/u_core/u_fexu/U6196/Z (MUX2OPTD6BWP40P140)
                                                          0.02       1.11 f
  u_npu_core/u_core/u_fexu/U4281/ZN (INVD6BWP40P140)      0.01       1.11 r
  u_npu_core/u_core/u_fexu/div_703/u_div/u_add_PartRem_16_4/A[4] (fexu_EN_F1_DW01_add_261)
                                                          0.00       1.11 r
  u_npu_core/u_core/u_fexu/div_703/u_div/u_add_PartRem_16_4/U154/ZN (ND2D3BWP40P140)
                                                          0.01       1.13 f
  u_npu_core/u_core/u_fexu/div_703/u_div/u_add_PartRem_16_4/U153/ZN (INVD2BWP40P140)
                                                          0.01       1.13 r
  u_npu_core/u_core/u_fexu/div_703/u_div/u_add_PartRem_16_4/U162/ZN (ND2OPTIBD2BWP40P140)
                                                          0.01       1.14 f
  u_npu_core/u_core/u_fexu/div_703/u_div/u_add_PartRem_16_4/U163/ZN (ND2OPTPAD2BWP40P140)
                                                          0.01       1.15 r
  u_npu_core/u_core/u_fexu/div_703/u_div/u_add_PartRem_16_4/U166/ZN (AOI21OPTREPBD2BWP40P140)
                                                          0.01       1.16 f
  u_npu_core/u_core/u_fexu/div_703/u_div/u_add_PartRem_16_4/U161/ZN (OAI21D4BWP40P140)
                                                          0.02       1.18 r
  u_npu_core/u_core/u_fexu/div_703/u_div/u_add_PartRem_16_4/CO (fexu_EN_F1_DW01_add_261)
                                                          0.00       1.18 r
  u_npu_core/u_core/u_fexu/U2434/ZN (INVD4BWP40P140)      0.01       1.19 f
  u_npu_core/u_core/u_fexu/U1213/ZN (NR2D6BWP40P140)      0.02       1.21 r
  u_npu_core/u_core/u_fexu/U1217/ZN (AOI22D0P7BWP40P140)
                                                          0.02       1.23 f
  u_npu_core/u_core/u_fexu/U1216/ZN (INVD0P7BWP40P140)
                                                          0.01       1.24 r
  u_npu_core/u_core/u_fexu/U1214/ZN (AOI221D0BWP40P140)
                                                          0.01       1.25 f
  u_npu_core/u_core/u_fexu/U1207/ZN (MUX2NUD1BWP40P140)
                                                          0.03       1.28 r
  u_npu_core/u_core/u_fexu/U1206/ZN (INVD2BWP40P140)      0.01       1.30 f
  u_npu_core/u_core/u_fexu/U1205/ZN (CKND6BWP40P140)      0.01       1.31 r
  u_npu_core/u_core/u_fexu/div_703/u_div/u_add_PartRem_15_2/A[9] (fexu_EN_F1_DW01_add_731)
                                                          0.00       1.31 r
  u_npu_core/u_core/u_fexu/div_703/u_div/u_add_PartRem_15_2/U167/ZN (NR2D1P5BWP40P140)
                                                          0.01       1.32 f
  u_npu_core/u_core/u_fexu/div_703/u_div/u_add_PartRem_15_2/U164/ZN (NR2OPTIBD4BWP40P140)
                                                          0.01       1.33 r
  u_npu_core/u_core/u_fexu/div_703/u_div/u_add_PartRem_15_2/U171/ZN (AOI21OPTREPBD2BWP40P140)
                                                          0.02       1.35 f
  u_npu_core/u_core/u_fexu/div_703/u_div/u_add_PartRem_15_2/U175/ZN (OAI21D4BWP40P140)
                                                          0.01       1.36 r
  u_npu_core/u_core/u_fexu/div_703/u_div/u_add_PartRem_15_2/U178/ZN (AOI21D4BWP40P140)
                                                          0.01       1.38 f
  u_npu_core/u_core/u_fexu/div_703/u_div/u_add_PartRem_15_2/U177/ZN (INVD4BWP40P140)
                                                          0.01       1.38 r
  u_npu_core/u_core/u_fexu/div_703/u_div/u_add_PartRem_15_2/CO (fexu_EN_F1_DW01_add_731)
                                                          0.00       1.38 r
  u_npu_core/u_core/u_fexu/U5803/Z (OR2D4BWP40P140)       0.02       1.41 r
  u_npu_core/u_core/u_fexu/U1994/ZN (NR2D8BWP40P140)      0.01       1.42 f
  u_npu_core/u_core/u_fexu/U2126/ZN (AOI22D0P7BWP40P140)
                                                          0.02       1.44 r
  u_npu_core/u_core/u_fexu/U4470/ZN (INVD1P5BWP40P140)
                                                          0.01       1.45 f
  u_npu_core/u_core/u_fexu/U5904/ZN (NR3D1P5BWP40P140)
                                                          0.02       1.47 r
  u_npu_core/u_core/u_fexu/U3041/ZN (ND2OPTIBD2BWP40P140)
                                                          0.01       1.48 f
  u_npu_core/u_core/u_fexu/U139/ZN (INVD3BWP40P140)       0.01       1.49 r
  u_npu_core/u_core/u_fexu/U2163/ZN (ND2D6BWP40P140)      0.01       1.50 f
  u_npu_core/u_core/u_fexu/U5906/ZN (INVD8BWP40P140)      0.01       1.51 r
  u_npu_core/u_core/u_fexu/U1237/ZN (INVD12BWP40P140)     0.01       1.52 f
  u_npu_core/u_core/u_fexu/div_703/u_div/u_add_PartRem_14_2/A[5] (fexu_EN_F1_DW01_add_314)
                                                          0.00       1.52 f
  u_npu_core/u_core/u_fexu/div_703/u_div/u_add_PartRem_14_2/U188/ZN (ND2OPTPAD2BWP40P140)
                                                          0.01       1.53 r
  u_npu_core/u_core/u_fexu/div_703/u_div/u_add_PartRem_14_2/U233/ZN (OAI21D4BWP40P140)
                                                          0.02       1.55 f
  u_npu_core/u_core/u_fexu/div_703/u_div/u_add_PartRem_14_2/U232/ZN (AOI21D4BWP40P140)
                                                          0.02       1.57 r
  u_npu_core/u_core/u_fexu/div_703/u_div/u_add_PartRem_14_2/U193/ZN (OAI21D4BWP40P140)
                                                          0.02       1.59 f
  u_npu_core/u_core/u_fexu/div_703/u_div/u_add_PartRem_14_2/U196/ZN (AOI21OPTREPBD2BWP40P140)
                                                          0.01       1.60 r
  u_npu_core/u_core/u_fexu/div_703/u_div/u_add_PartRem_14_2/U198/ZN (INVD3BWP40P140)
                                                          0.01       1.61 f
  u_npu_core/u_core/u_fexu/div_703/u_div/u_add_PartRem_14_2/CO (fexu_EN_F1_DW01_add_314)
                                                          0.00       1.61 f
  u_npu_core/u_core/u_fexu/U1833/ZN (IND2D4BWP40P140)     0.02       1.63 f
  u_npu_core/u_core/u_fexu/U5777/ZN (IND2D4BWP40P140)     0.02       1.65 f
  u_npu_core/u_core/u_fexu/U1230/ZN (INVD6BWP40P140)      0.01       1.66 r
  u_npu_core/u_core/u_fexu/U11286/ZN (AOI22D2BWP40P140)
                                                          0.02       1.68 f
  u_npu_core/u_core/u_fexu/U2870/ZN (ND4D1BWP40P140)      0.02       1.71 r
  u_npu_core/u_core/u_fexu/div_703/u_div/u_add_PartRem_13_6/A[3] (fexu_EN_F1_DW01_add_283)
                                                          0.00       1.71 r
  u_npu_core/u_core/u_fexu/div_703/u_div/u_add_PartRem_13_6/U241/ZN (NR2OPTPAD1BWP40P140)
                                                          0.02       1.72 f
  u_npu_core/u_core/u_fexu/div_703/u_div/u_add_PartRem_13_6/U255/ZN (OAI21OPTREPBD2BWP40P140)
                                                          0.03       1.75 r
  u_npu_core/u_core/u_fexu/div_703/u_div/u_add_PartRem_13_6/U254/ZN (AOI21OPTREPBD2BWP40P140)
                                                          0.02       1.77 f
  u_npu_core/u_core/u_fexu/div_703/u_div/u_add_PartRem_13_6/U248/ZN (OAI21OPTREPBD2BWP40P140)
                                                          0.02       1.78 r
  u_npu_core/u_core/u_fexu/div_703/u_div/u_add_PartRem_13_6/U253/ZN (AOI21OPTREPBD2BWP40P140)
                                                          0.02       1.80 f
  u_npu_core/u_core/u_fexu/div_703/u_div/u_add_PartRem_13_6/U252/ZN (NR2OPTIBD4BWP40P140)
                                                          0.01       1.81 r
  u_npu_core/u_core/u_fexu/div_703/u_div/u_add_PartRem_13_6/CO (fexu_EN_F1_DW01_add_283)
                                                          0.00       1.81 r
  u_npu_core/u_core/u_fexu/U1414/Z (OR2D4BWP40P140)       0.02       1.83 r
  u_npu_core/u_core/u_fexu/U1412/ZN (MUX2NOPTD6BWP40P140)
                                                          0.01       1.85 f
  u_npu_core/u_core/u_fexu/U1407/ZN (NR2OPTPAD4BWP40P140)
                                                          0.01       1.86 r
  u_npu_core/u_core/u_fexu/U1415/Z (OR2D2BWP40P140)       0.03       1.89 r
  u_npu_core/u_core/u_fexu/U1423/ZN (CKND6BWP40P140)      0.01       1.90 f
  u_npu_core/u_core/u_fexu/U1422/ZN (AOI22D1P5BWP40P140)
                                                          0.02       1.92 r
  u_npu_core/u_core/u_fexu/U1421/Z (AN4D4BWP40P140)       0.04       1.96 r
  u_npu_core/u_core/u_fexu/U999/ZN (INVD6BWP40P140)       0.01       1.97 f
  u_npu_core/u_core/u_fexu/div_703/u_div/u_add_PartRem_12_2/A[12] (fexu_EN_F1_DW01_add_671)
                                                          0.00       1.97 f
  u_npu_core/u_core/u_fexu/div_703/u_div/u_add_PartRem_12_2/U274/ZN (ND2D1P5BWP40P140)
                                                          0.01       1.98 r
  u_npu_core/u_core/u_fexu/div_703/u_div/u_add_PartRem_12_2/U271/ZN (OAI21OPTREPBD2BWP40P140)
                                                          0.03       2.01 f
  u_npu_core/u_core/u_fexu/div_703/u_div/u_add_PartRem_12_2/U305/ZN (AOI21D4BWP40P140)
                                                          0.02       2.03 r
  u_npu_core/u_core/u_fexu/div_703/u_div/u_add_PartRem_12_2/U377/ZN (OAI21OPTREPBD4BWP40P140)
                                                          0.01       2.05 f
  u_npu_core/u_core/u_fexu/div_703/u_div/u_add_PartRem_12_2/U242/ZN (AOI21OPTREPBD1BWP40P140)
                                                          0.01       2.06 r
  u_npu_core/u_core/u_fexu/div_703/u_div/u_add_PartRem_12_2/U273/ZN (OAI21D2BWP40P140)
                                                          0.02       2.08 f
  u_npu_core/u_core/u_fexu/div_703/u_div/u_add_PartRem_12_2/CO (fexu_EN_F1_DW01_add_671)
                                                          0.00       2.08 f
  u_npu_core/u_core/u_fexu/U11475/ZN (NR2OPTPAD2BWP40P140)
                                                          0.02       2.09 r
  u_npu_core/u_core/u_fexu/U1299/ZN (CKND2D8BWP40P140)
                                                          0.02       2.11 f
  u_npu_core/u_core/u_fexu/U184/ZN (INVD12BWP40P140)      0.01       2.12 r
  u_npu_core/u_core/u_fexu/U1303/Z (OR2D6BWP40P140)       0.02       2.14 r
  u_npu_core/u_core/u_fexu/U1171/ZN (OAI221D1BWP40P140)
                                                          0.03       2.17 f
  u_npu_core/u_core/u_fexu/U1170/ZN (AOI211OPTREPBD1BWP40P140)
                                                          0.03       2.20 r
  u_npu_core/u_core/u_fexu/U1865/ZN (CKND4BWP40P140)      0.02       2.22 f
  u_npu_core/u_core/u_fexu/div_703/u_div/u_add_PartRem_11_2/A[8] (fexu_EN_F1_DW01_add_753)
                                                          0.00       2.22 f
  u_npu_core/u_core/u_fexu/div_703/u_div/u_add_PartRem_11_2/U272/ZN (NR2OPTIBD1BWP40P140)
                                                          0.02       2.24 r
  u_npu_core/u_core/u_fexu/div_703/u_div/u_add_PartRem_11_2/U273/ZN (NR2D1P5BWP40P140)
                                                          0.01       2.25 f
  u_npu_core/u_core/u_fexu/div_703/u_div/u_add_PartRem_11_2/U303/ZN (CKND2D1BWP40P140)
                                                          0.02       2.27 r
  u_npu_core/u_core/u_fexu/div_703/u_div/u_add_PartRem_11_2/U287/ZN (OAI21OPTREPBD2BWP40P140)
                                                          0.02       2.29 f
  u_npu_core/u_core/u_fexu/div_703/u_div/u_add_PartRem_11_2/U294/ZN (AOI21OPTREPBD2BWP40P140)
                                                          0.02       2.31 r
  u_npu_core/u_core/u_fexu/div_703/u_div/u_add_PartRem_11_2/U299/ZN (OAI21D6BWP40P140)
                                                          0.01       2.32 f
  u_npu_core/u_core/u_fexu/div_703/u_div/u_add_PartRem_11_2/CO (fexu_EN_F1_DW01_add_753)
                                                          0.00       2.32 f
  u_npu_core/u_core/u_fexu/U1242/ZN (MUX2NOPTD4BWP40P140)
                                                          0.02       2.34 r
  u_npu_core/u_core/u_fexu/U1246/Z (OR3D6BWP40P140)       0.02       2.37 r
  u_npu_core/u_core/u_fexu/U1256/ZN (DCCKND12BWP40P140)
                                                          0.01       2.38 f
  u_npu_core/u_core/u_fexu/U687/ZN (IAO22D2BWP40P140)     0.02       2.39 r
  u_npu_core/u_core/u_fexu/U11875/Z (AN4D4BWP40P140)      0.05       2.44 r
  u_npu_core/u_core/u_fexu/U1069/ZN (DCCKND8BWP40P140)
                                                          0.01       2.45 f
  u_npu_core/u_core/u_fexu/div_703/u_div/u_add_PartRem_10_2/A[3] (fexu_EN_F1_DW01_add_624)
                                                          0.00       2.45 f
  u_npu_core/u_core/u_fexu/div_703/u_div/u_add_PartRem_10_2/U234/ZN (ND2OPTPAD2BWP40P140)
                                                          0.01       2.46 r
  u_npu_core/u_core/u_fexu/div_703/u_div/u_add_PartRem_10_2/U299/ZN (OAI21D2BWP40P140)
                                                          0.03       2.49 f
  u_npu_core/u_core/u_fexu/div_703/u_div/u_add_PartRem_10_2/U314/ZN (AOI21D2BWP40P140)
                                                          0.02       2.51 r
  u_npu_core/u_core/u_fexu/div_703/u_div/u_add_PartRem_10_2/U312/ZN (OAI21OPTREPBD2BWP40P140)
                                                          0.01       2.52 f
  u_npu_core/u_core/u_fexu/div_703/u_div/u_add_PartRem_10_2/U311/ZN (AOI21OPTREPBD2BWP40P140)
                                                          0.02       2.54 r
  u_npu_core/u_core/u_fexu/div_703/u_div/u_add_PartRem_10_2/U256/ZN (OAI21OPTREPBD4BWP40P140)
                                                          0.01       2.55 f
  u_npu_core/u_core/u_fexu/div_703/u_div/u_add_PartRem_10_2/CO (fexu_EN_F1_DW01_add_624)
                                                          0.00       2.55 f
  u_npu_core/u_core/u_fexu/U1504/ZN (MUX2NOPTD4BWP40P140)
                                                          0.02       2.57 f
  u_npu_core/u_core/u_fexu/U1510/ZN (MUX2NOPTD2BWP40P140)
                                                          0.02       2.59 r
  u_npu_core/u_core/u_fexu/U2414/Z (OR2D6BWP40P140)       0.02       2.61 r
  u_npu_core/u_core/u_fexu/U11936/Z (OR2D6BWP40P140)      0.02       2.63 r
  u_npu_core/u_core/u_fexu/U4817/ZN (DCCKND12BWP40P140)
                                                          0.01       2.64 f
  u_npu_core/u_core/u_fexu/U10824/ZN (AOI22D6BWP40P140)
                                                          0.01       2.66 r
  u_npu_core/u_core/u_fexu/U2679/ZN (OAI221D2BWP40P140)
                                                          0.03       2.69 f
  u_npu_core/u_core/u_fexu/U2678/Z (OR2D4BWP40P140)       0.03       2.72 f
  u_npu_core/u_core/u_fexu/div_703/u_div/u_add_PartRem_9_7/A[6] (fexu_EN_F1_DW01_add_678)
                                                          0.00       2.72 f
  u_npu_core/u_core/u_fexu/div_703/u_div/u_add_PartRem_9_7/U266/ZN (CKND2D0BWP40P140)
                                                          0.02       2.74 r
  u_npu_core/u_core/u_fexu/div_703/u_div/u_add_PartRem_9_7/U247/ZN (OAI21D1P5BWP40P140)
                                                          0.02       2.76 f
  u_npu_core/u_core/u_fexu/div_703/u_div/u_add_PartRem_9_7/U250/ZN (AOI21D2BWP40P140)
                                                          0.02       2.78 r
  u_npu_core/u_core/u_fexu/div_703/u_div/u_add_PartRem_9_7/U272/ZN (CKND2D4BWP40P140)
                                                          0.01       2.79 f
  u_npu_core/u_core/u_fexu/div_703/u_div/u_add_PartRem_9_7/U332/ZN (AOI21OPTREPBD2BWP40P140)
                                                          0.02       2.81 r
  u_npu_core/u_core/u_fexu/div_703/u_div/u_add_PartRem_9_7/U270/ZN (OAI21D4BWP40P140)
                                                          0.01       2.82 f
  u_npu_core/u_core/u_fexu/div_703/u_div/u_add_PartRem_9_7/CO (fexu_EN_F1_DW01_add_678)
                                                          0.00       2.82 f
  u_npu_core/u_core/u_fexu/U9581/ZN (OAI22OPTPBD2BWP40P140)
                                                          0.02       2.84 r
  u_npu_core/u_core/u_fexu/U1317/ZN (ND2OPTPAD4BWP40P140)
                                                          0.01       2.85 f
  u_npu_core/u_core/u_fexu/U1311/ZN (ND2OPTIBD4BWP40P140)
                                                          0.01       2.86 r
  u_npu_core/u_core/u_fexu/U1314/Z (OR2D6BWP40P140)       0.02       2.89 r
  u_npu_core/u_core/u_fexu/U1316/ZN (MAOI22D2BWP40P140)
                                                          0.03       2.92 r
  u_npu_core/u_core/u_fexu/U12078/ZN (ND4D8BWP40P140)     0.04       2.96 f
  u_npu_core/u_core/u_fexu/div_703/u_div/u_add_PartRem_8_4/A[13] (fexu_EN_F1_DW01_add_626)
                                                          0.00       2.96 f
  u_npu_core/u_core/u_fexu/div_703/u_div/u_add_PartRem_8_4/U340/ZN (ND2D1P5BWP40P140)
                                                          0.02       2.98 r
  u_npu_core/u_core/u_fexu/div_703/u_div/u_add_PartRem_8_4/U273/ZN (OAI21OPTREPBD2BWP40P140)
                                                          0.02       3.00 f
  u_npu_core/u_core/u_fexu/div_703/u_div/u_add_PartRem_8_4/U364/ZN (AOI21D2BWP40P140)
                                                          0.02       3.02 r
  u_npu_core/u_core/u_fexu/div_703/u_div/u_add_PartRem_8_4/U422/ZN (OAI21OPTREPBD2BWP40P140)
                                                          0.01       3.04 f
  u_npu_core/u_core/u_fexu/div_703/u_div/u_add_PartRem_8_4/U265/ZN (AOI21OPTREPBD4BWP40P140)
                                                          0.01       3.05 r
  u_npu_core/u_core/u_fexu/div_703/u_div/u_add_PartRem_8_4/U260/ZN (OAI21D8BWP40P140)
                                                          0.01       3.06 f
  u_npu_core/u_core/u_fexu/div_703/u_div/u_add_PartRem_8_4/CO (fexu_EN_F1_DW01_add_626)
                                                          0.00       3.06 f
  u_npu_core/u_core/u_fexu/U1330/Z (OR2D2BWP40P140)       0.03       3.09 f
  u_npu_core/u_core/u_fexu/U1328/ZN (OAI22OPTPBD2BWP40P140)
                                                          0.01       3.10 r
  u_npu_core/u_core/u_fexu/U1327/Z (OR2D6BWP40P140)       0.02       3.12 r
  u_npu_core/u_core/u_fexu/U5983/Z (OR2D4BWP40P140)       0.02       3.15 r
  u_npu_core/u_core/u_fexu/U4383/ZN (DCCKND8BWP40P140)
                                                          0.01       3.16 f
  u_npu_core/u_core/u_fexu/U6462/ZN (AOI22D1BWP40P140)
                                                          0.02       3.18 r
  u_npu_core/u_core/u_fexu/U6516/ZN (ND4D1BWP40P140)      0.03       3.21 f
  u_npu_core/u_core/u_fexu/U1922/ZN (INVD2BWP40P140)      0.01       3.23 r
  u_npu_core/u_core/u_fexu/U374/ZN (CKND4BWP40P140)       0.01       3.24 f
  u_npu_core/u_core/u_fexu/div_703/u_div/u_add_PartRem_7_6/A[8] (fexu_EN_F1_DW01_add_666)
                                                          0.00       3.24 f
  u_npu_core/u_core/u_fexu/div_703/u_div/u_add_PartRem_7_6/U266/ZN (NR2OPTIBD1BWP40P140)
                                                          0.02       3.26 r
  u_npu_core/u_core/u_fexu/div_703/u_div/u_add_PartRem_7_6/U265/ZN (NR2OPTIBD2BWP40P140)
                                                          0.02       3.28 f
  u_npu_core/u_core/u_fexu/div_703/u_div/u_add_PartRem_7_6/U288/ZN (ND2OPTIBD2BWP40P140)
                                                          0.01       3.29 r
  u_npu_core/u_core/u_fexu/div_703/u_div/u_add_PartRem_7_6/U257/ZN (OAI21OPTREPBD2BWP40P140)
                                                          0.02       3.31 f
  u_npu_core/u_core/u_fexu/div_703/u_div/u_add_PartRem_7_6/U251/ZN (AOI21OPTREPBD2BWP40P140)
                                                          0.02       3.32 r
  u_npu_core/u_core/u_fexu/div_703/u_div/u_add_PartRem_7_6/U252/ZN (OAI21D6BWP40P140)
                                                          0.01       3.34 f
  u_npu_core/u_core/u_fexu/div_703/u_div/u_add_PartRem_7_6/CO (fexu_EN_F1_DW01_add_666)
                                                          0.00       3.34 f
  u_npu_core/u_core/u_fexu/U1485/ZN (INVD4BWP40P140)      0.01       3.34 r
  u_npu_core/u_core/u_fexu/U1484/ZN (OAI22OPTPBD2BWP40P140)
                                                          0.01       3.36 f
  u_npu_core/u_core/u_fexu/U1480/ZN (IND2D4BWP40P140)     0.01       3.37 r
  u_npu_core/u_core/u_fexu/U564/ZN (INVD4BWP40P140)       0.01       3.37 f
  u_npu_core/u_core/u_fexu/U1481/Z (OR2D6BWP40P140)       0.02       3.40 f
  u_npu_core/u_core/u_fexu/U859/ZN (ND2OPTPAD4BWP40P140)
                                                          0.01       3.41 r
  u_npu_core/u_core/u_fexu/U1495/ZN (DCCKND8BWP40P140)
                                                          0.01       3.42 f
  u_npu_core/u_core/u_fexu/U10962/ZN (AOI22D2BWP40P140)
                                                          0.01       3.43 r
  u_npu_core/u_core/u_fexu/U11080/ZN (OAI221D2BWP40P140)
                                                          0.03       3.46 f
  u_npu_core/u_core/u_fexu/U11121/Z (OR2D4BWP40P140)      0.03       3.49 f
  u_npu_core/u_core/u_fexu/U2083/Z (BUFFD4BWP40P140)      0.02       3.51 f
  u_npu_core/u_core/u_fexu/div_703/u_div/u_add_PartRem_6_1/A[11] (fexu_EN_F1_DW01_add_436)
                                                          0.00       3.51 f
  u_npu_core/u_core/u_fexu/div_703/u_div/u_add_PartRem_6_1/U282/ZN (NR2D1P5BWP40P140)
                                                          0.02       3.52 r
  u_npu_core/u_core/u_fexu/div_703/u_div/u_add_PartRem_6_1/U280/ZN (OAI21D1P5BWP40P140)
                                                          0.03       3.55 f
  u_npu_core/u_core/u_fexu/div_703/u_div/u_add_PartRem_6_1/U283/ZN (AOI21D2BWP40P140)
                                                          0.02       3.57 r
  u_npu_core/u_core/u_fexu/div_703/u_div/u_add_PartRem_6_1/U267/ZN (OAI21OPTREPBD2BWP40P140)
                                                          0.01       3.59 f
  u_npu_core/u_core/u_fexu/div_703/u_div/u_add_PartRem_6_1/U261/ZN (AOI21OPTREPBD2BWP40P140)
                                                          0.01       3.60 r
  u_npu_core/u_core/u_fexu/div_703/u_div/u_add_PartRem_6_1/U293/ZN (OAI21D4BWP40P140)
                                                          0.01       3.61 f
  u_npu_core/u_core/u_fexu/div_703/u_div/u_add_PartRem_6_1/CO (fexu_EN_F1_DW01_add_436)
                                                          0.00       3.61 f
  u_npu_core/u_core/u_fexu/U1524/ZN (MUX2NOPTD4BWP40P140)
                                                          0.01       3.63 r
  u_npu_core/u_core/u_fexu/U1523/ZN (MUX2NOPTD4BWP40P140)
                                                          0.02       3.65 f
  u_npu_core/u_core/u_fexu/U1527/ZN (OAI21OPTREPBD6BWP40P140)
                                                          0.01       3.66 r
  u_npu_core/u_core/u_fexu/U1528/Z (OR3D4BWP40P140)       0.03       3.68 r
  u_npu_core/u_core/u_fexu/U566/ZN (DCCKND8BWP40P140)     0.01       3.69 f
  u_npu_core/u_core/u_fexu/U850/ZN (AOI22D4BWP40P140)     0.02       3.71 r
  u_npu_core/u_core/u_fexu/U849/ZN (IOA21D2BWP40P140)     0.01       3.72 f
  u_npu_core/u_core/u_fexu/U327/Z (AO211D4BWP40P140)      0.04       3.76 f
  u_npu_core/u_core/u_fexu/U125/ZN (INVD4BWP40P140)       0.01       3.76 r
  u_npu_core/u_core/u_fexu/U1537/ZN (INVD1P5BWP40P140)
                                                          0.01       3.77 f
  u_npu_core/u_core/u_fexu/div_703/u_div/u_add_PartRem_5_4/A[4] (fexu_EN_F1_DW01_add_249)
                                                          0.00       3.77 f
  u_npu_core/u_core/u_fexu/div_703/u_div/u_add_PartRem_5_4/U295/ZN (ND2D1BWP40P140)
                                                          0.01       3.78 r
  u_npu_core/u_core/u_fexu/div_703/u_div/u_add_PartRem_5_4/U275/ZN (OAI21D1BWP40P140)
                                                          0.04       3.82 f
  u_npu_core/u_core/u_fexu/div_703/u_div/u_add_PartRem_5_4/U324/ZN (NR2OPTIBD4BWP40P140)
                                                          0.02       3.84 r
  u_npu_core/u_core/u_fexu/div_703/u_div/u_add_PartRem_5_4/U432/ZN (OAI21OPTREPBD4BWP40P140)
                                                          0.01       3.85 f
  u_npu_core/u_core/u_fexu/div_703/u_div/u_add_PartRem_5_4/U329/ZN (AOI21D6BWP40P140)
                                                          0.01       3.87 r
  u_npu_core/u_core/u_fexu/div_703/u_div/u_add_PartRem_5_4/U314/ZN (OAI21D8BWP40P140)
                                                          0.01       3.88 f
  u_npu_core/u_core/u_fexu/div_703/u_div/u_add_PartRem_5_4/CO (fexu_EN_F1_DW01_add_249)
                                                          0.00       3.88 f
  u_npu_core/u_core/u_fexu/U2175/ZN (IND2D6BWP40P140)     0.03       3.90 f
  u_npu_core/u_core/u_fexu/U458/ZN (ND2OPTIBD6BWP40P140)
                                                          0.01       3.91 r
  u_npu_core/u_core/u_fexu/U4844/Z (OR3D6BWP40P140)       0.02       3.93 r
  u_npu_core/u_core/u_fexu/U2734/ZN (DCCKND8BWP40P140)
                                                          0.01       3.94 f
  u_npu_core/u_core/u_fexu/U2082/Z (AO22D1BWP40P140)      0.03       3.97 f
  u_npu_core/u_core/u_fexu/U10918/ZN (IND4D4BWP40P140)
                                                          0.04       4.02 f
  u_npu_core/u_core/u_fexu/U1091/ZN (INVD4BWP40P140)      0.01       4.03 r
  u_npu_core/u_core/u_fexu/U568/ZN (CKND6BWP40P140)       0.01       4.04 f
  u_npu_core/u_core/u_fexu/div_703/u_div/u_add_PartRem_4_1/A[11] (fexu_EN_F1_DW01_add_645)
                                                          0.00       4.04 f
  u_npu_core/u_core/u_fexu/div_703/u_div/u_add_PartRem_4_1/U375/ZN (ND2D1BWP40P140)
                                                          0.01       4.05 r
  u_npu_core/u_core/u_fexu/div_703/u_div/u_add_PartRem_4_1/U233/ZN (OAI21D1P5BWP40P140)
                                                          0.03       4.08 f
  u_npu_core/u_core/u_fexu/div_703/u_div/u_add_PartRem_4_1/U232/ZN (AOI21D2BWP40P140)
                                                          0.02       4.10 r
  u_npu_core/u_core/u_fexu/div_703/u_div/u_add_PartRem_4_1/U235/ZN (OAI21D2BWP40P140)
                                                          0.02       4.12 f
  u_npu_core/u_core/u_fexu/div_703/u_div/u_add_PartRem_4_1/U276/ZN (AOI21D4BWP40P140)
                                                          0.02       4.14 r
  u_npu_core/u_core/u_fexu/div_703/u_div/u_add_PartRem_4_1/U225/ZN (OAI21OPTREPBD4BWP40P140)
                                                          0.01       4.15 f
  u_npu_core/u_core/u_fexu/div_703/u_div/u_add_PartRem_4_1/CO (fexu_EN_F1_DW01_add_645)
                                                          0.00       4.15 f
  u_npu_core/u_core/u_fexu/U1461/ZN (MUX2NOPTD4BWP40P140)
                                                          0.02       4.17 r
  u_npu_core/u_core/u_fexu/U1457/ZN (INVD6BWP40P140)      0.01       4.17 f
  u_npu_core/u_core/u_fexu/U775/ZN (MUX2NOPTD8BWP40P140)
                                                          0.01       4.19 r
  u_npu_core/u_core/u_fexu/U782/ZN (IND2D4BWP40P140)      0.02       4.21 r
  u_npu_core/u_core/u_fexu/U1464/Z (OR2D6BWP40P140)       0.02       4.23 r
  u_npu_core/u_core/u_fexu/U1043/ZN (DCCKND12BWP40P140)
                                                          0.01       4.24 f
  u_npu_core/u_core/u_fexu/U5702/ZN (AOI22D1BWP40P140)
                                                          0.02       4.25 r
  u_npu_core/u_core/u_fexu/U12012/Z (AN4D4BWP40P140)      0.05       4.30 r
  u_npu_core/u_core/u_fexu/U2624/ZN (CKND6BWP40P140)      0.01       4.31 f
  u_npu_core/u_core/u_fexu/div_703/u_div/u_add_PartRem_3_7/A[12] (fexu_EN_F1_DW01_add_267)
                                                          0.00       4.31 f
  u_npu_core/u_core/u_fexu/div_703/u_div/u_add_PartRem_3_7/U319/ZN (ND2D1BWP40P140)
                                                          0.01       4.32 r
  u_npu_core/u_core/u_fexu/div_703/u_div/u_add_PartRem_3_7/U329/ZN (OAI21D1BWP40P140)
                                                          0.02       4.34 f
  u_npu_core/u_core/u_fexu/div_703/u_div/u_add_PartRem_3_7/U305/ZN (AOI21OPTREPBD1BWP40P140)
                                                          0.02       4.36 r
  u_npu_core/u_core/u_fexu/div_703/u_div/u_add_PartRem_3_7/U278/ZN (OAI21D0P7BWP40P140)
                                                          0.02       4.39 f
  u_npu_core/u_core/u_fexu/div_703/u_div/u_add_PartRem_3_7/U281/ZN (AOI21OPTREPBD2BWP40P140)
                                                          0.02       4.40 r
  u_npu_core/u_core/u_fexu/div_703/u_div/u_add_PartRem_3_7/U280/ZN (OAI21D2BWP40P140)
                                                          0.01       4.41 f
  u_npu_core/u_core/u_fexu/div_703/u_div/u_add_PartRem_3_7/CO (fexu_EN_F1_DW01_add_267)
                                                          0.00       4.41 f
  u_npu_core/u_core/u_fexu/U1434/ZN (OAI22D2BWP40P140)
                                                          0.01       4.43 r
  u_npu_core/u_core/u_fexu/U1433/ZN (ND2OPTPAD2BWP40P140)
                                                          0.01       4.44 f
  u_npu_core/u_core/u_fexu/U1436/ZN (INVD2BWP40P140)      0.01       4.45 r
  u_npu_core/u_core/u_fexu/U1439/Z (OR2D4BWP40P140)       0.02       4.47 r
  u_npu_core/u_core/u_fexu/U4862/Z (OR2D6BWP40P140)       0.02       4.49 r
  u_npu_core/u_core/u_fexu/U96/ZN (DCCKND12BWP40P140)     0.01       4.50 f
  u_npu_core/u_core/u_fexu/U94/ZN (AOI22D2BWP40P140)      0.02       4.51 r
  u_npu_core/u_core/u_fexu/U4672/Z (AN4D4BWP40P140)       0.05       4.56 r
  u_npu_core/u_core/u_fexu/U2412/ZN (INVD6BWP40P140)      0.01       4.57 f
  u_npu_core/u_core/u_fexu/div_703/u_div/u_add_PartRem_2_2/A[12] (fexu_EN_F1_DW01_add_318)
                                                          0.00       4.57 f
  u_npu_core/u_core/u_fexu/div_703/u_div/u_add_PartRem_2_2/U274/ZN (NR2D0BWP40P140)
                                                          0.02       4.60 r
  u_npu_core/u_core/u_fexu/div_703/u_div/u_add_PartRem_2_2/U265/ZN (NR2D2BWP40P140)
                                                          0.02       4.62 f
  u_npu_core/u_core/u_fexu/div_703/u_div/u_add_PartRem_2_2/U270/ZN (AOI21D2BWP40P140)
                                                          0.02       4.64 r
  u_npu_core/u_core/u_fexu/div_703/u_div/u_add_PartRem_2_2/U267/ZN (OAI21OPTREPBD2BWP40P140)
                                                          0.02       4.66 f
  u_npu_core/u_core/u_fexu/div_703/u_div/u_add_PartRem_2_2/U266/ZN (AOI21OPTREPBD4BWP40P140)
                                                          0.01       4.67 r
  u_npu_core/u_core/u_fexu/div_703/u_div/u_add_PartRem_2_2/U465/ZN (OAI21OPTREPBD4BWP40P140)
                                                          0.01       4.69 f
  u_npu_core/u_core/u_fexu/div_703/u_div/u_add_PartRem_2_2/CO (fexu_EN_F1_DW01_add_318)
                                                          0.00       4.69 f
  u_npu_core/u_core/u_fexu/U712/ZN (INVD2BWP40P140)       0.01       4.70 r
  u_npu_core/u_core/u_fexu/U1390/ZN (OAI33D2BWP40P140)
                                                          0.02       4.72 f
  u_npu_core/u_core/u_fexu/U1379/Z (OR2D6BWP40P140)       0.03       4.75 f
  u_npu_core/u_core/u_fexu/U10914/ZN (NR2OPTIBD4BWP40P140)
                                                          0.01       4.76 r
  u_npu_core/u_core/u_fexu/U2848/ZN (INVD6BWP40P140)      0.01       4.77 f
  u_npu_core/u_core/u_fexu/U1394/ZN (DCCKND12BWP40P140)
                                                          0.01       4.78 r
  u_npu_core/u_core/u_fexu/U2311/ZN (AOI221D1BWP40P140)
                                                          0.02       4.81 f
  u_npu_core/u_core/u_fexu/U3276/ZN (INVD2BWP40P140)      0.01       4.82 r
  u_npu_core/u_core/u_fexu/U731/Z (DCCKBD4BWP40P140)      0.02       4.84 r
  u_npu_core/u_core/u_fexu/div_703/u_div/u_add_PartRem_1_1/A[4] (fexu_EN_F1_DW01_add_677)
                                                          0.00       4.84 r
  u_npu_core/u_core/u_fexu/div_703/u_div/u_add_PartRem_1_1/U238/ZN (NR2OPTPAD1BWP40P140)
                                                          0.01       4.85 f
  u_npu_core/u_core/u_fexu/div_703/u_div/u_add_PartRem_1_1/U262/ZN (NR2OPTPAD1BWP40P140)
                                                          0.01       4.86 r
  u_npu_core/u_core/u_fexu/div_703/u_div/u_add_PartRem_1_1/U297/ZN (AOI21OPTREPBD2BWP40P140)
                                                          0.02       4.89 f
  u_npu_core/u_core/u_fexu/div_703/u_div/u_add_PartRem_1_1/U229/ZN (OAI21OPTREPBD4BWP40P140)
                                                          0.02       4.91 r
  u_npu_core/u_core/u_fexu/div_703/u_div/u_add_PartRem_1_1/U249/ZN (AOI21OPTREPBD4BWP40P140)
                                                          0.02       4.92 f
  u_npu_core/u_core/u_fexu/div_703/u_div/u_add_PartRem_1_1/U305/ZN (OAI21OPTREPBD4BWP40P140)
                                                          0.02       4.94 r
  u_npu_core/u_core/u_fexu/div_703/u_div/u_add_PartRem_1_1/CO (fexu_EN_F1_DW01_add_677)
                                                          0.00       4.94 r
  u_npu_core/u_core/u_fexu/U804/ZN (INVD6BWP40P140)       0.01       4.95 f
  u_npu_core/u_core/u_fexu/U2663/ZN (MUX2NOPTD4BWP40P140)
                                                          0.01       4.96 r
  u_npu_core/u_core/u_fexu/U2662/ZN (MUX2NOPTD4BWP40P140)
                                                          0.02       4.98 f
  u_npu_core/u_core/u_fexu/U2233/ZN (INVD2BWP40P140)      0.01       4.99 r
  u_npu_core/u_core/u_fexu/U1371/Z (OR2D6BWP40P140)       0.02       5.01 r
  u_npu_core/u_core/u_fexu/U1112/ZN (DCCKND12BWP40P140)
                                                          0.01       5.02 f
  u_npu_core/u_core/u_fexu/U3489/ZN (AOI22D2BWP40P140)
                                                          0.01       5.03 r
  u_npu_core/u_core/u_fexu/U11383/ZN (OAI221D2BWP40P140)
                                                          0.04       5.07 f
  u_npu_core/u_core/u_fexu/U813/Z (OR2D4BWP40P140)        0.02       5.09 f
  u_npu_core/u_core/u_fexu/div_703/u_div/u_add_PartRem_0_4/A[9] (fexu_EN_F1_DW01_add_244)
                                                          0.00       5.09 f
  u_npu_core/u_core/u_fexu/div_703/u_div/u_add_PartRem_0_4/U253/ZN (NR2D1P5BWP40P140)
                                                          0.01       5.10 r
  u_npu_core/u_core/u_fexu/div_703/u_div/u_add_PartRem_0_4/U251/ZN (OAI21D1P5BWP40P140)
                                                          0.02       5.12 f
  u_npu_core/u_core/u_fexu/div_703/u_div/u_add_PartRem_0_4/U248/ZN (AOI21D2BWP40P140)
                                                          0.02       5.14 r
  u_npu_core/u_core/u_fexu/div_703/u_div/u_add_PartRem_0_4/U232/ZN (OAI21OPTREPBD4BWP40P140)
                                                          0.02       5.16 f
  u_npu_core/u_core/u_fexu/div_703/u_div/u_add_PartRem_0_4/U231/ZN (AOI21OPTREPBD4BWP40P140)
                                                          0.01       5.17 r
  u_npu_core/u_core/u_fexu/div_703/u_div/u_add_PartRem_0_4/U230/ZN (OAI21OPTREPBD4BWP40P140)
                                                          0.01       5.18 f
  u_npu_core/u_core/u_fexu/div_703/u_div/u_add_PartRem_0_4/CO (fexu_EN_F1_DW01_add_244)
                                                          0.00       5.18 f
  u_npu_core/u_core/u_fexu/U1173/Z (DCCKBD12BWP40P140)
                                                          0.02       5.20 f
  u_npu_core/u_core/u_fexu/U1004/ZN (MUX2NUD1BWP40P140)
                                                          0.02       5.22 f
  u_npu_core/u_core/u_fexu/U1172/ZN (MUX2NUD1BWP40P140)
                                                          0.02       5.25 r
  u_npu_core/u_core/u_fexu/U1176/ZN (CKND2BWP40P140)      0.01       5.26 f
  u_npu_core/u_core/u_fexu/U565/ZN (DCCKND4BWP40P140)     0.01       5.27 r
  u_npu_core/u_core/u_fexu/mult_707/b[0] (fexu_EN_F1_DW_mult_uns_11)
                                                          0.00       5.27 r
  u_npu_core/u_core/u_fexu/mult_707/U2181/ZN (DCCKND12BWP40P140)
                                                          0.01       5.28 f
  u_npu_core/u_core/u_fexu/mult_707/U2175/ZN (INVD16BWP40P140)
                                                          0.01       5.29 r
  u_npu_core/u_core/u_fexu/mult_707/U2174/ZN (IND2D4BWP40P140)
                                                          0.02       5.30 r
  u_npu_core/u_core/u_fexu/mult_707/U2173/ZN (OAI22OPTPBD6BWP40P140)
                                                          0.01       5.32 f
  u_npu_core/u_core/u_fexu/mult_707/U2179/S (FA1D1BWP40P140)
                                                          0.08       5.40 r
  u_npu_core/u_core/u_fexu/mult_707/U2140/ZN (CKND2D4BWP40P140)
                                                          0.01       5.42 f
  u_npu_core/u_core/u_fexu/mult_707/U2187/ZN (OAI21D2BWP40P140)
                                                          0.01       5.43 r
  u_npu_core/u_core/u_fexu/mult_707/U2183/ZN (AOI21D2BWP40P140)
                                                          0.01       5.44 f
  u_npu_core/u_core/u_fexu/mult_707/U2189/ZN (OAI21D4BWP40P140)
                                                          0.01       5.45 r
  u_npu_core/u_core/u_fexu/mult_707/U2202/ZN (AOI21D6BWP40P140)
                                                          0.02       5.47 f
  u_npu_core/u_core/u_fexu/mult_707/U2199/ZN (OAI21OPTREPBD4BWP40P140)
                                                          0.02       5.49 r
  u_npu_core/u_core/u_fexu/mult_707/U2198/ZN (AOI21D6BWP40P140)
                                                          0.02       5.50 f
  u_npu_core/u_core/u_fexu/mult_707/U2201/ZN (INVD12BWP40P140)
                                                          0.01       5.51 r
  u_npu_core/u_core/u_fexu/mult_707/U2226/ZN (CKND16BWP40P140)
                                                          0.01       5.52 f
  u_npu_core/u_core/u_fexu/mult_707/U2118/Z (XOR2UD1BWP40P140)
                                                          0.02       5.54 f
  u_npu_core/u_core/u_fexu/mult_707/product[23] (fexu_EN_F1_DW_mult_uns_11)
                                                          0.00       5.54 f
  u_npu_core/u_core/u_fexu/U21414/Z (OR4D1BWP40P140)      0.03       5.57 f
  u_npu_core/u_core/u_fexu/U21415/Z (OR4D1BWP40P140)      0.03       5.60 f
  u_npu_core/u_core/u_fexu/U1191/Z (OR4D1BWP40P140)       0.03       5.63 f
  u_npu_core/u_core/u_fexu/U1186/ZN (INR3D1BWP40P140)     0.01       5.64 r
  u_npu_core/u_core/u_fexu/U1185/ZN (AOI21D2BWP40P140)
                                                          0.02       5.66 f
  u_npu_core/u_core/u_fexu/add_380_C708/A[0] (fexu_EN_F1_DW01_add_236)
                                                          0.00       5.66 f
  u_npu_core/u_core/u_fexu/add_380_C708/U279/ZN (ND2D6BWP40P140)
                                                          0.02       5.67 r
  u_npu_core/u_core/u_fexu/add_380_C708/U295/ZN (OAI21D0P7BWP40P140)
                                                          0.02       5.70 f
  u_npu_core/u_core/u_fexu/add_380_C708/U410/ZN (XNR2UD1BWP40P140)
                                                          0.02       5.72 f
  u_npu_core/u_core/u_fexu/add_380_C708/SUM[21] (fexu_EN_F1_DW01_add_236)
                                                          0.00       5.72 f
  u_npu_core/u_core/u_fexu/U1544/ZN (INVD2BWP40P140)      0.01       5.73 r
  u_npu_core/u_core/u_fexu/U1543/ZN (ND4D1BWP40P140)      0.02       5.75 f
  u_npu_core/u_core/u_fexu/U1541/Z (OR4D1BWP40P140)       0.04       5.79 f
  u_npu_core/u_core/u_fexu/U875/ZN (NR2OPTPAD2BWP40P140)
                                                          0.01       5.80 r
  u_npu_core/u_core/u_fexu/U1566/ZN (IND2D2BWP40P140)     0.02       5.82 r
  u_npu_core/u_core/u_fexu/U1574/Z (OR2D6BWP40P140)       0.02       5.84 r
  u_npu_core/u_core/u_fexu/U9461/ZN (XNR2OPTND4BWP40P140)
                                                          0.02       5.86 r
  u_npu_core/u_core/u_fexu/U9460/ZN (OAI221D4BWP40P140)
                                                          0.03       5.89 f
  u_npu_core/u_core/u_fexu/U517/Z (AO211D4BWP40P140)      0.04       5.93 f
  u_npu_core/u_core/u_fexu/q_fdata[26] (fexu_EN_F1)       0.00       5.93 f
  u_npu_core/u_core/ex_mem_f_data_r_reg[26]/D (EDFQD1BWP40P140)
                                                          0.00       5.93 f
  data arrival time                                                  5.93

  clock clk (rise edge)                                   6.00       6.00
  clock network delay (ideal)                             0.00       6.00
  clock uncertainty                                      -0.05       5.95
  u_npu_core/u_core/ex_mem_f_data_r_reg[26]/CP (EDFQD1BWP40P140)
                                                          0.00       5.95 r
  library setup time                                     -0.02       5.93
  data required time                                                 5.93
  --------------------------------------------------------------------------
  data required time                                                 5.93
  data arrival time                                                 -5.93
  --------------------------------------------------------------------------
  slack (MET)                                                        0.00


  Startpoint: u_npu_core/u_core/if_ex_instr_reg[21]
              (rising edge-triggered flip-flop clocked by clk)
  Endpoint: u_npu_core/u_core/ex_mem_f_data_r_reg[26]
            (rising edge-triggered flip-flop clocked by clk)
  Path Group: clk
  Path Type: max

  Des/Clust/Port     Wire Load Model       Library
  ------------------------------------------------
  csr_RV32A0_PMP_ENTRIES0_EN_RVV1_EN_F1
                     ZeroWireload          tcbn28hpcplusbwp40p140tt0p9v25c
  trigger            ZeroWireload          tcbn28hpcplusbwp40p140tt0p9v25c
  div                ZeroWireload          tcbn28hpcplusbwp40p140tt0p9v25c
  mul                ZeroWireload          tcbn28hpcplusbwp40p140tt0p9v25c
  vexu_EN_RVV1       ZeroWireload          tcbn28hpcplusbwp40p140tt0p9v25c
  fexu_EN_F1         ZeroWireload          tcbn28hpcplusbwp40p140tt0p9v25c
  rfu                ZeroWireload          tcbn28hpcplusbwp40p140tt0p9v25c
  ifu_00000000_0     ZeroWireload          tcbn28hpcplusbwp40p140tt0p9v25c
  ras_EN_RAS0        ZeroWireload          tcbn28hpcplusbwp40p140tt0p9v25c
  bp_EN_BP0          ZeroWireload          tcbn28hpcplusbwp40p140tt0p9v25c
  npu_itcm_sram_dp_WORDS2048_AW11
                     ZeroWireload          tcbn28hpcplusbwp40p140tt0p9v25c
  npu_tcm_sram_dp_WORDS8192_AW13_DMA_DATA_W256_LANES4
                     ZeroWireload          tcbn28hpcplusbwp40p140tt0p9v25c
  core_00000000_0_0_0_0_0_1_1
                     ZeroWireload          tcbn28hpcplusbwp40p140tt0p9v25c
  axil_decerr        ZeroWireload          tcbn28hpcplusbwp40p140tt0p9v25c
  npu_itcm_WORDS2048_AW11
                     ZeroWireload          tcbn28hpcplusbwp40p140tt0p9v25c
  npu_tcm_WORDS8192_AW13_DMA_DATA_W256
                     ZeroWireload          tcbn28hpcplusbwp40p140tt0p9v25c
  npu_dma_BUF_AW13_DMA_DATA_W256
                     ZeroWireload          tcbn28hpcplusbwp40p140tt0p9v25c
  npu_ml_ctrl_ML_V2_EN1
                     ZeroWireload          tcbn28hpcplusbwp40p140tt0p9v25c
  npu_axil_regs      ZeroWireload          tcbn28hpcplusbwp40p140tt0p9v25c
  mat_engine_TCM_AW13_LANES4
                     ZeroWireload          tcbn28hpcplusbwp40p140tt0p9v25c
  npu_top_MAT_LANES4_DMA_DATA_W256_ML_V2_EN1
                     ZeroWireload          tcbn28hpcplusbwp40p140tt0p9v25c
  cpu_m1_top_00000000_0_0_0_1_1
                     ZeroWireload          tcbn28hpcplusbwp40p140tt0p9v25c
  fexu_EN_F1_DW_mult_uns_8
                     ZeroWireload          tcbn28hpcplusbwp40p140tt0p9v25c
  fexu_EN_F1_DW01_add_811
                     ZeroWireload          tcbn28hpcplusbwp40p140tt0p9v25c
  fexu_EN_F1_DW01_add_380
                     ZeroWireload          tcbn28hpcplusbwp40p140tt0p9v25c
  fexu_EN_F1_DW01_add_733
                     ZeroWireload          tcbn28hpcplusbwp40p140tt0p9v25c
  fexu_EN_F1_DW01_add_261
                     ZeroWireload          tcbn28hpcplusbwp40p140tt0p9v25c
  fexu_EN_F1_DW01_sub_254
                     ZeroWireload          tcbn28hpcplusbwp40p140tt0p9v25c
  fexu_EN_F1_DW01_add_833
                     ZeroWireload          tcbn28hpcplusbwp40p140tt0p9v25c
  fexu_EN_F1_DW01_add_456
                     ZeroWireload          tcbn28hpcplusbwp40p140tt0p9v25c
  fexu_EN_F1_DW01_add_336
                     ZeroWireload          tcbn28hpcplusbwp40p140tt0p9v25c
  fexu_EN_F1_DW01_add_775
                     ZeroWireload          tcbn28hpcplusbwp40p140tt0p9v25c
  fexu_EN_F1_DW01_add_642
                     ZeroWireload          tcbn28hpcplusbwp40p140tt0p9v25c
  fexu_EN_F1_DW01_add_335
                     ZeroWireload          tcbn28hpcplusbwp40p140tt0p9v25c
  fexu_EN_F1_DW01_add_489
                     ZeroWireload          tcbn28hpcplusbwp40p140tt0p9v25c
  fexu_EN_F1_DW01_add_334
                     ZeroWireload          tcbn28hpcplusbwp40p140tt0p9v25c
  fexu_EN_F1_DW01_add_333
                     ZeroWireload          tcbn28hpcplusbwp40p140tt0p9v25c
  fexu_EN_F1_DW01_add_772
                     ZeroWireload          tcbn28hpcplusbwp40p140tt0p9v25c
  fexu_EN_F1_DW01_add_260
                     ZeroWireload          tcbn28hpcplusbwp40p140tt0p9v25c
  fexu_EN_F1_DW01_add_369
                     ZeroWireload          tcbn28hpcplusbwp40p140tt0p9v25c
  fexu_EN_F1_DW01_add_372
                     ZeroWireload          tcbn28hpcplusbwp40p140tt0p9v25c
  fexu_EN_F1_DW01_add_731
                     ZeroWireload          tcbn28hpcplusbwp40p140tt0p9v25c
  fexu_EN_F1_DW01_add_331
                     ZeroWireload          tcbn28hpcplusbwp40p140tt0p9v25c
  fexu_EN_F1_DW01_add_779
                     ZeroWireload          tcbn28hpcplusbwp40p140tt0p9v25c
  fexu_EN_F1_DW01_add_301
                     ZeroWireload          tcbn28hpcplusbwp40p140tt0p9v25c
  fexu_EN_F1_DW01_add_258
                     ZeroWireload          tcbn28hpcplusbwp40p140tt0p9v25c
  fexu_EN_F1_DW01_add_259
                     ZeroWireload          tcbn28hpcplusbwp40p140tt0p9v25c
  fexu_EN_F1_DW01_add_341
                     ZeroWireload          tcbn28hpcplusbwp40p140tt0p9v25c
  fexu_EN_F1_DW01_add_363
                     ZeroWireload          tcbn28hpcplusbwp40p140tt0p9v25c
  fexu_EN_F1_DW01_add_330
                     ZeroWireload          tcbn28hpcplusbwp40p140tt0p9v25c
  fexu_EN_F1_DW01_add_314
                     ZeroWireload          tcbn28hpcplusbwp40p140tt0p9v25c
  fexu_EN_F1_DW01_add_304
                     ZeroWireload          tcbn28hpcplusbwp40p140tt0p9v25c
  fexu_EN_F1_DW01_add_283
                     ZeroWireload          tcbn28hpcplusbwp40p140tt0p9v25c
  fexu_EN_F1_DW01_add_361
                     ZeroWireload          tcbn28hpcplusbwp40p140tt0p9v25c
  fexu_EN_F1_DW01_add_362
                     ZeroWireload          tcbn28hpcplusbwp40p140tt0p9v25c
  fexu_EN_F1_DW01_add_671
                     ZeroWireload          tcbn28hpcplusbwp40p140tt0p9v25c
  fexu_EN_F1_DW01_add_371
                     ZeroWireload          tcbn28hpcplusbwp40p140tt0p9v25c
  fexu_EN_F1_DW01_add_342
                     ZeroWireload          tcbn28hpcplusbwp40p140tt0p9v25c
  fexu_EN_F1_DW01_add_613
                     ZeroWireload          tcbn28hpcplusbwp40p140tt0p9v25c
  fexu_EN_F1_DW01_add_657
                     ZeroWireload          tcbn28hpcplusbwp40p140tt0p9v25c
  fexu_EN_F1_DW01_add_785
                     ZeroWireload          tcbn28hpcplusbwp40p140tt0p9v25c
  fexu_EN_F1_DW01_add_636
                     ZeroWireload          tcbn28hpcplusbwp40p140tt0p9v25c
  fexu_EN_F1_DW01_add_758
                     ZeroWireload          tcbn28hpcplusbwp40p140tt0p9v25c
  fexu_EN_F1_DW01_add_753
                     ZeroWireload          tcbn28hpcplusbwp40p140tt0p9v25c
  fexu_EN_F1_DW01_add_660
                     ZeroWireload          tcbn28hpcplusbwp40p140tt0p9v25c
  fexu_EN_F1_DW01_add_360
                     ZeroWireload          tcbn28hpcplusbwp40p140tt0p9v25c
  fexu_EN_F1_DW01_add_737
                     ZeroWireload          tcbn28hpcplusbwp40p140tt0p9v25c
  fexu_EN_F1_DW01_add_654
                     ZeroWireload          tcbn28hpcplusbwp40p140tt0p9v25c
  fexu_EN_F1_DW01_add_639
                     ZeroWireload          tcbn28hpcplusbwp40p140tt0p9v25c
  fexu_EN_F1_DW01_add_624
                     ZeroWireload          tcbn28hpcplusbwp40p140tt0p9v25c
  fexu_EN_F1_DW01_add_635
                     ZeroWireload          tcbn28hpcplusbwp40p140tt0p9v25c
  fexu_EN_F1_DW01_add_652
                     ZeroWireload          tcbn28hpcplusbwp40p140tt0p9v25c
  fexu_EN_F1_DW01_add_288
                     ZeroWireload          tcbn28hpcplusbwp40p140tt0p9v25c
  fexu_EN_F1_DW01_add_653
                     ZeroWireload          tcbn28hpcplusbwp40p140tt0p9v25c
  fexu_EN_F1_DW01_add_678
                     ZeroWireload          tcbn28hpcplusbwp40p140tt0p9v25c
  fexu_EN_F1_DW01_add_679
                     ZeroWireload          tcbn28hpcplusbwp40p140tt0p9v25c
  fexu_EN_F1_DW01_add_682
                     ZeroWireload          tcbn28hpcplusbwp40p140tt0p9v25c
  fexu_EN_F1_DW01_add_626
                     ZeroWireload          tcbn28hpcplusbwp40p140tt0p9v25c
  fexu_EN_F1_DW01_add_324
                     ZeroWireload          tcbn28hpcplusbwp40p140tt0p9v25c
  fexu_EN_F1_DW01_add_312
                     ZeroWireload          tcbn28hpcplusbwp40p140tt0p9v25c
  fexu_EN_F1_DW01_add_313
                     ZeroWireload          tcbn28hpcplusbwp40p140tt0p9v25c
  fexu_EN_F1_DW01_add_309
                     ZeroWireload          tcbn28hpcplusbwp40p140tt0p9v25c
  fexu_EN_F1_DW01_add_359
                     ZeroWireload          tcbn28hpcplusbwp40p140tt0p9v25c
  fexu_EN_F1_DW01_add_302
                     ZeroWireload          tcbn28hpcplusbwp40p140tt0p9v25c
  fexu_EN_F1_DW01_add_598
                     ZeroWireload          tcbn28hpcplusbwp40p140tt0p9v25c
  fexu_EN_F1_DW01_add_651
                     ZeroWireload          tcbn28hpcplusbwp40p140tt0p9v25c
  fexu_EN_F1_DW01_add_599
                     ZeroWireload          tcbn28hpcplusbwp40p140tt0p9v25c
  fexu_EN_F1_DW01_add_732
                     ZeroWireload          tcbn28hpcplusbwp40p140tt0p9v25c
  fexu_EN_F1_DW01_add_597
                     ZeroWireload          tcbn28hpcplusbwp40p140tt0p9v25c
  fexu_EN_F1_DW01_add_666
                     ZeroWireload          tcbn28hpcplusbwp40p140tt0p9v25c
  fexu_EN_F1_DW01_add_683
                     ZeroWireload          tcbn28hpcplusbwp40p140tt0p9v25c
  fexu_EN_F1_DW01_add_740
                     ZeroWireload          tcbn28hpcplusbwp40p140tt0p9v25c
  fexu_EN_F1_DW01_add_436
                     ZeroWireload          tcbn28hpcplusbwp40p140tt0p9v25c
  fexu_EN_F1_DW01_add_276
                     ZeroWireload          tcbn28hpcplusbwp40p140tt0p9v25c
  fexu_EN_F1_DW01_add_249
                     ZeroWireload          tcbn28hpcplusbwp40p140tt0p9v25c
  fexu_EN_F1_DW01_add_644
                     ZeroWireload          tcbn28hpcplusbwp40p140tt0p9v25c
  fexu_EN_F1_DW01_add_614
                     ZeroWireload          tcbn28hpcplusbwp40p140tt0p9v25c
  fexu_EN_F1_DW01_add_674
                     ZeroWireload          tcbn28hpcplusbwp40p140tt0p9v25c
  fexu_EN_F1_DW01_add_645
                     ZeroWireload          tcbn28hpcplusbwp40p140tt0p9v25c
  fexu_EN_F1_DW01_add_675
                     ZeroWireload          tcbn28hpcplusbwp40p140tt0p9v25c
  fexu_EN_F1_DW01_add_640
                     ZeroWireload          tcbn28hpcplusbwp40p140tt0p9v25c
  fexu_EN_F1_DW01_add_673
                     ZeroWireload          tcbn28hpcplusbwp40p140tt0p9v25c
  fexu_EN_F1_DW01_add_662
                     ZeroWireload          tcbn28hpcplusbwp40p140tt0p9v25c
  fexu_EN_F1_DW01_add_618
                     ZeroWireload          tcbn28hpcplusbwp40p140tt0p9v25c
  fexu_EN_F1_DW01_add_670
                     ZeroWireload          tcbn28hpcplusbwp40p140tt0p9v25c
  fexu_EN_F1_DW01_add_269
                     ZeroWireload          tcbn28hpcplusbwp40p140tt0p9v25c
  fexu_EN_F1_DW01_add_268
                     ZeroWireload          tcbn28hpcplusbwp40p140tt0p9v25c
  fexu_EN_F1_DW01_add_267
                     ZeroWireload          tcbn28hpcplusbwp40p140tt0p9v25c
  fexu_EN_F1_DW01_add_246
                     ZeroWireload          tcbn28hpcplusbwp40p140tt0p9v25c
  fexu_EN_F1_DW01_add_339
                     ZeroWireload          tcbn28hpcplusbwp40p140tt0p9v25c
  fexu_EN_F1_DW01_add_355
                     ZeroWireload          tcbn28hpcplusbwp40p140tt0p9v25c
  fexu_EN_F1_DW01_add_356
                     ZeroWireload          tcbn28hpcplusbwp40p140tt0p9v25c
  fexu_EN_F1_DW01_add_307
                     ZeroWireload          tcbn28hpcplusbwp40p140tt0p9v25c
  fexu_EN_F1_DW01_add_350
                     ZeroWireload          tcbn28hpcplusbwp40p140tt0p9v25c
  fexu_EN_F1_DW01_add_318
                     ZeroWireload          tcbn28hpcplusbwp40p140tt0p9v25c
  fexu_EN_F1_DW01_add_299
                     ZeroWireload          tcbn28hpcplusbwp40p140tt0p9v25c
  fexu_EN_F1_DW01_add_677
                     ZeroWireload          tcbn28hpcplusbwp40p140tt0p9v25c
  fexu_EN_F1_DW01_add_300
                     ZeroWireload          tcbn28hpcplusbwp40p140tt0p9v25c
  fexu_EN_F1_DW01_add_668
                     ZeroWireload          tcbn28hpcplusbwp40p140tt0p9v25c
  fexu_EN_F1_DW01_add_244
                     ZeroWireload          tcbn28hpcplusbwp40p140tt0p9v25c
  fexu_EN_F1_DW_mult_uns_11
                     ZeroWireload          tcbn28hpcplusbwp40p140tt0p9v25c
  fexu_EN_F1_DW01_add_236
                     ZeroWireload          tcbn28hpcplusbwp40p140tt0p9v25c

  Point                                                   Incr       Path
  --------------------------------------------------------------------------
  clock clk (rise edge)                                   0.00       0.00
  clock network delay (ideal)                             0.00       0.00
  u_npu_core/u_core/if_ex_instr_reg[21]/CP (DFQD4BWP40P140)
                                                          0.00 #     0.00 r
  u_npu_core/u_core/if_ex_instr_reg[21]/Q (DFQD4BWP40P140)
                                                          0.05       0.05 f
  u_npu_core/u_core/u_fexu/q_instr[21] (fexu_EN_F1)       0.00       0.05 f
  u_npu_core/u_core/u_fexu/U1689/ZN (INR2D2BWP40P140)     0.02       0.07 f
  u_npu_core/u_core/u_fexu/U1687/ZN (DCCKND4BWP40P140)
                                                          0.01       0.08 r
  u_npu_core/u_core/u_fexu/U9615/Z (OR2D6BWP40P140)       0.02       0.11 r
  u_npu_core/u_core/u_fexu/U7579/Z (OA22D1BWP40P140)      0.03       0.13 r
  u_npu_core/u_core/u_fexu/U4633/ZN (OAI221D1BWP40P140)
                                                          0.03       0.17 f
  u_npu_core/u_core/u_fexu/U4467/Z (OR4D2BWP40P140)       0.04       0.21 f
  u_npu_core/u_core/u_fexu/U4387/ZN (MUX2NOPTD4BWP40P140)
                                                          0.01       0.22 r
  u_npu_core/u_core/u_fexu/U9618/ZN (IND2D4BWP40P140)     0.02       0.24 r
  u_npu_core/u_core/u_fexu/U1947/Z (OR3D4BWP40P140)       0.02       0.26 r
  u_npu_core/u_core/u_fexu/U1705/ZN (IND2D4BWP40P140)     0.02       0.28 r
  u_npu_core/u_core/u_fexu/U1704/ZN (NR4D0BWP40P140)      0.01       0.29 f
  u_npu_core/u_core/u_fexu/U1702/ZN (INR2D2BWP40P140)     0.01       0.30 r
  u_npu_core/u_core/u_fexu/U1691/ZN (ND2OPTIBD2BWP40P140)
                                                          0.01       0.32 f
  u_npu_core/u_core/u_fexu/U233/ZN (NR3OPTPAD2BWP40P140)
                                                          0.01       0.33 r
  u_npu_core/u_core/u_fexu/U1690/Z (OR2D6BWP40P140)       0.02       0.35 r
  u_npu_core/u_core/u_fexu/U1693/ZN (IND2D2BWP40P140)     0.02       0.37 r
  u_npu_core/u_core/u_fexu/U254/ZN (ND4D2BWP40P140)       0.02       0.39 f
  u_npu_core/u_core/u_fexu/U1743/Z (OR2D4BWP40P140)       0.03       0.41 f
  u_npu_core/u_core/u_fexu/U240/ZN (CKND2BWP40P140)       0.01       0.42 r
  u_npu_core/u_core/u_fexu/U10707/Z (AO211D4BWP40P140)
                                                          0.02       0.44 r
  u_npu_core/u_core/u_fexu/U1750/Z (OR2D6BWP40P140)       0.02       0.46 r
  u_npu_core/u_core/u_fexu/U1749/ZN (INVD2BWP40P140)      0.00       0.46 f
  u_npu_core/u_core/u_fexu/U1739/ZN (IND4D1BWP40P140)     0.01       0.47 r
  u_npu_core/u_core/u_fexu/U1734/Z (OR3D4BWP40P140)       0.02       0.49 r
  u_npu_core/u_core/u_fexu/U1729/ZN (ND4D3BWP40P140)      0.03       0.52 f
  u_npu_core/u_core/u_fexu/U1728/ZN (INVD4BWP40P140)      0.02       0.54 r
  u_npu_core/u_core/u_fexu/U1796/ZN (ND4D4BWP40P140)      0.02       0.56 f
  u_npu_core/u_core/u_fexu/U1794/ZN (INVD4BWP40P140)      0.01       0.57 r
  u_npu_core/u_core/u_fexu/U1791/Z (XOR2OPTND4BWP40P140)
                                                          0.02       0.59 r
  u_npu_core/u_core/u_fexu/U1792/ZN (IOA21D2BWP40P140)
                                                          0.03       0.62 r
  u_npu_core/u_core/u_fexu/U9623/ZN (INVD3BWP40P140)      0.01       0.63 f
  u_npu_core/u_core/u_fexu/U2439/Z (OR2D6BWP40P140)       0.02       0.66 f
  u_npu_core/u_core/u_fexu/U1778/Z (OR3D6BWP40P140)       0.03       0.69 f
  u_npu_core/u_core/u_fexu/U504/ZN (INVD3BWP40P140)       0.01       0.70 r
  u_npu_core/u_core/u_fexu/U11589/ZN (AOI32D2BWP40P140)
                                                          0.02       0.71 f
  u_npu_core/u_core/u_fexu/U11907/ZN (IOA21D2BWP40P140)
                                                          0.01       0.73 r
  u_npu_core/u_core/u_fexu/U5694/Z (BUFFD4BWP40P140)      0.02       0.74 r
  u_npu_core/u_core/u_fexu/U3224/Z (CKBD1BWP40P140)       0.02       0.76 r
  u_npu_core/u_core/u_fexu/U494/ZN (CKND3BWP40P140)       0.01       0.77 f
  u_npu_core/u_core/u_fexu/div_703/u_div/u_add_B3/B[7] (fexu_EN_F1_DW01_add_456)
                                                          0.00       0.77 f
  u_npu_core/u_core/u_fexu/div_703/u_div/u_add_B3/U371/ZN (INVD0P7BWP40P140)
                                                          0.01       0.78 r
  u_npu_core/u_core/u_fexu/div_703/u_div/u_add_B3/U282/ZN (INVD1BWP40P140)
                                                          0.01       0.79 f
  u_npu_core/u_core/u_fexu/div_703/u_div/u_add_B3/U284/ZN (NR2OPTPAD1BWP40P140)
                                                          0.01       0.81 r
  u_npu_core/u_core/u_fexu/div_703/u_div/u_add_B3/U283/ZN (INVD3BWP40P140)
                                                          0.01       0.81 f
  u_npu_core/u_core/u_fexu/div_703/u_div/u_add_B3/U303/ZN (ND2OPTIBD1BWP40P140)
                                                          0.01       0.83 r
  u_npu_core/u_core/u_fexu/div_703/u_div/u_add_B3/U352/Z (OR2D1BWP40P140)
                                                          0.02       0.85 r
  u_npu_core/u_core/u_fexu/div_703/u_div/u_add_B3/U380/ZN (NR2D3BWP40P140)
                                                          0.01       0.86 f
  u_npu_core/u_core/u_fexu/div_703/u_div/u_add_B3/U362/ZN (NR2OPTIBD6BWP40P140)
                                                          0.01       0.87 r
  u_npu_core/u_core/u_fexu/div_703/u_div/u_add_B3/U272/ZN (OAI21D8BWP40P140)
                                                          0.01       0.89 f
  u_npu_core/u_core/u_fexu/div_703/u_div/u_add_B3/U270/ZN (AOI21D2BWP40P140)
                                                          0.02       0.91 r
  u_npu_core/u_core/u_fexu/div_703/u_div/u_add_B3/U366/ZN (OAI21D0P7BWP40P140)
                                                          0.02       0.94 f
  u_npu_core/u_core/u_fexu/div_703/u_div/u_add_B3/U313/ZN (XNR2UD1BWP40P140)
                                                          0.02       0.95 r
  u_npu_core/u_core/u_fexu/div_703/u_div/u_add_B3/SUM[21] (fexu_EN_F1_DW01_add_456)
                                                          0.00       0.95 r
  u_npu_core/u_core/u_fexu/div_703/u_div/u_add_PartRem_17_3/B[21] (fexu_EN_F1_DW01_add_489)
                                                          0.00       0.95 r
  u_npu_core/u_core/u_fexu/div_703/u_div/u_add_PartRem_17_3/U155/ZN (INVD1P5BWP40P140)
                                                          0.01       0.96 f
  u_npu_core/u_core/u_fexu/div_703/u_div/u_add_PartRem_17_3/U182/ZN (NR2OPTPAD1BWP40P140)
                                                          0.01       0.98 r
  u_npu_core/u_core/u_fexu/div_703/u_div/u_add_PartRem_17_3/U187/ZN (CKND2D2BWP40P140)
                                                          0.01       0.99 f
  u_npu_core/u_core/u_fexu/div_703/u_div/u_add_PartRem_17_3/U216/ZN (NR2OPTPAD2BWP40P140)
                                                          0.01       1.00 r
  u_npu_core/u_core/u_fexu/div_703/u_div/u_add_PartRem_17_3/U184/ZN (CKND2D4BWP40P140)
                                                          0.01       1.01 f
  u_npu_core/u_core/u_fexu/div_703/u_div/u_add_PartRem_17_3/U160/ZN (NR2OPTIBD4BWP40P140)
                                                          0.01       1.02 r
  u_npu_core/u_core/u_fexu/div_703/u_div/u_add_PartRem_17_3/CO (fexu_EN_F1_DW01_add_489)
                                                          0.00       1.02 r
  u_npu_core/u_core/u_fexu/U1895/ZN (OAI221D4BWP40P140)
                                                          0.03       1.04 f
  u_npu_core/u_core/u_fexu/U11926/ZN (INR2D4BWP40P140)
                                                          0.03       1.07 f
  u_npu_core/u_core/u_fexu/U3036/ZN (CKND3BWP40P140)      0.01       1.08 r
  u_npu_core/u_core/u_fexu/U6196/Z (MUX2OPTD6BWP40P140)
                                                          0.02       1.11 f
  u_npu_core/u_core/u_fexu/U4281/ZN (INVD6BWP40P140)      0.01       1.11 r
  u_npu_core/u_core/u_fexu/div_703/u_div/u_add_PartRem_16_4/A[4] (fexu_EN_F1_DW01_add_261)
                                                          0.00       1.11 r
  u_npu_core/u_core/u_fexu/div_703/u_div/u_add_PartRem_16_4/U154/ZN (ND2D3BWP40P140)
                                                          0.01       1.13 f
  u_npu_core/u_core/u_fexu/div_703/u_div/u_add_PartRem_16_4/U153/ZN (INVD2BWP40P140)
                                                          0.01       1.13 r
  u_npu_core/u_core/u_fexu/div_703/u_div/u_add_PartRem_16_4/U162/ZN (ND2OPTIBD2BWP40P140)
                                                          0.01       1.14 f
  u_npu_core/u_core/u_fexu/div_703/u_div/u_add_PartRem_16_4/U163/ZN (ND2OPTPAD2BWP40P140)
                                                          0.01       1.15 r
  u_npu_core/u_core/u_fexu/div_703/u_div/u_add_PartRem_16_4/U166/ZN (AOI21OPTREPBD2BWP40P140)
                                                          0.01       1.16 f
  u_npu_core/u_core/u_fexu/div_703/u_div/u_add_PartRem_16_4/U161/ZN (OAI21D4BWP40P140)
                                                          0.02       1.18 r
  u_npu_core/u_core/u_fexu/div_703/u_div/u_add_PartRem_16_4/CO (fexu_EN_F1_DW01_add_261)
                                                          0.00       1.18 r
  u_npu_core/u_core/u_fexu/U2434/ZN (INVD4BWP40P140)      0.01       1.19 f
  u_npu_core/u_core/u_fexu/U1213/ZN (NR2D6BWP40P140)      0.02       1.21 r
  u_npu_core/u_core/u_fexu/U1217/ZN (AOI22D0P7BWP40P140)
                                                          0.02       1.23 f
  u_npu_core/u_core/u_fexu/U1216/ZN (INVD0P7BWP40P140)
                                                          0.01       1.24 r
  u_npu_core/u_core/u_fexu/U1214/ZN (AOI221D0BWP40P140)
                                                          0.01       1.25 f
  u_npu_core/u_core/u_fexu/U1207/ZN (MUX2NUD1BWP40P140)
                                                          0.03       1.28 r
  u_npu_core/u_core/u_fexu/U1206/ZN (INVD2BWP40P140)      0.01       1.30 f
  u_npu_core/u_core/u_fexu/U1205/ZN (CKND6BWP40P140)      0.01       1.31 r
  u_npu_core/u_core/u_fexu/div_703/u_div/u_add_PartRem_15_2/A[9] (fexu_EN_F1_DW01_add_731)
                                                          0.00       1.31 r
  u_npu_core/u_core/u_fexu/div_703/u_div/u_add_PartRem_15_2/U167/ZN (NR2D1P5BWP40P140)
                                                          0.01       1.32 f
  u_npu_core/u_core/u_fexu/div_703/u_div/u_add_PartRem_15_2/U164/ZN (NR2OPTIBD4BWP40P140)
                                                          0.01       1.33 r
  u_npu_core/u_core/u_fexu/div_703/u_div/u_add_PartRem_15_2/U171/ZN (AOI21OPTREPBD2BWP40P140)
                                                          0.02       1.35 f
  u_npu_core/u_core/u_fexu/div_703/u_div/u_add_PartRem_15_2/U175/ZN (OAI21D4BWP40P140)
                                                          0.01       1.36 r
  u_npu_core/u_core/u_fexu/div_703/u_div/u_add_PartRem_15_2/U178/ZN (AOI21D4BWP40P140)
                                                          0.01       1.38 f
  u_npu_core/u_core/u_fexu/div_703/u_div/u_add_PartRem_15_2/U177/ZN (INVD4BWP40P140)
                                                          0.01       1.38 r
  u_npu_core/u_core/u_fexu/div_703/u_div/u_add_PartRem_15_2/CO (fexu_EN_F1_DW01_add_731)
                                                          0.00       1.38 r
  u_npu_core/u_core/u_fexu/U5803/Z (OR2D4BWP40P140)       0.02       1.41 r
  u_npu_core/u_core/u_fexu/U1994/ZN (NR2D8BWP40P140)      0.01       1.42 f
  u_npu_core/u_core/u_fexu/U2126/ZN (AOI22D0P7BWP40P140)
                                                          0.02       1.44 r
  u_npu_core/u_core/u_fexu/U4470/ZN (INVD1P5BWP40P140)
                                                          0.01       1.45 f
  u_npu_core/u_core/u_fexu/U5904/ZN (NR3D1P5BWP40P140)
                                                          0.02       1.47 r
  u_npu_core/u_core/u_fexu/U3041/ZN (ND2OPTIBD2BWP40P140)
                                                          0.01       1.48 f
  u_npu_core/u_core/u_fexu/U139/ZN (INVD3BWP40P140)       0.01       1.49 r
  u_npu_core/u_core/u_fexu/U2163/ZN (ND2D6BWP40P140)      0.01       1.50 f
  u_npu_core/u_core/u_fexu/U5906/ZN (INVD8BWP40P140)      0.01       1.51 r
  u_npu_core/u_core/u_fexu/U1237/ZN (INVD12BWP40P140)     0.01       1.52 f
  u_npu_core/u_core/u_fexu/div_703/u_div/u_add_PartRem_14_2/A[5] (fexu_EN_F1_DW01_add_314)
                                                          0.00       1.52 f
  u_npu_core/u_core/u_fexu/div_703/u_div/u_add_PartRem_14_2/U188/ZN (ND2OPTPAD2BWP40P140)
                                                          0.01       1.53 r
  u_npu_core/u_core/u_fexu/div_703/u_div/u_add_PartRem_14_2/U233/ZN (OAI21D4BWP40P140)
                                                          0.02       1.55 f
  u_npu_core/u_core/u_fexu/div_703/u_div/u_add_PartRem_14_2/U232/ZN (AOI21D4BWP40P140)
                                                          0.02       1.57 r
  u_npu_core/u_core/u_fexu/div_703/u_div/u_add_PartRem_14_2/U193/ZN (OAI21D4BWP40P140)
                                                          0.02       1.59 f
  u_npu_core/u_core/u_fexu/div_703/u_div/u_add_PartRem_14_2/U196/ZN (AOI21OPTREPBD2BWP40P140)
                                                          0.01       1.60 r
  u_npu_core/u_core/u_fexu/div_703/u_div/u_add_PartRem_14_2/U198/ZN (INVD3BWP40P140)
                                                          0.01       1.61 f
  u_npu_core/u_core/u_fexu/div_703/u_div/u_add_PartRem_14_2/CO (fexu_EN_F1_DW01_add_314)
                                                          0.00       1.61 f
  u_npu_core/u_core/u_fexu/U1833/ZN (IND2D4BWP40P140)     0.02       1.63 f
  u_npu_core/u_core/u_fexu/U5777/ZN (IND2D4BWP40P140)     0.02       1.65 f
  u_npu_core/u_core/u_fexu/U1230/ZN (INVD6BWP40P140)      0.01       1.66 r
  u_npu_core/u_core/u_fexu/U11286/ZN (AOI22D2BWP40P140)
                                                          0.02       1.68 f
  u_npu_core/u_core/u_fexu/U2870/ZN (ND4D1BWP40P140)      0.02       1.71 r
  u_npu_core/u_core/u_fexu/div_703/u_div/u_add_PartRem_13_6/A[3] (fexu_EN_F1_DW01_add_283)
                                                          0.00       1.71 r
  u_npu_core/u_core/u_fexu/div_703/u_div/u_add_PartRem_13_6/U241/ZN (NR2OPTPAD1BWP40P140)
                                                          0.02       1.72 f
  u_npu_core/u_core/u_fexu/div_703/u_div/u_add_PartRem_13_6/U255/ZN (OAI21OPTREPBD2BWP40P140)
                                                          0.03       1.75 r
  u_npu_core/u_core/u_fexu/div_703/u_div/u_add_PartRem_13_6/U254/ZN (AOI21OPTREPBD2BWP40P140)
                                                          0.02       1.77 f
  u_npu_core/u_core/u_fexu/div_703/u_div/u_add_PartRem_13_6/U248/ZN (OAI21OPTREPBD2BWP40P140)
                                                          0.02       1.78 r
  u_npu_core/u_core/u_fexu/div_703/u_div/u_add_PartRem_13_6/U253/ZN (AOI21OPTREPBD2BWP40P140)
                                                          0.02       1.80 f
  u_npu_core/u_core/u_fexu/div_703/u_div/u_add_PartRem_13_6/U252/ZN (NR2OPTIBD4BWP40P140)
                                                          0.01       1.81 r
  u_npu_core/u_core/u_fexu/div_703/u_div/u_add_PartRem_13_6/CO (fexu_EN_F1_DW01_add_283)
                                                          0.00       1.81 r
  u_npu_core/u_core/u_fexu/U1414/Z (OR2D4BWP40P140)       0.02       1.83 r
  u_npu_core/u_core/u_fexu/U1412/ZN (MUX2NOPTD6BWP40P140)
                                                          0.01       1.85 f
  u_npu_core/u_core/u_fexu/U1407/ZN (NR2OPTPAD4BWP40P140)
                                                          0.01       1.86 r
  u_npu_core/u_core/u_fexu/U1415/Z (OR2D2BWP40P140)       0.03       1.89 r
  u_npu_core/u_core/u_fexu/U1423/ZN (CKND6BWP40P140)      0.01       1.90 f
  u_npu_core/u_core/u_fexu/U1422/ZN (AOI22D1P5BWP40P140)
                                                          0.02       1.92 r
  u_npu_core/u_core/u_fexu/U1421/Z (AN4D4BWP40P140)       0.04       1.96 r
  u_npu_core/u_core/u_fexu/U999/ZN (INVD6BWP40P140)       0.01       1.97 f
  u_npu_core/u_core/u_fexu/div_703/u_div/u_add_PartRem_12_2/A[12] (fexu_EN_F1_DW01_add_671)
                                                          0.00       1.97 f
  u_npu_core/u_core/u_fexu/div_703/u_div/u_add_PartRem_12_2/U274/ZN (ND2D1P5BWP40P140)
                                                          0.01       1.98 r
  u_npu_core/u_core/u_fexu/div_703/u_div/u_add_PartRem_12_2/U271/ZN (OAI21OPTREPBD2BWP40P140)
                                                          0.03       2.01 f
  u_npu_core/u_core/u_fexu/div_703/u_div/u_add_PartRem_12_2/U305/ZN (AOI21D4BWP40P140)
                                                          0.02       2.03 r
  u_npu_core/u_core/u_fexu/div_703/u_div/u_add_PartRem_12_2/U377/ZN (OAI21OPTREPBD4BWP40P140)
                                                          0.01       2.05 f
  u_npu_core/u_core/u_fexu/div_703/u_div/u_add_PartRem_12_2/U242/ZN (AOI21OPTREPBD1BWP40P140)
                                                          0.01       2.06 r
  u_npu_core/u_core/u_fexu/div_703/u_div/u_add_PartRem_12_2/U273/ZN (OAI21D2BWP40P140)
                                                          0.02       2.08 f
  u_npu_core/u_core/u_fexu/div_703/u_div/u_add_PartRem_12_2/CO (fexu_EN_F1_DW01_add_671)
                                                          0.00       2.08 f
  u_npu_core/u_core/u_fexu/U11475/ZN (NR2OPTPAD2BWP40P140)
                                                          0.02       2.09 r
  u_npu_core/u_core/u_fexu/U1299/ZN (CKND2D8BWP40P140)
                                                          0.02       2.11 f
  u_npu_core/u_core/u_fexu/U184/ZN (INVD12BWP40P140)      0.01       2.12 r
  u_npu_core/u_core/u_fexu/U1303/Z (OR2D6BWP40P140)       0.02       2.14 r
  u_npu_core/u_core/u_fexu/U1171/ZN (OAI221D1BWP40P140)
                                                          0.03       2.17 f
  u_npu_core/u_core/u_fexu/U1170/ZN (AOI211OPTREPBD1BWP40P140)
                                                          0.03       2.20 r
  u_npu_core/u_core/u_fexu/U1865/ZN (CKND4BWP40P140)      0.02       2.22 f
  u_npu_core/u_core/u_fexu/div_703/u_div/u_add_PartRem_11_2/A[8] (fexu_EN_F1_DW01_add_753)
                                                          0.00       2.22 f
  u_npu_core/u_core/u_fexu/div_703/u_div/u_add_PartRem_11_2/U272/ZN (NR2OPTIBD1BWP40P140)
                                                          0.02       2.24 r
  u_npu_core/u_core/u_fexu/div_703/u_div/u_add_PartRem_11_2/U273/ZN (NR2D1P5BWP40P140)
                                                          0.01       2.25 f
  u_npu_core/u_core/u_fexu/div_703/u_div/u_add_PartRem_11_2/U303/ZN (CKND2D1BWP40P140)
                                                          0.02       2.27 r
  u_npu_core/u_core/u_fexu/div_703/u_div/u_add_PartRem_11_2/U287/ZN (OAI21OPTREPBD2BWP40P140)
                                                          0.02       2.29 f
  u_npu_core/u_core/u_fexu/div_703/u_div/u_add_PartRem_11_2/U294/ZN (AOI21OPTREPBD2BWP40P140)
                                                          0.02       2.31 r
  u_npu_core/u_core/u_fexu/div_703/u_div/u_add_PartRem_11_2/U299/ZN (OAI21D6BWP40P140)
                                                          0.01       2.32 f
  u_npu_core/u_core/u_fexu/div_703/u_div/u_add_PartRem_11_2/CO (fexu_EN_F1_DW01_add_753)
                                                          0.00       2.32 f
  u_npu_core/u_core/u_fexu/U1242/ZN (MUX2NOPTD4BWP40P140)
                                                          0.02       2.34 r
  u_npu_core/u_core/u_fexu/U1246/Z (OR3D6BWP40P140)       0.02       2.37 r
  u_npu_core/u_core/u_fexu/U1256/ZN (DCCKND12BWP40P140)
                                                          0.01       2.38 f
  u_npu_core/u_core/u_fexu/U687/ZN (IAO22D2BWP40P140)     0.02       2.39 r
  u_npu_core/u_core/u_fexu/U11875/Z (AN4D4BWP40P140)      0.05       2.44 r
  u_npu_core/u_core/u_fexu/U1069/ZN (DCCKND8BWP40P140)
                                                          0.01       2.45 f
  u_npu_core/u_core/u_fexu/div_703/u_div/u_add_PartRem_10_2/A[3] (fexu_EN_F1_DW01_add_624)
                                                          0.00       2.45 f
  u_npu_core/u_core/u_fexu/div_703/u_div/u_add_PartRem_10_2/U234/ZN (ND2OPTPAD2BWP40P140)
                                                          0.01       2.46 r
  u_npu_core/u_core/u_fexu/div_703/u_div/u_add_PartRem_10_2/U299/ZN (OAI21D2BWP40P140)
                                                          0.03       2.49 f
  u_npu_core/u_core/u_fexu/div_703/u_div/u_add_PartRem_10_2/U314/ZN (AOI21D2BWP40P140)
                                                          0.02       2.51 r
  u_npu_core/u_core/u_fexu/div_703/u_div/u_add_PartRem_10_2/U312/ZN (OAI21OPTREPBD2BWP40P140)
                                                          0.01       2.52 f
  u_npu_core/u_core/u_fexu/div_703/u_div/u_add_PartRem_10_2/U311/ZN (AOI21OPTREPBD2BWP40P140)
                                                          0.02       2.54 r
  u_npu_core/u_core/u_fexu/div_703/u_div/u_add_PartRem_10_2/U256/ZN (OAI21OPTREPBD4BWP40P140)
                                                          0.01       2.55 f
  u_npu_core/u_core/u_fexu/div_703/u_div/u_add_PartRem_10_2/CO (fexu_EN_F1_DW01_add_624)
                                                          0.00       2.55 f
  u_npu_core/u_core/u_fexu/U1504/ZN (MUX2NOPTD4BWP40P140)
                                                          0.02       2.57 f
  u_npu_core/u_core/u_fexu/U1510/ZN (MUX2NOPTD2BWP40P140)
                                                          0.02       2.59 r
  u_npu_core/u_core/u_fexu/U2414/Z (OR2D6BWP40P140)       0.02       2.61 r
  u_npu_core/u_core/u_fexu/U11936/Z (OR2D6BWP40P140)      0.02       2.63 r
  u_npu_core/u_core/u_fexu/U4817/ZN (DCCKND12BWP40P140)
                                                          0.01       2.64 f
  u_npu_core/u_core/u_fexu/U10824/ZN (AOI22D6BWP40P140)
                                                          0.01       2.66 r
  u_npu_core/u_core/u_fexu/U2679/ZN (OAI221D2BWP40P140)
                                                          0.03       2.69 f
  u_npu_core/u_core/u_fexu/U2678/Z (OR2D4BWP40P140)       0.03       2.72 f
  u_npu_core/u_core/u_fexu/div_703/u_div/u_add_PartRem_9_7/A[6] (fexu_EN_F1_DW01_add_678)
                                                          0.00       2.72 f
  u_npu_core/u_core/u_fexu/div_703/u_div/u_add_PartRem_9_7/U266/ZN (CKND2D0BWP40P140)
                                                          0.02       2.74 r
  u_npu_core/u_core/u_fexu/div_703/u_div/u_add_PartRem_9_7/U247/ZN (OAI21D1P5BWP40P140)
                                                          0.02       2.76 f
  u_npu_core/u_core/u_fexu/div_703/u_div/u_add_PartRem_9_7/U250/ZN (AOI21D2BWP40P140)
                                                          0.02       2.78 r
  u_npu_core/u_core/u_fexu/div_703/u_div/u_add_PartRem_9_7/U272/ZN (CKND2D4BWP40P140)
                                                          0.01       2.79 f
  u_npu_core/u_core/u_fexu/div_703/u_div/u_add_PartRem_9_7/U332/ZN (AOI21OPTREPBD2BWP40P140)
                                                          0.02       2.81 r
  u_npu_core/u_core/u_fexu/div_703/u_div/u_add_PartRem_9_7/U270/ZN (OAI21D4BWP40P140)
                                                          0.01       2.82 f
  u_npu_core/u_core/u_fexu/div_703/u_div/u_add_PartRem_9_7/CO (fexu_EN_F1_DW01_add_678)
                                                          0.00       2.82 f
  u_npu_core/u_core/u_fexu/U9581/ZN (OAI22OPTPBD2BWP40P140)
                                                          0.02       2.84 r
  u_npu_core/u_core/u_fexu/U1317/ZN (ND2OPTPAD4BWP40P140)
                                                          0.01       2.85 f
  u_npu_core/u_core/u_fexu/U1311/ZN (ND2OPTIBD4BWP40P140)
                                                          0.01       2.86 r
  u_npu_core/u_core/u_fexu/U1314/Z (OR2D6BWP40P140)       0.02       2.89 r
  u_npu_core/u_core/u_fexu/U1316/ZN (MAOI22D2BWP40P140)
                                                          0.03       2.92 r
  u_npu_core/u_core/u_fexu/U12078/ZN (ND4D8BWP40P140)     0.04       2.96 f
  u_npu_core/u_core/u_fexu/div_703/u_div/u_add_PartRem_8_4/A[13] (fexu_EN_F1_DW01_add_626)
                                                          0.00       2.96 f
  u_npu_core/u_core/u_fexu/div_703/u_div/u_add_PartRem_8_4/U340/ZN (ND2D1P5BWP40P140)
                                                          0.02       2.98 r
  u_npu_core/u_core/u_fexu/div_703/u_div/u_add_PartRem_8_4/U273/ZN (OAI21OPTREPBD2BWP40P140)
                                                          0.02       3.00 f
  u_npu_core/u_core/u_fexu/div_703/u_div/u_add_PartRem_8_4/U364/ZN (AOI21D2BWP40P140)
                                                          0.02       3.02 r
  u_npu_core/u_core/u_fexu/div_703/u_div/u_add_PartRem_8_4/U422/ZN (OAI21OPTREPBD2BWP40P140)
                                                          0.01       3.04 f
  u_npu_core/u_core/u_fexu/div_703/u_div/u_add_PartRem_8_4/U265/ZN (AOI21OPTREPBD4BWP40P140)
                                                          0.01       3.05 r
  u_npu_core/u_core/u_fexu/div_703/u_div/u_add_PartRem_8_4/U260/ZN (OAI21D8BWP40P140)
                                                          0.01       3.06 f
  u_npu_core/u_core/u_fexu/div_703/u_div/u_add_PartRem_8_4/CO (fexu_EN_F1_DW01_add_626)
                                                          0.00       3.06 f
  u_npu_core/u_core/u_fexu/U1330/Z (OR2D2BWP40P140)       0.03       3.09 f
  u_npu_core/u_core/u_fexu/U1328/ZN (OAI22OPTPBD2BWP40P140)
                                                          0.01       3.10 r
  u_npu_core/u_core/u_fexu/U1327/Z (OR2D6BWP40P140)       0.02       3.12 r
  u_npu_core/u_core/u_fexu/U5983/Z (OR2D4BWP40P140)       0.02       3.15 r
  u_npu_core/u_core/u_fexu/U4383/ZN (DCCKND8BWP40P140)
                                                          0.01       3.16 f
  u_npu_core/u_core/u_fexu/U6462/ZN (AOI22D1BWP40P140)
                                                          0.02       3.18 r
  u_npu_core/u_core/u_fexu/U6516/ZN (ND4D1BWP40P140)      0.03       3.21 f
  u_npu_core/u_core/u_fexu/U1922/ZN (INVD2BWP40P140)      0.01       3.23 r
  u_npu_core/u_core/u_fexu/U374/ZN (CKND4BWP40P140)       0.01       3.24 f
  u_npu_core/u_core/u_fexu/div_703/u_div/u_add_PartRem_7_6/A[8] (fexu_EN_F1_DW01_add_666)
                                                          0.00       3.24 f
  u_npu_core/u_core/u_fexu/div_703/u_div/u_add_PartRem_7_6/U266/ZN (NR2OPTIBD1BWP40P140)
                                                          0.02       3.26 r
  u_npu_core/u_core/u_fexu/div_703/u_div/u_add_PartRem_7_6/U265/ZN (NR2OPTIBD2BWP40P140)
                                                          0.02       3.28 f
  u_npu_core/u_core/u_fexu/div_703/u_div/u_add_PartRem_7_6/U288/ZN (ND2OPTIBD2BWP40P140)
                                                          0.01       3.29 r
  u_npu_core/u_core/u_fexu/div_703/u_div/u_add_PartRem_7_6/U257/ZN (OAI21OPTREPBD2BWP40P140)
                                                          0.02       3.31 f
  u_npu_core/u_core/u_fexu/div_703/u_div/u_add_PartRem_7_6/U251/ZN (AOI21OPTREPBD2BWP40P140)
                                                          0.02       3.32 r
  u_npu_core/u_core/u_fexu/div_703/u_div/u_add_PartRem_7_6/U252/ZN (OAI21D6BWP40P140)
                                                          0.01       3.34 f
  u_npu_core/u_core/u_fexu/div_703/u_div/u_add_PartRem_7_6/CO (fexu_EN_F1_DW01_add_666)
                                                          0.00       3.34 f
  u_npu_core/u_core/u_fexu/U1485/ZN (INVD4BWP40P140)      0.01       3.34 r
  u_npu_core/u_core/u_fexu/U1484/ZN (OAI22OPTPBD2BWP40P140)
                                                          0.01       3.36 f
  u_npu_core/u_core/u_fexu/U1480/ZN (IND2D4BWP40P140)     0.01       3.37 r
  u_npu_core/u_core/u_fexu/U564/ZN (INVD4BWP40P140)       0.01       3.37 f
  u_npu_core/u_core/u_fexu/U1481/Z (OR2D6BWP40P140)       0.02       3.40 f
  u_npu_core/u_core/u_fexu/U859/ZN (ND2OPTPAD4BWP40P140)
                                                          0.01       3.41 r
  u_npu_core/u_core/u_fexu/U1495/ZN (DCCKND8BWP40P140)
                                                          0.01       3.42 f
  u_npu_core/u_core/u_fexu/U10962/ZN (AOI22D2BWP40P140)
                                                          0.01       3.43 r
  u_npu_core/u_core/u_fexu/U11080/ZN (OAI221D2BWP40P140)
                                                          0.03       3.46 f
  u_npu_core/u_core/u_fexu/U11121/Z (OR2D4BWP40P140)      0.03       3.49 f
  u_npu_core/u_core/u_fexu/U2083/Z (BUFFD4BWP40P140)      0.02       3.51 f
  u_npu_core/u_core/u_fexu/div_703/u_div/u_add_PartRem_6_1/A[11] (fexu_EN_F1_DW01_add_436)
                                                          0.00       3.51 f
  u_npu_core/u_core/u_fexu/div_703/u_div/u_add_PartRem_6_1/U282/ZN (NR2D1P5BWP40P140)
                                                          0.02       3.52 r
  u_npu_core/u_core/u_fexu/div_703/u_div/u_add_PartRem_6_1/U280/ZN (OAI21D1P5BWP40P140)
                                                          0.03       3.55 f
  u_npu_core/u_core/u_fexu/div_703/u_div/u_add_PartRem_6_1/U283/ZN (AOI21D2BWP40P140)
                                                          0.02       3.57 r
  u_npu_core/u_core/u_fexu/div_703/u_div/u_add_PartRem_6_1/U267/ZN (OAI21OPTREPBD2BWP40P140)
                                                          0.01       3.59 f
  u_npu_core/u_core/u_fexu/div_703/u_div/u_add_PartRem_6_1/U261/ZN (AOI21OPTREPBD2BWP40P140)
                                                          0.01       3.60 r
  u_npu_core/u_core/u_fexu/div_703/u_div/u_add_PartRem_6_1/U293/ZN (OAI21D4BWP40P140)
                                                          0.01       3.61 f
  u_npu_core/u_core/u_fexu/div_703/u_div/u_add_PartRem_6_1/CO (fexu_EN_F1_DW01_add_436)
                                                          0.00       3.61 f
  u_npu_core/u_core/u_fexu/U1524/ZN (MUX2NOPTD4BWP40P140)
                                                          0.01       3.63 r
  u_npu_core/u_core/u_fexu/U1523/ZN (MUX2NOPTD4BWP40P140)
                                                          0.02       3.65 f
  u_npu_core/u_core/u_fexu/U1527/ZN (OAI21OPTREPBD6BWP40P140)
                                                          0.01       3.66 r
  u_npu_core/u_core/u_fexu/U1528/Z (OR3D4BWP40P140)       0.03       3.68 r
  u_npu_core/u_core/u_fexu/U566/ZN (DCCKND8BWP40P140)     0.01       3.69 f
  u_npu_core/u_core/u_fexu/U850/ZN (AOI22D4BWP40P140)     0.02       3.71 r
  u_npu_core/u_core/u_fexu/U849/ZN (IOA21D2BWP40P140)     0.01       3.72 f
  u_npu_core/u_core/u_fexu/U327/Z (AO211D4BWP40P140)      0.04       3.76 f
  u_npu_core/u_core/u_fexu/U125/ZN (INVD4BWP40P140)       0.01       3.76 r
  u_npu_core/u_core/u_fexu/U1537/ZN (INVD1P5BWP40P140)
                                                          0.01       3.77 f
  u_npu_core/u_core/u_fexu/div_703/u_div/u_add_PartRem_5_4/A[4] (fexu_EN_F1_DW01_add_249)
                                                          0.00       3.77 f
  u_npu_core/u_core/u_fexu/div_703/u_div/u_add_PartRem_5_4/U295/ZN (ND2D1BWP40P140)
                                                          0.01       3.78 r
  u_npu_core/u_core/u_fexu/div_703/u_div/u_add_PartRem_5_4/U275/ZN (OAI21D1BWP40P140)
                                                          0.04       3.82 f
  u_npu_core/u_core/u_fexu/div_703/u_div/u_add_PartRem_5_4/U324/ZN (NR2OPTIBD4BWP40P140)
                                                          0.02       3.84 r
  u_npu_core/u_core/u_fexu/div_703/u_div/u_add_PartRem_5_4/U432/ZN (OAI21OPTREPBD4BWP40P140)
                                                          0.01       3.85 f
  u_npu_core/u_core/u_fexu/div_703/u_div/u_add_PartRem_5_4/U329/ZN (AOI21D6BWP40P140)
                                                          0.01       3.87 r
  u_npu_core/u_core/u_fexu/div_703/u_div/u_add_PartRem_5_4/U314/ZN (OAI21D8BWP40P140)
                                                          0.01       3.88 f
  u_npu_core/u_core/u_fexu/div_703/u_div/u_add_PartRem_5_4/CO (fexu_EN_F1_DW01_add_249)
                                                          0.00       3.88 f
  u_npu_core/u_core/u_fexu/U2175/ZN (IND2D6BWP40P140)     0.03       3.90 f
  u_npu_core/u_core/u_fexu/U458/ZN (ND2OPTIBD6BWP40P140)
                                                          0.01       3.91 r
  u_npu_core/u_core/u_fexu/U4844/Z (OR3D6BWP40P140)       0.02       3.93 r
  u_npu_core/u_core/u_fexu/U2734/ZN (DCCKND8BWP40P140)
                                                          0.01       3.94 f
  u_npu_core/u_core/u_fexu/U2082/Z (AO22D1BWP40P140)      0.03       3.97 f
  u_npu_core/u_core/u_fexu/U10918/ZN (IND4D4BWP40P140)
                                                          0.04       4.02 f
  u_npu_core/u_core/u_fexu/U1091/ZN (INVD4BWP40P140)      0.01       4.03 r
  u_npu_core/u_core/u_fexu/U568/ZN (CKND6BWP40P140)       0.01       4.04 f
  u_npu_core/u_core/u_fexu/div_703/u_div/u_add_PartRem_4_1/A[11] (fexu_EN_F1_DW01_add_645)
                                                          0.00       4.04 f
  u_npu_core/u_core/u_fexu/div_703/u_div/u_add_PartRem_4_1/U375/ZN (ND2D1BWP40P140)
                                                          0.01       4.05 r
  u_npu_core/u_core/u_fexu/div_703/u_div/u_add_PartRem_4_1/U233/ZN (OAI21D1P5BWP40P140)
                                                          0.03       4.08 f
  u_npu_core/u_core/u_fexu/div_703/u_div/u_add_PartRem_4_1/U232/ZN (AOI21D2BWP40P140)
                                                          0.02       4.10 r
  u_npu_core/u_core/u_fexu/div_703/u_div/u_add_PartRem_4_1/U235/ZN (OAI21D2BWP40P140)
                                                          0.02       4.12 f
  u_npu_core/u_core/u_fexu/div_703/u_div/u_add_PartRem_4_1/U276/ZN (AOI21D4BWP40P140)
                                                          0.02       4.14 r
  u_npu_core/u_core/u_fexu/div_703/u_div/u_add_PartRem_4_1/U225/ZN (OAI21OPTREPBD4BWP40P140)
                                                          0.01       4.15 f
  u_npu_core/u_core/u_fexu/div_703/u_div/u_add_PartRem_4_1/CO (fexu_EN_F1_DW01_add_645)
                                                          0.00       4.15 f
  u_npu_core/u_core/u_fexu/U1461/ZN (MUX2NOPTD4BWP40P140)
                                                          0.02       4.17 r
  u_npu_core/u_core/u_fexu/U1457/ZN (INVD6BWP40P140)      0.01       4.17 f
  u_npu_core/u_core/u_fexu/U775/ZN (MUX2NOPTD8BWP40P140)
                                                          0.01       4.19 r
  u_npu_core/u_core/u_fexu/U782/ZN (IND2D4BWP40P140)      0.02       4.21 r
  u_npu_core/u_core/u_fexu/U1464/Z (OR2D6BWP40P140)       0.02       4.23 r
  u_npu_core/u_core/u_fexu/U1043/ZN (DCCKND12BWP40P140)
                                                          0.01       4.24 f
  u_npu_core/u_core/u_fexu/U5702/ZN (AOI22D1BWP40P140)
                                                          0.02       4.25 r
  u_npu_core/u_core/u_fexu/U12012/Z (AN4D4BWP40P140)      0.05       4.30 r
  u_npu_core/u_core/u_fexu/U2624/ZN (CKND6BWP40P140)      0.01       4.31 f
  u_npu_core/u_core/u_fexu/div_703/u_div/u_add_PartRem_3_7/A[12] (fexu_EN_F1_DW01_add_267)
                                                          0.00       4.31 f
  u_npu_core/u_core/u_fexu/div_703/u_div/u_add_PartRem_3_7/U319/ZN (ND2D1BWP40P140)
                                                          0.01       4.32 r
  u_npu_core/u_core/u_fexu/div_703/u_div/u_add_PartRem_3_7/U329/ZN (OAI21D1BWP40P140)
                                                          0.02       4.34 f
  u_npu_core/u_core/u_fexu/div_703/u_div/u_add_PartRem_3_7/U305/ZN (AOI21OPTREPBD1BWP40P140)
                                                          0.02       4.36 r
  u_npu_core/u_core/u_fexu/div_703/u_div/u_add_PartRem_3_7/U278/ZN (OAI21D0P7BWP40P140)
                                                          0.02       4.39 f
  u_npu_core/u_core/u_fexu/div_703/u_div/u_add_PartRem_3_7/U281/ZN (AOI21OPTREPBD2BWP40P140)
                                                          0.02       4.40 r
  u_npu_core/u_core/u_fexu/div_703/u_div/u_add_PartRem_3_7/U280/ZN (OAI21D2BWP40P140)
                                                          0.01       4.41 f
  u_npu_core/u_core/u_fexu/div_703/u_div/u_add_PartRem_3_7/CO (fexu_EN_F1_DW01_add_267)
                                                          0.00       4.41 f
  u_npu_core/u_core/u_fexu/U1434/ZN (OAI22D2BWP40P140)
                                                          0.01       4.43 r
  u_npu_core/u_core/u_fexu/U1433/ZN (ND2OPTPAD2BWP40P140)
                                                          0.01       4.44 f
  u_npu_core/u_core/u_fexu/U1436/ZN (INVD2BWP40P140)      0.01       4.45 r
  u_npu_core/u_core/u_fexu/U1439/Z (OR2D4BWP40P140)       0.02       4.47 r
  u_npu_core/u_core/u_fexu/U4862/Z (OR2D6BWP40P140)       0.02       4.49 r
  u_npu_core/u_core/u_fexu/U96/ZN (DCCKND12BWP40P140)     0.01       4.50 f
  u_npu_core/u_core/u_fexu/U94/ZN (AOI22D2BWP40P140)      0.02       4.51 r
  u_npu_core/u_core/u_fexu/U4672/Z (AN4D4BWP40P140)       0.05       4.56 r
  u_npu_core/u_core/u_fexu/U2412/ZN (INVD6BWP40P140)      0.01       4.57 f
  u_npu_core/u_core/u_fexu/div_703/u_div/u_add_PartRem_2_2/A[12] (fexu_EN_F1_DW01_add_318)
                                                          0.00       4.57 f
  u_npu_core/u_core/u_fexu/div_703/u_div/u_add_PartRem_2_2/U274/ZN (NR2D0BWP40P140)
                                                          0.02       4.60 r
  u_npu_core/u_core/u_fexu/div_703/u_div/u_add_PartRem_2_2/U265/ZN (NR2D2BWP40P140)
                                                          0.02       4.62 f
  u_npu_core/u_core/u_fexu/div_703/u_div/u_add_PartRem_2_2/U270/ZN (AOI21D2BWP40P140)
                                                          0.02       4.64 r
  u_npu_core/u_core/u_fexu/div_703/u_div/u_add_PartRem_2_2/U267/ZN (OAI21OPTREPBD2BWP40P140)
                                                          0.02       4.66 f
  u_npu_core/u_core/u_fexu/div_703/u_div/u_add_PartRem_2_2/U266/ZN (AOI21OPTREPBD4BWP40P140)
                                                          0.01       4.67 r
  u_npu_core/u_core/u_fexu/div_703/u_div/u_add_PartRem_2_2/U465/ZN (OAI21OPTREPBD4BWP40P140)
                                                          0.01       4.69 f
  u_npu_core/u_core/u_fexu/div_703/u_div/u_add_PartRem_2_2/CO (fexu_EN_F1_DW01_add_318)
                                                          0.00       4.69 f
  u_npu_core/u_core/u_fexu/U712/ZN (INVD2BWP40P140)       0.01       4.70 r
  u_npu_core/u_core/u_fexu/U1390/ZN (OAI33D2BWP40P140)
                                                          0.02       4.72 f
  u_npu_core/u_core/u_fexu/U1379/Z (OR2D6BWP40P140)       0.03       4.75 f
  u_npu_core/u_core/u_fexu/U10914/ZN (NR2OPTIBD4BWP40P140)
                                                          0.01       4.76 r
  u_npu_core/u_core/u_fexu/U2848/ZN (INVD6BWP40P140)      0.01       4.77 f
  u_npu_core/u_core/u_fexu/U1394/ZN (DCCKND12BWP40P140)
                                                          0.01       4.78 r
  u_npu_core/u_core/u_fexu/U2311/ZN (AOI221D1BWP40P140)
                                                          0.02       4.81 f
  u_npu_core/u_core/u_fexu/U3276/ZN (INVD2BWP40P140)      0.01       4.82 r
  u_npu_core/u_core/u_fexu/U731/Z (DCCKBD4BWP40P140)      0.02       4.84 r
  u_npu_core/u_core/u_fexu/div_703/u_div/u_add_PartRem_1_1/A[4] (fexu_EN_F1_DW01_add_677)
                                                          0.00       4.84 r
  u_npu_core/u_core/u_fexu/div_703/u_div/u_add_PartRem_1_1/U238/ZN (NR2OPTPAD1BWP40P140)
                                                          0.01       4.85 f
  u_npu_core/u_core/u_fexu/div_703/u_div/u_add_PartRem_1_1/U262/ZN (NR2OPTPAD1BWP40P140)
                                                          0.01       4.86 r
  u_npu_core/u_core/u_fexu/div_703/u_div/u_add_PartRem_1_1/U297/ZN (AOI21OPTREPBD2BWP40P140)
                                                          0.02       4.89 f
  u_npu_core/u_core/u_fexu/div_703/u_div/u_add_PartRem_1_1/U229/ZN (OAI21OPTREPBD4BWP40P140)
                                                          0.02       4.91 r
  u_npu_core/u_core/u_fexu/div_703/u_div/u_add_PartRem_1_1/U249/ZN (AOI21OPTREPBD4BWP40P140)
                                                          0.02       4.92 f
  u_npu_core/u_core/u_fexu/div_703/u_div/u_add_PartRem_1_1/U305/ZN (OAI21OPTREPBD4BWP40P140)
                                                          0.02       4.94 r
  u_npu_core/u_core/u_fexu/div_703/u_div/u_add_PartRem_1_1/CO (fexu_EN_F1_DW01_add_677)
                                                          0.00       4.94 r
  u_npu_core/u_core/u_fexu/U804/ZN (INVD6BWP40P140)       0.01       4.95 f
  u_npu_core/u_core/u_fexu/U2663/ZN (MUX2NOPTD4BWP40P140)
                                                          0.01       4.96 r
  u_npu_core/u_core/u_fexu/U2662/ZN (MUX2NOPTD4BWP40P140)
                                                          0.02       4.98 f
  u_npu_core/u_core/u_fexu/U2233/ZN (INVD2BWP40P140)      0.01       4.99 r
  u_npu_core/u_core/u_fexu/U1371/Z (OR2D6BWP40P140)       0.02       5.01 r
  u_npu_core/u_core/u_fexu/U1112/ZN (DCCKND12BWP40P140)
                                                          0.01       5.02 f
  u_npu_core/u_core/u_fexu/U3489/ZN (AOI22D2BWP40P140)
                                                          0.01       5.03 r
  u_npu_core/u_core/u_fexu/U11383/ZN (OAI221D2BWP40P140)
                                                          0.04       5.07 f
  u_npu_core/u_core/u_fexu/U813/Z (OR2D4BWP40P140)        0.02       5.09 f
  u_npu_core/u_core/u_fexu/div_703/u_div/u_add_PartRem_0_4/A[9] (fexu_EN_F1_DW01_add_244)
                                                          0.00       5.09 f
  u_npu_core/u_core/u_fexu/div_703/u_div/u_add_PartRem_0_4/U253/ZN (NR2D1P5BWP40P140)
                                                          0.01       5.10 r
  u_npu_core/u_core/u_fexu/div_703/u_div/u_add_PartRem_0_4/U251/ZN (OAI21D1P5BWP40P140)
                                                          0.02       5.12 f
  u_npu_core/u_core/u_fexu/div_703/u_div/u_add_PartRem_0_4/U248/ZN (AOI21D2BWP40P140)
                                                          0.02       5.14 r
  u_npu_core/u_core/u_fexu/div_703/u_div/u_add_PartRem_0_4/U232/ZN (OAI21OPTREPBD4BWP40P140)
                                                          0.02       5.16 f
  u_npu_core/u_core/u_fexu/div_703/u_div/u_add_PartRem_0_4/U231/ZN (AOI21OPTREPBD4BWP40P140)
                                                          0.01       5.17 r
  u_npu_core/u_core/u_fexu/div_703/u_div/u_add_PartRem_0_4/U230/ZN (OAI21OPTREPBD4BWP40P140)
                                                          0.01       5.18 f
  u_npu_core/u_core/u_fexu/div_703/u_div/u_add_PartRem_0_4/CO (fexu_EN_F1_DW01_add_244)
                                                          0.00       5.18 f
  u_npu_core/u_core/u_fexu/U1173/Z (DCCKBD12BWP40P140)
                                                          0.02       5.20 f
  u_npu_core/u_core/u_fexu/U1004/ZN (MUX2NUD1BWP40P140)
                                                          0.02       5.22 f
  u_npu_core/u_core/u_fexu/U1172/ZN (MUX2NUD1BWP40P140)
                                                          0.02       5.25 r
  u_npu_core/u_core/u_fexu/U1176/ZN (CKND2BWP40P140)      0.01       5.26 f
  u_npu_core/u_core/u_fexu/U565/ZN (DCCKND4BWP40P140)     0.01       5.27 r
  u_npu_core/u_core/u_fexu/mult_707/b[0] (fexu_EN_F1_DW_mult_uns_11)
                                                          0.00       5.27 r
  u_npu_core/u_core/u_fexu/mult_707/U2181/ZN (DCCKND12BWP40P140)
                                                          0.01       5.28 f
  u_npu_core/u_core/u_fexu/mult_707/U2175/ZN (INVD16BWP40P140)
                                                          0.01       5.29 r
  u_npu_core/u_core/u_fexu/mult_707/U2174/ZN (IND2D4BWP40P140)
                                                          0.02       5.30 r
  u_npu_core/u_core/u_fexu/mult_707/U2173/ZN (OAI22OPTPBD6BWP40P140)
                                                          0.01       5.32 f
  u_npu_core/u_core/u_fexu/mult_707/U2179/S (FA1D1BWP40P140)
                                                          0.08       5.40 r
  u_npu_core/u_core/u_fexu/mult_707/U2140/ZN (CKND2D4BWP40P140)
                                                          0.01       5.42 f
  u_npu_core/u_core/u_fexu/mult_707/U2187/ZN (OAI21D2BWP40P140)
                                                          0.01       5.43 r
  u_npu_core/u_core/u_fexu/mult_707/U2183/ZN (AOI21D2BWP40P140)
                                                          0.01       5.44 f
  u_npu_core/u_core/u_fexu/mult_707/U2189/ZN (OAI21D4BWP40P140)
                                                          0.01       5.45 r
  u_npu_core/u_core/u_fexu/mult_707/U2202/ZN (AOI21D6BWP40P140)
                                                          0.02       5.47 f
  u_npu_core/u_core/u_fexu/mult_707/U2199/ZN (OAI21OPTREPBD4BWP40P140)
                                                          0.02       5.49 r
  u_npu_core/u_core/u_fexu/mult_707/U2198/ZN (AOI21D6BWP40P140)
                                                          0.02       5.50 f
  u_npu_core/u_core/u_fexu/mult_707/U2201/ZN (INVD12BWP40P140)
                                                          0.01       5.51 r
  u_npu_core/u_core/u_fexu/mult_707/U2226/ZN (CKND16BWP40P140)
                                                          0.01       5.52 f
  u_npu_core/u_core/u_fexu/mult_707/U2118/Z (XOR2UD1BWP40P140)
                                                          0.02       5.54 f
  u_npu_core/u_core/u_fexu/mult_707/product[23] (fexu_EN_F1_DW_mult_uns_11)
                                                          0.00       5.54 f
  u_npu_core/u_core/u_fexu/U21414/Z (OR4D1BWP40P140)      0.03       5.57 f
  u_npu_core/u_core/u_fexu/U21415/Z (OR4D1BWP40P140)      0.03       5.60 f
  u_npu_core/u_core/u_fexu/U1191/Z (OR4D1BWP40P140)       0.03       5.63 f
  u_npu_core/u_core/u_fexu/U1186/ZN (INR3D1BWP40P140)     0.01       5.64 r
  u_npu_core/u_core/u_fexu/U1185/ZN (AOI21D2BWP40P140)
                                                          0.02       5.66 f
  u_npu_core/u_core/u_fexu/add_380_C708/A[0] (fexu_EN_F1_DW01_add_236)
                                                          0.00       5.66 f
  u_npu_core/u_core/u_fexu/add_380_C708/U279/ZN (ND2D6BWP40P140)
                                                          0.02       5.67 r
  u_npu_core/u_core/u_fexu/add_380_C708/U295/ZN (OAI21D0P7BWP40P140)
                                                          0.02       5.70 f
  u_npu_core/u_core/u_fexu/add_380_C708/U410/ZN (XNR2UD1BWP40P140)
                                                          0.02       5.72 f
  u_npu_core/u_core/u_fexu/add_380_C708/SUM[21] (fexu_EN_F1_DW01_add_236)
                                                          0.00       5.72 f
  u_npu_core/u_core/u_fexu/U1544/ZN (INVD2BWP40P140)      0.01       5.73 r
  u_npu_core/u_core/u_fexu/U1543/ZN (ND4D1BWP40P140)      0.02       5.75 f
  u_npu_core/u_core/u_fexu/U1541/Z (OR4D1BWP40P140)       0.04       5.79 f
  u_npu_core/u_core/u_fexu/U875/ZN (NR2OPTPAD2BWP40P140)
                                                          0.01       5.80 r
  u_npu_core/u_core/u_fexu/U1566/ZN (IND2D2BWP40P140)     0.02       5.82 r
  u_npu_core/u_core/u_fexu/U1574/Z (OR2D6BWP40P140)       0.02       5.84 r
  u_npu_core/u_core/u_fexu/U9461/ZN (XNR2OPTND4BWP40P140)
                                                          0.02       5.86 r
  u_npu_core/u_core/u_fexu/U9460/ZN (OAI221D4BWP40P140)
                                                          0.03       5.89 f
  u_npu_core/u_core/u_fexu/U517/Z (AO211D4BWP40P140)      0.04       5.93 f
  u_npu_core/u_core/u_fexu/q_fdata[26] (fexu_EN_F1)       0.00       5.93 f
  u_npu_core/u_core/ex_mem_f_data_r_reg[26]/D (EDFQD1BWP40P140)
                                                          0.00       5.93 f
  data arrival time                                                  5.93

  clock clk (rise edge)                                   6.00       6.00
  clock network delay (ideal)                             0.00       6.00
  clock uncertainty                                      -0.05       5.95
  u_npu_core/u_core/ex_mem_f_data_r_reg[26]/CP (EDFQD1BWP40P140)
                                                          0.00       5.95 r
  library setup time                                     -0.02       5.93
  data required time                                                 5.93
  --------------------------------------------------------------------------
  data required time                                                 5.93
  data arrival time                                                 -5.93
  --------------------------------------------------------------------------
  slack (MET)                                                        0.00


  Startpoint: u_npu_core/u_core/if_ex_instr_reg[21]
              (rising edge-triggered flip-flop clocked by clk)
  Endpoint: u_npu_core/u_core/ex_mem_f_data_r_reg[26]
            (rising edge-triggered flip-flop clocked by clk)
  Path Group: clk
  Path Type: max

  Des/Clust/Port     Wire Load Model       Library
  ------------------------------------------------
  csr_RV32A0_PMP_ENTRIES0_EN_RVV1_EN_F1
                     ZeroWireload          tcbn28hpcplusbwp40p140tt0p9v25c
  trigger            ZeroWireload          tcbn28hpcplusbwp40p140tt0p9v25c
  div                ZeroWireload          tcbn28hpcplusbwp40p140tt0p9v25c
  mul                ZeroWireload          tcbn28hpcplusbwp40p140tt0p9v25c
  vexu_EN_RVV1       ZeroWireload          tcbn28hpcplusbwp40p140tt0p9v25c
  fexu_EN_F1         ZeroWireload          tcbn28hpcplusbwp40p140tt0p9v25c
  rfu                ZeroWireload          tcbn28hpcplusbwp40p140tt0p9v25c
  ifu_00000000_0     ZeroWireload          tcbn28hpcplusbwp40p140tt0p9v25c
  ras_EN_RAS0        ZeroWireload          tcbn28hpcplusbwp40p140tt0p9v25c
  bp_EN_BP0          ZeroWireload          tcbn28hpcplusbwp40p140tt0p9v25c
  npu_itcm_sram_dp_WORDS2048_AW11
                     ZeroWireload          tcbn28hpcplusbwp40p140tt0p9v25c
  npu_tcm_sram_dp_WORDS8192_AW13_DMA_DATA_W256_LANES4
                     ZeroWireload          tcbn28hpcplusbwp40p140tt0p9v25c
  core_00000000_0_0_0_0_0_1_1
                     ZeroWireload          tcbn28hpcplusbwp40p140tt0p9v25c
  axil_decerr        ZeroWireload          tcbn28hpcplusbwp40p140tt0p9v25c
  npu_itcm_WORDS2048_AW11
                     ZeroWireload          tcbn28hpcplusbwp40p140tt0p9v25c
  npu_tcm_WORDS8192_AW13_DMA_DATA_W256
                     ZeroWireload          tcbn28hpcplusbwp40p140tt0p9v25c
  npu_dma_BUF_AW13_DMA_DATA_W256
                     ZeroWireload          tcbn28hpcplusbwp40p140tt0p9v25c
  npu_ml_ctrl_ML_V2_EN1
                     ZeroWireload          tcbn28hpcplusbwp40p140tt0p9v25c
  npu_axil_regs      ZeroWireload          tcbn28hpcplusbwp40p140tt0p9v25c
  mat_engine_TCM_AW13_LANES4
                     ZeroWireload          tcbn28hpcplusbwp40p140tt0p9v25c
  npu_top_MAT_LANES4_DMA_DATA_W256_ML_V2_EN1
                     ZeroWireload          tcbn28hpcplusbwp40p140tt0p9v25c
  cpu_m1_top_00000000_0_0_0_1_1
                     ZeroWireload          tcbn28hpcplusbwp40p140tt0p9v25c
  fexu_EN_F1_DW_mult_uns_8
                     ZeroWireload          tcbn28hpcplusbwp40p140tt0p9v25c
  fexu_EN_F1_DW01_add_811
                     ZeroWireload          tcbn28hpcplusbwp40p140tt0p9v25c
  fexu_EN_F1_DW01_add_380
                     ZeroWireload          tcbn28hpcplusbwp40p140tt0p9v25c
  fexu_EN_F1_DW01_add_733
                     ZeroWireload          tcbn28hpcplusbwp40p140tt0p9v25c
  fexu_EN_F1_DW01_add_261
                     ZeroWireload          tcbn28hpcplusbwp40p140tt0p9v25c
  fexu_EN_F1_DW01_sub_254
                     ZeroWireload          tcbn28hpcplusbwp40p140tt0p9v25c
  fexu_EN_F1_DW01_add_833
                     ZeroWireload          tcbn28hpcplusbwp40p140tt0p9v25c
  fexu_EN_F1_DW01_add_456
                     ZeroWireload          tcbn28hpcplusbwp40p140tt0p9v25c
  fexu_EN_F1_DW01_add_336
                     ZeroWireload          tcbn28hpcplusbwp40p140tt0p9v25c
  fexu_EN_F1_DW01_add_775
                     ZeroWireload          tcbn28hpcplusbwp40p140tt0p9v25c
  fexu_EN_F1_DW01_add_642
                     ZeroWireload          tcbn28hpcplusbwp40p140tt0p9v25c
  fexu_EN_F1_DW01_add_335
                     ZeroWireload          tcbn28hpcplusbwp40p140tt0p9v25c
  fexu_EN_F1_DW01_add_489
                     ZeroWireload          tcbn28hpcplusbwp40p140tt0p9v25c
  fexu_EN_F1_DW01_add_334
                     ZeroWireload          tcbn28hpcplusbwp40p140tt0p9v25c
  fexu_EN_F1_DW01_add_333
                     ZeroWireload          tcbn28hpcplusbwp40p140tt0p9v25c
  fexu_EN_F1_DW01_add_772
                     ZeroWireload          tcbn28hpcplusbwp40p140tt0p9v25c
  fexu_EN_F1_DW01_add_260
                     ZeroWireload          tcbn28hpcplusbwp40p140tt0p9v25c
  fexu_EN_F1_DW01_add_369
                     ZeroWireload          tcbn28hpcplusbwp40p140tt0p9v25c
  fexu_EN_F1_DW01_add_372
                     ZeroWireload          tcbn28hpcplusbwp40p140tt0p9v25c
  fexu_EN_F1_DW01_add_731
                     ZeroWireload          tcbn28hpcplusbwp40p140tt0p9v25c
  fexu_EN_F1_DW01_add_331
                     ZeroWireload          tcbn28hpcplusbwp40p140tt0p9v25c
  fexu_EN_F1_DW01_add_779
                     ZeroWireload          tcbn28hpcplusbwp40p140tt0p9v25c
  fexu_EN_F1_DW01_add_301
                     ZeroWireload          tcbn28hpcplusbwp40p140tt0p9v25c
  fexu_EN_F1_DW01_add_258
                     ZeroWireload          tcbn28hpcplusbwp40p140tt0p9v25c
  fexu_EN_F1_DW01_add_259
                     ZeroWireload          tcbn28hpcplusbwp40p140tt0p9v25c
  fexu_EN_F1_DW01_add_341
                     ZeroWireload          tcbn28hpcplusbwp40p140tt0p9v25c
  fexu_EN_F1_DW01_add_363
                     ZeroWireload          tcbn28hpcplusbwp40p140tt0p9v25c
  fexu_EN_F1_DW01_add_330
                     ZeroWireload          tcbn28hpcplusbwp40p140tt0p9v25c
  fexu_EN_F1_DW01_add_314
                     ZeroWireload          tcbn28hpcplusbwp40p140tt0p9v25c
  fexu_EN_F1_DW01_add_304
                     ZeroWireload          tcbn28hpcplusbwp40p140tt0p9v25c
  fexu_EN_F1_DW01_add_283
                     ZeroWireload          tcbn28hpcplusbwp40p140tt0p9v25c
  fexu_EN_F1_DW01_add_361
                     ZeroWireload          tcbn28hpcplusbwp40p140tt0p9v25c
  fexu_EN_F1_DW01_add_362
                     ZeroWireload          tcbn28hpcplusbwp40p140tt0p9v25c
  fexu_EN_F1_DW01_add_671
                     ZeroWireload          tcbn28hpcplusbwp40p140tt0p9v25c
  fexu_EN_F1_DW01_add_371
                     ZeroWireload          tcbn28hpcplusbwp40p140tt0p9v25c
  fexu_EN_F1_DW01_add_342
                     ZeroWireload          tcbn28hpcplusbwp40p140tt0p9v25c
  fexu_EN_F1_DW01_add_613
                     ZeroWireload          tcbn28hpcplusbwp40p140tt0p9v25c
  fexu_EN_F1_DW01_add_657
                     ZeroWireload          tcbn28hpcplusbwp40p140tt0p9v25c
  fexu_EN_F1_DW01_add_785
                     ZeroWireload          tcbn28hpcplusbwp40p140tt0p9v25c
  fexu_EN_F1_DW01_add_636
                     ZeroWireload          tcbn28hpcplusbwp40p140tt0p9v25c
  fexu_EN_F1_DW01_add_758
                     ZeroWireload          tcbn28hpcplusbwp40p140tt0p9v25c
  fexu_EN_F1_DW01_add_753
                     ZeroWireload          tcbn28hpcplusbwp40p140tt0p9v25c
  fexu_EN_F1_DW01_add_660
                     ZeroWireload          tcbn28hpcplusbwp40p140tt0p9v25c
  fexu_EN_F1_DW01_add_360
                     ZeroWireload          tcbn28hpcplusbwp40p140tt0p9v25c
  fexu_EN_F1_DW01_add_737
                     ZeroWireload          tcbn28hpcplusbwp40p140tt0p9v25c
  fexu_EN_F1_DW01_add_654
                     ZeroWireload          tcbn28hpcplusbwp40p140tt0p9v25c
  fexu_EN_F1_DW01_add_639
                     ZeroWireload          tcbn28hpcplusbwp40p140tt0p9v25c
  fexu_EN_F1_DW01_add_624
                     ZeroWireload          tcbn28hpcplusbwp40p140tt0p9v25c
  fexu_EN_F1_DW01_add_635
                     ZeroWireload          tcbn28hpcplusbwp40p140tt0p9v25c
  fexu_EN_F1_DW01_add_652
                     ZeroWireload          tcbn28hpcplusbwp40p140tt0p9v25c
  fexu_EN_F1_DW01_add_288
                     ZeroWireload          tcbn28hpcplusbwp40p140tt0p9v25c
  fexu_EN_F1_DW01_add_653
                     ZeroWireload          tcbn28hpcplusbwp40p140tt0p9v25c
  fexu_EN_F1_DW01_add_678
                     ZeroWireload          tcbn28hpcplusbwp40p140tt0p9v25c
  fexu_EN_F1_DW01_add_679
                     ZeroWireload          tcbn28hpcplusbwp40p140tt0p9v25c
  fexu_EN_F1_DW01_add_682
                     ZeroWireload          tcbn28hpcplusbwp40p140tt0p9v25c
  fexu_EN_F1_DW01_add_626
                     ZeroWireload          tcbn28hpcplusbwp40p140tt0p9v25c
  fexu_EN_F1_DW01_add_324
                     ZeroWireload          tcbn28hpcplusbwp40p140tt0p9v25c
  fexu_EN_F1_DW01_add_312
                     ZeroWireload          tcbn28hpcplusbwp40p140tt0p9v25c
  fexu_EN_F1_DW01_add_313
                     ZeroWireload          tcbn28hpcplusbwp40p140tt0p9v25c
  fexu_EN_F1_DW01_add_309
                     ZeroWireload          tcbn28hpcplusbwp40p140tt0p9v25c
  fexu_EN_F1_DW01_add_359
                     ZeroWireload          tcbn28hpcplusbwp40p140tt0p9v25c
  fexu_EN_F1_DW01_add_302
                     ZeroWireload          tcbn28hpcplusbwp40p140tt0p9v25c
  fexu_EN_F1_DW01_add_598
                     ZeroWireload          tcbn28hpcplusbwp40p140tt0p9v25c
  fexu_EN_F1_DW01_add_651
                     ZeroWireload          tcbn28hpcplusbwp40p140tt0p9v25c
  fexu_EN_F1_DW01_add_599
                     ZeroWireload          tcbn28hpcplusbwp40p140tt0p9v25c
  fexu_EN_F1_DW01_add_732
                     ZeroWireload          tcbn28hpcplusbwp40p140tt0p9v25c
  fexu_EN_F1_DW01_add_597
                     ZeroWireload          tcbn28hpcplusbwp40p140tt0p9v25c
  fexu_EN_F1_DW01_add_666
                     ZeroWireload          tcbn28hpcplusbwp40p140tt0p9v25c
  fexu_EN_F1_DW01_add_683
                     ZeroWireload          tcbn28hpcplusbwp40p140tt0p9v25c
  fexu_EN_F1_DW01_add_740
                     ZeroWireload          tcbn28hpcplusbwp40p140tt0p9v25c
  fexu_EN_F1_DW01_add_436
                     ZeroWireload          tcbn28hpcplusbwp40p140tt0p9v25c
  fexu_EN_F1_DW01_add_276
                     ZeroWireload          tcbn28hpcplusbwp40p140tt0p9v25c
  fexu_EN_F1_DW01_add_249
                     ZeroWireload          tcbn28hpcplusbwp40p140tt0p9v25c
  fexu_EN_F1_DW01_add_644
                     ZeroWireload          tcbn28hpcplusbwp40p140tt0p9v25c
  fexu_EN_F1_DW01_add_614
                     ZeroWireload          tcbn28hpcplusbwp40p140tt0p9v25c
  fexu_EN_F1_DW01_add_674
                     ZeroWireload          tcbn28hpcplusbwp40p140tt0p9v25c
  fexu_EN_F1_DW01_add_645
                     ZeroWireload          tcbn28hpcplusbwp40p140tt0p9v25c
  fexu_EN_F1_DW01_add_675
                     ZeroWireload          tcbn28hpcplusbwp40p140tt0p9v25c
  fexu_EN_F1_DW01_add_640
                     ZeroWireload          tcbn28hpcplusbwp40p140tt0p9v25c
  fexu_EN_F1_DW01_add_673
                     ZeroWireload          tcbn28hpcplusbwp40p140tt0p9v25c
  fexu_EN_F1_DW01_add_662
                     ZeroWireload          tcbn28hpcplusbwp40p140tt0p9v25c
  fexu_EN_F1_DW01_add_618
                     ZeroWireload          tcbn28hpcplusbwp40p140tt0p9v25c
  fexu_EN_F1_DW01_add_670
                     ZeroWireload          tcbn28hpcplusbwp40p140tt0p9v25c
  fexu_EN_F1_DW01_add_269
                     ZeroWireload          tcbn28hpcplusbwp40p140tt0p9v25c
  fexu_EN_F1_DW01_add_268
                     ZeroWireload          tcbn28hpcplusbwp40p140tt0p9v25c
  fexu_EN_F1_DW01_add_267
                     ZeroWireload          tcbn28hpcplusbwp40p140tt0p9v25c
  fexu_EN_F1_DW01_add_246
                     ZeroWireload          tcbn28hpcplusbwp40p140tt0p9v25c
  fexu_EN_F1_DW01_add_339
                     ZeroWireload          tcbn28hpcplusbwp40p140tt0p9v25c
  fexu_EN_F1_DW01_add_355
                     ZeroWireload          tcbn28hpcplusbwp40p140tt0p9v25c
  fexu_EN_F1_DW01_add_356
                     ZeroWireload          tcbn28hpcplusbwp40p140tt0p9v25c
  fexu_EN_F1_DW01_add_307
                     ZeroWireload          tcbn28hpcplusbwp40p140tt0p9v25c
  fexu_EN_F1_DW01_add_350
                     ZeroWireload          tcbn28hpcplusbwp40p140tt0p9v25c
  fexu_EN_F1_DW01_add_318
                     ZeroWireload          tcbn28hpcplusbwp40p140tt0p9v25c
  fexu_EN_F1_DW01_add_299
                     ZeroWireload          tcbn28hpcplusbwp40p140tt0p9v25c
  fexu_EN_F1_DW01_add_677
                     ZeroWireload          tcbn28hpcplusbwp40p140tt0p9v25c
  fexu_EN_F1_DW01_add_300
                     ZeroWireload          tcbn28hpcplusbwp40p140tt0p9v25c
  fexu_EN_F1_DW01_add_668
                     ZeroWireload          tcbn28hpcplusbwp40p140tt0p9v25c
  fexu_EN_F1_DW01_add_244
                     ZeroWireload          tcbn28hpcplusbwp40p140tt0p9v25c
  fexu_EN_F1_DW_mult_uns_11
                     ZeroWireload          tcbn28hpcplusbwp40p140tt0p9v25c
  fexu_EN_F1_DW01_add_236
                     ZeroWireload          tcbn28hpcplusbwp40p140tt0p9v25c

  Point                                                   Incr       Path
  --------------------------------------------------------------------------
  clock clk (rise edge)                                   0.00       0.00
  clock network delay (ideal)                             0.00       0.00
  u_npu_core/u_core/if_ex_instr_reg[21]/CP (DFQD4BWP40P140)
                                                          0.00 #     0.00 r
  u_npu_core/u_core/if_ex_instr_reg[21]/Q (DFQD4BWP40P140)
                                                          0.05       0.05 f
  u_npu_core/u_core/u_fexu/q_instr[21] (fexu_EN_F1)       0.00       0.05 f
  u_npu_core/u_core/u_fexu/U1689/ZN (INR2D2BWP40P140)     0.02       0.07 f
  u_npu_core/u_core/u_fexu/U1687/ZN (DCCKND4BWP40P140)
                                                          0.01       0.08 r
  u_npu_core/u_core/u_fexu/U9615/Z (OR2D6BWP40P140)       0.02       0.11 r
  u_npu_core/u_core/u_fexu/U7579/Z (OA22D1BWP40P140)      0.03       0.13 r
  u_npu_core/u_core/u_fexu/U4633/ZN (OAI221D1BWP40P140)
                                                          0.03       0.17 f
  u_npu_core/u_core/u_fexu/U4467/Z (OR4D2BWP40P140)       0.04       0.21 f
  u_npu_core/u_core/u_fexu/U4387/ZN (MUX2NOPTD4BWP40P140)
                                                          0.01       0.22 r
  u_npu_core/u_core/u_fexu/U9618/ZN (IND2D4BWP40P140)     0.02       0.24 r
  u_npu_core/u_core/u_fexu/U1947/Z (OR3D4BWP40P140)       0.02       0.26 r
  u_npu_core/u_core/u_fexu/U1705/ZN (IND2D4BWP40P140)     0.02       0.28 r
  u_npu_core/u_core/u_fexu/U1704/ZN (NR4D0BWP40P140)      0.01       0.29 f
  u_npu_core/u_core/u_fexu/U1702/ZN (INR2D2BWP40P140)     0.01       0.30 r
  u_npu_core/u_core/u_fexu/U1691/ZN (ND2OPTIBD2BWP40P140)
                                                          0.01       0.32 f
  u_npu_core/u_core/u_fexu/U233/ZN (NR3OPTPAD2BWP40P140)
                                                          0.01       0.33 r
  u_npu_core/u_core/u_fexu/U1690/Z (OR2D6BWP40P140)       0.02       0.35 r
  u_npu_core/u_core/u_fexu/U1693/ZN (IND2D2BWP40P140)     0.02       0.37 r
  u_npu_core/u_core/u_fexu/U254/ZN (ND4D2BWP40P140)       0.02       0.39 f
  u_npu_core/u_core/u_fexu/U1743/Z (OR2D4BWP40P140)       0.03       0.41 f
  u_npu_core/u_core/u_fexu/U240/ZN (CKND2BWP40P140)       0.01       0.42 r
  u_npu_core/u_core/u_fexu/U10707/Z (AO211D4BWP40P140)
                                                          0.02       0.44 r
  u_npu_core/u_core/u_fexu/U1750/Z (OR2D6BWP40P140)       0.02       0.46 r
  u_npu_core/u_core/u_fexu/U1749/ZN (INVD2BWP40P140)      0.00       0.46 f
  u_npu_core/u_core/u_fexu/U1739/ZN (IND4D1BWP40P140)     0.01       0.47 r
  u_npu_core/u_core/u_fexu/U1734/Z (OR3D4BWP40P140)       0.02       0.49 r
  u_npu_core/u_core/u_fexu/U1729/ZN (ND4D3BWP40P140)      0.03       0.52 f
  u_npu_core/u_core/u_fexu/U1728/ZN (INVD4BWP40P140)      0.02       0.54 r
  u_npu_core/u_core/u_fexu/U1796/ZN (ND4D4BWP40P140)      0.02       0.56 f
  u_npu_core/u_core/u_fexu/U1794/ZN (INVD4BWP40P140)      0.01       0.57 r
  u_npu_core/u_core/u_fexu/U1791/Z (XOR2OPTND4BWP40P140)
                                                          0.02       0.59 r
  u_npu_core/u_core/u_fexu/U1792/ZN (IOA21D2BWP40P140)
                                                          0.03       0.62 r
  u_npu_core/u_core/u_fexu/U9623/ZN (INVD3BWP40P140)      0.01       0.63 f
  u_npu_core/u_core/u_fexu/U2439/Z (OR2D6BWP40P140)       0.02       0.66 f
  u_npu_core/u_core/u_fexu/U1778/Z (OR3D6BWP40P140)       0.03       0.69 f
  u_npu_core/u_core/u_fexu/U504/ZN (INVD3BWP40P140)       0.01       0.70 r
  u_npu_core/u_core/u_fexu/U11589/ZN (AOI32D2BWP40P140)
                                                          0.02       0.71 f
  u_npu_core/u_core/u_fexu/U11907/ZN (IOA21D2BWP40P140)
                                                          0.01       0.73 r
  u_npu_core/u_core/u_fexu/U5694/Z (BUFFD4BWP40P140)      0.02       0.74 r
  u_npu_core/u_core/u_fexu/U3224/Z (CKBD1BWP40P140)       0.02       0.76 r
  u_npu_core/u_core/u_fexu/U494/ZN (CKND3BWP40P140)       0.01       0.77 f
  u_npu_core/u_core/u_fexu/div_703/u_div/u_add_B3/B[7] (fexu_EN_F1_DW01_add_456)
                                                          0.00       0.77 f
  u_npu_core/u_core/u_fexu/div_703/u_div/u_add_B3/U371/ZN (INVD0P7BWP40P140)
                                                          0.01       0.78 r
  u_npu_core/u_core/u_fexu/div_703/u_div/u_add_B3/U282/ZN (INVD1BWP40P140)
                                                          0.01       0.79 f
  u_npu_core/u_core/u_fexu/div_703/u_div/u_add_B3/U284/ZN (NR2OPTPAD1BWP40P140)
                                                          0.01       0.81 r
  u_npu_core/u_core/u_fexu/div_703/u_div/u_add_B3/U283/ZN (INVD3BWP40P140)
                                                          0.01       0.81 f
  u_npu_core/u_core/u_fexu/div_703/u_div/u_add_B3/U303/ZN (ND2OPTIBD1BWP40P140)
                                                          0.01       0.83 r
  u_npu_core/u_core/u_fexu/div_703/u_div/u_add_B3/U352/Z (OR2D1BWP40P140)
                                                          0.02       0.85 r
  u_npu_core/u_core/u_fexu/div_703/u_div/u_add_B3/U380/ZN (NR2D3BWP40P140)
                                                          0.01       0.86 f
  u_npu_core/u_core/u_fexu/div_703/u_div/u_add_B3/U362/ZN (NR2OPTIBD6BWP40P140)
                                                          0.01       0.87 r
  u_npu_core/u_core/u_fexu/div_703/u_div/u_add_B3/U272/ZN (OAI21D8BWP40P140)
                                                          0.01       0.89 f
  u_npu_core/u_core/u_fexu/div_703/u_div/u_add_B3/U270/ZN (AOI21D2BWP40P140)
                                                          0.02       0.91 r
  u_npu_core/u_core/u_fexu/div_703/u_div/u_add_B3/U366/ZN (OAI21D0P7BWP40P140)
                                                          0.02       0.94 f
  u_npu_core/u_core/u_fexu/div_703/u_div/u_add_B3/U313/ZN (XNR2UD1BWP40P140)
                                                          0.02       0.95 r
  u_npu_core/u_core/u_fexu/div_703/u_div/u_add_B3/SUM[21] (fexu_EN_F1_DW01_add_456)
                                                          0.00       0.95 r
  u_npu_core/u_core/u_fexu/div_703/u_div/u_add_PartRem_17_3/B[21] (fexu_EN_F1_DW01_add_489)
                                                          0.00       0.95 r
  u_npu_core/u_core/u_fexu/div_703/u_div/u_add_PartRem_17_3/U155/ZN (INVD1P5BWP40P140)
                                                          0.01       0.96 f
  u_npu_core/u_core/u_fexu/div_703/u_div/u_add_PartRem_17_3/U182/ZN (NR2OPTPAD1BWP40P140)
                                                          0.01       0.98 r
  u_npu_core/u_core/u_fexu/div_703/u_div/u_add_PartRem_17_3/U187/ZN (CKND2D2BWP40P140)
                                                          0.01       0.99 f
  u_npu_core/u_core/u_fexu/div_703/u_div/u_add_PartRem_17_3/U216/ZN (NR2OPTPAD2BWP40P140)
                                                          0.01       1.00 r
  u_npu_core/u_core/u_fexu/div_703/u_div/u_add_PartRem_17_3/U184/ZN (CKND2D4BWP40P140)
                                                          0.01       1.01 f
  u_npu_core/u_core/u_fexu/div_703/u_div/u_add_PartRem_17_3/U160/ZN (NR2OPTIBD4BWP40P140)
                                                          0.01       1.02 r
  u_npu_core/u_core/u_fexu/div_703/u_div/u_add_PartRem_17_3/CO (fexu_EN_F1_DW01_add_489)
                                                          0.00       1.02 r
  u_npu_core/u_core/u_fexu/U1895/ZN (OAI221D4BWP40P140)
                                                          0.03       1.04 f
  u_npu_core/u_core/u_fexu/U11926/ZN (INR2D4BWP40P140)
                                                          0.03       1.07 f
  u_npu_core/u_core/u_fexu/U3036/ZN (CKND3BWP40P140)      0.01       1.08 r
  u_npu_core/u_core/u_fexu/U6196/Z (MUX2OPTD6BWP40P140)
                                                          0.02       1.11 f
  u_npu_core/u_core/u_fexu/U4281/ZN (INVD6BWP40P140)      0.01       1.11 r
  u_npu_core/u_core/u_fexu/div_703/u_div/u_add_PartRem_16_4/A[4] (fexu_EN_F1_DW01_add_261)
                                                          0.00       1.11 r
  u_npu_core/u_core/u_fexu/div_703/u_div/u_add_PartRem_16_4/U154/ZN (ND2D3BWP40P140)
                                                          0.01       1.13 f
  u_npu_core/u_core/u_fexu/div_703/u_div/u_add_PartRem_16_4/U153/ZN (INVD2BWP40P140)
                                                          0.01       1.13 r
  u_npu_core/u_core/u_fexu/div_703/u_div/u_add_PartRem_16_4/U162/ZN (ND2OPTIBD2BWP40P140)
                                                          0.01       1.14 f
  u_npu_core/u_core/u_fexu/div_703/u_div/u_add_PartRem_16_4/U163/ZN (ND2OPTPAD2BWP40P140)
                                                          0.01       1.15 r
  u_npu_core/u_core/u_fexu/div_703/u_div/u_add_PartRem_16_4/U166/ZN (AOI21OPTREPBD2BWP40P140)
                                                          0.01       1.16 f
  u_npu_core/u_core/u_fexu/div_703/u_div/u_add_PartRem_16_4/U161/ZN (OAI21D4BWP40P140)
                                                          0.02       1.18 r
  u_npu_core/u_core/u_fexu/div_703/u_div/u_add_PartRem_16_4/CO (fexu_EN_F1_DW01_add_261)
                                                          0.00       1.18 r
  u_npu_core/u_core/u_fexu/U2434/ZN (INVD4BWP40P140)      0.01       1.19 f
  u_npu_core/u_core/u_fexu/U1213/ZN (NR2D6BWP40P140)      0.02       1.21 r
  u_npu_core/u_core/u_fexu/U1217/ZN (AOI22D0P7BWP40P140)
                                                          0.02       1.23 f
  u_npu_core/u_core/u_fexu/U1216/ZN (INVD0P7BWP40P140)
                                                          0.01       1.24 r
  u_npu_core/u_core/u_fexu/U1214/ZN (AOI221D0BWP40P140)
                                                          0.01       1.25 f
  u_npu_core/u_core/u_fexu/U1207/ZN (MUX2NUD1BWP40P140)
                                                          0.03       1.28 r
  u_npu_core/u_core/u_fexu/U1206/ZN (INVD2BWP40P140)      0.01       1.30 f
  u_npu_core/u_core/u_fexu/U1205/ZN (CKND6BWP40P140)      0.01       1.31 r
  u_npu_core/u_core/u_fexu/div_703/u_div/u_add_PartRem_15_2/A[9] (fexu_EN_F1_DW01_add_731)
                                                          0.00       1.31 r
  u_npu_core/u_core/u_fexu/div_703/u_div/u_add_PartRem_15_2/U167/ZN (NR2D1P5BWP40P140)
                                                          0.01       1.32 f
  u_npu_core/u_core/u_fexu/div_703/u_div/u_add_PartRem_15_2/U164/ZN (NR2OPTIBD4BWP40P140)
                                                          0.01       1.33 r
  u_npu_core/u_core/u_fexu/div_703/u_div/u_add_PartRem_15_2/U171/ZN (AOI21OPTREPBD2BWP40P140)
                                                          0.02       1.35 f
  u_npu_core/u_core/u_fexu/div_703/u_div/u_add_PartRem_15_2/U175/ZN (OAI21D4BWP40P140)
                                                          0.01       1.36 r
  u_npu_core/u_core/u_fexu/div_703/u_div/u_add_PartRem_15_2/U178/ZN (AOI21D4BWP40P140)
                                                          0.01       1.38 f
  u_npu_core/u_core/u_fexu/div_703/u_div/u_add_PartRem_15_2/U177/ZN (INVD4BWP40P140)
                                                          0.01       1.38 r
  u_npu_core/u_core/u_fexu/div_703/u_div/u_add_PartRem_15_2/CO (fexu_EN_F1_DW01_add_731)
                                                          0.00       1.38 r
  u_npu_core/u_core/u_fexu/U5803/Z (OR2D4BWP40P140)       0.02       1.41 r
  u_npu_core/u_core/u_fexu/U1994/ZN (NR2D8BWP40P140)      0.01       1.42 f
  u_npu_core/u_core/u_fexu/U2126/ZN (AOI22D0P7BWP40P140)
                                                          0.02       1.44 r
  u_npu_core/u_core/u_fexu/U4470/ZN (INVD1P5BWP40P140)
                                                          0.01       1.45 f
  u_npu_core/u_core/u_fexu/U5904/ZN (NR3D1P5BWP40P140)
                                                          0.02       1.47 r
  u_npu_core/u_core/u_fexu/U3041/ZN (ND2OPTIBD2BWP40P140)
                                                          0.01       1.48 f
  u_npu_core/u_core/u_fexu/U139/ZN (INVD3BWP40P140)       0.01       1.49 r
  u_npu_core/u_core/u_fexu/U2163/ZN (ND2D6BWP40P140)      0.01       1.50 f
  u_npu_core/u_core/u_fexu/U5906/ZN (INVD8BWP40P140)      0.01       1.51 r
  u_npu_core/u_core/u_fexu/U1237/ZN (INVD12BWP40P140)     0.01       1.52 f
  u_npu_core/u_core/u_fexu/div_703/u_div/u_add_PartRem_14_2/A[5] (fexu_EN_F1_DW01_add_314)
                                                          0.00       1.52 f
  u_npu_core/u_core/u_fexu/div_703/u_div/u_add_PartRem_14_2/U188/ZN (ND2OPTPAD2BWP40P140)
                                                          0.01       1.53 r
  u_npu_core/u_core/u_fexu/div_703/u_div/u_add_PartRem_14_2/U233/ZN (OAI21D4BWP40P140)
                                                          0.02       1.55 f
  u_npu_core/u_core/u_fexu/div_703/u_div/u_add_PartRem_14_2/U232/ZN (AOI21D4BWP40P140)
                                                          0.02       1.57 r
  u_npu_core/u_core/u_fexu/div_703/u_div/u_add_PartRem_14_2/U193/ZN (OAI21D4BWP40P140)
                                                          0.02       1.59 f
  u_npu_core/u_core/u_fexu/div_703/u_div/u_add_PartRem_14_2/U196/ZN (AOI21OPTREPBD2BWP40P140)
                                                          0.01       1.60 r
  u_npu_core/u_core/u_fexu/div_703/u_div/u_add_PartRem_14_2/U198/ZN (INVD3BWP40P140)
                                                          0.01       1.61 f
  u_npu_core/u_core/u_fexu/div_703/u_div/u_add_PartRem_14_2/CO (fexu_EN_F1_DW01_add_314)
                                                          0.00       1.61 f
  u_npu_core/u_core/u_fexu/U1833/ZN (IND2D4BWP40P140)     0.02       1.63 f
  u_npu_core/u_core/u_fexu/U5777/ZN (IND2D4BWP40P140)     0.02       1.65 f
  u_npu_core/u_core/u_fexu/U1230/ZN (INVD6BWP40P140)      0.01       1.66 r
  u_npu_core/u_core/u_fexu/U11286/ZN (AOI22D2BWP40P140)
                                                          0.02       1.68 f
  u_npu_core/u_core/u_fexu/U2870/ZN (ND4D1BWP40P140)      0.02       1.71 r
  u_npu_core/u_core/u_fexu/div_703/u_div/u_add_PartRem_13_6/A[3] (fexu_EN_F1_DW01_add_283)
                                                          0.00       1.71 r
  u_npu_core/u_core/u_fexu/div_703/u_div/u_add_PartRem_13_6/U241/ZN (NR2OPTPAD1BWP40P140)
                                                          0.02       1.72 f
  u_npu_core/u_core/u_fexu/div_703/u_div/u_add_PartRem_13_6/U255/ZN (OAI21OPTREPBD2BWP40P140)
                                                          0.03       1.75 r
  u_npu_core/u_core/u_fexu/div_703/u_div/u_add_PartRem_13_6/U254/ZN (AOI21OPTREPBD2BWP40P140)
                                                          0.02       1.77 f
  u_npu_core/u_core/u_fexu/div_703/u_div/u_add_PartRem_13_6/U248/ZN (OAI21OPTREPBD2BWP40P140)
                                                          0.02       1.78 r
  u_npu_core/u_core/u_fexu/div_703/u_div/u_add_PartRem_13_6/U253/ZN (AOI21OPTREPBD2BWP40P140)
                                                          0.02       1.80 f
  u_npu_core/u_core/u_fexu/div_703/u_div/u_add_PartRem_13_6/U252/ZN (NR2OPTIBD4BWP40P140)
                                                          0.01       1.81 r
  u_npu_core/u_core/u_fexu/div_703/u_div/u_add_PartRem_13_6/CO (fexu_EN_F1_DW01_add_283)
                                                          0.00       1.81 r
  u_npu_core/u_core/u_fexu/U1414/Z (OR2D4BWP40P140)       0.02       1.83 r
  u_npu_core/u_core/u_fexu/U1412/ZN (MUX2NOPTD6BWP40P140)
                                                          0.01       1.85 f
  u_npu_core/u_core/u_fexu/U1407/ZN (NR2OPTPAD4BWP40P140)
                                                          0.01       1.86 r
  u_npu_core/u_core/u_fexu/U1415/Z (OR2D2BWP40P140)       0.03       1.89 r
  u_npu_core/u_core/u_fexu/U1423/ZN (CKND6BWP40P140)      0.01       1.90 f
  u_npu_core/u_core/u_fexu/U1422/ZN (AOI22D1P5BWP40P140)
                                                          0.02       1.92 r
  u_npu_core/u_core/u_fexu/U1421/Z (AN4D4BWP40P140)       0.04       1.96 r
  u_npu_core/u_core/u_fexu/U999/ZN (INVD6BWP40P140)       0.01       1.97 f
  u_npu_core/u_core/u_fexu/div_703/u_div/u_add_PartRem_12_2/A[12] (fexu_EN_F1_DW01_add_671)
                                                          0.00       1.97 f
  u_npu_core/u_core/u_fexu/div_703/u_div/u_add_PartRem_12_2/U274/ZN (ND2D1P5BWP40P140)
                                                          0.01       1.98 r
  u_npu_core/u_core/u_fexu/div_703/u_div/u_add_PartRem_12_2/U271/ZN (OAI21OPTREPBD2BWP40P140)
                                                          0.03       2.01 f
  u_npu_core/u_core/u_fexu/div_703/u_div/u_add_PartRem_12_2/U305/ZN (AOI21D4BWP40P140)
                                                          0.02       2.03 r
  u_npu_core/u_core/u_fexu/div_703/u_div/u_add_PartRem_12_2/U377/ZN (OAI21OPTREPBD4BWP40P140)
                                                          0.01       2.05 f
  u_npu_core/u_core/u_fexu/div_703/u_div/u_add_PartRem_12_2/U242/ZN (AOI21OPTREPBD1BWP40P140)
                                                          0.01       2.06 r
  u_npu_core/u_core/u_fexu/div_703/u_div/u_add_PartRem_12_2/U273/ZN (OAI21D2BWP40P140)
                                                          0.02       2.08 f
  u_npu_core/u_core/u_fexu/div_703/u_div/u_add_PartRem_12_2/CO (fexu_EN_F1_DW01_add_671)
                                                          0.00       2.08 f
  u_npu_core/u_core/u_fexu/U11475/ZN (NR2OPTPAD2BWP40P140)
                                                          0.02       2.09 r
  u_npu_core/u_core/u_fexu/U1299/ZN (CKND2D8BWP40P140)
                                                          0.02       2.11 f
  u_npu_core/u_core/u_fexu/U184/ZN (INVD12BWP40P140)      0.01       2.12 r
  u_npu_core/u_core/u_fexu/U1303/Z (OR2D6BWP40P140)       0.02       2.14 r
  u_npu_core/u_core/u_fexu/U1171/ZN (OAI221D1BWP40P140)
                                                          0.03       2.17 f
  u_npu_core/u_core/u_fexu/U1170/ZN (AOI211OPTREPBD1BWP40P140)
                                                          0.03       2.20 r
  u_npu_core/u_core/u_fexu/U1865/ZN (CKND4BWP40P140)      0.02       2.22 f
  u_npu_core/u_core/u_fexu/div_703/u_div/u_add_PartRem_11_2/A[8] (fexu_EN_F1_DW01_add_753)
                                                          0.00       2.22 f
  u_npu_core/u_core/u_fexu/div_703/u_div/u_add_PartRem_11_2/U272/ZN (NR2OPTIBD1BWP40P140)
                                                          0.02       2.24 r
  u_npu_core/u_core/u_fexu/div_703/u_div/u_add_PartRem_11_2/U273/ZN (NR2D1P5BWP40P140)
                                                          0.01       2.25 f
  u_npu_core/u_core/u_fexu/div_703/u_div/u_add_PartRem_11_2/U303/ZN (CKND2D1BWP40P140)
                                                          0.02       2.27 r
  u_npu_core/u_core/u_fexu/div_703/u_div/u_add_PartRem_11_2/U287/ZN (OAI21OPTREPBD2BWP40P140)
                                                          0.02       2.29 f
  u_npu_core/u_core/u_fexu/div_703/u_div/u_add_PartRem_11_2/U294/ZN (AOI21OPTREPBD2BWP40P140)
                                                          0.02       2.31 r
  u_npu_core/u_core/u_fexu/div_703/u_div/u_add_PartRem_11_2/U299/ZN (OAI21D6BWP40P140)
                                                          0.01       2.32 f
  u_npu_core/u_core/u_fexu/div_703/u_div/u_add_PartRem_11_2/CO (fexu_EN_F1_DW01_add_753)
                                                          0.00       2.32 f
  u_npu_core/u_core/u_fexu/U1242/ZN (MUX2NOPTD4BWP40P140)
                                                          0.02       2.34 r
  u_npu_core/u_core/u_fexu/U1246/Z (OR3D6BWP40P140)       0.02       2.37 r
  u_npu_core/u_core/u_fexu/U1256/ZN (DCCKND12BWP40P140)
                                                          0.01       2.38 f
  u_npu_core/u_core/u_fexu/U687/ZN (IAO22D2BWP40P140)     0.02       2.39 r
  u_npu_core/u_core/u_fexu/U11875/Z (AN4D4BWP40P140)      0.05       2.44 r
  u_npu_core/u_core/u_fexu/U1069/ZN (DCCKND8BWP40P140)
                                                          0.01       2.45 f
  u_npu_core/u_core/u_fexu/div_703/u_div/u_add_PartRem_10_2/A[3] (fexu_EN_F1_DW01_add_624)
                                                          0.00       2.45 f
  u_npu_core/u_core/u_fexu/div_703/u_div/u_add_PartRem_10_2/U234/ZN (ND2OPTPAD2BWP40P140)
                                                          0.01       2.46 r
  u_npu_core/u_core/u_fexu/div_703/u_div/u_add_PartRem_10_2/U299/ZN (OAI21D2BWP40P140)
                                                          0.03       2.49 f
  u_npu_core/u_core/u_fexu/div_703/u_div/u_add_PartRem_10_2/U314/ZN (AOI21D2BWP40P140)
                                                          0.02       2.51 r
  u_npu_core/u_core/u_fexu/div_703/u_div/u_add_PartRem_10_2/U312/ZN (OAI21OPTREPBD2BWP40P140)
                                                          0.01       2.52 f
  u_npu_core/u_core/u_fexu/div_703/u_div/u_add_PartRem_10_2/U311/ZN (AOI21OPTREPBD2BWP40P140)
                                                          0.02       2.54 r
  u_npu_core/u_core/u_fexu/div_703/u_div/u_add_PartRem_10_2/U256/ZN (OAI21OPTREPBD4BWP40P140)
                                                          0.01       2.55 f
  u_npu_core/u_core/u_fexu/div_703/u_div/u_add_PartRem_10_2/CO (fexu_EN_F1_DW01_add_624)
                                                          0.00       2.55 f
  u_npu_core/u_core/u_fexu/U1504/ZN (MUX2NOPTD4BWP40P140)
                                                          0.02       2.57 f
  u_npu_core/u_core/u_fexu/U1510/ZN (MUX2NOPTD2BWP40P140)
                                                          0.02       2.59 r
  u_npu_core/u_core/u_fexu/U2414/Z (OR2D6BWP40P140)       0.02       2.61 r
  u_npu_core/u_core/u_fexu/U11936/Z (OR2D6BWP40P140)      0.02       2.63 r
  u_npu_core/u_core/u_fexu/U4817/ZN (DCCKND12BWP40P140)
                                                          0.01       2.64 f
  u_npu_core/u_core/u_fexu/U10824/ZN (AOI22D6BWP40P140)
                                                          0.01       2.66 r
  u_npu_core/u_core/u_fexu/U2679/ZN (OAI221D2BWP40P140)
                                                          0.03       2.69 f
  u_npu_core/u_core/u_fexu/U2678/Z (OR2D4BWP40P140)       0.03       2.72 f
  u_npu_core/u_core/u_fexu/div_703/u_div/u_add_PartRem_9_7/A[6] (fexu_EN_F1_DW01_add_678)
                                                          0.00       2.72 f
  u_npu_core/u_core/u_fexu/div_703/u_div/u_add_PartRem_9_7/U266/ZN (CKND2D0BWP40P140)
                                                          0.02       2.74 r
  u_npu_core/u_core/u_fexu/div_703/u_div/u_add_PartRem_9_7/U247/ZN (OAI21D1P5BWP40P140)
                                                          0.02       2.76 f
  u_npu_core/u_core/u_fexu/div_703/u_div/u_add_PartRem_9_7/U250/ZN (AOI21D2BWP40P140)
                                                          0.02       2.78 r
  u_npu_core/u_core/u_fexu/div_703/u_div/u_add_PartRem_9_7/U272/ZN (CKND2D4BWP40P140)
                                                          0.01       2.79 f
  u_npu_core/u_core/u_fexu/div_703/u_div/u_add_PartRem_9_7/U332/ZN (AOI21OPTREPBD2BWP40P140)
                                                          0.02       2.81 r
  u_npu_core/u_core/u_fexu/div_703/u_div/u_add_PartRem_9_7/U270/ZN (OAI21D4BWP40P140)
                                                          0.01       2.82 f
  u_npu_core/u_core/u_fexu/div_703/u_div/u_add_PartRem_9_7/CO (fexu_EN_F1_DW01_add_678)
                                                          0.00       2.82 f
  u_npu_core/u_core/u_fexu/U9581/ZN (OAI22OPTPBD2BWP40P140)
                                                          0.02       2.84 r
  u_npu_core/u_core/u_fexu/U1317/ZN (ND2OPTPAD4BWP40P140)
                                                          0.01       2.85 f
  u_npu_core/u_core/u_fexu/U1311/ZN (ND2OPTIBD4BWP40P140)
                                                          0.01       2.86 r
  u_npu_core/u_core/u_fexu/U1314/Z (OR2D6BWP40P140)       0.02       2.89 r
  u_npu_core/u_core/u_fexu/U1316/ZN (MAOI22D2BWP40P140)
                                                          0.03       2.92 r
  u_npu_core/u_core/u_fexu/U12078/ZN (ND4D8BWP40P140)     0.04       2.96 f
  u_npu_core/u_core/u_fexu/div_703/u_div/u_add_PartRem_8_4/A[13] (fexu_EN_F1_DW01_add_626)
                                                          0.00       2.96 f
  u_npu_core/u_core/u_fexu/div_703/u_div/u_add_PartRem_8_4/U340/ZN (ND2D1P5BWP40P140)
                                                          0.02       2.98 r
  u_npu_core/u_core/u_fexu/div_703/u_div/u_add_PartRem_8_4/U273/ZN (OAI21OPTREPBD2BWP40P140)
                                                          0.02       3.00 f
  u_npu_core/u_core/u_fexu/div_703/u_div/u_add_PartRem_8_4/U364/ZN (AOI21D2BWP40P140)
                                                          0.02       3.02 r
  u_npu_core/u_core/u_fexu/div_703/u_div/u_add_PartRem_8_4/U422/ZN (OAI21OPTREPBD2BWP40P140)
                                                          0.01       3.04 f
  u_npu_core/u_core/u_fexu/div_703/u_div/u_add_PartRem_8_4/U265/ZN (AOI21OPTREPBD4BWP40P140)
                                                          0.01       3.05 r
  u_npu_core/u_core/u_fexu/div_703/u_div/u_add_PartRem_8_4/U260/ZN (OAI21D8BWP40P140)
                                                          0.01       3.06 f
  u_npu_core/u_core/u_fexu/div_703/u_div/u_add_PartRem_8_4/CO (fexu_EN_F1_DW01_add_626)
                                                          0.00       3.06 f
  u_npu_core/u_core/u_fexu/U1330/Z (OR2D2BWP40P140)       0.03       3.09 f
  u_npu_core/u_core/u_fexu/U1328/ZN (OAI22OPTPBD2BWP40P140)
                                                          0.01       3.10 r
  u_npu_core/u_core/u_fexu/U1327/Z (OR2D6BWP40P140)       0.02       3.12 r
  u_npu_core/u_core/u_fexu/U5983/Z (OR2D4BWP40P140)       0.02       3.15 r
  u_npu_core/u_core/u_fexu/U4383/ZN (DCCKND8BWP40P140)
                                                          0.01       3.16 f
  u_npu_core/u_core/u_fexu/U6462/ZN (AOI22D1BWP40P140)
                                                          0.02       3.18 r
  u_npu_core/u_core/u_fexu/U6516/ZN (ND4D1BWP40P140)      0.03       3.21 f
  u_npu_core/u_core/u_fexu/U1922/ZN (INVD2BWP40P140)      0.01       3.23 r
  u_npu_core/u_core/u_fexu/U374/ZN (CKND4BWP40P140)       0.01       3.24 f
  u_npu_core/u_core/u_fexu/div_703/u_div/u_add_PartRem_7_6/A[8] (fexu_EN_F1_DW01_add_666)
                                                          0.00       3.24 f
  u_npu_core/u_core/u_fexu/div_703/u_div/u_add_PartRem_7_6/U266/ZN (NR2OPTIBD1BWP40P140)
                                                          0.02       3.26 r
  u_npu_core/u_core/u_fexu/div_703/u_div/u_add_PartRem_7_6/U265/ZN (NR2OPTIBD2BWP40P140)
                                                          0.02       3.28 f
  u_npu_core/u_core/u_fexu/div_703/u_div/u_add_PartRem_7_6/U288/ZN (ND2OPTIBD2BWP40P140)
                                                          0.01       3.29 r
  u_npu_core/u_core/u_fexu/div_703/u_div/u_add_PartRem_7_6/U257/ZN (OAI21OPTREPBD2BWP40P140)
                                                          0.02       3.31 f
  u_npu_core/u_core/u_fexu/div_703/u_div/u_add_PartRem_7_6/U251/ZN (AOI21OPTREPBD2BWP40P140)
                                                          0.02       3.32 r
  u_npu_core/u_core/u_fexu/div_703/u_div/u_add_PartRem_7_6/U252/ZN (OAI21D6BWP40P140)
                                                          0.01       3.34 f
  u_npu_core/u_core/u_fexu/div_703/u_div/u_add_PartRem_7_6/CO (fexu_EN_F1_DW01_add_666)
                                                          0.00       3.34 f
  u_npu_core/u_core/u_fexu/U1485/ZN (INVD4BWP40P140)      0.01       3.34 r
  u_npu_core/u_core/u_fexu/U1484/ZN (OAI22OPTPBD2BWP40P140)
                                                          0.01       3.36 f
  u_npu_core/u_core/u_fexu/U1480/ZN (IND2D4BWP40P140)     0.01       3.37 r
  u_npu_core/u_core/u_fexu/U564/ZN (INVD4BWP40P140)       0.01       3.37 f
  u_npu_core/u_core/u_fexu/U1481/Z (OR2D6BWP40P140)       0.02       3.40 f
  u_npu_core/u_core/u_fexu/U859/ZN (ND2OPTPAD4BWP40P140)
                                                          0.01       3.41 r
  u_npu_core/u_core/u_fexu/U1495/ZN (DCCKND8BWP40P140)
                                                          0.01       3.42 f
  u_npu_core/u_core/u_fexu/U10962/ZN (AOI22D2BWP40P140)
                                                          0.01       3.43 r
  u_npu_core/u_core/u_fexu/U11080/ZN (OAI221D2BWP40P140)
                                                          0.03       3.46 f
  u_npu_core/u_core/u_fexu/U11121/Z (OR2D4BWP40P140)      0.03       3.49 f
  u_npu_core/u_core/u_fexu/U2083/Z (BUFFD4BWP40P140)      0.02       3.51 f
  u_npu_core/u_core/u_fexu/div_703/u_div/u_add_PartRem_6_1/A[11] (fexu_EN_F1_DW01_add_436)
                                                          0.00       3.51 f
  u_npu_core/u_core/u_fexu/div_703/u_div/u_add_PartRem_6_1/U282/ZN (NR2D1P5BWP40P140)
                                                          0.02       3.52 r
  u_npu_core/u_core/u_fexu/div_703/u_div/u_add_PartRem_6_1/U280/ZN (OAI21D1P5BWP40P140)
                                                          0.03       3.55 f
  u_npu_core/u_core/u_fexu/div_703/u_div/u_add_PartRem_6_1/U283/ZN (AOI21D2BWP40P140)
                                                          0.02       3.57 r
  u_npu_core/u_core/u_fexu/div_703/u_div/u_add_PartRem_6_1/U267/ZN (OAI21OPTREPBD2BWP40P140)
                                                          0.01       3.59 f
  u_npu_core/u_core/u_fexu/div_703/u_div/u_add_PartRem_6_1/U261/ZN (AOI21OPTREPBD2BWP40P140)
                                                          0.01       3.60 r
  u_npu_core/u_core/u_fexu/div_703/u_div/u_add_PartRem_6_1/U293/ZN (OAI21D4BWP40P140)
                                                          0.01       3.61 f
  u_npu_core/u_core/u_fexu/div_703/u_div/u_add_PartRem_6_1/CO (fexu_EN_F1_DW01_add_436)
                                                          0.00       3.61 f
  u_npu_core/u_core/u_fexu/U1524/ZN (MUX2NOPTD4BWP40P140)
                                                          0.01       3.63 r
  u_npu_core/u_core/u_fexu/U1523/ZN (MUX2NOPTD4BWP40P140)
                                                          0.02       3.65 f
  u_npu_core/u_core/u_fexu/U1527/ZN (OAI21OPTREPBD6BWP40P140)
                                                          0.01       3.66 r
  u_npu_core/u_core/u_fexu/U1528/Z (OR3D4BWP40P140)       0.03       3.68 r
  u_npu_core/u_core/u_fexu/U566/ZN (DCCKND8BWP40P140)     0.01       3.69 f
  u_npu_core/u_core/u_fexu/U850/ZN (AOI22D4BWP40P140)     0.02       3.71 r
  u_npu_core/u_core/u_fexu/U849/ZN (IOA21D2BWP40P140)     0.01       3.72 f
  u_npu_core/u_core/u_fexu/U327/Z (AO211D4BWP40P140)      0.04       3.76 f
  u_npu_core/u_core/u_fexu/U125/ZN (INVD4BWP40P140)       0.01       3.76 r
  u_npu_core/u_core/u_fexu/U1537/ZN (INVD1P5BWP40P140)
                                                          0.01       3.77 f
  u_npu_core/u_core/u_fexu/div_703/u_div/u_add_PartRem_5_4/A[4] (fexu_EN_F1_DW01_add_249)
                                                          0.00       3.77 f
  u_npu_core/u_core/u_fexu/div_703/u_div/u_add_PartRem_5_4/U295/ZN (ND2D1BWP40P140)
                                                          0.01       3.78 r
  u_npu_core/u_core/u_fexu/div_703/u_div/u_add_PartRem_5_4/U275/ZN (OAI21D1BWP40P140)
                                                          0.04       3.82 f
  u_npu_core/u_core/u_fexu/div_703/u_div/u_add_PartRem_5_4/U324/ZN (NR2OPTIBD4BWP40P140)
                                                          0.02       3.84 r
  u_npu_core/u_core/u_fexu/div_703/u_div/u_add_PartRem_5_4/U432/ZN (OAI21OPTREPBD4BWP40P140)
                                                          0.01       3.85 f
  u_npu_core/u_core/u_fexu/div_703/u_div/u_add_PartRem_5_4/U329/ZN (AOI21D6BWP40P140)
                                                          0.01       3.87 r
  u_npu_core/u_core/u_fexu/div_703/u_div/u_add_PartRem_5_4/U314/ZN (OAI21D8BWP40P140)
                                                          0.01       3.88 f
  u_npu_core/u_core/u_fexu/div_703/u_div/u_add_PartRem_5_4/CO (fexu_EN_F1_DW01_add_249)
                                                          0.00       3.88 f
  u_npu_core/u_core/u_fexu/U2175/ZN (IND2D6BWP40P140)     0.03       3.90 f
  u_npu_core/u_core/u_fexu/U458/ZN (ND2OPTIBD6BWP40P140)
                                                          0.01       3.91 r
  u_npu_core/u_core/u_fexu/U4844/Z (OR3D6BWP40P140)       0.02       3.93 r
  u_npu_core/u_core/u_fexu/U2734/ZN (DCCKND8BWP40P140)
                                                          0.01       3.94 f
  u_npu_core/u_core/u_fexu/U2082/Z (AO22D1BWP40P140)      0.03       3.97 f
  u_npu_core/u_core/u_fexu/U10918/ZN (IND4D4BWP40P140)
                                                          0.04       4.02 f
  u_npu_core/u_core/u_fexu/U1091/ZN (INVD4BWP40P140)      0.01       4.03 r
  u_npu_core/u_core/u_fexu/U568/ZN (CKND6BWP40P140)       0.01       4.04 f
  u_npu_core/u_core/u_fexu/div_703/u_div/u_add_PartRem_4_1/A[11] (fexu_EN_F1_DW01_add_645)
                                                          0.00       4.04 f
  u_npu_core/u_core/u_fexu/div_703/u_div/u_add_PartRem_4_1/U375/ZN (ND2D1BWP40P140)
                                                          0.01       4.05 r
  u_npu_core/u_core/u_fexu/div_703/u_div/u_add_PartRem_4_1/U233/ZN (OAI21D1P5BWP40P140)
                                                          0.03       4.08 f
  u_npu_core/u_core/u_fexu/div_703/u_div/u_add_PartRem_4_1/U232/ZN (AOI21D2BWP40P140)
                                                          0.02       4.10 r
  u_npu_core/u_core/u_fexu/div_703/u_div/u_add_PartRem_4_1/U235/ZN (OAI21D2BWP40P140)
                                                          0.02       4.12 f
  u_npu_core/u_core/u_fexu/div_703/u_div/u_add_PartRem_4_1/U276/ZN (AOI21D4BWP40P140)
                                                          0.02       4.14 r
  u_npu_core/u_core/u_fexu/div_703/u_div/u_add_PartRem_4_1/U225/ZN (OAI21OPTREPBD4BWP40P140)
                                                          0.01       4.15 f
  u_npu_core/u_core/u_fexu/div_703/u_div/u_add_PartRem_4_1/CO (fexu_EN_F1_DW01_add_645)
                                                          0.00       4.15 f
  u_npu_core/u_core/u_fexu/U1461/ZN (MUX2NOPTD4BWP40P140)
                                                          0.02       4.17 r
  u_npu_core/u_core/u_fexu/U1457/ZN (INVD6BWP40P140)      0.01       4.17 f
  u_npu_core/u_core/u_fexu/U775/ZN (MUX2NOPTD8BWP40P140)
                                                          0.01       4.19 r
  u_npu_core/u_core/u_fexu/U782/ZN (IND2D4BWP40P140)      0.02       4.21 r
  u_npu_core/u_core/u_fexu/U1464/Z (OR2D6BWP40P140)       0.02       4.23 r
  u_npu_core/u_core/u_fexu/U1043/ZN (DCCKND12BWP40P140)
                                                          0.01       4.24 f
  u_npu_core/u_core/u_fexu/U5702/ZN (AOI22D1BWP40P140)
                                                          0.02       4.25 r
  u_npu_core/u_core/u_fexu/U12012/Z (AN4D4BWP40P140)      0.05       4.30 r
  u_npu_core/u_core/u_fexu/U2624/ZN (CKND6BWP40P140)      0.01       4.31 f
  u_npu_core/u_core/u_fexu/div_703/u_div/u_add_PartRem_3_7/A[12] (fexu_EN_F1_DW01_add_267)
                                                          0.00       4.31 f
  u_npu_core/u_core/u_fexu/div_703/u_div/u_add_PartRem_3_7/U319/ZN (ND2D1BWP40P140)
                                                          0.01       4.32 r
  u_npu_core/u_core/u_fexu/div_703/u_div/u_add_PartRem_3_7/U329/ZN (OAI21D1BWP40P140)
                                                          0.02       4.34 f
  u_npu_core/u_core/u_fexu/div_703/u_div/u_add_PartRem_3_7/U305/ZN (AOI21OPTREPBD1BWP40P140)
                                                          0.02       4.36 r
  u_npu_core/u_core/u_fexu/div_703/u_div/u_add_PartRem_3_7/U278/ZN (OAI21D0P7BWP40P140)
                                                          0.02       4.39 f
  u_npu_core/u_core/u_fexu/div_703/u_div/u_add_PartRem_3_7/U281/ZN (AOI21OPTREPBD2BWP40P140)
                                                          0.02       4.40 r
  u_npu_core/u_core/u_fexu/div_703/u_div/u_add_PartRem_3_7/U280/ZN (OAI21D2BWP40P140)
                                                          0.01       4.41 f
  u_npu_core/u_core/u_fexu/div_703/u_div/u_add_PartRem_3_7/CO (fexu_EN_F1_DW01_add_267)
                                                          0.00       4.41 f
  u_npu_core/u_core/u_fexu/U1434/ZN (OAI22D2BWP40P140)
                                                          0.01       4.43 r
  u_npu_core/u_core/u_fexu/U1433/ZN (ND2OPTPAD2BWP40P140)
                                                          0.01       4.44 f
  u_npu_core/u_core/u_fexu/U1436/ZN (INVD2BWP40P140)      0.01       4.45 r
  u_npu_core/u_core/u_fexu/U1439/Z (OR2D4BWP40P140)       0.02       4.47 r
  u_npu_core/u_core/u_fexu/U4862/Z (OR2D6BWP40P140)       0.02       4.49 r
  u_npu_core/u_core/u_fexu/U96/ZN (DCCKND12BWP40P140)     0.01       4.50 f
  u_npu_core/u_core/u_fexu/U94/ZN (AOI22D2BWP40P140)      0.02       4.51 r
  u_npu_core/u_core/u_fexu/U4672/Z (AN4D4BWP40P140)       0.05       4.56 r
  u_npu_core/u_core/u_fexu/U2412/ZN (INVD6BWP40P140)      0.01       4.57 f
  u_npu_core/u_core/u_fexu/div_703/u_div/u_add_PartRem_2_2/A[12] (fexu_EN_F1_DW01_add_318)
                                                          0.00       4.57 f
  u_npu_core/u_core/u_fexu/div_703/u_div/u_add_PartRem_2_2/U274/ZN (NR2D0BWP40P140)
                                                          0.02       4.60 r
  u_npu_core/u_core/u_fexu/div_703/u_div/u_add_PartRem_2_2/U265/ZN (NR2D2BWP40P140)
                                                          0.02       4.62 f
  u_npu_core/u_core/u_fexu/div_703/u_div/u_add_PartRem_2_2/U270/ZN (AOI21D2BWP40P140)
                                                          0.02       4.64 r
  u_npu_core/u_core/u_fexu/div_703/u_div/u_add_PartRem_2_2/U267/ZN (OAI21OPTREPBD2BWP40P140)
                                                          0.02       4.66 f
  u_npu_core/u_core/u_fexu/div_703/u_div/u_add_PartRem_2_2/U266/ZN (AOI21OPTREPBD4BWP40P140)
                                                          0.01       4.67 r
  u_npu_core/u_core/u_fexu/div_703/u_div/u_add_PartRem_2_2/U465/ZN (OAI21OPTREPBD4BWP40P140)
                                                          0.01       4.69 f
  u_npu_core/u_core/u_fexu/div_703/u_div/u_add_PartRem_2_2/CO (fexu_EN_F1_DW01_add_318)
                                                          0.00       4.69 f
  u_npu_core/u_core/u_fexu/U712/ZN (INVD2BWP40P140)       0.01       4.70 r
  u_npu_core/u_core/u_fexu/U1390/ZN (OAI33D2BWP40P140)
                                                          0.02       4.72 f
  u_npu_core/u_core/u_fexu/U1379/Z (OR2D6BWP40P140)       0.03       4.75 f
  u_npu_core/u_core/u_fexu/U10914/ZN (NR2OPTIBD4BWP40P140)
                                                          0.01       4.76 r
  u_npu_core/u_core/u_fexu/U2848/ZN (INVD6BWP40P140)      0.01       4.77 f
  u_npu_core/u_core/u_fexu/U1394/ZN (DCCKND12BWP40P140)
                                                          0.01       4.78 r
  u_npu_core/u_core/u_fexu/U2311/ZN (AOI221D1BWP40P140)
                                                          0.02       4.81 f
  u_npu_core/u_core/u_fexu/U3276/ZN (INVD2BWP40P140)      0.01       4.82 r
  u_npu_core/u_core/u_fexu/U731/Z (DCCKBD4BWP40P140)      0.02       4.84 r
  u_npu_core/u_core/u_fexu/div_703/u_div/u_add_PartRem_1_1/A[4] (fexu_EN_F1_DW01_add_677)
                                                          0.00       4.84 r
  u_npu_core/u_core/u_fexu/div_703/u_div/u_add_PartRem_1_1/U238/ZN (NR2OPTPAD1BWP40P140)
                                                          0.01       4.85 f
  u_npu_core/u_core/u_fexu/div_703/u_div/u_add_PartRem_1_1/U262/ZN (NR2OPTPAD1BWP40P140)
                                                          0.01       4.86 r
  u_npu_core/u_core/u_fexu/div_703/u_div/u_add_PartRem_1_1/U297/ZN (AOI21OPTREPBD2BWP40P140)
                                                          0.02       4.89 f
  u_npu_core/u_core/u_fexu/div_703/u_div/u_add_PartRem_1_1/U229/ZN (OAI21OPTREPBD4BWP40P140)
                                                          0.02       4.91 r
  u_npu_core/u_core/u_fexu/div_703/u_div/u_add_PartRem_1_1/U249/ZN (AOI21OPTREPBD4BWP40P140)
                                                          0.02       4.92 f
  u_npu_core/u_core/u_fexu/div_703/u_div/u_add_PartRem_1_1/U305/ZN (OAI21OPTREPBD4BWP40P140)
                                                          0.02       4.94 r
  u_npu_core/u_core/u_fexu/div_703/u_div/u_add_PartRem_1_1/CO (fexu_EN_F1_DW01_add_677)
                                                          0.00       4.94 r
  u_npu_core/u_core/u_fexu/U804/ZN (INVD6BWP40P140)       0.01       4.95 f
  u_npu_core/u_core/u_fexu/U2663/ZN (MUX2NOPTD4BWP40P140)
                                                          0.01       4.96 r
  u_npu_core/u_core/u_fexu/U2662/ZN (MUX2NOPTD4BWP40P140)
                                                          0.02       4.98 f
  u_npu_core/u_core/u_fexu/U2233/ZN (INVD2BWP40P140)      0.01       4.99 r
  u_npu_core/u_core/u_fexu/U1371/Z (OR2D6BWP40P140)       0.02       5.01 r
  u_npu_core/u_core/u_fexu/U1112/ZN (DCCKND12BWP40P140)
                                                          0.01       5.02 f
  u_npu_core/u_core/u_fexu/U3489/ZN (AOI22D2BWP40P140)
                                                          0.01       5.03 r
  u_npu_core/u_core/u_fexu/U11383/ZN (OAI221D2BWP40P140)
                                                          0.04       5.07 f
  u_npu_core/u_core/u_fexu/U813/Z (OR2D4BWP40P140)        0.02       5.09 f
  u_npu_core/u_core/u_fexu/div_703/u_div/u_add_PartRem_0_4/A[9] (fexu_EN_F1_DW01_add_244)
                                                          0.00       5.09 f
  u_npu_core/u_core/u_fexu/div_703/u_div/u_add_PartRem_0_4/U253/ZN (NR2D1P5BWP40P140)
                                                          0.01       5.10 r
  u_npu_core/u_core/u_fexu/div_703/u_div/u_add_PartRem_0_4/U251/ZN (OAI21D1P5BWP40P140)
                                                          0.02       5.12 f
  u_npu_core/u_core/u_fexu/div_703/u_div/u_add_PartRem_0_4/U248/ZN (AOI21D2BWP40P140)
                                                          0.02       5.14 r
  u_npu_core/u_core/u_fexu/div_703/u_div/u_add_PartRem_0_4/U232/ZN (OAI21OPTREPBD4BWP40P140)
                                                          0.02       5.16 f
  u_npu_core/u_core/u_fexu/div_703/u_div/u_add_PartRem_0_4/U231/ZN (AOI21OPTREPBD4BWP40P140)
                                                          0.01       5.17 r
  u_npu_core/u_core/u_fexu/div_703/u_div/u_add_PartRem_0_4/U230/ZN (OAI21OPTREPBD4BWP40P140)
                                                          0.01       5.18 f
  u_npu_core/u_core/u_fexu/div_703/u_div/u_add_PartRem_0_4/CO (fexu_EN_F1_DW01_add_244)
                                                          0.00       5.18 f
  u_npu_core/u_core/u_fexu/U1173/Z (DCCKBD12BWP40P140)
                                                          0.02       5.20 f
  u_npu_core/u_core/u_fexu/U1004/ZN (MUX2NUD1BWP40P140)
                                                          0.02       5.22 f
  u_npu_core/u_core/u_fexu/U1172/ZN (MUX2NUD1BWP40P140)
                                                          0.02       5.25 r
  u_npu_core/u_core/u_fexu/U1176/ZN (CKND2BWP40P140)      0.01       5.26 f
  u_npu_core/u_core/u_fexu/U565/ZN (DCCKND4BWP40P140)     0.01       5.27 r
  u_npu_core/u_core/u_fexu/mult_707/b[0] (fexu_EN_F1_DW_mult_uns_11)
                                                          0.00       5.27 r
  u_npu_core/u_core/u_fexu/mult_707/U2181/ZN (DCCKND12BWP40P140)
                                                          0.01       5.28 f
  u_npu_core/u_core/u_fexu/mult_707/U2175/ZN (INVD16BWP40P140)
                                                          0.01       5.29 r
  u_npu_core/u_core/u_fexu/mult_707/U2174/ZN (IND2D4BWP40P140)
                                                          0.02       5.30 r
  u_npu_core/u_core/u_fexu/mult_707/U2173/ZN (OAI22OPTPBD6BWP40P140)
                                                          0.01       5.32 f
  u_npu_core/u_core/u_fexu/mult_707/U2179/S (FA1D1BWP40P140)
                                                          0.08       5.40 r
  u_npu_core/u_core/u_fexu/mult_707/U2140/ZN (CKND2D4BWP40P140)
                                                          0.01       5.42 f
  u_npu_core/u_core/u_fexu/mult_707/U2187/ZN (OAI21D2BWP40P140)
                                                          0.01       5.43 r
  u_npu_core/u_core/u_fexu/mult_707/U2183/ZN (AOI21D2BWP40P140)
                                                          0.01       5.44 f
  u_npu_core/u_core/u_fexu/mult_707/U2189/ZN (OAI21D4BWP40P140)
                                                          0.01       5.45 r
  u_npu_core/u_core/u_fexu/mult_707/U2202/ZN (AOI21D6BWP40P140)
                                                          0.02       5.47 f
  u_npu_core/u_core/u_fexu/mult_707/U2199/ZN (OAI21OPTREPBD4BWP40P140)
                                                          0.02       5.49 r
  u_npu_core/u_core/u_fexu/mult_707/U2198/ZN (AOI21D6BWP40P140)
                                                          0.02       5.50 f
  u_npu_core/u_core/u_fexu/mult_707/U2201/ZN (INVD12BWP40P140)
                                                          0.01       5.51 r
  u_npu_core/u_core/u_fexu/mult_707/U2226/ZN (CKND16BWP40P140)
                                                          0.01       5.52 f
  u_npu_core/u_core/u_fexu/mult_707/U2118/Z (XOR2UD1BWP40P140)
                                                          0.02       5.54 f
  u_npu_core/u_core/u_fexu/mult_707/product[23] (fexu_EN_F1_DW_mult_uns_11)
                                                          0.00       5.54 f
  u_npu_core/u_core/u_fexu/U21414/Z (OR4D1BWP40P140)      0.03       5.57 f
  u_npu_core/u_core/u_fexu/U21415/Z (OR4D1BWP40P140)      0.03       5.60 f
  u_npu_core/u_core/u_fexu/U1191/Z (OR4D1BWP40P140)       0.03       5.63 f
  u_npu_core/u_core/u_fexu/U1186/ZN (INR3D1BWP40P140)     0.01       5.64 r
  u_npu_core/u_core/u_fexu/U1185/ZN (AOI21D2BWP40P140)
                                                          0.02       5.66 f
  u_npu_core/u_core/u_fexu/add_380_C708/A[0] (fexu_EN_F1_DW01_add_236)
                                                          0.00       5.66 f
  u_npu_core/u_core/u_fexu/add_380_C708/U279/ZN (ND2D6BWP40P140)
                                                          0.02       5.67 r
  u_npu_core/u_core/u_fexu/add_380_C708/U295/ZN (OAI21D0P7BWP40P140)
                                                          0.02       5.70 f
  u_npu_core/u_core/u_fexu/add_380_C708/U410/ZN (XNR2UD1BWP40P140)
                                                          0.02       5.72 f
  u_npu_core/u_core/u_fexu/add_380_C708/SUM[21] (fexu_EN_F1_DW01_add_236)
                                                          0.00       5.72 f
  u_npu_core/u_core/u_fexu/U1544/ZN (INVD2BWP40P140)      0.01       5.73 r
  u_npu_core/u_core/u_fexu/U1543/ZN (ND4D1BWP40P140)      0.02       5.75 f
  u_npu_core/u_core/u_fexu/U1541/Z (OR4D1BWP40P140)       0.04       5.79 f
  u_npu_core/u_core/u_fexu/U875/ZN (NR2OPTPAD2BWP40P140)
                                                          0.01       5.80 r
  u_npu_core/u_core/u_fexu/U1566/ZN (IND2D2BWP40P140)     0.02       5.82 r
  u_npu_core/u_core/u_fexu/U1574/Z (OR2D6BWP40P140)       0.02       5.84 r
  u_npu_core/u_core/u_fexu/U9461/ZN (XNR2OPTND4BWP40P140)
                                                          0.02       5.86 r
  u_npu_core/u_core/u_fexu/U9460/ZN (OAI221D4BWP40P140)
                                                          0.03       5.89 f
  u_npu_core/u_core/u_fexu/U517/Z (AO211D4BWP40P140)      0.04       5.93 f
  u_npu_core/u_core/u_fexu/q_fdata[26] (fexu_EN_F1)       0.00       5.93 f
  u_npu_core/u_core/ex_mem_f_data_r_reg[26]/D (EDFQD1BWP40P140)
                                                          0.00       5.93 f
  data arrival time                                                  5.93

  clock clk (rise edge)                                   6.00       6.00
  clock network delay (ideal)                             0.00       6.00
  clock uncertainty                                      -0.05       5.95
  u_npu_core/u_core/ex_mem_f_data_r_reg[26]/CP (EDFQD1BWP40P140)
                                                          0.00       5.95 r
  library setup time                                     -0.02       5.93
  data required time                                                 5.93
  --------------------------------------------------------------------------
  data required time                                                 5.93
  data arrival time                                                 -5.93
  --------------------------------------------------------------------------
  slack (MET)                                                        0.00


  Startpoint: u_npu_core/u_core/if_ex_instr_reg[29]
              (rising edge-triggered flip-flop clocked by clk)
  Endpoint: u_npu_core/u_core/ex_mem_f_data_r_reg[28]
            (rising edge-triggered flip-flop clocked by clk)
  Path Group: clk
  Path Type: max

  Des/Clust/Port     Wire Load Model       Library
  ------------------------------------------------
  csr_RV32A0_PMP_ENTRIES0_EN_RVV1_EN_F1
                     ZeroWireload          tcbn28hpcplusbwp40p140tt0p9v25c
  trigger            ZeroWireload          tcbn28hpcplusbwp40p140tt0p9v25c
  div                ZeroWireload          tcbn28hpcplusbwp40p140tt0p9v25c
  mul                ZeroWireload          tcbn28hpcplusbwp40p140tt0p9v25c
  vexu_EN_RVV1       ZeroWireload          tcbn28hpcplusbwp40p140tt0p9v25c
  fexu_EN_F1         ZeroWireload          tcbn28hpcplusbwp40p140tt0p9v25c
  rfu                ZeroWireload          tcbn28hpcplusbwp40p140tt0p9v25c
  ifu_00000000_0     ZeroWireload          tcbn28hpcplusbwp40p140tt0p9v25c
  ras_EN_RAS0        ZeroWireload          tcbn28hpcplusbwp40p140tt0p9v25c
  bp_EN_BP0          ZeroWireload          tcbn28hpcplusbwp40p140tt0p9v25c
  npu_itcm_sram_dp_WORDS2048_AW11
                     ZeroWireload          tcbn28hpcplusbwp40p140tt0p9v25c
  npu_tcm_sram_dp_WORDS8192_AW13_DMA_DATA_W256_LANES4
                     ZeroWireload          tcbn28hpcplusbwp40p140tt0p9v25c
  core_00000000_0_0_0_0_0_1_1
                     ZeroWireload          tcbn28hpcplusbwp40p140tt0p9v25c
  axil_decerr        ZeroWireload          tcbn28hpcplusbwp40p140tt0p9v25c
  npu_itcm_WORDS2048_AW11
                     ZeroWireload          tcbn28hpcplusbwp40p140tt0p9v25c
  npu_tcm_WORDS8192_AW13_DMA_DATA_W256
                     ZeroWireload          tcbn28hpcplusbwp40p140tt0p9v25c
  npu_dma_BUF_AW13_DMA_DATA_W256
                     ZeroWireload          tcbn28hpcplusbwp40p140tt0p9v25c
  npu_ml_ctrl_ML_V2_EN1
                     ZeroWireload          tcbn28hpcplusbwp40p140tt0p9v25c
  npu_axil_regs      ZeroWireload          tcbn28hpcplusbwp40p140tt0p9v25c
  mat_engine_TCM_AW13_LANES4
                     ZeroWireload          tcbn28hpcplusbwp40p140tt0p9v25c
  npu_top_MAT_LANES4_DMA_DATA_W256_ML_V2_EN1
                     ZeroWireload          tcbn28hpcplusbwp40p140tt0p9v25c
  cpu_m1_top_00000000_0_0_0_1_1
                     ZeroWireload          tcbn28hpcplusbwp40p140tt0p9v25c
  idu_RV32A0_EN_RVV1_EN_F1
                     ZeroWireload          tcbn28hpcplusbwp40p140tt0p9v25c
  fexu_EN_F1_DW01_sub_154
                     ZeroWireload          tcbn28hpcplusbwp40p140tt0p9v25c
  fexu_EN_F1_DW01_sub_119
                     ZeroWireload          tcbn28hpcplusbwp40p140tt0p9v25c
  fexu_EN_F1_DW01_sub_152
                     ZeroWireload          tcbn28hpcplusbwp40p140tt0p9v25c
  fexu_EN_F1_DW01_add_238
                     ZeroWireload          tcbn28hpcplusbwp40p140tt0p9v25c

  Point                                                   Incr       Path
  --------------------------------------------------------------------------
  clock clk (rise edge)                                   0.00       0.00
  clock network delay (ideal)                             0.00       0.00
  u_npu_core/u_core/if_ex_instr_reg[29]/CP (DFQD4BWP40P140)
                                                          0.00 #     0.00 r
  u_npu_core/u_core/if_ex_instr_reg[29]/Q (DFQD4BWP40P140)
                                                          0.06       0.06 f
  u_npu_core/u_core/u_fexu/q_instr[29] (fexu_EN_F1)       0.00       0.06 f
  u_npu_core/u_core/u_fexu/U9854/ZN (INVD0BWP40P140)      0.03       0.09 r
  u_npu_core/u_core/u_fexu/U7774/Z (OR2D1BWP40P140)       0.03       0.12 r
  u_npu_core/u_core/u_fexu/U9859/Z (OR2D1BWP40P140)       0.07       0.20 r
  u_npu_core/u_core/u_fexu/U13522/Z (OA22D1BWP40P140)     0.05       0.24 r
  u_npu_core/u_core/u_fexu/U13521/ZN (OAI221D1BWP40P140)
                                                          0.03       0.28 f
  u_npu_core/u_core/u_fexu/U13515/Z (OR4D1BWP40P140)      0.04       0.31 f
  u_npu_core/u_core/u_fexu/U3893/ZN (MUX2NUD1BWP40P140)
                                                          0.03       0.34 r
  u_npu_core/u_core/u_fexu/U17717/ZN (INVD1BWP40P140)     0.02       0.37 f
  u_npu_core/u_core/u_fexu/U17718/ZN (IOA21D1BWP40P140)
                                                          0.01       0.38 r
  u_npu_core/u_core/u_fexu/U17719/ZN (INVD1BWP40P140)     0.01       0.39 f
  u_npu_core/u_core/u_fexu/U9350/Z (OR3D1BWP40P140)       0.03       0.42 f
  u_npu_core/u_core/u_fexu/U17722/Z (OR2D1BWP40P140)      0.02       0.44 f
  u_npu_core/u_core/u_fexu/U17725/Z (OR2D1BWP40P140)      0.02       0.46 f
  u_npu_core/u_core/u_fexu/U17726/ZN (INVD1BWP40P140)     0.01       0.47 r
  u_npu_core/u_core/u_fexu/U3128/Z (OR3D1BWP40P140)       0.02       0.49 r
  u_npu_core/u_core/u_fexu/U17727/ZN (ND4D1BWP40P140)     0.03       0.52 f
  u_npu_core/u_core/u_fexu/U6672/Z (OR2D1BWP40P140)       0.03       0.56 f
  u_npu_core/u_core/u_fexu/U17733/ZN (OAI221D1BWP40P140)
                                                          0.02       0.58 r
  u_npu_core/u_core/u_fexu/U6551/Z (OR3D1BWP40P140)       0.03       0.61 r
  u_npu_core/u_core/u_fexu/U10610/ZN (ND4D0BWP40P140)     0.04       0.65 f
  u_npu_core/u_core/u_fexu/U10607/Z (OR4D1BWP40P140)      0.05       0.69 f
  u_npu_core/u_core/u_fexu/U17734/ZN (ND4D1BWP40P140)     0.02       0.71 r
  u_npu_core/u_core/u_fexu/U17739/ZN (INVD1BWP40P140)     0.01       0.72 f
  u_npu_core/u_core/u_fexu/U17740/ZN (IOA21D1BWP40P140)
                                                          0.01       0.73 r
  u_npu_core/u_core/u_fexu/U10582/ZN (OAI31D0BWP40P140)
                                                          0.02       0.75 f
  u_npu_core/u_core/u_fexu/U6853/Z (OR3D1BWP40P140)       0.03       0.78 f
  u_npu_core/u_core/u_fexu/U9940/ZN (NR3D0BWP40P140)      0.02       0.80 r
  u_npu_core/u_core/u_fexu/U17742/ZN (AOI21D1BWP40P140)
                                                          0.02       0.82 f
  u_npu_core/u_core/u_fexu/U17743/ZN (ND4D1BWP40P140)     0.02       0.84 r
  u_npu_core/u_core/u_fexu/U10077/ZN (NR2D1BWP40P140)     0.01       0.85 f
  u_npu_core/u_core/u_fexu/U17746/Z (OR2D1BWP40P140)      0.02       0.87 f
  u_npu_core/u_core/u_fexu/U17747/ZN (INVD1BWP40P140)     0.01       0.88 r
  u_npu_core/u_core/u_fexu/U4017/Z (AN4D1BWP40P140)       0.05       0.93 r
  u_npu_core/u_core/u_fexu/U6239/Z (OR3D0BWP40P140)       0.03       0.96 r
  u_npu_core/u_core/u_fexu/U17751/ZN (INVD1BWP40P140)     0.01       0.96 f
  u_npu_core/u_core/u_fexu/U6854/Z (OR3D1BWP40P140)       0.03       0.99 f
  u_npu_core/u_core/u_fexu/U17754/Z (OR2D1BWP40P140)      0.02       1.01 f
  u_npu_core/u_core/u_fexu/U17755/ZN (ND4D1BWP40P140)     0.01       1.03 r
  u_npu_core/u_core/u_fexu/U17759/ZN (INVD1BWP40P140)     0.01       1.03 f
  u_npu_core/u_core/u_fexu/U17760/ZN (IOA21D1BWP40P140)
                                                          0.02       1.06 f
  u_npu_core/u_core/u_fexu/U10076/ZN (NR3D0BWP40P140)     0.02       1.08 r
  u_npu_core/u_core/u_fexu/U17763/ZN (ND4D1BWP40P140)     0.03       1.11 f
  u_npu_core/u_core/u_fexu/U3985/ZN (NR3D0BWP40P140)      0.03       1.14 r
  u_npu_core/u_core/u_fexu/U17768/Z (OR2D1BWP40P140)      0.02       1.16 r
  u_npu_core/u_core/u_fexu/U17769/ZN (AOI31D1BWP40P140)
                                                          0.01       1.17 f
  u_npu_core/u_core/u_fexu/U17770/ZN (ND4D1BWP40P140)     0.02       1.19 r
  u_npu_core/u_core/u_fexu/U17771/ZN (INVD1BWP40P140)     0.01       1.20 f
  u_npu_core/u_core/u_fexu/U10074/Z (AN4D1BWP40P140)      0.02       1.23 f
  u_npu_core/u_core/u_fexu/U9939/ZN (NR2D0BWP40P140)      0.03       1.25 r
  u_npu_core/u_core/u_fexu/U17772/ZN (ND4D1BWP40P140)     0.04       1.29 f
  u_npu_core/u_core/u_fexu/U17773/ZN (INVD1BWP40P140)     0.01       1.30 r
  u_npu_core/u_core/u_fexu/U17774/ZN (ND4D1BWP40P140)     0.04       1.34 f
  u_npu_core/u_core/u_fexu/U17775/ZN (INVD1BWP40P140)     0.02       1.36 r
  u_npu_core/u_core/u_fexu/U17776/Z (OR2D1BWP40P140)      0.03       1.39 r
  u_npu_core/u_core/u_fexu/U17778/Z (OR2D1BWP40P140)      0.03       1.41 r
  u_npu_core/u_core/u_fexu/U17779/ZN (IOA21D1BWP40P140)
                                                          0.02       1.43 f
  u_npu_core/u_core/u_fexu/U17810/ZN (INVD1BWP40P140)     0.01       1.44 r
  u_npu_core/u_core/u_fexu/U17811/Z (OR2D1BWP40P140)      0.02       1.46 r
  u_npu_core/u_core/u_fexu/U17812/ZN (INVD1BWP40P140)     0.01       1.47 f
  u_npu_core/u_core/u_fexu/U17813/Z (OR2D1BWP40P140)      0.02       1.49 f
  u_npu_core/u_core/u_fexu/U17814/ZN (INVD1BWP40P140)     0.01       1.51 r
  u_npu_core/u_core/u_fexu/U17815/ZN (IOA21D1BWP40P140)
                                                          0.03       1.53 r
  u_npu_core/u_core/u_fexu/sub_608/B[1] (fexu_EN_F1_DW01_sub_154)
                                                          0.00       1.53 r
  u_npu_core/u_core/u_fexu/sub_608/U118/ZN (INVD1BWP40P140)
                                                          0.01       1.54 f
  u_npu_core/u_core/u_fexu/sub_608/U120/ZN (NR2D1BWP40P140)
                                                          0.02       1.56 r
  u_npu_core/u_core/u_fexu/sub_608/U126/ZN (INVD1BWP40P140)
                                                          0.01       1.57 f
  u_npu_core/u_core/u_fexu/sub_608/U125/ZN (ND2OPTIBD1BWP40P140)
                                                          0.01       1.58 r
  u_npu_core/u_core/u_fexu/sub_608/U124/Z (XOR2UD1BWP40P140)
                                                          0.02       1.60 r
  u_npu_core/u_core/u_fexu/sub_608/DIFF[1] (fexu_EN_F1_DW01_sub_154)
                                                          0.00       1.60 r
  u_npu_core/u_core/u_fexu/U17865/Z (OR2D1BWP40P140)      0.03       1.63 r
  u_npu_core/u_core/u_fexu/U17866/Z (OR2D1BWP40P140)      0.02       1.65 r
  u_npu_core/u_core/u_fexu/U17867/Z (OR2D1BWP40P140)      0.02       1.68 r
  u_npu_core/u_core/u_fexu/U17868/Z (OR2D1BWP40P140)      0.03       1.71 r
  u_npu_core/u_core/u_fexu/U18227/Z (OR2D1BWP40P140)      0.03       1.74 r
  u_npu_core/u_core/u_fexu/U7992/Z (OR3D1BWP40P140)       0.03       1.77 r
  u_npu_core/u_core/u_fexu/U18715/Z (OR2D1BWP40P140)      0.02       1.79 r
  u_npu_core/u_core/u_fexu/U18716/ZN (INVD1BWP40P140)     0.01       1.80 f
  u_npu_core/u_core/u_fexu/U18717/Z (OR2D1BWP40P140)      0.03       1.82 f
  u_npu_core/u_core/u_fexu/U18718/ZN (IOA21D1BWP40P140)
                                                          0.01       1.83 r
  u_npu_core/u_core/u_fexu/U18719/ZN (INVD1BWP40P140)     0.02       1.85 f
  u_npu_core/u_core/u_fexu/U18720/Z (OR2D1BWP40P140)      0.02       1.87 f
  u_npu_core/u_core/u_fexu/U18721/ZN (INVD1BWP40P140)     0.01       1.88 r
  u_npu_core/u_core/u_fexu/U9785/Z (AN4D1BWP40P140)       0.07       1.95 r
  u_npu_core/u_core/u_fexu/U18756/Z (OR2D1BWP40P140)      0.04       1.99 r
  u_npu_core/u_core/u_fexu/U7777/Z (OR2D1BWP40P140)       0.05       2.04 r
  u_npu_core/u_core/u_fexu/U7381/ZN (INVD1BWP40P140)      0.06       2.10 f
  u_npu_core/u_core/u_fexu/U19099/ZN (AOI22D1BWP40P140)
                                                          0.03       2.13 r
  u_npu_core/u_core/u_fexu/U19100/ZN (OAI221D1BWP40P140)
                                                          0.04       2.18 f
  u_npu_core/u_core/u_fexu/sub_630_3/B[1] (fexu_EN_F1_DW01_sub_119)
                                                          0.00       2.18 f
  u_npu_core/u_core/u_fexu/sub_630_3/U424/ZN (INVD1BWP40P140)
                                                          0.02       2.19 r
  u_npu_core/u_core/u_fexu/sub_630_3/U429/ZN (ND2OPTIBD1BWP40P140)
                                                          0.02       2.21 f
  u_npu_core/u_core/u_fexu/sub_630_3/U435/ZN (NR2D1BWP40P140)
                                                          0.02       2.23 r
  u_npu_core/u_core/u_fexu/sub_630_3/U427/ZN (ND2OPTIBD1BWP40P140)
                                                          0.02       2.24 f
  u_npu_core/u_core/u_fexu/sub_630_3/U422/ZN (NR2OPTPAD1BWP40P140)
                                                          0.01       2.25 r
  u_npu_core/u_core/u_fexu/sub_630_3/U561/ZN (ND2OPTIBD1BWP40P140)
                                                          0.01       2.27 f
  u_npu_core/u_core/u_fexu/sub_630_3/U431/ZN (NR2OPTIBD1BWP40P140)
                                                          0.01       2.28 r
  u_npu_core/u_core/u_fexu/sub_630_3/U573/ZN (ND2OPTIBD1BWP40P140)
                                                          0.02       2.30 f
  u_npu_core/u_core/u_fexu/sub_630_3/U436/ZN (NR2OPTIBD1BWP40P140)
                                                          0.02       2.31 r
  u_npu_core/u_core/u_fexu/sub_630_3/U701/ZN (ND2OPTIBD1BWP40P140)
                                                          0.01       2.33 f
  u_npu_core/u_core/u_fexu/sub_630_3/U432/ZN (NR2OPTIBD1BWP40P140)
                                                          0.02       2.34 r
  u_npu_core/u_core/u_fexu/sub_630_3/U571/ZN (ND2OPTIBD1BWP40P140)
                                                          0.02       2.36 f
  u_npu_core/u_core/u_fexu/sub_630_3/U635/ZN (NR2D1BWP40P140)
                                                          0.02       2.37 r
  u_npu_core/u_core/u_fexu/sub_630_3/U633/ZN (ND2OPTIBD1BWP40P140)
                                                          0.02       2.39 f
  u_npu_core/u_core/u_fexu/sub_630_3/U696/ZN (NR2D1BWP40P140)
                                                          0.02       2.40 r
  u_npu_core/u_core/u_fexu/sub_630_3/U697/ZN (ND2OPTIBD1BWP40P140)
                                                          0.02       2.42 f
  u_npu_core/u_core/u_fexu/sub_630_3/U632/ZN (NR2D1BWP40P140)
                                                          0.02       2.44 r
  u_npu_core/u_core/u_fexu/sub_630_3/U575/ZN (ND2OPTIBD1BWP40P140)
                                                          0.02       2.45 f
  u_npu_core/u_core/u_fexu/sub_630_3/U695/ZN (NR2D1BWP40P140)
                                                          0.02       2.47 r
  u_npu_core/u_core/u_fexu/sub_630_3/U693/ZN (ND2OPTIBD1BWP40P140)
                                                          0.02       2.48 f
  u_npu_core/u_core/u_fexu/sub_630_3/U631/ZN (NR2D1BWP40P140)
                                                          0.02       2.50 r
  u_npu_core/u_core/u_fexu/sub_630_3/U584/ZN (ND2OPTIBD1BWP40P140)
                                                          0.02       2.51 f
  u_npu_core/u_core/u_fexu/sub_630_3/U586/ZN (NR2D1BWP40P140)
                                                          0.02       2.53 r
  u_npu_core/u_core/u_fexu/sub_630_3/U589/ZN (ND2OPTIBD1BWP40P140)
                                                          0.02       2.55 f
  u_npu_core/u_core/u_fexu/sub_630_3/U581/ZN (NR2D1BWP40P140)
                                                          0.01       2.56 r
  u_npu_core/u_core/u_fexu/sub_630_3/U587/ZN (ND2OPTIBD1BWP40P140)
                                                          0.01       2.57 f
  u_npu_core/u_core/u_fexu/sub_630_3/U421/ZN (NR2D1BWP40P140)
                                                          0.01       2.59 r
  u_npu_core/u_core/u_fexu/sub_630_3/U582/ZN (ND2OPTIBD1BWP40P140)
                                                          0.02       2.60 f
  u_npu_core/u_core/u_fexu/sub_630_3/U499/ZN (NR2D1BWP40P140)
                                                          0.02       2.62 r
  u_npu_core/u_core/u_fexu/sub_630_3/U516/ZN (ND2OPTIBD1BWP40P140)
                                                          0.02       2.64 f
  u_npu_core/u_core/u_fexu/sub_630_3/U625/ZN (NR2D1BWP40P140)
                                                          0.02       2.65 r
  u_npu_core/u_core/u_fexu/sub_630_3/U518/ZN (ND2OPTIBD1BWP40P140)
                                                          0.02       2.67 f
  u_npu_core/u_core/u_fexu/sub_630_3/U520/ZN (NR2D1BWP40P140)
                                                          0.02       2.68 r
  u_npu_core/u_core/u_fexu/sub_630_3/U623/ZN (ND2OPTIBD1BWP40P140)
                                                          0.01       2.70 f
  u_npu_core/u_core/u_fexu/sub_630_3/U622/ZN (NR2D1BWP40P140)
                                                          0.01       2.71 r
  u_npu_core/u_core/u_fexu/sub_630_3/U620/ZN (ND2OPTIBD1BWP40P140)
                                                          0.01       2.73 f
  u_npu_core/u_core/u_fexu/sub_630_3/U514/ZN (NR2D1BWP40P140)
                                                          0.01       2.74 r
  u_npu_core/u_core/u_fexu/sub_630_3/U496/ZN (ND2OPTIBD1BWP40P140)
                                                          0.02       2.76 f
  u_npu_core/u_core/u_fexu/sub_630_3/U569/ZN (NR2D1BWP40P140)
                                                          0.02       2.77 r
  u_npu_core/u_core/u_fexu/sub_630_3/U510/ZN (ND2OPTIBD1BWP40P140)
                                                          0.02       2.79 f
  u_npu_core/u_core/u_fexu/sub_630_3/U615/ZN (NR2D1BWP40P140)
                                                          0.01       2.80 r
  u_npu_core/u_core/u_fexu/sub_630_3/U506/ZN (ND2OPTIBD1BWP40P140)
                                                          0.01       2.82 f
  u_npu_core/u_core/u_fexu/sub_630_3/U608/ZN (NR2D1BWP40P140)
                                                          0.01       2.83 r
  u_npu_core/u_core/u_fexu/sub_630_3/U502/ZN (ND2OPTIBD1BWP40P140)
                                                          0.01       2.85 f
  u_npu_core/u_core/u_fexu/sub_630_3/U601/ZN (NR2D1BWP40P140)
                                                          0.01       2.86 r
  u_npu_core/u_core/u_fexu/sub_630_3/U541/ZN (ND2OPTIBD1BWP40P140)
                                                          0.01       2.88 f
  u_npu_core/u_core/u_fexu/sub_630_3/U660/ZN (NR2D1BWP40P140)
                                                          0.01       2.89 r
  u_npu_core/u_core/u_fexu/sub_630_3/U537/ZN (ND2OPTIBD1BWP40P140)
                                                          0.01       2.90 f
  u_npu_core/u_core/u_fexu/sub_630_3/U649/ZN (NR2D1BWP40P140)
                                                          0.01       2.92 r
  u_npu_core/u_core/u_fexu/sub_630_3/U528/ZN (ND2OPTIBD1BWP40P140)
                                                          0.01       2.93 f
  u_npu_core/u_core/u_fexu/sub_630_3/U645/ZN (NR2D1BWP40P140)
                                                          0.02       2.95 r
  u_npu_core/u_core/u_fexu/sub_630_3/U523/ZN (ND2OPTIBD1BWP40P140)
                                                          0.02       2.96 f
  u_npu_core/u_core/u_fexu/sub_630_3/U641/ZN (NR2D1BWP40P140)
                                                          0.02       2.98 r
  u_npu_core/u_core/u_fexu/sub_630_3/U551/ZN (ND2OPTIBD1BWP40P140)
                                                          0.02       3.00 f
  u_npu_core/u_core/u_fexu/sub_630_3/U674/ZN (NR2D1BWP40P140)
                                                          0.02       3.01 r
  u_npu_core/u_core/u_fexu/sub_630_3/U546/ZN (ND2OPTIBD1BWP40P140)
                                                          0.01       3.03 f
  u_npu_core/u_core/u_fexu/sub_630_3/U433/ZN (NR2OPTIBD1BWP40P140)
                                                          0.01       3.04 r
  u_npu_core/u_core/u_fexu/sub_630_3/U668/ZN (ND2OPTIBD1BWP40P140)
                                                          0.01       3.05 f
  u_npu_core/u_core/u_fexu/sub_630_3/U426/ZN (NR2D0P7BWP40P140)
                                                          0.02       3.07 r
  u_npu_core/u_core/u_fexu/sub_630_3/U563/ZN (ND2OPTIBD1BWP40P140)
                                                          0.02       3.09 f
  u_npu_core/u_core/u_fexu/sub_630_3/U686/ZN (NR2D1BWP40P140)
                                                          0.01       3.10 r
  u_npu_core/u_core/u_fexu/sub_630_3/U684/ZN (AOI21D1BWP40P140)
                                                          0.06       3.16 f
  u_npu_core/u_core/u_fexu/sub_630_3/DIFF[62] (fexu_EN_F1_DW01_sub_119)
                                                          0.00       3.16 f
  u_npu_core/u_core/u_fexu/U496/ZN (INVD18BWP40P140)      0.01       3.17 r
  u_npu_core/u_core/u_fexu/U495/ZN (MAOI22D2BWP40P140)
                                                          0.03       3.20 r
  u_npu_core/u_core/u_fexu/U1902/ZN (OAI221D2BWP40P140)
                                                          0.03       3.24 f
  u_npu_core/u_core/u_fexu/U19327/Z (OR2D1BWP40P140)      0.03       3.26 f
  u_npu_core/u_core/u_fexu/U6311/Z (OR3D2BWP40P140)       0.03       3.30 f
  u_npu_core/u_core/u_fexu/U10712/ZN (INR4D2BWP40P140)
                                                          0.02       3.32 r
  u_npu_core/u_core/u_fexu/U6165/ZN (INVD3BWP40P140)      0.01       3.33 f
  u_npu_core/u_core/u_fexu/U19344/Z (OR2D1BWP40P140)      0.03       3.35 f
  u_npu_core/u_core/u_fexu/U10800/ZN (IOA21D2BWP40P140)
                                                          0.01       3.36 r
  u_npu_core/u_core/u_fexu/U10711/Z (OR4D1BWP40P140)      0.02       3.39 r
  u_npu_core/u_core/u_fexu/U19345/Z (OR2D1BWP40P140)      0.03       3.42 r
  u_npu_core/u_core/u_fexu/U19366/Z (OR2D1BWP40P140)      0.03       3.44 r
  u_npu_core/u_core/u_fexu/U19367/ZN (INVD1BWP40P140)     0.01       3.45 f
  u_npu_core/u_core/u_fexu/U10897/Z (OR2D2BWP40P140)      0.02       3.47 f
  u_npu_core/u_core/u_fexu/U6948/Z (OR3D1BWP40P140)       0.02       3.50 f
  u_npu_core/u_core/u_fexu/U19376/Z (OR2D1BWP40P140)      0.02       3.52 f
  u_npu_core/u_core/u_fexu/U19377/Z (OR2D1BWP40P140)      0.02       3.54 f
  u_npu_core/u_core/u_fexu/U1908/ZN (IND4D4BWP40P140)     0.01       3.55 r
  u_npu_core/u_core/u_fexu/U19389/Z (AO211D1BWP40P140)
                                                          0.02       3.58 r
  u_npu_core/u_core/u_fexu/U19390/Z (OR2D1BWP40P140)      0.03       3.61 r
  u_npu_core/u_core/u_fexu/U121/Z (OR2D6BWP40P140)        0.02       3.63 r
  u_npu_core/u_core/u_fexu/U19410/ZN (INVD1BWP40P140)     0.01       3.64 f
  u_npu_core/u_core/u_fexu/U1905/Z (OR3D6BWP40P140)       0.03       3.67 f
  u_npu_core/u_core/u_fexu/U1903/ZN (ND4D4BWP40P140)      0.01       3.68 r
  u_npu_core/u_core/u_fexu/U19439/Z (AO211D1BWP40P140)
                                                          0.02       3.70 r
  u_npu_core/u_core/u_fexu/U19440/ZN (INVD1BWP40P140)     0.01       3.71 f
  u_npu_core/u_core/u_fexu/U19453/Z (OR2D1BWP40P140)      0.02       3.73 f
  u_npu_core/u_core/u_fexu/U19454/ZN (AOI31D1BWP40P140)
                                                          0.02       3.75 r
  u_npu_core/u_core/u_fexu/U19455/ZN (OAI221D1BWP40P140)
                                                          0.04       3.79 f
  u_npu_core/u_core/u_fexu/U1901/ZN (NR2D1P5BWP40P140)
                                                          0.02       3.81 r
  u_npu_core/u_core/u_fexu/U11102/Z (AN4D2BWP40P140)      0.04       3.85 r
  u_npu_core/u_core/u_fexu/U19464/Z (AO211D1BWP40P140)
                                                          0.02       3.87 r
  u_npu_core/u_core/u_fexu/U7374/Z (OR3D1BWP40P140)       0.02       3.90 r
  u_npu_core/u_core/u_fexu/U7108/ZN (OAI31D1BWP40P140)
                                                          0.02       3.92 f
  u_npu_core/u_core/u_fexu/U3666/Z (OR2D1BWP40P140)       0.03       3.95 f
  u_npu_core/u_core/u_fexu/U11207/Z (OR2D4BWP40P140)      0.02       3.97 f
  u_npu_core/u_core/u_fexu/U11206/ZN (IOA21D2BWP40P140)
                                                          0.01       3.97 r
  u_npu_core/u_core/u_fexu/U7384/Z (OR3D1BWP40P140)       0.02       4.00 r
  u_npu_core/u_core/u_fexu/U19493/ZN (INVD1BWP40P140)     0.01       4.01 f
  u_npu_core/u_core/u_fexu/U10934/Z (AO211D2BWP40P140)
                                                          0.04       4.04 f
  u_npu_core/u_core/u_fexu/U10933/ZN (INVD1P5BWP40P140)
                                                          0.01       4.05 r
  u_npu_core/u_core/u_fexu/U19500/ZN (ND4D1BWP40P140)     0.02       4.07 f
  u_npu_core/u_core/u_fexu/U7112/Z (OR2D1BWP40P140)       0.03       4.10 f
  u_npu_core/u_core/u_fexu/U7116/Z (OR2D2BWP40P140)       0.02       4.12 f
  u_npu_core/u_core/u_fexu/U19509/ZN (INVD1BWP40P140)     0.01       4.13 r
  u_npu_core/u_core/u_fexu/U19510/Z (OR2D1BWP40P140)      0.02       4.15 r
  u_npu_core/u_core/u_fexu/U19514/ZN (INVD1BWP40P140)     0.01       4.16 f
  u_npu_core/u_core/u_fexu/U19515/ZN (ND4D1BWP40P140)     0.01       4.17 r
  u_npu_core/u_core/u_fexu/U19516/Z (OR2D1BWP40P140)      0.02       4.19 r
  u_npu_core/u_core/u_fexu/U19517/ZN (INVD1BWP40P140)     0.01       4.20 f
  u_npu_core/u_core/u_fexu/U10692/ZN (IOA21D2BWP40P140)
                                                          0.02       4.22 f
  u_npu_core/u_core/u_fexu/U10691/ZN (INVD1P5BWP40P140)
                                                          0.01       4.23 r
  u_npu_core/u_core/u_fexu/U10932/ZN (IND4D1BWP40P140)
                                                          0.03       4.26 f
  u_npu_core/u_core/u_fexu/U19520/Z (OR3D2BWP40P140)      0.04       4.29 f
  u_npu_core/u_core/u_fexu/U10690/ZN (IND4D2BWP40P140)
                                                          0.01       4.30 r
  u_npu_core/u_core/u_fexu/U11158/Z (OR2D2BWP40P140)      0.03       4.33 r
  u_npu_core/u_core/u_fexu/U19524/Z (OR2D1BWP40P140)      0.02       4.35 r
  u_npu_core/u_core/u_fexu/U19525/ZN (INVD1BWP40P140)     0.01       4.36 f
  u_npu_core/u_core/u_fexu/U6293/Z (OR3D1BWP40P140)       0.03       4.39 f
  u_npu_core/u_core/u_fexu/U6294/Z (OR3D1BWP40P140)       0.03       4.41 f
  u_npu_core/u_core/u_fexu/U19529/ZN (INVD1BWP40P140)     0.01       4.43 r
  u_npu_core/u_core/u_fexu/U7113/Z (OR3D1BWP40P140)       0.02       4.45 r
  u_npu_core/u_core/u_fexu/U19551/Z (OR2D1BWP40P140)      0.02       4.47 r
  u_npu_core/u_core/u_fexu/U19552/ZN (ND4D1BWP40P140)     0.03       4.50 f
  u_npu_core/u_core/u_fexu/U19553/ZN (OAI31D1BWP40P140)
                                                          0.02       4.51 r
  u_npu_core/u_core/u_fexu/U19554/ZN (AOI31D1BWP40P140)
                                                          0.02       4.53 f
  u_npu_core/u_core/u_fexu/U19559/ZN (IND4D1BWP40P140)
                                                          0.01       4.55 r
  u_npu_core/u_core/u_fexu/U11149/Z (OR3D4BWP40P140)      0.02       4.57 r
  u_npu_core/u_core/u_fexu/U19562/ZN (OAI31D1BWP40P140)
                                                          0.02       4.59 f
  u_npu_core/u_core/u_fexu/U19563/Z (OR2D1BWP40P140)      0.03       4.62 f
  u_npu_core/u_core/u_fexu/U19564/Z (OR2D1BWP40P140)      0.03       4.65 f
  u_npu_core/u_core/u_fexu/U9920/ZN (NR3D0BWP40P140)      0.03       4.68 r
  u_npu_core/u_core/u_fexu/U19565/Z (AO211D1BWP40P140)
                                                          0.03       4.71 r
  u_npu_core/u_core/u_fexu/sub_650/B[5] (fexu_EN_F1_DW01_sub_152)
                                                          0.00       4.71 r
  u_npu_core/u_core/u_fexu/sub_650/U125/ZN (INVD1BWP40P140)
                                                          0.01       4.72 f
  u_npu_core/u_core/u_fexu/sub_650/U89/ZN (NR2OPTIBD1BWP40P140)
                                                          0.02       4.74 r
  u_npu_core/u_core/u_fexu/sub_650/U121/ZN (OAI21D1BWP40P140)
                                                          0.02       4.75 f
  u_npu_core/u_core/u_fexu/sub_650/U95/ZN (AOI21D1BWP40P140)
                                                          0.03       4.78 r
  u_npu_core/u_core/u_fexu/sub_650/U148/ZN (OAI21D2BWP40P140)
                                                          0.02       4.80 f
  u_npu_core/u_core/u_fexu/sub_650/U146/ZN (XNR2UD1BWP40P140)
                                                          0.02       4.82 r
  u_npu_core/u_core/u_fexu/sub_650/DIFF[7] (fexu_EN_F1_DW01_sub_152)
                                                          0.00       4.82 r
  u_npu_core/u_core/u_fexu/U19578/ZN (INVD1BWP40P140)     0.01       4.83 f
  u_npu_core/u_core/u_fexu/U19580/Z (OR2D1BWP40P140)      0.02       4.85 f
  u_npu_core/u_core/u_fexu/U19581/ZN (INVD1BWP40P140)     0.01       4.86 r
  u_npu_core/u_core/u_fexu/U19583/ZN (IOA21D1BWP40P140)
                                                          0.02       4.89 r
  u_npu_core/u_core/u_fexu/U19584/ZN (IOA21D1BWP40P140)
                                                          0.03       4.91 r
  u_npu_core/u_core/u_fexu/U19585/ZN (INVD1BWP40P140)     0.02       4.93 f
  u_npu_core/u_core/u_fexu/U19586/Z (OR2D1BWP40P140)      0.03       4.95 f
  u_npu_core/u_core/u_fexu/U19587/ZN (INVD1BWP40P140)     0.02       4.97 r
  u_npu_core/u_core/u_fexu/U11051/Z (OR2D4BWP40P140)      0.03       5.00 r
  u_npu_core/u_core/u_fexu/U3814/ZN (CKND4BWP40P140)      0.01       5.01 f
  u_npu_core/u_core/u_fexu/U3008/Z (AO22D0BWP40P140)      0.03       5.05 f
  u_npu_core/u_core/u_fexu/U9436/ZN (AOI221D1BWP40P140)
                                                          0.03       5.08 r
  u_npu_core/u_core/u_fexu/U9435/ZN (INVD1P5BWP40P140)
                                                          0.01       5.09 f
  u_npu_core/u_core/u_fexu/U20188/ZN (OAI22D1BWP40P140)
                                                          0.02       5.11 r
  u_npu_core/u_core/u_fexu/U20193/ZN (OAI222D1BWP40P140)
                                                          0.04       5.15 f
  u_npu_core/u_core/u_fexu/U20194/ZN (INVD1BWP40P140)     0.02       5.17 r
  u_npu_core/u_core/u_fexu/U20200/ZN (OAI221D1BWP40P140)
                                                          0.03       5.20 f
  u_npu_core/u_core/u_fexu/U20201/ZN (OAI22D1BWP40P140)
                                                          0.03       5.23 r
  u_npu_core/u_core/u_fexu/add_380_C660/A[2] (fexu_EN_F1_DW01_add_238)
                                                          0.00       5.23 r
  u_npu_core/u_core/u_fexu/add_380_C660/U456/ZN (CKND2D1BWP40P140)
                                                          0.01       5.25 f
  u_npu_core/u_core/u_fexu/add_380_C660/U277/ZN (OAI21D0BWP40P140)
                                                          0.02       5.26 r
  u_npu_core/u_core/u_fexu/add_380_C660/U276/ZN (AOI21D1P5BWP40P140)
                                                          0.01       5.28 f
  u_npu_core/u_core/u_fexu/add_380_C660/U307/ZN (OAI21D1BWP40P140)
                                                          0.02       5.30 r
  u_npu_core/u_core/u_fexu/add_380_C660/U280/ZN (CKND2D1BWP40P140)
                                                          0.02       5.32 f
  u_npu_core/u_core/u_fexu/add_380_C660/U332/ZN (NR2OPTIBD1BWP40P140)
                                                          0.02       5.33 r
  u_npu_core/u_core/u_fexu/add_380_C660/U297/ZN (ND2OPTIBD1BWP40P140)
                                                          0.02       5.35 f
  u_npu_core/u_core/u_fexu/add_380_C660/U281/ZN (NR2D1BWP40P140)
                                                          0.02       5.37 r
  u_npu_core/u_core/u_fexu/add_380_C660/U324/ZN (CKND2D0BWP40P140)
                                                          0.02       5.39 f
  u_npu_core/u_core/u_fexu/add_380_C660/U270/ZN (NR2OPTIBD1BWP40P140)
                                                          0.02       5.41 r
  u_npu_core/u_core/u_fexu/add_380_C660/U269/Z (CKAN2D1BWP40P140)
                                                          0.03       5.43 r
  u_npu_core/u_core/u_fexu/add_380_C660/U273/ZN (CKND2D4BWP40P140)
                                                          0.01       5.44 f
  u_npu_core/u_core/u_fexu/add_380_C660/U323/ZN (OAI21D2BWP40P140)
                                                          0.01       5.45 r
  u_npu_core/u_core/u_fexu/add_380_C660/U284/ZN (XNR2OPTND2BWP40P140)
                                                          0.01       5.47 f
  u_npu_core/u_core/u_fexu/add_380_C660/SUM[30] (fexu_EN_F1_DW01_add_238)
                                                          0.00       5.47 f
  u_npu_core/u_core/u_fexu/U22473/ZN (INVD1BWP40P140)     0.01       5.48 r
  u_npu_core/u_core/u_fexu/U22475/Z (AN3D2BWP40P140)      0.03       5.51 r
  u_npu_core/u_core/u_fexu/U22476/ZN (ND4D1BWP40P140)     0.03       5.54 f
  u_npu_core/u_core/u_fexu/U22479/Z (OR2D1BWP40P140)      0.02       5.56 f
  u_npu_core/u_core/u_fexu/U4916/ZN (OAI31D2BWP40P140)
                                                          0.03       5.59 r
  u_npu_core/u_core/u_fexu/U5034/Z (OR2D0BWP40P140)       0.03       5.62 r
  u_npu_core/u_core/u_fexu/U4918/Z (OR2D1BWP40P140)       0.02       5.64 r
  u_npu_core/u_core/u_fexu/U22497/ZN (AOI21D1BWP40P140)
                                                          0.01       5.65 f
  u_npu_core/u_core/u_fexu/U1602/ZN (NR2OPTIBD1BWP40P140)
                                                          0.02       5.67 r
  u_npu_core/u_core/u_fexu/U22531/Z (OR2D1BWP40P140)      0.02       5.69 r
  u_npu_core/u_core/u_fexu/U22581/Z (OR2D1BWP40P140)      0.02       5.71 r
  u_npu_core/u_core/u_fexu/U22598/Z (OR2D1BWP40P140)      0.02       5.73 r
  u_npu_core/u_core/u_fexu/U22599/ZN (INVD1BWP40P140)     0.01       5.74 f
  u_npu_core/u_core/u_fexu/U6191/Z (XOR2UD0BWP40P140)     0.02       5.76 f
  u_npu_core/u_core/u_fexu/U22602/ZN (AOI221D1BWP40P140)
                                                          0.04       5.79 r
  u_npu_core/u_core/u_fexu/U22603/ZN (OAI221D1BWP40P140)
                                                          0.04       5.83 f
  u_npu_core/u_core/u_fexu/U22614/ZN (AOI221D1BWP40P140)
                                                          0.03       5.86 r
  u_npu_core/u_core/u_fexu/U22630/ZN (ND4D1BWP40P140)     0.03       5.89 f
  u_npu_core/u_core/u_fexu/U9326/Z (AO21D1BWP40P140)      0.03       5.92 f
  u_npu_core/u_core/u_fexu/q_fdata[28] (fexu_EN_F1)       0.00       5.92 f
  u_npu_core/u_core/U842/Z (MUX2D1BWP40P140)              0.03       5.95 f
  u_npu_core/u_core/ex_mem_f_data_r_reg[28]/D (DFQD1BWP40P140)
                                                          0.00       5.95 f
  data arrival time                                                  5.95

  clock clk (rise edge)                                   6.00       6.00
  clock network delay (ideal)                             0.00       6.00
  clock uncertainty                                      -0.05       5.95
  u_npu_core/u_core/ex_mem_f_data_r_reg[28]/CP (DFQD1BWP40P140)
                                                          0.00       5.95 r
  library setup time                                      0.00       5.95
  data required time                                                 5.95
  --------------------------------------------------------------------------
  data required time                                                 5.95
  data arrival time                                                 -5.95
  --------------------------------------------------------------------------
  slack (MET)                                                        0.00


  Startpoint: u_npu_core/u_core/if_ex_instr_reg[29]
              (rising edge-triggered flip-flop clocked by clk)
  Endpoint: u_npu_core/u_core/ex_mem_f_data_r_reg[28]
            (rising edge-triggered flip-flop clocked by clk)
  Path Group: clk
  Path Type: max

  Des/Clust/Port     Wire Load Model       Library
  ------------------------------------------------
  csr_RV32A0_PMP_ENTRIES0_EN_RVV1_EN_F1
                     ZeroWireload          tcbn28hpcplusbwp40p140tt0p9v25c
  trigger            ZeroWireload          tcbn28hpcplusbwp40p140tt0p9v25c
  div                ZeroWireload          tcbn28hpcplusbwp40p140tt0p9v25c
  mul                ZeroWireload          tcbn28hpcplusbwp40p140tt0p9v25c
  vexu_EN_RVV1       ZeroWireload          tcbn28hpcplusbwp40p140tt0p9v25c
  fexu_EN_F1         ZeroWireload          tcbn28hpcplusbwp40p140tt0p9v25c
  rfu                ZeroWireload          tcbn28hpcplusbwp40p140tt0p9v25c
  ifu_00000000_0     ZeroWireload          tcbn28hpcplusbwp40p140tt0p9v25c
  ras_EN_RAS0        ZeroWireload          tcbn28hpcplusbwp40p140tt0p9v25c
  bp_EN_BP0          ZeroWireload          tcbn28hpcplusbwp40p140tt0p9v25c
  npu_itcm_sram_dp_WORDS2048_AW11
                     ZeroWireload          tcbn28hpcplusbwp40p140tt0p9v25c
  npu_tcm_sram_dp_WORDS8192_AW13_DMA_DATA_W256_LANES4
                     ZeroWireload          tcbn28hpcplusbwp40p140tt0p9v25c
  core_00000000_0_0_0_0_0_1_1
                     ZeroWireload          tcbn28hpcplusbwp40p140tt0p9v25c
  axil_decerr        ZeroWireload          tcbn28hpcplusbwp40p140tt0p9v25c
  npu_itcm_WORDS2048_AW11
                     ZeroWireload          tcbn28hpcplusbwp40p140tt0p9v25c
  npu_tcm_WORDS8192_AW13_DMA_DATA_W256
                     ZeroWireload          tcbn28hpcplusbwp40p140tt0p9v25c
  npu_dma_BUF_AW13_DMA_DATA_W256
                     ZeroWireload          tcbn28hpcplusbwp40p140tt0p9v25c
  npu_ml_ctrl_ML_V2_EN1
                     ZeroWireload          tcbn28hpcplusbwp40p140tt0p9v25c
  npu_axil_regs      ZeroWireload          tcbn28hpcplusbwp40p140tt0p9v25c
  mat_engine_TCM_AW13_LANES4
                     ZeroWireload          tcbn28hpcplusbwp40p140tt0p9v25c
  npu_top_MAT_LANES4_DMA_DATA_W256_ML_V2_EN1
                     ZeroWireload          tcbn28hpcplusbwp40p140tt0p9v25c
  cpu_m1_top_00000000_0_0_0_1_1
                     ZeroWireload          tcbn28hpcplusbwp40p140tt0p9v25c
  idu_RV32A0_EN_RVV1_EN_F1
                     ZeroWireload          tcbn28hpcplusbwp40p140tt0p9v25c
  fexu_EN_F1_DW01_sub_154
                     ZeroWireload          tcbn28hpcplusbwp40p140tt0p9v25c
  fexu_EN_F1_DW01_sub_119
                     ZeroWireload          tcbn28hpcplusbwp40p140tt0p9v25c
  fexu_EN_F1_DW01_sub_152
                     ZeroWireload          tcbn28hpcplusbwp40p140tt0p9v25c
  fexu_EN_F1_DW01_add_238
                     ZeroWireload          tcbn28hpcplusbwp40p140tt0p9v25c

  Point                                                   Incr       Path
  --------------------------------------------------------------------------
  clock clk (rise edge)                                   0.00       0.00
  clock network delay (ideal)                             0.00       0.00
  u_npu_core/u_core/if_ex_instr_reg[29]/CP (DFQD4BWP40P140)
                                                          0.00 #     0.00 r
  u_npu_core/u_core/if_ex_instr_reg[29]/Q (DFQD4BWP40P140)
                                                          0.06       0.06 f
  u_npu_core/u_core/u_fexu/q_instr[29] (fexu_EN_F1)       0.00       0.06 f
  u_npu_core/u_core/u_fexu/U9854/ZN (INVD0BWP40P140)      0.03       0.09 r
  u_npu_core/u_core/u_fexu/U7774/Z (OR2D1BWP40P140)       0.03       0.12 r
  u_npu_core/u_core/u_fexu/U9859/Z (OR2D1BWP40P140)       0.07       0.20 r
  u_npu_core/u_core/u_fexu/U13522/Z (OA22D1BWP40P140)     0.05       0.24 r
  u_npu_core/u_core/u_fexu/U13521/ZN (OAI221D1BWP40P140)
                                                          0.03       0.28 f
  u_npu_core/u_core/u_fexu/U13515/Z (OR4D1BWP40P140)      0.04       0.31 f
  u_npu_core/u_core/u_fexu/U3893/ZN (MUX2NUD1BWP40P140)
                                                          0.03       0.34 r
  u_npu_core/u_core/u_fexu/U17717/ZN (INVD1BWP40P140)     0.02       0.37 f
  u_npu_core/u_core/u_fexu/U17718/ZN (IOA21D1BWP40P140)
                                                          0.01       0.38 r
  u_npu_core/u_core/u_fexu/U17719/ZN (INVD1BWP40P140)     0.01       0.39 f
  u_npu_core/u_core/u_fexu/U9350/Z (OR3D1BWP40P140)       0.03       0.42 f
  u_npu_core/u_core/u_fexu/U17722/Z (OR2D1BWP40P140)      0.02       0.44 f
  u_npu_core/u_core/u_fexu/U17725/Z (OR2D1BWP40P140)      0.02       0.46 f
  u_npu_core/u_core/u_fexu/U17726/ZN (INVD1BWP40P140)     0.01       0.47 r
  u_npu_core/u_core/u_fexu/U3128/Z (OR3D1BWP40P140)       0.02       0.49 r
  u_npu_core/u_core/u_fexu/U17727/ZN (ND4D1BWP40P140)     0.03       0.52 f
  u_npu_core/u_core/u_fexu/U6672/Z (OR2D1BWP40P140)       0.03       0.56 f
  u_npu_core/u_core/u_fexu/U17733/ZN (OAI221D1BWP40P140)
                                                          0.02       0.58 r
  u_npu_core/u_core/u_fexu/U6551/Z (OR3D1BWP40P140)       0.03       0.61 r
  u_npu_core/u_core/u_fexu/U10610/ZN (ND4D0BWP40P140)     0.04       0.65 f
  u_npu_core/u_core/u_fexu/U10607/Z (OR4D1BWP40P140)      0.05       0.69 f
  u_npu_core/u_core/u_fexu/U17734/ZN (ND4D1BWP40P140)     0.02       0.71 r
  u_npu_core/u_core/u_fexu/U17739/ZN (INVD1BWP40P140)     0.01       0.72 f
  u_npu_core/u_core/u_fexu/U17740/ZN (IOA21D1BWP40P140)
                                                          0.01       0.73 r
  u_npu_core/u_core/u_fexu/U10582/ZN (OAI31D0BWP40P140)
                                                          0.02       0.75 f
  u_npu_core/u_core/u_fexu/U6853/Z (OR3D1BWP40P140)       0.03       0.78 f
  u_npu_core/u_core/u_fexu/U9940/ZN (NR3D0BWP40P140)      0.02       0.80 r
  u_npu_core/u_core/u_fexu/U17742/ZN (AOI21D1BWP40P140)
                                                          0.02       0.82 f
  u_npu_core/u_core/u_fexu/U17743/ZN (ND4D1BWP40P140)     0.02       0.84 r
  u_npu_core/u_core/u_fexu/U10077/ZN (NR2D1BWP40P140)     0.01       0.85 f
  u_npu_core/u_core/u_fexu/U17746/Z (OR2D1BWP40P140)      0.02       0.87 f
  u_npu_core/u_core/u_fexu/U17747/ZN (INVD1BWP40P140)     0.01       0.88 r
  u_npu_core/u_core/u_fexu/U4017/Z (AN4D1BWP40P140)       0.05       0.93 r
  u_npu_core/u_core/u_fexu/U6239/Z (OR3D0BWP40P140)       0.03       0.96 r
  u_npu_core/u_core/u_fexu/U17751/ZN (INVD1BWP40P140)     0.01       0.96 f
  u_npu_core/u_core/u_fexu/U6854/Z (OR3D1BWP40P140)       0.03       0.99 f
  u_npu_core/u_core/u_fexu/U17754/Z (OR2D1BWP40P140)      0.02       1.01 f
  u_npu_core/u_core/u_fexu/U17755/ZN (ND4D1BWP40P140)     0.01       1.03 r
  u_npu_core/u_core/u_fexu/U17759/ZN (INVD1BWP40P140)     0.01       1.03 f
  u_npu_core/u_core/u_fexu/U17760/ZN (IOA21D1BWP40P140)
                                                          0.02       1.06 f
  u_npu_core/u_core/u_fexu/U10076/ZN (NR3D0BWP40P140)     0.02       1.08 r
  u_npu_core/u_core/u_fexu/U17763/ZN (ND4D1BWP40P140)     0.03       1.11 f
  u_npu_core/u_core/u_fexu/U3985/ZN (NR3D0BWP40P140)      0.03       1.14 r
  u_npu_core/u_core/u_fexu/U17768/Z (OR2D1BWP40P140)      0.02       1.16 r
  u_npu_core/u_core/u_fexu/U17769/ZN (AOI31D1BWP40P140)
                                                          0.01       1.17 f
  u_npu_core/u_core/u_fexu/U17770/ZN (ND4D1BWP40P140)     0.02       1.19 r
  u_npu_core/u_core/u_fexu/U17771/ZN (INVD1BWP40P140)     0.01       1.20 f
  u_npu_core/u_core/u_fexu/U10074/Z (AN4D1BWP40P140)      0.02       1.23 f
  u_npu_core/u_core/u_fexu/U9939/ZN (NR2D0BWP40P140)      0.03       1.25 r
  u_npu_core/u_core/u_fexu/U17772/ZN (ND4D1BWP40P140)     0.04       1.29 f
  u_npu_core/u_core/u_fexu/U17773/ZN (INVD1BWP40P140)     0.01       1.30 r
  u_npu_core/u_core/u_fexu/U17774/ZN (ND4D1BWP40P140)     0.04       1.34 f
  u_npu_core/u_core/u_fexu/U17775/ZN (INVD1BWP40P140)     0.02       1.36 r
  u_npu_core/u_core/u_fexu/U17776/Z (OR2D1BWP40P140)      0.03       1.39 r
  u_npu_core/u_core/u_fexu/U17778/Z (OR2D1BWP40P140)      0.03       1.41 r
  u_npu_core/u_core/u_fexu/U17779/ZN (IOA21D1BWP40P140)
                                                          0.02       1.43 f
  u_npu_core/u_core/u_fexu/U17810/ZN (INVD1BWP40P140)     0.01       1.44 r
  u_npu_core/u_core/u_fexu/U17811/Z (OR2D1BWP40P140)      0.02       1.46 r
  u_npu_core/u_core/u_fexu/U17812/ZN (INVD1BWP40P140)     0.01       1.47 f
  u_npu_core/u_core/u_fexu/U17813/Z (OR2D1BWP40P140)      0.02       1.49 f
  u_npu_core/u_core/u_fexu/U17814/ZN (INVD1BWP40P140)     0.01       1.51 r
  u_npu_core/u_core/u_fexu/U17815/ZN (IOA21D1BWP40P140)
                                                          0.03       1.53 r
  u_npu_core/u_core/u_fexu/sub_608/B[1] (fexu_EN_F1_DW01_sub_154)
                                                          0.00       1.53 r
  u_npu_core/u_core/u_fexu/sub_608/U118/ZN (INVD1BWP40P140)
                                                          0.01       1.54 f
  u_npu_core/u_core/u_fexu/sub_608/U120/ZN (NR2D1BWP40P140)
                                                          0.02       1.56 r
  u_npu_core/u_core/u_fexu/sub_608/U126/ZN (INVD1BWP40P140)
                                                          0.01       1.57 f
  u_npu_core/u_core/u_fexu/sub_608/U125/ZN (ND2OPTIBD1BWP40P140)
                                                          0.01       1.58 r
  u_npu_core/u_core/u_fexu/sub_608/U124/Z (XOR2UD1BWP40P140)
                                                          0.02       1.60 r
  u_npu_core/u_core/u_fexu/sub_608/DIFF[1] (fexu_EN_F1_DW01_sub_154)
                                                          0.00       1.60 r
  u_npu_core/u_core/u_fexu/U17865/Z (OR2D1BWP40P140)      0.03       1.63 r
  u_npu_core/u_core/u_fexu/U17866/Z (OR2D1BWP40P140)      0.02       1.65 r
  u_npu_core/u_core/u_fexu/U17867/Z (OR2D1BWP40P140)      0.02       1.68 r
  u_npu_core/u_core/u_fexu/U17868/Z (OR2D1BWP40P140)      0.03       1.71 r
  u_npu_core/u_core/u_fexu/U18227/Z (OR2D1BWP40P140)      0.03       1.74 r
  u_npu_core/u_core/u_fexu/U7992/Z (OR3D1BWP40P140)       0.03       1.77 r
  u_npu_core/u_core/u_fexu/U18715/Z (OR2D1BWP40P140)      0.02       1.79 r
  u_npu_core/u_core/u_fexu/U18716/ZN (INVD1BWP40P140)     0.01       1.80 f
  u_npu_core/u_core/u_fexu/U18717/Z (OR2D1BWP40P140)      0.03       1.82 f
  u_npu_core/u_core/u_fexu/U18718/ZN (IOA21D1BWP40P140)
                                                          0.01       1.83 r
  u_npu_core/u_core/u_fexu/U18719/ZN (INVD1BWP40P140)     0.02       1.85 f
  u_npu_core/u_core/u_fexu/U18720/Z (OR2D1BWP40P140)      0.02       1.87 f
  u_npu_core/u_core/u_fexu/U18721/ZN (INVD1BWP40P140)     0.01       1.88 r
  u_npu_core/u_core/u_fexu/U9785/Z (AN4D1BWP40P140)       0.07       1.95 r
  u_npu_core/u_core/u_fexu/U18756/Z (OR2D1BWP40P140)      0.04       1.99 r
  u_npu_core/u_core/u_fexu/U7777/Z (OR2D1BWP40P140)       0.05       2.04 r
  u_npu_core/u_core/u_fexu/U7381/ZN (INVD1BWP40P140)      0.06       2.10 f
  u_npu_core/u_core/u_fexu/U19099/ZN (AOI22D1BWP40P140)
                                                          0.03       2.13 r
  u_npu_core/u_core/u_fexu/U19100/ZN (OAI221D1BWP40P140)
                                                          0.04       2.18 f
  u_npu_core/u_core/u_fexu/sub_630_3/B[1] (fexu_EN_F1_DW01_sub_119)
                                                          0.00       2.18 f
  u_npu_core/u_core/u_fexu/sub_630_3/U424/ZN (INVD1BWP40P140)
                                                          0.02       2.19 r
  u_npu_core/u_core/u_fexu/sub_630_3/U429/ZN (ND2OPTIBD1BWP40P140)
                                                          0.02       2.21 f
  u_npu_core/u_core/u_fexu/sub_630_3/U435/ZN (NR2D1BWP40P140)
                                                          0.02       2.23 r
  u_npu_core/u_core/u_fexu/sub_630_3/U427/ZN (ND2OPTIBD1BWP40P140)
                                                          0.02       2.24 f
  u_npu_core/u_core/u_fexu/sub_630_3/U422/ZN (NR2OPTPAD1BWP40P140)
                                                          0.01       2.25 r
  u_npu_core/u_core/u_fexu/sub_630_3/U561/ZN (ND2OPTIBD1BWP40P140)
                                                          0.01       2.27 f
  u_npu_core/u_core/u_fexu/sub_630_3/U431/ZN (NR2OPTIBD1BWP40P140)
                                                          0.01       2.28 r
  u_npu_core/u_core/u_fexu/sub_630_3/U573/ZN (ND2OPTIBD1BWP40P140)
                                                          0.02       2.30 f
  u_npu_core/u_core/u_fexu/sub_630_3/U436/ZN (NR2OPTIBD1BWP40P140)
                                                          0.02       2.31 r
  u_npu_core/u_core/u_fexu/sub_630_3/U701/ZN (ND2OPTIBD1BWP40P140)
                                                          0.01       2.33 f
  u_npu_core/u_core/u_fexu/sub_630_3/U432/ZN (NR2OPTIBD1BWP40P140)
                                                          0.02       2.34 r
  u_npu_core/u_core/u_fexu/sub_630_3/U571/ZN (ND2OPTIBD1BWP40P140)
                                                          0.02       2.36 f
  u_npu_core/u_core/u_fexu/sub_630_3/U635/ZN (NR2D1BWP40P140)
                                                          0.02       2.37 r
  u_npu_core/u_core/u_fexu/sub_630_3/U633/ZN (ND2OPTIBD1BWP40P140)
                                                          0.02       2.39 f
  u_npu_core/u_core/u_fexu/sub_630_3/U696/ZN (NR2D1BWP40P140)
                                                          0.02       2.40 r
  u_npu_core/u_core/u_fexu/sub_630_3/U697/ZN (ND2OPTIBD1BWP40P140)
                                                          0.02       2.42 f
  u_npu_core/u_core/u_fexu/sub_630_3/U632/ZN (NR2D1BWP40P140)
                                                          0.02       2.44 r
  u_npu_core/u_core/u_fexu/sub_630_3/U575/ZN (ND2OPTIBD1BWP40P140)
                                                          0.02       2.45 f
  u_npu_core/u_core/u_fexu/sub_630_3/U695/ZN (NR2D1BWP40P140)
                                                          0.02       2.47 r
  u_npu_core/u_core/u_fexu/sub_630_3/U693/ZN (ND2OPTIBD1BWP40P140)
                                                          0.02       2.48 f
  u_npu_core/u_core/u_fexu/sub_630_3/U631/ZN (NR2D1BWP40P140)
                                                          0.02       2.50 r
  u_npu_core/u_core/u_fexu/sub_630_3/U584/ZN (ND2OPTIBD1BWP40P140)
                                                          0.02       2.51 f
  u_npu_core/u_core/u_fexu/sub_630_3/U586/ZN (NR2D1BWP40P140)
                                                          0.02       2.53 r
  u_npu_core/u_core/u_fexu/sub_630_3/U589/ZN (ND2OPTIBD1BWP40P140)
                                                          0.02       2.55 f
  u_npu_core/u_core/u_fexu/sub_630_3/U581/ZN (NR2D1BWP40P140)
                                                          0.01       2.56 r
  u_npu_core/u_core/u_fexu/sub_630_3/U587/ZN (ND2OPTIBD1BWP40P140)
                                                          0.01       2.57 f
  u_npu_core/u_core/u_fexu/sub_630_3/U421/ZN (NR2D1BWP40P140)
                                                          0.01       2.59 r
  u_npu_core/u_core/u_fexu/sub_630_3/U582/ZN (ND2OPTIBD1BWP40P140)
                                                          0.02       2.60 f
  u_npu_core/u_core/u_fexu/sub_630_3/U499/ZN (NR2D1BWP40P140)
                                                          0.02       2.62 r
  u_npu_core/u_core/u_fexu/sub_630_3/U516/ZN (ND2OPTIBD1BWP40P140)
                                                          0.02       2.64 f
  u_npu_core/u_core/u_fexu/sub_630_3/U625/ZN (NR2D1BWP40P140)
                                                          0.02       2.65 r
  u_npu_core/u_core/u_fexu/sub_630_3/U518/ZN (ND2OPTIBD1BWP40P140)
                                                          0.02       2.67 f
  u_npu_core/u_core/u_fexu/sub_630_3/U520/ZN (NR2D1BWP40P140)
                                                          0.02       2.68 r
  u_npu_core/u_core/u_fexu/sub_630_3/U623/ZN (ND2OPTIBD1BWP40P140)
                                                          0.01       2.70 f
  u_npu_core/u_core/u_fexu/sub_630_3/U622/ZN (NR2D1BWP40P140)
                                                          0.01       2.71 r
  u_npu_core/u_core/u_fexu/sub_630_3/U620/ZN (ND2OPTIBD1BWP40P140)
                                                          0.01       2.73 f
  u_npu_core/u_core/u_fexu/sub_630_3/U514/ZN (NR2D1BWP40P140)
                                                          0.01       2.74 r
  u_npu_core/u_core/u_fexu/sub_630_3/U496/ZN (ND2OPTIBD1BWP40P140)
                                                          0.02       2.76 f
  u_npu_core/u_core/u_fexu/sub_630_3/U569/ZN (NR2D1BWP40P140)
                                                          0.02       2.77 r
  u_npu_core/u_core/u_fexu/sub_630_3/U510/ZN (ND2OPTIBD1BWP40P140)
                                                          0.02       2.79 f
  u_npu_core/u_core/u_fexu/sub_630_3/U615/ZN (NR2D1BWP40P140)
                                                          0.01       2.80 r
  u_npu_core/u_core/u_fexu/sub_630_3/U506/ZN (ND2OPTIBD1BWP40P140)
                                                          0.01       2.82 f
  u_npu_core/u_core/u_fexu/sub_630_3/U608/ZN (NR2D1BWP40P140)
                                                          0.01       2.83 r
  u_npu_core/u_core/u_fexu/sub_630_3/U502/ZN (ND2OPTIBD1BWP40P140)
                                                          0.01       2.85 f
  u_npu_core/u_core/u_fexu/sub_630_3/U601/ZN (NR2D1BWP40P140)
                                                          0.01       2.86 r
  u_npu_core/u_core/u_fexu/sub_630_3/U541/ZN (ND2OPTIBD1BWP40P140)
                                                          0.01       2.88 f
  u_npu_core/u_core/u_fexu/sub_630_3/U660/ZN (NR2D1BWP40P140)
                                                          0.01       2.89 r
  u_npu_core/u_core/u_fexu/sub_630_3/U537/ZN (ND2OPTIBD1BWP40P140)
                                                          0.01       2.90 f
  u_npu_core/u_core/u_fexu/sub_630_3/U649/ZN (NR2D1BWP40P140)
                                                          0.01       2.92 r
  u_npu_core/u_core/u_fexu/sub_630_3/U528/ZN (ND2OPTIBD1BWP40P140)
                                                          0.01       2.93 f
  u_npu_core/u_core/u_fexu/sub_630_3/U645/ZN (NR2D1BWP40P140)
                                                          0.02       2.95 r
  u_npu_core/u_core/u_fexu/sub_630_3/U523/ZN (ND2OPTIBD1BWP40P140)
                                                          0.02       2.96 f
  u_npu_core/u_core/u_fexu/sub_630_3/U641/ZN (NR2D1BWP40P140)
                                                          0.02       2.98 r
  u_npu_core/u_core/u_fexu/sub_630_3/U551/ZN (ND2OPTIBD1BWP40P140)
                                                          0.02       3.00 f
  u_npu_core/u_core/u_fexu/sub_630_3/U674/ZN (NR2D1BWP40P140)
                                                          0.02       3.01 r
  u_npu_core/u_core/u_fexu/sub_630_3/U546/ZN (ND2OPTIBD1BWP40P140)
                                                          0.01       3.03 f
  u_npu_core/u_core/u_fexu/sub_630_3/U433/ZN (NR2OPTIBD1BWP40P140)
                                                          0.01       3.04 r
  u_npu_core/u_core/u_fexu/sub_630_3/U668/ZN (ND2OPTIBD1BWP40P140)
                                                          0.01       3.05 f
  u_npu_core/u_core/u_fexu/sub_630_3/U426/ZN (NR2D0P7BWP40P140)
                                                          0.02       3.07 r
  u_npu_core/u_core/u_fexu/sub_630_3/U563/ZN (ND2OPTIBD1BWP40P140)
                                                          0.02       3.09 f
  u_npu_core/u_core/u_fexu/sub_630_3/U686/ZN (NR2D1BWP40P140)
                                                          0.01       3.10 r
  u_npu_core/u_core/u_fexu/sub_630_3/U684/ZN (AOI21D1BWP40P140)
                                                          0.06       3.16 f
  u_npu_core/u_core/u_fexu/sub_630_3/DIFF[62] (fexu_EN_F1_DW01_sub_119)
                                                          0.00       3.16 f
  u_npu_core/u_core/u_fexu/U496/ZN (INVD18BWP40P140)      0.01       3.17 r
  u_npu_core/u_core/u_fexu/U495/ZN (MAOI22D2BWP40P140)
                                                          0.03       3.20 r
  u_npu_core/u_core/u_fexu/U1902/ZN (OAI221D2BWP40P140)
                                                          0.03       3.24 f
  u_npu_core/u_core/u_fexu/U19327/Z (OR2D1BWP40P140)      0.03       3.26 f
  u_npu_core/u_core/u_fexu/U6311/Z (OR3D2BWP40P140)       0.03       3.30 f
  u_npu_core/u_core/u_fexu/U10712/ZN (INR4D2BWP40P140)
                                                          0.02       3.32 r
  u_npu_core/u_core/u_fexu/U6165/ZN (INVD3BWP40P140)      0.01       3.33 f
  u_npu_core/u_core/u_fexu/U19344/Z (OR2D1BWP40P140)      0.03       3.35 f
  u_npu_core/u_core/u_fexu/U10800/ZN (IOA21D2BWP40P140)
                                                          0.01       3.36 r
  u_npu_core/u_core/u_fexu/U10711/Z (OR4D1BWP40P140)      0.02       3.39 r
  u_npu_core/u_core/u_fexu/U19345/Z (OR2D1BWP40P140)      0.03       3.42 r
  u_npu_core/u_core/u_fexu/U19366/Z (OR2D1BWP40P140)      0.03       3.44 r
  u_npu_core/u_core/u_fexu/U19367/ZN (INVD1BWP40P140)     0.01       3.45 f
  u_npu_core/u_core/u_fexu/U10897/Z (OR2D2BWP40P140)      0.02       3.47 f
  u_npu_core/u_core/u_fexu/U6948/Z (OR3D1BWP40P140)       0.02       3.50 f
  u_npu_core/u_core/u_fexu/U19376/Z (OR2D1BWP40P140)      0.02       3.52 f
  u_npu_core/u_core/u_fexu/U19377/Z (OR2D1BWP40P140)      0.02       3.54 f
  u_npu_core/u_core/u_fexu/U1908/ZN (IND4D4BWP40P140)     0.01       3.55 r
  u_npu_core/u_core/u_fexu/U19389/Z (AO211D1BWP40P140)
                                                          0.02       3.58 r
  u_npu_core/u_core/u_fexu/U19390/Z (OR2D1BWP40P140)      0.03       3.61 r
  u_npu_core/u_core/u_fexu/U121/Z (OR2D6BWP40P140)        0.02       3.63 r
  u_npu_core/u_core/u_fexu/U19410/ZN (INVD1BWP40P140)     0.01       3.64 f
  u_npu_core/u_core/u_fexu/U1905/Z (OR3D6BWP40P140)       0.03       3.67 f
  u_npu_core/u_core/u_fexu/U1903/ZN (ND4D4BWP40P140)      0.01       3.68 r
  u_npu_core/u_core/u_fexu/U19439/Z (AO211D1BWP40P140)
                                                          0.02       3.70 r
  u_npu_core/u_core/u_fexu/U19440/ZN (INVD1BWP40P140)     0.01       3.71 f
  u_npu_core/u_core/u_fexu/U19453/Z (OR2D1BWP40P140)      0.02       3.73 f
  u_npu_core/u_core/u_fexu/U19454/ZN (AOI31D1BWP40P140)
                                                          0.02       3.75 r
  u_npu_core/u_core/u_fexu/U19455/ZN (OAI221D1BWP40P140)
                                                          0.04       3.79 f
  u_npu_core/u_core/u_fexu/U1901/ZN (NR2D1P5BWP40P140)
                                                          0.02       3.81 r
  u_npu_core/u_core/u_fexu/U11102/Z (AN4D2BWP40P140)      0.04       3.85 r
  u_npu_core/u_core/u_fexu/U19464/Z (AO211D1BWP40P140)
                                                          0.02       3.87 r
  u_npu_core/u_core/u_fexu/U7374/Z (OR3D1BWP40P140)       0.02       3.90 r
  u_npu_core/u_core/u_fexu/U7108/ZN (OAI31D1BWP40P140)
                                                          0.02       3.92 f
  u_npu_core/u_core/u_fexu/U3666/Z (OR2D1BWP40P140)       0.03       3.95 f
  u_npu_core/u_core/u_fexu/U11207/Z (OR2D4BWP40P140)      0.02       3.97 f
  u_npu_core/u_core/u_fexu/U11206/ZN (IOA21D2BWP40P140)
                                                          0.01       3.97 r
  u_npu_core/u_core/u_fexu/U7384/Z (OR3D1BWP40P140)       0.02       4.00 r
  u_npu_core/u_core/u_fexu/U19493/ZN (INVD1BWP40P140)     0.01       4.01 f
  u_npu_core/u_core/u_fexu/U10934/Z (AO211D2BWP40P140)
                                                          0.04       4.04 f
  u_npu_core/u_core/u_fexu/U10933/ZN (INVD1P5BWP40P140)
                                                          0.01       4.05 r
  u_npu_core/u_core/u_fexu/U19500/ZN (ND4D1BWP40P140)     0.02       4.07 f
  u_npu_core/u_core/u_fexu/U7112/Z (OR2D1BWP40P140)       0.03       4.10 f
  u_npu_core/u_core/u_fexu/U7116/Z (OR2D2BWP40P140)       0.02       4.12 f
  u_npu_core/u_core/u_fexu/U19509/ZN (INVD1BWP40P140)     0.01       4.13 r
  u_npu_core/u_core/u_fexu/U19510/Z (OR2D1BWP40P140)      0.02       4.15 r
  u_npu_core/u_core/u_fexu/U19514/ZN (INVD1BWP40P140)     0.01       4.16 f
  u_npu_core/u_core/u_fexu/U19515/ZN (ND4D1BWP40P140)     0.01       4.17 r
  u_npu_core/u_core/u_fexu/U19516/Z (OR2D1BWP40P140)      0.02       4.19 r
  u_npu_core/u_core/u_fexu/U19517/ZN (INVD1BWP40P140)     0.01       4.20 f
  u_npu_core/u_core/u_fexu/U10692/ZN (IOA21D2BWP40P140)
                                                          0.02       4.22 f
  u_npu_core/u_core/u_fexu/U10691/ZN (INVD1P5BWP40P140)
                                                          0.01       4.23 r
  u_npu_core/u_core/u_fexu/U10932/ZN (IND4D1BWP40P140)
                                                          0.03       4.26 f
  u_npu_core/u_core/u_fexu/U19520/Z (OR3D2BWP40P140)      0.04       4.29 f
  u_npu_core/u_core/u_fexu/U10690/ZN (IND4D2BWP40P140)
                                                          0.01       4.30 r
  u_npu_core/u_core/u_fexu/U11158/Z (OR2D2BWP40P140)      0.03       4.33 r
  u_npu_core/u_core/u_fexu/U19524/Z (OR2D1BWP40P140)      0.02       4.35 r
  u_npu_core/u_core/u_fexu/U19525/ZN (INVD1BWP40P140)     0.01       4.36 f
  u_npu_core/u_core/u_fexu/U6293/Z (OR3D1BWP40P140)       0.03       4.39 f
  u_npu_core/u_core/u_fexu/U6294/Z (OR3D1BWP40P140)       0.03       4.41 f
  u_npu_core/u_core/u_fexu/U19529/ZN (INVD1BWP40P140)     0.01       4.43 r
  u_npu_core/u_core/u_fexu/U7113/Z (OR3D1BWP40P140)       0.02       4.45 r
  u_npu_core/u_core/u_fexu/U19551/Z (OR2D1BWP40P140)      0.02       4.47 r
  u_npu_core/u_core/u_fexu/U19552/ZN (ND4D1BWP40P140)     0.03       4.50 f
  u_npu_core/u_core/u_fexu/U19553/ZN (OAI31D1BWP40P140)
                                                          0.02       4.51 r
  u_npu_core/u_core/u_fexu/U19554/ZN (AOI31D1BWP40P140)
                                                          0.02       4.53 f
  u_npu_core/u_core/u_fexu/U19559/ZN (IND4D1BWP40P140)
                                                          0.01       4.55 r
  u_npu_core/u_core/u_fexu/U11149/Z (OR3D4BWP40P140)      0.02       4.57 r
  u_npu_core/u_core/u_fexu/U19562/ZN (OAI31D1BWP40P140)
                                                          0.02       4.59 f
  u_npu_core/u_core/u_fexu/U19563/Z (OR2D1BWP40P140)      0.03       4.62 f
  u_npu_core/u_core/u_fexu/U19564/Z (OR2D1BWP40P140)      0.03       4.65 f
  u_npu_core/u_core/u_fexu/U9920/ZN (NR3D0BWP40P140)      0.03       4.68 r
  u_npu_core/u_core/u_fexu/U19565/Z (AO211D1BWP40P140)
                                                          0.03       4.71 r
  u_npu_core/u_core/u_fexu/sub_650/B[5] (fexu_EN_F1_DW01_sub_152)
                                                          0.00       4.71 r
  u_npu_core/u_core/u_fexu/sub_650/U125/ZN (INVD1BWP40P140)
                                                          0.01       4.72 f
  u_npu_core/u_core/u_fexu/sub_650/U89/ZN (NR2OPTIBD1BWP40P140)
                                                          0.02       4.74 r
  u_npu_core/u_core/u_fexu/sub_650/U121/ZN (OAI21D1BWP40P140)
                                                          0.02       4.75 f
  u_npu_core/u_core/u_fexu/sub_650/U95/ZN (AOI21D1BWP40P140)
                                                          0.03       4.78 r
  u_npu_core/u_core/u_fexu/sub_650/U148/ZN (OAI21D2BWP40P140)
                                                          0.02       4.80 f
  u_npu_core/u_core/u_fexu/sub_650/U146/ZN (XNR2UD1BWP40P140)
                                                          0.02       4.82 r
  u_npu_core/u_core/u_fexu/sub_650/DIFF[7] (fexu_EN_F1_DW01_sub_152)
                                                          0.00       4.82 r
  u_npu_core/u_core/u_fexu/U19578/ZN (INVD1BWP40P140)     0.01       4.83 f
  u_npu_core/u_core/u_fexu/U19580/Z (OR2D1BWP40P140)      0.02       4.85 f
  u_npu_core/u_core/u_fexu/U19581/ZN (INVD1BWP40P140)     0.01       4.86 r
  u_npu_core/u_core/u_fexu/U19583/ZN (IOA21D1BWP40P140)
                                                          0.02       4.89 r
  u_npu_core/u_core/u_fexu/U19584/ZN (IOA21D1BWP40P140)
                                                          0.03       4.91 r
  u_npu_core/u_core/u_fexu/U19585/ZN (INVD1BWP40P140)     0.02       4.93 f
  u_npu_core/u_core/u_fexu/U19586/Z (OR2D1BWP40P140)      0.03       4.95 f
  u_npu_core/u_core/u_fexu/U19587/ZN (INVD1BWP40P140)     0.02       4.97 r
  u_npu_core/u_core/u_fexu/U11051/Z (OR2D4BWP40P140)      0.03       5.00 r
  u_npu_core/u_core/u_fexu/U3814/ZN (CKND4BWP40P140)      0.01       5.01 f
  u_npu_core/u_core/u_fexu/U3008/Z (AO22D0BWP40P140)      0.03       5.05 f
  u_npu_core/u_core/u_fexu/U9436/ZN (AOI221D1BWP40P140)
                                                          0.03       5.08 r
  u_npu_core/u_core/u_fexu/U9435/ZN (INVD1P5BWP40P140)
                                                          0.01       5.09 f
  u_npu_core/u_core/u_fexu/U20188/ZN (OAI22D1BWP40P140)
                                                          0.02       5.11 r
  u_npu_core/u_core/u_fexu/U20193/ZN (OAI222D1BWP40P140)
                                                          0.04       5.15 f
  u_npu_core/u_core/u_fexu/U20194/ZN (INVD1BWP40P140)     0.02       5.17 r
  u_npu_core/u_core/u_fexu/U20200/ZN (OAI221D1BWP40P140)
                                                          0.03       5.20 f
  u_npu_core/u_core/u_fexu/U20201/ZN (OAI22D1BWP40P140)
                                                          0.03       5.23 r
  u_npu_core/u_core/u_fexu/add_380_C660/A[2] (fexu_EN_F1_DW01_add_238)
                                                          0.00       5.23 r
  u_npu_core/u_core/u_fexu/add_380_C660/U456/ZN (CKND2D1BWP40P140)
                                                          0.01       5.25 f
  u_npu_core/u_core/u_fexu/add_380_C660/U277/ZN (OAI21D0BWP40P140)
                                                          0.02       5.26 r
  u_npu_core/u_core/u_fexu/add_380_C660/U276/ZN (AOI21D1P5BWP40P140)
                                                          0.01       5.28 f
  u_npu_core/u_core/u_fexu/add_380_C660/U307/ZN (OAI21D1BWP40P140)
                                                          0.02       5.30 r
  u_npu_core/u_core/u_fexu/add_380_C660/U280/ZN (CKND2D1BWP40P140)
                                                          0.02       5.32 f
  u_npu_core/u_core/u_fexu/add_380_C660/U332/ZN (NR2OPTIBD1BWP40P140)
                                                          0.02       5.33 r
  u_npu_core/u_core/u_fexu/add_380_C660/U297/ZN (ND2OPTIBD1BWP40P140)
                                                          0.02       5.35 f
  u_npu_core/u_core/u_fexu/add_380_C660/U281/ZN (NR2D1BWP40P140)
                                                          0.02       5.37 r
  u_npu_core/u_core/u_fexu/add_380_C660/U324/ZN (CKND2D0BWP40P140)
                                                          0.02       5.39 f
  u_npu_core/u_core/u_fexu/add_380_C660/U270/ZN (NR2OPTIBD1BWP40P140)
                                                          0.02       5.41 r
  u_npu_core/u_core/u_fexu/add_380_C660/U269/Z (CKAN2D1BWP40P140)
                                                          0.03       5.43 r
  u_npu_core/u_core/u_fexu/add_380_C660/U273/ZN (CKND2D4BWP40P140)
                                                          0.01       5.44 f
  u_npu_core/u_core/u_fexu/add_380_C660/U323/ZN (OAI21D2BWP40P140)
                                                          0.01       5.45 r
  u_npu_core/u_core/u_fexu/add_380_C660/U284/ZN (XNR2OPTND2BWP40P140)
                                                          0.01       5.47 f
  u_npu_core/u_core/u_fexu/add_380_C660/SUM[30] (fexu_EN_F1_DW01_add_238)
                                                          0.00       5.47 f
  u_npu_core/u_core/u_fexu/U22473/ZN (INVD1BWP40P140)     0.01       5.48 r
  u_npu_core/u_core/u_fexu/U22475/Z (AN3D2BWP40P140)      0.03       5.51 r
  u_npu_core/u_core/u_fexu/U22476/ZN (ND4D1BWP40P140)     0.03       5.54 f
  u_npu_core/u_core/u_fexu/U22479/Z (OR2D1BWP40P140)      0.02       5.56 f
  u_npu_core/u_core/u_fexu/U4916/ZN (OAI31D2BWP40P140)
                                                          0.03       5.59 r
  u_npu_core/u_core/u_fexu/U5034/Z (OR2D0BWP40P140)       0.03       5.62 r
  u_npu_core/u_core/u_fexu/U4918/Z (OR2D1BWP40P140)       0.02       5.64 r
  u_npu_core/u_core/u_fexu/U22497/ZN (AOI21D1BWP40P140)
                                                          0.01       5.65 f
  u_npu_core/u_core/u_fexu/U1602/ZN (NR2OPTIBD1BWP40P140)
                                                          0.02       5.67 r
  u_npu_core/u_core/u_fexu/U22531/Z (OR2D1BWP40P140)      0.02       5.69 r
  u_npu_core/u_core/u_fexu/U22581/Z (OR2D1BWP40P140)      0.02       5.71 r
  u_npu_core/u_core/u_fexu/U22598/Z (OR2D1BWP40P140)      0.02       5.73 r
  u_npu_core/u_core/u_fexu/U22599/ZN (INVD1BWP40P140)     0.01       5.74 f
  u_npu_core/u_core/u_fexu/U6191/Z (XOR2UD0BWP40P140)     0.02       5.76 f
  u_npu_core/u_core/u_fexu/U22602/ZN (AOI221D1BWP40P140)
                                                          0.04       5.79 r
  u_npu_core/u_core/u_fexu/U22603/ZN (OAI221D1BWP40P140)
                                                          0.04       5.83 f
  u_npu_core/u_core/u_fexu/U22614/ZN (AOI221D1BWP40P140)
                                                          0.03       5.86 r
  u_npu_core/u_core/u_fexu/U22630/ZN (ND4D1BWP40P140)     0.03       5.89 f
  u_npu_core/u_core/u_fexu/U9326/Z (AO21D1BWP40P140)      0.03       5.92 f
  u_npu_core/u_core/u_fexu/q_fdata[28] (fexu_EN_F1)       0.00       5.92 f
  u_npu_core/u_core/U842/Z (MUX2D1BWP40P140)              0.03       5.95 f
  u_npu_core/u_core/ex_mem_f_data_r_reg[28]/D (DFQD1BWP40P140)
                                                          0.00       5.95 f
  data arrival time                                                  5.95

  clock clk (rise edge)                                   6.00       6.00
  clock network delay (ideal)                             0.00       6.00
  clock uncertainty                                      -0.05       5.95
  u_npu_core/u_core/ex_mem_f_data_r_reg[28]/CP (DFQD1BWP40P140)
                                                          0.00       5.95 r
  library setup time                                      0.00       5.95
  data required time                                                 5.95
  --------------------------------------------------------------------------
  data required time                                                 5.95
  data arrival time                                                 -5.95
  --------------------------------------------------------------------------
  slack (MET)                                                        0.00


  Startpoint: u_npu_core/u_core/if_ex_instr_reg[29]
              (rising edge-triggered flip-flop clocked by clk)
  Endpoint: u_npu_core/u_core/ex_mem_f_data_r_reg[28]
            (rising edge-triggered flip-flop clocked by clk)
  Path Group: clk
  Path Type: max

  Des/Clust/Port     Wire Load Model       Library
  ------------------------------------------------
  csr_RV32A0_PMP_ENTRIES0_EN_RVV1_EN_F1
                     ZeroWireload          tcbn28hpcplusbwp40p140tt0p9v25c
  trigger            ZeroWireload          tcbn28hpcplusbwp40p140tt0p9v25c
  div                ZeroWireload          tcbn28hpcplusbwp40p140tt0p9v25c
  mul                ZeroWireload          tcbn28hpcplusbwp40p140tt0p9v25c
  vexu_EN_RVV1       ZeroWireload          tcbn28hpcplusbwp40p140tt0p9v25c
  fexu_EN_F1         ZeroWireload          tcbn28hpcplusbwp40p140tt0p9v25c
  rfu                ZeroWireload          tcbn28hpcplusbwp40p140tt0p9v25c
  ifu_00000000_0     ZeroWireload          tcbn28hpcplusbwp40p140tt0p9v25c
  ras_EN_RAS0        ZeroWireload          tcbn28hpcplusbwp40p140tt0p9v25c
  bp_EN_BP0          ZeroWireload          tcbn28hpcplusbwp40p140tt0p9v25c
  npu_itcm_sram_dp_WORDS2048_AW11
                     ZeroWireload          tcbn28hpcplusbwp40p140tt0p9v25c
  npu_tcm_sram_dp_WORDS8192_AW13_DMA_DATA_W256_LANES4
                     ZeroWireload          tcbn28hpcplusbwp40p140tt0p9v25c
  core_00000000_0_0_0_0_0_1_1
                     ZeroWireload          tcbn28hpcplusbwp40p140tt0p9v25c
  axil_decerr        ZeroWireload          tcbn28hpcplusbwp40p140tt0p9v25c
  npu_itcm_WORDS2048_AW11
                     ZeroWireload          tcbn28hpcplusbwp40p140tt0p9v25c
  npu_tcm_WORDS8192_AW13_DMA_DATA_W256
                     ZeroWireload          tcbn28hpcplusbwp40p140tt0p9v25c
  npu_dma_BUF_AW13_DMA_DATA_W256
                     ZeroWireload          tcbn28hpcplusbwp40p140tt0p9v25c
  npu_ml_ctrl_ML_V2_EN1
                     ZeroWireload          tcbn28hpcplusbwp40p140tt0p9v25c
  npu_axil_regs      ZeroWireload          tcbn28hpcplusbwp40p140tt0p9v25c
  mat_engine_TCM_AW13_LANES4
                     ZeroWireload          tcbn28hpcplusbwp40p140tt0p9v25c
  npu_top_MAT_LANES4_DMA_DATA_W256_ML_V2_EN1
                     ZeroWireload          tcbn28hpcplusbwp40p140tt0p9v25c
  cpu_m1_top_00000000_0_0_0_1_1
                     ZeroWireload          tcbn28hpcplusbwp40p140tt0p9v25c
  idu_RV32A0_EN_RVV1_EN_F1
                     ZeroWireload          tcbn28hpcplusbwp40p140tt0p9v25c
  fexu_EN_F1_DW01_sub_154
                     ZeroWireload          tcbn28hpcplusbwp40p140tt0p9v25c
  fexu_EN_F1_DW01_sub_119
                     ZeroWireload          tcbn28hpcplusbwp40p140tt0p9v25c
  fexu_EN_F1_DW01_sub_152
                     ZeroWireload          tcbn28hpcplusbwp40p140tt0p9v25c
  fexu_EN_F1_DW01_add_238
                     ZeroWireload          tcbn28hpcplusbwp40p140tt0p9v25c

  Point                                                   Incr       Path
  --------------------------------------------------------------------------
  clock clk (rise edge)                                   0.00       0.00
  clock network delay (ideal)                             0.00       0.00
  u_npu_core/u_core/if_ex_instr_reg[29]/CP (DFQD4BWP40P140)
                                                          0.00 #     0.00 r
  u_npu_core/u_core/if_ex_instr_reg[29]/Q (DFQD4BWP40P140)
                                                          0.06       0.06 f
  u_npu_core/u_core/u_fexu/q_instr[29] (fexu_EN_F1)       0.00       0.06 f
  u_npu_core/u_core/u_fexu/U9854/ZN (INVD0BWP40P140)      0.03       0.09 r
  u_npu_core/u_core/u_fexu/U7774/Z (OR2D1BWP40P140)       0.03       0.12 r
  u_npu_core/u_core/u_fexu/U9859/Z (OR2D1BWP40P140)       0.07       0.20 r
  u_npu_core/u_core/u_fexu/U13522/Z (OA22D1BWP40P140)     0.05       0.24 r
  u_npu_core/u_core/u_fexu/U13521/ZN (OAI221D1BWP40P140)
                                                          0.03       0.28 f
  u_npu_core/u_core/u_fexu/U13515/Z (OR4D1BWP40P140)      0.04       0.31 f
  u_npu_core/u_core/u_fexu/U3893/ZN (MUX2NUD1BWP40P140)
                                                          0.03       0.34 r
  u_npu_core/u_core/u_fexu/U17717/ZN (INVD1BWP40P140)     0.02       0.37 f
  u_npu_core/u_core/u_fexu/U17718/ZN (IOA21D1BWP40P140)
                                                          0.01       0.38 r
  u_npu_core/u_core/u_fexu/U17719/ZN (INVD1BWP40P140)     0.01       0.39 f
  u_npu_core/u_core/u_fexu/U9350/Z (OR3D1BWP40P140)       0.03       0.42 f
  u_npu_core/u_core/u_fexu/U17722/Z (OR2D1BWP40P140)      0.02       0.44 f
  u_npu_core/u_core/u_fexu/U17725/Z (OR2D1BWP40P140)      0.02       0.46 f
  u_npu_core/u_core/u_fexu/U17726/ZN (INVD1BWP40P140)     0.01       0.47 r
  u_npu_core/u_core/u_fexu/U3128/Z (OR3D1BWP40P140)       0.02       0.49 r
  u_npu_core/u_core/u_fexu/U17727/ZN (ND4D1BWP40P140)     0.03       0.52 f
  u_npu_core/u_core/u_fexu/U6672/Z (OR2D1BWP40P140)       0.03       0.56 f
  u_npu_core/u_core/u_fexu/U17733/ZN (OAI221D1BWP40P140)
                                                          0.02       0.58 r
  u_npu_core/u_core/u_fexu/U6551/Z (OR3D1BWP40P140)       0.03       0.61 r
  u_npu_core/u_core/u_fexu/U10610/ZN (ND4D0BWP40P140)     0.04       0.65 f
  u_npu_core/u_core/u_fexu/U10607/Z (OR4D1BWP40P140)      0.05       0.69 f
  u_npu_core/u_core/u_fexu/U17734/ZN (ND4D1BWP40P140)     0.02       0.71 r
  u_npu_core/u_core/u_fexu/U17739/ZN (INVD1BWP40P140)     0.01       0.72 f
  u_npu_core/u_core/u_fexu/U17740/ZN (IOA21D1BWP40P140)
                                                          0.01       0.73 r
  u_npu_core/u_core/u_fexu/U10582/ZN (OAI31D0BWP40P140)
                                                          0.02       0.75 f
  u_npu_core/u_core/u_fexu/U6853/Z (OR3D1BWP40P140)       0.03       0.78 f
  u_npu_core/u_core/u_fexu/U9940/ZN (NR3D0BWP40P140)      0.02       0.80 r
  u_npu_core/u_core/u_fexu/U17742/ZN (AOI21D1BWP40P140)
                                                          0.02       0.82 f
  u_npu_core/u_core/u_fexu/U17743/ZN (ND4D1BWP40P140)     0.02       0.84 r
  u_npu_core/u_core/u_fexu/U10077/ZN (NR2D1BWP40P140)     0.01       0.85 f
  u_npu_core/u_core/u_fexu/U17746/Z (OR2D1BWP40P140)      0.02       0.87 f
  u_npu_core/u_core/u_fexu/U17747/ZN (INVD1BWP40P140)     0.01       0.88 r
  u_npu_core/u_core/u_fexu/U4017/Z (AN4D1BWP40P140)       0.05       0.93 r
  u_npu_core/u_core/u_fexu/U6239/Z (OR3D0BWP40P140)       0.03       0.96 r
  u_npu_core/u_core/u_fexu/U17751/ZN (INVD1BWP40P140)     0.01       0.96 f
  u_npu_core/u_core/u_fexu/U6854/Z (OR3D1BWP40P140)       0.03       0.99 f
  u_npu_core/u_core/u_fexu/U17754/Z (OR2D1BWP40P140)      0.02       1.01 f
  u_npu_core/u_core/u_fexu/U17755/ZN (ND4D1BWP40P140)     0.01       1.03 r
  u_npu_core/u_core/u_fexu/U17759/ZN (INVD1BWP40P140)     0.01       1.03 f
  u_npu_core/u_core/u_fexu/U17760/ZN (IOA21D1BWP40P140)
                                                          0.02       1.06 f
  u_npu_core/u_core/u_fexu/U10076/ZN (NR3D0BWP40P140)     0.02       1.08 r
  u_npu_core/u_core/u_fexu/U17763/ZN (ND4D1BWP40P140)     0.03       1.11 f
  u_npu_core/u_core/u_fexu/U3985/ZN (NR3D0BWP40P140)      0.03       1.14 r
  u_npu_core/u_core/u_fexu/U17768/Z (OR2D1BWP40P140)      0.02       1.16 r
  u_npu_core/u_core/u_fexu/U17769/ZN (AOI31D1BWP40P140)
                                                          0.01       1.17 f
  u_npu_core/u_core/u_fexu/U17770/ZN (ND4D1BWP40P140)     0.02       1.19 r
  u_npu_core/u_core/u_fexu/U17771/ZN (INVD1BWP40P140)     0.01       1.20 f
  u_npu_core/u_core/u_fexu/U10074/Z (AN4D1BWP40P140)      0.02       1.23 f
  u_npu_core/u_core/u_fexu/U9939/ZN (NR2D0BWP40P140)      0.03       1.25 r
  u_npu_core/u_core/u_fexu/U17772/ZN (ND4D1BWP40P140)     0.04       1.29 f
  u_npu_core/u_core/u_fexu/U17773/ZN (INVD1BWP40P140)     0.01       1.30 r
  u_npu_core/u_core/u_fexu/U17774/ZN (ND4D1BWP40P140)     0.04       1.34 f
  u_npu_core/u_core/u_fexu/U17775/ZN (INVD1BWP40P140)     0.02       1.36 r
  u_npu_core/u_core/u_fexu/U17776/Z (OR2D1BWP40P140)      0.03       1.39 r
  u_npu_core/u_core/u_fexu/U17778/Z (OR2D1BWP40P140)      0.03       1.41 r
  u_npu_core/u_core/u_fexu/U17779/ZN (IOA21D1BWP40P140)
                                                          0.02       1.43 f
  u_npu_core/u_core/u_fexu/U17810/ZN (INVD1BWP40P140)     0.01       1.44 r
  u_npu_core/u_core/u_fexu/U17811/Z (OR2D1BWP40P140)      0.02       1.46 r
  u_npu_core/u_core/u_fexu/U17812/ZN (INVD1BWP40P140)     0.01       1.47 f
  u_npu_core/u_core/u_fexu/U17813/Z (OR2D1BWP40P140)      0.02       1.49 f
  u_npu_core/u_core/u_fexu/U17814/ZN (INVD1BWP40P140)     0.01       1.51 r
  u_npu_core/u_core/u_fexu/U17815/ZN (IOA21D1BWP40P140)
                                                          0.03       1.53 r
  u_npu_core/u_core/u_fexu/sub_608/B[1] (fexu_EN_F1_DW01_sub_154)
                                                          0.00       1.53 r
  u_npu_core/u_core/u_fexu/sub_608/U118/ZN (INVD1BWP40P140)
                                                          0.01       1.54 f
  u_npu_core/u_core/u_fexu/sub_608/U120/ZN (NR2D1BWP40P140)
                                                          0.02       1.56 r
  u_npu_core/u_core/u_fexu/sub_608/U126/ZN (INVD1BWP40P140)
                                                          0.01       1.57 f
  u_npu_core/u_core/u_fexu/sub_608/U125/ZN (ND2OPTIBD1BWP40P140)
                                                          0.01       1.58 r
  u_npu_core/u_core/u_fexu/sub_608/U124/Z (XOR2UD1BWP40P140)
                                                          0.02       1.60 r
  u_npu_core/u_core/u_fexu/sub_608/DIFF[1] (fexu_EN_F1_DW01_sub_154)
                                                          0.00       1.60 r
  u_npu_core/u_core/u_fexu/U17865/Z (OR2D1BWP40P140)      0.03       1.63 r
  u_npu_core/u_core/u_fexu/U17866/Z (OR2D1BWP40P140)      0.02       1.65 r
  u_npu_core/u_core/u_fexu/U17867/Z (OR2D1BWP40P140)      0.02       1.68 r
  u_npu_core/u_core/u_fexu/U17868/Z (OR2D1BWP40P140)      0.03       1.71 r
  u_npu_core/u_core/u_fexu/U18227/Z (OR2D1BWP40P140)      0.03       1.74 r
  u_npu_core/u_core/u_fexu/U7992/Z (OR3D1BWP40P140)       0.03       1.77 r
  u_npu_core/u_core/u_fexu/U18715/Z (OR2D1BWP40P140)      0.02       1.79 r
  u_npu_core/u_core/u_fexu/U18716/ZN (INVD1BWP40P140)     0.01       1.80 f
  u_npu_core/u_core/u_fexu/U18717/Z (OR2D1BWP40P140)      0.03       1.82 f
  u_npu_core/u_core/u_fexu/U18718/ZN (IOA21D1BWP40P140)
                                                          0.01       1.83 r
  u_npu_core/u_core/u_fexu/U18719/ZN (INVD1BWP40P140)     0.02       1.85 f
  u_npu_core/u_core/u_fexu/U18720/Z (OR2D1BWP40P140)      0.02       1.87 f
  u_npu_core/u_core/u_fexu/U18721/ZN (INVD1BWP40P140)     0.01       1.88 r
  u_npu_core/u_core/u_fexu/U9785/Z (AN4D1BWP40P140)       0.07       1.95 r
  u_npu_core/u_core/u_fexu/U18756/Z (OR2D1BWP40P140)      0.04       1.99 r
  u_npu_core/u_core/u_fexu/U7777/Z (OR2D1BWP40P140)       0.05       2.04 r
  u_npu_core/u_core/u_fexu/U7381/ZN (INVD1BWP40P140)      0.06       2.10 f
  u_npu_core/u_core/u_fexu/U19099/ZN (AOI22D1BWP40P140)
                                                          0.03       2.13 r
  u_npu_core/u_core/u_fexu/U19100/ZN (OAI221D1BWP40P140)
                                                          0.04       2.18 f
  u_npu_core/u_core/u_fexu/sub_630_3/B[1] (fexu_EN_F1_DW01_sub_119)
                                                          0.00       2.18 f
  u_npu_core/u_core/u_fexu/sub_630_3/U424/ZN (INVD1BWP40P140)
                                                          0.02       2.19 r
  u_npu_core/u_core/u_fexu/sub_630_3/U429/ZN (ND2OPTIBD1BWP40P140)
                                                          0.02       2.21 f
  u_npu_core/u_core/u_fexu/sub_630_3/U435/ZN (NR2D1BWP40P140)
                                                          0.02       2.23 r
  u_npu_core/u_core/u_fexu/sub_630_3/U427/ZN (ND2OPTIBD1BWP40P140)
                                                          0.02       2.24 f
  u_npu_core/u_core/u_fexu/sub_630_3/U422/ZN (NR2OPTPAD1BWP40P140)
                                                          0.01       2.25 r
  u_npu_core/u_core/u_fexu/sub_630_3/U561/ZN (ND2OPTIBD1BWP40P140)
                                                          0.01       2.27 f
  u_npu_core/u_core/u_fexu/sub_630_3/U431/ZN (NR2OPTIBD1BWP40P140)
                                                          0.01       2.28 r
  u_npu_core/u_core/u_fexu/sub_630_3/U573/ZN (ND2OPTIBD1BWP40P140)
                                                          0.02       2.30 f
  u_npu_core/u_core/u_fexu/sub_630_3/U436/ZN (NR2OPTIBD1BWP40P140)
                                                          0.02       2.31 r
  u_npu_core/u_core/u_fexu/sub_630_3/U701/ZN (ND2OPTIBD1BWP40P140)
                                                          0.01       2.33 f
  u_npu_core/u_core/u_fexu/sub_630_3/U432/ZN (NR2OPTIBD1BWP40P140)
                                                          0.02       2.34 r
  u_npu_core/u_core/u_fexu/sub_630_3/U571/ZN (ND2OPTIBD1BWP40P140)
                                                          0.02       2.36 f
  u_npu_core/u_core/u_fexu/sub_630_3/U635/ZN (NR2D1BWP40P140)
                                                          0.02       2.37 r
  u_npu_core/u_core/u_fexu/sub_630_3/U633/ZN (ND2OPTIBD1BWP40P140)
                                                          0.02       2.39 f
  u_npu_core/u_core/u_fexu/sub_630_3/U696/ZN (NR2D1BWP40P140)
                                                          0.02       2.40 r
  u_npu_core/u_core/u_fexu/sub_630_3/U697/ZN (ND2OPTIBD1BWP40P140)
                                                          0.02       2.42 f
  u_npu_core/u_core/u_fexu/sub_630_3/U632/ZN (NR2D1BWP40P140)
                                                          0.02       2.44 r
  u_npu_core/u_core/u_fexu/sub_630_3/U575/ZN (ND2OPTIBD1BWP40P140)
                                                          0.02       2.45 f
  u_npu_core/u_core/u_fexu/sub_630_3/U695/ZN (NR2D1BWP40P140)
                                                          0.02       2.47 r
  u_npu_core/u_core/u_fexu/sub_630_3/U693/ZN (ND2OPTIBD1BWP40P140)
                                                          0.02       2.48 f
  u_npu_core/u_core/u_fexu/sub_630_3/U631/ZN (NR2D1BWP40P140)
                                                          0.02       2.50 r
  u_npu_core/u_core/u_fexu/sub_630_3/U584/ZN (ND2OPTIBD1BWP40P140)
                                                          0.02       2.51 f
  u_npu_core/u_core/u_fexu/sub_630_3/U586/ZN (NR2D1BWP40P140)
                                                          0.02       2.53 r
  u_npu_core/u_core/u_fexu/sub_630_3/U589/ZN (ND2OPTIBD1BWP40P140)
                                                          0.02       2.55 f
  u_npu_core/u_core/u_fexu/sub_630_3/U581/ZN (NR2D1BWP40P140)
                                                          0.01       2.56 r
  u_npu_core/u_core/u_fexu/sub_630_3/U587/ZN (ND2OPTIBD1BWP40P140)
                                                          0.01       2.57 f
  u_npu_core/u_core/u_fexu/sub_630_3/U421/ZN (NR2D1BWP40P140)
                                                          0.01       2.59 r
  u_npu_core/u_core/u_fexu/sub_630_3/U582/ZN (ND2OPTIBD1BWP40P140)
                                                          0.02       2.60 f
  u_npu_core/u_core/u_fexu/sub_630_3/U499/ZN (NR2D1BWP40P140)
                                                          0.02       2.62 r
  u_npu_core/u_core/u_fexu/sub_630_3/U516/ZN (ND2OPTIBD1BWP40P140)
                                                          0.02       2.64 f
  u_npu_core/u_core/u_fexu/sub_630_3/U625/ZN (NR2D1BWP40P140)
                                                          0.02       2.65 r
  u_npu_core/u_core/u_fexu/sub_630_3/U518/ZN (ND2OPTIBD1BWP40P140)
                                                          0.02       2.67 f
  u_npu_core/u_core/u_fexu/sub_630_3/U520/ZN (NR2D1BWP40P140)
                                                          0.02       2.68 r
  u_npu_core/u_core/u_fexu/sub_630_3/U623/ZN (ND2OPTIBD1BWP40P140)
                                                          0.01       2.70 f
  u_npu_core/u_core/u_fexu/sub_630_3/U622/ZN (NR2D1BWP40P140)
                                                          0.01       2.71 r
  u_npu_core/u_core/u_fexu/sub_630_3/U620/ZN (ND2OPTIBD1BWP40P140)
                                                          0.01       2.73 f
  u_npu_core/u_core/u_fexu/sub_630_3/U514/ZN (NR2D1BWP40P140)
                                                          0.01       2.74 r
  u_npu_core/u_core/u_fexu/sub_630_3/U496/ZN (ND2OPTIBD1BWP40P140)
                                                          0.02       2.76 f
  u_npu_core/u_core/u_fexu/sub_630_3/U569/ZN (NR2D1BWP40P140)
                                                          0.02       2.77 r
  u_npu_core/u_core/u_fexu/sub_630_3/U510/ZN (ND2OPTIBD1BWP40P140)
                                                          0.02       2.79 f
  u_npu_core/u_core/u_fexu/sub_630_3/U615/ZN (NR2D1BWP40P140)
                                                          0.01       2.80 r
  u_npu_core/u_core/u_fexu/sub_630_3/U506/ZN (ND2OPTIBD1BWP40P140)
                                                          0.01       2.82 f
  u_npu_core/u_core/u_fexu/sub_630_3/U608/ZN (NR2D1BWP40P140)
                                                          0.01       2.83 r
  u_npu_core/u_core/u_fexu/sub_630_3/U502/ZN (ND2OPTIBD1BWP40P140)
                                                          0.01       2.85 f
  u_npu_core/u_core/u_fexu/sub_630_3/U601/ZN (NR2D1BWP40P140)
                                                          0.01       2.86 r
  u_npu_core/u_core/u_fexu/sub_630_3/U541/ZN (ND2OPTIBD1BWP40P140)
                                                          0.01       2.88 f
  u_npu_core/u_core/u_fexu/sub_630_3/U660/ZN (NR2D1BWP40P140)
                                                          0.01       2.89 r
  u_npu_core/u_core/u_fexu/sub_630_3/U537/ZN (ND2OPTIBD1BWP40P140)
                                                          0.01       2.90 f
  u_npu_core/u_core/u_fexu/sub_630_3/U649/ZN (NR2D1BWP40P140)
                                                          0.01       2.92 r
  u_npu_core/u_core/u_fexu/sub_630_3/U528/ZN (ND2OPTIBD1BWP40P140)
                                                          0.01       2.93 f
  u_npu_core/u_core/u_fexu/sub_630_3/U645/ZN (NR2D1BWP40P140)
                                                          0.02       2.95 r
  u_npu_core/u_core/u_fexu/sub_630_3/U523/ZN (ND2OPTIBD1BWP40P140)
                                                          0.02       2.96 f
  u_npu_core/u_core/u_fexu/sub_630_3/U641/ZN (NR2D1BWP40P140)
                                                          0.02       2.98 r
  u_npu_core/u_core/u_fexu/sub_630_3/U551/ZN (ND2OPTIBD1BWP40P140)
                                                          0.02       3.00 f
  u_npu_core/u_core/u_fexu/sub_630_3/U674/ZN (NR2D1BWP40P140)
                                                          0.02       3.01 r
  u_npu_core/u_core/u_fexu/sub_630_3/U546/ZN (ND2OPTIBD1BWP40P140)
                                                          0.01       3.03 f
  u_npu_core/u_core/u_fexu/sub_630_3/U433/ZN (NR2OPTIBD1BWP40P140)
                                                          0.01       3.04 r
  u_npu_core/u_core/u_fexu/sub_630_3/U668/ZN (ND2OPTIBD1BWP40P140)
                                                          0.01       3.05 f
  u_npu_core/u_core/u_fexu/sub_630_3/U426/ZN (NR2D0P7BWP40P140)
                                                          0.02       3.07 r
  u_npu_core/u_core/u_fexu/sub_630_3/U563/ZN (ND2OPTIBD1BWP40P140)
                                                          0.02       3.09 f
  u_npu_core/u_core/u_fexu/sub_630_3/U686/ZN (NR2D1BWP40P140)
                                                          0.01       3.10 r
  u_npu_core/u_core/u_fexu/sub_630_3/U684/ZN (AOI21D1BWP40P140)
                                                          0.06       3.16 f
  u_npu_core/u_core/u_fexu/sub_630_3/DIFF[62] (fexu_EN_F1_DW01_sub_119)
                                                          0.00       3.16 f
  u_npu_core/u_core/u_fexu/U496/ZN (INVD18BWP40P140)      0.01       3.17 r
  u_npu_core/u_core/u_fexu/U495/ZN (MAOI22D2BWP40P140)
                                                          0.03       3.20 r
  u_npu_core/u_core/u_fexu/U1902/ZN (OAI221D2BWP40P140)
                                                          0.03       3.24 f
  u_npu_core/u_core/u_fexu/U19327/Z (OR2D1BWP40P140)      0.03       3.26 f
  u_npu_core/u_core/u_fexu/U6311/Z (OR3D2BWP40P140)       0.03       3.30 f
  u_npu_core/u_core/u_fexu/U10712/ZN (INR4D2BWP40P140)
                                                          0.02       3.32 r
  u_npu_core/u_core/u_fexu/U6165/ZN (INVD3BWP40P140)      0.01       3.33 f
  u_npu_core/u_core/u_fexu/U19344/Z (OR2D1BWP40P140)      0.03       3.35 f
  u_npu_core/u_core/u_fexu/U10800/ZN (IOA21D2BWP40P140)
                                                          0.01       3.36 r
  u_npu_core/u_core/u_fexu/U10711/Z (OR4D1BWP40P140)      0.02       3.39 r
  u_npu_core/u_core/u_fexu/U19345/Z (OR2D1BWP40P140)      0.03       3.42 r
  u_npu_core/u_core/u_fexu/U19366/Z (OR2D1BWP40P140)      0.03       3.44 r
  u_npu_core/u_core/u_fexu/U19367/ZN (INVD1BWP40P140)     0.01       3.45 f
  u_npu_core/u_core/u_fexu/U10897/Z (OR2D2BWP40P140)      0.02       3.47 f
  u_npu_core/u_core/u_fexu/U6948/Z (OR3D1BWP40P140)       0.02       3.50 f
  u_npu_core/u_core/u_fexu/U19376/Z (OR2D1BWP40P140)      0.02       3.52 f
  u_npu_core/u_core/u_fexu/U19377/Z (OR2D1BWP40P140)      0.02       3.54 f
  u_npu_core/u_core/u_fexu/U1908/ZN (IND4D4BWP40P140)     0.01       3.55 r
  u_npu_core/u_core/u_fexu/U19389/Z (AO211D1BWP40P140)
                                                          0.02       3.58 r
  u_npu_core/u_core/u_fexu/U19390/Z (OR2D1BWP40P140)      0.03       3.61 r
  u_npu_core/u_core/u_fexu/U121/Z (OR2D6BWP40P140)        0.02       3.63 r
  u_npu_core/u_core/u_fexu/U19410/ZN (INVD1BWP40P140)     0.01       3.64 f
  u_npu_core/u_core/u_fexu/U1905/Z (OR3D6BWP40P140)       0.03       3.67 f
  u_npu_core/u_core/u_fexu/U1903/ZN (ND4D4BWP40P140)      0.01       3.68 r
  u_npu_core/u_core/u_fexu/U19439/Z (AO211D1BWP40P140)
                                                          0.02       3.70 r
  u_npu_core/u_core/u_fexu/U19440/ZN (INVD1BWP40P140)     0.01       3.71 f
  u_npu_core/u_core/u_fexu/U19453/Z (OR2D1BWP40P140)      0.02       3.73 f
  u_npu_core/u_core/u_fexu/U19454/ZN (AOI31D1BWP40P140)
                                                          0.02       3.75 r
  u_npu_core/u_core/u_fexu/U19455/ZN (OAI221D1BWP40P140)
                                                          0.04       3.79 f
  u_npu_core/u_core/u_fexu/U1901/ZN (NR2D1P5BWP40P140)
                                                          0.02       3.81 r
  u_npu_core/u_core/u_fexu/U11102/Z (AN4D2BWP40P140)      0.04       3.85 r
  u_npu_core/u_core/u_fexu/U19464/Z (AO211D1BWP40P140)
                                                          0.02       3.87 r
  u_npu_core/u_core/u_fexu/U7374/Z (OR3D1BWP40P140)       0.02       3.90 r
  u_npu_core/u_core/u_fexu/U7108/ZN (OAI31D1BWP40P140)
                                                          0.02       3.92 f
  u_npu_core/u_core/u_fexu/U3666/Z (OR2D1BWP40P140)       0.03       3.95 f
  u_npu_core/u_core/u_fexu/U11207/Z (OR2D4BWP40P140)      0.02       3.97 f
  u_npu_core/u_core/u_fexu/U11206/ZN (IOA21D2BWP40P140)
                                                          0.01       3.97 r
  u_npu_core/u_core/u_fexu/U7384/Z (OR3D1BWP40P140)       0.02       4.00 r
  u_npu_core/u_core/u_fexu/U19493/ZN (INVD1BWP40P140)     0.01       4.01 f
  u_npu_core/u_core/u_fexu/U10934/Z (AO211D2BWP40P140)
                                                          0.04       4.04 f
  u_npu_core/u_core/u_fexu/U10933/ZN (INVD1P5BWP40P140)
                                                          0.01       4.05 r
  u_npu_core/u_core/u_fexu/U19500/ZN (ND4D1BWP40P140)     0.02       4.07 f
  u_npu_core/u_core/u_fexu/U7112/Z (OR2D1BWP40P140)       0.03       4.10 f
  u_npu_core/u_core/u_fexu/U7116/Z (OR2D2BWP40P140)       0.02       4.12 f
  u_npu_core/u_core/u_fexu/U19509/ZN (INVD1BWP40P140)     0.01       4.13 r
  u_npu_core/u_core/u_fexu/U19510/Z (OR2D1BWP40P140)      0.02       4.15 r
  u_npu_core/u_core/u_fexu/U19514/ZN (INVD1BWP40P140)     0.01       4.16 f
  u_npu_core/u_core/u_fexu/U19515/ZN (ND4D1BWP40P140)     0.01       4.17 r
  u_npu_core/u_core/u_fexu/U19516/Z (OR2D1BWP40P140)      0.02       4.19 r
  u_npu_core/u_core/u_fexu/U19517/ZN (INVD1BWP40P140)     0.01       4.20 f
  u_npu_core/u_core/u_fexu/U10692/ZN (IOA21D2BWP40P140)
                                                          0.02       4.22 f
  u_npu_core/u_core/u_fexu/U10691/ZN (INVD1P5BWP40P140)
                                                          0.01       4.23 r
  u_npu_core/u_core/u_fexu/U10932/ZN (IND4D1BWP40P140)
                                                          0.03       4.26 f
  u_npu_core/u_core/u_fexu/U19520/Z (OR3D2BWP40P140)      0.04       4.29 f
  u_npu_core/u_core/u_fexu/U10690/ZN (IND4D2BWP40P140)
                                                          0.01       4.30 r
  u_npu_core/u_core/u_fexu/U11158/Z (OR2D2BWP40P140)      0.03       4.33 r
  u_npu_core/u_core/u_fexu/U19524/Z (OR2D1BWP40P140)      0.02       4.35 r
  u_npu_core/u_core/u_fexu/U19525/ZN (INVD1BWP40P140)     0.01       4.36 f
  u_npu_core/u_core/u_fexu/U6293/Z (OR3D1BWP40P140)       0.03       4.39 f
  u_npu_core/u_core/u_fexu/U6294/Z (OR3D1BWP40P140)       0.03       4.41 f
  u_npu_core/u_core/u_fexu/U19529/ZN (INVD1BWP40P140)     0.01       4.43 r
  u_npu_core/u_core/u_fexu/U7113/Z (OR3D1BWP40P140)       0.02       4.45 r
  u_npu_core/u_core/u_fexu/U19551/Z (OR2D1BWP40P140)      0.02       4.47 r
  u_npu_core/u_core/u_fexu/U19552/ZN (ND4D1BWP40P140)     0.03       4.50 f
  u_npu_core/u_core/u_fexu/U19553/ZN (OAI31D1BWP40P140)
                                                          0.02       4.51 r
  u_npu_core/u_core/u_fexu/U19554/ZN (AOI31D1BWP40P140)
                                                          0.02       4.53 f
  u_npu_core/u_core/u_fexu/U19559/ZN (IND4D1BWP40P140)
                                                          0.01       4.55 r
  u_npu_core/u_core/u_fexu/U11149/Z (OR3D4BWP40P140)      0.02       4.57 r
  u_npu_core/u_core/u_fexu/U19562/ZN (OAI31D1BWP40P140)
                                                          0.02       4.59 f
  u_npu_core/u_core/u_fexu/U19563/Z (OR2D1BWP40P140)      0.03       4.62 f
  u_npu_core/u_core/u_fexu/U19564/Z (OR2D1BWP40P140)      0.03       4.65 f
  u_npu_core/u_core/u_fexu/U9920/ZN (NR3D0BWP40P140)      0.03       4.68 r
  u_npu_core/u_core/u_fexu/U19565/Z (AO211D1BWP40P140)
                                                          0.03       4.71 r
  u_npu_core/u_core/u_fexu/sub_650/B[5] (fexu_EN_F1_DW01_sub_152)
                                                          0.00       4.71 r
  u_npu_core/u_core/u_fexu/sub_650/U125/ZN (INVD1BWP40P140)
                                                          0.01       4.72 f
  u_npu_core/u_core/u_fexu/sub_650/U89/ZN (NR2OPTIBD1BWP40P140)
                                                          0.02       4.74 r
  u_npu_core/u_core/u_fexu/sub_650/U121/ZN (OAI21D1BWP40P140)
                                                          0.02       4.75 f
  u_npu_core/u_core/u_fexu/sub_650/U95/ZN (AOI21D1BWP40P140)
                                                          0.03       4.78 r
  u_npu_core/u_core/u_fexu/sub_650/U148/ZN (OAI21D2BWP40P140)
                                                          0.02       4.80 f
  u_npu_core/u_core/u_fexu/sub_650/U146/ZN (XNR2UD1BWP40P140)
                                                          0.02       4.82 r
  u_npu_core/u_core/u_fexu/sub_650/DIFF[7] (fexu_EN_F1_DW01_sub_152)
                                                          0.00       4.82 r
  u_npu_core/u_core/u_fexu/U19578/ZN (INVD1BWP40P140)     0.01       4.83 f
  u_npu_core/u_core/u_fexu/U19580/Z (OR2D1BWP40P140)      0.02       4.85 f
  u_npu_core/u_core/u_fexu/U19581/ZN (INVD1BWP40P140)     0.01       4.86 r
  u_npu_core/u_core/u_fexu/U19583/ZN (IOA21D1BWP40P140)
                                                          0.02       4.89 r
  u_npu_core/u_core/u_fexu/U19584/ZN (IOA21D1BWP40P140)
                                                          0.03       4.91 r
  u_npu_core/u_core/u_fexu/U19585/ZN (INVD1BWP40P140)     0.02       4.93 f
  u_npu_core/u_core/u_fexu/U19586/Z (OR2D1BWP40P140)      0.03       4.95 f
  u_npu_core/u_core/u_fexu/U19587/ZN (INVD1BWP40P140)     0.02       4.97 r
  u_npu_core/u_core/u_fexu/U11051/Z (OR2D4BWP40P140)      0.03       5.00 r
  u_npu_core/u_core/u_fexu/U3814/ZN (CKND4BWP40P140)      0.01       5.01 f
  u_npu_core/u_core/u_fexu/U3008/Z (AO22D0BWP40P140)      0.03       5.05 f
  u_npu_core/u_core/u_fexu/U9436/ZN (AOI221D1BWP40P140)
                                                          0.03       5.08 r
  u_npu_core/u_core/u_fexu/U9435/ZN (INVD1P5BWP40P140)
                                                          0.01       5.09 f
  u_npu_core/u_core/u_fexu/U20188/ZN (OAI22D1BWP40P140)
                                                          0.02       5.11 r
  u_npu_core/u_core/u_fexu/U20193/ZN (OAI222D1BWP40P140)
                                                          0.04       5.15 f
  u_npu_core/u_core/u_fexu/U20194/ZN (INVD1BWP40P140)     0.02       5.17 r
  u_npu_core/u_core/u_fexu/U20200/ZN (OAI221D1BWP40P140)
                                                          0.03       5.20 f
  u_npu_core/u_core/u_fexu/U20201/ZN (OAI22D1BWP40P140)
                                                          0.03       5.23 r
  u_npu_core/u_core/u_fexu/add_380_C660/A[2] (fexu_EN_F1_DW01_add_238)
                                                          0.00       5.23 r
  u_npu_core/u_core/u_fexu/add_380_C660/U456/ZN (CKND2D1BWP40P140)
                                                          0.01       5.25 f
  u_npu_core/u_core/u_fexu/add_380_C660/U277/ZN (OAI21D0BWP40P140)
                                                          0.02       5.26 r
  u_npu_core/u_core/u_fexu/add_380_C660/U276/ZN (AOI21D1P5BWP40P140)
                                                          0.01       5.28 f
  u_npu_core/u_core/u_fexu/add_380_C660/U307/ZN (OAI21D1BWP40P140)
                                                          0.02       5.30 r
  u_npu_core/u_core/u_fexu/add_380_C660/U280/ZN (CKND2D1BWP40P140)
                                                          0.02       5.32 f
  u_npu_core/u_core/u_fexu/add_380_C660/U332/ZN (NR2OPTIBD1BWP40P140)
                                                          0.02       5.33 r
  u_npu_core/u_core/u_fexu/add_380_C660/U297/ZN (ND2OPTIBD1BWP40P140)
                                                          0.02       5.35 f
  u_npu_core/u_core/u_fexu/add_380_C660/U281/ZN (NR2D1BWP40P140)
                                                          0.02       5.37 r
  u_npu_core/u_core/u_fexu/add_380_C660/U324/ZN (CKND2D0BWP40P140)
                                                          0.02       5.39 f
  u_npu_core/u_core/u_fexu/add_380_C660/U270/ZN (NR2OPTIBD1BWP40P140)
                                                          0.02       5.41 r
  u_npu_core/u_core/u_fexu/add_380_C660/U269/Z (CKAN2D1BWP40P140)
                                                          0.03       5.43 r
  u_npu_core/u_core/u_fexu/add_380_C660/U273/ZN (CKND2D4BWP40P140)
                                                          0.01       5.44 f
  u_npu_core/u_core/u_fexu/add_380_C660/U323/ZN (OAI21D2BWP40P140)
                                                          0.01       5.45 r
  u_npu_core/u_core/u_fexu/add_380_C660/U284/ZN (XNR2OPTND2BWP40P140)
                                                          0.01       5.47 f
  u_npu_core/u_core/u_fexu/add_380_C660/SUM[30] (fexu_EN_F1_DW01_add_238)
                                                          0.00       5.47 f
  u_npu_core/u_core/u_fexu/U22473/ZN (INVD1BWP40P140)     0.01       5.48 r
  u_npu_core/u_core/u_fexu/U22475/Z (AN3D2BWP40P140)      0.03       5.51 r
  u_npu_core/u_core/u_fexu/U22476/ZN (ND4D1BWP40P140)     0.03       5.54 f
  u_npu_core/u_core/u_fexu/U22479/Z (OR2D1BWP40P140)      0.02       5.56 f
  u_npu_core/u_core/u_fexu/U4916/ZN (OAI31D2BWP40P140)
                                                          0.03       5.59 r
  u_npu_core/u_core/u_fexu/U5034/Z (OR2D0BWP40P140)       0.03       5.62 r
  u_npu_core/u_core/u_fexu/U4918/Z (OR2D1BWP40P140)       0.02       5.64 r
  u_npu_core/u_core/u_fexu/U22497/ZN (AOI21D1BWP40P140)
                                                          0.01       5.65 f
  u_npu_core/u_core/u_fexu/U1602/ZN (NR2OPTIBD1BWP40P140)
                                                          0.02       5.67 r
  u_npu_core/u_core/u_fexu/U22531/Z (OR2D1BWP40P140)      0.02       5.69 r
  u_npu_core/u_core/u_fexu/U22581/Z (OR2D1BWP40P140)      0.02       5.71 r
  u_npu_core/u_core/u_fexu/U22598/Z (OR2D1BWP40P140)      0.02       5.73 r
  u_npu_core/u_core/u_fexu/U22599/ZN (INVD1BWP40P140)     0.01       5.74 f
  u_npu_core/u_core/u_fexu/U6191/Z (XOR2UD0BWP40P140)     0.02       5.76 f
  u_npu_core/u_core/u_fexu/U22602/ZN (AOI221D1BWP40P140)
                                                          0.04       5.79 r
  u_npu_core/u_core/u_fexu/U22603/ZN (OAI221D1BWP40P140)
                                                          0.04       5.83 f
  u_npu_core/u_core/u_fexu/U22614/ZN (AOI221D1BWP40P140)
                                                          0.03       5.86 r
  u_npu_core/u_core/u_fexu/U22630/ZN (ND4D1BWP40P140)     0.03       5.89 f
  u_npu_core/u_core/u_fexu/U9326/Z (AO21D1BWP40P140)      0.03       5.92 f
  u_npu_core/u_core/u_fexu/q_fdata[28] (fexu_EN_F1)       0.00       5.92 f
  u_npu_core/u_core/U842/Z (MUX2D1BWP40P140)              0.03       5.95 f
  u_npu_core/u_core/ex_mem_f_data_r_reg[28]/D (DFQD1BWP40P140)
                                                          0.00       5.95 f
  data arrival time                                                  5.95

  clock clk (rise edge)                                   6.00       6.00
  clock network delay (ideal)                             0.00       6.00
  clock uncertainty                                      -0.05       5.95
  u_npu_core/u_core/ex_mem_f_data_r_reg[28]/CP (DFQD1BWP40P140)
                                                          0.00       5.95 r
  library setup time                                      0.00       5.95
  data required time                                                 5.95
  --------------------------------------------------------------------------
  data required time                                                 5.95
  data arrival time                                                 -5.95
  --------------------------------------------------------------------------
  slack (MET)                                                        0.00


  Startpoint: u_npu_core/u_core/if_ex_instr_reg[29]
              (rising edge-triggered flip-flop clocked by clk)
  Endpoint: u_npu_core/u_core/ex_mem_f_data_r_reg[28]
            (rising edge-triggered flip-flop clocked by clk)
  Path Group: clk
  Path Type: max

  Des/Clust/Port     Wire Load Model       Library
  ------------------------------------------------
  csr_RV32A0_PMP_ENTRIES0_EN_RVV1_EN_F1
                     ZeroWireload          tcbn28hpcplusbwp40p140tt0p9v25c
  trigger            ZeroWireload          tcbn28hpcplusbwp40p140tt0p9v25c
  div                ZeroWireload          tcbn28hpcplusbwp40p140tt0p9v25c
  mul                ZeroWireload          tcbn28hpcplusbwp40p140tt0p9v25c
  vexu_EN_RVV1       ZeroWireload          tcbn28hpcplusbwp40p140tt0p9v25c
  fexu_EN_F1         ZeroWireload          tcbn28hpcplusbwp40p140tt0p9v25c
  rfu                ZeroWireload          tcbn28hpcplusbwp40p140tt0p9v25c
  ifu_00000000_0     ZeroWireload          tcbn28hpcplusbwp40p140tt0p9v25c
  ras_EN_RAS0        ZeroWireload          tcbn28hpcplusbwp40p140tt0p9v25c
  bp_EN_BP0          ZeroWireload          tcbn28hpcplusbwp40p140tt0p9v25c
  npu_itcm_sram_dp_WORDS2048_AW11
                     ZeroWireload          tcbn28hpcplusbwp40p140tt0p9v25c
  npu_tcm_sram_dp_WORDS8192_AW13_DMA_DATA_W256_LANES4
                     ZeroWireload          tcbn28hpcplusbwp40p140tt0p9v25c
  core_00000000_0_0_0_0_0_1_1
                     ZeroWireload          tcbn28hpcplusbwp40p140tt0p9v25c
  axil_decerr        ZeroWireload          tcbn28hpcplusbwp40p140tt0p9v25c
  npu_itcm_WORDS2048_AW11
                     ZeroWireload          tcbn28hpcplusbwp40p140tt0p9v25c
  npu_tcm_WORDS8192_AW13_DMA_DATA_W256
                     ZeroWireload          tcbn28hpcplusbwp40p140tt0p9v25c
  npu_dma_BUF_AW13_DMA_DATA_W256
                     ZeroWireload          tcbn28hpcplusbwp40p140tt0p9v25c
  npu_ml_ctrl_ML_V2_EN1
                     ZeroWireload          tcbn28hpcplusbwp40p140tt0p9v25c
  npu_axil_regs      ZeroWireload          tcbn28hpcplusbwp40p140tt0p9v25c
  mat_engine_TCM_AW13_LANES4
                     ZeroWireload          tcbn28hpcplusbwp40p140tt0p9v25c
  npu_top_MAT_LANES4_DMA_DATA_W256_ML_V2_EN1
                     ZeroWireload          tcbn28hpcplusbwp40p140tt0p9v25c
  cpu_m1_top_00000000_0_0_0_1_1
                     ZeroWireload          tcbn28hpcplusbwp40p140tt0p9v25c
  idu_RV32A0_EN_RVV1_EN_F1
                     ZeroWireload          tcbn28hpcplusbwp40p140tt0p9v25c
  fexu_EN_F1_DW01_sub_154
                     ZeroWireload          tcbn28hpcplusbwp40p140tt0p9v25c
  fexu_EN_F1_DW01_sub_119
                     ZeroWireload          tcbn28hpcplusbwp40p140tt0p9v25c
  fexu_EN_F1_DW01_sub_152
                     ZeroWireload          tcbn28hpcplusbwp40p140tt0p9v25c
  fexu_EN_F1_DW01_add_238
                     ZeroWireload          tcbn28hpcplusbwp40p140tt0p9v25c

  Point                                                   Incr       Path
  --------------------------------------------------------------------------
  clock clk (rise edge)                                   0.00       0.00
  clock network delay (ideal)                             0.00       0.00
  u_npu_core/u_core/if_ex_instr_reg[29]/CP (DFQD4BWP40P140)
                                                          0.00 #     0.00 r
  u_npu_core/u_core/if_ex_instr_reg[29]/Q (DFQD4BWP40P140)
                                                          0.06       0.06 f
  u_npu_core/u_core/u_fexu/q_instr[29] (fexu_EN_F1)       0.00       0.06 f
  u_npu_core/u_core/u_fexu/U9854/ZN (INVD0BWP40P140)      0.03       0.09 r
  u_npu_core/u_core/u_fexu/U7774/Z (OR2D1BWP40P140)       0.03       0.12 r
  u_npu_core/u_core/u_fexu/U9859/Z (OR2D1BWP40P140)       0.07       0.20 r
  u_npu_core/u_core/u_fexu/U13522/Z (OA22D1BWP40P140)     0.05       0.24 r
  u_npu_core/u_core/u_fexu/U13521/ZN (OAI221D1BWP40P140)
                                                          0.03       0.28 f
  u_npu_core/u_core/u_fexu/U13515/Z (OR4D1BWP40P140)      0.04       0.31 f
  u_npu_core/u_core/u_fexu/U3893/ZN (MUX2NUD1BWP40P140)
                                                          0.03       0.34 r
  u_npu_core/u_core/u_fexu/U17717/ZN (INVD1BWP40P140)     0.02       0.37 f
  u_npu_core/u_core/u_fexu/U17718/ZN (IOA21D1BWP40P140)
                                                          0.01       0.38 r
  u_npu_core/u_core/u_fexu/U17719/ZN (INVD1BWP40P140)     0.01       0.39 f
  u_npu_core/u_core/u_fexu/U9350/Z (OR3D1BWP40P140)       0.03       0.42 f
  u_npu_core/u_core/u_fexu/U17722/Z (OR2D1BWP40P140)      0.02       0.44 f
  u_npu_core/u_core/u_fexu/U17725/Z (OR2D1BWP40P140)      0.02       0.46 f
  u_npu_core/u_core/u_fexu/U17726/ZN (INVD1BWP40P140)     0.01       0.47 r
  u_npu_core/u_core/u_fexu/U3128/Z (OR3D1BWP40P140)       0.02       0.49 r
  u_npu_core/u_core/u_fexu/U17727/ZN (ND4D1BWP40P140)     0.03       0.52 f
  u_npu_core/u_core/u_fexu/U6672/Z (OR2D1BWP40P140)       0.03       0.56 f
  u_npu_core/u_core/u_fexu/U17733/ZN (OAI221D1BWP40P140)
                                                          0.02       0.58 r
  u_npu_core/u_core/u_fexu/U6551/Z (OR3D1BWP40P140)       0.03       0.61 r
  u_npu_core/u_core/u_fexu/U10610/ZN (ND4D0BWP40P140)     0.04       0.65 f
  u_npu_core/u_core/u_fexu/U10607/Z (OR4D1BWP40P140)      0.05       0.69 f
  u_npu_core/u_core/u_fexu/U17734/ZN (ND4D1BWP40P140)     0.02       0.71 r
  u_npu_core/u_core/u_fexu/U17739/ZN (INVD1BWP40P140)     0.01       0.72 f
  u_npu_core/u_core/u_fexu/U17740/ZN (IOA21D1BWP40P140)
                                                          0.01       0.73 r
  u_npu_core/u_core/u_fexu/U10582/ZN (OAI31D0BWP40P140)
                                                          0.02       0.75 f
  u_npu_core/u_core/u_fexu/U6853/Z (OR3D1BWP40P140)       0.03       0.78 f
  u_npu_core/u_core/u_fexu/U9940/ZN (NR3D0BWP40P140)      0.02       0.80 r
  u_npu_core/u_core/u_fexu/U17742/ZN (AOI21D1BWP40P140)
                                                          0.02       0.82 f
  u_npu_core/u_core/u_fexu/U17743/ZN (ND4D1BWP40P140)     0.02       0.84 r
  u_npu_core/u_core/u_fexu/U10077/ZN (NR2D1BWP40P140)     0.01       0.85 f
  u_npu_core/u_core/u_fexu/U17746/Z (OR2D1BWP40P140)      0.02       0.87 f
  u_npu_core/u_core/u_fexu/U17747/ZN (INVD1BWP40P140)     0.01       0.88 r
  u_npu_core/u_core/u_fexu/U4017/Z (AN4D1BWP40P140)       0.05       0.93 r
  u_npu_core/u_core/u_fexu/U6239/Z (OR3D0BWP40P140)       0.03       0.96 r
  u_npu_core/u_core/u_fexu/U17751/ZN (INVD1BWP40P140)     0.01       0.96 f
  u_npu_core/u_core/u_fexu/U6854/Z (OR3D1BWP40P140)       0.03       0.99 f
  u_npu_core/u_core/u_fexu/U17754/Z (OR2D1BWP40P140)      0.02       1.01 f
  u_npu_core/u_core/u_fexu/U17755/ZN (ND4D1BWP40P140)     0.01       1.03 r
  u_npu_core/u_core/u_fexu/U17759/ZN (INVD1BWP40P140)     0.01       1.03 f
  u_npu_core/u_core/u_fexu/U17760/ZN (IOA21D1BWP40P140)
                                                          0.02       1.06 f
  u_npu_core/u_core/u_fexu/U10076/ZN (NR3D0BWP40P140)     0.02       1.08 r
  u_npu_core/u_core/u_fexu/U17763/ZN (ND4D1BWP40P140)     0.03       1.11 f
  u_npu_core/u_core/u_fexu/U3985/ZN (NR3D0BWP40P140)      0.03       1.14 r
  u_npu_core/u_core/u_fexu/U17768/Z (OR2D1BWP40P140)      0.02       1.16 r
  u_npu_core/u_core/u_fexu/U17769/ZN (AOI31D1BWP40P140)
                                                          0.01       1.17 f
  u_npu_core/u_core/u_fexu/U17770/ZN (ND4D1BWP40P140)     0.02       1.19 r
  u_npu_core/u_core/u_fexu/U17771/ZN (INVD1BWP40P140)     0.01       1.20 f
  u_npu_core/u_core/u_fexu/U10074/Z (AN4D1BWP40P140)      0.02       1.23 f
  u_npu_core/u_core/u_fexu/U9939/ZN (NR2D0BWP40P140)      0.03       1.25 r
  u_npu_core/u_core/u_fexu/U17772/ZN (ND4D1BWP40P140)     0.04       1.29 f
  u_npu_core/u_core/u_fexu/U17773/ZN (INVD1BWP40P140)     0.01       1.30 r
  u_npu_core/u_core/u_fexu/U17774/ZN (ND4D1BWP40P140)     0.04       1.34 f
  u_npu_core/u_core/u_fexu/U17775/ZN (INVD1BWP40P140)     0.02       1.36 r
  u_npu_core/u_core/u_fexu/U17776/Z (OR2D1BWP40P140)      0.03       1.39 r
  u_npu_core/u_core/u_fexu/U17778/Z (OR2D1BWP40P140)      0.03       1.41 r
  u_npu_core/u_core/u_fexu/U17779/ZN (IOA21D1BWP40P140)
                                                          0.02       1.43 f
  u_npu_core/u_core/u_fexu/U17810/ZN (INVD1BWP40P140)     0.01       1.44 r
  u_npu_core/u_core/u_fexu/U17811/Z (OR2D1BWP40P140)      0.02       1.46 r
  u_npu_core/u_core/u_fexu/U17812/ZN (INVD1BWP40P140)     0.01       1.47 f
  u_npu_core/u_core/u_fexu/U17813/Z (OR2D1BWP40P140)      0.02       1.49 f
  u_npu_core/u_core/u_fexu/U17814/ZN (INVD1BWP40P140)     0.01       1.51 r
  u_npu_core/u_core/u_fexu/U17815/ZN (IOA21D1BWP40P140)
                                                          0.03       1.53 r
  u_npu_core/u_core/u_fexu/sub_608/B[1] (fexu_EN_F1_DW01_sub_154)
                                                          0.00       1.53 r
  u_npu_core/u_core/u_fexu/sub_608/U118/ZN (INVD1BWP40P140)
                                                          0.01       1.54 f
  u_npu_core/u_core/u_fexu/sub_608/U120/ZN (NR2D1BWP40P140)
                                                          0.02       1.56 r
  u_npu_core/u_core/u_fexu/sub_608/U126/ZN (INVD1BWP40P140)
                                                          0.01       1.57 f
  u_npu_core/u_core/u_fexu/sub_608/U125/ZN (ND2OPTIBD1BWP40P140)
                                                          0.01       1.58 r
  u_npu_core/u_core/u_fexu/sub_608/U124/Z (XOR2UD1BWP40P140)
                                                          0.02       1.60 r
  u_npu_core/u_core/u_fexu/sub_608/DIFF[1] (fexu_EN_F1_DW01_sub_154)
                                                          0.00       1.60 r
  u_npu_core/u_core/u_fexu/U17865/Z (OR2D1BWP40P140)      0.03       1.63 r
  u_npu_core/u_core/u_fexu/U17866/Z (OR2D1BWP40P140)      0.02       1.65 r
  u_npu_core/u_core/u_fexu/U17867/Z (OR2D1BWP40P140)      0.02       1.68 r
  u_npu_core/u_core/u_fexu/U17868/Z (OR2D1BWP40P140)      0.03       1.71 r
  u_npu_core/u_core/u_fexu/U18227/Z (OR2D1BWP40P140)      0.03       1.74 r
  u_npu_core/u_core/u_fexu/U7992/Z (OR3D1BWP40P140)       0.03       1.77 r
  u_npu_core/u_core/u_fexu/U18715/Z (OR2D1BWP40P140)      0.02       1.79 r
  u_npu_core/u_core/u_fexu/U18716/ZN (INVD1BWP40P140)     0.01       1.80 f
  u_npu_core/u_core/u_fexu/U18717/Z (OR2D1BWP40P140)      0.03       1.82 f
  u_npu_core/u_core/u_fexu/U18718/ZN (IOA21D1BWP40P140)
                                                          0.01       1.83 r
  u_npu_core/u_core/u_fexu/U18719/ZN (INVD1BWP40P140)     0.02       1.85 f
  u_npu_core/u_core/u_fexu/U18720/Z (OR2D1BWP40P140)      0.02       1.87 f
  u_npu_core/u_core/u_fexu/U18721/ZN (INVD1BWP40P140)     0.01       1.88 r
  u_npu_core/u_core/u_fexu/U9785/Z (AN4D1BWP40P140)       0.07       1.95 r
  u_npu_core/u_core/u_fexu/U18756/Z (OR2D1BWP40P140)      0.04       1.99 r
  u_npu_core/u_core/u_fexu/U7777/Z (OR2D1BWP40P140)       0.05       2.04 r
  u_npu_core/u_core/u_fexu/U7381/ZN (INVD1BWP40P140)      0.06       2.10 f
  u_npu_core/u_core/u_fexu/U19099/ZN (AOI22D1BWP40P140)
                                                          0.03       2.13 r
  u_npu_core/u_core/u_fexu/U19100/ZN (OAI221D1BWP40P140)
                                                          0.04       2.18 f
  u_npu_core/u_core/u_fexu/sub_630_3/B[1] (fexu_EN_F1_DW01_sub_119)
                                                          0.00       2.18 f
  u_npu_core/u_core/u_fexu/sub_630_3/U424/ZN (INVD1BWP40P140)
                                                          0.02       2.19 r
  u_npu_core/u_core/u_fexu/sub_630_3/U429/ZN (ND2OPTIBD1BWP40P140)
                                                          0.02       2.21 f
  u_npu_core/u_core/u_fexu/sub_630_3/U435/ZN (NR2D1BWP40P140)
                                                          0.02       2.23 r
  u_npu_core/u_core/u_fexu/sub_630_3/U427/ZN (ND2OPTIBD1BWP40P140)
                                                          0.02       2.24 f
  u_npu_core/u_core/u_fexu/sub_630_3/U422/ZN (NR2OPTPAD1BWP40P140)
                                                          0.01       2.25 r
  u_npu_core/u_core/u_fexu/sub_630_3/U561/ZN (ND2OPTIBD1BWP40P140)
                                                          0.01       2.27 f
  u_npu_core/u_core/u_fexu/sub_630_3/U431/ZN (NR2OPTIBD1BWP40P140)
                                                          0.01       2.28 r
  u_npu_core/u_core/u_fexu/sub_630_3/U573/ZN (ND2OPTIBD1BWP40P140)
                                                          0.02       2.30 f
  u_npu_core/u_core/u_fexu/sub_630_3/U436/ZN (NR2OPTIBD1BWP40P140)
                                                          0.02       2.31 r
  u_npu_core/u_core/u_fexu/sub_630_3/U701/ZN (ND2OPTIBD1BWP40P140)
                                                          0.01       2.33 f
  u_npu_core/u_core/u_fexu/sub_630_3/U432/ZN (NR2OPTIBD1BWP40P140)
                                                          0.02       2.34 r
  u_npu_core/u_core/u_fexu/sub_630_3/U571/ZN (ND2OPTIBD1BWP40P140)
                                                          0.02       2.36 f
  u_npu_core/u_core/u_fexu/sub_630_3/U635/ZN (NR2D1BWP40P140)
                                                          0.02       2.37 r
  u_npu_core/u_core/u_fexu/sub_630_3/U633/ZN (ND2OPTIBD1BWP40P140)
                                                          0.02       2.39 f
  u_npu_core/u_core/u_fexu/sub_630_3/U696/ZN (NR2D1BWP40P140)
                                                          0.02       2.40 r
  u_npu_core/u_core/u_fexu/sub_630_3/U697/ZN (ND2OPTIBD1BWP40P140)
                                                          0.02       2.42 f
  u_npu_core/u_core/u_fexu/sub_630_3/U632/ZN (NR2D1BWP40P140)
                                                          0.02       2.44 r
  u_npu_core/u_core/u_fexu/sub_630_3/U575/ZN (ND2OPTIBD1BWP40P140)
                                                          0.02       2.45 f
  u_npu_core/u_core/u_fexu/sub_630_3/U695/ZN (NR2D1BWP40P140)
                                                          0.02       2.47 r
  u_npu_core/u_core/u_fexu/sub_630_3/U693/ZN (ND2OPTIBD1BWP40P140)
                                                          0.02       2.48 f
  u_npu_core/u_core/u_fexu/sub_630_3/U631/ZN (NR2D1BWP40P140)
                                                          0.02       2.50 r
  u_npu_core/u_core/u_fexu/sub_630_3/U584/ZN (ND2OPTIBD1BWP40P140)
                                                          0.02       2.51 f
  u_npu_core/u_core/u_fexu/sub_630_3/U586/ZN (NR2D1BWP40P140)
                                                          0.02       2.53 r
  u_npu_core/u_core/u_fexu/sub_630_3/U589/ZN (ND2OPTIBD1BWP40P140)
                                                          0.02       2.55 f
  u_npu_core/u_core/u_fexu/sub_630_3/U581/ZN (NR2D1BWP40P140)
                                                          0.01       2.56 r
  u_npu_core/u_core/u_fexu/sub_630_3/U587/ZN (ND2OPTIBD1BWP40P140)
                                                          0.01       2.57 f
  u_npu_core/u_core/u_fexu/sub_630_3/U421/ZN (NR2D1BWP40P140)
                                                          0.01       2.59 r
  u_npu_core/u_core/u_fexu/sub_630_3/U582/ZN (ND2OPTIBD1BWP40P140)
                                                          0.02       2.60 f
  u_npu_core/u_core/u_fexu/sub_630_3/U499/ZN (NR2D1BWP40P140)
                                                          0.02       2.62 r
  u_npu_core/u_core/u_fexu/sub_630_3/U516/ZN (ND2OPTIBD1BWP40P140)
                                                          0.02       2.64 f
  u_npu_core/u_core/u_fexu/sub_630_3/U625/ZN (NR2D1BWP40P140)
                                                          0.02       2.65 r
  u_npu_core/u_core/u_fexu/sub_630_3/U518/ZN (ND2OPTIBD1BWP40P140)
                                                          0.02       2.67 f
  u_npu_core/u_core/u_fexu/sub_630_3/U520/ZN (NR2D1BWP40P140)
                                                          0.02       2.68 r
  u_npu_core/u_core/u_fexu/sub_630_3/U623/ZN (ND2OPTIBD1BWP40P140)
                                                          0.01       2.70 f
  u_npu_core/u_core/u_fexu/sub_630_3/U622/ZN (NR2D1BWP40P140)
                                                          0.01       2.71 r
  u_npu_core/u_core/u_fexu/sub_630_3/U620/ZN (ND2OPTIBD1BWP40P140)
                                                          0.01       2.73 f
  u_npu_core/u_core/u_fexu/sub_630_3/U514/ZN (NR2D1BWP40P140)
                                                          0.01       2.74 r
  u_npu_core/u_core/u_fexu/sub_630_3/U496/ZN (ND2OPTIBD1BWP40P140)
                                                          0.02       2.76 f
  u_npu_core/u_core/u_fexu/sub_630_3/U569/ZN (NR2D1BWP40P140)
                                                          0.02       2.77 r
  u_npu_core/u_core/u_fexu/sub_630_3/U510/ZN (ND2OPTIBD1BWP40P140)
                                                          0.02       2.79 f
  u_npu_core/u_core/u_fexu/sub_630_3/U615/ZN (NR2D1BWP40P140)
                                                          0.01       2.80 r
  u_npu_core/u_core/u_fexu/sub_630_3/U506/ZN (ND2OPTIBD1BWP40P140)
                                                          0.01       2.82 f
  u_npu_core/u_core/u_fexu/sub_630_3/U608/ZN (NR2D1BWP40P140)
                                                          0.01       2.83 r
  u_npu_core/u_core/u_fexu/sub_630_3/U502/ZN (ND2OPTIBD1BWP40P140)
                                                          0.01       2.85 f
  u_npu_core/u_core/u_fexu/sub_630_3/U601/ZN (NR2D1BWP40P140)
                                                          0.01       2.86 r
  u_npu_core/u_core/u_fexu/sub_630_3/U541/ZN (ND2OPTIBD1BWP40P140)
                                                          0.01       2.88 f
  u_npu_core/u_core/u_fexu/sub_630_3/U660/ZN (NR2D1BWP40P140)
                                                          0.01       2.89 r
  u_npu_core/u_core/u_fexu/sub_630_3/U537/ZN (ND2OPTIBD1BWP40P140)
                                                          0.01       2.90 f
  u_npu_core/u_core/u_fexu/sub_630_3/U649/ZN (NR2D1BWP40P140)
                                                          0.01       2.92 r
  u_npu_core/u_core/u_fexu/sub_630_3/U528/ZN (ND2OPTIBD1BWP40P140)
                                                          0.01       2.93 f
  u_npu_core/u_core/u_fexu/sub_630_3/U645/ZN (NR2D1BWP40P140)
                                                          0.02       2.95 r
  u_npu_core/u_core/u_fexu/sub_630_3/U523/ZN (ND2OPTIBD1BWP40P140)
                                                          0.02       2.96 f
  u_npu_core/u_core/u_fexu/sub_630_3/U641/ZN (NR2D1BWP40P140)
                                                          0.02       2.98 r
  u_npu_core/u_core/u_fexu/sub_630_3/U551/ZN (ND2OPTIBD1BWP40P140)
                                                          0.02       3.00 f
  u_npu_core/u_core/u_fexu/sub_630_3/U674/ZN (NR2D1BWP40P140)
                                                          0.02       3.01 r
  u_npu_core/u_core/u_fexu/sub_630_3/U546/ZN (ND2OPTIBD1BWP40P140)
                                                          0.01       3.03 f
  u_npu_core/u_core/u_fexu/sub_630_3/U433/ZN (NR2OPTIBD1BWP40P140)
                                                          0.01       3.04 r
  u_npu_core/u_core/u_fexu/sub_630_3/U668/ZN (ND2OPTIBD1BWP40P140)
                                                          0.01       3.05 f
  u_npu_core/u_core/u_fexu/sub_630_3/U426/ZN (NR2D0P7BWP40P140)
                                                          0.02       3.07 r
  u_npu_core/u_core/u_fexu/sub_630_3/U563/ZN (ND2OPTIBD1BWP40P140)
                                                          0.02       3.09 f
  u_npu_core/u_core/u_fexu/sub_630_3/U686/ZN (NR2D1BWP40P140)
                                                          0.01       3.10 r
  u_npu_core/u_core/u_fexu/sub_630_3/U684/ZN (AOI21D1BWP40P140)
                                                          0.06       3.16 f
  u_npu_core/u_core/u_fexu/sub_630_3/DIFF[62] (fexu_EN_F1_DW01_sub_119)
                                                          0.00       3.16 f
  u_npu_core/u_core/u_fexu/U496/ZN (INVD18BWP40P140)      0.01       3.17 r
  u_npu_core/u_core/u_fexu/U495/ZN (MAOI22D2BWP40P140)
                                                          0.03       3.20 r
  u_npu_core/u_core/u_fexu/U1902/ZN (OAI221D2BWP40P140)
                                                          0.03       3.24 f
  u_npu_core/u_core/u_fexu/U19327/Z (OR2D1BWP40P140)      0.03       3.26 f
  u_npu_core/u_core/u_fexu/U6311/Z (OR3D2BWP40P140)       0.03       3.30 f
  u_npu_core/u_core/u_fexu/U10712/ZN (INR4D2BWP40P140)
                                                          0.02       3.32 r
  u_npu_core/u_core/u_fexu/U6165/ZN (INVD3BWP40P140)      0.01       3.33 f
  u_npu_core/u_core/u_fexu/U19344/Z (OR2D1BWP40P140)      0.03       3.35 f
  u_npu_core/u_core/u_fexu/U10800/ZN (IOA21D2BWP40P140)
                                                          0.01       3.36 r
  u_npu_core/u_core/u_fexu/U10711/Z (OR4D1BWP40P140)      0.02       3.39 r
  u_npu_core/u_core/u_fexu/U19345/Z (OR2D1BWP40P140)      0.03       3.42 r
  u_npu_core/u_core/u_fexu/U19366/Z (OR2D1BWP40P140)      0.03       3.44 r
  u_npu_core/u_core/u_fexu/U19367/ZN (INVD1BWP40P140)     0.01       3.45 f
  u_npu_core/u_core/u_fexu/U10897/Z (OR2D2BWP40P140)      0.02       3.47 f
  u_npu_core/u_core/u_fexu/U6948/Z (OR3D1BWP40P140)       0.02       3.50 f
  u_npu_core/u_core/u_fexu/U19376/Z (OR2D1BWP40P140)      0.02       3.52 f
  u_npu_core/u_core/u_fexu/U19377/Z (OR2D1BWP40P140)      0.02       3.54 f
  u_npu_core/u_core/u_fexu/U1908/ZN (IND4D4BWP40P140)     0.01       3.55 r
  u_npu_core/u_core/u_fexu/U19389/Z (AO211D1BWP40P140)
                                                          0.02       3.58 r
  u_npu_core/u_core/u_fexu/U19390/Z (OR2D1BWP40P140)      0.03       3.61 r
  u_npu_core/u_core/u_fexu/U121/Z (OR2D6BWP40P140)        0.02       3.63 r
  u_npu_core/u_core/u_fexu/U19410/ZN (INVD1BWP40P140)     0.01       3.64 f
  u_npu_core/u_core/u_fexu/U1905/Z (OR3D6BWP40P140)       0.03       3.67 f
  u_npu_core/u_core/u_fexu/U1903/ZN (ND4D4BWP40P140)      0.01       3.68 r
  u_npu_core/u_core/u_fexu/U19439/Z (AO211D1BWP40P140)
                                                          0.02       3.70 r
  u_npu_core/u_core/u_fexu/U19440/ZN (INVD1BWP40P140)     0.01       3.71 f
  u_npu_core/u_core/u_fexu/U19453/Z (OR2D1BWP40P140)      0.02       3.73 f
  u_npu_core/u_core/u_fexu/U19454/ZN (AOI31D1BWP40P140)
                                                          0.02       3.75 r
  u_npu_core/u_core/u_fexu/U19455/ZN (OAI221D1BWP40P140)
                                                          0.04       3.79 f
  u_npu_core/u_core/u_fexu/U1901/ZN (NR2D1P5BWP40P140)
                                                          0.02       3.81 r
  u_npu_core/u_core/u_fexu/U11102/Z (AN4D2BWP40P140)      0.04       3.85 r
  u_npu_core/u_core/u_fexu/U19464/Z (AO211D1BWP40P140)
                                                          0.02       3.87 r
  u_npu_core/u_core/u_fexu/U7374/Z (OR3D1BWP40P140)       0.02       3.90 r
  u_npu_core/u_core/u_fexu/U7108/ZN (OAI31D1BWP40P140)
                                                          0.02       3.92 f
  u_npu_core/u_core/u_fexu/U3666/Z (OR2D1BWP40P140)       0.03       3.95 f
  u_npu_core/u_core/u_fexu/U11207/Z (OR2D4BWP40P140)      0.02       3.97 f
  u_npu_core/u_core/u_fexu/U11206/ZN (IOA21D2BWP40P140)
                                                          0.01       3.97 r
  u_npu_core/u_core/u_fexu/U7384/Z (OR3D1BWP40P140)       0.02       4.00 r
  u_npu_core/u_core/u_fexu/U19493/ZN (INVD1BWP40P140)     0.01       4.01 f
  u_npu_core/u_core/u_fexu/U10934/Z (AO211D2BWP40P140)
                                                          0.04       4.04 f
  u_npu_core/u_core/u_fexu/U10933/ZN (INVD1P5BWP40P140)
                                                          0.01       4.05 r
  u_npu_core/u_core/u_fexu/U19500/ZN (ND4D1BWP40P140)     0.02       4.07 f
  u_npu_core/u_core/u_fexu/U7112/Z (OR2D1BWP40P140)       0.03       4.10 f
  u_npu_core/u_core/u_fexu/U7116/Z (OR2D2BWP40P140)       0.02       4.12 f
  u_npu_core/u_core/u_fexu/U19509/ZN (INVD1BWP40P140)     0.01       4.13 r
  u_npu_core/u_core/u_fexu/U19510/Z (OR2D1BWP40P140)      0.02       4.15 r
  u_npu_core/u_core/u_fexu/U19514/ZN (INVD1BWP40P140)     0.01       4.16 f
  u_npu_core/u_core/u_fexu/U19515/ZN (ND4D1BWP40P140)     0.01       4.17 r
  u_npu_core/u_core/u_fexu/U19516/Z (OR2D1BWP40P140)      0.02       4.19 r
  u_npu_core/u_core/u_fexu/U19517/ZN (INVD1BWP40P140)     0.01       4.20 f
  u_npu_core/u_core/u_fexu/U10692/ZN (IOA21D2BWP40P140)
                                                          0.02       4.22 f
  u_npu_core/u_core/u_fexu/U10691/ZN (INVD1P5BWP40P140)
                                                          0.01       4.23 r
  u_npu_core/u_core/u_fexu/U10932/ZN (IND4D1BWP40P140)
                                                          0.03       4.26 f
  u_npu_core/u_core/u_fexu/U19520/Z (OR3D2BWP40P140)      0.04       4.29 f
  u_npu_core/u_core/u_fexu/U10690/ZN (IND4D2BWP40P140)
                                                          0.01       4.30 r
  u_npu_core/u_core/u_fexu/U11158/Z (OR2D2BWP40P140)      0.03       4.33 r
  u_npu_core/u_core/u_fexu/U19524/Z (OR2D1BWP40P140)      0.02       4.35 r
  u_npu_core/u_core/u_fexu/U19525/ZN (INVD1BWP40P140)     0.01       4.36 f
  u_npu_core/u_core/u_fexu/U6293/Z (OR3D1BWP40P140)       0.03       4.39 f
  u_npu_core/u_core/u_fexu/U6294/Z (OR3D1BWP40P140)       0.03       4.41 f
  u_npu_core/u_core/u_fexu/U19529/ZN (INVD1BWP40P140)     0.01       4.43 r
  u_npu_core/u_core/u_fexu/U7113/Z (OR3D1BWP40P140)       0.02       4.45 r
  u_npu_core/u_core/u_fexu/U19551/Z (OR2D1BWP40P140)      0.02       4.47 r
  u_npu_core/u_core/u_fexu/U19552/ZN (ND4D1BWP40P140)     0.03       4.50 f
  u_npu_core/u_core/u_fexu/U19553/ZN (OAI31D1BWP40P140)
                                                          0.02       4.51 r
  u_npu_core/u_core/u_fexu/U19554/ZN (AOI31D1BWP40P140)
                                                          0.02       4.53 f
  u_npu_core/u_core/u_fexu/U19559/ZN (IND4D1BWP40P140)
                                                          0.01       4.55 r
  u_npu_core/u_core/u_fexu/U11149/Z (OR3D4BWP40P140)      0.02       4.57 r
  u_npu_core/u_core/u_fexu/U19562/ZN (OAI31D1BWP40P140)
                                                          0.02       4.59 f
  u_npu_core/u_core/u_fexu/U19563/Z (OR2D1BWP40P140)      0.03       4.62 f
  u_npu_core/u_core/u_fexu/U19564/Z (OR2D1BWP40P140)      0.03       4.65 f
  u_npu_core/u_core/u_fexu/U9920/ZN (NR3D0BWP40P140)      0.03       4.68 r
  u_npu_core/u_core/u_fexu/U19565/Z (AO211D1BWP40P140)
                                                          0.03       4.71 r
  u_npu_core/u_core/u_fexu/sub_650/B[5] (fexu_EN_F1_DW01_sub_152)
                                                          0.00       4.71 r
  u_npu_core/u_core/u_fexu/sub_650/U125/ZN (INVD1BWP40P140)
                                                          0.01       4.72 f
  u_npu_core/u_core/u_fexu/sub_650/U89/ZN (NR2OPTIBD1BWP40P140)
                                                          0.02       4.74 r
  u_npu_core/u_core/u_fexu/sub_650/U121/ZN (OAI21D1BWP40P140)
                                                          0.02       4.75 f
  u_npu_core/u_core/u_fexu/sub_650/U95/ZN (AOI21D1BWP40P140)
                                                          0.03       4.78 r
  u_npu_core/u_core/u_fexu/sub_650/U148/ZN (OAI21D2BWP40P140)
                                                          0.02       4.80 f
  u_npu_core/u_core/u_fexu/sub_650/U146/ZN (XNR2UD1BWP40P140)
                                                          0.02       4.82 r
  u_npu_core/u_core/u_fexu/sub_650/DIFF[7] (fexu_EN_F1_DW01_sub_152)
                                                          0.00       4.82 r
  u_npu_core/u_core/u_fexu/U19578/ZN (INVD1BWP40P140)     0.01       4.83 f
  u_npu_core/u_core/u_fexu/U19580/Z (OR2D1BWP40P140)      0.02       4.85 f
  u_npu_core/u_core/u_fexu/U19581/ZN (INVD1BWP40P140)     0.01       4.86 r
  u_npu_core/u_core/u_fexu/U19583/ZN (IOA21D1BWP40P140)
                                                          0.02       4.89 r
  u_npu_core/u_core/u_fexu/U19584/ZN (IOA21D1BWP40P140)
                                                          0.03       4.91 r
  u_npu_core/u_core/u_fexu/U19585/ZN (INVD1BWP40P140)     0.02       4.93 f
  u_npu_core/u_core/u_fexu/U19586/Z (OR2D1BWP40P140)      0.03       4.95 f
  u_npu_core/u_core/u_fexu/U19587/ZN (INVD1BWP40P140)     0.02       4.97 r
  u_npu_core/u_core/u_fexu/U11051/Z (OR2D4BWP40P140)      0.03       5.00 r
  u_npu_core/u_core/u_fexu/U3814/ZN (CKND4BWP40P140)      0.01       5.01 f
  u_npu_core/u_core/u_fexu/U3008/Z (AO22D0BWP40P140)      0.03       5.05 f
  u_npu_core/u_core/u_fexu/U9436/ZN (AOI221D1BWP40P140)
                                                          0.03       5.08 r
  u_npu_core/u_core/u_fexu/U9435/ZN (INVD1P5BWP40P140)
                                                          0.01       5.09 f
  u_npu_core/u_core/u_fexu/U20188/ZN (OAI22D1BWP40P140)
                                                          0.02       5.11 r
  u_npu_core/u_core/u_fexu/U20193/ZN (OAI222D1BWP40P140)
                                                          0.04       5.15 f
  u_npu_core/u_core/u_fexu/U20194/ZN (INVD1BWP40P140)     0.02       5.17 r
  u_npu_core/u_core/u_fexu/U20200/ZN (OAI221D1BWP40P140)
                                                          0.03       5.20 f
  u_npu_core/u_core/u_fexu/U20201/ZN (OAI22D1BWP40P140)
                                                          0.03       5.23 r
  u_npu_core/u_core/u_fexu/add_380_C660/A[2] (fexu_EN_F1_DW01_add_238)
                                                          0.00       5.23 r
  u_npu_core/u_core/u_fexu/add_380_C660/U456/ZN (CKND2D1BWP40P140)
                                                          0.01       5.25 f
  u_npu_core/u_core/u_fexu/add_380_C660/U277/ZN (OAI21D0BWP40P140)
                                                          0.02       5.26 r
  u_npu_core/u_core/u_fexu/add_380_C660/U276/ZN (AOI21D1P5BWP40P140)
                                                          0.01       5.28 f
  u_npu_core/u_core/u_fexu/add_380_C660/U307/ZN (OAI21D1BWP40P140)
                                                          0.02       5.30 r
  u_npu_core/u_core/u_fexu/add_380_C660/U280/ZN (CKND2D1BWP40P140)
                                                          0.02       5.32 f
  u_npu_core/u_core/u_fexu/add_380_C660/U332/ZN (NR2OPTIBD1BWP40P140)
                                                          0.02       5.33 r
  u_npu_core/u_core/u_fexu/add_380_C660/U297/ZN (ND2OPTIBD1BWP40P140)
                                                          0.02       5.35 f
  u_npu_core/u_core/u_fexu/add_380_C660/U281/ZN (NR2D1BWP40P140)
                                                          0.02       5.37 r
  u_npu_core/u_core/u_fexu/add_380_C660/U324/ZN (CKND2D0BWP40P140)
                                                          0.02       5.39 f
  u_npu_core/u_core/u_fexu/add_380_C660/U270/ZN (NR2OPTIBD1BWP40P140)
                                                          0.02       5.41 r
  u_npu_core/u_core/u_fexu/add_380_C660/U269/Z (CKAN2D1BWP40P140)
                                                          0.03       5.43 r
  u_npu_core/u_core/u_fexu/add_380_C660/U273/ZN (CKND2D4BWP40P140)
                                                          0.01       5.44 f
  u_npu_core/u_core/u_fexu/add_380_C660/U323/ZN (OAI21D2BWP40P140)
                                                          0.01       5.45 r
  u_npu_core/u_core/u_fexu/add_380_C660/U284/ZN (XNR2OPTND2BWP40P140)
                                                          0.01       5.47 f
  u_npu_core/u_core/u_fexu/add_380_C660/SUM[30] (fexu_EN_F1_DW01_add_238)
                                                          0.00       5.47 f
  u_npu_core/u_core/u_fexu/U22473/ZN (INVD1BWP40P140)     0.01       5.48 r
  u_npu_core/u_core/u_fexu/U22475/Z (AN3D2BWP40P140)      0.03       5.51 r
  u_npu_core/u_core/u_fexu/U22476/ZN (ND4D1BWP40P140)     0.03       5.54 f
  u_npu_core/u_core/u_fexu/U22479/Z (OR2D1BWP40P140)      0.02       5.56 f
  u_npu_core/u_core/u_fexu/U4916/ZN (OAI31D2BWP40P140)
                                                          0.03       5.59 r
  u_npu_core/u_core/u_fexu/U5034/Z (OR2D0BWP40P140)       0.03       5.62 r
  u_npu_core/u_core/u_fexu/U4918/Z (OR2D1BWP40P140)       0.02       5.64 r
  u_npu_core/u_core/u_fexu/U22497/ZN (AOI21D1BWP40P140)
                                                          0.01       5.65 f
  u_npu_core/u_core/u_fexu/U1602/ZN (NR2OPTIBD1BWP40P140)
                                                          0.02       5.67 r
  u_npu_core/u_core/u_fexu/U22531/Z (OR2D1BWP40P140)      0.02       5.69 r
  u_npu_core/u_core/u_fexu/U22581/Z (OR2D1BWP40P140)      0.02       5.71 r
  u_npu_core/u_core/u_fexu/U22598/Z (OR2D1BWP40P140)      0.02       5.73 r
  u_npu_core/u_core/u_fexu/U22599/ZN (INVD1BWP40P140)     0.01       5.74 f
  u_npu_core/u_core/u_fexu/U6191/Z (XOR2UD0BWP40P140)     0.02       5.76 f
  u_npu_core/u_core/u_fexu/U22602/ZN (AOI221D1BWP40P140)
                                                          0.04       5.79 r
  u_npu_core/u_core/u_fexu/U22603/ZN (OAI221D1BWP40P140)
                                                          0.04       5.83 f
  u_npu_core/u_core/u_fexu/U22614/ZN (AOI221D1BWP40P140)
                                                          0.03       5.86 r
  u_npu_core/u_core/u_fexu/U22630/ZN (ND4D1BWP40P140)     0.03       5.89 f
  u_npu_core/u_core/u_fexu/U9326/Z (AO21D1BWP40P140)      0.03       5.92 f
  u_npu_core/u_core/u_fexu/q_fdata[28] (fexu_EN_F1)       0.00       5.92 f
  u_npu_core/u_core/U842/Z (MUX2D1BWP40P140)              0.03       5.95 f
  u_npu_core/u_core/ex_mem_f_data_r_reg[28]/D (DFQD1BWP40P140)
                                                          0.00       5.95 f
  data arrival time                                                  5.95

  clock clk (rise edge)                                   6.00       6.00
  clock network delay (ideal)                             0.00       6.00
  clock uncertainty                                      -0.05       5.95
  u_npu_core/u_core/ex_mem_f_data_r_reg[28]/CP (DFQD1BWP40P140)
                                                          0.00       5.95 r
  library setup time                                      0.00       5.95
  data required time                                                 5.95
  --------------------------------------------------------------------------
  data required time                                                 5.95
  data arrival time                                                 -5.95
  --------------------------------------------------------------------------
  slack (MET)                                                        0.00


  Startpoint: u_npu_core/u_core/if_ex_instr_reg[22]
              (rising edge-triggered flip-flop clocked by clk)
  Endpoint: u_npu_core/u_core/ex_mem_vex_wdata_r_reg[29]
            (rising edge-triggered flip-flop clocked by clk)
  Path Group: clk
  Path Type: max

  Des/Clust/Port     Wire Load Model       Library
  ------------------------------------------------
  csr_RV32A0_PMP_ENTRIES0_EN_RVV1_EN_F1
                     ZeroWireload          tcbn28hpcplusbwp40p140tt0p9v25c
  trigger            ZeroWireload          tcbn28hpcplusbwp40p140tt0p9v25c
  div                ZeroWireload          tcbn28hpcplusbwp40p140tt0p9v25c
  mul                ZeroWireload          tcbn28hpcplusbwp40p140tt0p9v25c
  vexu_EN_RVV1       ZeroWireload          tcbn28hpcplusbwp40p140tt0p9v25c
  fexu_EN_F1         ZeroWireload          tcbn28hpcplusbwp40p140tt0p9v25c
  rfu                ZeroWireload          tcbn28hpcplusbwp40p140tt0p9v25c
  ifu_00000000_0     ZeroWireload          tcbn28hpcplusbwp40p140tt0p9v25c
  ras_EN_RAS0        ZeroWireload          tcbn28hpcplusbwp40p140tt0p9v25c
  bp_EN_BP0          ZeroWireload          tcbn28hpcplusbwp40p140tt0p9v25c
  npu_itcm_sram_dp_WORDS2048_AW11
                     ZeroWireload          tcbn28hpcplusbwp40p140tt0p9v25c
  npu_tcm_sram_dp_WORDS8192_AW13_DMA_DATA_W256_LANES4
                     ZeroWireload          tcbn28hpcplusbwp40p140tt0p9v25c
  core_00000000_0_0_0_0_0_1_1
                     ZeroWireload          tcbn28hpcplusbwp40p140tt0p9v25c
  axil_decerr        ZeroWireload          tcbn28hpcplusbwp40p140tt0p9v25c
  npu_itcm_WORDS2048_AW11
                     ZeroWireload          tcbn28hpcplusbwp40p140tt0p9v25c
  npu_tcm_WORDS8192_AW13_DMA_DATA_W256
                     ZeroWireload          tcbn28hpcplusbwp40p140tt0p9v25c
  npu_dma_BUF_AW13_DMA_DATA_W256
                     ZeroWireload          tcbn28hpcplusbwp40p140tt0p9v25c
  npu_ml_ctrl_ML_V2_EN1
                     ZeroWireload          tcbn28hpcplusbwp40p140tt0p9v25c
  npu_axil_regs      ZeroWireload          tcbn28hpcplusbwp40p140tt0p9v25c
  mat_engine_TCM_AW13_LANES4
                     ZeroWireload          tcbn28hpcplusbwp40p140tt0p9v25c
  npu_top_MAT_LANES4_DMA_DATA_W256_ML_V2_EN1
                     ZeroWireload          tcbn28hpcplusbwp40p140tt0p9v25c
  cpu_m1_top_00000000_0_0_0_1_1
                     ZeroWireload          tcbn28hpcplusbwp40p140tt0p9v25c
  idu_RV32A0_EN_RVV1_EN_F1
                     ZeroWireload          tcbn28hpcplusbwp40p140tt0p9v25c
  vexu_EN_RVV1_DW_mult_uns_81
                     ZeroWireload          tcbn28hpcplusbwp40p140tt0p9v25c
  vexu_EN_RVV1_DW01_add_1312_DW01_add_437
                     ZeroWireload          tcbn28hpcplusbwp40p140tt0p9v25c
  vexu_EN_RVV1_DW01_sub_23_DW01_sub_33
                     ZeroWireload          tcbn28hpcplusbwp40p140tt0p9v25c
  vexu_EN_RVV1_DW01_add_2416
                     ZeroWireload          tcbn28hpcplusbwp40p140tt0p9v25c
  vexu_EN_RVV1_DW_mult_uns_19
                     ZeroWireload          tcbn28hpcplusbwp40p140tt0p9v25c
  vexu_EN_RVV1_DW01_add_171_DW01_add_272
                     ZeroWireload          tcbn28hpcplusbwp40p140tt0p9v25c
  vexu_EN_RVV1_DW01_add_43_DW01_add_144
                     ZeroWireload          tcbn28hpcplusbwp40p140tt0p9v25c
  vexu_EN_RVV1_DW01_sub_54_DW01_sub_64
                     ZeroWireload          tcbn28hpcplusbwp40p140tt0p9v25c
  vexu_EN_RVV1_DW01_sub_55_DW01_sub_65
                     ZeroWireload          tcbn28hpcplusbwp40p140tt0p9v25c
  vexu_EN_RVV1_DW_mult_tc_1_DW_mult_tc_259
                     ZeroWireload          tcbn28hpcplusbwp40p140tt0p9v25c
  vexu_EN_RVV1_DW_mult_tc_0_DW_mult_tc_258
                     ZeroWireload          tcbn28hpcplusbwp40p140tt0p9v25c
  vexu_EN_RVV1_DW_mult_tc_2_DW_mult_tc_260
                     ZeroWireload          tcbn28hpcplusbwp40p140tt0p9v25c
  vexu_EN_RVV1_DW01_add_1295_DW01_add_420
                     ZeroWireload          tcbn28hpcplusbwp40p140tt0p9v25c
  vexu_EN_RVV1_DW_mult_tc_78_DW_mult_tc_336
                     ZeroWireload          tcbn28hpcplusbwp40p140tt0p9v25c
  vexu_EN_RVV1_DW01_inc_83
                     ZeroWireload          tcbn28hpcplusbwp40p140tt0p9v25c
  vexu_EN_RVV1_DW01_inc_87
                     ZeroWireload          tcbn28hpcplusbwp40p140tt0p9v25c
  vexu_EN_RVV1_DW01_add_1718
                     ZeroWireload          tcbn28hpcplusbwp40p140tt0p9v25c
  vexu_EN_RVV1_DW01_add_1719
                     ZeroWireload          tcbn28hpcplusbwp40p140tt0p9v25c
  vexu_EN_RVV1_DW01_add_1717
                     ZeroWireload          tcbn28hpcplusbwp40p140tt0p9v25c
  vexu_EN_RVV1_DW01_add_1724
                     ZeroWireload          tcbn28hpcplusbwp40p140tt0p9v25c
  vexu_EN_RVV1_DW01_add_1725
                     ZeroWireload          tcbn28hpcplusbwp40p140tt0p9v25c
  vexu_EN_RVV1_DW01_add_1726
                     ZeroWireload          tcbn28hpcplusbwp40p140tt0p9v25c
  vexu_EN_RVV1_DW01_add_1727
                     ZeroWireload          tcbn28hpcplusbwp40p140tt0p9v25c
  vexu_EN_RVV1_DW01_add_1728
                     ZeroWireload          tcbn28hpcplusbwp40p140tt0p9v25c
  vexu_EN_RVV1_DW01_add_1729
                     ZeroWireload          tcbn28hpcplusbwp40p140tt0p9v25c
  vexu_EN_RVV1_DW01_add_1730
                     ZeroWireload          tcbn28hpcplusbwp40p140tt0p9v25c
  vexu_EN_RVV1_DW01_add_1735
                     ZeroWireload          tcbn28hpcplusbwp40p140tt0p9v25c
  vexu_EN_RVV1_DW01_add_1737
                     ZeroWireload          tcbn28hpcplusbwp40p140tt0p9v25c
  vexu_EN_RVV1_DW01_add_1731
                     ZeroWireload          tcbn28hpcplusbwp40p140tt0p9v25c
  vexu_EN_RVV1_DW01_add_1733
                     ZeroWireload          tcbn28hpcplusbwp40p140tt0p9v25c
  vexu_EN_RVV1_DW01_add_1734
                     ZeroWireload          tcbn28hpcplusbwp40p140tt0p9v25c
  vexu_EN_RVV1_DW01_add_1736
                     ZeroWireload          tcbn28hpcplusbwp40p140tt0p9v25c
  vexu_EN_RVV1_DW01_add_1732
                     ZeroWireload          tcbn28hpcplusbwp40p140tt0p9v25c
  vexu_EN_RVV1_DW01_add_1743
                     ZeroWireload          tcbn28hpcplusbwp40p140tt0p9v25c
  vexu_EN_RVV1_DW01_add_1739
                     ZeroWireload          tcbn28hpcplusbwp40p140tt0p9v25c
  vexu_EN_RVV1_DW01_add_1744
                     ZeroWireload          tcbn28hpcplusbwp40p140tt0p9v25c
  vexu_EN_RVV1_DW01_add_1741
                     ZeroWireload          tcbn28hpcplusbwp40p140tt0p9v25c
  vexu_EN_RVV1_DW01_add_1742
                     ZeroWireload          tcbn28hpcplusbwp40p140tt0p9v25c
  vexu_EN_RVV1_DW01_add_1738
                     ZeroWireload          tcbn28hpcplusbwp40p140tt0p9v25c
  vexu_EN_RVV1_DW01_add_1740
                     ZeroWireload          tcbn28hpcplusbwp40p140tt0p9v25c
  vexu_EN_RVV1_DW01_add_1745
                     ZeroWireload          tcbn28hpcplusbwp40p140tt0p9v25c
  vexu_EN_RVV1_DW01_add_1746
                     ZeroWireload          tcbn28hpcplusbwp40p140tt0p9v25c
  vexu_EN_RVV1_DW01_add_1747
                     ZeroWireload          tcbn28hpcplusbwp40p140tt0p9v25c
  vexu_EN_RVV1_DW01_add_1748
                     ZeroWireload          tcbn28hpcplusbwp40p140tt0p9v25c
  vexu_EN_RVV1_DW01_add_1749
                     ZeroWireload          tcbn28hpcplusbwp40p140tt0p9v25c
  vexu_EN_RVV1_DW01_add_1750
                     ZeroWireload          tcbn28hpcplusbwp40p140tt0p9v25c
  vexu_EN_RVV1_DW01_add_1751
                     ZeroWireload          tcbn28hpcplusbwp40p140tt0p9v25c
  vexu_EN_RVV1_DW01_add_1752
                     ZeroWireload          tcbn28hpcplusbwp40p140tt0p9v25c
  vexu_EN_RVV1_DW01_add_1754
                     ZeroWireload          tcbn28hpcplusbwp40p140tt0p9v25c
  vexu_EN_RVV1_DW01_add_1753
                     ZeroWireload          tcbn28hpcplusbwp40p140tt0p9v25c
  vexu_EN_RVV1_DW01_add_1759
                     ZeroWireload          tcbn28hpcplusbwp40p140tt0p9v25c
  vexu_EN_RVV1_DW01_add_1760
                     ZeroWireload          tcbn28hpcplusbwp40p140tt0p9v25c
  vexu_EN_RVV1_DW01_add_1761
                     ZeroWireload          tcbn28hpcplusbwp40p140tt0p9v25c
  vexu_EN_RVV1_DW01_add_1762
                     ZeroWireload          tcbn28hpcplusbwp40p140tt0p9v25c
  vexu_EN_RVV1_DW01_add_1763
                     ZeroWireload          tcbn28hpcplusbwp40p140tt0p9v25c
  vexu_EN_RVV1_DW01_add_1764
                     ZeroWireload          tcbn28hpcplusbwp40p140tt0p9v25c
  vexu_EN_RVV1_DW01_add_1765
                     ZeroWireload          tcbn28hpcplusbwp40p140tt0p9v25c
  vexu_EN_RVV1_DW01_add_1766
                     ZeroWireload          tcbn28hpcplusbwp40p140tt0p9v25c
  vexu_EN_RVV1_DW01_add_1767
                     ZeroWireload          tcbn28hpcplusbwp40p140tt0p9v25c
  vexu_EN_RVV1_DW01_add_1768
                     ZeroWireload          tcbn28hpcplusbwp40p140tt0p9v25c
  vexu_EN_RVV1_DW01_add_1769
                     ZeroWireload          tcbn28hpcplusbwp40p140tt0p9v25c
  vexu_EN_RVV1_DW01_add_1770
                     ZeroWireload          tcbn28hpcplusbwp40p140tt0p9v25c
  vexu_EN_RVV1_DW01_add_1771
                     ZeroWireload          tcbn28hpcplusbwp40p140tt0p9v25c
  vexu_EN_RVV1_DW01_add_1772
                     ZeroWireload          tcbn28hpcplusbwp40p140tt0p9v25c
  vexu_EN_RVV1_DW01_add_1773
                     ZeroWireload          tcbn28hpcplusbwp40p140tt0p9v25c
  vexu_EN_RVV1_DW01_add_1774
                     ZeroWireload          tcbn28hpcplusbwp40p140tt0p9v25c
  vexu_EN_RVV1_DW01_add_1775
                     ZeroWireload          tcbn28hpcplusbwp40p140tt0p9v25c
  vexu_EN_RVV1_DW01_add_1776
                     ZeroWireload          tcbn28hpcplusbwp40p140tt0p9v25c
  vexu_EN_RVV1_DW01_add_1777
                     ZeroWireload          tcbn28hpcplusbwp40p140tt0p9v25c
  vexu_EN_RVV1_DW01_add_1778
                     ZeroWireload          tcbn28hpcplusbwp40p140tt0p9v25c
  vexu_EN_RVV1_DW01_add_1779
                     ZeroWireload          tcbn28hpcplusbwp40p140tt0p9v25c
  vexu_EN_RVV1_DW01_add_1780
                     ZeroWireload          tcbn28hpcplusbwp40p140tt0p9v25c
  vexu_EN_RVV1_DW01_add_1781
                     ZeroWireload          tcbn28hpcplusbwp40p140tt0p9v25c
  vexu_EN_RVV1_DW01_add_1782
                     ZeroWireload          tcbn28hpcplusbwp40p140tt0p9v25c
  vexu_EN_RVV1_DW01_add_1783
                     ZeroWireload          tcbn28hpcplusbwp40p140tt0p9v25c
  vexu_EN_RVV1_DW01_add_1784
                     ZeroWireload          tcbn28hpcplusbwp40p140tt0p9v25c
  vexu_EN_RVV1_DW01_add_1785
                     ZeroWireload          tcbn28hpcplusbwp40p140tt0p9v25c
  vexu_EN_RVV1_DW01_add_1786
                     ZeroWireload          tcbn28hpcplusbwp40p140tt0p9v25c
  vexu_EN_RVV1_DW01_add_1787
                     ZeroWireload          tcbn28hpcplusbwp40p140tt0p9v25c
  vexu_EN_RVV1_DW01_add_1793
                     ZeroWireload          tcbn28hpcplusbwp40p140tt0p9v25c
  vexu_EN_RVV1_DW01_add_1791
                     ZeroWireload          tcbn28hpcplusbwp40p140tt0p9v25c
  vexu_EN_RVV1_DW01_add_1788
                     ZeroWireload          tcbn28hpcplusbwp40p140tt0p9v25c
  vexu_EN_RVV1_DW01_add_1789
                     ZeroWireload          tcbn28hpcplusbwp40p140tt0p9v25c
  vexu_EN_RVV1_DW_inc_65
                     ZeroWireload          tcbn28hpcplusbwp40p140tt0p9v25c

  Point                                                   Incr       Path
  --------------------------------------------------------------------------
  clock clk (rise edge)                                   0.00       0.00
  clock network delay (ideal)                             0.00       0.00
  u_npu_core/u_core/if_ex_instr_reg[22]/CP (DFQD4BWP40P140)
                                                          0.00 #     0.00 r
  u_npu_core/u_core/if_ex_instr_reg[22]/Q (DFQD4BWP40P140)
                                                          0.05       0.05 f
  u_npu_core/u_core/u_vexu/q_instr[22] (vexu_EN_RVV1)     0.00       0.05 f
  u_npu_core/u_core/u_vexu/U5854/ZN (CKND1BWP40P140)      0.02       0.07 r
  u_npu_core/u_core/u_vexu/U5859/ZN (CKND3BWP40P140)      0.01       0.08 f
  u_npu_core/u_core/u_vexu/U5855/ZN (NR2D1BWP40P140)      0.02       0.10 r
  u_npu_core/u_core/u_vexu/U4224/Z (OA22D1BWP40P140)      0.04       0.14 r
  u_npu_core/u_core/u_vexu/U5857/ZN (IND2D4BWP40P140)     0.01       0.15 f
  u_npu_core/u_core/u_vexu/U5865/Z (XOR2OPTND4BWP40P140)
                                                          0.02       0.17 f
  u_npu_core/u_core/u_vexu/U5868/Z (OR2D4BWP40P140)       0.02       0.20 f
  u_npu_core/u_core/u_vexu/U12253/Z (OR2D1BWP40P140)      0.03       0.22 f
  u_npu_core/u_core/u_vexu/U15719/Z (CKBD1BWP40P140)      0.02       0.25 f
  u_npu_core/u_core/u_vexu/U19649/Z (BUFFD3BWP40P140)     0.05       0.29 f
  u_npu_core/u_core/u_vexu/U47238/ZN (OAI22D1BWP40P140)
                                                          0.03       0.32 r
  u_npu_core/u_core/u_vexu/U47235/Z (OR4D1BWP40P140)      0.03       0.34 r
  u_npu_core/u_core/u_vexu/U47234/Z (OR4D1BWP40P140)      0.03       0.37 r
  u_npu_core/u_core/u_vexu/U41664/ZN (MUX2ND4BWP40P140)
                                                          0.04       0.41 f
  u_npu_core/u_core/u_vexu/U18719/Z (CKBD1BWP40P140)      0.06       0.47 f
  u_npu_core/u_core/u_vexu/U4713/ZN (INVD2BWP40P140)      0.03       0.50 r
  u_npu_core/u_core/u_vexu/rem_862/u_div/u_absval_AAbs/NEG/A[6] (vexu_EN_RVV1_DW01_inc_87)
                                                          0.00       0.50 r
  u_npu_core/u_core/u_vexu/rem_862/u_div/u_absval_AAbs/NEG/U23/ZN (ND2D0BWP40P140)
                                                          0.02       0.53 f
  u_npu_core/u_core/u_vexu/rem_862/u_div/u_absval_AAbs/NEG/U10/ZN (NR2OPTPAD1BWP40P140)
                                                          0.02       0.55 r
  u_npu_core/u_core/u_vexu/rem_862/u_div/u_absval_AAbs/NEG/U7/ZN (ND3D1BWP40P140)
                                                          0.04       0.58 f
  u_npu_core/u_core/u_vexu/rem_862/u_div/u_absval_AAbs/NEG/U70/ZN (NR2OPTPAD2BWP40P140)
                                                          0.02       0.60 r
  u_npu_core/u_core/u_vexu/rem_862/u_div/u_absval_AAbs/NEG/U22/ZN (ND3D0BWP40P140)
                                                          0.04       0.65 f
  u_npu_core/u_core/u_vexu/rem_862/u_div/u_absval_AAbs/NEG/U20/ZN (NR2D1BWP40P140)
                                                          0.03       0.68 r
  u_npu_core/u_core/u_vexu/rem_862/u_div/u_absval_AAbs/NEG/U19/ZN (ND3D0BWP40P140)
                                                          0.05       0.73 f
  u_npu_core/u_core/u_vexu/rem_862/u_div/u_absval_AAbs/NEG/U9/ZN (NR2OPTPAD1BWP40P140)
                                                          0.03       0.75 r
  u_npu_core/u_core/u_vexu/rem_862/u_div/u_absval_AAbs/NEG/U18/ZN (ND3D1BWP40P140)
                                                          0.04       0.79 f
  u_npu_core/u_core/u_vexu/rem_862/u_div/u_absval_AAbs/NEG/U3/ZN (NR2OPTPAD2BWP40P140)
                                                          0.02       0.82 r
  u_npu_core/u_core/u_vexu/rem_862/u_div/u_absval_AAbs/NEG/U2/ZN (ND3OPTPAD2BWP40P140)
                                                          0.02       0.84 f
  u_npu_core/u_core/u_vexu/rem_862/u_div/u_absval_AAbs/NEG/U15/ZN (NR2D1BWP40P140)
                                                          0.03       0.87 r
  u_npu_core/u_core/u_vexu/rem_862/u_div/u_absval_AAbs/NEG/U8/ZN (ND3D1P5BWP40P140)
                                                          0.02       0.89 f
  u_npu_core/u_core/u_vexu/rem_862/u_div/u_absval_AAbs/NEG/U14/ZN (INR2D1BWP40P140)
                                                          0.02       0.91 r
  u_npu_core/u_core/u_vexu/rem_862/u_div/u_absval_AAbs/NEG/U6/Z (XOR2UD0BWP40P140)
                                                          0.03       0.94 r
  u_npu_core/u_core/u_vexu/rem_862/u_div/u_absval_AAbs/NEG/SUM[31] (vexu_EN_RVV1_DW01_inc_87)
                                                          0.00       0.94 r
  u_npu_core/u_core/u_vexu/U30372/Z (CKAN2D1BWP40P140)
                                                          0.03       0.97 r
  u_npu_core/u_core/u_vexu/rem_862/u_div/u_add_PartRem_10_2/A[1] (vexu_EN_RVV1_DW01_add_1718)
                                                          0.00       0.97 r
  u_npu_core/u_core/u_vexu/rem_862/u_div/u_add_PartRem_10_2/U188/Z (OR2D0BWP40P140)
                                                          0.02       0.99 r
  u_npu_core/u_core/u_vexu/rem_862/u_div/u_add_PartRem_10_2/U192/ZN (IOA21D1BWP40P140)
                                                          0.03       1.02 r
  u_npu_core/u_core/u_vexu/rem_862/u_div/u_add_PartRem_10_2/U198/ZN (INVD1BWP40P140)
                                                          0.01       1.03 f
  u_npu_core/u_core/u_vexu/rem_862/u_div/u_add_PartRem_10_2/U186/ZN (NR4D0BWP40P140)
                                                          0.02       1.05 r
  u_npu_core/u_core/u_vexu/rem_862/u_div/u_add_PartRem_10_2/CO (vexu_EN_RVV1_DW01_add_1718)
                                                          0.00       1.05 r
  u_npu_core/u_core/u_vexu/U96053/ZN (ND2OPTIBD2BWP40P140)
                                                          0.02       1.07 f
  u_npu_core/u_core/u_vexu/U96054/ZN (INVD1BWP40P140)     0.02       1.09 r
  u_npu_core/u_core/u_vexu/U1760/ZN (MUX2NOPTD2BWP40P140)
                                                          0.02       1.11 r
  u_npu_core/u_core/u_vexu/U34108/ZN (NR2D0BWP40P140)     0.02       1.13 f
  u_npu_core/u_core/u_vexu/U44351/ZN (AOI32D0BWP40P140)
                                                          0.04       1.16 r
  u_npu_core/u_core/u_vexu/U6732/ZN (ND2D2BWP40P140)      0.04       1.20 f
  u_npu_core/u_core/u_vexu/rem_862/u_div/u_add_PartRem_9_4/A[3] (vexu_EN_RVV1_DW01_add_1727)
                                                          0.00       1.20 f
  u_npu_core/u_core/u_vexu/rem_862/u_div/u_add_PartRem_9_4/U251/ZN (INVD2BWP40P140)
                                                          0.01       1.21 r
  u_npu_core/u_core/u_vexu/rem_862/u_div/u_add_PartRem_9_4/U213/Z (OR2D1BWP40P140)
                                                          0.02       1.23 r
  u_npu_core/u_core/u_vexu/rem_862/u_div/u_add_PartRem_9_4/U222/ZN (INVD1BWP40P140)
                                                          0.01       1.24 f
  u_npu_core/u_core/u_vexu/rem_862/u_div/u_add_PartRem_9_4/U250/ZN (IOA21D2BWP40P140)
                                                          0.02       1.26 f
  u_npu_core/u_core/u_vexu/rem_862/u_div/u_add_PartRem_9_4/U195/ZN (INVD1BWP40P140)
                                                          0.01       1.27 r
  u_npu_core/u_core/u_vexu/rem_862/u_div/u_add_PartRem_9_4/U208/ZN (CKND2D1BWP40P140)
                                                          0.01       1.28 f
  u_npu_core/u_core/u_vexu/rem_862/u_div/u_add_PartRem_9_4/U207/ZN (ND2D1BWP40P140)
                                                          0.01       1.29 r
  u_npu_core/u_core/u_vexu/rem_862/u_div/u_add_PartRem_9_4/U193/ZN (NR2OPTIBD1BWP40P140)
                                                          0.01       1.30 f
  u_npu_core/u_core/u_vexu/rem_862/u_div/u_add_PartRem_9_4/U248/ZN (AOI21D2BWP40P140)
                                                          0.02       1.32 r
  u_npu_core/u_core/u_vexu/rem_862/u_div/u_add_PartRem_9_4/U201/ZN (NR3OPTPAD2BWP40P140)
                                                          0.02       1.33 f
  u_npu_core/u_core/u_vexu/rem_862/u_div/u_add_PartRem_9_4/CO (vexu_EN_RVV1_DW01_add_1727)
                                                          0.00       1.33 f
  u_npu_core/u_core/u_vexu/U1763/ZN (MUX2NOPTD2BWP40P140)
                                                          0.02       1.35 f
  u_npu_core/u_core/u_vexu/U4722/ZN (NR2D0P7BWP40P140)
                                                          0.06       1.41 r
  u_npu_core/u_core/u_vexu/U96069/ZN (AOI22D1BWP40P140)
                                                          0.02       1.44 f
  u_npu_core/u_core/u_vexu/U4723/Z (AN2D1BWP40P140)       0.04       1.47 f
  u_npu_core/u_core/u_vexu/U96075/ZN (MUX2NUD1BWP40P140)
                                                          0.06       1.54 r
  u_npu_core/u_core/u_vexu/rem_862/u_div/u_add_PartRem_8_2/A[6] (vexu_EN_RVV1_DW01_add_1732)
                                                          0.00       1.54 r
  u_npu_core/u_core/u_vexu/rem_862/u_div/u_add_PartRem_8_2/U274/ZN (INVD1BWP40P140)
                                                          0.02       1.55 f
  u_npu_core/u_core/u_vexu/rem_862/u_div/u_add_PartRem_8_2/U224/Z (OR2D1BWP40P140)
                                                          0.02       1.58 f
  u_npu_core/u_core/u_vexu/rem_862/u_div/u_add_PartRem_8_2/U267/ZN (INVD1BWP40P140)
                                                          0.01       1.59 r
  u_npu_core/u_core/u_vexu/rem_862/u_div/u_add_PartRem_8_2/U318/ZN (IOA21D2BWP40P140)
                                                          0.02       1.61 r
  u_npu_core/u_core/u_vexu/rem_862/u_div/u_add_PartRem_8_2/U266/ZN (INVD1BWP40P140)
                                                          0.01       1.62 f
  u_npu_core/u_core/u_vexu/rem_862/u_div/u_add_PartRem_8_2/U317/Z (CKAN2D1BWP40P140)
                                                          0.02       1.64 f
  u_npu_core/u_core/u_vexu/rem_862/u_div/u_add_PartRem_8_2/U315/ZN (OAI32D2BWP40P140)
                                                          0.02       1.66 r
  u_npu_core/u_core/u_vexu/rem_862/u_div/u_add_PartRem_8_2/U292/Z (OA211D1BWP40P140)
                                                          0.03       1.69 r
  u_npu_core/u_core/u_vexu/rem_862/u_div/u_add_PartRem_8_2/CO (vexu_EN_RVV1_DW01_add_1732)
                                                          0.00       1.69 r
  u_npu_core/u_core/u_vexu/U96086/ZN (MUX2NUD1BWP40P140)
                                                          0.02       1.71 f
  u_npu_core/u_core/u_vexu/U96088/ZN (INVD1BWP40P140)     0.01       1.73 r
  u_npu_core/u_core/u_vexu/U96092/Z (OR2D1BWP40P140)      0.02       1.75 r
  u_npu_core/u_core/u_vexu/U2112/ZN (INVD2BWP40P140)      0.02       1.77 f
  u_npu_core/u_core/u_vexu/U34452/Z (AO22D0BWP40P140)     0.04       1.80 f
  u_npu_core/u_core/u_vexu/U96100/ZN (AOI221D1BWP40P140)
                                                          0.03       1.83 r
  u_npu_core/u_core/u_vexu/U96101/ZN (MUX2NUD1BWP40P140)
                                                          0.06       1.89 f
  u_npu_core/u_core/u_vexu/rem_862/u_div/u_add_PartRem_7_6/A[9] (vexu_EN_RVV1_DW01_add_1743)
                                                          0.00       1.89 f
  u_npu_core/u_core/u_vexu/rem_862/u_div/u_add_PartRem_7_6/U448/ZN (INVD2BWP40P140)
                                                          0.01       1.90 r
  u_npu_core/u_core/u_vexu/rem_862/u_div/u_add_PartRem_7_6/U446/Z (OR2D2BWP40P140)
                                                          0.02       1.93 r
  u_npu_core/u_core/u_vexu/rem_862/u_div/u_add_PartRem_7_6/U386/ZN (INVD1BWP40P140)
                                                          0.01       1.94 f
  u_npu_core/u_core/u_vexu/rem_862/u_div/u_add_PartRem_7_6/U305/ZN (IOA21D1BWP40P140)
                                                          0.02       1.96 f
  u_npu_core/u_core/u_vexu/rem_862/u_div/u_add_PartRem_7_6/U304/ZN (INVD1BWP40P140)
                                                          0.01       1.97 r
  u_npu_core/u_core/u_vexu/rem_862/u_div/u_add_PartRem_7_6/U309/Z (AO22D0BWP40P140)
                                                          0.03       2.00 r
  u_npu_core/u_core/u_vexu/rem_862/u_div/u_add_PartRem_7_6/U381/ZN (OAI32D1BWP40P140)
                                                          0.03       2.03 f
  u_npu_core/u_core/u_vexu/rem_862/u_div/u_add_PartRem_7_6/U385/ZN (INVD1BWP40P140)
                                                          0.01       2.04 r
  u_npu_core/u_core/u_vexu/rem_862/u_div/u_add_PartRem_7_6/U382/ZN (IOA21D1BWP40P140)
                                                          0.01       2.05 f
  u_npu_core/u_core/u_vexu/rem_862/u_div/u_add_PartRem_7_6/U426/Z (OA211D1BWP40P140)
                                                          0.03       2.08 f
  u_npu_core/u_core/u_vexu/rem_862/u_div/u_add_PartRem_7_6/CO (vexu_EN_RVV1_DW01_add_1743)
                                                          0.00       2.08 f
  u_npu_core/u_core/u_vexu/U1468/ZN (MUX2NOPTD4BWP40P140)
                                                          0.02       2.09 r
  u_npu_core/u_core/u_vexu/U96121/ZN (INVD1BWP40P140)     0.02       2.11 f
  u_npu_core/u_core/u_vexu/U96122/ZN (MUX2NUD1BWP40P140)
                                                          0.04       2.15 f
  u_npu_core/u_core/u_vexu/U1476/ZN (INVD1P5BWP40P140)
                                                          0.01       2.16 r
  u_npu_core/u_core/u_vexu/U96125/Z (OR2D1BWP40P140)      0.02       2.18 r
  u_npu_core/u_core/u_vexu/U96126/Z (OR2D1BWP40P140)      0.02       2.21 r
  u_npu_core/u_core/u_vexu/U63757/ZN (CKND3BWP40P140)     0.01       2.22 f
  u_npu_core/u_core/u_vexu/U43685/ZN (AOI22D0BWP40P140)
                                                          0.04       2.25 r
  u_npu_core/u_core/u_vexu/U2228/ZN (ND4D3BWP40P140)      0.06       2.31 f
  u_npu_core/u_core/u_vexu/rem_862/u_div/u_add_PartRem_6_6/A[9] (vexu_EN_RVV1_DW01_add_1750)
                                                          0.00       2.31 f
  u_npu_core/u_core/u_vexu/rem_862/u_div/u_add_PartRem_6_6/U385/ZN (INVD1BWP40P140)
                                                          0.02       2.33 r
  u_npu_core/u_core/u_vexu/rem_862/u_div/u_add_PartRem_6_6/U383/Z (OR2D1BWP40P140)
                                                          0.02       2.35 r
  u_npu_core/u_core/u_vexu/rem_862/u_div/u_add_PartRem_6_6/U299/ZN (INVD1BWP40P140)
                                                          0.01       2.36 f
  u_npu_core/u_core/u_vexu/rem_862/u_div/u_add_PartRem_6_6/U483/ZN (IOA21D2BWP40P140)
                                                          0.02       2.38 f
  u_npu_core/u_core/u_vexu/rem_862/u_div/u_add_PartRem_6_6/U482/ZN (INVD2BWP40P140)
                                                          0.01       2.39 r
  u_npu_core/u_core/u_vexu/rem_862/u_div/u_add_PartRem_6_6/U480/ZN (IOA21D2BWP40P140)
                                                          0.03       2.41 r
  u_npu_core/u_core/u_vexu/rem_862/u_div/u_add_PartRem_6_6/U479/ZN (INVD2BWP40P140)
                                                          0.01       2.42 f
  u_npu_core/u_core/u_vexu/rem_862/u_div/u_add_PartRem_6_6/U475/Z (CKAN2D1BWP40P140)
                                                          0.02       2.44 f
  u_npu_core/u_core/u_vexu/rem_862/u_div/u_add_PartRem_6_6/U304/Z (OR2D1BWP40P140)
                                                          0.02       2.46 f
  u_npu_core/u_core/u_vexu/rem_862/u_div/u_add_PartRem_6_6/U470/ZN (INVD2BWP40P140)
                                                          0.01       2.47 r
  u_npu_core/u_core/u_vexu/rem_862/u_div/u_add_PartRem_6_6/U469/ZN (IOA21D2BWP40P140)
                                                          0.01       2.47 f
  u_npu_core/u_core/u_vexu/rem_862/u_div/u_add_PartRem_6_6/U450/Z (OA211D1BWP40P140)
                                                          0.02       2.49 f
  u_npu_core/u_core/u_vexu/rem_862/u_div/u_add_PartRem_6_6/CO (vexu_EN_RVV1_DW01_add_1750)
                                                          0.00       2.49 f
  u_npu_core/u_core/u_vexu/U44350/ZN (MUX2NOPTD2BWP40P140)
                                                          0.02       2.52 r
  u_npu_core/u_core/u_vexu/U1469/ZN (INVD4BWP40P140)      0.01       2.53 f
  u_npu_core/u_core/u_vexu/U96168/ZN (MUX2NUD1BWP40P140)
                                                          0.03       2.56 f
  u_npu_core/u_core/u_vexu/U96169/ZN (INVD1BWP40P140)     0.02       2.58 r
  u_npu_core/u_core/u_vexu/U96172/Z (OR2D1BWP40P140)      0.02       2.60 r
  u_npu_core/u_core/u_vexu/U96173/Z (OR2D1BWP40P140)      0.02       2.62 r
  u_npu_core/u_core/u_vexu/U63758/ZN (CKND3BWP40P140)     0.01       2.63 f
  u_npu_core/u_core/u_vexu/U43355/ZN (AOI22D0BWP40P140)
                                                          0.04       2.67 r
  u_npu_core/u_core/u_vexu/U43354/ZN (ND4D1BWP40P140)     0.05       2.73 f
  u_npu_core/u_core/u_vexu/rem_862/u_div/u_add_PartRem_5_2/A[6] (vexu_EN_RVV1_DW01_add_1753)
                                                          0.00       2.73 f
  u_npu_core/u_core/u_vexu/rem_862/u_div/u_add_PartRem_5_2/U343/ZN (INVD1BWP40P140)
                                                          0.02       2.74 r
  u_npu_core/u_core/u_vexu/rem_862/u_div/u_add_PartRem_5_2/U341/Z (OR2D1BWP40P140)
                                                          0.02       2.77 r
  u_npu_core/u_core/u_vexu/rem_862/u_div/u_add_PartRem_5_2/U369/ZN (INVD1BWP40P140)
                                                          0.01       2.77 f
  u_npu_core/u_core/u_vexu/rem_862/u_div/u_add_PartRem_5_2/U368/ZN (IOA21D1BWP40P140)
                                                          0.02       2.80 f
  u_npu_core/u_core/u_vexu/rem_862/u_div/u_add_PartRem_5_2/U367/ZN (INVD1BWP40P140)
                                                          0.01       2.81 r
  u_npu_core/u_core/u_vexu/rem_862/u_div/u_add_PartRem_5_2/U451/Z (CKAN2D1BWP40P140)
                                                          0.02       2.83 r
  u_npu_core/u_core/u_vexu/rem_862/u_div/u_add_PartRem_5_2/U269/ZN (OAI32D1BWP40P140)
                                                          0.04       2.86 f
  u_npu_core/u_core/u_vexu/rem_862/u_div/u_add_PartRem_5_2/U275/ZN (INVD1BWP40P140)
                                                          0.02       2.88 r
  u_npu_core/u_core/u_vexu/rem_862/u_div/u_add_PartRem_5_2/U320/ZN (IOA21D1BWP40P140)
                                                          0.03       2.91 r
  u_npu_core/u_core/u_vexu/rem_862/u_div/u_add_PartRem_5_2/U281/ZN (OAI31D1BWP40P140)
                                                          0.02       2.93 f
  u_npu_core/u_core/u_vexu/rem_862/u_div/u_add_PartRem_5_2/CO (vexu_EN_RVV1_DW01_add_1753)
                                                          0.00       2.93 f
  u_npu_core/u_core/u_vexu/U96227/ZN (MUX2NUD1BWP40P140)
                                                          0.04       2.96 r
  u_npu_core/u_core/u_vexu/U1479/ZN (INVD2BWP40P140)      0.02       2.98 f
  u_npu_core/u_core/u_vexu/U96230/ZN (MUX2NUD1BWP40P140)
                                                          0.04       3.02 f
  u_npu_core/u_core/u_vexu/U1238/ZN (INVD2BWP40P140)      0.01       3.03 r
  u_npu_core/u_core/u_vexu/U3869/ZN (NR3D0BWP40P140)      0.06       3.09 f
  u_npu_core/u_core/u_vexu/U96299/ZN (AOI22D1BWP40P140)
                                                          0.05       3.13 r
  u_npu_core/u_core/u_vexu/U2293/ZN (ND4D2BWP40P140)      0.06       3.19 f
  u_npu_core/u_core/u_vexu/rem_862/u_div/u_add_PartRem_4_2/A[4] (vexu_EN_RVV1_DW01_add_1760)
                                                          0.00       3.19 f
  u_npu_core/u_core/u_vexu/rem_862/u_div/u_add_PartRem_4_2/U338/ZN (CKND0BWP40P140)
                                                          0.02       3.21 r
  u_npu_core/u_core/u_vexu/rem_862/u_div/u_add_PartRem_4_2/U336/Z (OR2D1BWP40P140)
                                                          0.02       3.24 r
  u_npu_core/u_core/u_vexu/rem_862/u_div/u_add_PartRem_4_2/U288/ZN (INVD1BWP40P140)
                                                          0.01       3.25 f
  u_npu_core/u_core/u_vexu/rem_862/u_div/u_add_PartRem_4_2/U392/ZN (IOA21D1BWP40P140)
                                                          0.02       3.27 f
  u_npu_core/u_core/u_vexu/rem_862/u_div/u_add_PartRem_4_2/U300/ZN (INVD1BWP40P140)
                                                          0.01       3.28 r
  u_npu_core/u_core/u_vexu/rem_862/u_div/u_add_PartRem_4_2/U494/Z (CKAN2D1BWP40P140)
                                                          0.02       3.30 r
  u_npu_core/u_core/u_vexu/rem_862/u_div/u_add_PartRem_4_2/U292/ZN (OAI32D1BWP40P140)
                                                          0.04       3.34 f
  u_npu_core/u_core/u_vexu/rem_862/u_div/u_add_PartRem_4_2/U492/ZN (INVD2BWP40P140)
                                                          0.01       3.35 r
  u_npu_core/u_core/u_vexu/rem_862/u_div/u_add_PartRem_4_2/U272/ZN (IOA21D1BWP40P140)
                                                          0.03       3.38 r
  u_npu_core/u_core/u_vexu/rem_862/u_div/u_add_PartRem_4_2/U491/Z (OR4D1BWP40P140)
                                                          0.02       3.40 r
  u_npu_core/u_core/u_vexu/rem_862/u_div/u_add_PartRem_4_2/U293/ZN (IOA21D1BWP40P140)
                                                          0.01       3.41 f
  u_npu_core/u_core/u_vexu/rem_862/u_div/u_add_PartRem_4_2/CO (vexu_EN_RVV1_DW01_add_1760)
                                                          0.00       3.41 f
  u_npu_core/u_core/u_vexu/U2358/ZN (MUX2NUD1BWP40P140)
                                                          0.03       3.45 r
  u_npu_core/u_core/u_vexu/U1483/ZN (CKND2BWP40P140)      0.02       3.47 f
  u_npu_core/u_core/u_vexu/U44346/ZN (MUX2NOPTD2BWP40P140)
                                                          0.02       3.49 f
  u_npu_core/u_core/u_vexu/U96307/ZN (INVD1BWP40P140)     0.02       3.50 r
  u_npu_core/u_core/u_vexu/U96312/Z (OR2D1BWP40P140)      0.02       3.53 r
  u_npu_core/u_core/u_vexu/U27865/ZN (NR2OPTIBD1BWP40P140)
                                                          0.04       3.56 f
  u_npu_core/u_core/u_vexu/U27780/ZN (AOI22D1BWP40P140)
                                                          0.04       3.60 r
  u_npu_core/u_core/u_vexu/U1472/ZN (ND4D4BWP40P140)      0.05       3.65 f
  u_npu_core/u_core/u_vexu/rem_862/u_div/u_add_PartRem_3_6/A[3] (vexu_EN_RVV1_DW01_add_1771)
                                                          0.00       3.65 f
  u_npu_core/u_core/u_vexu/rem_862/u_div/u_add_PartRem_3_6/U509/ZN (CKND0BWP40P140)
                                                          0.02       3.66 r
  u_npu_core/u_core/u_vexu/rem_862/u_div/u_add_PartRem_3_6/U507/Z (OR2D1BWP40P140)
                                                          0.02       3.69 r
  u_npu_core/u_core/u_vexu/rem_862/u_div/u_add_PartRem_3_6/U506/ZN (INVD1BWP40P140)
                                                          0.01       3.70 f
  u_npu_core/u_core/u_vexu/rem_862/u_div/u_add_PartRem_3_6/U530/ZN (IOA21D1BWP40P140)
                                                          0.02       3.72 f
  u_npu_core/u_core/u_vexu/rem_862/u_div/u_add_PartRem_3_6/U467/ZN (INVD1BWP40P140)
                                                          0.01       3.73 r
  u_npu_core/u_core/u_vexu/rem_862/u_div/u_add_PartRem_3_6/U656/Z (CKAN2D1BWP40P140)
                                                          0.02       3.75 r
  u_npu_core/u_core/u_vexu/rem_862/u_div/u_add_PartRem_3_6/U405/ZN (OAI32D1BWP40P140)
                                                          0.04       3.79 f
  u_npu_core/u_core/u_vexu/rem_862/u_div/u_add_PartRem_3_6/U412/ZN (INVD1BWP40P140)
                                                          0.03       3.82 r
  u_npu_core/u_core/u_vexu/rem_862/u_div/u_add_PartRem_3_6/U395/ZN (IOA21D1BWP40P140)
                                                          0.04       3.86 r
  u_npu_core/u_core/u_vexu/rem_862/u_div/u_add_PartRem_3_6/U648/ZN (OAI32D2BWP40P140)
                                                          0.03       3.89 f
  u_npu_core/u_core/u_vexu/rem_862/u_div/u_add_PartRem_3_6/CO (vexu_EN_RVV1_DW01_add_1771)
                                                          0.00       3.89 f
  u_npu_core/u_core/u_vexu/U44349/ZN (MUX2NOPTD4BWP40P140)
                                                          0.02       3.91 r
  u_npu_core/u_core/u_vexu/U44348/ZN (INVD4BWP40P140)     0.01       3.92 f
  u_npu_core/u_core/u_vexu/U44347/ZN (MUX2NOPTD2BWP40P140)
                                                          0.02       3.94 f
  u_npu_core/u_core/u_vexu/U1471/ZN (CKND1BWP40P140)      0.02       3.95 r
  u_npu_core/u_core/u_vexu/U96397/Z (OR2D1BWP40P140)      0.02       3.97 r
  u_npu_core/u_core/u_vexu/U96399/Z (OR2D1BWP40P140)      0.03       4.00 r
  u_npu_core/u_core/u_vexu/U63767/ZN (INVD4BWP40P140)     0.01       4.01 f
  u_npu_core/u_core/u_vexu/U43652/ZN (AOI22D0BWP40P140)
                                                          0.04       4.05 r
  u_npu_core/u_core/u_vexu/U1473/ZN (ND4D3BWP40P140)      0.05       4.10 f
  u_npu_core/u_core/u_vexu/rem_862/u_div/u_add_PartRem_2_2/A[4] (vexu_EN_RVV1_DW01_add_1774)
                                                          0.00       4.10 f
  u_npu_core/u_core/u_vexu/rem_862/u_div/u_add_PartRem_2_2/U428/ZN (CKND0BWP40P140)
                                                          0.02       4.12 r
  u_npu_core/u_core/u_vexu/rem_862/u_div/u_add_PartRem_2_2/U426/Z (OR2D1BWP40P140)
                                                          0.02       4.15 r
  u_npu_core/u_core/u_vexu/rem_862/u_div/u_add_PartRem_2_2/U421/ZN (INVD1BWP40P140)
                                                          0.01       4.15 f
  u_npu_core/u_core/u_vexu/rem_862/u_div/u_add_PartRem_2_2/U492/ZN (IOA21D1BWP40P140)
                                                          0.02       4.18 f
  u_npu_core/u_core/u_vexu/rem_862/u_div/u_add_PartRem_2_2/U395/ZN (INVD1BWP40P140)
                                                          0.01       4.19 r
  u_npu_core/u_core/u_vexu/rem_862/u_div/u_add_PartRem_2_2/U590/Z (CKAN2D1BWP40P140)
                                                          0.02       4.21 r
  u_npu_core/u_core/u_vexu/rem_862/u_div/u_add_PartRem_2_2/U308/ZN (OAI32D1BWP40P140)
                                                          0.04       4.24 f
  u_npu_core/u_core/u_vexu/rem_862/u_div/u_add_PartRem_2_2/U315/ZN (INVD1BWP40P140)
                                                          0.02       4.26 r
  u_npu_core/u_core/u_vexu/rem_862/u_div/u_add_PartRem_2_2/U305/ZN (IOA21D1BWP40P140)
                                                          0.03       4.30 r
  u_npu_core/u_core/u_vexu/rem_862/u_div/u_add_PartRem_2_2/U581/ZN (OAI32D2BWP40P140)
                                                          0.02       4.31 f
  u_npu_core/u_core/u_vexu/rem_862/u_div/u_add_PartRem_2_2/CO (vexu_EN_RVV1_DW01_add_1774)
                                                          0.00       4.31 f
  u_npu_core/u_core/u_vexu/U96486/ZN (MUX2NUD1BWP40P140)
                                                          0.04       4.35 r
  u_npu_core/u_core/u_vexu/U1480/ZN (INVD2BWP40P140)      0.02       4.37 f
  u_npu_core/u_core/u_vexu/U96489/ZN (MUX2NUD1BWP40P140)
                                                          0.03       4.40 f
  u_npu_core/u_core/u_vexu/U96490/ZN (INVD1BWP40P140)     0.02       4.42 r
  u_npu_core/u_core/u_vexu/U8470/Z (OR3D1BWP40P140)       0.02       4.44 r
  u_npu_core/u_core/u_vexu/U8469/ZN (INVD1BWP40P140)      0.05       4.49 f
  u_npu_core/u_core/u_vexu/U96576/ZN (AOI22D1BWP40P140)
                                                          0.04       4.53 r
  u_npu_core/u_core/u_vexu/U2665/ZN (ND4D2BWP40P140)      0.06       4.59 f
  u_npu_core/u_core/u_vexu/rem_862/u_div/u_add_PartRem_1_4/A[5] (vexu_EN_RVV1_DW01_add_1783)
                                                          0.00       4.59 f
  u_npu_core/u_core/u_vexu/rem_862/u_div/u_add_PartRem_1_4/U444/ZN (INVD0P7BWP40P140)
                                                          0.02       4.61 r
  u_npu_core/u_core/u_vexu/rem_862/u_div/u_add_PartRem_1_4/U442/Z (OR2D1BWP40P140)
                                                          0.02       4.63 r
  u_npu_core/u_core/u_vexu/rem_862/u_div/u_add_PartRem_1_4/U512/ZN (INVD1BWP40P140)
                                                          0.01       4.64 f
  u_npu_core/u_core/u_vexu/rem_862/u_div/u_add_PartRem_1_4/U511/ZN (IOA21D1BWP40P140)
                                                          0.02       4.66 f
  u_npu_core/u_core/u_vexu/rem_862/u_div/u_add_PartRem_1_4/U437/ZN (INVD1BWP40P140)
                                                          0.01       4.68 r
  u_npu_core/u_core/u_vexu/rem_862/u_div/u_add_PartRem_1_4/U624/Z (CKAN2D1BWP40P140)
                                                          0.02       4.70 r
  u_npu_core/u_core/u_vexu/rem_862/u_div/u_add_PartRem_1_4/U622/ZN (OAI32D2BWP40P140)
                                                          0.03       4.72 f
  u_npu_core/u_core/u_vexu/rem_862/u_div/u_add_PartRem_1_4/U347/ZN (INVD1BWP40P140)
                                                          0.02       4.74 r
  u_npu_core/u_core/u_vexu/rem_862/u_div/u_add_PartRem_1_4/U343/ZN (IOA21D1BWP40P140)
                                                          0.04       4.78 r
  u_npu_core/u_core/u_vexu/rem_862/u_div/u_add_PartRem_1_4/U563/ZN (OAI32D4BWP40P140)
                                                          0.04       4.82 f
  u_npu_core/u_core/u_vexu/rem_862/u_div/u_add_PartRem_1_4/CO (vexu_EN_RVV1_DW01_add_1783)
                                                          0.00       4.82 f
  u_npu_core/u_core/u_vexu/U1482/ZN (MUX2NOPTD4BWP40P140)
                                                          0.02       4.83 r
  u_npu_core/u_core/u_vexu/U44345/ZN (INVD2BWP40P140)     0.01       4.85 f
  u_npu_core/u_core/u_vexu/U96587/ZN (MUX2NUD1BWP40P140)
                                                          0.03       4.88 f
  u_npu_core/u_core/u_vexu/U96591/ZN (INVD1BWP40P140)     0.02       4.90 r
  u_npu_core/u_core/u_vexu/U96594/Z (OR2D1BWP40P140)      0.02       4.92 r
  u_npu_core/u_core/u_vexu/U96596/Z (OR2D1BWP40P140)      0.03       4.95 r
  u_npu_core/u_core/u_vexu/U6841/ZN (CKND4BWP40P140)      0.02       4.97 f
  u_npu_core/u_core/u_vexu/U41944/ZN (AOI22D0BWP40P140)
                                                          0.03       5.00 r
  u_npu_core/u_core/u_vexu/U2995/ZN (ND4D1BWP40P140)      0.07       5.07 f
  u_npu_core/u_core/u_vexu/rem_862/u_div/u_add_PartRem_0_5/A[4] (vexu_EN_RVV1_DW01_add_1791)
                                                          0.00       5.07 f
  u_npu_core/u_core/u_vexu/rem_862/u_div/u_add_PartRem_0_5/U546/Z (OR2D1BWP40P140)
                                                          0.04       5.11 f
  u_npu_core/u_core/u_vexu/rem_862/u_div/u_add_PartRem_0_5/U620/ZN (IOA21D1BWP40P140)
                                                          0.03       5.14 f
  u_npu_core/u_core/u_vexu/rem_862/u_div/u_add_PartRem_0_5/U621/ZN (INVD1BWP40P140)
                                                          0.01       5.15 r
  u_npu_core/u_core/u_vexu/rem_862/u_div/u_add_PartRem_0_5/U799/Z (CKAN2D1BWP40P140)
                                                          0.02       5.17 r
  u_npu_core/u_core/u_vexu/rem_862/u_div/u_add_PartRem_0_5/U397/ZN (OAI32D1BWP40P140)
                                                          0.04       5.20 f
  u_npu_core/u_core/u_vexu/rem_862/u_div/u_add_PartRem_0_5/U400/ZN (INVD1BWP40P140)
                                                          0.02       5.22 r
  u_npu_core/u_core/u_vexu/rem_862/u_div/u_add_PartRem_0_5/U393/ZN (IOA21D1BWP40P140)
                                                          0.04       5.26 r
  u_npu_core/u_core/u_vexu/rem_862/u_div/u_add_PartRem_0_5/U684/ZN (OAI32D1BWP40P140)
                                                          0.03       5.30 f
  u_npu_core/u_core/u_vexu/rem_862/u_div/u_add_PartRem_0_5/U706/ZN (MAOI22D1BWP40P140)
                                                          0.03       5.33 f
  u_npu_core/u_core/u_vexu/rem_862/u_div/u_add_PartRem_0_5/CO (vexu_EN_RVV1_DW01_add_1791)
                                                          0.00       5.33 f
  u_npu_core/u_core/u_vexu/U96716/ZN (MUX2NUD1BWP40P140)
                                                          0.02       5.35 r
  u_npu_core/u_core/u_vexu/U123/ZN (MUX2NOPTD2BWP40P140)
                                                          0.03       5.38 f
  u_npu_core/u_core/u_vexu/U28176/ZN (INVD2BWP40P140)     0.01       5.39 r
  u_npu_core/u_core/u_vexu/U96720/Z (OR2D1BWP40P140)      0.02       5.41 r
  u_npu_core/u_core/u_vexu/U96721/Z (OR2D1BWP40P140)      0.02       5.43 r
  u_npu_core/u_core/u_vexu/U3365/ZN (INVD2BWP40P140)      0.03       5.47 f
  u_npu_core/u_core/u_vexu/U96848/ZN (AOI22D1BWP40P140)
                                                          0.03       5.50 r
  u_npu_core/u_core/u_vexu/U6706/ZN (ND4D1BWP40P140)      0.03       5.53 f
  u_npu_core/u_core/u_vexu/U6705/Z (XOR2UD0BWP40P140)     0.02       5.55 r
  u_npu_core/u_core/u_vexu/rem_862/u_div/u_inc_RInc/a[1] (vexu_EN_RVV1_DW_inc_65)
                                                          0.00       5.55 r
  u_npu_core/u_core/u_vexu/rem_862/u_div/u_inc_RInc/U216/ZN (INVD1P5BWP40P140)
                                                          0.01       5.57 f
  u_npu_core/u_core/u_vexu/rem_862/u_div/u_inc_RInc/U237/Z (OR2D1BWP40P140)
                                                          0.02       5.59 f
  u_npu_core/u_core/u_vexu/rem_862/u_div/u_inc_RInc/U300/Z (OR2D6BWP40P140)
                                                          0.02       5.61 f
  u_npu_core/u_core/u_vexu/rem_862/u_div/u_inc_RInc/U299/Z (OR4D4BWP40P140)
                                                          0.03       5.65 f
  u_npu_core/u_core/u_vexu/rem_862/u_div/u_inc_RInc/U302/Z (OR2D8BWP40P140)
                                                          0.03       5.67 f
  u_npu_core/u_core/u_vexu/rem_862/u_div/u_inc_RInc/U309/Z (OR4D1BWP40P140)
                                                          0.03       5.70 f
  u_npu_core/u_core/u_vexu/rem_862/u_div/u_inc_RInc/U219/Z (XOR2OPTND2BWP40P140)
                                                          0.02       5.72 f
  u_npu_core/u_core/u_vexu/rem_862/u_div/u_inc_RInc/sum[29] (vexu_EN_RVV1_DW_inc_65)
                                                          0.00       5.72 f
  u_npu_core/u_core/u_vexu/U854/ZN (AOI221D2BWP40P140)
                                                          0.03       5.75 r
  u_npu_core/u_core/u_vexu/U1315/ZN (ND4D2BWP40P140)      0.04       5.79 f
  u_npu_core/u_core/u_vexu/U144046/ZN (AOI22D1BWP40P140)
                                                          0.02       5.81 r
  u_npu_core/u_core/u_vexu/U144047/Z (OA211D1BWP40P140)
                                                          0.04       5.85 r
  u_npu_core/u_core/u_vexu/U26064/Z (AN4D1BWP40P140)      0.04       5.90 r
  u_npu_core/u_core/u_vexu/U144058/ZN (IND4D1BWP40P140)
                                                          0.02       5.92 f
  u_npu_core/u_core/u_vexu/q_wdata[29] (vexu_EN_RVV1)     0.00       5.92 f
  u_npu_core/u_core/U1703/Z (AO22D0BWP40P140)             0.03       5.95 f
  u_npu_core/u_core/ex_mem_vex_wdata_r_reg[29]/D (DFQD2BWP40P140)
                                                          0.00       5.95 f
  data arrival time                                                  5.95

  clock clk (rise edge)                                   6.00       6.00
  clock network delay (ideal)                             0.00       6.00
  clock uncertainty                                      -0.05       5.95
  u_npu_core/u_core/ex_mem_vex_wdata_r_reg[29]/CP (DFQD2BWP40P140)
                                                          0.00       5.95 r
  library setup time                                      0.00       5.95
  data required time                                                 5.95
  --------------------------------------------------------------------------
  data required time                                                 5.95
  data arrival time                                                 -5.95
  --------------------------------------------------------------------------
  slack (MET)                                                        0.00


  Startpoint: u_npu_core/u_core/if_ex_instr_reg[22]
              (rising edge-triggered flip-flop clocked by clk)
  Endpoint: u_npu_core/u_core/ex_mem_vex_wdata_r_reg[29]
            (rising edge-triggered flip-flop clocked by clk)
  Path Group: clk
  Path Type: max

  Des/Clust/Port     Wire Load Model       Library
  ------------------------------------------------
  csr_RV32A0_PMP_ENTRIES0_EN_RVV1_EN_F1
                     ZeroWireload          tcbn28hpcplusbwp40p140tt0p9v25c
  trigger            ZeroWireload          tcbn28hpcplusbwp40p140tt0p9v25c
  div                ZeroWireload          tcbn28hpcplusbwp40p140tt0p9v25c
  mul                ZeroWireload          tcbn28hpcplusbwp40p140tt0p9v25c
  vexu_EN_RVV1       ZeroWireload          tcbn28hpcplusbwp40p140tt0p9v25c
  fexu_EN_F1         ZeroWireload          tcbn28hpcplusbwp40p140tt0p9v25c
  rfu                ZeroWireload          tcbn28hpcplusbwp40p140tt0p9v25c
  ifu_00000000_0     ZeroWireload          tcbn28hpcplusbwp40p140tt0p9v25c
  ras_EN_RAS0        ZeroWireload          tcbn28hpcplusbwp40p140tt0p9v25c
  bp_EN_BP0          ZeroWireload          tcbn28hpcplusbwp40p140tt0p9v25c
  npu_itcm_sram_dp_WORDS2048_AW11
                     ZeroWireload          tcbn28hpcplusbwp40p140tt0p9v25c
  npu_tcm_sram_dp_WORDS8192_AW13_DMA_DATA_W256_LANES4
                     ZeroWireload          tcbn28hpcplusbwp40p140tt0p9v25c
  core_00000000_0_0_0_0_0_1_1
                     ZeroWireload          tcbn28hpcplusbwp40p140tt0p9v25c
  axil_decerr        ZeroWireload          tcbn28hpcplusbwp40p140tt0p9v25c
  npu_itcm_WORDS2048_AW11
                     ZeroWireload          tcbn28hpcplusbwp40p140tt0p9v25c
  npu_tcm_WORDS8192_AW13_DMA_DATA_W256
                     ZeroWireload          tcbn28hpcplusbwp40p140tt0p9v25c
  npu_dma_BUF_AW13_DMA_DATA_W256
                     ZeroWireload          tcbn28hpcplusbwp40p140tt0p9v25c
  npu_ml_ctrl_ML_V2_EN1
                     ZeroWireload          tcbn28hpcplusbwp40p140tt0p9v25c
  npu_axil_regs      ZeroWireload          tcbn28hpcplusbwp40p140tt0p9v25c
  mat_engine_TCM_AW13_LANES4
                     ZeroWireload          tcbn28hpcplusbwp40p140tt0p9v25c
  npu_top_MAT_LANES4_DMA_DATA_W256_ML_V2_EN1
                     ZeroWireload          tcbn28hpcplusbwp40p140tt0p9v25c
  cpu_m1_top_00000000_0_0_0_1_1
                     ZeroWireload          tcbn28hpcplusbwp40p140tt0p9v25c
  idu_RV32A0_EN_RVV1_EN_F1
                     ZeroWireload          tcbn28hpcplusbwp40p140tt0p9v25c
  vexu_EN_RVV1_DW_mult_uns_81
                     ZeroWireload          tcbn28hpcplusbwp40p140tt0p9v25c
  vexu_EN_RVV1_DW01_add_1312_DW01_add_437
                     ZeroWireload          tcbn28hpcplusbwp40p140tt0p9v25c
  vexu_EN_RVV1_DW01_sub_23_DW01_sub_33
                     ZeroWireload          tcbn28hpcplusbwp40p140tt0p9v25c
  vexu_EN_RVV1_DW01_add_2416
                     ZeroWireload          tcbn28hpcplusbwp40p140tt0p9v25c
  vexu_EN_RVV1_DW_mult_uns_19
                     ZeroWireload          tcbn28hpcplusbwp40p140tt0p9v25c
  vexu_EN_RVV1_DW01_add_171_DW01_add_272
                     ZeroWireload          tcbn28hpcplusbwp40p140tt0p9v25c
  vexu_EN_RVV1_DW01_add_43_DW01_add_144
                     ZeroWireload          tcbn28hpcplusbwp40p140tt0p9v25c
  vexu_EN_RVV1_DW01_sub_54_DW01_sub_64
                     ZeroWireload          tcbn28hpcplusbwp40p140tt0p9v25c
  vexu_EN_RVV1_DW01_sub_55_DW01_sub_65
                     ZeroWireload          tcbn28hpcplusbwp40p140tt0p9v25c
  vexu_EN_RVV1_DW_mult_tc_1_DW_mult_tc_259
                     ZeroWireload          tcbn28hpcplusbwp40p140tt0p9v25c
  vexu_EN_RVV1_DW_mult_tc_0_DW_mult_tc_258
                     ZeroWireload          tcbn28hpcplusbwp40p140tt0p9v25c
  vexu_EN_RVV1_DW_mult_tc_2_DW_mult_tc_260
                     ZeroWireload          tcbn28hpcplusbwp40p140tt0p9v25c
  vexu_EN_RVV1_DW01_add_1295_DW01_add_420
                     ZeroWireload          tcbn28hpcplusbwp40p140tt0p9v25c
  vexu_EN_RVV1_DW_mult_tc_78_DW_mult_tc_336
                     ZeroWireload          tcbn28hpcplusbwp40p140tt0p9v25c
  vexu_EN_RVV1_DW01_inc_83
                     ZeroWireload          tcbn28hpcplusbwp40p140tt0p9v25c
  vexu_EN_RVV1_DW01_inc_87
                     ZeroWireload          tcbn28hpcplusbwp40p140tt0p9v25c
  vexu_EN_RVV1_DW01_add_1718
                     ZeroWireload          tcbn28hpcplusbwp40p140tt0p9v25c
  vexu_EN_RVV1_DW01_add_1719
                     ZeroWireload          tcbn28hpcplusbwp40p140tt0p9v25c
  vexu_EN_RVV1_DW01_add_1717
                     ZeroWireload          tcbn28hpcplusbwp40p140tt0p9v25c
  vexu_EN_RVV1_DW01_add_1724
                     ZeroWireload          tcbn28hpcplusbwp40p140tt0p9v25c
  vexu_EN_RVV1_DW01_add_1725
                     ZeroWireload          tcbn28hpcplusbwp40p140tt0p9v25c
  vexu_EN_RVV1_DW01_add_1726
                     ZeroWireload          tcbn28hpcplusbwp40p140tt0p9v25c
  vexu_EN_RVV1_DW01_add_1727
                     ZeroWireload          tcbn28hpcplusbwp40p140tt0p9v25c
  vexu_EN_RVV1_DW01_add_1728
                     ZeroWireload          tcbn28hpcplusbwp40p140tt0p9v25c
  vexu_EN_RVV1_DW01_add_1729
                     ZeroWireload          tcbn28hpcplusbwp40p140tt0p9v25c
  vexu_EN_RVV1_DW01_add_1730
                     ZeroWireload          tcbn28hpcplusbwp40p140tt0p9v25c
  vexu_EN_RVV1_DW01_add_1735
                     ZeroWireload          tcbn28hpcplusbwp40p140tt0p9v25c
  vexu_EN_RVV1_DW01_add_1737
                     ZeroWireload          tcbn28hpcplusbwp40p140tt0p9v25c
  vexu_EN_RVV1_DW01_add_1731
                     ZeroWireload          tcbn28hpcplusbwp40p140tt0p9v25c
  vexu_EN_RVV1_DW01_add_1733
                     ZeroWireload          tcbn28hpcplusbwp40p140tt0p9v25c
  vexu_EN_RVV1_DW01_add_1734
                     ZeroWireload          tcbn28hpcplusbwp40p140tt0p9v25c
  vexu_EN_RVV1_DW01_add_1736
                     ZeroWireload          tcbn28hpcplusbwp40p140tt0p9v25c
  vexu_EN_RVV1_DW01_add_1732
                     ZeroWireload          tcbn28hpcplusbwp40p140tt0p9v25c
  vexu_EN_RVV1_DW01_add_1743
                     ZeroWireload          tcbn28hpcplusbwp40p140tt0p9v25c
  vexu_EN_RVV1_DW01_add_1739
                     ZeroWireload          tcbn28hpcplusbwp40p140tt0p9v25c
  vexu_EN_RVV1_DW01_add_1744
                     ZeroWireload          tcbn28hpcplusbwp40p140tt0p9v25c
  vexu_EN_RVV1_DW01_add_1741
                     ZeroWireload          tcbn28hpcplusbwp40p140tt0p9v25c
  vexu_EN_RVV1_DW01_add_1742
                     ZeroWireload          tcbn28hpcplusbwp40p140tt0p9v25c
  vexu_EN_RVV1_DW01_add_1738
                     ZeroWireload          tcbn28hpcplusbwp40p140tt0p9v25c
  vexu_EN_RVV1_DW01_add_1740
                     ZeroWireload          tcbn28hpcplusbwp40p140tt0p9v25c
  vexu_EN_RVV1_DW01_add_1745
                     ZeroWireload          tcbn28hpcplusbwp40p140tt0p9v25c
  vexu_EN_RVV1_DW01_add_1746
                     ZeroWireload          tcbn28hpcplusbwp40p140tt0p9v25c
  vexu_EN_RVV1_DW01_add_1747
                     ZeroWireload          tcbn28hpcplusbwp40p140tt0p9v25c
  vexu_EN_RVV1_DW01_add_1748
                     ZeroWireload          tcbn28hpcplusbwp40p140tt0p9v25c
  vexu_EN_RVV1_DW01_add_1749
                     ZeroWireload          tcbn28hpcplusbwp40p140tt0p9v25c
  vexu_EN_RVV1_DW01_add_1750
                     ZeroWireload          tcbn28hpcplusbwp40p140tt0p9v25c
  vexu_EN_RVV1_DW01_add_1751
                     ZeroWireload          tcbn28hpcplusbwp40p140tt0p9v25c
  vexu_EN_RVV1_DW01_add_1752
                     ZeroWireload          tcbn28hpcplusbwp40p140tt0p9v25c
  vexu_EN_RVV1_DW01_add_1754
                     ZeroWireload          tcbn28hpcplusbwp40p140tt0p9v25c
  vexu_EN_RVV1_DW01_add_1753
                     ZeroWireload          tcbn28hpcplusbwp40p140tt0p9v25c
  vexu_EN_RVV1_DW01_add_1759
                     ZeroWireload          tcbn28hpcplusbwp40p140tt0p9v25c
  vexu_EN_RVV1_DW01_add_1760
                     ZeroWireload          tcbn28hpcplusbwp40p140tt0p9v25c
  vexu_EN_RVV1_DW01_add_1761
                     ZeroWireload          tcbn28hpcplusbwp40p140tt0p9v25c
  vexu_EN_RVV1_DW01_add_1762
                     ZeroWireload          tcbn28hpcplusbwp40p140tt0p9v25c
  vexu_EN_RVV1_DW01_add_1763
                     ZeroWireload          tcbn28hpcplusbwp40p140tt0p9v25c
  vexu_EN_RVV1_DW01_add_1764
                     ZeroWireload          tcbn28hpcplusbwp40p140tt0p9v25c
  vexu_EN_RVV1_DW01_add_1765
                     ZeroWireload          tcbn28hpcplusbwp40p140tt0p9v25c
  vexu_EN_RVV1_DW01_add_1766
                     ZeroWireload          tcbn28hpcplusbwp40p140tt0p9v25c
  vexu_EN_RVV1_DW01_add_1767
                     ZeroWireload          tcbn28hpcplusbwp40p140tt0p9v25c
  vexu_EN_RVV1_DW01_add_1768
                     ZeroWireload          tcbn28hpcplusbwp40p140tt0p9v25c
  vexu_EN_RVV1_DW01_add_1769
                     ZeroWireload          tcbn28hpcplusbwp40p140tt0p9v25c
  vexu_EN_RVV1_DW01_add_1770
                     ZeroWireload          tcbn28hpcplusbwp40p140tt0p9v25c
  vexu_EN_RVV1_DW01_add_1771
                     ZeroWireload          tcbn28hpcplusbwp40p140tt0p9v25c
  vexu_EN_RVV1_DW01_add_1772
                     ZeroWireload          tcbn28hpcplusbwp40p140tt0p9v25c
  vexu_EN_RVV1_DW01_add_1773
                     ZeroWireload          tcbn28hpcplusbwp40p140tt0p9v25c
  vexu_EN_RVV1_DW01_add_1774
                     ZeroWireload          tcbn28hpcplusbwp40p140tt0p9v25c
  vexu_EN_RVV1_DW01_add_1775
                     ZeroWireload          tcbn28hpcplusbwp40p140tt0p9v25c
  vexu_EN_RVV1_DW01_add_1776
                     ZeroWireload          tcbn28hpcplusbwp40p140tt0p9v25c
  vexu_EN_RVV1_DW01_add_1777
                     ZeroWireload          tcbn28hpcplusbwp40p140tt0p9v25c
  vexu_EN_RVV1_DW01_add_1778
                     ZeroWireload          tcbn28hpcplusbwp40p140tt0p9v25c
  vexu_EN_RVV1_DW01_add_1779
                     ZeroWireload          tcbn28hpcplusbwp40p140tt0p9v25c
  vexu_EN_RVV1_DW01_add_1780
                     ZeroWireload          tcbn28hpcplusbwp40p140tt0p9v25c
  vexu_EN_RVV1_DW01_add_1781
                     ZeroWireload          tcbn28hpcplusbwp40p140tt0p9v25c
  vexu_EN_RVV1_DW01_add_1782
                     ZeroWireload          tcbn28hpcplusbwp40p140tt0p9v25c
  vexu_EN_RVV1_DW01_add_1783
                     ZeroWireload          tcbn28hpcplusbwp40p140tt0p9v25c
  vexu_EN_RVV1_DW01_add_1784
                     ZeroWireload          tcbn28hpcplusbwp40p140tt0p9v25c
  vexu_EN_RVV1_DW01_add_1785
                     ZeroWireload          tcbn28hpcplusbwp40p140tt0p9v25c
  vexu_EN_RVV1_DW01_add_1786
                     ZeroWireload          tcbn28hpcplusbwp40p140tt0p9v25c
  vexu_EN_RVV1_DW01_add_1787
                     ZeroWireload          tcbn28hpcplusbwp40p140tt0p9v25c
  vexu_EN_RVV1_DW01_add_1793
                     ZeroWireload          tcbn28hpcplusbwp40p140tt0p9v25c
  vexu_EN_RVV1_DW01_add_1791
                     ZeroWireload          tcbn28hpcplusbwp40p140tt0p9v25c
  vexu_EN_RVV1_DW01_add_1788
                     ZeroWireload          tcbn28hpcplusbwp40p140tt0p9v25c
  vexu_EN_RVV1_DW01_add_1789
                     ZeroWireload          tcbn28hpcplusbwp40p140tt0p9v25c
  vexu_EN_RVV1_DW_inc_65
                     ZeroWireload          tcbn28hpcplusbwp40p140tt0p9v25c

  Point                                                   Incr       Path
  --------------------------------------------------------------------------
  clock clk (rise edge)                                   0.00       0.00
  clock network delay (ideal)                             0.00       0.00
  u_npu_core/u_core/if_ex_instr_reg[22]/CP (DFQD4BWP40P140)
                                                          0.00 #     0.00 r
  u_npu_core/u_core/if_ex_instr_reg[22]/Q (DFQD4BWP40P140)
                                                          0.05       0.05 f
  u_npu_core/u_core/u_vexu/q_instr[22] (vexu_EN_RVV1)     0.00       0.05 f
  u_npu_core/u_core/u_vexu/U5854/ZN (CKND1BWP40P140)      0.02       0.07 r
  u_npu_core/u_core/u_vexu/U5859/ZN (CKND3BWP40P140)      0.01       0.08 f
  u_npu_core/u_core/u_vexu/U5855/ZN (NR2D1BWP40P140)      0.02       0.10 r
  u_npu_core/u_core/u_vexu/U4224/Z (OA22D1BWP40P140)      0.04       0.14 r
  u_npu_core/u_core/u_vexu/U5857/ZN (IND2D4BWP40P140)     0.01       0.15 f
  u_npu_core/u_core/u_vexu/U5865/Z (XOR2OPTND4BWP40P140)
                                                          0.02       0.17 f
  u_npu_core/u_core/u_vexu/U5868/Z (OR2D4BWP40P140)       0.02       0.20 f
  u_npu_core/u_core/u_vexu/U12253/Z (OR2D1BWP40P140)      0.03       0.22 f
  u_npu_core/u_core/u_vexu/U15719/Z (CKBD1BWP40P140)      0.02       0.25 f
  u_npu_core/u_core/u_vexu/U19649/Z (BUFFD3BWP40P140)     0.05       0.29 f
  u_npu_core/u_core/u_vexu/U47238/ZN (OAI22D1BWP40P140)
                                                          0.03       0.32 r
  u_npu_core/u_core/u_vexu/U47235/Z (OR4D1BWP40P140)      0.03       0.34 r
  u_npu_core/u_core/u_vexu/U47234/Z (OR4D1BWP40P140)      0.03       0.37 r
  u_npu_core/u_core/u_vexu/U41664/ZN (MUX2ND4BWP40P140)
                                                          0.04       0.41 f
  u_npu_core/u_core/u_vexu/U18719/Z (CKBD1BWP40P140)      0.06       0.47 f
  u_npu_core/u_core/u_vexu/U4713/ZN (INVD2BWP40P140)      0.03       0.50 r
  u_npu_core/u_core/u_vexu/rem_862/u_div/u_absval_AAbs/NEG/A[6] (vexu_EN_RVV1_DW01_inc_87)
                                                          0.00       0.50 r
  u_npu_core/u_core/u_vexu/rem_862/u_div/u_absval_AAbs/NEG/U23/ZN (ND2D0BWP40P140)
                                                          0.02       0.53 f
  u_npu_core/u_core/u_vexu/rem_862/u_div/u_absval_AAbs/NEG/U10/ZN (NR2OPTPAD1BWP40P140)
                                                          0.02       0.55 r
  u_npu_core/u_core/u_vexu/rem_862/u_div/u_absval_AAbs/NEG/U7/ZN (ND3D1BWP40P140)
                                                          0.04       0.58 f
  u_npu_core/u_core/u_vexu/rem_862/u_div/u_absval_AAbs/NEG/U70/ZN (NR2OPTPAD2BWP40P140)
                                                          0.02       0.60 r
  u_npu_core/u_core/u_vexu/rem_862/u_div/u_absval_AAbs/NEG/U22/ZN (ND3D0BWP40P140)
                                                          0.04       0.65 f
  u_npu_core/u_core/u_vexu/rem_862/u_div/u_absval_AAbs/NEG/U20/ZN (NR2D1BWP40P140)
                                                          0.03       0.68 r
  u_npu_core/u_core/u_vexu/rem_862/u_div/u_absval_AAbs/NEG/U19/ZN (ND3D0BWP40P140)
                                                          0.05       0.73 f
  u_npu_core/u_core/u_vexu/rem_862/u_div/u_absval_AAbs/NEG/U9/ZN (NR2OPTPAD1BWP40P140)
                                                          0.03       0.75 r
  u_npu_core/u_core/u_vexu/rem_862/u_div/u_absval_AAbs/NEG/U18/ZN (ND3D1BWP40P140)
                                                          0.04       0.79 f
  u_npu_core/u_core/u_vexu/rem_862/u_div/u_absval_AAbs/NEG/U3/ZN (NR2OPTPAD2BWP40P140)
                                                          0.02       0.82 r
  u_npu_core/u_core/u_vexu/rem_862/u_div/u_absval_AAbs/NEG/U2/ZN (ND3OPTPAD2BWP40P140)
                                                          0.02       0.84 f
  u_npu_core/u_core/u_vexu/rem_862/u_div/u_absval_AAbs/NEG/U15/ZN (NR2D1BWP40P140)
                                                          0.03       0.87 r
  u_npu_core/u_core/u_vexu/rem_862/u_div/u_absval_AAbs/NEG/U8/ZN (ND3D1P5BWP40P140)
                                                          0.02       0.89 f
  u_npu_core/u_core/u_vexu/rem_862/u_div/u_absval_AAbs/NEG/U14/ZN (INR2D1BWP40P140)
                                                          0.02       0.91 r
  u_npu_core/u_core/u_vexu/rem_862/u_div/u_absval_AAbs/NEG/U6/Z (XOR2UD0BWP40P140)
                                                          0.03       0.94 r
  u_npu_core/u_core/u_vexu/rem_862/u_div/u_absval_AAbs/NEG/SUM[31] (vexu_EN_RVV1_DW01_inc_87)
                                                          0.00       0.94 r
  u_npu_core/u_core/u_vexu/U30372/Z (CKAN2D1BWP40P140)
                                                          0.03       0.97 r
  u_npu_core/u_core/u_vexu/rem_862/u_div/u_add_PartRem_10_2/A[1] (vexu_EN_RVV1_DW01_add_1718)
                                                          0.00       0.97 r
  u_npu_core/u_core/u_vexu/rem_862/u_div/u_add_PartRem_10_2/U188/Z (OR2D0BWP40P140)
                                                          0.02       0.99 r
  u_npu_core/u_core/u_vexu/rem_862/u_div/u_add_PartRem_10_2/U192/ZN (IOA21D1BWP40P140)
                                                          0.03       1.02 r
  u_npu_core/u_core/u_vexu/rem_862/u_div/u_add_PartRem_10_2/U198/ZN (INVD1BWP40P140)
                                                          0.01       1.03 f
  u_npu_core/u_core/u_vexu/rem_862/u_div/u_add_PartRem_10_2/U186/ZN (NR4D0BWP40P140)
                                                          0.02       1.05 r
  u_npu_core/u_core/u_vexu/rem_862/u_div/u_add_PartRem_10_2/CO (vexu_EN_RVV1_DW01_add_1718)
                                                          0.00       1.05 r
  u_npu_core/u_core/u_vexu/U96053/ZN (ND2OPTIBD2BWP40P140)
                                                          0.02       1.07 f
  u_npu_core/u_core/u_vexu/U96054/ZN (INVD1BWP40P140)     0.02       1.09 r
  u_npu_core/u_core/u_vexu/U1760/ZN (MUX2NOPTD2BWP40P140)
                                                          0.02       1.11 r
  u_npu_core/u_core/u_vexu/U34108/ZN (NR2D0BWP40P140)     0.02       1.13 f
  u_npu_core/u_core/u_vexu/U44351/ZN (AOI32D0BWP40P140)
                                                          0.04       1.16 r
  u_npu_core/u_core/u_vexu/U6732/ZN (ND2D2BWP40P140)      0.04       1.20 f
  u_npu_core/u_core/u_vexu/rem_862/u_div/u_add_PartRem_9_4/A[3] (vexu_EN_RVV1_DW01_add_1727)
                                                          0.00       1.20 f
  u_npu_core/u_core/u_vexu/rem_862/u_div/u_add_PartRem_9_4/U251/ZN (INVD2BWP40P140)
                                                          0.01       1.21 r
  u_npu_core/u_core/u_vexu/rem_862/u_div/u_add_PartRem_9_4/U213/Z (OR2D1BWP40P140)
                                                          0.02       1.23 r
  u_npu_core/u_core/u_vexu/rem_862/u_div/u_add_PartRem_9_4/U222/ZN (INVD1BWP40P140)
                                                          0.01       1.24 f
  u_npu_core/u_core/u_vexu/rem_862/u_div/u_add_PartRem_9_4/U250/ZN (IOA21D2BWP40P140)
                                                          0.02       1.26 f
  u_npu_core/u_core/u_vexu/rem_862/u_div/u_add_PartRem_9_4/U195/ZN (INVD1BWP40P140)
                                                          0.01       1.27 r
  u_npu_core/u_core/u_vexu/rem_862/u_div/u_add_PartRem_9_4/U208/ZN (CKND2D1BWP40P140)
                                                          0.01       1.28 f
  u_npu_core/u_core/u_vexu/rem_862/u_div/u_add_PartRem_9_4/U207/ZN (ND2D1BWP40P140)
                                                          0.01       1.29 r
  u_npu_core/u_core/u_vexu/rem_862/u_div/u_add_PartRem_9_4/U193/ZN (NR2OPTIBD1BWP40P140)
                                                          0.01       1.30 f
  u_npu_core/u_core/u_vexu/rem_862/u_div/u_add_PartRem_9_4/U248/ZN (AOI21D2BWP40P140)
                                                          0.02       1.32 r
  u_npu_core/u_core/u_vexu/rem_862/u_div/u_add_PartRem_9_4/U201/ZN (NR3OPTPAD2BWP40P140)
                                                          0.02       1.33 f
  u_npu_core/u_core/u_vexu/rem_862/u_div/u_add_PartRem_9_4/CO (vexu_EN_RVV1_DW01_add_1727)
                                                          0.00       1.33 f
  u_npu_core/u_core/u_vexu/U1763/ZN (MUX2NOPTD2BWP40P140)
                                                          0.02       1.35 f
  u_npu_core/u_core/u_vexu/U4722/ZN (NR2D0P7BWP40P140)
                                                          0.06       1.41 r
  u_npu_core/u_core/u_vexu/U96069/ZN (AOI22D1BWP40P140)
                                                          0.02       1.44 f
  u_npu_core/u_core/u_vexu/U4723/Z (AN2D1BWP40P140)       0.04       1.47 f
  u_npu_core/u_core/u_vexu/U96075/ZN (MUX2NUD1BWP40P140)
                                                          0.06       1.54 r
  u_npu_core/u_core/u_vexu/rem_862/u_div/u_add_PartRem_8_2/A[6] (vexu_EN_RVV1_DW01_add_1732)
                                                          0.00       1.54 r
  u_npu_core/u_core/u_vexu/rem_862/u_div/u_add_PartRem_8_2/U274/ZN (INVD1BWP40P140)
                                                          0.02       1.55 f
  u_npu_core/u_core/u_vexu/rem_862/u_div/u_add_PartRem_8_2/U224/Z (OR2D1BWP40P140)
                                                          0.02       1.58 f
  u_npu_core/u_core/u_vexu/rem_862/u_div/u_add_PartRem_8_2/U267/ZN (INVD1BWP40P140)
                                                          0.01       1.59 r
  u_npu_core/u_core/u_vexu/rem_862/u_div/u_add_PartRem_8_2/U318/ZN (IOA21D2BWP40P140)
                                                          0.02       1.61 r
  u_npu_core/u_core/u_vexu/rem_862/u_div/u_add_PartRem_8_2/U266/ZN (INVD1BWP40P140)
                                                          0.01       1.62 f
  u_npu_core/u_core/u_vexu/rem_862/u_div/u_add_PartRem_8_2/U317/Z (CKAN2D1BWP40P140)
                                                          0.02       1.64 f
  u_npu_core/u_core/u_vexu/rem_862/u_div/u_add_PartRem_8_2/U315/ZN (OAI32D2BWP40P140)
                                                          0.02       1.66 r
  u_npu_core/u_core/u_vexu/rem_862/u_div/u_add_PartRem_8_2/U292/Z (OA211D1BWP40P140)
                                                          0.03       1.69 r
  u_npu_core/u_core/u_vexu/rem_862/u_div/u_add_PartRem_8_2/CO (vexu_EN_RVV1_DW01_add_1732)
                                                          0.00       1.69 r
  u_npu_core/u_core/u_vexu/U96086/ZN (MUX2NUD1BWP40P140)
                                                          0.02       1.71 f
  u_npu_core/u_core/u_vexu/U96088/ZN (INVD1BWP40P140)     0.01       1.73 r
  u_npu_core/u_core/u_vexu/U96092/Z (OR2D1BWP40P140)      0.02       1.75 r
  u_npu_core/u_core/u_vexu/U2112/ZN (INVD2BWP40P140)      0.02       1.77 f
  u_npu_core/u_core/u_vexu/U34452/Z (AO22D0BWP40P140)     0.04       1.80 f
  u_npu_core/u_core/u_vexu/U96100/ZN (AOI221D1BWP40P140)
                                                          0.03       1.83 r
  u_npu_core/u_core/u_vexu/U96101/ZN (MUX2NUD1BWP40P140)
                                                          0.06       1.89 f
  u_npu_core/u_core/u_vexu/rem_862/u_div/u_add_PartRem_7_6/A[9] (vexu_EN_RVV1_DW01_add_1743)
                                                          0.00       1.89 f
  u_npu_core/u_core/u_vexu/rem_862/u_div/u_add_PartRem_7_6/U448/ZN (INVD2BWP40P140)
                                                          0.01       1.90 r
  u_npu_core/u_core/u_vexu/rem_862/u_div/u_add_PartRem_7_6/U446/Z (OR2D2BWP40P140)
                                                          0.02       1.93 r
  u_npu_core/u_core/u_vexu/rem_862/u_div/u_add_PartRem_7_6/U386/ZN (INVD1BWP40P140)
                                                          0.01       1.94 f
  u_npu_core/u_core/u_vexu/rem_862/u_div/u_add_PartRem_7_6/U305/ZN (IOA21D1BWP40P140)
                                                          0.02       1.96 f
  u_npu_core/u_core/u_vexu/rem_862/u_div/u_add_PartRem_7_6/U304/ZN (INVD1BWP40P140)
                                                          0.01       1.97 r
  u_npu_core/u_core/u_vexu/rem_862/u_div/u_add_PartRem_7_6/U309/Z (AO22D0BWP40P140)
                                                          0.03       2.00 r
  u_npu_core/u_core/u_vexu/rem_862/u_div/u_add_PartRem_7_6/U381/ZN (OAI32D1BWP40P140)
                                                          0.03       2.03 f
  u_npu_core/u_core/u_vexu/rem_862/u_div/u_add_PartRem_7_6/U385/ZN (INVD1BWP40P140)
                                                          0.01       2.04 r
  u_npu_core/u_core/u_vexu/rem_862/u_div/u_add_PartRem_7_6/U382/ZN (IOA21D1BWP40P140)
                                                          0.01       2.05 f
  u_npu_core/u_core/u_vexu/rem_862/u_div/u_add_PartRem_7_6/U426/Z (OA211D1BWP40P140)
                                                          0.03       2.08 f
  u_npu_core/u_core/u_vexu/rem_862/u_div/u_add_PartRem_7_6/CO (vexu_EN_RVV1_DW01_add_1743)
                                                          0.00       2.08 f
  u_npu_core/u_core/u_vexu/U1468/ZN (MUX2NOPTD4BWP40P140)
                                                          0.02       2.09 r
  u_npu_core/u_core/u_vexu/U96121/ZN (INVD1BWP40P140)     0.02       2.11 f
  u_npu_core/u_core/u_vexu/U96122/ZN (MUX2NUD1BWP40P140)
                                                          0.04       2.15 f
  u_npu_core/u_core/u_vexu/U1476/ZN (INVD1P5BWP40P140)
                                                          0.01       2.16 r
  u_npu_core/u_core/u_vexu/U96125/Z (OR2D1BWP40P140)      0.02       2.18 r
  u_npu_core/u_core/u_vexu/U96126/Z (OR2D1BWP40P140)      0.02       2.21 r
  u_npu_core/u_core/u_vexu/U63757/ZN (CKND3BWP40P140)     0.01       2.22 f
  u_npu_core/u_core/u_vexu/U43685/ZN (AOI22D0BWP40P140)
                                                          0.04       2.25 r
  u_npu_core/u_core/u_vexu/U2228/ZN (ND4D3BWP40P140)      0.06       2.31 f
  u_npu_core/u_core/u_vexu/rem_862/u_div/u_add_PartRem_6_6/A[9] (vexu_EN_RVV1_DW01_add_1750)
                                                          0.00       2.31 f
  u_npu_core/u_core/u_vexu/rem_862/u_div/u_add_PartRem_6_6/U385/ZN (INVD1BWP40P140)
                                                          0.02       2.33 r
  u_npu_core/u_core/u_vexu/rem_862/u_div/u_add_PartRem_6_6/U383/Z (OR2D1BWP40P140)
                                                          0.02       2.35 r
  u_npu_core/u_core/u_vexu/rem_862/u_div/u_add_PartRem_6_6/U299/ZN (INVD1BWP40P140)
                                                          0.01       2.36 f
  u_npu_core/u_core/u_vexu/rem_862/u_div/u_add_PartRem_6_6/U483/ZN (IOA21D2BWP40P140)
                                                          0.02       2.38 f
  u_npu_core/u_core/u_vexu/rem_862/u_div/u_add_PartRem_6_6/U482/ZN (INVD2BWP40P140)
                                                          0.01       2.39 r
  u_npu_core/u_core/u_vexu/rem_862/u_div/u_add_PartRem_6_6/U480/ZN (IOA21D2BWP40P140)
                                                          0.03       2.41 r
  u_npu_core/u_core/u_vexu/rem_862/u_div/u_add_PartRem_6_6/U479/ZN (INVD2BWP40P140)
                                                          0.01       2.42 f
  u_npu_core/u_core/u_vexu/rem_862/u_div/u_add_PartRem_6_6/U475/Z (CKAN2D1BWP40P140)
                                                          0.02       2.44 f
  u_npu_core/u_core/u_vexu/rem_862/u_div/u_add_PartRem_6_6/U304/Z (OR2D1BWP40P140)
                                                          0.02       2.46 f
  u_npu_core/u_core/u_vexu/rem_862/u_div/u_add_PartRem_6_6/U470/ZN (INVD2BWP40P140)
                                                          0.01       2.47 r
  u_npu_core/u_core/u_vexu/rem_862/u_div/u_add_PartRem_6_6/U469/ZN (IOA21D2BWP40P140)
                                                          0.01       2.47 f
  u_npu_core/u_core/u_vexu/rem_862/u_div/u_add_PartRem_6_6/U450/Z (OA211D1BWP40P140)
                                                          0.02       2.49 f
  u_npu_core/u_core/u_vexu/rem_862/u_div/u_add_PartRem_6_6/CO (vexu_EN_RVV1_DW01_add_1750)
                                                          0.00       2.49 f
  u_npu_core/u_core/u_vexu/U44350/ZN (MUX2NOPTD2BWP40P140)
                                                          0.02       2.52 r
  u_npu_core/u_core/u_vexu/U1469/ZN (INVD4BWP40P140)      0.01       2.53 f
  u_npu_core/u_core/u_vexu/U96168/ZN (MUX2NUD1BWP40P140)
                                                          0.03       2.56 f
  u_npu_core/u_core/u_vexu/U96169/ZN (INVD1BWP40P140)     0.02       2.58 r
  u_npu_core/u_core/u_vexu/U96172/Z (OR2D1BWP40P140)      0.02       2.60 r
  u_npu_core/u_core/u_vexu/U96173/Z (OR2D1BWP40P140)      0.02       2.62 r
  u_npu_core/u_core/u_vexu/U63758/ZN (CKND3BWP40P140)     0.01       2.63 f
  u_npu_core/u_core/u_vexu/U43355/ZN (AOI22D0BWP40P140)
                                                          0.04       2.67 r
  u_npu_core/u_core/u_vexu/U43354/ZN (ND4D1BWP40P140)     0.05       2.73 f
  u_npu_core/u_core/u_vexu/rem_862/u_div/u_add_PartRem_5_2/A[6] (vexu_EN_RVV1_DW01_add_1753)
                                                          0.00       2.73 f
  u_npu_core/u_core/u_vexu/rem_862/u_div/u_add_PartRem_5_2/U343/ZN (INVD1BWP40P140)
                                                          0.02       2.74 r
  u_npu_core/u_core/u_vexu/rem_862/u_div/u_add_PartRem_5_2/U341/Z (OR2D1BWP40P140)
                                                          0.02       2.77 r
  u_npu_core/u_core/u_vexu/rem_862/u_div/u_add_PartRem_5_2/U369/ZN (INVD1BWP40P140)
                                                          0.01       2.77 f
  u_npu_core/u_core/u_vexu/rem_862/u_div/u_add_PartRem_5_2/U368/ZN (IOA21D1BWP40P140)
                                                          0.02       2.80 f
  u_npu_core/u_core/u_vexu/rem_862/u_div/u_add_PartRem_5_2/U367/ZN (INVD1BWP40P140)
                                                          0.01       2.81 r
  u_npu_core/u_core/u_vexu/rem_862/u_div/u_add_PartRem_5_2/U451/Z (CKAN2D1BWP40P140)
                                                          0.02       2.83 r
  u_npu_core/u_core/u_vexu/rem_862/u_div/u_add_PartRem_5_2/U269/ZN (OAI32D1BWP40P140)
                                                          0.04       2.86 f
  u_npu_core/u_core/u_vexu/rem_862/u_div/u_add_PartRem_5_2/U275/ZN (INVD1BWP40P140)
                                                          0.02       2.88 r
  u_npu_core/u_core/u_vexu/rem_862/u_div/u_add_PartRem_5_2/U320/ZN (IOA21D1BWP40P140)
                                                          0.03       2.91 r
  u_npu_core/u_core/u_vexu/rem_862/u_div/u_add_PartRem_5_2/U281/ZN (OAI31D1BWP40P140)
                                                          0.02       2.93 f
  u_npu_core/u_core/u_vexu/rem_862/u_div/u_add_PartRem_5_2/CO (vexu_EN_RVV1_DW01_add_1753)
                                                          0.00       2.93 f
  u_npu_core/u_core/u_vexu/U96227/ZN (MUX2NUD1BWP40P140)
                                                          0.04       2.96 r
  u_npu_core/u_core/u_vexu/U1479/ZN (INVD2BWP40P140)      0.02       2.98 f
  u_npu_core/u_core/u_vexu/U96230/ZN (MUX2NUD1BWP40P140)
                                                          0.04       3.02 f
  u_npu_core/u_core/u_vexu/U1238/ZN (INVD2BWP40P140)      0.01       3.03 r
  u_npu_core/u_core/u_vexu/U3869/ZN (NR3D0BWP40P140)      0.06       3.09 f
  u_npu_core/u_core/u_vexu/U96299/ZN (AOI22D1BWP40P140)
                                                          0.05       3.13 r
  u_npu_core/u_core/u_vexu/U2293/ZN (ND4D2BWP40P140)      0.06       3.19 f
  u_npu_core/u_core/u_vexu/rem_862/u_div/u_add_PartRem_4_2/A[4] (vexu_EN_RVV1_DW01_add_1760)
                                                          0.00       3.19 f
  u_npu_core/u_core/u_vexu/rem_862/u_div/u_add_PartRem_4_2/U338/ZN (CKND0BWP40P140)
                                                          0.02       3.21 r
  u_npu_core/u_core/u_vexu/rem_862/u_div/u_add_PartRem_4_2/U336/Z (OR2D1BWP40P140)
                                                          0.02       3.24 r
  u_npu_core/u_core/u_vexu/rem_862/u_div/u_add_PartRem_4_2/U288/ZN (INVD1BWP40P140)
                                                          0.01       3.25 f
  u_npu_core/u_core/u_vexu/rem_862/u_div/u_add_PartRem_4_2/U392/ZN (IOA21D1BWP40P140)
                                                          0.02       3.27 f
  u_npu_core/u_core/u_vexu/rem_862/u_div/u_add_PartRem_4_2/U300/ZN (INVD1BWP40P140)
                                                          0.01       3.28 r
  u_npu_core/u_core/u_vexu/rem_862/u_div/u_add_PartRem_4_2/U494/Z (CKAN2D1BWP40P140)
                                                          0.02       3.30 r
  u_npu_core/u_core/u_vexu/rem_862/u_div/u_add_PartRem_4_2/U292/ZN (OAI32D1BWP40P140)
                                                          0.04       3.34 f
  u_npu_core/u_core/u_vexu/rem_862/u_div/u_add_PartRem_4_2/U492/ZN (INVD2BWP40P140)
                                                          0.01       3.35 r
  u_npu_core/u_core/u_vexu/rem_862/u_div/u_add_PartRem_4_2/U272/ZN (IOA21D1BWP40P140)
                                                          0.03       3.38 r
  u_npu_core/u_core/u_vexu/rem_862/u_div/u_add_PartRem_4_2/U491/Z (OR4D1BWP40P140)
                                                          0.02       3.40 r
  u_npu_core/u_core/u_vexu/rem_862/u_div/u_add_PartRem_4_2/U293/ZN (IOA21D1BWP40P140)
                                                          0.01       3.41 f
  u_npu_core/u_core/u_vexu/rem_862/u_div/u_add_PartRem_4_2/CO (vexu_EN_RVV1_DW01_add_1760)
                                                          0.00       3.41 f
  u_npu_core/u_core/u_vexu/U2358/ZN (MUX2NUD1BWP40P140)
                                                          0.03       3.45 r
  u_npu_core/u_core/u_vexu/U1483/ZN (CKND2BWP40P140)      0.02       3.47 f
  u_npu_core/u_core/u_vexu/U44346/ZN (MUX2NOPTD2BWP40P140)
                                                          0.02       3.49 f
  u_npu_core/u_core/u_vexu/U96307/ZN (INVD1BWP40P140)     0.02       3.50 r
  u_npu_core/u_core/u_vexu/U96312/Z (OR2D1BWP40P140)      0.02       3.53 r
  u_npu_core/u_core/u_vexu/U27865/ZN (NR2OPTIBD1BWP40P140)
                                                          0.04       3.56 f
  u_npu_core/u_core/u_vexu/U27780/ZN (AOI22D1BWP40P140)
                                                          0.04       3.60 r
  u_npu_core/u_core/u_vexu/U1472/ZN (ND4D4BWP40P140)      0.05       3.65 f
  u_npu_core/u_core/u_vexu/rem_862/u_div/u_add_PartRem_3_6/A[3] (vexu_EN_RVV1_DW01_add_1771)
                                                          0.00       3.65 f
  u_npu_core/u_core/u_vexu/rem_862/u_div/u_add_PartRem_3_6/U509/ZN (CKND0BWP40P140)
                                                          0.02       3.66 r
  u_npu_core/u_core/u_vexu/rem_862/u_div/u_add_PartRem_3_6/U507/Z (OR2D1BWP40P140)
                                                          0.02       3.69 r
  u_npu_core/u_core/u_vexu/rem_862/u_div/u_add_PartRem_3_6/U506/ZN (INVD1BWP40P140)
                                                          0.01       3.70 f
  u_npu_core/u_core/u_vexu/rem_862/u_div/u_add_PartRem_3_6/U530/ZN (IOA21D1BWP40P140)
                                                          0.02       3.72 f
  u_npu_core/u_core/u_vexu/rem_862/u_div/u_add_PartRem_3_6/U467/ZN (INVD1BWP40P140)
                                                          0.01       3.73 r
  u_npu_core/u_core/u_vexu/rem_862/u_div/u_add_PartRem_3_6/U656/Z (CKAN2D1BWP40P140)
                                                          0.02       3.75 r
  u_npu_core/u_core/u_vexu/rem_862/u_div/u_add_PartRem_3_6/U405/ZN (OAI32D1BWP40P140)
                                                          0.04       3.79 f
  u_npu_core/u_core/u_vexu/rem_862/u_div/u_add_PartRem_3_6/U412/ZN (INVD1BWP40P140)
                                                          0.03       3.82 r
  u_npu_core/u_core/u_vexu/rem_862/u_div/u_add_PartRem_3_6/U395/ZN (IOA21D1BWP40P140)
                                                          0.04       3.86 r
  u_npu_core/u_core/u_vexu/rem_862/u_div/u_add_PartRem_3_6/U648/ZN (OAI32D2BWP40P140)
                                                          0.03       3.89 f
  u_npu_core/u_core/u_vexu/rem_862/u_div/u_add_PartRem_3_6/CO (vexu_EN_RVV1_DW01_add_1771)
                                                          0.00       3.89 f
  u_npu_core/u_core/u_vexu/U44349/ZN (MUX2NOPTD4BWP40P140)
                                                          0.02       3.91 r
  u_npu_core/u_core/u_vexu/U44348/ZN (INVD4BWP40P140)     0.01       3.92 f
  u_npu_core/u_core/u_vexu/U44347/ZN (MUX2NOPTD2BWP40P140)
                                                          0.02       3.94 f
  u_npu_core/u_core/u_vexu/U1471/ZN (CKND1BWP40P140)      0.02       3.95 r
  u_npu_core/u_core/u_vexu/U96397/Z (OR2D1BWP40P140)      0.02       3.97 r
  u_npu_core/u_core/u_vexu/U96399/Z (OR2D1BWP40P140)      0.03       4.00 r
  u_npu_core/u_core/u_vexu/U63767/ZN (INVD4BWP40P140)     0.01       4.01 f
  u_npu_core/u_core/u_vexu/U43652/ZN (AOI22D0BWP40P140)
                                                          0.04       4.05 r
  u_npu_core/u_core/u_vexu/U1473/ZN (ND4D3BWP40P140)      0.05       4.10 f
  u_npu_core/u_core/u_vexu/rem_862/u_div/u_add_PartRem_2_2/A[4] (vexu_EN_RVV1_DW01_add_1774)
                                                          0.00       4.10 f
  u_npu_core/u_core/u_vexu/rem_862/u_div/u_add_PartRem_2_2/U428/ZN (CKND0BWP40P140)
                                                          0.02       4.12 r
  u_npu_core/u_core/u_vexu/rem_862/u_div/u_add_PartRem_2_2/U426/Z (OR2D1BWP40P140)
                                                          0.02       4.15 r
  u_npu_core/u_core/u_vexu/rem_862/u_div/u_add_PartRem_2_2/U421/ZN (INVD1BWP40P140)
                                                          0.01       4.15 f
  u_npu_core/u_core/u_vexu/rem_862/u_div/u_add_PartRem_2_2/U492/ZN (IOA21D1BWP40P140)
                                                          0.02       4.18 f
  u_npu_core/u_core/u_vexu/rem_862/u_div/u_add_PartRem_2_2/U395/ZN (INVD1BWP40P140)
                                                          0.01       4.19 r
  u_npu_core/u_core/u_vexu/rem_862/u_div/u_add_PartRem_2_2/U590/Z (CKAN2D1BWP40P140)
                                                          0.02       4.21 r
  u_npu_core/u_core/u_vexu/rem_862/u_div/u_add_PartRem_2_2/U308/ZN (OAI32D1BWP40P140)
                                                          0.04       4.24 f
  u_npu_core/u_core/u_vexu/rem_862/u_div/u_add_PartRem_2_2/U315/ZN (INVD1BWP40P140)
                                                          0.02       4.26 r
  u_npu_core/u_core/u_vexu/rem_862/u_div/u_add_PartRem_2_2/U305/ZN (IOA21D1BWP40P140)
                                                          0.03       4.30 r
  u_npu_core/u_core/u_vexu/rem_862/u_div/u_add_PartRem_2_2/U581/ZN (OAI32D2BWP40P140)
                                                          0.02       4.31 f
  u_npu_core/u_core/u_vexu/rem_862/u_div/u_add_PartRem_2_2/CO (vexu_EN_RVV1_DW01_add_1774)
                                                          0.00       4.31 f
  u_npu_core/u_core/u_vexu/U96486/ZN (MUX2NUD1BWP40P140)
                                                          0.04       4.35 r
  u_npu_core/u_core/u_vexu/U1480/ZN (INVD2BWP40P140)      0.02       4.37 f
  u_npu_core/u_core/u_vexu/U96489/ZN (MUX2NUD1BWP40P140)
                                                          0.03       4.40 f
  u_npu_core/u_core/u_vexu/U96490/ZN (INVD1BWP40P140)     0.02       4.42 r
  u_npu_core/u_core/u_vexu/U8470/Z (OR3D1BWP40P140)       0.02       4.44 r
  u_npu_core/u_core/u_vexu/U8469/ZN (INVD1BWP40P140)      0.05       4.49 f
  u_npu_core/u_core/u_vexu/U96576/ZN (AOI22D1BWP40P140)
                                                          0.04       4.53 r
  u_npu_core/u_core/u_vexu/U2665/ZN (ND4D2BWP40P140)      0.06       4.59 f
  u_npu_core/u_core/u_vexu/rem_862/u_div/u_add_PartRem_1_4/A[5] (vexu_EN_RVV1_DW01_add_1783)
                                                          0.00       4.59 f
  u_npu_core/u_core/u_vexu/rem_862/u_div/u_add_PartRem_1_4/U444/ZN (INVD0P7BWP40P140)
                                                          0.02       4.61 r
  u_npu_core/u_core/u_vexu/rem_862/u_div/u_add_PartRem_1_4/U442/Z (OR2D1BWP40P140)
                                                          0.02       4.63 r
  u_npu_core/u_core/u_vexu/rem_862/u_div/u_add_PartRem_1_4/U512/ZN (INVD1BWP40P140)
                                                          0.01       4.64 f
  u_npu_core/u_core/u_vexu/rem_862/u_div/u_add_PartRem_1_4/U511/ZN (IOA21D1BWP40P140)
                                                          0.02       4.66 f
  u_npu_core/u_core/u_vexu/rem_862/u_div/u_add_PartRem_1_4/U437/ZN (INVD1BWP40P140)
                                                          0.01       4.68 r
  u_npu_core/u_core/u_vexu/rem_862/u_div/u_add_PartRem_1_4/U624/Z (CKAN2D1BWP40P140)
                                                          0.02       4.70 r
  u_npu_core/u_core/u_vexu/rem_862/u_div/u_add_PartRem_1_4/U622/ZN (OAI32D2BWP40P140)
                                                          0.03       4.72 f
  u_npu_core/u_core/u_vexu/rem_862/u_div/u_add_PartRem_1_4/U347/ZN (INVD1BWP40P140)
                                                          0.02       4.74 r
  u_npu_core/u_core/u_vexu/rem_862/u_div/u_add_PartRem_1_4/U343/ZN (IOA21D1BWP40P140)
                                                          0.04       4.78 r
  u_npu_core/u_core/u_vexu/rem_862/u_div/u_add_PartRem_1_4/U563/ZN (OAI32D4BWP40P140)
                                                          0.04       4.82 f
  u_npu_core/u_core/u_vexu/rem_862/u_div/u_add_PartRem_1_4/CO (vexu_EN_RVV1_DW01_add_1783)
                                                          0.00       4.82 f
  u_npu_core/u_core/u_vexu/U1482/ZN (MUX2NOPTD4BWP40P140)
                                                          0.02       4.83 r
  u_npu_core/u_core/u_vexu/U44345/ZN (INVD2BWP40P140)     0.01       4.85 f
  u_npu_core/u_core/u_vexu/U96587/ZN (MUX2NUD1BWP40P140)
                                                          0.03       4.88 f
  u_npu_core/u_core/u_vexu/U96591/ZN (INVD1BWP40P140)     0.02       4.90 r
  u_npu_core/u_core/u_vexu/U96594/Z (OR2D1BWP40P140)      0.02       4.92 r
  u_npu_core/u_core/u_vexu/U96596/Z (OR2D1BWP40P140)      0.03       4.95 r
  u_npu_core/u_core/u_vexu/U6841/ZN (CKND4BWP40P140)      0.02       4.97 f
  u_npu_core/u_core/u_vexu/U41944/ZN (AOI22D0BWP40P140)
                                                          0.03       5.00 r
  u_npu_core/u_core/u_vexu/U2995/ZN (ND4D1BWP40P140)      0.07       5.07 f
  u_npu_core/u_core/u_vexu/rem_862/u_div/u_add_PartRem_0_5/A[4] (vexu_EN_RVV1_DW01_add_1791)
                                                          0.00       5.07 f
  u_npu_core/u_core/u_vexu/rem_862/u_div/u_add_PartRem_0_5/U546/Z (OR2D1BWP40P140)
                                                          0.04       5.11 f
  u_npu_core/u_core/u_vexu/rem_862/u_div/u_add_PartRem_0_5/U620/ZN (IOA21D1BWP40P140)
                                                          0.03       5.14 f
  u_npu_core/u_core/u_vexu/rem_862/u_div/u_add_PartRem_0_5/U621/ZN (INVD1BWP40P140)
                                                          0.01       5.15 r
  u_npu_core/u_core/u_vexu/rem_862/u_div/u_add_PartRem_0_5/U799/Z (CKAN2D1BWP40P140)
                                                          0.02       5.17 r
  u_npu_core/u_core/u_vexu/rem_862/u_div/u_add_PartRem_0_5/U397/ZN (OAI32D1BWP40P140)
                                                          0.04       5.20 f
  u_npu_core/u_core/u_vexu/rem_862/u_div/u_add_PartRem_0_5/U400/ZN (INVD1BWP40P140)
                                                          0.02       5.22 r
  u_npu_core/u_core/u_vexu/rem_862/u_div/u_add_PartRem_0_5/U393/ZN (IOA21D1BWP40P140)
                                                          0.04       5.26 r
  u_npu_core/u_core/u_vexu/rem_862/u_div/u_add_PartRem_0_5/U684/ZN (OAI32D1BWP40P140)
                                                          0.03       5.30 f
  u_npu_core/u_core/u_vexu/rem_862/u_div/u_add_PartRem_0_5/U706/ZN (MAOI22D1BWP40P140)
                                                          0.03       5.33 f
  u_npu_core/u_core/u_vexu/rem_862/u_div/u_add_PartRem_0_5/CO (vexu_EN_RVV1_DW01_add_1791)
                                                          0.00       5.33 f
  u_npu_core/u_core/u_vexu/U96716/ZN (MUX2NUD1BWP40P140)
                                                          0.02       5.35 r
  u_npu_core/u_core/u_vexu/U123/ZN (MUX2NOPTD2BWP40P140)
                                                          0.03       5.38 f
  u_npu_core/u_core/u_vexu/U28176/ZN (INVD2BWP40P140)     0.01       5.39 r
  u_npu_core/u_core/u_vexu/U96720/Z (OR2D1BWP40P140)      0.02       5.41 r
  u_npu_core/u_core/u_vexu/U96721/Z (OR2D1BWP40P140)      0.02       5.43 r
  u_npu_core/u_core/u_vexu/U3365/ZN (INVD2BWP40P140)      0.03       5.47 f
  u_npu_core/u_core/u_vexu/U96848/ZN (AOI22D1BWP40P140)
                                                          0.03       5.50 r
  u_npu_core/u_core/u_vexu/U6706/ZN (ND4D1BWP40P140)      0.03       5.53 f
  u_npu_core/u_core/u_vexu/U6705/Z (XOR2UD0BWP40P140)     0.02       5.55 r
  u_npu_core/u_core/u_vexu/rem_862/u_div/u_inc_RInc/a[1] (vexu_EN_RVV1_DW_inc_65)
                                                          0.00       5.55 r
  u_npu_core/u_core/u_vexu/rem_862/u_div/u_inc_RInc/U216/ZN (INVD1P5BWP40P140)
                                                          0.01       5.57 f
  u_npu_core/u_core/u_vexu/rem_862/u_div/u_inc_RInc/U237/Z (OR2D1BWP40P140)
                                                          0.02       5.59 f
  u_npu_core/u_core/u_vexu/rem_862/u_div/u_inc_RInc/U300/Z (OR2D6BWP40P140)
                                                          0.02       5.61 f
  u_npu_core/u_core/u_vexu/rem_862/u_div/u_inc_RInc/U299/Z (OR4D4BWP40P140)
                                                          0.03       5.65 f
  u_npu_core/u_core/u_vexu/rem_862/u_div/u_inc_RInc/U302/Z (OR2D8BWP40P140)
                                                          0.03       5.67 f
  u_npu_core/u_core/u_vexu/rem_862/u_div/u_inc_RInc/U309/Z (OR4D1BWP40P140)
                                                          0.03       5.70 f
  u_npu_core/u_core/u_vexu/rem_862/u_div/u_inc_RInc/U219/Z (XOR2OPTND2BWP40P140)
                                                          0.02       5.72 f
  u_npu_core/u_core/u_vexu/rem_862/u_div/u_inc_RInc/sum[29] (vexu_EN_RVV1_DW_inc_65)
                                                          0.00       5.72 f
  u_npu_core/u_core/u_vexu/U854/ZN (AOI221D2BWP40P140)
                                                          0.03       5.75 r
  u_npu_core/u_core/u_vexu/U1315/ZN (ND4D2BWP40P140)      0.04       5.79 f
  u_npu_core/u_core/u_vexu/U144046/ZN (AOI22D1BWP40P140)
                                                          0.02       5.81 r
  u_npu_core/u_core/u_vexu/U144047/Z (OA211D1BWP40P140)
                                                          0.04       5.85 r
  u_npu_core/u_core/u_vexu/U26064/Z (AN4D1BWP40P140)      0.04       5.90 r
  u_npu_core/u_core/u_vexu/U144058/ZN (IND4D1BWP40P140)
                                                          0.02       5.92 f
  u_npu_core/u_core/u_vexu/q_wdata[29] (vexu_EN_RVV1)     0.00       5.92 f
  u_npu_core/u_core/U1703/Z (AO22D0BWP40P140)             0.03       5.95 f
  u_npu_core/u_core/ex_mem_vex_wdata_r_reg[29]/D (DFQD2BWP40P140)
                                                          0.00       5.95 f
  data arrival time                                                  5.95

  clock clk (rise edge)                                   6.00       6.00
  clock network delay (ideal)                             0.00       6.00
  clock uncertainty                                      -0.05       5.95
  u_npu_core/u_core/ex_mem_vex_wdata_r_reg[29]/CP (DFQD2BWP40P140)
                                                          0.00       5.95 r
  library setup time                                      0.00       5.95
  data required time                                                 5.95
  --------------------------------------------------------------------------
  data required time                                                 5.95
  data arrival time                                                 -5.95
  --------------------------------------------------------------------------
  slack (MET)                                                        0.00


  Startpoint: u_npu_core/u_core/if_ex_instr_reg[22]
              (rising edge-triggered flip-flop clocked by clk)
  Endpoint: u_npu_core/u_core/ex_mem_vex_wdata_r_reg[29]
            (rising edge-triggered flip-flop clocked by clk)
  Path Group: clk
  Path Type: max

  Des/Clust/Port     Wire Load Model       Library
  ------------------------------------------------
  csr_RV32A0_PMP_ENTRIES0_EN_RVV1_EN_F1
                     ZeroWireload          tcbn28hpcplusbwp40p140tt0p9v25c
  trigger            ZeroWireload          tcbn28hpcplusbwp40p140tt0p9v25c
  div                ZeroWireload          tcbn28hpcplusbwp40p140tt0p9v25c
  mul                ZeroWireload          tcbn28hpcplusbwp40p140tt0p9v25c
  vexu_EN_RVV1       ZeroWireload          tcbn28hpcplusbwp40p140tt0p9v25c
  fexu_EN_F1         ZeroWireload          tcbn28hpcplusbwp40p140tt0p9v25c
  rfu                ZeroWireload          tcbn28hpcplusbwp40p140tt0p9v25c
  ifu_00000000_0     ZeroWireload          tcbn28hpcplusbwp40p140tt0p9v25c
  ras_EN_RAS0        ZeroWireload          tcbn28hpcplusbwp40p140tt0p9v25c
  bp_EN_BP0          ZeroWireload          tcbn28hpcplusbwp40p140tt0p9v25c
  npu_itcm_sram_dp_WORDS2048_AW11
                     ZeroWireload          tcbn28hpcplusbwp40p140tt0p9v25c
  npu_tcm_sram_dp_WORDS8192_AW13_DMA_DATA_W256_LANES4
                     ZeroWireload          tcbn28hpcplusbwp40p140tt0p9v25c
  core_00000000_0_0_0_0_0_1_1
                     ZeroWireload          tcbn28hpcplusbwp40p140tt0p9v25c
  axil_decerr        ZeroWireload          tcbn28hpcplusbwp40p140tt0p9v25c
  npu_itcm_WORDS2048_AW11
                     ZeroWireload          tcbn28hpcplusbwp40p140tt0p9v25c
  npu_tcm_WORDS8192_AW13_DMA_DATA_W256
                     ZeroWireload          tcbn28hpcplusbwp40p140tt0p9v25c
  npu_dma_BUF_AW13_DMA_DATA_W256
                     ZeroWireload          tcbn28hpcplusbwp40p140tt0p9v25c
  npu_ml_ctrl_ML_V2_EN1
                     ZeroWireload          tcbn28hpcplusbwp40p140tt0p9v25c
  npu_axil_regs      ZeroWireload          tcbn28hpcplusbwp40p140tt0p9v25c
  mat_engine_TCM_AW13_LANES4
                     ZeroWireload          tcbn28hpcplusbwp40p140tt0p9v25c
  npu_top_MAT_LANES4_DMA_DATA_W256_ML_V2_EN1
                     ZeroWireload          tcbn28hpcplusbwp40p140tt0p9v25c
  cpu_m1_top_00000000_0_0_0_1_1
                     ZeroWireload          tcbn28hpcplusbwp40p140tt0p9v25c
  idu_RV32A0_EN_RVV1_EN_F1
                     ZeroWireload          tcbn28hpcplusbwp40p140tt0p9v25c
  vexu_EN_RVV1_DW_mult_uns_81
                     ZeroWireload          tcbn28hpcplusbwp40p140tt0p9v25c
  vexu_EN_RVV1_DW01_add_1312_DW01_add_437
                     ZeroWireload          tcbn28hpcplusbwp40p140tt0p9v25c
  vexu_EN_RVV1_DW01_sub_23_DW01_sub_33
                     ZeroWireload          tcbn28hpcplusbwp40p140tt0p9v25c
  vexu_EN_RVV1_DW01_add_2416
                     ZeroWireload          tcbn28hpcplusbwp40p140tt0p9v25c
  vexu_EN_RVV1_DW_mult_uns_19
                     ZeroWireload          tcbn28hpcplusbwp40p140tt0p9v25c
  vexu_EN_RVV1_DW01_add_171_DW01_add_272
                     ZeroWireload          tcbn28hpcplusbwp40p140tt0p9v25c
  vexu_EN_RVV1_DW01_add_43_DW01_add_144
                     ZeroWireload          tcbn28hpcplusbwp40p140tt0p9v25c
  vexu_EN_RVV1_DW01_sub_54_DW01_sub_64
                     ZeroWireload          tcbn28hpcplusbwp40p140tt0p9v25c
  vexu_EN_RVV1_DW01_sub_55_DW01_sub_65
                     ZeroWireload          tcbn28hpcplusbwp40p140tt0p9v25c
  vexu_EN_RVV1_DW_mult_tc_1_DW_mult_tc_259
                     ZeroWireload          tcbn28hpcplusbwp40p140tt0p9v25c
  vexu_EN_RVV1_DW_mult_tc_0_DW_mult_tc_258
                     ZeroWireload          tcbn28hpcplusbwp40p140tt0p9v25c
  vexu_EN_RVV1_DW_mult_tc_2_DW_mult_tc_260
                     ZeroWireload          tcbn28hpcplusbwp40p140tt0p9v25c
  vexu_EN_RVV1_DW01_add_1295_DW01_add_420
                     ZeroWireload          tcbn28hpcplusbwp40p140tt0p9v25c
  vexu_EN_RVV1_DW_mult_tc_78_DW_mult_tc_336
                     ZeroWireload          tcbn28hpcplusbwp40p140tt0p9v25c
  vexu_EN_RVV1_DW01_inc_83
                     ZeroWireload          tcbn28hpcplusbwp40p140tt0p9v25c
  vexu_EN_RVV1_DW01_inc_87
                     ZeroWireload          tcbn28hpcplusbwp40p140tt0p9v25c
  vexu_EN_RVV1_DW01_add_1718
                     ZeroWireload          tcbn28hpcplusbwp40p140tt0p9v25c
  vexu_EN_RVV1_DW01_add_1719
                     ZeroWireload          tcbn28hpcplusbwp40p140tt0p9v25c
  vexu_EN_RVV1_DW01_add_1717
                     ZeroWireload          tcbn28hpcplusbwp40p140tt0p9v25c
  vexu_EN_RVV1_DW01_add_1724
                     ZeroWireload          tcbn28hpcplusbwp40p140tt0p9v25c
  vexu_EN_RVV1_DW01_add_1725
                     ZeroWireload          tcbn28hpcplusbwp40p140tt0p9v25c
  vexu_EN_RVV1_DW01_add_1726
                     ZeroWireload          tcbn28hpcplusbwp40p140tt0p9v25c
  vexu_EN_RVV1_DW01_add_1727
                     ZeroWireload          tcbn28hpcplusbwp40p140tt0p9v25c
  vexu_EN_RVV1_DW01_add_1728
                     ZeroWireload          tcbn28hpcplusbwp40p140tt0p9v25c
  vexu_EN_RVV1_DW01_add_1729
                     ZeroWireload          tcbn28hpcplusbwp40p140tt0p9v25c
  vexu_EN_RVV1_DW01_add_1730
                     ZeroWireload          tcbn28hpcplusbwp40p140tt0p9v25c
  vexu_EN_RVV1_DW01_add_1735
                     ZeroWireload          tcbn28hpcplusbwp40p140tt0p9v25c
  vexu_EN_RVV1_DW01_add_1737
                     ZeroWireload          tcbn28hpcplusbwp40p140tt0p9v25c
  vexu_EN_RVV1_DW01_add_1731
                     ZeroWireload          tcbn28hpcplusbwp40p140tt0p9v25c
  vexu_EN_RVV1_DW01_add_1733
                     ZeroWireload          tcbn28hpcplusbwp40p140tt0p9v25c
  vexu_EN_RVV1_DW01_add_1734
                     ZeroWireload          tcbn28hpcplusbwp40p140tt0p9v25c
  vexu_EN_RVV1_DW01_add_1736
                     ZeroWireload          tcbn28hpcplusbwp40p140tt0p9v25c
  vexu_EN_RVV1_DW01_add_1732
                     ZeroWireload          tcbn28hpcplusbwp40p140tt0p9v25c
  vexu_EN_RVV1_DW01_add_1743
                     ZeroWireload          tcbn28hpcplusbwp40p140tt0p9v25c
  vexu_EN_RVV1_DW01_add_1739
                     ZeroWireload          tcbn28hpcplusbwp40p140tt0p9v25c
  vexu_EN_RVV1_DW01_add_1744
                     ZeroWireload          tcbn28hpcplusbwp40p140tt0p9v25c
  vexu_EN_RVV1_DW01_add_1741
                     ZeroWireload          tcbn28hpcplusbwp40p140tt0p9v25c
  vexu_EN_RVV1_DW01_add_1742
                     ZeroWireload          tcbn28hpcplusbwp40p140tt0p9v25c
  vexu_EN_RVV1_DW01_add_1738
                     ZeroWireload          tcbn28hpcplusbwp40p140tt0p9v25c
  vexu_EN_RVV1_DW01_add_1740
                     ZeroWireload          tcbn28hpcplusbwp40p140tt0p9v25c
  vexu_EN_RVV1_DW01_add_1745
                     ZeroWireload          tcbn28hpcplusbwp40p140tt0p9v25c
  vexu_EN_RVV1_DW01_add_1746
                     ZeroWireload          tcbn28hpcplusbwp40p140tt0p9v25c
  vexu_EN_RVV1_DW01_add_1747
                     ZeroWireload          tcbn28hpcplusbwp40p140tt0p9v25c
  vexu_EN_RVV1_DW01_add_1748
                     ZeroWireload          tcbn28hpcplusbwp40p140tt0p9v25c
  vexu_EN_RVV1_DW01_add_1749
                     ZeroWireload          tcbn28hpcplusbwp40p140tt0p9v25c
  vexu_EN_RVV1_DW01_add_1750
                     ZeroWireload          tcbn28hpcplusbwp40p140tt0p9v25c
  vexu_EN_RVV1_DW01_add_1751
                     ZeroWireload          tcbn28hpcplusbwp40p140tt0p9v25c
  vexu_EN_RVV1_DW01_add_1752
                     ZeroWireload          tcbn28hpcplusbwp40p140tt0p9v25c
  vexu_EN_RVV1_DW01_add_1754
                     ZeroWireload          tcbn28hpcplusbwp40p140tt0p9v25c
  vexu_EN_RVV1_DW01_add_1753
                     ZeroWireload          tcbn28hpcplusbwp40p140tt0p9v25c
  vexu_EN_RVV1_DW01_add_1759
                     ZeroWireload          tcbn28hpcplusbwp40p140tt0p9v25c
  vexu_EN_RVV1_DW01_add_1760
                     ZeroWireload          tcbn28hpcplusbwp40p140tt0p9v25c
  vexu_EN_RVV1_DW01_add_1761
                     ZeroWireload          tcbn28hpcplusbwp40p140tt0p9v25c
  vexu_EN_RVV1_DW01_add_1762
                     ZeroWireload          tcbn28hpcplusbwp40p140tt0p9v25c
  vexu_EN_RVV1_DW01_add_1763
                     ZeroWireload          tcbn28hpcplusbwp40p140tt0p9v25c
  vexu_EN_RVV1_DW01_add_1764
                     ZeroWireload          tcbn28hpcplusbwp40p140tt0p9v25c
  vexu_EN_RVV1_DW01_add_1765
                     ZeroWireload          tcbn28hpcplusbwp40p140tt0p9v25c
  vexu_EN_RVV1_DW01_add_1766
                     ZeroWireload          tcbn28hpcplusbwp40p140tt0p9v25c
  vexu_EN_RVV1_DW01_add_1767
                     ZeroWireload          tcbn28hpcplusbwp40p140tt0p9v25c
  vexu_EN_RVV1_DW01_add_1768
                     ZeroWireload          tcbn28hpcplusbwp40p140tt0p9v25c
  vexu_EN_RVV1_DW01_add_1769
                     ZeroWireload          tcbn28hpcplusbwp40p140tt0p9v25c
  vexu_EN_RVV1_DW01_add_1770
                     ZeroWireload          tcbn28hpcplusbwp40p140tt0p9v25c
  vexu_EN_RVV1_DW01_add_1771
                     ZeroWireload          tcbn28hpcplusbwp40p140tt0p9v25c
  vexu_EN_RVV1_DW01_add_1772
                     ZeroWireload          tcbn28hpcplusbwp40p140tt0p9v25c
  vexu_EN_RVV1_DW01_add_1773
                     ZeroWireload          tcbn28hpcplusbwp40p140tt0p9v25c
  vexu_EN_RVV1_DW01_add_1774
                     ZeroWireload          tcbn28hpcplusbwp40p140tt0p9v25c
  vexu_EN_RVV1_DW01_add_1775
                     ZeroWireload          tcbn28hpcplusbwp40p140tt0p9v25c
  vexu_EN_RVV1_DW01_add_1776
                     ZeroWireload          tcbn28hpcplusbwp40p140tt0p9v25c
  vexu_EN_RVV1_DW01_add_1777
                     ZeroWireload          tcbn28hpcplusbwp40p140tt0p9v25c
  vexu_EN_RVV1_DW01_add_1778
                     ZeroWireload          tcbn28hpcplusbwp40p140tt0p9v25c
  vexu_EN_RVV1_DW01_add_1779
                     ZeroWireload          tcbn28hpcplusbwp40p140tt0p9v25c
  vexu_EN_RVV1_DW01_add_1780
                     ZeroWireload          tcbn28hpcplusbwp40p140tt0p9v25c
  vexu_EN_RVV1_DW01_add_1781
                     ZeroWireload          tcbn28hpcplusbwp40p140tt0p9v25c
  vexu_EN_RVV1_DW01_add_1782
                     ZeroWireload          tcbn28hpcplusbwp40p140tt0p9v25c
  vexu_EN_RVV1_DW01_add_1783
                     ZeroWireload          tcbn28hpcplusbwp40p140tt0p9v25c
  vexu_EN_RVV1_DW01_add_1784
                     ZeroWireload          tcbn28hpcplusbwp40p140tt0p9v25c
  vexu_EN_RVV1_DW01_add_1785
                     ZeroWireload          tcbn28hpcplusbwp40p140tt0p9v25c
  vexu_EN_RVV1_DW01_add_1786
                     ZeroWireload          tcbn28hpcplusbwp40p140tt0p9v25c
  vexu_EN_RVV1_DW01_add_1787
                     ZeroWireload          tcbn28hpcplusbwp40p140tt0p9v25c
  vexu_EN_RVV1_DW01_add_1793
                     ZeroWireload          tcbn28hpcplusbwp40p140tt0p9v25c
  vexu_EN_RVV1_DW01_add_1791
                     ZeroWireload          tcbn28hpcplusbwp40p140tt0p9v25c
  vexu_EN_RVV1_DW01_add_1788
                     ZeroWireload          tcbn28hpcplusbwp40p140tt0p9v25c
  vexu_EN_RVV1_DW01_add_1789
                     ZeroWireload          tcbn28hpcplusbwp40p140tt0p9v25c
  vexu_EN_RVV1_DW_inc_65
                     ZeroWireload          tcbn28hpcplusbwp40p140tt0p9v25c

  Point                                                   Incr       Path
  --------------------------------------------------------------------------
  clock clk (rise edge)                                   0.00       0.00
  clock network delay (ideal)                             0.00       0.00
  u_npu_core/u_core/if_ex_instr_reg[22]/CP (DFQD4BWP40P140)
                                                          0.00 #     0.00 r
  u_npu_core/u_core/if_ex_instr_reg[22]/Q (DFQD4BWP40P140)
                                                          0.05       0.05 f
  u_npu_core/u_core/u_vexu/q_instr[22] (vexu_EN_RVV1)     0.00       0.05 f
  u_npu_core/u_core/u_vexu/U5854/ZN (CKND1BWP40P140)      0.02       0.07 r
  u_npu_core/u_core/u_vexu/U5859/ZN (CKND3BWP40P140)      0.01       0.08 f
  u_npu_core/u_core/u_vexu/U5855/ZN (NR2D1BWP40P140)      0.02       0.10 r
  u_npu_core/u_core/u_vexu/U4224/Z (OA22D1BWP40P140)      0.04       0.14 r
  u_npu_core/u_core/u_vexu/U5857/ZN (IND2D4BWP40P140)     0.01       0.15 f
  u_npu_core/u_core/u_vexu/U5865/Z (XOR2OPTND4BWP40P140)
                                                          0.02       0.17 f
  u_npu_core/u_core/u_vexu/U5868/Z (OR2D4BWP40P140)       0.02       0.20 f
  u_npu_core/u_core/u_vexu/U12253/Z (OR2D1BWP40P140)      0.03       0.22 f
  u_npu_core/u_core/u_vexu/U15719/Z (CKBD1BWP40P140)      0.02       0.25 f
  u_npu_core/u_core/u_vexu/U19649/Z (BUFFD3BWP40P140)     0.05       0.29 f
  u_npu_core/u_core/u_vexu/U47238/ZN (OAI22D1BWP40P140)
                                                          0.03       0.32 r
  u_npu_core/u_core/u_vexu/U47235/Z (OR4D1BWP40P140)      0.03       0.34 r
  u_npu_core/u_core/u_vexu/U47234/Z (OR4D1BWP40P140)      0.03       0.37 r
  u_npu_core/u_core/u_vexu/U41664/ZN (MUX2ND4BWP40P140)
                                                          0.04       0.41 f
  u_npu_core/u_core/u_vexu/U18719/Z (CKBD1BWP40P140)      0.06       0.47 f
  u_npu_core/u_core/u_vexu/U4713/ZN (INVD2BWP40P140)      0.03       0.50 r
  u_npu_core/u_core/u_vexu/rem_862/u_div/u_absval_AAbs/NEG/A[6] (vexu_EN_RVV1_DW01_inc_87)
                                                          0.00       0.50 r
  u_npu_core/u_core/u_vexu/rem_862/u_div/u_absval_AAbs/NEG/U23/ZN (ND2D0BWP40P140)
                                                          0.02       0.53 f
  u_npu_core/u_core/u_vexu/rem_862/u_div/u_absval_AAbs/NEG/U10/ZN (NR2OPTPAD1BWP40P140)
                                                          0.02       0.55 r
  u_npu_core/u_core/u_vexu/rem_862/u_div/u_absval_AAbs/NEG/U7/ZN (ND3D1BWP40P140)
                                                          0.04       0.58 f
  u_npu_core/u_core/u_vexu/rem_862/u_div/u_absval_AAbs/NEG/U70/ZN (NR2OPTPAD2BWP40P140)
                                                          0.02       0.60 r
  u_npu_core/u_core/u_vexu/rem_862/u_div/u_absval_AAbs/NEG/U22/ZN (ND3D0BWP40P140)
                                                          0.04       0.65 f
  u_npu_core/u_core/u_vexu/rem_862/u_div/u_absval_AAbs/NEG/U20/ZN (NR2D1BWP40P140)
                                                          0.03       0.68 r
  u_npu_core/u_core/u_vexu/rem_862/u_div/u_absval_AAbs/NEG/U19/ZN (ND3D0BWP40P140)
                                                          0.05       0.73 f
  u_npu_core/u_core/u_vexu/rem_862/u_div/u_absval_AAbs/NEG/U9/ZN (NR2OPTPAD1BWP40P140)
                                                          0.03       0.75 r
  u_npu_core/u_core/u_vexu/rem_862/u_div/u_absval_AAbs/NEG/U18/ZN (ND3D1BWP40P140)
                                                          0.04       0.79 f
  u_npu_core/u_core/u_vexu/rem_862/u_div/u_absval_AAbs/NEG/U3/ZN (NR2OPTPAD2BWP40P140)
                                                          0.02       0.82 r
  u_npu_core/u_core/u_vexu/rem_862/u_div/u_absval_AAbs/NEG/U2/ZN (ND3OPTPAD2BWP40P140)
                                                          0.02       0.84 f
  u_npu_core/u_core/u_vexu/rem_862/u_div/u_absval_AAbs/NEG/U15/ZN (NR2D1BWP40P140)
                                                          0.03       0.87 r
  u_npu_core/u_core/u_vexu/rem_862/u_div/u_absval_AAbs/NEG/U8/ZN (ND3D1P5BWP40P140)
                                                          0.02       0.89 f
  u_npu_core/u_core/u_vexu/rem_862/u_div/u_absval_AAbs/NEG/U14/ZN (INR2D1BWP40P140)
                                                          0.02       0.91 r
  u_npu_core/u_core/u_vexu/rem_862/u_div/u_absval_AAbs/NEG/U6/Z (XOR2UD0BWP40P140)
                                                          0.03       0.94 r
  u_npu_core/u_core/u_vexu/rem_862/u_div/u_absval_AAbs/NEG/SUM[31] (vexu_EN_RVV1_DW01_inc_87)
                                                          0.00       0.94 r
  u_npu_core/u_core/u_vexu/U30372/Z (CKAN2D1BWP40P140)
                                                          0.03       0.97 r
  u_npu_core/u_core/u_vexu/rem_862/u_div/u_add_PartRem_10_2/A[1] (vexu_EN_RVV1_DW01_add_1718)
                                                          0.00       0.97 r
  u_npu_core/u_core/u_vexu/rem_862/u_div/u_add_PartRem_10_2/U188/Z (OR2D0BWP40P140)
                                                          0.02       0.99 r
  u_npu_core/u_core/u_vexu/rem_862/u_div/u_add_PartRem_10_2/U192/ZN (IOA21D1BWP40P140)
                                                          0.03       1.02 r
  u_npu_core/u_core/u_vexu/rem_862/u_div/u_add_PartRem_10_2/U198/ZN (INVD1BWP40P140)
                                                          0.01       1.03 f
  u_npu_core/u_core/u_vexu/rem_862/u_div/u_add_PartRem_10_2/U186/ZN (NR4D0BWP40P140)
                                                          0.02       1.05 r
  u_npu_core/u_core/u_vexu/rem_862/u_div/u_add_PartRem_10_2/CO (vexu_EN_RVV1_DW01_add_1718)
                                                          0.00       1.05 r
  u_npu_core/u_core/u_vexu/U96053/ZN (ND2OPTIBD2BWP40P140)
                                                          0.02       1.07 f
  u_npu_core/u_core/u_vexu/U96054/ZN (INVD1BWP40P140)     0.02       1.09 r
  u_npu_core/u_core/u_vexu/U1760/ZN (MUX2NOPTD2BWP40P140)
                                                          0.02       1.11 r
  u_npu_core/u_core/u_vexu/U34108/ZN (NR2D0BWP40P140)     0.02       1.13 f
  u_npu_core/u_core/u_vexu/U44351/ZN (AOI32D0BWP40P140)
                                                          0.04       1.16 r
  u_npu_core/u_core/u_vexu/U6732/ZN (ND2D2BWP40P140)      0.04       1.20 f
  u_npu_core/u_core/u_vexu/rem_862/u_div/u_add_PartRem_9_4/A[3] (vexu_EN_RVV1_DW01_add_1727)
                                                          0.00       1.20 f
  u_npu_core/u_core/u_vexu/rem_862/u_div/u_add_PartRem_9_4/U251/ZN (INVD2BWP40P140)
                                                          0.01       1.21 r
  u_npu_core/u_core/u_vexu/rem_862/u_div/u_add_PartRem_9_4/U213/Z (OR2D1BWP40P140)
                                                          0.02       1.23 r
  u_npu_core/u_core/u_vexu/rem_862/u_div/u_add_PartRem_9_4/U222/ZN (INVD1BWP40P140)
                                                          0.01       1.24 f
  u_npu_core/u_core/u_vexu/rem_862/u_div/u_add_PartRem_9_4/U250/ZN (IOA21D2BWP40P140)
                                                          0.02       1.26 f
  u_npu_core/u_core/u_vexu/rem_862/u_div/u_add_PartRem_9_4/U195/ZN (INVD1BWP40P140)
                                                          0.01       1.27 r
  u_npu_core/u_core/u_vexu/rem_862/u_div/u_add_PartRem_9_4/U208/ZN (CKND2D1BWP40P140)
                                                          0.01       1.28 f
  u_npu_core/u_core/u_vexu/rem_862/u_div/u_add_PartRem_9_4/U207/ZN (ND2D1BWP40P140)
                                                          0.01       1.29 r
  u_npu_core/u_core/u_vexu/rem_862/u_div/u_add_PartRem_9_4/U193/ZN (NR2OPTIBD1BWP40P140)
                                                          0.01       1.30 f
  u_npu_core/u_core/u_vexu/rem_862/u_div/u_add_PartRem_9_4/U248/ZN (AOI21D2BWP40P140)
                                                          0.02       1.32 r
  u_npu_core/u_core/u_vexu/rem_862/u_div/u_add_PartRem_9_4/U201/ZN (NR3OPTPAD2BWP40P140)
                                                          0.02       1.33 f
  u_npu_core/u_core/u_vexu/rem_862/u_div/u_add_PartRem_9_4/CO (vexu_EN_RVV1_DW01_add_1727)
                                                          0.00       1.33 f
  u_npu_core/u_core/u_vexu/U1763/ZN (MUX2NOPTD2BWP40P140)
                                                          0.02       1.35 f
  u_npu_core/u_core/u_vexu/U4722/ZN (NR2D0P7BWP40P140)
                                                          0.06       1.41 r
  u_npu_core/u_core/u_vexu/U96069/ZN (AOI22D1BWP40P140)
                                                          0.02       1.44 f
  u_npu_core/u_core/u_vexu/U4723/Z (AN2D1BWP40P140)       0.04       1.47 f
  u_npu_core/u_core/u_vexu/U96075/ZN (MUX2NUD1BWP40P140)
                                                          0.06       1.54 r
  u_npu_core/u_core/u_vexu/rem_862/u_div/u_add_PartRem_8_2/A[6] (vexu_EN_RVV1_DW01_add_1732)
                                                          0.00       1.54 r
  u_npu_core/u_core/u_vexu/rem_862/u_div/u_add_PartRem_8_2/U274/ZN (INVD1BWP40P140)
                                                          0.02       1.55 f
  u_npu_core/u_core/u_vexu/rem_862/u_div/u_add_PartRem_8_2/U224/Z (OR2D1BWP40P140)
                                                          0.02       1.58 f
  u_npu_core/u_core/u_vexu/rem_862/u_div/u_add_PartRem_8_2/U267/ZN (INVD1BWP40P140)
                                                          0.01       1.59 r
  u_npu_core/u_core/u_vexu/rem_862/u_div/u_add_PartRem_8_2/U318/ZN (IOA21D2BWP40P140)
                                                          0.02       1.61 r
  u_npu_core/u_core/u_vexu/rem_862/u_div/u_add_PartRem_8_2/U266/ZN (INVD1BWP40P140)
                                                          0.01       1.62 f
  u_npu_core/u_core/u_vexu/rem_862/u_div/u_add_PartRem_8_2/U317/Z (CKAN2D1BWP40P140)
                                                          0.02       1.64 f
  u_npu_core/u_core/u_vexu/rem_862/u_div/u_add_PartRem_8_2/U315/ZN (OAI32D2BWP40P140)
                                                          0.02       1.66 r
  u_npu_core/u_core/u_vexu/rem_862/u_div/u_add_PartRem_8_2/U292/Z (OA211D1BWP40P140)
                                                          0.03       1.69 r
  u_npu_core/u_core/u_vexu/rem_862/u_div/u_add_PartRem_8_2/CO (vexu_EN_RVV1_DW01_add_1732)
                                                          0.00       1.69 r
  u_npu_core/u_core/u_vexu/U96086/ZN (MUX2NUD1BWP40P140)
                                                          0.02       1.71 f
  u_npu_core/u_core/u_vexu/U96088/ZN (INVD1BWP40P140)     0.01       1.73 r
  u_npu_core/u_core/u_vexu/U96092/Z (OR2D1BWP40P140)      0.02       1.75 r
  u_npu_core/u_core/u_vexu/U2112/ZN (INVD2BWP40P140)      0.02       1.77 f
  u_npu_core/u_core/u_vexu/U34452/Z (AO22D0BWP40P140)     0.04       1.80 f
  u_npu_core/u_core/u_vexu/U96100/ZN (AOI221D1BWP40P140)
                                                          0.03       1.83 r
  u_npu_core/u_core/u_vexu/U96101/ZN (MUX2NUD1BWP40P140)
                                                          0.06       1.89 f
  u_npu_core/u_core/u_vexu/rem_862/u_div/u_add_PartRem_7_6/A[9] (vexu_EN_RVV1_DW01_add_1743)
                                                          0.00       1.89 f
  u_npu_core/u_core/u_vexu/rem_862/u_div/u_add_PartRem_7_6/U448/ZN (INVD2BWP40P140)
                                                          0.01       1.90 r
  u_npu_core/u_core/u_vexu/rem_862/u_div/u_add_PartRem_7_6/U446/Z (OR2D2BWP40P140)
                                                          0.02       1.93 r
  u_npu_core/u_core/u_vexu/rem_862/u_div/u_add_PartRem_7_6/U386/ZN (INVD1BWP40P140)
                                                          0.01       1.94 f
  u_npu_core/u_core/u_vexu/rem_862/u_div/u_add_PartRem_7_6/U305/ZN (IOA21D1BWP40P140)
                                                          0.02       1.96 f
  u_npu_core/u_core/u_vexu/rem_862/u_div/u_add_PartRem_7_6/U304/ZN (INVD1BWP40P140)
                                                          0.01       1.97 r
  u_npu_core/u_core/u_vexu/rem_862/u_div/u_add_PartRem_7_6/U309/Z (AO22D0BWP40P140)
                                                          0.03       2.00 r
  u_npu_core/u_core/u_vexu/rem_862/u_div/u_add_PartRem_7_6/U381/ZN (OAI32D1BWP40P140)
                                                          0.03       2.03 f
  u_npu_core/u_core/u_vexu/rem_862/u_div/u_add_PartRem_7_6/U385/ZN (INVD1BWP40P140)
                                                          0.01       2.04 r
  u_npu_core/u_core/u_vexu/rem_862/u_div/u_add_PartRem_7_6/U382/ZN (IOA21D1BWP40P140)
                                                          0.01       2.05 f
  u_npu_core/u_core/u_vexu/rem_862/u_div/u_add_PartRem_7_6/U426/Z (OA211D1BWP40P140)
                                                          0.03       2.08 f
  u_npu_core/u_core/u_vexu/rem_862/u_div/u_add_PartRem_7_6/CO (vexu_EN_RVV1_DW01_add_1743)
                                                          0.00       2.08 f
  u_npu_core/u_core/u_vexu/U1468/ZN (MUX2NOPTD4BWP40P140)
                                                          0.02       2.09 r
  u_npu_core/u_core/u_vexu/U96121/ZN (INVD1BWP40P140)     0.02       2.11 f
  u_npu_core/u_core/u_vexu/U96122/ZN (MUX2NUD1BWP40P140)
                                                          0.04       2.15 f
  u_npu_core/u_core/u_vexu/U1476/ZN (INVD1P5BWP40P140)
                                                          0.01       2.16 r
  u_npu_core/u_core/u_vexu/U96125/Z (OR2D1BWP40P140)      0.02       2.18 r
  u_npu_core/u_core/u_vexu/U96126/Z (OR2D1BWP40P140)      0.02       2.21 r
  u_npu_core/u_core/u_vexu/U63757/ZN (CKND3BWP40P140)     0.01       2.22 f
  u_npu_core/u_core/u_vexu/U43685/ZN (AOI22D0BWP40P140)
                                                          0.04       2.25 r
  u_npu_core/u_core/u_vexu/U2228/ZN (ND4D3BWP40P140)      0.06       2.31 f
  u_npu_core/u_core/u_vexu/rem_862/u_div/u_add_PartRem_6_6/A[9] (vexu_EN_RVV1_DW01_add_1750)
                                                          0.00       2.31 f
  u_npu_core/u_core/u_vexu/rem_862/u_div/u_add_PartRem_6_6/U385/ZN (INVD1BWP40P140)
                                                          0.02       2.33 r
  u_npu_core/u_core/u_vexu/rem_862/u_div/u_add_PartRem_6_6/U383/Z (OR2D1BWP40P140)
                                                          0.02       2.35 r
  u_npu_core/u_core/u_vexu/rem_862/u_div/u_add_PartRem_6_6/U299/ZN (INVD1BWP40P140)
                                                          0.01       2.36 f
  u_npu_core/u_core/u_vexu/rem_862/u_div/u_add_PartRem_6_6/U483/ZN (IOA21D2BWP40P140)
                                                          0.02       2.38 f
  u_npu_core/u_core/u_vexu/rem_862/u_div/u_add_PartRem_6_6/U482/ZN (INVD2BWP40P140)
                                                          0.01       2.39 r
  u_npu_core/u_core/u_vexu/rem_862/u_div/u_add_PartRem_6_6/U480/ZN (IOA21D2BWP40P140)
                                                          0.03       2.41 r
  u_npu_core/u_core/u_vexu/rem_862/u_div/u_add_PartRem_6_6/U479/ZN (INVD2BWP40P140)
                                                          0.01       2.42 f
  u_npu_core/u_core/u_vexu/rem_862/u_div/u_add_PartRem_6_6/U475/Z (CKAN2D1BWP40P140)
                                                          0.02       2.44 f
  u_npu_core/u_core/u_vexu/rem_862/u_div/u_add_PartRem_6_6/U304/Z (OR2D1BWP40P140)
                                                          0.02       2.46 f
  u_npu_core/u_core/u_vexu/rem_862/u_div/u_add_PartRem_6_6/U470/ZN (INVD2BWP40P140)
                                                          0.01       2.47 r
  u_npu_core/u_core/u_vexu/rem_862/u_div/u_add_PartRem_6_6/U469/ZN (IOA21D2BWP40P140)
                                                          0.01       2.47 f
  u_npu_core/u_core/u_vexu/rem_862/u_div/u_add_PartRem_6_6/U450/Z (OA211D1BWP40P140)
                                                          0.02       2.49 f
  u_npu_core/u_core/u_vexu/rem_862/u_div/u_add_PartRem_6_6/CO (vexu_EN_RVV1_DW01_add_1750)
                                                          0.00       2.49 f
  u_npu_core/u_core/u_vexu/U44350/ZN (MUX2NOPTD2BWP40P140)
                                                          0.02       2.52 r
  u_npu_core/u_core/u_vexu/U1469/ZN (INVD4BWP40P140)      0.01       2.53 f
  u_npu_core/u_core/u_vexu/U96168/ZN (MUX2NUD1BWP40P140)
                                                          0.03       2.56 f
  u_npu_core/u_core/u_vexu/U96169/ZN (INVD1BWP40P140)     0.02       2.58 r
  u_npu_core/u_core/u_vexu/U96172/Z (OR2D1BWP40P140)      0.02       2.60 r
  u_npu_core/u_core/u_vexu/U96173/Z (OR2D1BWP40P140)      0.02       2.62 r
  u_npu_core/u_core/u_vexu/U63758/ZN (CKND3BWP40P140)     0.01       2.63 f
  u_npu_core/u_core/u_vexu/U43355/ZN (AOI22D0BWP40P140)
                                                          0.04       2.67 r
  u_npu_core/u_core/u_vexu/U43354/ZN (ND4D1BWP40P140)     0.05       2.73 f
  u_npu_core/u_core/u_vexu/rem_862/u_div/u_add_PartRem_5_2/A[6] (vexu_EN_RVV1_DW01_add_1753)
                                                          0.00       2.73 f
  u_npu_core/u_core/u_vexu/rem_862/u_div/u_add_PartRem_5_2/U343/ZN (INVD1BWP40P140)
                                                          0.02       2.74 r
  u_npu_core/u_core/u_vexu/rem_862/u_div/u_add_PartRem_5_2/U341/Z (OR2D1BWP40P140)
                                                          0.02       2.77 r
  u_npu_core/u_core/u_vexu/rem_862/u_div/u_add_PartRem_5_2/U369/ZN (INVD1BWP40P140)
                                                          0.01       2.77 f
  u_npu_core/u_core/u_vexu/rem_862/u_div/u_add_PartRem_5_2/U368/ZN (IOA21D1BWP40P140)
                                                          0.02       2.80 f
  u_npu_core/u_core/u_vexu/rem_862/u_div/u_add_PartRem_5_2/U367/ZN (INVD1BWP40P140)
                                                          0.01       2.81 r
  u_npu_core/u_core/u_vexu/rem_862/u_div/u_add_PartRem_5_2/U451/Z (CKAN2D1BWP40P140)
                                                          0.02       2.83 r
  u_npu_core/u_core/u_vexu/rem_862/u_div/u_add_PartRem_5_2/U269/ZN (OAI32D1BWP40P140)
                                                          0.04       2.86 f
  u_npu_core/u_core/u_vexu/rem_862/u_div/u_add_PartRem_5_2/U275/ZN (INVD1BWP40P140)
                                                          0.02       2.88 r
  u_npu_core/u_core/u_vexu/rem_862/u_div/u_add_PartRem_5_2/U320/ZN (IOA21D1BWP40P140)
                                                          0.03       2.91 r
  u_npu_core/u_core/u_vexu/rem_862/u_div/u_add_PartRem_5_2/U281/ZN (OAI31D1BWP40P140)
                                                          0.02       2.93 f
  u_npu_core/u_core/u_vexu/rem_862/u_div/u_add_PartRem_5_2/CO (vexu_EN_RVV1_DW01_add_1753)
                                                          0.00       2.93 f
  u_npu_core/u_core/u_vexu/U96227/ZN (MUX2NUD1BWP40P140)
                                                          0.04       2.96 r
  u_npu_core/u_core/u_vexu/U1479/ZN (INVD2BWP40P140)      0.02       2.98 f
  u_npu_core/u_core/u_vexu/U96230/ZN (MUX2NUD1BWP40P140)
                                                          0.04       3.02 f
  u_npu_core/u_core/u_vexu/U1238/ZN (INVD2BWP40P140)      0.01       3.03 r
  u_npu_core/u_core/u_vexu/U3869/ZN (NR3D0BWP40P140)      0.06       3.09 f
  u_npu_core/u_core/u_vexu/U96299/ZN (AOI22D1BWP40P140)
                                                          0.05       3.13 r
  u_npu_core/u_core/u_vexu/U2293/ZN (ND4D2BWP40P140)      0.06       3.19 f
  u_npu_core/u_core/u_vexu/rem_862/u_div/u_add_PartRem_4_2/A[4] (vexu_EN_RVV1_DW01_add_1760)
                                                          0.00       3.19 f
  u_npu_core/u_core/u_vexu/rem_862/u_div/u_add_PartRem_4_2/U338/ZN (CKND0BWP40P140)
                                                          0.02       3.21 r
  u_npu_core/u_core/u_vexu/rem_862/u_div/u_add_PartRem_4_2/U336/Z (OR2D1BWP40P140)
                                                          0.02       3.24 r
  u_npu_core/u_core/u_vexu/rem_862/u_div/u_add_PartRem_4_2/U288/ZN (INVD1BWP40P140)
                                                          0.01       3.25 f
  u_npu_core/u_core/u_vexu/rem_862/u_div/u_add_PartRem_4_2/U392/ZN (IOA21D1BWP40P140)
                                                          0.02       3.27 f
  u_npu_core/u_core/u_vexu/rem_862/u_div/u_add_PartRem_4_2/U300/ZN (INVD1BWP40P140)
                                                          0.01       3.28 r
  u_npu_core/u_core/u_vexu/rem_862/u_div/u_add_PartRem_4_2/U494/Z (CKAN2D1BWP40P140)
                                                          0.02       3.30 r
  u_npu_core/u_core/u_vexu/rem_862/u_div/u_add_PartRem_4_2/U292/ZN (OAI32D1BWP40P140)
                                                          0.04       3.34 f
  u_npu_core/u_core/u_vexu/rem_862/u_div/u_add_PartRem_4_2/U492/ZN (INVD2BWP40P140)
                                                          0.01       3.35 r
  u_npu_core/u_core/u_vexu/rem_862/u_div/u_add_PartRem_4_2/U272/ZN (IOA21D1BWP40P140)
                                                          0.03       3.38 r
  u_npu_core/u_core/u_vexu/rem_862/u_div/u_add_PartRem_4_2/U491/Z (OR4D1BWP40P140)
                                                          0.02       3.40 r
  u_npu_core/u_core/u_vexu/rem_862/u_div/u_add_PartRem_4_2/U293/ZN (IOA21D1BWP40P140)
                                                          0.01       3.41 f
  u_npu_core/u_core/u_vexu/rem_862/u_div/u_add_PartRem_4_2/CO (vexu_EN_RVV1_DW01_add_1760)
                                                          0.00       3.41 f
  u_npu_core/u_core/u_vexu/U2358/ZN (MUX2NUD1BWP40P140)
                                                          0.03       3.45 r
  u_npu_core/u_core/u_vexu/U1483/ZN (CKND2BWP40P140)      0.02       3.47 f
  u_npu_core/u_core/u_vexu/U44346/ZN (MUX2NOPTD2BWP40P140)
                                                          0.02       3.49 f
  u_npu_core/u_core/u_vexu/U96307/ZN (INVD1BWP40P140)     0.02       3.50 r
  u_npu_core/u_core/u_vexu/U96312/Z (OR2D1BWP40P140)      0.02       3.53 r
  u_npu_core/u_core/u_vexu/U27865/ZN (NR2OPTIBD1BWP40P140)
                                                          0.04       3.56 f
  u_npu_core/u_core/u_vexu/U27780/ZN (AOI22D1BWP40P140)
                                                          0.04       3.60 r
  u_npu_core/u_core/u_vexu/U1472/ZN (ND4D4BWP40P140)      0.05       3.65 f
  u_npu_core/u_core/u_vexu/rem_862/u_div/u_add_PartRem_3_6/A[3] (vexu_EN_RVV1_DW01_add_1771)
                                                          0.00       3.65 f
  u_npu_core/u_core/u_vexu/rem_862/u_div/u_add_PartRem_3_6/U509/ZN (CKND0BWP40P140)
                                                          0.02       3.66 r
  u_npu_core/u_core/u_vexu/rem_862/u_div/u_add_PartRem_3_6/U507/Z (OR2D1BWP40P140)
                                                          0.02       3.69 r
  u_npu_core/u_core/u_vexu/rem_862/u_div/u_add_PartRem_3_6/U506/ZN (INVD1BWP40P140)
                                                          0.01       3.70 f
  u_npu_core/u_core/u_vexu/rem_862/u_div/u_add_PartRem_3_6/U530/ZN (IOA21D1BWP40P140)
                                                          0.02       3.72 f
  u_npu_core/u_core/u_vexu/rem_862/u_div/u_add_PartRem_3_6/U467/ZN (INVD1BWP40P140)
                                                          0.01       3.73 r
  u_npu_core/u_core/u_vexu/rem_862/u_div/u_add_PartRem_3_6/U656/Z (CKAN2D1BWP40P140)
                                                          0.02       3.75 r
  u_npu_core/u_core/u_vexu/rem_862/u_div/u_add_PartRem_3_6/U405/ZN (OAI32D1BWP40P140)
                                                          0.04       3.79 f
  u_npu_core/u_core/u_vexu/rem_862/u_div/u_add_PartRem_3_6/U412/ZN (INVD1BWP40P140)
                                                          0.03       3.82 r
  u_npu_core/u_core/u_vexu/rem_862/u_div/u_add_PartRem_3_6/U395/ZN (IOA21D1BWP40P140)
                                                          0.04       3.86 r
  u_npu_core/u_core/u_vexu/rem_862/u_div/u_add_PartRem_3_6/U648/ZN (OAI32D2BWP40P140)
                                                          0.03       3.89 f
  u_npu_core/u_core/u_vexu/rem_862/u_div/u_add_PartRem_3_6/CO (vexu_EN_RVV1_DW01_add_1771)
                                                          0.00       3.89 f
  u_npu_core/u_core/u_vexu/U44349/ZN (MUX2NOPTD4BWP40P140)
                                                          0.02       3.91 r
  u_npu_core/u_core/u_vexu/U44348/ZN (INVD4BWP40P140)     0.01       3.92 f
  u_npu_core/u_core/u_vexu/U44347/ZN (MUX2NOPTD2BWP40P140)
                                                          0.02       3.94 f
  u_npu_core/u_core/u_vexu/U1471/ZN (CKND1BWP40P140)      0.02       3.95 r
  u_npu_core/u_core/u_vexu/U96397/Z (OR2D1BWP40P140)      0.02       3.97 r
  u_npu_core/u_core/u_vexu/U96399/Z (OR2D1BWP40P140)      0.03       4.00 r
  u_npu_core/u_core/u_vexu/U63767/ZN (INVD4BWP40P140)     0.01       4.01 f
  u_npu_core/u_core/u_vexu/U43652/ZN (AOI22D0BWP40P140)
                                                          0.04       4.05 r
  u_npu_core/u_core/u_vexu/U1473/ZN (ND4D3BWP40P140)      0.05       4.10 f
  u_npu_core/u_core/u_vexu/rem_862/u_div/u_add_PartRem_2_2/A[4] (vexu_EN_RVV1_DW01_add_1774)
                                                          0.00       4.10 f
  u_npu_core/u_core/u_vexu/rem_862/u_div/u_add_PartRem_2_2/U428/ZN (CKND0BWP40P140)
                                                          0.02       4.12 r
  u_npu_core/u_core/u_vexu/rem_862/u_div/u_add_PartRem_2_2/U426/Z (OR2D1BWP40P140)
                                                          0.02       4.15 r
  u_npu_core/u_core/u_vexu/rem_862/u_div/u_add_PartRem_2_2/U421/ZN (INVD1BWP40P140)
                                                          0.01       4.15 f
  u_npu_core/u_core/u_vexu/rem_862/u_div/u_add_PartRem_2_2/U492/ZN (IOA21D1BWP40P140)
                                                          0.02       4.18 f
  u_npu_core/u_core/u_vexu/rem_862/u_div/u_add_PartRem_2_2/U395/ZN (INVD1BWP40P140)
                                                          0.01       4.19 r
  u_npu_core/u_core/u_vexu/rem_862/u_div/u_add_PartRem_2_2/U590/Z (CKAN2D1BWP40P140)
                                                          0.02       4.21 r
  u_npu_core/u_core/u_vexu/rem_862/u_div/u_add_PartRem_2_2/U308/ZN (OAI32D1BWP40P140)
                                                          0.04       4.24 f
  u_npu_core/u_core/u_vexu/rem_862/u_div/u_add_PartRem_2_2/U315/ZN (INVD1BWP40P140)
                                                          0.02       4.26 r
  u_npu_core/u_core/u_vexu/rem_862/u_div/u_add_PartRem_2_2/U305/ZN (IOA21D1BWP40P140)
                                                          0.03       4.30 r
  u_npu_core/u_core/u_vexu/rem_862/u_div/u_add_PartRem_2_2/U581/ZN (OAI32D2BWP40P140)
                                                          0.02       4.31 f
  u_npu_core/u_core/u_vexu/rem_862/u_div/u_add_PartRem_2_2/CO (vexu_EN_RVV1_DW01_add_1774)
                                                          0.00       4.31 f
  u_npu_core/u_core/u_vexu/U96486/ZN (MUX2NUD1BWP40P140)
                                                          0.04       4.35 r
  u_npu_core/u_core/u_vexu/U1480/ZN (INVD2BWP40P140)      0.02       4.37 f
  u_npu_core/u_core/u_vexu/U96489/ZN (MUX2NUD1BWP40P140)
                                                          0.03       4.40 f
  u_npu_core/u_core/u_vexu/U96490/ZN (INVD1BWP40P140)     0.02       4.42 r
  u_npu_core/u_core/u_vexu/U8470/Z (OR3D1BWP40P140)       0.02       4.44 r
  u_npu_core/u_core/u_vexu/U8469/ZN (INVD1BWP40P140)      0.05       4.49 f
  u_npu_core/u_core/u_vexu/U96576/ZN (AOI22D1BWP40P140)
                                                          0.04       4.53 r
  u_npu_core/u_core/u_vexu/U2665/ZN (ND4D2BWP40P140)      0.06       4.59 f
  u_npu_core/u_core/u_vexu/rem_862/u_div/u_add_PartRem_1_4/A[5] (vexu_EN_RVV1_DW01_add_1783)
                                                          0.00       4.59 f
  u_npu_core/u_core/u_vexu/rem_862/u_div/u_add_PartRem_1_4/U444/ZN (INVD0P7BWP40P140)
                                                          0.02       4.61 r
  u_npu_core/u_core/u_vexu/rem_862/u_div/u_add_PartRem_1_4/U442/Z (OR2D1BWP40P140)
                                                          0.02       4.63 r
  u_npu_core/u_core/u_vexu/rem_862/u_div/u_add_PartRem_1_4/U512/ZN (INVD1BWP40P140)
                                                          0.01       4.64 f
  u_npu_core/u_core/u_vexu/rem_862/u_div/u_add_PartRem_1_4/U511/ZN (IOA21D1BWP40P140)
                                                          0.02       4.66 f
  u_npu_core/u_core/u_vexu/rem_862/u_div/u_add_PartRem_1_4/U437/ZN (INVD1BWP40P140)
                                                          0.01       4.68 r
  u_npu_core/u_core/u_vexu/rem_862/u_div/u_add_PartRem_1_4/U624/Z (CKAN2D1BWP40P140)
                                                          0.02       4.70 r
  u_npu_core/u_core/u_vexu/rem_862/u_div/u_add_PartRem_1_4/U622/ZN (OAI32D2BWP40P140)
                                                          0.03       4.72 f
  u_npu_core/u_core/u_vexu/rem_862/u_div/u_add_PartRem_1_4/U347/ZN (INVD1BWP40P140)
                                                          0.02       4.74 r
  u_npu_core/u_core/u_vexu/rem_862/u_div/u_add_PartRem_1_4/U343/ZN (IOA21D1BWP40P140)
                                                          0.04       4.78 r
  u_npu_core/u_core/u_vexu/rem_862/u_div/u_add_PartRem_1_4/U563/ZN (OAI32D4BWP40P140)
                                                          0.04       4.82 f
  u_npu_core/u_core/u_vexu/rem_862/u_div/u_add_PartRem_1_4/CO (vexu_EN_RVV1_DW01_add_1783)
                                                          0.00       4.82 f
  u_npu_core/u_core/u_vexu/U1482/ZN (MUX2NOPTD4BWP40P140)
                                                          0.02       4.83 r
  u_npu_core/u_core/u_vexu/U44345/ZN (INVD2BWP40P140)     0.01       4.85 f
  u_npu_core/u_core/u_vexu/U96587/ZN (MUX2NUD1BWP40P140)
                                                          0.03       4.88 f
  u_npu_core/u_core/u_vexu/U96591/ZN (INVD1BWP40P140)     0.02       4.90 r
  u_npu_core/u_core/u_vexu/U96594/Z (OR2D1BWP40P140)      0.02       4.92 r
  u_npu_core/u_core/u_vexu/U96596/Z (OR2D1BWP40P140)      0.03       4.95 r
  u_npu_core/u_core/u_vexu/U6841/ZN (CKND4BWP40P140)      0.02       4.97 f
  u_npu_core/u_core/u_vexu/U41944/ZN (AOI22D0BWP40P140)
                                                          0.03       5.00 r
  u_npu_core/u_core/u_vexu/U2995/ZN (ND4D1BWP40P140)      0.07       5.07 f
  u_npu_core/u_core/u_vexu/rem_862/u_div/u_add_PartRem_0_5/A[4] (vexu_EN_RVV1_DW01_add_1791)
                                                          0.00       5.07 f
  u_npu_core/u_core/u_vexu/rem_862/u_div/u_add_PartRem_0_5/U546/Z (OR2D1BWP40P140)
                                                          0.04       5.11 f
  u_npu_core/u_core/u_vexu/rem_862/u_div/u_add_PartRem_0_5/U620/ZN (IOA21D1BWP40P140)
                                                          0.03       5.14 f
  u_npu_core/u_core/u_vexu/rem_862/u_div/u_add_PartRem_0_5/U621/ZN (INVD1BWP40P140)
                                                          0.01       5.15 r
  u_npu_core/u_core/u_vexu/rem_862/u_div/u_add_PartRem_0_5/U799/Z (CKAN2D1BWP40P140)
                                                          0.02       5.17 r
  u_npu_core/u_core/u_vexu/rem_862/u_div/u_add_PartRem_0_5/U397/ZN (OAI32D1BWP40P140)
                                                          0.04       5.20 f
  u_npu_core/u_core/u_vexu/rem_862/u_div/u_add_PartRem_0_5/U400/ZN (INVD1BWP40P140)
                                                          0.02       5.22 r
  u_npu_core/u_core/u_vexu/rem_862/u_div/u_add_PartRem_0_5/U393/ZN (IOA21D1BWP40P140)
                                                          0.04       5.26 r
  u_npu_core/u_core/u_vexu/rem_862/u_div/u_add_PartRem_0_5/U684/ZN (OAI32D1BWP40P140)
                                                          0.03       5.30 f
  u_npu_core/u_core/u_vexu/rem_862/u_div/u_add_PartRem_0_5/U706/ZN (MAOI22D1BWP40P140)
                                                          0.03       5.33 f
  u_npu_core/u_core/u_vexu/rem_862/u_div/u_add_PartRem_0_5/CO (vexu_EN_RVV1_DW01_add_1791)
                                                          0.00       5.33 f
  u_npu_core/u_core/u_vexu/U96716/ZN (MUX2NUD1BWP40P140)
                                                          0.02       5.35 r
  u_npu_core/u_core/u_vexu/U123/ZN (MUX2NOPTD2BWP40P140)
                                                          0.03       5.38 f
  u_npu_core/u_core/u_vexu/U28176/ZN (INVD2BWP40P140)     0.01       5.39 r
  u_npu_core/u_core/u_vexu/U96720/Z (OR2D1BWP40P140)      0.02       5.41 r
  u_npu_core/u_core/u_vexu/U96721/Z (OR2D1BWP40P140)      0.02       5.43 r
  u_npu_core/u_core/u_vexu/U3365/ZN (INVD2BWP40P140)      0.03       5.47 f
  u_npu_core/u_core/u_vexu/U96848/ZN (AOI22D1BWP40P140)
                                                          0.03       5.50 r
  u_npu_core/u_core/u_vexu/U6706/ZN (ND4D1BWP40P140)      0.03       5.53 f
  u_npu_core/u_core/u_vexu/U6705/Z (XOR2UD0BWP40P140)     0.02       5.55 r
  u_npu_core/u_core/u_vexu/rem_862/u_div/u_inc_RInc/a[1] (vexu_EN_RVV1_DW_inc_65)
                                                          0.00       5.55 r
  u_npu_core/u_core/u_vexu/rem_862/u_div/u_inc_RInc/U216/ZN (INVD1P5BWP40P140)
                                                          0.01       5.57 f
  u_npu_core/u_core/u_vexu/rem_862/u_div/u_inc_RInc/U237/Z (OR2D1BWP40P140)
                                                          0.02       5.59 f
  u_npu_core/u_core/u_vexu/rem_862/u_div/u_inc_RInc/U300/Z (OR2D6BWP40P140)
                                                          0.02       5.61 f
  u_npu_core/u_core/u_vexu/rem_862/u_div/u_inc_RInc/U299/Z (OR4D4BWP40P140)
                                                          0.03       5.65 f
  u_npu_core/u_core/u_vexu/rem_862/u_div/u_inc_RInc/U302/Z (OR2D8BWP40P140)
                                                          0.03       5.67 f
  u_npu_core/u_core/u_vexu/rem_862/u_div/u_inc_RInc/U309/Z (OR4D1BWP40P140)
                                                          0.03       5.70 f
  u_npu_core/u_core/u_vexu/rem_862/u_div/u_inc_RInc/U219/Z (XOR2OPTND2BWP40P140)
                                                          0.02       5.72 f
  u_npu_core/u_core/u_vexu/rem_862/u_div/u_inc_RInc/sum[29] (vexu_EN_RVV1_DW_inc_65)
                                                          0.00       5.72 f
  u_npu_core/u_core/u_vexu/U854/ZN (AOI221D2BWP40P140)
                                                          0.03       5.75 r
  u_npu_core/u_core/u_vexu/U1315/ZN (ND4D2BWP40P140)      0.04       5.79 f
  u_npu_core/u_core/u_vexu/U144046/ZN (AOI22D1BWP40P140)
                                                          0.02       5.81 r
  u_npu_core/u_core/u_vexu/U144047/Z (OA211D1BWP40P140)
                                                          0.04       5.85 r
  u_npu_core/u_core/u_vexu/U26064/Z (AN4D1BWP40P140)      0.04       5.90 r
  u_npu_core/u_core/u_vexu/U144058/ZN (IND4D1BWP40P140)
                                                          0.02       5.92 f
  u_npu_core/u_core/u_vexu/q_wdata[29] (vexu_EN_RVV1)     0.00       5.92 f
  u_npu_core/u_core/U1703/Z (AO22D0BWP40P140)             0.03       5.95 f
  u_npu_core/u_core/ex_mem_vex_wdata_r_reg[29]/D (DFQD2BWP40P140)
                                                          0.00       5.95 f
  data arrival time                                                  5.95

  clock clk (rise edge)                                   6.00       6.00
  clock network delay (ideal)                             0.00       6.00
  clock uncertainty                                      -0.05       5.95
  u_npu_core/u_core/ex_mem_vex_wdata_r_reg[29]/CP (DFQD2BWP40P140)
                                                          0.00       5.95 r
  library setup time                                      0.00       5.95
  data required time                                                 5.95
  --------------------------------------------------------------------------
  data required time                                                 5.95
  data arrival time                                                 -5.95
  --------------------------------------------------------------------------
  slack (MET)                                                        0.00


  Startpoint: u_npu_core/u_core/if_ex_instr_reg[22]
              (rising edge-triggered flip-flop clocked by clk)
  Endpoint: u_npu_core/u_core/ex_mem_vex_wdata_r_reg[29]
            (rising edge-triggered flip-flop clocked by clk)
  Path Group: clk
  Path Type: max

  Des/Clust/Port     Wire Load Model       Library
  ------------------------------------------------
  csr_RV32A0_PMP_ENTRIES0_EN_RVV1_EN_F1
                     ZeroWireload          tcbn28hpcplusbwp40p140tt0p9v25c
  trigger            ZeroWireload          tcbn28hpcplusbwp40p140tt0p9v25c
  div                ZeroWireload          tcbn28hpcplusbwp40p140tt0p9v25c
  mul                ZeroWireload          tcbn28hpcplusbwp40p140tt0p9v25c
  vexu_EN_RVV1       ZeroWireload          tcbn28hpcplusbwp40p140tt0p9v25c
  fexu_EN_F1         ZeroWireload          tcbn28hpcplusbwp40p140tt0p9v25c
  rfu                ZeroWireload          tcbn28hpcplusbwp40p140tt0p9v25c
  ifu_00000000_0     ZeroWireload          tcbn28hpcplusbwp40p140tt0p9v25c
  ras_EN_RAS0        ZeroWireload          tcbn28hpcplusbwp40p140tt0p9v25c
  bp_EN_BP0          ZeroWireload          tcbn28hpcplusbwp40p140tt0p9v25c
  npu_itcm_sram_dp_WORDS2048_AW11
                     ZeroWireload          tcbn28hpcplusbwp40p140tt0p9v25c
  npu_tcm_sram_dp_WORDS8192_AW13_DMA_DATA_W256_LANES4
                     ZeroWireload          tcbn28hpcplusbwp40p140tt0p9v25c
  core_00000000_0_0_0_0_0_1_1
                     ZeroWireload          tcbn28hpcplusbwp40p140tt0p9v25c
  axil_decerr        ZeroWireload          tcbn28hpcplusbwp40p140tt0p9v25c
  npu_itcm_WORDS2048_AW11
                     ZeroWireload          tcbn28hpcplusbwp40p140tt0p9v25c
  npu_tcm_WORDS8192_AW13_DMA_DATA_W256
                     ZeroWireload          tcbn28hpcplusbwp40p140tt0p9v25c
  npu_dma_BUF_AW13_DMA_DATA_W256
                     ZeroWireload          tcbn28hpcplusbwp40p140tt0p9v25c
  npu_ml_ctrl_ML_V2_EN1
                     ZeroWireload          tcbn28hpcplusbwp40p140tt0p9v25c
  npu_axil_regs      ZeroWireload          tcbn28hpcplusbwp40p140tt0p9v25c
  mat_engine_TCM_AW13_LANES4
                     ZeroWireload          tcbn28hpcplusbwp40p140tt0p9v25c
  npu_top_MAT_LANES4_DMA_DATA_W256_ML_V2_EN1
                     ZeroWireload          tcbn28hpcplusbwp40p140tt0p9v25c
  cpu_m1_top_00000000_0_0_0_1_1
                     ZeroWireload          tcbn28hpcplusbwp40p140tt0p9v25c
  idu_RV32A0_EN_RVV1_EN_F1
                     ZeroWireload          tcbn28hpcplusbwp40p140tt0p9v25c
  vexu_EN_RVV1_DW_mult_uns_81
                     ZeroWireload          tcbn28hpcplusbwp40p140tt0p9v25c
  vexu_EN_RVV1_DW01_add_1312_DW01_add_437
                     ZeroWireload          tcbn28hpcplusbwp40p140tt0p9v25c
  vexu_EN_RVV1_DW01_sub_23_DW01_sub_33
                     ZeroWireload          tcbn28hpcplusbwp40p140tt0p9v25c
  vexu_EN_RVV1_DW01_add_2416
                     ZeroWireload          tcbn28hpcplusbwp40p140tt0p9v25c
  vexu_EN_RVV1_DW_mult_uns_19
                     ZeroWireload          tcbn28hpcplusbwp40p140tt0p9v25c
  vexu_EN_RVV1_DW01_add_171_DW01_add_272
                     ZeroWireload          tcbn28hpcplusbwp40p140tt0p9v25c
  vexu_EN_RVV1_DW01_add_43_DW01_add_144
                     ZeroWireload          tcbn28hpcplusbwp40p140tt0p9v25c
  vexu_EN_RVV1_DW01_sub_54_DW01_sub_64
                     ZeroWireload          tcbn28hpcplusbwp40p140tt0p9v25c
  vexu_EN_RVV1_DW01_sub_55_DW01_sub_65
                     ZeroWireload          tcbn28hpcplusbwp40p140tt0p9v25c
  vexu_EN_RVV1_DW_mult_tc_1_DW_mult_tc_259
                     ZeroWireload          tcbn28hpcplusbwp40p140tt0p9v25c
  vexu_EN_RVV1_DW_mult_tc_0_DW_mult_tc_258
                     ZeroWireload          tcbn28hpcplusbwp40p140tt0p9v25c
  vexu_EN_RVV1_DW_mult_tc_2_DW_mult_tc_260
                     ZeroWireload          tcbn28hpcplusbwp40p140tt0p9v25c
  vexu_EN_RVV1_DW01_add_1295_DW01_add_420
                     ZeroWireload          tcbn28hpcplusbwp40p140tt0p9v25c
  vexu_EN_RVV1_DW_mult_tc_78_DW_mult_tc_336
                     ZeroWireload          tcbn28hpcplusbwp40p140tt0p9v25c
  vexu_EN_RVV1_DW01_inc_83
                     ZeroWireload          tcbn28hpcplusbwp40p140tt0p9v25c
  vexu_EN_RVV1_DW01_inc_87
                     ZeroWireload          tcbn28hpcplusbwp40p140tt0p9v25c
  vexu_EN_RVV1_DW01_add_1718
                     ZeroWireload          tcbn28hpcplusbwp40p140tt0p9v25c
  vexu_EN_RVV1_DW01_add_1719
                     ZeroWireload          tcbn28hpcplusbwp40p140tt0p9v25c
  vexu_EN_RVV1_DW01_add_1717
                     ZeroWireload          tcbn28hpcplusbwp40p140tt0p9v25c
  vexu_EN_RVV1_DW01_add_1724
                     ZeroWireload          tcbn28hpcplusbwp40p140tt0p9v25c
  vexu_EN_RVV1_DW01_add_1725
                     ZeroWireload          tcbn28hpcplusbwp40p140tt0p9v25c
  vexu_EN_RVV1_DW01_add_1726
                     ZeroWireload          tcbn28hpcplusbwp40p140tt0p9v25c
  vexu_EN_RVV1_DW01_add_1727
                     ZeroWireload          tcbn28hpcplusbwp40p140tt0p9v25c
  vexu_EN_RVV1_DW01_add_1728
                     ZeroWireload          tcbn28hpcplusbwp40p140tt0p9v25c
  vexu_EN_RVV1_DW01_add_1729
                     ZeroWireload          tcbn28hpcplusbwp40p140tt0p9v25c
  vexu_EN_RVV1_DW01_add_1730
                     ZeroWireload          tcbn28hpcplusbwp40p140tt0p9v25c
  vexu_EN_RVV1_DW01_add_1735
                     ZeroWireload          tcbn28hpcplusbwp40p140tt0p9v25c
  vexu_EN_RVV1_DW01_add_1737
                     ZeroWireload          tcbn28hpcplusbwp40p140tt0p9v25c
  vexu_EN_RVV1_DW01_add_1731
                     ZeroWireload          tcbn28hpcplusbwp40p140tt0p9v25c
  vexu_EN_RVV1_DW01_add_1733
                     ZeroWireload          tcbn28hpcplusbwp40p140tt0p9v25c
  vexu_EN_RVV1_DW01_add_1734
                     ZeroWireload          tcbn28hpcplusbwp40p140tt0p9v25c
  vexu_EN_RVV1_DW01_add_1736
                     ZeroWireload          tcbn28hpcplusbwp40p140tt0p9v25c
  vexu_EN_RVV1_DW01_add_1732
                     ZeroWireload          tcbn28hpcplusbwp40p140tt0p9v25c
  vexu_EN_RVV1_DW01_add_1743
                     ZeroWireload          tcbn28hpcplusbwp40p140tt0p9v25c
  vexu_EN_RVV1_DW01_add_1739
                     ZeroWireload          tcbn28hpcplusbwp40p140tt0p9v25c
  vexu_EN_RVV1_DW01_add_1744
                     ZeroWireload          tcbn28hpcplusbwp40p140tt0p9v25c
  vexu_EN_RVV1_DW01_add_1741
                     ZeroWireload          tcbn28hpcplusbwp40p140tt0p9v25c
  vexu_EN_RVV1_DW01_add_1742
                     ZeroWireload          tcbn28hpcplusbwp40p140tt0p9v25c
  vexu_EN_RVV1_DW01_add_1738
                     ZeroWireload          tcbn28hpcplusbwp40p140tt0p9v25c
  vexu_EN_RVV1_DW01_add_1740
                     ZeroWireload          tcbn28hpcplusbwp40p140tt0p9v25c
  vexu_EN_RVV1_DW01_add_1745
                     ZeroWireload          tcbn28hpcplusbwp40p140tt0p9v25c
  vexu_EN_RVV1_DW01_add_1746
                     ZeroWireload          tcbn28hpcplusbwp40p140tt0p9v25c
  vexu_EN_RVV1_DW01_add_1747
                     ZeroWireload          tcbn28hpcplusbwp40p140tt0p9v25c
  vexu_EN_RVV1_DW01_add_1748
                     ZeroWireload          tcbn28hpcplusbwp40p140tt0p9v25c
  vexu_EN_RVV1_DW01_add_1749
                     ZeroWireload          tcbn28hpcplusbwp40p140tt0p9v25c
  vexu_EN_RVV1_DW01_add_1750
                     ZeroWireload          tcbn28hpcplusbwp40p140tt0p9v25c
  vexu_EN_RVV1_DW01_add_1751
                     ZeroWireload          tcbn28hpcplusbwp40p140tt0p9v25c
  vexu_EN_RVV1_DW01_add_1752
                     ZeroWireload          tcbn28hpcplusbwp40p140tt0p9v25c
  vexu_EN_RVV1_DW01_add_1754
                     ZeroWireload          tcbn28hpcplusbwp40p140tt0p9v25c
  vexu_EN_RVV1_DW01_add_1753
                     ZeroWireload          tcbn28hpcplusbwp40p140tt0p9v25c
  vexu_EN_RVV1_DW01_add_1759
                     ZeroWireload          tcbn28hpcplusbwp40p140tt0p9v25c
  vexu_EN_RVV1_DW01_add_1760
                     ZeroWireload          tcbn28hpcplusbwp40p140tt0p9v25c
  vexu_EN_RVV1_DW01_add_1761
                     ZeroWireload          tcbn28hpcplusbwp40p140tt0p9v25c
  vexu_EN_RVV1_DW01_add_1762
                     ZeroWireload          tcbn28hpcplusbwp40p140tt0p9v25c
  vexu_EN_RVV1_DW01_add_1763
                     ZeroWireload          tcbn28hpcplusbwp40p140tt0p9v25c
  vexu_EN_RVV1_DW01_add_1764
                     ZeroWireload          tcbn28hpcplusbwp40p140tt0p9v25c
  vexu_EN_RVV1_DW01_add_1765
                     ZeroWireload          tcbn28hpcplusbwp40p140tt0p9v25c
  vexu_EN_RVV1_DW01_add_1766
                     ZeroWireload          tcbn28hpcplusbwp40p140tt0p9v25c
  vexu_EN_RVV1_DW01_add_1767
                     ZeroWireload          tcbn28hpcplusbwp40p140tt0p9v25c
  vexu_EN_RVV1_DW01_add_1768
                     ZeroWireload          tcbn28hpcplusbwp40p140tt0p9v25c
  vexu_EN_RVV1_DW01_add_1769
                     ZeroWireload          tcbn28hpcplusbwp40p140tt0p9v25c
  vexu_EN_RVV1_DW01_add_1770
                     ZeroWireload          tcbn28hpcplusbwp40p140tt0p9v25c
  vexu_EN_RVV1_DW01_add_1771
                     ZeroWireload          tcbn28hpcplusbwp40p140tt0p9v25c
  vexu_EN_RVV1_DW01_add_1772
                     ZeroWireload          tcbn28hpcplusbwp40p140tt0p9v25c
  vexu_EN_RVV1_DW01_add_1773
                     ZeroWireload          tcbn28hpcplusbwp40p140tt0p9v25c
  vexu_EN_RVV1_DW01_add_1774
                     ZeroWireload          tcbn28hpcplusbwp40p140tt0p9v25c
  vexu_EN_RVV1_DW01_add_1775
                     ZeroWireload          tcbn28hpcplusbwp40p140tt0p9v25c
  vexu_EN_RVV1_DW01_add_1776
                     ZeroWireload          tcbn28hpcplusbwp40p140tt0p9v25c
  vexu_EN_RVV1_DW01_add_1777
                     ZeroWireload          tcbn28hpcplusbwp40p140tt0p9v25c
  vexu_EN_RVV1_DW01_add_1778
                     ZeroWireload          tcbn28hpcplusbwp40p140tt0p9v25c
  vexu_EN_RVV1_DW01_add_1779
                     ZeroWireload          tcbn28hpcplusbwp40p140tt0p9v25c
  vexu_EN_RVV1_DW01_add_1780
                     ZeroWireload          tcbn28hpcplusbwp40p140tt0p9v25c
  vexu_EN_RVV1_DW01_add_1781
                     ZeroWireload          tcbn28hpcplusbwp40p140tt0p9v25c
  vexu_EN_RVV1_DW01_add_1782
                     ZeroWireload          tcbn28hpcplusbwp40p140tt0p9v25c
  vexu_EN_RVV1_DW01_add_1783
                     ZeroWireload          tcbn28hpcplusbwp40p140tt0p9v25c
  vexu_EN_RVV1_DW01_add_1784
                     ZeroWireload          tcbn28hpcplusbwp40p140tt0p9v25c
  vexu_EN_RVV1_DW01_add_1785
                     ZeroWireload          tcbn28hpcplusbwp40p140tt0p9v25c
  vexu_EN_RVV1_DW01_add_1786
                     ZeroWireload          tcbn28hpcplusbwp40p140tt0p9v25c
  vexu_EN_RVV1_DW01_add_1787
                     ZeroWireload          tcbn28hpcplusbwp40p140tt0p9v25c
  vexu_EN_RVV1_DW01_add_1793
                     ZeroWireload          tcbn28hpcplusbwp40p140tt0p9v25c
  vexu_EN_RVV1_DW01_add_1791
                     ZeroWireload          tcbn28hpcplusbwp40p140tt0p9v25c
  vexu_EN_RVV1_DW01_add_1788
                     ZeroWireload          tcbn28hpcplusbwp40p140tt0p9v25c
  vexu_EN_RVV1_DW01_add_1789
                     ZeroWireload          tcbn28hpcplusbwp40p140tt0p9v25c
  vexu_EN_RVV1_DW_inc_65
                     ZeroWireload          tcbn28hpcplusbwp40p140tt0p9v25c

  Point                                                   Incr       Path
  --------------------------------------------------------------------------
  clock clk (rise edge)                                   0.00       0.00
  clock network delay (ideal)                             0.00       0.00
  u_npu_core/u_core/if_ex_instr_reg[22]/CP (DFQD4BWP40P140)
                                                          0.00 #     0.00 r
  u_npu_core/u_core/if_ex_instr_reg[22]/Q (DFQD4BWP40P140)
                                                          0.05       0.05 f
  u_npu_core/u_core/u_vexu/q_instr[22] (vexu_EN_RVV1)     0.00       0.05 f
  u_npu_core/u_core/u_vexu/U5854/ZN (CKND1BWP40P140)      0.02       0.07 r
  u_npu_core/u_core/u_vexu/U5859/ZN (CKND3BWP40P140)      0.01       0.08 f
  u_npu_core/u_core/u_vexu/U5855/ZN (NR2D1BWP40P140)      0.02       0.10 r
  u_npu_core/u_core/u_vexu/U4224/Z (OA22D1BWP40P140)      0.04       0.14 r
  u_npu_core/u_core/u_vexu/U5857/ZN (IND2D4BWP40P140)     0.01       0.15 f
  u_npu_core/u_core/u_vexu/U5865/Z (XOR2OPTND4BWP40P140)
                                                          0.02       0.17 f
  u_npu_core/u_core/u_vexu/U5868/Z (OR2D4BWP40P140)       0.02       0.20 f
  u_npu_core/u_core/u_vexu/U12253/Z (OR2D1BWP40P140)      0.03       0.22 f
  u_npu_core/u_core/u_vexu/U15719/Z (CKBD1BWP40P140)      0.02       0.25 f
  u_npu_core/u_core/u_vexu/U19649/Z (BUFFD3BWP40P140)     0.05       0.29 f
  u_npu_core/u_core/u_vexu/U47238/ZN (OAI22D1BWP40P140)
                                                          0.03       0.32 r
  u_npu_core/u_core/u_vexu/U47235/Z (OR4D1BWP40P140)      0.03       0.34 r
  u_npu_core/u_core/u_vexu/U47234/Z (OR4D1BWP40P140)      0.03       0.37 r
  u_npu_core/u_core/u_vexu/U41664/ZN (MUX2ND4BWP40P140)
                                                          0.04       0.41 f
  u_npu_core/u_core/u_vexu/U18719/Z (CKBD1BWP40P140)      0.06       0.47 f
  u_npu_core/u_core/u_vexu/U4713/ZN (INVD2BWP40P140)      0.03       0.50 r
  u_npu_core/u_core/u_vexu/rem_862/u_div/u_absval_AAbs/NEG/A[6] (vexu_EN_RVV1_DW01_inc_87)
                                                          0.00       0.50 r
  u_npu_core/u_core/u_vexu/rem_862/u_div/u_absval_AAbs/NEG/U23/ZN (ND2D0BWP40P140)
                                                          0.02       0.53 f
  u_npu_core/u_core/u_vexu/rem_862/u_div/u_absval_AAbs/NEG/U10/ZN (NR2OPTPAD1BWP40P140)
                                                          0.02       0.55 r
  u_npu_core/u_core/u_vexu/rem_862/u_div/u_absval_AAbs/NEG/U7/ZN (ND3D1BWP40P140)
                                                          0.04       0.58 f
  u_npu_core/u_core/u_vexu/rem_862/u_div/u_absval_AAbs/NEG/U70/ZN (NR2OPTPAD2BWP40P140)
                                                          0.02       0.60 r
  u_npu_core/u_core/u_vexu/rem_862/u_div/u_absval_AAbs/NEG/U22/ZN (ND3D0BWP40P140)
                                                          0.04       0.65 f
  u_npu_core/u_core/u_vexu/rem_862/u_div/u_absval_AAbs/NEG/U20/ZN (NR2D1BWP40P140)
                                                          0.03       0.68 r
  u_npu_core/u_core/u_vexu/rem_862/u_div/u_absval_AAbs/NEG/U19/ZN (ND3D0BWP40P140)
                                                          0.05       0.73 f
  u_npu_core/u_core/u_vexu/rem_862/u_div/u_absval_AAbs/NEG/U9/ZN (NR2OPTPAD1BWP40P140)
                                                          0.03       0.75 r
  u_npu_core/u_core/u_vexu/rem_862/u_div/u_absval_AAbs/NEG/U18/ZN (ND3D1BWP40P140)
                                                          0.04       0.79 f
  u_npu_core/u_core/u_vexu/rem_862/u_div/u_absval_AAbs/NEG/U3/ZN (NR2OPTPAD2BWP40P140)
                                                          0.02       0.82 r
  u_npu_core/u_core/u_vexu/rem_862/u_div/u_absval_AAbs/NEG/U2/ZN (ND3OPTPAD2BWP40P140)
                                                          0.02       0.84 f
  u_npu_core/u_core/u_vexu/rem_862/u_div/u_absval_AAbs/NEG/U15/ZN (NR2D1BWP40P140)
                                                          0.03       0.87 r
  u_npu_core/u_core/u_vexu/rem_862/u_div/u_absval_AAbs/NEG/U8/ZN (ND3D1P5BWP40P140)
                                                          0.02       0.89 f
  u_npu_core/u_core/u_vexu/rem_862/u_div/u_absval_AAbs/NEG/U14/ZN (INR2D1BWP40P140)
                                                          0.02       0.91 r
  u_npu_core/u_core/u_vexu/rem_862/u_div/u_absval_AAbs/NEG/U6/Z (XOR2UD0BWP40P140)
                                                          0.03       0.94 r
  u_npu_core/u_core/u_vexu/rem_862/u_div/u_absval_AAbs/NEG/SUM[31] (vexu_EN_RVV1_DW01_inc_87)
                                                          0.00       0.94 r
  u_npu_core/u_core/u_vexu/U30372/Z (CKAN2D1BWP40P140)
                                                          0.03       0.97 r
  u_npu_core/u_core/u_vexu/rem_862/u_div/u_add_PartRem_10_2/A[1] (vexu_EN_RVV1_DW01_add_1718)
                                                          0.00       0.97 r
  u_npu_core/u_core/u_vexu/rem_862/u_div/u_add_PartRem_10_2/U188/Z (OR2D0BWP40P140)
                                                          0.02       0.99 r
  u_npu_core/u_core/u_vexu/rem_862/u_div/u_add_PartRem_10_2/U192/ZN (IOA21D1BWP40P140)
                                                          0.03       1.02 r
  u_npu_core/u_core/u_vexu/rem_862/u_div/u_add_PartRem_10_2/U198/ZN (INVD1BWP40P140)
                                                          0.01       1.03 f
  u_npu_core/u_core/u_vexu/rem_862/u_div/u_add_PartRem_10_2/U186/ZN (NR4D0BWP40P140)
                                                          0.02       1.05 r
  u_npu_core/u_core/u_vexu/rem_862/u_div/u_add_PartRem_10_2/CO (vexu_EN_RVV1_DW01_add_1718)
                                                          0.00       1.05 r
  u_npu_core/u_core/u_vexu/U96053/ZN (ND2OPTIBD2BWP40P140)
                                                          0.02       1.07 f
  u_npu_core/u_core/u_vexu/U96054/ZN (INVD1BWP40P140)     0.02       1.09 r
  u_npu_core/u_core/u_vexu/U1760/ZN (MUX2NOPTD2BWP40P140)
                                                          0.02       1.11 r
  u_npu_core/u_core/u_vexu/U34108/ZN (NR2D0BWP40P140)     0.02       1.13 f
  u_npu_core/u_core/u_vexu/U44351/ZN (AOI32D0BWP40P140)
                                                          0.04       1.16 r
  u_npu_core/u_core/u_vexu/U6732/ZN (ND2D2BWP40P140)      0.04       1.20 f
  u_npu_core/u_core/u_vexu/rem_862/u_div/u_add_PartRem_9_4/A[3] (vexu_EN_RVV1_DW01_add_1727)
                                                          0.00       1.20 f
  u_npu_core/u_core/u_vexu/rem_862/u_div/u_add_PartRem_9_4/U251/ZN (INVD2BWP40P140)
                                                          0.01       1.21 r
  u_npu_core/u_core/u_vexu/rem_862/u_div/u_add_PartRem_9_4/U213/Z (OR2D1BWP40P140)
                                                          0.02       1.23 r
  u_npu_core/u_core/u_vexu/rem_862/u_div/u_add_PartRem_9_4/U222/ZN (INVD1BWP40P140)
                                                          0.01       1.24 f
  u_npu_core/u_core/u_vexu/rem_862/u_div/u_add_PartRem_9_4/U250/ZN (IOA21D2BWP40P140)
                                                          0.02       1.26 f
  u_npu_core/u_core/u_vexu/rem_862/u_div/u_add_PartRem_9_4/U195/ZN (INVD1BWP40P140)
                                                          0.01       1.27 r
  u_npu_core/u_core/u_vexu/rem_862/u_div/u_add_PartRem_9_4/U208/ZN (CKND2D1BWP40P140)
                                                          0.01       1.28 f
  u_npu_core/u_core/u_vexu/rem_862/u_div/u_add_PartRem_9_4/U207/ZN (ND2D1BWP40P140)
                                                          0.01       1.29 r
  u_npu_core/u_core/u_vexu/rem_862/u_div/u_add_PartRem_9_4/U193/ZN (NR2OPTIBD1BWP40P140)
                                                          0.01       1.30 f
  u_npu_core/u_core/u_vexu/rem_862/u_div/u_add_PartRem_9_4/U248/ZN (AOI21D2BWP40P140)
                                                          0.02       1.32 r
  u_npu_core/u_core/u_vexu/rem_862/u_div/u_add_PartRem_9_4/U201/ZN (NR3OPTPAD2BWP40P140)
                                                          0.02       1.33 f
  u_npu_core/u_core/u_vexu/rem_862/u_div/u_add_PartRem_9_4/CO (vexu_EN_RVV1_DW01_add_1727)
                                                          0.00       1.33 f
  u_npu_core/u_core/u_vexu/U1763/ZN (MUX2NOPTD2BWP40P140)
                                                          0.02       1.35 f
  u_npu_core/u_core/u_vexu/U4722/ZN (NR2D0P7BWP40P140)
                                                          0.06       1.41 r
  u_npu_core/u_core/u_vexu/U96069/ZN (AOI22D1BWP40P140)
                                                          0.02       1.44 f
  u_npu_core/u_core/u_vexu/U4723/Z (AN2D1BWP40P140)       0.04       1.47 f
  u_npu_core/u_core/u_vexu/U96075/ZN (MUX2NUD1BWP40P140)
                                                          0.06       1.54 r
  u_npu_core/u_core/u_vexu/rem_862/u_div/u_add_PartRem_8_2/A[6] (vexu_EN_RVV1_DW01_add_1732)
                                                          0.00       1.54 r
  u_npu_core/u_core/u_vexu/rem_862/u_div/u_add_PartRem_8_2/U274/ZN (INVD1BWP40P140)
                                                          0.02       1.55 f
  u_npu_core/u_core/u_vexu/rem_862/u_div/u_add_PartRem_8_2/U224/Z (OR2D1BWP40P140)
                                                          0.02       1.58 f
  u_npu_core/u_core/u_vexu/rem_862/u_div/u_add_PartRem_8_2/U267/ZN (INVD1BWP40P140)
                                                          0.01       1.59 r
  u_npu_core/u_core/u_vexu/rem_862/u_div/u_add_PartRem_8_2/U318/ZN (IOA21D2BWP40P140)
                                                          0.02       1.61 r
  u_npu_core/u_core/u_vexu/rem_862/u_div/u_add_PartRem_8_2/U266/ZN (INVD1BWP40P140)
                                                          0.01       1.62 f
  u_npu_core/u_core/u_vexu/rem_862/u_div/u_add_PartRem_8_2/U317/Z (CKAN2D1BWP40P140)
                                                          0.02       1.64 f
  u_npu_core/u_core/u_vexu/rem_862/u_div/u_add_PartRem_8_2/U315/ZN (OAI32D2BWP40P140)
                                                          0.02       1.66 r
  u_npu_core/u_core/u_vexu/rem_862/u_div/u_add_PartRem_8_2/U292/Z (OA211D1BWP40P140)
                                                          0.03       1.69 r
  u_npu_core/u_core/u_vexu/rem_862/u_div/u_add_PartRem_8_2/CO (vexu_EN_RVV1_DW01_add_1732)
                                                          0.00       1.69 r
  u_npu_core/u_core/u_vexu/U96086/ZN (MUX2NUD1BWP40P140)
                                                          0.02       1.71 f
  u_npu_core/u_core/u_vexu/U96088/ZN (INVD1BWP40P140)     0.01       1.73 r
  u_npu_core/u_core/u_vexu/U96092/Z (OR2D1BWP40P140)      0.02       1.75 r
  u_npu_core/u_core/u_vexu/U2112/ZN (INVD2BWP40P140)      0.02       1.77 f
  u_npu_core/u_core/u_vexu/U34452/Z (AO22D0BWP40P140)     0.04       1.80 f
  u_npu_core/u_core/u_vexu/U96100/ZN (AOI221D1BWP40P140)
                                                          0.03       1.83 r
  u_npu_core/u_core/u_vexu/U96101/ZN (MUX2NUD1BWP40P140)
                                                          0.06       1.89 f
  u_npu_core/u_core/u_vexu/rem_862/u_div/u_add_PartRem_7_6/A[9] (vexu_EN_RVV1_DW01_add_1743)
                                                          0.00       1.89 f
  u_npu_core/u_core/u_vexu/rem_862/u_div/u_add_PartRem_7_6/U448/ZN (INVD2BWP40P140)
                                                          0.01       1.90 r
  u_npu_core/u_core/u_vexu/rem_862/u_div/u_add_PartRem_7_6/U446/Z (OR2D2BWP40P140)
                                                          0.02       1.93 r
  u_npu_core/u_core/u_vexu/rem_862/u_div/u_add_PartRem_7_6/U386/ZN (INVD1BWP40P140)
                                                          0.01       1.94 f
  u_npu_core/u_core/u_vexu/rem_862/u_div/u_add_PartRem_7_6/U305/ZN (IOA21D1BWP40P140)
                                                          0.02       1.96 f
  u_npu_core/u_core/u_vexu/rem_862/u_div/u_add_PartRem_7_6/U304/ZN (INVD1BWP40P140)
                                                          0.01       1.97 r
  u_npu_core/u_core/u_vexu/rem_862/u_div/u_add_PartRem_7_6/U309/Z (AO22D0BWP40P140)
                                                          0.03       2.00 r
  u_npu_core/u_core/u_vexu/rem_862/u_div/u_add_PartRem_7_6/U381/ZN (OAI32D1BWP40P140)
                                                          0.03       2.03 f
  u_npu_core/u_core/u_vexu/rem_862/u_div/u_add_PartRem_7_6/U385/ZN (INVD1BWP40P140)
                                                          0.01       2.04 r
  u_npu_core/u_core/u_vexu/rem_862/u_div/u_add_PartRem_7_6/U382/ZN (IOA21D1BWP40P140)
                                                          0.01       2.05 f
  u_npu_core/u_core/u_vexu/rem_862/u_div/u_add_PartRem_7_6/U426/Z (OA211D1BWP40P140)
                                                          0.03       2.08 f
  u_npu_core/u_core/u_vexu/rem_862/u_div/u_add_PartRem_7_6/CO (vexu_EN_RVV1_DW01_add_1743)
                                                          0.00       2.08 f
  u_npu_core/u_core/u_vexu/U1468/ZN (MUX2NOPTD4BWP40P140)
                                                          0.02       2.09 r
  u_npu_core/u_core/u_vexu/U96121/ZN (INVD1BWP40P140)     0.02       2.11 f
  u_npu_core/u_core/u_vexu/U96122/ZN (MUX2NUD1BWP40P140)
                                                          0.04       2.15 f
  u_npu_core/u_core/u_vexu/U1476/ZN (INVD1P5BWP40P140)
                                                          0.01       2.16 r
  u_npu_core/u_core/u_vexu/U96125/Z (OR2D1BWP40P140)      0.02       2.18 r
  u_npu_core/u_core/u_vexu/U96126/Z (OR2D1BWP40P140)      0.02       2.21 r
  u_npu_core/u_core/u_vexu/U63757/ZN (CKND3BWP40P140)     0.01       2.22 f
  u_npu_core/u_core/u_vexu/U43685/ZN (AOI22D0BWP40P140)
                                                          0.04       2.25 r
  u_npu_core/u_core/u_vexu/U2228/ZN (ND4D3BWP40P140)      0.06       2.31 f
  u_npu_core/u_core/u_vexu/rem_862/u_div/u_add_PartRem_6_6/A[9] (vexu_EN_RVV1_DW01_add_1750)
                                                          0.00       2.31 f
  u_npu_core/u_core/u_vexu/rem_862/u_div/u_add_PartRem_6_6/U385/ZN (INVD1BWP40P140)
                                                          0.02       2.33 r
  u_npu_core/u_core/u_vexu/rem_862/u_div/u_add_PartRem_6_6/U383/Z (OR2D1BWP40P140)
                                                          0.02       2.35 r
  u_npu_core/u_core/u_vexu/rem_862/u_div/u_add_PartRem_6_6/U299/ZN (INVD1BWP40P140)
                                                          0.01       2.36 f
  u_npu_core/u_core/u_vexu/rem_862/u_div/u_add_PartRem_6_6/U483/ZN (IOA21D2BWP40P140)
                                                          0.02       2.38 f
  u_npu_core/u_core/u_vexu/rem_862/u_div/u_add_PartRem_6_6/U482/ZN (INVD2BWP40P140)
                                                          0.01       2.39 r
  u_npu_core/u_core/u_vexu/rem_862/u_div/u_add_PartRem_6_6/U480/ZN (IOA21D2BWP40P140)
                                                          0.03       2.41 r
  u_npu_core/u_core/u_vexu/rem_862/u_div/u_add_PartRem_6_6/U479/ZN (INVD2BWP40P140)
                                                          0.01       2.42 f
  u_npu_core/u_core/u_vexu/rem_862/u_div/u_add_PartRem_6_6/U475/Z (CKAN2D1BWP40P140)
                                                          0.02       2.44 f
  u_npu_core/u_core/u_vexu/rem_862/u_div/u_add_PartRem_6_6/U304/Z (OR2D1BWP40P140)
                                                          0.02       2.46 f
  u_npu_core/u_core/u_vexu/rem_862/u_div/u_add_PartRem_6_6/U470/ZN (INVD2BWP40P140)
                                                          0.01       2.47 r
  u_npu_core/u_core/u_vexu/rem_862/u_div/u_add_PartRem_6_6/U469/ZN (IOA21D2BWP40P140)
                                                          0.01       2.47 f
  u_npu_core/u_core/u_vexu/rem_862/u_div/u_add_PartRem_6_6/U450/Z (OA211D1BWP40P140)
                                                          0.02       2.49 f
  u_npu_core/u_core/u_vexu/rem_862/u_div/u_add_PartRem_6_6/CO (vexu_EN_RVV1_DW01_add_1750)
                                                          0.00       2.49 f
  u_npu_core/u_core/u_vexu/U44350/ZN (MUX2NOPTD2BWP40P140)
                                                          0.02       2.52 r
  u_npu_core/u_core/u_vexu/U1469/ZN (INVD4BWP40P140)      0.01       2.53 f
  u_npu_core/u_core/u_vexu/U96168/ZN (MUX2NUD1BWP40P140)
                                                          0.03       2.56 f
  u_npu_core/u_core/u_vexu/U96169/ZN (INVD1BWP40P140)     0.02       2.58 r
  u_npu_core/u_core/u_vexu/U96172/Z (OR2D1BWP40P140)      0.02       2.60 r
  u_npu_core/u_core/u_vexu/U96173/Z (OR2D1BWP40P140)      0.02       2.62 r
  u_npu_core/u_core/u_vexu/U63758/ZN (CKND3BWP40P140)     0.01       2.63 f
  u_npu_core/u_core/u_vexu/U43355/ZN (AOI22D0BWP40P140)
                                                          0.04       2.67 r
  u_npu_core/u_core/u_vexu/U43354/ZN (ND4D1BWP40P140)     0.05       2.73 f
  u_npu_core/u_core/u_vexu/rem_862/u_div/u_add_PartRem_5_2/A[6] (vexu_EN_RVV1_DW01_add_1753)
                                                          0.00       2.73 f
  u_npu_core/u_core/u_vexu/rem_862/u_div/u_add_PartRem_5_2/U343/ZN (INVD1BWP40P140)
                                                          0.02       2.74 r
  u_npu_core/u_core/u_vexu/rem_862/u_div/u_add_PartRem_5_2/U341/Z (OR2D1BWP40P140)
                                                          0.02       2.77 r
  u_npu_core/u_core/u_vexu/rem_862/u_div/u_add_PartRem_5_2/U369/ZN (INVD1BWP40P140)
                                                          0.01       2.77 f
  u_npu_core/u_core/u_vexu/rem_862/u_div/u_add_PartRem_5_2/U368/ZN (IOA21D1BWP40P140)
                                                          0.02       2.80 f
  u_npu_core/u_core/u_vexu/rem_862/u_div/u_add_PartRem_5_2/U367/ZN (INVD1BWP40P140)
                                                          0.01       2.81 r
  u_npu_core/u_core/u_vexu/rem_862/u_div/u_add_PartRem_5_2/U451/Z (CKAN2D1BWP40P140)
                                                          0.02       2.83 r
  u_npu_core/u_core/u_vexu/rem_862/u_div/u_add_PartRem_5_2/U269/ZN (OAI32D1BWP40P140)
                                                          0.04       2.86 f
  u_npu_core/u_core/u_vexu/rem_862/u_div/u_add_PartRem_5_2/U275/ZN (INVD1BWP40P140)
                                                          0.02       2.88 r
  u_npu_core/u_core/u_vexu/rem_862/u_div/u_add_PartRem_5_2/U320/ZN (IOA21D1BWP40P140)
                                                          0.03       2.91 r
  u_npu_core/u_core/u_vexu/rem_862/u_div/u_add_PartRem_5_2/U281/ZN (OAI31D1BWP40P140)
                                                          0.02       2.93 f
  u_npu_core/u_core/u_vexu/rem_862/u_div/u_add_PartRem_5_2/CO (vexu_EN_RVV1_DW01_add_1753)
                                                          0.00       2.93 f
  u_npu_core/u_core/u_vexu/U96227/ZN (MUX2NUD1BWP40P140)
                                                          0.04       2.96 r
  u_npu_core/u_core/u_vexu/U1479/ZN (INVD2BWP40P140)      0.02       2.98 f
  u_npu_core/u_core/u_vexu/U96230/ZN (MUX2NUD1BWP40P140)
                                                          0.04       3.02 f
  u_npu_core/u_core/u_vexu/U1238/ZN (INVD2BWP40P140)      0.01       3.03 r
  u_npu_core/u_core/u_vexu/U3869/ZN (NR3D0BWP40P140)      0.06       3.09 f
  u_npu_core/u_core/u_vexu/U96299/ZN (AOI22D1BWP40P140)
                                                          0.05       3.13 r
  u_npu_core/u_core/u_vexu/U2293/ZN (ND4D2BWP40P140)      0.06       3.19 f
  u_npu_core/u_core/u_vexu/rem_862/u_div/u_add_PartRem_4_2/A[4] (vexu_EN_RVV1_DW01_add_1760)
                                                          0.00       3.19 f
  u_npu_core/u_core/u_vexu/rem_862/u_div/u_add_PartRem_4_2/U338/ZN (CKND0BWP40P140)
                                                          0.02       3.21 r
  u_npu_core/u_core/u_vexu/rem_862/u_div/u_add_PartRem_4_2/U336/Z (OR2D1BWP40P140)
                                                          0.02       3.24 r
  u_npu_core/u_core/u_vexu/rem_862/u_div/u_add_PartRem_4_2/U288/ZN (INVD1BWP40P140)
                                                          0.01       3.25 f
  u_npu_core/u_core/u_vexu/rem_862/u_div/u_add_PartRem_4_2/U392/ZN (IOA21D1BWP40P140)
                                                          0.02       3.27 f
  u_npu_core/u_core/u_vexu/rem_862/u_div/u_add_PartRem_4_2/U300/ZN (INVD1BWP40P140)
                                                          0.01       3.28 r
  u_npu_core/u_core/u_vexu/rem_862/u_div/u_add_PartRem_4_2/U494/Z (CKAN2D1BWP40P140)
                                                          0.02       3.30 r
  u_npu_core/u_core/u_vexu/rem_862/u_div/u_add_PartRem_4_2/U292/ZN (OAI32D1BWP40P140)
                                                          0.04       3.34 f
  u_npu_core/u_core/u_vexu/rem_862/u_div/u_add_PartRem_4_2/U492/ZN (INVD2BWP40P140)
                                                          0.01       3.35 r
  u_npu_core/u_core/u_vexu/rem_862/u_div/u_add_PartRem_4_2/U272/ZN (IOA21D1BWP40P140)
                                                          0.03       3.38 r
  u_npu_core/u_core/u_vexu/rem_862/u_div/u_add_PartRem_4_2/U491/Z (OR4D1BWP40P140)
                                                          0.02       3.40 r
  u_npu_core/u_core/u_vexu/rem_862/u_div/u_add_PartRem_4_2/U293/ZN (IOA21D1BWP40P140)
                                                          0.01       3.41 f
  u_npu_core/u_core/u_vexu/rem_862/u_div/u_add_PartRem_4_2/CO (vexu_EN_RVV1_DW01_add_1760)
                                                          0.00       3.41 f
  u_npu_core/u_core/u_vexu/U2358/ZN (MUX2NUD1BWP40P140)
                                                          0.03       3.45 r
  u_npu_core/u_core/u_vexu/U1483/ZN (CKND2BWP40P140)      0.02       3.47 f
  u_npu_core/u_core/u_vexu/U44346/ZN (MUX2NOPTD2BWP40P140)
                                                          0.02       3.49 f
  u_npu_core/u_core/u_vexu/U96307/ZN (INVD1BWP40P140)     0.02       3.50 r
  u_npu_core/u_core/u_vexu/U96312/Z (OR2D1BWP40P140)      0.02       3.53 r
  u_npu_core/u_core/u_vexu/U27865/ZN (NR2OPTIBD1BWP40P140)
                                                          0.04       3.56 f
  u_npu_core/u_core/u_vexu/U27780/ZN (AOI22D1BWP40P140)
                                                          0.04       3.60 r
  u_npu_core/u_core/u_vexu/U1472/ZN (ND4D4BWP40P140)      0.05       3.65 f
  u_npu_core/u_core/u_vexu/rem_862/u_div/u_add_PartRem_3_6/A[3] (vexu_EN_RVV1_DW01_add_1771)
                                                          0.00       3.65 f
  u_npu_core/u_core/u_vexu/rem_862/u_div/u_add_PartRem_3_6/U509/ZN (CKND0BWP40P140)
                                                          0.02       3.66 r
  u_npu_core/u_core/u_vexu/rem_862/u_div/u_add_PartRem_3_6/U507/Z (OR2D1BWP40P140)
                                                          0.02       3.69 r
  u_npu_core/u_core/u_vexu/rem_862/u_div/u_add_PartRem_3_6/U506/ZN (INVD1BWP40P140)
                                                          0.01       3.70 f
  u_npu_core/u_core/u_vexu/rem_862/u_div/u_add_PartRem_3_6/U530/ZN (IOA21D1BWP40P140)
                                                          0.02       3.72 f
  u_npu_core/u_core/u_vexu/rem_862/u_div/u_add_PartRem_3_6/U467/ZN (INVD1BWP40P140)
                                                          0.01       3.73 r
  u_npu_core/u_core/u_vexu/rem_862/u_div/u_add_PartRem_3_6/U656/Z (CKAN2D1BWP40P140)
                                                          0.02       3.75 r
  u_npu_core/u_core/u_vexu/rem_862/u_div/u_add_PartRem_3_6/U405/ZN (OAI32D1BWP40P140)
                                                          0.04       3.79 f
  u_npu_core/u_core/u_vexu/rem_862/u_div/u_add_PartRem_3_6/U412/ZN (INVD1BWP40P140)
                                                          0.03       3.82 r
  u_npu_core/u_core/u_vexu/rem_862/u_div/u_add_PartRem_3_6/U395/ZN (IOA21D1BWP40P140)
                                                          0.04       3.86 r
  u_npu_core/u_core/u_vexu/rem_862/u_div/u_add_PartRem_3_6/U648/ZN (OAI32D2BWP40P140)
                                                          0.03       3.89 f
  u_npu_core/u_core/u_vexu/rem_862/u_div/u_add_PartRem_3_6/CO (vexu_EN_RVV1_DW01_add_1771)
                                                          0.00       3.89 f
  u_npu_core/u_core/u_vexu/U44349/ZN (MUX2NOPTD4BWP40P140)
                                                          0.02       3.91 r
  u_npu_core/u_core/u_vexu/U44348/ZN (INVD4BWP40P140)     0.01       3.92 f
  u_npu_core/u_core/u_vexu/U44347/ZN (MUX2NOPTD2BWP40P140)
                                                          0.02       3.94 f
  u_npu_core/u_core/u_vexu/U1471/ZN (CKND1BWP40P140)      0.02       3.95 r
  u_npu_core/u_core/u_vexu/U96397/Z (OR2D1BWP40P140)      0.02       3.97 r
  u_npu_core/u_core/u_vexu/U96399/Z (OR2D1BWP40P140)      0.03       4.00 r
  u_npu_core/u_core/u_vexu/U63767/ZN (INVD4BWP40P140)     0.01       4.01 f
  u_npu_core/u_core/u_vexu/U43652/ZN (AOI22D0BWP40P140)
                                                          0.04       4.05 r
  u_npu_core/u_core/u_vexu/U1473/ZN (ND4D3BWP40P140)      0.05       4.10 f
  u_npu_core/u_core/u_vexu/rem_862/u_div/u_add_PartRem_2_2/A[4] (vexu_EN_RVV1_DW01_add_1774)
                                                          0.00       4.10 f
  u_npu_core/u_core/u_vexu/rem_862/u_div/u_add_PartRem_2_2/U428/ZN (CKND0BWP40P140)
                                                          0.02       4.12 r
  u_npu_core/u_core/u_vexu/rem_862/u_div/u_add_PartRem_2_2/U426/Z (OR2D1BWP40P140)
                                                          0.02       4.15 r
  u_npu_core/u_core/u_vexu/rem_862/u_div/u_add_PartRem_2_2/U421/ZN (INVD1BWP40P140)
                                                          0.01       4.15 f
  u_npu_core/u_core/u_vexu/rem_862/u_div/u_add_PartRem_2_2/U492/ZN (IOA21D1BWP40P140)
                                                          0.02       4.18 f
  u_npu_core/u_core/u_vexu/rem_862/u_div/u_add_PartRem_2_2/U395/ZN (INVD1BWP40P140)
                                                          0.01       4.19 r
  u_npu_core/u_core/u_vexu/rem_862/u_div/u_add_PartRem_2_2/U590/Z (CKAN2D1BWP40P140)
                                                          0.02       4.21 r
  u_npu_core/u_core/u_vexu/rem_862/u_div/u_add_PartRem_2_2/U308/ZN (OAI32D1BWP40P140)
                                                          0.04       4.24 f
  u_npu_core/u_core/u_vexu/rem_862/u_div/u_add_PartRem_2_2/U315/ZN (INVD1BWP40P140)
                                                          0.02       4.26 r
  u_npu_core/u_core/u_vexu/rem_862/u_div/u_add_PartRem_2_2/U305/ZN (IOA21D1BWP40P140)
                                                          0.03       4.30 r
  u_npu_core/u_core/u_vexu/rem_862/u_div/u_add_PartRem_2_2/U581/ZN (OAI32D2BWP40P140)
                                                          0.02       4.31 f
  u_npu_core/u_core/u_vexu/rem_862/u_div/u_add_PartRem_2_2/CO (vexu_EN_RVV1_DW01_add_1774)
                                                          0.00       4.31 f
  u_npu_core/u_core/u_vexu/U96486/ZN (MUX2NUD1BWP40P140)
                                                          0.04       4.35 r
  u_npu_core/u_core/u_vexu/U1480/ZN (INVD2BWP40P140)      0.02       4.37 f
  u_npu_core/u_core/u_vexu/U96489/ZN (MUX2NUD1BWP40P140)
                                                          0.03       4.40 f
  u_npu_core/u_core/u_vexu/U96490/ZN (INVD1BWP40P140)     0.02       4.42 r
  u_npu_core/u_core/u_vexu/U8470/Z (OR3D1BWP40P140)       0.02       4.44 r
  u_npu_core/u_core/u_vexu/U8469/ZN (INVD1BWP40P140)      0.05       4.49 f
  u_npu_core/u_core/u_vexu/U96576/ZN (AOI22D1BWP40P140)
                                                          0.04       4.53 r
  u_npu_core/u_core/u_vexu/U2665/ZN (ND4D2BWP40P140)      0.06       4.59 f
  u_npu_core/u_core/u_vexu/rem_862/u_div/u_add_PartRem_1_4/A[5] (vexu_EN_RVV1_DW01_add_1783)
                                                          0.00       4.59 f
  u_npu_core/u_core/u_vexu/rem_862/u_div/u_add_PartRem_1_4/U444/ZN (INVD0P7BWP40P140)
                                                          0.02       4.61 r
  u_npu_core/u_core/u_vexu/rem_862/u_div/u_add_PartRem_1_4/U442/Z (OR2D1BWP40P140)
                                                          0.02       4.63 r
  u_npu_core/u_core/u_vexu/rem_862/u_div/u_add_PartRem_1_4/U512/ZN (INVD1BWP40P140)
                                                          0.01       4.64 f
  u_npu_core/u_core/u_vexu/rem_862/u_div/u_add_PartRem_1_4/U511/ZN (IOA21D1BWP40P140)
                                                          0.02       4.66 f
  u_npu_core/u_core/u_vexu/rem_862/u_div/u_add_PartRem_1_4/U437/ZN (INVD1BWP40P140)
                                                          0.01       4.68 r
  u_npu_core/u_core/u_vexu/rem_862/u_div/u_add_PartRem_1_4/U624/Z (CKAN2D1BWP40P140)
                                                          0.02       4.70 r
  u_npu_core/u_core/u_vexu/rem_862/u_div/u_add_PartRem_1_4/U622/ZN (OAI32D2BWP40P140)
                                                          0.03       4.72 f
  u_npu_core/u_core/u_vexu/rem_862/u_div/u_add_PartRem_1_4/U347/ZN (INVD1BWP40P140)
                                                          0.02       4.74 r
  u_npu_core/u_core/u_vexu/rem_862/u_div/u_add_PartRem_1_4/U343/ZN (IOA21D1BWP40P140)
                                                          0.04       4.78 r
  u_npu_core/u_core/u_vexu/rem_862/u_div/u_add_PartRem_1_4/U563/ZN (OAI32D4BWP40P140)
                                                          0.04       4.82 f
  u_npu_core/u_core/u_vexu/rem_862/u_div/u_add_PartRem_1_4/CO (vexu_EN_RVV1_DW01_add_1783)
                                                          0.00       4.82 f
  u_npu_core/u_core/u_vexu/U1482/ZN (MUX2NOPTD4BWP40P140)
                                                          0.02       4.83 r
  u_npu_core/u_core/u_vexu/U44345/ZN (INVD2BWP40P140)     0.01       4.85 f
  u_npu_core/u_core/u_vexu/U96587/ZN (MUX2NUD1BWP40P140)
                                                          0.03       4.88 f
  u_npu_core/u_core/u_vexu/U96591/ZN (INVD1BWP40P140)     0.02       4.90 r
  u_npu_core/u_core/u_vexu/U96594/Z (OR2D1BWP40P140)      0.02       4.92 r
  u_npu_core/u_core/u_vexu/U96596/Z (OR2D1BWP40P140)      0.03       4.95 r
  u_npu_core/u_core/u_vexu/U6841/ZN (CKND4BWP40P140)      0.02       4.97 f
  u_npu_core/u_core/u_vexu/U41944/ZN (AOI22D0BWP40P140)
                                                          0.03       5.00 r
  u_npu_core/u_core/u_vexu/U2995/ZN (ND4D1BWP40P140)      0.07       5.07 f
  u_npu_core/u_core/u_vexu/rem_862/u_div/u_add_PartRem_0_5/A[4] (vexu_EN_RVV1_DW01_add_1791)
                                                          0.00       5.07 f
  u_npu_core/u_core/u_vexu/rem_862/u_div/u_add_PartRem_0_5/U546/Z (OR2D1BWP40P140)
                                                          0.04       5.11 f
  u_npu_core/u_core/u_vexu/rem_862/u_div/u_add_PartRem_0_5/U620/ZN (IOA21D1BWP40P140)
                                                          0.03       5.14 f
  u_npu_core/u_core/u_vexu/rem_862/u_div/u_add_PartRem_0_5/U621/ZN (INVD1BWP40P140)
                                                          0.01       5.15 r
  u_npu_core/u_core/u_vexu/rem_862/u_div/u_add_PartRem_0_5/U799/Z (CKAN2D1BWP40P140)
                                                          0.02       5.17 r
  u_npu_core/u_core/u_vexu/rem_862/u_div/u_add_PartRem_0_5/U397/ZN (OAI32D1BWP40P140)
                                                          0.04       5.20 f
  u_npu_core/u_core/u_vexu/rem_862/u_div/u_add_PartRem_0_5/U400/ZN (INVD1BWP40P140)
                                                          0.02       5.22 r
  u_npu_core/u_core/u_vexu/rem_862/u_div/u_add_PartRem_0_5/U393/ZN (IOA21D1BWP40P140)
                                                          0.04       5.26 r
  u_npu_core/u_core/u_vexu/rem_862/u_div/u_add_PartRem_0_5/U684/ZN (OAI32D1BWP40P140)
                                                          0.03       5.30 f
  u_npu_core/u_core/u_vexu/rem_862/u_div/u_add_PartRem_0_5/U706/ZN (MAOI22D1BWP40P140)
                                                          0.03       5.33 f
  u_npu_core/u_core/u_vexu/rem_862/u_div/u_add_PartRem_0_5/CO (vexu_EN_RVV1_DW01_add_1791)
                                                          0.00       5.33 f
  u_npu_core/u_core/u_vexu/U96716/ZN (MUX2NUD1BWP40P140)
                                                          0.02       5.35 r
  u_npu_core/u_core/u_vexu/U123/ZN (MUX2NOPTD2BWP40P140)
                                                          0.03       5.38 f
  u_npu_core/u_core/u_vexu/U28176/ZN (INVD2BWP40P140)     0.01       5.39 r
  u_npu_core/u_core/u_vexu/U96720/Z (OR2D1BWP40P140)      0.02       5.41 r
  u_npu_core/u_core/u_vexu/U96721/Z (OR2D1BWP40P140)      0.02       5.43 r
  u_npu_core/u_core/u_vexu/U3365/ZN (INVD2BWP40P140)      0.03       5.47 f
  u_npu_core/u_core/u_vexu/U96848/ZN (AOI22D1BWP40P140)
                                                          0.03       5.50 r
  u_npu_core/u_core/u_vexu/U6706/ZN (ND4D1BWP40P140)      0.03       5.53 f
  u_npu_core/u_core/u_vexu/U6705/Z (XOR2UD0BWP40P140)     0.02       5.55 r
  u_npu_core/u_core/u_vexu/rem_862/u_div/u_inc_RInc/a[1] (vexu_EN_RVV1_DW_inc_65)
                                                          0.00       5.55 r
  u_npu_core/u_core/u_vexu/rem_862/u_div/u_inc_RInc/U216/ZN (INVD1P5BWP40P140)
                                                          0.01       5.57 f
  u_npu_core/u_core/u_vexu/rem_862/u_div/u_inc_RInc/U237/Z (OR2D1BWP40P140)
                                                          0.02       5.59 f
  u_npu_core/u_core/u_vexu/rem_862/u_div/u_inc_RInc/U300/Z (OR2D6BWP40P140)
                                                          0.02       5.61 f
  u_npu_core/u_core/u_vexu/rem_862/u_div/u_inc_RInc/U299/Z (OR4D4BWP40P140)
                                                          0.03       5.65 f
  u_npu_core/u_core/u_vexu/rem_862/u_div/u_inc_RInc/U302/Z (OR2D8BWP40P140)
                                                          0.03       5.67 f
  u_npu_core/u_core/u_vexu/rem_862/u_div/u_inc_RInc/U309/Z (OR4D1BWP40P140)
                                                          0.03       5.70 f
  u_npu_core/u_core/u_vexu/rem_862/u_div/u_inc_RInc/U219/Z (XOR2OPTND2BWP40P140)
                                                          0.02       5.72 f
  u_npu_core/u_core/u_vexu/rem_862/u_div/u_inc_RInc/sum[29] (vexu_EN_RVV1_DW_inc_65)
                                                          0.00       5.72 f
  u_npu_core/u_core/u_vexu/U854/ZN (AOI221D2BWP40P140)
                                                          0.03       5.75 r
  u_npu_core/u_core/u_vexu/U1315/ZN (ND4D2BWP40P140)      0.04       5.79 f
  u_npu_core/u_core/u_vexu/U144046/ZN (AOI22D1BWP40P140)
                                                          0.02       5.81 r
  u_npu_core/u_core/u_vexu/U144047/Z (OA211D1BWP40P140)
                                                          0.04       5.85 r
  u_npu_core/u_core/u_vexu/U26064/Z (AN4D1BWP40P140)      0.04       5.90 r
  u_npu_core/u_core/u_vexu/U144058/ZN (IND4D1BWP40P140)
                                                          0.02       5.92 f
  u_npu_core/u_core/u_vexu/q_wdata[29] (vexu_EN_RVV1)     0.00       5.92 f
  u_npu_core/u_core/U1703/Z (AO22D0BWP40P140)             0.03       5.95 f
  u_npu_core/u_core/ex_mem_vex_wdata_r_reg[29]/D (DFQD2BWP40P140)
                                                          0.00       5.95 f
  data arrival time                                                  5.95

  clock clk (rise edge)                                   6.00       6.00
  clock network delay (ideal)                             0.00       6.00
  clock uncertainty                                      -0.05       5.95
  u_npu_core/u_core/ex_mem_vex_wdata_r_reg[29]/CP (DFQD2BWP40P140)
                                                          0.00       5.95 r
  library setup time                                      0.00       5.95
  data required time                                                 5.95
  --------------------------------------------------------------------------
  data required time                                                 5.95
  data arrival time                                                 -5.95
  --------------------------------------------------------------------------
  slack (MET)                                                        0.00


1
