f14022f3
82634301
07170062
07130000
006700c7
1f370007
0f134000
0001104f
00012497
3d448493
00009f17
42cf0f13
000f6f13
305f1073
00000f17
020f0f13
341f1073
0f136f09
1073800f
4f01300f
304f1073
30200073
00000013
e845d0b7
46f08093
1d24b137
a9f10113
42014181
432d4281
dffec3b7
5fc38393
d5374401
0513f6c7
05b75855
36378000
0613f413
46a91ab6
80000737
482d47b5
49014881
800009b7
80000a37
4b194a85
b809fbb7
225b8b93
d0be7c37
c4fc0c13
5d374c9d
0d130071
0db794ed
de378000
0e13f6fe
6eb72dbe
8e93fc1b
4f156c0e
00017f97
138f8f93
d4d7ca13
00000073
00009002
92970000
82930000
a30344e2
a1230012
22f30062
93733000
22f33402
23733400
0f373000
7fc18000
1f930f85
2063601f
337300b5
23733040
23733050
23733410
23733420
23733430
23733440
2373c000
2373c800
2373c020
af37c820
0f13a5a5
6fc15a5f
602f1f93
34001373
008e03b3
9f120908
026bb133
01980f33
89a59b4e
07948d06
0fb74f01
1ffd8000
0bff4fb3
34009073
00ef2009
00ef0040
00970040
80930000
806700c0
20f30000
00013400
fb63820e
e21d008c
00f493b3
f2b192b7
011a1b93
01924363
82938ded
7f419a7f
0fb70f05
5fb38000
06a20bff
4bb30391
d0130373
8f3301be
0a08409e
00aac61d
0241f563
6f41612d
a5a5afb7
5a5f8f93
0bff6fb3
00012000
987d0001
115d4593
e03363d1
c2630248
d13302c6
6a134074
81626623
0f371dfd
1f7d8000
7fb34f81
7d130bff
a033cc92
8c93031a
82dd1f0b
024c4b63
021988b3
0295b9b3
018f5513
7c939c16
0f3751e0
7fc18000
1f930f85
9073604f
00ef3400
80670080
20f30000
ad173400
5a17ca15
3933313e
543303f9
4e630253
58b30286
9cd240c5
26136409
2d139adc
af3767b2
0f13a5a5
6fc15a5f
605f1f93
80000f37
4fb35ffd
6fb303ff
4f8103ef
03ff5fb3
6fb34f81
2e3303ff
17b30328
13630277
00010324
8929986e
e0973413
8b635a7d
00a60337
0fb74f01
1ffd8000
080f4fb3
feb50533
38355117
009d5013
00af5113
20bcc193
4084d593
03a09933
01abbf33
0169c463
01578b33
ab51aa93
0f057f41
80000fb7
61ff1fb3
0214e033
02615b33
8333ca95
8c49028f
01801263
25b38286
823302c9
4d790221
afb76f41
8f93a5a5
5fb35a5f
d7b361ff
0096034b
8f98bb93
02f4c233
4147d933
863df993
0319a233
e38efe13
037f6763
95d57017
80000f37
4f811f7d
607f5f93
8e754365
8eb3167d
6313009c
e0b34d2a
17b30304
8d25033c
6f6363e1
0f3701c3
7fc18000
5f930f85
1073287f
2ff3340f
3ff33400
67dd3400
25bfeb13
024f9a33
00c801b3
02c12333
55b38995
9afd0008
00018962
a5a5af37
5a5f0f13
5f936fc1
0263698f
6a630560
0d2902a1
015e0663
0184c3b3
c3858ee9
6a9399fd
d6b387a4
4f01411f
80000fb7
1fb31ffd
b19349ff
86b3b984
3e3340f2
08b3031e
3bb34187
696300e6
47bd024b
03bcd133
024b7063
00421e33
0f057f41
80000fb7
49ff5fb3
9f42be93
01f58463
01eb6c63
01139e13
002f5293
7f138d12
0106401c
024f5c33
6f41e63d
a5a5afb7
5a5f8f93
69ff1fb3
1eb55513
02880001
9afd0001
08519363
ea3e8b93
2bd73693
02b38033
0008ce33
415fdc93
80000f37
4f811f7d
29ff1fb3
34041073
00009417
13440413
2223c004
01130024
c07e0084
24234f02
440401f4
2103c404
40040044
34002473
8c350308
0007f963
03c66033
03751b33
40b3860d
6a85021f
00658db3
01e5a6b3
80000f37
0f857fc1
49ff1f93
059390ea
98b3c098
45b30329
b03302e3
896902ae
1163056e
8f8d02d9
00b59e63
a5a5af37
5a5f0f13
5f936fc1
be3348ff
ab33027f
02060031
f033527d
65330072
06b3019f
ba3303ca
9afd027f
bd448213
0fb74f01
1ffd8000
680f1f93
13085c7d
018e1293
9d9e0001
41165cb3
03db31b3
18630001
ef330750
7f410060
0fb70f05
1f938000
626329ff
7d630082
37930505
8d35df6a
8e5586b1
920e0642
37938c49
6f410091
a5a5afb7
5a5f8f93
0fff5fb3
34009073
008000ef
00008067
340020f3
34009073
00ef2009
00ef0040
00970040
80930000
806700c0
20f30000
88633400
8d050127
03176833
da33c519
617541d0
01cc96b3
ea318d95
0f370001
1f7d8000
7fb34f81
14130fff
8a4d0195
027c6533
73638661
8ec90298
3da86093
73e17e93
40331508
0f37028a
7fc18000
2fb30f85
12b321ff
616920b5
00fdbbb3
ce138a09
83b3ada2
8ec9409d
80338a3d
90ea02d4
af378e29
0f13a5a5
6fc15a5f
21ff4fb3
003d4263
01abe433
80330001
c0130092
82b3b662
717d0133
0f528531
1a0e2d93
0fb74f01
1ffd8000
21ff6fb3
a0b83697
40165413
b7734813
eea0b013
0d9a6095
d033717d
0cea0301
7f4160e1
0fb70f05
7fb38000
0f3741ff
5ffd8000
03ff4fb3
03ef6fb3
5fb34f81
4f8103ff
03ff6fb3
1414587d
01ee5c33
00d3cab3
58638d71
4a63026f
843302ac
213703f0
27b302e0
6f41027b
a5a5afb7
5a5f8f93
41ff6fb3
0001a000
97574bb7
01b33033
17930001
e1910002
d4630001
c6630172
c285025a
0f37cc19
1f7d8000
4fb34f81
0a3341ff
d09703e9
2c33f356
517d00b5
29338d69
c8b30114
9c93017b
e1630053
430d054c
80000f37
0f857fc1
600f1f93
01c61633
d2338d05
908a02fa
6db10001
5c90a813
43e9f413
80171894
af374db9
0f13a5a5
6fc15a5f
601f1f93
4ce20593
ea130b90
82b16c72
ed635cfd
8e350315
8ce46013
03d35033
02a61033
0fb74f01
1ffd8000
602f1f93
40b53533
340f1073
34002ff3
34003ff3
03a5a2b3
10c1ca93
02455533
0303dab3
40178659
e463e362
de370144
0c1430ed
7f4182a1
0fb70f05
4fb38000
81950bff
d6b702c1
000162f1
01b1b6b3
01dc3033
03df3633
7915fd13
d6c62a93
006f9433
afb76f41
8f93a5a5
5fb35a5f
8c110bff
8d668d2d
81558e71
0074d3b3
5e93717d
86bd006f
02a80033
80000f37
4f811f7d
0bff6fb3
06638569
93b602d6
01c6cb63
02102a33
012f4533
01c2cbb3
47154013
8ded717d
80000f37
0f857fc1
0bff7fb3
21330001
8239008c
41b209b3
01455593
04c70963
7ab03017
49533017
05a76363
af378d51
0f13a5a5
6fc15a5f
604f1f93
34041073
00009417
d3840413
2223c004
01130024
c07e0084
24234f02
440401f4
2103c404
40040044
34002473
44130c14
a01392b0
8a0160ee
183a8e13
0d080001
018cd463
01df0263
65998437
0fb74f01
1ffd8000
605f1f93
34009073
008000ef
00008067
340020f3
59630829
00010238
8d11170c
003a1013
032915b3
03c332b3
547d9b9a
0f057f41
80000fb7
080f4fb3
00da6833
360cb793
01a2d033
00139f6e
dc13103f
253301fe
d0330184
d0930024
5d130015
6f4140ce
a5a5afb7
5a5f8f93
61ff1fb3
0ab50533
049e7163
034efa63
008d40c9
033558b3
20171214
c5b3030e
9afd0204
b7941197
80000f37
4f811f7d
61ff5fb3
02b1a7b3
013e5a63
009e95b3
13b3894a
79b301b4
567d01c3
bb8e2013
581389ad
0f3741bd
7fc18000
5f930f85
9073607f
20093400
004000ef
004000ef
00000097
00c08093
00008067
340020f3
01f22133
01647133
0191edb3
03004b63
64639c86
0001029a
d4bb7c93
d33369f5
af370069
0f13a5a5
6fc15a5f
287f5f93
88b30001
88630326
02330147
e9b30231
4f3302d2
65130360
10330d97
191303e9
89f200c3
0fb74f01
1ffd8000
698f5f93
00db6533
1d40bd93
6b6d0001
41338d2d
86bd0066
13b38c35
e16302d6
7f4103bf
0fb70f05
1fb38000
855249ff
00cb6db3
036c6933
f850adb7
03a1e7b3
0346c163
02324cb3
9eb86193
56b7e10d
6f41bca5
a5a5afb7
5a5f8f93
49ff5fb3
d0130001
50330155
aa1340b6
2f332040
851900c6
00016dad
7463c121
0f370444
1f7d8000
1fb34f81
0f3769ff
5ffd8000
03ff4fb3
03ef6fb3
5fb34f81
4f8103ff
03ff6fb3
ed338306
8e2a013d
fc514e93
b09c8c13
00e09b13
4d130001
78b36764
d993011a
0f374177
7fc18000
1fb30f85
253329ff
000160b5
8c058c65
002a4c33
0201d6b3
02bca533
02b1f963
40c20033
02bace33
01045a63
a5a5af37
5a5f0f13
1f936fc1
67e149ff
006aa033
405b5193
eaaece17
03d730b3
8db56a99
8a1d8e2d
4f01e115
80000fb7
5f931ffd
e33348ff
10b302a4
a1930220
1833cc4a
8c350289
f8dde593
259beb17
10fd8ea9
7f416c7d
0fb70f05
1f938000
d013680f
563341f3
17930171
a3930185
00011f90
3adee213
86b10001
40d35413
01766533
afb76f41
8f93a5a5
1f935a5f
700229ff
10730001
2ff3340f
3ff33400
20133400
5eb3c6d0
4525008a
03b4ebb3
4859d897
48930300
e913d0af
4e139f66
153316f0
0f3703e6
1f7d8000
5fb34f81
eb130fff
2ab76ccc
859d7cc2
ac49c517
0136e8b3
b8b381de
7f6300a5
97de03c6
0f378c31
7fc18000
7fb30f85
90730fff
00ef3400
80670080
20f30000
ee333400
03130278
000171de
b3b80f37
0170c263
00018e55
013d1d33
012c8f63
af3788ca
0f13a5a5
6fc15a5f
21ff2fb3
017a96b3
90330001
4363037c
e00d0316
0f339092
000102ad
014d7c63
93038d17
0fb74f01
1ffd8000
21ff4fb3
48b52533
03a6e433
01f6a233
03ae85b3
1edc3593
04c55463
3f336149
c0250037
00010001
0f057f41
80000fb7
21ff6fb3
34041073
00009417
90c40413
2223c004
01130024
c07e0084
24234f02
440401f4
2103c404
40040044
34002473
96a62c13
03996db3
01cadb13
03454eb3
ba930209
2333a892
40170034
a393b3aa
94636042
6f410201
a5a5afb7
5a5f8f93
41ff7fb3
1b940a56
0007c633
00e79c13
9670f313
02c52333
2d336155
313301e8
af1301b9
0f37e31f
1f7d8000
6fb34f81
9a7d41ff
418e5f13
25330001
9b63031f
49f9032b
0297bab3
a5330001
96c201aa
80000f37
0f857fc1
41ff4fb3
03bab9b3
40b38d35
8b33033b
cc0502e1
0091a8b3
071b4d63
03199833
033d4333
03c74463
a5a5af37
5a5f0f13
1f936fc1
6161600f
016fc533
01d01b63
04b64963
02c81e33
8d658d25
6c630571
669303f4
4f01ea6c
80000fb7
1f931ffd
9073601f
20093400
004000ef
004000ef
00000097
00c08093
00008067
340020f3
01c64033
a8938441
50334861
c26301a9
59b301ea
85334037
cd09401a
4013de33
0088b033
0f057f41
80000fb7
602f1f93
1ce3c793
02f79833
00b3dcb3
fb635e7d
f2b30249
0d33015a
a2330232
091303f5
821900ff
afb76f41
8f93a5a5
4fb35a5f
25330bff
df6368b5
30b3038f
0001007c
54b7f793
8d2d6de9
8c614251
a818fe13
011b5133
80000f37
4f811f7d
0bff5fb3
407f5e13
e9b34df5
557d014a
6d566a17
00b84e33
c3919e6a
01330d11
0f3741e3
7fc18000
6fb30f85
00010bff
41b60db3
0023dbb3
5d930001
68b300c9
ef3302fe
997d0310
03900863
02d59d63
a5a5af37
5a5f0f13
7fb36fc1
0f370bff
5ffd8000
03ff4fb3
03ef6fb3
5fb34f81
4f8103ff
03ff6fb3
689da213
b0330001
e21300b8
99fd88b8
40c45393
131499fd
16fd0001
0fb74f01
1ffd8000
604f1f93
4bf1008a
46136131
416357f7
553302bf
4e71419a
01029c13
408550b3
face8013
0f057f41
80000fb7
605f1f93
00a59f13
005aa0b3
019210b3
00019d93
7c92e897
0b8802d1
02873033
6ac57a37
6f4180f6
a5a5afb7
5a5f8f93
080f4fb3
34009073
008000ef
00008067
340020f3
03b35db3
039943b3
41cadf33
007c9293
01535013
ad938add
8dfd0359
0a93995e
0f37c8f7
1f7d8000
1fb34f81
417d61ff
64331088
d0330366
3893022d
8f335429
f8630092
843302ce
87e20346
0f378e75
7fc18000
5fb30f85
253361ff
107328b5
2ff3340f
3ff33400
cdb33400
5c130216
86650078
a5b3c801
55330263
e1890381
022a0ab3
4c49c913
02744633
a5a5af37
5a5f0f13
5f936fc1
82dd607f
02b5cf33
00eb3633
009c9393
02b907b3
01531333
015c0133
e463034e
dd930504
4f010078
80000fb7
5f931ffd
0859287f
13e6e193
012fb1b3
7a093d93
00de9e33
03658f33
73330f72
00330148
56370050
7f414ca1
0fb70f05
5f938000
5f63698f
717d036c
035121b3
64baad93
40665413
0f2be113
d016fa93
1920e7b7
02856c33
01ca1833
afb76f41
8f93a5a5
1fb35a5f
9c0149ff
c6630001
000100af
ae338ea6
88b300d9
edb70352
7213e633
717d684b
c968fd97
0120ec33
80000f37
4f811f7d
49ff5fb3
34041073
00008417
4e040413
2223c004
01130024
c07e0084
24234f02
440401f4
2103c404
40040044
34002473
0d6169b5
60996a6d
414b5eb3
05c3d763
00edb633
026f7763
809362c1
0f37c0ab
7fc18000
1fb30f85
616169ff
ad992e93
002b5463
011c1763
018c2933
8ecd8536
e905979e
01e19613
a5a5af37
5a5f0f13
1fb36fc1
5a3329ff
a5b30140
3533028e
28b302ef
138800b1
41fdd033
02bf7563
89090001
c2f07113
0fb74f01
1ffd8000
49ff1f93
08b52533
00ece463
00f16d63
50139b96
611d4138
01dbea33
b6753013
0135c363
44330001
7f41004e
0fb70f05
5f938000
61e548ff
03a18eb3
01855663
c363059a
8ecd01fe
015e9263
007f1013
001b1a13
6f410001
a5a5afb7
5a5f8f93
680f1f93
34009073
00ef2009
00ef0040
00970040
80930000
806700c0
20f30000
10fd3400
03b96563
1f7d9afd
e2958d5d
01e28e33
038b12b3
02085b33
0f378e8d
1f7d8000
1f934f81
823329ff
829302e5
1f7de43f
bdb36939
67a50327
384aba13
edb30001
854e01df
80000f37
0f857fc1
0fff5fb3
008e26b3
416e5993
012ced63
0390d033
ca3bcc13
bcb31f08
f1370182
95b3112a
8ded0299
a5a5af37
5a5f0f13
7fb36fc1
dab30fff
816540d3
412a0933
5c338212
edb34029
23330050
00010216
06ea4563
06719463
0fb74f01
1ffd8000
21ff2fb3
34009073
008000ef
00008067
340020f3
60b3717d
717d022b
01695a63
0a4a8522
25e6e193
066f1c63
030a2033
00007033
0f057f41
80000fb7
21ff4fb3
80000f37
4fb35ffd
6fb303ff
4f8103ef
03ff5fb3
6fb34f81
83ed03ff
01699013
411607b3
004f1b93
2833c50d
8e330150
66630259
8ed503b5
004a1ab3
afb76f41
8f93a5a5
6fb35a5f
553321ff
e3b30eb5
0d940004
d1b38db1
67630246
8e4902a9
03548133
03fd5063
78b78d29
0f374ce8
1f7d8000
7fb34f81
823341ff
6a910228
0a0f8097
f1e8c793
01f98863
89798ed5
02d2e463
c6682593
0f378461
7fc18000
6fb30f85
ec3341ff
83dd0214
00d55463
0177b233
02b18363
49635afd
63130248
fd13b404
e133fddd
af370282
0f13a5a5
6fc15a5f
41ff4fb3
a6b3090e
741301f9
c5b941ad
02874963
2e54a293
d62ee913
01620bb3
0004b833
4f01817a
80000fb7
1f931ffd
1073600f
2ff3340f
3ff33400
8cb33400
4b63031e
8d550381
eb339a7d
81510021
024d0263
3849ab13
00d75113
04dfce13
0f057f41
80000fb7
601f1f93
e638c413
00204663
004751b3
987d1d7d
038093b3
6d61929e
1b63c131
6f41006d
a5a5afb7
5a5f8f93
602f1f93
02cf6b13
4a378595
e6b39b0c
b693028f
61296c5a
c9130a00
8033c0b3
890101a0
80000f37
4f811f7d
0bff4fb3
00c43e33
1ee77d13
5a330001
93630375
62150110
ba338801
803703fe
96a676f2
80000f37
0f857fc1
0bff5fb3
0eb51533
62236913
01811b93
02b418b3
00fe0663
693309e9
5c7d0190
0ec647bd
af378db9
0f13a5a5
6fc15a5f
0bff6fb3
34041073
00008417
0d040413
2223c004
01130024
c07e0084
24234f02
440401f4
2103c404
40040044
34002473
01045b63
00dd65b3
02d91463
d2331990
b8174078
9c63f948
5a330278
89b3419c
88060262
0fb74f01
1ffd8000
0bff7fb3
5e8c2d93
000497b3
0bbbbd37
03ebd233
a2338d55
9a9303ad
559300fd
99b341f6
9093022e
7f41002c
0fb70f05
1f938000
0001604f
006d0b63
8ecd9d62
5f230093
4176d093
fd638d7d
581305a0
d96340bf
6f4100d6
a5a5afb7
5a5f8f93
605f1f93
99639afd
6a630032
b133023d
cc330274
8555023f
03458863
01208263
405e5013
0f370001
1f7d8000
4fb34f81
8ac5080f
002b9913
6033095e
85330308
00010353
022728b3
559a4513
66114a1d
80000f37
0f857fc1
61ff1fb3
34009073
008000ef
00008067
340020f3
34009073
00ef2009
00ef0040
00970040
80930000
806700c0
20f30000
63333400
842600e8
41bc57b3
019939b3
02bb9c33
1a938d25
101300bd
003300de
6db30194
af37019a
0f13a5a5
6fc15a5f
61ff5fb3
f1d32c13
08b31388
9e7a03b5
002bd013
40c70e93
022e5063
103306dd
8d7501bd
0fb74f01
1ffd8000
607f5f93
60b51513
717d6e69
f808f093
ee910e41
0327ed33
02ad62b3
00010001
7f419afd
0fb70f05
5f938000
e033287f
566300f6
8ea10270
8ae5c191
3013e60d
e2337ae1
82d1020f
003551b3
afb76f41
8f93a5a5
5f935a5f
5893698f
829740da
9ab3bd1a
e5330218
8d0901d4
717dc129
c03387c2
70130373
0f372b2f
1f7d8000
1fb34f81
0f3749ff
5ffd8000
03ff4fb3
03ef6fb3
5fb34f81
4f8103ff
03ff6fb3
099e41f1
a604c013
000a4033
6e111cfd
026698b3
02a66763
05576263
ca600013
80000f37
0f857fc1
49ff5fb3
b4533013
0db35cfd
b0330302
90fe0009
0047d233
8e338fd9
1693023e
f2630159
af370575
0f13a5a5
6fc15a5f
69ff1fb3
00011394
017e6a63
c28d717d
011f1793
03ed0463
0292be33
01772a33
9cc4bd13
0fb74f01
1ffd8000
29ff1fb3
02a1eeb3
000198fa
03ca83b3
03785363
80868d31
4063cc01
8131031d
0f057f41
80000fb7
49ff1f93
d6bd4793
824a829d
d9930001
97d24068
b77ec693
f1639afd
e0630331
6f410200
a5a5afb7
5a5f8f93
48ff5f93
340f1073
34002ff3
34003ff3
8df98ee9
41645193
11f03e93
406d6013
fca08193
01b98233
35338e91
df6302cc
0f3701de
1f7d8000
1f934f81
0001680f
01e95d63
8ceac013
00f49213
1263008a
41930157
bb13a80d
8c01d2f0
0258e5b3
80000f37
0f857fc1
29ff1f93
00969a93
4c63945e
60330160
bc970072
6b63731f
867d0249
30138ed5
b6b3cf1a
af370273
0f13a5a5
6fc15a5f
0fff5fb3
00e285b3
4065deb3
0f336aa9
8f3601d4
00571b13
1715ae93
01689093
02ba9333
00506a63
0fb74f01
1ffd8000
0fff7fb3
41df8f33
06cc6063
60338805
6db30318
3bb301ba
e2630319
1e080492
8b938dc9
7f417498
0fb70f05
2fb38000
107321ff
84173404
04130000
c004cc24
00242223
00840113
4f02c07e
01f42423
c4044404
00442103
24734004
10133400
127d00fd
01acd993
03149633
eeb7858d
0001c04e
5eb38ea9
85660353
afb76f41
8f93a5a5
4fb35a5f
907321ff
00ef3400
80670080
20f30000
90133400
503700dc
dbb3f34a
8ec50391
0249c6b3
407b5b13
659350fd
567d3c17
00061833
80000f37
4f811f7d
21ff6fb3
0292e0b3
88020597
005dd1b3
01a275b3
8d331d7d
86330236
2f3300ed
e28d00ef
0f3785a1
7fc18000
7fb30f85
e3b341ff
867e00cf
02815233
851d0001
08ef4c13
0162d213
01715033
1f370b93
af37547d
0f13a5a5
6fc15a5f
41ff6fb3
25b34331
82ca0380
001242b3
0177d313
8d718d69
01308b33
01c5ab33
9cd8d1b7
0fb74f01
1ffd8000
41ff4fb3
34009073
00ef2009
00ef0040
00970040
80930000
806700c0
20f30000
85333400
5c93022d
16b34109
2293029f
b593e27f
80ee3d72
0141d233
00016305
e2d33e37
0f057f41
80000fb7
600f1f93
01e54a63
3bade637
020c31b3
02f83033
037ad433
01211463
02155163
8dad9446
022a9ab3
afb76f41
8f93a5a5
1f935a5f
c993601f
4eb331c1
82b300ec
b0b3004f
58330032
0dad0236
449372b7
00e223b3
e0638211
0f370212
1f7d8000
1f934f81
0d5a602f
e60d0001
81f9c405
9bba7293
8c610001
747b8013
0f378e65
7fc18000
4fb30f85
75130bff
6f31598f
00ca65b3
02ccc333
de3bbb93
96b3938e
997d01bc
025200b3
af37ec0d
0f13a5a5
6fc15a5f
0bff5fb3
80000f37
4fb35ffd
6fb303ff
4f8103ef
03ff5fb3
6fb34f81
e5b103ff
5e769337
03a85ab3
92b300a9
02630019
466300bb
4363059c
f693030d
8d95833e
0fb74f01
1ffd8000
0bff6fb3
86898c2d
006f4263
03e75333
0072a833
40b50033
e689b697
64630086
82ed0302
0f057f41
80000fb7
0bff7fb3
018a5693
b5335f7d
0f3302e2
446341f6
529302f8
161301c2
3b13000b
0001c0ed
6f418d25
a5a5afb7
5a5f8f93
604f1f93
02e03cb3
8d296b31
003c6533
c117190c
6c131d68
b1b325c9
83370198
29130bc2
0f37be07
1f7d8000
1f934f81
2d33605f
631303bc
81f17828
6b858c71
8d558e2d
e7f9ae13
00b6a033
03761ab3
80000f37
0f857fc1
080f4fb3
340f1073
34002ff3
34003ff3
ef338961
0001021b
42138c31
8469cf5c
039cddb3
03fa2033
021fe033
00b93333
a5a5af37
5a5f0f13
1fb36fc1
903361ff
9e660152
d263717d
18130497
58b3002b
02ee0240
541369e1
82e500d3
0fb74f01
1ffd8000
61ff5fb3
34009073
008000ef
00008067
340020f3
ff36fb17
ac408093
4b638e39
61b3019c
587d0096
40735e93
01199a93
004b12b3
031eb833
0f057f41
80000fb7
607f5f93
03420a37
0111d833
01a64e33
79742e13
038cc633
d6b66413
7bd17993
f8638e29
0cb3067f
6f4140cb
a5a5afb7
5a5f8f93
287f5f93
45330001
8d2902da
2a96b013
5a33060e
59b302cf
0dbe0155
cdb38d49
0f370067
1f7d8000
5f934f81
1073698f
84173404
04130000
c0048a64
00242223
00840113
4f02c07e
01f42423
c4044404
00442103
24734004
06b33400
126341c1
8e8d00f2
00d4f763
5d938d61
203341a2
c43702ea
7b93af3b
d5339f46
0f3740be
7fc18000
1fb30f85
fa6349ff
e963027b
8e790171
63b1c913
416c06b3
eb852013
03940f33
00417293
02bd5333
02358033
a5a5af37
5a5f0f13
5fb36fc1
8e2949ff
01c6c963
f363e505
061e0101
6993cc11
86da4c4c
0237c033
037d6233
0fb74f01
1ffd8000
69ff1fb3
88ca8d29
bf336179
00b600b4
011b8463
001d4bb3
024a18b3
02870233
7f4107d6
0fb70f05
1fb38000
9e6329ff
459301d0
64633559
903300b3
603303a9
d063037d
bdb3043a
f8b30339
816900de
01968ab3
afb76f41
8f93a5a5
1f935a5f
907349ff
20093400
004000ef
004000ef
00000097
00c08093
00008067
340020f3
9ab39a3e
0b8d036f
af988193
400d5213
01672133
ae39fd93
ce9182a9
40b5d993
80000f37
4f811f7d
48ff5f93
00010001
fd938d2d
86f1c70d
0048a933
88338d71
7e334048
04420052
80000f37
0f857fc1
680f1f93
dc938fbd
80130109
b0338e8d
5cb301e4
361302ea
e9632d5a
523303b0
00010322
020b4f63
a5a5af37
5a5f0f13
1f936fc1
8d3529ff
0173ddb3
8eed80ae
a103e013
40e16531
41c65d33
a4139b4a
4f018a05
80000fb7
5fb31ffd
31330fff
89dd01a3
18639b96
9f6301cc
e0330381
023302e2
82a902f7
21b30001
7f41036b
0fb70f05
7fb38000
0f370fff
5ffd8000
03ff4fb3
03ef6fb3
5fb34f81
4f8103ff
03ff6fb3
02db6863
11757b93
00ddba33
034d1e63
00018562
0369b2b3
00fed013
001b7e33
6f410001
a5a5afb7
5a5f8f93
21ff2fb3
53638ea9
07880067
407101b3
0227a0b3
e79d6139
5a7d8ec1
6aee0c13
80000f37
4f811f7d
21ff4fb3
01684933
6793ee01
1c338151
043303aa
89f24022
00c91293
03ed1d33
011c5cb3
0f37e635
7fc18000
6fb30f85
907321ff
00ef3400
80670080
20f30000
ddb33400
e59302da
4c638e87
ed13010a
0993e20c
d8334331
0b0801cf
c3b389fa
06b30195
af3701da
0f13a5a5
6fc15a5f
41ff7fb3
d0b38d75
10334134
ae13002d
c013901b
fd6358d4
0001037e
42e2c093
4f130a0c
4f011f4b
80000fb7
6fb31ffd
107341ff
2ff3340f
3ff33400
05933400
8d15f05a
41980033
03344d33
28b86c93
9910bf13
84469846
01340cb3
7f4190b6
0fb70f05
4fb38000
c91541ff
30138425
86a24ce6
01937263
41aa0033
f1338135
99b300f3
0f760116
afb76f41
8f93a5a5
1f935a5f
8033600f
269740df
ce937c9b
09da3066
45847037
8eed6125
006b7cb3
03d10933
0108ed63
80000f37
4f811f7d
601f1f93
41665ab3
8d938d71
e39d8da4
51fd8db1
02f03d33
39b30001
d01300a9
0f374050
7fc18000
1f930f85
09a9602f
9afdc981
01d39e13
8675ba93
c5318219
5e638846
a3330488
af3700bf
0f13a5a5
6fc15a5f
0bff4fb3
34041073
00007417
4a040413
2223c004
01130024
c07e0084
24234f02
440401f4
2103c404
40040044
34002473
9793ea85
0db30055
8c490013
c1507013
02576433
52336ca5
3d134029
d7b3738c
4f01027c
80000fb7
5fb31ffd
86d10bff
e1110914
1f3361d5
a193011a
8976c370
08e3e993
75cac213
7f4160cd
0fb70f05
6fb38000
d5970bff
7a138433
17b3dca1
30930217
81b581f8
0111ff63
03ead933
c90947d9
6f4186d5
a5a5afb7
5a5f8f93
0bff7fb3
8d9dc919
035c5cb3
886385d1
0bb3074b
30330341
353303f7
4e3301a0
d033005f
0f37036d
1f7d8000
1f934f81
9833604f
bc97034c
e19947ab
5516ab13
3f3340fd
60b103ad
40b989b3
cd88cb13
00fb1e13
80000f37
0f857fc1
605f1f93
34009073
00ef2009
00ef0040
00970040
80930000
806700c0
20f30000
717d3400
b206a013
00499e33
03ac1663
0213d633
002d93b3
fd83ce13
85638535
533303f4
af3702a3
0f13a5a5
6fc15a5f
080f4fb3
03245a63
00ba9293
03d3ec63
e6110001
00ab9013
7c7ccd37
59130388
613141b8
0fb74f01
1ffd8000
61ff1fb3
009fa833
007226b3
00688133
02d739b3
037e9d33
01c126b3
5d6381d1
9db300a7
00010208
0f057f41
80000fb7
61ff5fb3
717d0001
007a4363
c0b34ba5
756300ea
503308fa
48b3402c
653700a7
6b638788
6f41023e
a5a5afb7
5a5f8f93
607f5f93
34009073
008000ef
00008067
340020f3
db3389de
1917011f
997dac3d
0029df13
40d3df33
41e28633
0343e533
02ae8033
6d778113
80000f37
4f811f7d
287f5f93
80000f37
4fb35ffd
6fb303ff
4f8103ef
03ff5fb3
6fb34f81
4eb303ff
03330040
00d90185
1bc0b593
8d3581b5
beb38615
90e603bb
035e1a33
80000f37
0f857fc1
698f5f93
bab3198c
201301f4
2833f37a
50fd00c6
f163c685
d2630315
559300ec
1988419a
a5a5af37
5a5f0f13
1fb36fc1
923349ff
0001029f
005c5093
9ed60001
a1054d13
8c098c71
b329e213
02369c33
0fb74f01
1ffd8000
49ff5fb3
019566b3
de58f613
a033613d
197d0060
6a63cd81
0311039b
717d80a2
0f057f41
80000fb7
69ff1fb3
fed12d93
006026b3
0328c6b3
07c04263
000ef863
02a8e863
9cb38c55
018800ca
24813513
afb76f41
8f93a5a5
1fb35a5f
107329ff
2ff3340f
3ff33400
13103400
5a2ff413
5f630393
9813157d
9a7d00e2
412f5013
5006f793
69b361fd
0f370277
1f7d8000
1f934f81
223349ff
e59501bf
04639f0a
5bb30019
54330111
80334030
823a03e7
0267c533
0f37996e
7fc18000
5f930f85
af3348ff
9a33017c
e411018a
c2918d35
81268e6d
8405717d
af370001
0f13a5a5
6fc15a5f
680f1f93
15e37e13
00cf8b63
466301ce
90be0363
46b38229
82c1014f
96868d31
0fb74f01
1ffd8000
29ff1f93
9a7d8e75
cb3356fd
25330373
9b630143
69dd0478
01f4df13
09936111
7f419a85
0fb70f05
5fb38000
10730fff
74173404
04130000
c0040a64
00242223
00840113
4f02c07e
01f42423
c4044404
00442103
24734004
0db33400
717d415c
01f425b3
161080c6
c7b38ee9
79930370
b8b386a9
8ee10112
afb76f41
8f93a5a5
7fb35a5f
0bea0fff
0339a933
e0ec4313
035fc933
01d01463
12d70093
ec987b13
85790001
0008c133
80000f37
4f811f7d
21ff2fb3
03cfdb63
8cc08893
42638ec9
f2630348
c83300e5
987d007c
02b65833
0bb3842d
0f37411a
7fc18000
4fb30f85
8e7921ff
9413c991
5cb30010
5bb341a2
e99d0105
08d30593
5c78f993
ae16a993
dce74ab7
a5a5af37
5a5f0f13
6fb36fc1
85b321ff
147d02e1
01af7463
00031d93
8bee7293
0366eab3
91128c09
024da033
4f018ead
80000fb7
7fb31ffd
907341ff
00ef3400
80670080
20f30000
90733400
20093400
004000ef
004000ef
00000097
00c08093
00008067
340020f3
aa27b293
01ecda13
01e2d813
01bba533
f80be013
30650337
02f32db3
a1336c91
8d99026c
0f057f41
80000fb7
41ff6fb3
a59e6393
c6994095
d3338561
00010376
8b03b813
982a098c
6f41997d
a5a5afb7
5a5f8f93
41ff4fb3
033e0f63
022f3bb3
406fd233
00018dc5
01629013
ec482e93
23468f13
6d338105
0f37021b
1f7d8000
1f934f81
0001600f
696912fd
01634db3
fb138932
80b7bb87
4c937fc7
9c9318e3
45970106
0f378c3b
7fc18000
1f930f85
4bb3601f
41b302fb
de130206
8d454168
00f89593
7e630e61
67b303f0
c1a90398
030a28b3
a5a5af37
5a5f0f13
1f936fc1
0f37602f
5ffd8000
03ff4fb3
03ef6fb3
5fb34f81
4f8103ff
03ff6fb3
0033821d
cb3340f2
8ef90139
023f8633
413b0633
0ab38d11
e33302cd
0f130381
4f0134fc
80000fb7
4fb31ffd
fb930bff
4413926a
6669e88b
80aac905
d06b3913
0399d433
01adcd63
01bb99b3
7f4100aa
0fb70f05
5fb38000
52130bff
e00901f0
03cf13b3
00010001
03df2d33
00365c13
02a66d33
014de6b3
6f410001
a5a5afb7
5a5f8f93
0bff6fb3
d813ec09
bf3300df
8b63038c
6133010e
f0170025
aa136341
23b3dd8f
0001030c
0f370288
1f7d8000
7fb34f81
85550bff
36b38679
86c10300
02e08ab3
08b366d5
6eb30168
06b30085
d43300b2
0f3700b6
7fc18000
1f930f85
1073604f
2ff3340f
3ff33400
06893400
dd3bcd13
72638d35
456302d3
0001002d
814582e2
63f2a013
af3709fa
0f13a5a5
6fc15a5f
605f1f93
f793829a
0233f93e
8e490004
03954863
87b301d5
7793039f
0714c57a
4f01c68d
80000fb7
4fb31ffd
57fd080f
4168ac93
0282b133
033c6033
1a080a90
00af0363
12638fc9
813900e0
0f057f41
80000fb7
61ff1fb3
28b3c815
531303a9
7b1300c3
8c35d7f6
82b18516
08528063
cdad4813
004ad913
afb76f41
8f93a5a5
5fb35a5f
063361ff
00014109
415280b3
0d289a37
013517b3
77751537
8f665c7d
015735b3
41345833
80000f37
4f811f7d
607f5f93
34041073
00007417
ca440413
2223c004
01130024
c07e0084
24234f02
440401f4
2103c404
40040044
34002473
e7bd41b7
01f80763
409d0033
01f46963
eeb38c55
f433013c
0633002b
1a134196
419300cb
0f373c53
7fc18000
5f930f85
9073287f
00ef3400
80670080
20f30000
58333400
df134052
e11341bb
99b30e55
055601c5
02ea5d63
0136e9b3
02c06863
010f71b3
01bf63b3
a5a5af37
5a5f0f13
5f936fc1
bab3698f
dd130004
854d4091
43413093
ca399e0a
6efc3393
0132997d
71ba45b7
0fb74f01
1ffd8000
49ff1fb3
25338521
fa6302fb
a4330053
5f33024e
01884020
3fb84093
8d338ef5
6f630120
7f4105e4
0fb70f05
5fb38000
e43949ff
ab3eea13
05be4463
40ebdd13
01a1d363
d1b30d10
00010041
0107ef33
01ab47b3
afb76f41
8f93a5a5
1fb35a5f
907369ff
20093400
004000ef
004000ef
00000097
00c08093
00008067
340020f3
009b52b3
01271a63
c0338e35
8d090219
40d48ab3
00042b33
017bf433
00bbbb33
0f37717d
1f7d8000
1fb34f81
8d8d29ff
01b61db3
43b38e21
559302b0
809341c2
50339e08
cd1702c9
c4333148
81b301f3
0f370233
7fc18000
1f930f85
8e5549ff
019cd3b3
d613046e
8ef50052
00dab933
021ad633
cc110c12
03c5c163
a5a5af37
5a5f0f13
5f936fc1
f83348ff
6a630017
019300af
8f85ff0d
8d2de191
dd930261
0001015f
0333e063
0fb74f01
1ffd8000
680f1f93
008e5b63
887de011
8d6d8249
40f5d633
acddbd93
cc938d49
1588dcd6
0f057f41
80000fb7
29ff1f93
80000f37
4fb35ffd
6fb303ff
4f8103ef
03ff5fb3
6fb34f81
000103ff
0127d213
8d290001
abb38e2d
12130028
8a8a0068
0264e233
01b65b33
afb76f41
8f93a5a5
5fb35a5f
53130fff
615d41c7
9d628a86
3fcd2237
03cafa63
d26352fd
0193030f
82b39b6e
0f374192
1f7d8000
7fb34f81
82330fff
2d37017f
ea8d75ff
0c948839
f22aae93
03238a33
03ec2a33
01c37c33
03b20033
80000f37
0f857fc1
21ff2fb3
00c80763
01a2db13
60e981f9
f0130001
4263092e
0a3302d6
6ab302af
8059016a
a5a5af37
5a5f0f13
4fb36fc1
beb321ff
7813017c
cf1306fd
68195266
a0338289
e0130350
d53363a0
e2094152
028c88b3
0fb74f01
1ffd8000
21ff6fb3
340f1073
34002ff3
34003ff3
01197c63
646390a2
73930393
00012225
015ff933
9afd611d
8c698ef1
0f057f41
80000fb7
41ff7fb3
01908c33
6c638ed5
4c9302dc
5db3326f
f413416d
50fd6d33
d6b381a9
ea0d4041
afb76f41
8f93a5a5
6fb35a5f
907341ff
00ef3400
80670080
20f30000
09ca3400
b1b30131
aa13032b
0ab36b54
82d54128
0397e163
09be834a
004b7cb3
80000f37
4f811f7d
41ff4fb3
038816b3
02cbe963
5f13127d
40134026
bf33fec2
cb6301d7
70630212
79630211
00010168
80000f37
0f857fc1
600f1f93
01291113
8d29717d
ab338e55
0a1302c8
82e1c20f
02ecd3b3
41245613
af37c531
0f13a5a5
6fc15a5f
601f1f93
34041073
00007417
88c40413
2223c004
01130024
c07e0084
24234f02
440401f4
2103c404
40040044
34002473
00f70a33
01af4ab3
d6330166
8c1540b9
00010001
dbeb87b7
03ce4833
935de293
0fb74f01
1ffd8000
602f1f93
41335913
5310a293
01dcf363
bdb38c71
2a13030e
a213e476
0505b5b4
02cb5463
7f419e16
0fb70f05
4fb38000
2eb30bff
f4330238
c913006e
90925f61
36a7ee13
036781b3
0161c6b3
411edb93
44836037
6f418ef1
a5a5afb7
5a5f8f93
0bff5fb3
001843b3
0180d463
763e7793
9d3382b1
5f330099
503302f3
1c14419d
01b0ce33
0f378806
1f7d8000
6fb34f81
9cb30bff
ea1300f9
6b331c95
8c490183
8d4d03ba
ca9d8e89
9e63ea85
0f37038c
7fc18000
7fb30f85
90730bff
20093400
004000ef
004000ef
00000097
00c08093
00008067
340020f3
00c15033
5f6a0e13
40f40bb3
00e28d29
88b38ea9
1a330047
48330363
551700ff
af37a6a4
0f13a5a5
6fc15a5f
604f1f93
01c41bb3
022aaeb3
16253013
057e1b63
03a01233
ca462893
535fc213
00435f63
ea720217
4f018ec9
80000fb7
1f931ffd
1eb3605f
43330289
8d5103d3
81a20c22
29b38ec9
9afd0307
cbb38d55
7f41011d
0fb70f05
4fb38000
6e63080f
51b303b6
526301dd
9df20075
07947763
07a7c793
033dd5b3
0208d633
004ba033
412a0433
afb76f41
8f93a5a5
1fb35a5f
c79361ff
da63b152
d033017f
309302d2
90b35883
85390052
8de9e529
04c57d63
02845d63
80000f37
4f811f7d
61ff5fb3
80000f37
4fb35ffd
6fb303ff
4f8103ef
03ff5fb3
6fb34f81
c69103ff
e0338ec9
e793007f
5263b3f5
0001025b
8533e795
47634157
c0630211
0f370313
7fc18000
5f930f85
c289607f
56138d91
cab74083
a7b333fc
0ae9034d
06190013
033deb33
00abb633
dd5fc593
a5a5af37
5a5f0f13
5f936fc1
49b3287f
00010333
01315033
239350fd
913381ca
5b330038
8d0902f5
8aaec91d
0fb74f01
1ffd8000
698f5f93
34009073
008000ef
00008067
340020f3
01afd113
00cdb633
00018d31
2be67213
0001809e
40d98d75
03d120b3
0f057f41
80000fb7
49ff1fb3
002e9c63
85b30890
e9014029
00755bb3
037955b3
00e1dd13
df1389a1
8291405e
afb76f41
8f93a5a5
5fb35a5f
107349ff
2ff3340f
3ff33400
ddb33400
8d914068
018fd263
41f1d393
397dee13
88220a93
41185e93
03a06eb3
71378eed
0f374490
1f7d8000
1fb34f81
22b369ff
4cb30003
aa1302a9
00014a39
407201b3
ceb38e6d
36930340
8d559611
0f3786b5
7fc18000
1fb30f85
953329ff
92930264
b51300a6
c5098d89
891185f9
02a0b5b3
03732233
2a13e811
af37bef2
0f13a5a5
6fc15a5f
49ff1f93
01ba9e33
02a613b3
00705393
8f9bb813
4e331a94
1f630243
903301d4
5213035f
1908000f
0fb74f01
1ffd8000
48ff5f93
01ca4bb3
41d25313
0073db13
547d8d05
00f133b3
8ec58ee5
1b138fd1
7f410087
0fb70f05
1f938000
1073680f
64173404
04130000
c00447e4
00242223
00840113
4f02c07e
01f42423
c4044404
00442103
24734004
ea853400
19809afd
8f130001
85759d35
020bd033
a4136169
c337a2cb
6f413a78
a5a5afb7
5a5f8f93
29ff1f93
41a65133
b0138df1
93636885
8e3100f3
8ef10001
a0330001
8dd50396
80000f37
4f811f7d
0fff5fb3
931360f9
5013012e
8a564118
636385ad
22b30315
1a6301bf
4693033f
46b368ec
0f3703bd
7fc18000
7fb30f85
d5630fff
8e650188
00018e25
02b2c033
02bedf33
02e44d33
062e1263
3bb38d75
af37011f
0f13a5a5
6fc15a5f
21ff2fb3
85311288
00273633
039d5433
0001fa33
df330001
b533025a
c09303c8
cf333d2d
4f0102fe
80000fb7
4fb31ffd
907321ff
20093400
004000ef
004000ef
00000097
00c08093
00008067
340020f3
034e81b3
009f8a63
00cac5b3
00aef963
83330001
9afd02e6
01366133
05c18ead
0f057f41
80000fb7
21ff6fb3
4064de33
40928033
b630c913
fe59fa37
01ad4363
0033128c
a99300f9
f9936987
47c5c810
afb76f41
8f93a5a5
7fb35a5f
8aad41ff
cfb6b593
40275533
01e79a63
91628ef1
1665fb13
41185a13
00dc3bb3
03b5dc33
80000f37
4f811f7d
41ff6fb3
36057e93
03640233
04920363
169386a9
14330168
852d0116
01cf59b3
007c9e93
0f378ef2
7fc18000
4fb30f85
907341ff
00ef3400
80670080
20f30000
deb33400
7cb341df
0c130037
16333285
8c4903a6
0196da93
01c353b3
00003833
5b9309ca
af374179
0f13a5a5
6fc15a5f
600f1f93
80000f37
4fb35ffd
6fb303ff
4f8103ef
03ff5fb3
6fb34f81
f96303ff
08330313
e8634162
a41303e2
8dc544e3
03438463
00874463
01cf7533
04e18663
00dc3f33
0fb74f01
1ffd8000
601f1f93
00ebe9b3
8d6595ee
eb138e6d
7e331e94
d8b30142
6a934077
009a2217
7f418d49
0fb70f05
1f938000
8233602f
ca63007f
181402bb
008e9d13
02c49563
03c9e863
028ed7b3
023a7463
002a5413
6f41c385
a5a5afb7
5a5f8f93
0bff4fb3
70176165
1433d310
d2330343
000102fa
004f6263
00241693
f0638e65
c28507d4
80000f37
4f811f7d
0bff5fb3
02e6d3b3
00e0d793
8e998d29
1e336545
d263020e
c7b304c3
ddb3034e
68b303c7
0f370071
7fc18000
6fb30f85
10730bff
2ff3340f
3ff33400
c5113400
728b4a93
0342c463
2db30294
8c710184
aa33956e
db33023c
5d9341b7
af374140
0f13a5a5
6fc15a5f
0bff7fb3
f1087437
0e05ca05
016dd013
8a63e19d
0e1403bf
02104db3
2a1da913
c857e3b7
0fb74f01
1ffd8000
604f1f93
013fc363
0e9e00de
20131294
4263472e
d9b301f3
8dd101e0
03dd1363
01dfd7b3
0f057f41
80000fb7
605f1f93
005ddb13
4be8ad93
903307f1
199303dd
53130098
0d88011e
0059c463
18618b13
03efe263
afb76f41
8f93a5a5
4fb35a5f
7097080f
8eb1d23a
003d0833
9513717d
0001005b
fa330001
e6a901fd
02fe4433
80000f37
4f811f7d
61ff1fb3
34041073
00006417
06c40413
2223c004
01130024
c07e0084
24234f02
440401f4
2103c404
40040044
34002473
9e638d25
d7b30113
8dd1025e
0eb38909
a393005b
9293c896
58930008
f033415b
0f370002
7fc18000
5fb30f85
09ea61ff
51b38d31
4bb30286
6b1300fd
e7b3508c
010000cf
019299b3
02aa7163
af370001
0f13a5a5
6fc15a5f
607f5f93
015220b3
019768b3
50b60313
8c295afd
02069033
01c75e63
01a7d033
05b55163
03c3f763
0fb74f01
1ffd8000
287f5f93
02d2cbb3
41a5dd93
7c55a013
0bd28f66
02f312b3
4fec0413
89338aad
596302ee
7f4103e0
0fb70f05
5f938000
e633698f
8d6301a4
fa6301c1
33b30649
703300ab
bdb3000f
ab9703a1
8d31a640
01473033
02ba0e33
afb76f41
8f93a5a5
1fb35a5f
907349ff
00ef3400
80670080
20f30000
90733400
20093400
004000ef
004000ef
00000097
00c08093
00008067
340020f3
01821533
6e13089c
167d71f4
006c9b33
30ecf413
0039cf63
0b638d05
0e33049f
0f3741fb
1f7d8000
5fb34f81
1cfd49ff
50b38d61
01aa41bc
30330001
d6130285
c8934140
f1b35b87
831a00cf
80000f37
0f857fc1
69ff1fb3
f4630bc2
4463018b
826301c8
ae970085
082a74b8
03f7d333
417151b3
03ddca63
01ffceb3
a5a5af37
5a5f0f13
1fb36fc1
163329ff
1bb30398
99b30071
717d0314
00499d13
03845563
1c58af13
8e810001
4f018e95
80000fb7
1f931ffd
086349ff
39330107
8cb302f5
85e14157
3593616d
1c1315da
0c6300aa
0bb303bd
87b3004f
7f410245
0fb70f05
5f938000
0f3748ff
5ffd8000
03ff4fb3
03ef6fb3
5fb34f81
4f8103ff
03ff6fb3
3b41ed93
0b638d71
6193009b
688dbcef
00605263
41dd5413
03025163
01d06f33
46c46b13
afb76f41
8f93a5a5
1f935a5f
07b3680f
023300e9
3e9303fa
8d15e1e6
016eac33
0359f263
86b18d69
40598033
0f378141
1f7d8000
1f934f81
1d7d29ff
00f3d7b3
00ca0a63
09331b1c
852102dc
03328bb3
019e9463
03ea8033
0f378e59
7fc18000
5fb30f85
81c10fff
0307e963
026e5a63
011dc433
00019a7d
50c9f093
016e2233
49a582a5
a5a5af37
5a5f0f13
7fb36fc1
15900fff
b1131b14
9b1a7230
031a56b3
83938d0d
717dee90
008c9bb3
05100363
0fb74f01
1ffd8000
21ff2fb3
340f1073
34002ff3
34003ff3
007a9363
717d8fb5
d01382e9
8429018c
01c31013
8e8d8d2d
7f418d31
0fb70f05
4fb38000
716321ff
8d3305df
d99302ba
980e00d3
009192b3
41e55693
8acd8d15
01dd85b3
6f41ce99
a5a5afb7
5a5f8f93
21ff6fb3
daf12c13
0bb38d65
46334063
3413027d
0112a385
006338b3
203351fd
867900eb
80000f37
4f811f7d
41ff7fb3
00b7c033
acb30695
00d1030b
2d3386fd
c2050218
0c4da893
158a2a13
014efa33
80000f37
0f857fc1
41ff6fb3
ed6380ee
02b30092
2ab301ee
d6b30044
c093402b
00013107
10482d37
e9bc3913
af37ed2d
0f13a5a5
6fc15a5f
41ff4fb3
34041073
00006417
c5c40413
2223c004
01130024
c07e0084
24234f02
440401f4
2103c404
40040044
34002473
f8338d2d
52930010
6941404b
3f33e419
923302d2
be3302f3
e2890032
4f01ca05
80000fb7
1f931ffd
9073600f
00ef3400
80670080
20f30000
87633400
55b30297
87630128
00010167
4e0e0613
414c5b33
8ead6689
a6128017
e6fb0013
0f057f41
80000fb7
601f1f93
03a3d933
00fb4e33
410dd033
64638c6d
d033020c
717d40f4
40c45bb3
ba33c905
6f4103c8
a5a5afb7
5a5f8f93
602f1f93
a1930001
8029bb56
025d3233
40cad393
8e098dad
4d49f793
41eb8433
0f378d95
1f7d8000
4fb34f81
03ae0bff
a687ea17
0252ddb3
00018295
e24da793
05f8d263
012bb633
400cda13
e654e413
80000f37
0f857fc1
0bff5fb3
34009073
00ef2009
00ef0040
00970040
80930000
806700c0
20f30000
70133400
9f13db3d
66750051
5db3c019
896d417d
04f10e63
03db4063
4f7167d1
a5a5af37
5a5f0f13
6fb36fc1
28330bff
000100b3
00018d09
785e6813
039446b3
325d8c93
03448263
021b8963
00fdf5b3
0fb74f01
1ffd8000
0bff7fb3
00155033
74300393
c13ee013
01e8c463
201d3b13
9cb3853d
0e1302c5
f013a5bb
41b3580e
7f4100b8
0fb70f05
1f938000
90e2604f
0230e5b3
48338e95
341302f9
6c65ae4f
97b38ded
07f10266
412107b3
afb76f41
8f93a5a5
1f935a5f
ddb3605f
6885015b
04b0c263
b9338f5e
12b3021a
70930194
bdb308e2
f5b703df
09338aa7
0f37412f
1f7d8000
4fb34f81
0f37080f
5ffd8000
03ff4fb3
03ef6fb3
5fb34f81
4f8103ff
03ff6fb3
006fa5b3
02051eb3
8a3360ed
07b300f0
01334106
dbb34051
d9b30174
0c080067
415f5193
80000f37
0f857fc1
61ff1fb3
02b1bf33
207dc837
a033846d
a0330398
69630083
59b3036e
4e634035
d6b3041f
8eed024c
a5a5af37
5a5f0f13
5fb36fc1
61b361ff
47630151
f4130080
40171f02
0606802f
8eb98d4d
f2b3c19d
0d1300d4
4f01cda9
80000fb7
5f931ffd
cf33607f
c6330088
8d330258
eab30307
85330396
5693016d
8d9541fb
a54a6c93
d2b34be5
7f410088
0fb70f05
5f938000
02b3287f
e233400f
000102c8
34e0c293
02c62e33
4c138e25
997d65bf
5447b593
0136aeb3
afb76f41
8f93a5a5
5f935a5f
1073698f
2ff3340f
3ff33400
8d313400
99638e2d
951301fd
56fd0109
00c28d35
41190533
98da8c21
80000f37
4f811f7d
49ff1fb3
01838533
418c8833
005b5233
b033717d
fa130163
876352ec
000103c3
0001ca05
80000f37
0f857fc1
49ff5fb3
34009073
008000ef
00008067
340020f3
0c81bc13
007a4d33
41d000b3
026d8763
00c2aab3
c6b385c9
1ab30394
6141020a
af37ea89
0f13a5a5
6fc15a5f
69ff1fb3
c9850d96
0c330c8e
a11301e6
0e93c888
33b30697
8ee50312
0613e105
4f01397e
80000fb7
1fb31ffd
e29129ff
b513cd29
06b309d3
000102cc
6831717d
00018609
78c58e97
0f057f41
80000fb7
49ff1f93
34041073
00006417
84440413
2223c004
01130024
c07e0084
24234f02
440401f4
2103c404
40040044
34002473
01cb1c63
00665eb3
00018015
00a7e333
9bb7e11d
997de489
e7a82413
0002b033
afb76f41
8f93a5a5
5f935a5f
27b348ff
00f601e3
00010494
00bd65b3
00e4a433
0379e263
89b18c3d
0213e763
80000f37
4f811f7d
680f1f93
cc63e811
8bb301de
8e554193
c9a93193
452cbb93
f29782f9
af13ef73
cb938ff6
0f37eb27
7fc18000
1f930f85
8c0929ff
00a36863
01389213
de338d51
567d035f
0077d833
41efd293
01935433
e0114413
a5a5af37
5a5f0f13
5fb36fc1
15b30fff
85bd0161
04338663
689ffb13
9afd0001
02e3da33
90a26155
4f010001
80000fb7
7fb31ffd
90730fff
20093400
004000ef
004000ef
00000097
00c08093
00008067
340020f3
4797120c
b0330294
8ef101f8
003942b3
0a338d85
57934180
59130139
e6a1019d
0f057f41
80000fb7
21ff2fb3
0116f363
ba13c815
eb3385b2
717d00b3
7d13c50d
40f910be
503353fd
6f4141cc
a5a5afb7
5a5f8f93
21ff4fb3
2e33997d
401703fd
06796388
ea330001
501303a2
80be0086
cf170692
0f373ba9
1f7d8000
6fb34f81
804521ff
008c5263
61ca59b7
824e85ad
4153d013
89e98e65
3e20a613
ee1abc93
80000f37
0f857fc1
41ff7fb3
01d85b33
00857263
70313f13
26b38c65
8db90326
00e7f363
963366dd
d6930179
af3740a2
0f13a5a5
6fc15a5f
41ff6fb3
80000f37
4fb35ffd
6fb303ff
4f8103ef
03ff5fb3
6fb34f81
776303ff
5413016a
d03300cb
07e24000
2e4db613
02c245b3
03926533
1063cb85
b013036b
4f01272c
80000fb7
4fb31ffd
53b341ff
fb6303c2
88b3009a
55b302c3
e5634166
e91d07b0
411e5013
01f7d463
41818d33
03920c33
0f057f41
80000fb7
600f1f93
0143d433
e24cca97
f3fb6913
024d6633
00010001
03047c63
40e6d313
038e0d33
6f418c49
a5a5afb7
5a5f8f93
601f1f93
34009073
008000ef
00008067
340020f3
82a50001
65cd7db7
01f27463
01959313
024e9563
fe938ee9
0833483e
1afd01e7
80000f37
4f811f7d
602f1f93
05ad6163
8133cd81
8d3d0126
dd339a7d
4a33409a
4cb300d2
8ad50124
0f378291
7fc18000
4fb30f85
10730bff
2ff3340f
3ff33400
8bb33400
10330285
e9330021
987d01ef
4131d793
01b31263
66b159fd
81b56c89
a5a5af37
5a5f0f13
5fb36fc1
f4130bff
1afd1b9f
d9b3614d
4db302c9
3eb7004a
0e3363d9
8c3e41b2
01610033
0469c163
0fb74f01
1ffd8000
0bff6fb3
58638e4d
09f20323
03941f33
6663e80d
be930371
5033814f
ca630353
e7b3012a
7f41023c
0fb70f05
7fb38000
21330bff
02b30370
53b3011a
24330162
45b300b0
82a50067
004f9263
c8080f13
03193033
6f418d65
a5a5afb7
5a5f8f93
604f1f93
03ba9033
8d918e21
02330c14
8ed5403b
d33302de
000103f5
40abd1b3
80000f37
4f811f7d
605f1f93
34041073
00005417
44040413
2223c004
01130024
c07e0084
24234f02
440401f4
2103c404
40040044
34002473
0023f963
7c338d0d
822e018c
023693b3
dc178ea5
97b3af31
0db30232
91130329
0f37017b
7fc18000
4fb30f85
d633080f
dbb340cd
40334090
a0170381
000100b2
8dcd8d71
02cd0033
01756811
a5a5af37
5a5f0f13
1fb36fc1
000161ff
5a7d55fd
01e79b33
00010514
02570c63
02698463
0111fc33
aa3b7897
0fb74f01
1ffd8000
61ff5fb3
03e305b3
02b703b3
0102ca63
01d1e863
65338e91
60330118
e23500d6
05b38d75
7f410132
0fb70f05
5f938000
8575607f
40885eb3
bb717f13
3cb36f65
61550111
0216a033
81298ef1
6f410f66
a5a5afb7
5a5f8f93
287f5f93
34009073
00ef2009
00ef0040
00970040
80930000
806700c0
20f30000
0c333400
000140e7
4c338139
d03301f7
53b302b6
113300df
0e9003b2
40d08433
0f37997d
1f7d8000
5f934f81
0763698f
55b30170
0225406b
000191e6
b5a1cf13
0254ca33
03b796b3
03a50063
00b6ec63
80000f37
0f857fc1
49ff1fb3
00898033
00010308
00c71993
2eb38d6d
45b3013b
5bb302da
61050263
49e8ff13
a5a5af37
5a5f0f13
5fb36fc1
1c3349ff
82a901bf
0312a917
02282a33
e41d9a4e
e4630001
8c6d0268
07590363
0fb74f01
1ffd8000
69ff1fb3
34009073
008000ef
00008067
340020f3
8ee50001
01984d33
038de8b3
d7aa8513
00a84533
00cc4463
02420033
83cd8569
0f057f41
80000fb7
29ff1fb3
80000f37
4fb35ffd
6fb303ff
4f8103ef
03ff5fb3
6fb34f81
e81303ff
98e2ca33
91976a61
8f16f801
6eb30001
8fd5013c
8d2d6561
afb76f41
8f93a5a5
1f935a5f
8c1349ff
e6b357b8
76330060
d5930139
c0330038
0001030e
0306c833
40ec0ab3
e063717d
0f370241
1f7d8000
5f934f81
0d3a48ff
40aa6937
0082dd33
e9056135
73b3717d
20b30020
9b3300af
8d690317
80000f37
0f857fc1
680f1f93
9756ae13
01a532b3
852a49b5
8a130080
00017dbe
4c99f093
404a5533
02cc3533
a5a5af37
5a5f0f13
1f936fc1
614529ff
00bc5cb3
033a38b3
0275dd33
00b3c299
0494024c
037326b3
00ed0033
4f016f19
80000fb7
5fb31ffd
10730fff
2ff3340f
3ff33400
a0333400
80750145
41f99342
03481233
8ed18c2d
22b38185
d0330230
7f4100cf
0fb70f05
7fb38000
99d60fff
01a6a433
012caf33
03fc6463
8e0d8d05
01d3a833
0197e833
03ec8133
03725db3
afb76f41
8f93a5a5
2fb35a5f
95a621ff
007e5b63
33136139
17b3453a
43b300bb
1b37019a
85b38785
73634100
1b1302c5
0f3701ff
1f7d8000
4fb34f81
201321ff
cb1380ba
e2336763
796300ce
80f2022e
024f2233
46139aca
3893e6e9
063374a4
0f37021c
7fc18000
6fb30f85
d03321ff
850541e7
03143e33
8ead816d
01e68833
49636c45
8ea905c3
af370df6
0f13a5a5
6fc15a5f
41ff7fb3
34041073
00005417
04840413
2223c004
01130024
c07e0084
24234f02
440401f4
2103c404
40040044
34002473
033dcb33
00769eb3
481301c2
e291fad4
41298271
40afd533
8e556b41
0fb74f01
1ffd8000
41ff6fb3
627dfa93
0e086141
e413855d
8d212659
0ab38d15
5e6341b3
4363017a
7f410493
0fb70f05
4fb38000
000141ff
0158c833
ecb7e019
6d130d77
f693be16
e5334605
30330078
67b301a2
5b6301ab
6f410046
a5a5afb7
5a5f8f93
600f1f93
ac76aa13
037720b3
03791433
403bd3b3
02923cb3
d8b39442
01b303d2
80334009
bd93015d
0f378f3a
1f7d8000
1f934f81
f0b3601f
806d010e
0165c663
418f5033
85068d11
96926125
ed338e4d
0f3700f2
7fc18000
1f930f85
9073602f
00ef3400
80670080
20f30000
90733400
20093400
004000ef
004000ef
00000097
00c08093
00008067
340020f3
025407b3
ca05ca13
051d7c93
41325013
956e85e5
020d55b3
03c2e863
03958033
af37717d
0f13a5a5
6fc15a5f
0bff4fb3
0133f8b3
016157b3
40c5d633
19141880
03bd9db3
ff0b2293
3f36e513
40725213
000817b3
0fb74f01
1ffd8000
0bff5fb3
0108d5b3
b6338ed1
63b30028
8c6d0190
ebb3858d
4525030a
020d32b3
0147d3b3
0f057f41
80000fb7
0bff6fb3
e0338ef5
5863029d
82e500be
0d634961
6e630665
1233003b
826300ac
99920143
afb76f41
8f93a5a5
7fb35a5f
24130bff
8833088a
997d031b
01f01413
05a0d663
ea91ff13
0149d263
027bb1b3
00b5b2b3
11586813
80000f37
4f811f7d
604f1f93
80000f37
4fb35ffd
6fb303ff
4f8103ef
03ff5fb3
6fb34f81
3d3303ff
db630147
f0b3019d
cd110138
8d158ed5
001acf63
09c6717d
0f3768f1
7fc18000
1f930f85
30b3605f
1b630112
d033036b
2537418d
b7b356e2
6d33019c
c10d0147
03bd1863
020a7363
00787c33
a5a5af37
5a5f0f13
4fb36fc1
7333080f
8e110153
0d63024a
ff6302eb
911e0048
9844bc13
8df10c1a
f57efa93
0fb74f01
1ffd8000
61ff1fb3
569386e9
886300d3
e3b303a6
8e95021c
ca119a52
c2858ec9
7f41941a
0fb70f05
5fb38000
098061ff
c67a6b13
f4638ded
78930189
9bfa6b3a
f2938156
f533d7f8
0c5500f4
afb76f41
8f93a5a5
5f935a5f
1073607f
2ff3340f
3ff33400
e58d3400
8abd8d3d
01ea5393
f7a94e13
0001811d
40d05993
9cdaf613
003440b3
80000f37
4f811f7d
287f5f93
022eaf33
01909763
000190b6
8c659422
e0170c88
c80d738a
02613cb3
80000f37
0f857fc1
698f5f93
0104a433
00df95b3
01b08a63
00999333
ea493a93
c4727e93
2baa6013
7aa4eb13
c1318dd5
a5a5af37
5a5f0f13
1fb36fc1
b91349ff
d1137213
f463408f
50130979
5c634179
e21d032c
029a5e33
81b30945
ea630109
4f0100ce
80000fb7
5fb31ffd
7a6349ff
2133014d
615d02d1
031d6bb3
bb338c55
bc930138
6333bf12
cdb70063
fe631b7a
7f410278
0fb70f05
1fb38000
107369ff
54173404
04130000
c004c424
00242223
00840113
4f02c07e
01f42423
c4044404
00442103
24734004
eb933400
8559b9c2
407c8833
87b382d1
1f330267
ea63034f
8c7103a7
6b638ae1
6f410492
a5a5afb7
5a5f8f93
29ff1fb3
34009073
008000ef
00008067
340020f3
034ee833
5db38d75
e9190381
03c580b3
03feaf33
0075d013
02c80a63
004c9013
01b796b3
80000f37
4f811f7d
49ff1f93
01c3bcb3
c463896d
2813016e
63d9d68a
7e873d93
00018d15
5d560013
029c0033
80000f37
0f857fc1
48ff5f93
7f6ac513
037215b3
0280a233
401b5833
40da8db3
022d9ab3
40c75b33
8d8d039c
af378d31
0f13a5a5
6fc15a5f
680f1f93
115a0637
6a2482b7
011690b3
02aebab3
04a10163
034e9c33
8e298d09
000107da
0fb74f01
1ffd8000
29ff1f93
34009073
00ef2009
00ef0040
00970040
80930000
806700c0
20f30000
66b33400
666300fd
8433022c
8c090370
036965b3
8e158dc1
41d15133
002f8eb3
7f41717d
0fb70f05
5fb38000
3b130fff
8d451dde
80e20001
c6896169
9c138d15
108c00ec
002f0033
afb76f41
8f93a5a5
7fb35a5f
1afd0fff
c5b34979
8eed003a
60c9c295
959aa013
6f470f13
0179a3b3
0f378dd1
1f7d8000
2fb34f81
8d9521ff
400f5f13
35de2313
86fac989
41540633
0272f763
ec89b693
8c590001
80000f37
0f857fc1
21ff4fb3
007ffb63
e9818d85
06be5263
c4aae5b7
82638d0d
101300bf
99fd00fe
417a5113
a5a5af37
5a5f0f13
6fb36fc1
0f3721ff
5ffd8000
03ff4fb3
03ef6fb3
5fb34f81
4f8103ff
03ff6fb3
01cf6463
029baa33
a7178917
024188b3
40770033
03d54933
5c226b93
001d4333
0e5aae37
03dbdb33
0fb74f01
1ffd8000
41ff7fb3
0d5d8589
03343233
3e138105
40376dd5
8a593d94
8a710165
0049f8b3
0f057f41
80000fb7
41ff6fb3
011b6e63
0043d8b3
014730b3
25938955
e063719d
fa9302db
6b4d3522
e5b302ba
6f41029d
a5a5afb7
5a5f8f93
41ff4fb3
a6138086
80b35cdf
6033015c
8e89033b
41e84517
90336db1
426303b3
446301cb
0f37048e
1f7d8000
1f934f81
d013600f
0372410f
00219bb3
283ac317
09544293
517d909e
036b8cb3
dc330001
0f374198
7fc18000
1f930f85
1073601f
2ff3340f
3ff33400
0f6a3400
0231ad33
01295933
03829eb3
004fce33
82c1c51d
01151013
8e2510fd
a5a5af37
5a5f0f13
1f936fc1
ac93602f
015139d9
81598f76
00749763
01a11013
da630001
8e910228
000c2eb3
0fb74f01
1ffd8000
0bff4fb3
34009073
008000ef
00008067
340020f3
404bda33
00171913
b8138fb5
0f1406e0
02deb3b3
5d630afa
019402ad
00b77533
0f057f41
80000fb7
0bff5fb3
b7003613
00848833
401a5033
0366b5b3
02b32f33
0222ae33
03c9d363
03b3d833
0194ecb3
6f41c925
a5a5afb7
5a5f8f93
0bff6fb3
00f9f033
123382e9
86130134
903344e2
2533039c
136303eb
8d85003f
cc339dda
0f37031e
1f7d8000
7fb34f81
10730bff
54173404
04130000
c00482e4
00242223
00840113
4f02c07e
01f42423
c4044404
00442103
24734004
e5053400
419988b3
007e4d33
53638da1
8c750017
e20d80fa
00a85193
0f370001
7fc18000
1f930f85
2c93604f
8433e611
8d15037c
ec199afd
04588e63
00016d89
69338c35
af3701f1
0f13a5a5
6fc15a5f
605f1f93
03986963
6e97854d
90178055
1963ab69
80b302cd
dcb34100
96130398
30330118
f6170190
4f01ee33
80000fb7
4fb31ffd
5a13080f
c3b3418c
86090183
00c84263
01498763
00018e95
b5050593
bdb30686
7f4103bb
0fb70f05
1fb38000
29b361ff
65b10167
01a0dab3
03e5d6b3
011e7d33
1c638031
8d6a0267
e4aae313
6f41e42d
a5a5afb7
5a5f8f93
61ff5fb3
34009073
00ef2009
00ef0040
00970040
80930000
806700c0
20f30000
ea633400
a5130213
2f33cfbf
04880208
4263ee99
8d55034c
00e44463
017a2c33
0f37e295
1f7d8000
5f934f81
c593607f
5213ba0a
8acd017c
62b385d9
dd63012e
1dfd0156
00635f63
40b10001
80000f37
0f857fc1
287f5f93
002b3d33
f363e119
e511018d
d26311fd
bd930299
6115161b
01fe9133
011d1033
a5a5af37
5a5f0f13
5f936fc1
d517698f
8c0db364
00e5e833
01cc9b63
00efc433
f1e91517
6f283193
014fcb33
5cb3717d
4f0100ac
80000fb7
1fb31ffd
cd0149ff
03ebe633
012f7533
05486063
8a6388ee
8d9503f8
0001717d
00632633
0f057f41
80000fb7
49ff5fb3
80000f37
4fb35ffd
6fb303ff
4f8103ef
03ff5fb3
6fb34f81
614d03ff
8d410001
013af663
02295233
00010001
89a68da5
40218cb3
afb76f41
8f93a5a5
1fb35a5f
7f1369ff
0001fadd
41b48cb3
73139226
8541654f
e5764e93
da3f0f13
00944033
02b84b33
80000f37
4f811f7d
29ff1fb3
8ee9894d
03cd3933
f2eee017
01746db3
01f501b3
02d9cbb3
d9138e8d
2913406b
0f372cdf
7fc18000
1f930f85
907349ff
00ef3400
80670080
20f30000
9ab63400
0e9290ea
3a6a8193
866346c9
8dad02cd
8eed03fe
af379afd
0f13a5a5
6fc15a5f
48ff5f93
010e7bb3
004bc363
6a330001
e03301a2
d2130276
98b341b3
38330077
e5b30269
89cd00d3
0fb74f01
1ffd8000
680f1f93
340f1073
34002ff3
34003ff3
646303f2
8eb301f8
f0330370
50130134
8c6d4199
4db3c21d
633303cd
99b30327
7f410040
0fb70f05
1f938000
103329ff
89da00c4
02992b33
8a938ead
b033a365
08b300ec
901301ac
90e600ad
03314a63
afb76f41
8f93a5a5
5fb35a5f
df370fff
5633c6c5
000141fd
04c55463
034c9663
0068d513
3ba8ec13
016eecb3
032a0433
408f5013
80000f37
4f811f7d
0fff7fb3
033dbcb3
411d8d33
51331a14
12130171
bb3301f6
82fe0097
018d9633
b5294313
00019a93
80000f37
0f857fc1
21ff2fb3
72336085
89110176
04650963
d9138d35
d6b34151
031340d4
997d9933
41c4de33
a5a5af37
5a5f0f13
4fb36fc1
107321ff
44173404
04130000
c00442a4
00242223
00840113
4f02c07e
01f42423
c4044404
00442103
24734004
8eb53400
00439213
dabc7593
40b48433
62639afd
83630306
aa9303e6
6bb30e87
5e330148
4f0103fc
80000fb7
6fb31ffd
d2b321ff
4bb3404c
8d0d00db
4072d693
05e7ce63
8908f113
03320263
027e42b3
00f1da33
7f4199a6
0fb70f05
7fb38000
6f3341ff
3c330180
8d2d02f5
01df1333
f813029c
1813f86d
361300c5
838ab9ac
6f418ecd
a5a5afb7
5a5f8f93
41ff6fb3
0138d333
0339d7b3
e43ffd93
81630001
05b3035d
aab3015e
a13300e8
0a9d02ef
41015033
80000f37
4f811f7d
41ff4fb3
05225863
4148d593
717d8db1
b2470b13
036e6533
88638d81
09160589
05776e63
80000f37
0f857fc1
600f1f93
34009073
00ef2009
00ef0040
00970040
80930000
806700c0
20f30000
00013400
5ab7f037
db331e0c
8133404e
8df60188
fa370886
4263b0b4
f01305da
af37749e
0f13a5a5
6fc15a5f
601f1f93
030e56b3
7e694e93
893d05d9
01ccce33
9263930a
cd1300ff
c0337522
01b30166
4f010213
80000fb7
1f931ffd
4013602f
fa37e035
2c33b3cd
fa930312
a8b36300
85b3021f
7bb30081
ec630056
c33305ff
c8630272
7f41016d
0fb70f05
4fb38000
06a10bff
4053d793
19336dc9
99a2011f
03ab1033
40d9d633
00487b33
014b3033
00d85d13
afb76f41
8f93a5a5
5fb35a5f
90730bff
00ef3400
80670080
20f30000
b8b73400
88636cf9
c2910108
d4338d2d
7c9303fc
717db2d3
03e6c9b3
0024e433
011c0a33
80000f37
4f811f7d
0bff6fb3
80000f37
4fb35ffd
6fb303ff
4f8103ef
03ff5fb3
6fb34f81
321303ff
07636404
fb630277
e76301d6
40330135
88b30241
537d0191
88a6f693
7563819e
0f370581
7fc18000
7fb30f85
02110bff
8c6d45a9
8fed8ed1
c42cef37
03c6ca33
0358bbb3
02a7c2b3
0298c0b3
a5a5af37
5a5f0f13
1f936fc1
8da9604f
71606f13
995bf913
00018d69
e21389ed
74136d46
0001c90a
03344f63
0fb74f01
1ffd8000
605f1f93
02a7d133
9c6363a1
e0b300ec
e3630302
ea130319
c4133f83
00e2abd3
cab3ea09
7f4103ef
0fb70f05
4fb38000
c193080f
60dd851f
622c0093
6b130001
44131b97
6813bcfe
816d50c4
8e91ce99
afb76f41
8f93a5a5
1fb35a5f
107361ff
2ff3340f
3ff33400
8ead3400
00018ecd
029e3533
02b02833
a0338eb5
e8b3018e
30130023
4b97ea8c
0f37c5cb
1f7d8000
5fb34f81
ae1361ff
30b38490
8a330030
821902e8
1c3dc213
9063853e
5cb302f6
1b130088
23930019
0f3798a8
7fc18000
5f930f85
987d607f
85358ead
40ee5213
60138d79
71b73576
99fd6de9
f754eb93
407c5293
a5a5af37
5a5f0f13
5f936fc1
567d287f
01e3a933
00485013
dd330b1e
d43301d0
5c330325
82b3025c
561340a9
d4630198
4f0107ab
80000fb7
5f931ffd
4875698f
006029b3
0007e8b3
1f338ee5
894d02ba
01ca6633
40415ab3
c5358d01
0f057f41
80000fb7
49ff1fb3
34041073
00004417
01040413
2223c004
01130024
c07e0084
24234f02
440401f4
2103c404
40040044
34002473
6d450001
145fa093
021ad963
8663cd8d
717d021e
0128d463
d85cb413
41a58ab3
afb76f41
8f93a5a5
5fb35a5f
4d3349ff
5a6301a2
d9b301d1
089c0187
411200b3
01ae8db3
f8b385c1
d0330135
10330088
0f3703dc
1f7d8000
1fb34f81
69e569ff
38b38d21
c63301a1
ceb302fe
403300e6
99fd0171
411bd033
01a73a33
0f378ed5
7fc18000
1fb30f85
8e8929ff
8d8d0001
201396a6
0001c022
03fd7463
00011a13
01c0d6b3
00dfe963
a5a5af37
5a5f0f13
1f936fc1
c33349ff
10fd0153
03f7bf33
004d1263
07d5fe63
5d13615d
1c930006
0663006d
e6b10494
0fb74f01
1ffd8000
48ff5f93
34009073
008000ef
00008067
340020f3
34009073
00ef2009
00ef0040
00970040
80930000
806700c0
20f30000
1cb33400
0001008b
81450001
ee890001
8ed9962a
03362ab3
00b75e93
0f057f41
80000fb7
680f1f93
848b4013
8ef54611
00f20463
2a6fb893
7c33997d
679300da
08338f52
6111005e
afb76f41
8f93a5a5
1f935a5f
683329ff
db630377
69130186
5763b4dc
00dd0040
00351013
93f10a13
02fffb63
c0638031
0f370332
1f7d8000
5fb34f81
87b30fff
5b13405b
3193413e
209300ac
1993fa97
00010102
02fd3a33
18b38c31
60ad033a
80000f37
0f857fc1
0fff7fb3
3b338e35
72330292
4793004b
7cb37205
8c1e009e
0b13c139
f1934a01
c595a90c
a5a5af37
5a5f0f13
2fb36fc1
0f3721ff
5ffd8000
03ff4fb3
03ef6fb3
5fb34f81
4f8103ff
03ff6fb3
ea93e595
be97664b
80965cb1
3233997d
8d350285
4108d8b3
e2a9717d
0fb74f01
1ffd8000
21ff4fb3
009ed113
03fd91b3
50338e89
08b30385
8d3102ff
34178425
08b31f4e
18b302d1
7f4103cd
0fb70f05
6fb38000
e69521ff
41745013
19634091
5f330164
8ea5400d
08978d19
0cd98f49
007a6a33
afb76f41
8f93a5a5
7fb35a5f
f81341ff
00011383
008813b3
014bc763
006cadb3
00ceccb3
8da5690d
61938925
0f379b66
1f7d8000
6fb34f81
dc9341ff
0eb30124
eb1301af
717dca63
175d9e17
c0338121
35b303e7
e7b302f1
eb330221
0f370058
7fc18000
4fb30f85
107341ff
2ff3340f
3ff33400
89da3400
0082bd33
8dd18c15
86630001
c46302c8
5013021b
0001011f
03751b33
a5a5af37
5a5f0f13
1f936fc1
0c63600f
c83300c0
d9b301df
a913031f
8a336791
c53303f5
1d10026a
01efff33
60e98d45
0fb74f01
1ffd8000
601f1f93
013dcc63
e033ea81
8933036d
99fd0246
023647b3
62690001
00018ef5
0f057f41
80000fb7
602f1f93
00731993
c31e4017
08d613fd
03867b63
64630001
b1b300af
92630320
e115007d
afb76f41
8f93a5a5
4fb35a5f
32330bff
81090317
4158d033
3e37863e
3a33f949
00a1006a
0753e163
883386f9
0f3741a6
1f7d8000
5fb34f81
10730bff
44173404
04130000
c004c124
00242223
00840113
4f02c07e
01f42423
c4044404
00442103
24734004
41c53400
40558833
8d314917
000dbf33
7a336f71
76b3008b
d593000a
73930005
717d7a98
80000f37
0f857fc1
0bff6fb3
34009073
008000ef
00008067
340020f3
80330001
7463417e
85b30392
26b301ce
8c1103fe
33260313
7a630001
e92101ca
a5a5af37
5a5f0f13
7fb36fc1
90be0bff
017745b3
030427b3
03b6e763
0e468d35
00c31f63
9ae2a993
0198c3b3
4f0181a1
80000fb7
1f931ffd
d433604f
a19300b3
df138308
ef1340bc
0cb30cfc
8a79413e
02290133
7d63ea95
8f330025
7f410068
0fb70f05
1f938000
1263605f
8dce007d
03ad22b3
80338589
fc630245
e2b106cb
00c561b3
98e26913
01c31f33
afb76f41
8f93a5a5
4fb35a5f
9073080f
20093400
004000ef
004000ef
00000097
00c08093
00008067
340020f3
52938559
85134075
1d1355ce
e19301ae
70338ed5
aab301af
8699006f
86b30a66
0f3703ec
1f7d8000
1fb34f81
839361ff
5d1385d2
81d9007b
66f18bc5
01788db3
00e99363
563300be
1233020b
0f370013
7fc18000
5fb30f85
d11361ff
4d370108
e901bb40
01faa833
e1050394
b2330001
19630239
1d1402b8
a5a5af37
5a5f0f13
5f936fc1
6093607f
d93315ed
583302af
0e8c4028
063c4a63
01f36233
76a87793
03905363
00229b93
4f01157d
80000fb7
5f931ffd
5313287f
8835410d
03e44b33
e1b3615d
e89303ec
ce9d8d49
00658033
13b38269
7f410266
0fb70f05
5f938000
0f37698f
5ffd8000
03ff4fb3
03ef6fb3
5fb34f81
4f8103ff
03ff6fb3
033421b3
0247d933
03d1a633
028e85b3
8d698a39
335ab013
039c0033
41f38333
012326b3
afb76f41
8f93a5a5
1fb35a5f
8c7149ff
eb93060e
49934270
8b3346ca
8033404b
56130278
73634069
8eb70349
31176459
0f37d896
1f7d8000
5fb34f81
2c9349ff
2e134b80
091a8868
005cfab3
8133923a
23934001
82d55521
ee330001
0f3701ed
7fc18000
1fb30f85
e6b369ff
5033028a
5033014d
6cb3020b
8d5903c3
03f91b63
006b1113
012730b3
017240b3
006def33
a5a5af37
5a5f0f13
1fb36fc1
4d9329ff
4b33ee76
d03303fb
3b93025c
8863434f
0e1301eb
97b3a24d
6f290394
8c330906
4f010145
80000fb7
1f931ffd
107349ff
2ff3340f
3ff33400
60333400
da130056
0a330193
ec630192
0a140343
00af47b3
0059f363
f1130e0e
1c3338b2
7f410194
0fb70f05
5f938000
a03348ff
2093003b
11b36802
35b303c6
cb93032a
717d8d0e
011f8633
01b09693
96b3c015
6f410387
a5a5afb7
5a5f8f93
680f1f93
34009073
008000ef
00008067
340020f3
0096aab3
0bb38db5
8c0d032a
402483b3
01f199b3
44630001
56970353
b8336147
0f370267
1f7d8000
1f934f81
b83729ff
6419f548
00e6e1b3
41d05513
0cb28ee9
31736913
02638f1a
bc3300ed
0f370141
7fc18000
5fb30f85
97b30fff
d7b30294
5363030f
34130662
df33489d
8dd141ea
00af62b3
01ec6463
69d8fa13
042b1363
a5a5af37
5a5f0f13
7fb36fc1
10730fff
34173404
04130000
c0047d64
00242223
00840113
4f02c07e
01f42423
c4044404
00442103
24734004
81513400
597aa013
0001621d
02ce2033
03b9d333
02b530b3
32b3cd19
b69301da
4f010bd8
80000fb7
2fb31ffd
8e1121ff
4e938ec9
8ea94cb8
001c5113
0342f263
a29f8693
00aedf63
cd338d6d
7f4101a3
0fb70f05
4fb38000
859921ff
0dd41f17
3cb38d69
8109039c
00b09193
01c4f2b3
0a639e2a
50fd0181
afb76f41
8f93a5a5
6fb35a5f
717d21ff
48698d51
1963045d
dbb3039a
8d350330
876d4f13
03d71533
00925c13
80000f37
4f811f7d
41ff7fb3
03f32233
006d1b13
055982f5
890d0086
dd77f013
038fcc63
da130186
0f37401b
7fc18000
6fb30f85
907341ff
20093400
004000ef
004000ef
00000097
00c08093
00008067
340020f3
03faca63
82a5717d
a1938c4d
e3138c58
db33e210
e6950380
01a1fab3
03548063
a5a5af37
5a5f0f13
4fb36fc1
903741ff
98ee6046
717d4229
814c7d93
4cb3895d
ef630337
133301c2
399303c9
4f018281
80000fb7
1f931ffd
41b3600f
05b601d2
02a04663
02334333
c1058e55
01c53233
18b360e5
b5930285
7f4169e1
0fb70f05
1f938000
fbb3601f
8c7e01fb
004d9133
01de7bb3
90ce841d
82848393
02031563
0107dcb3
655b7617
afb76f41
8f93a5a5
1f935a5f
07b3602f
9133007f
36b303c0
10fd013a
80138db5
d6b7dc0a
4763bdd3
c5a50453
019a9a33
80000f37
4f811f7d
0bff4fb3
80000f37
4fb35ffd
6fb303ff
4f8103ef
03ff5fb3
6fb34f81
959303ff
0263005e
4231007f
04c86b63
029fceb3
cbc03b13
9d908b13
018a1093
6533683d
0f3700d3
7fc18000
5fb30f85
4acd0bff
41fd5413
d3b30466
3993020f
69930c56
99ce0372
8e8d0001
af378d55
0f13a5a5
6fc15a5f
0bff6fb3
00330362
09c202ae
03276a33
02f0cd63
3b339eca
d59303a5
d03341b2
a5b34094
4f010102
80000fb7
7fb31ffd
90730bff
00ef3400
80670080
20f30000
54633400
ac3300d6
e03302b3
6c63039d
ce3301d0
22b3033d
7613016a
6c134663
c333787b
93630359
7f41041f
0fb70f05
1f938000
8db3604f
8d0d41df
00010001
00f25d13
6db36091
68fd02d5
60e182b9
afb76f41
8f93a5a5
1f935a5f
1073605f
2ff3340f
3ff33400
82093400
95c73793
ea596693
02d50b63
03efc433
00018ea5
02e869b3
8b2dbe93
82f2ee17
80000f37
4f811f7d
080f4fb3
02a8a3b3
95a23b97
85379992
7163d0bb
8105023c
02d1d163
11630eae
0001037b
80000f37
0f857fc1
61ff1fb3
002d9413
00e26bb3
00010001
00f82a33
c5150001
005c8833
0301ef33
af378c5d
0f13a5a5
6fc15a5f
61ff5fb3
022acd33
0001065a
c5df3593
50139afd
9513415f
eeb30049
73b3039d
ee630110
4f010033
80000fb7
5f931ffd
041d607f
aa956e97
f0138c55
e1196ae9
a628f937
89b7828d
d513d9b8
9333402f
7f41000a
0fb70f05
5f938000
1073287f
34173404
04130000
c0043d64
00242223
00840113
4f02c07e
01f42423
c4044404
00442103
24734004
4c633400
0bb300cc
9037033a
84335a1a
bcb30200
3d330252
000100d6
016aec33
8b938ac9
6f414ccd
a5a5afb7
5a5f8f93
698f5f93
00010ba1
2842b693
40fa5193
03d8bcb3
4129d1b3
2f256413
0118f033
b6c22037
01a19b93
80000f37
4f811f7d
49ff1fb3
09338dc5
67b3028e
60130314
ce33d4c2
9eb30257
14130151
87d500e8
01456a33
0f3705a2
7fc18000
5fb30f85
8d5549ff
c01900f1
03962433
03331e33
01c75a33
0130b8b3
02e9f563
01b16bb3
03e8c233
a5a5af37
5a5f0f13
1fb36fc1
5efd69ff
02cbc7b3
7294b013
01f61b33
30130001
de93c0e1
15934009
60630042
c06305ef
4f0106f0
80000fb7
1fb31ffd
907329ff
20093400
004000ef
004000ef
00000097
00c08093
00008067
340020f3
02c56763
16339afd
2433024e
96b301af
8461021e
030bc133
4c30a013
3033c289
7f41019e
0fb70f05
1f938000
b01349ff
9cb3e357
63510377
40480533
02adfd63
02b30a96
883303a4
c0b302b8
ed0900d5
afb76f41
8f93a5a5
5f935a5f
d96348ff
97b30066
8ec90036
032da833
00999263
e72fbe93
09339bfd
399341a3
0f52d69e
80000f37
4f811f7d
680f1f93
01ff1963
99920001
af23ff37
005d70b3
9942c91d
02b056b3
0227b7b3
0f3765d1
7fc18000
1f930f85
907329ff
00ef3400
80670080
20f30000
71333400
9d9301cf
c41300ea
67639f3c
8e6201a3
4087db33
00efc363
d0138241
9afd4081
a5a5af37
5a5f0f13
5fb36fc1
0f370fff
5ffd8000
03ff4fb3
03ef6fb3
5fb34f81
4f8103ff
03ff6fb3
1e938505
7163009a
13130432
ca0501e4
98638d95
1b33035e
a513002c
9116095a
0fb74f01
1ffd8000
0fff7fb3
617c7293
77e90213
59638c4d
3b930063
d033d54f
d063000f
e18d02a3
bb13edb9
7f4151c9
0fb70f05
2fb38000
529321ff
4b3340f1
88a202b9
003aaab3
01bacdb3
6d113d97
03b3842d
b3134190
c1172460
6f41bf90
a5a5afb7
5a5f8f93
21ff4fb3
0128e933
03c06b33
f3930939
3417aa88
9863975e
45b302a6
c03302b0
e0330220
5833006c
0f37033b
1f7d8000
6fb34f81
3ab321ff
563300f2
9bc60371
41435113
833a00e9
e1472f17
015ea9b3
8eb10001
80000f37
0f857fc1
41ff7fb3
340f1073
34002ff3
34003ff3
00815763
948d6093
c763e295
138c03c7
ea85e68d
58b36151
b0930238
af37b869
0f13a5a5
6fc15a5f
41ff6fb3
edb38e51
9f4600a6
03af5033
8405587d
01f49d93
f063e189
7f130353
4f01bfe3
80000fb7
4fb31ffd
4a6341ff
8e310236
4177dbb3
61618fd5
c2638d71
9393004e
0cd60109
7f419e8a
0fb70f05
1f938000
3e13600f
e9b33865
1db701ea
6363e22e
6469017a
1363e119
8b9302bf
8d0957e6
038fd933
afb76f41
8f93a5a5
1f935a5f
10fd601f
000100a5
00331463
0310bc33
02a028b3
00821c13
018f1c93
034b3033
0f370001
1f7d8000
1f934f81
1073602f
34173404
04130000
c004fbe4
00242223
00840113
4f02c07e
01f42423
c4044404
00442103
24734004
8df53400
f033ca19
026301c5
8d720307
013bd193
0133c51d
00ba02c3
03324ab3
80000f37
0f857fc1
0bff4fb3
86228c65
130879b7
41e9d7b3
b9938af9
0ef9ec7d
0001e111
af370f62
0f13a5a5
6fc15a5f
0bff5fb3
dece8b93
010d0763
b5139c66
d1634bf5
9bb3020c
5a1301d1
8dfd40b9
03a361b3
03cc6163
0fb74f01
1ffd8000
0bff6fb3
012f6963
01f16c33
a3178dd1
cdb3bcbc
81dd0325
038de8b3
06039e63
ce3318fd
7f410337
0fb70f05
7fb38000
80330bff
026241a3
024eb433
d9386b93
02530633
50330001
201703bb
f7635bd9
8e490728
afb76f41
8f93a5a5
1f935a5f
9073604f
00ef3400
80670080
20f30000
90733400
20093400
004000ef
004000ef
00000097
00c08093
00008067
340020f3
7d330c06
698501e7
01959033
71135f7d
5bb3e84f
657100e6
01714833
00545113
80000f37
4f811f7d
605f1f93
03d8a333
0093ed63
03f98233
03d9d763
004146b3
00949db3
83630001
8ecd01ba
00c50eb3
80000f37
0f857fc1
080f4fb3
bbb3851d
53b3020e
8bce0393
d0baf313
40ca5513
41f8d7b3
01181c93
01169f33
0a2e4017
a5a5af37
5a5f0f13
1fb36fc1
069361ff
1e3312d8
b7b303b4
81650250
027057b3
8ed11e7d
d2938565
71334165
4f010055
80000fb7
5fb31ffd
8d2161ff
fd630001
639300c3
9463898b
9e630003
615502e9
03983033
00f612b3
01119813
0f057f41
80000fb7
607f5f93
80000f37
4fb35ffd
6fb303ff
4f8103ef
03ff5fb3
6fb34f81
583303ff
b933035f
539702aa
0ab3e9c1
85b50216
03016063
0304cb63
019b1363
8fa58235
afb76f41
8f93a5a5
5f935a5f
8a11287f
00311263
01b661b3
01729013
60339f52
11b3017b
a8b30178
96930218
df3300c2
0f370000
1f7d8000
5f934f81
6c93698f
fa33d3e5
86e500f9
0189cd33
ae753c97
22b38d95
8e65008d
025812b3
01b6ee63
80000f37
0f857fc1
49ff1fb3
017a7f33
030456b3
01247133
01e660b3
e2639172
14330369
18b301c9
23330191
503303e5
af37414e
0f13a5a5
6fc15a5f
49ff5fb3
38b38ead
05fe036b
dd33852d
8d2901f8
00010001
02bd5c33
00894433
0fb74f01
1ffd8000
69ff1fb3
340f1073
34002ff3
34003ff3
80547013
40228833
03979663
00e69f13
45a90117
00721e93
00010c46
00352633
7f418ef1
0fb70f05
1fb38000
9afd29ff
41d95533
02e72033
9a136151
be330175
c0330117
8b0a0324
01d53433
6f418dcd
a5a5afb7
5a5f8f93
49ff1f93
9bb30001
9c930172
936301b3
f9130336
6f633962
8229016d
8013ee81
8269315b
80000f37
4f811f7d
48ff5f93
02064963
02931763
e1058d29
9afd1cfd
00741613
012df263
d8138986
0f37404d
7fc18000
1f930f85
7517680f
86339205
6f6902e9
015d1863
e0378fc5
8ecd5c5d
00ca6933
cb9302fa
af37a056
0f13a5a5
6fc15a5f
29ff1f93
34041073
00003417
bac40413
2223c004
01130024
c07e0084
24234f02
440401f4
2103c404
40040044
34002473
12e4ce93
02f6ab33
05ea0863
8c299a4a
6874ed17
521387cd
0a1340fe
86b39395
4f0140b8
80000fb7
5fb31ffd
90730fff
00ef3400
80670080
20f30000
c8333400
b5b30163
5a630101
92de0243
0028c033
03a08033
8db16095
d6170001
7f414a05
0fb70f05
7fb38000
cb330fff
059303c0
d963307d
e613016f
00016178
d9ec0c93
02acc863
01b3d033
03f86e33
417b5c13
afb76f41
8f93a5a5
2fb35a5f
736321ff
85f50046
d974e313
03f5d563
0a4d8aad
007a68b3
03638c29
8e49024a
80000f37
4f811f7d
21ff4fb3
05079b63
0080e033
e9138d89
5013018d
000141e7
d8b30ada
8ec50305
00bb4b33
80000f37
0f857fc1
21ff6fb3
34009073
00ef2009
00ef0040
00970040
80930000
806700c0
20f30000
09b33400
c0b300ae
d03303cb
5a3341cc
1e17002a
8c2d95bc
00d12933
95334615
6159035d
a5a5af37
5a5f0f13
7fb36fc1
0a9341ff
b933cdcc
0194000b
039b8363
02275633
031e67b3
4bb3987d
9db30325
8e7203a4
0fb74f01
1ffd8000
41ff6fb3
cd63ca99
9c630436
c66301de
8ee5006d
02b24133
5013e51d
f8130103
53b31942
7f410106
0fb70f05
4fb38000
ca9141ff
41158133
44636b95
126300b2
d363033e
10fd0250
0017d933
1c330001
6f410371
a5a5afb7
5a5f8f93
600f1f93
4e13717d
99fdb849
99fe4f37
01584263
3fc0ac37
03c835b3
03ddd133
03ca4763
07c90a63
80000f37
4f811f7d
601f1f93
80000f37
4fb35ffd
6fb303ff
4f8103ef
03ff5fb3
6fb34f81
1e6303ff
1a63005a
42b300db
0bad00e8
8b138d62
ddb35bfc
1d33408e
72b30338
69330018
0f3700dc
7fc18000
1f930f85
7593602f
059aa9b0
02af02b3
000105d2
0244ae33
02490b63
02563033
02cd32b3
b2af8b93
a5a5af37
5a5f0f13
4fb36fc1
11b30bff
5db30395
363301de
60130216
72b31b50
bc1701a5
593360b5
947640f7
e2b98ef5
0fb74f01
1ffd8000
0bff5fb3
04021263
30130001
f9b3baf7
c11301ec
d033895a
b8130371
4a338c0c
3d3303c8
d0b301ea
7f4100d5
0fb70f05
6fb38000
8d0d0bff
01a9b033
03e2cd33
410d8d4d
e968f313
043d0d75
14b34037
0e6f8413
afb76f41
8f93a5a5
7fb35a5f
10730bff
2ff3340f
3ff33400
8c2d3400
416b0033
d9938d05
bc930118
02060c4f
1013ec05
4c330019
c2330069
0f3700bf
1f7d8000
1f934f81
834a604f
c8efe293
01c01013
00461393
4055d913
03508963
02c66eb3
005b4cb3
01cd5c13
024f8763
80000f37
0f857fc1
605f1f93
34009073
008000ef
00008067
340020f3
85b36431
05630160
0001039e
8e338d49
e03702df
5d17cded
503327cc
9a3302c3
af370084
0f13a5a5
6fc15a5f
080f4fb3
02e82333
010d1363
e509853d
8c71c61d
61450001
40110533
001a2a33
0fb74f01
1ffd8000
61ff1fb3
e1255efd
414ad193
40c786b3
02c7e033
beb38021
b9330356
86630126
1db304d6
7f4100b9
0fb70f05
5fb38000
107361ff
24173404
04130000
c00477e4
00242223
00840113
4f02c07e
01f42423
c4044404
00442103
24734004
63313400
51330086
1c7d039a
ca138d29
3097ade3
9f33d5b0
ed11028b
8a5a0013
afb76f41
8f93a5a5
5f935a5f
3033607f
48330379
18080001
8ae7ac97
414a5a33
00814433
00019686
c8636111
0f370136
1f7d8000
5f934f81
8d4d287f
ad1300fa
2213e4cf
9db3d108
0ce2010e
002730b3
717d0001
021d5863
80000f37
0f857fc1
698f5f93
e037c299
70b3e7d4
413300a3
8d7100a8
03651833
40c20bb3
007363b3
0272bd33
3364fc37
a5a5af37
5a5f0f13
1fb36fc1
8d4549ff
41a70a33
002ec633
ebb3eab1
de930035
7033015f
78330001
23b3019d
0a330117
4f014054
80000fb7
5fb31ffd
907349ff
20093400
004000ef
004000ef
00000097
00c08093
00008067
340020f3
faac8693
5f584897
02eeadb3
03cd2533
01ca1113
03ec6633
40f08333
a1930001
1914424d
0f057f41
80000fb7
69ff1fb3
41588933
01ca1b13
5bb316fd
10330086
717d012e
0148e033
ee910001
6f418f89
a5a5afb7
5a5f8f93
29ff1fb3
034e08b3
005e5e93
717d0001
03dc0ab3
01749693
58fd0294
05ca0063
0f378d01
1f7d8000
1f934f81
c46349ff
0033004f
e9630318
08b3005e
e03300cf
8256031f
02f382b3
0093717d
ca05855a
80000f37
0f857fc1
48ff5f93
017a1013
030a2033
030187b3
01e8e933
b3deb313
00ee7263
0171da93
48b38c55
05630216
af370665
0f13a5a5
6fc15a5f
680f1f93
80000f37
4fb35ffd
6fb303ff
4f8103ef
03ff5fb3
6fb34f81
b11303ff
d3b377c4
a2330089
d8b303dc
8e6d01e7
00aad613
041a7a63
45dbc013
41a1da13
e684c693
0fb74f01
1ffd8000
29ff1f93
117d4449
a2331b7d
8d65028f
717d1c80
b2938161
5b93039f
7f410018
0fb70f05
5fb38000
17b30fff
846302cf
df630176
c2990295
005893b3
02f10c63
8725c917
039fc333
90f682e9
afb76f41
8f93a5a5
7fb35a5f
90730fff
00ef3400
80670080
20f30000
ea853400
01b84763
0374d9b3
af338ee9
82b3029b
9afd03d8
8ecd99fd
875e7793
80000f37
4f811f7d
21ff2fb3
2b338505
5a3301aa
d613010c
deb341b9
8e99028a
00ea1a93
78630001
0001041a
80000f37
0f857fc1
21ff4fb3
340f1073
34002ff3
34003ff3
030ea233
024c90b3
003fdb93
03791833
017c85b3
0044ea33
e01d8105
0209c463
41c2d5b3
a5a5af37
5a5f0f13
6fb36fc1
2cb721ff
ff1386bf
9bb39788
806d0196
01585033
ee6382c5
68330051
89ce03f6
4f01ce81
80000fb7
7fb31ffd
0a0c41ff
4bbdce89
010cd913
01569d33
0204c9b3
48336a9d
02630389
689303bc
7f413de5
0fb70f05
6fb38000
e86341ff
8a9300cc
6e63f310
70130328
0533da41
b3b3018a
02420127
403f8bb3
00ae8db3
01e313b3
afb76f41
8f93a5a5
4fb35a5f
ea9141ff
021b9333
cd0f8693
0539dd63
9b631608
85c104b7
e8378e51
8999fb1b
80000f37
4f811f7d
600f1f93
34041073
00002417
36c40413
2223c004
01130024
c07e0084
24234f02
440401f4
2103c404
40040044
34002473
00c2fc63
1b37717d
d0b390f3
00880316
61de4693
41465093
93460001
000f9b93
80000f37
0f857fc1
601f1f93
0266e033
35b30001
1b330137
df17000e
0d33ca45
8e89404d
03a7a233
00dc6217
af370001
0f13a5a5
6fc15a5f
602f1f93
ca936c69
36331369
1d130307
3033019f
d463026a
e2b301ba
1a3301b8
e03300f2
85c503c5
0fb74f01
1ffd8000
0bff4fb3
1b630001
862900c3
00895263
00018e51
d41380f6
8ee5418a
7f4185d5
0fb70f05
5fb38000
2bb30bff
0bb30273
8eb30343
45334082
d0330206
10fd41b4
00a33e33
0a334e79
58930188
6f41401f
a5a5afb7
5a5f8f93
0bff6fb3
34009073
00ef2009
00ef0040
00970040
80930000
806700c0
20f30000
bc933400
3cb350ab
8d3103d8
e7be3037
403301ba
000101ce
0001ec19
00584633
80000f37
4f811f7d
0bff7fb3
0abb0437
cb636099
e333032e
8ca20161
cb794693
4110dd93
03a6e7b3
dd77f413
0f370001
7fc18000
1f930f85
4013604f
4d93e595
ec6389ea
9a7d01a8
7cd64193
013d69b3
0284b8b3
01e721b3
89116ce5
a5a5af37
5a5f0f13
1f936fc1
03b3605f
5133006b
8e5101e4
9313855d
1013008e
9013012d
99b301f1
8bb30048
e2330300
4f0100d7
80000fb7
4fb31ffd
9073080f
00ef3400
80670080
20f30000
08b33400
9233019a
02ce01b5
81558869
b24a0913
02051933
005e9e13
035a4663
7f411cfd
0fb70f05
1fb38000
0f3761ff
5ffd8000
03ff4fb3
03ef6fb3
5fb34f81
4f8103ff
03ff6fb3
403d5917
d7a38093
7933997d
e695003a
01b70a33
c285800d
00a9f033
6f41ca81
a5a5afb7
5a5f8f93
61ff5fb3
84f71ab7
5b334089
9b330348
c51d00f6
03663033
00aa0f33
4d93e395
b0930ad5
0f371d5e
1f7d8000
5f934f81
0533607f
569341dd
8d514151
01f6b533
847686ba
02f18463
019549b3
03849933
0f37807d
7fc18000
5f930f85
f313287f
2933a26c
17630075
82f90255
113382e9
80330339
8f3301cd
83b34129
6d7901ac
a5a5af37
5a5f0f13
5f936fc1
c791698f
00ec1013
29947013
8d610001
150b33b7
049d4263
01fc5463
01e4d033
011826b3
0fb74f01
1ffd8000
49ff1fb3
340f1073
34002ff3
34003ff3
00b8bb33
0342e433
10938edd
137d01a3
03777b63
019baab3
2fce8117
de936505
7f414192
0fb70f05
5fb38000
613149ff
00e9b533
71338c5d
81b300e3
8017413a
4c332f5b
62d90340
011c26b3
026e8463
afb76f41
8f93a5a5
1fb35a5f
99fd69ff
01619cb3
01fb8b63
0236f463
0305bc33
40fed113
01f68ab3
8d6942e5
47488613
80000f37
4f811f7d
29ff1fb3
4098d893
65ed915a
010718b3
02abb333
85456105
1213ce91
827d0125
80000f37
0f857fc1
49ff1f93
0046d963
015b2bb3
1b948565
019ccb33
e83386aa
2a3303bb
91330337
8d7101d5
a5a5af37
5a5f0f13
5f936fc1
107348ff
24173404
04130000
c004f5e4
00242223
00840113
4f02c07e
01f42423
c4044404
00442103
24734004
90373400
1614d1a8
8d890001
01269a63
40b80d33
003c6e33
603f2013
4ec76117
03f99333
0fb74f01
1ffd8000
680f1f93
00926463
46dcea93
c92d4013
01b1db33
0c130c36
45b3184d
5563013d
62b303cb
5b33019e
7f410054
0fb70f05
1f938000
48b329ff
751302ef
b2b36571
bb9303aa
8dd982ab
a0138e15
67b334f9
a3b70331
45b3857a
6f41003a
a5a5afb7
5a5f8f93
0fff5fb3
1e3b7913
02f15b33
23b3995a
58930324
606341d6
de9702bb
8a599070
01674c33
41f256b3
80000f37
4f811f7d
0fff7fb3
db13829a
0a0801f3
c159c5bd
03874033
07e11363
400881b3
303301f1
0f37029d
7fc18000
2fb30f85
907321ff
00ef3400
80670080
20f30000
90733400
20093400
004000ef
004000ef
00000097
00c08093
00008067
340020f3
d9638405
2f37030e
1c33c3e5
9e72008e
005d7463
415f5293
02638a71
893100dd
a5a5af37
5a5f0f13
4fb36fc1
2e1321ff
0001839d
01edfe33
9563c511
5833036c
8c5540ef
ed4db613
01ea6033
005e6933
0fb74f01
1ffd8000
21ff6fb3
01072933
0241ab33
d0138f3a
d7934196
50fd4068
03262093
a8db2d13
021d5933
deb2fd17
0f057f41
80000fb7
41ff7fb3
03c52133
1efd030e
ac0e6893
a1ffba13
0334c9b3
0289b133
02da42b3
00015dfd
afb76f41
8f93a5a5
6fb35a5f
8c2141ff
b977ac13
8d590ace
02c6b8b3
5e6310fd
5793033e
e933007b
fa1302c2
0f3795d0
1f7d8000
4fb34f81
0f3741ff
5ffd8000
03ff4fb3
03ef6fb3
5fb34f81
4f8103ff
03ff6fb3
6e636335
7a63017b
0633036e
b2334059
dcb70272
e2b34341
cf13000c
893336a7
86334005
0f37009a
7fc18000
1f930f85
96b3600f
3033010d
aab30205
9563006c
d5330309
ca3100a1
ab33069d
15330193
22b30172
af370055
0f13a5a5
6fc15a5f
601f1f93
55afb213
03be02b3
41a8d313
402cd433
01fad463
010d5533
029060b3
03bc8863
03638865
4f010377
80000fb7
1f931ffd
ceb3602f
19b302e0
8cb30149
000101e9
00ac33b3
0350e6b3
02eb1a63
00dfe133
c313ea89
7f41aea7
0fb70f05
4fb38000
5e330bff
8a35403e
005a9763
aab06b13
035ab9b3
71130001
8e795d0c
0690f563
6f41e539
a5a5afb7
5a5f8f93
0bff5fb3
340f1073
34002ff3
34003ff3
01ff4bb3
02678033
00285993
004c1033
033d9c63
00c83d33
02bd4133
031da5b3
01f32033
0f378d15
1f7d8000
6fb34f81
db630bff
b43303dd
db330193
0d1300ff
28b3e661
85c20369
e6b3717d
0d3502d5
0f370001
7fc18000
7fb30f85
5e7d0bff
01d99263
036e46b3
d633987d
c2110326
9ea20814
02a5f263
023e8063
a5a5af37
5a5f0f13
1f936fc1
1033604f
8e950027
03a7a033
0354bcb3
f21765b7
726385a9
8965016f
41675d33
4f019f3e
80000fb7
1f931ffd
567d605f
02d60eb3
0043c963
04b4dc63
61338d75
8d310354
8e518e55
05dc6063
0f057f41
80000fb7
080f4fb3
34041073
00002417
b3840413
2223c004
01130024
c07e0084
24234f02
440401f4
2103c404
40040044
34002473
b6ab7913
aa3ce193
017f69b3
0028feb3
03a415b3
e9950001
00317a33
83ba8571
afb76f41
8f93a5a5
1fb35a5f
907361ff
00ef3400
80670080
20f30000
70333400
b2b300be
c01300ab
ac9332cb
63b301cf
09330045
14630138
cd97036f
bc97f9f2
0001a032
80000f37
4f811f7d
61ff5fb3
015f9893
03463db3
0024c2b3
4b790001
00c5feb3
4013547d
e0975973
5833c1b3
0f370020
7fc18000
5f930f85
0d33607f
2a33027b
61190321
f4dac013
bf33e285
c0b302a5
0001006c
93930001
af37014e
0f13a5a5
6fc15a5f
287f5f93
41058f33
86d5eaa9
b2351437
eb939afd
bc937ebb
40333093
5c13001b
ad330094
4f01033e
80000fb7
5f931ffd
9073698f
20093400
004000ef
004000ef
00000097
00c08093
00008067
340020f3
0126a433
02ad2c33
46136131
201313e1
00014d9a
09f601f6
006dce63
034ce033
0f057f41
80000fb7
49ff1fb3
012dfb33
409e05b3
b1971814
8963b822
12630137
18fd0222
149a6c13
00f36263
404309b3
afb76f41
8f93a5a5
5fb35a5f
8a3349ff
0001417a
a0138ef5
61159d29
5754f3b7
02b832b3
5db0a513
40a30cb3
03bedf33
80000f37
4f811f7d
69ff1fb3
d2b38a09
4a3300d8
081301dd
6a93963f
b6b3d7b6
02d5018e
32b3cdb1
8e9303af
0f373553
7fc18000
1fb30f85
810529ff
dff9c517
0033597d
0e33003d
9db34096
717d03a2
ef860613
00010acd
a5a5af37
5a5f0f13
1f936fc1
0f3749ff
5ffd8000
03ff4fb3
03ef6fb3
5fb34f81
4f8103ff
03ff6fb3
e119c685
00135013
d033879d
7863015c
41b303c8
717d01bd
0c5a8465
0fb74f01
1ffd8000
48ff5f93
7f636161
7833042f
71130161
a9b381bb
503302e2
42b302e2
816303e0
93b30266
67630046
7f4102e9
0fb70f05
1f938000
4513680f
83b37bdb
880d00d9
5f33127d
89b341c7
8637415d
d21398ba
60a141e8
6f419366
a5a5afb7
5a5f8f93
29ff1f93
05606363
45131894
82616fd0
41955a13
03aa1233
00355333
03ffd833
00586d63
6c3cfa17
80000f37
4f811f7d
0fff5fb3
abad3813
7533ed91
99630066
deb30189
566301e9
75930354
9e061328
0138fdb3
037ec033
80000f37
0f857fc1
0fff7fb3
340f1073
34002ff3
34003ff3
00018e49
c133e299
fc630018
903302ec
12b300bd
52930018
8e710140
af37615d
0f13a5a5
6fc15a5f
21ff2fb3
b15987b7
12938dae
68b30047
81330050
12b3418d
401302d9
ca0d2544
2d938049
4f01999a
80000fb7
4fb31ffd
907321ff
00ef3400
80670080
20f30000
86853400
8d219afd
d0704e13
000f5b33
0063c119
4b33035d
b8b3002e
b8b300a4
7f410352
0fb70f05
6fb38000
ef3321ff
09120115
02cc6b63
4622f913
02c563b3
80fa1900
80338e8d
94334011
6f4102c8
a5a5afb7
5a5f8f93
41ff7fb3
fd339de2
d03301a3
003340b7
19fd023e
47af8013
41065593
5b13854a
701300d3
0f370f19
1f7d8000
6fb34f81
107341ff
14173404
04130000
c00470e4
00242223
00840113
4f02c07e
01f42423
c4044404
00442103
24734004
e50d3400
d03386a2
c293011c
00018db3
01eced33
9b13844e
d3170009
923ec6eb
80000f37
0f857fc1
41ff4fb3
a5338d95
1c63006e
b013016c
03634a8b
0263022e
000101b5
233366b5
e46301c3
af370238
0f13a5a5
6fc15a5f
600f1f93
01b1dcb3
df75f013
41ff0033
41e85813
d593717d
f5130054
8d3533da
f6978435
4f01d9f7
80000fb7
1f931ffd
acb3601f
610900bf
01868933
070d7537
beb358fd
5f3702c7
da138108
2113401f
d3338e74
7f414156
0fb70f05
1f938000
9a37602f
05004bd7
8a86e809
03b48033
5e33009a
039302a1
8ec938f8
01f8c5b3
afb76f41
8f93a5a5
4fb35a5f
90730bff
20093400
004000ef
004000ef
00000097
00c08093
00008067
340020f3
4029df33
030e8633
1c5d0b13
81e59f6e
cc338d09
b3b30000
92060285
871227b7
80000f37
4f811f7d
0bff5fb3
021500b3
004adcb3
02fd0963
00f318b3
0237c611
00015fd9
01355333
1e79cc13
0f376155
7fc18000
6fb30f85
00010bff
40220033
9ab30c5a
8f5e00a3
417b5d33
02209663
40785893
01787b63
02eb1d33
a5a5af37
5a5f0f13
7fb36fc1
10130bff
c93300ef
e9990179
03e8da63
67b6c813
03af0bb3
0125ff63
02192533
013eceb3
40c28bb3
0fb74f01
1ffd8000
604f1f93
8e9599fd
8e8d9a2e
817a6193
e3b30116
2a130289
e9336381
1c630067
7f4105a6
0fb70f05
1f938000
0f37605f
5ffd8000
03ff4fb3
03ef6fb3
5fb34f81
4f8103ff
03ff6fb3
04fc9063
019ec933
03a97363
af13999e
2cb3a87e
82dd0377
ac694813
81d69dae
afb76f41
8f93a5a5
4fb35a5f
ed97080f
50fd43ad
94338a3a
7e33037e
00010057
14639a7d
dcb30397
796341cf
0f3701b5
1f7d8000
1fb34f81
8d0d61ff
4f87f093
02939d63
a0178ed5
15b3a941
0b940273
3e13023a
8133731d
0f3702f0
7fc18000
5fb30f85
907361ff
00ef3400
80670080
20f30000
05943400
5e63e915
48b3029d
a013000d
4093f923
5163a718
d1b3036f
731302b6
80134c3b
af37e756
0f13a5a5
6fc15a5f
607f5f93
0104b033
012f3633
8e316319
f4638a15
15630104
57fd0687
4102d313
00618a33
0fb74f01
1ffd8000
287f5f93
340f1073
34002ff3
34003ff3
9263615d
82b300fa
cd8d00f9
a6644393
b035c793
7314eb97
032daeb3
c8879117
01e71313
0f057f41
80000fb7
698f5f93
00785593
0048fc33
002d7e63
99474b13
00723933
e1040a93
597a5cb7
03eb8eb3
2b577e13
004569b3
afb76f41
8f93a5a5
1fb35a5f
899349ff
1d8854ef
0e140688
032a0763
e4630001
70330071
73930177
8a95cc18
80000f37
4f811f7d
49ff5fb3
d4178d45
a5338627
e9930074
4b1793a2
de13ca3d
ee63003a
e63301b6
a7b703ee
30330ef4
0f37032a
7fc18000
1fb30f85
ec3369ff
2013003d
e109c45e
9afebc93
85c5c291
019e3ab3
0129c5b3
023e9133
af379afd
0f13a5a5
6fc15a5f
29ff1fb3
34041073
00001417
2f040413
2223c004
01130024
c07e0084
24234f02
440401f4
2103c404
40040044
34002473
015aef33
00dc6763
7d2eb993
42630001
a1b3037e
9c630296
309302a0
2233b409
ea9300a6
4f010106
80000fb7
1f931ffd
50fd49ff
8a3b7a97
01927c63
01cfca63
022c7263
cf2af193
02c6a933
8d691014
5c310413
0f057f41
80000fb7
48ff5f93
8da50001
ad3340b5
6d33017f
553301db
8d490384
026fe363
020a2ab3
016c5833
afb76f41
8f93a5a5
1f935a5f
c911680f
4a302b13
f6b30001
d263005b
4063032c
4c1302dd
8d712546
8eb58ea1
80000f37
4f811f7d
29ff1f93
0407f763
6a6951fd
012a1eb3
b17de413
40dd5993
d07ee093
02c3ed33
01c85033
017c9ab3
80000f37
0f857fc1
0fff5fb3
34009073
00ef2009
00ef0040
00970040
80930000
806700c0
20f30000
59933400
bc334177
9ab3039f
dd3301d6
bbb3012d
e2890191
a0339a96
c063024e
3ab303d8
af370062
0f13a5a5
6fc15a5f
0fff7fb3
033ca433
09b3717d
43b503c1
9eb3841a
e8b300cc
8963002b
fc33033c
807d0032
0fb74f01
1ffd8000
21ff2fb3
dd9a6d13
01b87ab3
008c5463
c8433c93
c06309ea
d8930789
00014050
987d8e29
0f057f41
80000fb7
21ff4fb3
418a5193
f0130001
68333642
0001011e
3661d037
6f2560e5
0338b2b3
6f410296
a5a5afb7
5a5f8f93
21ff6fb3
34009073
008000ef
00008067
340020f3
8c294a29
0080dd63
b03765ed
31b3f85b
6e6303cf
51930215
65334001
8c6300ba
0f3705e5
1f7d8000
7fb34f81
0f3741ff
5ffd8000
03ff4fb3
03ef6fb3
5fb34f81
4f8103ff
03ff6fb3
001af363
4363987d
4a61007b
8d09717d
0339ae33
d1cc0593
01faa133
0f376d2d
7fc18000
6fb30f85
fc1341ff
15931955
1eb300c5
8d0903e8
02bd5363
009963b3
013c7cb3
41e75613
63336a29
af370182
0f13a5a5
6fc15a5f
41ff4fb3
91338f3e
4a1901ff
00e2b9b3
02e46f33
00d948b3
039f0463
00dc1c63
90d65afd
0fb74f01
1ffd8000
600f1f93
024a6533
0001ea63
00d60863
4013d213
41ed5013
04530e63
01d6c363
de33e98d
28b34175
7f4102e8
0fb70f05
1f938000
5d63601f
8d35039f
52338576
2f334154
e8b30263
9db3031b
8e490009
19b38269
6f410115
a5a5afb7
5a5f8f93
602f1f93
340f1073
34002ff3
34003ff3
011b5d93
93136e11
41b10103
4b664b37
ce5bfb17
0018f2b3
027c6eb3
8d338d31
0f370288
1f7d8000
4fb34f81
987d0bff
03ee51b3
02d0e7b3
bceb0593
006e9533
20534d93
03663033
5f3d8093
8db78ecd
0f370978
7fc18000
5fb30f85
c8630bff
a8330221
d133001c
4c63412d
d0330330
86b10217
01528ec9
40fb06b3
01876a33
a5a5af37
5a5f0f13
6fb36fc1
db630bff
75930133
0db393d0
ccb34171
101300e1
6211009e
0cb38d55
f53340e6
4d13004e
4f01be87
80000fb7
7fb31ffd
c2630bff
852101b1
005987b3
035c3ab3
0524d763
07614263
005f9333
5a9300d9
5113410f
7f4141bf
0fb70f05
1f938000
1073604f
14173404
04130000
c004ece4
00242223
00840113
4f02c07e
01f42423
c4044404
00442103
24734004
b1b33400
9b33006f
19330352
38170111
8e6979f5
81b58e8d
02c9b5b3
c8338ee5
6f4103b6
a5a5afb7
5a5f8f93
605f1f93
01bb3eb3
af85ca93
8e910001
8eb587ea
82f90001
99fd1f7d
80000f37
4f811f7d
080f4fb3
3f61cd13
01697e63
037487b3
00b35033
03b82033
cf6386f1
e0190163
5414e417
0f376121
7fc18000
1fb30f85
363361ff
800d00da
8da560bd
002abc33
3cbbff37
039b09b3
1aea8513
02262ab3
00069cb3
a5a5af37
5a5f0f13
5fb36fc1
b69361ff
8e718b2b
441352fd
6ab3cd83
7763022c
00010570
c6b319fd
32370386
4f010f54
80000fb7
5f931ffd
9073607f
00ef3400
80670080
20f30000
90733400
20093400
004000ef
004000ef
00000097
00c08093
00008067
340020f3
02fbebb3
a601ea13
4e938d4d
4593e5f3
503307e6
1eb3031c
8bb302ee
000102bb
7f41e185
0fb70f05
5f938000
1d33287f
e6b30026
8d65035b
02f36833
0266a7b3
8df910fd
03461263
02fa5533
03b75363
afb76f41
8f93a5a5
5f935a5f
4393698f
81259ae6
1e7d6ccd
010c1213
f730e6b7
b5178c31
4e6360d4
c50502d0
80000f37
4f811f7d
49ff1fb3
79638d6d
b4130162
c96321a1
0d00077a
029a6863
0b95997d
24338e35
0f3701fe
7fc18000
5fb30f85
353349ff
1a330341
0ab3017f
de930047
8d2101f4
03196185
028e0c63
0365d2b3
02ecb8b3
a5a5af37
5a5f0f13
1fb36fc1
0f3769ff
5ffd8000
03ff4fb3
03ef6fb3
5fb34f81
4f8103ff
03ff6fb3
02d3ebb3
022f9833
01611833
b7de6e13
5263e38d
00010039
ed19868d
00db9db3
0fb74f01
1ffd8000
29ff1fb3
92638395
60b900cc
5f7dcb85
a2ce0113
00ec2c33
41355d13
02d9d8b3
03d99d33
0f057f41
80000fb7
49ff1f93
4160dcb3
001dc333
00c4a7b3
00fd7633
03a75163
07b30999
e1b30119
8e8d006f
00764b63
afb76f41
8f93a5a5
5f935a5f
e13348ff
9363027c
016a013a
31930001
c2b394b4
d0b3006b
52b30119
e76301da
117d04ec
80000f37
4f811f7d
680f1f93
024f80b3
031db7b3
0152fbb3
032a2533
d813c131
6eb340ad
0963026f
80310210
403dd033
80000f37
0f857fc1
29ff1f93
340f1073
34002ff3
34003ff3
5762e993
0263d1b3
03f69933
010be363
05938e79
6559b312
004323b3
f0338df1
af3700ce
0f13a5a5
6fc15a5f
0fff5fb3
402d0433
00109f13
0093db63
019bc0b3
01aa5b93
0159d333
86630001
616503db
4f018d35
80000fb7
7fb31ffd
43450fff
41735813
004f4663
80a2078e
f69b3393
c614f317
83338de9
835e02fe
0f057f41
80000fb7
21ff2fb3
7b13ea89
5433dc39
399341de
e39356a6
15b33ba5
c3b301ad
86ad030b
013270b3
028448b3
afb76f41
8f93a5a5
4fb35a5f
4c9721ff
95137a2b
8eb1012b
04879b63
0231dab3
86dd8d31
43638aca
319309ea
0f371efc
1f7d8000
6fb34f81
107321ff
14173404
04130000
c004ac24
00242223
00840113
4f02c07e
01f42423
c4044404
00442103
24734004
0f083400
c4338d25
dc130344
8d8d4071
f6b30001
2e930080
3933aea1
0001025b
80000f37
0f857fc1
41ff7fb3
34009073
008000ef
00008067
340020f3
03375c33
88b28679
00ac1ab3
c9330001
67fd00cc
e13d3017
00a6de93
af378eb1
0f13a5a5
6fc15a5f
41ff6fb3
4db381c1
39930246
4cb1c628
897e9137
987dc28d
00455463
41cc5d33
4f010609
80000fb7
4fb31ffd
ea9341ff
89f91c94
9263997d
46fd030b
42630001
9a7d02fa
0833c28d
7f41000c
0fb70f05
1f938000
56b3600f
0cb30152
1b630231
6b330061
d4130072
8bb341c8
717d008d
43886793
b965ce93
50007793
afb76f41
8f93a5a5
1f935a5f
9073601f
20093400
004000ef
004000ef
00000097
00c08093
00008067
340020f3
057e6339
00b050b3
031628b3
024c1433
039e8433
02dd4b33
df63859d
02250311
80000f37
4f811f7d
602f1f93
8e598d31
0082fb33
97631efd
97630155
ceb303ca
10000082
e40cf013
458413b7
80000f37
0f857fc1
0bff4fb3
ebb36105
f563032f
c36302a4
c981000b
02ad7e63
0394ca63
e2b3717d
cdb3006d
af37022b
0f13a5a5
6fc15a5f
0bff5fb3
02232233
00ca5313
0001587d
029ec3b3
0228cab3
003c87b3
03129333
05886809
0fb74f01
1ffd8000
0bff6fb3
4181dd13
ec638d09
f46307f5
63b300e5
8d1503e0
00016159
01f68833
02770633
0f057f41
80000fb7
0bff7fb3
80000f37
4fb35ffd
6fb303ff
4f8103ef
03ff5fb3
6fb34f81
cb6303ff
00330004
816101a0
0f266c93
04bf6963
035fb033
41eddd13
00d1d093
01a80b63
01a39533
afb76f41
8f93a5a5
1f935a5f
4633604f
e69903a3
d5ee7093
46638a91
c40500f4
126382f5
579303eb
9533003a
0f370201
1f7d8000
1f934f81
e585605f
82630001
50fd01a0
9a7d8c45
8d93617d
717de8a1
0f378049
7fc18000
4fb30f85
81e5080f
e9819e26
8d99e91d
2bb3814d
063300f0
5d374092
bd332c03
af3702a3
0f13a5a5
6fc15a5f
61ff1fb3
0030cd33
01cd6263
90136b65
e0170198
f46342fb
82c2036c
1f8803a6
4f018da9
80000fb7
5fb31ffd
107361ff
2ff3340f
3ff33400
61193400
eb638d6d
dd930157
0b5e01ec
c6050001
03e4e8b3
001511b3
7f41717d
0fb70f05
5f938000
8eb5607f
1813981a
8e890136
014495b3
616d8121
02e02eb3
c01c1e37
bc7f6d93
afb76f41
8f93a5a5
5f935a5f
9073287f
00ef3400
80670080
20f30000
00013400
0012e663
8ed5051e
01443ab3
6a63c58d
519302b9
1f330126
c013025d
0f37340f
1f7d8000
5f934f81
6c13698f
66339ffa
b7930365
3293fa67
613dc059
d6338d91
e6330016
7863011b
14630387
0f3703a7
7fc18000
1fb30f85
4a1d49ff
03a1ac33
8d936359
0f1343dc
eeb37735
603700b7
4933b245
c1890082
fbe3b013
a5a5af37
5a5f0f13
5fb36fc1
107349ff
04173404
04130000
c0046be4
00242223
00840113
4f02c07e
01f42423
c4044404
00442103
24734004
08b33400
82ad0141
02005a33
404456b3
00f27263
90f8cb17
0290d933
d393ec11
ce1d0149
0fb74f01
1ffd8000
69ff1fb3
00010001
404e8eb3
133398a6
8eed01ba
40bf8033
00a41513
41ea5033
00802033
0f057f41
80000fb7
29ff1fb3
3c537313
5c166593
de338d6d
1e9341de
823300bd
68330014
1eb303ce
da93024a
8eb2416e
afb76f41
8f93a5a5
1f935a5f
0b8649ff
01224333
8ed550fd
71564797
5c135f7d
0eb3019f
c2630111
05a20361
80000f37
4f811f7d
48ff5f93
008ec963
854d1a10
09b316fd
e01301f7
3d93b81b
cf339999
451303d7
07b3a0e9
0f370032
7fc18000
1f930f85
9073680f
20093400
004000ef
004000ef
00000097
00c08093
00008067
340020f3
0001e619
026958b3
009dbcb3
8d5169fd
05fad063
00125913
01001d13
3f1bf1b7
a5a5af37
5a5f0f13
1f936fc1
dc6329ff
e39301a0
7b637066
13b30041
f0b30368
046300a9
d3630022
e9390090
406bd7b3
4f018d09
80000fb7
5fb31ffd
d8930fff
5b63006d
5b3301e9
9172409e
020fc8b3
08fe8f62
03945363
0297d3b3
c0df7797
0f057f41
80000fb7
0fff7fb3
6d338c7e
801303fc
6c33e88e
827502df
000ee833
0089a933
002a46b3
d9f8e037
6f410001
a5a5afb7
5a5f8f93
21ff2fb3
59e47e93
00942133
04d3d563
cd933413
00ea6033
01361033
01458463
412f0f33
03315e63
0f37e3b1
1f7d8000
4fb34f81
0f3721ff
5ffd8000
03ff4fb3
03ef6fb3
5fb34f81
4f8103ff
03ff6fb3
4a934193
ed330390
1a880084
02c9dab3
01779e93
8eed4091
021dd2b3
0f378eb5
7fc18000
6fb30f85
0a6321ff
66330276
147d0249
0164ddb3
13630c36
cd09003f
e913987d
2ab3a2d4
af3702e3
0f13a5a5
6fc15a5f
41ff7fb3
5a338d0d
08b303b6
7f33000e
8c0101ab
b1c46e37
c8080893
01c6db33
c0b3127d
4f010343
80000fb7
6fb31ffd
907341ff
00ef3400
80670080
20f30000
865d3400
406ad993
6b33717d
7013010f
5a337242
e99d0361
00ead633
009b2033
7f416ad9
0fb70f05
4fb38000
8a8141ff
00da4a33
028f6db3
0235ab33
01a39b13
0319a233
9f6b5217
04a57b63
f6630001
6f4102a1
a5a5afb7
5a5f8f93
600f1f93
340f1073
34002ff3
34003ff3
1b93e289
84330191
d013004d
0d5500e7
72630001
90a2033a
03b84d33
0f378d2d
1f7d8000
1f934f81
0001601f
80338d51
0b130270
74635c21
0db301b8
60a5416c
00af9593
6593ee89
0f37dda7
7fc18000
1f930f85
bbb3602f
d46303e3
73930147
dd1320eb
5533409b
e2890065
0558f563
40048eb3
04139b9a
af3737f0
0f13a5a5
6fc15a5f
0bff4fb3
9a3a997d
73338d0d
8eb100aa
00a50f33
6763ea85
09100274
01b48f63
0fb74f01
1ffd8000
0bff5fb3
02b6eeb3
74336161
95b30115
85d502be
018d7e33
0499d863
7c338cda
d8130122
7f410056
0fb70f05
6fb38000
10730bff
04173404
04130000
c0042aa4
00242223
00840113
4f02c07e
01f42423
c4044404
00442103
24734004
03173400
4533641b
631101e6
01d41993
cd1350fd
868de1c5
99b768a5
0001ecf7
afb76f41
8f93a5a5
7fb35a5f
f0330bff
b03301e1
c19302b4
8911c739
50330c3a
6ab303ed
b43303f8
ed91024c
95477193
80000f37
4f811f7d
604f1f93
58b30856
17b34107
85790349
85de4293
99328e8d
00ce2e33
00259a63
03e3c763
80000f37
0f857fc1
605f1f93
020346b3
e2af6213
0142db33
0011c033
8e519286
5ab30001
1f634091
01b3009e
af3741fb
0f13a5a5
6fc15a5f
080f4fb3
009290e6
85b582e1
03f36033
85350001
00000717
00c70713
00070067
4f014185
80000fb7
1fb31ffd
907361ff
20093400
004000ef
004000ef
00000097
00c08093
00008067
340020f3
0f17a009
2d230000
bfe5123f
00010001
2373a009
57833410
8b8d0003
94634f8d
031101f7
0309a011
34131073
30200073
30002f73
30402f73
34402f73
344f3f73
004fa083
008fa103
00cfa183
010fa203
014fa283
018fa303
01cfa383
020fa403
024fa483
028fa503
02cfa583
030fa603
034fa683
038fa703
03cfa783
040fa803
044fa883
048fa903
04cfa983
050faa03
054faa83
058fab03
05cfab83
060fac03
064fac83
068fad03
06cfad83
070fae03
074fae83
078faf03
07cfaf83
07cf8f93
000f84b3
340f9ff3
30200073
00010001
00000000
00000000
00000000
00000000
00000000
00000000
00000000
00000000
00000000
00000000
00000000
11223344
00000000
00000000
00000000
00000000
00000000
00000000
00000000
00000000
00000000
00000000
00000000
00000000
00000000
00000000
00000000
00000000
00000000
00000000
00000000
00000000
00000000
00000000
00000000
00000000
00000000
00000000
00000000
00000000
00000000
00000000
00000000
00000000
00000000
00000000
00000000
00000000
00000000
00000000
00000000
00000000
00000000
00000000
00000000
00000000
00000000
00000000
00000000
00000000
00000000
00000000
00000000
00000000
00000000
00000000
00000000
00000000
00000000
00000000
00000000
00000000
00000000
00000000
00000000
00000000
00000000
00000000
00000000
00000000
00000000
00000000
00000000
00000000
00000000
00000000
00000000
00000000
00000000
00000000
00000000
00000000
00000000
00000000
00000000
00000000
00000000
00000000
00000000
00000000
00000000
00000000
00000000
00000000
00000000
00000000
00000000
00000000
00000000
00000000
00000000
00000000
00000000
00000000
00000000
00000000
00000000
00000000
00000000
00000000
00000000
00000000
00000000
00000000
00000000
00000000
00000000
00000000
00000000
00000000
00000000
00000000
00000000
00000000
00000000
00000000
00000000
00000000
00000000
00000000
00000000
00000000
00000000
00000000
00000000
00000000
00000000
00000000
00000000
00000000
00000000
00000000
00000000
00000000
00000000
00000000
00000000
00000000
00000000
00000000
00000000
00000000
00000000
00000000
00000000
00000000
00000000
00000000
00000000
00000000
00000000
00000000
00000000
00000000
00000000
00000000
00000000
00000000
00000000
00000000
00000000
00000000
00000000
00000000
00000000
00000000
00000000
00000000
00000000
00000000
00000000
00000000
00000000
00000000
00000000
00000000
00000000
00000000
00000000
00000000
00000000
00000000
00000000
00000000
00000000
00000000
00000000
00000000
00000000
00000000
00000000
00000000
00000000
00000000
00000000
00000000
00000000
00000000
00000000
00000000
00000000
00000000
00000000
00000000
00000000
00000000
00000000
00000000
00000000
00000000
00000000
00000000
00000000
00000000
00000000
00000000
00000000
00000000
00000000
00000000
00000000
00000000
00000000
00000000
00000000
00000000
00000000
00000000
00000000
00000000
00000000
00000000
00000000
00000000
00000000
00000000
00000000
00000000
00000000
00000000
00000000
00000000
00000000
00000000
00000000
00000000
00000000
00000000
00000000
00000000
00000000
00000000
00000000
00000000
00000000
00000000
00000000
00000000
00000000
00000000
00000000
00000000
00000000
00000000
00000000
00000000
00000000
00000000
00000000
00000000
00000000
00000000
00000000
00000000
00000000
00000000
00000000
00000000
00000000
00000000
00000000
00000000
00000000
00000000
00000000
00000000
00000000
00000000
00000000
00000000
00000000
00000000
00000000
00000000
00000000
00000000
00000000
00000000
00000000
00000000
00000000
00000000
00000000
00000000
00000000
00000000
00000000
00000000
00000000
00000000
00000000
00000000
00000000
00000000
00000000
00000000
00000000
00000000
00000000
00000000
00000000
00000000
00000000
00000000
00000000
00000000
00000000
00000000
00000000
00000000
00000000
00000000
00000000
00000000
00000000
00000000
00000000
00000000
00000000
00000000
00000000
00000000
00000000
00000000
00000000
00000000
00000000
00000000
00000000
00000000
00000000
00000000
00000000
00000000
00000000
00000000
00000000
00000000
00000000
00000000
00000000
00000000
00000000
00000000
00000000
00000000
00000000
00000000
00000000
00000000
00000000
00000000
00000000
00000000
00000000
00000000
00000000
00000000
00000000
00000000
00000000
00000000
00000000
00000000
00000000
00000000
00000000
00000000
00000000
00000000
00000000
00000000
00000000
00000000
00000000
00000000
00000000
00000000
00000000
00000000
00000000
00000000
00000000
00000000
00000000
00000000
00000000
00000000
00000000
00000000
00000000
00000000
00000000
00000000
00000000
00000000
00000000
00000000
00000000
00000000
00000000
00000000
00000000
00000000
00000000
00000000
00000000
00000000
00000000
00000000
00000000
00000000
00000000
00000000
00000000
00000000
00000000
00000000
00000000
00000000
00000000
00000000
00000000
00000000
00000000
00000000
00000000
00000000
00000000
00000000
00000000
00000000
00000000
00000000
00000000
00000000
00000000
00000000
00000000
00000000
00000000
00000000
00000000
00000000
00000000
00000000
00000000
00000000
00000000
00000000
00000000
00000000
00000000
00000000
00000000
00000000
00000000
00000000
00000000
00000000
00000000
00000000
00000000
00000000
00000000
00000000
00000000
00000000
00000000
00000000
00000000
00000000
00000000
00000000
00000000
00000000
00000000
00000000
00000000
00000000
00000000
00000000
00000000
00000000
00000000
00000000
00000000
00000000
00000000
00000000
00000000
00000000
00000000
00000000
00000000
00000000
00000000
00000000
00000000
00000000
00000000
00000000
00000000
00000000
00000000
00000000
00000000
00000000
00000000
00000000
00000000
00000000
00000000
00000000
00000000
00000000
00000000
00000000
00000000
00000000
00000000
00000000
00000000
00000000
00000000
00000000
00000000
00000000
00000000
00000000
00000000
00000000
00000000
00000000
00000000
00000000
00000000
00000000
00000000
00000000
00000000
00000000
00000000
00000000
00000000
00000000
00000000
00000000
00000000
00000000
00000000
00000000
00000000
00000000
00000000
00000000
00000000
00000000
00000000
00000000
00000000
00000000
00000000
00000000
00000000
00000000
00000000
00000000
00000000
00000000
00000000
00000000
00000000
00000000
00000000
00000000
00000000
00000000
00000000
00000000
00000000
00000000
00000000
00000000
00000000
00000000
00000000
00000000
00000000
00000000
00000000
00000000
00000000
00000000
00000000
00000000
00000000
00000000
00000000
00000000
00000000
00000000
00000000
00000000
00000000
00000000
00000000
00000000
00000000
00000000
00000000
00000000
00000000
00000000
00000000
00000000
00000000
00000000
00000000
00000000
00000000
00000000
00000000
00000000
00000000
00000000
00000000
00000000
00000000
00000000
00000000
00000000
00000000
00000000
00000000
00000000
00000000
00000000
00000000
00000000
00000000
00000000
00000000
00000000
00000000
00000000
00000000
00000000
00000000
00000000
00000000
00000000
00000000
00000000
00000000
00000000
00000000
00000000
00000000
00000000
00000000
00000000
00000000
00000000
00000000
00000000
00000000
00000000
00000000
00000000
00000000
00000000
00000000
00000000
00000000
00000000
00000000
00000000
00000000
00000000
00000000
00000000
00000000
00000000
00000000
00000000
00000000
00000000
00000000
00000000
00000000
00000000
00000000
00000000
00000000
00000000
00000000
00000000
00000000
00000000
00000000
00000000
00000000
00000000
00000000
00000000
00000000
00000000
00000000
00000000
00000000
00000000
00000000
00000000
00000000
00000000
00000000
00000000
00000000
00000000
00000000
00000000
00000000
00000000
00000000
00000000
00000000
00000000
00000000
00000000
00000000
00000000
00000000
00000000
00000000
00000000
00000000
00000000
00000000
00000000
00000000
00000000
00000000
00000000
00000000
00000000
00000000
00000000
00000000
00000000
00000000
00000000
00000000
00000000
00000000
00000000
00000000
00000000
00000000
00000000
00000000
00000000
00000000
00000000
00000000
00000000
00000000
00000000
00000000
00000000
00000000
00000000
00000000
00000000
00000000
00000000
00000000
00000000
00000000
00000000
00000000
00000000
00000000
00000000
00000000
00000000
00000000
00000000
00000000
00000000
00000000
00000000
00000000
00000000
00000000
00000000
00000000
00000000
00000000
00000000
00000000
00000000
00000000
00000000
00000000
00000000
00000000
00000000
00000000
00000000
00000000
00000000
00000000
00000000
00000000
00000000
00000000
00000000
00000000
00000000
00000000
00000000
00000000
00000000
00000000
00000000
00000000
00000000
00000000
00000000
00000000
00000000
00000000
00000000
00000000
00000000
00000000
00000000
00000000
00000000
00000000
00000000
00000000
00000000
00000000
00000000
00000000
00000000
00000000
00000000
00000000
00000000
00000000
00000000
00000000
00000000
00000000
00000000
00000000
00000000
00000000
00000000
00000000
00000000
00000000
00000000
00000000
00000000
00000000
00000000
00000000
00000000
00000000
00000000
00000000
00000000
00000000
00000000
00000000
00000000
00000000
00000000
00000000
00000000
00000000
00000000
00000000
00000000
00000000
00000000
00000000
00000000
00000000
00000000
00000000
00000000
00000000
00000000
00000000
00000000
00000000
00000000
00000000
00000000
00000000
00000000
00000000
00000000
00000000
00000000
00000000
00000000
00000000
00000000
00000000
00000000
00000000
00000000
00000000
00000000
00000000
00000000
00000000
00000000
00000000
00000000
00000000
00000000
00000000
00000000
00000000
00000000
00000000
00000000
00000000
00000000
00000000
00000000
00000000
00000000
00000000
00000000
00000000
00000000
00000000
00000000
00000000
00000000
00000000
00000000
00000000
00000000
00000000
00000000
00000000
00000000
00000000
00000000
00000000
00000000
00000000
00000000
00000000
00000000
00000000
00000000
00000000
00000000
00000000
00000000
00000000
00000000
00000000
00000000
00000000
00000000
00000000
00000000
00000000
00000000
00000000
00000000
00000000
00000000
00000000
00000000
00000000
00000000
00000000
00000000
00000000
00000000
00000000
00000000
00000000
00000000
00000000
00000000
00000000
00000000
00000000
00000000
00000000
00000000
00000000
00000000
00000000
00000000
00000000
00000000
00000000
00000000
00000000
00000000
00000000
00000000
00000000
00000000
00000000
00000000
00000000
00000000
00000000
00000000
00000000
00000000
00000000
00000000
00000000
00000000
00000000
00000000
00000000
00000000
00000000
00000000
00000000
00000000
00000000
00000000
00000000
00000000
00000000
00000000
00000000
00000000
00000000
00000000
00000000
00000000
00000000
00000000
00000000
00000000
00000000
00000000
00000000
00000000
00000000
00000000
00000000
00000000
00000000
00000000
00000000
00000000
00000000
00000000
00000000
00000000
00000000
00000000
00000000
00000000
00000000
00000000
00000000
00000000
00000000
00000000
00000000
00000000
00000000
00000000
00000000
00000000
00000000
00000000
00000000
00000000
00000000
00000000
00000000
00000000
00000000
00000000
00000000
00000000
00000000
00000000
00000000
00000000
00000000
00000000
00000000
00000000
00000000
00000000
00000000
00000000
00000000
00000000
00000000
00000000
00000000
00000000
00000000
00000000
00000000
00000000
00000000
00000000
00000000
00000000
00000000
00000000
00000000
00000000
00000000
00000000
00000000
00000000
00000000
00000000
00000000
00000000
00000000
00000000
00000000
00000000
00000000
00000000
00000000
00000000
00000000
00000000
00000000
00000000
00000000
00000000
00000000
00000000
00000000
00000000
00000000
00000000
00000000
00000000
00000000
00000000
00000000
00000000
00000000
00000000
00000000
00000000
00000000
00000000
00000000
00000000
00000000
00000000
00000000
00000000
00000000
00000000
00000000
00000000
00000000
00000000
00000000
00000000
00000000
00000000
00000000
00000000
00000000
00000000
00000000
00000000
00000000
00000000
00000000
00000000
00000000
00000000
00000000
00000000
00000000
00000000
00000000
00000000
00000000
00000000
00000000
00000000
00000000
00000000
00000000
00000000
00000000
00000000
00000000
00000000
00000000
00000000
00000000
00000000
00000000
00000000
00000000
00000000
00000000
00000000
00000000
00000000
00000000
00000000
00000000
00000000
00000000
00000000
00000000
00000000
00000000
00000000
00000000
00000000
00000000
00000000
00000000
00000000
00000000
00000000
00000000
00000000
00000000
00000000
00000000
00000000
00000000
00000000
00000000
00000000
00000000
00000000
00000000
00000000
00000000
00000000
00000000
00000000
00000000
00000000
00000000
00000000
00000000
00000000
00000000
00000000
00000000
00000000
00000000
00000000
00000000
00000000
00000000
00000000
00000000
00000000
00000000
00000000
00000000
00000000
00000000
00000000
00000000
00000000
00000000
00000000
00000000
00000000
00000000
00000000
00000000
00000000
00000000
00000000
00000000
00000000
00000000
00000000
00000000
00000000
00000000
00000000
00000000
00000000
00000000
00000000
00000000
00000000
00000000
00000000
00000000
00000000
00000000
00000000
00000000
00000000
00000000
00000000
00000000
00000000
00000000
00000000
00000000
00000000
00000000
00000000
00000000
00000000
00000000
00000000
00000000
00000000
00000000
00000000
00000000
00000000
00000000
00000000
00000000
00000000
00000000
00000000
00000000
00000000
00000000
00000000
00000000
00000000
00000000
00000000
00000000
00000000
00000000
00000000
00000000
00000000
00000000
00000000
00000000
00000000
00000000
00000000
00000000
00000000
00000000
00000000
00000000
00000000
00000000
00000000
00000000
00000000
00000000
00000000
00000000
00000000
00000000
00000000
00000000
00000000
00000000
00000000
00000000
00000000
00000000
00000000
00000000
00000000
00000000
00000000
00000000
00000000
00000000
00000000
00000000
00000000
00000000
00000000
00000000
00000000
00000000
00000000
00000000
00000000
00000000
00000000
00000000
00000000
00000000
00000000
00000000
00000000
00000000
00000000
00000000
00000000
00000000
00000000
00000000
00000000
00000000
00000000
00000000
00000000
00000000
00000000
00000000
00000000
00000000
00000000
00000000
00000000
00000000
00000000
00000000
00000000
00000000
00000000
00000000
00000000
00000000
00000000
00000000
00000000
00000000
00000000
00000000
00000000
00000000
00000000
00000000
00000000
00000000
00000000
00000000
00000000
00000000
00000000
00000000
00000000
00000000
00000000
00000000
00000000
00000000
00000000
00000000
00000000
00000000
00000000
00000000
00000000
00000000
00000000
00000000
00000000
00000000
00000000
00000000
00000000
00000000
00000000
00000000
00000000
00000000
00000000
00000000
00000000
00000000
00000000
00000000
00000000
00000000
00000000
00000000
00000000
00000000
00000000
00000000
00000000
00000000
00000000
00000000
00000000
00000000
00000000
00000000
00000000
00000000
00000000
00000000
00000000
00000000
00000000
00000000
00000000
00000000
00000000
00000000
00000000
00000000
00000000
00000000
00000000
00000000
00000000
00000000
00000000
00000000
00000000
00000000
00000000
00000000
00000000
00000000
00000000
00000000
00000000
00000000
00000000
00000000
00000000
00000000
00000000
00000000
00000000
00000000
00000000
00000000
00000000
00000000
00000000
00000000
00000000
00000000
00000000
00000000
00000000
00000000
00000000
00000000
00000000
00000000
00000000
00000000
00000000
00000000
00000000
00000000
00000000
00000000
00000000
00000000
00000000
00000000
00000000
00000000
00000000
00000000
00000000
00000000
00000000
00000000
00000000
00000000
00000000
00000000
00000000
00000000
00000000
00000000
00000000
00000000
00000000
00000000
00000000
00000000
00000000
00000000
00000000
00000000
00000000
00000000
00000000
00000000
00000000
00000000
00000000
00000000
00000000
00000000
00000000
00000000
00000000
00000000
00000000
00000000
00000000
00000000
00000000
00000000
00000000
00000000
00000000
00000000
00000000
00000000
00000000
00000000
00000000
00000000
00000000
00000000
00000000
00000000
00000000
00000000
00000000
00000000
00000000
00000000
00000000
00000000
00000000
00000000
00000000
00000000
00000000
00000000
00000000
00000000
00000000
00000000
00000000
00000000
00000000
00000000
00000000
00000000
00000000
00000000
00000000
00000000
00000000
00000000
00000000
00000000
00000000
00000000
00000000
00000000
00000000
00000000
00000000
00000000
00000000
00000000
00000000
00000000
00000000
00000000
00000000
00000000
00000000
00000000
00000000
00000000
00000000
00000000
00000000
00000000
00000000
00000000
00000000
00000000
00000000
00000000
00000000
00000000
00000000
00000000
00000000
00000000
00000000
00000000
00000000
00000000
00000000
00000000
00000000
00000000
00000000
00000000
00000000
00000000
00000000
00000000
00000000
00000000
00000000
00000000
00000000
00000000
00000000
00000000
00000000
00000000
00000000
00000000
00000000
00000000
00000000
00000000
00000000
00000000
00000000
00000000
00000000
00000000
00000000
00000000
00000000
00000000
00000000
00000000
00000000
00000000
00000000
00000000
00000000
00000000
00000000
00000000
00000000
00000000
00000000
00000000
00000000
00000000
00000000
00000000
00000000
00000000
00000000
00000000
00000000
00000000
00000000
00000000
00000000
00000000
00000000
00000000
00000000
00000000
00000000
00000000
00000000
00000000
00000000
00000000
00000000
00000000
00000000
00000000
00000000
00000000
00000000
00000000
00000000
00000000
00000000
00000000
00000000
00000000
00000000
00000000
00000000
00000000
00000000
00000000
00000000
00000000
00000000
00000000
00000000
00000000
00000000
00000000
00000000
00000000
00000000
00000000
00000000
00000000
00000000
00000000
00000000
00000000
00000000
00000000
00000000
00000000
00000000
00000000
00000000
00000000
00000000
00000000
00000000
00000000
00000000
00000000
00000000
00000000
00000000
00000000
00000000
00000000
00000000
00000000
00000000
00000000
00000000
00000000
00000000
00000000
00000000
00000000
00000000
00000000
00000000
00000000
00000000
00000000
00000000
00000000
00000000
00000000
00000000
00000000
00000000
00000000
00000000
00000000
00000000
00000000
00000000
00000000
00000000
00000000
00000000
00000000
00000000
00000000
00000000
00000000
00000000
00000000
00000000
00000000
00000000
00000000
00000000
00000000
00000000
00000000
00000000
00000000
00000000
00000000
00000000
00000000
00000000
00000000
00000000
00000000
00000000
00000000
00000000
00000000
00000000
00000000
00000000
00000000
00000000
00000000
00000000
00000000
00000000
00000000
00000000
00000000
00000000
00000000
00000000
00000000
00000000
00000000
00000000
00000000
00000000
00000000
00000000
00000000
00000000
00000000
00000000
00000000
00000000
00000000
00000000
00000000
00000000
00000000
00000000
00000000
00000000
00000000
00000000
00000000
00000000
00000000
00000000
00000000
00000000
00000000
00000000
00000000
00000000
00000000
00000000
00000000
00000000
00000000
00000000
00000000
00000000
00000000
00000000
00000000
00000000
00000000
00000000
00000000
00000000
00000000
00000000
00000000
00000000
00000000
00000000
00000000
00000000
00000000
00000000
00000000
00000000
00000000
00000000
00000000
00000000
00000000
00000000
00000000
00000000
00000000
00000000
00000000
00000000
00000000
00000000
00000000
00000000
00000000
00000000
00000000
00000000
00000000
00000000
00000000
00000000
00000000
00000000
00000000
00000000
00000000
00000000
00000000
00000000
00000000
00000000
00000000
00000000
00000000
00000000
00000000
00000000
00000000
00000000
00000000
00000000
00000000
00000000
00000000
00000000
00000000
00000000
00000000
00000000
00000000
00000000
00000000
00000000
00000000
00000000
00000000
00000000
00000000
00000000
00000000
00000000
00000000
00000000
00000000
00000000
00000000
00000000
00000000
00000000
00000000
00000000
00000000
00000000
00000000
00000000
00000000
00000000
00000000
00000000
00000000
00000000
00000000
00000000
00000000
00000000
00000000
00000000
00000000
00000000
00000000
00000000
00000000
00000000
00000000
00000000
00000000
00000000
00000000
00000000
00000000
00000000
00000000
00000000
00000000
00000000
00000000
00000000
00000000
00000000
00000000
00000000
00000000
00000000
00000000
00000000
00000000
00000000
00000000
00000000
00000000
00000000
00000000
00000000
00000000
00000000
00000000
00000000
00000000
00000000
00000000
00000000
00000000
00000000
00000000
00000000
00000000
00000000
00000000
00000000
00000000
00000000
00000000
00000000
00000000
00000000
00000000
00000000
00000000
00000000
00000000
00000000
00000000
00000000
00000000
00000000
00000000
00000000
00000000
00000000
00000000
00000000
00000000
00000000
00000000
00000000
00000000
00000000
00000000
00000000
00000000
00000000
00000000
00000000
00000000
00000000
00000000
00000000
00000000
00000000
00000000
00000000
00000000
00000000
00000000
00000000
00000000
00000000
00000000
00000000
00000000
00000000
00000000
00000000
00000000
00000000
00000000
00000000
00000000
00000000
00000000
00000000
00000000
00000000
00000000
00000000
00000000
00000000
00000000
00000000
00000000
00000000
00000000
00000000
00000000
00000000
00000000
00000000
00000000
00000000
00000000
00000000
00000000
00000000
00000000
00000000
00000000
00000000
00000000
00000000
00000000
00000000
00000000
00000000
00000000
00000000
00000000
00000000
00000000
00000000
00000000
00000000
00000000
00000000
00000000
00000000
00000000
00000000
00000000
00000000
00000000
00000000
00000000
00000000
00000000
00000000
00000000
00000000
00000000
00000000
00000000
00000000
00000000
00000000
00000000
00000000
00000000
00000000
00000000
00000000
00000000
00000000
00000000
00000000
00000000
00000000
00000000
00000000
00000000
00000000
00000000
00000000
00000000
00000000
00000000
00000000
00000000
00000000
00000000
00000000
00000000
00000000
00000000
00000000
00000000
00000000
00000000
00000000
00000000
00000000
00000000
00000000
00000000
00000000
00000000
00000000
00000000
00000000
00000000
00000000
00000000
00000000
00000000
00000000
00000000
00000000
00000000
00000000
00000000
00000000
00000000
00000000
00000000
00000000
00000000
00000000
00000000
00000000
00000000
00000000
00000000
00000000
00000000
00000000
00000000
00000000
00000000
00000000
00000000
00000000
00000000
00000000
00000000
00000000
00000000
00000000
00000000
00000000
00000000
00000000
00000000
00000000
00000000
00000000
00000000
00000000
00000000
00000000
00000000
00000000
00000000
00000000
00000000
00000000
00000000
00000000
00000000
00000000
00000000
00000000
00000000
00000000
00000000
00000000
00000000
00000000
00000000
00000000
00000000
00000000
00000000
00000000
00000000
00000000
00000000
00000000
00000000
00000000
00000000
00000000
00000000
00000000
00000000
00000000
00000000
00000000
00000000
00000000
00000000
00000000
00000000
00000000
00000000
00000000
00000000
00000000
00000000
00000000
00000000
00000000
00000000
00000000
00000000
00000000
00000000
00000000
00000000
00000000
00000000
00000000
00000000
00000000
00000000
00000000
00000000
00000000
00000000
00000000
00000000
00000000
00000000
00000000
00000000
00000000
00000000
00000000
00000000
00000000
00000000
00000000
00000000
00000000
00000000
00000000
00000000
00000000
00000000
00000000
00000000
00000000
00000000
00000000
00000000
00000000
00000000
00000000
00000000
00000000
00000000
00000000
00000000
00000000
00000000
00000000
00000000
00000000
00000000
00000000
00000000
00000000
00000000
00000000
00000000
00000000
00000000
00000000
00000000
00000000
00000000
00000000
00000000
00000000
00000000
00000000
00000000
00000000
00000000
00000000
00000000
00000000
00000000
00000000
00000000
00000000
00000000
00000000
00000000
00000000
00000000
00000000
00000000
00000000
00000000
00000000
00000000
00000000
00000000
00000000
00000000
00000000
00000000
00000000
00000000
00000000
00000000
00000000
00000000
00000000
00000000
00000000
00000000
00000000
00000000
00000000
00000000
00000000
00000000
00000000
00000000
00000000
00000000
00000000
00000000
00000000
00000000
00000000
00000000
00000000
00000000
00000000
00000000
00000000
00000000
00000000
00000000
00000000
00000000
00000000
00000000
00000000
00000000
00000000
00000000
00000000
00000000
00000000
00000000
00000000
00000000
00000000
00000000
00000000
00000000
00000000
00000000
00000000
00000000
00000000
00000000
00000000
00000000
00000000
00000000
00000000
00000000
00000000
00000000
00000000
00000000
00000000
00000000
00000000
00000000
00000000
00000000
00000000
00000000
00000000
00000000
00000000
00000000
00000000
00000000
00000000
00000000
00000000
00000000
00000000
00000000
00000000
00000000
00000000
00000000
00000000
00000000
00000000
00000000
00000000
00000000
00000000
00000000
00000000
00000000
00000000
00000000
00000000
00000000
00000000
00000000
00000000
00000000
00000000
00000000
00000000
00000000
00000000
00000000
00000000
00000000
00000000
00000000
00000000
00000000
00000000
00000000
00000000
00000000
00000000
00000000
00000000
00000000
00000000
00000000
00000000
00000000
00000000
00000000
00000000
00000000
00000000
00000000
00000000
00000000
00000000
00000000
00000000
00000000
00000000
00000000
00000000
00000000
00000000
00000000
00000000
00000000
00000000
00000000
00000000
00000000
00000000
00000000
00000000
00000000
00000000
00000000
00000000
00000000
00000000
00000000
00000000
00000000
00000000
00000000
00000000
00000000
00000000
00000000
00000000
00000000
00000000
00000000
00000000
00000000
00000000
00000000
00000000
00000000
00000000
00000000
00000000
00000000
00000000
00000000
00000000
00000000
00000000
00000000
00000000
00000000
00000000
00000000
00000000
00000000
00000000
00000000
00000000
00000000
00000000
00000000
00000000
00000000
00000000
00000000
00000000
00000000
00000000
00000000
00000000
00000000
00000000
00000000
00000000
00000000
00000000
00000000
00000000
00000000
00000000
00000000
00000000
00000000
00000000
00000000
00000000
00000000
00000000
00000000
00000000
00000000
00000000
00000000
00000000
00000000
00000000
00000000
00000000
00000000
00000000
00000000
00000000
00000000
00000000
00000000
00000000
00000000
00000000
00000000
00000000
00000000
00000000
00000000
00000000
00000000
00000000
00000000
00000000
00000000
00000000
00000000
00000000
00000000
00000000
00000000
00000000
00000000
00000000
00000000
00000000
00000000
00000000
00000000
00000000
00000000
00000000
00000000
00000000
00000000
00000000
00000000
00000000
00000000
00000000
00000000
00000000
00000000
00000000
00000000
00000000
00000000
00000000
00000000
00000000
00000000
00000000
00000000
00000000
00000000
00000000
00000000
00000000
00000000
00000000
00000000
00000000
00000000
00000000
00000000
00000000
00000000
00000000
00000000
00000000
00000000
00000000
00000000
00000000
00000000
00000000
00000000
00000000
00000000
00000000
00000000
00000000
00000000
00000000
00000000
00000000
00000000
00000000
00000000
00000000
00000000
00000000
00000000
00000000
00000000
00000000
00000000
00000000
00000000
00000000
00000000
00000000
00000000
00000000
00000000
00000000
00000000
00000000
00000000
00000000
00000000
00000000
00000000
00000000
00000000
00000000
00000000
00000000
00000000
00000000
00000000
00000000
00000000
00000000
00000000
00000000
00000000
00000000
00000000
00000000
00000000
00000000
00000000
00000000
00000000
00000000
00000000
00000000
00000000
00000000
00000000
00000000
00000000
00000000
00000000
00000000
00000000
00000000
00000000
00000000
00000000
00000000
00000000
00000000
00000000
00000000
00000000
00000000
00000000
00000000
00000000
00000000
00000000
00000000
00000000
00000000
00000000
00000000
00000000
00000000
00000000
00000000
00000000
00000000
00000000
00000000
00000000
00000000
00000000
00000000
00000000
00000000
00000000
00000000
00000000
00000000
00000000
00000000
00000000
00000000
00000000
00000000
00000000
00000000
00000000
00000000
00000000
00000000
00000000
00000000
00000000
00000000
00000000
00000000
00000000
00000000
00000000
00000000
00000000
00000000
00000000
00000000
00000000
00000000
00000000
00000000
00000000
00000000
00000000
00000000
00000000
00000000
00000000
00000000
00000000
00000000
00000000
00000000
00000000
00000000
00000000
00000000
00000000
00000000
00000000
00000000
00000000
00000000
00000000
00000000
00000000
00000000
00000000
00000000
00000000
00000000
00000000
00000000
00000000
00000000
00000000
00000000
00000000
00000000
00000000
00000000
00000000
00000000
00000000
00000000
00000000
00000000
00000000
00000000
00000000
00000000
00000000
00000000
00000000
00000000
00000000
00000000
00000000
00000000
00000000
00000000
00000000
00000000
00000000
00000000
00000000
00000000
00000000
00000000
00000000
00000000
00000000
00000000
00000000
00000000
00000000
00000000
00000000
00000000
00000000
00000000
00000000
00000000
00000000
00000000
00000000
00000000
00000000
00000000
00000000
00000000
00000000
00000000
00000000
00000000
00000000
00000000
00000000
00000000
00000000
00000000
00000000
00000000
00000000
00000000
00000000
00000000
00000000
00000000
00000000
00000000
00000000
00000000
00000000
00000000
00000000
00000000
00000000
00000000
00000000
00000000
00000000
00000000
00000000
00000000
00000000
00000000
00000000
00000000
00000000
00000000
00000000
00000000
00000000
00000000
00000000
00000000
00000000
00000000
00000000
00000000
00000000
00000000
00000000
00000000
00000000
00000000
00000000
00000000
00000000
00000000
00000000
00000000
00000000
00000000
00000000
00000000
00000000
00000000
00000000
00000000
00000000
00000000
00000000
00000000
00000000
00000000
00000000
00000000
00000000
00000000
00000000
00000000
00000000
00000000
00000000
00000000
00000000
00000000
00000000
00000000
00000000
00000000
00000000
00000000
00000000
00000000
00000000
00000000
00000000
00000000
00000000
00000000
00000000
00000000
00000000
00000000
00000000
00000000
00000000
00000000
00000000
00000000
00000000
00000000
00000000
00000000
00000000
00000000
00000000
00000000
00000000
00000000
00000000
00000000
00000000
00000000
00000000
00000000
00000000
00000000
00000000
00000000
00000000
00000000
00000000
00000000
00000000
00000000
00000000
00000000
00000000
00000000
00000000
00000000
00000000
00000000
00000000
00000000
00000000
00000000
00000000
00000000
00000000
00000000
00000000
00000000
00000000
00000000
00000000
00000000
00000000
00000000
00000000
00000000
00000000
00000000
00000000
00000000
00000000
00000000
00000000
00000000
00000000
00000000
00000000
00000000
00000000
00000000
00000000
00000000
00000000
00000000
00000000
00000000
00000000
00000000
00000000
00000000
00000000
00000000
00000000
00000000
00000000
00000000
00000000
00000000
00000000
00000000
00000000
00000000
00000000
00000000
00000000
00000000
00000000
00000000
00000000
00000000
00000000
00000000
00000000
00000000
00000000
00000000
00000000
00000000
00000000
00000000
00000000
00000000
00000000
00000000
00000000
00000000
00000000
00000000
00000000
00000000
00000000
00000000
00000000
00000000
00000000
00000000
00000000
00000000
00000000
00000000
00000000
00000000
00000000
00000000
00000000
00000000
00000000
00000000
00000000
00000000
00000000
00000000
00000000
00000000
00000000
00000000
00000000
00000000
00000000
00000000
00000000
00000000
00000000
00000000
00000000
00000000
00000000
00000000
00000000
00000000
00000000
00000000
00000000
00000000
00000000
00000000
00000000
00000000
00000000
00000000
00000000
00000000
00000000
00000000
00000000
00000000
00000000
00000000
00000000
00000000
00000000
00000000
00000000
00000000
00000000
00000000
00000000
00000000
00000000
00000000
00000000
00000000
00000000
00000000
00000000
00000000
00000000
00000000
00000000
00000000
00000000
00000000
00000000
00000000
00000000
00000000
00000000
00000000
00000000
00000000
00000000
00000000
00000000
00000000
00000000
00000000
00000000
00000000
00000000
00000000
00000000
00000000
00000000
00000000
00000000
00000000
00000000
00000000
00000000
00000000
00000000
00000000
00000000
00000000
00000000
00000000
00000000
00000000
00000000
00000000
00000000
00000000
00000000
00000000
00000000
00000000
00000000
00000000
00000000
00000000
00000000
00000000
00000000
00000000
00000000
00000000
00000000
00000000
00000000
00000000
00000000
00000000
00000000
00000000
00000000
00000000
00000000
00000000
00000000
00000000
00000000
00000000
00000000
00000000
00000000
00000000
00000000
00000000
00000000
00000000
00000000
00000000
00000000
00000000
00000000
00000000
00000000
00000000
00000000
00000000
00000000
00000000
00000000
00000000
00000000
00000000
00000000
00000000
00000000
00000000
00000000
00000000
00000000
00000000
00000000
00000000
00000000
00000000
00000000
00000000
00000000
00000000
00000000
00000000
00000000
00000000
00000000
00000000
00000000
00000000
00000000
00000000
00000000
00000000
00000000
00000000
00000000
00000000
00000000
00000000
00000000
00000000
00000000
00000000
00000000
00000000
00000000
00000000
00000000
00000000
00000000
00000000
00000000
00000000
00000000
00000000
00000000
00000000
00000000
00000000
00000000
00000000
00000000
00000000
00000000
00000000
00000000
00000000
00000000
00000000
00000000
00000000
00000000
00000000
00000000
00000000
00000000
00000000
00000000
00000000
00000000
00000000
00000000
00000000
00000000
00000000
00000000
00000000
00000000
00000000
00000000
00000000
00000000
00000000
00000000
00000000
00000000
00000000
00000000
00000000
00000000
00000000
00000000
00000000
00000000
00000000
00000000
00000000
00000000
00000000
00000000
00000000
00000000
00000000
00000000
00000000
00000000
00000000
00000000
00000000
00000000
00000000
00000000
00000000
00000000
00000000
00000000
00000000
00000000
00000000
00000000
00000000
00000000
00000000
00000000
00000000
00000000
00000000
00000000
00000000
00000000
00000000
00000000
00000000
00000000
00000000
00000000
00000000
00000000
00000000
00000000
00000000
00000000
00000000
00000000
00000000
00000000
00000000
00000000
00000000
00000000
00000000
00000000
00000000
00000000
00000000
00000000
00000000
00000000
00000000
00000000
00000000
00000000
00000000
00000000
00000000
00000000
00000000
00000000
00000000
00000000
00000000
00000000
00000000
00000000
00000000
00000000
00000000
00000000
00000000
00000000
00000000
00000000
00000000
00000000
00000000
00000000
00000000
00000000
00000000
00000000
00000000
00000000
00000000
00000000
00000000
00000000
00000000
00000000
00000000
00000000
00000000
00000000
00000000
00000000
00000000
00000000
00000000
00000000
00000000
00000000
00000000
00000000
00000000
00000000
00000000
00000000
00000000
00000000
00000000
00000000
00000000
00000000
00000000
00000000
00000000
00000000
00000000
00000000
00000000
00000000
00000000
00000000
00000000
00000000
00000000
00000000
00000000
00000000
00000000
00000000
00000000
00000000
00000000
00000000
00000000
00000000
00000000
00000000
00000000
00000000
00000000
00000000
00000000
00000000
00000000
00000000
00000000
00000000
00000000
00000000
00000000
00000000
00000000
00000000
00000000
00000000
00000000
00000000
00000000
00000000
00000000
00000000
00000000
00000000
00000000
00000000
00000000
00000000
00000000
00000000
00000000
00000000
00000000
00000000
00000000
00000000
00000000
00000000
00000000
00000000
00000000
00000000
00000000
00000000
00000000
00000000
00000000
00000000
00000000
00000000
00000000
00000000
00000000
00000000
00000000
00000000
00000000
00000000
00000000
00000000
00000000
00000000
00000000
00000000
00000000
00000000
00000000
00000000
00000000
00000000
00000000
00000000
00000000
00000000
00000000
00000000
00000000
00000000
00000000
00000000
00000000
00000000
00000000
00000000
00000000
00000000
00000000
00000000
00000000
00000000
00000000
00000000
00000000
00000000
00000000
00000000
00000000
00000000
00000000
00000000
00000000
00000000
00000000
00000000
00000000
00000000
00000000
00000000
00000000
00000000
00000000
00000000
00000000
00000000
00000000
00000000
00000000
00000000
00000000
00000000
00000000
00000000
00000000
00000000
00000000
00000000
00000000
00000000
00000000
00000000
00000000
00000000
00000000
00000000
00000000
00000000
00000000
00000000
00000000
00000000
00000000
00000000
00000000
00000000
00000000
00000000
00000000
00000000
00000000
00000000
00000000
00000000
00000000
00000000
00000000
00000000
00000000
00000000
00000000
00000000
00000000
00000000
00000000
00000000
00000000
00000000
00000000
00000000
00000000
00000000
00000000
00000000
00000000
00000000
00000000
00000000
00000000
00000000
00000000
00000000
00000000
00000000
00000000
00000000
00000000
00000000
00000000
00000000
00000000
00000000
00000000
00000000
00000000
00000000
00000000
00000000
00000000
00000000
00000000
00000000
00000000
00000000
00000000
00000000
00000000
00000000
00000000
00000000
00000000
00000000
00000000
00000000
00000000
00000000
00000000
00000000
00000000
00000000
00000000
00000000
00000000
00000000
00000000
00000000
00000000
00000000
00000000
00000000
00000000
00000000
00000000
00000000
00000000
00000000
00000000
00000000
00000000
00000000
00000000
00000000
00000000
00000000
00000000
00000000
00000000
00000000
00000000
00000000
00000000
00000000
00000000
00000000
00000000
00000000
00000000
00000000
00000000
00000000
00000000
00000000
00000000
00000000
00000000
00000000
00000000
00000000
00000000
00000000
00000000
00000000
00000000
00000000
00000000
00000000
00000000
00000000
00000000
00000000
00000000
00000000
00000000
00000000
00000000
00000000
00000000
00000000
00000000
00000000
00000000
00000000
00000000
00000000
00000000
00000000
00000000
00000000
00000000
00000000
00000000
00000000
00000000
00000000
00000000
00000000
00000000
00000000
00000000
00000000
00000000
00000000
00000000
00000000
00000000
00000000
00000000
00000000
00000000
00000000
00000000
00000000
00000000
00000000
00000000
00000000
00000000
00000000
00000000
00000000
00000000
00000000
00000000
00000000
00000000
00000000
00000000
00000000
00000000
00000000
00000000
00000000
00000000
00000000
00000000
00000000
00000000
00000000
00000000
00000000
00000000
00000000
00000000
00000000
00000000
00000000
00000000
00000000
00000000
00000000
00000000
00000000
00000000
00000000
00000000
00000000
00000000
00000000
00000000
00000000
00000000
00000000
00000000
00000000
00000000
00000000
00000000
00000000
00000000
00000000
00000000
00000000
00000000
00000000
00000000
00000000
00000000
00000000
00000000
00000000
00000000
00000000
00000000
00000000
00000000
00000000
00000000
00000000
00000000
00000000
00000000
00000000
00000000
00000000
00000000
00000000
00000000
00000000
00000000
00000000
00000000
00000000
00000000
00000000
00000000
00000000
00000000
00000000
00000000
00000000
00000000
00000000
00000000
00000000
00000000
00000000
00000000
00000000
00000000
00000000
00000000
00000000
00000000
00000000
00000000
00000000
00000000
00000000
00000000
00000000
00000000
00000000
00000000
00000000
00000000
00000000
00000000
00000000
00000000
00000000
00000000
00000000
00000000
00000000
00000000
00000000
00000000
00000000
00000000
00000000
00000000
00000000
00000000
00000000
00000000
00000000
00000000
00000000
00000000
00000000
00000000
00000000
00000000
00000000
00000000
00000000
00000000
00000000
00000000
00000000
00000000
00000000
00000000
00000000
00000000
00000000
00000000
00000000
00000000
00000000
00000000
00000000
00000000
00000000
00000000
00000000
00000000
00000000
00000000
00000000
00000000
00000000
00000000
00000000
00000000
00000000
00000000
00000000
00000000
00000000
00000000
00000000
00000000
00000000
00000000
00000000
00000000
00000000
00000000
00000000
00000000
00000000
00000000
00000000
00000000
00000000
00000000
00000000
00000000
00000000
00000000
00000000
00000000
00000000
00000000
00000000
00000000
00000000
00000000
00000000
00000000
00000000
00000000
00000000
00000000
00000000
00000000
00000000
00000000
00000000
00000000
00000000
00000000
00000000
00000000
00000000
00000000
00000000
00000000
00000000
00000000
00000000
00000000
00000000
00000000
00000000
00000000
00000000
00000000
00000000
00000000
00000000
00000000
00000000
00000000
00000000
00000000
00000000
00000000
00000000
00000000
00000000
00000000
00000000
00000000
00000000
00000000
00000000
00000000
00000000
00000000
00000000
00000000
00000000
00000000
00000000
00000000
00000000
00000000
00000000
00000000
00000000
00000000
00000000
00000000
00000000
00000000
00000000
00000000
00000000
00000000
00000000
00000000
00000000
00000000
00000000
00000000
00000000
00000000
00000000
00000000
00000000
00000000
00000000
00000000
00000000
00000000
00000000
00000000
00000000
00000000
00000000
00000000
00000000
00000000
00000000
00000000
00000000
00000000
00000000
00000000
00000000
00000000
00000000
00000000
00000000
00000000
00000000
00000000
00000000
00000000
00000000
00000000
00000000
00000000
00000000
00000000
00000000
00000000
00000000
00000000
00000000
00000000
00000000
00000000
00000000
00000000
00000000
00000000
00000000
00000000
00000000
00000000
00000000
00000000
00000000
00000000
00000000
00000000
00000000
00000000
00000000
00000000
00000000
00000000
00000000
00000000
00000000
00000000
00000000
00000000
00000000
00000000
00000000
00000000
00000000
00000000
00000000
00000000
00000000
00000000
00000000
00000000
00000000
00000000
00000000
00000000
00000000
00000000
00000000
00000000
00000000
00000000
00000000
00000000
00000000
00000000
00000000
00000000
00000000
00000000
00000000
00000000
00000000
00000000
00000000
00000000
00000000
00000000
00000000
00000000
00000000
00000000
00000000
00000000
00000000
00000000
00000000
00000000
00000000
00000000
00000000
00000000
00000000
00000000
00000000
00000000
00000000
00000000
00000000
00000000
00000000
00000000
00000000
00000000
00000000
00000000
00000000
00000000
00000000
00000000
00000000
00000000
00000000
00000000
00000000
00000000
00000000
00000000
00000000
00000000
00000000
00000000
00000000
00000000
00000000
00000000
00000000
00000000
00000000
00000000
00000000
00000000
00000000
00000000
00000000
00000000
00000000
00000000
00000000
00000000
00000000
00000000
00000000
00000000
00000000
00000000
00000000
00000000
00000000
00000000
00000000
00000000
00000000
00000000
00000000
00000000
00000000
00000000
00000000
00000000
00000000
00000000
00000000
00000000
00000000
00000000
00000000
00000000
00000000
00000000
00000000
00000000
00000000
00000000
00000000
00000000
00000000
00000000
00000000
00000000
00000000
00000000
00000000
00000000
00000000
00000000
00000000
00000000
00000000
00000000
00000000
00000000
00000000
00000000
00000000
00000000
00000000
00000000
00000000
00000000
00000000
00000000
00000000
00000000
00000000
00000000
00000000
00000000
00000000
00000000
00000000
00000000
00000000
00000000
00000000
00000000
00000000
00000000
00000000
00000000
00000000
00000000
00000000
00000000
00000000
00000000
00000000
00000000
00000000
00000000
00000000
00000000
00000000
00000000
00000000
00000000
00000000
00000000
00000000
00000000
00000000
00000000
00000000
00000000
00000000
00000000
00000000
00000000
00000000
00000000
00000000
00000000
00000000
00000000
00000000
00000000
00000000
00000000
00000000
00000000
00000000
00000000
00000000
00000000
00000000
00000000
00000000
00000000
00000000
00000000
00000000
00000000
00000000
00000000
00000000
00000000
00000000
00000000
00000000
00000000
00000000
00000000
00000000
00000000
00000000
00000000
00000000
00000000
00000000
00000000
00000000
00000000
00000000
00000000
00000000
00000000
00000000
00000000
00000000
00000000
00000000
00000000
00000000
00000000
00000000
00000000
00000000
00000000
00000000
00000000
00000000
00000000
00000000
00000000
00000000
00000000
00000000
00000000
00000000
00000000
00000000
00000000
00000000
00000000
00000000
00000000
00000000
00000000
00000000
00000000
00000000
00000000
00000000
00000000
00000000
00000000
00000000
00000000
00000000
00000000
00000000
00000000
00000000
00000000
00000000
00000000
00000000
00000000
00000000
00000000
00000000
00000000
00000000
00000000
00000000
00000000
00000000
00000000
00000000
00000000
00000000
00000000
00000000
00000000
00000000
00000000
00000000
00000000
00000000
00000000
00000000
00000000
00000000
00000000
00000000
00000000
00000000
00000000
00000000
00000000
00000000
00000000
00000000
00000000
00000000
00000000
00000000
00000000
00000000
00000000
00000000
00000000
00000000
00000000
00000000
00000000
00000000
00000000
00000000
00000000
00000000
00000000
00000000
00000000
00000000
00000000
00000000
00000000
00000000
00000000
00000000
00000000
00000000
00000000
00000000
00000000
00000000
00000000
00000000
00000000
00000000
00000000
00000000
00000000
00000000
00000000
00000000
00000000
00000000
00000000
00000000
00000000
00000000
00000000
00000000
00000000
00000000
00000000
00000000
00000000
00000000
00000000
00000000
00000000
00000000
00000000
00000000
00000000
00000000
00000000
00000000
00000000
00000000
00000000
00000000
00000000
00000000
00000000
00000000
00000000
00000000
00000000
00000000
00000000
00000000
00000000
00000000
00000000
00000000
00000000
00000000
00000000
00000000
00000000
00000000
00000000
00000000
00000000
00000000
00000000
00000000
00000000
00000000
00000000
00000000
00000000
00000000
00000000
00000000
00000000
00000000
00000000
00000000
00000000
00000000
00000000
00000000
00000000
00000000
00000000
00000000
00000000
00000000
00000000
00000000
00000000
00000000
00000000
00000000
00000000
00000000
00000000
00000000
00000000
00000000
00000000
00000000
00000000
00000000
00000000
00000000
00000000
00000000
00000000
00000000
00000000
00000000
00000000
00000000
00000000
00000000
00000000
00000000
00000000
00000000
00000000
00000000
00000000
00000000
00000000
00000000
00000000
00000000
00000000
00000000
00000000
00000000
00000000
00000000
00000000
00000000
00000000
00000000
00000000
00000000
00000000
00000000
00000000
00000000
00000000
00000000
00000000
00000000
00000000
00000000
00000000
00000000
00000000
00000000
00000000
00000000
00000000
00000000
00000000
00000000
00000000
00000000
00000000
00000000
00000000
00000000
00000000
00000000
00000000
00000000
00000000
00000000
00000000
00000000
00000000
00000000
00000000
00000000
00000000
00000000
00000000
00000000
00000000
00000000
00000000
00000000
00000000
00000000
00000000
00000000
00000000
00000000
00000000
00000000
00000000
00000000
00000000
00000000
00000000
00000000
00000000
00000000
00000000
00000000
00000000
00000000
00000000
00000000
00000000
00000000
00000000
00000000
00000000
00000000
00000000
00000000
00000000
00000000
00000000
00000000
00000000
00000000
00000000
00000000
00000000
00000000
00000000
00000000
00000000
00000000
00000000
00000000
00000000
00000000
00000000
00000000
00000000
00000000
00000000
00000000
00000000
00000000
00000000
00000000
00000000
00000000
00000000
00000000
00000000
00000000
00000000
00000000
00000000
00000000
00000000
00000000
00000000
00000000
00000000
00000000
00000000
00000000
00000000
00000000
00000000
00000000
00000000
00000000
00000000
00000000
00000000
00000000
00000000
00000000
00000000
00000000
00000000
00000000
00000000
00000000
00000000
00000000
00000000
00000000
00000000
00000000
00000000
00000000
00000000
00000000
00000000
00000000
00000000
00000000
00000000
00000000
00000000
00000000
00000000
00000000
00000000
00000000
00000000
00000000
00000000
00000000
00000000
00000000
00000000
00000000
00000000
00000000
00000000
00000000
00000000
00000000
00000000
00000000
00000000
00000000
00000000
00000000
00000000
00000000
00000000
00000000
00000000
00000000
00000000
00000000
00000000
00000000
00000000
00000000
00000000
00000000
00000000
00000000
00000000
00000000
00000000
00000000
00000000
00000000
00000000
00000000
00000000
00000000
00000000
00000000
00000000
00000000
00000000
00000000
00000000
00000000
00000000
00000000
00000000
00000000
00000000
00000000
00000000
00000000
00000000
00000000
00000000
00000000
00000000
00000000
00000000
00000000
00000000
00000000
00000000
00000000
00000000
00000000
00000000
00000000
00000000
00000000
00000000
00000000
00000000
00000000
00000000
00000000
00000000
00000000
00000000
00000000
00000000
00000000
00000000
00000000
00000000
00000000
00000000
00000000
00000000
00000000
00000000
00000000
00000000
00000000
00000000
00000000
00000000
00000000
00000000
00000000
00000000
00000000
00000000
00000000
00000000
00000000
00000000
00000000
00000000
00000000
00000000
00000000
00000000
00000000
00000000
00000000
00000000
00000000
00000000
00000000
00000000
00000000
00000000
00000000
00000000
00000000
00000000
00000000
00000000
00000000
00000000
00000000
00000000
00000000
00000000
00000000
00000000
00000000
00000000
00000000
00000000
00000000
00000000
00000000
00000000
00000000
00000000
00000000
00000000
00000000
00000000
00000000
00000000
00000000
00000000
00000000
00000000
00000000
00000000
00000000
00000000
00000000
00000000
00000000
00000000
00000000
00000000
00000000
00000000
00000000
00000000
00000000
00000000
00000000
00000000
00000000
00000000
00000000
00000000
00000000
00000000
00000000
00000000
00000000
00000000
00000000
00000000
00000000
00000000
00000000
00000000
00000000
00000000
00000000
00000000
00000000
00000000
00000000
00000000
00000000
00000000
00000000
00000000
00000000
00000000
00000000
00000000
00000000
00000000
00000000
00000000
00000000
00000000
00000000
00000000
00000000
00000000
00000000
00000000
00000000
00000000
00000000
00000000
00000000
00000000
00000000
00000000
00000000
00000000
00000000
00000000
00000000
00000000
00000000
00000000
00000000
00000000
00000000
00000000
00000000
00000000
00000000
00000000
00000000
00000000
00000000
00000000
00000000
00000000
00000000
00000000
00000000
00000000
00000000
00000000
00000000
00000000
00000000
00000000
00000000
00000000
00000000
00000000
00000000
00000000
00000000
00000000
00000000
00000000
00000000
00000000
00000000
00000000
00000000
00000000
00000000
00000000
00000000
00000000
00000000
00000000
00000000
00000000
00000000
00000000
00000000
00000000
00000000
00000000
00000000
00000000
00000000
00000000
00000000
00000000
00000000
00000000
00000000
00000000
00000000
00000000
00000000
00000000
00000000
00000000
00000000
00000000
00000000
00000000
00000000
00000000
00000000
00000000
00000000
00000000
00000000
00000000
00000000
00000000
00000000
00000000
00000000
00000000
00000000
00000000
00000000
00000000
00000000
00000000
00000000
00000000
00000000
00000000
00000000
00000000
00000000
00000000
00000000
00000000
00000000
00000000
00000000
00000000
00000000
00000000
00000000
00000000
00000000
00000000
00000000
00000000
00000000
00000000
00000000
00000000
00000000
00000000
00000000
00000000
00000000
00000000
00000000
00000000
00000000
00000000
00000000
00000000
00000000
00000000
00000000
00000000
00000000
00000000
00000000
00000000
00000000
00000000
00000000
00000000
00000000
00000000
00000000
00000000
00000000
00000000
00000000
00000000
00000000
00000000
00000000
00000000
00000000
00000000
00000000
00000000
00000000
00000000
00000000
00000000
00000000
00000000
00000000
00000000
00000000
00000000
00000000
00000000
00000000
00000000
00000000
00000000
00000000
00000000
00000000
00000000
00000000
00000000
00000000
00000000
00000000
00000000
00000000
00000000
00000000
00000000
00000000
00000000
00000000
00000000
00000000
00000000
00000000
00000000
00000000
00000000
00000000
00000000
00000000
00000000
00000000
00000000
00000000
00000000
00000000
00000000
00000000
00000000
00000000
00000000
00000000
00000000
00000000
00000000
00000000
00000000
00000000
00000000
00000000
00000000
00000000
00000000
00000000
00000000
00000000
00000000
00000000
00000000
00000000
00000000
00000000
00000000
00000000
00000000
00000000
00000000
00000000
00000000
00000000
00000000
00000000
00000000
00000000
00000000
00000000
00000000
00000000
00000000
00000000
00000000
00000000
00000000
00000000
00000000
00000000
00000000
00000000
00000000
00000000
00000000
00000000
00000000
00000000
00000000
00000000
00000000
00000000
00000000
00000000
00000000
00000000
00000000
00000000
00000000
00000000
00000000
00000000
00000000
00000000
00000000
00000000
00000000
00000000
00000000
00000000
00000000
00000000
00000000
00000000
00000000
00000000
00000000
00000000
00000000
00000000
00000000
00000000
00000000
00000000
00000000
00000000
00000000
00000000
00000000
00000000
00000000
00000000
00000000
00000000
00000000
00000000
00000000
00000000
00000000
00000000
00000000
00000000
00000000
00000000
00000000
00000000
00000000
00000000
00000000
00000000
00000000
00000000
00000000
00000000
00000000
00000000
00000000
00000000
00000000
00000000
00000000
00000000
00000000
00000000
00000000
00000000
00000000
00000000
00000000
00000000
00000000
00000000
00000000
00000000
00000000
00000000
00000000
00000000
00000000
00000000
00000000
00000000
00000000
00000000
00000000
00000000
00000000
00000000
00000000
00000000
00000000
00000000
00000000
00000000
00000000
00000000
00000000
00000000
00000000
00000000
00000000
00000000
00000000
00000000
00000000
00000000
00000000
00000000
00000000
00000000
00000000
00000000
00000000
00000000
00000000
00000000
00000000
00000000
00000000
00000000
00000000
00000000
00000000
00000000
00000000
00000000
00000000
00000000
00000000
00000000
00000000
00000000
00000000
00000000
00000000
00000000
00000000
00000000
00000000
00000000
00000000
00000000
00000000
00000000
00000000
00000000
00000000
00000000
00000000
00000000
00000000
00000000
00000000
00000000
00000000
00000000
00000000
00000000
00000000
00000000
00000000
00000000
00000000
00000000
00000000
00000000
00000000
00000000
00000000
00000000
00000000
00000000
00000000
00000000
00000000
00000000
00000000
00000000
00000000
00000000
00000000
00000000
00000000
00000000
00000000
00000000
00000000
00000000
00000000
00000000
00000000
00000000
00000000
00000000
00000000
00000000
00000000
00000000
00000000
00000000
00000000
00000000
00000000
00000000
00000000
00000000
00000000
00000000
00000000
00000000
00000000
00000000
00000000
00000000
00000000
00000000
00000000
00000000
00000000
00000000
00000000
00000000
00000000
00000000
00000000
00000000
00000000
00000000
00000000
00000000
00000000
00000000
00000000
00000000
00000000
00000000
00000000
00000000
00000000
00000000
00000000
00000000
00000000
00000000
00000000
00000000
00000000
00000000
00000000
00000000
00000000
00000000
00000000
00000000
00000000
00000000
00000000
00000000
00000000
00000000
00000000
00000000
00000000
00000000
00000000
00000000
00000000
00000000
00000000
00000000
00000000
00000000
00000000
00000000
00000000
00000000
00000000
00000000
00000000
00000000
00000000
00000000
00000000
00000000
00000000
00000000
00000000
00000000
00000000
00000000
00000000
00000000
00000000
00000000
00000000
00000000
00000000
00000000
00000000
00000000
00000000
00000000
00000000
00000000
00000000
00000000
00000000
00000000
00000000
00000000
00000000
00000000
00000000
00000000
00000000
00000000
00000000
00000000
00000000
00000000
00000000
00000000
00000000
00000000
00000000
00000000
00000000
00000000
00000000
00000000
00000000
00000000
00000000
00000000
00000000
00000000
00000000
00000000
00000000
00000000
00000000
00000000
00000000
00000000
00000000
00000000
00000000
00000000
00000000
00000000
00000000
00000000
00000000
00000000
00000000
00000000
00000000
00000000
00000000
00000000
00000000
00000000
00000000
00000000
00000000
00000000
00000000
00000000
00000000
00000000
00000000
00000000
00000000
00000000
00000000
00000000
00000000
00000000
00000000
00000000
00000000
00000000
00000000
00000000
00000000
00000000
00000000
00000000
00000000
00000000
00000000
00000000
00000000
00000000
00000000
00000000
00000000
00000000
00000000
00000000
00000000
00000000
00000000
00000000
00000000
00000000
00000000
00000000
00000000
00000000
00000000
00000000
00000000
00000000
00000000
00000000
00000000
00000000
00000000
00000000
00000000
00000000
00000000
00000000
00000000
00000000
00000000
00000000
00000000
00000000
00000000
00000000
00000000
00000000
00000000
00000000
00000000
00000000
00000000
00000000
00000000
00000000
00000000
00000000
00000000
00000000
00000000
00000000
00000000
00000000
00000000
00000000
00000000
00000000
00000000
00000000
00000000
00000000
00000000
00000000
00000000
00000000
00000000
00000000
00000000
00000000
00000000
00000000
00000000
00000000
00000000
00000000
00000000
00000000
00000000
00000000
00000000
00000000
00000000
00000000
00000000
00000000
00000000
00000000
00000000
00000000
00000000
00000000
00000000
00000000
00000000
00000000
00000000
00000000
00000000
00000000
00000000
00000000
00000000
00000000
00000000
00000000
00000000
00000000
00000000
00000000
00000000
00000000
00000000
00000000
00000000
00000000
00000000
00000000
00000000
00000000
00000000
00000000
00000000
00000000
00000000
00000000
00000000
00000000
00000000
00000000
00000000
00000000
00000000
00000000
00000000
00000000
00000000
00000000
00000000
00000000
00000000
00000000
00000000
00000000
00000000
00000000
00000000
00000000
00000000
00000000
00000000
00000000
00000000
00000000
00000000
00000000
00000000
00000000
00000000
00000000
00000000
00000000
00000000
00000000
00000000
00000000
00000000
00000000
00000000
00000000
00000000
00000000
00000000
00000000
00000000
00000000
00000000
00000000
00000000
00000000
00000000
00000000
00000000
00000000
00000000
00000000
00000000
00000000
00000000
00000000
00000000
00000000
00000000
00000000
00000000
00000000
00000000
00000000
00000000
00000000
00000000
00000000
00000000
00000000
00000000
00000000
00000000
00000000
00000000
00000000
00000000
00000000
00000000
00000000
00000000
00000000
00000000
00000000
00000000
00000000
00000000
00000000
00000000
00000000
00000000
00000000
00000000
00000000
00000000
00000000
00000000
00000000
00000000
00000000
00000000
00000000
00000000
00000000
00000000
00000000
00000000
00000000
00000000
00000000
00000000
00000000
00000000
00000000
00000000
00000000
00000000
00000000
00000000
00000000
00000000
00000000
00000000
00000000
00000000
00000000
00000000
00000000
00000000
00000000
00000000
00000000
00000000
00000000
00000000
00000000
00000000
00000000
00000000
00000000
00000000
00000000
00000000
00000000
00000000
00000000
00000000
00000000
00000000
00000000
00000000
00000000
00000000
00000000
00000000
00000000
00000000
00000000
00000000
00000000
00000000
00000000
00000000
00000000
00000000
00000000
00000000
00000000
00000000
00000000
00000000
00000000
00000000
00000000
00000000
00000000
00000000
00000000
00000000
00000000
00000000
00000000
00000000
00000000
00000000
00000000
00000000
00000000
00000000
00000000
00000000
00000000
00000000
00000000
00000000
00000000
00000000
00000000
00000000
00000000
00000000
00000000
00000000
00000000
00000000
00000000
00000000
00000000
00000000
00000000
00000000
00000000
00000000
00000000
00000000
00000000
00000000
00000000
00000000
00000000
00000000
00000000
00000000
00000000
00000000
00000000
00000000
00000000
00000000
00000000
00000000
00000000
00000000
00000000
00000000
00000000
00000000
00000000
00000000
00000000
00000000
00000000
00000000
00000000
00000000
00000000
00000000
00000000
00000000
00000000
00000000
00000000
00000000
00000000
00000000
00000000
00000000
00000000
00000000
00000000
00000000
00000000
00000000
00000000
00000000
00000000
00000000
00000000
00000000
00000000
00000000
00000000
00000000
00000000
00000000
00000000
00000000
00000000
00000000
00000000
00000000
00000000
00000000
00000000
00000000
00000000
00000000
00000000
00000000
00000000
00000000
00000000
00000000
00000000
00000000
00000000
00000000
00000000
00000000
00000000
00000000
00000000
00000000
00000000
00000000
00000000
00000000
00000000
00000000
00000000
00000000
00000000
00000000
00000000
00000000
00000000
00000000
00000000
00000000
00000000
00000000
00000000
00000000
00000000
00000000
00000000
00000000
00000000
00000000
00000000
00000000
00000000
00000000
00000000
00000000
00000000
00000000
00000000
00000000
00000000
00000000
00000000
00000000
00000000
00000000
00000000
00000000
00000000
00000000
00000000
00000000
00000000
00000000
00000000
00000000
00000000
00000000
00000000
00000000
00000000
00000000
00000000
00000000
00000000
00000000
00000000
00000000
00000000
00000000
00000000
00000000
00000000
00000000
00000000
00000000
00000000
00000000
00000000
00000000
00000000
00000000
00000000
00000000
00000000
00000000
00000000
00000000
00000000
00000000
00000000
00000000
00000000
00000000
00000000
00000000
00000000
00000000
00000000
00000000
00000000
00000000
00000000
00000000
00000000
00000000
00000000
00000000
00000000
00000000
00000000
00000000
00000000
00000000
00000000
00000000
00000000
00000000
00000000
00000000
00000000
00000000
00000000
00000000
00000000
00000000
00000000
00000000
00000000
00000000
00000000
00000000
00000000
00000000
00000000
00000000
00000000
00000000
00000000
00000000
00000000
00000000
00000000
00000000
00000000
00000000
00000000
00000000
00000000
00000000
00000000
00000000
00000000
00000000
00000000
00000000
00000000
00000000
00000000
00000000
00000000
00000000
00000000
00000000
00000000
00000000
00000000
00000000
00000000
00000000
00000000
00000000
00000000
00000000
00000000
00000000
00000000
00000000
00000000
00000000
00000000
00000000
00000000
00000000
00000000
00000000
00000000
00000000
00000000
00000000
00000000
00000000
00000000
00000000
00000000
00000000
00000000
00000000
00000000
00000000
00000000
00000000
00000000
00000000
00000000
00000000
00000000
00000000
00000000
00000000
00000000
00000000
00000000
00000000
00000000
00000000
00000000
00000000
00000000
00000000
00000000
00000000
00000000
00000000
00000000
00000000
00000000
00000000
00000000
00000000
00000000
00000000
00000000
00000000
00000000
00000000
00000000
00000000
00000000
00000000
00000000
00000000
00000000
00000000
00000000
00000000
00000000
00000000
00000000
00000000
00000000
00000000
00000000
00000000
00000000
00000000
00000000
00000000
00000000
00000000
00000000
00000000
00000000
00000000
00000000
00000000
00000000
00000000
00000000
00000000
00000000
00000000
00000000
00000000
00000000
00000000
00000000
00000000
00000000
00000000
00000000
00000000
00000000
00000000
00000000
00000000
00000000
00000000
00000000
00000000
00000000
00000000
00000000
00000000
00000000
00000000
00000000
00000000
00000000
00000000
00000000
00000000
00000000
00000000
00000000
00000000
00000000
00000000
00000000
00000000
00000000
00000000
00000000
00000000
00000000
00000000
00000000
00000000
00000000
00000000
00000000
00000000
00000000
00000000
00000000
00000000
00000000
00000000
00000000
00000000
00000000
00000000
00000000
00000000
00000000
00000000
00000000
00000000
00000000
00000000
00000000
00000000
00000000
00000000
00000000
00000000
00000000
00000000
00000000
00000000
00000000
00000000
00000000
00000000
00000000
00000000
00000000
00000000
00000000
00000000
00000000
00000000
00000000
00000000
00000000
00000000
00000000
00000000
00000000
00000000
00000000
00000000
00000000
00000000
00000000
00000000
00000000
00000000
00000000
00000000
00000000
00000000
00000000
00000000
00000000
00000000
00000000
00000000
00000000
00000000
00000000
00000000
00000000
00000000
00000000
00000000
00000000
00000000
00000000
00000000
00000000
00000000
00000000
00000000
00000000
00000000
00000000
00000000
00000000
00000000
00000000
00000000
00000000
00000000
00000000
00000000
00000000
00000000
00000000
00000000
00000000
00000000
00000000
00000000
00000000
00000000
00000000
00000000
00000000
00000000
00000000
00000000
00000000
00000000
00000000
00000000
00000000
00000000
00000000
00000000
00000000
00000000
00000000
00000000
00000000
00000000
00000000
00000000
00000000
00000000
00000000
00000000
00000000
00000000
00000000
00000000
00000000
00000000
00000000
00000000
00000000
00000000
00000000
00000000
00000000
00000000
00000000
00000000
00000000
00000000
00000000
00000000
00000000
00000000
00000000
00000000
00000000
00000000
00000000
00000000
00000000
00000000
00000000
00000000
00000000
00000000
00000000
00000000
00000000
00000000
00000000
00000000
00000000
00000000
00000000
00000000
00000000
00000000
00000000
00000000
00000000
00000000
00000000
00000000
00000000
00000000
00000000
00000000
00000000
00000000
00000000
00000000
00000000
00000000
00000000
00000000
00000000
00000000
00000000
00000000
00000000
00000000
00000000
00000000
00000000
00000000
00000000
00000000
00000000
00000000
00000000
00000000
00000000
00000000
00000000
00000000
00000000
00000000
00000000
00000000
00000000
00000000
00000000
00000000
00000000
00000000
00000000
00000000
00000000
00000000
00000000
00000000
00000000
00000000
00000000
00000000
00000000
00000000
00000000
00000000
00000000
00000000
00000000
00000000
00000000
00000000
00000000
00000000
00000000
00000000
00000000
00000000
00000000
00000000
00000000
00000000
00000000
00000000
00000000
00000000
00000000
00000000
00000000
00000000
00000000
00000000
00000000
00000000
00000000
00000000
00000000
00000000
00000000
00000000
00000000
00000000
00000000
00000000
00000000
00000000
00000000
00000000
00000000
00000000
00000000
00000000
00000000
00000000
00000000
00000000
00000000
00000000
00000000
00000000
00000000
00000000
00000000
00000000
00000000
00000000
00000000
00000000
00000000
00000000
00000000
00000000
00000000
00000000
00000000
00000000
00000000
00000000
00000000
00000000
00000000
00000000
00000000
00000000
00000000
00000000
00000000
00000000
00000000
00000000
00000000
00000000
00000000
00000000
00000000
00000000
00000000
00000000
00000000
00000000
00000000
00000000
00000000
00000000
00000000
00000000
00000000
00000000
00000000
00000000
00000000
00000000
00000000
00000000
00000000
00000000
00000000
00000000
00000000
00000000
00000000
00000000
00000000
00000000
00000000
00000000
00000000
00000000
00000000
00000000
00000000
00000000
00000000
00000000
00000000
00000000
00000000
00000000
00000000
00000000
00000000
00000000
00000000
00000000
00000000
00000000
00000000
00000000
00000000
00000000
00000000
00000000
00000000
00000000
00000000
00000000
00000000
00000000
00000000
00000000
00000000
00000000
00000000
00000000
00000000
00000000
00000000
00000000
00000000
00000000
00000000
00000000
00000000
00000000
00000000
00000000
00000000
00000000
00000000
00000000
00000000
00000000
00000000
00000000
00000000
00000000
00000000
00000000
00000000
00000000
00000000
00000000
00000000
00000000
00000000
00000000
00000000
00000000
00000000
00000000
00000000
00000000
00000000
00000000
00000000
00000000
00000000
00000000
00000000
00000000
00000000
00000000
00000000
00000000
00000000
00000000
00000000
00000000
00000000
00000000
00000000
00000000
00000000
00000000
00000000
00000000
00000000
00000000
00000000
00000000
00000000
00000000
00000000
00000000
00000000
00000000
00000000
00000000
00000000
00000000
00000000
00000000
00000000
00000000
00000000
00000000
00000000
00000000
00000000
00000000
00000000
00000000
00000000
00000000
00000000
00000000
00000000
00000000
00000000
00000000
00000000
00000000
00000000
00000000
00000000
00000000
00000000
00000000
00000000
00000000
00000000
00000000
00000000
00000000
00000000
00000000
00000000
00000000
00000000
00000000
00000000
00000000
00000000
00000000
00000000
00000000
00000000
00000000
00000000
00000000
00000000
00000000
00000000
00000000
00000000
00000000
00000000
00000000
00000000
00000000
00000000
00000000
00000000
00000000
00000000
00000000
00000000
00000000
00000000
00000000
00000000
00000000
00000000
00000000
00000000
00000000
00000000
00000000
00000000
00000000
00000000
00000000
00000000
00000000
00000000
00000000
00000000
00000000
00000000
00000000
00000000
00000000
00000000
00000000
00000000
00000000
00000000
00000000
00000000
00000000
00000000
00000000
00000000
00000000
00000000
00000000
00000000
00000000
00000000
00000000
00000000
00000000
00000000
00000000
00000000
00000000
00000000
00000000
00000000
00000000
00000000
00000000
00000000
00000000
00000000
00000000
00000000
00000000
00000000
00000000
00000000
00000000
00000000
00000000
00000000
00000000
00000000
00000000
00000000
00000000
00000000
00000000
00000000
00000000
00000000
00000000
00000000
00000000
00000000
00000000
00000000
00000000
00000000
00000000
00000000
00000000
00000000
00000000
00000000
00000000
00000000
00000000
00000000
00000000
00000000
00000000
00000000
00000000
00000000
00000000
00000000
00000000
00000000
00000000
00000000
00000000
00000000
00000000
00000000
00000000
00000000
00000000
00000000
00000000
00000000
00000000
00000000
00000000
00000000
00000000
00000000
00000000
00000000
00000000
00000000
00000000
00000000
00000000
00000000
00000000
00000000
00000000
00000000
00000000
00000000
00000000
00000000
00000000
00000000
00000000
00000000
00000000
00000000
00000000
00000000
00000000
00000000
00000000
00000000
00000000
00000000
00000000
00000000
00000000
00000000
00000000
00000000
00000000
00000000
00000000
00000000
00000000
00000000
00000000
00000000
00000000
00000000
00000000
00000000
00000000
00000000
00000000
00000000
00000000
00000000
00000000
00000000
00000000
00000000
00000000
00000000
00000000
00000000
00000000
00000000
00000000
00000000
00000000
00000000
00000000
00000000
00000000
00000000
00000000
00000000
00000000
00000000
00000000
00000000
00000000
00000000
00000000
00000000
00000000
00000000
00000000
00000000
00000000
00000000
00000000
00000000
00000000
00000000
00000000
00000000
00000000
00000000
00000000
00000000
00000000
00000000
00000000
00000000
00000000
00000000
00000000
00000000
00000000
00000000
00000000
00000000
00000000
00000000
00000000
00000000
00000000
00000000
00000000
00000000
00000000
00000000
00000000
00000000
00000000
00000000
00000000
00000000
00000000
00000000
00000000
00000000
00000000
00000000
00000000
00000000
00000000
00000000
00000000
00000000
00000000
00000000
00000000
00000000
00000000
00000000
00000000
00000000
00000000
00000000
00000000
00000000
00000000
00000000
00000000
00000000
00000000
00000000
00000000
00000000
00000000
00000000
00000000
00000000
00000000
00000000
00000000
00000000
00000000
00000000
00000000
00000000
00000000
00000000
00000000
00000000
00000000
00000000
00000000
00000000
00000000
00000000
00000000
00000000
00000000
00000000
00000000
00000000
00000000
00000000
00000000
00000000
00000000
00000000
00000000
00000000
00000000
00000000
00000000
00000000
00000000
00000000
00000000
00000000
00000000
00000000
00000000
00000000
00000000
00000000
00000000
00000000
00000000
00000000
00000000
00000000
00000000
00000000
00000000
00000000
00000000
00000000
00000000
00000000
00000000
00000000
00000000
00000000
00000000
00000000
00000000
00000000
00000000
00000000
00000000
00000000
00000000
00000000
00000000
00000000
00000000
00000000
00000000
00000000
00000000
00000000
00000000
00000000
00000000
00000000
00000000
00000000
00000000
00000000
00000000
00000000
00000000
00000000
00000000
00000000
00000000
00000000
00000000
00000000
00000000
00000000
00000000
00000000
00000000
00000000
00000000
00000000
00000000
00000000
00000000
00000000
00000000
00000000
00000000
00000000
00000000
00000000
00000000
00000000
00000000
00000000
00000000
00000000
00000000
00000000
00000000
00000000
00000000
00000000
00000000
00000000
00000000
00000000
00000000
00000000
00000000
00000000
00000000
00000000
00000000
00000000
00000000
00000000
00000000
00000000
00000000
00000000
00000000
00000000
00000000
00000000
00000000
00000000
00000000
00000000
00000000
00000000
00000000
00000000
00000000
00000000
00000000
00000000
00000000
00000000
00000000
00000000
00000000
00000000
00000000
00000000
00000000
00000000
00000000
00000000
00000000
00000000
00000000
00000000
00000000
00000000
00000000
00000000
00000000
00000000
00000000
00000000
00000000
00000000
00000000
00000000
00000000
00000000
00000000
00000000
00000000
00000000
00000000
00000000
00000000
00000000
00000000
00000000
00000000
00000000
00000000
00000000
00000000
00000000
00000000
00000000
00000000
00000000
00000000
00000000
00000000
00000000
00000000
00000000
00000000
00000000
00000000
00000000
00000000
00000000
00000000
00000000
00000000
00000000
00000000
00000000
00000000
00000000
00000000
00000000
00000000
00000000
00000000
00000000
00000000
00000000
00000000
00000000
00000000
00000000
00000000
00000000
00000000
00000000
00000000
00000000
00000000
00000000
00000000
00000000
00000000
00000000
00000000
00000000
00000000
00000000
00000000
00000000
00000000
00000000
00000000
00000000
00000000
00000000
00000000
00000000
00000000
00000000
00000000
00000000
00000000
00000000
00000000
00000000
00000000
00000000
00000000
00000000
00000000
00000000
00000000
00000000
00000000
00000000
00000000
00000000
00000000
00000000
00000000
00000000
00000000
00000000
00000000
00000000
00000000
00000000
00000000
00000000
00000000
00000000
00000000
00000000
00000000
00000000
00000000
00000000
00000000
00000000
00000000
00000000
00000000
00000000
00000000
00000000
00000000
00000000
00000000
00000000
00000000
00000000
00000000
00000000
00000000
00000000
00000000
00000000
00000000
00000000
00000000
00000000
00000000
00000000
00000000
00000000
00000000
00000000
00000000
00000000
00000000
00000000
00000000
00000000
00000000
00000000
00000000
00000000
00000000
00000000
00000000
00000000
00000000
00000000
00000000
00000000
00000000
00000000
00000000
00000000
00000000
00000000
00000000
00000000
00000000
00000000
00000000
00000000
00000000
00000000
00000000
00000000
00000000
00000000
00000000
00000000
00000000
00000000
00000000
00000000
00000000
00000000
00000000
00000000
00000000
00000000
00000000
00000000
00000000
00000000
00000000
00000000
00000000
00000000
00000000
00000000
00000000
00000000
00000000
00000000
00000000
00000000
00000000
00000000
00000000
00000000
00000000
00000000
00000000
00000000
00000000
00000000
00000000
00000000
00000000
00000000
00000000
00000000
00000000
00000000
00000000
00000000
00000000
00000000
00000000
00000000
00000000
00000000
00000000
00000000
00000000
00000000
00000000
00000000
00000000
00000000
00000000
00000000
00000000
00000000
00000000
00000000
00000000
00000000
00000000
00000000
00000000
00000000
00000000
00000000
00000000
00000000
00000000
00000000
00000000
00000000
00000000
00000000
00000000
00000000
00000000
00000000
00000000
00000000
00000000
00000000
00000000
00000000
00000000
00000000
00000000
00000000
00000000
00000000
00000000
00000000
00000000
00000000
00000000
00000000
00000000
00000000
00000000
00000000
00000000
00000000
00000000
00000000
00000000
00000000
00000000
00000000
00000000
00000000
00000000
00000000
00000000
00000000
00000000
00000000
00000000
00000000
00000000
00000000
00000000
00000000
00000000
00000000
00000000
00000000
00000000
00000000
00000000
00000000
00000000
00000000
00000000
00000000
00000000
00000000
00000000
00000000
00000000
00000000
00000000
00000000
00000000
00000000
00000000
00000000
00000000
00000000
00000000
00000000
00000000
00000000
00000000
00000000
00000000
00000000
00000000
00000000
00000000
00000000
00000000
00000000
00000000
00000000
00000000
00000000
00000000
00000000
00000000
00000000
00000000
00000000
00000000
00000000
00000000
00000000
00000000
00000000
00000000
00000000
00000000
00000000
00000000
00000000
00000000
00000000
00000000
00000000
00000000
00000000
00000000
00000000
00000000
00000000
00000000
00000000
00000000
00000000
00000000
00000000
00000000
00000000
00000000
00000000
00000000
00000000
00000000
00000000
00000000
00000000
00000000
00000000
00000000
00000000
00000000
00000000
00000000
00000000
00000000
00000000
00000000
00000000
00000000
00000000
00000000
00000000
00000000
00000000
00000000
00000000
00000000
00000000
00000000
00000000
00000000
00000000
00000000
00000000
00000000
00000000
00000000
00000000
00000000
00000000
00000000
00000000
00000000
00000000
00000000
00000000
00000000
00000000
00000000
00000000
00000000
00000000
00000000
00000000
00000000
00000000
00000000
00000000
00000000
00000000
00000000
00000000
00000000
00000000
00000000
00000000
00000000
00000000
00000000
00000000
00000000
00000000
00000000
00000000
00000000
00000000
00000000
00000000
00000000
00000000
00000000
00000000
00000000
00000000
00000000
00000000
00000000
00000000
00000000
00000000
00000000
00000000
00000000
00000000
00000000
00000000
00000000
00000000
00000000
00000000
00000000
00000000
00000000
00000000
00000000
00000000
00000000
00000000
00000000
00000000
00000000
00000000
00000000
00000000
00000000
00000000
00000000
00000000
00000000
00000000
00000000
00000000
00000000
00000000
00000000
00000000
00000000
00000000
00000000
00000000
00000000
00000000
00000000
00000000
00000000
00000000
00000000
00000000
00000000
00000000
00000000
00000000
00000000
00000000
00000000
00000000
00000000
00000000
00000000
00000000
00000000
00000000
00000000
00000000
00000000
00000000
00000000
00000000
00000000
00000000
00000000
00000000
00000000
00000000
00000000
00000000
00000000
00000000
00000000
00000000
00000000
00000000
00000000
00000000
00000000
00000000
00000000
00000000
00000000
00000000
00000000
00000000
00000000
00000000
00000000
00000000
00000000
00000000
00000000
00000000
00000000
00000000
00000000
00000000
00000000
00000000
00000000
00000000
00000000
00000000
00000000
00000000
00000000
00000000
00000000
00000000
00000000
00000000
00000000
00000000
00000000
00000000
00000000
00000000
00000000
00000000
00000000
00000000
00000000
00000000
00000000
00000000
00000000
00000000
00000000
00000000
00000000
00000000
00000000
00000000
00000000
00000000
00000000
00000000
00000000
00000000
00000000
00000000
00000000
00000000
00000000
00000000
00000000
00000000
00000000
00000000
00000000
00000000
00000000
00000000
00000000
00000000
00000000
00000000
00000000
00000000
00000000
00000000
00000000
00000000
00000000
00000000
00000000
00000000
00000000
00000000
00000000
00000000
00000000
00000000
00000000
00000000
00000000
00000000
00000000
00000000
00000000
00000000
00000000
00000000
00000000
00000000
00000000
00000000
00000000
00000000
00000000
00000000
00000000
00000000
00000000
00000000
00000000
00000000
00000000
00000000
00000000
00000000
00000000
00000000
00000000
00000000
00000000
00000000
00000000
00000000
00000000
00000000
00000000
00000000
00000000
00000000
00000000
00000000
00000000
00000000
00000000
00000000
00000000
00000000
00000000
00000000
00000000
00000000
00000000
00000000
00000000
00000000
00000000
00000000
00000000
00000000
00000000
00000000
00000000
00000000
00000000
00000000
00000000
00000000
00000000
00000000
00000000
00000000
00000000
00000000
00000000
00000000
00000000
00000000
00000000
00000000
00000000
00000000
00000000
00000000
00000000
00000000
00000000
00000000
00000000
00000000
00000000
00000000
00000000
00000000
00000000
00000000
00000000
00000000
00000000
00000000
00000000
00000000
00000000
00000000
00000000
00000000
00000000
00000000
00000000
00000000
00000000
00000000
00000000
00000000
00000000
00000000
00000000
00000000
00000000
00000000
00000000
00000000
00000000
00000000
00000000
00000000
00000000
00000000
00000000
00000000
00000000
00000000
00000000
00000000
00000000
00000000
00000000
00000000
00000000
00000000
00000000
00000000
00000000
00000000
00000000
00000000
00000000
00000000
00000000
00000000
00000000
00000000
00000000
00000000
00000000
00000000
00000000
00000000
00000000
00000000
00000000
00000000
00000000
00000000
00000000
00000000
00000000
00000000
00000000
00000000
00000000
00000000
00000000
00000000
00000000
00000000
00000000
00000000
00000000
00000000
00000000
00000000
00000000
00000000
00000000
00000000
00000000
00000000
00000000
00000000
00000000
00000000
00000000
00000000
00000000
00000000
00000000
00000000
00000000
00000000
00000000
00000000
00000000
00000000
00000000
00000000
00000000
00000000
00000000
00000000
00000000
00000000
00000000
00000000
00000000
00000000
00000000
00000000
00000000
00000000
00000000
00000000
00000000
00000000
00000000
00000000
00000000
00000000
00000000
00000000
00000000
00000000
00000000
00000000
00000000
00000000
00000000
00000000
00000000
00000000
00000000
00000000
00000000
00000000
00000000
00000000
00000000
00000000
00000000
00000000
00000000
00000000
00000000
00000000
00000000
00000000
00000000
00000000
00000000
00000000
00000000
00000000
00000000
00000000
00000000
00000000
00000000
00000000
00000000
00000000
00000000
00000000
00000000
00000000
00000000
00000000
00000000
00000000
00000000
00000000
00000000
00000000
00000000
00000000
00000000
00000000
00000000
00000000
00000000
00000000
00000000
00000000
00000000
00000000
00000000
00000000
00000000
00000000
00000000
00000000
00000000
00000000
00000000
00000000
00000000
00000000
00000000
00000000
00000000
00000000
00000000
00000000
00000000
00000000
00000000
00000000
00000000
00000000
00000000
00000000
00000000
00000000
00000000
00000000
00000000
00000000
00000000
00000000
00000000
00000000
00000000
00000000
00000000
00000000
00000000
00000000
00000000
00000000
00000000
00000000
00000000
00000000
00000000
00000000
00000000
00000000
00000000
00000000
00000000
00000000
00000000
00000000
00000000
00000000
00000000
00000000
00000000
00000000
00000000
00000000
00000000
00000000
00000000
00000000
00000000
00000000
00000000
00000000
00000000
00000000
00000000
00000000
00000000
00000000
00000000
00000000
00000000
00000000
00000000
00000000
00000000
00000000
00000000
00000000
00000000
00000000
00000000
00000000
00000000
00000000
00000000
00000000
00000000
00000000
00000000
00000000
00000000
00000000
00000000
00000000
00000000
00000000
00000000
00000000
00000000
00000000
00000000
00000000
00000000
00000000
00000000
00000000
00000000
00000000
00000000
00000000
00000000
00000000
00000000
00000000
00000000
00000000
00000000
00000000
00000000
00000000
00000000
00000000
00000000
00000000
00000000
00000000
00000000
00000000
00000000
00000000
00000000
00000000
00000000
00000000
00000000
00000000
00000000
00000000
00000000
00000000
00000000
00000000
00000000
00000000
00000000
00000000
00000000
00000000
00000000
00000000
00000000
00000000
00000000
00000000
00000000
00000000
00000000
00000000
00000000
00000000
00000000
00000000
00000000
00000000
00000000
00000000
00000000
00000000
00000000
00000000
00000000
00000000
00000000
00000000
00000000
00000000
00000000
00000000
00000000
00000000
00000000
00000000
00000000
00000000
00000000
00000000
00000000
00000000
00000000
00000000
00000000
00000000
00000000
00000000
00000000
00000000
00000000
00000000
00000000
00000000
00000000
00000000
00000000
00000000
00000000
00000000
00000000
00000000
00000000
00000000
00000000
00000000
00000000
00000000
00000000
00000000
00000000
00000000
00000000
00000000
00000000
00000000
00000000
00000000
00000000
00000000
00000000
00000000
00000000
00000000
00000000
00000000
00000000
00000000
00000000
00000000
00000000
00000000
00000000
00000000
00000000
00000000
00000000
00000000
00000000
00000000
00000000
00000000
00000000
00000000
00000000
00000000
00000000
00000000
00000000
00000000
00000000
00000000
00000000
00000000
00000000
00000000
00000000
00000000
00000000
00000000
00000000
00000000
00000000
00000000
00000000
00000000
00000000
00000000
00000000
00000000
00000000
00000000
00000000
00000000
00000000
00000000
00000000
00000000
00000000
00000000
00000000
00000000
00000000
00000000
00000000
00000000
00000000
00000000
00000000
00000000
00000000
00000000
00000000
00000000
00000000
00000000
00000000
00000000
00000000
00000000
00000000
00000000
00000000
00000000
00000000
00000000
00000000
00000000
00000000
00000000
00000000
00000000
00000000
00000000
00000000
00000000
00000000
00000000
00000000
00000000
00000000
00000000
00000000
00000000
00000000
00000000
00000000
00000000
00000000
00000000
00000000
00000000
00000000
00000000
00000000
00000000
00000000
00000000
00000000
00000000
00000000
00000000
00000000
00000000
00000000
00000000
00000000
00000000
00000000
00000000
00000000
00000000
00000000
00000000
00000000
00000000
00000000
00000000
00000000
00000000
00000000
00000000
00000000
00000000
00000000
00000000
00000000
00000000
00000000
00000000
00000000
00000000
00000000
00000000
00000000
00000000
00000000
00000000
00000000
00000000
00000000
00000000
00000000
00000000
00000000
00000000
00000000
00000000
00000000
00000000
00000000
00000000
00000000
00000000
00000000
00000000
00000000
00000000
00000000
00000000
00000000
00000000
00000000
00000000
00000000
00000000
00000000
00000000
00000000
00000000
00000000
00000000
00000000
00000000
00000000
00000000
00000000
00000000
00000000
00000000
00000000
00000000
00000000
00000000
00000000
00000000
00000000
00000000
00000000
00000000
00000000
00000000
00000000
00000000
00000000
00000000
00000000
00000000
00000000
00000000
00000000
00000000
00000000
00000000
00000000
00000000
00000000
00000000
00000000
00000000
00000000
00000000
00000000
00000000
00000000
00000000
00000000
00000000
00000000
00000000
00000000
00000000
00000000
00000000
00000000
00000000
00000000
00000000
00000000
00000000
00000000
00000000
00000000
00000000
00000000
00000000
00000000
00000000
00000000
00000000
00000000
00000000
00000000
00000000
00000000
00000000
00000000
00000000
00000000
00000000
00000000
00000000
00000000
00000000
00000000
00000000
00000000
00000000
00000000
00000000
00000000
00000000
00000000
00000000
00000000
00000000
00000000
00000000
00000000
00000000
00000000
00000000
00000000
00000000
00000000
00000000
00000000
00000000
00000000
00000000
00000000
00000000
00000000
00000000
00000000
00000000
00000000
00000000
00000000
00000000
00000000
00000000
00000000
00000000
00000000
00000000
00000000
00000000
00000000
00000000
00000000
00000000
00000000
00000000
00000000
00000000
00000000
00000000
00000000
00000000
00000000
00000000
00000000
00000000
00000000
00000000
00000000
00000000
00000000
00000000
00000000
00000000
00000000
00000000
00000000
00000000
00000000
00000000
00000000
00000000
00000000
00000000
00000000
00000000
00000000
00000000
00000000
00000000
00000000
00000000
00000000
00000000
00000000
00000000
00000000
00000000
00000000
00000000
00000000
00000000
00000000
00000000
00000000
00000000
00000000
00000000
00000000
00000000
00000000
00000000
00000000
00000000
00000000
00000000
00000000
00000000
00000000
00000000
00000000
00000000
00000000
00000000
00000000
00000000
00000000
00000000
00000000
00000000
00000000
00000000
00000000
00000000
00000000
00000000
00000000
00000000
00000000
00000000
00000000
00000000
00000000
00000000
00000000
00000000
00000000
00000000
00000000
00000000
00000000
00000000
00000000
00000000
00000000
00000000
00000000
00000000
00000000
00000000
00000000
00000000
00000000
00000000
00000000
00000000
00000000
00000000
00000000
00000000
00000000
00000000
00000000
00000000
00000000
00000000
00000000
00000000
00000000
00000000
00000000
00000000
00000000
00000000
00000000
00000000
00000000
00000000
00000000
00000000
00000000
00000000
00000000
00000000
00000000
00000000
00000000
00000000
00000000
00000000
00000000
00000000
00000000
00000000
00000000
00000000
00000000
00000000
00000000
00000000
00000000
00000000
00000000
00000000
00000000
00000000
00000000
00000000
00000000
00000000
00000000
00000000
00000000
00000000
00000000
00000000
00000000
00000000
00000000
00000000
00000000
00000000
00000000
00000000
00000000
00000000
00000000
00000000
00000000
00000000
00000000
00000000
00000000
00000000
00000000
00000000
00000000
00000000
00000000
00000000
00000000
00000000
00000000
00000000
00000000
00000000
00000000
00000000
00000000
00000000
00000000
00000000
00000000
00000000
00000000
00000000
00000000
00000000
00000000
00000000
00000000
00000000
00000000
00000000
00000000
00000000
00000000
00000000
00000000
00000000
00000000
00000000
00000000
00000000
00000000
00000000
00000000
00000000
00000000
00000000
00000000
00000000
00000000
00000000
00000000
00000000
00000000
00000000
00000000
00000000
00000000
00000000
00000000
00000000
00000000
00000000
00000000
00000000
00000000
00000000
00000000
00000000
00000000
00000000
00000000
00000000
00000000
00000000
00000000
00000000
00000000
00000000
00000000
00000000
00000000
00000000
00000000
00000000
00000000
00000000
00000000
00000000
00000000
00000000
00000000
00000000
00000000
00000000
00000000
00000000
00000000
00000000
00000000
00000000
00000000
00000000
00000000
00000000
00000000
00000000
00000000
00000000
00000000
00000000
00000000
00000000
00000000
00000000
00000000
00000000
00000000
00000000
00000000
00000000
00000000
00000000
00000000
00000000
00000000
00000000
00000000
00000000
00000000
00000000
00000000
00000000
00000000
00000000
00000000
00000000
00000000
00000000
00000000
00000000
00000000
00000000
00000000
00000000
00000000
00000000
00000000
00000000
00000000
00000000
00000000
00000000
00000000
00000000
00000000
00000000
00000000
00000000
00000000
00000000
00000000
00000000
00000000
00000000
00000000
00000000
00000000
00000000
00000000
00000000
00000000
00000000
00000000
00000000
00000000
00000000
00000000
00000000
00000000
00000000
00000000
00000000
00000000
00000000
00000000
00000000
00000000
00000000
00000000
00000000
00000000
00000000
00000000
00000000
00000000
00000000
00000000
00000000
00000000
00000000
00000000
00000000
00000000
00000000
00000000
00000000
00000000
00000000
00000000
00000000
00000000
00000000
00000000
00000000
00000000
00000000
00000000
00000000
00000000
00000000
00000000
00000000
00000000
00000000
00000000
00000000
00000000
00000000
00000000
00000000
00000000
00000000
00000000
00000000
00000000
00000000
00000000
00000000
00000000
00000000
00000000
00000000
00000000
00000000
00000000
00000000
00000000
00000000
00000000
00000000
00000000
00000000
00000000
00000000
00000000
00000000
00000000
00000000
00000000
00000000
00000000
00000000
00000000
00000000
00000000
00000000
00000000
00000000
00000000
00000000
00000000
00000000
00000000
00000000
00000000
00000000
00000000
00000000
00000000
00000000
00000000
00000000
00000000
00000000
00000000
00000000
00000000
00000000
00000000
00000000
00000000
00000000
00000000
00000000
00000000
00000000
00000000
00000000
00000000
00000000
00000000
00000000
00000000
00000000
00000000
00000000
00000000
00000000
00000000
00000000
00000000
00000000
00000000
00000000
00000000
00000000
00000000
00000000
00000000
00000000
00000000
00000000
00000000
00000000
00000000
00000000
00000000
00000000
00000000
00000000
00000000
00000000
00000000
00000000
00000000
00000000
00000000
00000000
00000000
00000000
00000000
00000000
00000000
00000000
00000000
00000000
00000000
00000000
00000000
00000000
00000000
00000000
00000000
00000000
00000000
00000000
00000000
00000000
00000000
00000000
00000000
00000000
00000000
00000000
00000000
00000000
00000000
00000000
00000000
00000000
00000000
00000000
00000000
00000000
00000000
00000000
00000000
00000000
00000000
00000000
00000000
00000000
00000000
00000000
00000000
00000000
00000000
00000000
00000000
00000000
00000000
00000000
00000000
00000000
00000000
00000000
00000000
00000000
00000000
00000000
00000000
00000000
00000000
00000000
00000000
00000000
00000000
00000000
00000000
00000000
00000000
00000000
00000000
00000000
00000000
00000000
00000000
00000000
00000000
00000000
00000000
00000000
00000000
00000000
00000000
00000000
00000000
00000000
00000000
00000000
00000000
00000000
00000000
00000000
00000000
00000000
00000000
00000000
00000000
00000000
00000000
00000000
00000000
00000000
00000000
00000000
00000000
00000000
00000000
00000000
00000000
00000000
00000000
00000000
00000000
00000000
00000000
00000000
00000000
00000000
00000000
00000000
00000000
00000000
00000000
00000000
00000000
00000000
00000000
00000000
00000000
00000000
00000000
00000000
00000000
00000000
00000000
00000000
00000000
00000000
00000000
00000000
00000000
00000000
00000000
00000000
00000000
00000000
00000000
00000000
00000000
00000000
00000000
00000000
00000000
00000000
00000000
00000000
00000000
00000000
00000000
00000000
00000000
00000000
00000000
00000000
00000000
00000000
00000000
00000000
00000000
00000000
00000000
00000000
00000000
00000000
00000000
00000000
00000000
00000000
00000000
00000000
00000000
00000000
00000000
00000000
00000000
00000000
00000000
00000000
00000000
00000000
00000000
00000000
00000000
00000000
00000000
00000000
00000000
00000000
00000000
00000000
00000000
00000000
00000000
00000000
00000000
00000000
00000000
00000000
00000000
00000000
00000000
00000000
00000000
00000000
00000000
00000000
00000000
00000000
00000000
00000000
00000000
00000000
00000000
00000000
00000000
00000000
00000000
00000000
00000000
00000000
00000000
00000000
00000000
00000000
00000000
00000000
00000000
00000000
00000000
00000000
00000000
00000000
00000000
00000000
00000000
00000000
00000000
00000000
00000000
00000000
00000000
00000000
00000000
00000000
00000000
00000000
00000000
00000000
00000000
00000000
00000000
00000000
00000000
00000000
00000000
00000000
00000000
00000000
00000000
00000000
00000000
00000000
00000000
00000000
00000000
00000000
00000000
00000000
00000000
00000000
00000000
00000000
00000000
00000000
00000000
00000000
00000000
00000000
00000000
00000000
00000000
00000000
00000000
00000000
00000000
00000000
00000000
00000000
00000000
00000000
00000000
00000000
00000000
00000000
00000000
00000000
00000000
00000000
00000000
00000000
00000000
00000000
00000000
00000000
00000000
00000000
00000000
00000000
00000000
00000000
00000000
00000000
00000000
00000000
00000000
00000000
00000000
00000000
00000000
00000000
00000000
00000000
00000000
00000000
00000000
00000000
00000000
00000000
00000000
00000000
00000000
00000000
00000000
00000000
00000000
00000000
00000000
00000000
00000000
00000000
00000000
00000000
00000000
00000000
00000000
00000000
00000000
00000000
00000000
00000000
00000000
00000000
00000000
00000000
00000000
00000000
00000000
00000000
00000000
00000000
00000000
00000000
00000000
00000000
00000000
00000000
00000000
00000000
00000000
00000000
00000000
00000000
00000000
00000000
00000000
00000000
00000000
00000000
00000000
00000000
00000000
00000000
00000000
00000000
00000000
00000000
00000000
00000000
00000000
00000000
00000000
00000000
00000000
00000000
00000000
00000000
00000000
00000000
00000000
00000000
00000000
00000000
00000000
00000000
00000000
00000000
00000000
00000000
00000000
00000000
00000000
00000000
00000000
00000000
00000000
00000000
00000000
00000000
00000000
00000000
00000000
00000000
00000000
00000000
00000000
00000000
00000000
00000000
00000000
00000000
00000000
00000000
00000000
00000000
00000000
00000000
00000000
00000000
00000000
00000000
00000000
00000000
00000000
00000000
00000000
00000000
00000000
00000000
00000000
00000000
00000000
00000000
00000000
00000000
00000000
00000000
00000000
00000000
00000000
00000000
00000000
00000000
00000000
00000000
00000000
00000000
00000000
00000000
00000000
00000000
00000000
00000000
00000000
00000000
00000000
00000000
00000000
00000000
00000000
00000000
00000000
00000000
00000000
00000000
00000000
00000000
00000000
00000000
00000000
00000000
00000000
00000000
00000000
00000000
00000000
00000000
00000000
00000000
00000000
00000000
00000000
00000000
00000000
00000000
00000000
00000000
00000000
00000000
00000000
00000000
00000000
00000000
00000000
00000000
00000000
00000000
00000000
00000000
00000000
00000000
00000000
00000000
00000000
00000000
00000000
00000000
00000000
00000000
00000000
00000000
00000000
00000000
00000000
00000000
00000000
00000000
00000000
00000000
00000000
00000000
00000000
00000000
00000000
00000000
00000000
00000000
00000000
00000000
00000000
00000000
00000000
00000000
00000000
00000000
00000000
00000000
00000000
00000000
00000000
00000000
00000000
00000000
00000000
00000000
00000000
00000000
00000000
00000000
00000000
00000000
00000000
00000000
00000000
00000000
00000000
00000000
00000000
00000000
00000000
00000000
00000000
00000000
00000000
00000000
00000000
00000000
00000000
00000000
00000000
00000000
00000000
00000000
00000000
00000000
00000000
00000000
00000000
00000000
00000000
00000000
00000000
00000000
00000000
00000000
00000000
00000000
00000000
00000000
00000000
00000000
00000000
00000000
00000000
00000000
00000000
00000000
00000000
00000000
00000000
00000000
00000000
00000000
00000000
00000000
00000000
00000000
00000000
00000000
00000000
00000000
00000000
00000000
00000000
00000000
00000000
00000000
00000000
00000000
00000000
00000000
00000000
00000000
00000000
00000000
00000000
00000000
00000000
00000000
00000000
00000000
00000000
00000000
00000000
00000000
00000000
00000000
00000000
00000000
00000000
00000000
00000000
00000000
00000000
00000000
00000000
00000000
00000000
00000000
00000000
00000000
00000000
00000000
00000000
00000000
00000000
00000000
00000000
00000000
00000000
00000000
00000000
00000000
00000000
00000000
00000000
00000000
00000000
00000000
00000000
00000000
00000000
00000000
00000000
00000000
00000000
00000000
00000000
00000000
00000000
00000000
00000000
00000000
00000000
00000000
00000000
00000000
00000000
00000000
00000000
00000000
00000000
00000000
00000000
00000000
00000000
00000000
00000000
00000000
00000000
00000000
00000000
00000000
00000000
00000000
00000000
00000000
00000000
00000000
00000000
00000000
00000000
00000000
00000000
00000000
00000000
00000000
00000000
00000000
00000000
00000000
00000000
00000000
00000000
00000000
00000000
00000000
00000000
00000000
00000000
00000000
00000000
00000000
00000000
00000000
00000000
00000000
00000000
00000000
00000000
00000000
00000000
00000000
00000000
00000000
00000000
00000000
00000000
00000000
00000000
00000000
00000000
00000000
00000000
00000000
00000000
00000000
00000000
00000000
00000000
00000000
00000000
00000000
00000000
00000000
00000000
00000000
00000000
00000000
00000000
00000000
00000000
00000000
00000000
00000000
00000000
00000000
00000000
00000000
00000000
00000000
00000000
00000000
00000000
00000000
00000000
00000000
00000000
00000000
00000000
00000000
00000000
00000000
00000000
00000000
00000000
00000000
00000000
00000000
00000000
00000000
00000000
00000000
00000000
00000000
00000000
00000000
00000000
00000000
00000000
00000000
00000000
00000000
00000000
00000000
00000000
00000000
00000000
00000000
00000000
00000000
00000000
00000000
00000000
00000000
00000000
00000000
00000000
00000000
00000000
00000000
00000000
00000000
00000000
00000000
00000000
00000000
00000000
00000000
00000000
00000000
00000000
00000000
00000000
00000000
00000000
00000000
00000000
00000000
00000000
00000000
00000000
00000000
00000000
00000000
00000000
00000000
00000000
00000000
00000000
00000000
00000000
00000000
00000000
00000000
00000000
00000000
00000000
00000000
00000000
00000000
00000000
00000000
00000000
00000000
00000000
00000000
00000000
00000000
00000000
00000000
00000000
00000000
00000000
00000000
00000000
00000000
00000000
00000000
00000000
00000000
00000000
00000000
00000000
00000000
00000000
00000000
00000000
00000000
00000000
00000000
00000000
00000000
00000000
00000000
00000000
00000000
00000000
00000000
00000000
00000000
00000000
00000000
00000000
00000000
00000000
00000000
00000000
00000000
00000000
00000000
00000000
00000000
00000000
00000000
00000000
00000000
00000000
00000000
00000000
00000000
00000000
00000000
00000000
00000000
00000000
00000000
00000000
00000000
00000000
00000000
00000000
00000000
00000000
00000000
00000000
00000000
00000000
00000000
00000000
00000000
00000000
00000000
00000000
00000000
00000000
00000000
00000000
00000000
00000000
00000000
00000000
00000000
00000000
00000000
00000000
00000000
00000000
00000000
00000000
00000000
00000000
00000000
00000000
00000000
00000000
00000000
00000000
00000000
00000000
00000000
00000000
00000000
00000000
00000000
00000000
00000000
00000000
00000000
00000000
00000000
00000000
00000000
00000000
00000000
00000000
00000000
00000000
00000000
00000000
00000000
00000000
00000000
00000000
00000000
00000000
00000000
00000000
00000000
00000000
00000000
00000000
00000000
00000000
00000000
00000000
00000000
00000000
00000000
00000000
00000000
00000000
00000000
00000000
00000000
00000000
00000000
00000000
00000000
00000000
00000000
00000000
00000000
00000000
00000000
00000000
00000000
00000000
00000000
00000000
00000000
00000000
00000000
00000000
00000000
00000000
00000000
00000000
00000000
00000000
00000000
00000000
00000000
00000000
00000000
00000000
00000000
00000000
00000000
00000000
00000000
00000000
00000000
00000000
00000000
00000000
00000000
00000000
00000000
00000000
00000000
00000000
00000000
00000000
00000000
00000000
00000000
00000000
00000000
00000000
00000000
00000000
00000000
00000000
00000000
00000000
00000000
00000000
00000000
00000000
00000000
00000000
00000000
00000000
00000000
00000000
00000000
00000000
00000000
00000000
00000000
00000000
00000000
00000000
00000000
00000000
00000000
00000000
00000000
00000000
00000000
00000000
00000000
00000000
00000000
00000000
00000000
00000000
00000000
00000000
00000000
00000000
00000000
00000000
00000000
00000000
00000000
00000000
00000000
00000000
00000000
00000000
00000000
00000000
00000000
00000000
00000000
00000000
00000000
00000000
00000000
00000000
00000000
00000000
00000000
00000000
00000000
00000000
00000000
00000000
00000000
00000000
00000000
00000000
00000000
00000000
00000000
00000000
00000000
00000000
00000000
00000000
00000000
00000000
00000000
00000000
00000000
00000000
00000000
00000000
00000000
00000000
00000000
00000000
00000000
00000000
00000000
00000000
00000000
00000000
00000000
00000000
00000000
00000000
00000000
00000000
00000000
00000000
00000000
00000000
00000000
00000000
00000000
00000000
00000000
00000000
00000000
00000000
00000000
00000000
00000000
00000000
00000000
00000000
00000000
00000000
00000000
00000000
00000000
00000000
00000000
00000000
00000000
00000000
00000000
00000000
00000000
00000000
00000000
00000000
00000000
00000000
00000000
00000000
00000000
00000000
00000000
00000000
00000000
00000000
00000000
00000000
00000000
00000000
00000000
00000000
00000000
00000000
00000000
00000000
00000000
00000000
00000000
00000000
00000000
00000000
00000000
00000000
00000000
00000000
00000000
00000000
00000000
00000000
00000000
00000000
00000000
00000000
00000000
00000000
00000000
00000000
00000000
00000000
00000000
00000000
00000000
00000000
00000000
00000000
00000000
00000000
00000000
00000000
00000000
00000000
00000000
00000000
00000000
00000000
00000000
00000000
00000000
00000000
00000000
00000000
00000000
00000000
00000000
00000000
00000000
00000000
00000000
00000000
00000000
00000000
00000000
00000000
00000000
00000000
00000000
00000000
00000000
00000000
00000000
00000000
00000000
00000000
00000000
00000000
00000000
00000000
00000000
00000000
00000000
00000000
00000000
00000000
00000000
00000000
00000000
00000000
00000000
00000000
00000000
00000000
00000000
00000000
00000000
00000000
00000000
00000000
00000000
00000000
00000000
00000000
00000000
00000000
00000000
00000000
00000000
00000000
00000000
00000000
00000000
00000000
00000000
00000000
00000000
00000000
00000000
00000000
00000000
00000000
00000000
00000000
00000000
00000000
00000000
00000000
00000000
00000000
00000000
00000000
00000000
00000000
00000000
00000000
00000000
00000000
00000000
00000000
00000000
00000000
00000000
00000000
00000000
00000000
00000000
00000000
00000000
00000000
00000000
00000000
00000000
00000000
00000000
00000000
00000000
00000000
00000000
00000000
00000000
00000000
00000000
00000000
00000000
00000000
00000000
00000000
00000000
00000000
00000000
00000000
00000000
00000000
00000000
00000000
00000000
00000000
00000000
00000000
00000000
00000000
00000000
00000000
00000000
00000000
00000000
00000000
00000000
00000000
00000000
00000000
00000000
00000000
00000000
00000000
00000000
00000000
00000000
00000000
00000000
00000000
00000000
00000000
00000000
00000000
00000000
00000000
00000000
00000000
00000000
00000000
00000000
00000000
00000000
00000000
00000000
00000000
00000000
00000000
00000000
00000000
00000000
00000000
00000000
00000000
00000000
00000000
00000000
00000000
00000000
00000000
00000000
00000000
00000000
00000000
00000000
00000000
00000000
00000000
00000000
00000000
00000000
00000000
00000000
00000000
00000000
00000000
00000000
00000000
00000000
00000000
00000000
00000000
00000000
00000000
00000000
00000000
00000000
00000000
00000000
00000000
00000000
00000000
00000000
00000000
00000000
00000000
00000000
00000000
00000000
00000000
00000000
00000000
00000000
00000000
00000000
00000000
00000000
00000000
00000000
00000000
00000000
00000000
00000000
00000000
00000000
00000000
00000000
00000000
00000000
00000000
00000000
00000000
00000000
00000000
00000000
00000000
00000000
00000000
00000000
00000000
00000000
00000000
00000000
00000000
00000000
00000000
00000000
00000000
00000000
00000000
00000000
00000000
00000000
00000000
00000000
00000000
00000000
00000000
00000000
00000000
00000000
00000000
00000000
00000000
00000000
00000000
00000000
00000000
00000000
00000000
00000000
00000000
00000000
00000000
00000000
00000000
00000000
00000000
00000000
00000000
00000000
00000000
00000000
00000000
00000000
00000000
00000000
00000000
00000000
00000000
00000000
00000000
00000000
00000000
00000000
00000000
00000000
00000000
00000000
00000000
00000000
00000000
00000000
00000000
00000000
00000000
00000000
00000000
00000000
00000000
00000000
00000000
00000000
00000000
00000000
00000000
00000000
00000000
00000000
00000000
00000000
00000000
00000000
00000000
00000000
00000000
00000000
00000000
00000000
00000000
00000000
00000000
00000000
00000000
00000000
00000000
00000000
00000000
00000000
00000000
00000000
00000000
00000000
00000000
00000000
00000000
00000000
00000000
00000000
00000000
00000000
00000000
00000000
00000000
00000000
00000000
00000000
00000000
00000000
00000000
00000000
00000000
00000000
00000000
00000000
00000000
00000000
00000000
00000000
00000000
00000000
00000000
00000000
00000000
00000000
00000000
00000000
00000000
00000000
00000000
00000000
00000000
00000000
00000000
00000000
00000000
00000000
00000000
00000000
00000000
00000000
00000000
00000000
00000000
00000000
00000000
00000000
00000000
00000000
00000000
00000000
00000000
00000000
00000000
00000000
00000000
00000000
00000000
00000000
00000000
00000000
00000000
00000000
00000000
00000000
00000000
00000000
00000000
00000000
00000000
00000000
00000000
00000000
00000000
00000000
00000000
00000000
00000000
00000000
00000000
00000000
00000000
00000000
00000000
00000000
00000000
00000000
00000000
00000000
00000000
00000000
00000000
00000000
00000000
00000000
00000000
00000000
00000000
00000000
00000000
00000000
00000000
00000000
00000000
00000000
00000000
00000000
00000000
00000000
00000000
00000000
00000000
00000000
00000000
00000000
00000000
00000000
00000000
00000000
00000000
00000000
00000000
00000000
00000000
00000000
00000000
00000000
00000000
00000000
00000000
00000000
00000000
00000000
00000000
00000000
00000000
00000000
00000000
00000000
00000000
00000000
00000000
00000000
00000000
00000000
00000000
00000000
00000000
00000000
00000000
00000000
00000000
00000000
00000000
00000000
00000000
00000000
00000000
00000000
00000000
00000000
00000000
00000000
00000000
00000000
00000000
00000000
00000000
00000000
00000000
00000000
00000000
00000000
00000000
00000000
00000000
00000000
00000000
00000000
00000000
00000000
00000000
00000000
00000000
00000000
00000000
00000000
00000000
00000000
00000000
00000000
00000000
00000000
00000000
00000000
00000000
00000000
00000000
00000000
00000000
00000000
00000000
00000000
00000000
00000000
00000000
00000000
00000000
00000000
00000000
00000000
00000000
00000000
00000000
00000000
00000000
00000000
00000000
00000000
00000000
00000000
00000000
00000000
00000000
00000000
00000000
00000000
00000000
00000000
00000000
00000000
00000000
00000000
00000000
00000000
00000000
00000000
00000000
00000000
00000000
00000000
00000000
00000000
00000000
00000000
00000000
00000000
00000000
00000000
00000000
00000000
00000000
00000000
00000000
00000000
00000000
00000000
00000000
00000000
00000000
00000000
00000000
00000000
00000000
00000000
00000000
00000000
00000000
00000000
00000000
00000000
00000000
00000000
00000000
00000000
00000000
00000000
00000000
00000000
00000000
00000000
00000000
00000000
00000000
00000000
00000000
00000000
00000000
00000000
00000000
00000000
00000000
00000000
00000000
00000000
00000000
00000000
00000000
00000000
00000000
00000000
00000000
00000000
00000000
00000000
00000000
00000000
00000000
00000000
00000000
00000000
00000000
00000000
00000000
00000000
00000000
00000000
00000000
00000000
00000000
00000000
00000000
00000000
00000000
00000000
00000000
00000000
00000000
00000000
00000000
00000000
00000000
00000000
00000000
00000000
00000000
00000000
00000000
00000000
00000000
00000000
00000000
00000000
00000000
00000000
00000000
00000000
00000000
00000000
00000000
00000000
00000000
00000000
00000000
00000000
00000000
00000000
00000000
00000000
00000000
00000000
00000000
00000000
00000000
00000000
00000000
00000000
00000000
00000000
00000000
00000000
00000000
00000000
00000000
00000000
00000000
00000000
00000000
00000000
00000000
00000000
00000000
00000000
00000000
00000000
00000000
00000000
00000000
00000000
00000000
00000000
00000000
00000000
00000000
00000000
00000000
00000000
00000000
00000000
00000000
00000000
00000000
00000000
00000000
00000000
00000000
00000000
00000000
00000000
00000000
00000000
00000000
00000000
00000000
00000000
00000000
00000000
00000000
00000000
00000000
00000000
00000000
00000000
00000000
00000000
00000000
00000000
00000000
00000000
00000000
00000000
00000000
00000000
00000000
00000000
00000000
00000000
00000000
00000000
00000000
00000000
00000000
00000000
00000000
00000000
00000000
00000000
00000000
00000000
00000000
00000000
00000000
00000000
00000000
00000000
00000000
00000000
00000000
00000000
00000000
00000000
00000000
00000000
00000000
00000000
00000000
00000000
00000000
00000000
00000000
00000000
00000000
00000000
00000000
00000000
00000000
00000000
00000000
00000000
00000000
00000000
00000000
00000000
00000000
00000000
00000000
00000000
00000000
00000000
00000000
00000000
00000000
00000000
00000000
00000000
00000000
00000000
00000000
00000000
00000000
00000000
00000000
00000000
00000000
00000000
00000000
00000000
00000000
00000000
00000000
00000000
00000000
00000000
00000000
00000000
00000000
00000000
00000000
00000000
00000000
00000000
00000000
00000000
00000000
00000000
00000000
00000000
00000000
00000000
00000000
00000000
00000000
00000000
00000000
00000000
00000000
00000000
00000000
00000000
00000000
00000000
00000000
00000000
00000000
00000000
00000000
00000000
00000000
00000000
00000000
00000000
00000000
00000000
00000000
00000000
00000000
00000000
00000000
00000000
00000000
00000000
00000000
00000000
00000000
00000000
00000000
00000000
00000000
00000000
00000000
00000000
00000000
00000000
00000000
00000000
00000000
00000000
00000000
00000000
00000000
00000000
00000000
00000000
00000000
00000000
00000000
00000000
00000000
00000000
00000000
00000000
00000000
00000000
00000000
00000000
00000000
00000000
00000000
00000000
00000000
00000000
00000000
00000000
00000000
00000000
00000000
00000000
00000000
00000000
00000000
00000000
00000000
00000000
00000000
00000000
00000000
00000000
00000000
00000000
00000000
00000000
00000000
00000000
00000000
00000000
00000000
00000000
00000000
00000000
00000000
00000000
00000000
00000000
00000000
00000000
00000000
00000000
00000000
00000000
00000000
00000000
00000000
00000000
00000000
00000000
00000000
00000000
00000000
00000000
00000000
00000000
00000000
00000000
00000000
00000000
00000000
00000000
00000000
00000000
00000000
00000000
00000000
00000000
00000000
00000000
00000000
00000000
00000000
00000000
00000000
00000000
00000000
00000000
00000000
00000000
00000000
00000000
00000000
00000000
00000000
00000000
00000000
00000000
00000000
00000000
00000000
00000000
00000000
00000000
00000000
00000000
00000000
00000000
00000000
00000000
00000000
00000000
00000000
00000000
00000000
00000000
00000000
00000000
00000000
00000000
00000000
00000000
00000000
00000000
00000000
00000000
00000000
00000000
00000000
00000000
00000000
00000000
00000000
00000000
00000000
00000000
00000000
00000000
00000000
00000000
00000000
00000000
00000000
00000000
00000000
00000000
00000000
00000000
00000000
00000000
00000000
00000000
00000000
00000000
00000000
00000000
00000000
00000000
00000000
00000000
00000000
00000000
00000000
00000000
00000000
00000000
00000000
00000000
00000000
00000000
00000000
00000000
00000000
00000000
00000000
00000000
00000000
00000000
00000000
00000000
00000000
00000000
00000000
00000000
00000000
00000000
00000000
00000000
00000000
00000000
00000000
00000000
00000000
00000000
00000000
00000000
00000000
00000000
00000000
00000000
00000000
00000000
00000000
00000000
00000000
00000000
00000000
00000000
00000000
00000000
00000000
00000000
00000000
00000000
00000000
00000000
00000000
00000000
00000000
00000000
00000000
00000000
00000000
00000000
00000000
00000000
00000000
00000000
00000000
00000000
00000000
00000000
00000000
00000000
00000000
00000000
00000000
00000000
00000000
00000000
00000000
00000000
00000000
00000000
00000000
00000000
00000000
00000000
00000000
00000000
00000000
00000000
00000000
00000000
00000000
00000000
00000000
00000000
00000000
00000000
00000000
00000000
00000000
00000000
00000000
00000000
00000000
00000000
00000000
00000000
00000000
00000000
00000000
00000000
00000000
00000000
00000000
00000000
00000000
00000000
00000000
00000000
00000000
00000000
00000000
00000000
00000000
00000000
00000000
00000000
00000000
00000000
00000000
00000000
00000000
00000000
00000000
00000000
00000000
00000000
00000000
00000000
00000000
00000000
00000000
00000000
00000000
00000000
00000000
00000000
00000000
00000000
00000000
00000000
00000000
00000000
00000000
00000000
00000000
00000000
00000000
00000000
00000000
00000000
00000000
00000000
00000000
00000000
00000000
00000000
00000000
00000000
00000000
00000000
00000000
00000000
00000000
00000000
00000000
00000000
00000000
00000000
00000000
00000000
00000000
00000000
00000000
00000000
00000000
00000000
00000000
00000000
00000000
00000000
00000000
00000000
00000000
00000000
00000000
00000000
00000000
00000000
00000000
00000000
00000000
00000000
00000000
00000000
00000000
00000000
00000000
00000000
00000000
00000000
00000000
00000000
00000000
00000000
00000000
00000000
00000000
00000000
00000000
00000000
00000000
00000000
00000000
00000000
00000000
00000000
00000000
00000000
00000000
00000000
00000000
00000000
00000000
00000000
00000000
00000000
00000000
00000000
00000000
00000000
00000000
00000000
00000000
00000000
00000000
00000000
00000000
00000000
00000000
00000000
00000000
00000000
00000000
00000000
00000000
00000000
00000000
00000000
00000000
00000000
00000000
00000000
00000000
00000000
00000000
00000000
00000000
00000000
00000000
00000000
00000000
00000000
00000000
00000000
00000000
00000000
00000000
00000000
00000000
00000000
00000000
00000000
00000000
00000000
00000000
00000000
00000000
00000000
00000000
00000000
00000000
00000000
00000000
00000000
00000000
00000000
00000000
00000000
00000000
00000000
00000000
00000000
00000000
00000000
00000000
00000000
00000000
00000000
00000000
00000000
00000000
00000000
00000000
00000000
00000000
00000000
00000000
00000000
00000000
00000000
00000000
00000000
00000000
00000000
00000000
00000000
00000000
00000000
00000000
00000000
00000000
00000000
00000000
00000000
00000000
00000000
00000000
00000000
00000000
00000000
00000000
00000000
00000000
00000000
00000000
00000000
00000000
00000000
00000000
00000000
00000000
00000000
00000000
00000000
00000000
00000000
00000000
00000000
00000000
00000000
00000000
00000000
00000000
00000000
00000000
00000000
00000000
00000000
00000000
00000000
00000000
00000000
00000000
00000000
00000000
00000000
00000000
00000000
00000000
00000000
00000000
00000000
00000000
00000000
00000000
00000000
00000000
00000000
00000000
00000000
00000000
00000000
00000000
00000000
00000000
00000000
00000000
00000000
00000000
00000000
00000000
00000000
00000000
00000000
00000000
00000000
00000000
00000000
00000000
00000000
00000000
00000000
00000000
00000000
00000000
00000000
00000000
00000000
00000000
00000000
00000000
00000000
00000000
00000000
00000000
00000000
00000000
00000000
00000000
00000000
00000000
00000000
00000000
00000000
00000000
00000000
00000000
00000000
00000000
00000000
00000000
00000000
00000000
00000000
00000000
00000000
00000000
00000000
00000000
00000000
00000000
00000000
00000000
00000000
00000000
00000000
00000000
00000000
00000000
00000000
00000000
00000000
00000000
00000000
00000000
00000000
00000000
00000000
00000000
00000000
00000000
00000000
00000000
00000000
00000000
00000000
00000000
00000000
00000000
00000000
00000000
00000000
00000000
00000000
00000000
00000000
00000000
00000000
00000000
00000000
00000000
00000000
00000000
00000000
00000000
00000000
00000000
00000000
00000000
00000000
00000000
00000000
00000000
00000000
00000000
00000000
00000000
00000000
00000000
00000000
00000000
00000000
00000000
00000000
00000000
00000000
00000000
00000000
00000000
00000000
00000000
00000000
00000000
00000000
00000000
00000000
00000000
00000000
00000000
00000000
00000000
00000000
00000000
00000000
00000000
00000000
00000000
00000000
00000000
00000000
00000000
00000000
00000000
00000000
00000000
00000000
00000000
00000000
00000000
00000000
00000000
00000000
00000000
00000000
00000000
00000000
00000000
00000000
00000000
00000000
00000000
00000000
00000000
00000000
00000000
00000000
00000000
00000000
00000000
00000000
00000000
00000000
00000000
00000000
00000000
00000000
00000000
00000000
00000000
00000000
00000000
00000000
00000000
00000000
00000000
00000000
00000000
00000000
00000000
00000000
00000000
00000000
00000000
00000000
00000000
00000000
00000000
00000000
00000000
00000000
00000000
00000000
00000000
00000000
00000000
00000000
00000000
00000000
00000000
00000000
00000000
00000000
00000000
00000000
00000000
00000000
00000000
00000000
00000000
00000000
00000000
00000000
00000000
00000000
00000000
00000000
00000000
00000000
00000000
00000000
00000000
00000000
00000000
00000000
00000000
00000000
00000000
00000000
00000000
00000000
00000000
00000000
00000000
00000000
00000000
00000000
00000000
00000000
00000000
00000000
00000000
00000000
00000000
00000000
00000000
00000000
00000000
00000000
00000000
00000000
00000000
00000000
00000000
00000000
00000000
00000000
00000000
00000000
00000000
00000000
00000000
00000000
00000000
00000000
00000000
00000000
00000000
00000000
00000000
00000000
00000000
00000000
00000000
00000000
00000000
00000000
00000000
00000000
00000000
00000000
00000000
00000000
00000000
00000000
00000000
00000000
00000000
00000000
00000000
00000000
00000000
00000000
00000000
00000000
00000000
00000000
00000000
00000000
00000000
00000000
00000000
00000000
00000000
00000000
00000000
00000000
00000000
00000000
00000000
00000000
00000000
00000000
00000000
00000000
00000000
00000000
00000000
00000000
00000000
00000000
00000000
00000000
00000000
00000000
00000000
00000000
00000000
00000000
00000000
00000000
00000000
00000000
00000000
00000000
00000000
00000000
00000000
00000000
00000000
00000000
00000000
00000000
00000000
00000000
00000000
00000000
00000000
00000000
00000000
00000000
00000000
00000000
00000000
00000000
00000000
00000000
00000000
00000000
00000000
00000000
00000000
00000000
00000000
00000000
00000000
00000000
00000000
00000000
00000000
00000000
00000000
00000000
00000000
00000000
00000000
00000000
00000000
00000000
00000000
00000000
00000000
00000000
00000000
00000000
00000000
00000000
00000000
00000000
00000000
00000000
00000000
00000000
00000000
00000000
00000000
00000000
00000000
00000000
00000000
00000000
00000000
00000000
00000000
00000000
00000000
00000000
00000000
00000000
00000000
00000000
00000000
00000000
00000000
00000000
00000000
00000000
00000000
00000000
00000000
00000000
00000000
00000000
00000000
00000000
00000000
00000000
00000000
00000000
00000000
00000000
00000000
00000000
00000000
00000000
00000000
00000000
00000000
00000000
00000000
00000000
00000000
00000000
00000000
00000000
00000000
00000000
00000000
00000000
00000000
00000000
00000000
00000000
00000000
00000000
00000000
00000000
00000000
00000000
00000000
00000000
00000000
00000000
00000000
00000000
00000000
00000000
00000000
00000000
00000000
00000000
00000000
00000000
00000000
00000000
00000000
00000000
00000000
00000000
00000000
00000000
00000000
00000000
00000000
00000000
00000000
00000000
00000000
00000000
00000000
00000000
00000000
00000000
00000000
00000000
00000000
00000000
00000000
00000000
00000000
00000000
00000000
00000000
00000000
00000000
00000000
00000000
00000000
00000000
00000000
00000000
00000000
00000000
00000000
00000000
00000000
00000000
00000000
00000000
00000000
00000000
00000000
00000000
00000000
00000000
00000000
00000000
00000000
00000000
00000000
00000000
00000000
00000000
00000000
00000000
00000000
00000000
00000000
00000000
00000000
00000000
00000000
00000000
00000000
00000000
00000000
00000000
00000000
00000000
00000000
00000000
00000000
00000000
00000000
00000000
00000000
00000000
00000000
00000000
00000000
00000000
00000000
00000000
00000000
00000000
00000000
00000000
00000000
00000000
00000000
00000000
00000000
00000000
00000000
00000000
00000000
00000000
00000000
00000000
00000000
00000000
00000000
00000000
00000000
00000000
00000000
00000000
00000000
00000000
00000000
00000000
00000000
00000000
00000000
00000000
00000000
00000000
00000000
00000000
00000000
00000000
00000000
00000000
00000000
00000000
00000000
00000000
00000000
00000000
00000000
00000000
00000000
00000000
00000000
00000000
00000000
00000000
00000000
00000000
00000000
00000000
00000000
00000000
00000000
00000000
00000000
00000000
00000000
00000000
00000000
00000000
00000000
00000000
00000000
00000000
00000000
00000000
00000000
00000000
00000000
00000000
00000000
00000000
00000000
00000000
00000000
00000000
00000000
00000000
00000000
00000000
00000000
00000000
00000000
00000000
00000000
00000000
00000000
00000000
00000000
00000000
00000000
00000000
00000000
00000000
00000000
00000000
00000000
00000000
00000000
00000000
00000000
00000000
00000000
00000000
00000000
00000000
00000000
00000000
00000000
00000000
00000000
00000000
00000000
00000000
00000000
00000000
00000000
00000000
00000000
00000000
00000000
00000000
00000000
00000000
00000000
00000000
00000000
00000000
00000000
00000000
00000000
00000000
00000000
00000000
00000000
00000000
00000000
00000000
00000000
00000000
00000000
00000000
00000000
00000000
00000000
00000000
00000000
00000000
00000000
00000000
00000000
00000000
00000000
00000000
00000000
00000000
00000000
00000000
00000000
00000000
00000000
00000000
00000000
00000000
00000000
00000000
00000000
00000000
00000000
00000000
00000000
00000000
00000000
00000000
00000000
00000000
00000000
00000000
00000000
00000000
00000000
00000000
00000000
00000000
00000000
00000000
00000000
00000000
00000000
00000000
00000000
00000000
00000000
00000000
00000000
00000000
00000000
00000000
00000000
00000000
00000000
00000000
00000000
00000000
00000000
00000000
00000000
00000000
00000000
00000000
00000000
00000000
00000000
00000000
00000000
00000000
00000000
00000000
00000000
00000000
00000000
00000000
00000000
00000000
00000000
00000000
00000000
00000000
00000000
00000000
00000000
00000000
00000000
00000000
00000000
00000000
00000000
00000000
00000000
00000000
00000000
00000000
00000000
00000000
00000000
00000000
00000000
00000000
00000000
00000000
00000000
00000000
00000000
00000000
00000000
00000000
00000000
00000000
00000000
00000000
00000000
00000000
00000000
00000000
00000000
00000000
00000000
00000000
00000000
00000000
00000000
00000000
00000000
00000000
00000000
00000000
00000000
00000000
00000000
00000000
00000000
00000000
00000000
00000000
00000000
00000000
00000000
00000000
00000000
00000000
00000000
00000000
00000000
00000000
00000000
00000000
00000000
00000000
00000000
00000000
00000000
00000000
00000000
00000000
00000000
00000000
00000000
00000000
00000000
00000000
00000000
00000000
00000000
00000000
00000000
00000000
00000000
00000000
00000000
00000000
00000000
00000000
00000000
00000000
00000000
00000000
00000000
00000000
00000000
00000000
00000000
00000000
00000000
00000000
00000000
00000000
00000000
00000000
00000000
00000000
00000000
00000000
00000000
00000000
00000000
00000000
00000000
00000000
00000000
00000000
00000000
00000000
00000000
00000000
00000000
00000000
00000000
00000000
00000000
00000000
00000000
00000000
00000000
00000000
00000000
00000000
00000000
00000000
00000000
00000000
00000000
00000000
00000000
00000000
00000000
00000000
00000000
00000000
00000000
00000000
00000000
00000000
00000000
00000000
00000000
00000000
00000000
00000000
00000000
00000000
00000000
00000000
00000000
00000000
00000000
00000000
00000000
00000000
00000000
00000000
00000000
00000000
00000000
00000000
00000000
00000000
00000000
00000000
00000000
00000000
00000000
00000000
00000000
00000000
00000000
00000000
00000000
00000000
00000000
00000000
00000000
00000000
00000000
00000000
00000000
00000000
00000000
00000000
00000000
00000000
00000000
00000000
00000000
00000000
00000000
00000000
00000000
00000000
00000000
00000000
00000000
00000000
00000000
00000000
00000000
00000000
00000000
00000000
00000000
00000000
00000000
00000000
00000000
00000000
00000000
00000000
00000000
00000000
00000000
00000000
00000000
00000000
00000000
00000000
00000000
00000000
00000000
00000000
00000000
00000000
00000000
00000000
00000000
00000000
00000000
00000000
00000000
00000000
00000000
00000000
00000000
00000000
00000000
00000000
00000000
00000000
00000000
00000000
00000000
00000000
00000000
00000000
00000000
00000000
00000000
00000000
00000000
00000000
00000000
00000000
00000000
00000000
00000000
00000000
00000000
00000000
00000000
00000000
00000000
00000000
00000000
00000000
00000000
00000000
00000000
00000000
00000000
00000000
00000000
00000000
00000000
00000000
00000000
00000000
00000000
00000000
00000000
00000000
00000000
00000000
00000000
00000000
00000000
00000000
00000000
00000000
00000000
00000000
00000000
00000000
00000000
00000000
00000000
00000000
00000000
00000000
00000000
00000000
00000000
00000000
00000000
00000000
00000000
00000000
00000000
00000000
00000000
00000000
00000000
00000000
00000000
00000000
00000000
00000000
00000000
00000000
00000000
00000000
00000000
00000000
00000000
00000000
00000000
00000000
00000000
00000000
00000000
00000000
00000000
00000000
00000000
00000000
00000000
00000000
00000000
00000000
00000000
00000000
00000000
00000000
00000000
00000000
00000000
00000000
00000000
00000000
00000000
00000000
00000000
00000000
00000000
00000000
00000000
00000000
00000000
00000000
00000000
00000000
00000000
00000000
00000000
00000000
00000000
00000000
00000000
00000000
00000000
00000000
00000000
00000000
00000000
00000000
00000000
00000000
00000000
00000000
00000000
00000000
00000000
00000000
00000000
00000000
00000000
00000000
00000000
00000000
00000000
00000000
00000000
00000000
00000000
00000000
00000000
00000000
00000000
00000000
00000000
00000000
00000000
00000000
00000000
00000000
00000000
00000000
00000000
00000000
00000000
00000000
00000000
00000000
00000000
00000000
00000000
00000000
00000000
00000000
00000000
00000000
00000000
00000000
00000000
00000000
00000000
00000000
00000000
00000000
00000000
00000000
00000000
00000000
00000000
00000000
00000000
00000000
00000000
00000000
00000000
00000000
00000000
00000000
00000000
00000000
00000000
00000000
00000000
00000000
00000000
00000000
00000000
00000000
00000000
00000000
00000000
00000000
00000000
00000000
00000000
00000000
00000000
00000000
00000000
00000000
00000000
00000000
00000000
00000000
00000000
00000000
00000000
00000000
00000000
00000000
00000000
00000000
00000000
00000000
00000000
00000000
00000000
00000000
00000000
00000000
00000000
00000000
00000000
00000000
00000000
00000000
00000000
00000000
00000000
00000000
00000000
00000000
00000000
00000000
00000000
00000000
00000000
00000000
00000000
00000000
00000000
00000000
00000000
00000000
00000000
00000000
00000000
00000000
00000000
00000000
00000000
00000000
00000000
00000000
00000000
00000000
00000000
00000000
00000000
00000000
00000000
00000000
00000000
00000000
00000000
00000000
00000000
00000000
00000000
00000000
00000000
00000000
00000000
00000000
00000000
00000000
00000000
00000000
00000000
00000000
00000000
00000000
00000000
00000000
00000000
00000000
00000000
00000000
00000000
00000000
00000000
00000000
00000000
00000000
00000000
00000000
00000000
00000000
00000000
00000000
00000000
00000000
00000000
00000000
00000000
00000000
00000000
00000000
00000000
00000000
00000000
00000000
00000000
00000000
00000000
00000000
00000000
00000000
00000000
00000000
00000000
00000000
00000000
00000000
00000000
00000000
00000000
00000000
00000000
00000000
00000000
00000000
00000000
00000000
00000000
00000000
00000000
00000000
00000000
00000000
00000000
00000000
00000000
00000000
00000000
00000000
00000000
00000000
00000000
00000000
00000000
00000000
00000000
00000000
00000000
00000000
00000000
00000000
00000000
00000000
00000000
00000000
00000000
00000000
