f14022f3
82634301
08970062
88930000
806700c8
1b370008
0b134000
0001104b
0000cf97
ad4f8f93
00003b17
b2cb0b13
000b6b13
305b1073
00000b17
020b0b13
341b1073
0b136b09
1073a00b
4b01300b
304b1073
30200073
fcf63037
70000013
f13740a1
0113d163
41b59721
f6074237
6cd20213
003762b7
39f28293
fdb3f337
ae830313
04374381
0413e063
44813424
f5b74501
859340d8
4625f485
800006b7
0eae4737
92670713
800007b7
80000837
f1edd8b7
d5a88893
c9b7490d
8993d52c
4a01ce99
1f82aab7
40ea8a93
ebb74b05
8b93f403
0c375e0b
4cad8000
c2a0dd37
a5dd0d13
80000db7
947a6e37
3d0e0e13
1f174e81
0f130001
b933822f
0073011e
90020000
00000000
00003297
b3828293
0012a303
0062a123
300022f3
34029373
340022f3
30002373
a5a5af37
5a5f0f13
1f936fc1
0f37605f
5ffd8000
03ff4fb3
03ef6fb3
5fb34f81
4f8103ff
03ff6fb3
30403373
30502373
34102373
34202373
34302373
34402373
c0002373
c8002373
c0202373
c8202373
0fb74f01
1ffd8000
080f4fb3
feb50533
34001373
5f9c6813
86e10001
87b3c299
5db3415b
0dc20109
6e635017
014e33b3
0f057f41
80000fb7
61ff1fb3
01f55e93
05141563
038254b3
896e717d
008c6e33
0360db63
c463e69d
84330397
6f414092
a5a5afb7
5a5f8f93
61ff5fb3
019179b3
75ec4513
b5b3717d
a4370090
adb30a57
8233007b
8d35031f
8ae1686d
80000f37
4f811f7d
607f5f93
039f1033
9db3829d
82c100ca
03315033
025fd5b3
fd97827e
8ac5cb7e
0f37557d
7fc18000
5f930f85
1073287f
2ff3340f
3ff33400
00013400
8ef50001
a43ae013
01f98463
011f64b3
60c10096
01c752b3
af378e95
0f13a5a5
6fc15a5f
698f5f93
055cd563
0309edb3
03d57763
0066c5b3
05fc6b63
0006da13
01d01033
1633865d
9a630178
4f0104cf
80000fb7
1fb31ffd
e1b349ff
511302a8
c79301bb
c69951fc
54131094
5933010c
9ad640a8
0019ed63
021d8133
0f057f41
80000fb7
49ff5fb3
a0548813
ebb3611d
24330299
1eb30313
10630062
573303c3
0992030f
60858e91
afb76f41
8f93a5a5
1fb35a5f
551369ff
86d91eb5
9afd9b86
01a7a433
80339afd
09334063
040a038b
03523833
0f37871d
1f7d8000
1fb34f81
107329ff
34173404
04130000
c00499a4
00242223
00840113
4f02c07e
01f42423
c4044404
00442103
24734004
62933400
717d99c3
89aa1294
886e42c1
01e29033
01461e93
00b0d813
03ee0033
80000f37
0f857fc1
49ff1f93
01464533
8eb59e2a
01e04733
c68915fd
0424c763
004dd293
e29d717d
a5a5af37
5a5f0f13
5f936fc1
603348ff
b0330132
177d004d
579300ae
92a60050
05399663
0057db93
f0330269
4f0100e6
80000fb7
1f931ffd
5133680f
0a63405d
1b97013f
1263857c
0db30137
8e3300c7
e7370184
3e97450d
083716f5
8ed557c4
0f057f41
80000fb7
29ff1f93
36838393
8f7d4b13
00e9a6b3
99e55817
8ef56aad
0693954a
9a462a98
07e4ec63
afb76f41
8f93a5a5
5fb35a5f
90730fff
00ef3400
80670080
20f30000
90733400
20093400
004000ef
004000ef
00000097
00c08093
00008067
340020f3
97330001
b59300d2
c7332004
6a93028a
0a331807
423340f3
60d502db
0214b033
012fde63
80000f37
4f811f7d
0fff7fb3
08060494
81be8b42
8ad10ec6
2344a013
acf3bb93
029655b3
0f3760c9
7fc18000
2fb30f85
12b321ff
c33320b5
86d5011c
001c9013
6733ce85
4ab3038d
05140023
03d8adb3
a3176761
af37283b
0f13a5a5
6fc15a5f
21ff4fb3
0334c2b3
8ed58ec1
03409a63
02b3537d
c291030a
851e0001
002819b3
0fb74f01
1ffd8000
21ff6fb3
02aa5833
79fb8513
92228cf5
790e8793
00455033
1a338e75
c9930046
8633ad65
7f4140a5
0fb70f05
7fb38000
0f3741ff
5ffd8000
03ff4fb3
03ef6fb3
5fb34f81
4f8103ff
03ff6fb3
911e8ef5
8eb586dd
476360d1
bb93036d
88812694
03da9bb3
af10b337
afb76f41
8f93a5a5
6fb35a5f
a00041ff
85330001
1d6300ba
0a6a0197
0223c863
ce0e3a93
6a9362c1
8262dc1e
01032333
0383cf63
80000f37
4f811f7d
41ff4fb3
012ddd63
03053933
4148d7b3
00010488
0274f563
01751413
22931e7d
8ec5d3e8
80000f37
0f857fc1
600f1f93
02b38e75
0cb302f3
1cb341a8
d59302a5
31170162
f293d87e
4713edd9
5233fdf2
0e364080
a5a5af37
5a5f0f13
1f936fc1
90f2601f
856dc993
00014ef1
40265e33
4a338e75
5eb302ca
81b30373
96b3407c
4f010141
80000fb7
1f931ffd
3533602f
107340b5
2ff3340f
3ff33400
9d333400
8e9102f6
01325463
013bec33
01a33933
008ebeb3
63b382fd
e82901aa
020cde63
0f057f41
80000fb7
0bff4fb3
0032b5b3
03eede63
82c28eb5
461397de
d033c489
1eb3405f
970e025b
6f416159
a5a5afb7
5a5f8f93
0bff5fb3
fe55b413
001b8633
02454963
610d07fe
03f0c463
012d4b33
60e98ed5
03eee833
80000f37
4f811f7d
0bff6fb3
e3237d13
005a5c63
0025de33
9d520114
5093071c
301340f3
931a094e
03cb8533
80000f37
0f857fc1
0bff7fb3
41178833
67502013
017c5763
405e5113
0d8e9afd
d1b380ba
3c9340be
8d631ebe
af370590
0f13a5a5
6fc15a5f
604f1f93
34041073
00002417
59040413
2223c004
01130024
c07e0084
24234f02
440401f4
2103c404
40040044
34002473
0120f433
40c0ddb3
00a6987d
020c1d33
405bd933
415dd333
03bd3633
006a2533
03139d63
0fb74f01
1ffd8000
605f1f93
34009073
008000ef
00008067
340020f3
9c6303f2
1ab30255
531302fc
221700cf
f3937d6e
deb354ac
7a13015c
587d6a67
7f410001
0fb70f05
4fb38000
e663080f
8446002f
b2370126
9a33a385
a9b300b6
6e1701a8
e299783d
1acc3393
abfcc817
afb76f41
8f93a5a5
1fb35a5f
053361ff
717d0ab5
0b338ef5
8e8d40f9
f613717d
80a9ad0a
0bb68e9d
27b100b7
80000f37
4f811f7d
61ff5fb3
b2930001
7463b0ae
82630503
90f6004d
61fd7213
4105dd93
e5b3e1a9
5cfd03c8
80000f37
0f857fc1
607f5f93
34009073
00ef2009
00ef0040
00970040
80930000
806700c0
20f30000
1bb33400
31b3015f
1d3302ca
117d0004
2513c691
0514cbc0
8ea18f75
af370e94
0f13a5a5
6fc15a5f
287f5f93
36ce8a93
b17b34b7
02793233
0314ce95
34338ef5
e0b30167
5b63000b
167d0169
0fb74f01
1ffd8000
698f5f93
00125d33
000cd1b3
02456033
60b2ab93
00fa6233
fdf84913
025985b3
f6ee3013
000929b3
41875a93
0f057f41
80000fb7
49ff1fb3
01d6cbb3
d3639db2
828905ed
01347033
44b38fd5
fb130048
ca893c92
6f410001
a5a5afb7
5a5f8f93
49ff5fb3
41f3d013
40d18a33
40a05a13
4e3b41b7
8ce4c193
01cbe7b3
3d20c193
05e54013
f09f0397
f5184793
80000f37
4f811f7d
69ff1fb3
80000f37
4fb35ffd
6fb303ff
4f8103ef
03ff5fb3
6fb34f81
000103ff
d6b3ce95
791301b8
2397683c
c3852461
03c1c363
4d638569
b5b3046a
0f370089
7fc18000
1fb30f85
253329ff
86bd60b5
02f43033
eeb14b6d
03b1deb3
6dfda013
031e2733
44322a93
3eb38ed5
af370167
0f13a5a5
6fc15a5f
49ff1f93
00425833
27a97a93
415ad033
01c91833
03953533
414ddc33
e813e695
bb1398b0
34b3ad77
4f010167
80000fb7
5f931ffd
693348ff
89b30143
717d015f
07140a19
010a2eb3
001d8233
034b9e33
340b4013
7f416141
0fb70f05
1f938000
9d32680f
32bd6e13
068d4163
f34a4e17
026f8033
004a9993
00d2f6b3
0012a3b3
40fed793
03936eb3
afb76f41
8f93a5a5
1f935a5f
700229ff
10730001
2ff3340f
3ff33400
e2633400
6e6302c4
61330044
4bb302fb
47b302b3
569302a8
2cb3411f
846301c9
f2630307
1e1400f4
80000f37
4f811f7d
0fff5fb3
41535033
021720b3
0102f533
e1b3e299
8ed502c4
06e8c063
9033e685
8ed5016c
80000f37
0f857fc1
0fff7fb3
34009073
008000ef
00008067
340020f3
03a9c5b3
025252b3
0217c933
03a603b3
c4638ef5
b0b303b5
363302eb
e43303fb
9252004d
a5a5af37
5a5f0f13
2fb36fc1
353321ff
8eb5026a
00010476
06ac7e63
2d8b9db7
026c1163
0286e763
031ca7b3
4f010001
80000fb7
4fb31ffd
253321ff
4ab748b5
c833d892
1f6303a5
611d05f5
85338221
929e02d6
ce958f95
7f419afd
0fb70f05
6fb38000
107321ff
24173404
04130000
c0041564
00242223
00840113
4f02c07e
01f42423
c4044404
00442103
24734004
03623400
8eb50001
01fa89b3
40e38533
8dd50001
db170c93
02808533
02a90c33
afb76f41
8f93a5a5
7fb35a5f
127d41ff
00645733
03899763
03ca0763
e45c6d93
8033717d
40330158
449302d6
896350bb
0f370535
1f7d8000
6fb34f81
d03341ff
701302fc
d393ef15
61c54041
032a6163
0eca0001
0150ce33
03a6e933
00af69b3
80000f37
0f857fc1
41ff4fb3
8033e689
6033408c
8e95016f
8c930001
4c65b582
01287633
4001d093
24e8bc13
a5a5af37
5a5f0f13
1f936fc1
62dd600f
05a40663
8701c613
03485833
418689b3
0259a033
a9354913
8ef58dd5
4f018e95
80000fb7
1f931ffd
9073601f
20093400
004000ef
004000ef
00000097
00c08093
00008067
340020f3
2ecc3593
02c6d0b3
8963420d
f9630210
60330031
10130002
000100fa
018d8f63
b8a42013
0f057f41
80000fb7
602f1f93
00b3c6a1
c593019d
9afdc31f
8e998f15
fe330001
a51300cb
879369b2
6f4172ca
a5a5afb7
5a5f8f93
0bff4fb3
68b52533
00f35b63
82b90986
03939533
8e988b93
98338eb5
45a90045
87b38ef5
0f37011f
1f7d8000
5fb34f81
03140bff
41325093
01fc26b3
0155fdb3
416d717d
03875563
71fc0013
00ab9733
0383c033
80000f37
0f857fc1
0bff6fb3
0c88ed93
c52cf393
e9138ed5
5d93584a
25934087
82dd9360
d4016513
014756b3
4095d0b3
a5a5af37
5a5f0f13
7fb36fc1
0f370bff
5ffd8000
03ff4fb3
03ef6fb3
5fb34f81
4f8103ff
03ff6fb3
0134cd63
0333eb63
7bc40813
00aef7b3
717d8fd5
40a95633
a0330136
c1b102ce
0fb74f01
1ffd8000
604f1f93
01b02033
90170256
1c33bf72
f5930321
85d174b2
01425113
00645333
0ae10001
0f057f41
80000fb7
605f1f93
7db79346
c5336667
e593019e
5b138f71
2b3300c2
4db3009e
6d1d02ab
01a0cdb3
05f49d63
afb76f41
8f93a5a5
4fb35a5f
9073080f
00ef3400
80670080
20f30000
8ed53400
05a68263
91362a13
f03b2013
901385d2
723300ae
18630064
00010202
0f370001
1f7d8000
1fb34f81
946361ff
60b3013d
db3301bb
076302ff
ccb3005a
717d036b
8a8d045a
62130294
0f37b6b7
7fc18000
5fb30f85
253361ff
107328b5
2ff3340f
3ff33400
a3973400
5533b93f
0cb30356
000141bd
4cb36d93
034751b3
013b8933
01411533
c7ae3137
0331ecb3
a5a5af37
5a5f0f13
5f936fc1
0751607f
02d2e0b3
00d82533
0386d133
3333c689
8ed503bd
5c139356
c113010c
4f010520
80000fb7
5f931ffd
8ead287f
40d48a33
8593655d
ceb15cb5
66b38ee5
f0130282
27134952
83636397
7f410556
0fb70f05
5f938000
8ef5698f
01d6e4b3
03466133
03f6aab3
029354b3
00682c33
59bebb93
016365e9
0d630868
6f41070c
a5a5afb7
5a5f8f93
49ff1fb3
00019c01
034934b3
e29964a1
08e71163
44783e13
87868599
05f44a63
dbb37213
0163a133
80000f37
4f811f7d
49ff5fb3
34041073
00002417
d3440413
2223c004
01130024
c07e0084
24234f02
440401f4
2103c404
40040044
34002473
48338f45
d833036e
90f60248
019b42b3
df8ab013
01943333
05af4363
03c44633
40d104b3
80000f37
0f857fc1
69ff1fb3
5013613d
8d6e4068
33b70319
82a97222
40925eb3
02cbbbb3
02775eb3
4057d6b3
a5a5af37
5a5f0f13
1fb36fc1
8ec929ff
415ddd93
00523133
03378563
00530863
a6330001
086303e6
e28905dd
846226b7
0fb74f01
1ffd8000
49ff1f93
08b52533
99b39a9a
86e50264
82a18ed5
91364513
2eb383fd
e28d029f
00588d33
0f057f41
80000fb7
48ff5f93
bbb390de
11330093
d3930081
881d41d0
0190a1b3
00b69013
ca858edd
6f410001
a5a5afb7
5a5f8f93
680f1f93
34009073
00ef2009
00ef0040
00970040
80930000
806700c0
20f30000
c1133400
71b3fc9a
e33300c2
000102b9
00d06633
893a0001
024cf463
01e70633
293d4913
80000f37
4f811f7d
29ff1f93
030f1733
9a6311fd
5e1301b0
000141db
e8fad617
8ef5ca85
00010d66
80000f37
0f857fc1
0fff5fb3
02cb2eb3
02974133
2e336159
e2ad007e
011d1293
c6151437
02ffa5b3
02f54663
9b254a93
a5a5af37
5a5f0f13
7fb36fc1
ac130fff
c033b16a
0393014d
8ef5f5d2
60b07597
0672cd8d
043c4063
a28ba993
069e7a63
0fb74f01
1ffd8000
21ff2fb3
34009073
008000ef
00008067
340020f3
039b6533
19635e7d
5b3301a4
5eb30236
36b3011a
e2a10031
015ce533
bcc82393
7f416d9d
0fb70f05
4fb38000
0f3721ff
5ffd8000
03ff4fb3
03ef6fb3
5fb34f81
4f8103ff
03ff6fb3
bf02cc13
03637863
05334163
e8334bfd
c6810292
0116c633
7933e299
a81300ca
6f41687c
a5a5afb7
5a5f8f93
21ff6fb3
0eb55533
037da033
58110d93
e31fcd13
03acf463
03314663
6a99717d
003f79b3
01765513
02478b33
80000f37
4f811f7d
41ff7fb3
00278033
03d31733
001d6363
9afd010c
015d2c33
00d28db3
27376013
02cb11b3
0f370db6
7fc18000
6fb30f85
101341ff
127d01f3
03149733
00f5b933
2c378eb5
00b3f21e
f0330396
82c10156
013d2433
a5a5af37
5a5f0f13
4fb36fc1
96b341ff
e433025f
9afd02bf
fc630894
716303a4
4a3306fc
13630085
fd63068e
86c10548
0fb74f01
1ffd8000
600f1f93
340f1073
34002ff3
34003ff3
034b2833
66294193
1ab35bfd
57b300ec
0d130343
9d1aeeed
021590b3
5ff02013
030725b3
0f057f41
80000fb7
601f1f93
e1d1f413
02381633
062cb513
03fd4833
410752b3
024a9297
00a92833
00810b33
19336109
6f4101b4
a5a5afb7
5a5f8f93
602f1f93
0671c2a1
0506e463
040f0d63
0060ee33
133e2d17
b5002293
61658eb5
023406b3
80000f37
4f811f7d
0bff4fb3
0093a1b3
1013ca8d
0a930082
93630259
00010129
034dc763
00a2b933
9bc47337
0f37867a
7fc18000
5fb30f85
15330bff
09330eb5
b59301a3
1d63af10
84630168
35b30121
e2890334
0385ab33
04d6ef63
05588563
034fa433
a5a5af37
5a5f0f13
6fb36fc1
10730bff
24173404
04130000
c0049064
00242223
00840113
4f02c07e
01f42423
c4044404
00442103
24734004
b3b33400
053302cb
313301b8
8eb5037f
b9138699
6aa947fb
31b39086
549303ce
4f0101cf
80000fb7
7fb31ffd
8ed50bff
01d0ec33
021a3033
44b3685d
1463017e
156302f4
89b300dc
8ec503e3
0064ae33
0f057f41
80000fb7
604f1f93
002944b3
0391a5b3
603363b1
941300eb
b0130125
ba17bc8d
4e63d2dd
2c170296
ec935d0f
6f4172d7
a5a5afb7
5a5f8f93
605f1f93
00012000
27130c52
8c1363a2
dd33e67b
dbb340f5
53330235
8e950197
dc130342
8c95414b
80000f37
4f811f7d
080f4fb3
fbd13113
026902b3
01014b63
cb8194d6
000f9a33
026e1c33
05b30001
0bad02c1
80000f37
0f857fc1
61ff1fb3
34009073
008000ef
00008067
340020f3
34009073
00ef2009
00ef0040
00970040
80930000
806700c0
20f30000
9afd3400
014fb9b3
034160b3
30338eb1
c0330041
03ae01d8
03e6e333
00186333
01cc7f63
a5a5af37
5a5f0f13
5fb36fc1
b9b361ff
43130127
0514d959
16b3c69d
533300d1
e69303bd
e0332ebc
60e101e9
ebc1f513
0fb74f01
1ffd8000
607f5f93
60b51513
d9638d55
89b30396
716303ab
74b302fe
82fa01e8
0ca68a95
8ed54115
0f057f41
80000fb7
287f5f93
017cd113
8ec98e95
8ef50106
030c0733
ed638eb5
0001042f
6f410001
a5a5afb7
5a5f8f93
698f5f93
023a3d33
00118733
82a582ad
00869e33
005991b3
8ea10976
ea958ab5
80000f37
4f811f7d
49ff1fb3
80000f37
4fb35ffd
6fb303ff
4f8103ef
03ff5fb3
6fb34f81
8e9503ff
fe636115
7cb303f6
ee9d0184
04666863
18f68c93
5d330001
b4b30272
0f3703e8
7fc18000
5fb30f85
123349ff
fb330064
4297019b
2193aa8c
0463c422
d9630170
717d0213
55954513
10a24b93
af3700e1
0f13a5a5
6fc15a5f
69ff1fb3
954d2b93
0052c5b3
0c36c113
110ba993
cda22a13
41c85733
6f638ef9
e6930061
0001ca16
0fb74f01
1ffd8000
29ff1fb3
4181d933
3c662393
096a6a6d
419700b3
0363c28d
6c290152
60938ef6
7f4196c1
0fb70f05
1f938000
0a1349ff
1333ddfe
756303cc
8eb50589
03318533
009c9833
0250dcb3
04a4ef63
03c07363
6f419d62
a5a5afb7
5a5f8f93
48ff5f93
68b55513
340f1073
34002ff3
34003ff3
a0b3059a
d033030e
6b17415f
09eddb75
02af1ab3
05338e95
89ba00bf
0f37008a
1f7d8000
1f934f81
9633680f
8ef502b9
d4336165
86f902f9
f632f417
40668433
001c1193
9933b493
0f378ea9
7fc18000
1f930f85
103329ff
03b30021
2c3302e7
e485034f
fdd87113
53639506
0001042c
86a19afd
a5a5af37
5a5f0f13
5fb36fc1
0b330fff
80134070
5833451a
5cfd0343
029db7b3
41a8d213
01c2eeb3
9533cabd
ee89025b
0fb74f01
1ffd8000
0fff7fb3
00010001
aba46a13
c9bdf017
717d8ed5
0e33e821
81ca02b1
cb49a593
0f057f41
80000fb7
21ff2fb3
34041073
00001417
4fc40413
2223c004
01130024
c07e0084
24234f02
440401f4
2103c404
40040044
34002473
63f18ef5
0200adb3
009199b3
c7b3e2b5
9af202f2
01cc99b3
007f3bb3
2e0f3093
afb76f41
8f93a5a5
4fb35a5f
907321ff
00ef3400
80670080
20f30000
d9133400
94b3409c
828900d0
ee3bb597
01579db3
06d80437
803305d5
868e00cc
002d5793
80000f37
4f811f7d
21ff6fb3
018351b3
986381de
10130387
91da013f
2799b017
c763717d
d7b30365
920e41c1
80000f37
0f857fc1
41ff7fb3
0b13c413
62638a39
0cfe0383
40338059
8abe027c
8ef50649
415a5133
a5a5af37
5a5f0f13
6fb36fc1
8e9541ff
55638ed5
ceb30494
4513020d
3db3c84a
717d0026
05638ba6
1c630733
4f01038d
80000fb7
4fb31ffd
907341ff
20093400
004000ef
004000ef
00000097
00c08093
00008067
340020f3
cb123093
db33ce81
83930349
c291a979
9afd0001
402f55b3
01d2f133
1b342213
0f057f41
80000fb7
600f1f93
00018ed5
03a07563
afa9a513
3ae1b193
82ebb417
29130480
e863c6cf
6c9904a6
afb76f41
8f93a5a5
1f935a5f
8533601f
866300cd
93b30286
0cb300c2
01b6401f
913c4113
1e638b29
83130166
121349c7
0f37016f
1f7d8000
1f934f81
e289602f
c28dcb89
85c5c535
14638d35
00330309
0001011c
028d8033
80000f37
0f857fc1
0bff4fb3
dcb300f1
c68900a3
6d330694
40cd0102
33839a37
00411013
6d0a7c97
02637863
a5a5af37
5a5f0f13
5fb36fc1
0f370bff
5ffd8000
03ff4fb3
03ef6fb3
5fb34f81
4f8103ff
03ff6fb3
01d16d13
01ef7e63
7cd2d737
026ede63
009036b3
0061f033
030b3333
037c94b3
4b254793
407905b3
0fb74f01
1ffd8000
0bff6fb3
01afe033
005355b3
8ef1c591
91b2e485
01441a13
036a96b3
158b8913
3505be17
0f057f41
80000fb7
0bff7fb3
a2130001
86914034
e7b38dda
000101d9
21b39afd
8eb503ed
6f418eb5
a5a5afb7
5a5f8f93
604f1f93
05a65063
cec6d017
0049d633
41b78133
8c13149c
9ea6c2b6
59b35a7d
a7b341a9
0f370088
1f7d8000
1f934f81
587d605f
019cbc33
01319a33
00d79033
0165f3b3
29600593
4b6350fd
d1b3034f
86e1407a
80000f37
0f857fc1
080f4fb3
340f1073
34002ff3
34003ff3
40135b93
00018eb5
06901363
026b5b63
37b53713
075ff063
027a8563
01c25a63
af379b5e
0f13a5a5
6fc15a5f
61ff1fb3
5f6386e1
3d33011d
62630283
60930451
a31378e8
6533666e
00c10391
00cd15b3
4f0113fd
80000fb7
5fb31ffd
907361ff
00ef3400
80670080
20f30000
86a93400
0293e2b3
00e76463
020b2e33
0493717d
a6b39a79
b31300a9
c2a9fea8
01145b93
0f057f41
80000fb7
607f5f93
00231d13
40390333
0694008c
fc938cb2
5eb3f12b
8933413a
ed890248
6f410001
a5a5afb7
5a5f8f93
287f5f93
908e445d
325c6013
40bb5713
004f1c33
0133b4b3
0002e233
04a30263
021a4eb3
076ad763
80000f37
4f811f7d
698f5f93
34041073
00001417
0e440413
2223c004
01130024
c07e0084
24234f02
440401f4
2103c404
40040044
34002473
00364833
02e61b33
b3930814
e289f455
03e64533
9c638ab9
8e950527
660ba793
80000f37
0f857fc1
49ff1fb3
47330494
75b3001d
439301be
bb331794
2bb303de
82c9030e
03994033
09289017
02129433
a5a5af37
5a5f0f13
5fb36fc1
a3b349ff
1bb30263
8963009e
5bb30096
4a7940dd
03d715b3
418b83b3
69339afd
e8630391
4f01036f
80000fb7
1fb31ffd
0ab769ff
8eb5fc21
01552b33
02739bb3
54338eb5
56b34133
146341eb
7cb3035f
e31300b4
7f41a5f7
0fb70f05
1fb38000
ea9929ff
87b30e61
ce330133
269300d3
8eb54248
002f49b3
07cec863
850aee93
6f41e6bd
a5a5afb7
5a5f8f93
49ff1f93
34009073
00ef2009
00ef0040
00970040
80930000
806700c0
20f30000
9db33400
9bb30158
82ed0332
0b638e95
05140256
01611b93
03314433
8e950001
80000f37
4f811f7d
48ff5f93
53936155
503301fb
8ef501b8
02ad3cb3
8668ea97
4129e291
41d35b33
0f378e95
7fc18000
1f930f85
1c7d680f
02783833
00967263
83834517
01234833
0180fe33
02270733
0016da13
41d15433
012750b3
a5a5af37
5a5f0f13
1f936fc1
9b3329ff
a1b30091
01ca0104
0001c195
c2950001
7b8e4713
00505c93
4f019376
80000fb7
5fb31ffd
c6b90fff
84e59e52
796300ba
a4130151
50133154
9afd00b4
25b51db7
044a6d63
0f057f41
80000fb7
0fff7fb3
80000f37
4fb35ffd
6fb303ff
4f8103ef
03ff5fb3
6fb34f81
4d6503ff
00e93b33
001525b3
dd336321
06930370
883379be
e39300e0
0333801b
000100a6
afb76f41
8f93a5a5
2fb35a5f
651321ff
928ac0cc
00bef0b3
0263717d
6b950222
8e151494
049e4e63
01050a63
80000f37
4f811f7d
21ff4fb3
40948c33
d793c6a9
b5b300df
036202bc
00fd8cb5
417501b3
d2338e81
0f3741a9
7fc18000
6fb30f85
907321ff
00ef3400
80670080
20f30000
80333400
86f101d1
8e950001
02709363
8a0ad017
62936145
8eb5a207
af3782e9
0f13a5a5
6fc15a5f
41ff7fb3
f0138236
2233f1c1
603300e5
000102bd
32b399fd
0114028e
011b9293
4f018eb5
80000fb7
6fb31ffd
107341ff
2ff3340f
3ff33400
57633400
c6910332
ca956105
101386d9
8cb300d0
f03301d5
610d014e
01f71d33
0f057f41
80000fb7
41ff4fb3
82aa8ead
8ed58ed5
0195cab3
025f0433
9a130001
00010047
793cf513
afb76f41
8f93a5a5
1f935a5f
01e6600f
00635463
046e8cd5
30938a7d
9313dd7d
43330177
82f90382
04161963
80000f37
4f811f7d
601f1f93
01e87a33
6e6910fd
4d9382c1
c31345d0
c29941cb
59977613
013dfcb3
01feed33
80000f37
0f857fc1
602f1f93
00339413
4c631618
0db305ae
a5130184
33b3ae45
e917031f
10335400
074d0038
af370714
0f13a5a5
6fc15a5f
0bff4fb3
34041073
00001417
cec40413
2223c004
01130024
c07e0084
24234f02
440401f4
2103c404
40040044
34002473
dbb305a6
86e540c9
010b5e93
23320113
e887e013
9a338aa9
ed130377
10b37f44
4f010351
80000fb7
5fb31ffd
1d140bff
0268c5b3
01bc6033
01e89213
8dfa6111
01149533
006f7033
038dc563
03d2a933
0f057f41
80000fb7
0bff6fb3
414f5013
00189763
f2139afd
da93b830
d03301cc
82c90399
00775833
03f9f363
018e65b3
afb76f41
8f93a5a5
7fb35a5f
b2b30bff
8ea90058
9bb30432
e537038a
d3636baf
5ab303e6
8e950379
03686663
0f378b36
1f7d8000
1f934f81
0001604f
40bbd093
038d51b3
0371acb3
008a1b13
01037d33
03e21e63
05bd6163
d0930001
0f374001
7fc18000
1f930f85
9073605f
20093400
004000ef
004000ef
00000097
00c08093
00008067
340020f3
01cd9313
ddfab6b7
020ac733
8017e2a9
8e81bb9f
e1270093
022d9333
0b63611d
af37041c
0f13a5a5
6fc15a5f
080f4fb3
00aaa3b3
419205b3
53b38ed5
c333009a
8533012a
0033003c
db9300a8
8e9501a1
02d84263
0fb74f01
1ffd8000
61ff1fb3
eb61f013
4b13517d
8ed57eb4
78378d95
86998f90
1eb38ef5
8ed500fa
0f057f41
80000fb7
61ff5fb3
4122d013
02a3e333
00da6c33
90178289
8499f3ae
00d2e463
58f6f313
cc636151
6f410653
a5a5afb7
5a5f8f93
607f5f93
34009073
008000ef
00008067
340020f3
449382c5
a2b352c6
f06301a0
6497077f
50332865
629341e9
45b37f20
9afd013a
00a815b3
80000f37
4f811f7d
287f5f93
80000f37
4fb35ffd
6fb303ff
4f8103ef
03ff5fb3
6fb34f81
101703ff
da639cae
229303f2
d3633af9
c1b30394
7eb30396
db130192
53634065
bdb30256
00ae01d5
80000f37
0f857fc1
698f5f93
00c68d15
cd334565
717d025a
0016f263
02544a33
3d1780d2
8713587c
af377fbd
0f13a5a5
6fc15a5f
49ff1fb3
010b7033
ee138ed5
8d7583e0
d56386c5
e03302de
0c3e0151
037a4a33
016b4d63
0fb74f01
1ffd8000
49ff5fb3
03e8d933
de13c2a9
028000f0
0351e863
0abd0001
00229c93
d3630001
7f4107d4
0fb70f05
1fb38000
c96369ff
f713005c
83cd0081
006e9833
012b45b3
012f5d13
04330612
29930111
613d8aad
afb76f41
8f93a5a5
1fb35a5f
107329ff
2ff3340f
3ff33400
3a333400
5db30166
e0b340f6
0413035c
b3931f6b
89b1795a
00e56d33
b1552937
00e59a13
0039e233
80000f37
4f811f7d
49ff1f93
6fe34613
0001517d
8eb50794
7572ec93
82c900de
023713b3
02c222b3
80000f37
0f857fc1
48ff5f93
9e630001
c063016f
86c1053a
52cd6c93
03d71033
c3a10713
041dfa63
92b30094
af3702ec
0f13a5a5
6fc15a5f
680f1f93
48cd2013
02fb4433
009f8963
bb335bfd
da1301eb
4bb34143
799300e1
717dc05b
0343c033
0fb74f01
1ffd8000
29ff1f93
02b75433
5a330001
8eb5419d
400fdc33
0430e863
51b3ceb5
dab301e4
2e9741ac
7f4127af
0fb70f05
5fb38000
10730fff
14173404
04130000
c0048ce4
00242223
00840113
4f02c07e
01f42423
c4044404
00442103
24734004
8ef53400
96d96113
01ac7963
02d59663
008ce0b3
6a9399b2
c69deb09
00c4a033
455a7693
afb76f41
8f93a5a5
7fb35a5f
1b330fff
0001010d
9bb30872
3a330234
0001009a
00dca933
01331694
a6130139
0f371438
1f7d8000
2fb34f81
a9b321ff
939301cd
8e950144
00987733
01dd2333
03beaab3
31130001
c233ae6d
6105007a
80000f37
0f857fc1
21ff4fb3
99b38466
a0b30207
8b330211
79930363
d993f022
076141bd
b03310fd
83120027
a5a5af37
5a5f0f13
6fb36fc1
3b1321ff
00b39ff5
577d0300
0003b833
05d26b63
01a56933
8ab38eb5
009440c9
29df1017
0fb74f01
1ffd8000
41ff7fb3
34009073
008000ef
00008067
340020f3
34009073
00ef2009
00ef0040
00970040
80930000
806700c0
20f30000
c4633400
b1930098
8c63bc79
e43304ab
86d103ae
0316a1b3
2cb40993
665a3013
009161b3
7f4186c1
0fb70f05
6fb38000
4d6341ff
a9930038
9afddc79
53330a09
80e603b2
034e3433
01426463
023b81b3
d1e82517
afb76f41
8f93a5a5
4fb35a5f
a83341ff
b6330301
b0330277
121300a3
8313014b
3b1385cb
8a9387b0
8637c425
039a4ad7
0f370001
1f7d8000
1f934f81
8563600f
01140152
372ef193
50b36129
84334184
a2334111
d0130108
37b34001
a9b3011a
0f370057
7fc18000
1f930f85
8eb5601f
04a34b63
004813b3
241381d9
2a135ae2
86337ba1
c61302f6
85333acd
00014008
a5a5af37
5a5f0f13
1f936fc1
0f37602f
5ffd8000
03ff4fb3
03ef6fb3
5fb34f81
4f8103ff
03ff6fb3
03358733
03b31eb3
41928033
5efd597d
406ad213
bac21e97
00491093
86b180b6
0fb74f01
1ffd8000
0bff4fb3
a3330cd6
717d037d
9563008e
e0b902d9
fb08cab7
86b18ef5
018be6b3
0f057f41
80000fb7
0bff5fb3
0b336017
01344463
dc7b0013
fc1b2693
8af18ef5
8eb502e5
012f5b63
6f4186a5
a5a5afb7
5a5f8f93
0bff6fb3
6b498e95
58f54993
03ce6233
17138466
8a130116
8ef58672
037ae6b3
1750ea37
80000f37
4f811f7d
0bff7fb3
027b2833
007cbab3
fa72c093
03ea4ab3
01b316b3
410ddd13
010fc833
00018289
0264dc63
80000f37
0f857fc1
604f1f93
340f1073
34002ff3
34003ff3
b75e4837
01332db3
03d84ab3
03fc7863
41f35d33
0398d6b3
0246d6b3
80ea0113
d0023793
41118b33
a5a5af37
5a5f0f13
1f936fc1
167d605f
031910b3
02801d33
f0138295
7db3fbee
9afd0185
ce918ef5
006b0ab3
0fb74f01
1ffd8000
080f4fb3
011f3d33
40d5d933
639352fd
d033e8be
9556006d
f3639e62
e693024b
da63976d
7f41014e
0fb70f05
1fb38000
76b361ff
60a50078
41605193
03941ab3
025ae163
86fd4111
869d81e1
018c9093
afb76f41
8f93a5a5
5fb35a5f
643361ff
8c33030a
b53301a0
0b37027a
00018332
c2d98ed5
d033eaa1
cd63000b
0f370726
1f7d8000
5f934f81
1073607f
04173404
04130000
c0044b64
00242223
00840113
4f02c07e
01f42423
c4044404
00442103
24734004
70133400
6cb30594
cf1d021c
8e950001
014e6133
027d91b3
6aed8ef5
020d4d33
80000f37
0f857fc1
287f5f93
34009073
008000ef
00008067
340020f3
015d8eb5
41585413
4069ddb3
03503333
ec7461b7
4cf48713
01cc0733
36f8a013
09c36413
a5a5af37
5a5f0f13
5f936fc1
63b3698f
986303cf
9093012a
173301bf
00010267
a233869d
6d9901da
f3938ed5
4f015d64
80000fb7
1fb31ffd
0c1649ff
41295a33
b1930518
de13c8fc
bab300a3
53130288
4d33419f
d2630010
7d9300fa
7f410108
0fb70f05
5fb38000
5cb349ff
d81340cd
c02101a5
0154f433
82c18e95
7e0f4593
8d750714
6f41c2bd
a5a5afb7
5a5f8f93
69ff1fb3
34009073
00ef2009
00ef0040
00970040
80930000
806700c0
20f30000
02903400
033d2033
60330001
3b330119
a49302f9
2bb3714c
261301f3
74b3f078
717d00aa
80000f37
4f811f7d
29ff1fb3
01f292b3
0104b133
26330001
823302ce
717d00d2
029ddc33
02a5f963
006d5e63
0f379146
7fc18000
1f930f85
59b349ff
0f63004d
8ab90208
00bf9233
68257493
39338ed5
f2170055
e0b376b5
8ed501c4
a5a5af37
5a5f0f13
5f936fc1
501348ff
846301d8
563305da
15b3405d
8ed50249
74638c2d
04330145
7563406c
cdb3025d
4f0102da
80000fb7
1f931ffd
87b3680f
cc630372
f03704c7
627d4385
0170e6b3
00010001
01ae3033
655d717d
0f057f41
80000fb7
29ff1f93
80000f37
4fb35ffd
6fb303ff
4f8103ef
03ff5fb3
6fb34f81
011403ff
01371693
0189d193
000c7833
03eccbb3
031f8033
e5638ef5
42930277
4d138813
6f4199f4
a5a5afb7
5a5f8f93
0fff5fb3
53f63993
66631814
7b6302ba
9afd0457
03dab6b3
b733717d
0c940330
0f379e96
1f7d8000
7fb34f81
56630fff
99170480
5db32fa9
8e850313
014dc863
014e7533
01075233
41650233
00acc333
415d5613
80000f37
0f857fc1
21ff2fb3
0167cf63
84ec2097
0061d013
06b35d7d
a2134069
0033dd41
de1302a4
a1130071
cc3348bb
af370250
0f13a5a5
6fc15a5f
21ff4fb3
c763009c
8ed50053
9a7a8eb5
03f2e033
08978ef5
88930000
806700c8
41850008
0fb74f01
1ffd8000
21ff6fb3
340f1073
34002ff3
34003ff3
0f17a009
2d230000
bfe5123f
00010001
2373a009
57833410
8b8d0003
94634f8d
031101f7
0309a011
34131073
30200073
30002b73
30402b73
34402b73
344b3b73
004f2083
008f2103
00cf2183
010f2203
014f2283
018f2303
01cf2383
020f2403
024f2483
028f2503
02cf2583
030f2603
034f2683
038f2703
03cf2783
040f2803
044f2883
048f2903
04cf2983
050f2a03
054f2a83
058f2b03
05cf2b83
060f2c03
064f2c83
068f2d03
06cf2d83
070f2e03
074f2e83
078f2f03
07cf2f83
07cf0f13
000f0fb3
340f1f73
30200073
00010001
00000000
00000000
00000000
00000000
00000000
00000000
00000000
00000000
00000000
00000000
00000000
11223344
00000000
00000000
00000000
00000000
00000000
00000000
00000000
00000000
00000000
00000000
00000000
00000000
00000000
00000000
00000000
00000000
00000000
00000000
00000000
00000000
00000000
00000000
00000000
00000000
00000000
00000000
00000000
00000000
00000000
00000000
00000000
00000000
00000000
00000000
00000000
00000000
00000000
00010203
04050607
08090a0b
0c0d0e0f
10111213
14151617
18191a1b
1c1d1e1f
20212223
24252627
28292a2b
2c2d2e2f
30313233
34353637
38393a3b
3c3d3e3f
40414243
44454647
48494a4b
4c4d4e4f
50515253
54555657
58595a5b
5c5d5e5f
60616263
64656667
68696a6b
6c6d6e6f
70717273
74757677
78797a7b
7c7d7e7f
80818283
84858687
88898a8b
8c8d8e8f
90919293
94959697
98999a9b
9c9d9e9f
a0a1a2a3
a4a5a6a7
a8a9aaab
acadaeaf
b0b1b2b3
b4b5b6b7
b8b9babb
bcbdbebf
c0c1c2c3
c4c5c6c7
c8c9cacb
cccdcecf
d0d1d2d3
d4d5d6d7
d8d9dadb
dcdddedf
e0e1e2e3
e4e5e6e7
e8e9eaeb
ecedeeef
f0f1f2f3
f4f5f6f7
f8f9fafb
fcfdfeff
00010203
04050607
08090a0b
0c0d0e0f
10111213
14151617
18191a1b
1c1d1e1f
20212223
24252627
28292a2b
2c2d2e2f
30313233
34353637
38393a3b
3c3d3e3f
40414243
44454647
48494a4b
4c4d4e4f
50515253
54555657
58595a5b
5c5d5e5f
60616263
64656667
68696a6b
6c6d6e6f
70717273
74757677
78797a7b
7c7d7e7f
80818283
84858687
88898a8b
8c8d8e8f
90919293
94959697
98999a9b
9c9d9e9f
a0a1a2a3
a4a5a6a7
a8a9aaab
acadaeaf
b0b1b2b3
b4b5b6b7
b8b9babb
bcbdbebf
c0c1c2c3
c4c5c6c7
c8c9cacb
cccdcecf
d0d1d2d3
d4d5d6d7
d8d9dadb
dcdddedf
e0e1e2e3
e4e5e6e7
e8e9eaeb
ecedeeef
f0f1f2f3
f4f5f6f7
f8f9fafb
fcfdfeff
00010203
04050607
08090a0b
0c0d0e0f
10111213
14151617
18191a1b
1c1d1e1f
20212223
24252627
28292a2b
2c2d2e2f
30313233
34353637
38393a3b
3c3d3e3f
40414243
44454647
48494a4b
4c4d4e4f
50515253
54555657
58595a5b
5c5d5e5f
60616263
64656667
68696a6b
6c6d6e6f
70717273
74757677
78797a7b
7c7d7e7f
80818283
84858687
88898a8b
8c8d8e8f
90919293
94959697
98999a9b
9c9d9e9f
a0a1a2a3
a4a5a6a7
a8a9aaab
acadaeaf
b0b1b2b3
b4b5b6b7
b8b9babb
bcbdbebf
c0c1c2c3
c4c5c6c7
c8c9cacb
cccdcecf
d0d1d2d3
d4d5d6d7
d8d9dadb
dcdddedf
e0e1e2e3
e4e5e6e7
e8e9eaeb
ecedeeef
f0f1f2f3
f4f5f6f7
f8f9fafb
fcfdfeff
00010203
04050607
08090a0b
0c0d0e0f
10111213
14151617
18191a1b
1c1d1e1f
20212223
24252627
28292a2b
2c2d2e2f
30313233
34353637
38393a3b
3c3d3e3f
40414243
44454647
48494a4b
4c4d4e4f
50515253
54555657
58595a5b
5c5d5e5f
60616263
64656667
68696a6b
6c6d6e6f
70717273
74757677
78797a7b
7c7d7e7f
80818283
84858687
88898a8b
8c8d8e8f
90919293
94959697
98999a9b
9c9d9e9f
a0a1a2a3
a4a5a6a7
a8a9aaab
acadaeaf
b0b1b2b3
b4b5b6b7
b8b9babb
bcbdbebf
c0c1c2c3
c4c5c6c7
c8c9cacb
cccdcecf
d0d1d2d3
d4d5d6d7
d8d9dadb
dcdddedf
e0e1e2e3
e4e5e6e7
e8e9eaeb
ecedeeef
f0f1f2f3
f4f5f6f7
f8f9fafb
fcfdfeff
00010203
04050607
08090a0b
0c0d0e0f
10111213
14151617
18191a1b
1c1d1e1f
20212223
24252627
28292a2b
2c2d2e2f
30313233
34353637
38393a3b
3c3d3e3f
40414243
44454647
48494a4b
4c4d4e4f
50515253
54555657
58595a5b
5c5d5e5f
60616263
64656667
68696a6b
6c6d6e6f
70717273
74757677
78797a7b
7c7d7e7f
80818283
84858687
88898a8b
8c8d8e8f
90919293
94959697
98999a9b
9c9d9e9f
a0a1a2a3
a4a5a6a7
a8a9aaab
acadaeaf
b0b1b2b3
b4b5b6b7
b8b9babb
bcbdbebf
c0c1c2c3
c4c5c6c7
c8c9cacb
cccdcecf
d0d1d2d3
d4d5d6d7
d8d9dadb
dcdddedf
e0e1e2e3
e4e5e6e7
e8e9eaeb
ecedeeef
f0f1f2f3
f4f5f6f7
f8f9fafb
fcfdfeff
00010203
04050607
08090a0b
0c0d0e0f
10111213
14151617
18191a1b
1c1d1e1f
20212223
24252627
28292a2b
2c2d2e2f
30313233
34353637
38393a3b
3c3d3e3f
40414243
44454647
48494a4b
4c4d4e4f
50515253
54555657
58595a5b
5c5d5e5f
60616263
64656667
68696a6b
6c6d6e6f
70717273
74757677
78797a7b
7c7d7e7f
80818283
84858687
88898a8b
8c8d8e8f
90919293
94959697
98999a9b
9c9d9e9f
a0a1a2a3
a4a5a6a7
a8a9aaab
acadaeaf
b0b1b2b3
b4b5b6b7
b8b9babb
bcbdbebf
c0c1c2c3
c4c5c6c7
c8c9cacb
cccdcecf
d0d1d2d3
d4d5d6d7
d8d9dadb
dcdddedf
e0e1e2e3
e4e5e6e7
e8e9eaeb
ecedeeef
f0f1f2f3
f4f5f6f7
f8f9fafb
fcfdfeff
00010203
04050607
08090a0b
0c0d0e0f
10111213
14151617
18191a1b
1c1d1e1f
20212223
24252627
28292a2b
2c2d2e2f
30313233
34353637
38393a3b
3c3d3e3f
40414243
44454647
48494a4b
4c4d4e4f
50515253
54555657
58595a5b
5c5d5e5f
60616263
64656667
68696a6b
6c6d6e6f
70717273
74757677
78797a7b
7c7d7e7f
80818283
84858687
88898a8b
8c8d8e8f
90919293
94959697
98999a9b
9c9d9e9f
a0a1a2a3
a4a5a6a7
a8a9aaab
acadaeaf
b0b1b2b3
b4b5b6b7
b8b9babb
bcbdbebf
c0c1c2c3
c4c5c6c7
c8c9cacb
cccdcecf
d0d1d2d3
d4d5d6d7
d8d9dadb
dcdddedf
e0e1e2e3
e4e5e6e7
e8e9eaeb
ecedeeef
f0f1f2f3
f4f5f6f7
f8f9fafb
fcfdfeff
00010203
04050607
08090a0b
0c0d0e0f
10111213
14151617
18191a1b
1c1d1e1f
20212223
24252627
28292a2b
2c2d2e2f
30313233
34353637
38393a3b
3c3d3e3f
40414243
44454647
48494a4b
4c4d4e4f
50515253
54555657
58595a5b
5c5d5e5f
60616263
64656667
68696a6b
6c6d6e6f
70717273
74757677
78797a7b
7c7d7e7f
80818283
84858687
88898a8b
8c8d8e8f
90919293
94959697
98999a9b
9c9d9e9f
a0a1a2a3
a4a5a6a7
a8a9aaab
acadaeaf
b0b1b2b3
b4b5b6b7
b8b9babb
bcbdbebf
c0c1c2c3
c4c5c6c7
c8c9cacb
cccdcecf
d0d1d2d3
d4d5d6d7
d8d9dadb
dcdddedf
e0e1e2e3
e4e5e6e7
e8e9eaeb
ecedeeef
f0f1f2f3
f4f5f6f7
f8f9fafb
fcfdfeff
00010203
04050607
08090a0b
0c0d0e0f
10111213
14151617
18191a1b
1c1d1e1f
20212223
24252627
28292a2b
2c2d2e2f
30313233
34353637
38393a3b
3c3d3e3f
40414243
44454647
48494a4b
4c4d4e4f
50515253
54555657
58595a5b
5c5d5e5f
60616263
64656667
68696a6b
6c6d6e6f
70717273
74757677
78797a7b
7c7d7e7f
80818283
84858687
88898a8b
8c8d8e8f
90919293
94959697
98999a9b
9c9d9e9f
a0a1a2a3
a4a5a6a7
a8a9aaab
acadaeaf
b0b1b2b3
b4b5b6b7
b8b9babb
bcbdbebf
c0c1c2c3
c4c5c6c7
c8c9cacb
cccdcecf
d0d1d2d3
d4d5d6d7
d8d9dadb
dcdddedf
e0e1e2e3
e4e5e6e7
e8e9eaeb
ecedeeef
f0f1f2f3
f4f5f6f7
f8f9fafb
fcfdfeff
00010203
04050607
08090a0b
0c0d0e0f
10111213
14151617
18191a1b
1c1d1e1f
20212223
24252627
28292a2b
2c2d2e2f
30313233
34353637
38393a3b
3c3d3e3f
40414243
44454647
48494a4b
4c4d4e4f
50515253
54555657
58595a5b
5c5d5e5f
60616263
64656667
68696a6b
6c6d6e6f
70717273
74757677
78797a7b
7c7d7e7f
80818283
84858687
88898a8b
8c8d8e8f
90919293
94959697
98999a9b
9c9d9e9f
a0a1a2a3
a4a5a6a7
a8a9aaab
acadaeaf
b0b1b2b3
b4b5b6b7
b8b9babb
bcbdbebf
c0c1c2c3
c4c5c6c7
c8c9cacb
cccdcecf
d0d1d2d3
d4d5d6d7
d8d9dadb
dcdddedf
e0e1e2e3
e4e5e6e7
e8e9eaeb
ecedeeef
f0f1f2f3
f4f5f6f7
f8f9fafb
fcfdfeff
00010203
04050607
08090a0b
0c0d0e0f
10111213
14151617
18191a1b
1c1d1e1f
20212223
24252627
28292a2b
2c2d2e2f
30313233
34353637
38393a3b
3c3d3e3f
40414243
44454647
48494a4b
4c4d4e4f
50515253
54555657
58595a5b
5c5d5e5f
60616263
64656667
68696a6b
6c6d6e6f
70717273
74757677
78797a7b
7c7d7e7f
80818283
84858687
88898a8b
8c8d8e8f
90919293
94959697
98999a9b
9c9d9e9f
a0a1a2a3
a4a5a6a7
a8a9aaab
acadaeaf
b0b1b2b3
b4b5b6b7
b8b9babb
bcbdbebf
c0c1c2c3
c4c5c6c7
c8c9cacb
cccdcecf
d0d1d2d3
d4d5d6d7
d8d9dadb
dcdddedf
e0e1e2e3
e4e5e6e7
e8e9eaeb
ecedeeef
f0f1f2f3
f4f5f6f7
f8f9fafb
fcfdfeff
00010203
04050607
08090a0b
0c0d0e0f
10111213
14151617
18191a1b
1c1d1e1f
20212223
24252627
28292a2b
2c2d2e2f
30313233
34353637
38393a3b
3c3d3e3f
40414243
44454647
48494a4b
4c4d4e4f
50515253
54555657
58595a5b
5c5d5e5f
60616263
64656667
68696a6b
6c6d6e6f
70717273
74757677
78797a7b
7c7d7e7f
80818283
84858687
88898a8b
8c8d8e8f
90919293
94959697
98999a9b
9c9d9e9f
a0a1a2a3
a4a5a6a7
a8a9aaab
acadaeaf
b0b1b2b3
b4b5b6b7
b8b9babb
bcbdbebf
c0c1c2c3
c4c5c6c7
c8c9cacb
cccdcecf
d0d1d2d3
d4d5d6d7
d8d9dadb
dcdddedf
e0e1e2e3
e4e5e6e7
e8e9eaeb
ecedeeef
f0f1f2f3
f4f5f6f7
f8f9fafb
fcfdfeff
00010203
04050607
08090a0b
0c0d0e0f
10111213
14151617
18191a1b
1c1d1e1f
20212223
24252627
28292a2b
2c2d2e2f
30313233
34353637
38393a3b
3c3d3e3f
40414243
44454647
48494a4b
4c4d4e4f
50515253
54555657
58595a5b
5c5d5e5f
60616263
64656667
68696a6b
6c6d6e6f
70717273
74757677
78797a7b
7c7d7e7f
80818283
84858687
88898a8b
8c8d8e8f
90919293
94959697
98999a9b
9c9d9e9f
a0a1a2a3
a4a5a6a7
a8a9aaab
acadaeaf
b0b1b2b3
b4b5b6b7
b8b9babb
bcbdbebf
c0c1c2c3
c4c5c6c7
c8c9cacb
cccdcecf
d0d1d2d3
d4d5d6d7
d8d9dadb
dcdddedf
e0e1e2e3
e4e5e6e7
e8e9eaeb
ecedeeef
f0f1f2f3
f4f5f6f7
f8f9fafb
fcfdfeff
00010203
04050607
08090a0b
0c0d0e0f
10111213
14151617
18191a1b
1c1d1e1f
20212223
24252627
28292a2b
2c2d2e2f
30313233
34353637
38393a3b
3c3d3e3f
40414243
44454647
48494a4b
4c4d4e4f
50515253
54555657
58595a5b
5c5d5e5f
60616263
64656667
68696a6b
6c6d6e6f
70717273
74757677
78797a7b
7c7d7e7f
80818283
84858687
88898a8b
8c8d8e8f
90919293
94959697
98999a9b
9c9d9e9f
a0a1a2a3
a4a5a6a7
a8a9aaab
acadaeaf
b0b1b2b3
b4b5b6b7
b8b9babb
bcbdbebf
c0c1c2c3
c4c5c6c7
c8c9cacb
cccdcecf
d0d1d2d3
d4d5d6d7
d8d9dadb
dcdddedf
e0e1e2e3
e4e5e6e7
e8e9eaeb
ecedeeef
f0f1f2f3
f4f5f6f7
f8f9fafb
fcfdfeff
00010203
04050607
08090a0b
0c0d0e0f
10111213
14151617
18191a1b
1c1d1e1f
20212223
24252627
28292a2b
2c2d2e2f
30313233
34353637
38393a3b
3c3d3e3f
40414243
44454647
48494a4b
4c4d4e4f
50515253
54555657
58595a5b
5c5d5e5f
60616263
64656667
68696a6b
6c6d6e6f
70717273
74757677
78797a7b
7c7d7e7f
80818283
84858687
88898a8b
8c8d8e8f
90919293
94959697
98999a9b
9c9d9e9f
a0a1a2a3
a4a5a6a7
a8a9aaab
acadaeaf
b0b1b2b3
b4b5b6b7
b8b9babb
bcbdbebf
c0c1c2c3
c4c5c6c7
c8c9cacb
cccdcecf
d0d1d2d3
d4d5d6d7
d8d9dadb
dcdddedf
e0e1e2e3
e4e5e6e7
e8e9eaeb
ecedeeef
f0f1f2f3
f4f5f6f7
f8f9fafb
fcfdfeff
00010203
04050607
08090a0b
0c0d0e0f
10111213
14151617
18191a1b
1c1d1e1f
20212223
24252627
28292a2b
2c2d2e2f
30313233
34353637
38393a3b
3c3d3e3f
40414243
44454647
48494a4b
4c4d4e4f
50515253
54555657
58595a5b
5c5d5e5f
60616263
64656667
68696a6b
6c6d6e6f
70717273
74757677
78797a7b
7c7d7e7f
80818283
84858687
88898a8b
8c8d8e8f
90919293
94959697
98999a9b
9c9d9e9f
a0a1a2a3
a4a5a6a7
a8a9aaab
acadaeaf
b0b1b2b3
b4b5b6b7
b8b9babb
bcbdbebf
c0c1c2c3
c4c5c6c7
c8c9cacb
cccdcecf
d0d1d2d3
d4d5d6d7
d8d9dadb
dcdddedf
e0e1e2e3
e4e5e6e7
e8e9eaeb
ecedeeef
f0f1f2f3
f4f5f6f7
f8f9fafb
fcfdfeff
00010203
04050607
08090a0b
0c0d0e0f
10111213
14151617
18191a1b
1c1d1e1f
20212223
24252627
28292a2b
2c2d2e2f
30313233
34353637
38393a3b
3c3d3e3f
40414243
44454647
48494a4b
4c4d4e4f
50515253
54555657
58595a5b
5c5d5e5f
60616263
64656667
68696a6b
6c6d6e6f
70717273
74757677
78797a7b
7c7d7e7f
80818283
84858687
88898a8b
8c8d8e8f
90919293
94959697
98999a9b
9c9d9e9f
a0a1a2a3
a4a5a6a7
a8a9aaab
acadaeaf
b0b1b2b3
b4b5b6b7
b8b9babb
bcbdbebf
c0c1c2c3
c4c5c6c7
c8c9cacb
cccdcecf
d0d1d2d3
d4d5d6d7
d8d9dadb
dcdddedf
e0e1e2e3
e4e5e6e7
e8e9eaeb
ecedeeef
f0f1f2f3
f4f5f6f7
f8f9fafb
fcfdfeff
00010203
04050607
08090a0b
0c0d0e0f
10111213
14151617
18191a1b
1c1d1e1f
20212223
24252627
28292a2b
2c2d2e2f
30313233
34353637
38393a3b
3c3d3e3f
40414243
44454647
48494a4b
4c4d4e4f
50515253
54555657
58595a5b
5c5d5e5f
60616263
64656667
68696a6b
6c6d6e6f
70717273
74757677
78797a7b
7c7d7e7f
80818283
84858687
88898a8b
8c8d8e8f
90919293
94959697
98999a9b
9c9d9e9f
a0a1a2a3
a4a5a6a7
a8a9aaab
acadaeaf
b0b1b2b3
b4b5b6b7
b8b9babb
bcbdbebf
c0c1c2c3
c4c5c6c7
c8c9cacb
cccdcecf
d0d1d2d3
d4d5d6d7
d8d9dadb
dcdddedf
e0e1e2e3
e4e5e6e7
e8e9eaeb
ecedeeef
f0f1f2f3
f4f5f6f7
f8f9fafb
fcfdfeff
00010203
04050607
08090a0b
0c0d0e0f
10111213
14151617
18191a1b
1c1d1e1f
20212223
24252627
28292a2b
2c2d2e2f
30313233
34353637
38393a3b
3c3d3e3f
40414243
44454647
48494a4b
4c4d4e4f
50515253
54555657
58595a5b
5c5d5e5f
60616263
64656667
68696a6b
6c6d6e6f
70717273
74757677
78797a7b
7c7d7e7f
80818283
84858687
88898a8b
8c8d8e8f
90919293
94959697
98999a9b
9c9d9e9f
a0a1a2a3
a4a5a6a7
a8a9aaab
acadaeaf
b0b1b2b3
b4b5b6b7
b8b9babb
bcbdbebf
c0c1c2c3
c4c5c6c7
c8c9cacb
cccdcecf
d0d1d2d3
d4d5d6d7
d8d9dadb
dcdddedf
e0e1e2e3
e4e5e6e7
e8e9eaeb
ecedeeef
f0f1f2f3
f4f5f6f7
f8f9fafb
fcfdfeff
00010203
04050607
08090a0b
0c0d0e0f
10111213
14151617
18191a1b
1c1d1e1f
20212223
24252627
28292a2b
2c2d2e2f
30313233
34353637
38393a3b
3c3d3e3f
40414243
44454647
48494a4b
4c4d4e4f
50515253
54555657
58595a5b
5c5d5e5f
60616263
64656667
68696a6b
6c6d6e6f
70717273
74757677
78797a7b
7c7d7e7f
80818283
84858687
88898a8b
8c8d8e8f
90919293
94959697
98999a9b
9c9d9e9f
a0a1a2a3
a4a5a6a7
a8a9aaab
acadaeaf
b0b1b2b3
b4b5b6b7
b8b9babb
bcbdbebf
c0c1c2c3
c4c5c6c7
c8c9cacb
cccdcecf
d0d1d2d3
d4d5d6d7
d8d9dadb
dcdddedf
e0e1e2e3
e4e5e6e7
e8e9eaeb
ecedeeef
f0f1f2f3
f4f5f6f7
f8f9fafb
fcfdfeff
00010203
04050607
08090a0b
0c0d0e0f
10111213
14151617
18191a1b
1c1d1e1f
20212223
24252627
28292a2b
2c2d2e2f
30313233
34353637
38393a3b
3c3d3e3f
40414243
44454647
48494a4b
4c4d4e4f
50515253
54555657
58595a5b
5c5d5e5f
60616263
64656667
68696a6b
6c6d6e6f
70717273
74757677
78797a7b
7c7d7e7f
80818283
84858687
88898a8b
8c8d8e8f
90919293
94959697
98999a9b
9c9d9e9f
a0a1a2a3
a4a5a6a7
a8a9aaab
acadaeaf
b0b1b2b3
b4b5b6b7
b8b9babb
bcbdbebf
c0c1c2c3
c4c5c6c7
c8c9cacb
cccdcecf
d0d1d2d3
d4d5d6d7
d8d9dadb
dcdddedf
e0e1e2e3
e4e5e6e7
e8e9eaeb
ecedeeef
f0f1f2f3
f4f5f6f7
f8f9fafb
fcfdfeff
00010203
04050607
08090a0b
0c0d0e0f
10111213
14151617
18191a1b
1c1d1e1f
20212223
24252627
28292a2b
2c2d2e2f
30313233
34353637
38393a3b
3c3d3e3f
40414243
44454647
48494a4b
4c4d4e4f
50515253
54555657
58595a5b
5c5d5e5f
60616263
64656667
68696a6b
6c6d6e6f
70717273
74757677
78797a7b
7c7d7e7f
80818283
84858687
88898a8b
8c8d8e8f
90919293
94959697
98999a9b
9c9d9e9f
a0a1a2a3
a4a5a6a7
a8a9aaab
acadaeaf
b0b1b2b3
b4b5b6b7
b8b9babb
bcbdbebf
c0c1c2c3
c4c5c6c7
c8c9cacb
cccdcecf
d0d1d2d3
d4d5d6d7
d8d9dadb
dcdddedf
e0e1e2e3
e4e5e6e7
e8e9eaeb
ecedeeef
f0f1f2f3
f4f5f6f7
f8f9fafb
fcfdfeff
00010203
04050607
08090a0b
0c0d0e0f
10111213
14151617
18191a1b
1c1d1e1f
20212223
24252627
28292a2b
2c2d2e2f
30313233
34353637
38393a3b
3c3d3e3f
40414243
44454647
48494a4b
4c4d4e4f
50515253
54555657
58595a5b
5c5d5e5f
60616263
64656667
68696a6b
6c6d6e6f
70717273
74757677
78797a7b
7c7d7e7f
80818283
84858687
88898a8b
8c8d8e8f
90919293
94959697
98999a9b
9c9d9e9f
a0a1a2a3
a4a5a6a7
a8a9aaab
acadaeaf
b0b1b2b3
b4b5b6b7
b8b9babb
bcbdbebf
c0c1c2c3
c4c5c6c7
c8c9cacb
cccdcecf
d0d1d2d3
d4d5d6d7
d8d9dadb
dcdddedf
e0e1e2e3
e4e5e6e7
e8e9eaeb
ecedeeef
f0f1f2f3
f4f5f6f7
f8f9fafb
fcfdfeff
00010203
04050607
08090a0b
0c0d0e0f
10111213
14151617
18191a1b
1c1d1e1f
20212223
24252627
28292a2b
2c2d2e2f
30313233
34353637
38393a3b
3c3d3e3f
40414243
44454647
48494a4b
4c4d4e4f
50515253
54555657
58595a5b
5c5d5e5f
60616263
64656667
68696a6b
6c6d6e6f
70717273
74757677
78797a7b
7c7d7e7f
80818283
84858687
88898a8b
8c8d8e8f
90919293
94959697
98999a9b
9c9d9e9f
a0a1a2a3
a4a5a6a7
a8a9aaab
acadaeaf
b0b1b2b3
b4b5b6b7
b8b9babb
bcbdbebf
c0c1c2c3
c4c5c6c7
c8c9cacb
cccdcecf
d0d1d2d3
d4d5d6d7
d8d9dadb
dcdddedf
e0e1e2e3
e4e5e6e7
e8e9eaeb
ecedeeef
f0f1f2f3
f4f5f6f7
f8f9fafb
fcfdfeff
00010203
04050607
08090a0b
0c0d0e0f
10111213
14151617
18191a1b
1c1d1e1f
20212223
24252627
28292a2b
2c2d2e2f
30313233
34353637
38393a3b
3c3d3e3f
40414243
44454647
48494a4b
4c4d4e4f
50515253
54555657
58595a5b
5c5d5e5f
60616263
64656667
68696a6b
6c6d6e6f
70717273
74757677
78797a7b
7c7d7e7f
80818283
84858687
88898a8b
8c8d8e8f
90919293
94959697
98999a9b
9c9d9e9f
a0a1a2a3
a4a5a6a7
a8a9aaab
acadaeaf
b0b1b2b3
b4b5b6b7
b8b9babb
bcbdbebf
c0c1c2c3
c4c5c6c7
c8c9cacb
cccdcecf
d0d1d2d3
d4d5d6d7
d8d9dadb
dcdddedf
e0e1e2e3
e4e5e6e7
e8e9eaeb
ecedeeef
f0f1f2f3
f4f5f6f7
f8f9fafb
fcfdfeff
00010203
04050607
08090a0b
0c0d0e0f
10111213
14151617
18191a1b
1c1d1e1f
20212223
24252627
28292a2b
2c2d2e2f
30313233
34353637
38393a3b
3c3d3e3f
40414243
44454647
48494a4b
4c4d4e4f
50515253
54555657
58595a5b
5c5d5e5f
60616263
64656667
68696a6b
6c6d6e6f
70717273
74757677
78797a7b
7c7d7e7f
80818283
84858687
88898a8b
8c8d8e8f
90919293
94959697
98999a9b
9c9d9e9f
a0a1a2a3
a4a5a6a7
a8a9aaab
acadaeaf
b0b1b2b3
b4b5b6b7
b8b9babb
bcbdbebf
c0c1c2c3
c4c5c6c7
c8c9cacb
cccdcecf
d0d1d2d3
d4d5d6d7
d8d9dadb
dcdddedf
e0e1e2e3
e4e5e6e7
e8e9eaeb
ecedeeef
f0f1f2f3
f4f5f6f7
f8f9fafb
fcfdfeff
00010203
04050607
08090a0b
0c0d0e0f
10111213
14151617
18191a1b
1c1d1e1f
20212223
24252627
28292a2b
2c2d2e2f
30313233
34353637
38393a3b
3c3d3e3f
40414243
44454647
48494a4b
4c4d4e4f
50515253
54555657
58595a5b
5c5d5e5f
60616263
64656667
68696a6b
6c6d6e6f
70717273
74757677
78797a7b
7c7d7e7f
80818283
84858687
88898a8b
8c8d8e8f
90919293
94959697
98999a9b
9c9d9e9f
a0a1a2a3
a4a5a6a7
a8a9aaab
acadaeaf
b0b1b2b3
b4b5b6b7
b8b9babb
bcbdbebf
c0c1c2c3
c4c5c6c7
c8c9cacb
cccdcecf
d0d1d2d3
d4d5d6d7
d8d9dadb
dcdddedf
e0e1e2e3
e4e5e6e7
e8e9eaeb
ecedeeef
f0f1f2f3
f4f5f6f7
f8f9fafb
fcfdfeff
00010203
04050607
08090a0b
0c0d0e0f
10111213
14151617
18191a1b
1c1d1e1f
20212223
24252627
28292a2b
2c2d2e2f
30313233
34353637
38393a3b
3c3d3e3f
40414243
44454647
48494a4b
4c4d4e4f
50515253
54555657
58595a5b
5c5d5e5f
60616263
64656667
68696a6b
6c6d6e6f
70717273
74757677
78797a7b
7c7d7e7f
80818283
84858687
88898a8b
8c8d8e8f
90919293
94959697
98999a9b
9c9d9e9f
a0a1a2a3
a4a5a6a7
a8a9aaab
acadaeaf
b0b1b2b3
b4b5b6b7
b8b9babb
bcbdbebf
c0c1c2c3
c4c5c6c7
c8c9cacb
cccdcecf
d0d1d2d3
d4d5d6d7
d8d9dadb
dcdddedf
e0e1e2e3
e4e5e6e7
e8e9eaeb
ecedeeef
f0f1f2f3
f4f5f6f7
f8f9fafb
fcfdfeff
00010203
04050607
08090a0b
0c0d0e0f
10111213
14151617
18191a1b
1c1d1e1f
20212223
24252627
28292a2b
2c2d2e2f
30313233
34353637
38393a3b
3c3d3e3f
40414243
44454647
48494a4b
4c4d4e4f
50515253
54555657
58595a5b
5c5d5e5f
60616263
64656667
68696a6b
6c6d6e6f
70717273
74757677
78797a7b
7c7d7e7f
80818283
84858687
88898a8b
8c8d8e8f
90919293
94959697
98999a9b
9c9d9e9f
a0a1a2a3
a4a5a6a7
a8a9aaab
acadaeaf
b0b1b2b3
b4b5b6b7
b8b9babb
bcbdbebf
c0c1c2c3
c4c5c6c7
c8c9cacb
cccdcecf
d0d1d2d3
d4d5d6d7
d8d9dadb
dcdddedf
e0e1e2e3
e4e5e6e7
e8e9eaeb
ecedeeef
f0f1f2f3
f4f5f6f7
f8f9fafb
fcfdfeff
00010203
04050607
08090a0b
0c0d0e0f
10111213
14151617
18191a1b
1c1d1e1f
20212223
24252627
28292a2b
2c2d2e2f
30313233
34353637
38393a3b
3c3d3e3f
40414243
44454647
48494a4b
4c4d4e4f
50515253
54555657
58595a5b
5c5d5e5f
60616263
64656667
68696a6b
6c6d6e6f
70717273
74757677
78797a7b
7c7d7e7f
80818283
84858687
88898a8b
8c8d8e8f
90919293
94959697
98999a9b
9c9d9e9f
a0a1a2a3
a4a5a6a7
a8a9aaab
acadaeaf
b0b1b2b3
b4b5b6b7
b8b9babb
bcbdbebf
c0c1c2c3
c4c5c6c7
c8c9cacb
cccdcecf
d0d1d2d3
d4d5d6d7
d8d9dadb
dcdddedf
e0e1e2e3
e4e5e6e7
e8e9eaeb
ecedeeef
f0f1f2f3
f4f5f6f7
f8f9fafb
fcfdfeff
00010203
04050607
08090a0b
0c0d0e0f
10111213
14151617
18191a1b
1c1d1e1f
20212223
24252627
28292a2b
2c2d2e2f
30313233
34353637
38393a3b
3c3d3e3f
40414243
44454647
48494a4b
4c4d4e4f
50515253
54555657
58595a5b
5c5d5e5f
60616263
64656667
68696a6b
6c6d6e6f
70717273
74757677
78797a7b
7c7d7e7f
80818283
84858687
88898a8b
8c8d8e8f
90919293
94959697
98999a9b
9c9d9e9f
a0a1a2a3
a4a5a6a7
a8a9aaab
acadaeaf
b0b1b2b3
b4b5b6b7
b8b9babb
bcbdbebf
c0c1c2c3
c4c5c6c7
c8c9cacb
cccdcecf
d0d1d2d3
d4d5d6d7
d8d9dadb
dcdddedf
e0e1e2e3
e4e5e6e7
e8e9eaeb
ecedeeef
f0f1f2f3
f4f5f6f7
f8f9fafb
fcfdfeff
00010203
04050607
08090a0b
0c0d0e0f
10111213
14151617
18191a1b
1c1d1e1f
20212223
24252627
28292a2b
2c2d2e2f
30313233
34353637
38393a3b
3c3d3e3f
40414243
44454647
48494a4b
4c4d4e4f
50515253
54555657
58595a5b
5c5d5e5f
60616263
64656667
68696a6b
6c6d6e6f
70717273
74757677
78797a7b
7c7d7e7f
80818283
84858687
88898a8b
8c8d8e8f
90919293
94959697
98999a9b
9c9d9e9f
a0a1a2a3
a4a5a6a7
a8a9aaab
acadaeaf
b0b1b2b3
b4b5b6b7
b8b9babb
bcbdbebf
c0c1c2c3
c4c5c6c7
c8c9cacb
cccdcecf
d0d1d2d3
d4d5d6d7
d8d9dadb
dcdddedf
e0e1e2e3
e4e5e6e7
e8e9eaeb
ecedeeef
f0f1f2f3
f4f5f6f7
f8f9fafb
fcfdfeff
00010203
04050607
08090a0b
0c0d0e0f
10111213
14151617
18191a1b
1c1d1e1f
20212223
24252627
28292a2b
2c2d2e2f
30313233
34353637
38393a3b
3c3d3e3f
40414243
44454647
48494a4b
4c4d4e4f
50515253
54555657
58595a5b
5c5d5e5f
60616263
64656667
68696a6b
6c6d6e6f
70717273
74757677
78797a7b
7c7d7e7f
80818283
84858687
88898a8b
8c8d8e8f
90919293
94959697
98999a9b
9c9d9e9f
a0a1a2a3
a4a5a6a7
a8a9aaab
acadaeaf
b0b1b2b3
b4b5b6b7
b8b9babb
bcbdbebf
c0c1c2c3
c4c5c6c7
c8c9cacb
cccdcecf
d0d1d2d3
d4d5d6d7
d8d9dadb
dcdddedf
e0e1e2e3
e4e5e6e7
e8e9eaeb
ecedeeef
f0f1f2f3
f4f5f6f7
f8f9fafb
fcfdfeff
00010203
04050607
08090a0b
0c0d0e0f
10111213
14151617
18191a1b
1c1d1e1f
20212223
24252627
28292a2b
2c2d2e2f
30313233
34353637
38393a3b
3c3d3e3f
40414243
44454647
48494a4b
4c4d4e4f
50515253
54555657
58595a5b
5c5d5e5f
60616263
64656667
68696a6b
6c6d6e6f
70717273
74757677
78797a7b
7c7d7e7f
80818283
84858687
88898a8b
8c8d8e8f
90919293
94959697
98999a9b
9c9d9e9f
a0a1a2a3
a4a5a6a7
a8a9aaab
acadaeaf
b0b1b2b3
b4b5b6b7
b8b9babb
bcbdbebf
c0c1c2c3
c4c5c6c7
c8c9cacb
cccdcecf
d0d1d2d3
d4d5d6d7
d8d9dadb
dcdddedf
e0e1e2e3
e4e5e6e7
e8e9eaeb
ecedeeef
f0f1f2f3
f4f5f6f7
f8f9fafb
fcfdfeff
00010203
04050607
08090a0b
0c0d0e0f
10111213
14151617
18191a1b
1c1d1e1f
20212223
24252627
28292a2b
2c2d2e2f
30313233
34353637
38393a3b
3c3d3e3f
40414243
44454647
48494a4b
4c4d4e4f
50515253
54555657
58595a5b
5c5d5e5f
60616263
64656667
68696a6b
6c6d6e6f
70717273
74757677
78797a7b
7c7d7e7f
80818283
84858687
88898a8b
8c8d8e8f
90919293
94959697
98999a9b
9c9d9e9f
a0a1a2a3
a4a5a6a7
a8a9aaab
acadaeaf
b0b1b2b3
b4b5b6b7
b8b9babb
bcbdbebf
c0c1c2c3
c4c5c6c7
c8c9cacb
cccdcecf
d0d1d2d3
d4d5d6d7
d8d9dadb
dcdddedf
e0e1e2e3
e4e5e6e7
e8e9eaeb
ecedeeef
f0f1f2f3
f4f5f6f7
f8f9fafb
fcfdfeff
00010203
04050607
08090a0b
0c0d0e0f
10111213
14151617
18191a1b
1c1d1e1f
20212223
24252627
28292a2b
2c2d2e2f
30313233
34353637
38393a3b
3c3d3e3f
40414243
44454647
48494a4b
4c4d4e4f
50515253
54555657
58595a5b
5c5d5e5f
60616263
64656667
68696a6b
6c6d6e6f
70717273
74757677
78797a7b
7c7d7e7f
80818283
84858687
88898a8b
8c8d8e8f
90919293
94959697
98999a9b
9c9d9e9f
a0a1a2a3
a4a5a6a7
a8a9aaab
acadaeaf
b0b1b2b3
b4b5b6b7
b8b9babb
bcbdbebf
c0c1c2c3
c4c5c6c7
c8c9cacb
cccdcecf
d0d1d2d3
d4d5d6d7
d8d9dadb
dcdddedf
e0e1e2e3
e4e5e6e7
e8e9eaeb
ecedeeef
f0f1f2f3
f4f5f6f7
f8f9fafb
fcfdfeff
00010203
04050607
08090a0b
0c0d0e0f
10111213
14151617
18191a1b
1c1d1e1f
20212223
24252627
28292a2b
2c2d2e2f
30313233
34353637
38393a3b
3c3d3e3f
40414243
44454647
48494a4b
4c4d4e4f
50515253
54555657
58595a5b
5c5d5e5f
60616263
64656667
68696a6b
6c6d6e6f
70717273
74757677
78797a7b
7c7d7e7f
80818283
84858687
88898a8b
8c8d8e8f
90919293
94959697
98999a9b
9c9d9e9f
a0a1a2a3
a4a5a6a7
a8a9aaab
acadaeaf
b0b1b2b3
b4b5b6b7
b8b9babb
bcbdbebf
c0c1c2c3
c4c5c6c7
c8c9cacb
cccdcecf
d0d1d2d3
d4d5d6d7
d8d9dadb
dcdddedf
e0e1e2e3
e4e5e6e7
e8e9eaeb
ecedeeef
f0f1f2f3
f4f5f6f7
f8f9fafb
fcfdfeff
00010203
04050607
08090a0b
0c0d0e0f
10111213
14151617
18191a1b
1c1d1e1f
20212223
24252627
28292a2b
2c2d2e2f
30313233
34353637
38393a3b
3c3d3e3f
40414243
44454647
48494a4b
4c4d4e4f
50515253
54555657
58595a5b
5c5d5e5f
60616263
64656667
68696a6b
6c6d6e6f
70717273
74757677
78797a7b
7c7d7e7f
80818283
84858687
88898a8b
8c8d8e8f
90919293
94959697
98999a9b
9c9d9e9f
a0a1a2a3
a4a5a6a7
a8a9aaab
acadaeaf
b0b1b2b3
b4b5b6b7
b8b9babb
bcbdbebf
c0c1c2c3
c4c5c6c7
c8c9cacb
cccdcecf
d0d1d2d3
d4d5d6d7
d8d9dadb
dcdddedf
e0e1e2e3
e4e5e6e7
e8e9eaeb
ecedeeef
f0f1f2f3
f4f5f6f7
f8f9fafb
fcfdfeff
00010203
04050607
08090a0b
0c0d0e0f
10111213
14151617
18191a1b
1c1d1e1f
20212223
24252627
28292a2b
2c2d2e2f
30313233
34353637
38393a3b
3c3d3e3f
40414243
44454647
48494a4b
4c4d4e4f
50515253
54555657
58595a5b
5c5d5e5f
60616263
64656667
68696a6b
6c6d6e6f
70717273
74757677
78797a7b
7c7d7e7f
80818283
84858687
88898a8b
8c8d8e8f
90919293
94959697
98999a9b
9c9d9e9f
a0a1a2a3
a4a5a6a7
a8a9aaab
acadaeaf
b0b1b2b3
b4b5b6b7
b8b9babb
bcbdbebf
c0c1c2c3
c4c5c6c7
c8c9cacb
cccdcecf
d0d1d2d3
d4d5d6d7
d8d9dadb
dcdddedf
e0e1e2e3
e4e5e6e7
e8e9eaeb
ecedeeef
f0f1f2f3
f4f5f6f7
f8f9fafb
fcfdfeff
00010203
04050607
08090a0b
0c0d0e0f
10111213
14151617
18191a1b
1c1d1e1f
20212223
24252627
28292a2b
2c2d2e2f
30313233
34353637
38393a3b
3c3d3e3f
40414243
44454647
48494a4b
4c4d4e4f
50515253
54555657
58595a5b
5c5d5e5f
60616263
64656667
68696a6b
6c6d6e6f
70717273
74757677
78797a7b
7c7d7e7f
80818283
84858687
88898a8b
8c8d8e8f
90919293
94959697
98999a9b
9c9d9e9f
a0a1a2a3
a4a5a6a7
a8a9aaab
acadaeaf
b0b1b2b3
b4b5b6b7
b8b9babb
bcbdbebf
c0c1c2c3
c4c5c6c7
c8c9cacb
cccdcecf
d0d1d2d3
d4d5d6d7
d8d9dadb
dcdddedf
e0e1e2e3
e4e5e6e7
e8e9eaeb
ecedeeef
f0f1f2f3
f4f5f6f7
f8f9fafb
fcfdfeff
00010203
04050607
08090a0b
0c0d0e0f
10111213
14151617
18191a1b
1c1d1e1f
20212223
24252627
28292a2b
2c2d2e2f
30313233
34353637
38393a3b
3c3d3e3f
40414243
44454647
48494a4b
4c4d4e4f
50515253
54555657
58595a5b
5c5d5e5f
60616263
64656667
68696a6b
6c6d6e6f
70717273
74757677
78797a7b
7c7d7e7f
80818283
84858687
88898a8b
8c8d8e8f
90919293
94959697
98999a9b
9c9d9e9f
a0a1a2a3
a4a5a6a7
a8a9aaab
acadaeaf
b0b1b2b3
b4b5b6b7
b8b9babb
bcbdbebf
c0c1c2c3
c4c5c6c7
c8c9cacb
cccdcecf
d0d1d2d3
d4d5d6d7
d8d9dadb
dcdddedf
e0e1e2e3
e4e5e6e7
e8e9eaeb
ecedeeef
f0f1f2f3
f4f5f6f7
f8f9fafb
fcfdfeff
00010203
04050607
08090a0b
0c0d0e0f
10111213
14151617
18191a1b
1c1d1e1f
20212223
24252627
28292a2b
2c2d2e2f
30313233
34353637
38393a3b
3c3d3e3f
40414243
44454647
48494a4b
4c4d4e4f
50515253
54555657
58595a5b
5c5d5e5f
60616263
64656667
68696a6b
6c6d6e6f
70717273
74757677
78797a7b
7c7d7e7f
80818283
84858687
88898a8b
8c8d8e8f
90919293
94959697
98999a9b
9c9d9e9f
a0a1a2a3
a4a5a6a7
a8a9aaab
acadaeaf
b0b1b2b3
b4b5b6b7
b8b9babb
bcbdbebf
c0c1c2c3
c4c5c6c7
c8c9cacb
cccdcecf
d0d1d2d3
d4d5d6d7
d8d9dadb
dcdddedf
e0e1e2e3
e4e5e6e7
e8e9eaeb
ecedeeef
f0f1f2f3
f4f5f6f7
f8f9fafb
fcfdfeff
00010203
04050607
08090a0b
0c0d0e0f
10111213
14151617
18191a1b
1c1d1e1f
20212223
24252627
28292a2b
2c2d2e2f
30313233
34353637
38393a3b
3c3d3e3f
40414243
44454647
48494a4b
4c4d4e4f
50515253
54555657
58595a5b
5c5d5e5f
60616263
64656667
68696a6b
6c6d6e6f
70717273
74757677
78797a7b
7c7d7e7f
80818283
84858687
88898a8b
8c8d8e8f
90919293
94959697
98999a9b
9c9d9e9f
a0a1a2a3
a4a5a6a7
a8a9aaab
acadaeaf
b0b1b2b3
b4b5b6b7
b8b9babb
bcbdbebf
c0c1c2c3
c4c5c6c7
c8c9cacb
cccdcecf
d0d1d2d3
d4d5d6d7
d8d9dadb
dcdddedf
e0e1e2e3
e4e5e6e7
e8e9eaeb
ecedeeef
f0f1f2f3
f4f5f6f7
f8f9fafb
fcfdfeff
00010203
04050607
08090a0b
0c0d0e0f
10111213
14151617
18191a1b
1c1d1e1f
20212223
24252627
28292a2b
2c2d2e2f
30313233
34353637
38393a3b
3c3d3e3f
40414243
44454647
48494a4b
4c4d4e4f
50515253
54555657
58595a5b
5c5d5e5f
60616263
64656667
68696a6b
6c6d6e6f
70717273
74757677
78797a7b
7c7d7e7f
80818283
84858687
88898a8b
8c8d8e8f
90919293
94959697
98999a9b
9c9d9e9f
a0a1a2a3
a4a5a6a7
a8a9aaab
acadaeaf
b0b1b2b3
b4b5b6b7
b8b9babb
bcbdbebf
c0c1c2c3
c4c5c6c7
c8c9cacb
cccdcecf
d0d1d2d3
d4d5d6d7
d8d9dadb
dcdddedf
e0e1e2e3
e4e5e6e7
e8e9eaeb
ecedeeef
f0f1f2f3
f4f5f6f7
f8f9fafb
fcfdfeff
00010203
04050607
08090a0b
0c0d0e0f
10111213
14151617
18191a1b
1c1d1e1f
20212223
24252627
28292a2b
2c2d2e2f
30313233
34353637
38393a3b
3c3d3e3f
40414243
44454647
48494a4b
4c4d4e4f
50515253
54555657
58595a5b
5c5d5e5f
60616263
64656667
68696a6b
6c6d6e6f
70717273
74757677
78797a7b
7c7d7e7f
80818283
84858687
88898a8b
8c8d8e8f
90919293
94959697
98999a9b
9c9d9e9f
a0a1a2a3
a4a5a6a7
a8a9aaab
acadaeaf
b0b1b2b3
b4b5b6b7
b8b9babb
bcbdbebf
c0c1c2c3
c4c5c6c7
c8c9cacb
cccdcecf
d0d1d2d3
d4d5d6d7
d8d9dadb
dcdddedf
e0e1e2e3
e4e5e6e7
e8e9eaeb
ecedeeef
f0f1f2f3
f4f5f6f7
f8f9fafb
fcfdfeff
00010203
04050607
08090a0b
0c0d0e0f
10111213
14151617
18191a1b
1c1d1e1f
20212223
24252627
28292a2b
2c2d2e2f
30313233
34353637
38393a3b
3c3d3e3f
40414243
44454647
48494a4b
4c4d4e4f
50515253
54555657
58595a5b
5c5d5e5f
60616263
64656667
68696a6b
6c6d6e6f
70717273
74757677
78797a7b
7c7d7e7f
80818283
84858687
88898a8b
8c8d8e8f
90919293
94959697
98999a9b
9c9d9e9f
a0a1a2a3
a4a5a6a7
a8a9aaab
acadaeaf
b0b1b2b3
b4b5b6b7
b8b9babb
bcbdbebf
c0c1c2c3
c4c5c6c7
c8c9cacb
cccdcecf
d0d1d2d3
d4d5d6d7
d8d9dadb
dcdddedf
e0e1e2e3
e4e5e6e7
e8e9eaeb
ecedeeef
f0f1f2f3
f4f5f6f7
f8f9fafb
fcfdfeff
00010203
04050607
08090a0b
0c0d0e0f
10111213
14151617
18191a1b
1c1d1e1f
20212223
24252627
28292a2b
2c2d2e2f
30313233
34353637
38393a3b
3c3d3e3f
40414243
44454647
48494a4b
4c4d4e4f
50515253
54555657
58595a5b
5c5d5e5f
60616263
64656667
68696a6b
6c6d6e6f
70717273
74757677
78797a7b
7c7d7e7f
80818283
84858687
88898a8b
8c8d8e8f
90919293
94959697
98999a9b
9c9d9e9f
a0a1a2a3
a4a5a6a7
a8a9aaab
acadaeaf
b0b1b2b3
b4b5b6b7
b8b9babb
bcbdbebf
c0c1c2c3
c4c5c6c7
c8c9cacb
cccdcecf
d0d1d2d3
d4d5d6d7
d8d9dadb
dcdddedf
e0e1e2e3
e4e5e6e7
e8e9eaeb
ecedeeef
f0f1f2f3
f4f5f6f7
f8f9fafb
fcfdfeff
00010203
04050607
08090a0b
0c0d0e0f
10111213
14151617
18191a1b
1c1d1e1f
20212223
24252627
28292a2b
2c2d2e2f
30313233
34353637
38393a3b
3c3d3e3f
40414243
44454647
48494a4b
4c4d4e4f
50515253
54555657
58595a5b
5c5d5e5f
60616263
64656667
68696a6b
6c6d6e6f
70717273
74757677
78797a7b
7c7d7e7f
80818283
84858687
88898a8b
8c8d8e8f
90919293
94959697
98999a9b
9c9d9e9f
a0a1a2a3
a4a5a6a7
a8a9aaab
acadaeaf
b0b1b2b3
b4b5b6b7
b8b9babb
bcbdbebf
c0c1c2c3
c4c5c6c7
c8c9cacb
cccdcecf
d0d1d2d3
d4d5d6d7
d8d9dadb
dcdddedf
e0e1e2e3
e4e5e6e7
e8e9eaeb
ecedeeef
f0f1f2f3
f4f5f6f7
f8f9fafb
fcfdfeff
00010203
04050607
08090a0b
0c0d0e0f
10111213
14151617
18191a1b
1c1d1e1f
20212223
24252627
28292a2b
2c2d2e2f
30313233
34353637
38393a3b
3c3d3e3f
40414243
44454647
48494a4b
4c4d4e4f
50515253
54555657
58595a5b
5c5d5e5f
60616263
64656667
68696a6b
6c6d6e6f
70717273
74757677
78797a7b
7c7d7e7f
80818283
84858687
88898a8b
8c8d8e8f
90919293
94959697
98999a9b
9c9d9e9f
a0a1a2a3
a4a5a6a7
a8a9aaab
acadaeaf
b0b1b2b3
b4b5b6b7
b8b9babb
bcbdbebf
c0c1c2c3
c4c5c6c7
c8c9cacb
cccdcecf
d0d1d2d3
d4d5d6d7
d8d9dadb
dcdddedf
e0e1e2e3
e4e5e6e7
e8e9eaeb
ecedeeef
f0f1f2f3
f4f5f6f7
f8f9fafb
fcfdfeff
00010203
04050607
08090a0b
0c0d0e0f
10111213
14151617
18191a1b
1c1d1e1f
20212223
24252627
28292a2b
2c2d2e2f
30313233
34353637
38393a3b
3c3d3e3f
40414243
44454647
48494a4b
4c4d4e4f
50515253
54555657
58595a5b
5c5d5e5f
60616263
64656667
68696a6b
6c6d6e6f
70717273
74757677
78797a7b
7c7d7e7f
80818283
84858687
88898a8b
8c8d8e8f
90919293
94959697
98999a9b
9c9d9e9f
a0a1a2a3
a4a5a6a7
a8a9aaab
acadaeaf
b0b1b2b3
b4b5b6b7
b8b9babb
bcbdbebf
c0c1c2c3
c4c5c6c7
c8c9cacb
cccdcecf
d0d1d2d3
d4d5d6d7
d8d9dadb
dcdddedf
e0e1e2e3
e4e5e6e7
e8e9eaeb
ecedeeef
f0f1f2f3
f4f5f6f7
f8f9fafb
fcfdfeff
00010203
04050607
08090a0b
0c0d0e0f
10111213
14151617
18191a1b
1c1d1e1f
20212223
24252627
28292a2b
2c2d2e2f
30313233
34353637
38393a3b
3c3d3e3f
40414243
44454647
48494a4b
4c4d4e4f
50515253
54555657
58595a5b
5c5d5e5f
60616263
64656667
68696a6b
6c6d6e6f
70717273
74757677
78797a7b
7c7d7e7f
80818283
84858687
88898a8b
8c8d8e8f
90919293
94959697
98999a9b
9c9d9e9f
a0a1a2a3
a4a5a6a7
a8a9aaab
acadaeaf
b0b1b2b3
b4b5b6b7
b8b9babb
bcbdbebf
c0c1c2c3
c4c5c6c7
c8c9cacb
cccdcecf
d0d1d2d3
d4d5d6d7
d8d9dadb
dcdddedf
e0e1e2e3
e4e5e6e7
e8e9eaeb
ecedeeef
f0f1f2f3
f4f5f6f7
f8f9fafb
fcfdfeff
00010203
04050607
08090a0b
0c0d0e0f
10111213
14151617
18191a1b
1c1d1e1f
20212223
24252627
28292a2b
2c2d2e2f
30313233
34353637
38393a3b
3c3d3e3f
40414243
44454647
48494a4b
4c4d4e4f
50515253
54555657
58595a5b
5c5d5e5f
60616263
64656667
68696a6b
6c6d6e6f
70717273
74757677
78797a7b
7c7d7e7f
80818283
84858687
88898a8b
8c8d8e8f
90919293
94959697
98999a9b
9c9d9e9f
a0a1a2a3
a4a5a6a7
a8a9aaab
acadaeaf
b0b1b2b3
b4b5b6b7
b8b9babb
bcbdbebf
c0c1c2c3
c4c5c6c7
c8c9cacb
cccdcecf
d0d1d2d3
d4d5d6d7
d8d9dadb
dcdddedf
e0e1e2e3
e4e5e6e7
e8e9eaeb
ecedeeef
f0f1f2f3
f4f5f6f7
f8f9fafb
fcfdfeff
00010203
04050607
08090a0b
0c0d0e0f
10111213
14151617
18191a1b
1c1d1e1f
20212223
24252627
28292a2b
2c2d2e2f
30313233
34353637
38393a3b
3c3d3e3f
40414243
44454647
48494a4b
4c4d4e4f
50515253
54555657
58595a5b
5c5d5e5f
60616263
64656667
68696a6b
6c6d6e6f
70717273
74757677
78797a7b
7c7d7e7f
80818283
84858687
88898a8b
8c8d8e8f
90919293
94959697
98999a9b
9c9d9e9f
a0a1a2a3
a4a5a6a7
a8a9aaab
acadaeaf
b0b1b2b3
b4b5b6b7
b8b9babb
bcbdbebf
c0c1c2c3
c4c5c6c7
c8c9cacb
cccdcecf
d0d1d2d3
d4d5d6d7
d8d9dadb
dcdddedf
e0e1e2e3
e4e5e6e7
e8e9eaeb
ecedeeef
f0f1f2f3
f4f5f6f7
f8f9fafb
fcfdfeff
00010203
04050607
08090a0b
0c0d0e0f
10111213
14151617
18191a1b
1c1d1e1f
20212223
24252627
28292a2b
2c2d2e2f
30313233
34353637
38393a3b
3c3d3e3f
40414243
44454647
48494a4b
4c4d4e4f
50515253
54555657
58595a5b
5c5d5e5f
60616263
64656667
68696a6b
6c6d6e6f
70717273
74757677
78797a7b
7c7d7e7f
80818283
84858687
88898a8b
8c8d8e8f
90919293
94959697
98999a9b
9c9d9e9f
a0a1a2a3
a4a5a6a7
a8a9aaab
acadaeaf
b0b1b2b3
b4b5b6b7
b8b9babb
bcbdbebf
c0c1c2c3
c4c5c6c7
c8c9cacb
cccdcecf
d0d1d2d3
d4d5d6d7
d8d9dadb
dcdddedf
e0e1e2e3
e4e5e6e7
e8e9eaeb
ecedeeef
f0f1f2f3
f4f5f6f7
f8f9fafb
fcfdfeff
00010203
04050607
08090a0b
0c0d0e0f
10111213
14151617
18191a1b
1c1d1e1f
20212223
24252627
28292a2b
2c2d2e2f
30313233
34353637
38393a3b
3c3d3e3f
40414243
44454647
48494a4b
4c4d4e4f
50515253
54555657
58595a5b
5c5d5e5f
60616263
64656667
68696a6b
6c6d6e6f
70717273
74757677
78797a7b
7c7d7e7f
80818283
84858687
88898a8b
8c8d8e8f
90919293
94959697
98999a9b
9c9d9e9f
a0a1a2a3
a4a5a6a7
a8a9aaab
acadaeaf
b0b1b2b3
b4b5b6b7
b8b9babb
bcbdbebf
c0c1c2c3
c4c5c6c7
c8c9cacb
cccdcecf
d0d1d2d3
d4d5d6d7
d8d9dadb
dcdddedf
e0e1e2e3
e4e5e6e7
e8e9eaeb
ecedeeef
f0f1f2f3
f4f5f6f7
f8f9fafb
fcfdfeff
00010203
04050607
08090a0b
0c0d0e0f
10111213
14151617
18191a1b
1c1d1e1f
20212223
24252627
28292a2b
2c2d2e2f
30313233
34353637
38393a3b
3c3d3e3f
40414243
44454647
48494a4b
4c4d4e4f
50515253
54555657
58595a5b
5c5d5e5f
60616263
64656667
68696a6b
6c6d6e6f
70717273
74757677
78797a7b
7c7d7e7f
80818283
84858687
88898a8b
8c8d8e8f
90919293
94959697
98999a9b
9c9d9e9f
a0a1a2a3
a4a5a6a7
a8a9aaab
acadaeaf
b0b1b2b3
b4b5b6b7
b8b9babb
bcbdbebf
c0c1c2c3
c4c5c6c7
c8c9cacb
cccdcecf
d0d1d2d3
d4d5d6d7
d8d9dadb
dcdddedf
e0e1e2e3
e4e5e6e7
e8e9eaeb
ecedeeef
f0f1f2f3
f4f5f6f7
f8f9fafb
fcfdfeff
00010203
04050607
08090a0b
0c0d0e0f
10111213
14151617
18191a1b
1c1d1e1f
20212223
24252627
28292a2b
2c2d2e2f
30313233
34353637
38393a3b
3c3d3e3f
40414243
44454647
48494a4b
4c4d4e4f
50515253
54555657
58595a5b
5c5d5e5f
60616263
64656667
68696a6b
6c6d6e6f
70717273
74757677
78797a7b
7c7d7e7f
80818283
84858687
88898a8b
8c8d8e8f
90919293
94959697
98999a9b
9c9d9e9f
a0a1a2a3
a4a5a6a7
a8a9aaab
acadaeaf
b0b1b2b3
b4b5b6b7
b8b9babb
bcbdbebf
c0c1c2c3
c4c5c6c7
c8c9cacb
cccdcecf
d0d1d2d3
d4d5d6d7
d8d9dadb
dcdddedf
e0e1e2e3
e4e5e6e7
e8e9eaeb
ecedeeef
f0f1f2f3
f4f5f6f7
f8f9fafb
fcfdfeff
00010203
04050607
08090a0b
0c0d0e0f
10111213
14151617
18191a1b
1c1d1e1f
20212223
24252627
28292a2b
2c2d2e2f
30313233
34353637
38393a3b
3c3d3e3f
40414243
44454647
48494a4b
4c4d4e4f
50515253
54555657
58595a5b
5c5d5e5f
60616263
64656667
68696a6b
6c6d6e6f
70717273
74757677
78797a7b
7c7d7e7f
80818283
84858687
88898a8b
8c8d8e8f
90919293
94959697
98999a9b
9c9d9e9f
a0a1a2a3
a4a5a6a7
a8a9aaab
acadaeaf
b0b1b2b3
b4b5b6b7
b8b9babb
bcbdbebf
c0c1c2c3
c4c5c6c7
c8c9cacb
cccdcecf
d0d1d2d3
d4d5d6d7
d8d9dadb
dcdddedf
e0e1e2e3
e4e5e6e7
e8e9eaeb
ecedeeef
f0f1f2f3
f4f5f6f7
f8f9fafb
fcfdfeff
00010203
04050607
08090a0b
0c0d0e0f
10111213
14151617
18191a1b
1c1d1e1f
20212223
24252627
28292a2b
2c2d2e2f
30313233
34353637
38393a3b
3c3d3e3f
40414243
44454647
48494a4b
4c4d4e4f
50515253
54555657
58595a5b
5c5d5e5f
60616263
64656667
68696a6b
6c6d6e6f
70717273
74757677
78797a7b
7c7d7e7f
80818283
84858687
88898a8b
8c8d8e8f
90919293
94959697
98999a9b
9c9d9e9f
a0a1a2a3
a4a5a6a7
a8a9aaab
acadaeaf
b0b1b2b3
b4b5b6b7
b8b9babb
bcbdbebf
c0c1c2c3
c4c5c6c7
c8c9cacb
cccdcecf
d0d1d2d3
d4d5d6d7
d8d9dadb
dcdddedf
e0e1e2e3
e4e5e6e7
e8e9eaeb
ecedeeef
f0f1f2f3
f4f5f6f7
f8f9fafb
fcfdfeff
00010203
04050607
08090a0b
0c0d0e0f
10111213
14151617
18191a1b
1c1d1e1f
20212223
24252627
28292a2b
2c2d2e2f
30313233
34353637
38393a3b
3c3d3e3f
40414243
44454647
48494a4b
4c4d4e4f
50515253
54555657
58595a5b
5c5d5e5f
60616263
64656667
68696a6b
6c6d6e6f
70717273
74757677
78797a7b
7c7d7e7f
80818283
84858687
88898a8b
8c8d8e8f
90919293
94959697
98999a9b
9c9d9e9f
a0a1a2a3
a4a5a6a7
a8a9aaab
acadaeaf
b0b1b2b3
b4b5b6b7
b8b9babb
bcbdbebf
c0c1c2c3
c4c5c6c7
c8c9cacb
cccdcecf
d0d1d2d3
d4d5d6d7
d8d9dadb
dcdddedf
e0e1e2e3
e4e5e6e7
e8e9eaeb
ecedeeef
f0f1f2f3
f4f5f6f7
f8f9fafb
fcfdfeff
00010203
04050607
08090a0b
0c0d0e0f
10111213
14151617
18191a1b
1c1d1e1f
20212223
24252627
28292a2b
2c2d2e2f
30313233
34353637
38393a3b
3c3d3e3f
40414243
44454647
48494a4b
4c4d4e4f
50515253
54555657
58595a5b
5c5d5e5f
60616263
64656667
68696a6b
6c6d6e6f
70717273
74757677
78797a7b
7c7d7e7f
80818283
84858687
88898a8b
8c8d8e8f
90919293
94959697
98999a9b
9c9d9e9f
a0a1a2a3
a4a5a6a7
a8a9aaab
acadaeaf
b0b1b2b3
b4b5b6b7
b8b9babb
bcbdbebf
c0c1c2c3
c4c5c6c7
c8c9cacb
cccdcecf
d0d1d2d3
d4d5d6d7
d8d9dadb
dcdddedf
e0e1e2e3
e4e5e6e7
e8e9eaeb
ecedeeef
f0f1f2f3
f4f5f6f7
f8f9fafb
fcfdfeff
00010203
04050607
08090a0b
0c0d0e0f
10111213
14151617
18191a1b
1c1d1e1f
20212223
24252627
28292a2b
2c2d2e2f
30313233
34353637
38393a3b
3c3d3e3f
40414243
44454647
48494a4b
4c4d4e4f
50515253
54555657
58595a5b
5c5d5e5f
60616263
64656667
68696a6b
6c6d6e6f
70717273
74757677
78797a7b
7c7d7e7f
80818283
84858687
88898a8b
8c8d8e8f
90919293
94959697
98999a9b
9c9d9e9f
a0a1a2a3
a4a5a6a7
a8a9aaab
acadaeaf
b0b1b2b3
b4b5b6b7
b8b9babb
bcbdbebf
c0c1c2c3
c4c5c6c7
c8c9cacb
cccdcecf
d0d1d2d3
d4d5d6d7
d8d9dadb
dcdddedf
e0e1e2e3
e4e5e6e7
e8e9eaeb
ecedeeef
f0f1f2f3
f4f5f6f7
f8f9fafb
fcfdfeff
00010203
04050607
08090a0b
0c0d0e0f
10111213
14151617
18191a1b
1c1d1e1f
20212223
24252627
28292a2b
2c2d2e2f
30313233
34353637
38393a3b
3c3d3e3f
40414243
44454647
48494a4b
4c4d4e4f
50515253
54555657
58595a5b
5c5d5e5f
60616263
64656667
68696a6b
6c6d6e6f
70717273
74757677
78797a7b
7c7d7e7f
80818283
84858687
88898a8b
8c8d8e8f
90919293
94959697
98999a9b
9c9d9e9f
a0a1a2a3
a4a5a6a7
a8a9aaab
acadaeaf
b0b1b2b3
b4b5b6b7
b8b9babb
bcbdbebf
c0c1c2c3
c4c5c6c7
c8c9cacb
cccdcecf
d0d1d2d3
d4d5d6d7
d8d9dadb
dcdddedf
e0e1e2e3
e4e5e6e7
e8e9eaeb
ecedeeef
f0f1f2f3
f4f5f6f7
f8f9fafb
fcfdfeff
00010203
04050607
08090a0b
0c0d0e0f
10111213
14151617
18191a1b
1c1d1e1f
20212223
24252627
28292a2b
2c2d2e2f
30313233
34353637
38393a3b
3c3d3e3f
40414243
44454647
48494a4b
4c4d4e4f
50515253
54555657
58595a5b
5c5d5e5f
60616263
64656667
68696a6b
6c6d6e6f
70717273
74757677
78797a7b
7c7d7e7f
80818283
84858687
88898a8b
8c8d8e8f
90919293
94959697
98999a9b
9c9d9e9f
a0a1a2a3
a4a5a6a7
a8a9aaab
acadaeaf
b0b1b2b3
b4b5b6b7
b8b9babb
bcbdbebf
c0c1c2c3
c4c5c6c7
c8c9cacb
cccdcecf
d0d1d2d3
d4d5d6d7
d8d9dadb
dcdddedf
e0e1e2e3
e4e5e6e7
e8e9eaeb
ecedeeef
f0f1f2f3
f4f5f6f7
f8f9fafb
fcfdfeff
00000000
00000000
00000000
00000000
00000000
00000000
00000000
00000000
00000000
00000000
00000000
00000000
00000000
00000000
00000000
00000000
00000000
00000000
00000000
00000000
00000000
00000000
00000000
00000000
00000000
00000000
00000000
00000000
00000000
00000000
00000000
00000000
00000000
00000000
00000000
00000000
00000000
00000000
00000000
00000000
00000000
00000000
00000000
00000000
00000000
00000000
00000000
00000000
00000000
00000000
00000000
00000000
00000000
00000000
00000000
00000000
00000000
00000000
00000000
00000000
00000000
00000000
00000000
00000000
00000000
00000000
00000000
00000000
00000000
00000000
00000000
00000000
00000000
00000000
00000000
00000000
00000000
00000000
00000000
00000000
00000000
00000000
00000000
00000000
00000000
00000000
00000000
00000000
00000000
00000000
00000000
00000000
00000000
00000000
00000000
00000000
00000000
00000000
00000000
00000000
00000000
00000000
00000000
00000000
00000000
00000000
00000000
00000000
00000000
00000000
00000000
00000000
00000000
00000000
00000000
00000000
00000000
00000000
00000000
00000000
00000000
00000000
00000000
00000000
00000000
00000000
00000000
00000000
00000000
00000000
00000000
00000000
00000000
00000000
00000000
00000000
00000000
00000000
00000000
00000000
00000000
00000000
00000000
00000000
00000000
00000000
00000000
00000000
00000000
00000000
00000000
00000000
00000000
00000000
00000000
00000000
00000000
00000000
00000000
00000000
00000000
00000000
00000000
00000000
00000000
00000000
00000000
00000000
00000000
00000000
00000000
00000000
00000000
00000000
00000000
00000000
00000000
00000000
00000000
00000000
00000000
00000000
00000000
00000000
00000000
00000000
00000000
00000000
00000000
00000000
00000000
00000000
00000000
00000000
00000000
00000000
00000000
00000000
00000000
00000000
00000000
00000000
00000000
00000000
00000000
00000000
00000000
00000000
00000000
00000000
00000000
00000000
00000000
00000000
00000000
00000000
00000000
00000000
00000000
00000000
00000000
00000000
00000000
00000000
00000000
00000000
00000000
00000000
00000000
00000000
00000000
00000000
00000000
00000000
00000000
00000000
00000000
00000000
00000000
00000000
00000000
00000000
00000000
00000000
00000000
00000000
00000000
00000000
00000000
00000000
00000000
00000000
00000000
00000000
00000000
00000000
00000000
00000000
00000000
00000000
00000000
00000000
00000000
00000000
00000000
00000000
00000000
00000000
00000000
00000000
00000000
00000000
00000000
00000000
00000000
00000000
00000000
00000000
00000000
00000000
00000000
00000000
00000000
00000000
00000000
00000000
00000000
00000000
00000000
00000000
00000000
00000000
00000000
00000000
00000000
00000000
00000000
00000000
00000000
00000000
00000000
00000000
00000000
00000000
00000000
00000000
00000000
00000000
00000000
00000000
00000000
00000000
00000000
00000000
00000000
00000000
00000000
00000000
00000000
00000000
00000000
00000000
00000000
00000000
00000000
00000000
00000000
00000000
00000000
00000000
00000000
00000000
00000000
00000000
00000000
00000000
00000000
00000000
00000000
00000000
00000000
00000000
00000000
00000000
00000000
00000000
00000000
00000000
00000000
00000000
00000000
00000000
00000000
00000000
00000000
00000000
00000000
00000000
00000000
00000000
00000000
00000000
00000000
00000000
00000000
00000000
00000000
00000000
00000000
00000000
00000000
00000000
00000000
00000000
00000000
00000000
00000000
00000000
00000000
00000000
00000000
00000000
00000000
00000000
00000000
00000000
00000000
00000000
00000000
00000000
00000000
00000000
00000000
00000000
00000000
00000000
00000000
00000000
00000000
00000000
00000000
00000000
00000000
00000000
00000000
00000000
00000000
00000000
00000000
00000000
00000000
00000000
00000000
00000000
00000000
00000000
00000000
00000000
00000000
00000000
00000000
00000000
00000000
00000000
00000000
00000000
00000000
00000000
00000000
00000000
00000000
00000000
00000000
00000000
00000000
00000000
00000000
00000000
00000000
00000000
00000000
00000000
00000000
00000000
00000000
00000000
00000000
00000000
00000000
00000000
00000000
00000000
00000000
00000000
00000000
00000000
00000000
00000000
00000000
00000000
00000000
00000000
00000000
00000000
00000000
00000000
00000000
00000000
00000000
00000000
00000000
00000000
00000000
00000000
00000000
00000000
00000000
00000000
00000000
00000000
00000000
00000000
00000000
00000000
00000000
00000000
00000000
00000000
00000000
00000000
00000000
00000000
00000000
00000000
00000000
00000000
00000000
00000000
00000000
00000000
00000000
00000000
00000000
00000000
00000000
00000000
00000000
00000000
00000000
00000000
00000000
00000000
00000000
00000000
00000000
00000000
00000000
00000000
00000000
00000000
00000000
00000000
00000000
00000000
00000000
00000000
00000000
00000000
00000000
00000000
00000000
00000000
00000000
00000000
00000000
00000000
00000000
00000000
00000000
00000000
00000000
00000000
00000000
00000000
00000000
00000000
00000000
00000000
00000000
00000000
00000000
00000000
00000000
00000000
00000000
00000000
00000000
00000000
00000000
00000000
00000000
00000000
00000000
00000000
00000000
00000000
00000000
00000000
00000000
00000000
00000000
00000000
00000000
00000000
00000000
00000000
00000000
00000000
00000000
00000000
00000000
00000000
00000000
00000000
00000000
00000000
00000000
00000000
00000000
00000000
00000000
00000000
00000000
00000000
00000000
00000000
00000000
00000000
00000000
00000000
00000000
00000000
00000000
00000000
00000000
00000000
00000000
00000000
00000000
00000000
00000000
00000000
00000000
00000000
00000000
00000000
00000000
00000000
00000000
00000000
00000000
00000000
00000000
00000000
00000000
00000000
00000000
00000000
00000000
00000000
00000000
00000000
00000000
00000000
00000000
00000000
00000000
00000000
00000000
00000000
00000000
00000000
00000000
00000000
00000000
00000000
00000000
00000000
00000000
00000000
00000000
00000000
00000000
00000000
00000000
00000000
00000000
00000000
00000000
00000000
00000000
00000000
00000000
00000000
00000000
00000000
00000000
00000000
00000000
00000000
00000000
00000000
00000000
00000000
00000000
00000000
00000000
00000000
00000000
00000000
00000000
00000000
00000000
00000000
00000000
00000000
00000000
00000000
00000000
00000000
00000000
00000000
00000000
00000000
00000000
00000000
00000000
00000000
00000000
00000000
00000000
00000000
00000000
00000000
00000000
00000000
00000000
00000000
00000000
00000000
00000000
00000000
00000000
00000000
00000000
00000000
00000000
00000000
00000000
00000000
00000000
00000000
00000000
00000000
00000000
00000000
00000000
00000000
00000000
00000000
00000000
00000000
00000000
00000000
00000000
00000000
00000000
00000000
00000000
00000000
00000000
00000000
00000000
00000000
00000000
00000000
00000000
00000000
00000000
00000000
00000000
00000000
00000000
00000000
00000000
00000000
00000000
00000000
00000000
00000000
00000000
00000000
00000000
00000000
00000000
00000000
00000000
00000000
00000000
00000000
00000000
00000000
00000000
00000000
00000000
00000000
00000000
00000000
00000000
00000000
00000000
00000000
00000000
00000000
00000000
00000000
00000000
00000000
00000000
00000000
00000000
00000000
00000000
00000000
00000000
00000000
00000000
00000000
00000000
00000000
00000000
00000000
00000000
00000000
00000000
00000000
00000000
00000000
00000000
00000000
00000000
00000000
00000000
00000000
00000000
00000000
00000000
00000000
00000000
00000000
00000000
00000000
00000000
00000000
00000000
00000000
00000000
00000000
00000000
00000000
00000000
00000000
00000000
00000000
00000000
00000000
00000000
00000000
00000000
00000000
00000000
00000000
00000000
00000000
00000000
00000000
00000000
00000000
00000000
00000000
00000000
00000000
00000000
00000000
00000000
00000000
00000000
00000000
00000000
00000000
00000000
00000000
00000000
00000000
00000000
00000000
00000000
00000000
00000000
00000000
00000000
00000000
00000000
00000000
00000000
00000000
00000000
00000000
00000000
00000000
00000000
00000000
00000000
00000000
00000000
00000000
00000000
00000000
00000000
00000000
00000000
00000000
00000000
00000000
00000000
00000000
00000000
00000000
00000000
00000000
00000000
00000000
00000000
00000000
00000000
00000000
00000000
00000000
00000000
00000000
00000000
00000000
00000000
00000000
00000000
00000000
00000000
00000000
00000000
00000000
00000000
00000000
00000000
00000000
00000000
00000000
00000000
00000000
00000000
00000000
00000000
00000000
00000000
00000000
00000000
00000000
00000000
00000000
00000000
00000000
00000000
00000000
00000000
00000000
00000000
00000000
00000000
00000000
00000000
00000000
00000000
00000000
00000000
00000000
00000000
00000000
00000000
00000000
00000000
00000000
00000000
00000000
00000000
00000000
00000000
00000000
00000000
00000000
00000000
00000000
00000000
00000000
00000000
00000000
00000000
00000000
00000000
00000000
00000000
00000000
00000000
00000000
00000000
00000000
00000000
00000000
00000000
00000000
00000000
00000000
00000000
00000000
00000000
00000000
00000000
00000000
00000000
00000000
00000000
00000000
00000000
00000000
00000000
00000000
00000000
00000000
00000000
00000000
00000000
00000000
00000000
00000000
00000000
00000000
00000000
00000000
00000000
00000000
00000000
00000000
00000000
00000000
00000000
00000000
00000000
00000000
00000000
00000000
00000000
00000000
00000000
00000000
00000000
00000000
00000000
00000000
00000000
00000000
00000000
00000000
00000000
00000000
00000000
00000000
00000000
00000000
00000000
00000000
00000000
00000000
00000000
00000000
00000000
00000000
00000000
00000000
00000000
00000000
00000000
00000000
00000000
00000000
00000000
00000000
00000000
00000000
00000000
00000000
00000000
00000000
00000000
00000000
00000000
00000000
00000000
00000000
00000000
00000000
00000000
00000000
00000000
00000000
00000000
00000000
00000000
00000000
00000000
00000000
00000000
00000000
00000000
00000000
00000000
00000000
00000000
00000000
00000000
00000000
00000000
00000000
00000000
00000000
00000000
00000000
00000000
00000000
00000000
00000000
00000000
00000000
00000000
00000000
00000000
00000000
00000000
00000000
00000000
00000000
00000000
00000000
00000000
00000000
00000000
00000000
00000000
00000000
00000000
00000000
00000000
00000000
00000000
00000000
00000000
00000000
00000000
00000000
00000000
00000000
00000000
00000000
00000000
00000000
00000000
00000000
00000000
00000000
00000000
00000000
00000000
00000000
00000000
00000000
00000000
00000000
00000000
00000000
00000000
00000000
00000000
00000000
00000000
00000000
00000000
00000000
00000000
00000000
00000000
00000000
00000000
00000000
00000000
00000000
00000000
00000000
00000000
00000000
00000000
00000000
00000000
00000000
00000000
00000000
00000000
00000000
00000000
00000000
00000000
00000000
00000000
00000000
00000000
00000000
00000000
00000000
00000000
00000000
00000000
00000000
00000000
00000000
00000000
00000000
00000000
00000000
00000000
00000000
00000000
00000000
00000000
00000000
00000000
00000000
00000000
00000000
00000000
00000000
00000000
00000000
00000000
00000000
00000000
00000000
00000000
00000000
00000000
00000000
00000000
00000000
00000000
00000000
00000000
00000000
00000000
00000000
00000000
00000000
00000000
00000000
00000000
00000000
00000000
00000000
00000000
00000000
00000000
00000000
00000000
00000000
00000000
00000000
00000000
00000000
00000000
00000000
00000000
00000000
00000000
00000000
00000000
00000000
00000000
00000000
00000000
00000000
00000000
00000000
00000000
00000000
00000000
00000000
00000000
00000000
00000000
00000000
00000000
00000000
00000000
00000000
00000000
00000000
00000000
00000000
00000000
00000000
00000000
00000000
00000000
00000000
00000000
00000000
00000000
00000000
00000000
00000000
00000000
00000000
00000000
00000000
00000000
00000000
00000000
00000000
00000000
00000000
00000000
00000000
00000000
00000000
00000000
00000000
00000000
00000000
00000000
00000000
00000000
00000000
00000000
00000000
00000000
00000000
00000000
00000000
00000000
00000000
00000000
00000000
00000000
00000000
00000000
00000000
00000000
00000000
00000000
00000000
00000000
00000000
00000000
00000000
00000000
00000000
00000000
00000000
00000000
00000000
00000000
00000000
00000000
00000000
00000000
00000000
00000000
00000000
00000000
00000000
00000000
00000000
00000000
00000000
00000000
00000000
00000000
00000000
00000000
00000000
00000000
00000000
00000000
00000000
00000000
00000000
00000000
00000000
00000000
00000000
00000000
00000000
00000000
00000000
00000000
00000000
00000000
00000000
00000000
00000000
00000000
00000000
00000000
00000000
00000000
00000000
00000000
00000000
00000000
00000000
00000000
00000000
00000000
00000000
00000000
00000000
00000000
00000000
00000000
00000000
00000000
00000000
00000000
00000000
00000000
00000000
00000000
00000000
00000000
00000000
00000000
00000000
00000000
00000000
00000000
00000000
00000000
00000000
00000000
00000000
00000000
00000000
00000000
00000000
00000000
00000000
00000000
00000000
00000000
00000000
00000000
00000000
00000000
00000000
00000000
00000000
00000000
00000000
00000000
00000000
00000000
00000000
00000000
00000000
00000000
00000000
00000000
00000000
00000000
00000000
00000000
00000000
00000000
00000000
00000000
00000000
00000000
00000000
00000000
00000000
00000000
00000000
00000000
00000000
00000000
00000000
00000000
00000000
00000000
00000000
00000000
00000000
00000000
00000000
00000000
00000000
00000000
00000000
00000000
00000000
00000000
00000000
00000000
00000000
00000000
00000000
00000000
00000000
00000000
00000000
00000000
00000000
00000000
00000000
00000000
00000000
00000000
00000000
00000000
00000000
00000000
00000000
00000000
00000000
00000000
00000000
00000000
00000000
00000000
00000000
00000000
00000000
00000000
00000000
00000000
00000000
00000000
00000000
00000000
00000000
00000000
00000000
00000000
00000000
00000000
00000000
00000000
00000000
00000000
00000000
00000000
00000000
00000000
00000000
00000000
00000000
00000000
00000000
00000000
00000000
00000000
00000000
00000000
00000000
00000000
00000000
00000000
00000000
00000000
00000000
00000000
00000000
00000000
00000000
00000000
00000000
00000000
00000000
00000000
00000000
00000000
00000000
00000000
00000000
00000000
00000000
00000000
00000000
00000000
00000000
00000000
00000000
00000000
00000000
00000000
00000000
00000000
00000000
00000000
00000000
00000000
00000000
00000000
00000000
00000000
00000000
00000000
00000000
00000000
00000000
00000000
00000000
00000000
00000000
00000000
00000000
00000000
00000000
00000000
00000000
00000000
00000000
00000000
00000000
00000000
00000000
00000000
00000000
00000000
00000000
00000000
00000000
00000000
00000000
00000000
00000000
00000000
00000000
00000000
00000000
00000000
00000000
00000000
00000000
00000000
00000000
00000000
00000000
00000000
00000000
00000000
00000000
00000000
00000000
00000000
00000000
00000000
00000000
00000000
00000000
00000000
00000000
00000000
00000000
00000000
00000000
00000000
00000000
00000000
00000000
00000000
00000000
00000000
00000000
00000000
00000000
00000000
00000000
00000000
00000000
00000000
00000000
00000000
00000000
00000000
00000000
00000000
00000000
00000000
00000000
00000000
00000000
00000000
00000000
00000000
00000000
00000000
00000000
00000000
00000000
00000000
00000000
00000000
00000000
00000000
00000000
00000000
00000000
00000000
00000000
00000000
00000000
00000000
00000000
00000000
00000000
00000000
00000000
00000000
00000000
00000000
00000000
00000000
00000000
00000000
00000000
00000000
00000000
00000000
00000000
00000000
00000000
00000000
00000000
00000000
00000000
00000000
00000000
00000000
00000000
00000000
00000000
00000000
00000000
00000000
00000000
00000000
00000000
00000000
00000000
00000000
00000000
00000000
00000000
00000000
00000000
00000000
00000000
00000000
00000000
00000000
00000000
00000000
00000000
00000000
00000000
00000000
00000000
00000000
00000000
00000000
00000000
00000000
00000000
00000000
00000000
00000000
00000000
00000000
00000000
00000000
00000000
00000000
00000000
00000000
00000000
00000000
00000000
00000000
00000000
00000000
00000000
00000000
00000000
00000000
00000000
00000000
00000000
00000000
00000000
00000000
00000000
00000000
00000000
00000000
00000000
00000000
00000000
00000000
00000000
00000000
00000000
00000000
00000000
00000000
00000000
00000000
00000000
00000000
00000000
00000000
00000000
00000000
00000000
00000000
00000000
00000000
00000000
00000000
00000000
00000000
00000000
00000000
00000000
00000000
00000000
00000000
00000000
00000000
00000000
00000000
00000000
00000000
00000000
00000000
00000000
00000000
00000000
00000000
00000000
00000000
00000000
00000000
00000000
00000000
00000000
00000000
00000000
00000000
00000000
00000000
00000000
00000000
00000000
00000000
00000000
00000000
00000000
00000000
00000000
00000000
00000000
00000000
00000000
00000000
00000000
00000000
00000000
00000000
00000000
00000000
00000000
00000000
00000000
00000000
00000000
00000000
00000000
00000000
00000000
00000000
00000000
00000000
00000000
00000000
00000000
00000000
00000000
00000000
00000000
00000000
00000000
00000000
00000000
00000000
00000000
00000000
00000000
00000000
00000000
00000000
00000000
00000000
00000000
00000000
00000000
00000000
00000000
00000000
00000000
00000000
00000000
00000000
00000000
00000000
00000000
00000000
00000000
00000000
00000000
00000000
00000000
00000000
00000000
00000000
00000000
00000000
00000000
00000000
00000000
00000000
00000000
00000000
00000000
00000000
00000000
00000000
00000000
00000000
00000000
00000000
00000000
00000000
00000000
00000000
00000000
00000000
00000000
00000000
00000000
00000000
00000000
00000000
00000000
00000000
00000000
00000000
00000000
00000000
00000000
00000000
00000000
00000000
00000000
00000000
00000000
00000000
00000000
00000000
00000000
00000000
00000000
00000000
00000000
00000000
00000000
00000000
00000000
00000000
00000000
00000000
00000000
00000000
00000000
00000000
00000000
00000000
00000000
00000000
00000000
00000000
00000000
00000000
00000000
00000000
00000000
00000000
00000000
00000000
00000000
00000000
00000000
00000000
00000000
00000000
00000000
00000000
00000000
00000000
00000000
00000000
00000000
00000000
00000000
00000000
00000000
00000000
00000000
00000000
00000000
00000000
00000000
00000000
00000000
00000000
00000000
00000000
00000000
00000000
00000000
00000000
00000000
00000000
00000000
00000000
00000000
00000000
00000000
00000000
00000000
00000000
00000000
00000000
00000000
00000000
00000000
00000000
00000000
00000000
00000000
00000000
00000000
00000000
00000000
00000000
00000000
00000000
00000000
00000000
00000000
00000000
00000000
00000000
00000000
00000000
00000000
00000000
00000000
00000000
00000000
00000000
00000000
00000000
00000000
00000000
00000000
00000000
00000000
00000000
00000000
00000000
00000000
00000000
00000000
00000000
00000000
00000000
00000000
00000000
00000000
00000000
00000000
00000000
00000000
00000000
00000000
00000000
00000000
00000000
00000000
00000000
00000000
00000000
00000000
00000000
00000000
00000000
00000000
00000000
00000000
00000000
00000000
00000000
00000000
00000000
00000000
00000000
00000000
00000000
00000000
00000000
00000000
00000000
00000000
00000000
00000000
00000000
00000000
00000000
00000000
00000000
00000000
00000000
00000000
00000000
00000000
00000000
00000000
00000000
00000000
00000000
00000000
00000000
00000000
00000000
00000000
00000000
00000000
00000000
00000000
00000000
00000000
00000000
00000000
00000000
00000000
00000000
00000000
00000000
00000000
00000000
00000000
00000000
00000000
00000000
00000000
00000000
00000000
00000000
00000000
00000000
00000000
00000000
00000000
00000000
00000000
00000000
00000000
00000000
00000000
00000000
00000000
00000000
00000000
00000000
00000000
00000000
00000000
00000000
00000000
00000000
00000000
00000000
00000000
00000000
00000000
00000000
00000000
00000000
00000000
00000000
00000000
00000000
00000000
00000000
00000000
00000000
00000000
00000000
00000000
00000000
00000000
00000000
00000000
00000000
00000000
00000000
00000000
00000000
00000000
00000000
00000000
00000000
00000000
00000000
00000000
00000000
00000000
00000000
00000000
00000000
00000000
00000000
00000000
00000000
00000000
00000000
00000000
00000000
00000000
00000000
00000000
00000000
00000000
00000000
00000000
00000000
00000000
00000000
00000000
00000000
00000000
00000000
00000000
00000000
00000000
00000000
00000000
00000000
00000000
00000000
00000000
00000000
00000000
00000000
00000000
00000000
00000000
00000000
00000000
00000000
00000000
00000000
00000000
00000000
00000000
00000000
00000000
00000000
00000000
00000000
00000000
00000000
00000000
00000000
00000000
00000000
00000000
00000000
00000000
00000000
00000000
00000000
00000000
00000000
00000000
00000000
00000000
00000000
00000000
00000000
00000000
00000000
00000000
00000000
00000000
00000000
00000000
00000000
00000000
00000000
00000000
00000000
00000000
00000000
00000000
00000000
00000000
00000000
00000000
00000000
00000000
00000000
00000000
00000000
00000000
00000000
00000000
00000000
00000000
00000000
00000000
00000000
00000000
00000000
00000000
00000000
00000000
00000000
00000000
00000000
00000000
00000000
00000000
00000000
00000000
00000000
00000000
00000000
00000000
00000000
00000000
00000000
00000000
00000000
00000000
00000000
00000000
00000000
00000000
00000000
00000000
00000000
00000000
00000000
00000000
00000000
00000000
00000000
00000000
00000000
00000000
00000000
00000000
00000000
00000000
00000000
00000000
00000000
00000000
00000000
00000000
00000000
00000000
00000000
00000000
00000000
00000000
00000000
00000000
00000000
00000000
00000000
00000000
00000000
00000000
00000000
00000000
00000000
00000000
00000000
00000000
00000000
00000000
00000000
00000000
00000000
00000000
00000000
00000000
00000000
00000000
00000000
00000000
00000000
00000000
00000000
00000000
00000000
00000000
00000000
00000000
00000000
00000000
00000000
00000000
00000000
00000000
00000000
00000000
00000000
00000000
00000000
00000000
00000000
00000000
00000000
00000000
00000000
00000000
00000000
00000000
00000000
00000000
00000000
00000000
00000000
00000000
00000000
00000000
00000000
00000000
00000000
00000000
00000000
00000000
00000000
00000000
00000000
00000000
00000000
00000000
00000000
00000000
00000000
00000000
00000000
00000000
00000000
00000000
00000000
00000000
00000000
00000000
00000000
00000000
00000000
00000000
00000000
00000000
00000000
00000000
00000000
00000000
00000000
00000000
00000000
00000000
00000000
00000000
00000000
00000000
00000000
00000000
00000000
00000000
00000000
00000000
00000000
00000000
00000000
00000000
00000000
00000000
00000000
00000000
00000000
00000000
00000000
00000000
00000000
00000000
00000000
00000000
00000000
00000000
00000000
00000000
00000000
00000000
00000000
00000000
00000000
00000000
00000000
00000000
00000000
00000000
00000000
00000000
00000000
00000000
00000000
00000000
00000000
00000000
00000000
00000000
00000000
00000000
00000000
00000000
00000000
00000000
00000000
00000000
00000000
00000000
00000000
00000000
00000000
00000000
00000000
00000000
00000000
00000000
00000000
00000000
00000000
00000000
00000000
00000000
00000000
00000000
00000000
00000000
00000000
00000000
00000000
00000000
00000000
00000000
00000000
00000000
00000000
00000000
00000000
00000000
00000000
00000000
00000000
00000000
00000000
00000000
00000000
00000000
00000000
00000000
00000000
00000000
00000000
00000000
00000000
00000000
00000000
00000000
00000000
00000000
00000000
00000000
00000000
00000000
00000000
00000000
00000000
00000000
00000000
00000000
00000000
00000000
00000000
00000000
00000000
00000000
00000000
00000000
00000000
00000000
00000000
00000000
00000000
00000000
00000000
00000000
00000000
00000000
00000000
00000000
00000000
00000000
00000000
00000000
00000000
00000000
00000000
00000000
00000000
00000000
00000000
00000000
00000000
00000000
00000000
00000000
00000000
00000000
00000000
00000000
00000000
00000000
00000000
00000000
00000000
00000000
00000000
00000000
00000000
00000000
00000000
00000000
00000000
00000000
00000000
00000000
00000000
00000000
00000000
00000000
00000000
00000000
00000000
00000000
00000000
00000000
00000000
00000000
00000000
00000000
00000000
00000000
00000000
00000000
00000000
00000000
00000000
00000000
00000000
00000000
00000000
00000000
00000000
00000000
00000000
00000000
00000000
00000000
00000000
00000000
00000000
00000000
00000000
00000000
00000000
00000000
00000000
00000000
00000000
00000000
00000000
00000000
00000000
00000000
00000000
00000000
00000000
00000000
00000000
00000000
00000000
00000000
00000000
00000000
00000000
00000000
00000000
00000000
00000000
00000000
00000000
00000000
00000000
00000000
00000000
00000000
00000000
00000000
00000000
00000000
00000000
00000000
00000000
00000000
00000000
00000000
00000000
00000000
00000000
00000000
00000000
00000000
00000000
00000000
00000000
00000000
00000000
00000000
00000000
00000000
00000000
00000000
00000000
00000000
00000000
00000000
00000000
00000000
00000000
00000000
00000000
00000000
00000000
00000000
00000000
00000000
00000000
00000000
00000000
00000000
00000000
00000000
00000000
00000000
00000000
00000000
00000000
00000000
00000000
00000000
00000000
00000000
00000000
00000000
00000000
00000000
00000000
00000000
00000000
00000000
00000000
00000000
00000000
00000000
00000000
00000000
00000000
00000000
00000000
00000000
00000000
00000000
00000000
00000000
00000000
00000000
00000000
00000000
00000000
00000000
00000000
00000000
00000000
00000000
00000000
00000000
00000000
00000000
00000000
00000000
00000000
00000000
00000000
00000000
00000000
00000000
00000000
00000000
00000000
00000000
00000000
00000000
00000000
00000000
00000000
00000000
00000000
00000000
00000000
00000000
00000000
00000000
00000000
00000000
00000000
00000000
00000000
00000000
00000000
00000000
00000000
00000000
00000000
00000000
00000000
00000000
00000000
00000000
00000000
00000000
00000000
00000000
00000000
00000000
00000000
00000000
00000000
00000000
00000000
00000000
00000000
00000000
00000000
00000000
00000000
00000000
00000000
00000000
00000000
00000000
00000000
00000000
00000000
00000000
00000000
00000000
00000000
00000000
00000000
00000000
00000000
00000000
00000000
00000000
00000000
00000000
00000000
00000000
00000000
00000000
00000000
00000000
00000000
00000000
00000000
00000000
00000000
00000000
00000000
00000000
00000000
00000000
00000000
00000000
00000000
00000000
00000000
00000000
00000000
00000000
00000000
00000000
00000000
00000000
00000000
00000000
00000000
00000000
00000000
00000000
00000000
00000000
00000000
00000000
00000000
00000000
00000000
00000000
00000000
00000000
00000000
00000000
00000000
00000000
00000000
00000000
00000000
00000000
00000000
00000000
00000000
00000000
00000000
00000000
00000000
00000000
00000000
00000000
00000000
00000000
00000000
00000000
00000000
00000000
00000000
00000000
00000000
00000000
00000000
00000000
00000000
00000000
00000000
00000000
00000000
00000000
00000000
00000000
00000000
00000000
00000000
00000000
00000000
00000000
00000000
00000000
00000000
00000000
00000000
00000000
00000000
00000000
00000000
00000000
00000000
00000000
00000000
00000000
00000000
00000000
00000000
00000000
00000000
00000000
00000000
00000000
00000000
00000000
00000000
00000000
00000000
00000000
00000000
00000000
00000000
00000000
00000000
00000000
00000000
00000000
00000000
00000000
00000000
00000000
00000000
00000000
00000000
00000000
00000000
00000000
00000000
00000000
00000000
00000000
00000000
00000000
00000000
00000000
00000000
00000000
00000000
00000000
00000000
00000000
00000000
00000000
00000000
00000000
00000000
00000000
00000000
00000000
00000000
00000000
00000000
00000000
00000000
00000000
00000000
00000000
00000000
00000000
00000000
00000000
00000000
00000000
00000000
00000000
00000000
00000000
00000000
00000000
00000000
00000000
00000000
00000000
00000000
00000000
00000000
00000000
00000000
00000000
00000000
00000000
00000000
00000000
00000000
00000000
00000000
00000000
00000000
00000000
00000000
00000000
00000000
00000000
00000000
00000000
00000000
00000000
00000000
00000000
00000000
00000000
00000000
00000000
00000000
00000000
00000000
00000000
00000000
00000000
00000000
00000000
00000000
00000000
00000000
00000000
00000000
00000000
00000000
00000000
00000000
00000000
00000000
00000000
00000000
00000000
00000000
00000000
00000000
00000000
00000000
00000000
00000000
00000000
00000000
00000000
00000000
00000000
00000000
00000000
00000000
00000000
00000000
00000000
00000000
00000000
00000000
00000000
00000000
00000000
00000000
00000000
00000000
00000000
00000000
00000000
00000000
00000000
00000000
00000000
00000000
00000000
00000000
00000000
00000000
00000000
00000000
00000000
00000000
00000000
00000000
00000000
00000000
00000000
00000000
00000000
00000000
00000000
00000000
00000000
00000000
00000000
00000000
00000000
00000000
00000000
00000000
00000000
00000000
00000000
00000000
00000000
00000000
00000000
00000000
00000000
00000000
00000000
00000000
00000000
00000000
00000000
00000000
00000000
00000000
00000000
00000000
00000000
00000000
00000000
00000000
00000000
00000000
00000000
00000000
00000000
00000000
00000000
00000000
00000000
00000000
00000000
00000000
00000000
00000000
00000000
00000000
00000000
00000000
00000000
00000000
00000000
00000000
00000000
00000000
00000000
00000000
00000000
00000000
00000000
00000000
00000000
00000000
00000000
00000000
00000000
00000000
00000000
00000000
00000000
00000000
00000000
00000000
00000000
00000000
00000000
00000000
00000000
00000000
00000000
00000000
00000000
00000000
00000000
00000000
00000000
00000000
00000000
00000000
00000000
00000000
00000000
00000000
00000000
00000000
00000000
00000000
00000000
00000000
00000000
00000000
00000000
00000000
00000000
00000000
00000000
00000000
00000000
00000000
00000000
00000000
00000000
00000000
00000000
00000000
00000000
00000000
00000000
00000000
00000000
00000000
00000000
00000000
00000000
00000000
00000000
00000000
00000000
00000000
00000000
00000000
00000000
00000000
00000000
00000000
00000000
00000000
00000000
00000000
00000000
00000000
00000000
00000000
00000000
00000000
00000000
00000000
00000000
00000000
00000000
00000000
00000000
00000000
00000000
00000000
00000000
00000000
00000000
00000000
00000000
00000000
00000000
00000000
00000000
00000000
00000000
00000000
00000000
00000000
00000000
00000000
00000000
00000000
00000000
00000000
00000000
00000000
00000000
00000000
00000000
00000000
00000000
00000000
00000000
00000000
00000000
00000000
00000000
00000000
00000000
00000000
00000000
00000000
00000000
00000000
00000000
00000000
00000000
00000000
00000000
00000000
00000000
00000000
00000000
00000000
00000000
00000000
00000000
00000000
00000000
00000000
00000000
00000000
00000000
00000000
00000000
00000000
00000000
00000000
00000000
00000000
00000000
00000000
00000000
00000000
00000000
00000000
00000000
00000000
00000000
00000000
00000000
00000000
00000000
00000000
00000000
00000000
00000000
00000000
00000000
00000000
00000000
00000000
00000000
00000000
00000000
00000000
00000000
00000000
00000000
00000000
00000000
00000000
00000000
00000000
00000000
00000000
00000000
00000000
00000000
00000000
00000000
00000000
00000000
00000000
00000000
00000000
00000000
00000000
00000000
00000000
00000000
00000000
00000000
00000000
00000000
00000000
00000000
00000000
00000000
00000000
00000000
00000000
00000000
00000000
00000000
00000000
00000000
00000000
00000000
00000000
00000000
00000000
00000000
00000000
00000000
00000000
00000000
00000000
00000000
00000000
00000000
00000000
00000000
00000000
00000000
00000000
00000000
00000000
00000000
00000000
00000000
00000000
00000000
00000000
00000000
00000000
00000000
00000000
00000000
00000000
00000000
00000000
00000000
00000000
00000000
00000000
00000000
00000000
00000000
00000000
00000000
00000000
00000000
00000000
00000000
00000000
00000000
00000000
00000000
00000000
00000000
00000000
00000000
00000000
00000000
00000000
00000000
00000000
00000000
00000000
00000000
00000000
00000000
00000000
00000000
00000000
00000000
00000000
00000000
00000000
00000000
00000000
00000000
00000000
00000000
00000000
00000000
00000000
00000000
00000000
00000000
00000000
00000000
00000000
00000000
00000000
00000000
00000000
00000000
00000000
00000000
00000000
00000000
00000000
00000000
00000000
00000000
00000000
00000000
00000000
00000000
00000000
00000000
00000000
00000000
00000000
00000000
00000000
00000000
00000000
00000000
00000000
00000000
00000000
00000000
00000000
00000000
00000000
00000000
00000000
00000000
00000000
00000000
00000000
00000000
00000000
00000000
00000000
00000000
00000000
00000000
00000000
00000000
00000000
00000000
00000000
00000000
00000000
00000000
00000000
00000000
00000000
00000000
00000000
00000000
00000000
00000000
00000000
00000000
00000000
00000000
00000000
00000000
00000000
00000000
00000000
00000000
00000000
00000000
00000000
00000000
00000000
00000000
00000000
00000000
00000000
00000000
00000000
00000000
00000000
00000000
00000000
00000000
00000000
00000000
00000000
00000000
00000000
00000000
00000000
00000000
00000000
00000000
00000000
00000000
00000000
00000000
00000000
00000000
00000000
00000000
00000000
00000000
00000000
00000000
00000000
00000000
00000000
00000000
00000000
00000000
00000000
00000000
00000000
00000000
00000000
00000000
00000000
00000000
00000000
00000000
00000000
00000000
00000000
00000000
00000000
00000000
00000000
00000000
00000000
00000000
00000000
00000000
00000000
00000000
00000000
00000000
00000000
00000000
00000000
00000000
00000000
00000000
00000000
00000000
00000000
00000000
00000000
00000000
00000000
00000000
00000000
00000000
00000000
00000000
00000000
00000000
00000000
00000000
00000000
00000000
00000000
00000000
00000000
00000000
00000000
00000000
00000000
00000000
00000000
00000000
00000000
00000000
00000000
00000000
00000000
00000000
00000000
00000000
00000000
00000000
00000000
00000000
00000000
00000000
00000000
00000000
00000000
00000000
00000000
00000000
00000000
00000000
00000000
00000000
00000000
00000000
00000000
00000000
00000000
00000000
00000000
00000000
00000000
00000000
00000000
00000000
00000000
00000000
00000000
00000000
00000000
00000000
00000000
00000000
00000000
00000000
00000000
00000000
00000000
00000000
00000000
00000000
00000000
00000000
00000000
00000000
00000000
00000000
00000000
00000000
00000000
00000000
00000000
00000000
00000000
00000000
00000000
00000000
00000000
00000000
00000000
00000000
00000000
00000000
00000000
00000000
00000000
00000000
00000000
00000000
00000000
00000000
00000000
00000000
00000000
00000000
00000000
00000000
00000000
00000000
00000000
00000000
00000000
00000000
00000000
00000000
00000000
00000000
00000000
00000000
00000000
00000000
00000000
00000000
00000000
00000000
00000000
00000000
00000000
00000000
00000000
00000000
00000000
00000000
00000000
00000000
00000000
00000000
00000000
00000000
00000000
00000000
00000000
00000000
00000000
00000000
00000000
00000000
00000000
00000000
00000000
00000000
00000000
00000000
00000000
00000000
00000000
00000000
00000000
00000000
00000000
00000000
00000000
00000000
00000000
00000000
00000000
00000000
00000000
00000000
00000000
00000000
00000000
00000000
00000000
00000000
00000000
00000000
00000000
00000000
00000000
00000000
00000000
00000000
00000000
00000000
00000000
00000000
00000000
00000000
00000000
00000000
00000000
00000000
00000000
00000000
00000000
00000000
00000000
00000000
00000000
00000000
00000000
00000000
00000000
00000000
00000000
00000000
00000000
00000000
00000000
00000000
00000000
00000000
00000000
00000000
00000000
00000000
00000000
00000000
00000000
00000000
00000000
00000000
00000000
00000000
00000000
00000000
00000000
00000000
00000000
00000000
00000000
00000000
00000000
00000000
00000000
00000000
00000000
00000000
00000000
00000000
00000000
00000000
00000000
00000000
00000000
00000000
00000000
00000000
00000000
00000000
00000000
00000000
00000000
00000000
00000000
00000000
00000000
00000000
00000000
00000000
00000000
00000000
00000000
00000000
00000000
00000000
00000000
00000000
00000000
00000000
00000000
00000000
00000000
00000000
00000000
00000000
00000000
00000000
00000000
00000000
00000000
00000000
00000000
00000000
00000000
00000000
00000000
00000000
00000000
00000000
00000000
00000000
00000000
00000000
00000000
00000000
00000000
00000000
00000000
00000000
00000000
00000000
00000000
00000000
00000000
00000000
00000000
00000000
00000000
00000000
00000000
00000000
00000000
00000000
00000000
00000000
00000000
00000000
00000000
00000000
00000000
00000000
00000000
00000000
00000000
00000000
00000000
00000000
00000000
00000000
00000000
00000000
00000000
00000000
00000000
00000000
00000000
00000000
00000000
00000000
00000000
00000000
00000000
00000000
00000000
00000000
00000000
00000000
00000000
00000000
00000000
00000000
00000000
00000000
00000000
00000000
00000000
00000000
00000000
00000000
00000000
00000000
00000000
00000000
00000000
00000000
00000000
00000000
00000000
00000000
00000000
00000000
00000000
00000000
00000000
00000000
00000000
00000000
00000000
00000000
00000000
00000000
00000000
00000000
00000000
00000000
00000000
00000000
00000000
00000000
00000000
00000000
00000000
00000000
00000000
00000000
00000000
00000000
00000000
00000000
00000000
00000000
00000000
00000000
00000000
00000000
00000000
00000000
00000000
00000000
00000000
00000000
00000000
00000000
00000000
00000000
00000000
00000000
00000000
00000000
00000000
00000000
00000000
00000000
00000000
00000000
00000000
00000000
00000000
00000000
00000000
00000000
00000000
00000000
00000000
00000000
00000000
00000000
00000000
00000000
00000000
00000000
00000000
00000000
00000000
00000000
00000000
00000000
00000000
00000000
00000000
00000000
00000000
00000000
00000000
00000000
00000000
00000000
00000000
00000000
00000000
00000000
00000000
00000000
00000000
00000000
00000000
00000000
00000000
00000000
00000000
00000000
00000000
00000000
00000000
00000000
00000000
00000000
00000000
00000000
00000000
00000000
00000000
00000000
00000000
00000000
00000000
00000000
00000000
00000000
00000000
00000000
00000000
00000000
00000000
00000000
00000000
00000000
00000000
00000000
00000000
00000000
00000000
00000000
00000000
00000000
00000000
00000000
00000000
00000000
00000000
00000000
00000000
00000000
00000000
00000000
00000000
00000000
00000000
00000000
00000000
00000000
00000000
00000000
00000000
00000000
00000000
00000000
00000000
00000000
00000000
00000000
00000000
00000000
00000000
00000000
00000000
00000000
00000000
00000000
00000000
00000000
00000000
00000000
00000000
00000000
00000000
00000000
00000000
00000000
00000000
00000000
00000000
00000000
00000000
00000000
00000000
00000000
00000000
00000000
00000000
00000000
00000000
00000000
00000000
00000000
00000000
00000000
00000000
00000000
00000000
00000000
00000000
00000000
00000000
00000000
00000000
00000000
00000000
00000000
00000000
00000000
00000000
00000000
00000000
00000000
00000000
00000000
00000000
00000000
00000000
00000000
00000000
00000000
00000000
00000000
00000000
00000000
00000000
00000000
00000000
00000000
00000000
00000000
00000000
00000000
00000000
00000000
00000000
00000000
00000000
00000000
00000000
00000000
00000000
00000000
00000000
00000000
00000000
00000000
00000000
00000000
00000000
00000000
00000000
00000000
00000000
00000000
00000000
00000000
00000000
00000000
00000000
00000000
00000000
00000000
00000000
00000000
00000000
00000000
00000000
00000000
00000000
00000000
00000000
00000000
00000000
00000000
00000000
00000000
00000000
00000000
00000000
00000000
00000000
00000000
00000000
00000000
00000000
00000000
00000000
00000000
00000000
00000000
00000000
00000000
00000000
00000000
00000000
00000000
00000000
00000000
00000000
00000000
00000000
00000000
00000000
00000000
00000000
00000000
00000000
00000000
00000000
00000000
00000000
00000000
00000000
00000000
00000000
00000000
00000000
00000000
00000000
00000000
00000000
00000000
00000000
00000000
00000000
00000000
00000000
00000000
00000000
00000000
00000000
00000000
00000000
00000000
00000000
00000000
00000000
00000000
00000000
00000000
00000000
00000000
00000000
00000000
00000000
00000000
00000000
00000000
00000000
00000000
00000000
00000000
00000000
00000000
00000000
00000000
00000000
00000000
00000000
00000000
00000000
00000000
00000000
00000000
00000000
00000000
00000000
00000000
00000000
00000000
00000000
00000000
00000000
00000000
00000000
00000000
00000000
00000000
00000000
00000000
00000000
00000000
00000000
00000000
00000000
00000000
00000000
00000000
00000000
00000000
00000000
00000000
00000000
00000000
00000000
00000000
00000000
00000000
00000000
00000000
00000000
00000000
00000000
00000000
00000000
00000000
00000000
00000000
00000000
00000000
00000000
00000000
00000000
00000000
00000000
00000000
00000000
00000000
00000000
00000000
00000000
00000000
00000000
00000000
00000000
00000000
00000000
00000000
00000000
00000000
00000000
00000000
00000000
00000000
00000000
00000000
00000000
00000000
00000000
00000000
00000000
00000000
00000000
00000000
00000000
00000000
00000000
00000000
00000000
00000000
00000000
00000000
00000000
00000000
00000000
00000000
00000000
00000000
00000000
00000000
00000000
00000000
00000000
00000000
00000000
00000000
00000000
00000000
00000000
00000000
00000000
00000000
00000000
00000000
00000000
00000000
00000000
00000000
00000000
00000000
00000000
00000000
00000000
00000000
00000000
00000000
00000000
00000000
00000000
00000000
00000000
00000000
00000000
00000000
00000000
00000000
00000000
00000000
00000000
00000000
00000000
00000000
00000000
00000000
00000000
00000000
00000000
00000000
00000000
00000000
00000000
00000000
00000000
00000000
00000000
00000000
00000000
00000000
00000000
00000000
00000000
00000000
00000000
00000000
00000000
00000000
00000000
00000000
00000000
00000000
00000000
00000000
00000000
00000000
00000000
00000000
00000000
00000000
00000000
00000000
00000000
00000000
00000000
00000000
00000000
00000000
00000000
00000000
00000000
00000000
00000000
00000000
00000000
00000000
00000000
00000000
00000000
00000000
00000000
00000000
00000000
00000000
00000000
00000000
00000000
00000000
00000000
00000000
00000000
00000000
00000000
00000000
00000000
00000000
00000000
00000000
00000000
00000000
00000000
00000000
00000000
00000000
00000000
00000000
00000000
00000000
00000000
00000000
00000000
00000000
00000000
00000000
00000000
00000000
00000000
00000000
00000000
00000000
00000000
00000000
00000000
00000000
00000000
00000000
00000000
00000000
00000000
00000000
00000000
00000000
00000000
00000000
00000000
00000000
00000000
00000000
00000000
00000000
00000000
00000000
00000000
00000000
00000000
00000000
00000000
00000000
00000000
00000000
00000000
00000000
00000000
00000000
00000000
00000000
00000000
00000000
00000000
00000000
00000000
00000000
00000000
00000000
00000000
00000000
00000000
00000000
00000000
00000000
00000000
00000000
00000000
00000000
00000000
00000000
00000000
00000000
00000000
00000000
00000000
00000000
00000000
00000000
00000000
00000000
00000000
00000000
00000000
00000000
00000000
00000000
00000000
00000000
00000000
00000000
00000000
00000000
00000000
00000000
00000000
00000000
00000000
00000000
00000000
00000000
00000000
00000000
00000000
00000000
00000000
00000000
00000000
00000000
00000000
00000000
00000000
00000000
00000000
00000000
00000000
00000000
00000000
00000000
00000000
00000000
00000000
00000000
00000000
00000000
00000000
00000000
00000000
00000000
00000000
00000000
00000000
00000000
00000000
00000000
00000000
00000000
00000000
00000000
00000000
00000000
00000000
00000000
00000000
00000000
00000000
00000000
00000000
00000000
00000000
00000000
00000000
00000000
00000000
00000000
00000000
00000000
00000000
00000000
00000000
00000000
00000000
00000000
00000000
00000000
00000000
00000000
00000000
00000000
00000000
00000000
00000000
00000000
00000000
00000000
00000000
00000000
00000000
00000000
00000000
00000000
00000000
00000000
00000000
00000000
00000000
00000000
00000000
00000000
00000000
00000000
00000000
00000000
00000000
00000000
00000000
00000000
00000000
00000000
00000000
00000000
00000000
00000000
00000000
00000000
00000000
00000000
00000000
00000000
00000000
00000000
00000000
00000000
00000000
00000000
00000000
00000000
00000000
00000000
00000000
00000000
00000000
00000000
00000000
00000000
00000000
00000000
00000000
00000000
00000000
00000000
00000000
00000000
00000000
00000000
00000000
00000000
00000000
00000000
00000000
00000000
00000000
00000000
00000000
00000000
00000000
00000000
00000000
00000000
00000000
00000000
00000000
00000000
00000000
00000000
00000000
00000000
00000000
00000000
00000000
00000000
00000000
00000000
00000000
00000000
00000000
00000000
00000000
00000000
00000000
00000000
00000000
00000000
00000000
00000000
00000000
00000000
00000000
00000000
00000000
00000000
00000000
00000000
00000000
00000000
00000000
00000000
00000000
00000000
00000000
00000000
00000000
00000000
00000000
00000000
00000000
00000000
00000000
00000000
00000000
00000000
00000000
00000000
00000000
00000000
00000000
00000000
00000000
00000000
00000000
00000000
00000000
00000000
00000000
00000000
00000000
00000000
00000000
00000000
00000000
00000000
00000000
00000000
00000000
00000000
00000000
00000000
00000000
00000000
00000000
00000000
00000000
00000000
00000000
00000000
00000000
00000000
00000000
00000000
00000000
00000000
00000000
00000000
00000000
00000000
00000000
00000000
00000000
00000000
00000000
00000000
00000000
00000000
00000000
00000000
00000000
00000000
00000000
00000000
00000000
00000000
00000000
00000000
00000000
00000000
00000000
00000000
00000000
00000000
00000000
00000000
00000000
00000000
00000000
00000000
00000000
00000000
00000000
00000000
00000000
00000000
00000000
00000000
00000000
00000000
00000000
00000000
00000000
00000000
00000000
00000000
00000000
00000000
00000000
00000000
00000000
00000000
00000000
00000000
00000000
00000000
00000000
00000000
00000000
00000000
00000000
00000000
00000000
00000000
00000000
00000000
00000000
00000000
00000000
00000000
00000000
00000000
00000000
00000000
00000000
00000000
00000000
00000000
00000000
00000000
00000000
00000000
00000000
00000000
00000000
00000000
00000000
00000000
00000000
00000000
00000000
00000000
00000000
00000000
00000000
00000000
00000000
00000000
00000000
00000000
00000000
00000000
00000000
00000000
00000000
00000000
00000000
00000000
00000000
00000000
00000000
00000000
00000000
00000000
00000000
00000000
00000000
00000000
00000000
00000000
00000000
00000000
00000000
00000000
00000000
00000000
00000000
00000000
00000000
00000000
00000000
00000000
00000000
00000000
00000000
00000000
00000000
00000000
00000000
00000000
00000000
00000000
00000000
00000000
00000000
00000000
00000000
00000000
00000000
00000000
00000000
00000000
00000000
00000000
00000000
00000000
00000000
00000000
00000000
00000000
00000000
00000000
00000000
00000000
00000000
00000000
00000000
00000000
00000000
00000000
00000000
00000000
00000000
00000000
00000000
00000000
00000000
00000000
00000000
00000000
00000000
00000000
00000000
00000000
00000000
00000000
00000000
00000000
00000000
00000000
00000000
00000000
00000000
00000000
00000000
00000000
00000000
00000000
00000000
00000000
00000000
00000000
00000000
00000000
00000000
00000000
00000000
00000000
00000000
00000000
00000000
00000000
00000000
00000000
00000000
00000000
00000000
00000000
00000000
00000000
00000000
00000000
00000000
00000000
00000000
00000000
00000000
00000000
00000000
00000000
00000000
00000000
00000000
00000000
00000000
00000000
00000000
00000000
00000000
00000000
00000000
00000000
00000000
00000000
00000000
00000000
00000000
00000000
00000000
00000000
00000000
00000000
00000000
00000000
00000000
00000000
00000000
00000000
00000000
00000000
00000000
00000000
00000000
00000000
00000000
00000000
00000000
00000000
00000000
00000000
00000000
00000000
00000000
00000000
00000000
00000000
00000000
00000000
00000000
00000000
00000000
00000000
00000000
00000000
00000000
00000000
00000000
00000000
00000000
00000000
00000000
00000000
00000000
00000000
00000000
00000000
00000000
00000000
00000000
00000000
00000000
00000000
00000000
00000000
00000000
00000000
00000000
00000000
00000000
00000000
00000000
00000000
00000000
00000000
00000000
00000000
00000000
00000000
00000000
00000000
00000000
00000000
00000000
00000000
00000000
00000000
00000000
00000000
00000000
00000000
00000000
00000000
00000000
00000000
00000000
00000000
00000000
00000000
00000000
00000000
00000000
00000000
00000000
00000000
00000000
00000000
00000000
00000000
00000000
00000000
00000000
00000000
00000000
00000000
00000000
00000000
00000000
00000000
00000000
00000000
00000000
00000000
00000000
00000000
00000000
00000000
00000000
00000000
00000000
00000000
00000000
00000000
00000000
00000000
00000000
00000000
00000000
00000000
00000000
00000000
00000000
00000000
00000000
00000000
00000000
00000000
00000000
00000000
00000000
00000000
00000000
00000000
00000000
00000000
00000000
00000000
00000000
00000000
00000000
00000000
00000000
00000000
00000000
00000000
00000000
00000000
00000000
00000000
00000000
00000000
00000000
00000000
00000000
00000000
00000000
00000000
00000000
00000000
00000000
00000000
00000000
00000000
00000000
00000000
00000000
00000000
00000000
00000000
00000000
00000000
00000000
00000000
00000000
00000000
00000000
00000000
00000000
00000000
00000000
00000000
00000000
00000000
00000000
00000000
00000000
00000000
00000000
00000000
00000000
00000000
00000000
00000000
00000000
00000000
00000000
00000000
00000000
00000000
00000000
00000000
00000000
00000000
00000000
00000000
00000000
00000000
00000000
00000000
00000000
00000000
00000000
00000000
00000000
00000000
00000000
00000000
00000000
00000000
00000000
00000000
00000000
00000000
00000000
00000000
00000000
00000000
00000000
00000000
00000000
00000000
00000000
00000000
00000000
00000000
00000000
00000000
00000000
00000000
00000000
00000000
00000000
00000000
00000000
00000000
00000000
00000000
00000000
00000000
00000000
00000000
00000000
00000000
00000000
00000000
00000000
00000000
00000000
00000000
00000000
00000000
00000000
00000000
00000000
00000000
00000000
00000000
00000000
00000000
00000000
00000000
00000000
00000000
00000000
00000000
00000000
00000000
00000000
00000000
00000000
00000000
00000000
00000000
00000000
00000000
00000000
00000000
00000000
00000000
00000000
00000000
00000000
00000000
00000000
00000000
00000000
00000000
00000000
00000000
00000000
00000000
00000000
00000000
00000000
00000000
00000000
00000000
00000000
00000000
00000000
00000000
00000000
00000000
00000000
00000000
00000000
00000000
00000000
00000000
00000000
00000000
00000000
00000000
00000000
00000000
00000000
00000000
00000000
00000000
00000000
00000000
00000000
00000000
00000000
00000000
00000000
00000000
00000000
00000000
00000000
00000000
00000000
00000000
00000000
00000000
00000000
00000000
00000000
00000000
00000000
00000000
00000000
00000000
00000000
00000000
00000000
00000000
00000000
00000000
00000000
00000000
00000000
00000000
00000000
00000000
00000000
00000000
00000000
00000000
00000000
00000000
00000000
00000000
00000000
00000000
00000000
00000000
00000000
00000000
00000000
00000000
00000000
00000000
00000000
00000000
00000000
00000000
00000000
00000000
00000000
00000000
00000000
00000000
00000000
00000000
00000000
00000000
00000000
00000000
00000000
00000000
00000000
00000000
00000000
00000000
00000000
00000000
00000000
00000000
00000000
00000000
00000000
00000000
00000000
00000000
00000000
00000000
00000000
00000000
00000000
00000000
00000000
00000000
00000000
00000000
00000000
00000000
00000000
00000000
00000000
00000000
00000000
00000000
00000000
00000000
00000000
00000000
00000000
00000000
00000000
00000000
00000000
00000000
00000000
00000000
00000000
00000000
00000000
00000000
00000000
00000000
00000000
00000000
00000000
00000000
00000000
00000000
00000000
00000000
00000000
00000000
00000000
00000000
00000000
00000000
00000000
00000000
00000000
00000000
00000000
00000000
00000000
00000000
00000000
00000000
00000000
00000000
00000000
00000000
00000000
00000000
00000000
00000000
00000000
00000000
00000000
00000000
00000000
00000000
00000000
00000000
00000000
00000000
00000000
00000000
00000000
00000000
00000000
00000000
00000000
00000000
00000000
00000000
00000000
00000000
00000000
00000000
00000000
00000000
00000000
00000000
00000000
00000000
00000000
00000000
00000000
00000000
00000000
00000000
00000000
00000000
00000000
00000000
00000000
00000000
00000000
00000000
00000000
00000000
00000000
00000000
00000000
00000000
00000000
00000000
00000000
00000000
00000000
00000000
00000000
00000000
00000000
00000000
00000000
00000000
00000000
00000000
00000000
00000000
00000000
00000000
00000000
00000000
00000000
00000000
00000000
00000000
00000000
00000000
00000000
00000000
00000000
00000000
00000000
00000000
00000000
00000000
00000000
00000000
00000000
00000000
00000000
00000000
00000000
00000000
00000000
00000000
00000000
00000000
00000000
00000000
00000000
00000000
00000000
00000000
00000000
00000000
00000000
00000000
00000000
00000000
00000000
00000000
00000000
00000000
00000000
00000000
00000000
00000000
00000000
00000000
00000000
00000000
00000000
00000000
00000000
00000000
00000000
00000000
00000000
00000000
00000000
00000000
00000000
00000000
00000000
00000000
00000000
00000000
00000000
00000000
00000000
00000000
00000000
00000000
00000000
00000000
00000000
00000000
00000000
00000000
00000000
00000000
00000000
00000000
00000000
00000000
00000000
00000000
00000000
00000000
00000000
00000000
00000000
00000000
00000000
00000000
00000000
00000000
00000000
00000000
00000000
00000000
00000000
00000000
00000000
00000000
00000000
00000000
00000000
00000000
00000000
00000000
00000000
00000000
00000000
00000000
00000000
00000000
00000000
00000000
00000000
00000000
00000000
00000000
00000000
00000000
00000000
00000000
00000000
00000000
00000000
00000000
00000000
00000000
00000000
00000000
00000000
00000000
00000000
00000000
00000000
00000000
00000000
00000000
00000000
00000000
00000000
00000000
00000000
00000000
00000000
00000000
00000000
00000000
00000000
00000000
00000000
00000000
00000000
00000000
00000000
00000000
00000000
00000000
00000000
00000000
00000000
00000000
00000000
00000000
00000000
00000000
00000000
00000000
00000000
00000000
00000000
00000000
00000000
00000000
00000000
00000000
00000000
00000000
00000000
00000000
00000000
00000000
00000000
00000000
00000000
00000000
00000000
00000000
00000000
00000000
00000000
00000000
00000000
00000000
00000000
00000000
00000000
00000000
00000000
00000000
00000000
00000000
00000000
00000000
00000000
00000000
00000000
00000000
00000000
00000000
00000000
00000000
00000000
00000000
00000000
00000000
00000000
00000000
00000000
00000000
00000000
00000000
00000000
00000000
00000000
00000000
00000000
00000000
00000000
00000000
00000000
00000000
00000000
00000000
00000000
00000000
00000000
00000000
00000000
00000000
00000000
00000000
00000000
00000000
00000000
00000000
00000000
00000000
00000000
00000000
00000000
00000000
00000000
00000000
00000000
00000000
00000000
00000000
00000000
00000000
00000000
00000000
00000000
00000000
00000000
00000000
00000000
00000000
00000000
00000000
00000000
00000000
00000000
00000000
00000000
00000000
00000000
00000000
00000000
00000000
00000000
00000000
00000000
00000000
00000000
00000000
00000000
00000000
00000000
00000000
00000000
00000000
00000000
00000000
00000000
00000000
00000000
00000000
00000000
00000000
00000000
00000000
00000000
00000000
00000000
00000000
00000000
00000000
00000000
00000000
00000000
00000000
00000000
00000000
00000000
00000000
00000000
00000000
00000000
00000000
00000000
00000000
00000000
00000000
00000000
00000000
00000000
00000000
00000000
00000000
00000000
00000000
00000000
00000000
00000000
00000000
00000000
00000000
00000000
00000000
00000000
00000000
00000000
00000000
00000000
00000000
00000000
00000000
00000000
00000000
00000000
00000000
00000000
00000000
00000000
00000000
00000000
00000000
00000000
00000000
00000000
00000000
00000000
00000000
00000000
00000000
00000000
00000000
00000000
00000000
00000000
00000000
00000000
00000000
00000000
00000000
00000000
00000000
00000000
00000000
00000000
00000000
00000000
00000000
00000000
00000000
00000000
00000000
00000000
00000000
00000000
00000000
00000000
00000000
00000000
00000000
00000000
00000000
00000000
00000000
00000000
00000000
00000000
00000000
00000000
00000000
00000000
00000000
00000000
00000000
00000000
00000000
00000000
00000000
00000000
00000000
00000000
00000000
00000000
00000000
00000000
00000000
00000000
00000000
00000000
00000000
00000000
00000000
00000000
00000000
00000000
00000000
00000000
00000000
00000000
00000000
00000000
00000000
00000000
00000000
00000000
00000000
00000000
00000000
00000000
00000000
00000000
00000000
00000000
00000000
00000000
00000000
00000000
00000000
00000000
00000000
00000000
00000000
00000000
00000000
00000000
00000000
00000000
00000000
00000000
00000000
00000000
00000000
00000000
00000000
00000000
00000000
00000000
00000000
00000000
00000000
00000000
00000000
00000000
00000000
00000000
00000000
00000000
00000000
00000000
00000000
00000000
00000000
00000000
00000000
00000000
00000000
00000000
00000000
00000000
00000000
00000000
00000000
00000000
00000000
00000000
00000000
00000000
00000000
00000000
00000000
00000000
00000000
00000000
00000000
00000000
00000000
00000000
00000000
00000000
00000000
00000000
00000000
00000000
00000000
00000000
00000000
00000000
00000000
00000000
00000000
00000000
00000000
00000000
00000000
00000000
00000000
00000000
00000000
00000000
00000000
00000000
00000000
00000000
00000000
00000000
00000000
00000000
00000000
00000000
00000000
00000000
00000000
00000000
00000000
00000000
00000000
00000000
00000000
00000000
00000000
00000000
00000000
00000000
00000000
00000000
00000000
00000000
00000000
00000000
00000000
00000000
00000000
00000000
00000000
00000000
00000000
00000000
00000000
00000000
00000000
00000000
00000000
00000000
00000000
00000000
00000000
00000000
00000000
00000000
00000000
00000000
00000000
00000000
00000000
00000000
00000000
00000000
00000000
00000000
00000000
00000000
00000000
00000000
00000000
00000000
00000000
00000000
00000000
00000000
00000000
00000000
00000000
00000000
00000000
00000000
00000000
00000000
00000000
00000000
00000000
00000000
00000000
00000000
00000000
00000000
00000000
00000000
00000000
00000000
00000000
00000000
00000000
00000000
00000000
00000000
00000000
00000000
00000000
00000000
00000000
00000000
00000000
00000000
00000000
00000000
00000000
00000000
00000000
00000000
00000000
00000000
00000000
00000000
00000000
00000000
00000000
00000000
00000000
00000000
00000000
00000000
00000000
00000000
00000000
00000000
00000000
00000000
00000000
00000000
00000000
00000000
00000000
00000000
00000000
00000000
00000000
00000000
00000000
00000000
00000000
00000000
00000000
00000000
00000000
00000000
00000000
00000000
00000000
00000000
00000000
00000000
00000000
00000000
00000000
00000000
00000000
00000000
00000000
00000000
00000000
00000000
00000000
00000000
00000000
00000000
00000000
00000000
00000000
00000000
00000000
00000000
00000000
00000000
00000000
00000000
00000000
00000000
00000000
00000000
00000000
00000000
00000000
00000000
00000000
00000000
00000000
00000000
00000000
00000000
00000000
00000000
00000000
00000000
00000000
00000000
00000000
00000000
00000000
00000000
00000000
00000000
00000000
00000000
00000000
00000000
00000000
00000000
00000000
00000000
00000000
00000000
00000000
00000000
00000000
00000000
00000000
00000000
00000000
00000000
00000000
00000000
00000000
00000000
00000000
00000000
00000000
00000000
00000000
00000000
00000000
00000000
00000000
00000000
00000000
00000000
00000000
00000000
00000000
00000000
00000000
00000000
00000000
00000000
00000000
00000000
00000000
00000000
00000000
00000000
00000000
00000000
00000000
00000000
00000000
00000000
00000000
00000000
00000000
00000000
00000000
00000000
00000000
00000000
00000000
00000000
00000000
00000000
00000000
00000000
00000000
00000000
00000000
00000000
00000000
00000000
00000000
00000000
00000000
00000000
00000000
00000000
00000000
00000000
00000000
00000000
00000000
00000000
00000000
00000000
00000000
00000000
00000000
00000000
00000000
00000000
00000000
00000000
00000000
00000000
00000000
00000000
00000000
00000000
00000000
00000000
00000000
00000000
00000000
00000000
00000000
00000000
00000000
00000000
00000000
00000000
00000000
00000000
00000000
00000000
00000000
00000000
00000000
00000000
00000000
00000000
00000000
00000000
00000000
00000000
00000000
00000000
00000000
00000000
00000000
00000000
00000000
00000000
00000000
00000000
00000000
00000000
00000000
00000000
00000000
00000000
00000000
00000000
00000000
00000000
00000000
00000000
00000000
00000000
00000000
00000000
00000000
00000000
00000000
00000000
00000000
00000000
00000000
00000000
00000000
00000000
00000000
00000000
00000000
00000000
00000000
00000000
00000000
00000000
00000000
00000000
00000000
00000000
00000000
00000000
00000000
00000000
00000000
00000000
00000000
00000000
00000000
00000000
00000000
00000000
00000000
00000000
00000000
00000000
00000000
00000000
00000000
00000000
00000000
00000000
00000000
00000000
00000000
00000000
00000000
00000000
00000000
00000000
00000000
00000000
00000000
00000000
00000000
00000000
00000000
00000000
00000000
00000000
00000000
00000000
00000000
00000000
00000000
00000000
00000000
00000000
00000000
00000000
00000000
00000000
00000000
00000000
00000000
00000000
00000000
00000000
00000000
00000000
00000000
00000000
00000000
00000000
00000000
00000000
00000000
00000000
00000000
00000000
00000000
00000000
00000000
00000000
00000000
00000000
00000000
00000000
00000000
00000000
00000000
00000000
00000000
00000000
00000000
00000000
00000000
00000000
00000000
00000000
00000000
00000000
00000000
00000000
00000000
00000000
00000000
00000000
00000000
00000000
00000000
00000000
00000000
00000000
00000000
00000000
00000000
00000000
00000000
00000000
00000000
00000000
00000000
00000000
00000000
00000000
00000000
00000000
00000000
00000000
00000000
00000000
00000000
00000000
00000000
00000000
00000000
00000000
00000000
00000000
00000000
00000000
00000000
00000000
00000000
00000000
00000000
00000000
00000000
00000000
00000000
00000000
00000000
00000000
00000000
00000000
00000000
00000000
00000000
00000000
00000000
00000000
00000000
00000000
00000000
00000000
00000000
00000000
00000000
00000000
00000000
00000000
00000000
00000000
00000000
00000000
00000000
00000000
00000000
00000000
00000000
00000000
00000000
00000000
00000000
00000000
00000000
00000000
00000000
00000000
00000000
00000000
00000000
00000000
00000000
00000000
00000000
00000000
00000000
00000000
00000000
00000000
00000000
00000000
00000000
00000000
00000000
00000000
00000000
00000000
00000000
00000000
00000000
00000000
00000000
00000000
00000000
00000000
00000000
00000000
00000000
00000000
00000000
00000000
00000000
00000000
00000000
00000000
00000000
00000000
00000000
00000000
00000000
00000000
00000000
00000000
00000000
00000000
00000000
00000000
00000000
00000000
00000000
00000000
00000000
00000000
00000000
00000000
00000000
00000000
00000000
00000000
00000000
00000000
00000000
00000000
00000000
00000000
00000000
00000000
00000000
00000000
00000000
00000000
00000000
00000000
00000000
00000000
00000000
00000000
00000000
00000000
00000000
00000000
00000000
00000000
00000000
00000000
00000000
00000000
00000000
00000000
00000000
00000000
00000000
00000000
00000000
00000000
00000000
00000000
00000000
00000000
00000000
00000000
00000000
00000000
00000000
00000000
00000000
00000000
00000000
00000000
00000000
00000000
00000000
00000000
00000000
00000000
00000000
00000000
00000000
00000000
00000000
00000000
00000000
00000000
00000000
00000000
00000000
00000000
00000000
00000000
00000000
00000000
00000000
00000000
00000000
00000000
00000000
00000000
00000000
00000000
00000000
00000000
00000000
00000000
00000000
00000000
00000000
00000000
00000000
00000000
00000000
00000000
00000000
00000000
00000000
00000000
00000000
00000000
00000000
00000000
00000000
00000000
00000000
00000000
00000000
00000000
00000000
00000000
00000000
00000000
00000000
00000000
00000000
00000000
00000000
00000000
00000000
00000000
00000000
00000000
00000000
00000000
00000000
00000000
00000000
00000000
00000000
00000000
00000000
00000000
00000000
00000000
00000000
00000000
00000000
00000000
00000000
00000000
00000000
00000000
00000000
00000000
00000000
00000000
00000000
00000000
00000000
00000000
00000000
00000000
00000000
00000000
00000000
00000000
00000000
00000000
00000000
00000000
00000000
00000000
00000000
00000000
00000000
00000000
00000000
00000000
00000000
00000000
00000000
00000000
00000000
00000000
00000000
00000000
00000000
00000000
00000000
00000000
00000000
00000000
00000000
00000000
00000000
00000000
00000000
00000000
00000000
00000000
00000000
00000000
00000000
00000000
00000000
00000000
00000000
00000000
00000000
00000000
00000000
00000000
00000000
00000000
00000000
00000000
00000000
00000000
00000000
00000000
00000000
00000000
00000000
00000000
00000000
00000000
00000000
00000000
00000000
00000000
00000000
00000000
00000000
00000000
00000000
00000000
00000000
00000000
00000000
00000000
00000000
00000000
00000000
00000000
00000000
00000000
00000000
00000000
00000000
00000000
00000000
00000000
00000000
00000000
00000000
00000000
00000000
00000000
00000000
00000000
00000000
00000000
00000000
00000000
00000000
00000000
00000000
00000000
00000000
00000000
00000000
00000000
00000000
00000000
00000000
00000000
00000000
00000000
00000000
00000000
00000000
00000000
00000000
00000000
00000000
00000000
00000000
00000000
00000000
00000000
00000000
00000000
00000000
00000000
00000000
00000000
00000000
00000000
00000000
00000000
00000000
00000000
00000000
00000000
00000000
00000000
00000000
00000000
00000000
00000000
00000000
00000000
00000000
00000000
00000000
00000000
00000000
00000000
00000000
00000000
00000000
00000000
00000000
00000000
00000000
00000000
00000000
00000000
00000000
00000000
00000000
00000000
00000000
00000000
00000000
00000000
00000000
00000000
00000000
00000000
00000000
00000000
00000000
00000000
00000000
00000000
00000000
00000000
00000000
00000000
00000000
00000000
00000000
00000000
00000000
00000000
00000000
00000000
00000000
00000000
00000000
00000000
00000000
00000000
00000000
00000000
00000000
00000000
00000000
00000000
00000000
00000000
00000000
00000000
00000000
00000000
00000000
00000000
00000000
00000000
00000000
00000000
00000000
00000000
00000000
00000000
00000000
00000000
00000000
00000000
00000000
00000000
00000000
00000000
00000000
00000000
00000000
00000000
00000000
00000000
00000000
00000000
00000000
00000000
00000000
00000000
00000000
00000000
00000000
00000000
00000000
00000000
00000000
00000000
00000000
00000000
00000000
00000000
00000000
00000000
00000000
00000000
00000000
00000000
00000000
00000000
00000000
00000000
00000000
00000000
00000000
00000000
00000000
00000000
00000000
00000000
00000000
00000000
00000000
00000000
00000000
00000000
00000000
00000000
00000000
00000000
00000000
00000000
00000000
00000000
00000000
00000000
00000000
00000000
00000000
00000000
00000000
00000000
00000000
00000000
00000000
00000000
00000000
00000000
00000000
00000000
00000000
00000000
00000000
00000000
00000000
00000000
00000000
00000000
00000000
00000000
00000000
00000000
00000000
00000000
00000000
00000000
00000000
00000000
00000000
00000000
00000000
00000000
00000000
00000000
00000000
00000000
00000000
00000000
00000000
00000000
00000000
00000000
00000000
00000000
00000000
00000000
00000000
00000000
00000000
00000000
00000000
00000000
00000000
00000000
00000000
00000000
00000000
00000000
00000000
00000000
00000000
00000000
00000000
00000000
00000000
00000000
00000000
00000000
00000000
00000000
00000000
00000000
00000000
00000000
00000000
00000000
00000000
00000000
00000000
00000000
00000000
00000000
00000000
00000000
00000000
00000000
00000000
00000000
00000000
00000000
00000000
00000000
00000000
00000000
00000000
00000000
00000000
00000000
00000000
00000000
00000000
00000000
00000000
00000000
00000000
00000000
00000000
00000000
00000000
00000000
00000000
00000000
00000000
00000000
00000000
00000000
00000000
00000000
00000000
00000000
00000000
00000000
00000000
00000000
00000000
00000000
00000000
00000000
00000000
00000000
00000000
00000000
00000000
00000000
00000000
00000000
00000000
00000000
00000000
00000000
00000000
00000000
00000000
00000000
00000000
00000000
00000000
00000000
00000000
00000000
00000000
00000000
00000000
00000000
00000000
00000000
00000000
00000000
00000000
00000000
00000000
00000000
00000000
00000000
00000000
00000000
00000000
00000000
00000000
00000000
00000000
00000000
00000000
00000000
00000000
00000000
00000000
00000000
00000000
00000000
00000000
00000000
00000000
00000000
00000000
00000000
00000000
00000000
00000000
00000000
00000000
00000000
00000000
00000000
00000000
00000000
00000000
00000000
00000000
00000000
00000000
00000000
00000000
00000000
00000000
00000000
00000000
00000000
00000000
00000000
00000000
00000000
00000000
00000000
00000000
00000000
00000000
00000000
00000000
00000000
00000000
00000000
00000000
00000000
00000000
00000000
00000000
00000000
00000000
00000000
00000000
00000000
00000000
00000000
00000000
00000000
00000000
00000000
00000000
00000000
00000000
00000000
00000000
00000000
00000000
00000000
00000000
00000000
00000000
00000000
00000000
00000000
00000000
00000000
00000000
00000000
00000000
00000000
00000000
00000000
00000000
00000000
00000000
00000000
00000000
00000000
00000000
00000000
00000000
00000000
00000000
00000000
00000000
00000000
00000000
00000000
00000000
00000000
00000000
00000000
00000000
00000000
00000000
00000000
00000000
00000000
00000000
00000000
00000000
00000000
00000000
00000000
00000000
00000000
00000000
00000000
00000000
00000000
00000000
00000000
00000000
00000000
00000000
00000000
00000000
00000000
00000000
00000000
00000000
00000000
00000000
00000000
00000000
00000000
00000000
00000000
00000000
00000000
00000000
00000000
00000000
00000000
00000000
00000000
00000000
00000000
00000000
00000000
00000000
00000000
00000000
00000000
00000000
00000000
00000000
00000000
00000000
00000000
00000000
00000000
00000000
00000000
00000000
00000000
00000000
00000000
00000000
00000000
00000000
00000000
00000000
00000000
00000000
00000000
00000000
00000000
00000000
00000000
00000000
00000000
00000000
00000000
00000000
00000000
00000000
00000000
00000000
00000000
00000000
00000000
00000000
00000000
00000000
00000000
00000000
00000000
00000000
00000000
00000000
00000000
00000000
00000000
00000000
00000000
00000000
00000000
00000000
00000000
00000000
00000000
00000000
00000000
00000000
00000000
00000000
00000000
00000000
00000000
00000000
00000000
00000000
00000000
00000000
00000000
00000000
00000000
00000000
00000000
00000000
00000000
00000000
00000000
00000000
00000000
00000000
00000000
00000000
00000000
00000000
00000000
00000000
00000000
00000000
00000000
00000000
00000000
00000000
00000000
00000000
00000000
00000000
00000000
00000000
00000000
00000000
00000000
00000000
00000000
00000000
00000000
00000000
00000000
00000000
00000000
00000000
00000000
00000000
00000000
00000000
00000000
00000000
00000000
00000000
00000000
00000000
00000000
00000000
00000000
00000000
00000000
00000000
00000000
00000000
00000000
00000000
00000000
00000000
00000000
00000000
00000000
00000000
00000000
00000000
00000000
00000000
00000000
00000000
00000000
00000000
00000000
00000000
00000000
00000000
00000000
00000000
00000000
00000000
00000000
00000000
00000000
00000000
00000000
00000000
00000000
00000000
00000000
00000000
00000000
00000000
00000000
00000000
00000000
00000000
00000000
00000000
00000000
00000000
00000000
00000000
00000000
00000000
00000000
00000000
00000000
00000000
00000000
00000000
00000000
00000000
00000000
00000000
00000000
00000000
00000000
00000000
00000000
00000000
00000000
00000000
00000000
00000000
00000000
00000000
00000000
00000000
00000000
00000000
00000000
00000000
00000000
00000000
00000000
00000000
00000000
00000000
00000000
00000000
00000000
00000000
00000000
00000000
00000000
00000000
00000000
00000000
00000000
00000000
00000000
00000000
00000000
00000000
00000000
00000000
00000000
00000000
00000000
00000000
00000000
00000000
00000000
00000000
00000000
00000000
00000000
00000000
00000000
00000000
00000000
00000000
00000000
00000000
00000000
00000000
00000000
00000000
00000000
00000000
00000000
00000000
00000000
00000000
00000000
00000000
00000000
00000000
00000000
00000000
00000000
00000000
00000000
00000000
00000000
00000000
00000000
00000000
00000000
00000000
00000000
00000000
00000000
00000000
00000000
00000000
00000000
00000000
00000000
00000000
00000000
00000000
00000000
00000000
00000000
00000000
00000000
00000000
00000000
00000000
00000000
00000000
00000000
00000000
00000000
00000000
00000000
00000000
00000000
00000000
00000000
00000000
00000000
00000000
00000000
00000000
00000000
00000000
00000000
00000000
00000000
00000000
00000000
00000000
00000000
00000000
00000000
00000000
00000000
00000000
00000000
00000000
00000000
00000000
00000000
00000000
00000000
00000000
00000000
00000000
00000000
00000000
00000000
00000000
00000000
00000000
00000000
00000000
00000000
00000000
00000000
00000000
00000000
00000000
00000000
00000000
00000000
00000000
00000000
00000000
00000000
00000000
00000000
00000000
00000000
00000000
00000000
00000000
00000000
00000000
00000000
00000000
00000000
00000000
00000000
00000000
00000000
00000000
00000000
00000000
00000000
00000000
00000000
00000000
00000000
00000000
00000000
00000000
00000000
00000000
00000000
00000000
00000000
00000000
00000000
00000000
00000000
00000000
00000000
00000000
00000000
00000000
00000000
00000000
00000000
00000000
00000000
00000000
00000000
00000000
00000000
00000000
00000000
00000000
00000000
00000000
00000000
00000000
00000000
00000000
00000000
00000000
00000000
00000000
00000000
00000000
00000000
00000000
00000000
00000000
00000000
00000000
00000000
00000000
00000000
00000000
00000000
00000000
00000000
00000000
00000000
00000000
00000000
00000000
00000000
00000000
00000000
00000000
00000000
00000000
00000000
00000000
00000000
00000000
00000000
00000000
00000000
00000000
00000000
00000000
00000000
00000000
00000000
00000000
00000000
00000000
00000000
00000000
00000000
00000000
00000000
00000000
00000000
00000000
00000000
00000000
00000000
00000000
00000000
00000000
00000000
00000000
00000000
00000000
00000000
00000000
00000000
00000000
00000000
00000000
00000000
00000000
00000000
00000000
00000000
00000000
00000000
00000000
00000000
00000000
00000000
00000000
00000000
00000000
00000000
00000000
00000000
00000000
00000000
00000000
00000000
00000000
00000000
00000000
00000000
00000000
00000000
00000000
00000000
00000000
00000000
00000000
00000000
00000000
00000000
00000000
00000000
00000000
00000000
00000000
00000000
00000000
00000000
00000000
00000000
00000000
00000000
00000000
00000000
00000000
00000000
00000000
00000000
00000000
00000000
00000000
00000000
00000000
00000000
00000000
00000000
00000000
00000000
00000000
00000000
00000000
00000000
00000000
00000000
00000000
00000000
00000000
00000000
00000000
00000000
00000000
00000000
00000000
00000000
00000000
00000000
00000000
00000000
00000000
00000000
00000000
00000000
00000000
00000000
00000000
00000000
00000000
00000000
00000000
00000000
00000000
00000000
00000000
00000000
00000000
00000000
00000000
00000000
00000000
00000000
00000000
00000000
00000000
00000000
00000000
00000000
00000000
00000000
00000000
00000000
00000000
00000000
00000000
00000000
00000000
00000000
00000000
00000000
00000000
00000000
00000000
00000000
00000000
00000000
00000000
00000000
00000000
00000000
00000000
00000000
00000000
00000000
00000000
00000000
00000000
00000000
00000000
00000000
00000000
00000000
00000000
00000000
00000000
00000000
00000000
00000000
00000000
00000000
00000000
00000000
00000000
00000000
00000000
00000000
00000000
00000000
00000000
00000000
00000000
00000000
00000000
00000000
00000000
00000000
00000000
00000000
00000000
00000000
00000000
00000000
00000000
00000000
00000000
00000000
00000000
00000000
00000000
00000000
00000000
00000000
00000000
00000000
00000000
00000000
00000000
00000000
00000000
00000000
00000000
00000000
00000000
00000000
00000000
00000000
00000000
00000000
00000000
00000000
00000000
00000000
00000000
00000000
00000000
00000000
00000000
00000000
00000000
00000000
00000000
00000000
00000000
00000000
00000000
00000000
00000000
00000000
00000000
00000000
00000000
00000000
00000000
00000000
00000000
00000000
00000000
00000000
00000000
00000000
00000000
00000000
00000000
00000000
00000000
00000000
00000000
00000000
00000000
00000000
00000000
00000000
00000000
00000000
00000000
00000000
00000000
00000000
00000000
00000000
00000000
00000000
00000000
00000000
00000000
00000000
00000000
00000000
00000000
00000000
00000000
00000000
00000000
00000000
00000000
00000000
00000000
00000000
00000000
00000000
00000000
00000000
00000000
00000000
00000000
00000000
00000000
00000000
00000000
00000000
00000000
00000000
00000000
00000000
00000000
00000000
00000000
00000000
00000000
00000000
00000000
00000000
00000000
00000000
00000000
00000000
00000000
00000000
00000000
00000000
00000000
00000000
00000000
00000000
00000000
00000000
00000000
00000000
00000000
00000000
00000000
00000000
00000000
00000000
00000000
00000000
00000000
00000000
00000000
00000000
00000000
00000000
00000000
00000000
00000000
00000000
00000000
00000000
00000000
00000000
00000000
00000000
00000000
00000000
00000000
00000000
00000000
00000000
00000000
00000000
00000000
00000000
00000000
00000000
00000000
00000000
00000000
00000000
00000000
00000000
00000000
00000000
00000000
00000000
00000000
00000000
00000000
00000000
00000000
00000000
00000000
00000000
00000000
00000000
00000000
00000000
00000000
00000000
00000000
00000000
00000000
00000000
00000000
00000000
00000000
00000000
00000000
00000000
00000000
00000000
00000000
00000000
00000000
00000000
00000000
00000000
00000000
00000000
00000000
00000000
00000000
00000000
00000000
00000000
00000000
00000000
00000000
00000000
00000000
00000000
00000000
00000000
00000000
00000000
00000000
00000000
00000000
00000000
00000000
00000000
00000000
00000000
00000000
00000000
00000000
00000000
00000000
00000000
00000000
00000000
00000000
00000000
00000000
00000000
00000000
00000000
00000000
00000000
00000000
00000000
00000000
00000000
00000000
00000000
00000000
00000000
00000000
00000000
00000000
00000000
00000000
00000000
00000000
00000000
00000000
00000000
00000000
00000000
00000000
00000000
00000000
00000000
00000000
00000000
00000000
00000000
00000000
00000000
00000000
00000000
00000000
00000000
00000000
00000000
00000000
00000000
00000000
00000000
00000000
00000000
00000000
00000000
00000000
00000000
00000000
00000000
00000000
00000000
00000000
00000000
00000000
00000000
00000000
00000000
00000000
00000000
00000000
00000000
00000000
00000000
00000000
00000000
00000000
00000000
00000000
00000000
00000000
00000000
00000000
00000000
00000000
00000000
00000000
00000000
00000000
00000000
00000000
00000000
00000000
00000000
00000000
00000000
00000000
00000000
00000000
00000000
00000000
00000000
00000000
00000000
00000000
00000000
00000000
00000000
00000000
00000000
00000000
00000000
00000000
00000000
00000000
00000000
00000000
00000000
00000000
00000000
00000000
00000000
00000000
00000000
00000000
00000000
00000000
00000000
00000000
00000000
00000000
00000000
00000000
00000000
00000000
00000000
00000000
00000000
00000000
00000000
00000000
00000000
00000000
00000000
00000000
00000000
00000000
00000000
00000000
00000000
00000000
00000000
00000000
00000000
00000000
00000000
00000000
00000000
00000000
00000000
00000000
00000000
00000000
00000000
00000000
00000000
00000000
00000000
00000000
00000000
00000000
00000000
00000000
00000000
00000000
00000000
00000000
00000000
00000000
00000000
00000000
00000000
00000000
00000000
00000000
00000000
00000000
00000000
00000000
00000000
00000000
00000000
00000000
00000000
00000000
00000000
00000000
00000000
00000000
00000000
00000000
00000000
00000000
00000000
00000000
00000000
00000000
00000000
00000000
00000000
00000000
00000000
00000000
00000000
00000000
00000000
00000000
00000000
00000000
00000000
00000000
00000000
00000000
00000000
00000000
00000000
00000000
00000000
00000000
00000000
00000000
00000000
00000000
00000000
00000000
00000000
00000000
00000000
00000000
00000000
00000000
00000000
00000000
00000000
00000000
00000000
00000000
00000000
00000000
00000000
00000000
00000000
00000000
00000000
00000000
00000000
00000000
00000000
00000000
00000000
00000000
00000000
00000000
00000000
00000000
00000000
00000000
00000000
00000000
00000000
00000000
00000000
00000000
00000000
00000000
00000000
00000000
00000000
00000000
00000000
00000000
00000000
00000000
00000000
00000000
00000000
00000000
00000000
00000000
00000000
00000000
00000000
00000000
00000000
00000000
00000000
00000000
00000000
00000000
00000000
00000000
00000000
00000000
00000000
00000000
00000000
00000000
00000000
00000000
00000000
00000000
00000000
00000000
00000000
00000000
00000000
00000000
00000000
00000000
00000000
00000000
00000000
00000000
00000000
00000000
00000000
00000000
00000000
00000000
00000000
00000000
00000000
00000000
00000000
00000000
00000000
00000000
00000000
00000000
00000000
00000000
00000000
00000000
00000000
00000000
00000000
00000000
00000000
00000000
00000000
00000000
00000000
00000000
00000000
00000000
00000000
00000000
00000000
00000000
00000000
00000000
00000000
00000000
00000000
00000000
00000000
00000000
00000000
00000000
00000000
00000000
00000000
00000000
00000000
00000000
00000000
00000000
00000000
00000000
00000000
00000000
00000000
00000000
00000000
00000000
00000000
00000000
00000000
00000000
00000000
00000000
00000000
00000000
00000000
00000000
00000000
00000000
00000000
00000000
00000000
00000000
00000000
00000000
00000000
00000000
00000000
00000000
00000000
00000000
00000000
00000000
00000000
00000000
00000000
00000000
00000000
00000000
00000000
00000000
00000000
00000000
00000000
00000000
00000000
00000000
00000000
00000000
00000000
00000000
00000000
00000000
00000000
00000000
00000000
00000000
00000000
00000000
00000000
00000000
00000000
00000000
00000000
00000000
00000000
00000000
00000000
00000000
00000000
00000000
00000000
00000000
00000000
00000000
00000000
00000000
00000000
00000000
00000000
00000000
00000000
00000000
00000000
00000000
00000000
00000000
00000000
00000000
00000000
00000000
00000000
00000000
00000000
00000000
00000000
00000000
00000000
00000000
00000000
00000000
00000000
00000000
00000000
00000000
00000000
00000000
00000000
00000000
00000000
00000000
00000000
00000000
00000000
00000000
00000000
00000000
00000000
00000000
00000000
00000000
00000000
00000000
00000000
00000000
00000000
00000000
00000000
00000000
00000000
00000000
00000000
00000000
00000000
00000000
00000000
00000000
00000000
00000000
00000000
00000000
00000000
00000000
00000000
00000000
00000000
00000000
00000000
00000000
00000000
00000000
00000000
00000000
00000000
00000000
00000000
00000000
00000000
00000000
00000000
00000000
00000000
00000000
00000000
00000000
00000000
00000000
00000000
00000000
00000000
00000000
00000000
00000000
00000000
00000000
00000000
00000000
00000000
00000000
00000000
00000000
00000000
00000000
00000000
00000000
00000000
00000000
00000000
00000000
00000000
00000000
00000000
00000000
00000000
00000000
00000000
00000000
00000000
00000000
00000000
00000000
00000000
00000000
00000000
00000000
00000000
00000000
00000000
00000000
00000000
00000000
00000000
00000000
00000000
00000000
00000000
00000000
00000000
00000000
00000000
00000000
00000000
00000000
00000000
00000000
00000000
00000000
00000000
00000000
00000000
00000000
00000000
00000000
00000000
00000000
00000000
00000000
00000000
00000000
00000000
00000000
00000000
00000000
00000000
00000000
00000000
00000000
00000000
00000000
00000000
00000000
00000000
00000000
00000000
00000000
00000000
00000000
00000000
00000000
00000000
00000000
00000000
00000000
00000000
00000000
00000000
00000000
00000000
00000000
00000000
00000000
00000000
00000000
00000000
00000000
00000000
00000000
00000000
00000000
00000000
00000000
00000000
00000000
00000000
00000000
00000000
00000000
00000000
00000000
00000000
00000000
00000000
00000000
00000000
00000000
00000000
00000000
00000000
00000000
00000000
00000000
00000000
00000000
00000000
00000000
00000000
00000000
00000000
00000000
00000000
00000000
00000000
00000000
00000000
00000000
00000000
00000000
00000000
00000000
00000000
00000000
00000000
00000000
00000000
00000000
00000000
00000000
00000000
00000000
00000000
00000000
00000000
00000000
00000000
00000000
00000000
00000000
00000000
00000000
00000000
00000000
00000000
00000000
00000000
00000000
00000000
00000000
00000000
00000000
00000000
00000000
00000000
00000000
00000000
00000000
00000000
00000000
00000000
00000000
00000000
00000000
00000000
00000000
00000000
00000000
00000000
00000000
00000000
00000000
00000000
00000000
00000000
00000000
00000000
00000000
00000000
00000000
00000000
00000000
00000000
00000000
00000000
00000000
00000000
00000000
00000000
00000000
00000000
00000000
00000000
00000000
00000000
00000000
00000000
00000000
00000000
00000000
00000000
00000000
00000000
00000000
00000000
00000000
00000000
00000000
00000000
00000000
00000000
00000000
00000000
00000000
00000000
00000000
00000000
00000000
00000000
00000000
00000000
00000000
00000000
00000000
00000000
00000000
00000000
00000000
00000000
00000000
00000000
00000000
00000000
00000000
00000000
00000000
00000000
00000000
00000000
00000000
00000000
00000000
00000000
00000000
00000000
00000000
00000000
00000000
00000000
00000000
00000000
00000000
00000000
00000000
00000000
00000000
00000000
00000000
00000000
00000000
00000000
00000000
00000000
00000000
00000000
00000000
00000000
00000000
00000000
00000000
00000000
00000000
00000000
00000000
00000000
00000000
00000000
00000000
00000000
00000000
00000000
00000000
00000000
00000000
00000000
00000000
00000000
00000000
00000000
00000000
00000000
00000000
00000000
00000000
00000000
00000000
00000000
00000000
00000000
00000000
00000000
00000000
00000000
00000000
00000000
00000000
00000000
00000000
00000000
00000000
00000000
00000000
00000000
00000000
00000000
00000000
00000000
00000000
00000000
00000000
00000000
00000000
00000000
00000000
00000000
00000000
00000000
00000000
00000000
00000000
00000000
00000000
00000000
00000000
00000000
00000000
00000000
00000000
00000000
00000000
00000000
00000000
00000000
00000000
00000000
00000000
00000000
00000000
00000000
00000000
00000000
00000000
00000000
00000000
00000000
00000000
00000000
00000000
00000000
00000000
00000000
00000000
00000000
00000000
00000000
00000000
00000000
00000000
00000000
00000000
00000000
00000000
00000000
00000000
00000000
00000000
00000000
00000000
00000000
00000000
00000000
00000000
00000000
00000000
00000000
00000000
00000000
00000000
00000000
00000000
00000000
00000000
00000000
00000000
00000000
00000000
00000000
00000000
00000000
00000000
00000000
00000000
00000000
00000000
00000000
00000000
00000000
00000000
00000000
00000000
00000000
00000000
00000000
00000000
00000000
00000000
00000000
00000000
00000000
00000000
00000000
00000000
00000000
00000000
00000000
00000000
00000000
00000000
00000000
00000000
00000000
00000000
00000000
00000000
00000000
00000000
00000000
00000000
00000000
00000000
00000000
00000000
00000000
00000000
00000000
00000000
00000000
00000000
00000000
00000000
00000000
00000000
00000000
00000000
00000000
00000000
00000000
00000000
00000000
00000000
00000000
00000000
00000000
00000000
00000000
00000000
00000000
00000000
00000000
00000000
00000000
00000000
00000000
00000000
00000000
00000000
00000000
00000000
00000000
00000000
00000000
00000000
00000000
00000000
00000000
00000000
00000000
00000000
00000000
00000000
00000000
00000000
00000000
00000000
00000000
00000000
00000000
00000000
00000000
00000000
00000000
00000000
00000000
00000000
00000000
00000000
00000000
00000000
00000000
00000000
00000000
00000000
00000000
00000000
00000000
00000000
00000000
00000000
00000000
00000000
00000000
00000000
00000000
00000000
00000000
00000000
00000000
00000000
00000000
00000000
00000000
00000000
00000000
00000000
00000000
00000000
00000000
00000000
00000000
00000000
00000000
00000000
00000000
00000000
00000000
00000000
00000000
00000000
00000000
00000000
00000000
00000000
00000000
00000000
00000000
00000000
00000000
00000000
00000000
00000000
00000000
00000000
00000000
00000000
00000000
00000000
00000000
00000000
00000000
00000000
00000000
00000000
00000000
00000000
00000000
00000000
00000000
00000000
00000000
00000000
00000000
00000000
00000000
00000000
00000000
00000000
00000000
00000000
00000000
00000000
00000000
00000000
00000000
00000000
00000000
00000000
00000000
00000000
00000000
00000000
00000000
00000000
00000000
00000000
00000000
00000000
00000000
00000000
00000000
00000000
00000000
00000000
00000000
00000000
00000000
00000000
00000000
00000000
00000000
00000000
00000000
00000000
00000000
00000000
00000000
00000000
00000000
00000000
00000000
00000000
00000000
00000000
00000000
00000000
00000000
00000000
00000000
00000000
00000000
00000000
00000000
00000000
00000000
00000000
00000000
00000000
00000000
00000000
00000000
00000000
00000000
00000000
00000000
00000000
00000000
00000000
00000000
00000000
00000000
00000000
00000000
00000000
00000000
00000000
00000000
00000000
00000000
00000000
00000000
00000000
00000000
00000000
00000000
00000000
00000000
00000000
00000000
00000000
00000000
00000000
00000000
00000000
00000000
00000000
00000000
00000000
00000000
00000000
00000000
00000000
00000000
00000000
00000000
00000000
00000000
00000000
00000000
00000000
00000000
00000000
00000000
00000000
00000000
00000000
00000000
00000000
00000000
00000000
00000000
00000000
00000000
00000000
00000000
00000000
00000000
00000000
00000000
00000000
00000000
00000000
00000000
00000000
00000000
00000000
00000000
00000000
00000000
00000000
00000000
00000000
00000000
00000000
00000000
00000000
00000000
00000000
00000000
00000000
00000000
00000000
00000000
00000000
00000000
00000000
00000000
00000000
00000000
00000000
00000000
00000000
00000000
00000000
00000000
00000000
