f14022f3
82634301
0f170062
0f130000
006700cf
1db7000f
8d934000
0001104d
00011397
49438393
00008d97
4e8d8d93
000ded93
305d9073
00000d97
020d8d93
341d9073
8d936d89
9073c00d
4d81300d
304d9073
30200073
00000013
feb560b7
98a08093
0e5b1137
1fc10113
800001b7
42814211
fbde4337
ecb30313
38f92437
aa840413
0b1984b7
9e648493
d5b74509
8593fb31
0637f505
06b78000
8693a4f7
47019ff6
383747ad
0813fbcf
88b71218
8893f0aa
490107e8
7be709b7
c5998993
fd31ea37
97fa0a13
f5825ab7
8dfa8a93
4b814b01
4cb14c01
80000db7
fb03ee37
85ae0e13
80000eb7
4f814f01
00016d17
1e8d0d13
00734245
90020000
00000000
00008297
50028293
0012a303
0062a123
300022f3
34029373
340022f3
30002373
0fb74f01
1ffd8000
49ff1fb3
30403373
30502373
34102373
34202373
34302373
34402373
c0002373
c8002373
c0202373
c8202373
0f057f41
80000fb7
49ff5fb3
34001373
8d698615
028682b3
08d80463
41bd8d51
40a8de93
ff4d3b37
01bbbbb3
afb76f41
8f93a5a5
1fb35a5f
551369ff
0e1a1eb5
a96d3d93
8d9581ea
05ce7a63
2c33814d
000102a6
00dc7eb3
082c7463
80000f37
4f811f7d
29ff1fb3
34041073
00008417
4c840413
2223c004
01130024
c07e0084
24234f02
440401f4
2103c404
40040044
34002473
0139ecb3
011b95b3
02be5d63
0bb24e05
82d1cf31
03f4a9b3
b1df0c13
0f378d41
7fc18000
1f930f85
303349ff
a4930242
a5b3f78c
7b630154
31930301
80338c89
97b34031
c1190149
02ad7463
af376135
0f13a5a5
6fc15a5f
48ff5f93
9db30001
5e370344
c7b31297
17fd03a2
39eb5817
9e71b493
8e0960a1
014c3033
0fb74f01
1ffd8000
680f1f93
3a134909
20335464
04e201aa
03341c63
8ced8f95
f9b0deb7
2d886813
01465713
0f057f41
80000fb7
29ff1f93
01658a63
002ad413
029445b3
894682e2
6e66c613
03fd0a33
67598593
00e5dab3
6f41096a
a5a5afb7
5a5f8f93
0fff5fb3
34009073
008000ef
00008067
340020f3
34009073
00ef2009
00ef0040
00970040
80930000
806700c0
20f30000
8e453400
00df01b3
01630e33
00a21033
9cfe3093
0a888fc5
ff16a813
0024ccb3
065bc163
80000f37
4f811f7d
0fff7fb3
85938f51
d76380c2
8d0900ba
03108db3
010892b3
04368863
41add833
03478033
fecf4f97
80000f37
0f857fc1
21ff2fb3
20b512b3
55938d25
761300fe
8033bdac
7c1302b2
1833ef21
5963033b
0001049c
4c63717d
af3705d7
0f13a5a5
6fc15a5f
21ff4fb3
00454a33
017d7033
0157fb63
c0b30c0e
e563039f
dab30676
4b3302f7
09b302b7
0001417e
0fb74f01
1ffd8000
21ff6fb3
030bd1b3
00018c05
01dd88b3
011dc033
02265933
82858d65
4c138d49
7f41c154
0fb70f05
7fb38000
0f3741ff
5ffd8000
03ff4fb3
03ef6fb3
5fb34f81
4f8103ff
03ff6fb3
00aa0933
06e8c263
03ba3433
6231f2b7
02165bb3
da630001
f71303f1
cb393950
6f410b1e
a5a5afb7
5a5f8f93
41ff6fb3
0001a000
0054efb3
0274b1b3
fc524593
00473733
a0339946
8145004a
41545513
003b3533
050ff263
80000f37
4f811f7d
41ff4fb3
005865b3
43b12913
65310909
6a356493
05fb8963
e88cd597
018bf7b3
03ff98b3
0f357a13
80000f37
0f857fc1
600f1f93
01d3d593
f74bba93
01b95b13
1f630001
6993024f
05e2ea0e
036fdc63
068cc563
68be9b17
a5a5af37
5a5f0f13
1f936fc1
5c13601f
d91300dc
e7b34074
0e9401a4
75335a7d
8bb30065
000140c6
03b85cb3
4f010d00
80000fb7
1f931ffd
3533602f
107340b5
2ff3340f
3ff33400
b6133400
c36306b3
c21d0119
5313c515
6e330085
733303b6
8d1100fa
04126e63
00a7b133
0f057f41
80000fb7
0bff4fb3
028a88b3
002121b3
40bc5eb3
02542433
02621133
fbffa713
01859693
0071e6b3
012d5033
6f41008a
a5a5afb7
5a5f8f93
0bff5fb3
0411c763
01209813
0535da63
40d55e13
02f938b3
0003dc33
3089a693
13338c12
56b300b5
0f37016c
1f7d8000
6fb34f81
91130bff
e9630128
50fd0332
03168c63
8ea16131
66136205
213374a6
9b0602f5
80000f37
0f857fc1
0bff7fb3
00272e33
40ddd893
3219b793
005995b3
0255e2b3
81458b3d
038a9033
68322737
07addf63
a5a5af37
5a5f0f13
1f936fc1
1073604f
84173404
04130000
c0040924
00242223
00840113
4f02c07e
01f42423
c4044404
00442103
24734004
0c883400
4b636129
997d04bf
02836c63
038a3fb3
03826933
40a45a33
7676fb93
03b57413
0fb74f01
1ffd8000
605f1f93
34009073
008000ef
00008067
340020f3
009a85c1
730011b7
c0370842
1a88c35c
074ee163
54844593
00385693
7f418cf1
0fb70f05
4fb38000
1537080f
31b39ea4
85ee038a
007a1913
41d1da33
c0138d71
80135070
00013e4c
00baf433
afb76f41
8f93a5a5
1fb35a5f
053361ff
33330ab5
f21300e4
86052d77
03c25bb3
a2138d41
5d637b34
0db307c0
c13d0106
00cc9313
80000f37
4f811f7d
61ff5fb3
3013834a
046a07ce
00a8a0b3
268eb017
40336659
d53300da
f56302cf
49b304a8
0f3703b8
7fc18000
5f930f85
9073607f
20093400
004000ef
004000ef
00000097
00c08093
00008067
340020f3
795fa513
0020c463
00d69033
00c1a6b3
878a850d
4132d4b3
90330ef2
60b30021
af3701b8
0f13a5a5
6fc15a5f
287f5f93
01bcd513
051c7d63
05ee0363
01cdd033
301b5237
007d4ab3
61798106
00cdd6b3
4f01844e
80000fb7
5f931ffd
0a13698f
56933b72
4b330153
00010054
021a22b3
001f0233
dd638e2d
08b7003e
5d93d985
7f4140b6
0fb70f05
1fb38000
8d3149ff
017e1913
5c376993
a6b36145
aa93034a
8d35ec97
57b38d4d
0cb3014a
6f4102fd
a5a5afb7
5a5f8f93
49ff5fb3
0296e533
417d5613
00018c95
01a012b3
2a938e25
a8b3bfb5
54b30039
6af10005
80000f37
4f811f7d
69ff1fb3
80000f37
4fb35ffd
6fb303ff
4f8103ef
03ff5fb3
6fb34f81
54b303ff
827503c6
0187b333
40a9d733
40c40133
7b33891d
8d2101c7
02c15033
04edfc63
80000f37
0f857fc1
29ff1fb3
60b52533
5c338511
796303e7
88b30371
717d00f5
39acc093
014f6033
4116d493
5e3304ed
af37008e
0f13a5a5
6fc15a5f
49ff1f93
003f61b3
5081c013
90338ca5
8eb3024c
8cb140d3
81218699
03e16033
4f01c529
80000fb7
5f931ffd
8c2d48ff
473386f5
45b30379
5db302d9
db3300a6
ea330398
7a9301d5
8d39cc34
002506b3
0f057f41
80000fb7
680f1f93
a1fd8217
0215b033
41f50633
c8978e11
8d71bdbd
43310001
02495233
03558c63
afb76f41
8f93a5a5
1f935a5f
700229ff
10730001
2ff3340f
3ff33400
69213400
03786d63
02804b63
16848cb1
04968013
0089db13
05b27c63
028292b3
0b7f3a13
80000f37
4f811f7d
0fff5fb3
019b5833
ba330394
7a3300c9
2013005b
0001016d
0128f9b3
02579863
00dfc933
0f378dcd
7fc18000
7fb30f85
90730fff
00ef3400
80670080
20f30000
8ec93400
03b8d133
b7783413
017d28b3
40f05c33
90338c3e
f1630011
0cb307c2
42634049
af3707da
0f13a5a5
6fc15a5f
21ff2fb3
021e5c33
eac7f797
3d34b513
00d3a133
029126b3
024c19b3
15b310fd
6b63032b
8d11019f
0fb74f01
1ffd8000
21ff4fb3
48b52533
b0138131
3a9340b3
8521012b
01068533
033a5bb3
022aa9b3
d1338575
ddb34149
7f4141d1
0fb70f05
6fb38000
107321ff
84173404
04130000
c004c564
00242223
00840113
4f02c07e
01f42423
c4044404
00442103
24734004
00013400
0483c363
05104c63
ed63615d
824205c4
f3131810
1a13df7a
9f9301d8
6f41012d
a5a5afb7
5a5f8f93
41ff7fb3
916a0bf2
a4978161
e017b444
75b3c56b
501301f4
d9134129
6cd10019
01f71b13
80000f37
4f811f7d
41ff6fb3
40b285b3
0c13820a
c909434d
c29d00fa
01f41293
02b01533
036315b3
03ece4b3
80000f37
0f857fc1
41ff4fb3
7e6381c2
8da50791
0b80717d
03bae4b3
df6316fd
e86306f3
848d06f9
a5a5af37
5a5f0f13
1f936fc1
32b3600f
9a33023f
8f0500a9
04e37d63
0491f163
02c3d2b3
00bddbb3
520e9017
40e85593
01e15333
0fb74f01
1ffd8000
601f1f93
34009073
00ef2009
00ef0040
00970040
80930000
806700c0
20f30000
acb33400
b0330063
f9370302
20335322
203302f8
51fd0277
01c288b3
d2b36539
dbb30338
7f410314
0fb70f05
1f938000
527d602f
bdb3088c
d53301cc
8e6303f6
d23303a7
8d6d0152
4c6314fd
090801c5
afb76f41
8f93a5a5
4fb35a5f
25330bff
adb368b5
5413009b
df6340cb
65630255
5dfd0429
717d8d51
00fec231
01ca8633
80000f37
4f811f7d
0bff5fb3
b18acb13
601310fd
42b35c20
12fd0212
033fc033
5c138d09
697101d9
ff719017
80000f37
0f857fc1
0bff6fb3
035a6033
02253533
5caf5d97
f2338d69
5cb3005a
cd354077
0363aab3
038f9033
fd0e4293
a5a5af37
5a5f0f13
7fb36fc1
0f370bff
5ffd8000
03ff4fb3
03ef6fb3
5fb34f81
4f8103ff
03ff6fb3
6443f7b7
1fc416b7
003cc863
b3972c93
02b8b433
00722333
41a30733
01f08433
03e06db3
05b3e963
0fb74f01
1ffd8000
604f1f93
9763c91d
4d630621
671302f4
66338b25
0bb30251
39930359
8105c8ae
0313c363
7f414bb1
0fb70f05
1f938000
9033605f
de63010f
046300fa
028806c8
944b3013
e6b3816a
82b303c0
4913021c
937691f3
afb76f41
8f93a5a5
4fb35a5f
9073080f
00ef3400
80670080
20f30000
00013400
a8338e85
0f9300b8
11b31516
5017014a
c9b3689b
3bb302d8
f163024a
35b3075d
0f3703f0
1f7d8000
1fb34f81
7ab361ff
96b30135
85630110
956304a4
8d6d066c
f3638c49
f3330539
8e91004a
02d5f863
80000f37
0f857fc1
61ff5fb3
28b52533
340f1073
34002ff3
34003ff3
02df5033
01691d63
9692849e
0043c033
03e76c33
02efe0b3
4166dbb3
97138925
af3701ad
0f13a5a5
6fc15a5f
607f5f93
0317ae33
010a9b33
02ad7863
00f85a93
03755663
01504ab3
76675b97
027b09b3
17318693
00bdb633
0fb74f01
1ffd8000
287f5f93
1cfd4629
067f6463
ef592013
0c338e35
c11903bc
86faa0b7
06d35263
41c5d033
0f057f41
80000fb7
698f5f93
01256333
83ea8f93
02b03133
014c4db3
d863ca05
40630059
d46309a1
c93309ca
a19301a1
6f4105cf
a5a5afb7
5a5f8f93
49ff1fb3
00019c01
01589513
01f3eb33
828505c6
01341eb3
1b138121
8d4501ea
800d8d55
80000f37
4f811f7d
49ff5fb3
34041073
00008417
82840413
2223c004
01130024
c07e0084
24234f02
440401f4
2103c404
40040044
34002473
007828b3
d933081e
8df540df
0354ef63
002b0433
913a8615
0069ba33
03280733
80000f37
0f857fc1
69ff1fb3
0c339bfd
65b302f3
31b302ce
0ab300eb
c1b300f8
3b930227
4417f534
9c33b9ae
4ffd03f6
a5a5af37
5a5f0f13
1fb36fc1
8d7129ff
011cd013
0eb38d71
8e7502f4
80b20001
02ee36b3
29b38d35
4f010205
80000fb7
1f931ffd
253349ff
000108b5
0046fdb3
022432b3
00f6eeb3
19631cfd
f03307bd
606301e8
82b60619
01585313
0f057f41
80000fb7
48ff5f93
cd638d6d
81450031
8b63891e
ca63067e
1b140452
b380ea13
0013ffb3
6f418f2d
a5a5afb7
5a5f8f93
680f1f93
34009073
00ef2009
00ef0040
00970040
80930000
806700c0
20f30000
81353400
187d8df1
00a58963
03799d63
07ca0001
47efe813
88638d35
0f3702b0
1f7d8000
1f934f81
6b4129ff
ea35f193
14026113
02269b63
00639433
61b38f85
67b3027a
88b300eb
1413413f
0f370027
7fc18000
5fb30f85
85390fff
8e334e45
5db3406b
7697419e
06130243
0a143cf2
d89362ad
94334177
af370013
0f13a5a5
6fc15a5f
0fff7fb3
9ab20161
15936141
000101a3
b340c013
01a01133
676509fa
02e3e9b3
0fb74f01
1ffd8000
21ff2fb3
34009073
008000ef
00008067
340020f3
41ae58b3
01c3fc33
64336ec5
54630027
dbb3005d
e0330197
df6300cb
c2630605
b0b306f1
7f410267
0fb70f05
4fb38000
0f3721ff
5ffd8000
03ff4fb3
03ef6fb3
5fb34f81
4f8103ff
03ff6fb3
912e0a06
079ef363
01a3c2b3
cb932c13
408d51b3
00b75033
018bbfb3
04b05a63
418ed313
afb76f41
8f93a5a5
6fb35a5f
553321ff
95b30eb5
08860314
6a178632
269349ae
82a948eb
026c4363
0e5e4493
03e705b3
0f378aee
1f7d8000
7fb34f81
fc1341ff
1b339491
000100d1
8e29864a
02dc5333
0d94f7b7
03fa14b3
8f93008d
0f373b96
7fc18000
6fb30f85
167d41ff
419d0133
00871093
04e56f63
17013c93
41b6d813
dd9310fd
be334018
c063016c
af37025f
0f13a5a5
6fc15a5f
41ff4fb3
f6b36179
279300bf
8d45c1cf
82a58e8d
03ae3db3
03f766b3
8163424d
4f01070a
80000fb7
1f931ffd
1073600f
2ff3340f
3ff33400
02333400
84330339
c90500a9
40810033
016409b3
001747d1
476da7a7
90ce8ed5
0f057f41
80000fb7
601f1f93
2a7cb193
010c5513
02ad1033
69638529
85b30547
e813037a
62196ed6
03958db3
031549b3
afb76f41
8f93a5a5
1f935a5f
52fd602f
024a2fb3
4835997d
5733cd1d
7d6303b9
5363046f
6179005a
03ddd563
80000f37
4f811f7d
0bff4fb3
02e4c333
5913717d
45630008
85d9080d
04b94063
7a3366bd
0bb300fe
42934126
0f3700e4
7fc18000
5fb30f85
15330bff
ae330eb5
70b300ab
693300dc
c14902af
014cc463
00697333
8af54889
41abd813
a8427413
a5a5af37
5a5f0f13
6fb36fc1
10730bff
74173404
04130000
c0044124
00242223
00840113
4f02c07e
01f42423
c4044404
00442103
24734004
0e4e3400
03b76433
8e910001
010ede37
74638876
041300b7
d01398b9
50fd41c2
0fb74f01
1ffd8000
0bff7fb3
36640b93
02b54033
03fd9933
e2638ef5
ee63076e
c763055d
a033024d
cd930348
a0b326a9
7f41025f
0fb70f05
1f938000
9093604f
3b1300ef
8a853d51
408f07b3
0020d433
6093691d
1ab7d458
0001212c
02c90c33
afb76f41
8f93a5a5
1f935a5f
2000605f
81650001
9af7fc13
0ab38e29
cbb340bf
55630174
3b970247
b3338e92
50fd0185
01821993
80000f37
4f811f7d
080f4fb3
df405cb7
025362b3
01d245b3
d163843e
003308b6
118803a5
01bd1eb3
56116437
0156ea33
80000f37
0f857fc1
61ff1fb3
34009073
008000ef
00008067
340020f3
34009073
00ef2009
00ef0040
00970040
80930000
806700c0
20f30000
8a973400
90335a16
612100b0
0120c6b3
01470bb3
00019a22
02988b63
043ee563
af376e3d
0f13a5a5
6fc15a5f
61ff5fb3
ba850893
401788b3
026f2eb3
01478833
0ab3187d
717d03e6
01d4cbb3
85618d0d
0fb74f01
1ffd8000
607f5f93
60b51513
02c56033
adb385b1
c6330033
8b630148
853302a2
c313008f
9b568687
9a0600aa
0f057f41
80000fb7
287f5f93
00ce9933
5a485217
000100ee
03257a63
b02fc093
07d57663
5b7d8e31
6f410001
a5a5afb7
5a5f8f93
698f5f93
7f23b993
9cb395ae
9693033f
a597007f
8d0d1254
04986163
0176d733
bde78297
07c65963
80000f37
4f811f7d
49ff1fb3
80000f37
4fb35ffd
6fb303ff
4f8103ef
03ff5fb3
6fb34f81
d89303ff
000140e9
00fa5ab3
4f99717d
04cc8963
022699b3
daa83c13
5b278813
0f378d55
7fc18000
5fb30f85
1a0849ff
40cad033
009325b3
9a138a89
8b1300d0
35935c3c
033348b0
81c902ea
af371f88
0f13a5a5
6fc15a5f
69ff1fb3
05e30263
5a6388c6
37330104
8d590351
05af1f63
52b38d55
85310114
4f011b7d
80000fb7
1fb31ffd
8cb329ff
45330057
4b330301
ac9700bd
36b35006
467501ee
01b48033
024f66b3
043e4f63
07f6e863
0f057f41
80000fb7
49ff1f93
01b85bb3
04c49163
0fb73997
da634691
57630330
476306a1
5f63076a
166305c0
85450235
afb76f41
8f93a5a5
5f935a5f
551348ff
107368b5
2ff3340f
3ff33400
9b133400
c89701db
e8339d70
8c7d0144
02ed9333
02515eb3
41625013
03fcda33
85b360a5
0f3741be
1f7d8000
1f934f81
6c9d680f
00317d63
0908997d
033ce863
900d7013
046b7263
009a9533
8cd16155
80000f37
0f857fc1
29ff1f93
d9638e31
082601cf
f5b31388
87750120
40ead033
1fb30001
ad930069
af379081
0f13a5a5
6fc15a5f
0fff5fb3
c90d0001
6b411290
09f4d663
67631914
a033032f
717d01c6
01c55b33
0fb74f01
1ffd8000
0fff7fb3
03128033
0b9d1363
03bf80b3
009f57b3
05346c63
038f5833
02bfcfb3
00119133
00fd1933
094ee763
0f057f41
80000fb7
21ff2fb3
34041073
00007417
ff040413
2223c004
01130024
c07e0084
24234f02
440401f4
2103c404
40040044
34002473
409f5913
00fe8db3
41d28ab3
40ea8e33
0496d963
408ed513
004ba033
06a0f263
01d75fb3
75ab3313
afb76f41
8f93a5a5
4fb35a5f
907321ff
00ef3400
80670080
20f30000
bcb33400
8b630194
3ab3008c
14330101
0001022c
485b7f93
02128433
c7b3717d
ac97006f
0f3757bd
1f7d8000
6fb34f81
997d21ff
896d895e
02eae533
9513812d
81b3018f
854202cd
00045bb3
0111c5b3
80000f37
0f857fc1
41ff7fb3
28b55513
9033caa1
bc33019a
5e3300d4
9ede4117
6d638d09
8a130278
0986c83a
01b899b3
a5a5af37
5a5f0f13
6fb36fc1
54b341ff
00014150
0262d333
0770d863
03f981b3
018b3133
0004d893
ed8e0b93
069b8863
02288233
0fb74f01
1ffd8000
41ff4fb3
34009073
00ef2009
00ef0040
00970040
80930000
806700c0
20f30000
78633400
8d7502bc
3133041e
8e110080
76155517
03586863
032ac033
000185f2
0f057f41
80000fb7
600f1f93
9239f693
83d98611
bab38c29
98fd0179
997d8a11
007631b3
6f4114fd
a5a5afb7
5a5f8f93
601f1f93
41345993
74a98897
02766033
d4138e89
05330143
e5330239
8d5501cd
8ef18e51
80000f37
4f811f7d
602f1f93
2e330095
e46300b2
f0130482
adb73dc4
1613d789
8663013f
5e9307d5
612940ca
41430833
80000f37
0f857fc1
0bff4fb3
006469b3
02350033
c0ba7993
86858986
55938086
7bb341b5
60b30122
d3630286
af3707c6
0f13a5a5
6fc15a5f
0bff5fb3
80000f37
4fb35ffd
6fb303ff
4f8103ef
03ff5fb3
6fb34f81
86bd03ff
8e9da893
60130001
f363fd91
00010196
ae548613
03b19663
84b382d2
4f010342
80000fb7
6fb31ffd
c6330bff
68f90102
40d5d133
02dc80b3
69ed818a
694c3f93
01e1f533
026b3633
7f418ed1
0fb70f05
7fb38000
8d6d0bff
13336119
815d01d4
01469e13
01781fb3
49942c93
08b390ca
803340b6
6f410330
a5a5afb7
5a5f8f93
604f1f93
1e638161
8e86019b
41678db3
1ff92f93
271350fd
001378b5
5193cd45
07b30118
0f37404f
1f7d8000
1f934f81
8966605f
6c85c491
00710e33
b0037613
e9cc2013
04b67f63
60067193
02a71133
0f376e3d
7fc18000
4fb30f85
1073080f
2ff3340f
3ff33400
feb33400
dc6300c0
0e330040
8d0d4005
a2984c93
c11186d1
08638eb1
c6350688
a5a5af37
5a5f0f13
1fb36fc1
884261ff
0cfdffb7
7e13610d
38339f8a
07b303ef
58b301d4
393302d2
531303a0
2033419d
4f01007a
80000fb7
5fb31ffd
907361ff
00ef3400
80670080
20f30000
49333400
efb3014c
561300a2
56fd0140
00cbbfb3
7a638ef5
7c3704ab
08d230cf
01467633
0f057f41
80000fb7
607f5f93
f4b3cd15
9963001d
d0130243
8fd100cd
3b93cab5
07149309
c10d8d55
afb76f41
8f93a5a5
5f935a5f
6333287f
8e210307
80d58993
0fb259fd
4cd186ad
94486c97
8e8e896d
80000f37
4f811f7d
698f5f93
34041073
00007417
bd440413
2223c004
01130024
c07e0084
24234f02
440401f4
2103c404
40040044
34002473
931600b5
021a4233
01c6d633
8233956a
c9630385
003304ec
e6970177
01938669
0f37517e
7fc18000
1fb30f85
ff6349ff
ceb301a6
ce33022a
8da90108
2a803013
00d85633
01abd033
164fc017
d317869d
af37bd5d
0f13a5a5
6fc15a5f
49ff5fb3
f45f04b7
c5138d61
2fb3849c
8a3102bb
9063cd0d
a7930642
e6639530
d3330470
4f01030e
80000fb7
1fb31ffd
023369ff
90b3037d
b4330146
80130014
6b635158
b9130317
0063169e
12330955
62330109
506300d8
7f410912
0fb70f05
1fb38000
800529ff
3e3786ca
47638c60
a193012c
8d75d254
0035ffb3
0131dbb3
00b71633
6f419676
a5a5afb7
5a5f8f93
49ff1f93
34009073
00ef2009
00ef0040
00970040
80930000
806700c0
20f30000
51b33400
6e33004e
9663034e
bab305e5
10330198
e0130293
d1b37343
7b630292
d66305ef
cd39058c
80000f37
4f811f7d
48ff5f93
00db3db3
c4130001
6cb317c1
55930162
9163408f
726306f5
5fb30303
8e130056
02334d95
0f3741a8
7fc18000
1f930f85
d017680f
2cb3964f
c1190034
01e66eb3
c5b78d71
b03337a5
de630013
12fd056e
4161d093
a5a5af37
5a5f0f13
1f936fc1
8d1129ff
5447a413
6b07b113
2d2ab013
a3bfd737
028ae333
5e1396d6
66c500da
067d0363
0fb74f01
1ffd8000
0fff5fb3
8b338d51
06b34057
a0330292
0d630295
f8330612
71630079
75130568
a0336722
9fe601bf
0f057f41
80000fb7
0fff7fb3
80000f37
4fb35ffd
6fb303ff
4f8103ef
03ff5fb3
6fb34f81
07b303ff
21b341ab
529301ef
01594000
4062d0b3
00fa10b3
024c08b3
02330263
416e5033
01239193
afb76f41
8f93a5a5
2fb35a5f
1bfd21ff
0371b033
0245a6b3
2b138d65
6151645b
07456e93
41c8d713
5a638d55
0f370044
1f7d8000
4fb34f81
fa3321ff
68930134
90a624dc
03343db3
00338d31
6d6301a7
0a3303b6
e963011c
053605b9
80000f37
0f857fc1
21ff6fb3
34009073
008000ef
00008067
340020f3
a5ac2d93
03a340b3
e7639976
6139039d
f92af713
268d3293
00c10eb3
05fa9e63
af370bba
0f13a5a5
6fc15a5f
41ff7fb3
fd930001
8ee52567
ee138d09
f4633a65
34b3063e
969300e2
00f901da
005e9813
0fb74f01
1ffd8000
41ff6fb3
340f1073
34002ff3
34003ff3
037b3633
05d2d363
4a690001
412101b3
9fca8cd5
126f2817
00c04433
7f410001
0fb70f05
4fb38000
bc9341ff
0c138aef
b0135fda
5a33fd81
e2b3408e
7a1302cc
4d639ad2
61330465
d51301e9
0333403b
6f41412c
a5a5afb7
5a5f8f93
600f1f93
01974ab3
8a75853d
c2b38d59
c9330017
000101a0
3fb381b5
003302e7
0f374148
1f7d8000
1f934f81
adb3601f
c933027c
003302a5
8d4940e4
908a0c1c
03844d63
03b34c33
0b178a93
0f37897d
7fc18000
1f930f85
4463602f
800506a3
0014a5b3
04c07b63
025ac533
02250033
8733814d
db1301a2
04ce01d2
a5a5af37
5a5f0f13
4fb36fc1
10730bff
64173404
04130000
c0047a24
00242223
00840113
4f02c07e
01f42423
c4044404
00442103
24734004
94923400
dd638bea
f4630392
8db3007f
852d031e
1c638d65
01a9050f
024ca033
0fb74f01
1ffd8000
0bff5fb3
014d59b3
b5b300de
6eed0233
029b05b3
8565cd29
00283133
409cd213
00a99c33
0f057f41
80000fb7
0bff6fb3
006b5fb3
05a2ef63
4c330cf2
45130195
ab33b8c2
1cb30320
3033018d
87c5037b
6f418d55
a5a5afb7
5a5f8f93
0bff7fb3
7e8ee713
41e48533
009a7663
18b3609d
180c0134
02b24833
41735a93
d6930ee6
0f370064
1f7d8000
1f934f81
c463604f
49b3000f
01f60233
0118d093
cdb38d29
8d610229
40b381f6
8d450041
80000f37
0f857fc1
605f1f93
34009073
00ef2009
00ef0040
00970040
80930000
806700c0
20f30000
dab33400
6193404c
eb63221d
7c330331
8b720193
8d6d8d55
03dc95b3
0230c563
af3785a1
0f13a5a5
6fc15a5f
080f4fb3
00b4eab3
4b1d6717
aedd4313
013c1cb3
00ea07b3
61319afd
f0331014
689300bf
4f014259
80000fb7
1fb31ffd
97b361ff
eeb30239
817a0231
067ee663
49928b13
86358575
2f1f6237
0b3384d6
7f41010f
0fb70f05
5fb38000
dd6361ff
d9630001
000101fb
afb31cfd
6db303e0
517d0147
f58eeb93
017bd033
6f41127d
a5a5afb7
5a5f8f93
607f5f93
34009073
008000ef
00008067
340020f3
02230733
0325d7b3
02cf3033
01fc9eb3
85938d69
dcb31b4f
ba13400c
fe332368
6013019f
0f3770a1
1f7d8000
5f934f81
0f37287f
5ffd8000
03ff4fb3
03ef6fb3
5fb34f81
4f8103ff
03ff6fb3
003d5cb3
895a8db5
37653013
002a6fb3
00ab6033
090802a6
025d6033
40a7d033
80000f37
0f857fc1
698f5f93
8d6560b9
8fe84013
30698013
40a45a33
409dd233
77638ef5
8635051e
af376105
0f13a5a5
6fc15a5f
49ff1fb3
00e68756
0250ae33
916c52b7
012eb9b3
00016139
04bb9663
02331cfd
4f01027a
80000fb7
5fb31ffd
8d3549ff
043e6363
0319bcb3
01b1d733
c14c4737
411c5b93
41095e33
028a8363
003ed033
03f84563
0f057f41
80000fb7
69ff1fb3
029f3eb3
3233c139
828600dd
cd318c1d
57330001
ac3303e5
8d01006b
afb76f41
8f93a5a5
1fb35a5f
107329ff
2ff3340f
3ff33400
72933400
00f588e4
8ed5908a
cb1561a1
81330001
35330160
5e9302a7
0f3701d3
1f7d8000
1f934f81
e56349ff
9ab30409
a01302ef
08048f36
40630b62
2bb30259
059402ce
c8b30001
0f3703d0
7fc18000
5f930f85
961348ff
b7b70007
2e93a058
855184f8
6dc59a7d
01235633
41f55013
00c09333
af37876a
0f13a5a5
6fc15a5f
680f1f93
024dca63
75e96013
023691b3
0f63864d
717d0264
00f60db3
01b2da93
6b926b13
8bbfc013
0fb74f01
1ffd8000
29ff1f93
717d0001
00d02ab3
018075b3
01bf8463
02473c33
04746a63
0601cd63
41a88733
cc2da713
0f057f41
80000fb7
0fff5fb3
34041073
00006417
39c40413
2223c004
01130024
c07e0084
24234f02
440401f4
2103c404
40040044
34002473
997d80d2
00bbee33
e65a9017
8e3104cd
14a26b37
018aba33
9e3369b9
6f4101aa
a5a5afb7
5a5f8f93
0fff7fb3
cb938d11
8d412bd0
891e8d75
92f48493
01269e93
028b6433
009c7733
0f3788c6
1f7d8000
2fb34f81
5c7d21ff
0091a6b3
02e50233
1b888145
0365e933
6eb78d11
e933ed30
686303b2
0f3702cb
7fc18000
4fb30f85
dfb321ff
a433406e
b7130257
b1334de3
c0330147
8a49003b
009ce0b3
4386cf93
8e6d717d
a5a5af37
5a5f0f13
6fb36fc1
896121ff
9993ac13
8b846913
003df933
01ff7863
01c591b3
00c96fb3
01a25293
0076cb33
41b88433
0fb74f01
1ffd8000
41ff7fb3
34009073
008000ef
00008067
340020f3
34009073
00ef2009
00ef0040
00970040
80930000
806700c0
20f30000
70633400
3fb3071b
d0330331
00010037
af3f8d93
020fa433
03da12b3
00c36333
24912013
7f418d2d
0fb70f05
6fb38000
a91341ff
5013cb8f
3a13406a
cb93ec28
577df324
022a8233
01feca17
6d638d15
617d04ec
afb76f41
8f93a5a5
4fb35a5f
e2b341ff
5db3000f
bc934086
04336880
acb30005
717d01ff
4013851e
8d2d5ba0
0f378d61
1f7d8000
1f934f81
5033600f
143341db
7d630149
8275021b
b6b360b9
717d025a
02ac1fb3
003b3633
0209d333
80000f37
0f857fc1
601f1f93
58fd10fd
023522b3
bcf02017
03bc4433
00ee1493
40e15c33
01ca9813
52b38de9
af3703cc
0f13a5a5
6fc15a5f
602f1f93
80000f37
4fb35ffd
6fb303ff
4f8103ef
03ff5fb3
6fb34f81
8e8103ff
034410b3
013062b3
01b864b3
028d64b3
dab31008
29b3014b
9efa01b4
01ff4733
0fb74f01
1ffd8000
0bff4fb3
01a35693
8c3300be
2e33403c
0a0801da
1063c531
49330728
9717038c
42135706
7f414348
0fb70f05
5fb38000
6a630bff
9a130090
d093011c
603300be
9e220331
8d918d61
01294fb3
030a6db3
6f410001
a5a5afb7
5a5f8f93
0bff6fb3
00be31b3
00dd0db3
034e1fb3
e50bf093
001360b1
6175a9b8
0015b9b3
8dd58d2d
80000f37
4f811f7d
0bff7fb3
8893147d
7b1797b2
70333761
60330028
83330283
f717018f
d163ce2d
8d8607e4
0f37849d
7fc18000
1f930f85
1073604f
2ff3340f
3ff33400
ddb33400
cd630212
40330369
8ef1039d
01651033
02281f63
014499b3
560d8a93
2a176993
01eb9b33
a5a5af37
5a5f0f13
1f936fc1
80b3605f
000102d8
549bcc13
02e61fb3
00669513
cd19c00d
5e33517d
e6b30279
4f010253
80000fb7
4fb31ffd
1a63080f
8d550201
42338246
d01301c7
49b3400b
823d0118
65330001
a4b702b6
7f419207
0fb70f05
1fb38000
926361ff
dc330482
6bb903f9
809291ee
137d0001
cb486d93
0132c5b3
034fb4b3
afb76f41
8f93a5a5
5fb35a5f
8d5161ff
4038d993
04d77b63
40245093
0177df93
185c3137
19638d31
098c08b2
05e85a63
80000f37
4f811f7d
607f5f93
34041073
00006417
f8440413
2223c004
01130024
c07e0084
24234f02
440401f4
2103c404
40040044
34002473
b4330508
c0370130
0cb11d2d
01631333
0058c463
01842533
07d21263
0392ab33
fee1b713
80000f37
0f857fc1
287f5f93
34009073
008000ef
00008067
340020f3
01f7fbb3
81710001
0101edb3
8eb51b7d
0105b833
41f70033
053c8a63
af3716fd
0f13a5a5
6fc15a5f
698f5f93
32b38eb5
6e4d015e
8aea0001
022e1a63
02f5db33
da170fb9
1033bb88
4f010318
80000fb7
1fb31ffd
fa6349ff
159303bf
d6b300a7
8033021e
01350293
82a5914e
8eb1014d
7f410001
0fb70f05
5fb38000
e41349ff
29139538
80335dfd
703703d9
80bec4d3
0900127d
0761d763
59330001
6f414178
a5a5afb7
5a5f8f93
69ff1fb3
34009073
00ef2009
00ef0040
00970040
80930000
806700c0
20f30000
50333400
1093417a
b5b30119
58b30010
00014058
59938ec5
6121007e
bdb38d6d
0f370241
1f7d8000
1fb34f81
18fd29ff
26938ae1
00017f1d
21b31b88
11b301a4
6e63031a
409d05d1
02e74733
80000f37
0f857fc1
49ff1f93
c4f03817
4e116793
017519b3
f0a2eb93
002be6b3
11088ecd
0285cfb3
01c7cb33
af3783e1
0f13a5a5
6fc15a5f
48ff5f93
045ac363
6e45093a
00065733
0257ff63
a0330001
cc330146
aeb30288
c9170150
4f012438
80000fb7
1f931ffd
7213680f
41f9de54
004ac6b3
03edcab3
ee930001
9013bf48
c0330121
09630052
9c1303d0
7f410035
0fb70f05
1f938000
0f3729ff
5ffd8000
03ff4fb3
03ef6fb3
5fb34f81
4f8103ff
03ff6fb3
8d31997d
02147363
00ee75b3
829986e9
4074d213
00af1093
8f75608d
afb76f41
8f93a5a5
5fb35a5f
7f630fff
28b3041d
850d002a
00c45133
02c24463
d5f8b013
ba334401
55130358
52b34086
0f374118
1f7d8000
7fb34f81
d4130fff
99220112
0222ceb3
036d0a63
25240d93
d71386f1
756300f8
a51305ff
88c2ea00
80000f37
0f857fc1
21ff2fb3
0134e333
8ea912fd
717dc225
00010001
32fe8a13
672fcb13
af370001
0f13a5a5
6fc15a5f
21ff4fb3
07b31a7d
69b301fa
8f860351
4a13577d
0001c763
02f2a033
40ec5b93
d5936793
0fb74f01
1ffd8000
21ff6fb3
340f1073
34002ff3
34003ff3
0177e933
8d298b2e
033e5033
00799033
40185833
997d0001
231c84b7
02ee8733
0f057f41
80000fb7
41ff7fb3
00f38733
8e590e13
00106033
35b3517d
a4930350
c41716b0
972a61fd
02110814
afb76f41
8f93a5a5
6fb35a5f
907341ff
00ef3400
80670080
20f30000
56fd3400
7c502813
8ecd434d
413bd913
e3184013
049b8363
89330494
4f630154
0f3703ea
1f7d8000
4fb34f81
000141ff
01d75913
ad88c017
22b38d71
6b170046
89390958
40338cea
e8b3039c
0f3702b6
7fc18000
1f930f85
8e8d600f
00261413
9afd8e89
61910c90
09b38c2e
116340ed
61b305f4
af370329
0f13a5a5
6fc15a5f
601f1f93
34041073
00006417
b7c40413
2223c004
01130024
c07e0084
24234f02
440401f4
2103c404
40040044
34002473
411e5a33
3a11bb13
020928b3
853686d5
8c6398c6
000104c4
40b08bb3
4f01c529
80000fb7
1f931ffd
e733602f
d113002f
721341fb
8515a8c1
029a3833
d9338d0d
81590072
01326033
7f418d9d
0fb70f05
4fb38000
e1b70bff
f833040a
69630042
cc630336
a137045c
b51388cf
8ecdb0b3
611d0c45
030115b3
afb76f41
8f93a5a5
5fb35a5f
89c60bff
080c07c6
5763ee13
0128e033
47c4e493
54efe913
53630001
50130384
0f37001a
1f7d8000
6fb34f81
ce310bff
04630001
1a6304d5
00010550
04dee263
717d8eed
1efd85a5
80000f37
0f857fc1
0bff7fb3
34009073
00ef2009
00ef0040
00970040
80930000
806700c0
20f30000
dab73400
8f930cb4
f713d591
8d25b2c7
13330001
1eb30184
7f630210
05e600bf
05dcdb63
a5a5af37
5a5f0f13
1f936fc1
8561604f
00018d35
0015d793
ca331afd
fe6303f5
0001044d
3af07017
310bb593
0fb74f01
1ffd8000
605f1f93
03254033
50bcfa13
e0130001
8c635e23
06130370
8e33492e
8ee50140
027ab933
0294ccb3
0f057f41
80000fb7
080f4fb3
021851b3
060d7a63
9513557d
a81301af
5bb3b5c5
c033004c
959301e8
8a130162
1a635b4e
6f41009a
a5a5afb7
5a5f8f93
61ff1fb3
8e318e05
1563810e
68c90650
e19768fd
0a334c70
8b930315
091cc480
80000f37
4f811f7d
61ff5fb3
80000f37
4fb35ffd
6fb303ff
4f8103ef
03ff5fb3
6fb34f81
000103ff
408d5733
05271d63
010b1233
41d48933
08930001
89b300ef
8d31023b
0306ccb3
80000f37
0f857fc1
607f5f93
01c14cb3
4464f013
8b638d0d
e06302c5
8d210723
02577063
4e6da013
0292a4b3
af378d71
0f13a5a5
6fc15a5f
287f5f93
11fd8ec5
8549874d
00470633
705d8713
05d58363
9e638d29
deb303dd
4f0100dc
80000fb7
5f931ffd
9073698f
00ef3400
80670080
20f30000
59333400
82dd416f
84a0ce93
0566ce63
036dc033
38338929
b6330028
9b3e00e5
7f416185
0fb70f05
1fb38000
a03349ff
699303a4
4733a2f3
d7b30278
6141039c
00947033
1a848e2d
b0338d55
6f4101f5
a5a5afb7
5a5f8f93
49ff5fb3
340f1073
34002ff3
34003ff3
d463197d
c03300f9
8d5100c4
8a918d4d
407bddb3
03316033
fc1c8013
27467093
80000f37
4f811f7d
69ff1fb3
01f15033
769305b9
6e139d3c
51339a33
041341f8
8cb5ed64
01259fb3
01237e33
a5fb6013
80000f37
0f857fc1
29ff1fb3
fa762e93
000164f9
402e8db7
00df9613
006c8033
0340afb3
9b3f7593
c9e76993
020b7263
a5a5af37
5a5f0f13
1f936fc1
5eb349ff
4463418d
7d6308e4
000103df
fb3bf613
0129a533
6cf9c193
123356fd
ca0102be
0fb74f01
1ffd8000
48ff5f93
dbb3cd11
8eb3408a
40f540ba
fba08693
02d7cdb3
03ac6033
0141a6b3
004c7cb3
047a4d63
0f057f41
80000fb7
680f1f93
34041073
00005417
77040413
2223c004
01130024
c07e0084
24234f02
440401f4
2103c404
40040044
34002473
5f938d65
40634142
4d630402
fb93044c
000141b6
02b99db3
d433046d
a5330112
6f41037e
a5a5afb7
5a5f8f93
29ff1f93
1e37824d
7833d3db
591700b2
4a33a044
b99303fa
0d9316ac
8e25571c
00fb6033
014d05b3
80000f37
4f811f7d
0fff5fb3
4b818c49
0001997d
033eccb3
00e14bb3
82e545c9
018415b3
03e31233
80000f37
0f857fc1
0fff7fb3
00da91b3
146d47b7
046d0263
02c2d2b3
03090333
de130001
8e4941b1
00ef4fb3
00ec79b3
a5a5af37
5a5f0f13
2fb36fc1
8eed21ff
6bb3c929
00010034
8d358ee5
03f15b33
0192cb33
027646b3
429f7b17
0fb74f01
1ffd8000
21ff4fb3
34009073
00ef2009
00ef0040
00970040
80930000
806700c0
20f30000
83363400
81130001
fc9394fb
0fb3ec8a
df630365
066a04e2
05301c63
033adcb3
7f41cd01
0fb70f05
6fb38000
8e2d21ff
00533033
03976033
04f06d63
00d7cc33
015f26b3
f20a0b37
4041dab3
7bb016b7
6f41c28d
a5a5afb7
5a5f8f93
41ff7fb3
e8bc2013
f8e0c093
03953033
01db0833
54936721
32b3401b
83630009
cc3303c2
eeb30176
0f370367
1f7d8000
6fb34f81
0f6341ff
8d11036f
08138245
08084112
c5490001
e8339a7d
82be020a
80000f37
0f857fc1
41ff4fb3
34009073
008000ef
00008067
340020f3
a8813a93
f6726c13
415381b3
02f04033
3796c913
0cb39afd
801340c7
80331f91
3e130144
af379f96
0f13a5a5
6fc15a5f
600f1f93
80000f37
4fb35ffd
6fb303ff
4f8103ef
03ff5fb3
6fb34f81
783303ff
26130152
177d71a4
3a884093
414409b3
8b42a413
01339533
02825833
00d99a93
4f018f41
80000fb7
1f931ffd
d313601f
54634061
d8130557
8b334166
868940ee
4b97c531
a5b35a07
de63030b
4e510542
0f057f41
80000fb7
602f1f93
02ab94b3
90130685
3fb300df
717d00b0
07d40063
019dadb3
022f8033
8ab38fb2
6f41401a
a5a5afb7
5a5f8f93
0bff4fb3
75b13013
0677e163
0e0800b2
bb4aa813
b5b37613
c1376179
466348b2
c29d0566
80000f37
4f811f7d
0bff5fb3
03c39c33
04424163
0211ba33
9605a037
056b7063
822d6115
4064de13
06634bfd
0f3705f7
7fc18000
6fb30f85
10730bff
2ff3340f
3ff33400
69c53400
bcb38d51
00010227
649d8e09
0101cfb3
00a65893
7ea48e93
f5e28113
a5a5af37
5a5f0f13
7fb36fc1
0db30bff
1cb30329
5b3301e2
98b3016e
98b30186
01b3033c
ca0503d4
682aa013
037e52b3
00a4d5b3
0fb74f01
1ffd8000
604f1f93
027746b3
182cc293
411f8e33
0171f1b3
de138d5d
0e5900f0
8cf10001
0137f0b3
0f057f41
80000fb7
605f1f93
5d638d11
61b303ea
5833035d
c1210241
027d7263
0047f333
e2635b7d
566308cd
6f41089d
a5a5afb7
5a5f8f93
080f4fb3
f50b2c93
41255013
054aed63
02a69a33
01712e33
4168d5b3
54b3059a
9eb30226
5263006c
0f37080e
1f7d8000
1fb34f81
107361ff
54173404
04130000
c00434e4
00242223
00840113
4f02c07e
01f42423
c4044404
00442103
24734004
a1b33400
000103c1
ea168313
019e7a33
f9138096
1908856a
024c18b3
18138a81
0f370169
7fc18000
5fb30f85
653361ff
95b30118
a0b301e7
717d0115
05789a63
cf17f5b7
02701463
b093997d
da134e39
af3701df
0f13a5a5
6fc15a5f
607f5f93
16338ab1
d51300f3
67c10066
5913717d
00014102
024dec33
00018b56
0fb74f01
1ffd8000
287f5f93
00b69a13
4a86b693
f6630880
56b3084c
87320030
004f5b13
49c27f93
0270a1b3
03cd0833
0f057f41
80000fb7
698f5f93
00a916b3
acb3717d
201700b3
04937228
8ec534e9
41c15933
03652933
03198a33
6f41608d
a5a5afb7
5a5f8f93
49ff1fb3
34009073
008000ef
00008067
340020f3
34009073
00ef2009
00ef0040
00970040
80930000
806700c0
20f30000
06333400
cb330332
61630087
6c63040b
84930549
4093291d
58933d31
d6b3017d
80134167
c613bdb7
0f37c447
1f7d8000
5fb34f81
82a949ff
1e14029d
4107de93
00dd82f1
5c338e01
8e290347
410387b3
80000f37
0f857fc1
69ff1fb3
00ff1c13
07b38d51
c2130210
8e8d9577
cd11826a
00d43033
03a138b3
01bddeb3
a5a5af37
5a5f0f13
1fb36fc1
6e6329ff
5c7d009e
02e1ddb3
03b34033
016d1693
2193614d
a4933414
4c2d400d
4f0107cd
80000fb7
1f931ffd
023349ff
e5934159
a2b31f26
8e71002f
40b7d6b3
8763c53d
966305c4
0001067c
7f418cad
0fb70f05
5f938000
0f3748ff
5ffd8000
03ff4fb3
03ef6fb3
5fb34f81
4f8103ff
03ff6fb3
d233987d
da9300de
601300a1
945ac476
d0ae5437
201382f1
0d14e305
6f410001
a5a5afb7
5a5f8f93
680f1f93
00018ee5
02df86b3
013ab5b3
11174181
8e35319a
417f8133
6a636a45
0f37050b
1f7d8000
1f934f81
000129ff
004b0033
01a96433
028797b3
68a5b213
02f67e63
0457e963
80bdee97
96b38dc5
0f3703ca
7fc18000
5fb30f85
98d60fff
b1b251b7
01724733
fb630001
3e3302e1
c119000f
010cd513
776d3713
03ec0fb3
a5a5af37
5a5f0f13
7fb36fc1
86a10fff
02e45233
7d978ed1
751374d7
4089a3c5
80250001
0347dab3
04735c63
0fb74f01
1ffd8000
21ff2fb3
340f1073
34002ff3
34003ff3
08522b13
04d04d63
af32e013
00018c1a
bab38175
ccb301e4
bc93009c
1c93f646
7f4100c8
0fb70f05
4fb38000
803321ff
8c810020
01de2933
01ccfeb3
75b3c299
8e9100d8
00129513
0a228e69
afb76f41
8f93a5a5
6fb35a5f
ca3321ff
891d0270
4fb386a6
09360267
039b7363
1a330001
fa93039f
805179ca
80000f37
4f811f7d
41ff7fb3
00d16963
01417bb3
d3338d75
000140ca
04ce02e6
f87f0413
0228e533
43362913
80000f37
0f857fc1
41ff6fb3
30338d49
858600c8
05577b63
0056fbb3
aee18b93
010a9ab3
09b89663
62758d11
a5a5af37
5a5f0f13
4fb36fc1
107341ff
54173404
04130000
c004f4a4
00242223
00840113
4f02c07e
01f42423
c4044404
00442103
24734004
d0633400
82310430
00fc1033
310bc813
717d0d85
29938489
103390f6
00010243
0fb74f01
1ffd8000
600f1f93
34009073
008000ef
00008067
340020f3
07b30001
121402c8
d3cfb693
012c81b3
d9b38dd5
89630094
86d10234
01d65b93
0f057f41
80000fb7
601f1f93
4bfae013
47914429
0185b7b3
347a2b13
029da633
85798a2e
0597d463
03e58133
afb76f41
8f93a5a5
1f935a5f
d033602f
5e13000d
d2334155
8e350227
e4580497
41ea8433
8ed94599
9c228be2
80000f37
4f811f7d
0bff4fb3
029b2fb3
03f24033
69639252
01b3061a
e01303b7
d7933cbf
4633003c
4033017e
d31300bf
0f370071
7fc18000
5fb30f85
90730bff
20093400
004000ef
004000ef
00000097
00c08093
00008067
340020f3
004b0d63
177d00e1
e983b317
89298d35
0049d5b3
80b3816d
d1170236
af3707be
0f13a5a5
6fc15a5f
0bff6fb3
8dae8d41
030ac663
01057133
81398d4d
0db38e0d
7f63002d
0a190578
0fb74f01
1ffd8000
0bff7fb3
035ed033
40c00133
8fc98285
0013b6b3
06584063
039cc9b3
02a50463
6ab3841d
7f41035d
0fb70f05
1f938000
9013604f
85b301b9
1b9300c3
219301b7
8aee375b
01561f93
06676a63
02a890b3
01bd9193
0734f463
afb76f41
8f93a5a5
1f935a5f
8d05605f
419484b3
03086b33
b9d564b7
3d768c93
85416b93
03421833
401dd613
45931c08
0f372933
1f7d8000
4fb34f81
0f37080f
5ffd8000
03ff4fb3
03ef6fb3
5fb34f81
4f8103ff
03ff6fb3
04c41263
01b8e333
040dd263
6ab3844e
de13016e
829e01c2
401b0a33
03c95233
0f370001
7fc18000
1fb30f85
8dad61ff
b6b23713
40388033
00932033
6b634e45
807d0404
01041cb3
01ccccb3
0285b933
a5a5af37
5a5f0f13
5fb36fc1
633561ff
01060eb3
40d556b3
002442b3
0042edb3
038b1633
48336c09
8e2903a2
4f010001
80000fb7
5f931ffd
50fd607f
00f29863
815d89da
01639033
68c18d45
8c33c939
953302a6
7f410051
0fb70f05
5f938000
db93287f
58134050
26134131
0c49c5ab
f8ccb913
00ee6db3
d2930001
bdb340d8
20130120
6f41a891
a5a5afb7
5a5f8f93
698f5f93
340f1073
34002ff3
34003ff3
5b130001
6c630196
c29d03ba
aa1dfb13
00138d71
d193a77f
35b340ae
8d650186
80000f37
4f811f7d
49ff1fb3
00b7e9b3
008068b3
b4dcf013
028195b3
15fd868d
03296863
e1638d2d
8cc9036b
80000f37
0f857fc1
49ff5fb3
34009073
008000ef
00008067
340020f3
044efe63
002a9493
4120d013
40c60033
0a33615d
6037407e
a03307c4
4c330387
e03301c8
af370026
0f13a5a5
6fc15a5f
69ff1fb3
417489b3
d3638c81
98160868
ca8d6ebd
dd930001
cc634040
8d7506d9
0fb74f01
1ffd8000
29ff1fb3
03986033
d613c299
c5190081
7884f313
08319363
6af03413
0bbe4193
df65a893
4113d813
0f057f41
80000fb7
49ff1f93
34041073
00005417
b2c40413
2223c004
01130024
c07e0084
24234f02
440401f4
2103c404
40040044
34002473
05aced63
0472db63
a0336165
a1b300ce
8d110195
0bce8e65
d57a34b7
6f4115fd
a5a5afb7
5a5f8f93
48ff5f93
01138219
6563b75b
913704c4
cf637898
513303b8
000102bd
402154b3
eb930001
0f37a0c7
1f7d8000
1f934f81
8e33680f
fb9301b6
94333f60
12b303c3
d2b3003e
89b340ea
0001414d
04e64d63
01833833
405a5bb3
80000f37
0f857fc1
29ff1f93
02ed4e33
8e159b7d
0a63092a
be3303a3
177d03ce
060a8a63
4f9355fd
af37a718
0f13a5a5
6fc15a5f
0fff5fb3
0020b5b3
050bcc63
05abd463
81e50001
e0335a7d
80fe00ad
416f5933
02bea6b3
0fb74f01
1ffd8000
0fff7fb3
34009073
00ef2009
00ef0040
00970040
80930000
806700c0
20f30000
867d3400
017e1c63
0305e463
919eae93
0130b5b3
0b030913
025a61b3
057b5363
00016b69
0f057f41
80000fb7
21ff2fb3
073a6063
6db3960e
08330096
2d9741f0
1993aad1
c6b3017a
25930223
8d95f3aa
01157db3
afb76f41
8f93a5a5
4fb35a5f
1d6321ff
8721002d
006488b3
006264b3
e6ec0417
8e110001
a1d619b7
4169d1b3
01c629b3
80000f37
4f811f7d
21ff6fb3
8d3d678d
400a57b3
56b383d1
fe9302ab
8a3361ad
8d4d41e3
004d8e33
0f370001
7fc18000
7fb30f85
ca3341ff
819300b3
0001365b
01129463
05894163
04330001
d013001c
00e64054
af378eb5
0f13a5a5
6fc15a5f
41ff6fb3
80000f37
4fb35ffd
6fb303ff
4f8103ef
03ff5fb3
6fb34f81
8d2d03ff
01135a33
199387fa
45b3008e
8e0101f8
016db133
8e158de5
011ea0b3
0fb74f01
1ffd8000
41ff4fb3
14183c13
86d8a493
00bfb733
00018fa5
15639a7d
56930615
531341f5
85794053
0f057f41
80000fb7
600f1f93
022d0033
8d419bfd
00f08033
44b30001
148803b5
97171b7d
6693d285
6f41343d
a5a5afb7
5a5f8f93
601f1f93
34009073
008000ef
00008067
340020f3
4f6300bd
8c6301d2
f36302fe
8d4901cd
02bfe4b3
0366e1b3
05ae7f63
d69f3593
0f374cb1
1f7d8000
1f934f81
f2b3602f
5c330186
cbb301c3
0d6301cc
6c630436
92d6042b
01a4d013
07025063
052ae463
02ae8033
80000f37
0f857fc1
0bff4fb3
340f1073
34002ff3
34003ff3
656109de
92b38aa9
ca9d0140
40d4db13
854940c9
54630611
af37055b
0f13a5a5
6fc15a5f
0bff5fb3
89728ec5
40335693
000e4963
00c56033
02b29eb3
cea98d11
cc638df2
4f01042e
80000fb7
6fb31ffd
8d090bff
01cd8663
593355fd
8e25026d
40895713
05d78563
03ae4863
407ad7b3
00c26233
0f057f41
80000fb7
0bff7fb3
0358a7b3
989a0001
01586eb3
4026da93
022bc163
019bd593
50138d4d
0fd201c6
afb76f41
8f93a5a5
1f935a5f
97b3604f
57330090
8d2940a3
01fa9e33
09da4363
5013e0d9
dc93005b
e0330087
f5b301f2
0f370130
1f7d8000
1f934f81
1073605f
44173404
04130000
c0047224
00242223
00840113
4f02c07e
01f42423
c4044404
00442103
24734004
91223400
035d9db3
889e567d
00d1d5b3
d79300a9
3fb300a5
8e110015
038adab3
80000f37
0f857fc1
080f4fb3
041b9263
028a2733
03e354b3
30338d29
1b330183
b7330058
203700fa
00012383
af3709be
0f13a5a5
6fc15a5f
61ff1fb3
40010833
0f9a8b81
00bbd413
60b391ce
05880281
0249a2b3
05a27163
022f48b3
0fb74f01
1ffd8000
61ff5fb3
03a00eb3
0133bc33
fbae7713
31b36125
177d02e1
40c25513
301ccb13
54338e6d
7f4101c6
0fb70f05
5f938000
a813607f
cd090420
01352b33
06970e63
0007f133
d0b70001
6b939d11
00011c22
407452b3
afb76f41
8f93a5a5
5f935a5f
9073287f
20093400
004000ef
004000ef
00000097
00c08093
00008067
340020f3
79138ce9
0001ec10
edfe41b7
00e08b33
e96b5237
ac33820e
2cb30283
35330206
0f3702c3
1f7d8000
5f934f81
f463698f
000105d3
01909913
85750316
0168e7b3
ebb38d71
34b30062
601301c6
0f37d007
7fc18000
1fb30f85
8ed149ff
16138e55
e66300ae
00010349
00fa5113
02534033
a0331408
0001029f
a5a5af37
5a5f0f13
5fb36fc1
5a1349ff
303301dc
8e49027c
010f8663
4c136f99
c8251cc4
0916e363
016c01b3
4f018d35
80000fb7
1fb31ffd
907369ff
00ef3400
80670080
20f30000
87633400
663705bd
193394b2
da6300a7
81690148
aa338535
50b30177
efb30156
99e6039f
0f057f41
80000fb7
29ff1fb3
80000f37
4fb35ffd
6fb303ff
4f8103ef
03ff5fb3
6fb34f81
856d03ff
8446ab93
002b7db3
412e8133
f8577737
023680b3
5eb7817d
597dc4b6
0532da63
afb76f41
8f93a5a5
1f935a5f
05b349ff
90f241e0
543ee613
64638d51
1b17038b
8d25b291
00ea7133
0261b633
0f378d4d
1f7d8000
5f934f81
501348ff
4db3401d
812102c0
17f7d437
00401513
043b8c63
912700b7
04bcfa63
5b138d55
0f37002e
7fc18000
1f930f85
60d5680f
03f205b3
8d4d0001
03c4e033
038f0033
01b79bb3
013f42b3
e1b38d71
af370365
0f13a5a5
6fc15a5f
29ff1f93
85111c90
0189e1b3
01ecb833
40a8d493
30338fb5
7463028d
a2130129
a4b380dc
4f01002b
80000fb7
5fb31ffd
10730fff
2ff3340f
3ff33400
717d3400
02fc1d63
971e1efd
68b38d71
819901fe
6363717d
11880590
0f057f41
80000fb7
0fff7fb3
04a89463
36b38509
00e200e2
41215433
66f5815d
b2339086
863303df
6f41404c
a5a5afb7
5a5f8f93
21ff2fb3
014d1c93
1adb2f93
2f35aa13
0243dfb3
0101cbb3
00bb4533
00cb58b3
41cc5e93
0001854d
80000f37
4f811f7d
21ff4fb3
7c492813
63f26793
00990433
02ce809d
84638215
37330189
96060012
02290233
80000f37
0f857fc1
21ff6fb3
edc44013
0329cfb3
ddb39836
d4b30144
08930082
0a8a2ae6
019b2133
7d638905
af3707ec
0f13a5a5
6fc15a5f
41ff7fb3
34041073
00004417
31840413
2223c004
01130024
c07e0084
24234f02
440401f4
2103c404
40040044
34002473
00fa0933
034a6c63
31138565
04b37407
2037029a
8833d4b5
f2b303c8
17b3016f
8c210043
0fb74f01
1ffd8000
41ff6fb3
07958739
04fafd63
41158b33
02d1a2b3
0933717d
3213013c
9133863e
997d02c3
0f057f41
80000fb7
41ff4fb3
40c55033
41c3d813
548f0937
01e68833
bedbb997
02ed4c33
311381fe
9a7d2b31
6f41864d
a5a5afb7
5a5f8f93
600f1f93
43178d4d
55b3d42f
b5b341a5
d16300dc
082202db
d8938d21
97634013
0cf607d4
80000f37
4f811f7d
601f1f93
8265897d
0905f563
581383c9
e9b341cf
ec17007c
576350a0
fc63082a
82630622
0f37091a
7fc18000
1f930f85
9073602f
00ef3400
80670080
20f30000
90733400
20093400
004000ef
004000ef
00000097
00c08093
00008067
340020f3
03e7b333
328dae13
039f9533
0222e833
b24d7813
37b368dd
f4130018
80fa00ce
af370001
0f13a5a5
6fc15a5f
0bff4fb3
6313c2b1
d133e950
5c334187
4937021f
c063bcc7
8d490386
e90ae193
036b8e33
020b31b3
0fb74f01
1ffd8000
0bff5fb3
000180ba
033554b3
40a55013
0279ec63
597d6115
4101dcb3
419885b3
045cfb63
0f057f41
80000fb7
0bff6fb3
8eb30810
5933010c
0463004a
8ee102b1
00019766
01a432b3
0793d963
01d7e533
afb76f41
8f93a5a5
7fb35a5f
d5b30bff
4b930061
803384a6
d1630201
72b304dd
97b300b0
44b30135
8d7d03b9
537d8ea9
80000f37
4f811f7d
604f1f93
80000f37
4fb35ffd
6fb303ff
4f8103ef
03ff5fb3
6fb34f81
5a3303ff
000100ad
00439313
fc638d39
e6b303dc
2e330052
1e93011a
ea930020
05b38af9
0f374042
7fc18000
1f930f85
da63605f
87b700a2
94a223cf
66630001
906302d1
dd93046f
85330116
8893021c
90333c64
af3700ab
0f13a5a5
6fc15a5f
080f4fb3
0127b033
28330c95
ab33027e
1b33023e
746302df
7e6301f9
dc13052b
8b3341da
20330047
4f0100db
80000fb7
1fb31ffd
ffb361ff
ec6301f0
0001031d
1fc38a13
003f1593
ee63717d
8149056a
43f8d897
7f418e21
0fb70f05
5fb38000
569361ff
c83300f7
8a7102bc
40e7d9b3
89b39972
8e6902b7
400e8133
3c1208b7
6f416b15
a5a5afb7
5a5f8f93
607f5f93
340f1073
34002ff3
34003ff3
01f4f363
75b360a9
615501db
20dc8c93
0f25c993
02221033
4b630001
6337059e
0f3720c9
1f7d8000
5f934f81
d793287f
8c1301bf
c931f2e4
9033557d
4f9303bd
477dfdcf
fc858f93
0135997d
80000f37
0f857fc1
698f5f93
90ce04c6
0328eeb3
22dabab7
031d96b3
a700a1b7
038d9a33
055add63
02be0763
af378fd1
0f13a5a5
6fc15a5f
49ff1fb3
50330ad5
d0934044
5fb30023
0c6241bd
8d638eb1
a8b300d2
83330370
000141e5
0fb74f01
1ffd8000
49ff5fb3
ebef3013
80338239
1eb340fd
84ea02f7
5e630c2e
6cb308c7
0dad0102
07c4cf63
0f057f41
80000fb7
69ff1fb3
34041073
00004417
efc40413
2223c004
01130024
c07e0084
24234f02
440401f4
2103c404
40040044
34002473
6f63018a
81290162
41f6dfb3
d7e07193
0435d563
4129dc93
04ee5e63
00c39eb3
6f4100ae
a5a5afb7
5a5f8f93
29ff1fb3
34009073
008000ef
00008067
340020f3
1b338e09
1e930357
c0330194
5213021e
75b34059
eb33019c
ffb7027e
717db8d8
00617933
80000f37
4f811f7d
49ff1f93
c91dc529
0570d063
00cf4bb3
8e090001
06c5c063
022d8eb3
00001a93
8ac26c13
80000f37
0f857fc1
48ff5f93
8b13b113
01f12a33
0420f463
025dce33
03b64563
006b74b3
77638d25
21330317
56630044
af3707ad
0f13a5a5
6fc15a5f
680f1f93
ea9346e1
c9359cff
01e9de93
01181e13
06e01a63
61418655
01003fb3
4f018329
80000fb7
1f931ffd
907329ff
20093400
004000ef
004000ef
00000097
00c08093
00008067
340020f3
01fc67b3
8d510001
01239933
037c0033
fe138339
d8b30364
988603da
0a5062b7
0f057f41
80000fb7
0fff5fb3
039bc033
ceb38519
05b3032d
5a7d010b
00046033
19bb4693
f5130c86
7e63bb0a
6f410494
a5a5afb7
5a5f8f93
0fff7fb3
012b6c33
007b7a33
0259a8b3
03df4bb3
012959b3
99760001
03fe8bb3
406a0db3
0f378d51
1f7d8000
2fb34f81
6a1321ff
86b3cd54
717d0044
009d98b3
0222c6a5
0178bdb3
45b38d49
7533013d
0f370196
7fc18000
4fb30f85
cb3321ff
80ae02ee
8bea597d
99630c9e
661707c2
803340cb
997d017c
0134a9b3
a5a5af37
5a5f0f13
6fb36fc1
0f3721ff
5ffd8000
03ff4fb3
03ef6fb3
5fb34f81
4f8103ff
03ff6fb3
4001db93
00018e4d
02e4a6b3
01110ab3
76638e09
f9630521
50fd0313
4f018d6d
80000fb7
7fb31ffd
5d9741ff
5db3cbca
8175027c
05c44c63
026f8263
03160033
00416e33
0f100d14
012a9013
0f057f41
80000fb7
41ff6fb3
00010546
00016129
00138e85
f4b35d30
58330184
d0b303ed
8e8941ac
afb76f41
8f93a5a5
4fb35a5f
ce0d41ff
0756b537
021f2533
00bd1433
010c7c33
1196c093
408d5093
ec424013
012d5293
0554d863
80000f37
4f811f7d
600f1f93
929a8e69
016c4733
1dfd0a56
0172aa33
7576b797
46634b61
a8b30252
0f370065
7fc18000
1f930f85
1073601f
2ff3340f
3ff33400
60f93400
003e34b3
00198363
d6938179
21b34093
9a86035b
8d558d29
01cf89b3
a5a5af37
5a5f0f13
1f936fc1
919e602f
03a47e63
89868169
879310fd
fab312c5
deb3011e
003303c0
4b63011d
4f010203
80000fb7
4fb31ffd
90730bff
00ef3400
80670080
20f30000
48793400
729bc013
022eb8b3
b8339bce
08b301d4
00010390
033ccc33
0001459d
0f057f41
80000fb7
0bff5fb3
50338cad
e4b7020b
04639a8d
7f9300f5
8d6d4856
89b38761
8e134032
4a635f9b
6f41079c
a5a5afb7
5a5f8f93
0bff6fb3
03299b33
d2036d93
031e8133
0361bab3
000010b3
0478d763
0851f463
01d03033
05a2f263
0f370f88
1f7d8000
7fb34f81
10730bff
44173404
04130000
c004ade4
00242223
00840113
4f02c07e
01f42423
c4044404
00442103
24734004
1b333400
c129012e
02395e33
039e5ab3
f163ce1d
f46306fb
25b30103
8d790226
4f452c13
80000f37
0f857fc1
604f1f93
0243d033
ae802993
36b67013
00a8a033
10472013
0397d4b3
02cd29b3
6e330001
4493003a
af379115
0f13a5a5
6fc15a5f
605f1f93
01566c33
417ed533
00713ab3
01931893
b331b437
06210e52
037ce333
9c631888
4f010468
80000fb7
4fb31ffd
3013080f
49635644
fb6302a6
64b30771
151303b6
801301d3
25338435
8d3503a5
6e33646d
7f4101be
0fb70f05
1fb38000
8edd61ff
c5398fb2
fc63717d
f96307c3
8e0d0414
01f0d293
409186ad
afb76f41
8f93a5a5
5fb35a5f
907361ff
20093400
004000ef
004000ef
00000097
00c08093
00008067
340020f3
01161433
406bd5b3
c41d0001
f423e993
f4c92213
2bc0b493
6f943313
001ad133
0037e033
80000f37
4f811f7d
607f5f93
02d15b63
48018013
8ee50d14
0205ca33
86080a13
88560001
00019e3a
80000f37
0f857fc1
287f5f93
0e2d0013
027a11b3
e0336545
040602d2
1c330788
8d2d00b1
02d5b433
410a5713
a5a5af37
5a5f0f13
5f936fc1
1413698f
c68901cd
9c970001
6a9567c3
03435bb3
02d265b3
151c997d
0137c7b3
0fb74f01
1ffd8000
49ff1fb3
c0339a72
48330256
bab303a9
5033026a
8d0540b3
3ab38932
38330247
96330217
7f4103ec
0fb70f05
5fb38000
0f3749ff
5ffd8000
03ff4fb3
03ef6fb3
5fb34f81
4f8103ff
03ff6fb3
00def463
f018f893
cde0e693
00801b13
0001c921
50336305
c529405b
2e8e0f93
afb76f41
8f93a5a5
1fb35a5f
9afd69ff
b0330fde
8eb302ea
09b34109
5e330315
db1303fa
5b330110
9933403d
413303be
0f370233
1f7d8000
1fb34f81
717d29ff
e819b697
018511b3
f197ca9d
7693c9f3
5133fe94
8eb1008f
01b38d51
0f37023e
7fc18000
1f930f85
907349ff
00ef3400
80670080
20f30000
8d633400
c13d0070
09b342b1
4033417b
d51303b1
4163409d
000106a3
d1036017
006fa033
a5a5af37
5a5f0f13
5f936fc1
a11348ff
8d4d674e
a4e2e413
027d2533
0001890d
52b36175
e1b30184
00010053
0fb74f01
1ffd8000
680f1f93
340f1073
34002ff3
34003ff3
4087da33
5981b893
01d255b3
025d5b33
0349ce63
6c338e69
90170052
8163de71
b7b30235
7f410390
0fb70f05
1f938000
e41329ff
88b321ad
863d4190
12c56893
4139d013
02385663
0001994a
02f1d233
05799c63
afb76f41
8f93a5a5
5fb35a5f
d3630fff
82d20509
f763811d
46310407
009a1b93
5cad7193
014c8f63
63338f9d
0f37008c
1f7d8000
7fb34f81
8c410fff
8e3390da
0bb202d6
0bb38d6d
23134081
8d0d4316
038ba8b3
40728033
80000f37
0f857fc1
21ff2fb3
03de2733
0198f533
7b638d39
82b30494
8d354109
022aac33
06f4c013
00141a33
af370001
0f13a5a5
6fc15a5f
21ff4fb3
34041073
00003417
6cc40413
2223c004
01130024
c07e0084
24234f02
440401f4
2103c404
40040044
34002473
ebc2bf93
e6338d6d
6c2d02dd
019b77b3
62b1fb13
c897c921
c1932f06
8159eb5a
0fb74f01
1ffd8000
21ff6fb3
41985013
ed6350fd
6963024c
45b3046b
f1930001
05088c7c
008d34b3
0bb36125
7f410333
0fb70f05
7fb38000
5d6341ff
00010256
008d6b63
8cd0cc13
013379b3
027d5363
8763c7b9
8255047d
6f411388
a5a5afb7
5a5f8f93
41ff6fb3
01c722b3
65d98e5d
8e910156
10138249
cc1300b1
8c46a710
0f3782f9
1f7d8000
4fb34f81
c46341ff
1a6306ff
00010516
963302da
8a9501ab
6a7a6f93
01b746b3
5cb38571
0f37411b
7fc18000
1f930f85
9073600f
20093400
004000ef
004000ef
00000097
00c08093
00008067
340020f3
01ab7c33
023bca33
c2b396a6
8a9302a2
06b3da80
a7b3021e
677903f7
d6334091
af370116
0f13a5a5
6fc15a5f
601f1f93
01082b33
223390b6
d4930117
8965403d
40785893
8d1160f5
02891833
039568b3
0fb74f01
1ffd8000
602f1f93
ea93814d
d5b3fb2c
1590414d
03dfc433
0303ab33
717d10fd
29660513
7f410976
0fb70f05
4fb38000
83630bff
c513083f
903372d9
11b3009c
4033018f
fb330152
e0330108
4197038f
c2c1b980
00ac2033
afb76f41
8f93a5a5
5fb35a5f
90730bff
00ef3400
80670080
20f30000
82453400
02e0c5b3
018456b3
d0135cfd
8d4d41b8
822d8ef5
001e1733
0f378d31
1f7d8000
6fb34f81
0f370bff
5ffd8000
03ff4fb3
03ef6fb3
5fb34f81
4f8103ff
03ff6fb3
0c4e0588
021a0fb3
401ade13
23284e13
02f8e8b3
01b69293
717d9096
40035b93
80000f37
0f857fc1
0bff7fb3
0057e033
eed5b793
02338db3
5267f793
00823a33
810d8ded
022f9133
01c28f63
39ca8d93
a5a5af37
5a5f0f13
1f936fc1
c713604f
5c93e0ad
829101d0
0d93a693
01acc9b3
41c48833
029a4263
b9330001
c5b3003a
4f010359
80000fb7
1f931ffd
4ff5605f
0db30001
c12d00dd
0154c033
d5c23997
55b38925
831303cd
8fed727e
0f057f41
80000fb7
080f4fb3
45318337
08b18631
814d8e01
014149b3
02016ab3
41c95033
8eb18031
afb76f41
8f93a5a5
1fb35a5f
107361ff
2ff3340f
3ff33400
8e633400
97be0327
02b2c033
008ee963
8d2500cd
02be9363
67630ded
91ce0264
80000f37
4f811f7d
61ff5fb3
b3454a13
009e1113
03391c33
d6130001
f937007e
81355813
91402b13
010e75b3
019f79b3
80000f37
0f857fc1
607f5f93
7d638d65
40170226
c9393ccd
76b18513
9a938085
073300ae
92160044
af378d75
0f13a5a5
6fc15a5f
287f5f93
48938255
a533abc4
0001026b
01139493
071add63
ed4d3897
033a0001
d5fdbf93
0fb74f01
1ffd8000
698f5f93
9c33972e
023d016a
0933997d
c0334193
852903b5
026c8333
edec0c93
00552033
0f057f41
80000fb7
49ff1fb3
34041073
00003417
2d040413
2223c004
01130024
c07e0084
24234f02
440401f4
2103c404
40040044
34002473
5b3301d1
28b301ef
3013009c
08335108
09b30059
823d40e1
00de5013
03c329b3
9d11b913
afb76f41
8f93a5a5
5fb35a5f
018e49ff
010d1193
73da4c97
01c374b3
4e690001
e79e81b7
51a29037
0068e633
8f2a0497
80000f37
4f811f7d
69ff1fb3
02b7b7b3
6539808e
0272afb3
00de55b3
03f5db63
41165c93
95c52c93
bd965017
03a67363
80000f37
0f857fc1
29ff1fb3
01b9f4b3
04930862
6333cbb3
01ba030b
e363454d
8d3100f7
07c01b63
af370088
0f13a5a5
6fc15a5f
49ff1f93
69930001
37937a60
87cdba0a
01a80463
08d51263
015b0333
bb55e797
0214a2b3
4f018d0d
80000fb7
5f931ffd
907348ff
00ef3400
80670080
20f30000
90733400
20093400
004000ef
004000ef
00000097
00c08093
00008067
340020f3
9e63c915
8e3302a9
5a630379
620504ce
03134133
00338d8d
191703d5
5c63f49a
7f4104bc
0fb70f05
1f938000
f8b3680f
4b5d0128
04b2c663
007df833
8d399c06
b9165497
0282a633
01289b93
50402413
afb76f41
8f93a5a5
1f935a5f
c13329ff
6c6300b9
da1302b1
5e634163
35330429
97b3010f
41b3032a
8961030c
11d5a693
028149b3
80000f37
4f811f7d
0fff5fb3
88630346
e1130124
c2939d97
a8b3fb98
8d0d01bf
0453de63
01715133
d0338d15
0f370345
7fc18000
7fb30f85
0c330fff
09104062
89751d88
0fde8ed1
c7331f08
8e0903e3
40205333
a5a5af37
5a5f0f13
2fb36fc1
0f3721ff
5ffd8000
03ff4fb3
03ef6fb3
5fb34f81
4f8103ff
03ff6fb3
41925713
5ab3826d
d93301dc
f56300f0
4713035d
6d639f81
8d11057b
00745913
41170033
0fb74f01
1ffd8000
21ff4fb3
05778363
c5d7a413
40865693
031a6e8d
03ac1033
801a7913
b977a993
8aa18d09
0f057f41
80000fb7
21ff6fb3
d6337493
26b38d75
8d5500ca
00719833
02a8d963
00018296
8b3351fd
6f41019a
a5a5afb7
5a5f8f93
41ff7fb3
5dfd0d9a
01c7b9b3
3e938cf1
7063b833
af930458
50131365
0cb3419f
de6340e6
0f37053d
1f7d8000
6fb34f81
bcb341ff
04130374
e293272b
af932128
9ab39f01
7c6300ca
57b30373
5d934198
05884035
f3d1fb13
80000f37
0f857fc1
41ff4fb3
340f1073
34002ff3
34003ff3
005ccab3
005c6eb3
6cb38505
833302e8
2e330363
c1630356
94b302c1
8f990226
4bb8ac97
a5a5af37
5a5f0f13
1f936fc1
2c33600f
000100b2
857908b5
00f93033
0268d733
01461bb3
04259163
24338ea9
4f010397
80000fb7
1f931ffd
0242601f
dc6366bd
40330507
9922024e
83158285
5c867793
00225a63
02a238b3
0f057f41
80000fb7
602f1f93
39330001
613303e1
8d45003e
00338d11
1c1703d5
40334109
ef930345
3fb344c0
6f410010
a5a5afb7
5a5f8f93
0bff4fb3
0fd58d09
3e330001
69130113
40336a11
8d63030a
663d04c5
1e88997d
80000f37
4f811f7d
0bff5fb3
34041073
00003417
eb840413
2223c004
01130024
c07e0084
24234f02
440401f4
2103c404
40040044
34002473
01a10ab3
8a4f4593
01494433
07324063
020066b3
052f4263
030b4bb3
48b38a01
893303a7
0f3741da
7fc18000
6fb30f85
90730bff
00ef3400
80670080
20f30000
79633400
0bca0100
590fbab7
59e97c13
81198f49
038b2bb3
8d5165d1
af3790a2
0f13a5a5
6fc15a5f
0bff7fb3
bc176169
c0336d37
ce6302b4
b5b304d3
5c630302
8ced0483
54930001
e61300b1
4f01af03
80000fb7
1f931ffd
b7b3604f
4a3301c5
f733009f
000100cd
eb6380b5
6c33023d
80330143
1033037e
8ea903c3
0f057f41
80000fb7
605f1f93
4027d013
30338eed
b433003c
49b300b9
9bb3014d
000101bc
08b30c98
c91340e6
6f41a607
a5a5afb7
5a5f8f93
080f4fb3
34009073
00ef2009
00ef0040
00970040
80930000
806700c0
20f30000
22b33400
02c902da
40fe5313
017e8c33
ca338e31
7c6303d3
1b1304c2
0aa10117
0436c763
80000f37
4f811f7d
61ff1fb3
004b7bb3
941be013
69638d51
3c9305a7
9a7de6e0
02a12033
aff1f513
8e3d0001
80000f37
0f857fc1
61ff5fb3
1c9300b1
213300b7
557d0242
fa634231
36130597
07b31b89
8d51027b
05ebe013
a5a5af37
5a5f0f13
5f936fc1
0c08607f
012d3a33
40a8d7b3
02259233
039f66b3
01a11193
8eb58d35
0192ba33
4f018d65
80000fb7
5f931ffd
c133287f
24b30320
0cde01ed
4bdec6b7
3a330001
8576012e
11fd82a6
7f418715
0fb70f05
5f938000
0f37698f
5ffd8000
03ff4fb3
03ef6fb3
5fb34f81
4f8103ff
03ff6fb3
01ceed63
a11367c9
c8b3a7fe
6ec90143
dad44093
a733717d
86d60199
6f418ea9
a5a5afb7
5a5f8f93
49ff1fb3
03042833
8e0d60f9
94171010
a6b3d44a
1b3301fc
7833025a
60330027
271303fc
0f37ec79
1f7d8000
5fb34f81
ed6349ff
8e1101bb
02f9a133
a91311fd
bc93a527
8d31012e
b5ecf313
043a5563
0f378d6d
7fc18000
1fb30f85
8d5169ff
02270b63
0215e5b3
6fe955fd
80710001
14fd0315
f4663013
a5a5af37
5a5f0f13
1fb36fc1
1f0829ff
79b361b7
00ab9693
4098d233
00b38d69
2613410f
53330e41
806303bb
ddb30380
4f014124
80000fb7
1f931ffd
107349ff
2ff3340f
3ff33400
0cb33400
e9b302c4
8516030e
957a8d0d
033dc6b3
dd639a7d
f9930231
d8b31f5c
7f4103b2
0fb70f05
5f938000
5fb348ff
60334165
59b302c3
8fca40b4
02db44b3
0308e6b3
413e5933
064cf863
40750533
039dcc33
afb76f41
8f93a5a5
1f935a5f
9073680f
00ef3400
80670080
20f30000
42b33400
f8630217
e03300c6
06b30054
21b34163
e0b3018c
dcb30126
7c1340bf
0133b282
d5134049
0f3701c3
1f7d8000
1f934f81
0c1629ff
09764363
83418152
ebb300ba
8e4900b5
011f6233
006bd1b3
85054693
80000f37
0f857fc1
0fff5fb3
09638579
e2b30788
d83301be
8e4d035c
073ceb37
01ad0433
d748b917
013da033
af3747c9
0f13a5a5
6fc15a5f
0fff7fb3
34041073
00003417
a9840413
2223c004
01130024
c07e0084
24234f02
440401f4
2103c404
40040044
34002473
8cc68109
02b18933
0041f8b3
00459433
ce931a1c
966a7ea3
59c36013
4f010001
80000fb7
2fb31ffd
527d21ff
fa9306ce
bcb39f97
a0130275
887abc90
1b7d8d31
571367ed
7f41418d
0fb70f05
4fb38000
e03321ff
c9b700c6
49b39106
8cd103da
85fd8d2d
00995133
039f6eb3
accf2693
007ad833
afb76f41
8f93a5a5
6fb35a5f
055e21ff
41d8d433
416c2513
05a608cd
037cc033
00babab3
06256663
56b3c909
0f370206
1f7d8000
7fb34f81
000141ff
021bdab3
00ea1033
02182e33
62616405
ca0c4313
961a8d35
039d0133
80000f37
0f857fc1
41ff6fb3
34009073
00ef2009
00ef0040
00970040
80930000
806700c0
20f30000
00b23400
c621090e
95470313
6125c129
00ff06b3
023bedb3
b8938ea1
af37ad1e
0f13a5a5
6fc15a5f
41ff4fb3
c98aa813
00b98ab3
fd634191
00330382
0a330070
d4630289
556305d8
6ab303f6
8d21038a
0fb74f01
1ffd8000
600f1f93
8b9397f2
611d87a7
01bdaab3
2c504a93
00605463
8aab8b13
02c26233
03448233
7f418951
0fb70f05
1f938000
2533601f
c81d0272
9bb30001
61310250
00d87033
00312033
6163611d
2113064a
6f4148a7
a5a5afb7
5a5f8f93
602f1f93
02db5c33
041fea63
04ed0f63
401ed913
11f22713
e6630e4e
80330649
140840b2
0f370001
1f7d8000
4fb34f81
0f370bff
5ffd8000
03ff4fb3
03ef6fb3
5fb34f81
4f8103ff
03ff6fb3
0001826d
e4c0e513
45782013
03344bb3
03ac17b3
0267f563
9033ceb1
f29701de
0f37dfac
7fc18000
5fb30f85
f7630bff
0937052f
d4136388
9b33415d
003703c8
e76363b3
90130341
03630055
b5330330
8d75004c
a5a5af37
5a5f0f13
6fb36fc1
8d650bff
eacba893
da73e017
8d711388
412c0233
00018545
06ba5563
0931be13
0fb74f01
1ffd8000
0bff7fb3
34009073
008000ef
00008067
340020f3
a2338109
546303c6
9afd07fd
c0d18a93
0348aa33
02a34233
ca85a613
9363717d
7f4102bd
0fb70f05
1f938000
6517604f
8e89f99c
02165333
2c3385a1
0f9a03f3
9df6c193
0793c2a9
55b31e58
6f41017b
a5a5afb7
5a5f8f93
605f1f93
340f1073
34002ff3
34003ff3
22938db5
d533d462
9a630210
406305c5
521302d1
0322010d
34330001
9033032c
0f370308
1f7d8000
4fb34f81
801d080f
0052dcb3
00d95033
41b15433
8fae0017
419500f2
006c3cb3
409f5593
41d58233
80000f37
0f857fc1
61ff1fb3
7513823d
8d4d09d4
03ad5933
1c1eb313
02b76163
5ab30a86
000101be
038e38b3
a5a5af37
5a5f0f13
5fb36fc1
cdb361ff
8e8d03ca
440b3013
87928ed1
09e4d063
00293733
068a8b63
09089263
4f010908
80000fb7
5f931ffd
5033607f
13330244
a7b30367
846303fb
8d0d0895
0372ee33
011a38b3
02344a33
08c20463
06bedf63
0f057f41
80000fb7
287f5f93
34041073
00002417
68c40413
2223c004
01130024
c07e0084
24234f02
440401f4
2103c404
40040044
34002473
00018d69
02dafb63
55748097
0132e6b3
0338cd63
8eed0175
9bfd8c92
afb76f41
8f93a5a5
5f935a5f
ec93698f
4713ceaa
9713407f
ffb30123
6c630145
519304e6
0001012b
04e89c63
0c100001
80000f37
4f811f7d
49ff1fb3
01d2b0b3
018334b3
02aa12b3
3409e017
0284c933
0148adb3
03fc4733
011497b3
cb130980
0f37ab61
7fc18000
5fb30f85
808549ff
01a6d363
f4638505
97260360
66c56a9d
00530433
c716e013
03ac9563
a5a5af37
5a5f0f13
1fb36fc1
e09369ff
a4333a53
6693001c
70372371
9263e449
8151053a
d0330001
d2b34042
a03300ec
4f010108
80000fb7
1fb31ffd
907329ff
20093400
004000ef
004000ef
00000097
00c08093
00008067
340020f3
7b330001
a9930102
fa6390d3
d33302cc
609101af
024deab3
9b37011c
7a637b47
7f4105ca
0fb70f05
1f938000
000149ff
029ded63
00574233
2441f013
64d1577d
40a9da13
01906c33
00b07533
6dfa6093
afb76f41
8f93a5a5
5f935a5f
e7b348ff
50fd03c9
01433833
04639a7d
363300a8
8c4201df
03b26963
403ed013
01250033
80000f37
4f811f7d
680f1f93
017eb133
01dd4533
4077de93
02b228b3
a4339b36
72630361
19080590
08310363
0325d1b3
80000f37
0f857fc1
29ff1f93
34009073
008000ef
00008067
340020f3
a5b3874d
a5b3013a
00010218
03192cb3
a2d2ff97
00aa42b3
6363c73d
85b30769
af3702e2
0f13a5a5
6fc15a5f
0fff5fb3
80000f37
4fb35ffd
6fb303ff
4f8103ef
03ff5fb3
6fb34f81
603303ff
81330101
8dfd02d1
521381d2
879301b6
c413dead
17882e02
01f32b33
07480063
0fb74f01
1ffd8000
0fff7fb3
013f6033
01d34763
004aa533
5f638d15
0c5e0412
02d06bb3
02f1cab3
402b08b3
40718c33
0f057f41
80000fb7
21ff2fb3
009d81b3
d6826013
405f5213
4700f893
039998b3
55138d15
4213010d
949eb67e
00bed1b3
afb76f41
8f93a5a5
4fb35a5f
c63321ff
070a00f8
0312cab3
03535663
00565113
0121c9b3
a352e313
57b78e8d
619357cf
0f37f439
1f7d8000
6fb34f81
151321ff
000101a0
408ede33
01f0f433
0154d233
03b510b3
1e908d29
40975833
0297e763
80000f37
0f857fc1
41ff7fb3
340f1073
34002ff3
34003ff3
e9b38905
4c630181
29330087
90330244
c4b30242
101302a4
9bb300b7
6b3300f0
1db30280
af370055
0f13a5a5
6fc15a5f
41ff6fb3
03d59e63
037e47b3
4103d593
1a93027a
b03301a2
8cb301cb
822541f0
00015ffd
0fb74f01
1ffd8000
41ff4fb3
a7fd0b13
0107ed63
4f638169
05800440
a34a0293
f0630d99
533302cc
b4334069
7f4102e2
0fb70f05
1f938000
b493600f
000151aa
c0330001
dc9300e5
d2134051
a033013c
40630247
867d09ac
0802d063
afb76f41
8f93a5a5
1f935a5f
9276601f
00b2de33
024a3333
ca14e613
01b21033
6a638fa9
1eb30699
c5b50003
cee56913
80000f37
4f811f7d
602f1f93
34041073
00002417
26040413
2223c004
01130024
c07e0084
24234f02
440401f4
2103c404
40040044
34002473
01bea233
6e63717d
699305d4
2e338bc2
82a50370
50338d11
39b34080
35b30393
0f37013f
7fc18000
4fb30f85
af930bff
033375ea
2b330244
7a1300d8
5cfdcdf4
8d510001
ca270293
415f0033
af379afd
0f13a5a5
6fc15a5f
0bff5fb3
c7378d6d
f5b3ffe3
a1330155
8f2502f7
0255a333
02b38563
717dc2a9
6419b293
0fb74f01
1ffd8000
0bff6fb3
89690001
016715b3
03afcd63
01cad093
6109c151
b51b6693
024780b3
79b57193
0f057f41
80000fb7
0bff7fb3
5e638609
fb63015c
91c20635
dc1347e1
b713017e
e563b189
b7330879
9eb3005d
6f4100da
a5a5afb7
5a5f8f93
604f1f93
34009073
008000ef
00008067
340020f3
34009073
00ef2009
00ef0040
00970040
80930000
806700c0
20f30000
8eed3400
f90f48b7
026b1233
922e3013
008c2533
836e00a6
036e4533
01d57a33
0f378e21
1f7d8000
1f934f81
6033605f
7a1301f8
d49311f4
20b3012e
000102a7
00c78033
940a0001
fe0c8337
0f37cd21
7fc18000
4fb30f85
62b3080f
50fd0219
41695bb3
c3638e85
8e0d0028
0230e563
04696863
613182e1
a5a5af37
5a5f0f13
1fb36fc1
8d6561ff
56138dbe
7593006b
8033f187
096301bf
a8b3078b
82b50027
0325a133
4f01187d
80000fb7
5fb31ffd
d01361ff
93630161
c63900c3
408dd793
02ed6d63
7f77f093
f9938615
1d98a395
53482593
0f057f41
80000fb7
607f5f93
80000f37
4fb35ffd
6fb303ff
4f8103ef
03ff5fb3
6fb34f81
efb303ff
894903a1
01ac1593
7b912617
14da2193
00f280b3
4a6d6c13
03e8c763
03939233
034fa0b3
afb76f41
8f93a5a5
5f935a5f
7863287f
5013007c
6b3300f6
d5130349
dd63411e
d19302b7
01b340ce
717d412f
a96ab6b7
0f378eb5
1f7d8000
5f934f81
1e08698f
cb138269
83360fa9
00a9d9b3
02f0fa63
00019306
405ed433
0294eeb3
80000f37
0f857fc1
49ff1fb3
f213717d
0001e0a0
03cae833
01101a33
0758f563
1fd93a93
01746e33
00799ab3
07c46563
a5a5af37
5a5f0f13
5fb36fc1
936349ff
84b30498
b1b301fb
c6330208
8d350227
01fcd613
405fd793
05329963
83899632
0fb74f01
1ffd8000
69ff1fb3
340f1073
34002ff3
34003ff3
6d4e0413
f886bb93
31ca85b7
98b3c691
08b3026e
1e0c02b6
41b08533
55b3cd21
7f414163
0fb70f05
1fb38000
593329ff
717d0151
039a9db3
321790fe
093e5f50
8d898bc2
00018c35
afb76f41
8f93a5a5
1f935a5f
9a1349ff
7e130030
1163d015
623304a8
da93026b
5c930080
bc334122
06fd00de
018a9233
4168d033
80000f37
4f811f7d
48ff5f93
02b66133
0385ce33
01cd1c13
8ed190a2
1afd908e
8b86610d
8236eab7
80000f37
0f857fc1
680f1f93
013e0363
8d718c55
04db8a63
00019606
00151c33
036a0033
b633137d
af370291
0f13a5a5
6fc15a5f
29ff1f93
34041073
00002417
e5440413
2223c004
01130024
c07e0084
24234f02
440401f4
2103c404
40040044
34002473
77fc2d93
02f1d4b3
00018c8d
890d9e1e
41930033
d0b38e95
126341de
4f010609
80000fb7
5fb31ffd
90730fff
00ef3400
80670080
20f30000
8ff13400
03744f63
03af4463
8d098e05
c563117d
98330325
c913010e
80335cde
7f4141e9
0fb70f05
7fb38000
8d250fff
04b74563
01e18733
015ce7b3
01f21eb3
68b36165
8e7901ce
01ac1013
6f41717d
a5a5afb7
5a5f8f93
21ff2fb3
083d3613
43d4f193
01a8b833
07b74691
94b34f95
69130196
3a1397f2
8b3797b0
ebb358d3
0f370087
1f7d8000
4fb34f81
833321ff
8e860336
01593bb3
8e5d6129
67338d09
80590327
02354eb3
0f370001
7fc18000
6fb30f85
907321ff
20093400
004000ef
004000ef
00000097
00c08093
00008067
340020f3
04df9e63
013b8863
7d630001
8d2d05da
8949717d
acc53b93
7c33c131
af3701d8
0f13a5a5
6fc15a5f
41ff7fb3
247f5cb7
00eaffb3
6cc56c93
013d2033
022e8033
fac6a893
7c63ce11
008e0542
00ae22b3
0fb74f01
1ffd8000
41ff6fb3
8d09612d
019d20b3
02374ab3
41a802b3
8cf1997d
001a2bb3
33591b97
00e3a933
0f057f41
80000fb7
41ff4fb3
022015b3
9fe58013
e28055b7
0159c7b3
4ed1cc13
717d8d09
e9786c93
83638155
6f41070e
a5a5afb7
5a5f8f93
600f1f93
ca3c8893
00640363
673380b1
d6b70141
8663785c
76b306c9
dc13012e
56b30184
717d019c
80000f37
4f811f7d
601f1f93
80000f37
4fb35ffd
6fb303ff
4f8103ef
03ff5fb3
6fb34f81
547d03ff
036bc6b3
02da2033
dac7c893
0a639a7d
1e6305df
5a7d0479
b8b382bd
0f3701db
7fc18000
1f930f85
5b93602f
12930074
9c6301d8
61150314
c79991b7
0347aeb3
033fe563
0e1bee37
01130001
af378bd0
0f13a5a5
6fc15a5f
0bff4fb3
03171a08
8b635abf
101702c4
7d63d83c
000103f3
40330c08
1b33010b
32130387
4f011849
80000fb7
5fb31ffd
c5250bff
010152b3
01f95eb3
01b91c13
6b636115
701302bd
0001e5be
03b16663
ec2ff813
0f057f41
80000fb7
0bff6fb3
01718933
d5936165
90d600ef
e3ad8bb7
002fec33
8d6d8105
03e764b3
03e5dbb3
afb76f41
8f93a5a5
7fb35a5f
10730bff
2ff3340f
3ff33400
3cb33400
9e330378
e0330015
54630210
b5b307c7
951e023e
4185d7b3
01ce4b33
e97fe613
0f379a7d
1f7d8000
1f934f81
0001604f
c21399fe
ca1355b6
403389e3
a3130362
88e6cf07
01e51a13
030b5bb3
018b59b3
80000f37
0f857fc1
605f1f93
34009073
008000ef
00008067
340020f3
04b3892a
b0930248
8d0dba73
04ec8163
00875cb3
00aea733
d5417a13
03064033
03934333
a5a5af37
5a5f0f13
4fb36fc1
f233080f
8e450116
00bcd033
41d6cf93
40c50033
00a7aeb3
ac938ec5
61156f06
4f018d0d
80000fb7
1fb31ffd
533361ff
e16303f1
8b33065f
ca9302fa
97feb63f
000cc033
014d3eb3
03cdecb3
026ee333
7f418eb5
0fb70f05
5fb38000
107361ff
24173404
04130000
c004a2a4
00242223
00840113
4f02c07e
01f42423
c4044404
00442103
24734004
b8333400
1a8802d9
02b4e4b3
519382e6
c193012c
eb634bdd
85fa035e
cb330ab9
6f4103e6
a5a5afb7
5a5f8f93
607f5f93
405bd7b3
88450001
54131788
fcb300c7
fbb30033
862901ec
41785593
0f370329
1f7d8000
5f934f81
4333287f
983a023c
02bfa433
0234aeb3
409a8833
0202c2b3
03c43b33
008c4cb3
02031ab3
0f37c931
7fc18000
5f930f85
9863698f
3193000c
e7335e16
b1b3019a
d31302df
954a0033
01af52b3
41378ab3
a5c37193
af376889
0f13a5a5
6fc15a5f
49ff1fb3
412d5033
4076ddb3
9afd8505
41985e13
00bd2833
86b26115
673f8f93
4f018d65
80000fb7
5fb31ffd
907349ff
20093400
004000ef
004000ef
00000097
00c08093
00008067
340020f3
2e330001
5a3301e0
863303ff
451300e6
997dd0a6
047a1e63
4eb34ef9
c56302b1
7f4104aa
0fb70f05
1fb38000
49b369ff
8b6301b0
d433055e
8d3140b3
0005be33
903398ee
52130275
02ba0006
6f4181da
a5a5afb7
5a5f8f93
29ff1fb3
01d35333
02e736b3
54044b37
7297997d
8d15bda7
54638255
26b300b9
9afd0043
80000f37
4f811f7d
49ff1f93
4004dcb3
e4338d4d
473300c7
369301f3
4033b80f
9e9301ca
aab301d1
c76301f5
803d038a
80000f37
0f857fc1
48ff5f93
03825033
fe938f8a
d89754f1
16b773d5
19087069
06f4e363
034625b3
34336c41
af3701ff
0f13a5a5
6fc15a5f
680f1f93
80000f37
4fb35ffd
6fb303ff
4f8103ef
03ff5fb3
6fb34f81
523303ff
987d4095
672d8d6d
bd258617
4a0ac513
020431b3
8002b493
22330001
4f01022f
80000fb7
1f931ffd
559329ff
a31740a3
c50d4c7b
02fa9963
00764bb3
d3339e12
856500e0
0117e633
003070b3
0f057f41
80000fb7
0fff5fb3
0308ddb3
40588333
85fa9872
85d58569
016210b3
0c002097
009cc033
1cf26093
afb76f41
8f93a5a5
7fb35a5f
90730fff
00ef3400
80670080
20f30000
c9b33400
861d01ff
5cb38549
519340e8
b03300c6
b11301ff
841daeca
9a569afd
80000f37
4f811f7d
21ff2fb3
4040dfb3
03761ab3
85158e6d
f6d5e013
41bb5933
01799313
077f4263
07fe0463
02aae763
80000f37
0f857fc1
21ff4fb3
340f1073
34002ff3
34003ff3
7613909e
30b3ef47
5e930201
d9134060
f663411d
ba930392
88b3751c
50b30342
35b300fb
af370181
0f13a5a5
6fc15a5f
21ff6fb3
41fc0133
9e93c9b9
86c90007
97aa15fd
0409ce63
033e4463
02b260b3
00bdd993
0fb74f01
1ffd8000
41ff7fb3
e1935cfd
8e8959f2
0211dc33
627f0f93
3e33c929
f49302fd
d8b360fc
cc1903f2
0f057f41
80000fb7
41ff6fb3
7c93c741
090a77ee
02a9c133
021a0b63
09289163
c081e517
06748f63
4fd0bb93
00287033
afb76f41
8f93a5a5
4fb35a5f
8d5141ff
6e09810d
00ef5013
03f2d133
4eb3997d
83330184
4e930155
0001facd
80000f37
4f811f7d
600f1f93
34041073
00001417
61440413
2223c004
01130024
c07e0084
24234f02
440401f4
2103c404
40040044
34002473
035c2933
b4feae93
c0138ce5
3193f90d
a4336dfe
67330367
85390095
0f9a717d
80000f37
0f857fc1
601f1f93
9e643113
015b5633
41528033
00018d55
0280bab3
b61300ee
59b34097
4c9300bc
af3738ea
0f13a5a5
6fc15a5f
602f1f93
8d6dc139
00018d4d
03a3dd63
71b30001
2433009a
641300f6
0633cd25
4f014161
80000fb7
4fb31ffd
8d7d0bff
02efcab3
01d6f363
910a868d
f2130001
08b3d308
779341f5
82635701
7f4102bc
0fb70f05
5fb38000
50130bff
f5b300aa
000100f6
41070733
1f080001
496304d2
8da90498
e9587813
afb76f41
8f93a5a5
6fb35a5f
90730bff
20093400
004000ef
004000ef
00000097
00c08093
00008067
340020f3
40b95b93
8d710001
409fdc13
086394da
58b30372
04900037
008aa7b3
00407f63
80000f37
4f811f7d
0bff7fb3
2e07ac93
1c138569
00b90145
0bba97d6
063381cd
a0b341c7
cb6302a0
0f3700ec
7fc18000
1f930f85
8086604f
56fd8122
83338156
2eb3023f
d3630113
000102af
8e3509d6
a5a5af37
5a5f0f13
1f936fc1
c463605f
18b3012a
9a7d03a0
06d9ad93
415105b3
000160d9
00a310b3
411fdc13
063b5f63
0fb74f01
1ffd8000
080f4fb3
34009073
008000ef
00008067
340020f3
003f7033
6493817d
0513b023
cb339db2
6ce5024f
4eec0913
16112b13
57630001
7f4103d4
0fb70f05
1fb38000
0f3761ff
5ffd8000
03ff4fb3
03ef6fb3
5fb34f81
4f8103ff
03ff6fb3
01459413
00018ab1
16908d71
086f7613
ce5b0913
54b3832a
f4b3014b
6f410007
a5a5afb7
5a5f8f93
61ff5fb3
4067d933
5375e493
03b01963
06eee993
034f5033
4cb30001
9c3a0188
c3338d55
0f3702ae
1f7d8000
5f934f81
717d607f
04cd9063
4c63997d
01330418
08b301b2
fc63018c
94b304dc
11b302d8
8685024c
80000f37
0f857fc1
287f5f93
00016125
006110b3
02101763
03cec7b3
447efd93
fed52217
0022b7b3
b76b7d93
01856033
a5a5af37
5a5f0f13
5f936fc1
7a33698f
736301c4
6363062f
a31306c8
7363f422
00010784
3cb3527d
551300bd
0013418b
4f018a19
80000fb7
1fb31ffd
107349ff
2ff3340f
3ff33400
cb333400
a6130283
00015a6a
deb38935
bf9740f6
0bb55f8b
401a08b3
c4a9894d
0f057f41
80000fb7
49ff5fb3
03883333
02e6ce33
0300b8b3
0148c533
06eb7c13
41bf8133
029a4033
00d734b3
fab30c22
6f410163
a5a5afb7
5a5f8f93
69ff1fb3
60950e94
04475563
8e331f80
e063407a
c933063c
5e9302cc
849e4066
00a9b133
80000f37
4f811f7d
29ff1fb3
0448c863
00113fb3
fedf8113
acf03f93
0162d9b3
ea822813
02bf4063
09945163
6793127d
0f374a02
7fc18000
1f930f85
8fa549ff
4075d193
02fa4cb3
095f9063
1cb39336
496302b1
8f41058c
01051493
0187d413
a5a5af37
5a5f0f13
5f936fc1
107348ff
14173404
04130000
c0042064
00242223
00840113
4f02c07e
01f42423
c4044404
00442103
24734004
8db33400
00010378
00019afd
92970e06
c9b3b1c1
576301c7
127d0364
037ac533
0fb74f01
1ffd8000
680f1f93
020e97b3
557d6a5d
03029eb3
03a2db33
005fdc93
03b31b63
045a8463
d3330001
7f4102a9
0fb70f05
1f938000
fc3329ff
47b301c2
3db3015c
563303bb
5ffd4120
a0b39afd
1e7d0250
1db38aad
6f410257
a5a5afb7
5a5f8f93
0fff5fb3
41acd133
0e630001
4b330264
d1630152
156308a3
00aa0292
02f16e33
077e4f63
029ac363
80000f37
4f811f7d
0fff7fb3
a6b30001
2db301dd
8f150000
93638c89
66b30839
dc930148
6b634018
a0330727
0f37010b
7fc18000
2fb30f85
907321ff
00ef3400
80670080
20f30000
90733400
20093400
004000ef
004000ef
00000097
00c08093
00008067
340020f3
02d802b3
02457463
6af58e0d
9cb28ed5
da638d4d
813302bd
92630299
af3705f7
0f13a5a5
6fc15a5f
21ff4fb3
030ceb63
ef99e813
04aac963
60338291
8d2d014a
8e4d8d31
c7638d41
4f0104fd
80000fb7
6fb31ffd
85a621ff
d5b3717d
46a5409a
d5130c90
8433007f
aab30302
8433020e
b033408d
7f4102d2
0fb70f05
7fb38000
229341ff
8c91d713
0352e363
6eb38e05
64410232
6a638d49
efb3079c
85390349
afb76f41
8f93a5a5
6fb35a5f
812941ff
db127913
0a338d69
5933400a
8d4d0365
60753093
00ca9293
0f8c9bfd
80000f37
4f811f7d
41ff4fb3
80000f37
4fb35ffd
6fb303ff
4f8103ef
03ff5fb3
6fb34f81
42d503ff
33bb6eb7
630e8193
c23388e9
30130177
3e93275f
d013c7b6
670d40f6
8c732b13
80000f37
0f857fc1
600f1f93
01a286b3
4102d593
4033614d
918a00b0
413c8833
c0b38daa
8eb90023
01a454b3
a5a5af37
5a5f0f13
1f936fc1
8d15601f
ae9392e6
c69319a5
0537ca98
8d15cf2c
ecb38eed
987d016d
b0778617
0fb74f01
1ffd8000
602f1f93
02c26233
d5153013
03afb233
1c338ff5
f26301f7
a0330673
ab3302d2
c1b30112
8d350347
0f057f41
80000fb7
0bff4fb3
82b38d09
da33000b
8bb3022d
826541bf
8d75717d
037a0763
026098b3
6f418ec9
a5a5afb7
5a5f8f93
0bff5fb3
340f1073
34002ff3
34003ff3
01114e33
40fdda93
31b30001
3ab303fd
bc3303d8
8299032a
c033cd29
109402ea
80000f37
4f811f7d
0bff6fb3
01fb8eb3
51b38ea9
8eb50127
03dce163
02ae19b3
01834d63
97638d11
8e3304e4
0f374159
7fc18000
7fb30f85
0fb30bff
06860154
006416b3
67b30001
da3302c0
4a33404f
05330070
016341a0
ccb30760
af370090
0f13a5a5
6fc15a5f
604f1f93
40d4d933
004f8ab3
00834033
e5933713
4157da13
4035d933
80338d21
d8b30073
de334041
4f0103ec
80000fb7
1f931ffd
5cfd605f
01a68db3
406cd113
cc3786e1
07b3bb0e
093341b2
062641b8
012adf93
fa528e37
0f057f41
80000fb7
080f4fb3
34041073
00001417
dfc40413
2223c004
01130024
c07e0084
24234f02
440401f4
2103c404
40040044
34002473
04860593
00b3ffb3
03723bb3
615d8d09
d9138bd6
9a7d015e
42638785
6f41079c
a5a5afb7
5a5f8f93
61ff1fb3
34009073
008000ef
00008067
340020f3
7cb30001
8b330191
50330204
d01301af
5a13008f
c29d409e
8d7597b2
0199f7b3
80000f37
4f811f7d
61ff5fb3
69c4ed93
01496ab3
01f1de13
004975b3
10330b51
d33300b0
041d404f
7e334e93
009ed733
80000f37
0f857fc1
607f5f93
4068d033
03f14863
4cb3717d
5063010c
80d20840
01cd5d93
071cd363
417f0633
0639db63
a5a5af37
5a5f0f13
5f936fc1
0314287f
073a0293
02095c33
01ae20b3
8eb38c81
203300f3
ed930190
8717ff7c
0001b9fe
0fb74f01
1ffd8000
698f5f93
34009073
00ef2009
00ef0040
00970040
80930000
806700c0
20f30000
9c633400
a9130298
d037ffda
39330ede
24b3033c
729301ac
997d41e1
07339a12
1db30353
7f41039d
0fb70f05
1fb38000
946349ff
2e3301ba
4eb30264
536301af
0001019b
01ea0db3
93ade193
0341aab3
bfb30e08
6f410019
a5a5afb7
5a5f8f93
49ff5fb3
03e51833
40688833
efd20913
a5758793
013fd833
055a4a63
80330001
0786016b
0f378d55
1f7d8000
1fb34f81
1ab369ff
7e1300cf
80c65c30
02c9d233
3064c513
80338ed1
130841ce
dd378c93
0f370001
7fc18000
1fb30f85
776329ff
d9b3041d
177d0326
01c2aa33
b2472a13
009f3633
adb3869d
06a10217
af378d4d
0f13a5a5
6fc15a5f
49ff1f93
80000f37
4fb35ffd
6fb303ff
4f8103ef
03ff5fb3
6fb34f81
870a03ff
4507b313
765d2b93
02358033
03c5dc33
7bb79c5e
e9b33ff4
83630058
1b7d0413
0fb74f01
1ffd8000
48ff5f93
18fd8e39
0357a333
002ac7b3
02c36033
05fb5b63
05566c63
94932993
05e21b63
7f410001
0fb70f05
1f938000
0001680f
0519dd63
ea63c119
00010328
008130b3
01f46a33
01511b33
41318733
6f418dd5
a5a5afb7
5a5f8f93
29ff1f93
01934081
8e51b5c0
d6135dfd
6109405b
01cf5893
ce93044e
a43317e8
0f370009
1f7d8000
5fb34f81
77630fff
303305a5
13080308
00b09513
4fb44997
01a8ccb3
00011b90
05008a63
02b37863
80000f37
0f857fc1
0fff7fb3
340f1073
34002ff3
34003ff3
00da7c33
8c81137d
26b78d35
52b33976
60e9012e
15638d15
201303a3
af37317e
0f13a5a5
6fc15a5f
21ff2fb3
6341f037
03bbceb3
7901cf93
018fe033
5dfd6171
02b0ec63
01aa7463
028f51b3
00675c13
0fb74f01
1ffd8000
21ff4fb3
34009073
008000ef
00008067
340020f3
fcb3717d
8d6900c0
00f46833
d5930b2e
8763412b
03050343
001e82b3
35ee5d97
0f057f41
80000fb7
21ff6fb3
9fb30001
8fb303cd
8d494190
b66dc993
007b08b3
56338d49
829341b7
c1b3595d
6f41017c
a5a5afb7
5a5f8f93
41ff7fb3
0056d013
011294b3
a9978d51
06b3f7f2
a6b303ff
399301dc
5933b859
033300b7
f163028d
0f3708be
1f7d8000
6fb34f81
107341ff
14173404
04130000
c0049ce4
00242223
00840113
4f02c07e
01f42423
c4044404
00442103
24734004
d0333400
8a5e035d
005854b3
d25e4b13
09630001
4e63037c
7db30041
9a7d00f4
0f370001
7fc18000
4fb30f85
8cc541ff
62c98d41
05a30d63
02154bb3
8ff92193
05664863
02241d63
402dd013
92009417
a5a5af37
5a5f0f13
1f936fc1
7e17600f
6f630477
54b30437
1a63000a
537d01ce
6d63821d
e0130587
4b332d68
d86300da
4f0104d4
80000fb7
1f931ffd
1410601f
0167cbb3
06ae1963
8c338ed1
e7b340fc
c7b3009c
d0130031
3693012a
5ab3885a
7f4101de
0fb70f05
1f938000
96f2602f
5ab38e49
187d4042
00f224b3
92aa0001
02f12533
003e7933
6f416091
a5a5afb7
5a5f8f93
0bff4fb3
34009073
00ef2009
00ef0040
00970040
80930000
806700c0
20f30000
8ab73400
0e6336eb
46330276
32b301b9
90330128
de3303fd
147d0175
8db36e5d
1f0840db
80000f37
4f811f7d
0bff5fb3
01c741b3
03926663
03baacb3
88638d45
1913014e
d993011f
381301e2
80913128
0fec8f93
80000f37
0f857fc1
0bff6fb3
0220dd63
04ed9363
d2f44f93
40610933
05940c63
03add6b3
8d59717d
5d9382ed
af374161
0f13a5a5
6fc15a5f
0bff7fb3
030541b3
0060d113
85318d25
079ec363
1463997d
4363017b
8e11035b
4f010001
80000fb7
1f931ffd
ab13604f
90330d13
cc3301c2
8d0502bc
61550001
c3aec013
02968033
1cb30001
7f410085
0fb70f05
1f938000
0f37605f
5ffd8000
03ff4fb3
03ef6fb3
5fb34f81
4f8103ff
03ff6fb3
633392a6
611102a3
c913c9a9
ee33abd9
c9b3023d
82d900c1
0380d2b3
6f411f0c
a5a5afb7
5a5f8f93
080f4fb3
ae130961
00016b8c
00950e00
003a7db3
401d5f93
8151c915
0f37832a
1f7d8000
1fb34f81
406361ff
71b706ca
0233d0a7
67b302bc
fd9303e3
8ed113cb
03ad97b3
01693933
026fc863
06427563
80000f37
0f857fc1
61ff5fb3
34009073
008000ef
00008067
340020f3
014f12b3
8d511308
010b9a93
0513c063
026fd033
02393b33
0322dc33
58b30001
af370075
0f13a5a5
6fc15a5f
607f5f93
01b99e63
00f1d493
d3136bad
55334055
0113416c
2db35a69
8c0901c6
ca1383c1
4f017479
80000fb7
5f931ffd
1073287f
2ff3340f
3ff33400
b8133400
ac37923f
95423d98
0352cf63
02f36b63
55228093
18638c35
5493053f
579300c4
7f410035
0fb70f05
5f938000
0001698f
8d0989d1
01721b33
40718533
42b34099
a51300df
58936253
04060187
afb76f41
8f93a5a5
1fb35a5f
5ffd49ff
8c8bcc93
63330af5
8437036a
02b34bb5
66330358
cbb3018a
cc1d03f3
0f378d4d
1f7d8000
5fb34f81
ce9349ff
d793c162
e7334133
69990189
03acfb63
02286e63
863382e5
037540dc
50d77d97
80000f37
0f857fc1
69ff1fb3
413f5693
030a0b33
01a3a5b3
010546b3
0013cd3d
891384a4
8733bc3c
000103b4
411888b3
a5a5af37
5a5f0f13
1fb36fc1
107329ff
04173404
04130000
c0045ba4
00242223
00840113
4f02c07e
01f42423
c4044404
00442103
24734004
31333400
4bb3015f
493302bc
98b60060
00018671
03d14a33
019fc5b3
603300b6
4f0103fe
80000fb7
1f931ffd
403349ff
d53301e3
8d714004
017e5fb3
01aa9013
00d8a4b3
020e64b3
00eb96b3
05309a63
7f418205
0fb70f05
5f938000
b89348ff
cb13dd8b
c8b70236
8ecd23e6
8eae997d
01f3d033
c1338ee1
001302cb
6f41fbc9
a5a5afb7
5a5f8f93
680f1f93
83528d11
02551033
f063cd25
5b9303f8
9e4e40f4
05338d2d
0033009a
0f374132
1f7d8000
1f934f81
4e6329ff
feb3005a
980601ee
1e4ecd93
407e06b3
91b38d75
dc330177
1e3300c2
d0330373
0f37021a
7fc18000
5fb30f85
90730fff
20093400
004000ef
004000ef
00000097
00c08093
00008067
340020f3
89318d75
02594333
8c339612
c50d0303
00b8c463
03d46933
00010001
a5a5af37
5a5f0f13
7fb36fc1
9c960fff
41870333
76874897
517d8629
030ddc33
1e888e15
84220001
0fb74f01
1ffd8000
21ff2fb3
0410c193
1fb3824d
c11d016d
079e9563
002739b3
03bb28b3
441350fd
57b37e83
7f4141bd
0fb70f05
4fb38000
829521ff
05189afd
036aacb3
019b1833
41a4d113
f7ca3013
a5df4a93
3b56a313
6f418cad
a5a5afb7
5a5f8f93
21ff6fb3
34009073
008000ef
00008067
340020f3
c50960a1
886382b5
c53d053f
850d8a1a
03eab1b3
035f5033
0f378e15
1f7d8000
7fb34f81
0f3741ff
5ffd8000
03ff4fb3
03ef6fb3
5fb34f81
4f8103ff
03ff6fb3
8eb38479
e93302f4
b03303d7
513302b3
98fd0267
05b30001
8a7903f4
46b2ce93
80000f37
0f857fc1
41ff6fb3
cfb38d21
66310198
19d3b017
021385fe
8d491abd
05da4a63
b9cb6513
003eacb3
a5a5af37
5a5f0f13
4fb36fc1
8df141ff
01d54733
03065563
01eb5533
0350ea63
00a92033
636db613
86b30a4e
00010053
0fb74f01
1ffd8000
600f1f93
8b33997d
333300be
19fd002e
0133dc93
04f46a63
8e959cd6
4ed92a13
7f418d0d
0fb70f05
1f938000
fd93601f
868655ba
8d290001
43138e45
61295f1e
5e33caa9
8d05032b
afb76f41
8f93a5a5
1f935a5f
1073602f
2ff3340f
3ff33400
c6a93400
003a1e93
015d6033
9a7d4411
407487b3
8d4186cd
0087d093
0f378d69
1f7d8000
4fb34f81
67330bff
4e6302ae
0a9704dc
423362ee
9b330073
1b9401a0
eb1b0a13
027cb533
41c0d633
64c9c913
80000f37
0f857fc1
0bff5fb3
ca3364a5
7cb30098
efb30033
229701b2
8cf6469d
8e559162
019c7033
af378e09
0f13a5a5
6fc15a5f
0bff6fb3
5cfd8ed1
7133127d
85650020
004031b3
01d1ce63
03098263
010652b3
00ba5013
0fb74f01
1ffd8000
0bff7fb3
02715133
9686ea93
0258c533
059b6b63
46d78013
5e1380d5
5813414a
dab30119
b13341de
7f410154
0fb70f05
1f938000
1073604f
04173404
04130000
c0041c64
00242223
00840113
4f02c07e
01f42423
c4044404
00442103
24734004
eeb33400
fbb30313
0f17001a
0f130000
006700cf
4185000f
0f17a009
2f230000
bfe5123f
00010001
2373a009
57833410
8b8d0003
94634f8d
031101f7
0309a011
34131073
30200073
30002df3
30402df3
34402df3
344dbdf3
004d2083
008d2103
00cd2183
010d2203
014d2283
018d2303
01cd2383
020d2403
024d2483
028d2503
02cd2583
030d2603
034d2683
038d2703
03cd2783
040d2803
044d2883
048d2903
04cd2983
050d2a03
054d2a83
058d2b03
05cd2b83
060d2c03
064d2c83
068d2d03
06cd2d83
070d2e03
074d2e83
078d2f03
07cd2f83
07cd0d13
000d03b3
340d1d73
30200073
00010001
00000000
00000000
00000000
00000000
00000000
00000000
00000000
00000000
00000000
00000000
00000000
00000000
11223344
00000000
00000000
00000000
00000000
00000000
00000000
00000000
00000000
00000000
00000000
00000000
00000000
00000000
00000000
00000000
00000000
00000000
00000000
00000000
00000000
00000000
00000000
00000000
00000000
00000000
00000000
00000000
00000000
00000000
00000000
00000000
00000000
00000000
00000000
00000000
00000000
00000000
00000000
00000000
00000000
00000000
00000000
00000000
00000000
00000000
00000000
00000000
00000000
00000000
00000000
00000000
00000000
00000000
00000000
00000000
00000000
00000000
00000000
00000000
00000000
00000000
00000000
00000000
00000000
00000000
00000000
00000000
00000000
00000000
00000000
00000000
00000000
00000000
00000000
00000000
00000000
00000000
00000000
00000000
00000000
00000000
00000000
00000000
00000000
00000000
00000000
00000000
00000000
00000000
00000000
00000000
00000000
00000000
00000000
00000000
00000000
00000000
00000000
00000000
00000000
00000000
00000000
00000000
00000000
00000000
00000000
00000000
00000000
00000000
00000000
00000000
00000000
00000000
00000000
00000000
00000000
00000000
00000000
00000000
00000000
00000000
00000000
00000000
00000000
00000000
00000000
00000000
00000000
00000000
00000000
00000000
00000000
00000000
00000000
00000000
00000000
00000000
00000000
00000000
00000000
00000000
00000000
00000000
00000000
00000000
00000000
00000000
00000000
00000000
00000000
00000000
00000000
00000000
00000000
00000000
00000000
00000000
00000000
00000000
00000000
00000000
00000000
00000000
00000000
00000000
00000000
00000000
00000000
00000000
00000000
00000000
00000000
00000000
00000000
00000000
00000000
00000000
00000000
00000000
00000000
00000000
00000000
00000000
00000000
00000000
00000000
00000000
00000000
00000000
00000000
00000000
00000000
00000000
00000000
00000000
00000000
00000000
00000000
00000000
00000000
00000000
00000000
00000000
00000000
00000000
00000000
00000000
00000000
00000000
00000000
00000000
00000000
00000000
00000000
00000000
00000000
00000000
00000000
00000000
00000000
00000000
00000000
00000000
00000000
00000000
00000000
00000000
00000000
00000000
00000000
00000000
00000000
00000000
00000000
00000000
00000000
00000000
00000000
00000000
00000000
00000000
00000000
00000000
00000000
00000000
00000000
00000000
00000000
00000000
00000000
00000000
00000000
00000000
00000000
00000000
00000000
00000000
00000000
00000000
00000000
00000000
00000000
00000000
00000000
00000000
00000000
00000000
00000000
00000000
00000000
00000000
00000000
00000000
00000000
00000000
00000000
00000000
00000000
00000000
00000000
00000000
00000000
00000000
00000000
00000000
00000000
00000000
00000000
00000000
00000000
00000000
00000000
00000000
00000000
00000000
00000000
00000000
00000000
00000000
00000000
00000000
00000000
00000000
00000000
00000000
00000000
00000000
00000000
00000000
00000000
00000000
00000000
00000000
00000000
00000000
00000000
00000000
00000000
00000000
00000000
00000000
00000000
00000000
00000000
00000000
00000000
00000000
00000000
00000000
00000000
00000000
00000000
00000000
00000000
00000000
00000000
00000000
00000000
00000000
00000000
00000000
00000000
00000000
00000000
00000000
00000000
00000000
00000000
00000000
00000000
00000000
00000000
00000000
00000000
00000000
00000000
00000000
00000000
00000000
00000000
00000000
00000000
00000000
00000000
00000000
00000000
00000000
00000000
00000000
00000000
00000000
00000000
00000000
00000000
00000000
00000000
00000000
00000000
00000000
00000000
00000000
00000000
00000000
00000000
00000000
00000000
00000000
00000000
00000000
00000000
00000000
00000000
00000000
00000000
00000000
00000000
00000000
00000000
00000000
00000000
00000000
00000000
00000000
00000000
00000000
00000000
00000000
00000000
00000000
00000000
00000000
00000000
00000000
00000000
00000000
00000000
00000000
00000000
00000000
00000000
00000000
00000000
00000000
00000000
00000000
00000000
00000000
00000000
00000000
00000000
00000000
00000000
00000000
00000000
00000000
00000000
00000000
00000000
00000000
00000000
00000000
00000000
00000000
00000000
00000000
00000000
00000000
00000000
00000000
00000000
00000000
00000000
00000000
00000000
00000000
00000000
00000000
00000000
00000000
00000000
00000000
00000000
00000000
00000000
00000000
00000000
00000000
00000000
00000000
00000000
00000000
00000000
00000000
00000000
00000000
00000000
00000000
00000000
00000000
00000000
00000000
00000000
00000000
00000000
00000000
00000000
00000000
00000000
00000000
00000000
00000000
00000000
00000000
00000000
00000000
00000000
00000000
00000000
00000000
00000000
00000000
00000000
00000000
00000000
00000000
00000000
00000000
00000000
00000000
00000000
00000000
00000000
00000000
00000000
00000000
00000000
00000000
00000000
00000000
00000000
00000000
00000000
00000000
00000000
00000000
00000000
00000000
00000000
00000000
00000000
00000000
00000000
00000000
00000000
00000000
00000000
00000000
00000000
00000000
00000000
00000000
00000000
00000000
00000000
00000000
00000000
00000000
00000000
00000000
00000000
00000000
00000000
00000000
00000000
00000000
00000000
00000000
00000000
00000000
00000000
00000000
00000000
00000000
00000000
00000000
00000000
00000000
00000000
00000000
00000000
00000000
00000000
00000000
00000000
00000000
00000000
00000000
00000000
00000000
00000000
00000000
00000000
00000000
00000000
00000000
00000000
00000000
00000000
00000000
00000000
00000000
00000000
00000000
00000000
00000000
00000000
00000000
00000000
00000000
00000000
00000000
00000000
00000000
00000000
00000000
00000000
00000000
00000000
00000000
00000000
00000000
00000000
00000000
00000000
00000000
00000000
00000000
00000000
00000000
00000000
00000000
00000000
00000000
00000000
00000000
00000000
00000000
00000000
00000000
00000000
00000000
00000000
00000000
00000000
00000000
00000000
00000000
00000000
00000000
00000000
00000000
00000000
00000000
00000000
00000000
00000000
00000000
00000000
00000000
00000000
00000000
00000000
00000000
00000000
00000000
00000000
00000000
00000000
00000000
00000000
00000000
00000000
00000000
00000000
00000000
00000000
00000000
00000000
00000000
00000000
00000000
00000000
00000000
00000000
00000000
00000000
00000000
00000000
00000000
00000000
00000000
00000000
00000000
00000000
00000000
00000000
00000000
00000000
00000000
00000000
00000000
00000000
00000000
00000000
00000000
00000000
00000000
00000000
00000000
00000000
00000000
00000000
00000000
00000000
00000000
00000000
00000000
00000000
00000000
00000000
00000000
00000000
00000000
00000000
00000000
00000000
00000000
00000000
00000000
00000000
00000000
00000000
00000000
00000000
00000000
00000000
00000000
00000000
00000000
00000000
00000000
00000000
00000000
00000000
00000000
00000000
00000000
00000000
00000000
00000000
00000000
00000000
00000000
00000000
00000000
00000000
00000000
00000000
00000000
00000000
00000000
00000000
00000000
00000000
00000000
00000000
00000000
00000000
00000000
00000000
00000000
00000000
00000000
00000000
00000000
00000000
00000000
00000000
00000000
00000000
00000000
00000000
00000000
00000000
00000000
00000000
00000000
00000000
00000000
00000000
00000000
00000000
00000000
00000000
00000000
00000000
00000000
00000000
00000000
00000000
00000000
00000000
00000000
00000000
00000000
00000000
00000000
00000000
00000000
00000000
00000000
00000000
00000000
00000000
00000000
00000000
00000000
00000000
00000000
00000000
00000000
00000000
00000000
00000000
00000000
00000000
00000000
00000000
00000000
00000000
00000000
00000000
00000000
00000000
00000000
00000000
00000000
00000000
00000000
00000000
00000000
00000000
00000000
00000000
00000000
00000000
00000000
00000000
00000000
00000000
00000000
00000000
00000000
00000000
00000000
00000000
00000000
00000000
00000000
00000000
00000000
00000000
00000000
00000000
00000000
00000000
00000000
00000000
00000000
00000000
00000000
00000000
00000000
00000000
00000000
00000000
00000000
00000000
00000000
00000000
00000000
00000000
00000000
00000000
00000000
00000000
00000000
00000000
00000000
00000000
00000000
00000000
00000000
00000000
00000000
00000000
00000000
00000000
00000000
00000000
00000000
00000000
00000000
00000000
00000000
00000000
00000000
00000000
00000000
00000000
00000000
00000000
00000000
00000000
00000000
00000000
00000000
00000000
00000000
00000000
00000000
00000000
00000000
00000000
00000000
00000000
00000000
00000000
00000000
00000000
00000000
00000000
00000000
00000000
00000000
00000000
00000000
00000000
00000000
00000000
00000000
00000000
00000000
00000000
00000000
00000000
00000000
00000000
00000000
00000000
00000000
00000000
00000000
00000000
00000000
00000000
00000000
00000000
00000000
00000000
00000000
00000000
00000000
00000000
00000000
00000000
00000000
00000000
00000000
00000000
00000000
00000000
00000000
00000000
00000000
00000000
00000000
00000000
00000000
00000000
00000000
00000000
00000000
00000000
00000000
00000000
00000000
00000000
00000000
00000000
00000000
00000000
00000000
00000000
00000000
00000000
00000000
00000000
00000000
00000000
00000000
00000000
00000000
00000000
00000000
00000000
00000000
00000000
00000000
00000000
00000000
00000000
00000000
00000000
00000000
00000000
00000000
00000000
00000000
00000000
00000000
00000000
00000000
00000000
00000000
00000000
00000000
00000000
00000000
00000000
00000000
00000000
00000000
00000000
00000000
00000000
00000000
00000000
00000000
00000000
00000000
00000000
00000000
00000000
00000000
00000000
00000000
00000000
00000000
00000000
00000000
00000000
00000000
00000000
00000000
00000000
00000000
00000000
00000000
00000000
00000000
00000000
00000000
00000000
00000000
00000000
00000000
00000000
00000000
00000000
00000000
00000000
00000000
00000000
00000000
00000000
00000000
00000000
00000000
00000000
00000000
00000000
00000000
00000000
00000000
00000000
00000000
00000000
00000000
00000000
00000000
00000000
00000000
00000000
00000000
00000000
00000000
00000000
00000000
00000000
00000000
00000000
00000000
00000000
00000000
00000000
00000000
00000000
00000000
00000000
00000000
00000000
00000000
00000000
00000000
00000000
00000000
00000000
00000000
00000000
00000000
00000000
00000000
00000000
00000000
00000000
00000000
00000000
00000000
00000000
00000000
00000000
00000000
00000000
00000000
00000000
00000000
00000000
00000000
00000000
00000000
00000000
00000000
00000000
00000000
00000000
00000000
00000000
00000000
00000000
00000000
00000000
00000000
00000000
00000000
00000000
00000000
00000000
00000000
00000000
00000000
00000000
00000000
00000000
00000000
00000000
00000000
00000000
00000000
00000000
00000000
00000000
00000000
00000000
00000000
00000000
00000000
00000000
00000000
00000000
00000000
00000000
00000000
00000000
00000000
00000000
00000000
00000000
00000000
00000000
00000000
00000000
00000000
00000000
00000000
00000000
00000000
00000000
00000000
00000000
00000000
00000000
00000000
00000000
00000000
00000000
00000000
00000000
00000000
00000000
00000000
00000000
00000000
00000000
00000000
00000000
00000000
00000000
00000000
00000000
00000000
00000000
00000000
00000000
00000000
00000000
00000000
00000000
00000000
00000000
00000000
00000000
00000000
00000000
00000000
00000000
00000000
00000000
00000000
00000000
00000000
00000000
00000000
00000000
00000000
00000000
00000000
00000000
00000000
00000000
00000000
00000000
00000000
00000000
00000000
00000000
00000000
00000000
00000000
00000000
00000000
00000000
00000000
00000000
00000000
00000000
00000000
00000000
00000000
00000000
00000000
00000000
00000000
00000000
00000000
00000000
00000000
00000000
00000000
00000000
00000000
00000000
00000000
00000000
00000000
00000000
00000000
00000000
00000000
00000000
00000000
00000000
00000000
00000000
00000000
00000000
00000000
00000000
00000000
00000000
00000000
00000000
00000000
00000000
00000000
00000000
00000000
00000000
00000000
00000000
00000000
00000000
00000000
00000000
00000000
00000000
00000000
00000000
00000000
00000000
00000000
00000000
00000000
00000000
00000000
00000000
00000000
00000000
00000000
00000000
00000000
00000000
00000000
00000000
00000000
00000000
00000000
00000000
00000000
00000000
00000000
00000000
00000000
00000000
00000000
00000000
00000000
00000000
00000000
00000000
00000000
00000000
00000000
00000000
00000000
00000000
00000000
00000000
00000000
00000000
00000000
00000000
00000000
00000000
00000000
00000000
00000000
00000000
00000000
00000000
00000000
00000000
00000000
00000000
00000000
00000000
00000000
00000000
00000000
00000000
00000000
00000000
00000000
00000000
00000000
00000000
00000000
00000000
00000000
00000000
00000000
00000000
00000000
00000000
00000000
00000000
00000000
00000000
00000000
00000000
00000000
00000000
00000000
00000000
00000000
00000000
00000000
00000000
00000000
00000000
00000000
00000000
00000000
00000000
00000000
00000000
00000000
00000000
00000000
00000000
00000000
00000000
00000000
00000000
00000000
00000000
00000000
00000000
00000000
00000000
00000000
00000000
00000000
00000000
00000000
00000000
00000000
00000000
00000000
00000000
00000000
00000000
00000000
00000000
00000000
00000000
00000000
00000000
00000000
00000000
00000000
00000000
00000000
00000000
00000000
00000000
00000000
00000000
00000000
00000000
00000000
00000000
00000000
00000000
00000000
00000000
00000000
00000000
00000000
00000000
00000000
00000000
00000000
00000000
00000000
00000000
00000000
00000000
00000000
00000000
00000000
00000000
00000000
00000000
00000000
00000000
00000000
00000000
00000000
00000000
00000000
00000000
00000000
00000000
00000000
00000000
00000000
00000000
00000000
00000000
00000000
00000000
00000000
00000000
00000000
00000000
00000000
00000000
00000000
00000000
00000000
00000000
00000000
00000000
00000000
00000000
00000000
00000000
00000000
00000000
00000000
00000000
00000000
00000000
00000000
00000000
00000000
00000000
00000000
00000000
00000000
00000000
00000000
00000000
00000000
00000000
00000000
00000000
00000000
00000000
00000000
00000000
00000000
00000000
00000000
00000000
00000000
00000000
00000000
00000000
00000000
00000000
00000000
00000000
00000000
00000000
00000000
00000000
00000000
00000000
00000000
00000000
00000000
00000000
00000000
00000000
00000000
00000000
00000000
00000000
00000000
00000000
00000000
00000000
00000000
00000000
00000000
00000000
00000000
00000000
00000000
00000000
00000000
00000000
00000000
00000000
00000000
00000000
00000000
00000000
00000000
00000000
00000000
00000000
00000000
00000000
00000000
00000000
00000000
00000000
00000000
00000000
00000000
00000000
00000000
00000000
00000000
00000000
00000000
00000000
00000000
00000000
00000000
00000000
00000000
00000000
00000000
00000000
00000000
00000000
00000000
00000000
00000000
00000000
00000000
00000000
00000000
00000000
00000000
00000000
00000000
00000000
00000000
00000000
00000000
00000000
00000000
00000000
00000000
00000000
00000000
00000000
00000000
00000000
00000000
00000000
00000000
00000000
00000000
00000000
00000000
00000000
00000000
00000000
00000000
00000000
00000000
00000000
00000000
00000000
00000000
00000000
00000000
00000000
00000000
00000000
00000000
00000000
00000000
00000000
00000000
00000000
00000000
00000000
00000000
00000000
00000000
00000000
00000000
00000000
00000000
00000000
00000000
00000000
00000000
00000000
00000000
00000000
00000000
00000000
00000000
00000000
00000000
00000000
00000000
00000000
00000000
00000000
00000000
00000000
00000000
00000000
00000000
00000000
00000000
00000000
00000000
00000000
00000000
00000000
00000000
00000000
00000000
00000000
00000000
00000000
00000000
00000000
00000000
00000000
00000000
00000000
00000000
00000000
00000000
00000000
00000000
00000000
00000000
00000000
00000000
00000000
00000000
00000000
00000000
00000000
00000000
00000000
00000000
00000000
00000000
00000000
00000000
00000000
00000000
00000000
00000000
00000000
00000000
00000000
00000000
00000000
00000000
00000000
00000000
00000000
00000000
00000000
00000000
00000000
00000000
00000000
00000000
00000000
00000000
00000000
00000000
00000000
00000000
00000000
00000000
00000000
00000000
00000000
00000000
00000000
00000000
00000000
00000000
00000000
00000000
00000000
00000000
00000000
00000000
00000000
00000000
00000000
00000000
00000000
00000000
00000000
00000000
00000000
00000000
00000000
00000000
00000000
00000000
00000000
00000000
00000000
00000000
00000000
00000000
00000000
00000000
00000000
00000000
00000000
00000000
00000000
00000000
00000000
00000000
00000000
00000000
00000000
00000000
00000000
00000000
00000000
00000000
00000000
00000000
00000000
00000000
00000000
00000000
00000000
00000000
00000000
00000000
00000000
00000000
00000000
00000000
00000000
00000000
00000000
00000000
00000000
00000000
00000000
00000000
00000000
00000000
00000000
00000000
00000000
00000000
00000000
00000000
00000000
00000000
00000000
00000000
00000000
00000000
00000000
00000000
00000000
00000000
00000000
00000000
00000000
00000000
00000000
00000000
00000000
00000000
00000000
00000000
00000000
00000000
00000000
00000000
00000000
00000000
00000000
00000000
00000000
00000000
00000000
00000000
00000000
00000000
00000000
00000000
00000000
00000000
00000000
00000000
00000000
00000000
00000000
00000000
00000000
00000000
00000000
00000000
00000000
00000000
00000000
00000000
00000000
00000000
00000000
00000000
00000000
00000000
00000000
00000000
00000000
00000000
00000000
00000000
00000000
00000000
00000000
00000000
00000000
00000000
00000000
00000000
00000000
00000000
00000000
00000000
00000000
00000000
00000000
00000000
00000000
00000000
00000000
00000000
00000000
00000000
00000000
00000000
00000000
00000000
00000000
00000000
00000000
00000000
00000000
00000000
00000000
00000000
00000000
00000000
00000000
00000000
00000000
00000000
00000000
00000000
00000000
00000000
00000000
00000000
00000000
00000000
00000000
00000000
00000000
00000000
00000000
00000000
00000000
00000000
00000000
00000000
00000000
00000000
00000000
00000000
00000000
00000000
00000000
00000000
00000000
00000000
00000000
00000000
00000000
00000000
00000000
00000000
00000000
00000000
00000000
00000000
00000000
00000000
00000000
00000000
00000000
00000000
00000000
00000000
00000000
00000000
00000000
00000000
00000000
00000000
00000000
00000000
00000000
00000000
00000000
00000000
00000000
00000000
00000000
00000000
00000000
00000000
00000000
00000000
00000000
00000000
00000000
00000000
00000000
00000000
00000000
00000000
00000000
00000000
00000000
00000000
00000000
00000000
00000000
00000000
00000000
00000000
00000000
00000000
00000000
00000000
00000000
00000000
00000000
00000000
00000000
00000000
00000000
00000000
00000000
00000000
00000000
00000000
00000000
00000000
00000000
00000000
00000000
00000000
00000000
00000000
00000000
00000000
00000000
00000000
00000000
00000000
00000000
00000000
00000000
00000000
00000000
00000000
00000000
00000000
00000000
00000000
00000000
00000000
00000000
00000000
00000000
00000000
00000000
00000000
00000000
00000000
00000000
00000000
00000000
00000000
00000000
00000000
00000000
00000000
00000000
00000000
00000000
00000000
00000000
00000000
00000000
00000000
00000000
00000000
00000000
00000000
00000000
00000000
00000000
00000000
00000000
00000000
00000000
00000000
00000000
00000000
00000000
00000000
00000000
00000000
00000000
00000000
00000000
00000000
00000000
00000000
00000000
00000000
00000000
00000000
00000000
00000000
00000000
00000000
00000000
00000000
00000000
00000000
00000000
00000000
00000000
00000000
00000000
00000000
00000000
00000000
00000000
00000000
00000000
00000000
00000000
00000000
00000000
00000000
00000000
00000000
00000000
00000000
00000000
00000000
00000000
00000000
00000000
00000000
00000000
00000000
00000000
00000000
00000000
00000000
00000000
00000000
00000000
00000000
00000000
00000000
00000000
00000000
00000000
00000000
00000000
00000000
00000000
00000000
00000000
00000000
00000000
00000000
00000000
00000000
00000000
00000000
00000000
00000000
00000000
00000000
00000000
00000000
00000000
00000000
00000000
00000000
00000000
00000000
00000000
00000000
00000000
00000000
00000000
00000000
00000000
00000000
00000000
00000000
00000000
00000000
00000000
00000000
00000000
00000000
00000000
00000000
00000000
00000000
00000000
00000000
00000000
00000000
00000000
00000000
00000000
00000000
00000000
00000000
00000000
00000000
00000000
00000000
00000000
00000000
00000000
00000000
00000000
00000000
00000000
00000000
00000000
00000000
00000000
00000000
00000000
00000000
00000000
00000000
00000000
00000000
00000000
00000000
00000000
00000000
00000000
00000000
00000000
00000000
00000000
00000000
00000000
00000000
00000000
00000000
00000000
00000000
00000000
00000000
00000000
00000000
00000000
00000000
00000000
00000000
00000000
00000000
00000000
00000000
00000000
00000000
00000000
00000000
00000000
00000000
00000000
00000000
00000000
00000000
00000000
00000000
00000000
00000000
00000000
00000000
00000000
00000000
00000000
00000000
00000000
00000000
00000000
00000000
00000000
00000000
00000000
00000000
00000000
00000000
00000000
00000000
00000000
00000000
00000000
00000000
00000000
00000000
00000000
00000000
00000000
00000000
00000000
00000000
00000000
00000000
00000000
00000000
00000000
00000000
00000000
00000000
00000000
00000000
00000000
00000000
00000000
00000000
00000000
00000000
00000000
00000000
00000000
00000000
00000000
00000000
00000000
00000000
00000000
00000000
00000000
00000000
00000000
00000000
00000000
00000000
00000000
00000000
00000000
00000000
00000000
00000000
00000000
00000000
00000000
00000000
00000000
00000000
00000000
00000000
00000000
00000000
00000000
00000000
00000000
00000000
00000000
00000000
00000000
00000000
00000000
00000000
00000000
00000000
00000000
00000000
00000000
00000000
00000000
00000000
00000000
00000000
00000000
00000000
00000000
00000000
00000000
00000000
00000000
00000000
00000000
00000000
00000000
00000000
00000000
00000000
00000000
00000000
00000000
00000000
00000000
00000000
00000000
00000000
00000000
00000000
00000000
00000000
00000000
00000000
00000000
00000000
00000000
00000000
00000000
00000000
00000000
00000000
00000000
00000000
00000000
00000000
00000000
00000000
00000000
00000000
00000000
00000000
00000000
00000000
00000000
00000000
00000000
00000000
00000000
00000000
00000000
00000000
00000000
00000000
00000000
00000000
00000000
00000000
00000000
00000000
00000000
00000000
00000000
00000000
00000000
00000000
00000000
00000000
00000000
00000000
00000000
00000000
00000000
00000000
00000000
00000000
00000000
00000000
00000000
00000000
00000000
00000000
00000000
00000000
00000000
00000000
00000000
00000000
00000000
00000000
00000000
00000000
00000000
00000000
00000000
00000000
00000000
00000000
00000000
00000000
00000000
00000000
00000000
00000000
00000000
00000000
00000000
00000000
00000000
00000000
00000000
00000000
00000000
00000000
00000000
00000000
00000000
00000000
00000000
00000000
00000000
00000000
00000000
00000000
00000000
00000000
00000000
00000000
00000000
00000000
00000000
00000000
00000000
00000000
00000000
00000000
00000000
00000000
00000000
00000000
00000000
00000000
00000000
00000000
00000000
00000000
00000000
00000000
00000000
00000000
00000000
00000000
00000000
00000000
00000000
00000000
00000000
00000000
00000000
00000000
00000000
00000000
00000000
00000000
00000000
00000000
00000000
00000000
00000000
00000000
00000000
00000000
00000000
00000000
00000000
00000000
00000000
00000000
00000000
00000000
00000000
00000000
00000000
00000000
00000000
00000000
00000000
00000000
00000000
00000000
00000000
00000000
00000000
00000000
00000000
00000000
00000000
00000000
00000000
00000000
00000000
00000000
00000000
00000000
00000000
00000000
00000000
00000000
00000000
00000000
00000000
00000000
00000000
00000000
00000000
00000000
00000000
00000000
00000000
00000000
00000000
00000000
00000000
00000000
00000000
00000000
00000000
00000000
00000000
00000000
00000000
00000000
00000000
00000000
00000000
00000000
00000000
00000000
00000000
00000000
00000000
00000000
00000000
00000000
00000000
00000000
00000000
00000000
00000000
00000000
00000000
00000000
00000000
00000000
00000000
00000000
00000000
00000000
00000000
00000000
00000000
00000000
00000000
00000000
00000000
00000000
00000000
00000000
00000000
00000000
00000000
00000000
00000000
00000000
00000000
00000000
00000000
00000000
00000000
00000000
00000000
00000000
00000000
00000000
00000000
00000000
00000000
00000000
00000000
00000000
00000000
00000000
00000000
00000000
00000000
00000000
00000000
00000000
00000000
00000000
00000000
00000000
00000000
00000000
00000000
00000000
00000000
00000000
00000000
00000000
00000000
00000000
00000000
00000000
00000000
00000000
00000000
00000000
00000000
00000000
00000000
00000000
00000000
00000000
00000000
00000000
00000000
00000000
00000000
00000000
00000000
00000000
00000000
00000000
00000000
00000000
00000000
00000000
00000000
00000000
00000000
00000000
00000000
00000000
00000000
00000000
00000000
00000000
00000000
00000000
00000000
00000000
00000000
00000000
00000000
00000000
00000000
00000000
00000000
00000000
00000000
00000000
00000000
00000000
00000000
00000000
00000000
00000000
00000000
00000000
00000000
00000000
00000000
00000000
00000000
00000000
00000000
00000000
00000000
00000000
00000000
00000000
00000000
00000000
00000000
00000000
00000000
00000000
00000000
00000000
00000000
00000000
00000000
00000000
00000000
00000000
00000000
00000000
00000000
00000000
00000000
00000000
00000000
00000000
00000000
00000000
00000000
00000000
00000000
00000000
00000000
00000000
00000000
00000000
00000000
00000000
00000000
00000000
00000000
00000000
00000000
00000000
00000000
00000000
00000000
00000000
00000000
00000000
00000000
00000000
00000000
00000000
00000000
00000000
00000000
00000000
00000000
00000000
00000000
00000000
00000000
00000000
00000000
00000000
00000000
00000000
00000000
00000000
00000000
00000000
00000000
00000000
00000000
00000000
00000000
00000000
00000000
00000000
00000000
00000000
00000000
00000000
00000000
00000000
00000000
00000000
00000000
00000000
00000000
00000000
00000000
00000000
00000000
00000000
00000000
00000000
00000000
00000000
00000000
00000000
00000000
00000000
00000000
00000000
00000000
00000000
00000000
00000000
00000000
00000000
00000000
00000000
00000000
00000000
00000000
00000000
00000000
00000000
00000000
00000000
00000000
00000000
00000000
00000000
00000000
00000000
00000000
00000000
00000000
00000000
00000000
00000000
00000000
00000000
00000000
00000000
00000000
00000000
00000000
00000000
00000000
00000000
00000000
00000000
00000000
00000000
00000000
00000000
00000000
00000000
00000000
00000000
00000000
00000000
00000000
00000000
00000000
00000000
00000000
00000000
00000000
00000000
00000000
00000000
00000000
00000000
00000000
00000000
00000000
00000000
00000000
00000000
00000000
00000000
00000000
00000000
00000000
00000000
00000000
00000000
00000000
00000000
00000000
00000000
00000000
00000000
00000000
00000000
00000000
00000000
00000000
00000000
00000000
00000000
00000000
00000000
00000000
00000000
00000000
00000000
00000000
00000000
00000000
00000000
00000000
00000000
00000000
00000000
00000000
00000000
00000000
00000000
00000000
00000000
00000000
00000000
00000000
00000000
00000000
00000000
00000000
00000000
00000000
00000000
00000000
00000000
00000000
00000000
00000000
00000000
00000000
00000000
00000000
00000000
00000000
00000000
00000000
00000000
00000000
00000000
00000000
00000000
00000000
00000000
00000000
00000000
00000000
00000000
00000000
00000000
00000000
00000000
00000000
00000000
00000000
00000000
00000000
00000000
00000000
00000000
00000000
00000000
00000000
00000000
00000000
00000000
00000000
00000000
00000000
00000000
00000000
00000000
00000000
00000000
00000000
00000000
00000000
00000000
00000000
00000000
00000000
00000000
00000000
00000000
00000000
00000000
00000000
00000000
00000000
00000000
00000000
00000000
00000000
00000000
00000000
00000000
00000000
00000000
00000000
00000000
00000000
00000000
00000000
00000000
00000000
00000000
00000000
00000000
00000000
00000000
00000000
00000000
00000000
00000000
00000000
00000000
00000000
00000000
00000000
00000000
00000000
00000000
00000000
00000000
00000000
00000000
00000000
00000000
00000000
00000000
00000000
00000000
00000000
00000000
00000000
00000000
00000000
00000000
00000000
00000000
00000000
00000000
00000000
00000000
00000000
00000000
00000000
00000000
00000000
00000000
00000000
00000000
00000000
00000000
00000000
00000000
00000000
00000000
00000000
00000000
00000000
00000000
00000000
00000000
00000000
00000000
00000000
00000000
00000000
00000000
00000000
00000000
00000000
00000000
00000000
00000000
00000000
00000000
00000000
00000000
00000000
00000000
00000000
00000000
00000000
00000000
00000000
00000000
00000000
00000000
00000000
00000000
00000000
00000000
00000000
00000000
00000000
00000000
00000000
00000000
00000000
00000000
00000000
00000000
00000000
00000000
00000000
00000000
00000000
00000000
00000000
00000000
00000000
00000000
00000000
00000000
00000000
00000000
00000000
00000000
00000000
00000000
00000000
00000000
00000000
00000000
00000000
00000000
00000000
00000000
00000000
00000000
00000000
00000000
00000000
00000000
00000000
00000000
00000000
00000000
00000000
00000000
00000000
00000000
00000000
00000000
00000000
00000000
00000000
00000000
00000000
00000000
00000000
00000000
00000000
00000000
00000000
00000000
00000000
00000000
00000000
00000000
00000000
00000000
00000000
00000000
00000000
00000000
00000000
00000000
00000000
00000000
00000000
00000000
00000000
00000000
00000000
00000000
00000000
00000000
00000000
00000000
00000000
00000000
00000000
00000000
00000000
00000000
00000000
00000000
00000000
00000000
00000000
00000000
00000000
00000000
00000000
00000000
00000000
00000000
00000000
00000000
00000000
00000000
00000000
00000000
00000000
00000000
00000000
00000000
00000000
00000000
00000000
00000000
00000000
00000000
00000000
00000000
00000000
00000000
00000000
00000000
00000000
00000000
00000000
00000000
00000000
00000000
00000000
00000000
00000000
00000000
00000000
00000000
00000000
00000000
00000000
00000000
00000000
00000000
00000000
00000000
00000000
00000000
00000000
00000000
00000000
00000000
00000000
00000000
00000000
00000000
00000000
00000000
00000000
00000000
00000000
00000000
00000000
00000000
00000000
00000000
00000000
00000000
00000000
00000000
00000000
00000000
00000000
00000000
00000000
00000000
00000000
00000000
00000000
00000000
00000000
00000000
00000000
00000000
00000000
00000000
00000000
00000000
00000000
00000000
00000000
00000000
00000000
00000000
00000000
00000000
00000000
00000000
00000000
00000000
00000000
00000000
00000000
00000000
00000000
00000000
00000000
00000000
00000000
00000000
00000000
00000000
00000000
00000000
00000000
00000000
00000000
00000000
00000000
00000000
00000000
00000000
00000000
00000000
00000000
00000000
00000000
00000000
00000000
00000000
00000000
00000000
00000000
00000000
00000000
00000000
00000000
00000000
00000000
00000000
00000000
00000000
00000000
00000000
00000000
00000000
00000000
00000000
00000000
00000000
00000000
00000000
00000000
00000000
00000000
00000000
00000000
00000000
00000000
00000000
00000000
00000000
00000000
00000000
00000000
00000000
00000000
00000000
00000000
00000000
00000000
00000000
00000000
00000000
00000000
00000000
00000000
00000000
00000000
00000000
00000000
00000000
00000000
00000000
00000000
00000000
00000000
00000000
00000000
00000000
00000000
00000000
00000000
00000000
00000000
00000000
00000000
00000000
00000000
00000000
00000000
00000000
00000000
00000000
00000000
00000000
00000000
00000000
00000000
00000000
00000000
00000000
00000000
00000000
00000000
00000000
00000000
00000000
00000000
00000000
00000000
00000000
00000000
00000000
00000000
00000000
00000000
00000000
00000000
00000000
00000000
00000000
00000000
00000000
00000000
00000000
00000000
00000000
00000000
00000000
00000000
00000000
00000000
00000000
00000000
00000000
00000000
00000000
00000000
00000000
00000000
00000000
00000000
00000000
00000000
00000000
00000000
00000000
00000000
00000000
00000000
00000000
00000000
00000000
00000000
00000000
00000000
00000000
00000000
00000000
00000000
00000000
00000000
00000000
00000000
00000000
00000000
00000000
00000000
00000000
00000000
00000000
00000000
00000000
00000000
00000000
00000000
00000000
00000000
00000000
00000000
00000000
00000000
00000000
00000000
00000000
00000000
00000000
00000000
00000000
00000000
00000000
00000000
00000000
00000000
00000000
00000000
00000000
00000000
00000000
00000000
00000000
00000000
00000000
00000000
00000000
00000000
00000000
00000000
00000000
00000000
00000000
00000000
00000000
00000000
00000000
00000000
00000000
00000000
00000000
00000000
00000000
00000000
00000000
00000000
00000000
00000000
00000000
00000000
00000000
00000000
00000000
00000000
00000000
00000000
00000000
00000000
00000000
00000000
00000000
00000000
00000000
00000000
00000000
00000000
00000000
00000000
00000000
00000000
00000000
00000000
00000000
00000000
00000000
00000000
00000000
00000000
00000000
00000000
00000000
00000000
00000000
00000000
00000000
00000000
00000000
00000000
00000000
00000000
00000000
00000000
00000000
00000000
00000000
00000000
00000000
00000000
00000000
00000000
00000000
00000000
00000000
00000000
00000000
00000000
00000000
00000000
00000000
00000000
00000000
00000000
00000000
00000000
00000000
00000000
00000000
00000000
00000000
00000000
00000000
00000000
00000000
00000000
00000000
00000000
00000000
00000000
00000000
00000000
00000000
00000000
00000000
00000000
00000000
00000000
00000000
00000000
00000000
00000000
00000000
00000000
00000000
00000000
00000000
00000000
00000000
00000000
00000000
00000000
00000000
00000000
00000000
00000000
00000000
00000000
00000000
00000000
00000000
00000000
00000000
00000000
00000000
00000000
00000000
00000000
00000000
00000000
00000000
00000000
00000000
00000000
00000000
00000000
00000000
00000000
00000000
00000000
00000000
00000000
00000000
00000000
00000000
00000000
00000000
00000000
00000000
00000000
00000000
00000000
00000000
00000000
00000000
00000000
00000000
00000000
00000000
00000000
00000000
00000000
00000000
00000000
00000000
00000000
00000000
00000000
00000000
00000000
00000000
00000000
00000000
00000000
00000000
00000000
00000000
00000000
00000000
00000000
00000000
00000000
00000000
00000000
00000000
00000000
00000000
00000000
00000000
00000000
00000000
00000000
00000000
00000000
00000000
00000000
00000000
00000000
00000000
00000000
00000000
00000000
00000000
00000000
00000000
00000000
00000000
00000000
00000000
00000000
00000000
00000000
00000000
00000000
00000000
00000000
00000000
00000000
00000000
00000000
00000000
00000000
00000000
00000000
00000000
00000000
00000000
00000000
00000000
00000000
00000000
00000000
00000000
00000000
00000000
00000000
00000000
00000000
00000000
00000000
00000000
00000000
00000000
00000000
00000000
00000000
00000000
00000000
00000000
00000000
00000000
00000000
00000000
00000000
00000000
00000000
00000000
00000000
00000000
00000000
00000000
00000000
00000000
00000000
00000000
00000000
00000000
00000000
00000000
00000000
00000000
00000000
00000000
00000000
00000000
00000000
00000000
00000000
00000000
00000000
00000000
00000000
00000000
00000000
00000000
00000000
00000000
00000000
00000000
00000000
00000000
00000000
00000000
00000000
00000000
00000000
00000000
00000000
00000000
00000000
00000000
00000000
00000000
00000000
00000000
00000000
00000000
00000000
00000000
00000000
00000000
00000000
00000000
00000000
00000000
00000000
00000000
00000000
00000000
00000000
00000000
00000000
00000000
00000000
00000000
00000000
00000000
00000000
00000000
00000000
00000000
00000000
00000000
00000000
00000000
00000000
00000000
00000000
00000000
00000000
00000000
00000000
00000000
00000000
00000000
00000000
00000000
00000000
00000000
00000000
00000000
00000000
00000000
00000000
00000000
00000000
00000000
00000000
00000000
00000000
00000000
00000000
00000000
00000000
00000000
00000000
00000000
00000000
00000000
00000000
00000000
00000000
00000000
00000000
00000000
00000000
00000000
00000000
00000000
00000000
00000000
00000000
00000000
00000000
00000000
00000000
00000000
00000000
00000000
00000000
00000000
00000000
00000000
00000000
00000000
00000000
00000000
00000000
00000000
00000000
00000000
00000000
00000000
00000000
00000000
00000000
00000000
00000000
00000000
00000000
00000000
00000000
00000000
00000000
00000000
00000000
00000000
00000000
00000000
00000000
00000000
00000000
00000000
00000000
00000000
00000000
00000000
00000000
00000000
00000000
00000000
00000000
00000000
00000000
00000000
00000000
00000000
00000000
00000000
00000000
00000000
00000000
00000000
00000000
00000000
00000000
00000000
00000000
00000000
00000000
00000000
00000000
00000000
00000000
00000000
00000000
00000000
00000000
00000000
00000000
00000000
00000000
00000000
00000000
00000000
00000000
00000000
00000000
00000000
00000000
00000000
00000000
00000000
00000000
00000000
00000000
00000000
00000000
00000000
00000000
00000000
00000000
00000000
00000000
00000000
00000000
00000000
00000000
00000000
00000000
00000000
00000000
00000000
00000000
00000000
00000000
00000000
00000000
00000000
00000000
00000000
00000000
00000000
00000000
00000000
00000000
00000000
00000000
00000000
00000000
00000000
00000000
00000000
00000000
00000000
00000000
00000000
00000000
00000000
00000000
00000000
00000000
00000000
00000000
00000000
00000000
00000000
00000000
00000000
00000000
00000000
00000000
00000000
00000000
00000000
00000000
00000000
00000000
00000000
00000000
00000000
00000000
00000000
00000000
00000000
00000000
00000000
00000000
00000000
00000000
00000000
00000000
00000000
00000000
00000000
00000000
00000000
00000000
00000000
00000000
00000000
00000000
00000000
00000000
00000000
00000000
00000000
00000000
00000000
00000000
00000000
00000000
00000000
00000000
00000000
00000000
00000000
00000000
00000000
00000000
00000000
00000000
00000000
00000000
00000000
00000000
00000000
00000000
00000000
00000000
00000000
00000000
00000000
00000000
00000000
00000000
00000000
00000000
00000000
00000000
00000000
00000000
00000000
00000000
00000000
00000000
00000000
00000000
00000000
00000000
00000000
00000000
00000000
00000000
00000000
00000000
00000000
00000000
00000000
00000000
00000000
00000000
00000000
00000000
00000000
00000000
00000000
00000000
00000000
00000000
00000000
00000000
00000000
00000000
00000000
00000000
00000000
00000000
00000000
00000000
00000000
00000000
00000000
00000000
00000000
00000000
00000000
00000000
00000000
00000000
00000000
00000000
00000000
00000000
00000000
00000000
00000000
00000000
00000000
00000000
00000000
00000000
00000000
00000000
00000000
00000000
00000000
00000000
00000000
00000000
00000000
00000000
00000000
00000000
00000000
00000000
00000000
00000000
00000000
00000000
00000000
00000000
00000000
00000000
00000000
00000000
00000000
00000000
00000000
00000000
00000000
00000000
00000000
00000000
00000000
00000000
00000000
00000000
00000000
00000000
00000000
00000000
00000000
00000000
00000000
00000000
00000000
00000000
00000000
00000000
00000000
00000000
00000000
00000000
00000000
00000000
00000000
00000000
00000000
00000000
00000000
00000000
00000000
00000000
00000000
00000000
00000000
00000000
00000000
00000000
00000000
00000000
00000000
00000000
00000000
00000000
00000000
00000000
00000000
00000000
00000000
00000000
00000000
00000000
00000000
00000000
00000000
00000000
00000000
00000000
00000000
00000000
00000000
00000000
00000000
00000000
00000000
00000000
00000000
00000000
00000000
00000000
00000000
00000000
00000000
00000000
00000000
00000000
00000000
00000000
00000000
00000000
00000000
00000000
00000000
00000000
00000000
00000000
00000000
00000000
00000000
00000000
00000000
00000000
00000000
00000000
00000000
00000000
00000000
00000000
00000000
00000000
00000000
00000000
00000000
00000000
00000000
00000000
00000000
00000000
00000000
00000000
00000000
00000000
00000000
00000000
00000000
00000000
00000000
00000000
00000000
00000000
00000000
00000000
00000000
00000000
00000000
00000000
00000000
00000000
00000000
00000000
00000000
00000000
00000000
00000000
00000000
00000000
00000000
00000000
00000000
00000000
00000000
00000000
00000000
00000000
00000000
00000000
00000000
00000000
00000000
00000000
00000000
00000000
00000000
00000000
00000000
00000000
00000000
00000000
00000000
00000000
00000000
00000000
00000000
00000000
00000000
00000000
00000000
00000000
00000000
00000000
00000000
00000000
00000000
00000000
00000000
00000000
00000000
00000000
00000000
00000000
00000000
00000000
00000000
00000000
00000000
00000000
00000000
00000000
00000000
00000000
00000000
00000000
00000000
00000000
00000000
00000000
00000000
00000000
00000000
00000000
00000000
00000000
00000000
00000000
00000000
00000000
00000000
00000000
00000000
00000000
00000000
00000000
00000000
00000000
00000000
00000000
00000000
00000000
00000000
00000000
00000000
00000000
00000000
00000000
00000000
00000000
00000000
00000000
00000000
00000000
00000000
00000000
00000000
00000000
00000000
00000000
00000000
00000000
00000000
00000000
00000000
00000000
00000000
00000000
00000000
00000000
00000000
00000000
00000000
00000000
00000000
00000000
00000000
00000000
00000000
00000000
00000000
00000000
00000000
00000000
00000000
00000000
00000000
00000000
00000000
00000000
00000000
00000000
00000000
00000000
00000000
00000000
00000000
00000000
00000000
00000000
00000000
00000000
00000000
00000000
00000000
00000000
00000000
00000000
00000000
00000000
00000000
00000000
00000000
00000000
00000000
00000000
00000000
00000000
00000000
00000000
00000000
00000000
00000000
00000000
00000000
00000000
00000000
00000000
00000000
00000000
00000000
00000000
00000000
00000000
00000000
00000000
00000000
00000000
00000000
00000000
00000000
00000000
00000000
00000000
00000000
00000000
00000000
00000000
00000000
00000000
00000000
00000000
00000000
00000000
00000000
00000000
00000000
00000000
00000000
00000000
00000000
00000000
00000000
00000000
00000000
00000000
00000000
00000000
00000000
00000000
00000000
00000000
00000000
00000000
00000000
00000000
00000000
00000000
00000000
00000000
00000000
00000000
00000000
00000000
00000000
00000000
00000000
00000000
00000000
00000000
00000000
00000000
00000000
00000000
00000000
00000000
00000000
00000000
00000000
00000000
00000000
00000000
00000000
00000000
00000000
00000000
00000000
00000000
00000000
00000000
00000000
00000000
00000000
00000000
00000000
00000000
00000000
00000000
00000000
00000000
00000000
00000000
00000000
00000000
00000000
00000000
00000000
00000000
00000000
00000000
00000000
00000000
00000000
00000000
00000000
00000000
00000000
00000000
00000000
00000000
00000000
00000000
00000000
00000000
00000000
00000000
00000000
00000000
00000000
00000000
00000000
00000000
00000000
00000000
00000000
00000000
00000000
00000000
00000000
00000000
00000000
00000000
00000000
00000000
00000000
00000000
00000000
00000000
00000000
00000000
00000000
00000000
00000000
00000000
00000000
00000000
00000000
00000000
00000000
00000000
00000000
00000000
00000000
00000000
00000000
00000000
00000000
00000000
00000000
00000000
00000000
00000000
00000000
00000000
00000000
00000000
00000000
00000000
00000000
00000000
00000000
00000000
00000000
00000000
00000000
00000000
00000000
00000000
00000000
00000000
00000000
00000000
00000000
00000000
00000000
00000000
00000000
00000000
00000000
00000000
00000000
00000000
00000000
00000000
00000000
00000000
00000000
00000000
00000000
00000000
00000000
00000000
00000000
00000000
00000000
00000000
00000000
00000000
00000000
00000000
00000000
00000000
00000000
00000000
00000000
00000000
00000000
00000000
00000000
00000000
00000000
00000000
00000000
00000000
00000000
00000000
00000000
00000000
00000000
00000000
00000000
00000000
00000000
00000000
00000000
00000000
00000000
00000000
00000000
00000000
00000000
00000000
00000000
00000000
00000000
00000000
00000000
00000000
00000000
00000000
00000000
00000000
00000000
00000000
00000000
00000000
00000000
00000000
00000000
00000000
00000000
00000000
00000000
00000000
00000000
00000000
00000000
00000000
00000000
00000000
00000000
00000000
00000000
00000000
00000000
00000000
00000000
00000000
00000000
00000000
00000000
00000000
00000000
00000000
00000000
00000000
00000000
00000000
00000000
00000000
00000000
00000000
00000000
00000000
00000000
00000000
00000000
00000000
00000000
00000000
00000000
00000000
00000000
00000000
00000000
00000000
00000000
00000000
00000000
00000000
00000000
00000000
00000000
00000000
00000000
00000000
00000000
00000000
00000000
00000000
00000000
00000000
00000000
00000000
00000000
00000000
00000000
00000000
00000000
00000000
00000000
00000000
00000000
00000000
00000000
00000000
00000000
00000000
00000000
00000000
00000000
00000000
00000000
00000000
00000000
00000000
00000000
00000000
00000000
00000000
00000000
00000000
00000000
00000000
00000000
00000000
00000000
00000000
00000000
00000000
00000000
00000000
00000000
00000000
00000000
00000000
00000000
00000000
00000000
00000000
00000000
00000000
00000000
00000000
00000000
00000000
00000000
00000000
00000000
00000000
00000000
00000000
00000000
00000000
00000000
00000000
00000000
00000000
00000000
00000000
00000000
00000000
00000000
00000000
00000000
00000000
00000000
00000000
00000000
00000000
00000000
00000000
00000000
00000000
00000000
00000000
00000000
00000000
00000000
00000000
00000000
00000000
00000000
00000000
00000000
00000000
00000000
00000000
00000000
00000000
00000000
00000000
00000000
00000000
00000000
00000000
00000000
00000000
00000000
00000000
00000000
00000000
00000000
00000000
00000000
00000000
00000000
00000000
00000000
00000000
00000000
00000000
00000000
00000000
00000000
00000000
00000000
00000000
00000000
00000000
00000000
00000000
00000000
00000000
00000000
00000000
00000000
00000000
00000000
00000000
00000000
00000000
00000000
00000000
00000000
00000000
00000000
00000000
00000000
00000000
00000000
00000000
00000000
00000000
00000000
00000000
00000000
00000000
00000000
00000000
00000000
00000000
00000000
00000000
00000000
00000000
00000000
00000000
00000000
00000000
00000000
00000000
00000000
00000000
00000000
00000000
00000000
00000000
00000000
00000000
00000000
00000000
00000000
00000000
00000000
00000000
00000000
00000000
00000000
00000000
00000000
00000000
00000000
00000000
00000000
00000000
00000000
00000000
00000000
00000000
00000000
00000000
00000000
00000000
00000000
00000000
00000000
00000000
00000000
00000000
00000000
00000000
00000000
00000000
00000000
00000000
00000000
00000000
00000000
00000000
00000000
00000000
00000000
00000000
00000000
00000000
00000000
00000000
00000000
00000000
00000000
00000000
00000000
00000000
00000000
00000000
00000000
00000000
00000000
00000000
00000000
00000000
00000000
00000000
00000000
00000000
00000000
00000000
00000000
00000000
00000000
00000000
00000000
00000000
00000000
00000000
00000000
00000000
00000000
00000000
00000000
00000000
00000000
00000000
00000000
00000000
00000000
00000000
00000000
00000000
00000000
00000000
00000000
00000000
00000000
00000000
00000000
00000000
00000000
00000000
00000000
00000000
00000000
00000000
00000000
00000000
00000000
00000000
00000000
00000000
00000000
00000000
00000000
00000000
00000000
00000000
00000000
00000000
00000000
00000000
00000000
00000000
00000000
00000000
00000000
00000000
00000000
00000000
00000000
00000000
00000000
00000000
00000000
00000000
00000000
00000000
00000000
00000000
00000000
00000000
00000000
00000000
00000000
00000000
00000000
00000000
00000000
00000000
00000000
00000000
00000000
00000000
00000000
00000000
00000000
00000000
00000000
00000000
00000000
00000000
00000000
00000000
00000000
00000000
00000000
00000000
00000000
00000000
00000000
00000000
00000000
00000000
00000000
00000000
00000000
00000000
00000000
00000000
00000000
00000000
00000000
00000000
00000000
00000000
00000000
00000000
00000000
00000000
00000000
00000000
00000000
00000000
00000000
00000000
00000000
00000000
00000000
00000000
00000000
00000000
00000000
00000000
00000000
00000000
00000000
00000000
00000000
00000000
00000000
00000000
00000000
00000000
00000000
00000000
00000000
00000000
00000000
00000000
00000000
00000000
00000000
00000000
00000000
00000000
00000000
00000000
00000000
00000000
00000000
00000000
00000000
00000000
00000000
00000000
00000000
00000000
00000000
00000000
00000000
00000000
00000000
00000000
00000000
00000000
00000000
00000000
00000000
00000000
00000000
00000000
00000000
00000000
00000000
00000000
00000000
00000000
00000000
00000000
00000000
00000000
00000000
00000000
00000000
00000000
00000000
00000000
00000000
00000000
00000000
00000000
00000000
00000000
00000000
00000000
00000000
00000000
00000000
00000000
00000000
00000000
00000000
00000000
00000000
00000000
00000000
00000000
00000000
00000000
00000000
00000000
00000000
00000000
00000000
00000000
00000000
00000000
00000000
00000000
00000000
00000000
00000000
00000000
00000000
00000000
00000000
00000000
00000000
00000000
00000000
00000000
00000000
00000000
00000000
00000000
00000000
00000000
00000000
00000000
00000000
00000000
00000000
00000000
00000000
00000000
00000000
00000000
00000000
00000000
00000000
00000000
00000000
00000000
00000000
00000000
00000000
00000000
00000000
00000000
00000000
00000000
00000000
00000000
00000000
00000000
00000000
00000000
00000000
00000000
00000000
00000000
00000000
00000000
00000000
00000000
00000000
00000000
00000000
00000000
00000000
00000000
00000000
00000000
00000000
00000000
00000000
00000000
00000000
00000000
00000000
00000000
00000000
00000000
00000000
00000000
00000000
00000000
00000000
00000000
00000000
00000000
00000000
00000000
00000000
00000000
00000000
00000000
00000000
00000000
00000000
00000000
00000000
00000000
00000000
00000000
00000000
00000000
00000000
00000000
00000000
00000000
00000000
00000000
00000000
00000000
00000000
00000000
00000000
00000000
00000000
00000000
00000000
00000000
00000000
00000000
00000000
00000000
00000000
00000000
00000000
00000000
00000000
00000000
00000000
00000000
00000000
00000000
00000000
00000000
00000000
00000000
00000000
00000000
00000000
00000000
00000000
00000000
00000000
00000000
00000000
00000000
00000000
00000000
00000000
00000000
00000000
00000000
00000000
00000000
00000000
00000000
00000000
00000000
00000000
00000000
00000000
00000000
00000000
00000000
00000000
00000000
00000000
00000000
00000000
00000000
00000000
00000000
00000000
00000000
00000000
00000000
00000000
00000000
00000000
00000000
00000000
00000000
00000000
00000000
00000000
00000000
00000000
00000000
00000000
00000000
00000000
00000000
00000000
00000000
00000000
00000000
00000000
00000000
00000000
00000000
00000000
00000000
00000000
00000000
00000000
00000000
00000000
00000000
00000000
00000000
00000000
00000000
00000000
00000000
00000000
00000000
00000000
00000000
00000000
00000000
00000000
00000000
00000000
00000000
00000000
00000000
00000000
00000000
00000000
00000000
00000000
00000000
00000000
00000000
00000000
00000000
00000000
00000000
00000000
00000000
00000000
00000000
00000000
00000000
00000000
00000000
00000000
00000000
00000000
00000000
00000000
00000000
00000000
00000000
00000000
00000000
00000000
00000000
00000000
00000000
00000000
00000000
00000000
00000000
00000000
00000000
00000000
00000000
00000000
00000000
00000000
00000000
00000000
00000000
00000000
00000000
00000000
00000000
00000000
00000000
00000000
00000000
00000000
00000000
00000000
00000000
00000000
00000000
00000000
00000000
00000000
00000000
00000000
00000000
00000000
00000000
00000000
00000000
00000000
00000000
00000000
00000000
00000000
00000000
00000000
00000000
00000000
00000000
00000000
00000000
00000000
00000000
00000000
00000000
00000000
00000000
00000000
00000000
00000000
00000000
00000000
00000000
00000000
00000000
00000000
00000000
00000000
00000000
00000000
00000000
00000000
00000000
00000000
00000000
00000000
00000000
00000000
00000000
00000000
00000000
00000000
00000000
00000000
00000000
00000000
00000000
00000000
00000000
00000000
00000000
00000000
00000000
00000000
00000000
00000000
00000000
00000000
00000000
00000000
00000000
00000000
00000000
00000000
00000000
00000000
00000000
00000000
00000000
00000000
00000000
00000000
00000000
00000000
00000000
00000000
00000000
00000000
00000000
00000000
00000000
00000000
00000000
00000000
00000000
00000000
00000000
00000000
00000000
00000000
00000000
00000000
00000000
00000000
00000000
00000000
00000000
00000000
00000000
00000000
00000000
00000000
00000000
00000000
00000000
00000000
00000000
00000000
00000000
00000000
00000000
00000000
00000000
00000000
00000000
00000000
00000000
00000000
00000000
00000000
00000000
00000000
00000000
00000000
00000000
00000000
00000000
00000000
00000000
00000000
00000000
00000000
00000000
00000000
00000000
00000000
00000000
00000000
00000000
00000000
00000000
00000000
00000000
00000000
00000000
00000000
00000000
00000000
00000000
00000000
00000000
00000000
00000000
00000000
00000000
00000000
00000000
00000000
00000000
00000000
00000000
00000000
00000000
00000000
00000000
00000000
00000000
00000000
00000000
00000000
00000000
00000000
00000000
00000000
00000000
00000000
00000000
00000000
00000000
00000000
00000000
00000000
00000000
00000000
00000000
00000000
00000000
00000000
00000000
00000000
00000000
00000000
00000000
00000000
00000000
00000000
00000000
00000000
00000000
00000000
00000000
00000000
00000000
00000000
00000000
00000000
00000000
00000000
00000000
00000000
00000000
00000000
00000000
00000000
00000000
00000000
00000000
00000000
00000000
00000000
00000000
00000000
00000000
00000000
00000000
00000000
00000000
00000000
00000000
00000000
00000000
00000000
00000000
00000000
00000000
00000000
00000000
00000000
00000000
00000000
00000000
00000000
00000000
00000000
00000000
00000000
00000000
00000000
00000000
00000000
00000000
00000000
00000000
00000000
00000000
00000000
00000000
00000000
00000000
00000000
00000000
00000000
00000000
00000000
00000000
00000000
00000000
00000000
00000000
00000000
00000000
00000000
00000000
00000000
00000000
00000000
00000000
00000000
00000000
00000000
00000000
00000000
00000000
00000000
00000000
00000000
00000000
00000000
00000000
00000000
00000000
00000000
00000000
00000000
00000000
00000000
00000000
00000000
00000000
00000000
00000000
00000000
00000000
00000000
00000000
00000000
00000000
00000000
00000000
00000000
00000000
00000000
00000000
00000000
00000000
00000000
00000000
00000000
00000000
00000000
00000000
00000000
00000000
00000000
00000000
00000000
00000000
00000000
00000000
00000000
00000000
00000000
00000000
00000000
00000000
00000000
00000000
00000000
00000000
00000000
00000000
00000000
00000000
00000000
00000000
00000000
00000000
00000000
00000000
00000000
00000000
00000000
00000000
00000000
00000000
00000000
00000000
00000000
00000000
00000000
00000000
00000000
00000000
00000000
00000000
00000000
00000000
00000000
00000000
00000000
00000000
00000000
00000000
00000000
00000000
00000000
00000000
00000000
00000000
00000000
00000000
00000000
00000000
00000000
00000000
00000000
00000000
00000000
00000000
00000000
00000000
00000000
00000000
00000000
00000000
00000000
00000000
00000000
00000000
00000000
00000000
00000000
00000000
00000000
00000000
00000000
00000000
00000000
00000000
00000000
00000000
00000000
00000000
00000000
00000000
00000000
00000000
00000000
00000000
00000000
00000000
00000000
00000000
00000000
00000000
00000000
00000000
00000000
00000000
00000000
00000000
00000000
00000000
00000000
00000000
00000000
00000000
00000000
00000000
00000000
00000000
00000000
00000000
00000000
00000000
00000000
00000000
00000000
00000000
00000000
00000000
00000000
00000000
00000000
00000000
00000000
00000000
00000000
00000000
00000000
00000000
00000000
00000000
00000000
00000000
00000000
00000000
00000000
00000000
00000000
00000000
00000000
00000000
00000000
00000000
00000000
00000000
00000000
00000000
00000000
00000000
00000000
00000000
00000000
00000000
00000000
00000000
00000000
00000000
00000000
00000000
00000000
00000000
00000000
00000000
00000000
00000000
00000000
00000000
00000000
00000000
00000000
00000000
00000000
00000000
00000000
00000000
00000000
00000000
00000000
00000000
00000000
00000000
00000000
00000000
00000000
00000000
00000000
00000000
00000000
00000000
00000000
00000000
00000000
00000000
00000000
00000000
00000000
00000000
00000000
00000000
00000000
00000000
00000000
00000000
00000000
00000000
00000000
00000000
00000000
00000000
00000000
00000000
00000000
00000000
00000000
00000000
00000000
00000000
00000000
00000000
00000000
00000000
00000000
00000000
00000000
00000000
00000000
00000000
00000000
00000000
00000000
00000000
00000000
00000000
00000000
00000000
00000000
00000000
00000000
00000000
00000000
00000000
00000000
00000000
00000000
00000000
00000000
00000000
00000000
00000000
00000000
00000000
00000000
00000000
00000000
00000000
00000000
00000000
00000000
00000000
00000000
00000000
00000000
00000000
00000000
00000000
00000000
00000000
00000000
00000000
00000000
00000000
00000000
00000000
00000000
00000000
00000000
00000000
00000000
00000000
00000000
00000000
00000000
00000000
00000000
00000000
00000000
00000000
00000000
00000000
00000000
00000000
00000000
00000000
00000000
00000000
00000000
00000000
00000000
00000000
00000000
00000000
00000000
00000000
00000000
00000000
00000000
00000000
00000000
00000000
00000000
00000000
00000000
00000000
00000000
00000000
00000000
00000000
00000000
00000000
00000000
00000000
00000000
00000000
00000000
00000000
00000000
00000000
00000000
00000000
00000000
00000000
00000000
00000000
00000000
00000000
00000000
00000000
00000000
00000000
00000000
00000000
00000000
00000000
00000000
00000000
00000000
00000000
00000000
00000000
00000000
00000000
00000000
00000000
00000000
00000000
00000000
00000000
00000000
00000000
00000000
00000000
00000000
00000000
00000000
00000000
00000000
00000000
00000000
00000000
00000000
00000000
00000000
00000000
00000000
00000000
00000000
00000000
00000000
00000000
00000000
00000000
00000000
00000000
00000000
00000000
00000000
00000000
00000000
00000000
00000000
00000000
00000000
00000000
00000000
00000000
00000000
00000000
00000000
00000000
00000000
00000000
00000000
00000000
00000000
00000000
00000000
00000000
00000000
00000000
00000000
00000000
00000000
00000000
00000000
00000000
00000000
00000000
00000000
00000000
00000000
00000000
00000000
00000000
00000000
00000000
00000000
00000000
00000000
00000000
00000000
00000000
00000000
00000000
00000000
00000000
00000000
00000000
00000000
00000000
00000000
00000000
00000000
00000000
00000000
00000000
00000000
00000000
00000000
00000000
00000000
00000000
00000000
00000000
00000000
00000000
00000000
00000000
00000000
00000000
00000000
00000000
00000000
00000000
00000000
00000000
00000000
00000000
00000000
00000000
00000000
00000000
00000000
00000000
00000000
00000000
00000000
00000000
00000000
00000000
00000000
00000000
00000000
00000000
00000000
00000000
00000000
00000000
00000000
00000000
00000000
00000000
00000000
00000000
00000000
00000000
00000000
00000000
00000000
00000000
00000000
00000000
00000000
00000000
00000000
00000000
00000000
00000000
00000000
00000000
00000000
00000000
00000000
00000000
00000000
00000000
00000000
00000000
00000000
00000000
00000000
00000000
00000000
00000000
00000000
00000000
00000000
00000000
00000000
00000000
00000000
00000000
00000000
00000000
00000000
00000000
00000000
00000000
00000000
00000000
00000000
00000000
00000000
00000000
00000000
00000000
00000000
00000000
00000000
00000000
00000000
00000000
00000000
00000000
00000000
00000000
00000000
00000000
00000000
00000000
00000000
00000000
00000000
00000000
00000000
00000000
00000000
00000000
00000000
00000000
00000000
00000000
00000000
00000000
00000000
00000000
00000000
00000000
00000000
00000000
00000000
00000000
00000000
00000000
00000000
00000000
00000000
00000000
00000000
00000000
00000000
00000000
00000000
00000000
00000000
00000000
00000000
00000000
00000000
00000000
00000000
00000000
00000000
00000000
00000000
00000000
00000000
00000000
00000000
00000000
00000000
00000000
00000000
00000000
00000000
00000000
00000000
00000000
00000000
00000000
00000000
00000000
00000000
00000000
00000000
00000000
00000000
00000000
00000000
00000000
00000000
00000000
00000000
00000000
00000000
00000000
00000000
00000000
00000000
00000000
00000000
00000000
00000000
00000000
00000000
00000000
00000000
00000000
00000000
00000000
00000000
00000000
00000000
00000000
00000000
00000000
00000000
00000000
00000000
00000000
00000000
00000000
00000000
00000000
00000000
00000000
00000000
00000000
00000000
00000000
00000000
00000000
00000000
00000000
00000000
00000000
00000000
00000000
00000000
00000000
00000000
00000000
00000000
00000000
00000000
00000000
00000000
00000000
00000000
00000000
00000000
00000000
00000000
00000000
00000000
00000000
00000000
00000000
00000000
00000000
00000000
00000000
00000000
00000000
00000000
00000000
00000000
00000000
00000000
00000000
00000000
00000000
00000000
00000000
00000000
00000000
00000000
00000000
00000000
00000000
00000000
00000000
00000000
00000000
00000000
00000000
00000000
00000000
00000000
00000000
00000000
00000000
00000000
00000000
00000000
00000000
00000000
00000000
00000000
00000000
00000000
00000000
00000000
00000000
00000000
00000000
00000000
00000000
00000000
00000000
00000000
00000000
00000000
00000000
00000000
00000000
00000000
00000000
00000000
00000000
00000000
00000000
00000000
00000000
00000000
00000000
00000000
00000000
00000000
00000000
00000000
00000000
00000000
00000000
00000000
00000000
00000000
00000000
00000000
00000000
00000000
00000000
00000000
00000000
00000000
00000000
00000000
00000000
00000000
00000000
00000000
00000000
00000000
00000000
00000000
00000000
00000000
00000000
00000000
00000000
00000000
00000000
00000000
00000000
00000000
00000000
00000000
00000000
00000000
00000000
00000000
00000000
00000000
00000000
00000000
00000000
00000000
00000000
00000000
00000000
00000000
00000000
00000000
00000000
00000000
00000000
00000000
00000000
00000000
00000000
00000000
00000000
00000000
00000000
00000000
00000000
00000000
00000000
00000000
00000000
00000000
00000000
00000000
00000000
00000000
00000000
00000000
00000000
00000000
00000000
00000000
00000000
00000000
00000000
00000000
00000000
00000000
00000000
00000000
00000000
00000000
00000000
00000000
00000000
00000000
00000000
00000000
00000000
00000000
00000000
00000000
00000000
00000000
00000000
00000000
00000000
00000000
00000000
00000000
00000000
00000000
00000000
00000000
00000000
00000000
00000000
00000000
00000000
00000000
00000000
00000000
00000000
00000000
00000000
00000000
00000000
00000000
00000000
00000000
00000000
00000000
00000000
00000000
00000000
00000000
00000000
00000000
00000000
00000000
00000000
00000000
00000000
00000000
00000000
00000000
00000000
00000000
00000000
00000000
00000000
00000000
00000000
00000000
00000000
00000000
00000000
00000000
00000000
00000000
00000000
00000000
00000000
00000000
00000000
00000000
00000000
00000000
00000000
00000000
00000000
00000000
00000000
00000000
00000000
00000000
00000000
00000000
00000000
00000000
00000000
00000000
00000000
00000000
00000000
00000000
00000000
00000000
00000000
00000000
00000000
00000000
00000000
00000000
00000000
00000000
00000000
00000000
00000000
00000000
00000000
00000000
00000000
00000000
00000000
00000000
00000000
00000000
00000000
00000000
00000000
00000000
00000000
00000000
00000000
00000000
00000000
00000000
00000000
00000000
00000000
00000000
00000000
00000000
00000000
00000000
00000000
00000000
00000000
00000000
00000000
00000000
00000000
00000000
00000000
00000000
00000000
00000000
00000000
00000000
00000000
00000000
00000000
00000000
00000000
00000000
00000000
00000000
00000000
00000000
00000000
00000000
00000000
00000000
00000000
00000000
00000000
00000000
00000000
00000000
00000000
00000000
00000000
00000000
00000000
00000000
00000000
00000000
00000000
00000000
00000000
00000000
00000000
00000000
00000000
00000000
00000000
00000000
00000000
00000000
00000000
00000000
00000000
00000000
00000000
00000000
00000000
00000000
00000000
00000000
00000000
00000000
00000000
00000000
00000000
00000000
00000000
00000000
00000000
00000000
00000000
00000000
00000000
00000000
00000000
00000000
00000000
00000000
00000000
00000000
00000000
00000000
00000000
00000000
00000000
00000000
00000000
00000000
00000000
00000000
00000000
00000000
00000000
00000000
00000000
00000000
00000000
00000000
00000000
00000000
00000000
00000000
00000000
00000000
00000000
00000000
00000000
00000000
00000000
00000000
00000000
00000000
00000000
00000000
00000000
00000000
00000000
00000000
00000000
00000000
00000000
00000000
00000000
00000000
00000000
00000000
00000000
00000000
00000000
00000000
00000000
00000000
00000000
00000000
00000000
00000000
00000000
00000000
00000000
00000000
00000000
00000000
00000000
00000000
00000000
00000000
00000000
00000000
00000000
00000000
00000000
00000000
00000000
00000000
00000000
00000000
00000000
00000000
00000000
00000000
00000000
00000000
00000000
00000000
00000000
00000000
00000000
00000000
00000000
00000000
00000000
00000000
00000000
00000000
00000000
00000000
00000000
00000000
00000000
00000000
00000000
00000000
00000000
00000000
00000000
00000000
00000000
00000000
00000000
00000000
00000000
00000000
00000000
00000000
00000000
00000000
00000000
00000000
00000000
00000000
00000000
00000000
00000000
00000000
00000000
00000000
00000000
00000000
00000000
00000000
00000000
00000000
00000000
00000000
00000000
00000000
00000000
00000000
00000000
00000000
00000000
00000000
00000000
00000000
00000000
00000000
00000000
00000000
00000000
00000000
00000000
00000000
00000000
00000000
00000000
00000000
00000000
00000000
00000000
00000000
00000000
00000000
00000000
00000000
00000000
00000000
00000000
00000000
00000000
00000000
00000000
00000000
00000000
00000000
00000000
00000000
00000000
00000000
00000000
00000000
00000000
00000000
00000000
00000000
00000000
00000000
00000000
00000000
00000000
00000000
00000000
00000000
00000000
00000000
00000000
00000000
00000000
00000000
00000000
00000000
00000000
00000000
00000000
00000000
00000000
00000000
00000000
00000000
00000000
00000000
00000000
00000000
00000000
00000000
00000000
00000000
00000000
00000000
00000000
00000000
00000000
00000000
00000000
00000000
00000000
00000000
00000000
00000000
00000000
00000000
00000000
00000000
00000000
00000000
00000000
00000000
00000000
00000000
00000000
00000000
00000000
00000000
00000000
00000000
00000000
00000000
00000000
00000000
00000000
00000000
00000000
00000000
00000000
00000000
00000000
00000000
00000000
00000000
00000000
00000000
00000000
00000000
00000000
00000000
00000000
00000000
00000000
00000000
00000000
00000000
00000000
00000000
00000000
00000000
00000000
00000000
00000000
00000000
00000000
00000000
00000000
00000000
00000000
00000000
00000000
00000000
00000000
00000000
00000000
00000000
00000000
00000000
00000000
00000000
00000000
00000000
00000000
00000000
00000000
00000000
00000000
00000000
00000000
00000000
00000000
00000000
00000000
00000000
00000000
00000000
00000000
00000000
00000000
00000000
00000000
00000000
00000000
00000000
00000000
00000000
00000000
00000000
00000000
00000000
00000000
00000000
00000000
00000000
00000000
00000000
00000000
00000000
00000000
00000000
00000000
00000000
00000000
00000000
00000000
00000000
00000000
00000000
00000000
00000000
00000000
00000000
00000000
00000000
00000000
00000000
00000000
00000000
00000000
00000000
00000000
00000000
00000000
00000000
00000000
00000000
00000000
00000000
00000000
00000000
00000000
00000000
00000000
00000000
00000000
00000000
00000000
00000000
00000000
00000000
00000000
00000000
00000000
00000000
00000000
00000000
00000000
00000000
00000000
00000000
00000000
00000000
00000000
00000000
00000000
00000000
00000000
00000000
00000000
00000000
00000000
00000000
00000000
00000000
00000000
00000000
00000000
00000000
00000000
00000000
00000000
00000000
00000000
00000000
00000000
00000000
00000000
00000000
00000000
00000000
00000000
00000000
00000000
00000000
00000000
00000000
00000000
00000000
00000000
00000000
00000000
00000000
00000000
00000000
00000000
00000000
00000000
00000000
00000000
00000000
00000000
00000000
00000000
00000000
00000000
00000000
00000000
00000000
00000000
00000000
00000000
00000000
00000000
00000000
00000000
00000000
00000000
00000000
00000000
00000000
00000000
00000000
00000000
00000000
00000000
00000000
00000000
00000000
00000000
00000000
00000000
00000000
00000000
00000000
00000000
00000000
00000000
00000000
00000000
00000000
00000000
00000000
00000000
00000000
00000000
00000000
00000000
00000000
00000000
00000000
00000000
00000000
00000000
00000000
00000000
00000000
00000000
00000000
00000000
00000000
00000000
00000000
00000000
00000000
00000000
00000000
00000000
00000000
00000000
00000000
00000000
00000000
00000000
00000000
00000000
00000000
00000000
00000000
00000000
00000000
00000000
00000000
00000000
00000000
00000000
00000000
00000000
00000000
00000000
00000000
00000000
00000000
00000000
00000000
00000000
00000000
00000000
00000000
00000000
00000000
00000000
00000000
00000000
00000000
00000000
00000000
00000000
00000000
00000000
00000000
00000000
00000000
00000000
00000000
00000000
00000000
00000000
00000000
00000000
00000000
00000000
00000000
00000000
00000000
00000000
00000000
00000000
00000000
00000000
00000000
00000000
00000000
00000000
00000000
00000000
00000000
00000000
00000000
00000000
00000000
00000000
00000000
00000000
00000000
00000000
00000000
00000000
00000000
00000000
00000000
00000000
00000000
00000000
00000000
00000000
00000000
00000000
00000000
00000000
00000000
00000000
00000000
00000000
00000000
00000000
00000000
00000000
00000000
00000000
00000000
00000000
00000000
00000000
00000000
00000000
00000000
00000000
00000000
00000000
00000000
00000000
00000000
00000000
00000000
00000000
00000000
00000000
00000000
00000000
00000000
00000000
00000000
00000000
00000000
00000000
00000000
00000000
00000000
00000000
00000000
00000000
00000000
00000000
00000000
00000000
00000000
00000000
00000000
00000000
00000000
00000000
00000000
00000000
00000000
00000000
00000000
00000000
00000000
00000000
00000000
00000000
00000000
00000000
00000000
00000000
00000000
00000000
00000000
00000000
00000000
00000000
00000000
00000000
00000000
00000000
00000000
00000000
00000000
00000000
00000000
00000000
00000000
00000000
00000000
00000000
00000000
00000000
00000000
00000000
00000000
00000000
00000000
00000000
00000000
00000000
00000000
00000000
00000000
00000000
00000000
00000000
00000000
00000000
00000000
00000000
00000000
00000000
00000000
00000000
00000000
00000000
00000000
00000000
00000000
00000000
00000000
00000000
00000000
00000000
00000000
00000000
00000000
00000000
00000000
00000000
00000000
00000000
00000000
00000000
00000000
00000000
00000000
00000000
00000000
00000000
00000000
00000000
00000000
00000000
00000000
00000000
00000000
00000000
00000000
00000000
00000000
00000000
00000000
00000000
00000000
00000000
00000000
00000000
00000000
00000000
00000000
00000000
00000000
00000000
00000000
00000000
00000000
00000000
00000000
00000000
00000000
00000000
00000000
00000000
00000000
00000000
00000000
00000000
00000000
00000000
00000000
00000000
00000000
00000000
00000000
00000000
00000000
00000000
00000000
00000000
00000000
00000000
00000000
00000000
00000000
00000000
00000000
00000000
00000000
00000000
00000000
00000000
00000000
00000000
00000000
00000000
00000000
00000000
00000000
00000000
00000000
00000000
00000000
00000000
00000000
00000000
00000000
00000000
00000000
00000000
00000000
00000000
00000000
00000000
00000000
00000000
00000000
00000000
00000000
00000000
00000000
00000000
00000000
00000000
00000000
00000000
00000000
00000000
00000000
00000000
00000000
00000000
00000000
00000000
00000000
00000000
00000000
00000000
00000000
00000000
00000000
00000000
00000000
00000000
00000000
00000000
00000000
00000000
00000000
00000000
00000000
00000000
00000000
00000000
00000000
00000000
00000000
00000000
00000000
00000000
00000000
00000000
00000000
00000000
00000000
00000000
00000000
00000000
00000000
00000000
00000000
00000000
00000000
00000000
00000000
00000000
00000000
00000000
00000000
00000000
00000000
00000000
00000000
00000000
00000000
00000000
00000000
00000000
00000000
00000000
00000000
00000000
00000000
00000000
00000000
00000000
00000000
00000000
00000000
00000000
00000000
00000000
00000000
00000000
00000000
00000000
00000000
00000000
00000000
00000000
00000000
00000000
00000000
00000000
00000000
00000000
00000000
00000000
00000000
00000000
00000000
00000000
00000000
00000000
00000000
00000000
00000000
00000000
00000000
00000000
00000000
00000000
00000000
00000000
00000000
00000000
00000000
00000000
00000000
00000000
00000000
00000000
00000000
00000000
00000000
00000000
00000000
00000000
00000000
00000000
00000000
00000000
00000000
00000000
00000000
00000000
00000000
00000000
00000000
00000000
00000000
00000000
00000000
00000000
00000000
00000000
00000000
00000000
00000000
00000000
00000000
00000000
00000000
00000000
00000000
00000000
00000000
00000000
00000000
00000000
00000000
00000000
00000000
00000000
00000000
00000000
00000000
00000000
00000000
00000000
00000000
00000000
00000000
00000000
00000000
00000000
00000000
00000000
00000000
00000000
00000000
00000000
00000000
00000000
00000000
00000000
00000000
00000000
00000000
00000000
00000000
00000000
00000000
00000000
00000000
00000000
00000000
00000000
00000000
00000000
00000000
00000000
00000000
00000000
00000000
00000000
00000000
00000000
00000000
00000000
00000000
00000000
00000000
00000000
00000000
00000000
00000000
00000000
00000000
00000000
00000000
00000000
00000000
00000000
00000000
00000000
00000000
00000000
00000000
00000000
00000000
00000000
00000000
00000000
00000000
00000000
00000000
00000000
00000000
00000000
00000000
00000000
00000000
00000000
00000000
00000000
00000000
00000000
00000000
00000000
00000000
00000000
00000000
00000000
00000000
00000000
00000000
00000000
00000000
00000000
00000000
00000000
00000000
00000000
00000000
00000000
00000000
00000000
00000000
00000000
00000000
00000000
00000000
00000000
00000000
00000000
00000000
00000000
00000000
00000000
00000000
00000000
00000000
00000000
00000000
00000000
00000000
00000000
00000000
00000000
00000000
00000000
00000000
00000000
00000000
00000000
00000000
00000000
00000000
00000000
00000000
00000000
00000000
00000000
00000000
00000000
00000000
00000000
00000000
00000000
00000000
00000000
00000000
00000000
00000000
00000000
00000000
00000000
00000000
00000000
00000000
00000000
00000000
00000000
00000000
00000000
00000000
00000000
00000000
00000000
00000000
00000000
00000000
00000000
00000000
00000000
00000000
00000000
00000000
00000000
00000000
00000000
00000000
00000000
00000000
00000000
00000000
00000000
00000000
00000000
00000000
00000000
00000000
00000000
00000000
00000000
00000000
00000000
00000000
00000000
00000000
00000000
00000000
00000000
00000000
00000000
00000000
00000000
00000000
00000000
00000000
00000000
00000000
00000000
00000000
00000000
00000000
00000000
00000000
00000000
00000000
00000000
00000000
00000000
00000000
00000000
00000000
00000000
00000000
00000000
00000000
00000000
00000000
00000000
00000000
00000000
00000000
00000000
00000000
00000000
00000000
00000000
00000000
00000000
00000000
00000000
00000000
00000000
00000000
00000000
00000000
00000000
00000000
00000000
00000000
00000000
00000000
00000000
00000000
00000000
00000000
00000000
00000000
00000000
00000000
00000000
00000000
00000000
00000000
00000000
00000000
00000000
00000000
00000000
00000000
00000000
00000000
00000000
00000000
00000000
00000000
00000000
00000000
00000000
00000000
00000000
00000000
00000000
00000000
00000000
00000000
00000000
00000000
00000000
00000000
00000000
00000000
00000000
00000000
00000000
00000000
00000000
00000000
00000000
00000000
00000000
00000000
00000000
00000000
00000000
00000000
00000000
00000000
00000000
00000000
00000000
00000000
00000000
00000000
00000000
00000000
00000000
00000000
00000000
00000000
00000000
00000000
00000000
00000000
00000000
00000000
00000000
00000000
00000000
00000000
00000000
00000000
00000000
00000000
00000000
00000000
00000000
00000000
00000000
00000000
00000000
00000000
00000000
00000000
00000000
00000000
00000000
00000000
00000000
00000000
00000000
00000000
00000000
00000000
00000000
00000000
00000000
00000000
00000000
00000000
00000000
00000000
00000000
00000000
00000000
00000000
00000000
00000000
00000000
00000000
00000000
00000000
00000000
00000000
00000000
00000000
00000000
00000000
00000000
00000000
00000000
00000000
00000000
00000000
00000000
00000000
00000000
00000000
00000000
00000000
00000000
00000000
00000000
00000000
00000000
00000000
00000000
00000000
00000000
00000000
00000000
00000000
00000000
00000000
00000000
00000000
00000000
00000000
00000000
00000000
00000000
00000000
00000000
00000000
00000000
00000000
00000000
00000000
00000000
00000000
00000000
00000000
00000000
00000000
00000000
00000000
00000000
00000000
00000000
00000000
00000000
00000000
00000000
00000000
00000000
00000000
00000000
00000000
00000000
00000000
00000000
00000000
00000000
00000000
00000000
00000000
00000000
00000000
00000000
00000000
00000000
00000000
00000000
00000000
00000000
00000000
00000000
00000000
00000000
00000000
00000000
00000000
00000000
00000000
00000000
00000000
00000000
00000000
00000000
00000000
00000000
00000000
00000000
00000000
00000000
00000000
00000000
00000000
00000000
00000000
00000000
00000000
00000000
00000000
00000000
00000000
00000000
00000000
00000000
00000000
00000000
00000000
00000000
00000000
00000000
00000000
00000000
00000000
00000000
00000000
00000000
00000000
00000000
00000000
00000000
00000000
00000000
00000000
00000000
00000000
00000000
00000000
00000000
00000000
00000000
00000000
00000000
00000000
00000000
00000000
00000000
00000000
00000000
00000000
00000000
00000000
00000000
00000000
00000000
00000000
00000000
00000000
00000000
00000000
00000000
00000000
00000000
00000000
00000000
00000000
00000000
00000000
00000000
00000000
00000000
00000000
00000000
00000000
00000000
00000000
00000000
00000000
00000000
00000000
00000000
00000000
00000000
00000000
00000000
00000000
00000000
00000000
00000000
00000000
00000000
00000000
00000000
00000000
00000000
00000000
00000000
00000000
00000000
00000000
00000000
00000000
00000000
00000000
00000000
00000000
00000000
00000000
00000000
00000000
00000000
00000000
00000000
00000000
00000000
00000000
00000000
00000000
00000000
00000000
00000000
00000000
00000000
00000000
00000000
00000000
00000000
00000000
00000000
00000000
00000000
00000000
00000000
00000000
00000000
00000000
00000000
00000000
00000000
00000000
00000000
00000000
00000000
00000000
00000000
00000000
00000000
00000000
00000000
00000000
00000000
00000000
00000000
00000000
00000000
00000000
00000000
00000000
00000000
00000000
00000000
00000000
00000000
00000000
00000000
00000000
00000000
00000000
00000000
00000000
00000000
00000000
00000000
00000000
00000000
00000000
00000000
00000000
00000000
00000000
00000000
00000000
00000000
00000000
00000000
00000000
00000000
00000000
00000000
00000000
00000000
00000000
00000000
00000000
00000000
00000000
00000000
00000000
00000000
00000000
00000000
00000000
00000000
00000000
00000000
00000000
00000000
00000000
00000000
00000000
00000000
00000000
00000000
00000000
00000000
00000000
00000000
00000000
00000000
00000000
00000000
00000000
00000000
00000000
00000000
00000000
00000000
00000000
00000000
00000000
00000000
00000000
00000000
00000000
00000000
00000000
00000000
00000000
00000000
00000000
00000000
00000000
00000000
00000000
00000000
00000000
00000000
00000000
00000000
00000000
00000000
00000000
00000000
00000000
00000000
00000000
00000000
00000000
00000000
00000000
00000000
00000000
00000000
00000000
00000000
00000000
00000000
00000000
00000000
00000000
00000000
00000000
00000000
00000000
00000000
00000000
00000000
00000000
00000000
00000000
00000000
00000000
00000000
00000000
00000000
00000000
00000000
00000000
00000000
00000000
00000000
00000000
00000000
00000000
00000000
00000000
00000000
00000000
00000000
00000000
00000000
00000000
00000000
00000000
00000000
00000000
00000000
00000000
00000000
00000000
00000000
00000000
00000000
00000000
00000000
00000000
00000000
00000000
00000000
00000000
00000000
00000000
00000000
00000000
00000000
00000000
00000000
00000000
00000000
00000000
00000000
00000000
00000000
00000000
00000000
00000000
00000000
00000000
00000000
00000000
00000000
00000000
00000000
00000000
00000000
00000000
00000000
00000000
00000000
00000000
00000000
00000000
00000000
00000000
00000000
00000000
00000000
00000000
00000000
00000000
00000000
00000000
00000000
00000000
00000000
00000000
00000000
00000000
00000000
00000000
00000000
00000000
00000000
00000000
00000000
00000000
00000000
00000000
00000000
00000000
00000000
00000000
00000000
00000000
00000000
00000000
00000000
00000000
00000000
00000000
00000000
00000000
00000000
00000000
00000000
00000000
00000000
00000000
00000000
00000000
00000000
00000000
00000000
00000000
00000000
00000000
00000000
00000000
00000000
00000000
00000000
00000000
00000000
00000000
00000000
00000000
00000000
00000000
00000000
00000000
00000000
00000000
00000000
00000000
00000000
00000000
00000000
00000000
00000000
00000000
00000000
00000000
00000000
00000000
00000000
00000000
00000000
00000000
00000000
00000000
00000000
00000000
00000000
00000000
00000000
00000000
00000000
00000000
00000000
00000000
00000000
00000000
00000000
00000000
00000000
00000000
00000000
00000000
00000000
00000000
00000000
00000000
00000000
00000000
00000000
00000000
00000000
00000000
00000000
00000000
00000000
00000000
00000000
00000000
00000000
00000000
00000000
00000000
00000000
00000000
00000000
00000000
00000000
00000000
00000000
00000000
00000000
00000000
00000000
00000000
00000000
00000000
00000000
00000000
00000000
00000000
00000000
00000000
00000000
00000000
00000000
00000000
00000000
00000000
00000000
00000000
00000000
00000000
00000000
00000000
00000000
00000000
00000000
00000000
00000000
00000000
00000000
00000000
00000000
00000000
00000000
00000000
00000000
00000000
00000000
00000000
00000000
00000000
00000000
00000000
00000000
00000000
00000000
00000000
00000000
00000000
00000000
00000000
00000000
00000000
00000000
00000000
00000000
00000000
00000000
00000000
00000000
00000000
00000000
00000000
00000000
00000000
00000000
00000000
00000000
00000000
00000000
00000000
00000000
00000000
00000000
00000000
00000000
00000000
00000000
00000000
00000000
00000000
00000000
00000000
00000000
00000000
00000000
00000000
00000000
00000000
00000000
00000000
00000000
00000000
00000000
00000000
00000000
00000000
00000000
00000000
00000000
00000000
00000000
00000000
00000000
00000000
00000000
00000000
00000000
00000000
00000000
00000000
00000000
00000000
00000000
00000000
00000000
00000000
00000000
00000000
00000000
00000000
00000000
00000000
00000000
00000000
00000000
00000000
00000000
00000000
00000000
00000000
00000000
00000000
00000000
00000000
00000000
00000000
00000000
00000000
00000000
00000000
00000000
00000000
00000000
00000000
00000000
00000000
00000000
00000000
00000000
00000000
00000000
00000000
00000000
00000000
00000000
00000000
00000000
00000000
00000000
00000000
00000000
00000000
00000000
00000000
00000000
00000000
00000000
00000000
00000000
00000000
00000000
00000000
00000000
00000000
00000000
00000000
00000000
00000000
00000000
00000000
00000000
00000000
00000000
00000000
00000000
00000000
00000000
00000000
00000000
00000000
00000000
00000000
00000000
00000000
00000000
00000000
00000000
00000000
00000000
00000000
00000000
00000000
00000000
00000000
00000000
00000000
00000000
00000000
00000000
00000000
00000000
00000000
00000000
00000000
00000000
00000000
00000000
00000000
00000000
00000000
00000000
00000000
00000000
00000000
00000000
00000000
00000000
00000000
00000000
00000000
00000000
00000000
00000000
00000000
00000000
00000000
00000000
00000000
00000000
00000000
00000000
00000000
00000000
00000000
00000000
00000000
00000000
00000000
00000000
00000000
00000000
00000000
00000000
00000000
00000000
00000000
00000000
00000000
00000000
00000000
00000000
00000000
00000000
00000000
00000000
00000000
00000000
00000000
00000000
00000000
00000000
00000000
00000000
00000000
00000000
00000000
00000000
00000000
00000000
00000000
00000000
00000000
00000000
00000000
00000000
00000000
00000000
00000000
00000000
00000000
00000000
00000000
00000000
00000000
00000000
00000000
00000000
00000000
00000000
00000000
00000000
00000000
00000000
00000000
00000000
00000000
00000000
00000000
00000000
00000000
00000000
00000000
00000000
00000000
00000000
00000000
00000000
00000000
00000000
00000000
00000000
00000000
00000000
00000000
00000000
00000000
00000000
00000000
00000000
00000000
00000000
00000000
00000000
00000000
00000000
00000000
00000000
00000000
00000000
00000000
00000000
00000000
00000000
00000000
00000000
00000000
00000000
00000000
00000000
00000000
00000000
00000000
00000000
00000000
00000000
00000000
00000000
00000000
00000000
00000000
00000000
00000000
00000000
00000000
00000000
00000000
00000000
00000000
00000000
00000000
00000000
00000000
00000000
00000000
00000000
00000000
00000000
00000000
00000000
00000000
00000000
00000000
00000000
00000000
00000000
00000000
00000000
00000000
00000000
00000000
00000000
00000000
00000000
00000000
00000000
00000000
00000000
00000000
00000000
00000000
00000000
00000000
00000000
00000000
00000000
00000000
00000000
00000000
00000000
00000000
00000000
00000000
00000000
00000000
00000000
00000000
00000000
00000000
00000000
00000000
00000000
00000000
00000000
00000000
00000000
00000000
00000000
00000000
00000000
00000000
00000000
00000000
00000000
00000000
00000000
00000000
00000000
00000000
00000000
00000000
00000000
00000000
00000000
00000000
00000000
00000000
00000000
00000000
00000000
00000000
00000000
00000000
00000000
00000000
00000000
00000000
00000000
00000000
00000000
00000000
00000000
00000000
00000000
00000000
00000000
00000000
00000000
00000000
00000000
00000000
00000000
00000000
00000000
00000000
00000000
00000000
00000000
00000000
00000000
00000000
00000000
00000000
00000000
00000000
00000000
00000000
00000000
00000000
00000000
00000000
00000000
00000000
00000000
00000000
00000000
00000000
00000000
00000000
00000000
00000000
00000000
00000000
00000000
00000000
00000000
00000000
00000000
00000000
00000000
00000000
00000000
00000000
00000000
00000000
00000000
00000000
00000000
00000000
00000000
00000000
00000000
00000000
00000000
00000000
00000000
00000000
00000000
00000000
00000000
00000000
00000000
00000000
00000000
00000000
00000000
00000000
00000000
00000000
00000000
00000000
00000000
00000000
00000000
00000000
00000000
00000000
00000000
00000000
00000000
00000000
00000000
00000000
00000000
00000000
00000000
00000000
00000000
00000000
00000000
00000000
00000000
00000000
00000000
00000000
00000000
00000000
00000000
00000000
00000000
00000000
00000000
00000000
00000000
00000000
00000000
00000000
00000000
00000000
00000000
00000000
00000000
00000000
00000000
00000000
00000000
00000000
00000000
00000000
00000000
00000000
00000000
00000000
00000000
00000000
00000000
00000000
00000000
00000000
00000000
00000000
00000000
00000000
00000000
00000000
00000000
00000000
00000000
00000000
00000000
00000000
00000000
00000000
00000000
00000000
00000000
00000000
00000000
00000000
00000000
00000000
00000000
00000000
00000000
00000000
00000000
00000000
00000000
00000000
00000000
00000000
00000000
00000000
00000000
00000000
00000000
00000000
00000000
00000000
00000000
00000000
00000000
00000000
00000000
00000000
00000000
00000000
00000000
00000000
00000000
00000000
00000000
00000000
00000000
00000000
00000000
00000000
00000000
00000000
00000000
00000000
00000000
00000000
00000000
00000000
00000000
00000000
00000000
00000000
00000000
00000000
00000000
00000000
00000000
00000000
00000000
00000000
00000000
00000000
00000000
00000000
00000000
00000000
00000000
00000000
00000000
00000000
00000000
00000000
00000000
00000000
00000000
00000000
00000000
00000000
00000000
00000000
00000000
00000000
00000000
00000000
00000000
00000000
00000000
00000000
00000000
00000000
00000000
00000000
00000000
00000000
00000000
00000000
00000000
00000000
00000000
00000000
00000000
00000000
00000000
00000000
00000000
00000000
00000000
00000000
00000000
00000000
00000000
00000000
00000000
00000000
00000000
00000000
00000000
00000000
00000000
00000000
00000000
00000000
00000000
00000000
00000000
00000000
00000000
00000000
00000000
00000000
00000000
00000000
00000000
00000000
00000000
00000000
00000000
00000000
00000000
00000000
00000000
00000000
00000000
00000000
00000000
00000000
00000000
00000000
00000000
00000000
00000000
00000000
00000000
00000000
00000000
00000000
00000000
00000000
00000000
00000000
00000000
00000000
00000000
00000000
00000000
00000000
00000000
00000000
00000000
00000000
00000000
00000000
00000000
00000000
00000000
00000000
00000000
00000000
00000000
00000000
00000000
00000000
00000000
00000000
00000000
00000000
00000000
00000000
00000000
00000000
00000000
00000000
00000000
00000000
00000000
00000000
00000000
00000000
00000000
00000000
00000000
00000000
00000000
00000000
00000000
00000000
00000000
00000000
00000000
00000000
00000000
00000000
00000000
00000000
00000000
00000000
00000000
00000000
00000000
00000000
00000000
00000000
00000000
00000000
00000000
00000000
00000000
00000000
00000000
00000000
00000000
00000000
00000000
00000000
00000000
00000000
00000000
00000000
00000000
00000000
00000000
00000000
00000000
00000000
00000000
00000000
00000000
00000000
00000000
00000000
00000000
00000000
00000000
00000000
00000000
00000000
00000000
00000000
00000000
00000000
00000000
00000000
00000000
00000000
00000000
00000000
00000000
00000000
00000000
00000000
00000000
00000000
00000000
00000000
00000000
00000000
00000000
00000000
00000000
00000000
00000000
00000000
00000000
00000000
00000000
00000000
00000000
00000000
00000000
00000000
00000000
00000000
00000000
00000000
00000000
00000000
00000000
00000000
00000000
00000000
00000000
00000000
00000000
00000000
00000000
00000000
00000000
00000000
00000000
00000000
00000000
00000000
00000000
00000000
00000000
00000000
00000000
00000000
00000000
00000000
00000000
00000000
00000000
00000000
00000000
00000000
00000000
00000000
00000000
00000000
00000000
00000000
00000000
00000000
00000000
00000000
00000000
00000000
00000000
00000000
00000000
00000000
00000000
00000000
00000000
00000000
00000000
00000000
00000000
00000000
00000000
00000000
00000000
00000000
00000000
00000000
00000000
00000000
00000000
00000000
00000000
00000000
00000000
00000000
00000000
00000000
00000000
00000000
00000000
00000000
00000000
00000000
00000000
00000000
00000000
00000000
00000000
00000000
00000000
00000000
00000000
00000000
00000000
00000000
00000000
00000000
00000000
00000000
00000000
00000000
00000000
00000000
00000000
00000000
00000000
00000000
00000000
00000000
00000000
00000000
00000000
00000000
00000000
00000000
00000000
00000000
00000000
00000000
00000000
00000000
00000000
00000000
00000000
00000000
00000000
00000000
00000000
00000000
00000000
00000000
00000000
00000000
00000000
00000000
00000000
00000000
00000000
00000000
00000000
00000000
00000000
00000000
00000000
00000000
00000000
00000000
00000000
00000000
00000000
00000000
00000000
00000000
00000000
00000000
00000000
00000000
00000000
00000000
00000000
00000000
00000000
00000000
00000000
00000000
00000000
00000000
00000000
00000000
00000000
00000000
00000000
00000000
00000000
00000000
00000000
00000000
00000000
00000000
00000000
00000000
00000000
00000000
00000000
00000000
00000000
00000000
00000000
00000000
00000000
00000000
00000000
00000000
00000000
00000000
00000000
00000000
00000000
00000000
00000000
00000000
00000000
00000000
00000000
00000000
00000000
00000000
00000000
00000000
00000000
00000000
00000000
00000000
00000000
00000000
00000000
00000000
00000000
00000000
00000000
00000000
00000000
00000000
00000000
00000000
00000000
00000000
00000000
00000000
00000000
00000000
00000000
00000000
00000000
00000000
00000000
00000000
00000000
00000000
00000000
00000000
00000000
00000000
00000000
00000000
00000000
00000000
00000000
00000000
00000000
00000000
00000000
00000000
00000000
00000000
00000000
00000000
00000000
00000000
00000000
00000000
00000000
00000000
00000000
00000000
00000000
00000000
00000000
00000000
00000000
00000000
00000000
00000000
00000000
00000000
00000000
00000000
00000000
00000000
00000000
00000000
00000000
00000000
00000000
00000000
00000000
00000000
00000000
00000000
00000000
00000000
00000000
00000000
00000000
00000000
00000000
00000000
00000000
00000000
00000000
00000000
00000000
00000000
00000000
00000000
00000000
00000000
00000000
00000000
00000000
00000000
00000000
00000000
00000000
00000000
00000000
00000000
00000000
00000000
00000000
00000000
00000000
00000000
00000000
00000000
00000000
00000000
00000000
00000000
00000000
00000000
00000000
00000000
00000000
00000000
00000000
00000000
00000000
00000000
00000000
00000000
00000000
00000000
00000000
00000000
00000000
00000000
00000000
00000000
00000000
00000000
00000000
00000000
00000000
00000000
00000000
00000000
00000000
00000000
00000000
00000000
00000000
00000000
00000000
00000000
00000000
00000000
00000000
00000000
00000000
00000000
00000000
00000000
00000000
00000000
00000000
00000000
00000000
00000000
00000000
00000000
00000000
00000000
00000000
00000000
00000000
00000000
00000000
00000000
00000000
00000000
00000000
00000000
00000000
00000000
00000000
00000000
00000000
00000000
00000000
00000000
00000000
00000000
00000000
00000000
00000000
00000000
00000000
00000000
00000000
00000000
00000000
00000000
00000000
00000000
00000000
00000000
00000000
00000000
00000000
00000000
00000000
00000000
00000000
00000000
00000000
00000000
00000000
00000000
00000000
00000000
00000000
00000000
00000000
00000000
00000000
00000000
00000000
00000000
00000000
00000000
00000000
00000000
00000000
00000000
00000000
00000000
00000000
00000000
00000000
00000000
00000000
00000000
00000000
00000000
00000000
00000000
00000000
00000000
00000000
00000000
00000000
00000000
00000000
00000000
00000000
00000000
00000000
00000000
00000000
00000000
00000000
00000000
00000000
00000000
00000000
00000000
00000000
00000000
00000000
00000000
00000000
00000000
00000000
00000000
00000000
00000000
00000000
00000000
00000000
00000000
00000000
00000000
00000000
00000000
00000000
00000000
00000000
00000000
00000000
00000000
00000000
00000000
00000000
00000000
00000000
00000000
00000000
00000000
00000000
00000000
00000000
00000000
00000000
00000000
00000000
00000000
00000000
00000000
00000000
00000000
00000000
00000000
00000000
00000000
00000000
00000000
00000000
00000000
00000000
00000000
00000000
00000000
00000000
00000000
00000000
00000000
00000000
00000000
00000000
00000000
00000000
00000000
00000000
00000000
00000000
00000000
00000000
00000000
00000000
00000000
00000000
00000000
00000000
00000000
00000000
00000000
00000000
00000000
00000000
00000000
00000000
00000000
00000000
00000000
00000000
00000000
00000000
00000000
00000000
00000000
00000000
00000000
00000000
00000000
00000000
00000000
00000000
00000000
00000000
00000000
00000000
00000000
00000000
00000000
00000000
00000000
00000000
00000000
00000000
00000000
00000000
00000000
00000000
00000000
00000000
00000000
00000000
00000000
00000000
00000000
00000000
00000000
00000000
00000000
00000000
00000000
00000000
00000000
00000000
00000000
00000000
00000000
00000000
00000000
00000000
00000000
00000000
00000000
00000000
00000000
00000000
00000000
00000000
00000000
00000000
00000000
00000000
00000000
00000000
00000000
00000000
00000000
00000000
00000000
00000000
00000000
00000000
00000000
00000000
00000000
00000000
00000000
00000000
00000000
00000000
00000000
00000000
00000000
00000000
00000000
00000000
00000000
00000000
00000000
00000000
00000000
00000000
00000000
00000000
00000000
00000000
00000000
00000000
00000000
00000000
00000000
00000000
00000000
00000000
00000000
00000000
00000000
00000000
00000000
00000000
00000000
00000000
00000000
00000000
00000000
00000000
00000000
00000000
00000000
00000000
00000000
00000000
00000000
00000000
00000000
00000000
00000000
00000000
00000000
00000000
00000000
00000000
00000000
00000000
00000000
00000000
00000000
00000000
00000000
00000000
00000000
00000000
00000000
00000000
00000000
00000000
00000000
00000000
00000000
00000000
00000000
00000000
00000000
00000000
00000000
00000000
00000000
00000000
00000000
00000000
00000000
00000000
00000000
00000000
00000000
00000000
00000000
00000000
00000000
00000000
00000000
00000000
00000000
00000000
00000000
00000000
00000000
00000000
00000000
00000000
00000000
00000000
00000000
00000000
00000000
00000000
00000000
00000000
00000000
00000000
00000000
00000000
00000000
00000000
00000000
00000000
00000000
00000000
00000000
00000000
00000000
00000000
00000000
00000000
00000000
00000000
00000000
00000000
00000000
00000000
00000000
00000000
00000000
00000000
00000000
00000000
00000000
00000000
00000000
00000000
00000000
00000000
00000000
00000000
00000000
00000000
00000000
00000000
00000000
00000000
00000000
00000000
00000000
00000000
00000000
00000000
00000000
00000000
00000000
00000000
00000000
00000000
00000000
00000000
00000000
00000000
00000000
00000000
00000000
00000000
00000000
00000000
00000000
00000000
00000000
00000000
00000000
00000000
00000000
00000000
00000000
00000000
00000000
00000000
00000000
00000000
00000000
00000000
00000000
00000000
00000000
00000000
00000000
00000000
00000000
00000000
00000000
00000000
00000000
00000000
00000000
00000000
00000000
00000000
00000000
00000000
00000000
00000000
00000000
00000000
00000000
00000000
00000000
00000000
00000000
00000000
00000000
00000000
00000000
00000000
00000000
00000000
00000000
00000000
00000000
00000000
00000000
00000000
00000000
00000000
00000000
00000000
00000000
00000000
00000000
00000000
00000000
00000000
00000000
00000000
00000000
00000000
00000000
00000000
00000000
00000000
00000000
00000000
00000000
00000000
00000000
00000000
00000000
00000000
00000000
00000000
00000000
00000000
00000000
00000000
00000000
00000000
00000000
00000000
00000000
00000000
00000000
00000000
00000000
00000000
00000000
00000000
00000000
00000000
00000000
00000000
00000000
00000000
00000000
00000000
00000000
00000000
00000000
00000000
00000000
00000000
00000000
00000000
00000000
00000000
00000000
00000000
00000000
00000000
00000000
00000000
00000000
00000000
00000000
00000000
00000000
00000000
00000000
00000000
00000000
00000000
00000000
00000000
00000000
00000000
00000000
00000000
00000000
00000000
00000000
00000000
00000000
00000000
00000000
00000000
00000000
00000000
00000000
00000000
00000000
00000000
00000000
00000000
00000000
00000000
00000000
00000000
00000000
00000000
00000000
00000000
00000000
00000000
00000000
00000000
00000000
00000000
00000000
00000000
00000000
00000000
00000000
00000000
00000000
00000000
00000000
00000000
00000000
00000000
00000000
00000000
00000000
00000000
00000000
00000000
00000000
00000000
00000000
00000000
00000000
00000000
00000000
00000000
00000000
00000000
00000000
00000000
00000000
00000000
00000000
00000000
00000000
00000000
00000000
00000000
00000000
00000000
00000000
00000000
00000000
00000000
00000000
00000000
00000000
00000000
00000000
00000000
00000000
00000000
00000000
00000000
00000000
00000000
00000000
00000000
00000000
00000000
00000000
00000000
00000000
00000000
00000000
00000000
00000000
00000000
00000000
00000000
00000000
00000000
00000000
00000000
00000000
00000000
00000000
00000000
00000000
00000000
00000000
00000000
00000000
00000000
00000000
00000000
00000000
00000000
00000000
00000000
00000000
00000000
00000000
00000000
00000000
00000000
00000000
00000000
00000000
00000000
00000000
00000000
00000000
00000000
00000000
00000000
00000000
00000000
00000000
00000000
00000000
00000000
00000000
00000000
00000000
00000000
00000000
00000000
00000000
00000000
00000000
00000000
00000000
00000000
00000000
00000000
00000000
00000000
00000000
00000000
00000000
00000000
00000000
00000000
00000000
00000000
00000000
00000000
00000000
00000000
00000000
00000000
00000000
00000000
00000000
00000000
00000000
00000000
00000000
00000000
00000000
00000000
00000000
00000000
00000000
00000000
00000000
00000000
00000000
00000000
00000000
00000000
00000000
00000000
00000000
00000000
00000000
00000000
00000000
00000000
00000000
00000000
00000000
00000000
00000000
00000000
00000000
00000000
00000000
00000000
00000000
00000000
00000000
00000000
00000000
00000000
00000000
00000000
00000000
00000000
00000000
00000000
00000000
00000000
00000000
00000000
00000000
00000000
00000000
00000000
00000000
00000000
00000000
00000000
00000000
00000000
00000000
00000000
00000000
00000000
00000000
00000000
00000000
00000000
00000000
00000000
00000000
00000000
00000000
00000000
00000000
00000000
00000000
00000000
00000000
00000000
00000000
00000000
00000000
00000000
00000000
00000000
00000000
00000000
00000000
00000000
00000000
00000000
00000000
00000000
00000000
00000000
00000000
00000000
00000000
00000000
00000000
00000000
00000000
00000000
00000000
00000000
00000000
00000000
00000000
00000000
00000000
00000000
00000000
00000000
00000000
00000000
00000000
00000000
00000000
00000000
00000000
00000000
00000000
00000000
00000000
00000000
00000000
00000000
00000000
00000000
00000000
00000000
00000000
00000000
00000000
00000000
00000000
00000000
00000000
00000000
00000000
00000000
00000000
00000000
00000000
00000000
00000000
00000000
00000000
00000000
00000000
00000000
00000000
00000000
00000000
00000000
00000000
00000000
00000000
00000000
00000000
00000000
00000000
00000000
00000000
00000000
00000000
00000000
00000000
00000000
00000000
00000000
00000000
00000000
00000000
00000000
00000000
00000000
00000000
00000000
00000000
00000000
00000000
00000000
00000000
00000000
00000000
00000000
00000000
00000000
00000000
00000000
00000000
00000000
00000000
00000000
00000000
00000000
00000000
00000000
00000000
00000000
00000000
00000000
00000000
00000000
00000000
00000000
00000000
00000000
00000000
00000000
00000000
00000000
00000000
00000000
00000000
00000000
00000000
00000000
00000000
00000000
00000000
00000000
00000000
00000000
00000000
00000000
00000000
00000000
00000000
00000000
00000000
00000000
00000000
00000000
00000000
00000000
00000000
00000000
00000000
00000000
00000000
00000000
00000000
00000000
00000000
00000000
00000000
00000000
00000000
00000000
00000000
00000000
00000000
00000000
00000000
00000000
00000000
00000000
00000000
00000000
00000000
00000000
00000000
00000000
00000000
00000000
00000000
00000000
00000000
00000000
00000000
00000000
00000000
00000000
00000000
00000000
00000000
00000000
00000000
00000000
00000000
00000000
00000000
00000000
00000000
00000000
00000000
00000000
00000000
00000000
00000000
00000000
00000000
00000000
00000000
00000000
00000000
00000000
00000000
00000000
00000000
00000000
00000000
00000000
00000000
00000000
00000000
00000000
00000000
00000000
00000000
00000000
00000000
00000000
00000000
00000000
00000000
00000000
00000000
00000000
00000000
00000000
00000000
00000000
00000000
00000000
00000000
00000000
00000000
00000000
00000000
00000000
00000000
00000000
00000000
00000000
00000000
00000000
00000000
00000000
00000000
00000000
00000000
00000000
00000000
00000000
00000000
00000000
00000000
00000000
00000000
00000000
00000000
00000000
00000000
00000000
00000000
00000000
00000000
00000000
00000000
00000000
00000000
00000000
00000000
00000000
00000000
00000000
00000000
00000000
00000000
00000000
00000000
00000000
00000000
00000000
00000000
00000000
00000000
00000000
00000000
00000000
00000000
00000000
00000000
00000000
00000000
00000000
00000000
00000000
00000000
00000000
00000000
00000000
00000000
00000000
00000000
00000000
00000000
00000000
00000000
00000000
00000000
00000000
00000000
00000000
00000000
00000000
00000000
00000000
00000000
00000000
00000000
00000000
00000000
00000000
00000000
00000000
00000000
00000000
00000000
00000000
00000000
00000000
00000000
00000000
00000000
00000000
00000000
00000000
00000000
00000000
00000000
00000000
00000000
00000000
00000000
00000000
00000000
00000000
00000000
00000000
00000000
00000000
00000000
00000000
00000000
00000000
00000000
00000000
00000000
00000000
00000000
00000000
00000000
00000000
00000000
00000000
00000000
00000000
00000000
00000000
00000000
00000000
00000000
00000000
00000000
00000000
00000000
00000000
00000000
00000000
00000000
00000000
00000000
00000000
00000000
00000000
00000000
00000000
00000000
00000000
00000000
00000000
00000000
00000000
00000000
00000000
00000000
00000000
00000000
00000000
00000000
00000000
00000000
00000000
00000000
00000000
00000000
00000000
00000000
00000000
00000000
00000000
00000000
00000000
00000000
00000000
00000000
00000000
00000000
00000000
00000000
00000000
00000000
00000000
00000000
00000000
00000000
00000000
00000000
00000000
00000000
00000000
00000000
00000000
00000000
00000000
00000000
00000000
00000000
00000000
00000000
00000000
00000000
00000000
00000000
00000000
00000000
00000000
00000000
00000000
00000000
00000000
00000000
00000000
00000000
00000000
00000000
00000000
00000000
00000000
00000000
00000000
00000000
00000000
00000000
00000000
00000000
00000000
00000000
00000000
00000000
00000000
00000000
00000000
00000000
00000000
00000000
00000000
00000000
00000000
00000000
00000000
00000000
00000000
00000000
00000000
00000000
00000000
00000000
00000000
00000000
00000000
00000000
00000000
00000000
00000000
00000000
00000000
00000000
00000000
00000000
00000000
00000000
00000000
00000000
00000000
00000000
00000000
00000000
00000000
00000000
00000000
00000000
00000000
00000000
00000000
00000000
00000000
00000000
00000000
00000000
00000000
00000000
00000000
00000000
00000000
00000000
00000000
00000000
00000000
00000000
00000000
00000000
00000000
00000000
00000000
00000000
00000000
00000000
00000000
00000000
00000000
00000000
00000000
00000000
00000000
00000000
00000000
00000000
00000000
00000000
00000000
00000000
00000000
00000000
00000000
00000000
00000000
00000000
00000000
00000000
00000000
00000000
00000000
00000000
00000000
00000000
00000000
00000000
00000000
00000000
00000000
00000000
00000000
00000000
00000000
00000000
00000000
00000000
00000000
00000000
00000000
00000000
00000000
00000000
00000000
00000000
00000000
00000000
00000000
00000000
00000000
00000000
00000000
00000000
00000000
00000000
00000000
00000000
00000000
00000000
00000000
00000000
00000000
00000000
00000000
00000000
00000000
00000000
00000000
00000000
00000000
00000000
00000000
00000000
00000000
00000000
00000000
00000000
00000000
00000000
00000000
00000000
00000000
00000000
00000000
00000000
00000000
00000000
00000000
00000000
00000000
00000000
00000000
00000000
00000000
00000000
00000000
00000000
00000000
00000000
00000000
00000000
00000000
00000000
00000000
00000000
00000000
00000000
00000000
00000000
00000000
00000000
00000000
00000000
00000000
00000000
00000000
00000000
00000000
00000000
00000000
00000000
00000000
00000000
00000000
00000000
00000000
00000000
00000000
00000000
00000000
00000000
00000000
00000000
00000000
00000000
00000000
00000000
00000000
00000000
00000000
00000000
00000000
00000000
00000000
00000000
00000000
00000000
00000000
00000000
00000000
00000000
00000000
00000000
00000000
00000000
00000000
00000000
00000000
00000000
00000000
00000000
00000000
00000000
00000000
00000000
00000000
00000000
00000000
00000000
00000000
00000000
00000000
00000000
00000000
00000000
00000000
00000000
00000000
00000000
00000000
00000000
00000000
00000000
00000000
00000000
00000000
00000000
00000000
00000000
00000000
00000000
00000000
00000000
00000000
00000000
00000000
00000000
00000000
00000000
00000000
00000000
00000000
00000000
00000000
00000000
00000000
00000000
00000000
00000000
00000000
00000000
00000000
00000000
00000000
00000000
00000000
00000000
00000000
00000000
00000000
00000000
00000000
00000000
00000000
00000000
00000000
00000000
00000000
00000000
00000000
00000000
00000000
00000000
00000000
00000000
00000000
00000000
00000000
00000000
00000000
00000000
00000000
00000000
00000000
00000000
00000000
00000000
00000000
00000000
00000000
00000000
00000000
00000000
00000000
00000000
00000000
00000000
00000000
00000000
00000000
00000000
00000000
00000000
00000000
00000000
00000000
00000000
00000000
00000000
00000000
00000000
00000000
00000000
00000000
00000000
00000000
00000000
00000000
00000000
00000000
00000000
00000000
00000000
00000000
00000000
00000000
00000000
00000000
00000000
00000000
00000000
00000000
00000000
00000000
00000000
00000000
00000000
00000000
00000000
00000000
00000000
00000000
00000000
00000000
00000000
00000000
00000000
00000000
00000000
00000000
00000000
00000000
00000000
00000000
00000000
00000000
00000000
00000000
00000000
00000000
00000000
00000000
00000000
00000000
00000000
00000000
00000000
00000000
00000000
00000000
00000000
00000000
00000000
00000000
00000000
00000000
00000000
00000000
00000000
00000000
00000000
00000000
00000000
00000000
00000000
00000000
00000000
00000000
00000000
00000000
00000000
00000000
00000000
00000000
00000000
00000000
00000000
00000000
00000000
00000000
00000000
00000000
00000000
00000000
00000000
00000000
00000000
00000000
00000000
00000000
00000000
00000000
00000000
00000000
00000000
00000000
00000000
00000000
00000000
00000000
00000000
00000000
00000000
00000000
00000000
00000000
00000000
00000000
00000000
00000000
00000000
00000000
00000000
00000000
00000000
00000000
00000000
00000000
00000000
00000000
00000000
00000000
00000000
00000000
00000000
00000000
00000000
00000000
00000000
00000000
00000000
00000000
00000000
00000000
00000000
00000000
00000000
00000000
00000000
00000000
00000000
00000000
00000000
00000000
00000000
00000000
00000000
00000000
00000000
00000000
00000000
00000000
00000000
00000000
00000000
00000000
00000000
00000000
00000000
00000000
00000000
00000000
00000000
00000000
00000000
00000000
00000000
00000000
00000000
00000000
00000000
00000000
00000000
00000000
00000000
00000000
00000000
00000000
00000000
00000000
00000000
00000000
00000000
00000000
00000000
00000000
00000000
00000000
00000000
00000000
00000000
00000000
00000000
00000000
00000000
00000000
00000000
00000000
00000000
00000000
00000000
00000000
00000000
00000000
00000000
00000000
00000000
00000000
00000000
00000000
00000000
00000000
00000000
00000000
00000000
00000000
00000000
00000000
00000000
00000000
00000000
00000000
00000000
00000000
00000000
00000000
00000000
00000000
00000000
00000000
00000000
00000000
00000000
00000000
00000000
00000000
00000000
00000000
00000000
00000000
00000000
00000000
00000000
00000000
00000000
00000000
00000000
00000000
00000000
00000000
00000000
00000000
00000000
00000000
00000000
00000000
00000000
00000000
00000000
00000000
00000000
00000000
00000000
00000000
00000000
00000000
00000000
00000000
00000000
00000000
00000000
00000000
00000000
00000000
00000000
00000000
00000000
00000000
00000000
00000000
00000000
00000000
00000000
00000000
00000000
00000000
00000000
00000000
00000000
00000000
00000000
00000000
00000000
00000000
00000000
00000000
00000000
00000000
00000000
00000000
00000000
00000000
00000000
00000000
00000000
00000000
00000000
00000000
00000000
00000000
00000000
00000000
00000000
00000000
00000000
00000000
00000000
00000000
00000000
00000000
00000000
00000000
00000000
00000000
00000000
00000000
00000000
00000000
00000000
00000000
00000000
00000000
00000000
00000000
00000000
00000000
00000000
00000000
00000000
00000000
00000000
00000000
00000000
00000000
00000000
00000000
00000000
00000000
00000000
00000000
00000000
00000000
00000000
00000000
00000000
00000000
00000000
00000000
00000000
00000000
00000000
00000000
00000000
00000000
00000000
00000000
00000000
00000000
00000000
00000000
00000000
00000000
00000000
00000000
00000000
00000000
00000000
00000000
00000000
00000000
00000000
00000000
00000000
00000000
00000000
00000000
00000000
00000000
00000000
00000000
00000000
00000000
00000000
00000000
00000000
00000000
00000000
00000000
00000000
00000000
00000000
00000000
00000000
00000000
00000000
00000000
00000000
00000000
00000000
00000000
00000000
00000000
00000000
00000000
00000000
00000000
00000000
00000000
00000000
00000000
00000000
00000000
00000000
00000000
00000000
00000000
00000000
00000000
00000000
00000000
00000000
00000000
00000000
00000000
00000000
00000000
00000000
00000000
00000000
00000000
00000000
00000000
00000000
00000000
00000000
00000000
00000000
00000000
00000000
00000000
00000000
00000000
00000000
00000000
00000000
00000000
00000000
00000000
00000000
00000000
00000000
00000000
00000000
00000000
00000000
00000000
00000000
00000000
00000000
00000000
00000000
00000000
00000000
00000000
00000000
00000000
00000000
00000000
00000000
00000000
00000000
00000000
00000000
00000000
00000000
00000000
00000000
00000000
00000000
00000000
00000000
00000000
00000000
00000000
00000000
00000000
00000000
00000000
00000000
00000000
00000000
00000000
00000000
00000000
00000000
00000000
00000000
00000000
00000000
00000000
00000000
00000000
00000000
00000000
00000000
00000000
00000000
00000000
00000000
00000000
00000000
00000000
00000000
00000000
00000000
00000000
00000000
00000000
00000000
00000000
00000000
00000000
00000000
00000000
00000000
00000000
00000000
00000000
00000000
00000000
00000000
00000000
00000000
00000000
00000000
00000000
00000000
00000000
00000000
00000000
00000000
00000000
00000000
00000000
00000000
00000000
00000000
00000000
00000000
00000000
00000000
00000000
00000000
00000000
00000000
00000000
00000000
00000000
00000000
00000000
00000000
00000000
00000000
00000000
00000000
00000000
00000000
00000000
00000000
00000000
00000000
00000000
00000000
00000000
00000000
00000000
00000000
00000000
00000000
00000000
00000000
00000000
00000000
00000000
00000000
00000000
00000000
00000000
00000000
00000000
00000000
00000000
00000000
00000000
00000000
00000000
00000000
00000000
00000000
00000000
00000000
00000000
00000000
00000000
00000000
00000000
00000000
00000000
00000000
00000000
00000000
00000000
00000000
00000000
00000000
00000000
00000000
00000000
00000000
00000000
00000000
00000000
00000000
00000000
00000000
00000000
00000000
00000000
00000000
00000000
00000000
00000000
00000000
00000000
00000000
00000000
00000000
00000000
00000000
00000000
00000000
00000000
00000000
00000000
00000000
00000000
00000000
00000000
00000000
00000000
00000000
00000000
00000000
00000000
00000000
00000000
00000000
00000000
00000000
00000000
00000000
00000000
00000000
00000000
00000000
00000000
00000000
00000000
00000000
00000000
00000000
00000000
00000000
00000000
00000000
00000000
00000000
00000000
00000000
00000000
00000000
00000000
00000000
00000000
00000000
00000000
00000000
00000000
00000000
00000000
00000000
00000000
00000000
00000000
00000000
00000000
00000000
00000000
00000000
00000000
00000000
00000000
00000000
00000000
00000000
00000000
00000000
00000000
00000000
00000000
00000000
00000000
00000000
00000000
00000000
00000000
00000000
00000000
00000000
00000000
00000000
00000000
00000000
00000000
00000000
00000000
00000000
00000000
00000000
00000000
00000000
00000000
00000000
00000000
00000000
00000000
00000000
00000000
00000000
00000000
00000000
00000000
00000000
00000000
00000000
00000000
00000000
00000000
00000000
00000000
00000000
00000000
00000000
00000000
00000000
00000000
00000000
00000000
00000000
00000000
00000000
00000000
00000000
00000000
00000000
00000000
00000000
00000000
00000000
00000000
00000000
00000000
00000000
00000000
00000000
00000000
00000000
00000000
00000000
00000000
00000000
00000000
00000000
00000000
00000000
00000000
00000000
00000000
00000000
00000000
00000000
00000000
00000000
00000000
00000000
00000000
00000000
00000000
00000000
00000000
00000000
00000000
00000000
00000000
00000000
00000000
00000000
00000000
00000000
00000000
00000000
00000000
00000000
00000000
00000000
00000000
00000000
00000000
00000000
00000000
00000000
00000000
00000000
00000000
00000000
00000000
00000000
00000000
00000000
00000000
00000000
00000000
00000000
00000000
00000000
00000000
00000000
00000000
00000000
00000000
00000000
00000000
00000000
00000000
00000000
00000000
00000000
00000000
00000000
00000000
00000000
00000000
00000000
00000000
00000000
00000000
00000000
00000000
00000000
00000000
00000000
00000000
00000000
00000000
00000000
00000000
00000000
00000000
00000000
00000000
00000000
00000000
00000000
00000000
00000000
00000000
00000000
00000000
00000000
00000000
00000000
00000000
00000000
00000000
00000000
00000000
00000000
00000000
00000000
00000000
00000000
00000000
00000000
00000000
00000000
00000000
00000000
00000000
00000000
00000000
00000000
00000000
00000000
00000000
00000000
00000000
00000000
00000000
00000000
00000000
00000000
00000000
00000000
00000000
00000000
00000000
00000000
00000000
00000000
00000000
00000000
00000000
00000000
00000000
00000000
00000000
00000000
00000000
00000000
00000000
00000000
00000000
00000000
00000000
00000000
00000000
00000000
00000000
00000000
00000000
00000000
00000000
00000000
00000000
00000000
00000000
00000000
00000000
00000000
00000000
00000000
00000000
00000000
00000000
00000000
00000000
00000000
00000000
00000000
00000000
00000000
00000000
00000000
00000000
00000000
00000000
00000000
00000000
00000000
00000000
00000000
00000000
00000000
00000000
00000000
00000000
00000000
00000000
00000000
00000000
00000000
00000000
00000000
00000000
00000000
00000000
00000000
00000000
00000000
00000000
00000000
00000000
00000000
00000000
00000000
00000000
00000000
00000000
00000000
00000000
00000000
00000000
00000000
00000000
00000000
00000000
00000000
00000000
00000000
00000000
00000000
00000000
00000000
00000000
00000000
00000000
00000000
00000000
00000000
00000000
00000000
00000000
00000000
00000000
00000000
00000000
00000000
00000000
00000000
00000000
00000000
00000000
00000000
00000000
00000000
00000000
00000000
00000000
00000000
00000000
00000000
00000000
00000000
00000000
00000000
00000000
00000000
00000000
00000000
00000000
00000000
00000000
00000000
00000000
00000000
00000000
00000000
00000000
00000000
00000000
00000000
00000000
00000000
00000000
00000000
00000000
00000000
00000000
00000000
00000000
00000000
00000000
00000000
00000000
00000000
00000000
00000000
00000000
00000000
00000000
00000000
00000000
00000000
00000000
00000000
00000000
00000000
00000000
00000000
00000000
00000000
00000000
00000000
00000000
00000000
00000000
00000000
00000000
00000000
00000000
00000000
00000000
00000000
00000000
00000000
00000000
00000000
00000000
00000000
00000000
00000000
00000000
00000000
00000000
00000000
00000000
00000000
00000000
00000000
00000000
00000000
00000000
00000000
00000000
00000000
00000000
00000000
00000000
00000000
00000000
00000000
00000000
00000000
00000000
00000000
00000000
00000000
00000000
00000000
00000000
00000000
00000000
00000000
00000000
00000000
00000000
00000000
00000000
00000000
00000000
00000000
00000000
00000000
00000000
00000000
00000000
00000000
00000000
00000000
00000000
00000000
00000000
00000000
00000000
00000000
00000000
00000000
00000000
00000000
00000000
00000000
00000000
00000000
00000000
00000000
00000000
00000000
00000000
00000000
00000000
00000000
00000000
00000000
00000000
00000000
00000000
00000000
00000000
00000000
00000000
00000000
00000000
00000000
00000000
00000000
00000000
00000000
00000000
00000000
00000000
00000000
00000000
00000000
00000000
00000000
00000000
00000000
00000000
00000000
00000000
00000000
00000000
00000000
00000000
00000000
00000000
00000000
00000000
00000000
00000000
00000000
00000000
00000000
00000000
00000000
00000000
00000000
00000000
00000000
00000000
00000000
00000000
00000000
00000000
00000000
00000000
00000000
00000000
00000000
00000000
00000000
00000000
00000000
00000000
00000000
00000000
00000000
00000000
00000000
00000000
00000000
00000000
00000000
00000000
00000000
00000000
00000000
00000000
00000000
00000000
00000000
00000000
00000000
00000000
00000000
00000000
00000000
00000000
00000000
00000000
00000000
00000000
00000000
00000000
00000000
00000000
00000000
00000000
00000000
00000000
00000000
00000000
00000000
00000000
00000000
00000000
00000000
00000000
00000000
00000000
00000000
00000000
00000000
00000000
00000000
00000000
00000000
00000000
00000000
00000000
00000000
00000000
00000000
00000000
00000000
00000000
00000000
00000000
00000000
00000000
00000000
00000000
00000000
00000000
00000000
00000000
00000000
00000000
00000000
00000000
00000000
00000000
00000000
00000000
00000000
00000000
00000000
00000000
00000000
00000000
00000000
00000000
00000000
00000000
00000000
00000000
00000000
00000000
00000000
00000000
00000000
00000000
00000000
00000000
00000000
00000000
00000000
00000000
00000000
00000000
00000000
00000000
00000000
00000000
00000000
00000000
00000000
00000000
00000000
00000000
00000000
00000000
00000000
00000000
00000000
00000000
00000000
00000000
00000000
00000000
00000000
00000000
00000000
00000000
00000000
00000000
00000000
00000000
00000000
00000000
00000000
00000000
00000000
00000000
00000000
00000000
00000000
00000000
00000000
00000000
00000000
00000000
00000000
00000000
00000000
00000000
00000000
00000000
00000000
00000000
00000000
00000000
00000000
00000000
00000000
00000000
00000000
00000000
00000000
00000000
00000000
00000000
00000000
00000000
00000000
00000000
00000000
00000000
00000000
00000000
00000000
00000000
00000000
00000000
00000000
00000000
00000000
00000000
00000000
00000000
00000000
00000000
00000000
00000000
00000000
00000000
00000000
00000000
00000000
00000000
00000000
00000000
00000000
00000000
00000000
00000000
00000000
00000000
00000000
00000000
00000000
00000000
00000000
00000000
00000000
00000000
00000000
00000000
00000000
00000000
00000000
00000000
00000000
00000000
00000000
00000000
00000000
00000000
00000000
00000000
00000000
00000000
00000000
00000000
00000000
00000000
00000000
00000000
00000000
00000000
00000000
00000000
00000000
00000000
00000000
00000000
00000000
00000000
00000000
00000000
00000000
00000000
00000000
00000000
00000000
00000000
00000000
00000000
00000000
00000000
00000000
00000000
00000000
00000000
00000000
00000000
00000000
00000000
00000000
00000000
00000000
00000000
00000000
00000000
00000000
00000000
00000000
00000000
00000000
00000000
00000000
00000000
00000000
00000000
00000000
00000000
00000000
00000000
00000000
00000000
00000000
00000000
00000000
00000000
00000000
00000000
00000000
00000000
00000000
00000000
00000000
00000000
00000000
00000000
00000000
00000000
00000000
00000000
00000000
00000000
00000000
00000000
00000000
00000000
00000000
00000000
00000000
00000000
00000000
00000000
00000000
00000000
00000000
00000000
00000000
00000000
00000000
00000000
00000000
00000000
00000000
00000000
00000000
00000000
00000000
00000000
00000000
00000000
00000000
00000000
00000000
00000000
00000000
00000000
00000000
00000000
00000000
00000000
00000000
00000000
00000000
00000000
00000000
00000000
00000000
00000000
00000000
00000000
00000000
00000000
00000000
00000000
00000000
00000000
00000000
00000000
00000000
00000000
00000000
00000000
00000000
00000000
00000000
00000000
00000000
00000000
00000000
00000000
00000000
00000000
00000000
00000000
00000000
00000000
00000000
00000000
00000000
00000000
00000000
00000000
00000000
00000000
00000000
00000000
00000000
00000000
00000000
00000000
00000000
00000000
00000000
00000000
00000000
00000000
00000000
00000000
00000000
00000000
00000000
00000000
00000000
00000000
00000000
00000000
00000000
00000000
00000000
00000000
00000000
00000000
00000000
00000000
00000000
00000000
00000000
00000000
00000000
00000000
00000000
00000000
00000000
00000000
00000000
00000000
00000000
00000000
00000000
00000000
00000000
00000000
00000000
00000000
00000000
00000000
00000000
00000000
00000000
00000000
00000000
00000000
00000000
00000000
00000000
00000000
00000000
00000000
00000000
00000000
00000000
00000000
00000000
00000000
00000000
00000000
00000000
00000000
00000000
00000000
00000000
00000000
00000000
00000000
00000000
00000000
00000000
00000000
00000000
00000000
00000000
00000000
00000000
00000000
00000000
00000000
00000000
00000000
00000000
00000000
00000000
00000000
00000000
00000000
00000000
00000000
00000000
00000000
00000000
00000000
00000000
00000000
00000000
00000000
00000000
00000000
00000000
00000000
00000000
00000000
00000000
00000000
00000000
00000000
00000000
00000000
00000000
00000000
00000000
00000000
00000000
00000000
00000000
00000000
00000000
00000000
00000000
00000000
00000000
00000000
00000000
00000000
00000000
00000000
00000000
00000000
00000000
00000000
00000000
00000000
00000000
00000000
00000000
00000000
00000000
00000000
00000000
00000000
00000000
00000000
00000000
00000000
00000000
00000000
00000000
00000000
00000000
00000000
00000000
00000000
00000000
00000000
00000000
00000000
00000000
00000000
00000000
00000000
00000000
00000000
00000000
00000000
00000000
00000000
00000000
00000000
00000000
00000000
00000000
00000000
00000000
00000000
00000000
00000000
00000000
00000000
00000000
00000000
00000000
00000000
00000000
00000000
00000000
00000000
00000000
00000000
00000000
00000000
00000000
00000000
00000000
00000000
00000000
00000000
00000000
00000000
00000000
00000000
00000000
00000000
00000000
00000000
00000000
00000000
00000000
00000000
00000000
00000000
00000000
00000000
00000000
00000000
00000000
00000000
00000000
00000000
00000000
00000000
00000000
00000000
00000000
00000000
00000000
00000000
00000000
00000000
00000000
00000000
00000000
00000000
00000000
00000000
00000000
00000000
00000000
00000000
00000000
00000000
00000000
00000000
00000000
00000000
00000000
00000000
00000000
00000000
00000000
00000000
00000000
00000000
00000000
00000000
00000000
00000000
00000000
00000000
00000000
00000000
00000000
00000000
00000000
00000000
00000000
00000000
00000000
00000000
00000000
00000000
00000000
00000000
00000000
00000000
00000000
00000000
00000000
00000000
00000000
00000000
00000000
00000000
00000000
00000000
00000000
00000000
00000000
00000000
00000000
00000000
00000000
00000000
00000000
00000000
00000000
00000000
00000000
00000000
00000000
00000000
00000000
00000000
00000000
00000000
00000000
00000000
00000000
00000000
00000000
00000000
00000000
00000000
00000000
00000000
00000000
00000000
00000000
00000000
00000000
00000000
00000000
00000000
00000000
00000000
00000000
00000000
00000000
00000000
00000000
00000000
00000000
00000000
00000000
00000000
00000000
00000000
00000000
00000000
00000000
00000000
00000000
00000000
00000000
00000000
00000000
00000000
00000000
00000000
00000000
00000000
00000000
00000000
00000000
00000000
00000000
00000000
00000000
00000000
00000000
00000000
00000000
00000000
00000000
00000000
00000000
00000000
00000000
00000000
00000000
00000000
00000000
00000000
00000000
00000000
00000000
00000000
00000000
00000000
00000000
00000000
00000000
00000000
00000000
00000000
00000000
00000000
00000000
00000000
00000000
00000000
00000000
00000000
00000000
00000000
00000000
00000000
00000000
00000000
00000000
00000000
00000000
00000000
00000000
00000000
00000000
00000000
00000000
00000000
00000000
00000000
00000000
00000000
00000000
00000000
00000000
00000000
00000000
00000000
00000000
00000000
00000000
00000000
00000000
00000000
00000000
00000000
00000000
00000000
00000000
00000000
00000000
00000000
00000000
00000000
00000000
00000000
00000000
00000000
00000000
00000000
00000000
00000000
00000000
00000000
00000000
00000000
00000000
00000000
00000000
00000000
00000000
00000000
00000000
00000000
00000000
00000000
00000000
00000000
00000000
00000000
00000000
00000000
00000000
00000000
00000000
00000000
00000000
00000000
00000000
00000000
00000000
00000000
00000000
00000000
00000000
00000000
00000000
