core   0: >>>>  $xrv32i2p1_m2p0_c2p0_zicond1p0_zicsr2p0_zifencei2p0_zmmul1p0_zba1p0_zbb1p0_zbs1p0
core   0: 0x00001000 (0xf14022f3) csrr    t0, mhartid
core   0: 3 0x00001000 (0xf14022f3) x5  0x00000000
core   0: 0x00001004 (0x00004301) c.li    t1, 0
core   0: 3 0x00001004 (0x4301) x6  0x00000000
core   0: 0x00001006 (0x00628263) beq     t0, t1, pc + 4
core   0: 3 0x00001006 (0x00628263)
core   0: 0x0000100a (0x00000f17) auipc   t5, 0x0
core   0: 3 0x0000100a (0x00000f17) x30 0x0000100a
core   0: 0x0000100e (0x00cf0f13) addi    t5, t5, 12
core   0: 3 0x0000100e (0x00cf0f13) x30 0x00001016
core   0: 0x00001012 (0x000f0067) jr      t5
core   0: 3 0x00001012 (0x000f0067)
core   0: >>>>  h0_start
core   0: 0x00001016 (0x40001db7) lui     s11, 0x40001
core   0: 3 0x00001016 (0x40001db7) x27 0x40001000
core   0: 0x0000101a (0x104d8d93) addi    s11, s11, 260
core   0: 3 0x0000101a (0x104d8d93) x27 0x40001104
core   0: 0x0000101e (0x00000001) c.nop
core   0: 3 0x0000101e (0x0001)
core   0: >>>>  kernel_sp
core   0: 0x00001020 (0x00011397) auipc   t2, 0x11
core   0: 3 0x00001020 (0x00011397) x7  0x00012020
core   0: 0x00001024 (0x49438393) addi    t2, t2, 1172
core   0: 3 0x00001024 (0x49438393) x7  0x000124b4
core   0: >>>>  trap_vec_init
core   0: 0x00001028 (0x00008d97) auipc   s11, 0x8
core   0: 3 0x00001028 (0x00008d97) x27 0x00009028
core   0: 0x0000102c (0x4e8d8d93) addi    s11, s11, 1256
core   0: 3 0x0000102c (0x4e8d8d93) x27 0x00009510
core   0: 0x00001030 (0x000ded93) ori     s11, s11, 0
core   0: 3 0x00001030 (0x000ded93) x27 0x00009510
core   0: 0x00001034 (0x305d9073) csrw    mtvec, s11
core   0: 3 0x00001034 (0x305d9073) c773_mtvec 0x00009510
core   0: >>>>  mepc_setup
core   0: 0x00001038 (0x00000d97) auipc   s11, 0x0
core   0: 3 0x00001038 (0x00000d97) x27 0x00001038
core   0: 0x0000103c (0x020d8d93) addi    s11, s11, 32
core   0: 3 0x0000103c (0x020d8d93) x27 0x00001058
core   0: 0x00001040 (0x341d9073) csrw    mepc, s11
core   0: 3 0x00001040 (0x341d9073) c833_mepc 0x00001058
core   0: >>>>  init_machine_mode
core   0: 0x00001044 (0x00006d89) c.lui   s11, 0x2
core   0: 3 0x00001044 (0x6d89) x27 0x00002000
core   0: 0x00001046 (0xc00d8d93) addi    s11, s11, -1024
core   0: 3 0x00001046 (0xc00d8d93) x27 0x00001c00
core   0: 0x0000104a (0x300d9073) csrw    mstatus, s11
core   0: 3 0x0000104a (0x300d9073) c768_mstatus 0x00001800
core   0: 0x0000104e (0x00004d81) c.li    s11, 0
core   0: 3 0x0000104e (0x4d81) x27 0x00000000
core   0: 0x00001050 (0x304d9073) csrw    mie, s11
core   0: 3 0x00001050 (0x304d9073) c772_mie 0x00000000
core   0: 0x00001054 (0x30200073) mret
core   0: 3 0x00001054 (0x30200073) c768_mstatus 0x00001880 c784_mstatush 0x00000000 c1957_tcontrol 0x00000000
core   0: >>>>  init
core   0: 0x00001058 (0x00000013) nop
core   0: 3 0x00001058 (0x00000013)
core   0: 0x0000105c (0xfeb560b7) lui     ra, 0xfeb56
core   0: 3 0x0000105c (0xfeb560b7) x1  0xfeb56000
core   0: 0x00001060 (0x98a08093) addi    ra, ra, -1654
core   0: 3 0x00001060 (0x98a08093) x1  0xfeb5598a
core   0: 0x00001064 (0x0e5b1137) lui     sp, 0xe5b1
core   0: 3 0x00001064 (0x0e5b1137) x2  0x0e5b1000
core   0: 0x00001068 (0x1fc10113) addi    sp, sp, 508
core   0: 3 0x00001068 (0x1fc10113) x2  0x0e5b11fc
core   0: 0x0000106c (0x800001b7) lui     gp, 0x80000
core   0: 3 0x0000106c (0x800001b7) x3  0x80000000
core   0: 0x00001070 (0x00004211) c.li    tp, 4
core   0: 3 0x00001070 (0x4211) x4  0x00000004
core   0: 0x00001072 (0x00004281) c.li    t0, 0
core   0: 3 0x00001072 (0x4281) x5  0x00000000
core   0: 0x00001074 (0xfbde4337) lui     t1, 0xfbde4
core   0: 3 0x00001074 (0xfbde4337) x6  0xfbde4000
core   0: 0x00001078 (0xecb30313) addi    t1, t1, -309
core   0: 3 0x00001078 (0xecb30313) x6  0xfbde3ecb
core   0: 0x0000107c (0x38f92437) lui     s0, 0x38f92
core   0: 3 0x0000107c (0x38f92437) x8  0x38f92000
core   0: 0x00001080 (0xaa840413) addi    s0, s0, -1368
core   0: 3 0x00001080 (0xaa840413) x8  0x38f91aa8
core   0: 0x00001084 (0x0b1984b7) lui     s1, 0xb198
core   0: 3 0x00001084 (0x0b1984b7) x9  0x0b198000
core   0: 0x00001088 (0x9e648493) addi    s1, s1, -1562
core   0: 3 0x00001088 (0x9e648493) x9  0x0b1979e6
core   0: 0x0000108c (0x00004509) c.li    a0, 2
core   0: 3 0x0000108c (0x4509) x10 0x00000002
core   0: 0x0000108e (0xfb31d5b7) lui     a1, 0xfb31d
core   0: 3 0x0000108e (0xfb31d5b7) x11 0xfb31d000
core   0: 0x00001092 (0xf5058593) addi    a1, a1, -176
core   0: 3 0x00001092 (0xf5058593) x11 0xfb31cf50
core   0: 0x00001096 (0x80000637) lui     a2, 0x80000
core   0: 3 0x00001096 (0x80000637) x12 0x80000000
core   0: 0x0000109a (0xa4f706b7) lui     a3, 0xa4f70
core   0: 3 0x0000109a (0xa4f706b7) x13 0xa4f70000
core   0: 0x0000109e (0x9ff68693) addi    a3, a3, -1537
core   0: 3 0x0000109e (0x9ff68693) x13 0xa4f6f9ff
core   0: 0x000010a2 (0x00004701) c.li    a4, 0
core   0: 3 0x000010a2 (0x4701) x14 0x00000000
core   0: 0x000010a4 (0x000047ad) c.li    a5, 11
core   0: 3 0x000010a4 (0x47ad) x15 0x0000000b
core   0: 0x000010a6 (0xfbcf3837) lui     a6, 0xfbcf3
core   0: 3 0x000010a6 (0xfbcf3837) x16 0xfbcf3000
core   0: 0x000010aa (0x12180813) addi    a6, a6, 289
core   0: 3 0x000010aa (0x12180813) x16 0xfbcf3121
core   0: 0x000010ae (0xf0aa88b7) lui     a7, 0xf0aa8
core   0: 3 0x000010ae (0xf0aa88b7) x17 0xf0aa8000
core   0: 0x000010b2 (0x07e88893) addi    a7, a7, 126
core   0: 3 0x000010b2 (0x07e88893) x17 0xf0aa807e
core   0: 0x000010b6 (0x00004901) c.li    s2, 0
core   0: 3 0x000010b6 (0x4901) x18 0x00000000
core   0: 0x000010b8 (0x7be709b7) lui     s3, 0x7be70
core   0: 3 0x000010b8 (0x7be709b7) x19 0x7be70000
core   0: 0x000010bc (0xc5998993) addi    s3, s3, -935
core   0: 3 0x000010bc (0xc5998993) x19 0x7be6fc59
core   0: 0x000010c0 (0xfd31ea37) lui     s4, 0xfd31e
core   0: 3 0x000010c0 (0xfd31ea37) x20 0xfd31e000
core   0: 0x000010c4 (0x97fa0a13) addi    s4, s4, -1665
core   0: 3 0x000010c4 (0x97fa0a13) x20 0xfd31d97f
core   0: 0x000010c8 (0xf5825ab7) lui     s5, 0xf5825
core   0: 3 0x000010c8 (0xf5825ab7) x21 0xf5825000
core   0: 0x000010cc (0x8dfa8a93) addi    s5, s5, -1825
core   0: 3 0x000010cc (0x8dfa8a93) x21 0xf58248df
core   0: 0x000010d0 (0x00004b01) c.li    s6, 0
core   0: 3 0x000010d0 (0x4b01) x22 0x00000000
core   0: 0x000010d2 (0x00004b81) c.li    s7, 0
core   0: 3 0x000010d2 (0x4b81) x23 0x00000000
core   0: 0x000010d4 (0x00004c01) c.li    s8, 0
core   0: 3 0x000010d4 (0x4c01) x24 0x00000000
core   0: 0x000010d6 (0x00004cb1) c.li    s9, 12
core   0: 3 0x000010d6 (0x4cb1) x25 0x0000000c
core   0: 0x000010d8 (0x80000db7) lui     s11, 0x80000
core   0: 3 0x000010d8 (0x80000db7) x27 0x80000000
core   0: 0x000010dc (0xfb03ee37) lui     t3, 0xfb03e
core   0: 3 0x000010dc (0xfb03ee37) x28 0xfb03e000
core   0: 0x000010e0 (0x85ae0e13) addi    t3, t3, -1958
core   0: 3 0x000010e0 (0x85ae0e13) x28 0xfb03d85a
core   0: 0x000010e4 (0x80000eb7) lui     t4, 0x80000
core   0: 3 0x000010e4 (0x80000eb7) x29 0x80000000
core   0: 0x000010e8 (0x00004f01) c.li    t5, 0
core   0: 3 0x000010e8 (0x4f01) x30 0x00000000
core   0: 0x000010ea (0x00004f81) c.li    t6, 0
core   0: 3 0x000010ea (0x4f81) x31 0x00000000
core   0: 0x000010ec (0x00016d17) auipc   s10, 0x16
core   0: 3 0x000010ec (0x00016d17) x26 0x000170ec
core   0: 0x000010f0 (0x1e8d0d13) addi    s10, s10, 488
core   0: 3 0x000010f0 (0x1e8d0d13) x26 0x000172d4
core   0: >>>>  main
core   0: 0x000010f4 (0x00004245) c.li    tp, 17
core   0: 3 0x000010f4 (0x4245) x4  0x00000011
core   0: 0x000010f6 (0x00000073) ecall
core   0: exception trap_machine_ecall, epc 0x000010f6
core   0: >>>>  mtvec_handler
core   0: 0x00009510 (0x0000a009) c.j     pc + 2
core   0: 3 0x00009510 (0xa009)
core   0: >>>>  illegal_instr_handler
core   0: 0x00009512 (0x34102373) csrr    t1, mepc
core   0: 3 0x00009512 (0x34102373) x6  0x000010f6
core   0: 0x00009516 (0x00035783) lhu     a5, 0(t1)
core   0: 3 0x00009516 (0x00035783) x15 0x00000073 mem 0x000010f6
core   0: 0x0000951a (0x00008b8d) c.andi  a5, 3
core   0: 3 0x0000951a (0x8b8d) x15 0x00000003
core   0: 0x0000951c (0x00004f8d) c.li    t6, 3
core   0: 3 0x0000951c (0x4f8d) x31 0x00000003
core   0: 0x0000951e (0x01f79463) bne     a5, t6, pc + 8
core   0: 3 0x0000951e (0x01f79463)
core   0: 0x00009522 (0x00000311) c.addi  t1, 4
core   0: 3 0x00009522 (0x0311) x6  0x000010fa
core   0: 0x00009524 (0x0000a011) c.j     pc + 4
core   0: 3 0x00009524 (0xa011)
core   0: 0x00009528 (0x34131073) csrw    mepc, t1
core   0: 3 0x00009528 (0x34131073) c833_mepc 0x000010fa
core   0: 0x0000952c (0x30200073) mret
core   0: 3 0x0000952c (0x30200073) c768_mstatus 0x00001880 c784_mstatush 0x00000000 c1957_tcontrol 0x00000000
core   0: 0x000010fa (0x00009002) c.ebreak
core   0: exception trap_breakpoint, epc 0x000010fa
core   0:           tval 0x000010fa
core   0: >>>>  mtvec_handler
core   0: 0x00009510 (0x0000a009) c.j     pc + 2
core   0: 3 0x00009510 (0xa009)
core   0: >>>>  illegal_instr_handler
core   0: 0x00009512 (0x34102373) csrr    t1, mepc
core   0: 3 0x00009512 (0x34102373) x6  0x000010fa
core   0: 0x00009516 (0x00035783) lhu     a5, 0(t1)
core   0: 3 0x00009516 (0x00035783) x15 0x00009002 mem 0x000010fa
core   0: 0x0000951a (0x00008b8d) c.andi  a5, 3
core   0: 3 0x0000951a (0x8b8d) x15 0x00000002
core   0: 0x0000951c (0x00004f8d) c.li    t6, 3
core   0: 3 0x0000951c (0x4f8d) x31 0x00000003
core   0: 0x0000951e (0x01f79463) bne     a5, t6, pc + 8
core   0: 3 0x0000951e (0x01f79463)
core   0: 0x00009526 (0x00000309) c.addi  t1, 2
core   0: 3 0x00009526 (0x0309) x6  0x000010fc
core   0: 0x00009528 (0x34131073) csrw    mepc, t1
core   0: 3 0x00009528 (0x34131073) c833_mepc 0x000010fc
core   0: 0x0000952c (0x30200073) mret
core   0: 3 0x0000952c (0x30200073) c768_mstatus 0x00001880 c784_mstatush 0x00000000 c1957_tcontrol 0x00000000
core   0: 0x000010fc (0x00000000) c.unimp
core   0: exception trap_illegal_instruction, epc 0x000010fc
core   0:           tval 0x00000000
core   0: >>>>  mtvec_handler
core   0: 0x00009510 (0x0000a009) c.j     pc + 2
core   0: 3 0x00009510 (0xa009)
core   0: >>>>  illegal_instr_handler
core   0: 0x00009512 (0x34102373) csrr    t1, mepc
core   0: 3 0x00009512 (0x34102373) x6  0x000010fc
core   0: 0x00009516 (0x00035783) lhu     a5, 0(t1)
core   0: 3 0x00009516 (0x00035783) x15 0x00000000 mem 0x000010fc
core   0: 0x0000951a (0x00008b8d) c.andi  a5, 3
core   0: 3 0x0000951a (0x8b8d) x15 0x00000000
core   0: 0x0000951c (0x00004f8d) c.li    t6, 3
core   0: 3 0x0000951c (0x4f8d) x31 0x00000003
core   0: 0x0000951e (0x01f79463) bne     a5, t6, pc + 8
core   0: 3 0x0000951e (0x01f79463)
core   0: 0x00009526 (0x00000309) c.addi  t1, 2
core   0: 3 0x00009526 (0x0309) x6  0x000010fe
core   0: 0x00009528 (0x34131073) csrw    mepc, t1
core   0: 3 0x00009528 (0x34131073) c833_mepc 0x000010fe
core   0: 0x0000952c (0x30200073) mret
core   0: 3 0x0000952c (0x30200073) c768_mstatus 0x00001880 c784_mstatush 0x00000000 c1957_tcontrol 0x00000000
core   0: 0x000010fe (0x00000000) c.unimp
core   0: exception trap_illegal_instruction, epc 0x000010fe
core   0:           tval 0x00000000
core   0: >>>>  mtvec_handler
core   0: 0x00009510 (0x0000a009) c.j     pc + 2
core   0: 3 0x00009510 (0xa009)
core   0: >>>>  illegal_instr_handler
core   0: 0x00009512 (0x34102373) csrr    t1, mepc
core   0: 3 0x00009512 (0x34102373) x6  0x000010fe
core   0: 0x00009516 (0x00035783) lhu     a5, 0(t1)
core   0: 3 0x00009516 (0x00035783) x15 0x00000000 mem 0x000010fe
core   0: 0x0000951a (0x00008b8d) c.andi  a5, 3
core   0: 3 0x0000951a (0x8b8d) x15 0x00000000
core   0: 0x0000951c (0x00004f8d) c.li    t6, 3
core   0: 3 0x0000951c (0x4f8d) x31 0x00000003
core   0: 0x0000951e (0x01f79463) bne     a5, t6, pc + 8
core   0: 3 0x0000951e (0x01f79463)
core   0: 0x00009526 (0x00000309) c.addi  t1, 2
core   0: 3 0x00009526 (0x0309) x6  0x00001100
core   0: 0x00009528 (0x34131073) csrw    mepc, t1
core   0: 3 0x00009528 (0x34131073) c833_mepc 0x00001100
core   0: 0x0000952c (0x30200073) mret
core   0: 3 0x0000952c (0x30200073) c768_mstatus 0x00001880 c784_mstatush 0x00000000 c1957_tcontrol 0x00000000
core   0: 0x00001100 (0x00008297) auipc   t0, 0x8
core   0: 3 0x00001100 (0x00008297) x5  0x00009100
core   0: 0x00001104 (0x50028293) addi    t0, t0, 1280
core   0: 3 0x00001104 (0x50028293) x5  0x00009600
core   0: 0x00001108 (0x0012a303) lw      t1, 1(t0)
core   0: exception trap_load_address_misaligned, epc 0x00001108
core   0:           tval 0x00009601
core   0: >>>>  mtvec_handler
core   0: 0x00009510 (0x0000a009) c.j     pc + 2
core   0: 3 0x00009510 (0xa009)
core   0: >>>>  illegal_instr_handler
core   0: 0x00009512 (0x34102373) csrr    t1, mepc
core   0: 3 0x00009512 (0x34102373) x6  0x00001108
core   0: 0x00009516 (0x00035783) lhu     a5, 0(t1)
core   0: 3 0x00009516 (0x00035783) x15 0x0000a303 mem 0x00001108
core   0: 0x0000951a (0x00008b8d) c.andi  a5, 3
core   0: 3 0x0000951a (0x8b8d) x15 0x00000003
core   0: 0x0000951c (0x00004f8d) c.li    t6, 3
core   0: 3 0x0000951c (0x4f8d) x31 0x00000003
core   0: 0x0000951e (0x01f79463) bne     a5, t6, pc + 8
core   0: 3 0x0000951e (0x01f79463)
core   0: 0x00009522 (0x00000311) c.addi  t1, 4
core   0: 3 0x00009522 (0x0311) x6  0x0000110c
core   0: 0x00009524 (0x0000a011) c.j     pc + 4
core   0: 3 0x00009524 (0xa011)
core   0: 0x00009528 (0x34131073) csrw    mepc, t1
core   0: 3 0x00009528 (0x34131073) c833_mepc 0x0000110c
core   0: 0x0000952c (0x30200073) mret
core   0: 3 0x0000952c (0x30200073) c768_mstatus 0x00001880 c784_mstatush 0x00000000 c1957_tcontrol 0x00000000
core   0: 0x0000110c (0x0062a123) sw      t1, 2(t0)
core   0: exception trap_store_address_misaligned, epc 0x0000110c
core   0:           tval 0x00009602
core   0: >>>>  mtvec_handler
core   0: 0x00009510 (0x0000a009) c.j     pc + 2
core   0: 3 0x00009510 (0xa009)
core   0: >>>>  illegal_instr_handler
core   0: 0x00009512 (0x34102373) csrr    t1, mepc
core   0: 3 0x00009512 (0x34102373) x6  0x0000110c
core   0: 0x00009516 (0x00035783) lhu     a5, 0(t1)
core   0: 3 0x00009516 (0x00035783) x15 0x0000a123 mem 0x0000110c
core   0: 0x0000951a (0x00008b8d) c.andi  a5, 3
core   0: 3 0x0000951a (0x8b8d) x15 0x00000003
core   0: 0x0000951c (0x00004f8d) c.li    t6, 3
core   0: 3 0x0000951c (0x4f8d) x31 0x00000003
core   0: 0x0000951e (0x01f79463) bne     a5, t6, pc + 8
core   0: 3 0x0000951e (0x01f79463)
core   0: 0x00009522 (0x00000311) c.addi  t1, 4
core   0: 3 0x00009522 (0x0311) x6  0x00001110
core   0: 0x00009524 (0x0000a011) c.j     pc + 4
core   0: 3 0x00009524 (0xa011)
core   0: 0x00009528 (0x34131073) csrw    mepc, t1
core   0: 3 0x00009528 (0x34131073) c833_mepc 0x00001110
core   0: 0x0000952c (0x30200073) mret
core   0: 3 0x0000952c (0x30200073) c768_mstatus 0x00001880 c784_mstatush 0x00000000 c1957_tcontrol 0x00000000
core   0: 0x00001110 (0x300022f3) csrr    t0, mstatus
core   0: 3 0x00001110 (0x300022f3) x5  0x00001880
core   0: 0x00001114 (0x34029373) csrrw   t1, mscratch, t0
core   0: 3 0x00001114 (0x34029373) x6  0x00000000 c832_mscratch 0x00001880
core   0: 0x00001118 (0x340022f3) csrr    t0, mscratch
core   0: 3 0x00001118 (0x340022f3) x5  0x00001880
core   0: 0x0000111c (0x30002373) csrr    t1, mstatus
core   0: 3 0x0000111c (0x30002373) x6  0x00001880
core   0: 0x00001120 (0x00004f01) c.li    t5, 0
core   0: 3 0x00001120 (0x4f01) x30 0x00000000
core   0: 0x00001122 (0x80000fb7) lui     t6, 0x80000
core   0: 3 0x00001122 (0x80000fb7) x31 0x80000000
core   0: 0x00001126 (0x00001ffd) c.addi  t6, -1
core   0: 3 0x00001126 (0x1ffd) x31 0x7fffffff
core   0: 0x00001128 (0x49ff1fb3) bclr    t6, t5, t6
core   0: 3 0x00001128 (0x49ff1fb3) x31 0x00000000
core   0: 0x0000112c (0x30403373) csrrc   t1, mie, zero
core   0: 3 0x0000112c (0x30403373) x6  0x00000000
core   0: 0x00001130 (0x30502373) csrr    t1, mtvec
core   0: 3 0x00001130 (0x30502373) x6  0x00009510
core   0: 0x00001134 (0x34102373) csrr    t1, mepc
core   0: 3 0x00001134 (0x34102373) x6  0x00001110
core   0: 0x00001138 (0x34202373) csrr    t1, mcause
core   0: 3 0x00001138 (0x34202373) x6  0x00000006
core   0: 0x0000113c (0x34302373) csrr    t1, mtval
core   0: 3 0x0000113c (0x34302373) x6  0x00009602
core   0: 0x00001140 (0x34402373) csrr    t1, mip
core   0: 3 0x00001140 (0x34402373) x6  0x00000000
core   0: 0x00001144 (0xc0002373) csrr    t1, cycle
core   0: 3 0x00001144 (0xc0002373) x6  0x0000008f
core   0: 0x00001148 (0xc8002373) csrr    t1, cycleh
core   0: 3 0x00001148 (0xc8002373) x6  0x00000000
core   0: 0x0000114c (0xc0202373) csrr    t1, instret
core   0: 3 0x0000114c (0xc0202373) x6  0x00000091
core   0: 0x00001150 (0xc8202373) csrr    t1, instreth
core   0: 3 0x00001150 (0xc8202373) x6  0x00000000
core   0: 0x00001154 (0x00007f41) c.lui   t5, 0xffff0
core   0: 3 0x00001154 (0x7f41) x30 0xffff0000
core   0: 0x00001156 (0x00000f05) c.addi  t5, 1
core   0: 3 0x00001156 (0x0f05) x30 0xffff0001
core   0: 0x00001158 (0x80000fb7) lui     t6, 0x80000
core   0: 3 0x00001158 (0x80000fb7) x31 0x80000000
core   0: 0x0000115c (0x49ff5fb3) bext    t6, t5, t6
core   0: 3 0x0000115c (0x49ff5fb3) x31 0x00000001
core   0: 0x00001160 (0x34001373) csrrw   t1, mscratch, zero
core   0: 3 0x00001160 (0x34001373) x6  0x00001880 c832_mscratch 0x00000000
core   0: 0x00001164 (0x00008615) c.srai  a2, 5
core   0: 3 0x00001164 (0x8615) x12 0xfc000000
core   0: 0x00001166 (0x00008d69) c.and   a0, a0
core   0: 3 0x00001166 (0x8d69) x10 0x00000002
core   0: 0x00001168 (0x028682b3) mul     t0, a3, s0
core   0: 3 0x00001168 (0x028682b3) x5  0x487ef558
core   0: 0x0000116c (0x08d80463) beq     a6, a3, pc + 136
core   0: 3 0x0000116c (0x08d80463)
core   0: 0x00001170 (0x00008d51) c.or    a0, a2
core   0: 3 0x00001170 (0x8d51) x10 0xfc000002
core   0: 0x00001172 (0x000041bd) c.li    gp, 15
core   0: 3 0x00001172 (0x41bd) x3  0x0000000f
core   0: 0x00001174 (0x40a8de93) srai    t4, a7, 10
core   0: 3 0x00001174 (0x40a8de93) x29 0xfffc2aa0
core   0: 0x00001178 (0xff4d3b37) lui     s6, 0xff4d3
core   0: 3 0x00001178 (0xff4d3b37) x22 0xff4d3000
core   0: 0x0000117c (0x01bbbbb3) sltu    s7, s7, s11
core   0: 3 0x0000117c (0x01bbbbb3) x23 0x00000001
core   0: 0x00001180 (0x00006f41) c.lui   t5, 0x10
core   0: 3 0x00001180 (0x6f41) x30 0x00010000
core   0: 0x00001182 (0xa5a5afb7) lui     t6, 0xa5a5a
core   0: 3 0x00001182 (0xa5a5afb7) x31 0xa5a5a000
core   0: 0x00001186 (0x5a5f8f93) addi    t6, t6, 1445
core   0: 3 0x00001186 (0x5a5f8f93) x31 0xa5a5a5a5
core   0: 0x0000118a (0x69ff1fb3) binv    t6, t5, t6
core   0: 3 0x0000118a (0x69ff1fb3) x31 0x00010020
core   0: 0x0000118e (0x1eb55513) unknown
core   0: exception trap_illegal_instruction, epc 0x0000118e
core   0:           tval 0x1eb55513
core   0: >>>>  mtvec_handler
core   0: 0x00009510 (0x0000a009) c.j     pc + 2
core   0: 3 0x00009510 (0xa009)
core   0: >>>>  illegal_instr_handler
core   0: 0x00009512 (0x34102373) csrr    t1, mepc
core   0: 3 0x00009512 (0x34102373) x6  0x0000118e
core   0: 0x00009516 (0x00035783) lhu     a5, 0(t1)
core   0: 3 0x00009516 (0x00035783) x15 0x00005513 mem 0x0000118e
core   0: 0x0000951a (0x00008b8d) c.andi  a5, 3
core   0: 3 0x0000951a (0x8b8d) x15 0x00000003
core   0: 0x0000951c (0x00004f8d) c.li    t6, 3
core   0: 3 0x0000951c (0x4f8d) x31 0x00000003
core   0: 0x0000951e (0x01f79463) bne     a5, t6, pc + 8
core   0: 3 0x0000951e (0x01f79463)
core   0: 0x00009522 (0x00000311) c.addi  t1, 4
core   0: 3 0x00009522 (0x0311) x6  0x00001192
core   0: 0x00009524 (0x0000a011) c.j     pc + 4
core   0: 3 0x00009524 (0xa011)
core   0: 0x00009528 (0x34131073) csrw    mepc, t1
core   0: 3 0x00009528 (0x34131073) c833_mepc 0x00001192
core   0: 0x0000952c (0x30200073) mret
core   0: 3 0x0000952c (0x30200073) c768_mstatus 0x00001880 c784_mstatush 0x00000000 c1957_tcontrol 0x00000000
core   0: 0x00001192 (0x00000e1a) c.slli  t3, 6
core   0: 3 0x00001192 (0x0e1a) x28 0xc0f61680
core   0: 0x00001194 (0xa96d3d93) sltiu   s11, s10, -1386
core   0: 3 0x00001194 (0xa96d3d93) x27 0x00000001
core   0: 0x00001198 (0x000081ea) c.mv    gp, s10
core   0: 3 0x00001198 (0x81ea) x3  0x000172d4
core   0: 0x0000119a (0x00008d95) c.sub   a1, a3
core   0: 3 0x0000119a (0x8d95) x11 0x563ad551
core   0: 0x0000119c (0x05ce7a63) bgeu    t3, t3, pc + 84
core   0: 3 0x0000119c (0x05ce7a63)
core   0: 0x000011f0 (0x02be5d63) bge     t3, a1, pc + 58
core   0: 3 0x000011f0 (0x02be5d63)
core   0: 0x000011f4 (0x00004e05) c.li    t3, 1
core   0: 3 0x000011f4 (0x4e05) x28 0x00000001
core   0: 0x000011f6 (0x00000bb2) c.slli  s7, 12
core   0: 3 0x000011f6 (0x0bb2) x23 0x00001000
core   0: 0x000011f8 (0x0000cf31) c.beqz  a4, pc + 92
core   0: 3 0x000011f8 (0xcf31)
core   0: 0x00001254 (0x39eb5817) auipc   a6, 0x39eb5
core   0: 3 0x00001254 (0x39eb5817) x16 0x39eb6254
core   0: 0x00001258 (0x9e71b493) sltiu   s1, gp, -1561
core   0: 3 0x00001258 (0x9e71b493) x9  0x00000001
core   0: 0x0000125c (0x000060a1) c.lui   ra, 0x8
core   0: 3 0x0000125c (0x60a1) x1  0x00008000
core   0: 0x0000125e (0x00008e09) c.sub   a2, a0
core   0: 3 0x0000125e (0x8e09) x12 0xfffffffe
core   0: 0x00001260 (0x014c3033) sltu    zero, s8, s4
core   0: 3 0x00001260 (0x014c3033)
core   0: 0x00001264 (0x00004f01) c.li    t5, 0
core   0: 3 0x00001264 (0x4f01) x30 0x00000000
core   0: 0x00001266 (0x80000fb7) lui     t6, 0x80000
core   0: 3 0x00001266 (0x80000fb7) x31 0x80000000
core   0: 0x0000126a (0x00001ffd) c.addi  t6, -1
core   0: 3 0x0000126a (0x1ffd) x31 0x7fffffff
core   0: 0x0000126c (0x680f1f93) binvi   t6, t5, 0
core   0: 3 0x0000126c (0x680f1f93) x31 0x00000001
core   0: 0x00001270 (0x00004909) c.li    s2, 2
core   0: 3 0x00001270 (0x4909) x18 0x00000002
core   0: 0x00001272 (0x54643a13) sltiu   s4, s0, 1350
core   0: 3 0x00001272 (0x54643a13) x20 0x00000000
core   0: 0x00001276 (0x01aa2033) slt     zero, s4, s10
core   0: 3 0x00001276 (0x01aa2033)
core   0: 0x0000127a (0x000004e2) c.slli  s1, 24
core   0: 3 0x0000127a (0x04e2) x9  0x01000000
core   0: 0x0000127c (0x03341c63) bne     s0, s3, pc + 56
core   0: 3 0x0000127c (0x03341c63)
core   0: 0x000012b4 (0x67598593) addi    a1, s3, 1653
core   0: 3 0x000012b4 (0x67598593) x11 0x7be702ce
core   0: 0x000012b8 (0x00e5dab3) srl     s5, a1, a4
core   0: 3 0x000012b8 (0x00e5dab3) x21 0x7be702ce
core   0: 0x000012bc (0x0000096a) c.slli  s2, 26
core   0: 3 0x000012bc (0x096a) x18 0x08000000
core   0: 0x000012be (0x00006f41) c.lui   t5, 0x10
core   0: 3 0x000012be (0x6f41) x30 0x00010000
core   0: 0x000012c0 (0xa5a5afb7) lui     t6, 0xa5a5a
core   0: 3 0x000012c0 (0xa5a5afb7) x31 0xa5a5a000
core   0: 0x000012c4 (0x5a5f8f93) addi    t6, t6, 1445
core   0: 3 0x000012c4 (0x5a5f8f93) x31 0xa5a5a5a5
core   0: 0x000012c8 (0x0fff5fb3) czero.eqz t6, t5, t6
core   0: 3 0x000012c8 (0x0fff5fb3) x31 0x00010000
core   0: 0x000012cc (0x34009073) csrw    mscratch, ra
core   0: 3 0x000012cc (0x34009073) c832_mscratch 0x00008000
core   0: 0x000012d0 (0x008000ef) jal     pc + 0x8
core   0: 3 0x000012d0 (0x008000ef) x1  0x000012d4
core   0: 0x000012d8 (0x340020f3) csrr    ra, mscratch
core   0: 3 0x000012d8 (0x340020f3) x1  0x00008000
core   0: 0x000012dc (0x34009073) csrw    mscratch, ra
core   0: 3 0x000012dc (0x34009073) c832_mscratch 0x00008000
core   0: 0x000012e0 (0x00002009) c.jal   pc + 2
core   0: 3 0x000012e0 (0x2009) x1  0x000012e2
core   0: 0x000012e2 (0x004000ef) jal     pc + 0x4
core   0: 3 0x000012e2 (0x004000ef) x1  0x000012e6
core   0: 0x000012e6 (0x004000ef) jal     pc + 0x4
core   0: 3 0x000012e6 (0x004000ef) x1  0x000012ea
core   0: 0x000012ea (0x00000097) auipc   ra, 0x0
core   0: 3 0x000012ea (0x00000097) x1  0x000012ea
core   0: 0x000012ee (0x00c08093) addi    ra, ra, 12
core   0: 3 0x000012ee (0x00c08093) x1  0x000012f6
core   0: 0x000012f2 (0x00008067) ret
core   0: 3 0x000012f2 (0x00008067)
core   0: 0x000012f6 (0x340020f3) csrr    ra, mscratch
core   0: 3 0x000012f6 (0x340020f3) x1  0x00008000
core   0: 0x000012fa (0x00008e45) c.or    a2, s1
core   0: 3 0x000012fa (0x8e45) x12 0xfffffffe
core   0: 0x000012fc (0x00df01b3) add     gp, t5, a3
core   0: 3 0x000012fc (0x00df01b3) x3  0xa4f7f9ff
core   0: 0x00001300 (0x01630e33) add     t3, t1, s6
core   0: 3 0x00001300 (0x01630e33) x28 0xff4d4192
core   0: 0x00001304 (0x00a21033) sll     zero, tp, a0
core   0: 3 0x00001304 (0x00a21033)
core   0: 0x00001308 (0x9cfe3093) sltiu   ra, t3, -1585
core   0: 3 0x00001308 (0x9cfe3093) x1  0x00000001
core   0: 0x0000130c (0x00008fc5) c.or    a5, s1
core   0: 3 0x0000130c (0x8fc5) x15 0x01000003
core   0: 0x0000130e (0x00000a88) c.addi4spn a0, sp, 336
core   0: 3 0x0000130e (0x0a88) x10 0x0e5b134c
core   0: 0x00001310 (0xff16a813) slti    a6, a3, -15
core   0: 3 0x00001310 (0xff16a813) x16 0x00000001
core   0: 0x00001314 (0x0024ccb3) xor     s9, s1, sp
core   0: 3 0x00001314 (0x0024ccb3) x25 0x0f5b11fc
core   0: 0x00001318 (0x065bc163) blt     s7, t0, pc + 98
core   0: 3 0x00001318 (0x065bc163)
core   0: 0x0000137a (0x05d74c63) blt     a4, t4, pc + 88
core   0: 3 0x0000137a (0x05d74c63)
core   0: 0x0000137e (0xa5a5af37) lui     t5, 0xa5a5a
core   0: 3 0x0000137e (0xa5a5af37) x30 0xa5a5a000
core   0: 0x00001382 (0x5a5f0f13) addi    t5, t5, 1445
core   0: 3 0x00001382 (0x5a5f0f13) x30 0xa5a5a5a5
core   0: 0x00001386 (0x00006fc1) c.lui   t6, 0x10
core   0: 3 0x00001386 (0x6fc1) x31 0x00010000
core   0: 0x00001388 (0x21ff4fb3) sh2add  t6, t5, t6
core   0: 3 0x00001388 (0x21ff4fb3) x31 0x96979694
core   0: 0x0000138c (0x00454a33) xor     s4, a0, tp
core   0: 3 0x0000138c (0x00454a33) x20 0x0e5b135d
core   0: 0x00001390 (0x017d7033) and     zero, s10, s7
core   0: 3 0x00001390 (0x017d7033)
core   0: 0x00001394 (0x0157fb63) bgeu    a5, s5, pc + 22
core   0: 3 0x00001394 (0x0157fb63)
core   0: 0x00001398 (0x00000c0e) c.slli  s8, 3
core   0: 3 0x00001398 (0x0c0e) x24 0x00000000
core   0: 0x0000139a (0x039fc0b3) div     ra, t6, s9
core   0: 3 0x0000139a (0x039fc0b3) x1  0xfffffffa
core   0: 0x0000139e (0x0676e563) bltu    a3, t2, pc + 106
core   0: 3 0x0000139e (0x0676e563)
core   0: 0x000013a2 (0x02f7dab3) divu    s5, a5, a5
core   0: 3 0x000013a2 (0x02f7dab3) x21 0x00000001
core   0: 0x000013a6 (0x02b74b33) div     s6, a4, a1
core   0: 3 0x000013a6 (0x02b74b33) x22 0x00000000
core   0: 0x000013aa (0x417e09b3) sub     s3, t3, s7
core   0: 3 0x000013aa (0x417e09b3) x19 0xff4d3192
core   0: 0x000013ae (0x00000001) c.nop
core   0: 3 0x000013ae (0x0001)
core   0: 0x000013b0 (0x00004f01) c.li    t5, 0
core   0: 3 0x000013b0 (0x4f01) x30 0x00000000
core   0: 0x000013b2 (0x80000fb7) lui     t6, 0x80000
core   0: 3 0x000013b2 (0x80000fb7) x31 0x80000000
core   0: 0x000013b6 (0x00001ffd) c.addi  t6, -1
core   0: 3 0x000013b6 (0x1ffd) x31 0x7fffffff
core   0: 0x000013b8 (0x21ff6fb3) sh3add  t6, t5, t6
core   0: 3 0x000013b8 (0x21ff6fb3) x31 0x7fffffff
core   0: 0x000013bc (0x030bd1b3) divu    gp, s7, a6
core   0: 3 0x000013bc (0x030bd1b3) x3  0x00001000
core   0: 0x000013c0 (0x00008c05) c.sub   s0, s1
core   0: 3 0x000013c0 (0x8c05) x8  0x37f91aa8
core   0: 0x000013c2 (0x00000001) c.nop
core   0: 3 0x000013c2 (0x0001)
core   0: 0x000013c4 (0x01dd88b3) add     a7, s11, t4
core   0: 3 0x000013c4 (0x01dd88b3) x17 0xfffc2aa1
core   0: 0x000013c8 (0x011dc033) xor     zero, s11, a7
core   0: 3 0x000013c8 (0x011dc033)
core   0: 0x000013cc (0x02265933) divu    s2, a2, sp
core   0: 3 0x000013cc (0x02265933) x18 0x00000011
core   0: 0x000013d0 (0x00008d65) c.and   a0, s1
core   0: 3 0x000013d0 (0x8d65) x10 0x00000000
core   0: 0x000013d2 (0x00008285) c.srli  a3, 1
core   0: 3 0x000013d2 (0x8285) x13 0x527b7cff
core   0: 0x000013d4 (0x00008d49) c.or    a0, a0
core   0: 3 0x000013d4 (0x8d49) x10 0x00000000
core   0: 0x000013d6 (0xc1544c13) xori    s8, s0, -1003
core   0: 3 0x000013d6 (0xc1544c13) x24 0xc806e6bd
core   0: 0x000013da (0x00007f41) c.lui   t5, 0xffff0
core   0: 3 0x000013da (0x7f41) x30 0xffff0000
core   0: 0x000013dc (0x00000f05) c.addi  t5, 1
core   0: 3 0x000013dc (0x0f05) x30 0xffff0001
core   0: 0x000013de (0x80000fb7) lui     t6, 0x80000
core   0: 3 0x000013de (0x80000fb7) x31 0x80000000
core   0: 0x000013e2 (0x41ff7fb3) andn    t6, t5, t6
core   0: 3 0x000013e2 (0x41ff7fb3) x31 0x7fff0001
core   0: 0x000013e6 (0x80000f37) lui     t5, 0x80000
core   0: 3 0x000013e6 (0x80000f37) x30 0x80000000
core   0: 0x000013ea (0x00005ffd) c.li    t6, -1
core   0: 3 0x000013ea (0x5ffd) x31 0xffffffff
core   0: 0x000013ec (0x03ff4fb3) div     t6, t5, t6
core   0: 3 0x000013ec (0x03ff4fb3) x31 0x80000000
core   0: 0x000013f0 (0x03ef6fb3) rem     t6, t5, t5
core   0: 3 0x000013f0 (0x03ef6fb3) x31 0x00000000
core   0: 0x000013f4 (0x00004f81) c.li    t6, 0
core   0: 3 0x000013f4 (0x4f81) x31 0x00000000
core   0: 0x000013f6 (0x03ff5fb3) divu    t6, t5, t6
core   0: 3 0x000013f6 (0x03ff5fb3) x31 0xffffffff
core   0: 0x000013fa (0x00004f81) c.li    t6, 0
core   0: 3 0x000013fa (0x4f81) x31 0x00000000
core   0: 0x000013fc (0x03ff6fb3) rem     t6, t5, t6
core   0: 3 0x000013fc (0x03ff6fb3) x31 0x80000000
core   0: 0x00001400 (0x00aa0933) add     s2, s4, a0
core   0: 3 0x00001400 (0x00aa0933) x18 0x0e5b135d
core   0: 0x00001404 (0x06e8c263) blt     a7, a4, pc + 100
core   0: 3 0x00001404 (0x06e8c263)
core   0: 0x00001468 (0x43b12913) slti    s2, sp, 1083
core   0: 3 0x00001468 (0x43b12913) x18 0x00000000
core   0: 0x0000146c (0x00000909) c.addi  s2, 2
core   0: 3 0x0000146c (0x0909) x18 0x00000002
core   0: 0x0000146e (0x00006531) c.lui   a0, 0xc
core   0: 3 0x0000146e (0x6531) x10 0x0000c000
core   0: 0x00001470 (0x6a356493) ori     s1, a0, 1699
core   0: 3 0x00001470 (0x6a356493) x9  0x0000c6a3
core   0: 0x00001474 (0x05fb8963) beq     s7, t6, pc + 82
core   0: 3 0x00001474 (0x05fb8963)
core   0: 0x00001478 (0xe88cd597) auipc   a1, 0xe88cd
core   0: 3 0x00001478 (0xe88cd597) x11 0xe88ce478
core   0: 0x0000147c (0x018bf7b3) and     a5, s7, s8
core   0: 3 0x0000147c (0x018bf7b3) x15 0x00000000
core   0: 0x00001480 (0x03ff98b3) mulh    a7, t6, t6
core   0: 3 0x00001480 (0x03ff98b3) x17 0x40000000
core   0: 0x00001484 (0x0f357a13) andi    s4, a0, 243
core   0: 3 0x00001484 (0x0f357a13) x20 0x00000000
core   0: 0x00001488 (0x80000f37) lui     t5, 0x80000
core   0: 3 0x00001488 (0x80000f37) x30 0x80000000
core   0: 0x0000148c (0x00007fc1) c.lui   t6, 0xffff0
core   0: 3 0x0000148c (0x7fc1) x31 0xffff0000
core   0: 0x0000148e (0x00000f85) c.addi  t6, 1
core   0: 3 0x0000148e (0x0f85) x31 0xffff0001
core   0: 0x00001490 (0x600f1f93) clz     t6, t5
core   0: 3 0x00001490 (0x600f1f93) x31 0x00000000
core   0: 0x00001494 (0x01d3d593) srli    a1, t2, 29
core   0: 3 0x00001494 (0x01d3d593) x11 0x00000000
core   0: 0x00001498 (0xf74bba93) sltiu   s5, s7, -140
core   0: 3 0x00001498 (0xf74bba93) x21 0x00000001
core   0: 0x0000149c (0x01b95b13) srli    s6, s2, 27
core   0: 3 0x0000149c (0x01b95b13) x22 0x00000000
core   0: 0x000014a0 (0x00000001) c.nop
core   0: 3 0x000014a0 (0x0001)
core   0: 0x000014a2 (0x024f1f63) bne     t5, tp, pc + 62
core   0: 3 0x000014a2 (0x024f1f63)
core   0: 0x000014e0 (0x03b85cb3) divu    s9, a6, s11
core   0: 3 0x000014e0 (0x03b85cb3) x25 0x00000001
core   0: 0x000014e4 (0x00000d00) c.addi4spn s0, sp, 656
core   0: 3 0x000014e4 (0x0d00) x8  0x0e5b148c
core   0: 0x000014e6 (0x00004f01) c.li    t5, 0
core   0: 3 0x000014e6 (0x4f01) x30 0x00000000
core   0: 0x000014e8 (0x80000fb7) lui     t6, 0x80000
core   0: 3 0x000014e8 (0x80000fb7) x31 0x80000000
core   0: 0x000014ec (0x00001ffd) c.addi  t6, -1
core   0: 3 0x000014ec (0x1ffd) x31 0x7fffffff
core   0: 0x000014ee (0x602f1f93) cpop    t6, t5
core   0: 3 0x000014ee (0x602f1f93) x31 0x00000000
core   0: 0x000014f2 (0x40b53533) unknown
core   0: exception trap_illegal_instruction, epc 0x000014f2
core   0:           tval 0x40b53533
core   0: >>>>  mtvec_handler
core   0: 0x00009510 (0x0000a009) c.j     pc + 2
core   0: 3 0x00009510 (0xa009)
core   0: >>>>  illegal_instr_handler
core   0: 0x00009512 (0x34102373) csrr    t1, mepc
core   0: 3 0x00009512 (0x34102373) x6  0x000014f2
core   0: 0x00009516 (0x00035783) lhu     a5, 0(t1)
core   0: 3 0x00009516 (0x00035783) x15 0x00003533 mem 0x000014f2
core   0: 0x0000951a (0x00008b8d) c.andi  a5, 3
core   0: 3 0x0000951a (0x8b8d) x15 0x00000003
core   0: 0x0000951c (0x00004f8d) c.li    t6, 3
core   0: 3 0x0000951c (0x4f8d) x31 0x00000003
core   0: 0x0000951e (0x01f79463) bne     a5, t6, pc + 8
core   0: 3 0x0000951e (0x01f79463)
core   0: 0x00009522 (0x00000311) c.addi  t1, 4
core   0: 3 0x00009522 (0x0311) x6  0x000014f6
core   0: 0x00009524 (0x0000a011) c.j     pc + 4
core   0: 3 0x00009524 (0xa011)
core   0: 0x00009528 (0x34131073) csrw    mepc, t1
core   0: 3 0x00009528 (0x34131073) c833_mepc 0x000014f6
core   0: 0x0000952c (0x30200073) mret
core   0: 3 0x0000952c (0x30200073) c768_mstatus 0x00001880 c784_mstatush 0x00000000 c1957_tcontrol 0x00000000
core   0: 0x000014f6 (0x340f1073) csrw    mscratch, t5
core   0: 3 0x000014f6 (0x340f1073) c832_mscratch 0x00000000
core   0: 0x000014fa (0x34002ff3) csrr    t6, mscratch
core   0: 3 0x000014fa (0x34002ff3) x31 0x00000000
core   0: 0x000014fe (0x34003ff3) csrrc   t6, mscratch, zero
core   0: 3 0x000014fe (0x34003ff3) x31 0x00000000
core   0: 0x00001502 (0x06b3b613) sltiu   a2, t2, 107
core   0: 3 0x00001502 (0x06b3b613) x12 0x00000000
core   0: 0x00001506 (0x0119c363) blt     s3, a7, pc + 6
core   0: 3 0x00001506 (0x0119c363)
core   0: 0x0000150c (0x0000c515) c.beqz  a0, pc + 44
core   0: 3 0x0000150c (0xc515)
core   0: 0x0000150e (0x00855313) srli    t1, a0, 8
core   0: 3 0x0000150e (0x00855313) x6  0x000000c0
core   0: 0x00001512 (0x03b66e33) rem     t3, a2, s11
core   0: 3 0x00001512 (0x03b66e33) x28 0x00000000
core   0: 0x00001516 (0x00fa7333) and     t1, s4, a5
core   0: 3 0x00001516 (0x00fa7333) x6  0x00000000
core   0: 0x0000151a (0x00008d11) c.sub   a0, a2
core   0: 3 0x0000151a (0x8d11) x10 0x0000c000
core   0: 0x0000151c (0x04126e63) bltu    tp, ra, pc + 92
core   0: 3 0x0000151c (0x04126e63)
core   0: 0x00001578 (0x0003dc33) srl     s8, t2, zero
core   0: 3 0x00001578 (0x0003dc33) x24 0x000124b4
core   0: 0x0000157c (0x3089a693) slti    a3, s3, 776
core   0: 3 0x0000157c (0x3089a693) x13 0x00000001
core   0: 0x00001580 (0x00008c12) c.mv    s8, tp
core   0: 3 0x00001580 (0x8c12) x24 0x00000011
core   0: 0x00001582 (0x00b51333) sll     t1, a0, a1
core   0: 3 0x00001582 (0x00b51333) x6  0x0000c000
core   0: 0x00001586 (0x016c56b3) srl     a3, s8, s6
core   0: 3 0x00001586 (0x016c56b3) x13 0x00000011
core   0: 0x0000158a (0x80000f37) lui     t5, 0x80000
core   0: 3 0x0000158a (0x80000f37) x30 0x80000000
core   0: 0x0000158e (0x00001f7d) c.addi  t5, -1
core   0: 3 0x0000158e (0x1f7d) x30 0x7fffffff
core   0: 0x00001590 (0x00004f81) c.li    t6, 0
core   0: 3 0x00001590 (0x4f81) x31 0x00000000
core   0: 0x00001592 (0x0bff6fb3) max     t6, t5, t6
core   0: 3 0x00001592 (0x0bff6fb3) x31 0x7fffffff
core   0: 0x00001596 (0x01289113) slli    sp, a7, 18
core   0: 3 0x00001596 (0x01289113) x2  0x00000000
core   0: 0x0000159a (0x0332e963) bltu    t0, s3, pc + 50
core   0: 3 0x0000159a (0x0332e963)
core   0: 0x000015cc (0x005995b3) sll     a1, s3, t0
core   0: 3 0x000015cc (0x005995b3) x11 0x92000000
core   0: 0x000015d0 (0x0255e2b3) rem     t0, a1, t0
core   0: 3 0x000015d0 (0x0255e2b3) x5  0xda7ef558
core   0: 0x000015d4 (0x00008b3d) c.andi  a4, 15
core   0: 3 0x000015d4 (0x8b3d) x14 0x00000000
core   0: 0x000015d6 (0x00008145) c.srli  a0, 17
core   0: 3 0x000015d6 (0x8145) x10 0x00000000
core   0: 0x000015d8 (0x038a9033) mulh    zero, s5, s8
core   0: 3 0x000015d8 (0x038a9033)
core   0: 0x000015dc (0x68322737) lui     a4, 0x68322
core   0: 3 0x000015dc (0x68322737) x14 0x68322000
core   0: 0x000015e0 (0x07addf63) bge     s11, s10, pc + 126
core   0: 3 0x000015e0 (0x07addf63)
core   0: 0x000015e4 (0xa5a5af37) lui     t5, 0xa5a5a
core   0: 3 0x000015e4 (0xa5a5af37) x30 0xa5a5a000
core   0: 0x000015e8 (0x5a5f0f13) addi    t5, t5, 1445
core   0: 3 0x000015e8 (0x5a5f0f13) x30 0xa5a5a5a5
core   0: 0x000015ec (0x00006fc1) c.lui   t6, 0x10
core   0: 3 0x000015ec (0x6fc1) x31 0x00010000
core   0: 0x000015ee (0x604f1f93) sext.b  t6, t5
core   0: 3 0x000015ee (0x604f1f93) x31 0xffffffa5
core   0: 0x000015f2 (0x34041073) csrw    mscratch, s0
core   0: 3 0x000015f2 (0x34041073) c832_mscratch 0x0e5b148c
core   0: 0x000015f6 (0x00008417) auipc   s0, 0x8
core   0: 3 0x000015f6 (0x00008417) x8  0x000095f6
core   0: 0x000015fa (0x09240413) addi    s0, s0, 146
core   0: 3 0x000015fa (0x09240413) x8  0x00009688
core   0: 0x000015fe (0x0000c004) c.sw    s1, 0(s0)
core   0: 3 0x000015fe (0xc004) mem 0x00009688 0x0000c6a3
core   0: 0x00001600 (0x00242223) sw      sp, 4(s0)
core   0: 3 0x00001600 (0x00242223) mem 0x0000968c 0x00000000
core   0: 0x00001604 (0x00840113) addi    sp, s0, 8
core   0: 3 0x00001604 (0x00840113) x2  0x00009690
core   0: 0x00001608 (0x0000c07e) c.swsp  t6, 0(sp)
core   0: 3 0x00001608 (0xc07e) mem 0x00009690 0xffffffa5
core   0: 0x0000160a (0x00004f02) c.lwsp  t5, 0(sp)
core   0: 3 0x0000160a (0x4f02) x30 0xffffffa5 mem 0x00009690
core   0: 0x0000160c (0x01f42423) sw      t6, 8(s0)
core   0: 3 0x0000160c (0x01f42423) mem 0x00009690 0xffffffa5
core   0: 0x00001610 (0x00004404) c.lw    s1, 8(s0)
core   0: 3 0x00001610 (0x4404) x9  0xffffffa5 mem 0x00009690
core   0: 0x00001612 (0x0000c404) c.sw    s1, 8(s0)
core   0: 3 0x00001612 (0xc404) mem 0x00009690 0xffffffa5
core   0: 0x00001614 (0x00442103) lw      sp, 4(s0)
core   0: 3 0x00001614 (0x00442103) x2  0x00000000 mem 0x0000968c
core   0: 0x00001618 (0x00004004) c.lw    s1, 0(s0)
core   0: 3 0x00001618 (0x4004) x9  0x0000c6a3 mem 0x00009688
core   0: 0x0000161a (0x34002473) csrr    s0, mscratch
core   0: 3 0x0000161a (0x34002473) x8  0x0e5b148c
core   0: 0x0000161e (0x00000c88) c.addi4spn a0, sp, 592
core   0: 3 0x0000161e (0x0c88) x10 0x00000250
core   0: 0x00001620 (0x00006129) c.addi16sp sp, 192
core   0: 3 0x00001620 (0x6129) x2  0x000000c0
core   0: 0x00001622 (0x04bf4b63) blt     t5, a1, pc + 86
core   0: 3 0x00001622 (0x04bf4b63)
core   0: 0x00001626 (0x0000997d) c.andi  a0, -1
core   0: 3 0x00001626 (0x997d) x10 0x00000250
core   0: 0x00001628 (0x02836c63) bltu    t1, s0, pc + 56
core   0: 3 0x00001628 (0x02836c63)
core   0: 0x00001660 (0x730011b7) lui     gp, 0x73001
core   0: 3 0x00001660 (0x730011b7) x3  0x73001000
core   0: 0x00001664 (0x00000842) c.slli  a6, 16
core   0: 3 0x00001664 (0x0842) x16 0x00010000
core   0: 0x00001666 (0xc35cc037) lui     zero, 0xc35cc
core   0: 3 0x00001666 (0xc35cc037)
core   0: 0x0000166a (0x00001a88) c.addi4spn a0, sp, 368
core   0: 3 0x0000166a (0x1a88) x10 0x00000230
core   0: 0x0000166c (0x074ee163) bltu    t4, s4, pc + 98
core   0: 3 0x0000166c (0x074ee163)
core   0: 0x00001670 (0x54844593) xori    a1, s0, 1352
core   0: 3 0x00001670 (0x54844593) x11 0x0e5b11c4
core   0: 0x00001674 (0x00385693) srli    a3, a6, 3
core   0: 3 0x00001674 (0x00385693) x13 0x00002000
core   0: 0x00001678 (0x00008cf1) c.and   s1, a2
core   0: 3 0x00001678 (0x8cf1) x9  0x00000000
core   0: 0x0000167a (0x00007f41) c.lui   t5, 0xffff0
core   0: 3 0x0000167a (0x7f41) x30 0xffff0000
core   0: 0x0000167c (0x00000f05) c.addi  t5, 1
core   0: 3 0x0000167c (0x0f05) x30 0xffff0001
core   0: 0x0000167e (0x80000fb7) lui     t6, 0x80000
core   0: 3 0x0000167e (0x80000fb7) x31 0x80000000
core   0: 0x00001682 (0x080f4fb3) zext.h  t6, t5
core   0: 3 0x00001682 (0x080f4fb3) x31 0x00000001
core   0: 0x00001686 (0x9ea41537) lui     a0, 0x9ea41
core   0: 3 0x00001686 (0x9ea41537) x10 0x9ea41000
core   0: 0x0000168a (0x038a31b3) mulhu   gp, s4, s8
core   0: 3 0x0000168a (0x038a31b3) x3  0x00000000
core   0: 0x0000168e (0x000085ee) c.mv    a1, s11
core   0: 3 0x0000168e (0x85ee) x11 0x00000001
core   0: 0x00001690 (0x007a1913) slli    s2, s4, 7
core   0: 3 0x00001690 (0x007a1913) x18 0x00000000
core   0: 0x00001694 (0x41d1da33) sra     s4, gp, t4
core   0: 3 0x00001694 (0x41d1da33) x20 0x00000000
core   0: 0x00001698 (0x00008d71) c.and   a0, a2
core   0: 3 0x00001698 (0x8d71) x10 0x00000000
core   0: 0x0000169a (0x5070c013) xori    zero, ra, 1287
core   0: 3 0x0000169a (0x5070c013)
core   0: 0x0000169e (0x3e4c8013) addi    zero, s9, 996
core   0: 3 0x0000169e (0x3e4c8013)
core   0: 0x000016a2 (0x00000001) c.nop
core   0: 3 0x000016a2 (0x0001)
core   0: 0x000016a4 (0x00baf433) and     s0, s5, a1
core   0: 3 0x000016a4 (0x00baf433) x8  0x00000001
core   0: 0x000016a8 (0x00006f41) c.lui   t5, 0x10
core   0: 3 0x000016a8 (0x6f41) x30 0x00010000
core   0: 0x000016aa (0xa5a5afb7) lui     t6, 0xa5a5a
core   0: 3 0x000016aa (0xa5a5afb7) x31 0xa5a5a000
core   0: 0x000016ae (0x5a5f8f93) addi    t6, t6, 1445
core   0: 3 0x000016ae (0x5a5f8f93) x31 0xa5a5a5a5
core   0: 0x000016b2 (0x61ff1fb3) rol     t6, t5, t6
core   0: 3 0x000016b2 (0x61ff1fb3) x31 0x00200000
core   0: 0x000016b6 (0x0ab50533) unknown
core   0: exception trap_illegal_instruction, epc 0x000016b6
core   0:           tval 0x0ab50533
core   0: >>>>  mtvec_handler
core   0: 0x00009510 (0x0000a009) c.j     pc + 2
core   0: 3 0x00009510 (0xa009)
core   0: >>>>  illegal_instr_handler
core   0: 0x00009512 (0x34102373) csrr    t1, mepc
core   0: 3 0x00009512 (0x34102373) x6  0x000016b6
core   0: 0x00009516 (0x00035783) lhu     a5, 0(t1)
core   0: 3 0x00009516 (0x00035783) x15 0x00000533 mem 0x000016b6
core   0: 0x0000951a (0x00008b8d) c.andi  a5, 3
core   0: 3 0x0000951a (0x8b8d) x15 0x00000003
core   0: 0x0000951c (0x00004f8d) c.li    t6, 3
core   0: 3 0x0000951c (0x4f8d) x31 0x00000003
core   0: 0x0000951e (0x01f79463) bne     a5, t6, pc + 8
core   0: 3 0x0000951e (0x01f79463)
core   0: 0x00009522 (0x00000311) c.addi  t1, 4
core   0: 3 0x00009522 (0x0311) x6  0x000016ba
core   0: 0x00009524 (0x0000a011) c.j     pc + 4
core   0: 3 0x00009524 (0xa011)
core   0: 0x00009528 (0x34131073) csrw    mepc, t1
core   0: 3 0x00009528 (0x34131073) c833_mepc 0x000016ba
core   0: 0x0000952c (0x30200073) mret
core   0: 3 0x0000952c (0x30200073) c768_mstatus 0x00001880 c784_mstatush 0x00000000 c1957_tcontrol 0x00000000
core   0: 0x000016ba (0x00e43333) sltu    t1, s0, a4
core   0: 3 0x000016ba (0x00e43333) x6  0x00000001
core   0: 0x000016be (0x2d77f213) andi    tp, a5, 727
core   0: 3 0x000016be (0x2d77f213) x4  0x00000003
core   0: 0x000016c2 (0x00008605) c.srai  a2, 1
core   0: 3 0x000016c2 (0x8605) x12 0x00000000
core   0: 0x000016c4 (0x03c25bb3) divu    s7, tp, t3
core   0: 3 0x000016c4 (0x03c25bb3) x23 0xffffffff
core   0: 0x000016c8 (0x00008d41) c.or    a0, s0
core   0: 3 0x000016c8 (0x8d41) x10 0x00000001
core   0: 0x000016ca (0x7b34a213) slti    tp, s1, 1971
core   0: 3 0x000016ca (0x7b34a213) x4  0x00000001
core   0: 0x000016ce (0x07c05d63) bge     zero, t3, pc + 122
core   0: 3 0x000016ce (0x07c05d63)
core   0: 0x00001748 (0x4132d4b3) sra     s1, t0, s3
core   0: 3 0x00001748 (0x4132d4b3) x9  0xfffff69f
core   0: 0x0000174c (0x00000ef2) c.slli  t4, 28
core   0: 3 0x0000174c (0x0ef2) x29 0x00000000
core   0: 0x0000174e (0x00219033) sll     zero, gp, sp
core   0: 3 0x0000174e (0x00219033)
core   0: 0x00001752 (0x01b860b3) or      ra, a6, s11
core   0: 3 0x00001752 (0x01b860b3) x1  0x00010001
core   0: 0x00001756 (0xa5a5af37) lui     t5, 0xa5a5a
core   0: 3 0x00001756 (0xa5a5af37) x30 0xa5a5a000
core   0: 0x0000175a (0x5a5f0f13) addi    t5, t5, 1445
core   0: 3 0x0000175a (0x5a5f0f13) x30 0xa5a5a5a5
core   0: 0x0000175e (0x00006fc1) c.lui   t6, 0x10
core   0: 3 0x0000175e (0x6fc1) x31 0x00010000
core   0: 0x00001760 (0x287f5f93) orc.b   t6, t5
core   0: 3 0x00001760 (0x287f5f93) x31 0xffffffff
core   0: 0x00001764 (0x01bcd513) srli    a0, s9, 27
core   0: 3 0x00001764 (0x01bcd513) x10 0x00000000
core   0: 0x00001768 (0x051c7d63) bgeu    s8, a7, pc + 90
core   0: 3 0x00001768 (0x051c7d63)
core   0: 0x0000176c (0x05ee0363) beq     t3, t5, pc + 70
core   0: 3 0x0000176c (0x05ee0363)
core   0: 0x00001770 (0x01cdd033) srl     zero, s11, t3
core   0: 3 0x00001770 (0x01cdd033)
core   0: 0x00001774 (0x301b5237) lui     tp, 0x301b5
core   0: 3 0x00001774 (0x301b5237) x4  0x301b5000
core   0: 0x00001778 (0x007d4ab3) xor     s5, s10, t2
core   0: 3 0x00001778 (0x007d4ab3) x21 0x00005660
core   0: 0x0000177c (0x00008106) c.mv    sp, ra
core   0: 3 0x0000177c (0x8106) x2  0x00010001
core   0: 0x0000177e (0x00006179) c.addi16sp sp, 464
core   0: 3 0x0000177e (0x6179) x2  0x000101d1
core   0: 0x00001780 (0x00cdd6b3) srl     a3, s11, a2
core   0: 3 0x00001780 (0x00cdd6b3) x13 0x00000001
core   0: 0x00001784 (0x0000844e) c.mv    s0, s3
core   0: 3 0x00001784 (0x844e) x8  0xff4d3192
core   0: 0x00001786 (0x00004f01) c.li    t5, 0
core   0: 3 0x00001786 (0x4f01) x30 0x00000000
core   0: 0x00001788 (0x80000fb7) lui     t6, 0x80000
core   0: 3 0x00001788 (0x80000fb7) x31 0x80000000
core   0: 0x0000178c (0x00001ffd) c.addi  t6, -1
core   0: 3 0x0000178c (0x1ffd) x31 0x7fffffff
core   0: 0x0000178e (0x698f5f93) rev8.rv32 (args unknown)
core   0: 3 0x0000178e (0x698f5f93) x31 0x00000000
core   0: 0x00001792 (0x3b720a13) addi    s4, tp, 951
core   0: 3 0x00001792 (0x3b720a13) x20 0x301b53b7
core   0: 0x00001796 (0x01535693) srli    a3, t1, 21
core   0: 3 0x00001796 (0x01535693) x13 0x00000000
core   0: 0x0000179a (0x00544b33) xor     s6, s0, t0
core   0: 3 0x0000179a (0x00544b33) x22 0x2533c4ca
core   0: 0x0000179e (0x00000001) c.nop
core   0: 3 0x0000179e (0x0001)
core   0: 0x000017a0 (0x021a22b3) mulhsu  t0, s4, ra
core   0: 3 0x000017a0 (0x021a22b3) x5  0x0000301b
core   0: 0x000017a4 (0x001f0233) add     tp, t5, ra
core   0: 3 0x000017a4 (0x001f0233) x4  0x00010001
core   0: 0x000017a8 (0x00008e2d) c.xor   a2, a1
core   0: 3 0x000017a8 (0x8e2d) x12 0x00000001
core   0: 0x000017aa (0x003edd63) bge     t4, gp, pc + 26
core   0: 3 0x000017aa (0x003edd63)
core   0: 0x000017c4 (0x017e1913) slli    s2, t3, 23
core   0: 3 0x000017c4 (0x017e1913) x18 0x00000000
core   0: 0x000017c8 (0x5c376993) ori     s3, a4, 1475
core   0: 3 0x000017c8 (0x5c376993) x19 0x683225c3
core   0: 0x000017cc (0x00006145) c.addi16sp sp, 48
core   0: 3 0x000017cc (0x6145) x2  0x00010201
core   0: 0x000017ce (0x034aa6b3) mulhsu  a3, s5, s4
core   0: 3 0x000017ce (0x034aa6b3) x13 0x0000103b
core   0: 0x000017d2 (0xec97aa93) slti    s5, a5, -311
core   0: 3 0x000017d2 (0xec97aa93) x21 0x00000000
core   0: 0x000017d6 (0x00008d35) c.xor   a0, a3
core   0: 3 0x000017d6 (0x8d35) x10 0x0000103b
core   0: 0x000017d8 (0x00008d4d) c.or    a0, a1
core   0: 3 0x000017d8 (0x8d4d) x10 0x0000103b
core   0: 0x000017da (0x014a57b3) srl     a5, s4, s4
core   0: 3 0x000017da (0x014a57b3) x15 0x00000060
core   0: 0x000017de (0x02fd0cb3) mul     s9, s10, a5
core   0: 3 0x000017de (0x02fd0cb3) x25 0x008b0f80
core   0: 0x000017e2 (0x00006f41) c.lui   t5, 0x10
core   0: 3 0x000017e2 (0x6f41) x30 0x00010000
core   0: 0x000017e4 (0xa5a5afb7) lui     t6, 0xa5a5a
core   0: 3 0x000017e4 (0xa5a5afb7) x31 0xa5a5a000
core   0: 0x000017e8 (0x5a5f8f93) addi    t6, t6, 1445
core   0: 3 0x000017e8 (0x5a5f8f93) x31 0xa5a5a5a5
core   0: 0x000017ec (0x49ff5fb3) bext    t6, t5, t6
core   0: 3 0x000017ec (0x49ff5fb3) x31 0x00000000
core   0: 0x000017f0 (0x0296e533) rem     a0, a3, s1
core   0: 3 0x000017f0 (0x0296e533) x10 0x000006da
core   0: 0x000017f4 (0x417d5613) srai    a2, s10, 23
core   0: 3 0x000017f4 (0x417d5613) x12 0x00000000
core   0: 0x000017f8 (0x00008c95) c.sub   s1, a3
core   0: 3 0x000017f8 (0x8c95) x9  0xffffe664
core   0: 0x000017fa (0x00000001) c.nop
core   0: 3 0x000017fa (0x0001)
core   0: 0x000017fc (0x01a012b3) sll     t0, zero, s10
core   0: 3 0x000017fc (0x01a012b3) x5  0x00000000
core   0: 0x00001800 (0x00008e25) c.xor   a2, s1
core   0: 3 0x00001800 (0x8e25) x12 0xffffe664
core   0: 0x00001802 (0xbfb52a93) slti    s5, a0, -1029
core   0: 3 0x00001802 (0xbfb52a93) x21 0x00000000
core   0: 0x00001806 (0x0039a8b3) slt     a7, s3, gp
core   0: 3 0x00001806 (0x0039a8b3) x17 0x00000000
core   0: 0x0000180a (0x000554b3) srl     s1, a0, zero
core   0: 3 0x0000180a (0x000554b3) x9  0x000006da
core   0: 0x0000180e (0x00006af1) c.lui   s5, 0x1c
core   0: 3 0x0000180e (0x6af1) x21 0x0001c000
core   0: 0x00001810 (0x80000f37) lui     t5, 0x80000
core   0: 3 0x00001810 (0x80000f37) x30 0x80000000
core   0: 0x00001814 (0x00001f7d) c.addi  t5, -1
core   0: 3 0x00001814 (0x1f7d) x30 0x7fffffff
core   0: 0x00001816 (0x00004f81) c.li    t6, 0
core   0: 3 0x00001816 (0x4f81) x31 0x00000000
core   0: 0x00001818 (0x69ff1fb3) binv    t6, t5, t6
core   0: 3 0x00001818 (0x69ff1fb3) x31 0x7ffffffe
core   0: 0x0000181c (0x80000f37) lui     t5, 0x80000
core   0: 3 0x0000181c (0x80000f37) x30 0x80000000
core   0: 0x00001820 (0x00005ffd) c.li    t6, -1
core   0: 3 0x00001820 (0x5ffd) x31 0xffffffff
core   0: 0x00001822 (0x03ff4fb3) div     t6, t5, t6
core   0: 3 0x00001822 (0x03ff4fb3) x31 0x80000000
core   0: 0x00001826 (0x03ef6fb3) rem     t6, t5, t5
core   0: 3 0x00001826 (0x03ef6fb3) x31 0x00000000
core   0: 0x0000182a (0x00004f81) c.li    t6, 0
core   0: 3 0x0000182a (0x4f81) x31 0x00000000
core   0: 0x0000182c (0x03ff5fb3) divu    t6, t5, t6
core   0: 3 0x0000182c (0x03ff5fb3) x31 0xffffffff
core   0: 0x00001830 (0x00004f81) c.li    t6, 0
core   0: 3 0x00001830 (0x4f81) x31 0x00000000
core   0: 0x00001832 (0x03ff6fb3) rem     t6, t5, t6
core   0: 3 0x00001832 (0x03ff6fb3) x31 0x80000000
core   0: 0x00001836 (0x03c654b3) divu    s1, a2, t3
core   0: 3 0x00001836 (0x03c654b3) x9  0xffffffff
core   0: 0x0000183a (0x00008275) c.srli  a2, 29
core   0: 3 0x0000183a (0x8275) x12 0x00000007
core   0: 0x0000183c (0x0187b333) sltu    t1, a5, s8
core   0: 3 0x0000183c (0x0187b333) x6  0x00000000
core   0: 0x00001840 (0x40a9d733) sra     a4, s3, a0
core   0: 3 0x00001840 (0x40a9d733) x14 0x0000001a
core   0: 0x00001844 (0x40c40133) sub     sp, s0, a2
core   0: 3 0x00001844 (0x40c40133) x2  0xff4d318b
core   0: 0x00001848 (0x0000891d) c.andi  a0, 7
core   0: 3 0x00001848 (0x891d) x10 0x00000002
core   0: 0x0000184a (0x01c77b33) and     s6, a4, t3
core   0: 3 0x0000184a (0x01c77b33) x22 0x00000000
core   0: 0x0000184e (0x00008d21) c.xor   a0, s0
core   0: 3 0x0000184e (0x8d21) x10 0xff4d3190
core   0: 0x00001850 (0x02c15033) divu    zero, sp, a2
core   0: 3 0x00001850 (0x02c15033)
core   0: 0x00001854 (0x04edfc63) bgeu    s11, a4, pc + 88
core   0: 3 0x00001854 (0x04edfc63)
core   0: 0x00001858 (0x80000f37) lui     t5, 0x80000
core   0: 3 0x00001858 (0x80000f37) x30 0x80000000
core   0: 0x0000185c (0x00007fc1) c.lui   t6, 0xffff0
core   0: 3 0x0000185c (0x7fc1) x31 0xffff0000
core   0: 0x0000185e (0x00000f85) c.addi  t6, 1
core   0: 3 0x0000185e (0x0f85) x31 0xffff0001
core   0: 0x00001860 (0x29ff1fb3) bset    t6, t5, t6
core   0: 3 0x00001860 (0x29ff1fb3) x31 0x80000002
core   0: 0x00001864 (0x60b52533) unknown
core   0: exception trap_illegal_instruction, epc 0x00001864
core   0:           tval 0x60b52533
core   0: >>>>  mtvec_handler
core   0: 0x00009510 (0x0000a009) c.j     pc + 2
core   0: 3 0x00009510 (0xa009)
core   0: >>>>  illegal_instr_handler
core   0: 0x00009512 (0x34102373) csrr    t1, mepc
core   0: 3 0x00009512 (0x34102373) x6  0x00001864
core   0: 0x00009516 (0x00035783) lhu     a5, 0(t1)
core   0: 3 0x00009516 (0x00035783) x15 0x00002533 mem 0x00001864
core   0: 0x0000951a (0x00008b8d) c.andi  a5, 3
core   0: 3 0x0000951a (0x8b8d) x15 0x00000003
core   0: 0x0000951c (0x00004f8d) c.li    t6, 3
core   0: 3 0x0000951c (0x4f8d) x31 0x00000003
core   0: 0x0000951e (0x01f79463) bne     a5, t6, pc + 8
core   0: 3 0x0000951e (0x01f79463)
core   0: 0x00009522 (0x00000311) c.addi  t1, 4
core   0: 3 0x00009522 (0x0311) x6  0x00001868
core   0: 0x00009524 (0x0000a011) c.j     pc + 4
core   0: 3 0x00009524 (0xa011)
core   0: 0x00009528 (0x34131073) csrw    mepc, t1
core   0: 3 0x00009528 (0x34131073) c833_mepc 0x00001868
core   0: 0x0000952c (0x30200073) mret
core   0: 3 0x0000952c (0x30200073) c768_mstatus 0x00001880 c784_mstatush 0x00000000 c1957_tcontrol 0x00000000
core   0: 0x00001868 (0x00008511) c.srai  a0, 4
core   0: 3 0x00001868 (0x8511) x10 0xfff4d319
core   0: 0x0000186a (0x03e75c33) divu    s8, a4, t5
core   0: 3 0x0000186a (0x03e75c33) x24 0x00000000
core   0: 0x0000186e (0x03717963) bgeu    sp, s7, pc + 50
core   0: 3 0x0000186e (0x03717963)
core   0: 0x00001872 (0x00f588b3) add     a7, a1, a5
core   0: 3 0x00001872 (0x00f588b3) x17 0x00000004
core   0: 0x00001876 (0x0000717d) c.addi16sp sp, -16
core   0: 3 0x00001876 (0x717d) x2  0xff4d317b
core   0: 0x00001878 (0x39acc093) xori    ra, s9, 922
core   0: 3 0x00001878 (0x39acc093) x1  0x008b0c1a
core   0: 0x0000187c (0x014f6033) or      zero, t5, s4
core   0: 3 0x0000187c (0x014f6033)
core   0: 0x00001880 (0x4116d493) srai    s1, a3, 17
core   0: 3 0x00001880 (0x4116d493) x9  0x00000000
core   0: 0x00001884 (0x000004ed) c.addi  s1, 27
core   0: 3 0x00001884 (0x04ed) x9  0x0000001b
core   0: 0x00001886 (0x008e5e33) srl     t3, t3, s0
core   0: 3 0x00001886 (0x008e5e33) x28 0x00000000
core   0: 0x0000188a (0xa5a5af37) lui     t5, 0xa5a5a
core   0: 3 0x0000188a (0xa5a5af37) x30 0xa5a5a000
core   0: 0x0000188e (0x5a5f0f13) addi    t5, t5, 1445
core   0: 3 0x0000188e (0x5a5f0f13) x30 0xa5a5a5a5
core   0: 0x00001892 (0x00006fc1) c.lui   t6, 0x10
core   0: 3 0x00001892 (0x6fc1) x31 0x00010000
core   0: 0x00001894 (0x49ff1f93) bclri   t6, t5, 31
core   0: 3 0x00001894 (0x49ff1f93) x31 0x25a5a5a5
core   0: 0x00001898 (0x003f61b3) or      gp, t5, gp
core   0: 3 0x00001898 (0x003f61b3) x3  0xa5a5a5a5
core   0: 0x0000189c (0x5081c013) xori    zero, gp, 1288
core   0: 3 0x0000189c (0x5081c013)
core   0: 0x000018a0 (0x00008ca5) c.xor   s1, s1
core   0: 3 0x000018a0 (0x8ca5) x9  0x00000000
core   0: 0x000018a2 (0x024c9033) mulh    zero, s9, tp
core   0: 3 0x000018a2 (0x024c9033)
core   0: 0x000018a6 (0x40d38eb3) sub     t4, t2, a3
core   0: 3 0x000018a6 (0x40d38eb3) x29 0x00011479
core   0: 0x000018aa (0x00008cb1) c.xor   s1, a2
core   0: 3 0x000018aa (0x8cb1) x9  0x00000007
core   0: 0x000018ac (0x00008699) c.srai  a3, 6
core   0: 3 0x000018ac (0x8699) x13 0x00000040
core   0: 0x000018ae (0x00008121) c.srli  a0, 8
core   0: 3 0x000018ae (0x8121) x10 0x00fff4d3
core   0: 0x000018b0 (0x03e16033) rem     zero, sp, t5
core   0: 3 0x000018b0 (0x03e16033)
core   0: 0x000018b4 (0x0000c529) c.beqz  a0, pc + 74
core   0: 3 0x000018b4 (0xc529)
core   0: 0x000018b6 (0x00004f01) c.li    t5, 0
core   0: 3 0x000018b6 (0x4f01) x30 0x00000000
core   0: 0x000018b8 (0x80000fb7) lui     t6, 0x80000
core   0: 3 0x000018b8 (0x80000fb7) x31 0x80000000
core   0: 0x000018bc (0x00001ffd) c.addi  t6, -1
core   0: 3 0x000018bc (0x1ffd) x31 0x7fffffff
core   0: 0x000018be (0x48ff5f93) bexti   t6, t5, 15
core   0: 3 0x000018be (0x48ff5f93) x31 0x00000000
core   0: 0x000018c2 (0x00008c2d) c.xor   s0, a1
core   0: 3 0x000018c2 (0x8c2d) x8  0xff4d3193
core   0: 0x000018c4 (0x000086f5) c.srai  a3, 29
core   0: 3 0x000018c4 (0x86f5) x13 0x00000000
core   0: 0x000018c6 (0x03794733) div     a4, s2, s7
core   0: 3 0x000018c6 (0x03794733) x14 0x00000000
core   0: 0x000018ca (0x02d945b3) div     a1, s2, a3
core   0: 3 0x000018ca (0x02d945b3) x11 0xffffffff
core   0: 0x000018ce (0x00a65db3) srl     s11, a2, a0
core   0: 3 0x000018ce (0x00a65db3) x27 0x00000000
core   0: 0x000018d2 (0x0398db33) divu    s6, a7, s9
core   0: 3 0x000018d2 (0x0398db33) x22 0x00000000
core   0: 0x000018d6 (0x01d5ea33) or      s4, a1, t4
core   0: 3 0x000018d6 (0x01d5ea33) x20 0xffffffff
core   0: 0x000018da (0xcc347a93) andi    s5, s0, -829
core   0: 3 0x000018da (0xcc347a93) x21 0xff4d3083
core   0: 0x000018de (0x00008d39) c.xor   a0, a4
core   0: 3 0x000018de (0x8d39) x10 0x00fff4d3
core   0: 0x000018e0 (0x002506b3) add     a3, a0, sp
core   0: 3 0x000018e0 (0x002506b3) x13 0x004d264e
core   0: 0x000018e4 (0x00007f41) c.lui   t5, 0xffff0
core   0: 3 0x000018e4 (0x7f41) x30 0xffff0000
core   0: 0x000018e6 (0x00000f05) c.addi  t5, 1
core   0: 3 0x000018e6 (0x0f05) x30 0xffff0001
core   0: 0x000018e8 (0x80000fb7) lui     t6, 0x80000
core   0: 3 0x000018e8 (0x80000fb7) x31 0x80000000
core   0: 0x000018ec (0x680f1f93) binvi   t6, t5, 0
core   0: 3 0x000018ec (0x680f1f93) x31 0xffff0000
core   0: 0x000018f0 (0xa1fd8217) auipc   tp, 0xa1fd8
core   0: 3 0x000018f0 (0xa1fd8217) x4  0xa1fd98f0
core   0: 0x000018f4 (0x0215b033) mulhu   zero, a1, ra
core   0: 3 0x000018f4 (0x0215b033)
core   0: 0x000018f8 (0x41f50633) sub     a2, a0, t6
core   0: 3 0x000018f8 (0x41f50633) x12 0x0100f4d3
core   0: 0x000018fc (0x00008e11) c.sub   a2, a2
core   0: 3 0x000018fc (0x8e11) x12 0x00000000
core   0: 0x000018fe (0xbdbdc897) auipc   a7, 0xbdbdc
core   0: 3 0x000018fe (0xbdbdc897) x17 0xbdbdd8fe
core   0: 0x00001902 (0x00008d71) c.and   a0, a2
core   0: 3 0x00001902 (0x8d71) x10 0x00000000
core   0: 0x00001904 (0x00000001) c.nop
core   0: 3 0x00001904 (0x0001)
core   0: 0x00001906 (0x00004331) c.li    t1, 12
core   0: 3 0x00001906 (0x4331) x6  0x0000000c
core   0: 0x00001908 (0x02495233) divu    tp, s2, tp
core   0: 3 0x00001908 (0x02495233) x4  0x00000000
core   0: 0x0000190c (0x03558c63) beq     a1, s5, pc + 56
core   0: 3 0x0000190c (0x03558c63)
core   0: 0x00001910 (0x00006f41) c.lui   t5, 0x10
core   0: 3 0x00001910 (0x6f41) x30 0x00010000
core   0: 0x00001912 (0xa5a5afb7) lui     t6, 0xa5a5a
core   0: 3 0x00001912 (0xa5a5afb7) x31 0xa5a5a000
core   0: 0x00001916 (0x5a5f8f93) addi    t6, t6, 1445
core   0: 3 0x00001916 (0x5a5f8f93) x31 0xa5a5a5a5
core   0: 0x0000191a (0x29ff1f93) bseti   t6, t5, 31
core   0: 3 0x0000191a (0x29ff1f93) x31 0x80010000
core   0: 0x0000191e (0x00007002) c.flwsp ft0, 32(sp)
core   0: exception trap_illegal_instruction, epc 0x0000191e
core   0:           tval 0x00007002
core   0: >>>>  mtvec_handler
core   0: 0x00009510 (0x0000a009) c.j     pc + 2
core   0: 3 0x00009510 (0xa009)
core   0: >>>>  illegal_instr_handler
core   0: 0x00009512 (0x34102373) csrr    t1, mepc
core   0: 3 0x00009512 (0x34102373) x6  0x0000191e
core   0: 0x00009516 (0x00035783) lhu     a5, 0(t1)
core   0: 3 0x00009516 (0x00035783) x15 0x00007002 mem 0x0000191e
core   0: 0x0000951a (0x00008b8d) c.andi  a5, 3
core   0: 3 0x0000951a (0x8b8d) x15 0x00000002
core   0: 0x0000951c (0x00004f8d) c.li    t6, 3
core   0: 3 0x0000951c (0x4f8d) x31 0x00000003
core   0: 0x0000951e (0x01f79463) bne     a5, t6, pc + 8
core   0: 3 0x0000951e (0x01f79463)
core   0: 0x00009526 (0x00000309) c.addi  t1, 2
core   0: 3 0x00009526 (0x0309) x6  0x00001920
core   0: 0x00009528 (0x34131073) csrw    mepc, t1
core   0: 3 0x00009528 (0x34131073) c833_mepc 0x00001920
core   0: 0x0000952c (0x30200073) mret
core   0: 3 0x0000952c (0x30200073) c768_mstatus 0x00001880 c784_mstatush 0x00000000 c1957_tcontrol 0x00000000
core   0: 0x00001920 (0x00000001) c.nop
core   0: 3 0x00001920 (0x0001)
core   0: 0x00001922 (0x340f1073) csrw    mscratch, t5
core   0: 3 0x00001922 (0x340f1073) c832_mscratch 0x00010000
core   0: 0x00001926 (0x34002ff3) csrr    t6, mscratch
core   0: 3 0x00001926 (0x34002ff3) x31 0x00010000
core   0: 0x0000192a (0x34003ff3) csrrc   t6, mscratch, zero
core   0: 3 0x0000192a (0x34003ff3) x31 0x00010000
core   0: 0x0000192e (0x00006921) c.lui   s2, 0x8
core   0: 3 0x0000192e (0x6921) x18 0x00008000
core   0: 0x00001930 (0x03786d63) bltu    a6, s7, pc + 58
core   0: 3 0x00001930 (0x03786d63)
core   0: 0x0000196a (0x016d2013) slti    zero, s10, 22
core   0: 3 0x0000196a (0x016d2013)
core   0: 0x0000196e (0x00000001) c.nop
core   0: 3 0x0000196e (0x0001)
core   0: 0x00001970 (0x0128f9b3) and     s3, a7, s2
core   0: 3 0x00001970 (0x0128f9b3) x19 0x00008000
core   0: 0x00001974 (0x02579863) bne     a5, t0, pc + 48
core   0: 3 0x00001974 (0x02579863)
core   0: 0x000019a4 (0x017d28b3) slt     a7, s10, s7
core   0: 3 0x000019a4 (0x017d28b3) x17 0x00000000
core   0: 0x000019a8 (0x40f05c33) sra     s8, zero, a5
core   0: 3 0x000019a8 (0x40f05c33) x24 0x00000000
core   0: 0x000019ac (0x00008c3e) c.mv    s8, a5
core   0: 3 0x000019ac (0x8c3e) x24 0x00000002
core   0: 0x000019ae (0x00119033) sll     zero, gp, ra
core   0: 3 0x000019ae (0x00119033)
core   0: 0x000019b2 (0x07c2f163) bgeu    t0, t3, pc + 98
core   0: 3 0x000019b2 (0x07c2f163)
core   0: 0x00001a14 (0x022aa9b3) mulhsu  s3, s5, sp
core   0: 3 0x00001a14 (0x022aa9b3) x19 0xff4dad67
core   0: 0x00001a18 (0x00008575) c.srai  a0, 29
core   0: 3 0x00001a18 (0x8575) x10 0x00000000
core   0: 0x00001a1a (0x4149d133) sra     sp, s3, s4
core   0: 3 0x00001a1a (0x4149d133) x2  0xffffffff
core   0: 0x00001a1e (0x41d1ddb3) sra     s11, gp, t4
core   0: 3 0x00001a1e (0x41d1ddb3) x27 0xffffffd2
core   0: 0x00001a22 (0x00007f41) c.lui   t5, 0xffff0
core   0: 3 0x00001a22 (0x7f41) x30 0xffff0000
core   0: 0x00001a24 (0x00000f05) c.addi  t5, 1
core   0: 3 0x00001a24 (0x0f05) x30 0xffff0001
core   0: 0x00001a26 (0x80000fb7) lui     t6, 0x80000
core   0: 3 0x00001a26 (0x80000fb7) x31 0x80000000
core   0: 0x00001a2a (0x21ff6fb3) sh3add  t6, t5, t6
core   0: 3 0x00001a2a (0x21ff6fb3) x31 0x7ff80008
core   0: 0x00001a2e (0x34041073) csrw    mscratch, s0
core   0: 3 0x00001a2e (0x34041073) c832_mscratch 0xff4d3193
core   0: 0x00001a32 (0x00008417) auipc   s0, 0x8
core   0: 3 0x00001a32 (0x00008417) x8  0x00009a32
core   0: 0x00001a36 (0xc5640413) addi    s0, s0, -938
core   0: 3 0x00001a36 (0xc5640413) x8  0x00009688
core   0: 0x00001a3a (0x0000c004) c.sw    s1, 0(s0)
core   0: 3 0x00001a3a (0xc004) mem 0x00009688 0x00000007
core   0: 0x00001a3c (0x00242223) sw      sp, 4(s0)
core   0: 3 0x00001a3c (0x00242223) mem 0x0000968c 0xffffffff
core   0: 0x00001a40 (0x00840113) addi    sp, s0, 8
core   0: 3 0x00001a40 (0x00840113) x2  0x00009690
core   0: 0x00001a44 (0x0000c07e) c.swsp  t6, 0(sp)
core   0: 3 0x00001a44 (0xc07e) mem 0x00009690 0x7ff80008
core   0: 0x00001a46 (0x00004f02) c.lwsp  t5, 0(sp)
core   0: 3 0x00001a46 (0x4f02) x30 0x7ff80008 mem 0x00009690
core   0: 0x00001a48 (0x01f42423) sw      t6, 8(s0)
core   0: 3 0x00001a48 (0x01f42423) mem 0x00009690 0x7ff80008
core   0: 0x00001a4c (0x00004404) c.lw    s1, 8(s0)
core   0: 3 0x00001a4c (0x4404) x9  0x7ff80008 mem 0x00009690
core   0: 0x00001a4e (0x0000c404) c.sw    s1, 8(s0)
core   0: 3 0x00001a4e (0xc404) mem 0x00009690 0x7ff80008
core   0: 0x00001a50 (0x00442103) lw      sp, 4(s0)
core   0: 3 0x00001a50 (0x00442103) x2  0xffffffff mem 0x0000968c
core   0: 0x00001a54 (0x00004004) c.lw    s1, 0(s0)
core   0: 3 0x00001a54 (0x4004) x9  0x00000007 mem 0x00009688
core   0: 0x00001a56 (0x34002473) csrr    s0, mscratch
core   0: 3 0x00001a56 (0x34002473) x8  0xff4d3193
core   0: 0x00001a5a (0x00000001) c.nop
core   0: 3 0x00001a5a (0x0001)
core   0: 0x00001a5c (0x0483c363) blt     t2, s0, pc + 70
core   0: 3 0x00001a5c (0x0483c363)
core   0: 0x00001a60 (0x05104c63) blt     zero, a7, pc + 88
core   0: 3 0x00001a60 (0x05104c63)
core   0: 0x00001a64 (0x0000615d) c.addi16sp sp, 432
core   0: 3 0x00001a64 (0x615d) x2  0x000001af
core   0: 0x00001a66 (0x05c4ed63) bltu    s1, t3, pc + 90
core   0: 3 0x00001a66 (0x05c4ed63)
core   0: 0x00001a6a (0x00008242) c.mv    tp, a6
core   0: 3 0x00001a6a (0x8242) x4  0x00010000
core   0: 0x00001a6c (0x00001810) c.addi4spn a2, sp, 48
core   0: 3 0x00001a6c (0x1810) x12 0x000001df
core   0: 0x00001a6e (0xdf7af313) andi    t1, s5, -521
core   0: 3 0x00001a6e (0xdf7af313) x6  0xff4d3083
core   0: 0x00001a72 (0x01d81a13) slli    s4, a6, 29
core   0: 3 0x00001a72 (0x01d81a13) x20 0x00000000
core   0: 0x00001a76 (0x012d9f93) slli    t6, s11, 18
core   0: 3 0x00001a76 (0x012d9f93) x31 0xff480000
core   0: 0x00001a7a (0x00006f41) c.lui   t5, 0x10
core   0: 3 0x00001a7a (0x6f41) x30 0x00010000
core   0: 0x00001a7c (0xa5a5afb7) lui     t6, 0xa5a5a
core   0: 3 0x00001a7c (0xa5a5afb7) x31 0xa5a5a000
core   0: 0x00001a80 (0x5a5f8f93) addi    t6, t6, 1445
core   0: 3 0x00001a80 (0x5a5f8f93) x31 0xa5a5a5a5
core   0: 0x00001a84 (0x41ff7fb3) andn    t6, t5, t6
core   0: 3 0x00001a84 (0x41ff7fb3) x31 0x00000000
core   0: 0x00001a88 (0x00000bf2) c.slli  s7, 28
core   0: 3 0x00001a88 (0x0bf2) x23 0xf0000000
core   0: 0x00001a8a (0x0000916a) c.add   sp, s10
core   0: 3 0x00001a8a (0x916a) x2  0x00017483
core   0: 0x00001a8c (0x00008161) c.srli  a0, 24
core   0: 3 0x00001a8c (0x8161) x10 0x00000000
core   0: 0x00001a8e (0xb444a497) auipc   s1, 0xb444a
core   0: 3 0x00001a8e (0xb444a497) x9  0xb444ba8e
core   0: 0x00001a92 (0xc56be017) auipc   zero, 0xc56be
core   0: 3 0x00001a92 (0xc56be017)
core   0: 0x00001a96 (0x01f475b3) and     a1, s0, t6
core   0: 3 0x00001a96 (0x01f475b3) x11 0x00000000
core   0: 0x00001a9a (0x41295013) srai    zero, s2, 18
core   0: 3 0x00001a9a (0x41295013)
core   0: 0x00001a9e (0x0019d913) srli    s2, s3, 1
core   0: 3 0x00001a9e (0x0019d913) x18 0x7fa6d6b3
core   0: 0x00001aa2 (0x00006cd1) c.lui   s9, 0x14
core   0: 3 0x00001aa2 (0x6cd1) x25 0x00014000
core   0: 0x00001aa4 (0x01f71b13) slli    s6, a4, 31
core   0: 3 0x00001aa4 (0x01f71b13) x22 0x00000000
core   0: 0x00001aa8 (0x80000f37) lui     t5, 0x80000
core   0: 3 0x00001aa8 (0x80000f37) x30 0x80000000
core   0: 0x00001aac (0x00001f7d) c.addi  t5, -1
core   0: 3 0x00001aac (0x1f7d) x30 0x7fffffff
core   0: 0x00001aae (0x00004f81) c.li    t6, 0
core   0: 3 0x00001aae (0x4f81) x31 0x00000000
core   0: 0x00001ab0 (0x41ff6fb3) orn     t6, t5, t6
core   0: 3 0x00001ab0 (0x41ff6fb3) x31 0xffffffff
core   0: 0x00001ab4 (0x40b285b3) sub     a1, t0, a1
core   0: 3 0x00001ab4 (0x40b285b3) x11 0x00000000
core   0: 0x00001ab8 (0x0000820a) c.mv    tp, sp
core   0: 3 0x00001ab8 (0x820a) x4  0x00017483
core   0: 0x00001aba (0x434d0c13) addi    s8, s10, 1076
core   0: 3 0x00001aba (0x434d0c13) x24 0x00017708
core   0: 0x00001abe (0x0000c909) c.beqz  a0, pc + 18
core   0: 3 0x00001abe (0xc909)
core   0: 0x00001ad0 (0x03ece4b3) rem     s1, s9, t5
core   0: 3 0x00001ad0 (0x03ece4b3) x9  0x00014000
core   0: 0x00001ad4 (0x80000f37) lui     t5, 0x80000
core   0: 3 0x00001ad4 (0x80000f37) x30 0x80000000
core   0: 0x00001ad8 (0x00007fc1) c.lui   t6, 0xffff0
core   0: 3 0x00001ad8 (0x7fc1) x31 0xffff0000
core   0: 0x00001ada (0x00000f85) c.addi  t6, 1
core   0: 3 0x00001ada (0x0f85) x31 0xffff0001
core   0: 0x00001adc (0x41ff4fb3) xnor    t6, t5, t6
core   0: 3 0x00001adc (0x41ff4fb3) x31 0x8000fffe
core   0: 0x00001ae0 (0x000081c2) c.mv    gp, a6
core   0: 3 0x00001ae0 (0x81c2) x3  0x00010000
core   0: 0x00001ae2 (0x07917e63) bgeu    sp, s9, pc + 124
core   0: 3 0x00001ae2 (0x07917e63)
core   0: 0x00001b5e (0x0302b033) mulhu   zero, t0, a6
core   0: 3 0x00001b5e (0x0302b033)
core   0: 0x00001b62 (0x5322f937) lui     s2, 0x5322f
core   0: 3 0x00001b62 (0x5322f937) x18 0x5322f000
core   0: 0x00001b66 (0x02f82033) mulhsu  zero, a6, a5
core   0: 3 0x00001b66 (0x02f82033)
core   0: 0x00001b6a (0x02772033) mulhsu  zero, a4, t2
core   0: 3 0x00001b6a (0x02772033)
core   0: 0x00001b6e (0x000051fd) c.li    gp, -1
core   0: 3 0x00001b6e (0x51fd) x3  0xffffffff
core   0: 0x00001b70 (0x01c288b3) add     a7, t0, t3
core   0: 3 0x00001b70 (0x01c288b3) x17 0x00000000
core   0: 0x00001b74 (0x00006539) c.lui   a0, 0xe
core   0: 3 0x00001b74 (0x6539) x10 0x0000e000
core   0: 0x00001b76 (0x0338d2b3) divu    t0, a7, s3
core   0: 3 0x00001b76 (0x0338d2b3) x5  0x00000000
core   0: 0x00001b7a (0x0314dbb3) divu    s7, s1, a7
core   0: 3 0x00001b7a (0x0314dbb3) x23 0xffffffff
core   0: 0x00001b7e (0x00007f41) c.lui   t5, 0xffff0
core   0: 3 0x00001b7e (0x7f41) x30 0xffff0000
core   0: 0x00001b80 (0x00000f05) c.addi  t5, 1
core   0: 3 0x00001b80 (0x0f05) x30 0xffff0001
core   0: 0x00001b82 (0x80000fb7) lui     t6, 0x80000
core   0: 3 0x00001b82 (0x80000fb7) x31 0x80000000
core   0: 0x00001b86 (0x602f1f93) cpop    t6, t5
core   0: 3 0x00001b86 (0x602f1f93) x31 0x00000011
core   0: 0x00001b8a (0x0000527d) c.li    tp, -1
core   0: 3 0x00001b8a (0x527d) x4  0xffffffff
core   0: 0x00001b8c (0x0000088c) c.addi4spn a1, sp, 80
core   0: 3 0x00001b8c (0x088c) x11 0x000174d3
core   0: 0x00001b8e (0x01ccbdb3) sltu    s11, s9, t3
core   0: 3 0x00001b8e (0x01ccbdb3) x27 0x00000000
core   0: 0x00001b92 (0x03f6d533) divu    a0, a3, t6
core   0: 3 0x00001b92 (0x03f6d533) x10 0x000489c8
core   0: 0x00001b96 (0x03a78e63) beq     a5, s10, pc + 60
core   0: 3 0x00001b96 (0x03a78e63)
core   0: 0x00001b9a (0x0152d233) srl     tp, t0, s5
core   0: 3 0x00001b9a (0x0152d233) x4  0x00000000
core   0: 0x00001b9e (0x00008d6d) c.and   a0, a1
core   0: 3 0x00001b9e (0x8d6d) x10 0x000000c0
core   0: 0x00001ba0 (0x000014fd) c.addi  s1, -1
core   0: 3 0x00001ba0 (0x14fd) x9  0x00013fff
core   0: 0x00001ba2 (0x01c54c63) blt     a0, t3, pc + 24
core   0: 3 0x00001ba2 (0x01c54c63)
core   0: 0x00001ba6 (0x00000908) c.addi4spn a0, sp, 144
core   0: 3 0x00001ba6 (0x0908) x10 0x00017513
core   0: 0x00001ba8 (0x00006f41) c.lui   t5, 0x10
core   0: 3 0x00001ba8 (0x6f41) x30 0x00010000
core   0: 0x00001baa (0xa5a5afb7) lui     t6, 0xa5a5a
core   0: 3 0x00001baa (0xa5a5afb7) x31 0xa5a5a000
core   0: 0x00001bae (0x5a5f8f93) addi    t6, t6, 1445
core   0: 3 0x00001bae (0x5a5f8f93) x31 0xa5a5a5a5
core   0: 0x00001bb2 (0x0bff4fb3) min     t6, t5, t6
core   0: 3 0x00001bb2 (0x0bff4fb3) x31 0xa5a5a5a5
core   0: 0x00001bb6 (0x68b52533) unknown
core   0: exception trap_illegal_instruction, epc 0x00001bb6
core   0:           tval 0x68b52533
core   0: >>>>  mtvec_handler
core   0: 0x00009510 (0x0000a009) c.j     pc + 2
core   0: 3 0x00009510 (0xa009)
core   0: >>>>  illegal_instr_handler
core   0: 0x00009512 (0x34102373) csrr    t1, mepc
core   0: 3 0x00009512 (0x34102373) x6  0x00001bb6
core   0: 0x00009516 (0x00035783) lhu     a5, 0(t1)
core   0: 3 0x00009516 (0x00035783) x15 0x00002533 mem 0x00001bb6
core   0: 0x0000951a (0x00008b8d) c.andi  a5, 3
core   0: 3 0x0000951a (0x8b8d) x15 0x00000003
core   0: 0x0000951c (0x00004f8d) c.li    t6, 3
core   0: 3 0x0000951c (0x4f8d) x31 0x00000003
core   0: 0x0000951e (0x01f79463) bne     a5, t6, pc + 8
core   0: 3 0x0000951e (0x01f79463)
core   0: 0x00009522 (0x00000311) c.addi  t1, 4
core   0: 3 0x00009522 (0x0311) x6  0x00001bba
core   0: 0x00009524 (0x0000a011) c.j     pc + 4
core   0: 3 0x00009524 (0xa011)
core   0: 0x00009528 (0x34131073) csrw    mepc, t1
core   0: 3 0x00009528 (0x34131073) c833_mepc 0x00001bba
core   0: 0x0000952c (0x30200073) mret
core   0: 3 0x0000952c (0x30200073) c768_mstatus 0x00001880 c784_mstatush 0x00000000 c1957_tcontrol 0x00000000
core   0: 0x00001bba (0x009badb3) slt     s11, s7, s1
core   0: 3 0x00001bba (0x009badb3) x27 0x00000001
core   0: 0x00001bbe (0x40cb5413) srai    s0, s6, 12
core   0: 3 0x00001bbe (0x40cb5413) x8  0x00000000
core   0: 0x00001bc2 (0x0255df63) bge     a1, t0, pc + 62
core   0: 3 0x00001bc2 (0x0255df63)
core   0: 0x00001c00 (0xff719017) auipc   zero, 0xff719
core   0: 3 0x00001c00 (0xff719017)
core   0: 0x00001c04 (0x80000f37) lui     t5, 0x80000
core   0: 3 0x00001c04 (0x80000f37) x30 0x80000000
core   0: 0x00001c08 (0x00007fc1) c.lui   t6, 0xffff0
core   0: 3 0x00001c08 (0x7fc1) x31 0xffff0000
core   0: 0x00001c0a (0x00000f85) c.addi  t6, 1
core   0: 3 0x00001c0a (0x0f85) x31 0xffff0001
core   0: 0x00001c0c (0x0bff6fb3) max     t6, t5, t6
core   0: 3 0x00001c0c (0x0bff6fb3) x31 0xffff0001
core   0: 0x00001c10 (0x035a6033) rem     zero, s4, s5
core   0: 3 0x00001c10 (0x035a6033)
core   0: 0x00001c14 (0x02253533) mulhu   a0, a0, sp
core   0: 3 0x00001c14 (0x02253533) x10 0x00000002
core   0: 0x00001c18 (0x5caf5d97) auipc   s11, 0x5caf5
core   0: 3 0x00001c18 (0x5caf5d97) x27 0x5caf6c18
core   0: 0x00001c1c (0x00008d69) c.and   a0, a0
core   0: 3 0x00001c1c (0x8d69) x10 0x00000002
core   0: 0x00001c1e (0x005af233) and     tp, s5, t0
core   0: 3 0x00001c1e (0x005af233) x4  0x00000000
core   0: 0x00001c22 (0x40775cb3) sra     s9, a4, t2
core   0: 3 0x00001c22 (0x40775cb3) x25 0x00000000
core   0: 0x00001c26 (0x0000cd35) c.beqz  a0, pc + 124
core   0: 3 0x00001c26 (0xcd35)
core   0: 0x00001c28 (0x0363aab3) mulhsu  s5, t2, s6
core   0: 3 0x00001c28 (0x0363aab3) x21 0x00000000
core   0: 0x00001c2c (0x038f9033) mulh    zero, t6, s8
core   0: 3 0x00001c2c (0x038f9033)
core   0: 0x00001c30 (0xfd0e4293) xori    t0, t3, -48
core   0: 3 0x00001c30 (0xfd0e4293) x5  0xffffffd0
core   0: 0x00001c34 (0xa5a5af37) lui     t5, 0xa5a5a
core   0: 3 0x00001c34 (0xa5a5af37) x30 0xa5a5a000
core   0: 0x00001c38 (0x5a5f0f13) addi    t5, t5, 1445
core   0: 3 0x00001c38 (0x5a5f0f13) x30 0xa5a5a5a5
core   0: 0x00001c3c (0x00006fc1) c.lui   t6, 0x10
core   0: 3 0x00001c3c (0x6fc1) x31 0x00010000
core   0: 0x00001c3e (0x0bff7fb3) maxu    t6, t5, t6
core   0: 3 0x00001c3e (0x0bff7fb3) x31 0xa5a5a5a5
core   0: 0x00001c42 (0x80000f37) lui     t5, 0x80000
core   0: 3 0x00001c42 (0x80000f37) x30 0x80000000
core   0: 0x00001c46 (0x00005ffd) c.li    t6, -1
core   0: 3 0x00001c46 (0x5ffd) x31 0xffffffff
core   0: 0x00001c48 (0x03ff4fb3) div     t6, t5, t6
core   0: 3 0x00001c48 (0x03ff4fb3) x31 0x80000000
core   0: 0x00001c4c (0x03ef6fb3) rem     t6, t5, t5
core   0: 3 0x00001c4c (0x03ef6fb3) x31 0x00000000
core   0: 0x00001c50 (0x00004f81) c.li    t6, 0
core   0: 3 0x00001c50 (0x4f81) x31 0x00000000
core   0: 0x00001c52 (0x03ff5fb3) divu    t6, t5, t6
core   0: 3 0x00001c52 (0x03ff5fb3) x31 0xffffffff
core   0: 0x00001c56 (0x00004f81) c.li    t6, 0
core   0: 3 0x00001c56 (0x4f81) x31 0x00000000
core   0: 0x00001c58 (0x03ff6fb3) rem     t6, t5, t6
core   0: 3 0x00001c58 (0x03ff6fb3) x31 0x80000000
core   0: 0x00001c5c (0x6443f7b7) lui     a5, 0x6443f
core   0: 3 0x00001c5c (0x6443f7b7) x15 0x6443f000
core   0: 0x00001c60 (0x1fc416b7) lui     a3, 0x1fc41
core   0: 3 0x00001c60 (0x1fc416b7) x13 0x1fc41000
core   0: 0x00001c64 (0x003cc863) blt     s9, gp, pc + 16
core   0: 3 0x00001c64 (0x003cc863)
core   0: 0x00001c68 (0xb3972c93) slti    s9, a4, -1223
core   0: 3 0x00001c68 (0xb3972c93) x25 0x00000000
core   0: 0x00001c6c (0x02b8b433) mulhu   s0, a7, a1
core   0: 3 0x00001c6c (0x02b8b433) x8  0x00000000
core   0: 0x00001c70 (0x00722333) slt     t1, tp, t2
core   0: 3 0x00001c70 (0x00722333) x6  0x00000001
core   0: 0x00001c74 (0x41a30733) sub     a4, t1, s10
core   0: 3 0x00001c74 (0x41a30733) x14 0xfffe8d2d
core   0: 0x00001c78 (0x01f08433) add     s0, ra, t6
core   0: 3 0x00001c78 (0x01f08433) x8  0x808b0c1a
core   0: 0x00001c7c (0x03e06db3) rem     s11, zero, t5
core   0: 3 0x00001c7c (0x03e06db3) x27 0x00000000
core   0: 0x00001c80 (0x05b3e963) bltu    t2, s11, pc + 82
core   0: 3 0x00001c80 (0x05b3e963)
core   0: 0x00001c84 (0x00004f01) c.li    t5, 0
core   0: 3 0x00001c84 (0x4f01) x30 0x00000000
core   0: 0x00001c86 (0x80000fb7) lui     t6, 0x80000
core   0: 3 0x00001c86 (0x80000fb7) x31 0x80000000
core   0: 0x00001c8a (0x00001ffd) c.addi  t6, -1
core   0: 3 0x00001c8a (0x1ffd) x31 0x7fffffff
core   0: 0x00001c8c (0x604f1f93) sext.b  t6, t5
core   0: 3 0x00001c8c (0x604f1f93) x31 0x00000000
core   0: 0x00001c90 (0x0000c91d) c.beqz  a0, pc + 54
core   0: 3 0x00001c90 (0xc91d)
core   0: 0x00001c92 (0x06219763) bne     gp, sp, pc + 110
core   0: 3 0x00001c92 (0x06219763)
core   0: 0x00001d00 (0x00008e85) c.sub   a3, s1
core   0: 3 0x00001d00 (0x8e85) x13 0x1fc2d001
core   0: 0x00001d02 (0x00b8a833) slt     a6, a7, a1
core   0: 3 0x00001d02 (0x00b8a833) x16 0x00000001
core   0: 0x00001d06 (0x15160f93) addi    t6, a2, 337
core   0: 3 0x00001d06 (0x15160f93) x31 0x00000330
core   0: 0x00001d0a (0x014a11b3) sll     gp, s4, s4
core   0: 3 0x00001d0a (0x014a11b3) x3  0x00000000
core   0: 0x00001d0e (0x689b5017) auipc   zero, 0x689b5
core   0: 3 0x00001d0e (0x689b5017)
core   0: 0x00001d12 (0x02d8c9b3) div     s3, a7, a3
core   0: 3 0x00001d12 (0x02d8c9b3) x19 0x00000000
core   0: 0x00001d16 (0x024a3bb3) mulhu   s7, s4, tp
core   0: 3 0x00001d16 (0x024a3bb3) x23 0x00000000
core   0: 0x00001d1a (0x075df163) bgeu    s11, s5, pc + 98
core   0: 3 0x00001d1a (0x075df163)
core   0: 0x00001d7c (0x03e76c33) rem     s8, a4, t5
core   0: 3 0x00001d7c (0x03e76c33) x24 0xfffe8d2d
core   0: 0x00001d80 (0x02efe0b3) rem     ra, t6, a4
core   0: 3 0x00001d80 (0x02efe0b3) x1  0x00000330
core   0: 0x00001d84 (0x4166dbb3) sra     s7, a3, s6
core   0: 3 0x00001d84 (0x4166dbb3) x23 0x1fc2d001
core   0: 0x00001d88 (0x00008925) c.andi  a0, 9
core   0: 3 0x00001d88 (0x8925) x10 0x00000000
core   0: 0x00001d8a (0x01ad9713) slli    a4, s11, 26
core   0: 3 0x00001d8a (0x01ad9713) x14 0x00000000
core   0: 0x00001d8e (0xa5a5af37) lui     t5, 0xa5a5a
core   0: 3 0x00001d8e (0xa5a5af37) x30 0xa5a5a000
core   0: 0x00001d92 (0x5a5f0f13) addi    t5, t5, 1445
core   0: 3 0x00001d92 (0x5a5f0f13) x30 0xa5a5a5a5
core   0: 0x00001d96 (0x00006fc1) c.lui   t6, 0x10
core   0: 3 0x00001d96 (0x6fc1) x31 0x00010000
core   0: 0x00001d98 (0x607f5f93) rori    t6, t5, 7
core   0: 3 0x00001d98 (0x607f5f93) x31 0x4b4b4b4b
core   0: 0x00001d9c (0x0317ae33) mulhsu  t3, a5, a7
core   0: 3 0x00001d9c (0x0317ae33) x28 0x00000000
core   0: 0x00001da0 (0x010a9b33) sll     s6, s5, a6
core   0: 3 0x00001da0 (0x010a9b33) x22 0x00000000
core   0: 0x00001da4 (0x02ad7863) bgeu    s10, a0, pc + 48
core   0: 3 0x00001da4 (0x02ad7863)
core   0: 0x00001dd4 (0x067f6463) bltu    t5, t2, pc + 104
core   0: 3 0x00001dd4 (0x067f6463)
core   0: 0x00001dd8 (0xef592013) slti    zero, s2, -267
core   0: 3 0x00001dd8 (0xef592013)
core   0: 0x00001ddc (0x00008e35) c.xor   a2, a3
core   0: 3 0x00001ddc (0x8e35) x12 0x1fc2d1de
core   0: 0x00001dde (0x03bc0c33) mul     s8, s8, s11
core   0: 3 0x00001dde (0x03bc0c33) x24 0x00000000
core   0: 0x00001de2 (0x0000c119) c.beqz  a0, pc + 6
core   0: 3 0x00001de2 (0xc119)
core   0: 0x00001de8 (0x06d35263) bge     t1, a3, pc + 100
core   0: 3 0x00001de8 (0x06d35263)
core   0: 0x00001dec (0x41c5d033) sra     zero, a1, t3
core   0: 3 0x00001dec (0x41c5d033)
core   0: 0x00001df0 (0x00007f41) c.lui   t5, 0xffff0
core   0: 3 0x00001df0 (0x7f41) x30 0xffff0000
core   0: 0x00001df2 (0x00000f05) c.addi  t5, 1
core   0: 3 0x00001df2 (0x0f05) x30 0xffff0001
core   0: 0x00001df4 (0x80000fb7) lui     t6, 0x80000
core   0: 3 0x00001df4 (0x80000fb7) x31 0x80000000
core   0: 0x00001df8 (0x698f5f93) rev8.rv32 (args unknown)
core   0: 3 0x00001df8 (0x698f5f93) x31 0x0100ffff
core   0: 0x00001dfc (0x01256333) or      t1, a0, s2
core   0: 3 0x00001dfc (0x01256333) x6  0x5322f000
core   0: 0x00001e00 (0x83ea8f93) addi    t6, s5, -1986
core   0: 3 0x00001e00 (0x83ea8f93) x31 0xfffff83e
core   0: 0x00001e04 (0x02b03133) mulhu   sp, zero, a1
core   0: 3 0x00001e04 (0x02b03133) x2  0x00000000
core   0: 0x00001e08 (0x014c4db3) xor     s11, s8, s4
core   0: 3 0x00001e08 (0x014c4db3) x27 0x00000000
core   0: 0x00001e0c (0x0000ca05) c.beqz  a2, pc + 48
core   0: 3 0x00001e0c (0xca05)
core   0: 0x00001e0e (0x0059d863) bge     s3, t0, pc + 16
core   0: 3 0x00001e0e (0x0059d863)
core   0: 0x00001e1e (0x05cfa193) slti    gp, t6, 92
core   0: 3 0x00001e1e (0x05cfa193) x3  0x00000001
core   0: 0x00001e22 (0x00006f41) c.lui   t5, 0x10
core   0: 3 0x00001e22 (0x6f41) x30 0x00010000
core   0: 0x00001e24 (0xa5a5afb7) lui     t6, 0xa5a5a
core   0: 3 0x00001e24 (0xa5a5afb7) x31 0xa5a5a000
core   0: 0x00001e28 (0x5a5f8f93) addi    t6, t6, 1445
core   0: 3 0x00001e28 (0x5a5f8f93) x31 0xa5a5a5a5
core   0: 0x00001e2c (0x49ff1fb3) bclr    t6, t5, t6
core   0: 3 0x00001e2c (0x49ff1fb3) x31 0x00010000
core   0: 0x00001e30 (0x00009c01) c.subw  s0, s0
core   0: exception trap_illegal_instruction, epc 0x00001e30
core   0:           tval 0x00009c01
core   0: >>>>  mtvec_handler
core   0: 0x00009510 (0x0000a009) c.j     pc + 2
core   0: 3 0x00009510 (0xa009)
core   0: >>>>  illegal_instr_handler
core   0: 0x00009512 (0x34102373) csrr    t1, mepc
core   0: 3 0x00009512 (0x34102373) x6  0x00001e30
core   0: 0x00009516 (0x00035783) lhu     a5, 0(t1)
core   0: 3 0x00009516 (0x00035783) x15 0x00009c01 mem 0x00001e30
core   0: 0x0000951a (0x00008b8d) c.andi  a5, 3
core   0: 3 0x0000951a (0x8b8d) x15 0x00000001
core   0: 0x0000951c (0x00004f8d) c.li    t6, 3
core   0: 3 0x0000951c (0x4f8d) x31 0x00000003
core   0: 0x0000951e (0x01f79463) bne     a5, t6, pc + 8
core   0: 3 0x0000951e (0x01f79463)
core   0: 0x00009526 (0x00000309) c.addi  t1, 2
core   0: 3 0x00009526 (0x0309) x6  0x00001e32
core   0: 0x00009528 (0x34131073) csrw    mepc, t1
core   0: 3 0x00009528 (0x34131073) c833_mepc 0x00001e32
core   0: 0x0000952c (0x30200073) mret
core   0: 3 0x0000952c (0x30200073) c768_mstatus 0x00001880 c784_mstatush 0x00000000 c1957_tcontrol 0x00000000
core   0: 0x00001e32 (0x00000001) c.nop
core   0: 3 0x00001e32 (0x0001)
core   0: 0x00001e34 (0x01589513) slli    a0, a7, 21
core   0: 3 0x00001e34 (0x01589513) x10 0x00000000
core   0: 0x00001e38 (0x01f3eb33) or      s6, t2, t6
core   0: 3 0x00001e38 (0x01f3eb33) x22 0x000124b7
core   0: 0x00001e3c (0x000005c6) c.slli  a1, 17
core   0: 3 0x00001e3c (0x05c6) x11 0xe9a60000
core   0: 0x00001e3e (0x00008285) c.srli  a3, 1
core   0: 3 0x00001e3e (0x8285) x13 0x0fe16800
core   0: 0x00001e40 (0x01341eb3) sll     t4, s0, s3
core   0: 3 0x00001e40 (0x01341eb3) x29 0x808b0c1a
core   0: 0x00001e44 (0x00008121) c.srli  a0, 8
core   0: 3 0x00001e44 (0x8121) x10 0x00000000
core   0: 0x00001e46 (0x01ea1b13) slli    s6, s4, 30
core   0: 3 0x00001e46 (0x01ea1b13) x22 0x00000000
core   0: 0x00001e4a (0x00008d45) c.or    a0, s1
core   0: 3 0x00001e4a (0x8d45) x10 0x00013fff
core   0: 0x00001e4c (0x00008d55) c.or    a0, a3
core   0: 3 0x00001e4c (0x8d55) x10 0x0fe17fff
core   0: 0x00001e4e (0x0000800d) c.srli  s0, 3
core   0: 3 0x00001e4e (0x800d) x8  0x10116183
core   0: 0x00001e50 (0x80000f37) lui     t5, 0x80000
core   0: 3 0x00001e50 (0x80000f37) x30 0x80000000
core   0: 0x00001e54 (0x00001f7d) c.addi  t5, -1
core   0: 3 0x00001e54 (0x1f7d) x30 0x7fffffff
core   0: 0x00001e56 (0x00004f81) c.li    t6, 0
core   0: 3 0x00001e56 (0x4f81) x31 0x00000000
core   0: 0x00001e58 (0x49ff5fb3) bext    t6, t5, t6
core   0: 3 0x00001e58 (0x49ff5fb3) x31 0x00000001
core   0: 0x00001e5c (0x34041073) csrw    mscratch, s0
core   0: 3 0x00001e5c (0x34041073) c832_mscratch 0x10116183
core   0: 0x00001e60 (0x00008417) auipc   s0, 0x8
core   0: 3 0x00001e60 (0x00008417) x8  0x00009e60
core   0: 0x00001e64 (0x82840413) addi    s0, s0, -2008
core   0: 3 0x00001e64 (0x82840413) x8  0x00009688
core   0: 0x00001e68 (0x0000c004) c.sw    s1, 0(s0)
core   0: 3 0x00001e68 (0xc004) mem 0x00009688 0x00013fff
core   0: 0x00001e6a (0x00242223) sw      sp, 4(s0)
core   0: 3 0x00001e6a (0x00242223) mem 0x0000968c 0x00000000
core   0: 0x00001e6e (0x00840113) addi    sp, s0, 8
core   0: 3 0x00001e6e (0x00840113) x2  0x00009690
core   0: 0x00001e72 (0x0000c07e) c.swsp  t6, 0(sp)
core   0: 3 0x00001e72 (0xc07e) mem 0x00009690 0x00000001
core   0: 0x00001e74 (0x00004f02) c.lwsp  t5, 0(sp)
core   0: 3 0x00001e74 (0x4f02) x30 0x00000001 mem 0x00009690
core   0: 0x00001e76 (0x01f42423) sw      t6, 8(s0)
core   0: 3 0x00001e76 (0x01f42423) mem 0x00009690 0x00000001
core   0: 0x00001e7a (0x00004404) c.lw    s1, 8(s0)
core   0: 3 0x00001e7a (0x4404) x9  0x00000001 mem 0x00009690
core   0: 0x00001e7c (0x0000c404) c.sw    s1, 8(s0)
core   0: 3 0x00001e7c (0xc404) mem 0x00009690 0x00000001
core   0: 0x00001e7e (0x00442103) lw      sp, 4(s0)
core   0: 3 0x00001e7e (0x00442103) x2  0x00000000 mem 0x0000968c
core   0: 0x00001e82 (0x00004004) c.lw    s1, 0(s0)
core   0: 3 0x00001e82 (0x4004) x9  0x00013fff mem 0x00009688
core   0: 0x00001e84 (0x34002473) csrr    s0, mscratch
core   0: 3 0x00001e84 (0x34002473) x8  0x10116183
core   0: 0x00001e88 (0x007828b3) slt     a7, a6, t2
core   0: 3 0x00001e88 (0x007828b3) x17 0x00000001
core   0: 0x00001e8c (0x0000081e) c.slli  a6, 7
core   0: 3 0x00001e8c (0x081e) x16 0x00000080
core   0: 0x00001e8e (0x40dfd933) sra     s2, t6, a3
core   0: 3 0x00001e8e (0x40dfd933) x18 0x00000001
core   0: 0x00001e92 (0x00008df5) c.and   a1, a3
core   0: 3 0x00001e92 (0x8df5) x11 0x09a00000
core   0: 0x00001e94 (0x0354ef63) bltu    s1, s5, pc + 62
core   0: 3 0x00001e94 (0x0354ef63)
core   0: 0x00001e98 (0x002b0433) add     s0, s6, sp
core   0: 3 0x00001e98 (0x002b0433) x8  0x00000000
core   0: 0x00001e9c (0x00008615) c.srai  a2, 5
core   0: 3 0x00001e9c (0x8615) x12 0x00fe168e
core   0: 0x00001e9e (0x0000913a) c.add   sp, a4
core   0: 3 0x00001e9e (0x913a) x2  0x00000000
core   0: 0x00001ea0 (0x0069ba33) sltu    s4, s3, t1
core   0: 3 0x00001ea0 (0x0069ba33) x20 0x00000001
core   0: 0x00001ea4 (0x03280733) mul     a4, a6, s2
core   0: 3 0x00001ea4 (0x03280733) x14 0x00000080
core   0: 0x00001ea8 (0x80000f37) lui     t5, 0x80000
core   0: 3 0x00001ea8 (0x80000f37) x30 0x80000000
core   0: 0x00001eac (0x00007fc1) c.lui   t6, 0xffff0
core   0: 3 0x00001eac (0x7fc1) x31 0xffff0000
core   0: 0x00001eae (0x00000f85) c.addi  t6, 1
core   0: 3 0x00001eae (0x0f85) x31 0xffff0001
core   0: 0x00001eb0 (0x69ff1fb3) binv    t6, t5, t6
core   0: 3 0x00001eb0 (0x69ff1fb3) x31 0x80000002
core   0: 0x00001eb4 (0x00009bfd) c.andi  a5, -1
core   0: 3 0x00001eb4 (0x9bfd) x15 0x00000001
core   0: 0x00001eb6 (0x02f30c33) mul     s8, t1, a5
core   0: 3 0x00001eb6 (0x02f30c33) x24 0x00001e32
core   0: 0x00001eba (0x02ce65b3) rem     a1, t3, a2
core   0: 3 0x00001eba (0x02ce65b3) x11 0x00000000
core   0: 0x00001ebe (0x00eb31b3) sltu    gp, s6, a4
core   0: 3 0x00001ebe (0x00eb31b3) x3  0x00000001
core   0: 0x00001ec2 (0x00f80ab3) add     s5, a6, a5
core   0: 3 0x00001ec2 (0x00f80ab3) x21 0x00000081
core   0: 0x00001ec6 (0x0227c1b3) div     gp, a5, sp
core   0: 3 0x00001ec6 (0x0227c1b3) x3  0xffffffff
core   0: 0x00001eca (0xf5343b93) sltiu   s7, s0, -173
core   0: 3 0x00001eca (0xf5343b93) x23 0x00000001
core   0: 0x00001ece (0xb9ae4417) auipc   s0, 0xb9ae4
core   0: 3 0x00001ece (0xb9ae4417) x8  0xb9ae5ece
core   0: 0x00001ed2 (0x03f69c33) mulh    s8, a3, t6
core   0: 3 0x00001ed2 (0x03f69c33) x24 0xf80f4c00
core   0: 0x00001ed6 (0x00004ffd) c.li    t6, 31
core   0: 3 0x00001ed6 (0x4ffd) x31 0x0000001f
core   0: 0x00001ed8 (0xa5a5af37) lui     t5, 0xa5a5a
core   0: 3 0x00001ed8 (0xa5a5af37) x30 0xa5a5a000
core   0: 0x00001edc (0x5a5f0f13) addi    t5, t5, 1445
core   0: 3 0x00001edc (0x5a5f0f13) x30 0xa5a5a5a5
core   0: 0x00001ee0 (0x00006fc1) c.lui   t6, 0x10
core   0: 3 0x00001ee0 (0x6fc1) x31 0x00010000
core   0: 0x00001ee2 (0x29ff1fb3) bset    t6, t5, t6
core   0: 3 0x00001ee2 (0x29ff1fb3) x31 0xa5a5a5a5
core   0: 0x00001ee6 (0x00008d71) c.and   a0, a2
core   0: 3 0x00001ee6 (0x8d71) x10 0x00e0168e
core   0: 0x00001ee8 (0x011cd013) srli    zero, s9, 17
core   0: 3 0x00001ee8 (0x011cd013)
core   0: 0x00001eec (0x00008d71) c.and   a0, a2
core   0: 3 0x00001eec (0x8d71) x10 0x00e0168e
core   0: 0x00001eee (0x02f40eb3) mul     t4, s0, a5
core   0: 3 0x00001eee (0x02f40eb3) x29 0xb9ae5ece
core   0: 0x00001ef2 (0x00008e75) c.and   a2, a3
core   0: 3 0x00001ef2 (0x8e75) x12 0x00e00000
core   0: 0x00001ef4 (0x00000001) c.nop
core   0: 3 0x00001ef4 (0x0001)
core   0: 0x00001ef6 (0x000080b2) c.mv    ra, a2
core   0: 3 0x00001ef6 (0x80b2) x1  0x00e00000
core   0: 0x00001ef8 (0x02ee36b3) mulhu   a3, t3, a4
core   0: 3 0x00001ef8 (0x02ee36b3) x13 0x00000000
core   0: 0x00001efc (0x00008d35) c.xor   a0, a3
core   0: 3 0x00001efc (0x8d35) x10 0x00e0168e
core   0: 0x00001efe (0x020529b3) mulhsu  s3, a0, zero
core   0: 3 0x00001efe (0x020529b3) x19 0x00000000
core   0: 0x00001f02 (0x00004f01) c.li    t5, 0
core   0: 3 0x00001f02 (0x4f01) x30 0x00000000
core   0: 0x00001f04 (0x80000fb7) lui     t6, 0x80000
core   0: 3 0x00001f04 (0x80000fb7) x31 0x80000000
core   0: 0x00001f08 (0x00001ffd) c.addi  t6, -1
core   0: 3 0x00001f08 (0x1ffd) x31 0x7fffffff
core   0: 0x00001f0a (0x49ff1f93) bclri   t6, t5, 31
core   0: 3 0x00001f0a (0x49ff1f93) x31 0x00000000
core   0: 0x00001f0e (0x08b52533) unknown
core   0: exception trap_illegal_instruction, epc 0x00001f0e
core   0:           tval 0x08b52533
core   0: >>>>  mtvec_handler
core   0: 0x00009510 (0x0000a009) c.j     pc + 2
core   0: 3 0x00009510 (0xa009)
core   0: >>>>  illegal_instr_handler
core   0: 0x00009512 (0x34102373) csrr    t1, mepc
core   0: 3 0x00009512 (0x34102373) x6  0x00001f0e
core   0: 0x00009516 (0x00035783) lhu     a5, 0(t1)
core   0: 3 0x00009516 (0x00035783) x15 0x00002533 mem 0x00001f0e
core   0: 0x0000951a (0x00008b8d) c.andi  a5, 3
core   0: 3 0x0000951a (0x8b8d) x15 0x00000003
core   0: 0x0000951c (0x00004f8d) c.li    t6, 3
core   0: 3 0x0000951c (0x4f8d) x31 0x00000003
core   0: 0x0000951e (0x01f79463) bne     a5, t6, pc + 8
core   0: 3 0x0000951e (0x01f79463)
core   0: 0x00009522 (0x00000311) c.addi  t1, 4
core   0: 3 0x00009522 (0x0311) x6  0x00001f12
core   0: 0x00009524 (0x0000a011) c.j     pc + 4
core   0: 3 0x00009524 (0xa011)
core   0: 0x00009528 (0x34131073) csrw    mepc, t1
core   0: 3 0x00009528 (0x34131073) c833_mepc 0x00001f12
core   0: 0x0000952c (0x30200073) mret
core   0: 3 0x0000952c (0x30200073) c768_mstatus 0x00001880 c784_mstatush 0x00000000 c1957_tcontrol 0x00000000
core   0: 0x00001f12 (0x00000001) c.nop
core   0: 3 0x00001f12 (0x0001)
core   0: 0x00001f14 (0x0046fdb3) and     s11, a3, tp
core   0: 3 0x00001f14 (0x0046fdb3) x27 0x00000000
core   0: 0x00001f18 (0x022432b3) mulhu   t0, s0, sp
core   0: 3 0x00001f18 (0x022432b3) x5  0x00000000
core   0: 0x00001f1c (0x00f6eeb3) or      t4, a3, a5
core   0: 3 0x00001f1c (0x00f6eeb3) x29 0x00000003
core   0: 0x00001f20 (0x00001cfd) c.addi  s9, -1
core   0: 3 0x00001f20 (0x1cfd) x25 0xffffffff
core   0: 0x00001f22 (0x07bd1963) bne     s10, s11, pc + 114
core   0: 3 0x00001f22 (0x07bd1963)
core   0: 0x00001f94 (0x03799d63) bne     s3, s7, pc + 58
core   0: 3 0x00001f94 (0x03799d63)
core   0: 0x00001fce (0x413f88b3) sub     a7, t6, s3
core   0: 3 0x00001fce (0x413f88b3) x17 0x00000003
core   0: 0x00001fd2 (0x00271413) slli    s0, a4, 2
core   0: 3 0x00001fd2 (0x00271413) x8  0x00000200
core   0: 0x00001fd6 (0x80000f37) lui     t5, 0x80000
core   0: 3 0x00001fd6 (0x80000f37) x30 0x80000000
core   0: 0x00001fda (0x00007fc1) c.lui   t6, 0xffff0
core   0: 3 0x00001fda (0x7fc1) x31 0xffff0000
core   0: 0x00001fdc (0x00000f85) c.addi  t6, 1
core   0: 3 0x00001fdc (0x0f85) x31 0xffff0001
core   0: 0x00001fde (0x0fff5fb3) czero.eqz t6, t5, t6
core   0: 3 0x00001fde (0x0fff5fb3) x31 0x80000000
core   0: 0x00001fe2 (0x00008539) c.srai  a0, 14
core   0: 3 0x00001fe2 (0x8539) x10 0x00000380
core   0: 0x00001fe4 (0x00004e45) c.li    t3, 17
core   0: 3 0x00001fe4 (0x4e45) x28 0x00000011
core   0: 0x00001fe6 (0x406b8e33) sub     t3, s7, t1
core   0: 3 0x00001fe6 (0x406b8e33) x28 0xffffe0ef
core   0: 0x00001fea (0x419e5db3) sra     s11, t3, s9
core   0: 3 0x00001fea (0x419e5db3) x27 0xffffffff
core   0: 0x00001fee (0x02437697) auipc   a3, 0x2437
core   0: 3 0x00001fee (0x02437697) x13 0x02438fee
core   0: 0x00001ff2 (0x3cf20613) addi    a2, tp, 975
core   0: 3 0x00001ff2 (0x3cf20613) x12 0x000003cf
core   0: 0x00001ff6 (0x00000a14) c.addi4spn a3, sp, 272
core   0: 3 0x00001ff6 (0x0a14) x13 0x00000110
core   0: 0x00001ff8 (0x000062ad) c.lui   t0, 0xb
core   0: 3 0x00001ff8 (0x62ad) x5  0x0000b000
core   0: 0x00001ffa (0x4177d893) srai    a7, a5, 23
core   0: 3 0x00001ffa (0x4177d893) x17 0x00000000
core   0: 0x00001ffe (0x00139433) sll     s0, t2, ra
core   0: 3 0x00001ffe (0x00139433) x8  0x000124b4
core   0: 0x00002002 (0xa5a5af37) lui     t5, 0xa5a5a
core   0: 3 0x00002002 (0xa5a5af37) x30 0xa5a5a000
core   0: 0x00002006 (0x5a5f0f13) addi    t5, t5, 1445
core   0: 3 0x00002006 (0x5a5f0f13) x30 0xa5a5a5a5
core   0: 0x0000200a (0x00006fc1) c.lui   t6, 0x10
core   0: 3 0x0000200a (0x6fc1) x31 0x00010000
core   0: 0x0000200c (0x0fff7fb3) czero.nez t6, t5, t6
core   0: 3 0x0000200c (0x0fff7fb3) x31 0x00000000
core   0: 0x00002010 (0x00000161) c.addi  sp, 24
core   0: 3 0x00002010 (0x0161) x2  0x00000018
core   0: 0x00002012 (0x00009ab2) c.add   s5, a2
core   0: 3 0x00002012 (0x9ab2) x21 0x00000450
core   0: 0x00002014 (0x00006141) c.addi16sp sp, 16
core   0: 3 0x00002014 (0x6141) x2  0x00000028
core   0: 0x00002016 (0x01a31593) slli    a1, t1, 26
core   0: 3 0x00002016 (0x01a31593) x11 0x48000000
core   0: 0x0000201a (0x00000001) c.nop
core   0: 3 0x0000201a (0x0001)
core   0: 0x0000201c (0xb340c013) xori    zero, ra, -1228
core   0: 3 0x0000201c (0xb340c013)
core   0: 0x00002020 (0x01a01133) sll     sp, zero, s10
core   0: 3 0x00002020 (0x01a01133) x2  0x00000000
core   0: 0x00002024 (0x000009fa) c.slli  s3, 30
core   0: 3 0x00002024 (0x09fa) x19 0x00000000
core   0: 0x00002026 (0x00006765) c.lui   a4, 0x19
core   0: 3 0x00002026 (0x6765) x14 0x00019000
core   0: 0x00002028 (0x02e3e9b3) rem     s3, t2, a4
core   0: 3 0x00002028 (0x02e3e9b3) x19 0x000124b4
core   0: 0x0000202c (0x00004f01) c.li    t5, 0
core   0: 3 0x0000202c (0x4f01) x30 0x00000000
core   0: 0x0000202e (0x80000fb7) lui     t6, 0x80000
core   0: 3 0x0000202e (0x80000fb7) x31 0x80000000
core   0: 0x00002032 (0x00001ffd) c.addi  t6, -1
core   0: 3 0x00002032 (0x1ffd) x31 0x7fffffff
core   0: 0x00002034 (0x21ff2fb3) sh1add  t6, t5, t6
core   0: 3 0x00002034 (0x21ff2fb3) x31 0x7fffffff
core   0: 0x00002038 (0x34009073) csrw    mscratch, ra
core   0: 3 0x00002038 (0x34009073) c832_mscratch 0x00e00000
core   0: 0x0000203c (0x008000ef) jal     pc + 0x8
core   0: 3 0x0000203c (0x008000ef) x1  0x00002040
core   0: 0x00002044 (0x340020f3) csrr    ra, mscratch
core   0: 3 0x00002044 (0x340020f3) x1  0x00e00000
core   0: 0x00002048 (0x41ae58b3) sra     a7, t3, s10
core   0: 3 0x00002048 (0x41ae58b3) x17 0xffffffff
core   0: 0x0000204c (0x01c3fc33) and     s8, t2, t3
core   0: 3 0x0000204c (0x01c3fc33) x24 0x000120a4
core   0: 0x00002050 (0x00006ec5) c.lui   t4, 0x11
core   0: 3 0x00002050 (0x6ec5) x29 0x00011000
core   0: 0x00002052 (0x00276433) or      s0, a4, sp
core   0: 3 0x00002052 (0x00276433) x8  0x00019000
core   0: 0x00002056 (0x005d5463) bge     s10, t0, pc + 8
core   0: 3 0x00002056 (0x005d5463)
core   0: 0x0000205e (0x00cbe033) or      zero, s7, a2
core   0: 3 0x0000205e (0x00cbe033)
core   0: 0x00002062 (0x0605df63) bgez    a1, pc + 126
core   0: 3 0x00002062 (0x0605df63)
core   0: 0x000020e0 (0x0e5e4493) xori    s1, t3, 229
core   0: 3 0x000020e0 (0x0e5e4493) x9  0xffffe00a
core   0: 0x000020e4 (0x03e705b3) mul     a1, a4, t5
core   0: 3 0x000020e4 (0x03e705b3) x11 0x00000000
core   0: 0x000020e8 (0x00008aee) c.mv    s5, s11
core   0: 3 0x000020e8 (0x8aee) x21 0xffffffff
core   0: 0x000020ea (0x80000f37) lui     t5, 0x80000
core   0: 3 0x000020ea (0x80000f37) x30 0x80000000
core   0: 0x000020ee (0x00001f7d) c.addi  t5, -1
core   0: 3 0x000020ee (0x1f7d) x30 0x7fffffff
core   0: 0x000020f0 (0x00004f81) c.li    t6, 0
core   0: 3 0x000020f0 (0x4f81) x31 0x00000000
core   0: 0x000020f2 (0x41ff7fb3) andn    t6, t5, t6
core   0: 3 0x000020f2 (0x41ff7fb3) x31 0x7fffffff
core   0: 0x000020f6 (0x9491fc13) andi    s8, gp, -1719
core   0: 3 0x000020f6 (0x9491fc13) x24 0xfffff949
core   0: 0x000020fa (0x00d11b33) sll     s6, sp, a3
core   0: 3 0x000020fa (0x00d11b33) x22 0x00000000
core   0: 0x000020fe (0x00000001) c.nop
core   0: 3 0x000020fe (0x0001)
core   0: 0x00002100 (0x0000864a) c.mv    a2, s2
core   0: 3 0x00002100 (0x864a) x12 0x00000001
core   0: 0x00002102 (0x00008e29) c.xor   a2, a0
core   0: 3 0x00002102 (0x8e29) x12 0x00000381
core   0: 0x00002104 (0x02dc5333) divu    t1, s8, a3
core   0: 3 0x00002104 (0x02dc5333) x6  0x00f0f0ea
core   0: 0x00002108 (0x0d94f7b7) lui     a5, 0xd94f
core   0: 3 0x00002108 (0x0d94f7b7) x15 0x0d94f000
core   0: 0x0000210c (0x03fa14b3) mulh    s1, s4, t6
core   0: 3 0x0000210c (0x03fa14b3) x9  0x00000000
core   0: 0x00002110 (0x0000008d) c.addi  ra, 3
core   0: 3 0x00002110 (0x008d) x1  0x00e00003
core   0: 0x00002112 (0x3b968f93) addi    t6, a3, 953
core   0: 3 0x00002112 (0x3b968f93) x31 0x000004c9
core   0: 0x00002116 (0x80000f37) lui     t5, 0x80000
core   0: 3 0x00002116 (0x80000f37) x30 0x80000000
core   0: 0x0000211a (0x00007fc1) c.lui   t6, 0xffff0
core   0: 3 0x0000211a (0x7fc1) x31 0xffff0000
core   0: 0x0000211c (0x00000f85) c.addi  t6, 1
core   0: 3 0x0000211c (0x0f85) x31 0xffff0001
core   0: 0x0000211e (0x41ff6fb3) orn     t6, t5, t6
core   0: 3 0x0000211e (0x41ff6fb3) x31 0x8000fffe
core   0: 0x00002122 (0x0000167d) c.addi  a2, -1
core   0: 3 0x00002122 (0x167d) x12 0x00000380
core   0: 0x00002124 (0x419d0133) sub     sp, s10, s9
core   0: 3 0x00002124 (0x419d0133) x2  0x000172d5
core   0: 0x00002128 (0x00871093) slli    ra, a4, 8
core   0: 3 0x00002128 (0x00871093) x1  0x01900000
core   0: 0x0000212c (0x04e56f63) bltu    a0, a4, pc + 94
core   0: 3 0x0000212c (0x04e56f63)
core   0: 0x0000218a (0x03390233) mul     tp, s2, s3
core   0: 3 0x0000218a (0x03390233) x4  0x000124b4
core   0: 0x0000218e (0x00a98433) add     s0, s3, a0
core   0: 3 0x0000218e (0x00a98433) x8  0x00012834
core   0: 0x00002192 (0x0000c905) c.beqz  a0, pc + 48
core   0: 3 0x00002192 (0xc905)
core   0: 0x00002194 (0x40810033) sub     zero, sp, s0
core   0: 3 0x00002194 (0x40810033)
core   0: 0x00002198 (0x016409b3) add     s3, s0, s6
core   0: 3 0x00002198 (0x016409b3) x19 0x00012834
core   0: 0x0000219c (0x000047d1) c.li    a5, 20
core   0: 3 0x0000219c (0x47d1) x15 0x00000014
core   0: 0x0000219e (0xa7a70017) auipc   zero, 0xa7a70
core   0: 3 0x0000219e (0xa7a70017)
core   0: 0x000021a2 (0x0000476d) c.li    a4, 27
core   0: 3 0x000021a2 (0x476d) x14 0x0000001b
core   0: 0x000021a4 (0x00008ed5) c.or    a3, a3
core   0: 3 0x000021a4 (0x8ed5) x13 0x00000110
core   0: 0x000021a6 (0x000090ce) c.add   ra, s3
core   0: 3 0x000021a6 (0x90ce) x1  0x01912834
core   0: 0x000021a8 (0x00007f41) c.lui   t5, 0xffff0
core   0: 3 0x000021a8 (0x7f41) x30 0xffff0000
core   0: 0x000021aa (0x00000f05) c.addi  t5, 1
core   0: 3 0x000021aa (0x0f05) x30 0xffff0001
core   0: 0x000021ac (0x80000fb7) lui     t6, 0x80000
core   0: 3 0x000021ac (0x80000fb7) x31 0x80000000
core   0: 0x000021b0 (0x601f1f93) ctz     t6, t5
core   0: 3 0x000021b0 (0x601f1f93) x31 0x00000000
core   0: 0x000021b4 (0x2a7cb193) sltiu   gp, s9, 679
core   0: 3 0x000021b4 (0x2a7cb193) x3  0x00000000
core   0: 0x000021b8 (0x010c5513) srli    a0, s8, 16
core   0: 3 0x000021b8 (0x010c5513) x10 0x0000ffff
core   0: 0x000021bc (0x02ad1033) mulh    zero, s10, a0
core   0: 3 0x000021bc (0x02ad1033)
core   0: 0x000021c0 (0x00008529) c.srai  a0, 10
core   0: 3 0x000021c0 (0x8529) x10 0x0000003f
core   0: 0x000021c2 (0x05476963) bltu    a4, s4, pc + 82
core   0: 3 0x000021c2 (0x05476963)
core   0: 0x000021c6 (0x037a85b3) mul     a1, s5, s7
core   0: 3 0x000021c6 (0x037a85b3) x11 0xffffffff
core   0: 0x000021ca (0x6ed6e813) ori     a6, a3, 1773
core   0: 3 0x000021ca (0x6ed6e813) x16 0x000007fd
core   0: 0x000021ce (0x00006219) c.lui   tp, 0x6
core   0: 3 0x000021ce (0x6219) x4  0x00006000
core   0: 0x000021d0 (0x03958db3) mul     s11, a1, s9
core   0: 3 0x000021d0 (0x03958db3) x27 0x00000001
core   0: 0x000021d4 (0x031549b3) div     s3, a0, a7
core   0: 3 0x000021d4 (0x031549b3) x19 0xffffffc1
core   0: 0x000021d8 (0x00006f41) c.lui   t5, 0x10
core   0: 3 0x000021d8 (0x6f41) x30 0x00010000
core   0: 0x000021da (0xa5a5afb7) lui     t6, 0xa5a5a
core   0: 3 0x000021da (0xa5a5afb7) x31 0xa5a5a000
core   0: 0x000021de (0x5a5f8f93) addi    t6, t6, 1445
core   0: 3 0x000021de (0x5a5f8f93) x31 0xa5a5a5a5
core   0: 0x000021e2 (0x602f1f93) cpop    t6, t5
core   0: 3 0x000021e2 (0x602f1f93) x31 0x00000001
core   0: 0x000021e6 (0x000052fd) c.li    t0, -1
core   0: 3 0x000021e6 (0x52fd) x5  0xffffffff
core   0: 0x000021e8 (0x024a2fb3) mulhsu  t6, s4, tp
core   0: 3 0x000021e8 (0x024a2fb3) x31 0x00000000
core   0: 0x000021ec (0x0000997d) c.andi  a0, -1
core   0: 3 0x000021ec (0x997d) x10 0x0000003f
core   0: 0x000021ee (0x00004835) c.li    a6, 13
core   0: 3 0x000021ee (0x4835) x16 0x0000000d
core   0: 0x000021f0 (0x0000cd1d) c.beqz  a0, pc + 62
core   0: 3 0x000021f0 (0xcd1d)
core   0: 0x000021f2 (0x03b95733) divu    a4, s2, s11
core   0: 3 0x000021f2 (0x03b95733) x14 0x00000001
core   0: 0x000021f6 (0x046f7d63) bgeu    t5, t1, pc + 90
core   0: 3 0x000021f6 (0x046f7d63)
core   0: 0x000021fa (0x005a5363) bge     s4, t0, pc + 6
core   0: 3 0x000021fa (0x005a5363)
core   0: 0x00002200 (0x03ddd563) bge     s11, t4, pc + 42
core   0: 3 0x00002200 (0x03ddd563)
core   0: 0x00002204 (0x80000f37) lui     t5, 0x80000
core   0: 3 0x00002204 (0x80000f37) x30 0x80000000
core   0: 0x00002208 (0x00001f7d) c.addi  t5, -1
core   0: 3 0x00002208 (0x1f7d) x30 0x7fffffff
core   0: 0x0000220a (0x00004f81) c.li    t6, 0
core   0: 3 0x0000220a (0x4f81) x31 0x00000000
core   0: 0x0000220c (0x0bff4fb3) min     t6, t5, t6
core   0: 3 0x0000220c (0x0bff4fb3) x31 0x00000000
core   0: 0x00002210 (0x02e4c333) div     t1, s1, a4
core   0: 3 0x00002210 (0x02e4c333) x6  0x00000000
core   0: 0x00002214 (0x0000717d) c.addi16sp sp, -16
core   0: 3 0x00002214 (0x717d) x2  0x000172c5
core   0: 0x00002216 (0x00085913) srli    s2, a6, 0
core   0: 3 0x00002216 (0x00085913) x18 0x0000000d
core   0: 0x0000221a (0x080d4563) bltz    s10, pc + 138
core   0: 3 0x0000221a (0x080d4563)
core   0: 0x0000221e (0x000085d9) c.srai  a1, 22
core   0: 3 0x0000221e (0x85d9) x11 0xffffffff
core   0: 0x00002220 (0x04b94063) blt     s2, a1, pc + 64
core   0: 3 0x00002220 (0x04b94063)
core   0: 0x00002224 (0x000066bd) c.lui   a3, 0xf
core   0: 3 0x00002224 (0x66bd) x13 0x0000f000
core   0: 0x00002226 (0x00fe7a33) and     s4, t3, a5
core   0: 3 0x00002226 (0x00fe7a33) x20 0x00000004
core   0: 0x0000222a (0x41260bb3) sub     s7, a2, s2
core   0: 3 0x0000222a (0x41260bb3) x23 0x00000373
core   0: 0x0000222e (0x00e44293) xori    t0, s0, 14
core   0: 3 0x0000222e (0x00e44293) x5  0x0001283a
core   0: 0x00002232 (0x80000f37) lui     t5, 0x80000
core   0: 3 0x00002232 (0x80000f37) x30 0x80000000
core   0: 0x00002236 (0x00007fc1) c.lui   t6, 0xffff0
core   0: 3 0x00002236 (0x7fc1) x31 0xffff0000
core   0: 0x00002238 (0x00000f85) c.addi  t6, 1
core   0: 3 0x00002238 (0x0f85) x31 0xffff0001
core   0: 0x0000223a (0x0bff5fb3) minu    t6, t5, t6
core   0: 3 0x0000223a (0x0bff5fb3) x31 0x80000000
core   0: 0x0000223e (0x0eb51533) unknown
core   0: exception trap_illegal_instruction, epc 0x0000223e
core   0:           tval 0x0eb51533
core   0: >>>>  mtvec_handler
core   0: 0x00009510 (0x0000a009) c.j     pc + 2
core   0: 3 0x00009510 (0xa009)
core   0: >>>>  illegal_instr_handler
core   0: 0x00009512 (0x34102373) csrr    t1, mepc
core   0: 3 0x00009512 (0x34102373) x6  0x0000223e
core   0: 0x00009516 (0x00035783) lhu     a5, 0(t1)
core   0: 3 0x00009516 (0x00035783) x15 0x00001533 mem 0x0000223e
core   0: 0x0000951a (0x00008b8d) c.andi  a5, 3
core   0: 3 0x0000951a (0x8b8d) x15 0x00000003
core   0: 0x0000951c (0x00004f8d) c.li    t6, 3
core   0: 3 0x0000951c (0x4f8d) x31 0x00000003
core   0: 0x0000951e (0x01f79463) bne     a5, t6, pc + 8
core   0: 3 0x0000951e (0x01f79463)
core   0: 0x00009522 (0x00000311) c.addi  t1, 4
core   0: 3 0x00009522 (0x0311) x6  0x00002242
core   0: 0x00009524 (0x0000a011) c.j     pc + 4
core   0: 3 0x00009524 (0xa011)
core   0: 0x00009528 (0x34131073) csrw    mepc, t1
core   0: 3 0x00009528 (0x34131073) c833_mepc 0x00002242
core   0: 0x0000952c (0x30200073) mret
core   0: 3 0x0000952c (0x30200073) c768_mstatus 0x00001880 c784_mstatush 0x00000000 c1957_tcontrol 0x00000000
core   0: 0x00002242 (0x00abae33) slt     t3, s7, a0
core   0: 3 0x00002242 (0x00abae33) x28 0x00000000
core   0: 0x00002246 (0x00dc70b3) and     ra, s8, a3
core   0: 3 0x00002246 (0x00dc70b3) x1  0x0000f000
core   0: 0x0000224a (0x02af6933) rem     s2, t5, a0
core   0: 3 0x0000224a (0x02af6933) x18 0xfffffffe
core   0: 0x0000224e (0x0000c149) c.beqz  a0, pc + 130
core   0: 3 0x0000224e (0xc149)
core   0: 0x00002250 (0x014cc463) blt     s9, s4, pc + 8
core   0: 3 0x00002250 (0x014cc463)
core   0: 0x00002258 (0x00004889) c.li    a7, 2
core   0: 3 0x00002258 (0x4889) x17 0x00000002
core   0: 0x0000225a (0x00008af5) c.andi  a3, 29
core   0: 3 0x0000225a (0x8af5) x13 0x00000000
core   0: 0x0000225c (0x41abd813) srai    a6, s7, 26
core   0: 3 0x0000225c (0x41abd813) x16 0x00000000
core   0: 0x00002260 (0xa8427413) andi    s0, tp, -1404
core   0: 3 0x00002260 (0xa8427413) x8  0x00006000
core   0: 0x00002264 (0xa5a5af37) lui     t5, 0xa5a5a
core   0: 3 0x00002264 (0xa5a5af37) x30 0xa5a5a000
core   0: 0x00002268 (0x5a5f0f13) addi    t5, t5, 1445
core   0: 3 0x00002268 (0x5a5f0f13) x30 0xa5a5a5a5
core   0: 0x0000226c (0x00006fc1) c.lui   t6, 0x10
core   0: 3 0x0000226c (0x6fc1) x31 0x00010000
core   0: 0x0000226e (0x0bff6fb3) max     t6, t5, t6
core   0: 3 0x0000226e (0x0bff6fb3) x31 0x00010000
core   0: 0x00002272 (0x34041073) csrw    mscratch, s0
core   0: 3 0x00002272 (0x34041073) c832_mscratch 0x00006000
core   0: 0x00002276 (0x00007417) auipc   s0, 0x7
core   0: 3 0x00002276 (0x00007417) x8  0x00009276
core   0: 0x0000227a (0x41240413) addi    s0, s0, 1042
core   0: 3 0x0000227a (0x41240413) x8  0x00009688
core   0: 0x0000227e (0x0000c004) c.sw    s1, 0(s0)
core   0: 3 0x0000227e (0xc004) mem 0x00009688 0x00000000
core   0: 0x00002280 (0x00242223) sw      sp, 4(s0)
core   0: 3 0x00002280 (0x00242223) mem 0x0000968c 0x000172c5
core   0: 0x00002284 (0x00840113) addi    sp, s0, 8
core   0: 3 0x00002284 (0x00840113) x2  0x00009690
core   0: 0x00002288 (0x0000c07e) c.swsp  t6, 0(sp)
core   0: 3 0x00002288 (0xc07e) mem 0x00009690 0x00010000
core   0: 0x0000228a (0x00004f02) c.lwsp  t5, 0(sp)
core   0: 3 0x0000228a (0x4f02) x30 0x00010000 mem 0x00009690
core   0: 0x0000228c (0x01f42423) sw      t6, 8(s0)
core   0: 3 0x0000228c (0x01f42423) mem 0x00009690 0x00010000
core   0: 0x00002290 (0x00004404) c.lw    s1, 8(s0)
core   0: 3 0x00002290 (0x4404) x9  0x00010000 mem 0x00009690
core   0: 0x00002292 (0x0000c404) c.sw    s1, 8(s0)
core   0: 3 0x00002292 (0xc404) mem 0x00009690 0x00010000
core   0: 0x00002294 (0x00442103) lw      sp, 4(s0)
core   0: 3 0x00002294 (0x00442103) x2  0x000172c5 mem 0x0000968c
core   0: 0x00002298 (0x00004004) c.lw    s1, 0(s0)
core   0: 3 0x00002298 (0x4004) x9  0x00000000 mem 0x00009688
core   0: 0x0000229a (0x34002473) csrr    s0, mscratch
core   0: 3 0x0000229a (0x34002473) x8  0x00006000
core   0: 0x0000229e (0x00000e4e) c.slli  t3, 19
core   0: 3 0x0000229e (0x0e4e) x28 0x00000000
core   0: 0x000022a0 (0x03b76433) rem     s0, a4, s11
core   0: 3 0x000022a0 (0x03b76433) x8  0x00000000
core   0: 0x000022a4 (0x00000001) c.nop
core   0: 3 0x000022a4 (0x0001)
core   0: 0x000022a6 (0x00008e91) c.sub   a3, a2
core   0: 3 0x000022a6 (0x8e91) x13 0xfffffc80
core   0: 0x000022a8 (0x010ede37) lui     t3, 0x10ed
core   0: 3 0x000022a8 (0x010ede37) x28 0x010ed000
core   0: 0x000022ac (0x00008876) c.mv    a6, t4
core   0: 3 0x000022ac (0x8876) x16 0x00011000
core   0: 0x000022ae (0x00b77463) bgeu    a4, a1, pc + 8
core   0: 3 0x000022ae (0x00b77463)
core   0: 0x000022b2 (0x98b90413) addi    s0, s2, -1653
core   0: 3 0x000022b2 (0x98b90413) x8  0xfffff989
core   0: 0x000022b6 (0x41c2d013) srai    zero, t0, 28
core   0: 3 0x000022b6 (0x41c2d013)
core   0: 0x000022ba (0x000050fd) c.li    ra, -1
core   0: 3 0x000022ba (0x50fd) x1  0xffffffff
core   0: 0x000022bc (0x00004f01) c.li    t5, 0
core   0: 3 0x000022bc (0x4f01) x30 0x00000000
core   0: 0x000022be (0x80000fb7) lui     t6, 0x80000
core   0: 3 0x000022be (0x80000fb7) x31 0x80000000
core   0: 0x000022c2 (0x00001ffd) c.addi  t6, -1
core   0: 3 0x000022c2 (0x1ffd) x31 0x7fffffff
core   0: 0x000022c4 (0x0bff7fb3) maxu    t6, t5, t6
core   0: 3 0x000022c4 (0x0bff7fb3) x31 0x7fffffff
core   0: 0x000022c8 (0x36640b93) addi    s7, s0, 870
core   0: 3 0x000022c8 (0x36640b93) x23 0xfffffcef
core   0: 0x000022cc (0x02b54033) div     zero, a0, a1
core   0: 3 0x000022cc (0x02b54033)
core   0: 0x000022d0 (0x03fd9933) mulh    s2, s11, t6
core   0: 3 0x000022d0 (0x03fd9933) x18 0x00000000
core   0: 0x000022d4 (0x00008ef5) c.and   a3, a3
core   0: 3 0x000022d4 (0x8ef5) x13 0xfffffc80
core   0: 0x000022d6 (0x076ee263) bltu    t4, s6, pc + 100
core   0: 3 0x000022d6 (0x076ee263)
core   0: 0x000022da (0x055dee63) bltu    s11, s5, pc + 92
core   0: 3 0x000022da (0x055dee63)
core   0: 0x00002336 (0x40bf0ab3) sub     s5, t5, a1
core   0: 3 0x00002336 (0x40bf0ab3) x21 0x00000001
core   0: 0x0000233a (0x0174cbb3) xor     s7, s1, s7
core   0: 3 0x0000233a (0x0174cbb3) x23 0xfffffcef
core   0: 0x0000233e (0x02475563) bge     a4, tp, pc + 42
core   0: 3 0x0000233e (0x02475563)
core   0: 0x00002342 (0x8e923b97) auipc   s7, 0x8e923
core   0: 3 0x00002342 (0x8e923b97) x23 0x8e925342
core   0: 0x00002346 (0x0185b333) sltu    t1, a1, s8
core   0: 3 0x00002346 (0x0185b333) x6  0x00000000
core   0: 0x0000234a (0x000050fd) c.li    ra, -1
core   0: 3 0x0000234a (0x50fd) x1  0xffffffff
core   0: 0x0000234c (0x01821993) slli    s3, tp, 24
core   0: 3 0x0000234c (0x01821993) x19 0x00000000
core   0: 0x00002350 (0x80000f37) lui     t5, 0x80000
core   0: 3 0x00002350 (0x80000f37) x30 0x80000000
core   0: 0x00002354 (0x00001f7d) c.addi  t5, -1
core   0: 3 0x00002354 (0x1f7d) x30 0x7fffffff
core   0: 0x00002356 (0x00004f81) c.li    t6, 0
core   0: 3 0x00002356 (0x4f81) x31 0x00000000
core   0: 0x00002358 (0x080f4fb3) zext.h  t6, t5
core   0: 3 0x00002358 (0x080f4fb3) x31 0x0000ffff
core   0: 0x0000235c (0xdf405cb7) lui     s9, 0xdf405
core   0: 3 0x0000235c (0xdf405cb7) x25 0xdf405000
core   0: 0x00002360 (0x025362b3) rem     t0, t1, t0
core   0: 3 0x00002360 (0x025362b3) x5  0x00000000
core   0: 0x00002364 (0x01d245b3) xor     a1, tp, t4
core   0: 3 0x00002364 (0x01d245b3) x11 0x00017000
core   0: 0x00002368 (0x0000843e) c.mv    s0, a5
core   0: 3 0x00002368 (0x843e) x8  0x00000003
core   0: 0x0000236a (0x08b6d163) bge     a3, a1, pc + 130
core   0: 3 0x0000236a (0x08b6d163)
core   0: 0x0000236e (0x03a50033) mul     zero, a0, s10
core   0: 3 0x0000236e (0x03a50033)
core   0: 0x00002372 (0x00001188) c.addi4spn a0, sp, 224
core   0: 3 0x00002372 (0x1188) x10 0x000173a5
core   0: 0x00002374 (0x01bd1eb3) sll     t4, s10, s11
core   0: 3 0x00002374 (0x01bd1eb3) x29 0x0002e5a8
core   0: 0x00002378 (0x56116437) lui     s0, 0x56116
core   0: 3 0x00002378 (0x56116437) x8  0x56116000
core   0: 0x0000237c (0x0156ea33) or      s4, a3, s5
core   0: 3 0x0000237c (0x0156ea33) x20 0xfffffc81
core   0: 0x00002380 (0x80000f37) lui     t5, 0x80000
core   0: 3 0x00002380 (0x80000f37) x30 0x80000000
core   0: 0x00002384 (0x00007fc1) c.lui   t6, 0xffff0
core   0: 3 0x00002384 (0x7fc1) x31 0xffff0000
core   0: 0x00002386 (0x00000f85) c.addi  t6, 1
core   0: 3 0x00002386 (0x0f85) x31 0xffff0001
core   0: 0x00002388 (0x61ff1fb3) rol     t6, t5, t6
core   0: 3 0x00002388 (0x61ff1fb3) x31 0x00000001
core   0: 0x0000238c (0x34009073) csrw    mscratch, ra
core   0: 3 0x0000238c (0x34009073) c832_mscratch 0xffffffff
core   0: 0x00002390 (0x008000ef) jal     pc + 0x8
core   0: 3 0x00002390 (0x008000ef) x1  0x00002394
core   0: 0x00002398 (0x340020f3) csrr    ra, mscratch
core   0: 3 0x00002398 (0x340020f3) x1  0xffffffff
core   0: 0x0000239c (0x34009073) csrw    mscratch, ra
core   0: 3 0x0000239c (0x34009073) c832_mscratch 0xffffffff
core   0: 0x000023a0 (0x00002009) c.jal   pc + 2
core   0: 3 0x000023a0 (0x2009) x1  0x000023a2
core   0: 0x000023a2 (0x004000ef) jal     pc + 0x4
core   0: 3 0x000023a2 (0x004000ef) x1  0x000023a6
core   0: 0x000023a6 (0x004000ef) jal     pc + 0x4
core   0: 3 0x000023a6 (0x004000ef) x1  0x000023aa
core   0: 0x000023aa (0x00000097) auipc   ra, 0x0
core   0: 3 0x000023aa (0x00000097) x1  0x000023aa
core   0: 0x000023ae (0x00c08093) addi    ra, ra, 12
core   0: 3 0x000023ae (0x00c08093) x1  0x000023b6
core   0: 0x000023b2 (0x00008067) ret
core   0: 3 0x000023b2 (0x00008067)
core   0: 0x000023b6 (0x340020f3) csrr    ra, mscratch
core   0: 3 0x000023b6 (0x340020f3) x1  0xffffffff
core   0: 0x000023ba (0x5a168a97) auipc   s5, 0x5a168
core   0: 3 0x000023ba (0x5a168a97) x21 0x5a16a3ba
core   0: 0x000023be (0x00b09033) sll     zero, ra, a1
core   0: 3 0x000023be (0x00b09033)
core   0: 0x000023c2 (0x00006121) c.addi16sp sp, 64
core   0: 3 0x000023c2 (0x6121) x2  0x00017305
core   0: 0x000023c4 (0x0120c6b3) xor     a3, ra, s2
core   0: 3 0x000023c4 (0x0120c6b3) x13 0xffffffff
core   0: 0x000023c8 (0x01470bb3) add     s7, a4, s4
core   0: 3 0x000023c8 (0x01470bb3) x23 0xfffffc82
core   0: 0x000023cc (0x00009a22) c.add   s4, s0
core   0: 3 0x000023cc (0x9a22) x20 0x56115c81
core   0: 0x000023ce (0x00000001) c.nop
core   0: 3 0x000023ce (0x0001)
core   0: 0x000023d0 (0x02988b63) beq     a7, s1, pc + 54
core   0: 3 0x000023d0 (0x02988b63)
core   0: 0x000023d4 (0x043ee563) bltu    t4, gp, pc + 74
core   0: 3 0x000023d4 (0x043ee563)
core   0: 0x000023d8 (0x00006e3d) c.lui   t3, 0xf
core   0: 3 0x000023d8 (0x6e3d) x28 0x0000f000
core   0: 0x000023da (0xa5a5af37) lui     t5, 0xa5a5a
core   0: 3 0x000023da (0xa5a5af37) x30 0xa5a5a000
core   0: 0x000023de (0x5a5f0f13) addi    t5, t5, 1445
core   0: 3 0x000023de (0x5a5f0f13) x30 0xa5a5a5a5
core   0: 0x000023e2 (0x00006fc1) c.lui   t6, 0x10
core   0: 3 0x000023e2 (0x6fc1) x31 0x00010000
core   0: 0x000023e4 (0x61ff5fb3) ror     t6, t5, t6
core   0: 3 0x000023e4 (0x61ff5fb3) x31 0xa5a5a5a5
core   0: 0x000023e8 (0xba850893) addi    a7, a0, -1112
core   0: 3 0x000023e8 (0xba850893) x17 0x00016f4d
core   0: 0x000023ec (0x401788b3) sub     a7, a5, ra
core   0: 3 0x000023ec (0x401788b3) x17 0x00000004
core   0: 0x000023f0 (0x026f2eb3) mulhsu  t4, t5, t1
core   0: 3 0x000023f0 (0x026f2eb3) x29 0x00000000
core   0: 0x000023f4 (0x01478833) add     a6, a5, s4
core   0: 3 0x000023f4 (0x01478833) x16 0x56115c84
core   0: 0x000023f8 (0x0000187d) c.addi  a6, -1
core   0: 3 0x000023f8 (0x187d) x16 0x56115c83
core   0: 0x000023fa (0x03e60ab3) mul     s5, a2, t5
core   0: 3 0x000023fa (0x03e60ab3) x21 0xc3c3c180
core   0: 0x000023fe (0x0000717d) c.addi16sp sp, -16
core   0: 3 0x000023fe (0x717d) x2  0x000172f5
core   0: 0x00002400 (0x01d4cbb3) xor     s7, s1, t4
core   0: 3 0x00002400 (0x01d4cbb3) x23 0x00000000
core   0: 0x00002404 (0x00008d0d) c.sub   a0, a1
core   0: 3 0x00002404 (0x8d0d) x10 0x000003a5
core   0: 0x00002406 (0x00008561) c.srai  a0, 24
core   0: 3 0x00002406 (0x8561) x10 0x00000000
core   0: 0x00002408 (0x00004f01) c.li    t5, 0
core   0: 3 0x00002408 (0x4f01) x30 0x00000000
core   0: 0x0000240a (0x80000fb7) lui     t6, 0x80000
core   0: 3 0x0000240a (0x80000fb7) x31 0x80000000
core   0: 0x0000240e (0x00001ffd) c.addi  t6, -1
core   0: 3 0x0000240e (0x1ffd) x31 0x7fffffff
core   0: 0x00002410 (0x607f5f93) rori    t6, t5, 7
core   0: 3 0x00002410 (0x607f5f93) x31 0x00000000
core   0: 0x00002414 (0x60b51513) unknown
core   0: exception trap_illegal_instruction, epc 0x00002414
core   0:           tval 0x60b51513
core   0: >>>>  mtvec_handler
core   0: 0x00009510 (0x0000a009) c.j     pc + 2
core   0: 3 0x00009510 (0xa009)
core   0: >>>>  illegal_instr_handler
core   0: 0x00009512 (0x34102373) csrr    t1, mepc
core   0: 3 0x00009512 (0x34102373) x6  0x00002414
core   0: 0x00009516 (0x00035783) lhu     a5, 0(t1)
core   0: 3 0x00009516 (0x00035783) x15 0x00001513 mem 0x00002414
core   0: 0x0000951a (0x00008b8d) c.andi  a5, 3
core   0: 3 0x0000951a (0x8b8d) x15 0x00000003
core   0: 0x0000951c (0x00004f8d) c.li    t6, 3
core   0: 3 0x0000951c (0x4f8d) x31 0x00000003
core   0: 0x0000951e (0x01f79463) bne     a5, t6, pc + 8
core   0: 3 0x0000951e (0x01f79463)
core   0: 0x00009522 (0x00000311) c.addi  t1, 4
core   0: 3 0x00009522 (0x0311) x6  0x00002418
core   0: 0x00009524 (0x0000a011) c.j     pc + 4
core   0: 3 0x00009524 (0xa011)
core   0: 0x00009528 (0x34131073) csrw    mepc, t1
core   0: 3 0x00009528 (0x34131073) c833_mepc 0x00002418
core   0: 0x0000952c (0x30200073) mret
core   0: 3 0x0000952c (0x30200073) c768_mstatus 0x00001880 c784_mstatush 0x00000000 c1957_tcontrol 0x00000000
core   0: 0x00002418 (0x02c56033) rem     zero, a0, a2
core   0: 3 0x00002418 (0x02c56033)
core   0: 0x0000241c (0x000085b1) c.srai  a1, 12
core   0: 3 0x0000241c (0x85b1) x11 0x00000017
core   0: 0x0000241e (0x0033adb3) slt     s11, t2, gp
core   0: 3 0x0000241e (0x0033adb3) x27 0x00000000
core   0: 0x00002422 (0x0148c633) xor     a2, a7, s4
core   0: 3 0x00002422 (0x0148c633) x12 0x56115c85
core   0: 0x00002426 (0x02a28b63) beq     t0, a0, pc + 54
core   0: 3 0x00002426 (0x02a28b63)
core   0: 0x0000245c (0x00008e31) c.xor   a2, a2
core   0: 3 0x0000245c (0x8e31) x12 0x00000000
core   0: 0x0000245e (0x00005b7d) c.li    s6, -1
core   0: 3 0x0000245e (0x5b7d) x22 0xffffffff
core   0: 0x00002460 (0x00000001) c.nop
core   0: 3 0x00002460 (0x0001)
core   0: 0x00002462 (0x00006f41) c.lui   t5, 0x10
core   0: 3 0x00002462 (0x6f41) x30 0x00010000
core   0: 0x00002464 (0xa5a5afb7) lui     t6, 0xa5a5a
core   0: 3 0x00002464 (0xa5a5afb7) x31 0xa5a5a000
core   0: 0x00002468 (0x5a5f8f93) addi    t6, t6, 1445
core   0: 3 0x00002468 (0x5a5f8f93) x31 0xa5a5a5a5
core   0: 0x0000246c (0x698f5f93) rev8.rv32 (args unknown)
core   0: 3 0x0000246c (0x698f5f93) x31 0x00000100
core   0: 0x00002470 (0x7f23b993) sltiu   s3, t2, 2034
core   0: 3 0x00002470 (0x7f23b993) x19 0x00000000
core   0: 0x00002474 (0x000095ae) c.add   a1, a1
core   0: 3 0x00002474 (0x95ae) x11 0x0000002e
core   0: 0x00002476 (0x033f9cb3) mulh    s9, t6, s3
core   0: 3 0x00002476 (0x033f9cb3) x25 0x00000000
core   0: 0x0000247a (0x007f9693) slli    a3, t6, 7
core   0: 3 0x0000247a (0x007f9693) x13 0x00008000
core   0: 0x0000247e (0x1254a597) auipc   a1, 0x1254a
core   0: 3 0x0000247e (0x1254a597) x11 0x1254c47e
core   0: 0x00002482 (0x00008d0d) c.sub   a0, a1
core   0: 3 0x00002482 (0x8d0d) x10 0xedab3b82
core   0: 0x00002484 (0x04986163) bltu    a6, s1, pc + 66
core   0: 3 0x00002484 (0x04986163)
core   0: 0x00002488 (0x0176d733) srl     a4, a3, s7
core   0: 3 0x00002488 (0x0176d733) x14 0x00008000
core   0: 0x0000248c (0xbde78297) auipc   t0, 0xbde78
core   0: 3 0x0000248c (0xbde78297) x5  0xbde7a48c
core   0: 0x00002490 (0x07c65963) bge     a2, t3, pc + 114
core   0: 3 0x00002490 (0x07c65963)
core   0: 0x00002494 (0x80000f37) lui     t5, 0x80000
core   0: 3 0x00002494 (0x80000f37) x30 0x80000000
core   0: 0x00002498 (0x00001f7d) c.addi  t5, -1
core   0: 3 0x00002498 (0x1f7d) x30 0x7fffffff
core   0: 0x0000249a (0x00004f81) c.li    t6, 0
core   0: 3 0x0000249a (0x4f81) x31 0x00000000
core   0: 0x0000249c (0x49ff1fb3) bclr    t6, t5, t6
core   0: 3 0x0000249c (0x49ff1fb3) x31 0x7ffffffe
core   0: 0x000024a0 (0x80000f37) lui     t5, 0x80000
core   0: 3 0x000024a0 (0x80000f37) x30 0x80000000
core   0: 0x000024a4 (0x00005ffd) c.li    t6, -1
core   0: 3 0x000024a4 (0x5ffd) x31 0xffffffff
core   0: 0x000024a6 (0x03ff4fb3) div     t6, t5, t6
core   0: 3 0x000024a6 (0x03ff4fb3) x31 0x80000000
core   0: 0x000024aa (0x03ef6fb3) rem     t6, t5, t5
core   0: 3 0x000024aa (0x03ef6fb3) x31 0x00000000
core   0: 0x000024ae (0x00004f81) c.li    t6, 0
core   0: 3 0x000024ae (0x4f81) x31 0x00000000
core   0: 0x000024b0 (0x03ff5fb3) divu    t6, t5, t6
core   0: 3 0x000024b0 (0x03ff5fb3) x31 0xffffffff
core   0: 0x000024b4 (0x00004f81) c.li    t6, 0
core   0: 3 0x000024b4 (0x4f81) x31 0x00000000
core   0: 0x000024b6 (0x03ff6fb3) rem     t6, t5, t6
core   0: 3 0x000024b6 (0x03ff6fb3) x31 0x80000000
core   0: 0x000024ba (0x40e9d893) srai    a7, s3, 14
core   0: 3 0x000024ba (0x40e9d893) x17 0x00000000
core   0: 0x000024be (0x00000001) c.nop
core   0: 3 0x000024be (0x0001)
core   0: 0x000024c0 (0x00fa5ab3) srl     s5, s4, a5
core   0: 3 0x000024c0 (0x00fa5ab3) x21 0x0ac22b90
core   0: 0x000024c4 (0x0000717d) c.addi16sp sp, -16
core   0: 3 0x000024c4 (0x717d) x2  0x000172e5
core   0: 0x000024c6 (0x00004f99) c.li    t6, 6
core   0: 3 0x000024c6 (0x4f99) x31 0x00000006
core   0: 0x000024c8 (0x04cc8963) beq     s9, a2, pc + 82
core   0: 3 0x000024c8 (0x04cc8963)
core   0: 0x0000251a (0x01045a63) bge     s0, a6, pc + 20
core   0: 3 0x0000251a (0x01045a63)
core   0: 0x0000252e (0x00008531) c.srai  a0, 12
core   0: 3 0x0000252e (0x8531) x10 0xfffedab3
core   0: 0x00002530 (0x00001b7d) c.addi  s6, -1
core   0: 3 0x00002530 (0x1b7d) x22 0xfffffffe
core   0: 0x00002532 (0x00004f01) c.li    t5, 0
core   0: 3 0x00002532 (0x4f01) x30 0x00000000
core   0: 0x00002534 (0x80000fb7) lui     t6, 0x80000
core   0: 3 0x00002534 (0x80000fb7) x31 0x80000000
core   0: 0x00002538 (0x00001ffd) c.addi  t6, -1
core   0: 3 0x00002538 (0x1ffd) x31 0x7fffffff
core   0: 0x0000253a (0x29ff1fb3) bset    t6, t5, t6
core   0: 3 0x0000253a (0x29ff1fb3) x31 0x80000000
core   0: 0x0000253e (0x00578cb3) add     s9, a5, t0
core   0: 3 0x0000253e (0x00578cb3) x25 0xbde7a48f
core   0: 0x00002542 (0x03014533) div     a0, sp, a6
core   0: 3 0x00002542 (0x03014533) x10 0x00000000
core   0: 0x00002546 (0x00bd4b33) xor     s6, s10, a1
core   0: 3 0x00002546 (0x00bd4b33) x22 0x1255b6aa
core   0: 0x0000254a (0x5006ac97) auipc   s9, 0x5006a
core   0: 3 0x0000254a (0x5006ac97) x25 0x5006c54a
core   0: 0x0000254e (0x01ee36b3) sltu    a3, t3, t5
core   0: 3 0x0000254e (0x01ee36b3) x13 0x00000000
core   0: 0x00002552 (0x00004675) c.li    a2, 29
core   0: 3 0x00002552 (0x4675) x12 0x0000001d
core   0: 0x00002554 (0x01b48033) add     zero, s1, s11
core   0: 3 0x00002554 (0x01b48033)
core   0: 0x00002558 (0x024f66b3) rem     a3, t5, tp
core   0: 3 0x00002558 (0x024f66b3) x13 0x00000000
core   0: 0x0000255c (0x043e4f63) blt     t3, gp, pc + 94
core   0: 3 0x0000255c (0x043e4f63)
core   0: 0x00002560 (0x07f6e863) bltu    a3, t6, pc + 112
core   0: 3 0x00002560 (0x07f6e863)
core   0: 0x000025d0 (0x000060a5) c.lui   ra, 0x9
core   0: 3 0x000025d0 (0x60a5) x1  0x00009000
core   0: 0x000025d2 (0x41be85b3) sub     a1, t4, s11
core   0: 3 0x000025d2 (0x41be85b3) x11 0x00000000
core   0: 0x000025d6 (0x80000f37) lui     t5, 0x80000
core   0: 3 0x000025d6 (0x80000f37) x30 0x80000000
core   0: 0x000025da (0x00001f7d) c.addi  t5, -1
core   0: 3 0x000025da (0x1f7d) x30 0x7fffffff
core   0: 0x000025dc (0x00004f81) c.li    t6, 0
core   0: 3 0x000025dc (0x4f81) x31 0x00000000
core   0: 0x000025de (0x680f1f93) binvi   t6, t5, 0
core   0: 3 0x000025de (0x680f1f93) x31 0x7ffffffe
core   0: 0x000025e2 (0x00006c9d) c.lui   s9, 0x7
core   0: 3 0x000025e2 (0x6c9d) x25 0x00007000
core   0: 0x000025e4 (0x00317d63) bgeu    sp, gp, pc + 26
core   0: 3 0x000025e4 (0x00317d63)
core   0: 0x000025fe (0x00008cd1) c.or    s1, a2
core   0: 3 0x000025fe (0x8cd1) x9  0x0000001d
core   0: 0x00002600 (0x80000f37) lui     t5, 0x80000
core   0: 3 0x00002600 (0x80000f37) x30 0x80000000
core   0: 0x00002604 (0x00007fc1) c.lui   t6, 0xffff0
core   0: 3 0x00002604 (0x7fc1) x31 0xffff0000
core   0: 0x00002606 (0x00000f85) c.addi  t6, 1
core   0: 3 0x00002606 (0x0f85) x31 0xffff0001
core   0: 0x00002608 (0x29ff1f93) bseti   t6, t5, 31
core   0: 3 0x00002608 (0x29ff1f93) x31 0x80000000
core   0: 0x0000260c (0x00008e31) c.xor   a2, a2
core   0: 3 0x0000260c (0x8e31) x12 0x00000000
core   0: 0x0000260e (0x01cfd963) bge     t6, t3, pc + 18
core   0: 3 0x0000260e (0x01cfd963)
core   0: 0x00002612 (0x00000826) c.slli  a6, 9
core   0: 3 0x00002612 (0x0826) x16 0x22b90600
core   0: 0x00002614 (0x00001388) c.addi4spn a0, sp, 480
core   0: 3 0x00002614 (0x1388) x10 0x000174c5
core   0: 0x00002616 (0x0120f5b3) and     a1, ra, s2
core   0: 3 0x00002616 (0x0120f5b3) x11 0x00000000
core   0: 0x0000261a (0x00008775) c.srai  a4, 29
core   0: 3 0x0000261a (0x8775) x14 0x00000000
core   0: 0x0000261c (0x40ead033) sra     zero, s5, a4
core   0: 3 0x0000261c (0x40ead033)
core   0: 0x00002620 (0x00000001) c.nop
core   0: 3 0x00002620 (0x0001)
core   0: 0x00002622 (0x00691fb3) sll     t6, s2, t1
core   0: 3 0x00002622 (0x00691fb3) x31 0x00000000
core   0: 0x00002626 (0x9081ad93) slti    s11, gp, -1784
core   0: 3 0x00002626 (0x9081ad93) x27 0x00000000
core   0: 0x0000262a (0xa5a5af37) lui     t5, 0xa5a5a
core   0: 3 0x0000262a (0xa5a5af37) x30 0xa5a5a000
core   0: 0x0000262e (0x5a5f0f13) addi    t5, t5, 1445
core   0: 3 0x0000262e (0x5a5f0f13) x30 0xa5a5a5a5
core   0: 0x00002632 (0x00006fc1) c.lui   t6, 0x10
core   0: 3 0x00002632 (0x6fc1) x31 0x00010000
core   0: 0x00002634 (0x0fff5fb3) czero.eqz t6, t5, t6
core   0: 3 0x00002634 (0x0fff5fb3) x31 0xa5a5a5a5
core   0: 0x00002638 (0x00000001) c.nop
core   0: 3 0x00002638 (0x0001)
core   0: 0x0000263a (0x0000c90d) c.beqz  a0, pc + 50
core   0: 3 0x0000263a (0xc90d)
core   0: 0x0000263c (0x00001290) c.addi4spn a2, sp, 352
core   0: 3 0x0000263c (0x1290) x12 0x00017445
core   0: 0x0000263e (0x00006b41) c.lui   s6, 0x10
core   0: 3 0x0000263e (0x6b41) x22 0x00010000
core   0: 0x00002640 (0x09f4d663) bge     s1, t6, pc + 140
core   0: 3 0x00002640 (0x09f4d663)
core   0: 0x000026cc (0x40ea8e33) sub     t3, s5, a4
core   0: 3 0x000026cc (0x40ea8e33) x28 0x0ac22b90
core   0: 0x000026d0 (0x0496d963) bge     a3, s1, pc + 82
core   0: 3 0x000026d0 (0x0496d963)
core   0: 0x000026d4 (0x408ed513) srai    a0, t4, 8
core   0: 3 0x000026d4 (0x408ed513) x10 0x00000000
core   0: 0x000026d8 (0x004ba033) slt     zero, s7, tp
core   0: 3 0x000026d8 (0x004ba033)
core   0: 0x000026dc (0x06a0f263) bgeu    ra, a0, pc + 100
core   0: 3 0x000026dc (0x06a0f263)
core   0: 0x00002740 (0x0000812d) c.srli  a0, 11
core   0: 3 0x00002740 (0x812d) x10 0x00000000
core   0: 0x00002742 (0x018f9513) slli    a0, t6, 24
core   0: 3 0x00002742 (0x018f9513) x10 0xa5000000
core   0: 0x00002746 (0x02cd81b3) mul     gp, s11, a2
core   0: 3 0x00002746 (0x02cd81b3) x3  0x00000000
core   0: 0x0000274a (0x00008542) c.mv    a0, a6
core   0: 3 0x0000274a (0x8542) x10 0x22b90600
core   0: 0x0000274c (0x00045bb3) srl     s7, s0, zero
core   0: 3 0x0000274c (0x00045bb3) x23 0x56116000
core   0: 0x00002750 (0x0111c5b3) xor     a1, gp, a7
core   0: 3 0x00002750 (0x0111c5b3) x11 0x00000000
core   0: 0x00002754 (0x80000f37) lui     t5, 0x80000
core   0: 3 0x00002754 (0x80000f37) x30 0x80000000
core   0: 0x00002758 (0x00007fc1) c.lui   t6, 0xffff0
core   0: 3 0x00002758 (0x7fc1) x31 0xffff0000
core   0: 0x0000275a (0x00000f85) c.addi  t6, 1
core   0: 3 0x0000275a (0x0f85) x31 0xffff0001
core   0: 0x0000275c (0x41ff7fb3) andn    t6, t5, t6
core   0: 3 0x0000275c (0x41ff7fb3) x31 0x00000000
core   0: >>>>  $d
core   0: 0x00002760 (0x28b55513) unknown
core   0: exception trap_illegal_instruction, epc 0x00002760
core   0:           tval 0x28b55513
core   0: >>>>  mtvec_handler
core   0: 0x00009510 (0x0000a009) c.j     pc + 2
core   0: 3 0x00009510 (0xa009)
core   0: >>>>  illegal_instr_handler
core   0: 0x00009512 (0x34102373) csrr    t1, mepc
core   0: 3 0x00009512 (0x34102373) x6  0x00002760
core   0: 0x00009516 (0x00035783) lhu     a5, 0(t1)
core   0: 3 0x00009516 (0x00035783) x15 0x00005513 mem 0x00002760
core   0: 0x0000951a (0x00008b8d) c.andi  a5, 3
core   0: 3 0x0000951a (0x8b8d) x15 0x00000003
core   0: 0x0000951c (0x00004f8d) c.li    t6, 3
core   0: 3 0x0000951c (0x4f8d) x31 0x00000003
core   0: 0x0000951e (0x01f79463) bne     a5, t6, pc + 8
core   0: 3 0x0000951e (0x01f79463)
core   0: 0x00009522 (0x00000311) c.addi  t1, 4
core   0: 3 0x00009522 (0x0311) x6  0x00002764
core   0: 0x00009524 (0x0000a011) c.j     pc + 4
core   0: 3 0x00009524 (0xa011)
core   0: 0x00009528 (0x34131073) csrw    mepc, t1
core   0: 3 0x00009528 (0x34131073) c833_mepc 0x00002764
core   0: 0x0000952c (0x30200073) mret
core   0: 3 0x0000952c (0x30200073) c768_mstatus 0x00001880 c784_mstatush 0x00000000 c1957_tcontrol 0x00000000
core   0: >>>>  $x
core   0: 0x00002764 (0x0000caa1) c.beqz  a3, pc + 80
core   0: 3 0x00002764 (0xcaa1)
core   0: 0x000027b4 (0x02288233) mul     tp, a7, sp
core   0: 3 0x000027b4 (0x02288233) x4  0x00000000
core   0: 0x000027b8 (0x00004f01) c.li    t5, 0
core   0: 3 0x000027b8 (0x4f01) x30 0x00000000
core   0: 0x000027ba (0x80000fb7) lui     t6, 0x80000
core   0: 3 0x000027ba (0x80000fb7) x31 0x80000000
core   0: 0x000027be (0x00001ffd) c.addi  t6, -1
core   0: 3 0x000027be (0x1ffd) x31 0x7fffffff
core   0: 0x000027c0 (0x41ff4fb3) xnor    t6, t5, t6
core   0: 3 0x000027c0 (0x41ff4fb3) x31 0x80000000
core   0: 0x000027c4 (0x34009073) csrw    mscratch, ra
core   0: 3 0x000027c4 (0x34009073) c832_mscratch 0x00009000
core   0: 0x000027c8 (0x00002009) c.jal   pc + 2
core   0: 3 0x000027c8 (0x2009) x1  0x000027ca
core   0: 0x000027ca (0x004000ef) jal     pc + 0x4
core   0: 3 0x000027ca (0x004000ef) x1  0x000027ce
core   0: 0x000027ce (0x004000ef) jal     pc + 0x4
core   0: 3 0x000027ce (0x004000ef) x1  0x000027d2
core   0: 0x000027d2 (0x00000097) auipc   ra, 0x0
core   0: 3 0x000027d2 (0x00000097) x1  0x000027d2
core   0: 0x000027d6 (0x00c08093) addi    ra, ra, 12
core   0: 3 0x000027d6 (0x00c08093) x1  0x000027de
core   0: 0x000027da (0x00008067) ret
core   0: 3 0x000027da (0x00008067)
core   0: 0x000027de (0x340020f3) csrr    ra, mscratch
core   0: 3 0x000027de (0x340020f3) x1  0x00009000
core   0: 0x000027e2 (0x02bc7863) bgeu    s8, a1, pc + 48
core   0: 3 0x000027e2 (0x02bc7863)
core   0: 0x00002812 (0x000083d9) c.srli  a5, 22
core   0: 3 0x00002812 (0x83d9) x15 0x00000000
core   0: 0x00002814 (0x00008c29) c.xor   s0, a0
core   0: 3 0x00002814 (0x8c29) x8  0x74a86600
core   0: 0x00002816 (0x0179bab3) sltu    s5, s3, s7
core   0: 3 0x00002816 (0x0179bab3) x21 0x00000001
core   0: 0x0000281a (0x000098fd) c.andi  s1, -1
core   0: 3 0x0000281a (0x98fd) x9  0x0000001d
core   0: 0x0000281c (0x00008a11) c.andi  a2, 4
core   0: 3 0x0000281c (0x8a11) x12 0x00000004
core   0: 0x0000281e (0x0000997d) c.andi  a0, -1
core   0: 3 0x0000281e (0x997d) x10 0x22b90600
core   0: 0x00002820 (0x007631b3) sltu    gp, a2, t2
core   0: 3 0x00002820 (0x007631b3) x3  0x00000001
core   0: 0x00002824 (0x000014fd) c.addi  s1, -1
core   0: 3 0x00002824 (0x14fd) x9  0x0000001c
core   0: 0x00002826 (0x00006f41) c.lui   t5, 0x10
core   0: 3 0x00002826 (0x6f41) x30 0x00010000
core   0: 0x00002828 (0xa5a5afb7) lui     t6, 0xa5a5a
core   0: 3 0x00002828 (0xa5a5afb7) x31 0xa5a5a000
core   0: 0x0000282c (0x5a5f8f93) addi    t6, t6, 1445
core   0: 3 0x0000282c (0x5a5f8f93) x31 0xa5a5a5a5
core   0: 0x00002830 (0x601f1f93) ctz     t6, t5
core   0: 3 0x00002830 (0x601f1f93) x31 0x00000010
core   0: 0x00002834 (0x41345993) srai    s3, s0, 19
core   0: 3 0x00002834 (0x41345993) x19 0x00000e95
core   0: 0x00002838 (0x74a98897) auipc   a7, 0x74a98
core   0: 3 0x00002838 (0x74a98897) x17 0x74a9a838
core   0: 0x0000283c (0x02766033) rem     zero, a2, t2
core   0: 3 0x0000283c (0x02766033)
core   0: 0x00002840 (0x00008e89) c.sub   a3, a0
core   0: 3 0x00002840 (0x8e89) x13 0xdd46fa00
core   0: 0x00002842 (0x0143d413) srli    s0, t2, 20
core   0: 3 0x00002842 (0x0143d413) x8  0x00000000
core   0: 0x00002846 (0x02390533) mul     a0, s2, gp
core   0: 3 0x00002846 (0x02390533) x10 0x00000000
core   0: 0x0000284a (0x01cde533) or      a0, s11, t3
core   0: 3 0x0000284a (0x01cde533) x10 0x0ac22b90
core   0: 0x0000284e (0x00008d55) c.or    a0, a3
core   0: 3 0x0000284e (0x8d55) x10 0xdfc6fb90
core   0: 0x00002850 (0x00008e51) c.or    a2, a2
core   0: 3 0x00002850 (0x8e51) x12 0x00000004
core   0: 0x00002852 (0x00008ef1) c.and   a3, a2
core   0: 3 0x00002852 (0x8ef1) x13 0x00000000
core   0: 0x00002854 (0x80000f37) lui     t5, 0x80000
core   0: 3 0x00002854 (0x80000f37) x30 0x80000000
core   0: 0x00002858 (0x00001f7d) c.addi  t5, -1
core   0: 3 0x00002858 (0x1f7d) x30 0x7fffffff
core   0: 0x0000285a (0x00004f81) c.li    t6, 0
core   0: 3 0x0000285a (0x4f81) x31 0x00000000
core   0: 0x0000285c (0x602f1f93) cpop    t6, t5
core   0: 3 0x0000285c (0x602f1f93) x31 0x0000001f
core   0: 0x00002860 (0x00000095) c.addi  ra, 5
core   0: 3 0x00002860 (0x0095) x1  0x00009005
core   0: 0x00002862 (0x00b22e33) slt     t3, tp, a1
core   0: 3 0x00002862 (0x00b22e33) x28 0x00000000
core   0: 0x00002866 (0x0482e463) bltu    t0, s0, pc + 72
core   0: 3 0x00002866 (0x0482e463)
core   0: 0x0000286a (0x3dc4f013) andi    zero, s1, 988
core   0: 3 0x0000286a (0x3dc4f013)
core   0: 0x0000286e (0xd789adb7) lui     s11, 0xd789a
core   0: 3 0x0000286e (0xd789adb7) x27 0xd789a000
core   0: 0x00002872 (0x013f1613) slli    a2, t5, 19
core   0: 3 0x00002872 (0x013f1613) x12 0xfff80000
core   0: 0x00002876 (0x07d58663) beq     a1, t4, pc + 108
core   0: 3 0x00002876 (0x07d58663)
core   0: 0x000028e2 (0xfd916013) ori     zero, sp, -39
core   0: 3 0x000028e2 (0xfd916013)
core   0: 0x000028e6 (0x0196f363) bgeu    a3, s9, pc + 6
core   0: 3 0x000028e6 (0x0196f363)
core   0: 0x000028ea (0x00000001) c.nop
core   0: 3 0x000028ea (0x0001)
core   0: 0x000028ec (0xae548613) addi    a2, s1, -1307
core   0: 3 0x000028ec (0xae548613) x12 0xfffffb01
core   0: 0x000028f0 (0x03b19663) bne     gp, s11, pc + 44
core   0: 3 0x000028f0 (0x03b19663)
core   0: 0x0000291c (0x01e1f533) and     a0, gp, t5
core   0: 3 0x0000291c (0x01e1f533) x10 0x00000001
core   0: 0x00002920 (0x026b3633) mulhu   a2, s6, t1
core   0: 3 0x00002920 (0x026b3633) x12 0x00000000
core   0: 0x00002924 (0x00008ed1) c.or    a3, a2
core   0: 3 0x00002924 (0x8ed1) x13 0x00000000
core   0: 0x00002926 (0x00007f41) c.lui   t5, 0xffff0
core   0: 3 0x00002926 (0x7f41) x30 0xffff0000
core   0: 0x00002928 (0x00000f05) c.addi  t5, 1
core   0: 3 0x00002928 (0x0f05) x30 0xffff0001
core   0: 0x0000292a (0x80000fb7) lui     t6, 0x80000
core   0: 3 0x0000292a (0x80000fb7) x31 0x80000000
core   0: 0x0000292e (0x0bff7fb3) maxu    t6, t5, t6
core   0: 3 0x0000292e (0x0bff7fb3) x31 0xffff0001
core   0: 0x00002932 (0x00008d6d) c.and   a0, a1
core   0: 3 0x00002932 (0x8d6d) x10 0x00000000
core   0: 0x00002934 (0x00006119) c.addi16sp sp, 384
core   0: 3 0x00002934 (0x6119) x2  0x00017465
core   0: 0x00002936 (0x01d41333) sll     t1, s0, t4
core   0: 3 0x00002936 (0x01d41333) x6  0x00000000
core   0: 0x0000293a (0x0000815d) c.srli  a0, 23
core   0: 3 0x0000293a (0x815d) x10 0x00000000
core   0: 0x0000293c (0x01469e13) slli    t3, a3, 20
core   0: 3 0x0000293c (0x01469e13) x28 0x00000000
core   0: 0x00002940 (0x01781fb3) sll     t6, a6, s7
core   0: 3 0x00002940 (0x01781fb3) x31 0x22b90600
core   0: 0x00002944 (0x49942c93) slti    s9, s0, 1177
core   0: 3 0x00002944 (0x49942c93) x25 0x00000001
core   0: 0x00002948 (0x000090ca) c.add   ra, s2
core   0: 3 0x00002948 (0x90ca) x1  0x00009005
core   0: 0x0000294a (0x40b608b3) sub     a7, a2, a1
core   0: 3 0x0000294a (0x40b608b3) x17 0x00000000
core   0: 0x0000294e (0x03308033) mul     zero, ra, s3
core   0: 3 0x0000294e (0x03308033)
core   0: 0x00002952 (0x00006f41) c.lui   t5, 0x10
core   0: 3 0x00002952 (0x6f41) x30 0x00010000
core   0: 0x00002954 (0xa5a5afb7) lui     t6, 0xa5a5a
core   0: 3 0x00002954 (0xa5a5afb7) x31 0xa5a5a000
core   0: 0x00002958 (0x5a5f8f93) addi    t6, t6, 1445
core   0: 3 0x00002958 (0x5a5f8f93) x31 0xa5a5a5a5
core   0: 0x0000295c (0x604f1f93) sext.b  t6, t5
core   0: 3 0x0000295c (0x604f1f93) x31 0x00000000
core   0: 0x00002960 (0x00008161) c.srli  a0, 24
core   0: 3 0x00002960 (0x8161) x10 0x00000000
core   0: 0x00002962 (0x019b1e63) bne     s6, s9, pc + 28
core   0: 3 0x00002962 (0x019b1e63)
core   0: 0x0000297e (0x404f07b3) sub     a5, t5, tp
core   0: 3 0x0000297e (0x404f07b3) x15 0x00010000
core   0: 0x00002982 (0x80000f37) lui     t5, 0x80000
core   0: 3 0x00002982 (0x80000f37) x30 0x80000000
core   0: 0x00002986 (0x00001f7d) c.addi  t5, -1
core   0: 3 0x00002986 (0x1f7d) x30 0x7fffffff
core   0: 0x00002988 (0x00004f81) c.li    t6, 0
core   0: 3 0x00002988 (0x4f81) x31 0x00000000
core   0: 0x0000298a (0x605f1f93) sext.h  t6, t5
core   0: 3 0x0000298a (0x605f1f93) x31 0xffffffff
core   0: 0x0000298e (0x00008966) c.mv    s2, s9
core   0: 3 0x0000298e (0x8966) x18 0x00000001
core   0: 0x00002990 (0x0000c491) c.beqz  s1, pc + 12
core   0: 3 0x00002990 (0xc491)
core   0: 0x00002992 (0x00006c85) c.lui   s9, 0x1
core   0: 3 0x00002992 (0x6c85) x25 0x00001000
core   0: 0x00002994 (0x00710e33) add     t3, sp, t2
core   0: 3 0x00002994 (0x00710e33) x28 0x00029919
core   0: 0x00002998 (0xb0037613) andi    a2, t1, -1280
core   0: 3 0x00002998 (0xb0037613) x12 0x00000000
core   0: 0x0000299c (0xe9cc2013) slti    zero, s8, -356
core   0: 3 0x0000299c (0xe9cc2013)
core   0: 0x000029a0 (0x04b67f63) bgeu    a2, a1, pc + 94
core   0: 3 0x000029a0 (0x04b67f63)
core   0: 0x000029fe (0x03ef3833) mulhu   a6, t5, t5
core   0: 3 0x000029fe (0x03ef3833) x16 0x3fffffff
core   0: 0x00002a02 (0x01d407b3) add     a5, s0, t4
core   0: 3 0x00002a02 (0x01d407b3) x15 0x00000000
core   0: 0x00002a06 (0x02d258b3) divu    a7, tp, a3
core   0: 3 0x00002a06 (0x02d258b3) x17 0xffffffff
core   0: 0x00002a0a (0x03a03933) mulhu   s2, zero, s10
core   0: 3 0x00002a0a (0x03a03933) x18 0x00000000
core   0: 0x00002a0e (0x419d5313) srai    t1, s10, 25
core   0: 3 0x00002a0e (0x419d5313) x6  0x00000000
core   0: 0x00002a12 (0x007a2033) slt     zero, s4, t2
core   0: 3 0x00002a12 (0x007a2033)
core   0: 0x00002a16 (0x00004f01) c.li    t5, 0
core   0: 3 0x00002a16 (0x4f01) x30 0x00000000
core   0: 0x00002a18 (0x80000fb7) lui     t6, 0x80000
core   0: 3 0x00002a18 (0x80000fb7) x31 0x80000000
core   0: 0x00002a1c (0x00001ffd) c.addi  t6, -1
core   0: 3 0x00002a1c (0x1ffd) x31 0x7fffffff
core   0: 0x00002a1e (0x61ff5fb3) ror     t6, t5, t6
core   0: 3 0x00002a1e (0x61ff5fb3) x31 0x00000000
core   0: 0x00002a22 (0x34009073) csrw    mscratch, ra
core   0: 3 0x00002a22 (0x34009073) c832_mscratch 0x00009005
core   0: 0x00002a26 (0x008000ef) jal     pc + 0x8
core   0: 3 0x00002a26 (0x008000ef) x1  0x00002a2a
core   0: 0x00002a2e (0x340020f3) csrr    ra, mscratch
core   0: 3 0x00002a2e (0x340020f3) x1  0x00009005
core   0: 0x00002a32 (0x014c4933) xor     s2, s8, s4
core   0: 3 0x00002a32 (0x014c4933) x18 0xa9eea5c8
core   0: 0x00002a36 (0x00a2efb3) or      t6, t0, a0
core   0: 3 0x00002a36 (0x00a2efb3) x31 0xbde7a48c
core   0: 0x00002a3a (0x01405613) srli    a2, zero, 20
core   0: 3 0x00002a3a (0x01405613) x12 0x00000000
core   0: 0x00002a3e (0x000056fd) c.li    a3, -1
core   0: 3 0x00002a3e (0x56fd) x13 0xffffffff
core   0: 0x00002a40 (0x00cbbfb3) sltu    t6, s7, a2
core   0: 3 0x00002a40 (0x00cbbfb3) x31 0x00000000
core   0: 0x00002a44 (0x00008ef5) c.and   a3, a3
core   0: 3 0x00002a44 (0x8ef5) x13 0xffffffff
core   0: 0x00002a46 (0x04ab7a63) bgeu    s6, a0, pc + 84
core   0: 3 0x00002a46 (0x04ab7a63)
core   0: 0x00002a9a (0x00004cd1) c.li    s9, 20
core   0: 3 0x00002a9a (0x4cd1) x25 0x00000014
core   0: 0x00002a9c (0x94486c97) auipc   s9, 0x94486
core   0: 3 0x00002a9c (0x94486c97) x25 0x94488a9c
core   0: 0x00002aa0 (0x0000896d) c.andi  a0, 27
core   0: 3 0x00002aa0 (0x896d) x10 0x00000000
core   0: 0x00002aa2 (0x00008e8e) c.mv    t4, gp
core   0: 3 0x00002aa2 (0x8e8e) x29 0x00000001
core   0: 0x00002aa4 (0x80000f37) lui     t5, 0x80000
core   0: 3 0x00002aa4 (0x80000f37) x30 0x80000000
core   0: 0x00002aa8 (0x00001f7d) c.addi  t5, -1
core   0: 3 0x00002aa8 (0x1f7d) x30 0x7fffffff
core   0: 0x00002aaa (0x00004f81) c.li    t6, 0
core   0: 3 0x00002aaa (0x4f81) x31 0x00000000
core   0: 0x00002aac (0x698f5f93) rev8.rv32 (args unknown)
core   0: 3 0x00002aac (0x698f5f93) x31 0xffffff7f
core   0: 0x00002ab0 (0x34041073) csrw    mscratch, s0
core   0: 3 0x00002ab0 (0x34041073) c832_mscratch 0x00000000
core   0: 0x00002ab4 (0x00007417) auipc   s0, 0x7
core   0: 3 0x00002ab4 (0x00007417) x8  0x00009ab4
core   0: 0x00002ab8 (0xbd440413) addi    s0, s0, -1068
core   0: 3 0x00002ab8 (0xbd440413) x8  0x00009688
core   0: 0x00002abc (0x0000c004) c.sw    s1, 0(s0)
core   0: 3 0x00002abc (0xc004) mem 0x00009688 0x0000001c
core   0: 0x00002abe (0x00242223) sw      sp, 4(s0)
core   0: 3 0x00002abe (0x00242223) mem 0x0000968c 0x00017465
core   0: 0x00002ac2 (0x00840113) addi    sp, s0, 8
core   0: 3 0x00002ac2 (0x00840113) x2  0x00009690
core   0: 0x00002ac6 (0x0000c07e) c.swsp  t6, 0(sp)
core   0: 3 0x00002ac6 (0xc07e) mem 0x00009690 0xffffff7f
core   0: 0x00002ac8 (0x00004f02) c.lwsp  t5, 0(sp)
core   0: 3 0x00002ac8 (0x4f02) x30 0xffffff7f mem 0x00009690
core   0: 0x00002aca (0x01f42423) sw      t6, 8(s0)
core   0: 3 0x00002aca (0x01f42423) mem 0x00009690 0xffffff7f
core   0: 0x00002ace (0x00004404) c.lw    s1, 8(s0)
core   0: 3 0x00002ace (0x4404) x9  0xffffff7f mem 0x00009690
core   0: 0x00002ad0 (0x0000c404) c.sw    s1, 8(s0)
core   0: 3 0x00002ad0 (0xc404) mem 0x00009690 0xffffff7f
core   0: 0x00002ad2 (0x00442103) lw      sp, 4(s0)
core   0: 3 0x00002ad2 (0x00442103) x2  0x00017465 mem 0x0000968c
core   0: 0x00002ad6 (0x00004004) c.lw    s1, 0(s0)
core   0: 3 0x00002ad6 (0x4004) x9  0x0000001c mem 0x00009688
core   0: 0x00002ad8 (0x34002473) csrr    s0, mscratch
core   0: 3 0x00002ad8 (0x34002473) x8  0x00000000
core   0: 0x00002adc (0x000000b5) c.addi  ra, 13
core   0: 3 0x00002adc (0x00b5) x1  0x00009012
core   0: 0x00002ade (0x00009316) c.add   t1, t0
core   0: 3 0x00002ade (0x9316) x6  0xbde7a48c
core   0: 0x00002ae0 (0x021a4233) div     tp, s4, ra
core   0: 3 0x00002ae0 (0x021a4233) x4  0x000098ef
core   0: 0x00002ae4 (0x01c6d633) srl     a2, a3, t3
core   0: 3 0x00002ae4 (0x01c6d633) x12 0x0000007f
core   0: 0x00002ae8 (0x0000956a) c.add   a0, s10
core   0: 3 0x00002ae8 (0x956a) x10 0x000172d4
core   0: 0x00002aea (0x03858233) mul     tp, a1, s8
core   0: 3 0x00002aea (0x03858233) x4  0x00000000
core   0: 0x00002aee (0x04ecc963) blt     s9, a4, pc + 82
core   0: 3 0x00002aee (0x04ecc963)
core   0: 0x00002b40 (0x00008d61) c.and   a0, s0
core   0: 3 0x00002b40 (0x8d61) x10 0x00000000
core   0: 0x00002b42 (0x849cc513) xori    a0, s9, -1975
core   0: 3 0x00002b42 (0x849cc513) x10 0x6bb772d5
core   0: 0x00002b46 (0x02bb2fb3) mulhsu  t6, s6, a1
core   0: 3 0x00002b46 (0x02bb2fb3) x31 0x00000000
core   0: 0x00002b4a (0x00008a31) c.andi  a2, 12
core   0: 3 0x00002b4a (0x8a31) x12 0x0000000c
core   0: 0x00002b4c (0x0000cd0d) c.beqz  a0, pc + 58
core   0: 3 0x00002b4c (0xcd0d)
core   0: 0x00002b4e (0x06429063) bne     t0, tp, pc + 96
core   0: 3 0x00002b4e (0x06429063)
core   0: 0x00002bae (0x00008d75) c.and   a0, a3
core   0: 3 0x00002bae (0x8d75) x10 0x6bb772d5
core   0: 0x00002bb0 (0x0035ffb3) and     t6, a1, gp
core   0: 3 0x00002bb0 (0x0035ffb3) x31 0x00000000
core   0: 0x00002bb4 (0x0131dbb3) srl     s7, gp, s3
core   0: 3 0x00002bb4 (0x0131dbb3) x23 0x00000000
core   0: 0x00002bb8 (0x00b71633) sll     a2, a4, a1
core   0: 3 0x00002bb8 (0x00b71633) x12 0x00000000
core   0: 0x00002bbc (0x00009676) c.add   a2, t4
core   0: 3 0x00002bbc (0x9676) x12 0x00000001
core   0: 0x00002bbe (0x00006f41) c.lui   t5, 0x10
core   0: 3 0x00002bbe (0x6f41) x30 0x00010000
core   0: 0x00002bc0 (0xa5a5afb7) lui     t6, 0xa5a5a
core   0: 3 0x00002bc0 (0xa5a5afb7) x31 0xa5a5a000
core   0: 0x00002bc4 (0x5a5f8f93) addi    t6, t6, 1445
core   0: 3 0x00002bc4 (0x5a5f8f93) x31 0xa5a5a5a5
core   0: 0x00002bc8 (0x49ff1f93) bclri   t6, t5, 31
core   0: 3 0x00002bc8 (0x49ff1f93) x31 0x00010000
core   0: 0x00002bcc (0x34009073) csrw    mscratch, ra
core   0: 3 0x00002bcc (0x34009073) c832_mscratch 0x00009012
core   0: 0x00002bd0 (0x00002009) c.jal   pc + 2
core   0: 3 0x00002bd0 (0x2009) x1  0x00002bd2
core   0: 0x00002bd2 (0x004000ef) jal     pc + 0x4
core   0: 3 0x00002bd2 (0x004000ef) x1  0x00002bd6
core   0: 0x00002bd6 (0x004000ef) jal     pc + 0x4
core   0: 3 0x00002bd6 (0x004000ef) x1  0x00002bda
core   0: 0x00002bda (0x00000097) auipc   ra, 0x0
core   0: 3 0x00002bda (0x00000097) x1  0x00002bda
core   0: 0x00002bde (0x00c08093) addi    ra, ra, 12
core   0: 3 0x00002bde (0x00c08093) x1  0x00002be6
core   0: 0x00002be2 (0x00008067) ret
core   0: 3 0x00002be2 (0x00008067)
core   0: 0x00002be6 (0x340020f3) csrr    ra, mscratch
core   0: 3 0x00002be6 (0x340020f3) x1  0x00009012
core   0: 0x00002bea (0x004e51b3) srl     gp, t3, tp
core   0: 3 0x00002bea (0x004e51b3) x3  0x00029919
core   0: 0x00002bee (0x034e6e33) rem     t3, t3, s4
core   0: 3 0x00002bee (0x034e6e33) x28 0x00029919
core   0: 0x00002bf2 (0x05e59663) bne     a1, t5, pc + 76
core   0: 3 0x00002bf2 (0x05e59663)
core   0: 0x00002c3e (0x41a80233) sub     tp, a6, s10
core   0: 3 0x00002c3e (0x41a80233) x4  0x3ffe8d2b
core   0: 0x00002c42 (0x80000f37) lui     t5, 0x80000
core   0: 3 0x00002c42 (0x80000f37) x30 0x80000000
core   0: 0x00002c46 (0x00007fc1) c.lui   t6, 0xffff0
core   0: 3 0x00002c46 (0x7fc1) x31 0xffff0000
core   0: 0x00002c48 (0x00000f85) c.addi  t6, 1
core   0: 3 0x00002c48 (0x0f85) x31 0xffff0001
core   0: 0x00002c4a (0x680f1f93) binvi   t6, t5, 0
core   0: 3 0x00002c4a (0x680f1f93) x31 0x80000001
core   0: 0x00002c4e (0x964fd017) auipc   zero, 0x964fd
core   0: 3 0x00002c4e (0x964fd017)
core   0: 0x00002c52 (0x00342cb3) slt     s9, s0, gp
core   0: 3 0x00002c52 (0x00342cb3) x25 0x00000001
core   0: 0x00002c56 (0x0000c119) c.beqz  a0, pc + 6
core   0: 3 0x00002c56 (0xc119)
core   0: 0x00002c58 (0x01e66eb3) or      t4, a2, t5
core   0: 3 0x00002c58 (0x01e66eb3) x29 0x80000001
core   0: 0x00002c5c (0x00008d71) c.and   a0, a2
core   0: 3 0x00002c5c (0x8d71) x10 0x00000001
core   0: 0x00002c5e (0x37a5c5b7) lui     a1, 0x37a5c
core   0: 3 0x00002c5e (0x37a5c5b7) x11 0x37a5c000
core   0: 0x00002c62 (0x0013b033) sltu    zero, t2, ra
core   0: 3 0x00002c62 (0x0013b033)
core   0: 0x00002c66 (0x056ede63) bge     t4, s6, pc + 92
core   0: 3 0x00002c66 (0x056ede63)
core   0: 0x00002c6a (0x000012fd) c.addi  t0, -1
core   0: 3 0x00002c6a (0x12fd) x5  0xbde7a48b
core   0: 0x00002c6c (0x4161d093) srai    ra, gp, 22
core   0: 3 0x00002c6c (0x4161d093) x1  0x00000000
core   0: 0x00002c70 (0xa5a5af37) lui     t5, 0xa5a5a
core   0: 3 0x00002c70 (0xa5a5af37) x30 0xa5a5a000
core   0: 0x00002c74 (0x5a5f0f13) addi    t5, t5, 1445
core   0: 3 0x00002c74 (0x5a5f0f13) x30 0xa5a5a5a5
core   0: 0x00002c78 (0x00006fc1) c.lui   t6, 0x10
core   0: 3 0x00002c78 (0x6fc1) x31 0x00010000
core   0: 0x00002c7a (0x29ff1f93) bseti   t6, t5, 31
core   0: 3 0x00002c7a (0x29ff1f93) x31 0xa5a5a5a5
core   0: 0x00002c7e (0x00008d11) c.sub   a0, a2
core   0: 3 0x00002c7e (0x8d11) x10 0x00000000
core   0: 0x00002c80 (0x5447a413) slti    s0, a5, 1348
core   0: 3 0x00002c80 (0x5447a413) x8  0x00000001
core   0: 0x00002c84 (0x6b07b113) sltiu   sp, a5, 1712
core   0: 3 0x00002c84 (0x6b07b113) x2  0x00000001
core   0: 0x00002c88 (0x2d2ab013) sltiu   zero, s5, 722
core   0: 3 0x00002c88 (0x2d2ab013)
core   0: 0x00002c8c (0xa3bfd737) lui     a4, 0xa3bfd
core   0: 3 0x00002c8c (0xa3bfd737) x14 0xa3bfd000
core   0: 0x00002c90 (0x028ae333) rem     t1, s5, s0
core   0: 3 0x00002c90 (0x028ae333) x6  0x00000000
core   0: 0x00002c94 (0x000096d6) c.add   a3, s5
core   0: 3 0x00002c94 (0x96d6) x13 0x00000000
core   0: 0x00002c96 (0x00da5e13) srli    t3, s4, 13
core   0: 3 0x00002c96 (0x00da5e13) x28 0x0002b08a
core   0: 0x00002c9a (0x000066c5) c.lui   a3, 0x11
core   0: 3 0x00002c9a (0x66c5) x13 0x00011000
core   0: 0x00002c9c (0x067d0363) beq     s10, t2, pc + 102
core   0: 3 0x00002c9c (0x067d0363)
core   0: 0x00002ca0 (0x00004f01) c.li    t5, 0
core   0: 3 0x00002ca0 (0x4f01) x30 0x00000000
core   0: 0x00002ca2 (0x80000fb7) lui     t6, 0x80000
core   0: 3 0x00002ca2 (0x80000fb7) x31 0x80000000
core   0: 0x00002ca6 (0x00001ffd) c.addi  t6, -1
core   0: 3 0x00002ca6 (0x1ffd) x31 0x7fffffff
core   0: 0x00002ca8 (0x0fff5fb3) czero.eqz t6, t5, t6
core   0: 3 0x00002ca8 (0x0fff5fb3) x31 0x00000000
core   0: 0x00002cac (0x00008d51) c.or    a0, a2
core   0: 3 0x00002cac (0x8d51) x10 0x00000001
core   0: 0x00002cae (0x40578b33) sub     s6, a5, t0
core   0: 3 0x00002cae (0x40578b33) x22 0x42185b75
core   0: 0x00002cb2 (0x029206b3) mul     a3, tp, s1
core   0: 3 0x00002cb2 (0x029206b3) x13 0xffd770b4
core   0: 0x00002cb6 (0x0295a033) mulhsu  zero, a1, s1
core   0: 3 0x00002cb6 (0x0295a033)
core   0: 0x00002cba (0x06120d63) beq     tp, ra, pc + 122
core   0: 3 0x00002cba (0x06120d63)
core   0: 0x00002cbe (0x0079f833) and     a6, s3, t2
core   0: 3 0x00002cbe (0x0079f833) x16 0x00000494
core   0: 0x00002cc2 (0x05687163) bgeu    a6, s6, pc + 66
core   0: 3 0x00002cc2 (0x05687163)
core   0: 0x00002cc6 (0x67227513) andi    a0, tp, 1650
core   0: 3 0x00002cc6 (0x67227513) x10 0x00000422
core   0: 0x00002cca (0x01bfa033) slt     zero, t6, s11
core   0: 3 0x00002cca (0x01bfa033)
core   0: 0x00002cce (0x00009fe6) c.add   t6, s9
core   0: 3 0x00002cce (0x9fe6) x31 0x00000001
core   0: 0x00002cd0 (0x00007f41) c.lui   t5, 0xffff0
core   0: 3 0x00002cd0 (0x7f41) x30 0xffff0000
core   0: 0x00002cd2 (0x00000f05) c.addi  t5, 1
core   0: 3 0x00002cd2 (0x0f05) x30 0xffff0001
core   0: 0x00002cd4 (0x80000fb7) lui     t6, 0x80000
core   0: 3 0x00002cd4 (0x80000fb7) x31 0x80000000
core   0: 0x00002cd8 (0x0fff7fb3) czero.nez t6, t5, t6
core   0: 3 0x00002cd8 (0x0fff7fb3) x31 0x00000000
core   0: 0x00002cdc (0x80000f37) lui     t5, 0x80000
core   0: 3 0x00002cdc (0x80000f37) x30 0x80000000
core   0: 0x00002ce0 (0x00005ffd) c.li    t6, -1
core   0: 3 0x00002ce0 (0x5ffd) x31 0xffffffff
core   0: 0x00002ce2 (0x03ff4fb3) div     t6, t5, t6
core   0: 3 0x00002ce2 (0x03ff4fb3) x31 0x80000000
core   0: 0x00002ce6 (0x03ef6fb3) rem     t6, t5, t5
core   0: 3 0x00002ce6 (0x03ef6fb3) x31 0x00000000
core   0: 0x00002cea (0x00004f81) c.li    t6, 0
core   0: 3 0x00002cea (0x4f81) x31 0x00000000
core   0: 0x00002cec (0x03ff5fb3) divu    t6, t5, t6
core   0: 3 0x00002cec (0x03ff5fb3) x31 0xffffffff
core   0: 0x00002cf0 (0x00004f81) c.li    t6, 0
core   0: 3 0x00002cf0 (0x4f81) x31 0x00000000
core   0: 0x00002cf2 (0x03ff6fb3) rem     t6, t5, t6
core   0: 3 0x00002cf2 (0x03ff6fb3) x31 0x80000000
core   0: 0x00002cf6 (0x41ab07b3) sub     a5, s6, s10
core   0: 3 0x00002cf6 (0x41ab07b3) x15 0x4216e8a1
core   0: 0x00002cfa (0x01ef21b3) slt     gp, t5, t5
core   0: 3 0x00002cfa (0x01ef21b3) x3  0x00000000
core   0: 0x00002cfe (0x40005293) srai    t0, zero, 0
core   0: 3 0x00002cfe (0x40005293) x5  0x00000000
core   0: 0x00002d02 (0x00000159) c.addi  sp, 22
core   0: 3 0x00002d02 (0x0159) x2  0x00000017
core   0: 0x00002d04 (0x4062d0b3) sra     ra, t0, t1
core   0: 3 0x00002d04 (0x4062d0b3) x1  0x00000000
core   0: 0x00002d08 (0x00fa10b3) sll     ra, s4, a5
core   0: 3 0x00002d08 (0x00fa10b3) x1  0xac22b902
core   0: 0x00002d0c (0x024c08b3) mul     a7, s8, tp
core   0: 3 0x00002d0c (0x024c08b3) x17 0x49ba1443
core   0: 0x00002d10 (0x02330263) beq     t1, gp, pc + 36
core   0: 3 0x00002d10 (0x02330263)
core   0: 0x00002d34 (0x00008d65) c.and   a0, s1
core   0: 3 0x00002d34 (0x8d65) x10 0x00000000
core   0: 0x00002d36 (0x645b2b13) slti    s6, s6, 1605
core   0: 3 0x00002d36 (0x645b2b13) x22 0x00000000
core   0: 0x00002d3a (0x00006151) c.addi16sp sp, 272
core   0: 3 0x00002d3a (0x6151) x2  0x00000127
core   0: 0x00002d3c (0x07456e93) ori     t4, a0, 116
core   0: 3 0x00002d3c (0x07456e93) x29 0x00000074
core   0: 0x00002d40 (0x41c8d713) srai    a4, a7, 28
core   0: 3 0x00002d40 (0x41c8d713) x14 0x00000004
core   0: 0x00002d44 (0x00008d55) c.or    a0, a3
core   0: 3 0x00002d44 (0x8d55) x10 0xffd770b4
core   0: 0x00002d46 (0x00445a63) bge     s0, tp, pc + 20
core   0: 3 0x00002d46 (0x00445a63)
core   0: 0x00002d4a (0x80000f37) lui     t5, 0x80000
core   0: 3 0x00002d4a (0x80000f37) x30 0x80000000
core   0: 0x00002d4e (0x00001f7d) c.addi  t5, -1
core   0: 3 0x00002d4e (0x1f7d) x30 0x7fffffff
core   0: 0x00002d50 (0x00004f81) c.li    t6, 0
core   0: 3 0x00002d50 (0x4f81) x31 0x00000000
core   0: 0x00002d52 (0x21ff4fb3) sh2add  t6, t5, t6
core   0: 3 0x00002d52 (0x21ff4fb3) x31 0xfffffffc
core   0: 0x00002d56 (0x0134fa33) and     s4, s1, s3
core   0: 3 0x00002d56 (0x0134fa33) x20 0x00000014
core   0: 0x00002d5a (0x24dc6893) ori     a7, s8, 589
core   0: 3 0x00002d5a (0x24dc6893) x17 0xfffffb4d
core   0: 0x00002d5e (0x000090a6) c.add   ra, s1
core   0: 3 0x00002d5e (0x90a6) x1  0xac22b91e
core   0: 0x00002d60 (0x03343db3) mulhu   s11, s0, s3
core   0: 3 0x00002d60 (0x03343db3) x27 0x00000000
core   0: 0x00002d64 (0x00008d31) c.xor   a0, a2
core   0: 3 0x00002d64 (0x8d31) x10 0xffd770b5
core   0: 0x00002d66 (0x01a70033) add     zero, a4, s10
core   0: 3 0x00002d66 (0x01a70033)
core   0: 0x00002d6a (0x03b66d63) bltu    a2, s11, pc + 58
core   0: 3 0x00002d6a (0x03b66d63)
core   0: 0x00002d6e (0x011c0a33) add     s4, s8, a7
core   0: 3 0x00002d6e (0x011c0a33) x20 0xfffff496
core   0: 0x00002d72 (0x05b9e963) bltu    s3, s11, pc + 82
core   0: 3 0x00002d72 (0x05b9e963)
core   0: 0x00002d76 (0x00000536) c.slli  a0, 13
core   0: 3 0x00002d76 (0x0536) x10 0xee16a000
core   0: 0x00002d78 (0x80000f37) lui     t5, 0x80000
core   0: 3 0x00002d78 (0x80000f37) x30 0x80000000
core   0: 0x00002d7c (0x00007fc1) c.lui   t6, 0xffff0
core   0: 3 0x00002d7c (0x7fc1) x31 0xffff0000
core   0: 0x00002d7e (0x00000f85) c.addi  t6, 1
core   0: 3 0x00002d7e (0x0f85) x31 0xffff0001
core   0: 0x00002d80 (0x21ff6fb3) sh3add  t6, t5, t6
core   0: 3 0x00002d80 (0x21ff6fb3) x31 0xffff0001
core   0: 0x00002d84 (0x34009073) csrw    mscratch, ra
core   0: 3 0x00002d84 (0x34009073) c832_mscratch 0xac22b91e
core   0: 0x00002d88 (0x008000ef) jal     pc + 0x8
core   0: 3 0x00002d88 (0x008000ef) x1  0x00002d8c
core   0: 0x00002d90 (0x340020f3) csrr    ra, mscratch
core   0: 3 0x00002d90 (0x340020f3) x1  0xac22b91e
core   0: 0x00002d94 (0xa5ac2d93) slti    s11, s8, -1446
core   0: 3 0x00002d94 (0xa5ac2d93) x27 0x00000001
core   0: 0x00002d98 (0x03a340b3) div     ra, t1, s10
core   0: 3 0x00002d98 (0x03a340b3) x1  0x00000000
core   0: 0x00002d9c (0x00009976) c.add   s2, t4
core   0: 3 0x00002d9c (0x9976) x18 0xa9eea63c
core   0: 0x00002d9e (0x039de763) bltu    s11, s9, pc + 46
core   0: 3 0x00002d9e (0x039de763)
core   0: 0x00002da2 (0x00006139) c.addi16sp sp, 448
core   0: 3 0x00002da2 (0x6139) x2  0x000002e7
core   0: 0x00002da4 (0xf92af713) andi    a4, s5, -110
core   0: 3 0x00002da4 (0xf92af713) x14 0x00000000
core   0: 0x00002da8 (0x268d3293) sltiu   t0, s10, 616
core   0: 3 0x00002da8 (0x268d3293) x5  0x00000000
core   0: 0x00002dac (0x00c10eb3) add     t4, sp, a2
core   0: 3 0x00002dac (0x00c10eb3) x29 0x000002e8
core   0: 0x00002db0 (0x05fa9e63) bne     s5, t6, pc + 92
core   0: 3 0x00002db0 (0x05fa9e63)
core   0: 0x00002e0c (0x00008cd5) c.or    s1, a3
core   0: 3 0x00002e0c (0x8cd5) x9  0xffd770bc
core   0: 0x00002e0e (0x00009fca) c.add   t6, s2
core   0: 3 0x00002e0e (0x9fca) x31 0xa9eda63d
core   0: 0x00002e10 (0x126f2817) auipc   a6, 0x126f2
core   0: 3 0x00002e10 (0x126f2817) x16 0x126f4e10
core   0: 0x00002e14 (0x00c04433) xor     s0, zero, a2
core   0: 3 0x00002e14 (0x00c04433) x8  0x00000001
core   0: 0x00002e18 (0x00000001) c.nop
core   0: 3 0x00002e18 (0x0001)
core   0: 0x00002e1a (0x00007f41) c.lui   t5, 0xffff0
core   0: 3 0x00002e1a (0x7f41) x30 0xffff0000
core   0: 0x00002e1c (0x00000f05) c.addi  t5, 1
core   0: 3 0x00002e1c (0x0f05) x30 0xffff0001
core   0: 0x00002e1e (0x80000fb7) lui     t6, 0x80000
core   0: 3 0x00002e1e (0x80000fb7) x31 0x80000000
core   0: 0x00002e22 (0x41ff4fb3) xnor    t6, t5, t6
core   0: 3 0x00002e22 (0x41ff4fb3) x31 0x8000fffe
core   0: 0x00002e26 (0x8aefbc93) sltiu   s9, t6, -1874
core   0: 3 0x00002e26 (0x8aefbc93) x25 0x00000001
core   0: 0x00002e2a (0x5fda0c13) addi    s8, s4, 1533
core   0: 3 0x00002e2a (0x5fda0c13) x24 0xfffffa93
core   0: 0x00002e2e (0xfd81b013) sltiu   zero, gp, -40
core   0: 3 0x00002e2e (0xfd81b013)
core   0: 0x00002e32 (0x408e5a33) sra     s4, t3, s0
core   0: 3 0x00002e32 (0x408e5a33) x20 0x00015845
core   0: 0x00002e36 (0x02cce2b3) rem     t0, s9, a2
core   0: 3 0x00002e36 (0x02cce2b3) x5  0x00000000
core   0: 0x00002e3a (0x9ad27a13) andi    s4, tp, -1619
core   0: 3 0x00002e3a (0x9ad27a13) x20 0x3ffe8929
core   0: 0x00002e3e (0x04654d63) blt     a0, t1, pc + 90
core   0: 3 0x00002e3e (0x04654d63)
core   0: 0x00002e98 (0x03844d63) blt     s0, s8, pc + 58
core   0: 3 0x00002e98 (0x03844d63)
core   0: 0x00002e9c (0x03b34c33) div     s8, t1, s11
core   0: 3 0x00002e9c (0x03b34c33) x24 0x00000000
core   0: 0x00002ea0 (0x0b178a93) addi    s5, a5, 177
core   0: 3 0x00002ea0 (0x0b178a93) x21 0x4216e952
core   0: 0x00002ea4 (0x0000897d) c.andi  a0, 31
core   0: 3 0x00002ea4 (0x897d) x10 0x00000000
core   0: 0x00002ea6 (0x80000f37) lui     t5, 0x80000
core   0: 3 0x00002ea6 (0x80000f37) x30 0x80000000
core   0: 0x00002eaa (0x00007fc1) c.lui   t6, 0xffff0
core   0: 3 0x00002eaa (0x7fc1) x31 0xffff0000
core   0: 0x00002eac (0x00000f85) c.addi  t6, 1
core   0: 3 0x00002eac (0x0f85) x31 0xffff0001
core   0: 0x00002eae (0x602f1f93) cpop    t6, t5
core   0: 3 0x00002eae (0x602f1f93) x31 0x00000001
core   0: 0x00002eb2 (0x06a34463) blt     t1, a0, pc + 104
core   0: 3 0x00002eb2 (0x06a34463)
core   0: 0x00002eb6 (0x00008005) c.srli  s0, 1
core   0: 3 0x00002eb6 (0x8005) x8  0x00000000
core   0: 0x00002eb8 (0x0014a5b3) slt     a1, s1, ra
core   0: 3 0x00002eb8 (0x0014a5b3) x11 0x00000001
core   0: 0x00002ebc (0x04c07b63) bgeu    zero, a2, pc + 86
core   0: 3 0x00002ebc (0x04c07b63)
core   0: 0x00002ec0 (0x025ac533) div     a0, s5, t0
core   0: 3 0x00002ec0 (0x025ac533) x10 0xffffffff
core   0: 0x00002ec4 (0x02250033) mul     zero, a0, sp
core   0: 3 0x00002ec4 (0x02250033)
core   0: 0x00002ec8 (0x0000814d) c.srli  a0, 19
core   0: 3 0x00002ec8 (0x814d) x10 0x00001fff
core   0: 0x00002eca (0x01a28733) add     a4, t0, s10
core   0: 3 0x00002eca (0x01a28733) x14 0x000172d4
core   0: 0x00002ece (0x01d2db13) srli    s6, t0, 29
core   0: 3 0x00002ece (0x01d2db13) x22 0x00000000
core   0: 0x00002ed2 (0x000004ce) c.slli  s1, 19
core   0: 3 0x00002ed2 (0x04ce) x9  0x85e00000
core   0: 0x00002ed4 (0xa5a5af37) lui     t5, 0xa5a5a
core   0: 3 0x00002ed4 (0xa5a5af37) x30 0xa5a5a000
core   0: 0x00002ed8 (0x5a5f0f13) addi    t5, t5, 1445
core   0: 3 0x00002ed8 (0x5a5f0f13) x30 0xa5a5a5a5
core   0: 0x00002edc (0x00006fc1) c.lui   t6, 0x10
core   0: 3 0x00002edc (0x6fc1) x31 0x00010000
core   0: 0x00002ede (0x0bff4fb3) min     t6, t5, t6
core   0: 3 0x00002ede (0x0bff4fb3) x31 0xa5a5a5a5
core   0: 0x00002ee2 (0x34041073) csrw    mscratch, s0
core   0: 3 0x00002ee2 (0x34041073) c832_mscratch 0x00000000
core   0: 0x00002ee6 (0x00006417) auipc   s0, 0x6
core   0: 3 0x00002ee6 (0x00006417) x8  0x00008ee6
core   0: 0x00002eea (0x7a240413) addi    s0, s0, 1954
core   0: 3 0x00002eea (0x7a240413) x8  0x00009688
core   0: 0x00002eee (0x0000c004) c.sw    s1, 0(s0)
core   0: 3 0x00002eee (0xc004) mem 0x00009688 0x85e00000
core   0: 0x00002ef0 (0x00242223) sw      sp, 4(s0)
core   0: 3 0x00002ef0 (0x00242223) mem 0x0000968c 0x000002e7
core   0: 0x00002ef4 (0x00840113) addi    sp, s0, 8
core   0: 3 0x00002ef4 (0x00840113) x2  0x00009690
core   0: 0x00002ef8 (0x0000c07e) c.swsp  t6, 0(sp)
core   0: 3 0x00002ef8 (0xc07e) mem 0x00009690 0xa5a5a5a5
core   0: 0x00002efa (0x00004f02) c.lwsp  t5, 0(sp)
core   0: 3 0x00002efa (0x4f02) x30 0xa5a5a5a5 mem 0x00009690
core   0: 0x00002efc (0x01f42423) sw      t6, 8(s0)
core   0: 3 0x00002efc (0x01f42423) mem 0x00009690 0xa5a5a5a5
core   0: 0x00002f00 (0x00004404) c.lw    s1, 8(s0)
core   0: 3 0x00002f00 (0x4404) x9  0xa5a5a5a5 mem 0x00009690
core   0: 0x00002f02 (0x0000c404) c.sw    s1, 8(s0)
core   0: 3 0x00002f02 (0xc404) mem 0x00009690 0xa5a5a5a5
core   0: 0x00002f04 (0x00442103) lw      sp, 4(s0)
core   0: 3 0x00002f04 (0x00442103) x2  0x000002e7 mem 0x0000968c
core   0: 0x00002f08 (0x00004004) c.lw    s1, 0(s0)
core   0: 3 0x00002f08 (0x4004) x9  0x85e00000 mem 0x00009688
core   0: 0x00002f0a (0x34002473) csrr    s0, mscratch
core   0: 3 0x00002f0a (0x34002473) x8  0x00000000
core   0: 0x00002f0e (0x00009492) c.add   s1, tp
core   0: 3 0x00002f0e (0x9492) x9  0xc5de8d2b
core   0: 0x00002f10 (0x00008bea) c.mv    s7, s10
core   0: 3 0x00002f10 (0x8bea) x23 0x000172d4
core   0: 0x00002f12 (0x0392dd63) bge     t0, s9, pc + 58
core   0: 3 0x00002f12 (0x0392dd63)
core   0: 0x00002f16 (0x007ff463) bgeu    t6, t2, pc + 8
core   0: 3 0x00002f16 (0x007ff463)
core   0: 0x00002f1e (0x0000852d) c.srai  a0, 11
core   0: 3 0x00002f1e (0x852d) x10 0x00000003
core   0: 0x00002f20 (0x00008d65) c.and   a0, s1
core   0: 3 0x00002f20 (0x8d65) x10 0x00000003
core   0: 0x00002f22 (0x050f1c63) bne     t5, a6, pc + 88
core   0: 3 0x00002f22 (0x050f1c63)
core   0: 0x00002f7a (0x018d1cb3) sll     s9, s10, s8
core   0: 3 0x00002f7a (0x018d1cb3) x25 0x000172d4
core   0: 0x00002f7e (0x037b3033) mulhu   zero, s6, s7
core   0: 3 0x00002f7e (0x037b3033)
core   0: 0x00002f82 (0x000087c5) c.srai  a5, 17
core   0: 3 0x00002f82 (0x87c5) x15 0x0000210b
core   0: 0x00002f84 (0x00008d55) c.or    a0, a3
core   0: 3 0x00002f84 (0x8d55) x10 0xffd770b7
core   0: 0x00002f86 (0x00006f41) c.lui   t5, 0x10
core   0: 3 0x00002f86 (0x6f41) x30 0x00010000
core   0: 0x00002f88 (0xa5a5afb7) lui     t6, 0xa5a5a
core   0: 3 0x00002f88 (0xa5a5afb7) x31 0xa5a5a000
core   0: 0x00002f8c (0x5a5f8f93) addi    t6, t6, 1445
core   0: 3 0x00002f8c (0x5a5f8f93) x31 0xa5a5a5a5
core   0: 0x00002f90 (0x0bff7fb3) maxu    t6, t5, t6
core   0: 3 0x00002f90 (0x0bff7fb3) x31 0xa5a5a5a5
core   0: 0x00002f94 (0x7e8ee713) ori     a4, t4, 2024
core   0: 3 0x00002f94 (0x7e8ee713) x14 0x000007e8
core   0: 0x00002f98 (0x41e48533) sub     a0, s1, t5
core   0: 3 0x00002f98 (0x41e48533) x10 0xc5dd8d2b
core   0: 0x00002f9c (0x009a7663) bgeu    s4, s1, pc + 12
core   0: 3 0x00002f9c (0x009a7663)
core   0: 0x00002fa0 (0x0000609d) c.lui   ra, 0x7
core   0: 3 0x00002fa0 (0x609d) x1  0x00007000
core   0: 0x00002fa2 (0x013418b3) sll     a7, s0, s3
core   0: 3 0x00002fa2 (0x013418b3) x17 0x00000000
core   0: 0x00002fa6 (0x0000180c) c.addi4spn a1, sp, 48
core   0: 3 0x00002fa6 (0x180c) x11 0x00000317
core   0: 0x00002fa8 (0x02b24833) div     a6, tp, a1
core   0: 3 0x00002fa8 (0x02b24833) x16 0x0014b610
core   0: 0x00002fac (0x41735a93) srai    s5, t1, 23
core   0: 3 0x00002fac (0x41735a93) x21 0x00000000
core   0: 0x00002fb0 (0x00000ee6) c.slli  t4, 25
core   0: 3 0x00002fb0 (0x0ee6) x29 0xd0000000
core   0: 0x00002fb2 (0x0064d693) srli    a3, s1, 6
core   0: 3 0x00002fb2 (0x0064d693) x13 0x03177a34
core   0: 0x00002fb6 (0x80000f37) lui     t5, 0x80000
core   0: 3 0x00002fb6 (0x80000f37) x30 0x80000000
core   0: 0x00002fba (0x00001f7d) c.addi  t5, -1
core   0: 3 0x00002fba (0x1f7d) x30 0x7fffffff
core   0: 0x00002fbc (0x00004f81) c.li    t6, 0
core   0: 3 0x00002fbc (0x4f81) x31 0x00000000
core   0: 0x00002fbe (0x604f1f93) sext.b  t6, t5
core   0: 3 0x00002fbe (0x604f1f93) x31 0xffffffff
core   0: 0x00002fc2 (0x000fc463) bltz    t6, pc + 8
core   0: 3 0x00002fc2 (0x000fc463)
core   0: 0x00002fca (0x000001f6) c.slli  gp, 29
core   0: 3 0x00002fca (0x01f6) x3  0x00000000
core   0: 0x00002fcc (0x0118d093) srli    ra, a7, 17
core   0: 3 0x00002fcc (0x0118d093) x1  0x00000000
core   0: 0x00002fd0 (0x00008d29) c.xor   a0, a0
core   0: 3 0x00002fd0 (0x8d29) x10 0x00000000
core   0: 0x00002fd2 (0x0229cdb3) div     s11, s3, sp
core   0: 3 0x00002fd2 (0x0229cdb3) x27 0x00000005
core   0: 0x00002fd6 (0x00008d61) c.and   a0, s0
core   0: 3 0x00002fd6 (0x8d61) x10 0x00000000
core   0: 0x00002fd8 (0x000081f6) c.mv    gp, t4
core   0: 3 0x00002fd8 (0x81f6) x3  0xd0000000
core   0: 0x00002fda (0x004140b3) xor     ra, sp, tp
core   0: 3 0x00002fda (0x004140b3) x1  0x3ffe8fcc
core   0: 0x00002fde (0x00008d45) c.or    a0, s1
core   0: 3 0x00002fde (0x8d45) x10 0xc5de8d2b
core   0: 0x00002fe0 (0x80000f37) lui     t5, 0x80000
core   0: 3 0x00002fe0 (0x80000f37) x30 0x80000000
core   0: 0x00002fe4 (0x00007fc1) c.lui   t6, 0xffff0
core   0: 3 0x00002fe4 (0x7fc1) x31 0xffff0000
core   0: 0x00002fe6 (0x00000f85) c.addi  t6, 1
core   0: 3 0x00002fe6 (0x0f85) x31 0xffff0001
core   0: 0x00002fe8 (0x605f1f93) sext.h  t6, t5
core   0: 3 0x00002fe8 (0x605f1f93) x31 0x00000000
core   0: 0x00002fec (0x34009073) csrw    mscratch, ra
core   0: 3 0x00002fec (0x34009073) c832_mscratch 0x3ffe8fcc
core   0: 0x00002ff0 (0x00002009) c.jal   pc + 2
core   0: 3 0x00002ff0 (0x2009) x1  0x00002ff2
core   0: 0x00002ff2 (0x004000ef) jal     pc + 0x4
core   0: 3 0x00002ff2 (0x004000ef) x1  0x00002ff6
core   0: 0x00002ff6 (0x004000ef) jal     pc + 0x4
core   0: 3 0x00002ff6 (0x004000ef) x1  0x00002ffa
core   0: 0x00002ffa (0x00000097) auipc   ra, 0x0
core   0: 3 0x00002ffa (0x00000097) x1  0x00002ffa
core   0: 0x00002ffe (0x00c08093) addi    ra, ra, 12
core   0: 3 0x00002ffe (0x00c08093) x1  0x00003006
core   0: 0x00003002 (0x00008067) ret
core   0: 3 0x00003002 (0x00008067)
core   0: 0x00003006 (0x340020f3) csrr    ra, mscratch
core   0: 3 0x00003006 (0x340020f3) x1  0x3ffe8fcc
core   0: 0x0000300a (0x404cdab3) sra     s5, s9, tp
core   0: 3 0x0000300a (0x404cdab3) x21 0x0000002e
core   0: 0x0000300e (0x221d6193) ori     gp, s10, 545
core   0: 3 0x0000300e (0x221d6193) x3  0x000172f5
core   0: 0x00003012 (0x0331eb63) bltu    gp, s3, pc + 54
core   0: 3 0x00003012 (0x0331eb63)
core   0: 0x00003016 (0x01937c33) and     s8, t1, s9
core   0: 3 0x00003016 (0x01937c33) x24 0x00000000
core   0: 0x0000301a (0x00008b72) c.mv    s6, t3
core   0: 3 0x0000301a (0x8b72) x22 0x0002b08a
core   0: 0x0000301c (0x00008d55) c.or    a0, a3
core   0: 3 0x0000301c (0x8d55) x10 0xc7dfff3f
core   0: 0x0000301e (0x00008d6d) c.and   a0, a1
core   0: 3 0x0000301e (0x8d6d) x10 0x00000317
core   0: 0x00003020 (0x03dc95b3) mulh    a1, s9, t4
core   0: 3 0x00003020 (0x03dc95b3) x11 0xffffba78
core   0: 0x00003024 (0x0230c563) blt     ra, gp, pc + 42
core   0: 3 0x00003024 (0x0230c563)
core   0: 0x00003028 (0x000085a1) c.srai  a1, 8
core   0: 3 0x00003028 (0x85a1) x11 0xffffffba
core   0: 0x0000302a (0xa5a5af37) lui     t5, 0xa5a5a
core   0: 3 0x0000302a (0xa5a5af37) x30 0xa5a5a000
core   0: 0x0000302e (0x5a5f0f13) addi    t5, t5, 1445
core   0: 3 0x0000302e (0x5a5f0f13) x30 0xa5a5a5a5
core   0: 0x00003032 (0x00006fc1) c.lui   t6, 0x10
core   0: 3 0x00003032 (0x6fc1) x31 0x00010000
core   0: 0x00003034 (0x080f4fb3) zext.h  t6, t5
core   0: 3 0x00003034 (0x080f4fb3) x31 0x0000a5a5
core   0: 0x00003038 (0x00b4eab3) or      s5, s1, a1
core   0: 3 0x00003038 (0x00b4eab3) x21 0xffffffbb
core   0: 0x0000303c (0x4b1d6717) auipc   a4, 0x4b1d6
core   0: 3 0x0000303c (0x4b1d6717) x14 0x4b1d903c
core   0: 0x00003040 (0xaedd4313) xori    t1, s10, -1299
core   0: 3 0x00003040 (0xaedd4313) x6  0xfffe8839
core   0: 0x00003044 (0x013c1cb3) sll     s9, s8, s3
core   0: 3 0x00003044 (0x013c1cb3) x25 0x00000000
core   0: 0x00003048 (0x00ea07b3) add     a5, s4, a4
core   0: 3 0x00003048 (0x00ea07b3) x15 0x8b1c1965
core   0: 0x0000304c (0x00009afd) c.andi  a3, -1
core   0: 3 0x0000304c (0x9afd) x13 0x03177a34
core   0: 0x0000304e (0x00006131) c.addi16sp sp, 320
core   0: 3 0x0000304e (0x6131) x2  0x00000427
core   0: 0x00003050 (0x00001014) c.addi4spn a3, sp, 32
core   0: 3 0x00003050 (0x1014) x13 0x00000447
core   0: 0x00003052 (0x00bff033) and     zero, t6, a1
core   0: 3 0x00003052 (0x00bff033)
core   0: 0x00003056 (0x42596893) ori     a7, s2, 1061
core   0: 3 0x00003056 (0x42596893) x17 0xa9eea63d
core   0: 0x0000305a (0x00004f01) c.li    t5, 0
core   0: 3 0x0000305a (0x4f01) x30 0x00000000
core   0: 0x0000305c (0x80000fb7) lui     t6, 0x80000
core   0: 3 0x0000305c (0x80000fb7) x31 0x80000000
core   0: 0x00003060 (0x00001ffd) c.addi  t6, -1
core   0: 3 0x00003060 (0x1ffd) x31 0x7fffffff
core   0: 0x00003062 (0x61ff1fb3) rol     t6, t5, t6
core   0: 3 0x00003062 (0x61ff1fb3) x31 0x00000000
core   0: 0x00003066 (0x023997b3) mulh    a5, s3, gp
core   0: 3 0x00003066 (0x023997b3) x15 0x00000000
core   0: 0x0000306a (0x0231eeb3) rem     t4, gp, gp
core   0: 3 0x0000306a (0x0231eeb3) x29 0x00000000
core   0: 0x0000306e (0x0000817a) c.mv    sp, t5
core   0: 3 0x0000306e (0x817a) x2  0x00000000
core   0: 0x00003070 (0x067ee663) bltu    t4, t2, pc + 108
core   0: 3 0x00003070 (0x067ee663)
core   0: 0x000030dc (0x01fc9eb3) sll     t4, s9, t6
core   0: 3 0x000030dc (0x01fc9eb3) x29 0x00000000
core   0: 0x000030e0 (0x00008d69) c.and   a0, a0
core   0: 3 0x000030e0 (0x8d69) x10 0x00000317
core   0: 0x000030e2 (0x1b4f8593) addi    a1, t6, 436
core   0: 3 0x000030e2 (0x1b4f8593) x11 0x000001b4
core   0: 0x000030e6 (0x400cdcb3) sra     s9, s9, zero
core   0: 3 0x000030e6 (0x400cdcb3) x25 0x00000000
core   0: 0x000030ea (0x2368ba13) sltiu   s4, a7, 566
core   0: 3 0x000030ea (0x2368ba13) x20 0x00000000
core   0: 0x000030ee (0x019ffe33) and     t3, t6, s9
core   0: 3 0x000030ee (0x019ffe33) x28 0x00000000
core   0: 0x000030f2 (0x70a16013) ori     zero, sp, 1802
core   0: 3 0x000030f2 (0x70a16013)
core   0: 0x000030f6 (0x80000f37) lui     t5, 0x80000
core   0: 3 0x000030f6 (0x80000f37) x30 0x80000000
core   0: 0x000030fa (0x00001f7d) c.addi  t5, -1
core   0: 3 0x000030fa (0x1f7d) x30 0x7fffffff
core   0: 0x000030fc (0x00004f81) c.li    t6, 0
core   0: 3 0x000030fc (0x4f81) x31 0x00000000
core   0: 0x000030fe (0x287f5f93) orc.b   t6, t5
core   0: 3 0x000030fe (0x287f5f93) x31 0xffffffff
core   0: 0x00003102 (0x80000f37) lui     t5, 0x80000
core   0: 3 0x00003102 (0x80000f37) x30 0x80000000
core   0: 0x00003106 (0x00005ffd) c.li    t6, -1
core   0: 3 0x00003106 (0x5ffd) x31 0xffffffff
core   0: 0x00003108 (0x03ff4fb3) div     t6, t5, t6
core   0: 3 0x00003108 (0x03ff4fb3) x31 0x80000000
core   0: 0x0000310c (0x03ef6fb3) rem     t6, t5, t5
core   0: 3 0x0000310c (0x03ef6fb3) x31 0x00000000
core   0: 0x00003110 (0x00004f81) c.li    t6, 0
core   0: 3 0x00003110 (0x4f81) x31 0x00000000
core   0: 0x00003112 (0x03ff5fb3) divu    t6, t5, t6
core   0: 3 0x00003112 (0x03ff5fb3) x31 0xffffffff
core   0: 0x00003116 (0x00004f81) c.li    t6, 0
core   0: 3 0x00003116 (0x4f81) x31 0x00000000
core   0: 0x00003118 (0x03ff6fb3) rem     t6, t5, t6
core   0: 3 0x00003118 (0x03ff6fb3) x31 0x80000000
core   0: 0x0000311c (0x003d5cb3) srl     s9, s10, gp
core   0: 3 0x0000311c (0x003d5cb3) x25 0x00000000
core   0: 0x00003120 (0x00008db5) c.xor   a1, a3
core   0: 3 0x00003120 (0x8db5) x11 0x000005f3
core   0: 0x00003122 (0x0000895a) c.mv    s2, s6
core   0: 3 0x00003122 (0x895a) x18 0x0002b08a
core   0: 0x00003124 (0x37653013) sltiu   zero, a0, 886
core   0: 3 0x00003124 (0x37653013)
core   0: 0x00003128 (0x002a6fb3) or      t6, s4, sp
core   0: 3 0x00003128 (0x002a6fb3) x31 0x00000000
core   0: 0x0000312c (0x00ab6033) or      zero, s6, a0
core   0: 3 0x0000312c (0x00ab6033)
core   0: 0x00003130 (0x000002a6) c.slli  t0, 9
core   0: 3 0x00003130 (0x02a6) x5  0x00000000
core   0: 0x00003132 (0x00000908) c.addi4spn a0, sp, 144
core   0: 3 0x00003132 (0x0908) x10 0x00000090
core   0: 0x00003134 (0x025d6033) rem     zero, s10, t0
core   0: 3 0x00003134 (0x025d6033)
core   0: 0x00003138 (0x40a7d033) sra     zero, a5, a0
core   0: 3 0x00003138 (0x40a7d033)
core   0: 0x0000313c (0x80000f37) lui     t5, 0x80000
core   0: 3 0x0000313c (0x80000f37) x30 0x80000000
core   0: 0x00003140 (0x00007fc1) c.lui   t6, 0xffff0
core   0: 3 0x00003140 (0x7fc1) x31 0xffff0000
core   0: 0x00003142 (0x00000f85) c.addi  t6, 1
core   0: 3 0x00003142 (0x0f85) x31 0xffff0001
core   0: 0x00003144 (0x698f5f93) rev8.rv32 (args unknown)
core   0: 3 0x00003144 (0x698f5f93) x31 0x00000080
core   0: 0x00003148 (0x000060b9) c.lui   ra, 0xe
core   0: 3 0x00003148 (0x60b9) x1  0x0000e000
core   0: 0x0000314a (0x00008d65) c.and   a0, s1
core   0: 3 0x0000314a (0x8d65) x10 0x00000000
core   0: 0x0000314c (0x8fe84013) xori    zero, a6, -1794
core   0: 3 0x0000314c (0x8fe84013)
core   0: 0x00003150 (0x30698013) addi    zero, s3, 774
core   0: 3 0x00003150 (0x30698013)
core   0: 0x00003154 (0x40a45a33) sra     s4, s0, a0
core   0: 3 0x00003154 (0x40a45a33) x20 0x00000000
core   0: 0x00003158 (0x409dd233) sra     tp, s11, s1
core   0: 3 0x00003158 (0x409dd233) x4  0x00000000
core   0: 0x0000315c (0x00008ef5) c.and   a3, a3
core   0: 3 0x0000315c (0x8ef5) x13 0x00000447
core   0: 0x0000315e (0x051e7763) bgeu    t3, a7, pc + 78
core   0: 3 0x0000315e (0x051e7763)
core   0: 0x00003162 (0x00008635) c.srai  a2, 13
core   0: 3 0x00003162 (0x8635) x12 0x00000000
core   0: 0x00003164 (0x00006105) c.addi16sp sp, 32
core   0: 3 0x00003164 (0x6105) x2  0x00000020
core   0: 0x00003166 (0xa5a5af37) lui     t5, 0xa5a5a
core   0: 3 0x00003166 (0xa5a5af37) x30 0xa5a5a000
core   0: 0x0000316a (0x5a5f0f13) addi    t5, t5, 1445
core   0: 3 0x0000316a (0x5a5f0f13) x30 0xa5a5a5a5
core   0: 0x0000316e (0x00006fc1) c.lui   t6, 0x10
core   0: 3 0x0000316e (0x6fc1) x31 0x00010000
core   0: 0x00003170 (0x49ff1fb3) bclr    t6, t5, t6
core   0: 3 0x00003170 (0x49ff1fb3) x31 0xa5a5a5a4
core   0: 0x00003174 (0x00008756) c.mv    a4, s5
core   0: 3 0x00003174 (0x8756) x14 0xffffffbb
core   0: 0x00003176 (0x000000e6) c.slli  ra, 25
core   0: 3 0x00003176 (0x00e6) x1  0x00000000
core   0: 0x00003178 (0x0250ae33) mulhsu  t3, ra, t0
core   0: 3 0x00003178 (0x0250ae33) x28 0x00000000
core   0: 0x0000317c (0x916c52b7) lui     t0, 0x916c5
core   0: 3 0x0000317c (0x916c52b7) x5  0x916c5000
core   0: 0x00003180 (0x012eb9b3) sltu    s3, t4, s2
core   0: 3 0x00003180 (0x012eb9b3) x19 0x00000001
core   0: 0x00003184 (0x00006139) c.addi16sp sp, 448
core   0: 3 0x00003184 (0x6139) x2  0x000001e0
core   0: 0x00003186 (0x00000001) c.nop
core   0: 3 0x00003186 (0x0001)
core   0: 0x00003188 (0x04bb9663) bne     s7, a1, pc + 76
core   0: 3 0x00003188 (0x04bb9663)
core   0: 0x000031d4 (0x0000c139) c.beqz  a0, pc + 70
core   0: 3 0x000031d4 (0xc139)
core   0: 0x0000321a (0x02a73533) mulhu   a0, a4, a0
core   0: 3 0x0000321a (0x02a73533) x10 0x00000000
core   0: 0x0000321e (0x01d35e93) srli    t4, t1, 29
core   0: 3 0x0000321e (0x01d35e93) x29 0x00000007
core   0: 0x00003222 (0x80000f37) lui     t5, 0x80000
core   0: 3 0x00003222 (0x80000f37) x30 0x80000000
core   0: 0x00003226 (0x00001f7d) c.addi  t5, -1
core   0: 3 0x00003226 (0x1f7d) x30 0x7fffffff
core   0: 0x00003228 (0x00004f81) c.li    t6, 0
core   0: 3 0x00003228 (0x4f81) x31 0x00000000
core   0: 0x0000322a (0x49ff1f93) bclri   t6, t5, 31
core   0: 3 0x0000322a (0x49ff1f93) x31 0x7fffffff
core   0: 0x0000322e (0x0409e563) bltu    s3, zero, pc + 74
core   0: 3 0x0000322e (0x0409e563)
core   0: 0x00003232 (0x02ef9ab3) mulh    s5, t6, a4
core   0: 3 0x00003232 (0x02ef9ab3) x21 0xffffffdd
core   0: 0x00003236 (0x8f36a013) slti    zero, a3, -1805
core   0: 3 0x00003236 (0x8f36a013)
core   0: 0x0000323a (0x00000804) c.addi4spn s1, sp, 16
core   0: 3 0x0000323a (0x0804) x9  0x000001f0
core   0: 0x0000323c (0x00000b62) c.slli  s6, 24
core   0: 3 0x0000323c (0x0b62) x22 0x8a000000
core   0: 0x0000323e (0x02594063) blt     s2, t0, pc + 32
core   0: 3 0x0000323e (0x02594063)
core   0: 0x00003242 (0x02ce2bb3) mulhsu  s7, t3, a2
core   0: 3 0x00003242 (0x02ce2bb3) x23 0x00000000
core   0: 0x00003246 (0x00000594) c.addi4spn a3, sp, 704
core   0: 3 0x00003246 (0x0594) x13 0x000004a0
core   0: 0x00003248 (0x00000001) c.nop
core   0: 3 0x00003248 (0x0001)
core   0: 0x0000324a (0x03d0c8b3) div     a7, ra, t4
core   0: 3 0x0000324a (0x03d0c8b3) x17 0x00000000
core   0: 0x0000324e (0x80000f37) lui     t5, 0x80000
core   0: 3 0x0000324e (0x80000f37) x30 0x80000000
core   0: 0x00003252 (0x00007fc1) c.lui   t6, 0xffff0
core   0: 3 0x00003252 (0x7fc1) x31 0xffff0000
core   0: 0x00003254 (0x00000f85) c.addi  t6, 1
core   0: 3 0x00003254 (0x0f85) x31 0xffff0001
core   0: 0x00003256 (0x48ff5f93) bexti   t6, t5, 15
core   0: 3 0x00003256 (0x48ff5f93) x31 0x00000000
core   0: 0x0000325a (0x00079613) slli    a2, a5, 0
core   0: 3 0x0000325a (0x00079613) x12 0x00000000
core   0: 0x0000325e (0xa058b7b7) lui     a5, 0xa058b
core   0: 3 0x0000325e (0xa058b7b7) x15 0xa058b000
core   0: 0x00003262 (0x84f82e93) slti    t4, a6, -1969
core   0: 3 0x00003262 (0x84f82e93) x29 0x00000000
core   0: 0x00003266 (0x00008551) c.srai  a0, 20
core   0: 3 0x00003266 (0x8551) x10 0x00000000
core   0: 0x00003268 (0x00009a7d) c.andi  a2, -1
core   0: 3 0x00003268 (0x9a7d) x12 0x00000000
core   0: 0x0000326a (0x00006dc5) c.lui   s11, 0x11
core   0: 3 0x0000326a (0x6dc5) x27 0x00011000
core   0: 0x0000326c (0x01235633) srl     a2, t1, s2
core   0: 3 0x0000326c (0x01235633) x12 0x003fffa2
core   0: 0x00003270 (0x41f55013) srai    zero, a0, 31
core   0: 3 0x00003270 (0x41f55013)
core   0: 0x00003274 (0x00c09333) sll     t1, ra, a2
core   0: 3 0x00003274 (0x00c09333) x6  0x00000000
core   0: 0x00003278 (0x0000876a) c.mv    a4, s10
core   0: 3 0x00003278 (0x876a) x14 0x000172d4
core   0: 0x0000327a (0xa5a5af37) lui     t5, 0xa5a5a
core   0: 3 0x0000327a (0xa5a5af37) x30 0xa5a5a000
core   0: 0x0000327e (0x5a5f0f13) addi    t5, t5, 1445
core   0: 3 0x0000327e (0x5a5f0f13) x30 0xa5a5a5a5
core   0: 0x00003282 (0x00006fc1) c.lui   t6, 0x10
core   0: 3 0x00003282 (0x6fc1) x31 0x00010000
core   0: 0x00003284 (0x680f1f93) binvi   t6, t5, 0
core   0: 3 0x00003284 (0x680f1f93) x31 0xa5a5a5a4
core   0: 0x00003288 (0x024dca63) blt     s11, tp, pc + 52
core   0: 3 0x00003288 (0x024dca63)
core   0: 0x0000328c (0x75e96013) ori     zero, s2, 1886
core   0: 3 0x0000328c (0x75e96013)
core   0: 0x00003290 (0x023691b3) mulh    gp, a3, gp
core   0: 3 0x00003290 (0x023691b3) x3  0x00000000
core   0: 0x00003294 (0x0000864d) c.srai  a2, 19
core   0: 3 0x00003294 (0x864d) x12 0x00000007
core   0: 0x00003296 (0x02640f63) beq     s0, t1, pc + 62
core   0: 3 0x00003296 (0x02640f63)
core   0: 0x000032d4 (0x41a88733) sub     a4, a7, s10
core   0: 3 0x000032d4 (0x41a88733) x14 0xfffe8d2c
core   0: 0x000032d8 (0xcc2da713) slti    a4, s11, -830
core   0: 3 0x000032d8 (0xcc2da713) x14 0x00000000
core   0: 0x000032dc (0x00007f41) c.lui   t5, 0xffff0
core   0: 3 0x000032dc (0x7f41) x30 0xffff0000
core   0: 0x000032de (0x00000f05) c.addi  t5, 1
core   0: 3 0x000032de (0x0f05) x30 0xffff0001
core   0: 0x000032e0 (0x80000fb7) lui     t6, 0x80000
core   0: 3 0x000032e0 (0x80000fb7) x31 0x80000000
core   0: 0x000032e4 (0x0fff5fb3) czero.eqz t6, t5, t6
core   0: 3 0x000032e4 (0x0fff5fb3) x31 0xffff0001
core   0: 0x000032e8 (0x34041073) csrw    mscratch, s0
core   0: 3 0x000032e8 (0x34041073) c832_mscratch 0x00000000
core   0: 0x000032ec (0x00006417) auipc   s0, 0x6
core   0: 3 0x000032ec (0x00006417) x8  0x000092ec
core   0: 0x000032f0 (0x39c40413) addi    s0, s0, 924
core   0: 3 0x000032f0 (0x39c40413) x8  0x00009688
core   0: 0x000032f4 (0x0000c004) c.sw    s1, 0(s0)
core   0: 3 0x000032f4 (0xc004) mem 0x00009688 0x000001f0
core   0: 0x000032f6 (0x00242223) sw      sp, 4(s0)
core   0: 3 0x000032f6 (0x00242223) mem 0x0000968c 0x000001e0
core   0: 0x000032fa (0x00840113) addi    sp, s0, 8
core   0: 3 0x000032fa (0x00840113) x2  0x00009690
core   0: 0x000032fe (0x0000c07e) c.swsp  t6, 0(sp)
core   0: 3 0x000032fe (0xc07e) mem 0x00009690 0xffff0001
core   0: 0x00003300 (0x00004f02) c.lwsp  t5, 0(sp)
core   0: 3 0x00003300 (0x4f02) x30 0xffff0001 mem 0x00009690
core   0: 0x00003302 (0x01f42423) sw      t6, 8(s0)
core   0: 3 0x00003302 (0x01f42423) mem 0x00009690 0xffff0001
core   0: 0x00003306 (0x00004404) c.lw    s1, 8(s0)
core   0: 3 0x00003306 (0x4404) x9  0xffff0001 mem 0x00009690
core   0: 0x00003308 (0x0000c404) c.sw    s1, 8(s0)
core   0: 3 0x00003308 (0xc404) mem 0x00009690 0xffff0001
core   0: 0x0000330a (0x00442103) lw      sp, 4(s0)
core   0: 3 0x0000330a (0x00442103) x2  0x000001e0 mem 0x0000968c
core   0: 0x0000330e (0x00004004) c.lw    s1, 0(s0)
core   0: 3 0x0000330e (0x4004) x9  0x000001f0 mem 0x00009688
core   0: 0x00003310 (0x34002473) csrr    s0, mscratch
core   0: 3 0x00003310 (0x34002473) x8  0x00000000
core   0: 0x00003314 (0x000080d2) c.mv    ra, s4
core   0: 3 0x00003314 (0x80d2) x1  0x00000000
core   0: 0x00003316 (0x0000997d) c.andi  a0, -1
core   0: 3 0x00003316 (0x997d) x10 0x00000000
core   0: 0x00003318 (0x00bbee33) or      t3, s7, a1
core   0: 3 0x00003318 (0x00bbee33) x28 0x000005f3
core   0: 0x0000331c (0xe65a9017) auipc   zero, 0xe65a9
core   0: 3 0x0000331c (0xe65a9017)
core   0: 0x00003320 (0x000004cd) c.addi  s1, 19
core   0: 3 0x00003320 (0x04cd) x9  0x00000203
core   0: 0x00003322 (0x00008e31) c.xor   a2, a2
core   0: 3 0x00003322 (0x8e31) x12 0x00000000
core   0: 0x00003324 (0x14a26b37) lui     s6, 0x14a26
core   0: 3 0x00003324 (0x14a26b37) x22 0x14a26000
core   0: 0x00003328 (0x018aba33) sltu    s4, s5, s8
core   0: 3 0x00003328 (0x018aba33) x20 0x00000000
core   0: 0x0000332c (0x000069b9) c.lui   s3, 0xe
core   0: 3 0x0000332c (0x69b9) x19 0x0000e000
core   0: 0x0000332e (0x01aa9e33) sll     t3, s5, s10
core   0: 3 0x0000332e (0x01aa9e33) x28 0xfdd00000
core   0: 0x00003332 (0x00006f41) c.lui   t5, 0x10
core   0: 3 0x00003332 (0x6f41) x30 0x00010000
core   0: 0x00003334 (0xa5a5afb7) lui     t6, 0xa5a5a
core   0: 3 0x00003334 (0xa5a5afb7) x31 0xa5a5a000
core   0: 0x00003338 (0x5a5f8f93) addi    t6, t6, 1445
core   0: 3 0x00003338 (0x5a5f8f93) x31 0xa5a5a5a5
core   0: 0x0000333c (0x0fff7fb3) czero.nez t6, t5, t6
core   0: 3 0x0000333c (0x0fff7fb3) x31 0x00000000
core   0: 0x00003340 (0x00008d11) c.sub   a0, a2
core   0: 3 0x00003340 (0x8d11) x10 0x00000000
core   0: 0x00003342 (0x2bd0cb93) xori    s7, ra, 701
core   0: 3 0x00003342 (0x2bd0cb93) x23 0x000002bd
core   0: 0x00003346 (0x00008d41) c.or    a0, s0
core   0: 3 0x00003346 (0x8d41) x10 0x00000000
core   0: 0x00003348 (0x00008d75) c.and   a0, a3
core   0: 3 0x00003348 (0x8d75) x10 0x00000000
core   0: 0x0000334a (0x0000891e) c.mv    s2, t2
core   0: 3 0x0000334a (0x891e) x18 0x000124b4
core   0: 0x0000334c (0x92f48493) addi    s1, s1, -1745
core   0: 3 0x0000334c (0x92f48493) x9  0xfffffb32
core   0: 0x00003350 (0x01269e93) slli    t4, a3, 18
core   0: 3 0x00003350 (0x01269e93) x29 0x12800000
core   0: 0x00003354 (0x028b6433) rem     s0, s6, s0
core   0: 3 0x00003354 (0x028b6433) x8  0x14a26000
core   0: 0x00003358 (0x009c7733) and     a4, s8, s1
core   0: 3 0x00003358 (0x009c7733) x14 0x00000000
core   0: 0x0000335c (0x000088c6) c.mv    a7, a7
core   0: 3 0x0000335c (0x88c6) x17 0x00000000
core   0: 0x0000335e (0x80000f37) lui     t5, 0x80000
core   0: 3 0x0000335e (0x80000f37) x30 0x80000000
core   0: 0x00003362 (0x00001f7d) c.addi  t5, -1
core   0: 3 0x00003362 (0x1f7d) x30 0x7fffffff
core   0: 0x00003364 (0x00004f81) c.li    t6, 0
core   0: 3 0x00003364 (0x4f81) x31 0x00000000
core   0: 0x00003366 (0x21ff2fb3) sh1add  t6, t5, t6
core   0: 3 0x00003366 (0x21ff2fb3) x31 0xfffffffe
core   0: 0x0000336a (0x00005c7d) c.li    s8, -1
core   0: 3 0x0000336a (0x5c7d) x24 0xffffffff
core   0: 0x0000336c (0x0091a6b3) slt     a3, gp, s1
core   0: 3 0x0000336c (0x0091a6b3) x13 0x00000000
core   0: 0x00003370 (0x02e50233) mul     tp, a0, a4
core   0: 3 0x00003370 (0x02e50233) x4  0x00000000
core   0: 0x00003374 (0x00008145) c.srli  a0, 17
core   0: 3 0x00003374 (0x8145) x10 0x00000000
core   0: 0x00003376 (0x00001b88) c.addi4spn a0, sp, 496
core   0: 3 0x00003376 (0x1b88) x10 0x000003d0
core   0: 0x00003378 (0x0365e933) rem     s2, a1, s6
core   0: 3 0x00003378 (0x0365e933) x18 0x000005f3
core   0: 0x0000337c (0x00008d11) c.sub   a0, a2
core   0: 3 0x0000337c (0x8d11) x10 0x000003d0
core   0: 0x0000337e (0xed306eb7) lui     t4, 0xed306
core   0: 3 0x0000337e (0xed306eb7) x29 0xed306000
core   0: 0x00003382 (0x03b2e933) rem     s2, t0, s11
core   0: 3 0x00003382 (0x03b2e933) x18 0xffff7000
core   0: 0x00003386 (0x02cb6863) bltu    s6, a2, pc + 48
core   0: 3 0x00003386 (0x02cb6863)
core   0: 0x0000338a (0x80000f37) lui     t5, 0x80000
core   0: 3 0x0000338a (0x80000f37) x30 0x80000000
core   0: 0x0000338e (0x00007fc1) c.lui   t6, 0xffff0
core   0: 3 0x0000338e (0x7fc1) x31 0xffff0000
core   0: 0x00003390 (0x00000f85) c.addi  t6, 1
core   0: 3 0x00003390 (0x0f85) x31 0xffff0001
core   0: 0x00003392 (0x21ff4fb3) sh2add  t6, t5, t6
core   0: 3 0x00003392 (0x21ff4fb3) x31 0xffff0001
core   0: 0x00003396 (0x406edfb3) sra     t6, t4, t1
core   0: 3 0x00003396 (0x406edfb3) x31 0xed306000
core   0: 0x0000339a (0x0257a433) mulhsu  s0, a5, t0
core   0: 3 0x0000339a (0x0257a433) x8  0xc9a9c335
core   0: 0x0000339e (0x4de3b713) sltiu   a4, t2, 1246
core   0: 3 0x0000339e (0x4de3b713) x14 0x00000000
core   0: 0x000033a2 (0x0147b133) sltu    sp, a5, s4
core   0: 3 0x000033a2 (0x0147b133) x2  0x00000000
core   0: 0x000033a6 (0x003bc033) xor     zero, s7, gp
core   0: 3 0x000033a6 (0x003bc033)
core   0: 0x000033aa (0x00008a49) c.andi  a2, 18
core   0: 3 0x000033aa (0x8a49) x12 0x00000000
core   0: 0x000033ac (0x009ce0b3) or      ra, s9, s1
core   0: 3 0x000033ac (0x009ce0b3) x1  0xfffffb32
core   0: 0x000033b0 (0x4386cf93) xori    t6, a3, 1080
core   0: 3 0x000033b0 (0x4386cf93) x31 0x00000438
core   0: 0x000033b4 (0x0000717d) c.addi16sp sp, -16
core   0: 3 0x000033b4 (0x717d) x2  0xfffffff0
core   0: 0x000033b6 (0x00008e6d) c.and   a2, a1
core   0: 3 0x000033b6 (0x8e6d) x12 0x00000000
core   0: 0x000033b8 (0xa5a5af37) lui     t5, 0xa5a5a
core   0: 3 0x000033b8 (0xa5a5af37) x30 0xa5a5a000
core   0: 0x000033bc (0x5a5f0f13) addi    t5, t5, 1445
core   0: 3 0x000033bc (0x5a5f0f13) x30 0xa5a5a5a5
core   0: 0x000033c0 (0x00006fc1) c.lui   t6, 0x10
core   0: 3 0x000033c0 (0x6fc1) x31 0x00010000
core   0: 0x000033c2 (0x21ff6fb3) sh3add  t6, t5, t6
core   0: 3 0x000033c2 (0x21ff6fb3) x31 0x2d2e2d28
core   0: 0x000033c6 (0x00008961) c.andi  a0, 24
core   0: 3 0x000033c6 (0x8961) x10 0x00000010
core   0: 0x000033c8 (0x9993ac13) slti    s8, t2, -1639
core   0: 3 0x000033c8 (0x9993ac13) x24 0x00000000
core   0: 0x000033cc (0x8b846913) ori     s2, s0, -1864
core   0: 3 0x000033cc (0x8b846913) x18 0xfffffbbd
core   0: 0x000033d0 (0x003df933) and     s2, s11, gp
core   0: 3 0x000033d0 (0x003df933) x18 0x00000000
core   0: 0x000033d4 (0x01ff7863) bgeu    t5, t6, pc + 16
core   0: 3 0x000033d4 (0x01ff7863)
core   0: 0x000033e4 (0x0076cb33) xor     s6, a3, t2
core   0: 3 0x000033e4 (0x0076cb33) x22 0x000124b4
core   0: 0x000033e8 (0x41b88433) sub     s0, a7, s11
core   0: 3 0x000033e8 (0x41b88433) x8  0xfffef000
core   0: 0x000033ec (0x00004f01) c.li    t5, 0
core   0: 3 0x000033ec (0x4f01) x30 0x00000000
core   0: 0x000033ee (0x80000fb7) lui     t6, 0x80000
core   0: 3 0x000033ee (0x80000fb7) x31 0x80000000
core   0: 0x000033f2 (0x00001ffd) c.addi  t6, -1
core   0: 3 0x000033f2 (0x1ffd) x31 0x7fffffff
core   0: 0x000033f4 (0x41ff7fb3) andn    t6, t5, t6
core   0: 3 0x000033f4 (0x41ff7fb3) x31 0x00000000
core   0: 0x000033f8 (0x34009073) csrw    mscratch, ra
core   0: 3 0x000033f8 (0x34009073) c832_mscratch 0xfffffb32
core   0: 0x000033fc (0x008000ef) jal     pc + 0x8
core   0: 3 0x000033fc (0x008000ef) x1  0x00003400
core   0: 0x00003404 (0x340020f3) csrr    ra, mscratch
core   0: 3 0x00003404 (0x340020f3) x1  0xfffffb32
core   0: 0x00003408 (0x34009073) csrw    mscratch, ra
core   0: 3 0x00003408 (0x34009073) c832_mscratch 0xfffffb32
core   0: 0x0000340c (0x00002009) c.jal   pc + 2
core   0: 3 0x0000340c (0x2009) x1  0x0000340e
core   0: 0x0000340e (0x004000ef) jal     pc + 0x4
core   0: 3 0x0000340e (0x004000ef) x1  0x00003412
core   0: 0x00003412 (0x004000ef) jal     pc + 0x4
core   0: 3 0x00003412 (0x004000ef) x1  0x00003416
core   0: 0x00003416 (0x00000097) auipc   ra, 0x0
core   0: 3 0x00003416 (0x00000097) x1  0x00003416
core   0: 0x0000341a (0x00c08093) addi    ra, ra, 12
core   0: 3 0x0000341a (0x00c08093) x1  0x00003422
core   0: 0x0000341e (0x00008067) ret
core   0: 3 0x0000341e (0x00008067)
core   0: 0x00003422 (0x340020f3) csrr    ra, mscratch
core   0: 3 0x00003422 (0x340020f3) x1  0xfffffb32
core   0: 0x00003426 (0x071b7063) bgeu    s6, a7, pc + 96
core   0: 3 0x00003426 (0x071b7063)
core   0: 0x00003486 (0x000fe2b3) or      t0, t6, zero
core   0: 3 0x00003486 (0x000fe2b3) x5  0x00000000
core   0: 0x0000348a (0x40865db3) sra     s11, a2, s0
core   0: 3 0x0000348a (0x40865db3) x27 0x00000000
core   0: 0x0000348e (0x6880bc93) sltiu   s9, ra, 1672
core   0: 3 0x0000348e (0x6880bc93) x25 0x00000000
core   0: 0x00003492 (0x00050433) add     s0, a0, zero
core   0: 3 0x00003492 (0x00050433) x8  0x00000010
core   0: 0x00003496 (0x01ffacb3) slt     s9, t6, t6
core   0: 3 0x00003496 (0x01ffacb3) x25 0x00000000
core   0: 0x0000349a (0x0000717d) c.addi16sp sp, -16
core   0: 3 0x0000349a (0x717d) x2  0xffffffe0
core   0: 0x0000349c (0x0000851e) c.mv    a0, t2
core   0: 3 0x0000349c (0x851e) x10 0x000124b4
core   0: 0x0000349e (0x5ba04013) xori    zero, zero, 1466
core   0: 3 0x0000349e (0x5ba04013)
core   0: 0x000034a2 (0x00008d2d) c.xor   a0, a1
core   0: 3 0x000034a2 (0x8d2d) x10 0x00012147
core   0: 0x000034a4 (0x00008d61) c.and   a0, s0
core   0: 3 0x000034a4 (0x8d61) x10 0x00000000
core   0: 0x000034a6 (0x80000f37) lui     t5, 0x80000
core   0: 3 0x000034a6 (0x80000f37) x30 0x80000000
core   0: 0x000034aa (0x00001f7d) c.addi  t5, -1
core   0: 3 0x000034aa (0x1f7d) x30 0x7fffffff
core   0: 0x000034ac (0x00004f81) c.li    t6, 0
core   0: 3 0x000034ac (0x4f81) x31 0x00000000
core   0: 0x000034ae (0x600f1f93) clz     t6, t5
core   0: 3 0x000034ae (0x600f1f93) x31 0x00000001
core   0: 0x000034b2 (0x41db5033) sra     zero, s6, t4
core   0: 3 0x000034b2 (0x41db5033)
core   0: 0x000034b6 (0x01491433) sll     s0, s2, s4
core   0: 3 0x000034b6 (0x01491433) x8  0x00000000
core   0: 0x000034ba (0x021b7d63) bgeu    s6, ra, pc + 58
core   0: 3 0x000034ba (0x021b7d63)
core   0: 0x000034be (0x00008275) c.srli  a2, 29
core   0: 3 0x000034be (0x8275) x12 0x00000000
core   0: 0x000034c0 (0x000060b9) c.lui   ra, 0xe
core   0: 3 0x000034c0 (0x60b9) x1  0x0000e000
core   0: 0x000034c2 (0x025ab6b3) mulhu   a3, s5, t0
core   0: 3 0x000034c2 (0x025ab6b3) x13 0x00000000
core   0: 0x000034c6 (0x0000717d) c.addi16sp sp, -16
core   0: 3 0x000034c6 (0x717d) x2  0xffffffd0
core   0: 0x000034c8 (0x02ac1fb3) mulh    t6, s8, a0
core   0: 3 0x000034c8 (0x02ac1fb3) x31 0x00000000
core   0: 0x000034cc (0x003b3633) sltu    a2, s6, gp
core   0: 3 0x000034cc (0x003b3633) x12 0x00000000
core   0: 0x000034d0 (0x0209d333) divu    t1, s3, zero
core   0: 3 0x000034d0 (0x0209d333) x6  0xffffffff
core   0: 0x000034d4 (0x80000f37) lui     t5, 0x80000
core   0: 3 0x000034d4 (0x80000f37) x30 0x80000000
core   0: 0x000034d8 (0x00007fc1) c.lui   t6, 0xffff0
core   0: 3 0x000034d8 (0x7fc1) x31 0xffff0000
core   0: 0x000034da (0x00000f85) c.addi  t6, 1
core   0: 3 0x000034da (0x0f85) x31 0xffff0001
core   0: 0x000034dc (0x601f1f93) ctz     t6, t5
core   0: 3 0x000034dc (0x601f1f93) x31 0x0000001f
core   0: 0x000034e0 (0x000010fd) c.addi  ra, -1
core   0: 3 0x000034e0 (0x10fd) x1  0x0000dfff
core   0: 0x000034e2 (0x000058fd) c.li    a7, -1
core   0: 3 0x000034e2 (0x58fd) x17 0xffffffff
core   0: 0x000034e4 (0x023522b3) mulhsu  t0, a0, gp
core   0: 3 0x000034e4 (0x023522b3) x5  0x00000000
core   0: 0x000034e8 (0xbcf02017) auipc   zero, 0xbcf02
core   0: 3 0x000034e8 (0xbcf02017)
core   0: 0x000034ec (0x03bc4433) div     s0, s8, s11
core   0: 3 0x000034ec (0x03bc4433) x8  0xffffffff
core   0: 0x000034f0 (0x00ee1493) slli    s1, t3, 14
core   0: 3 0x000034f0 (0x00ee1493) x9  0x00000000
core   0: 0x000034f4 (0x40e15c33) sra     s8, sp, a4
core   0: 3 0x000034f4 (0x40e15c33) x24 0xffffffd0
core   0: 0x000034f8 (0x01ca9813) slli    a6, s5, 28
core   0: 3 0x000034f8 (0x01ca9813) x16 0xd0000000
core   0: 0x000034fc (0x00008de9) c.and   a1, a0
core   0: 3 0x000034fc (0x8de9) x11 0x00000000
core   0: 0x000034fe (0x03cc52b3) divu    t0, s8, t3
core   0: 3 0x000034fe (0x03cc52b3) x5  0x00000001
core   0: 0x00003502 (0xa5a5af37) lui     t5, 0xa5a5a
core   0: 3 0x00003502 (0xa5a5af37) x30 0xa5a5a000
core   0: 0x00003506 (0x5a5f0f13) addi    t5, t5, 1445
core   0: 3 0x00003506 (0x5a5f0f13) x30 0xa5a5a5a5
core   0: 0x0000350a (0x00006fc1) c.lui   t6, 0x10
core   0: 3 0x0000350a (0x6fc1) x31 0x00010000
core   0: 0x0000350c (0x602f1f93) cpop    t6, t5
core   0: 3 0x0000350c (0x602f1f93) x31 0x00000010
core   0: 0x00003510 (0x80000f37) lui     t5, 0x80000
core   0: 3 0x00003510 (0x80000f37) x30 0x80000000
core   0: 0x00003514 (0x00005ffd) c.li    t6, -1
core   0: 3 0x00003514 (0x5ffd) x31 0xffffffff
core   0: 0x00003516 (0x03ff4fb3) div     t6, t5, t6
core   0: 3 0x00003516 (0x03ff4fb3) x31 0x80000000
core   0: 0x0000351a (0x03ef6fb3) rem     t6, t5, t5
core   0: 3 0x0000351a (0x03ef6fb3) x31 0x00000000
core   0: 0x0000351e (0x00004f81) c.li    t6, 0
core   0: 3 0x0000351e (0x4f81) x31 0x00000000
core   0: 0x00003520 (0x03ff5fb3) divu    t6, t5, t6
core   0: 3 0x00003520 (0x03ff5fb3) x31 0xffffffff
core   0: 0x00003524 (0x00004f81) c.li    t6, 0
core   0: 3 0x00003524 (0x4f81) x31 0x00000000
core   0: 0x00003526 (0x03ff6fb3) rem     t6, t5, t6
core   0: 3 0x00003526 (0x03ff6fb3) x31 0x80000000
core   0: 0x0000352a (0x00008e81) c.sub   a3, s0
core   0: 3 0x0000352a (0x8e81) x13 0x00000001
core   0: 0x0000352c (0x034410b3) mulh    ra, s0, s4
core   0: 3 0x0000352c (0x034410b3) x1  0x00000000
core   0: 0x00003530 (0x013062b3) or      t0, zero, s3
core   0: 3 0x00003530 (0x013062b3) x5  0x0000e000
core   0: 0x00003534 (0x01b864b3) or      s1, a6, s11
core   0: 3 0x00003534 (0x01b864b3) x9  0xd0000000
core   0: 0x00003538 (0x028d64b3) rem     s1, s10, s0
core   0: 3 0x00003538 (0x028d64b3) x9  0x00000000
core   0: 0x0000353c (0x00001008) c.addi4spn a0, sp, 32
core   0: 3 0x0000353c (0x1008) x10 0xfffffff0
core   0: 0x0000353e (0x014bdab3) srl     s5, s7, s4
core   0: 3 0x0000353e (0x014bdab3) x21 0x000002bd
core   0: 0x00003542 (0x01b429b3) slt     s3, s0, s11
core   0: 3 0x00003542 (0x01b429b3) x19 0x00000001
core   0: 0x00003546 (0x00009efa) c.add   t4, t5
core   0: 3 0x00003546 (0x9efa) x29 0x6d306000
core   0: 0x00003548 (0x01ff4733) xor     a4, t5, t6
core   0: 3 0x00003548 (0x01ff4733) x14 0x00000000
core   0: 0x0000354c (0x00004f01) c.li    t5, 0
core   0: 3 0x0000354c (0x4f01) x30 0x00000000
core   0: 0x0000354e (0x80000fb7) lui     t6, 0x80000
core   0: 3 0x0000354e (0x80000fb7) x31 0x80000000
core   0: 0x00003552 (0x00001ffd) c.addi  t6, -1
core   0: 3 0x00003552 (0x1ffd) x31 0x7fffffff
core   0: 0x00003554 (0x0bff4fb3) min     t6, t5, t6
core   0: 3 0x00003554 (0x0bff4fb3) x31 0x00000000
core   0: 0x00003558 (0x01a35693) srli    a3, t1, 26
core   0: 3 0x00003558 (0x01a35693) x13 0x0000003f
core   0: 0x0000355c (0x000000be) c.slli  ra, 15
core   0: 3 0x0000355c (0x00be) x1  0x00000000
core   0: 0x0000355e (0x403c8c33) sub     s8, s9, gp
core   0: 3 0x0000355e (0x403c8c33) x24 0x00000000
core   0: 0x00003562 (0x01da2e33) slt     t3, s4, t4
core   0: 3 0x00003562 (0x01da2e33) x28 0x00000001
core   0: 0x00003566 (0x00000a08) c.addi4spn a0, sp, 272
core   0: 3 0x00003566 (0x0a08) x10 0x000000e0
core   0: 0x00003568 (0x0000c531) c.beqz  a0, pc + 76
core   0: 3 0x00003568 (0xc531)
core   0: 0x0000356a (0x07281063) bne     a6, s2, pc + 96
core   0: 3 0x0000356a (0x07281063)
core   0: 0x000035ca (0x00006175) c.addi16sp sp, 368
core   0: 3 0x000035ca (0x6175) x2  0x00000140
core   0: 0x000035cc (0x0015b9b3) sltu    s3, a1, ra
core   0: 3 0x000035cc (0x0015b9b3) x19 0x00000000
core   0: 0x000035d0 (0x00008d2d) c.xor   a0, a1
core   0: 3 0x000035d0 (0x8d2d) x10 0x000000e0
core   0: 0x000035d2 (0x00008dd5) c.or    a1, a3
core   0: 3 0x000035d2 (0x8dd5) x11 0x0000003f
core   0: 0x000035d4 (0x80000f37) lui     t5, 0x80000
core   0: 3 0x000035d4 (0x80000f37) x30 0x80000000
core   0: 0x000035d8 (0x00001f7d) c.addi  t5, -1
core   0: 3 0x000035d8 (0x1f7d) x30 0x7fffffff
core   0: 0x000035da (0x00004f81) c.li    t6, 0
core   0: 3 0x000035da (0x4f81) x31 0x00000000
core   0: 0x000035dc (0x0bff7fb3) maxu    t6, t5, t6
core   0: 3 0x000035dc (0x0bff7fb3) x31 0x7fffffff
core   0: 0x000035e0 (0x0000147d) c.addi  s0, -1
core   0: 3 0x000035e0 (0x147d) x8  0xfffffffe
core   0: 0x000035e2 (0x97b28893) addi    a7, t0, -1669
core   0: 3 0x000035e2 (0x97b28893) x17 0x0000d97b
core   0: 0x000035e6 (0x37617b17) auipc   s6, 0x37617
core   0: 3 0x000035e6 (0x37617b17) x22 0x3761a5e6
core   0: 0x000035ea (0x00287033) and     zero, a6, sp
core   0: 3 0x000035ea (0x00287033)
core   0: 0x000035ee (0x02836033) rem     zero, t1, s0
core   0: 3 0x000035ee (0x02836033)
core   0: 0x000035f2 (0x018f8333) add     t1, t6, s8
core   0: 3 0x000035f2 (0x018f8333) x6  0x7fffffff
core   0: 0x000035f6 (0xce2df717) auipc   a4, 0xce2df
core   0: 3 0x000035f6 (0xce2df717) x14 0xce2e25f6
core   0: 0x000035fa (0x07e4d163) bge     s1, t5, pc + 98
core   0: 3 0x000035fa (0x07e4d163)
core   0: 0x000035fe (0x00008d86) c.mv    s11, ra
core   0: 3 0x000035fe (0x8d86) x27 0x00000000
core   0: 0x00003600 (0x0000849d) c.srai  s1, 7
core   0: 3 0x00003600 (0x849d) x9  0x00000000
core   0: 0x00003602 (0x80000f37) lui     t5, 0x80000
core   0: 3 0x00003602 (0x80000f37) x30 0x80000000
core   0: 0x00003606 (0x00007fc1) c.lui   t6, 0xffff0
core   0: 3 0x00003606 (0x7fc1) x31 0xffff0000
core   0: 0x00003608 (0x00000f85) c.addi  t6, 1
core   0: 3 0x00003608 (0x0f85) x31 0xffff0001
core   0: 0x0000360a (0x604f1f93) sext.b  t6, t5
core   0: 3 0x0000360a (0x604f1f93) x31 0x00000000
core   0: 0x0000360e (0x340f1073) csrw    mscratch, t5
core   0: 3 0x0000360e (0x340f1073) c832_mscratch 0x80000000
core   0: 0x00003612 (0x34002ff3) csrr    t6, mscratch
core   0: 3 0x00003612 (0x34002ff3) x31 0x80000000
core   0: 0x00003616 (0x34003ff3) csrrc   t6, mscratch, zero
core   0: 3 0x00003616 (0x34003ff3) x31 0x80000000
core   0: 0x0000361a (0x0212ddb3) divu    s11, t0, ra
core   0: 3 0x0000361a (0x0212ddb3) x27 0xffffffff
core   0: 0x0000361e (0x0369cd63) blt     s3, s6, pc + 58
core   0: 3 0x0000361e (0x0369cd63)
core   0: 0x00003658 (0x02e61fb3) mulh    t6, a2, a4
core   0: 3 0x00003658 (0x02e61fb3) x31 0x00000000
core   0: 0x0000365c (0x00669513) slli    a0, a3, 6
core   0: 3 0x0000365c (0x00669513) x10 0x00000fc0
core   0: 0x00003660 (0x0000c00d) c.beqz  s0, pc + 34
core   0: 3 0x00003660 (0xc00d)
core   0: 0x00003662 (0x0000cd19) c.beqz  a0, pc + 30
core   0: 3 0x00003662 (0xcd19)
core   0: 0x00003664 (0x0000517d) c.li    sp, -1
core   0: 3 0x00003664 (0x517d) x2  0xffffffff
core   0: 0x00003666 (0x02795e33) divu    t3, s2, t2
core   0: 3 0x00003666 (0x02795e33) x28 0x00000000
core   0: 0x0000366a (0x0253e6b3) rem     a3, t2, t0
core   0: 3 0x0000366a (0x0253e6b3) x13 0x000044b4
core   0: 0x0000366e (0x00004f01) c.li    t5, 0
core   0: 3 0x0000366e (0x4f01) x30 0x00000000
core   0: 0x00003670 (0x80000fb7) lui     t6, 0x80000
core   0: 3 0x00003670 (0x80000fb7) x31 0x80000000
core   0: 0x00003674 (0x00001ffd) c.addi  t6, -1
core   0: 3 0x00003674 (0x1ffd) x31 0x7fffffff
core   0: 0x00003676 (0x080f4fb3) zext.h  t6, t5
core   0: 3 0x00003676 (0x080f4fb3) x31 0x00000000
core   0: 0x0000367a (0x02011a63) bnez    sp, pc + 52
core   0: 3 0x0000367a (0x02011a63)
core   0: 0x000036ae (0x00006bb9) c.lui   s7, 0xe
core   0: 3 0x000036ae (0x6bb9) x23 0x0000e000
core   0: 0x000036b0 (0x000091ee) c.add   gp, s11
core   0: 3 0x000036b0 (0x91ee) x3  0xffffffff
core   0: 0x000036b2 (0x00008092) c.mv    ra, tp
core   0: 3 0x000036b2 (0x8092) x1  0x00000000
core   0: 0x000036b4 (0x00000001) c.nop
core   0: 3 0x000036b4 (0x0001)
core   0: 0x000036b6 (0x0000137d) c.addi  t1, -1
core   0: 3 0x000036b6 (0x137d) x6  0x7ffffffe
core   0: 0x000036b8 (0xcb486d93) ori     s11, a6, -844
core   0: 3 0x000036b8 (0xcb486d93) x27 0xfffffcb4
core   0: 0x000036bc (0x0132c5b3) xor     a1, t0, s3
core   0: 3 0x000036bc (0x0132c5b3) x11 0x0000e000
core   0: 0x000036c0 (0x034fb4b3) mulhu   s1, t6, s4
core   0: 3 0x000036c0 (0x034fb4b3) x9  0x00000000
core   0: 0x000036c4 (0x00006f41) c.lui   t5, 0x10
core   0: 3 0x000036c4 (0x6f41) x30 0x00010000
core   0: 0x000036c6 (0xa5a5afb7) lui     t6, 0xa5a5a
core   0: 3 0x000036c6 (0xa5a5afb7) x31 0xa5a5a000
core   0: 0x000036ca (0x5a5f8f93) addi    t6, t6, 1445
core   0: 3 0x000036ca (0x5a5f8f93) x31 0xa5a5a5a5
core   0: 0x000036ce (0x61ff5fb3) ror     t6, t5, t6
core   0: 3 0x000036ce (0x61ff5fb3) x31 0x00000800
core   0: 0x000036d2 (0x00008d51) c.or    a0, a2
core   0: 3 0x000036d2 (0x8d51) x10 0x00000fc0
core   0: 0x000036d4 (0x4038d993) srai    s3, a7, 3
core   0: 3 0x000036d4 (0x4038d993) x19 0x00001b2f
core   0: 0x000036d8 (0x04d77b63) bgeu    a4, a3, pc + 86
core   0: 3 0x000036d8 (0x04d77b63)
core   0: 0x0000372e (0x0130b433) sltu    s0, ra, s3
core   0: 3 0x0000372e (0x0130b433) x8  0x00000001
core   0: 0x00003732 (0x1d2dc037) lui     zero, 0x1d2dc
core   0: 3 0x00003732 (0x1d2dc037)
core   0: 0x00003736 (0x00000cb1) c.addi  s9, 12
core   0: 3 0x00003736 (0x0cb1) x25 0x0000000c
core   0: 0x00003738 (0x01631333) sll     t1, t1, s6
core   0: 3 0x00003738 (0x01631333) x6  0xffffff80
core   0: 0x0000373c (0x0058c463) blt     a7, t0, pc + 8
core   0: 3 0x0000373c (0x0058c463)
core   0: 0x00003744 (0x07d21263) bne     tp, t4, pc + 100
core   0: 3 0x00003744 (0x07d21263)
core   0: 0x000037a8 (0x02f5db33) divu    s6, a1, a5
core   0: 3 0x000037a8 (0x02f5db33) x22 0x00000000
core   0: 0x000037ac (0x00000fb9) c.addi  t6, 14
core   0: 3 0x000037ac (0x0fb9) x31 0x0000080e
core   0: 0x000037ae (0xbb88da17) auipc   s4, 0xbb88d
core   0: 3 0x000037ae (0xbb88da17) x20 0xbb8907ae
core   0: 0x000037b2 (0x03181033) mulh    zero, a6, a7
core   0: 3 0x000037b2 (0x03181033)
core   0: 0x000037b6 (0x00004f01) c.li    t5, 0
core   0: 3 0x000037b6 (0x4f01) x30 0x00000000
core   0: 0x000037b8 (0x80000fb7) lui     t6, 0x80000
core   0: 3 0x000037b8 (0x80000fb7) x31 0x80000000
core   0: 0x000037bc (0x00001ffd) c.addi  t6, -1
core   0: 3 0x000037bc (0x1ffd) x31 0x7fffffff
core   0: 0x000037be (0x49ff1fb3) bclr    t6, t5, t6
core   0: 3 0x000037be (0x49ff1fb3) x31 0x00000000
core   0: 0x000037c2 (0x03bffa63) bgeu    t6, s11, pc + 52
core   0: 3 0x000037c2 (0x03bffa63)
core   0: 0x000037c6 (0x00a71593) slli    a1, a4, 10
core   0: 3 0x000037c6 (0x00a71593) x11 0xb897d800
core   0: 0x000037ca (0x021ed6b3) divu    a3, t4, ra
core   0: 3 0x000037ca (0x021ed6b3) x13 0xffffffff
core   0: 0x000037ce (0x02938033) mul     zero, t2, s1
core   0: 3 0x000037ce (0x02938033)
core   0: 0x000037d2 (0x00000135) c.addi  sp, 13
core   0: 3 0x000037d2 (0x0135) x2  0x0000000c
core   0: 0x000037d4 (0x0000914e) c.add   sp, s3
core   0: 3 0x000037d4 (0x914e) x2  0x00001b3b
core   0: 0x000037d6 (0x000082a5) c.srli  a3, 9
core   0: 3 0x000037d6 (0x82a5) x13 0x007fffff
core   0: 0x000037d8 (0x0000014d) c.addi  sp, 19
core   0: 3 0x000037d8 (0x014d) x2  0x00001b4e
core   0: 0x000037da (0x00008eb1) c.xor   a3, a2
core   0: 3 0x000037da (0x8eb1) x13 0x007fffff
core   0: 0x000037dc (0x00000001) c.nop
core   0: 3 0x000037dc (0x0001)
core   0: 0x000037de (0x00007f41) c.lui   t5, 0xffff0
core   0: 3 0x000037de (0x7f41) x30 0xffff0000
core   0: 0x000037e0 (0x00000f05) c.addi  t5, 1
core   0: 3 0x000037e0 (0x0f05) x30 0xffff0001
core   0: 0x000037e2 (0x80000fb7) lui     t6, 0x80000
core   0: 3 0x000037e2 (0x80000fb7) x31 0x80000000
core   0: 0x000037e6 (0x49ff5fb3) bext    t6, t5, t6
core   0: 3 0x000037e6 (0x49ff5fb3) x31 0x00000001
core   0: 0x000037ea (0x9538e413) ori     s0, a7, -1709
core   0: 3 0x000037ea (0x9538e413) x8  0xfffff97b
core   0: 0x000037ee (0x5dfd2913) slti    s2, s10, 1503
core   0: 3 0x000037ee (0x5dfd2913) x18 0x00000000
core   0: 0x000037f2 (0x03d98033) mul     zero, s3, t4
core   0: 3 0x000037f2 (0x03d98033)
core   0: 0x000037f6 (0xc4d37037) lui     zero, 0xc4d37
core   0: 3 0x000037f6 (0xc4d37037)
core   0: 0x000037fa (0x000080be) c.mv    ra, a5
core   0: 3 0x000037fa (0x80be) x1  0xa058b000
core   0: 0x000037fc (0x0000127d) c.addi  tp, -1
core   0: 3 0x000037fc (0x127d) x4  0xffffffff
core   0: 0x000037fe (0x00000900) c.addi4spn s0, sp, 144
core   0: 3 0x000037fe (0x0900) x8  0x00001bde
core   0: 0x00003800 (0x0761d763) bge     gp, s6, pc + 110
core   0: 3 0x00003800 (0x0761d763)
core   0: 0x00003804 (0x00000001) c.nop
core   0: 3 0x00003804 (0x0001)
core   0: 0x00003806 (0x41785933) sra     s2, a6, s7
core   0: 3 0x00003806 (0x41785933) x18 0xd0000000
core   0: 0x0000380a (0x00006f41) c.lui   t5, 0x10
core   0: 3 0x0000380a (0x6f41) x30 0x00010000
core   0: 0x0000380c (0xa5a5afb7) lui     t6, 0xa5a5a
core   0: 3 0x0000380c (0xa5a5afb7) x31 0xa5a5a000
core   0: 0x00003810 (0x5a5f8f93) addi    t6, t6, 1445
core   0: 3 0x00003810 (0x5a5f8f93) x31 0xa5a5a5a5
core   0: 0x00003814 (0x69ff1fb3) binv    t6, t5, t6
core   0: 3 0x00003814 (0x69ff1fb3) x31 0x00010020
core   0: 0x00003818 (0x34009073) csrw    mscratch, ra
core   0: 3 0x00003818 (0x34009073) c832_mscratch 0xa058b000
core   0: 0x0000381c (0x00002009) c.jal   pc + 2
core   0: 3 0x0000381c (0x2009) x1  0x0000381e
core   0: 0x0000381e (0x004000ef) jal     pc + 0x4
core   0: 3 0x0000381e (0x004000ef) x1  0x00003822
core   0: 0x00003822 (0x004000ef) jal     pc + 0x4
core   0: 3 0x00003822 (0x004000ef) x1  0x00003826
core   0: 0x00003826 (0x00000097) auipc   ra, 0x0
core   0: 3 0x00003826 (0x00000097) x1  0x00003826
core   0: 0x0000382a (0x00c08093) addi    ra, ra, 12
core   0: 3 0x0000382a (0x00c08093) x1  0x00003832
core   0: 0x0000382e (0x00008067) ret
core   0: 3 0x0000382e (0x00008067)
core   0: 0x00003832 (0x340020f3) csrr    ra, mscratch
core   0: 3 0x00003832 (0x340020f3) x1  0xa058b000
core   0: 0x00003836 (0x417a5033) sra     zero, s4, s7
core   0: 3 0x00003836 (0x417a5033)
core   0: 0x0000383a (0x01191093) slli    ra, s2, 17
core   0: 3 0x0000383a (0x01191093) x1  0x00000000
core   0: 0x0000383e (0x0010b5b3) sltu    a1, ra, ra
core   0: 3 0x0000383e (0x0010b5b3) x11 0x00000000
core   0: 0x00003842 (0x405858b3) sra     a7, a6, t0
core   0: 3 0x00003842 (0x405858b3) x17 0xd0000000
core   0: 0x00003846 (0x00000001) c.nop
core   0: 3 0x00003846 (0x0001)
core   0: 0x00003848 (0x00008ec5) c.or    a3, s1
core   0: 3 0x00003848 (0x8ec5) x13 0x007fffff
core   0: 0x0000384a (0x007e5993) srli    s3, t3, 7
core   0: 3 0x0000384a (0x007e5993) x19 0x00000000
core   0: 0x0000384e (0x00006121) c.addi16sp sp, 64
core   0: 3 0x0000384e (0x6121) x2  0x00001b8e
core   0: 0x00003850 (0x00008d6d) c.and   a0, a1
core   0: 3 0x00003850 (0x8d6d) x10 0x00000000
core   0: 0x00003852 (0x0241bdb3) mulhu   s11, gp, tp
core   0: 3 0x00003852 (0x0241bdb3) x27 0xfffffffe
core   0: 0x00003856 (0x80000f37) lui     t5, 0x80000
core   0: 3 0x00003856 (0x80000f37) x30 0x80000000
core   0: 0x0000385a (0x00001f7d) c.addi  t5, -1
core   0: 3 0x0000385a (0x1f7d) x30 0x7fffffff
core   0: 0x0000385c (0x00004f81) c.li    t6, 0
core   0: 3 0x0000385c (0x4f81) x31 0x00000000
core   0: 0x0000385e (0x29ff1fb3) bset    t6, t5, t6
core   0: 3 0x0000385e (0x29ff1fb3) x31 0x7fffffff
core   0: 0x00003862 (0x000018fd) c.addi  a7, -1
core   0: 3 0x00003862 (0x18fd) x17 0xcfffffff
core   0: 0x00003864 (0x00008ae1) c.andi  a3, 24
core   0: 3 0x00003864 (0x8ae1) x13 0x00000018
core   0: 0x00003866 (0x7f1d2693) slti    a3, s10, 2033
core   0: 3 0x00003866 (0x7f1d2693) x13 0x00000000
core   0: 0x0000386a (0x00000001) c.nop
core   0: 3 0x0000386a (0x0001)
core   0: 0x0000386c (0x00001b88) c.addi4spn a0, sp, 496
core   0: 3 0x0000386c (0x1b88) x10 0x00001d7e
core   0: 0x0000386e (0x01a421b3) slt     gp, s0, s10
core   0: 3 0x0000386e (0x01a421b3) x3  0x00000001
core   0: 0x00003872 (0x031a11b3) mulh    gp, s4, a7
core   0: 3 0x00003872 (0x031a11b3) x3  0x0cd64e8f
core   0: 0x00003876 (0x05d16e63) bltu    sp, t4, pc + 92
core   0: 3 0x00003876 (0x05d16e63)
core   0: 0x000038d2 (0x0288cc33) div     s8, a7, s0
core   0: 3 0x000038d2 (0x0288cc33) x24 0xfffe470e
core   0: 0x000038d6 (0x0150aeb3) slt     t4, ra, s5
core   0: 3 0x000038d6 (0x0150aeb3) x29 0x00000001
core   0: 0x000038da (0x2438c917) auipc   s2, 0x2438c
core   0: 3 0x000038da (0x2438c917) x18 0x2438f8da
core   0: 0x000038de (0x00004f01) c.li    t5, 0
core   0: 3 0x000038de (0x4f01) x30 0x00000000
core   0: 0x000038e0 (0x80000fb7) lui     t6, 0x80000
core   0: 3 0x000038e0 (0x80000fb7) x31 0x80000000
core   0: 0x000038e4 (0x00001ffd) c.addi  t6, -1
core   0: 3 0x000038e4 (0x1ffd) x31 0x7fffffff
core   0: 0x000038e6 (0x680f1f93) binvi   t6, t5, 0
core   0: 3 0x000038e6 (0x680f1f93) x31 0x00000001
core   0: 0x000038ea (0xde547213) andi    tp, s0, -539
core   0: 3 0x000038ea (0xde547213) x4  0x000019c4
core   0: 0x000038ee (0x000041f9) c.li    gp, 30
core   0: 3 0x000038ee (0x41f9) x3  0x0000001e
core   0: 0x000038f0 (0x004ac6b3) xor     a3, s5, tp
core   0: 3 0x000038f0 (0x004ac6b3) x13 0x00001b79
core   0: 0x000038f4 (0x03edcab3) div     s5, s11, t5
core   0: 3 0x000038f4 (0x03edcab3) x21 0xffffffff
core   0: 0x000038f8 (0x00000001) c.nop
core   0: 3 0x000038f8 (0x0001)
core   0: 0x000038fa (0xbf48ee93) ori     t4, a7, -1036
core   0: 3 0x000038fa (0xbf48ee93) x29 0xffffffff
core   0: 0x000038fe (0x01219013) slli    zero, gp, 18
core   0: 3 0x000038fe (0x01219013)
core   0: 0x00003902 (0x0052c033) xor     zero, t0, t0
core   0: 3 0x00003902 (0x0052c033)
core   0: 0x00003906 (0x03d00963) beq     zero, t4, pc + 50
core   0: 3 0x00003906 (0x03d00963)
core   0: 0x0000390a (0x00359c13) slli    s8, a1, 3
core   0: 3 0x0000390a (0x00359c13) x24 0x00000000
core   0: 0x0000390e (0x00007f41) c.lui   t5, 0xffff0
core   0: 3 0x0000390e (0x7f41) x30 0xffff0000
core   0: 0x00003910 (0x00000f05) c.addi  t5, 1
core   0: 3 0x00003910 (0x0f05) x30 0xffff0001
core   0: 0x00003912 (0x80000fb7) lui     t6, 0x80000
core   0: 3 0x00003912 (0x80000fb7) x31 0x80000000
core   0: 0x00003916 (0x29ff1f93) bseti   t6, t5, 31
core   0: 3 0x00003916 (0x29ff1f93) x31 0xffff0001
core   0: 0x0000391a (0x80000f37) lui     t5, 0x80000
core   0: 3 0x0000391a (0x80000f37) x30 0x80000000
core   0: 0x0000391e (0x00005ffd) c.li    t6, -1
core   0: 3 0x0000391e (0x5ffd) x31 0xffffffff
core   0: 0x00003920 (0x03ff4fb3) div     t6, t5, t6
core   0: 3 0x00003920 (0x03ff4fb3) x31 0x80000000
core   0: 0x00003924 (0x03ef6fb3) rem     t6, t5, t5
core   0: 3 0x00003924 (0x03ef6fb3) x31 0x00000000
core   0: 0x00003928 (0x00004f81) c.li    t6, 0
core   0: 3 0x00003928 (0x4f81) x31 0x00000000
core   0: 0x0000392a (0x03ff5fb3) divu    t6, t5, t6
core   0: 3 0x0000392a (0x03ff5fb3) x31 0xffffffff
core   0: 0x0000392e (0x00004f81) c.li    t6, 0
core   0: 3 0x0000392e (0x4f81) x31 0x00000000
core   0: 0x00003930 (0x03ff6fb3) rem     t6, t5, t6
core   0: 3 0x00003930 (0x03ff6fb3) x31 0x80000000
core   0: 0x00003934 (0x0000997d) c.andi  a0, -1
core   0: 3 0x00003934 (0x997d) x10 0x00001d7e
core   0: 0x00003936 (0x00008d31) c.xor   a0, a2
core   0: 3 0x00003936 (0x8d31) x10 0x00001d7e
core   0: 0x00003938 (0x02147363) bgeu    s0, ra, pc + 38
core   0: 3 0x00003938 (0x02147363)
core   0: 0x0000395e (0x041d7f63) bgeu    s10, ra, pc + 94
core   0: 3 0x0000395e (0x041d7f63)
core   0: 0x000039bc (0x0134e333) or      t1, s1, s3
core   0: 3 0x000039bc (0x0134e333) x6  0x00000000
core   0: 0x000039c0 (0x000012fd) c.addi  t0, -1
core   0: 3 0x000039c0 (0x12fd) x5  0x0000dfff
core   0: 0x000039c2 (0x00008ea9) c.xor   a3, a0
core   0: 3 0x000039c2 (0x8ea9) x13 0x00000607
core   0: 0x000039c4 (0x0000c225) c.beqz  a2, pc + 96
core   0: 3 0x000039c4 (0xc225)
core   0: 0x00003a24 (0x033e5033) divu    zero, t3, s3
core   0: 3 0x00003a24 (0x033e5033)
core   0: 0x00003a28 (0x00799033) sll     zero, s3, t2
core   0: 3 0x00003a28 (0x00799033)
core   0: 0x00003a2c (0x40185833) sra     a6, a6, ra
core   0: 3 0x00003a2c (0x40185833) x16 0xd0000000
core   0: 0x00003a30 (0x00000001) c.nop
core   0: 3 0x00003a30 (0x0001)
core   0: 0x00003a32 (0x0000997d) c.andi  a0, -1
core   0: 3 0x00003a32 (0x997d) x10 0x00001d7e
core   0: 0x00003a34 (0x231c84b7) lui     s1, 0x231c8
core   0: 3 0x00003a34 (0x231c84b7) x9  0x231c8000
core   0: 0x00003a38 (0x02ee8733) mul     a4, t4, a4
core   0: 3 0x00003a38 (0x02ee8733) x14 0x31d1da0a
core   0: 0x00003a3c (0x00007f41) c.lui   t5, 0xffff0
core   0: 3 0x00003a3c (0x7f41) x30 0xffff0000
core   0: 0x00003a3e (0x00000f05) c.addi  t5, 1
core   0: 3 0x00003a3e (0x0f05) x30 0xffff0001
core   0: 0x00003a40 (0x80000fb7) lui     t6, 0x80000
core   0: 3 0x00003a40 (0x80000fb7) x31 0x80000000
core   0: 0x00003a44 (0x41ff7fb3) andn    t6, t5, t6
core   0: 3 0x00003a44 (0x41ff7fb3) x31 0x7fff0001
core   0: 0x00003a48 (0x00f38733) add     a4, t2, a5
core   0: 3 0x00003a48 (0x00f38733) x14 0xa059d4b4
core   0: 0x00003a4c (0x8e590e13) addi    t3, s2, -1819
core   0: 3 0x00003a4c (0x8e590e13) x28 0x2438f1bf
core   0: 0x00003a50 (0x00106033) or      zero, zero, ra
core   0: 3 0x00003a50 (0x00106033)
core   0: 0x00003a54 (0x0000517d) c.li    sp, -1
core   0: 3 0x00003a54 (0x517d) x2  0xffffffff
core   0: 0x00003a56 (0x035035b3) mulhu   a1, zero, s5
core   0: 3 0x00003a56 (0x035035b3) x11 0x00000000
core   0: 0x00003a5a (0x16b0a493) slti    s1, ra, 363
core   0: 3 0x00003a5a (0x16b0a493) x9  0x00000001
core   0: 0x00003a5e (0x61fdc417) auipc   s0, 0x61fdc
core   0: 3 0x00003a5e (0x61fdc417) x8  0x61fdfa5e
core   0: 0x00003a62 (0x0000972a) c.add   a4, a0
core   0: 3 0x00003a62 (0x972a) x14 0xa059f232
core   0: 0x00003a64 (0x00000814) c.addi4spn a3, sp, 16
core   0: 3 0x00003a64 (0x0814) x13 0x0000000f
core   0: 0x00003a66 (0x00000211) c.addi  tp, 4
core   0: 3 0x00003a66 (0x0211) x4  0x000019c8
core   0: 0x00003a68 (0x00006f41) c.lui   t5, 0x10
core   0: 3 0x00003a68 (0x6f41) x30 0x00010000
core   0: 0x00003a6a (0xa5a5afb7) lui     t6, 0xa5a5a
core   0: 3 0x00003a6a (0xa5a5afb7) x31 0xa5a5a000
core   0: 0x00003a6e (0x5a5f8f93) addi    t6, t6, 1445
core   0: 3 0x00003a6e (0x5a5f8f93) x31 0xa5a5a5a5
core   0: 0x00003a72 (0x41ff6fb3) orn     t6, t5, t6
core   0: 3 0x00003a72 (0x41ff6fb3) x31 0x5a5b5a5a
core   0: 0x00003a76 (0x34009073) csrw    mscratch, ra
core   0: 3 0x00003a76 (0x34009073) c832_mscratch 0x00000000
core   0: 0x00003a7a (0x008000ef) jal     pc + 0x8
core   0: 3 0x00003a7a (0x008000ef) x1  0x00003a7e
core   0: 0x00003a82 (0x340020f3) csrr    ra, mscratch
core   0: 3 0x00003a82 (0x340020f3) x1  0x00000000
core   0: 0x00003a86 (0x000056fd) c.li    a3, -1
core   0: 3 0x00003a86 (0x56fd) x13 0xffffffff
core   0: 0x00003a88 (0x7c502813) slti    a6, zero, 1989
core   0: 3 0x00003a88 (0x7c502813) x16 0x00000001
core   0: 0x00003a8c (0x0000434d) c.li    t1, 19
core   0: 3 0x00003a8c (0x434d) x6  0x00000013
core   0: 0x00003a8e (0x00008ecd) c.or    a3, a1
core   0: 3 0x00003a8e (0x8ecd) x13 0xffffffff
core   0: 0x00003a90 (0x413bd913) srai    s2, s7, 19
core   0: 3 0x00003a90 (0x413bd913) x18 0x00000000
core   0: 0x00003a94 (0xe3184013) xori    zero, a6, -463
core   0: 3 0x00003a94 (0xe3184013)
core   0: 0x00003a98 (0x049b8363) beq     s7, s1, pc + 70
core   0: 3 0x00003a98 (0x049b8363)
core   0: 0x00003a9c (0x00000494) c.addi4spn a3, sp, 576
core   0: 3 0x00003a9c (0x0494) x13 0x0000023f
core   0: 0x00003a9e (0x01548933) add     s2, s1, s5
core   0: 3 0x00003a9e (0x01548933) x18 0x00000000
core   0: 0x00003aa2 (0x03ea4f63) blt     s4, t5, pc + 62
core   0: 3 0x00003aa2 (0x03ea4f63)
core   0: 0x00003ae0 (0x00261413) slli    s0, a2, 2
core   0: 3 0x00003ae0 (0x00261413) x8  0x00000000
core   0: 0x00003ae4 (0x00008e89) c.sub   a3, a0
core   0: 3 0x00003ae4 (0x8e89) x13 0xffffe4c1
core   0: 0x00003ae6 (0x00009afd) c.andi  a3, -1
core   0: 3 0x00003ae6 (0x9afd) x13 0xffffe4c1
core   0: 0x00003ae8 (0x00000c90) c.addi4spn a2, sp, 592
core   0: 3 0x00003ae8 (0x0c90) x12 0x0000024f
core   0: 0x00003aea (0x00006191) c.lui   gp, 0x4
core   0: 3 0x00003aea (0x6191) x3  0x00004000
core   0: 0x00003aec (0x00008c2e) c.mv    s8, a1
core   0: 3 0x00003aec (0x8c2e) x24 0x00000000
core   0: 0x00003aee (0x40ed09b3) sub     s3, s10, a4
core   0: 3 0x00003aee (0x40ed09b3) x19 0x5fa780a2
core   0: 0x00003af2 (0x05f41163) bne     s0, t6, pc + 66
core   0: 3 0x00003af2 (0x05f41163)
core   0: 0x00003b34 (0x411e5a33) sra     s4, t3, a7
core   0: 3 0x00003b34 (0x411e5a33) x20 0x00000000
core   0: 0x00003b38 (0x3a11bb13) sltiu   s6, gp, 929
core   0: 3 0x00003b38 (0x3a11bb13) x22 0x00000000
core   0: 0x00003b3c (0x020928b3) mulhsu  a7, s2, zero
core   0: 3 0x00003b3c (0x020928b3) x17 0x00000000
core   0: 0x00003b40 (0x000086d5) c.srai  a3, 21
core   0: 3 0x00003b40 (0x86d5) x13 0xffffffff
core   0: 0x00003b42 (0x00008536) c.mv    a0, a3
core   0: 3 0x00003b42 (0x8536) x10 0xffffffff
core   0: 0x00003b44 (0x000098c6) c.add   a7, a7
core   0: 3 0x00003b44 (0x98c6) x17 0x00000000
core   0: 0x00003b46 (0x04c48c63) beq     s1, a2, pc + 88
core   0: 3 0x00003b46 (0x04c48c63)
core   0: 0x00003b4a (0x00000001) c.nop
core   0: 3 0x00003b4a (0x0001)
core   0: 0x00003b4c (0x40b08bb3) sub     s7, ra, a1
core   0: 3 0x00003b4c (0x40b08bb3) x23 0x00000000
core   0: 0x00003b50 (0x0000c529) c.beqz  a0, pc + 74
core   0: 3 0x00003b50 (0xc529)
core   0: 0x00003b52 (0x00004f01) c.li    t5, 0
core   0: 3 0x00003b52 (0x4f01) x30 0x00000000
core   0: 0x00003b54 (0x80000fb7) lui     t6, 0x80000
core   0: 3 0x00003b54 (0x80000fb7) x31 0x80000000
core   0: 0x00003b58 (0x00001ffd) c.addi  t6, -1
core   0: 3 0x00003b58 (0x1ffd) x31 0x7fffffff
core   0: 0x00003b5a (0x602f1f93) cpop    t6, t5
core   0: 3 0x00003b5a (0x602f1f93) x31 0x00000000
core   0: 0x00003b5e (0x002fe733) or      a4, t6, sp
core   0: 3 0x00003b5e (0x002fe733) x14 0xffffffff
core   0: 0x00003b62 (0x41fbd113) srai    sp, s7, 31
core   0: 3 0x00003b62 (0x41fbd113) x2  0x00000000
core   0: 0x00003b66 (0xa8c17213) andi    tp, sp, -1396
core   0: 3 0x00003b66 (0xa8c17213) x4  0x00000000
core   0: 0x00003b6a (0x00008515) c.srai  a0, 5
core   0: 3 0x00003b6a (0x8515) x10 0xffffffff
core   0: 0x00003b6c (0x029a3833) mulhu   a6, s4, s1
core   0: 3 0x00003b6c (0x029a3833) x16 0x00000000
core   0: 0x00003b70 (0x00008d0d) c.sub   a0, a1
core   0: 3 0x00003b70 (0x8d0d) x10 0xffffffff
core   0: 0x00003b72 (0x0072d933) srl     s2, t0, t2
core   0: 3 0x00003b72 (0x0072d933) x18 0x00000000
core   0: 0x00003b76 (0x00008159) c.srli  a0, 22
core   0: 3 0x00003b76 (0x8159) x10 0x000003ff
core   0: 0x00003b78 (0x01326033) or      zero, tp, s3
core   0: 3 0x00003b78 (0x01326033)
core   0: 0x00003b7c (0x00008d9d) c.sub   a1, a5
core   0: 3 0x00003b7c (0x8d9d) x11 0x5fa75000
core   0: 0x00003b7e (0x00007f41) c.lui   t5, 0xffff0
core   0: 3 0x00003b7e (0x7f41) x30 0xffff0000
core   0: 0x00003b80 (0x00000f05) c.addi  t5, 1
core   0: 3 0x00003b80 (0x0f05) x30 0xffff0001
core   0: 0x00003b82 (0x80000fb7) lui     t6, 0x80000
core   0: 3 0x00003b82 (0x80000fb7) x31 0x80000000
core   0: 0x00003b86 (0x0bff4fb3) min     t6, t5, t6
core   0: 3 0x00003b86 (0x0bff4fb3) x31 0x80000000
core   0: 0x00003b8a (0x040ae1b7) lui     gp, 0x40ae
core   0: 3 0x00003b8a (0x040ae1b7) x3  0x040ae000
core   0: 0x00003b8e (0x0042f833) and     a6, t0, tp
core   0: 3 0x00003b8e (0x0042f833) x16 0x00000000
core   0: 0x00003b92 (0x03366963) bltu    a2, s3, pc + 50
core   0: 3 0x00003b92 (0x03366963)
core   0: 0x00003bc4 (0x0128e033) or      zero, a7, s2
core   0: 3 0x00003bc4 (0x0128e033)
core   0: 0x00003bc8 (0x47c4e493) ori     s1, s1, 1148
core   0: 3 0x00003bc8 (0x47c4e493) x9  0x0000047d
core   0: 0x00003bcc (0x54efe913) ori     s2, t6, 1358
core   0: 3 0x00003bcc (0x54efe913) x18 0x8000054e
core   0: 0x00003bd0 (0x00000001) c.nop
core   0: 3 0x00003bd0 (0x0001)
core   0: 0x00003bd2 (0x03845363) bge     s0, s8, pc + 38
core   0: 3 0x00003bd2 (0x03845363)
core   0: 0x00003bf8 (0x00008eed) c.and   a3, a1
core   0: 3 0x00003bf8 (0x8eed) x13 0x5fa75000
core   0: 0x00003bfa (0x0000717d) c.addi16sp sp, -16
core   0: 3 0x00003bfa (0x717d) x2  0xfffffff0
core   0: 0x00003bfc (0x000085a5) c.srai  a1, 9
core   0: 3 0x00003bfc (0x85a5) x11 0x002fd3a8
core   0: 0x00003bfe (0x00001efd) c.addi  t4, -1
core   0: 3 0x00003bfe (0x1efd) x29 0xfffffffe
core   0: 0x00003c00 (0x80000f37) lui     t5, 0x80000
core   0: 3 0x00003c00 (0x80000f37) x30 0x80000000
core   0: 0x00003c04 (0x00007fc1) c.lui   t6, 0xffff0
core   0: 3 0x00003c04 (0x7fc1) x31 0xffff0000
core   0: 0x00003c06 (0x00000f85) c.addi  t6, 1
core   0: 3 0x00003c06 (0x0f85) x31 0xffff0001
core   0: 0x00003c08 (0x0bff7fb3) maxu    t6, t5, t6
core   0: 3 0x00003c08 (0x0bff7fb3) x31 0xffff0001
core   0: 0x00003c0c (0x34009073) csrw    mscratch, ra
core   0: 3 0x00003c0c (0x34009073) c832_mscratch 0x00000000
core   0: 0x00003c10 (0x00002009) c.jal   pc + 2
core   0: 3 0x00003c10 (0x2009) x1  0x00003c12
core   0: 0x00003c12 (0x004000ef) jal     pc + 0x4
core   0: 3 0x00003c12 (0x004000ef) x1  0x00003c16
core   0: 0x00003c16 (0x004000ef) jal     pc + 0x4
core   0: 3 0x00003c16 (0x004000ef) x1  0x00003c1a
core   0: 0x00003c1a (0x00000097) auipc   ra, 0x0
core   0: 3 0x00003c1a (0x00000097) x1  0x00003c1a
core   0: 0x00003c1e (0x00c08093) addi    ra, ra, 12
core   0: 3 0x00003c1e (0x00c08093) x1  0x00003c26
core   0: 0x00003c22 (0x00008067) ret
core   0: 3 0x00003c22 (0x00008067)
core   0: 0x00003c26 (0x340020f3) csrr    ra, mscratch
core   0: 3 0x00003c26 (0x340020f3) x1  0x00000000
core   0: 0x00003c2a (0x0cb4dab7) lui     s5, 0xcb4d
core   0: 3 0x00003c2a (0x0cb4dab7) x21 0x0cb4d000
core   0: 0x00003c2e (0xd5918f93) addi    t6, gp, -679
core   0: 3 0x00003c2e (0xd5918f93) x31 0x040add59
core   0: 0x00003c32 (0xb2c7f713) andi    a4, a5, -1236
core   0: 3 0x00003c32 (0xb2c7f713) x14 0xa058b000
core   0: 0x00003c36 (0x00008d25) c.xor   a0, s1
core   0: 3 0x00003c36 (0x8d25) x10 0x00000782
core   0: 0x00003c38 (0x00000001) c.nop
core   0: 3 0x00003c38 (0x0001)
core   0: 0x00003c3a (0x01841333) sll     t1, s0, s8
core   0: 3 0x00003c3a (0x01841333) x6  0x00000000
core   0: 0x00003c3e (0x02101eb3) mulh    t4, zero, ra
core   0: 3 0x00003c3e (0x02101eb3) x29 0x00000000
core   0: 0x00003c42 (0x00bf7f63) bgeu    t5, a1, pc + 30
core   0: 3 0x00003c42 (0x00bf7f63)
core   0: 0x00003c60 (0x0015d793) srli    a5, a1, 1
core   0: 3 0x00003c60 (0x0015d793) x15 0x0017e9d4
core   0: 0x00003c64 (0x00001afd) c.addi  s5, -1
core   0: 3 0x00003c64 (0x1afd) x21 0x0cb4cfff
core   0: 0x00003c66 (0x03f5ca33) div     s4, a1, t6
core   0: 3 0x00003c66 (0x03f5ca33) x20 0x00000000
core   0: 0x00003c6a (0x044dfe63) bgeu    s11, tp, pc + 92
core   0: 3 0x00003c6a (0x044dfe63)
core   0: 0x00003cc6 (0x004c5bb3) srl     s7, s8, tp
core   0: 3 0x00003cc6 (0x004c5bb3) x23 0x00000000
core   0: 0x00003cca (0x01e8c033) xor     zero, a7, t5
core   0: 3 0x00003cca (0x01e8c033)
core   0: 0x00003cce (0x01629593) slli    a1, t0, 22
core   0: 3 0x00003cce (0x01629593) x11 0xffc00000
core   0: 0x00003cd2 (0x5b4e8a13) addi    s4, t4, 1460
core   0: 3 0x00003cd2 (0x5b4e8a13) x20 0x000005b4
core   0: 0x00003cd6 (0x009a1a63) bne     s4, s1, pc + 20
core   0: 3 0x00003cd6 (0x009a1a63)
core   0: 0x00003cea (0x00008e31) c.xor   a2, a2
core   0: 3 0x00003cea (0x8e31) x12 0x00000000
core   0: 0x00003cec (0x0000810e) c.mv    sp, gp
core   0: 3 0x00003cec (0x810e) x2  0x040ae000
core   0: 0x00003cee (0x06501563) bne     zero, t0, pc + 106
core   0: 3 0x00003cee (0x06501563)
core   0: 0x00003d58 (0x01c14cb3) xor     s9, sp, t3
core   0: 3 0x00003d58 (0x01c14cb3) x25 0x203211bf
core   0: 0x00003d5c (0x4464f013) andi    zero, s1, 1094
core   0: 3 0x00003d5c (0x4464f013)
core   0: 0x00003d60 (0x00008d0d) c.sub   a0, a1
core   0: 3 0x00003d60 (0x8d0d) x10 0x00400782
core   0: 0x00003d62 (0x02c58b63) beq     a1, a2, pc + 54
core   0: 3 0x00003d62 (0x02c58b63)
core   0: 0x00003d66 (0x0723e063) bltu    t2, s2, pc + 96
core   0: 3 0x00003d66 (0x0723e063)
core   0: 0x00003dc6 (0x000082dd) c.srli  a3, 23
core   0: 3 0x00003dc6 (0x82dd) x13 0x000000bf
core   0: 0x00003dc8 (0x84a0ce93) xori    t4, ra, -1974
core   0: 3 0x00003dc8 (0x84a0ce93) x29 0xfffff84a
core   0: 0x00003dcc (0x0566ce63) blt     a3, s6, pc + 92
core   0: 3 0x00003dcc (0x0566ce63)
core   0: 0x00003dd0 (0x036dc033) div     zero, s11, s6
core   0: 3 0x00003dd0 (0x036dc033)
core   0: 0x00003dd4 (0x00008929) c.andi  a0, 10
core   0: 3 0x00003dd4 (0x8929) x10 0x00000002
core   0: 0x00003dd6 (0x00283833) sltu    a6, a6, sp
core   0: 3 0x00003dd6 (0x00283833) x16 0x00000001
core   0: 0x00003dda (0x00e5b633) sltu    a2, a1, a4
core   0: 3 0x00003dda (0x00e5b633) x12 0x00000000
core   0: 0x00003dde (0x00009b3e) c.add   s6, a5
core   0: 3 0x00003dde (0x9b3e) x22 0x0017e9d4
core   0: 0x00003de0 (0x00006185) c.lui   gp, 0x1
core   0: 3 0x00003de0 (0x6185) x3  0x00001000
core   0: 0x00003de2 (0x00007f41) c.lui   t5, 0xffff0
core   0: 3 0x00003de2 (0x7f41) x30 0xffff0000
core   0: 0x00003de4 (0x00000f05) c.addi  t5, 1
core   0: 3 0x00003de4 (0x0f05) x30 0xffff0001
core   0: 0x00003de6 (0x80000fb7) lui     t6, 0x80000
core   0: 3 0x00003de6 (0x80000fb7) x31 0x80000000
core   0: 0x00003dea (0x49ff1fb3) bclr    t6, t5, t6
core   0: 3 0x00003dea (0x49ff1fb3) x31 0xffff0000
core   0: 0x00003dee (0x03a4a033) mulhsu  zero, s1, s10
core   0: 3 0x00003dee (0x03a4a033)
core   0: 0x00003df2 (0xa2f36993) ori     s3, t1, -1489
core   0: 3 0x00003df2 (0xa2f36993) x19 0xfffffa2f
core   0: 0x00003df6 (0x02784733) div     a4, a6, t2
core   0: 3 0x00003df6 (0x02784733) x14 0x00000000
core   0: 0x00003dfa (0x039cd7b3) divu    a5, s9, s9
core   0: 3 0x00003dfa (0x039cd7b3) x15 0x00000001
core   0: 0x00003dfe (0x00006141) c.addi16sp sp, 16
core   0: 3 0x00003dfe (0x6141) x2  0x040ae010
core   0: 0x00003e00 (0x00947033) and     zero, s0, s1
core   0: 3 0x00003e00 (0x00947033)
core   0: 0x00003e04 (0x00008e2d) c.xor   a2, a1
core   0: 3 0x00003e04 (0x8e2d) x12 0xffc00000
core   0: 0x00003e06 (0x00001a84) c.addi4spn s1, sp, 368
core   0: 3 0x00003e06 (0x1a84) x9  0x040ae180
core   0: 0x00003e08 (0x00008d55) c.or    a0, a3
core   0: 3 0x00003e08 (0x8d55) x10 0x000000bf
core   0: 0x00003e0a (0x01f5b033) sltu    zero, a1, t6
core   0: 3 0x00003e0a (0x01f5b033)
core   0: 0x00003e0e (0x00006f41) c.lui   t5, 0x10
core   0: 3 0x00003e0e (0x6f41) x30 0x00010000
core   0: 0x00003e10 (0xa5a5afb7) lui     t6, 0xa5a5a
core   0: 3 0x00003e10 (0xa5a5afb7) x31 0xa5a5a000
core   0: 0x00003e14 (0x5a5f8f93) addi    t6, t6, 1445
core   0: 3 0x00003e14 (0x5a5f8f93) x31 0xa5a5a5a5
core   0: 0x00003e18 (0x49ff5fb3) bext    t6, t5, t6
core   0: 3 0x00003e18 (0x49ff5fb3) x31 0x00000000
core   0: 0x00003e1c (0x340f1073) csrw    mscratch, t5
core   0: 3 0x00003e1c (0x340f1073) c832_mscratch 0x00010000
core   0: 0x00003e20 (0x34002ff3) csrr    t6, mscratch
core   0: 3 0x00003e20 (0x34002ff3) x31 0x00010000
core   0: 0x00003e24 (0x34003ff3) csrrc   t6, mscratch, zero
core   0: 3 0x00003e24 (0x34003ff3) x31 0x00010000
core   0: 0x00003e28 (0x0000197d) c.addi  s2, -1
core   0: 3 0x00003e28 (0x197d) x18 0x8000054d
core   0: 0x00003e2a (0x00f9d463) bge     s3, a5, pc + 8
core   0: 3 0x00003e2a (0x00f9d463)
core   0: 0x00003e2e (0x00c4c033) xor     zero, s1, a2
core   0: 3 0x00003e2e (0x00c4c033)
core   0: 0x00003e32 (0x00008d51) c.or    a0, a2
core   0: 3 0x00003e32 (0x8d51) x10 0xffc000bf
core   0: 0x00003e34 (0x00008d4d) c.or    a0, a1
core   0: 3 0x00003e34 (0x8d4d) x10 0xffc000bf
core   0: 0x00003e36 (0x00008a91) c.andi  a3, 4
core   0: 3 0x00003e36 (0x8a91) x13 0x00000004
core   0: 0x00003e38 (0x407bddb3) sra     s11, s7, t2
core   0: 3 0x00003e38 (0x407bddb3) x27 0x00000000
core   0: 0x00003e3c (0x03316033) rem     zero, sp, s3
core   0: 3 0x00003e3c (0x03316033)
core   0: 0x00003e40 (0xfc1c8013) addi    zero, s9, -63
core   0: 3 0x00003e40 (0xfc1c8013)
core   0: 0x00003e44 (0x27467093) andi    ra, a2, 628
core   0: 3 0x00003e44 (0x27467093) x1  0x00000000
core   0: 0x00003e48 (0x80000f37) lui     t5, 0x80000
core   0: 3 0x00003e48 (0x80000f37) x30 0x80000000
core   0: 0x00003e4c (0x00001f7d) c.addi  t5, -1
core   0: 3 0x00003e4c (0x1f7d) x30 0x7fffffff
core   0: 0x00003e4e (0x00004f81) c.li    t6, 0
core   0: 3 0x00003e4e (0x4f81) x31 0x00000000
core   0: 0x00003e50 (0x69ff1fb3) binv    t6, t5, t6
core   0: 3 0x00003e50 (0x69ff1fb3) x31 0x7ffffffe
core   0: 0x00003e54 (0x01f15033) srl     zero, sp, t6
core   0: 3 0x00003e54 (0x01f15033)
core   0: 0x00003e58 (0x000005b9) c.addi  a1, 14
core   0: 3 0x00003e58 (0x05b9) x11 0xffc0000e
core   0: 0x00003e5a (0x9d3c7693) andi    a3, s8, -1581
core   0: 3 0x00003e5a (0x9d3c7693) x13 0x00000000
core   0: 0x00003e5e (0x9a336e13) ori     t3, t1, -1629
core   0: 3 0x00003e5e (0x9a336e13) x28 0xfffff9a3
core   0: 0x00003e62 (0x41f85133) sra     sp, a6, t6
core   0: 3 0x00003e62 (0x41f85133) x2  0x00000000
core   0: 0x00003e66 (0xed640413) addi    s0, s0, -298
core   0: 3 0x00003e66 (0xed640413) x8  0xfffffed6
core   0: 0x00003e6a (0x00008cb5) c.xor   s1, a3
core   0: 3 0x00003e6a (0x8cb5) x9  0x040ae180
core   0: 0x00003e6c (0x01259fb3) sll     t6, a1, s2
core   0: 3 0x00003e6c (0x01259fb3) x31 0x0001c000
core   0: 0x00003e70 (0x01237e33) and     t3, t1, s2
core   0: 3 0x00003e70 (0x01237e33) x28 0x00000000
core   0: 0x00003e74 (0xa5fb6013) ori     zero, s6, -1441
core   0: 3 0x00003e74 (0xa5fb6013)
core   0: 0x00003e78 (0x80000f37) lui     t5, 0x80000
core   0: 3 0x00003e78 (0x80000f37) x30 0x80000000
core   0: 0x00003e7c (0x00007fc1) c.lui   t6, 0xffff0
core   0: 3 0x00003e7c (0x7fc1) x31 0xffff0000
core   0: 0x00003e7e (0x00000f85) c.addi  t6, 1
core   0: 3 0x00003e7e (0x0f85) x31 0xffff0001
core   0: 0x00003e80 (0x29ff1fb3) bset    t6, t5, t6
core   0: 3 0x00003e80 (0x29ff1fb3) x31 0x80000002
core   0: 0x00003e84 (0xfa762e93) slti    t4, a2, -89
core   0: 3 0x00003e84 (0xfa762e93) x29 0x00000001
core   0: 0x00003e88 (0x000064f9) c.lui   s1, 0x1e
core   0: 3 0x00003e88 (0x64f9) x9  0x0001e000
core   0: 0x00003e8a (0x00000001) c.nop
core   0: 3 0x00003e8a (0x0001)
core   0: 0x00003e8c (0x402e8db7) lui     s11, 0x402e8
core   0: 3 0x00003e8c (0x402e8db7) x27 0x402e8000
core   0: 0x00003e90 (0x00df9613) slli    a2, t6, 13
core   0: 3 0x00003e90 (0x00df9613) x12 0x00004000
core   0: 0x00003e94 (0x006c8033) add     zero, s9, t1
core   0: 3 0x00003e94 (0x006c8033)
core   0: 0x00003e98 (0x0340afb3) mulhsu  t6, ra, s4
core   0: 3 0x00003e98 (0x0340afb3) x31 0x00000000
core   0: 0x00003e9c (0x9b3f7593) andi    a1, t5, -1613
core   0: 3 0x00003e9c (0x9b3f7593) x11 0x80000000
core   0: 0x00003ea0 (0xc9e76993) ori     s3, a4, -866
core   0: 3 0x00003ea0 (0xc9e76993) x19 0xfffffc9e
core   0: 0x00003ea4 (0x020b7263) bgeu    s6, zero, pc + 36
core   0: 3 0x00003ea4 (0x020b7263)
core   0: 0x00003ec8 (0x0129a533) slt     a0, s3, s2
core   0: 3 0x00003ec8 (0x0129a533) x10 0x00000000
core   0: 0x00003ecc (0x6cf9c193) xori    gp, s3, 1743
core   0: 3 0x00003ecc (0x6cf9c193) x3  0xfffffa51
core   0: 0x00003ed0 (0x000056fd) c.li    a3, -1
core   0: 3 0x00003ed0 (0x56fd) x13 0xffffffff
core   0: 0x00003ed2 (0x02be1233) mulh    tp, t3, a1
core   0: 3 0x00003ed2 (0x02be1233) x4  0x00000000
core   0: 0x00003ed6 (0x0000ca01) c.beqz  a2, pc + 16
core   0: 3 0x00003ed6 (0xca01)
core   0: 0x00003ed8 (0x00004f01) c.li    t5, 0
core   0: 3 0x00003ed8 (0x4f01) x30 0x00000000
core   0: 0x00003eda (0x80000fb7) lui     t6, 0x80000
core   0: 3 0x00003eda (0x80000fb7) x31 0x80000000
core   0: 0x00003ede (0x00001ffd) c.addi  t6, -1
core   0: 3 0x00003ede (0x1ffd) x31 0x7fffffff
core   0: 0x00003ee0 (0x48ff5f93) bexti   t6, t5, 15
core   0: 3 0x00003ee0 (0x48ff5f93) x31 0x00000000
core   0: 0x00003ee4 (0x0000cd11) c.beqz  a0, pc + 28
core   0: 3 0x00003ee4 (0xcd11)
core   0: 0x00003f00 (0x004c7cb3) and     s9, s8, tp
core   0: 3 0x00003f00 (0x004c7cb3) x25 0x00000000
core   0: 0x00003f04 (0x047a4d63) blt     s4, t2, pc + 90
core   0: 3 0x00003f04 (0x047a4d63)
core   0: 0x00003f5e (0x037ea533) mulhsu  a0, t4, s7
core   0: 3 0x00003f5e (0x037ea533) x10 0x00000000
core   0: 0x00003f62 (0x00006f41) c.lui   t5, 0x10
core   0: 3 0x00003f62 (0x6f41) x30 0x00010000
core   0: 0x00003f64 (0xa5a5afb7) lui     t6, 0xa5a5a
core   0: 3 0x00003f64 (0xa5a5afb7) x31 0xa5a5a000
core   0: 0x00003f68 (0x5a5f8f93) addi    t6, t6, 1445
core   0: 3 0x00003f68 (0x5a5f8f93) x31 0xa5a5a5a5
core   0: 0x00003f6c (0x29ff1f93) bseti   t6, t5, 31
core   0: 3 0x00003f6c (0x29ff1f93) x31 0x80010000
core   0: 0x00003f70 (0x0000824d) c.srli  a2, 19
core   0: 3 0x00003f70 (0x824d) x12 0x00000000
core   0: 0x00003f72 (0xd3db1e37) lui     t3, 0xd3db1
core   0: 3 0x00003f72 (0xd3db1e37) x28 0xd3db1000
core   0: 0x00003f76 (0x00b27833) and     a6, tp, a1
core   0: 3 0x00003f76 (0x00b27833) x16 0x00000000
core   0: 0x00003f7a (0xa0445917) auipc   s2, 0xa0445
core   0: 3 0x00003f7a (0xa0445917) x18 0xa0448f7a
core   0: 0x00003f7e (0x03fa4a33) div     s4, s4, t6
core   0: 3 0x00003f7e (0x03fa4a33) x20 0x00000000
core   0: 0x00003f82 (0x16acb993) sltiu   s3, s9, 362
core   0: 3 0x00003f82 (0x16acb993) x19 0x00000001
core   0: 0x00003f86 (0x571c0d93) addi    s11, s8, 1393
core   0: 3 0x00003f86 (0x571c0d93) x27 0x00000571
core   0: 0x00003f8a (0x00008e25) c.xor   a2, s1
core   0: 3 0x00003f8a (0x8e25) x12 0x0001e000
core   0: 0x00003f8c (0x00fb6033) or      zero, s6, a5
core   0: 3 0x00003f8c (0x00fb6033)
core   0: 0x00003f90 (0x014d05b3) add     a1, s10, s4
core   0: 3 0x00003f90 (0x014d05b3) x11 0x000172d4
core   0: 0x00003f94 (0x80000f37) lui     t5, 0x80000
core   0: 3 0x00003f94 (0x80000f37) x30 0x80000000
core   0: 0x00003f98 (0x00001f7d) c.addi  t5, -1
core   0: 3 0x00003f98 (0x1f7d) x30 0x7fffffff
core   0: 0x00003f9a (0x00004f81) c.li    t6, 0
core   0: 3 0x00003f9a (0x4f81) x31 0x00000000
core   0: 0x00003f9c (0x0fff5fb3) czero.eqz t6, t5, t6
core   0: 3 0x00003f9c (0x0fff5fb3) x31 0x00000000
core   0: 0x00003fa0 (0x00008c49) c.or    s0, a0
core   0: 3 0x00003fa0 (0x8c49) x8  0xfffffed6
core   0: 0x00003fa2 (0x00004b81) c.li    s7, 0
core   0: 3 0x00003fa2 (0x4b81) x23 0x00000000
core   0: 0x00003fa4 (0x0000997d) c.andi  a0, -1
core   0: 3 0x00003fa4 (0x997d) x10 0x00000000
core   0: 0x00003fa6 (0x00000001) c.nop
core   0: 3 0x00003fa6 (0x0001)
core   0: 0x00003fa8 (0x033eccb3) div     s9, t4, s3
core   0: 3 0x00003fa8 (0x033eccb3) x25 0x00000001
core   0: 0x00003fac (0x00e14bb3) xor     s7, sp, a4
core   0: 3 0x00003fac (0x00e14bb3) x23 0x00000000
core   0: 0x00003fb0 (0x000045c9) c.li    a1, 18
core   0: 3 0x00003fb0 (0x45c9) x11 0x00000012
core   0: 0x00003fb2 (0x000082e5) c.srli  a3, 25
core   0: 3 0x00003fb2 (0x82e5) x13 0x0000007f
core   0: 0x00003fb4 (0x018415b3) sll     a1, s0, s8
core   0: 3 0x00003fb4 (0x018415b3) x11 0xfffffed6
core   0: 0x00003fb8 (0x03e31233) mulh    tp, t1, t5
core   0: 3 0x00003fb8 (0x03e31233) x4  0x00000000
core   0: 0x00003fbc (0x80000f37) lui     t5, 0x80000
core   0: 3 0x00003fbc (0x80000f37) x30 0x80000000
core   0: 0x00003fc0 (0x00007fc1) c.lui   t6, 0xffff0
core   0: 3 0x00003fc0 (0x7fc1) x31 0xffff0000
core   0: 0x00003fc2 (0x00000f85) c.addi  t6, 1
core   0: 3 0x00003fc2 (0x0f85) x31 0xffff0001
core   0: 0x00003fc4 (0x0fff7fb3) czero.nez t6, t5, t6
core   0: 3 0x00003fc4 (0x0fff7fb3) x31 0x00000000
core   0: 0x00003fc8 (0x00da91b3) sll     gp, s5, a3
core   0: 3 0x00003fc8 (0x00da91b3) x3  0x80000000
core   0: 0x00003fcc (0x146d47b7) lui     a5, 0x146d4
core   0: 3 0x00003fcc (0x146d47b7) x15 0x146d4000
core   0: 0x00003fd0 (0x046d0263) beq     s10, t1, pc + 68
core   0: 3 0x00003fd0 (0x046d0263)
core   0: 0x00003fd4 (0x02c2d2b3) divu    t0, t0, a2
core   0: 3 0x00003fd4 (0x02c2d2b3) x5  0x00000000
core   0: 0x00003fd8 (0x03090333) mul     t1, s2, a6
core   0: 3 0x00003fd8 (0x03090333) x6  0x00000000
core   0: 0x00003fdc (0x00000001) c.nop
core   0: 3 0x00003fdc (0x0001)
core   0: 0x00003fde (0x41b1de13) srai    t3, gp, 27
core   0: 3 0x00003fde (0x41b1de13) x28 0xfffffff0
core   0: 0x00003fe2 (0x00008e49) c.or    a2, a0
core   0: 3 0x00003fe2 (0x8e49) x12 0x0001e000
core   0: 0x00003fe4 (0x00ef4fb3) xor     t6, t5, a4
core   0: 3 0x00003fe4 (0x00ef4fb3) x31 0x80000000
core   0: 0x00003fe8 (0x00ec79b3) and     s3, s8, a4
core   0: 3 0x00003fe8 (0x00ec79b3) x19 0x00000000
core   0: 0x00003fec (0xa5a5af37) lui     t5, 0xa5a5a
core   0: 3 0x00003fec (0xa5a5af37) x30 0xa5a5a000
core   0: 0x00003ff0 (0x5a5f0f13) addi    t5, t5, 1445
core   0: 3 0x00003ff0 (0x5a5f0f13) x30 0xa5a5a5a5
core   0: 0x00003ff4 (0x00006fc1) c.lui   t6, 0x10
core   0: 3 0x00003ff4 (0x6fc1) x31 0x00010000
core   0: 0x00003ff6 (0x21ff2fb3) sh1add  t6, t5, t6
core   0: 3 0x00003ff6 (0x21ff2fb3) x31 0x4b4c4b4a
core   0: 0x00003ffa (0x00008eed) c.and   a3, a1
core   0: 3 0x00003ffa (0x8eed) x13 0x00000056
core   0: 0x00003ffc (0x0000c929) c.beqz  a0, pc + 82
core   0: 3 0x00003ffc (0xc929)
core   0: 0x0000404e (0x03650fb3) mul     t6, a0, s6
core   0: 3 0x0000404e (0x03650fb3) x31 0x00000000
core   0: 0x00004052 (0x04e2df63) bge     t0, a4, pc + 94
core   0: 3 0x00004052 (0x04e2df63)
core   0: 0x000040b0 (0x00006721) c.lui   a4, 0x8
core   0: 3 0x000040b0 (0x6721) x14 0x00008000
core   0: 0x000040b2 (0x401b5493) srai    s1, s6, 1
core   0: 3 0x000040b2 (0x401b5493) x9  0x000bf4ea
core   0: 0x000040b6 (0x000932b3) sltu    t0, s2, zero
core   0: 3 0x000040b6 (0x000932b3) x5  0x00000000
core   0: 0x000040ba (0x03c28363) beq     t0, t3, pc + 38
core   0: 3 0x000040ba (0x03c28363)
core   0: 0x000040be (0x0176cc33) xor     s8, a3, s7
core   0: 3 0x000040be (0x0176cc33) x24 0x00000056
core   0: 0x000040c2 (0x0367eeb3) rem     t4, a5, s6
core   0: 3 0x000040c2 (0x0367eeb3) x29 0x00102178
core   0: 0x000040c6 (0x80000f37) lui     t5, 0x80000
core   0: 3 0x000040c6 (0x80000f37) x30 0x80000000
core   0: 0x000040ca (0x00001f7d) c.addi  t5, -1
core   0: 3 0x000040ca (0x1f7d) x30 0x7fffffff
core   0: 0x000040cc (0x00004f81) c.li    t6, 0
core   0: 3 0x000040cc (0x4f81) x31 0x00000000
core   0: 0x000040ce (0x41ff6fb3) orn     t6, t5, t6
core   0: 3 0x000040ce (0x41ff6fb3) x31 0xffffffff
core   0: 0x000040d2 (0x036f0f63) beq     t5, s6, pc + 62
core   0: 3 0x000040d2 (0x036f0f63)
core   0: 0x000040d6 (0x00008d11) c.sub   a0, a2
core   0: 3 0x000040d6 (0x8d11) x10 0xfffe2000
core   0: 0x000040d8 (0x00008245) c.srli  a2, 17
core   0: 3 0x000040d8 (0x8245) x12 0x00000000
core   0: 0x000040da (0x41120813) addi    a6, tp, 1041
core   0: 3 0x000040da (0x41120813) x16 0x00000411
core   0: 0x000040de (0x00000808) c.addi4spn a0, sp, 16
core   0: 3 0x000040de (0x0808) x10 0x00000010
core   0: 0x000040e0 (0x00000001) c.nop
core   0: 3 0x000040e0 (0x0001)
core   0: 0x000040e2 (0x0000c549) c.beqz  a0, pc + 138
core   0: 3 0x000040e2 (0xc549)
core   0: 0x000040e4 (0x00009a7d) c.andi  a2, -1
core   0: 3 0x000040e4 (0x9a7d) x12 0x00000000
core   0: 0x000040e6 (0x020ae833) rem     a6, s5, zero
core   0: 3 0x000040e6 (0x020ae833) x16 0x0cb4cfff
core   0: 0x000040ea (0x000082be) c.mv    t0, a5
core   0: 3 0x000040ea (0x82be) x5  0x146d4000
core   0: 0x000040ec (0x80000f37) lui     t5, 0x80000
core   0: 3 0x000040ec (0x80000f37) x30 0x80000000
core   0: 0x000040f0 (0x00007fc1) c.lui   t6, 0xffff0
core   0: 3 0x000040f0 (0x7fc1) x31 0xffff0000
core   0: 0x000040f2 (0x00000f85) c.addi  t6, 1
core   0: 3 0x000040f2 (0x0f85) x31 0xffff0001
core   0: 0x000040f4 (0x41ff4fb3) xnor    t6, t5, t6
core   0: 3 0x000040f4 (0x41ff4fb3) x31 0x8000fffe
core   0: 0x000040f8 (0x34009073) csrw    mscratch, ra
core   0: 3 0x000040f8 (0x34009073) c832_mscratch 0x00000000
core   0: 0x000040fc (0x008000ef) jal     pc + 0x8
core   0: 3 0x000040fc (0x008000ef) x1  0x00004100
core   0: 0x00004104 (0x340020f3) csrr    ra, mscratch
core   0: 3 0x00004104 (0x340020f3) x1  0x00000000
core   0: 0x00004108 (0xa8813a93) sltiu   s5, sp, -1400
core   0: 3 0x00004108 (0xa8813a93) x21 0x00000001
core   0: 0x0000410c (0xf6726c13) ori     s8, tp, -153
core   0: 3 0x0000410c (0xf6726c13) x24 0xffffff67
core   0: 0x00004110 (0x415381b3) sub     gp, t2, s5
core   0: 3 0x00004110 (0x415381b3) x3  0x000124b3
core   0: 0x00004114 (0x02f04033) div     zero, zero, a5
core   0: 3 0x00004114 (0x02f04033)
core   0: 0x00004118 (0x3796c913) xori    s2, a3, 889
core   0: 3 0x00004118 (0x3796c913) x18 0x0000032f
core   0: 0x0000411c (0x00009afd) c.andi  a3, -1
core   0: 3 0x0000411c (0x9afd) x13 0x00000056
core   0: 0x0000411e (0x40c70cb3) sub     s9, a4, a2
core   0: 3 0x0000411e (0x40c70cb3) x25 0x00008000
core   0: 0x00004122 (0x1f918013) addi    zero, gp, 505
core   0: 3 0x00004122 (0x1f918013)
core   0: 0x00004126 (0x01448033) add     zero, s1, s4
core   0: 3 0x00004126 (0x01448033)
core   0: 0x0000412a (0x9f963e13) sltiu   t3, a2, -1543
core   0: 3 0x0000412a (0x9f963e13) x28 0x00000001
core   0: 0x0000412e (0xa5a5af37) lui     t5, 0xa5a5a
core   0: 3 0x0000412e (0xa5a5af37) x30 0xa5a5a000
core   0: 0x00004132 (0x5a5f0f13) addi    t5, t5, 1445
core   0: 3 0x00004132 (0x5a5f0f13) x30 0xa5a5a5a5
core   0: 0x00004136 (0x00006fc1) c.lui   t6, 0x10
core   0: 3 0x00004136 (0x6fc1) x31 0x00010000
core   0: 0x00004138 (0x600f1f93) clz     t6, t5
core   0: 3 0x00004138 (0x600f1f93) x31 0x00000000
core   0: 0x0000413c (0x80000f37) lui     t5, 0x80000
core   0: 3 0x0000413c (0x80000f37) x30 0x80000000
core   0: 0x00004140 (0x00005ffd) c.li    t6, -1
core   0: 3 0x00004140 (0x5ffd) x31 0xffffffff
core   0: 0x00004142 (0x03ff4fb3) div     t6, t5, t6
core   0: 3 0x00004142 (0x03ff4fb3) x31 0x80000000
core   0: 0x00004146 (0x03ef6fb3) rem     t6, t5, t5
core   0: 3 0x00004146 (0x03ef6fb3) x31 0x00000000
core   0: 0x0000414a (0x00004f81) c.li    t6, 0
core   0: 3 0x0000414a (0x4f81) x31 0x00000000
core   0: 0x0000414c (0x03ff5fb3) divu    t6, t5, t6
core   0: 3 0x0000414c (0x03ff5fb3) x31 0xffffffff
core   0: 0x00004150 (0x00004f81) c.li    t6, 0
core   0: 3 0x00004150 (0x4f81) x31 0x00000000
core   0: 0x00004152 (0x03ff6fb3) rem     t6, t5, t6
core   0: 3 0x00004152 (0x03ff6fb3) x31 0x80000000
core   0: 0x00004156 (0x01527833) and     a6, tp, s5
core   0: 3 0x00004156 (0x01527833) x16 0x00000000
core   0: 0x0000415a (0x71a42613) slti    a2, s0, 1818
core   0: 3 0x0000415a (0x71a42613) x12 0x00000001
core   0: 0x0000415e (0x0000177d) c.addi  a4, -1
core   0: 3 0x0000415e (0x177d) x14 0x00007fff
core   0: 0x00004160 (0x3a884093) xori    ra, a6, 936
core   0: 3 0x00004160 (0x3a884093) x1  0x000003a8
core   0: 0x00004164 (0x414409b3) sub     s3, s0, s4
core   0: 3 0x00004164 (0x414409b3) x19 0xfffffed6
core   0: 0x00004168 (0x8b42a413) slti    s0, t0, -1868
core   0: 3 0x00004168 (0x8b42a413) x8  0x00000000
core   0: 0x0000416c (0x01339533) sll     a0, t2, s3
core   0: 3 0x0000416c (0x01339533) x10 0x2d000000
core   0: 0x00004170 (0x02825833) divu    a6, tp, s0
core   0: 3 0x00004170 (0x02825833) x16 0xffffffff
core   0: 0x00004174 (0x00d99a93) slli    s5, s3, 13
core   0: 3 0x00004174 (0x00d99a93) x21 0xffdac000
core   0: 0x00004178 (0x00008f41) c.or    a4, s0
core   0: 3 0x00004178 (0x8f41) x14 0x00007fff
core   0: 0x0000417a (0x00004f01) c.li    t5, 0
core   0: 3 0x0000417a (0x4f01) x30 0x00000000
core   0: 0x0000417c (0x80000fb7) lui     t6, 0x80000
core   0: 3 0x0000417c (0x80000fb7) x31 0x80000000
core   0: 0x00004180 (0x00001ffd) c.addi  t6, -1
core   0: 3 0x00004180 (0x1ffd) x31 0x7fffffff
core   0: 0x00004182 (0x601f1f93) ctz     t6, t5
core   0: 3 0x00004182 (0x601f1f93) x31 0x00000020
core   0: 0x00004186 (0x4061d313) srai    t1, gp, 6
core   0: 3 0x00004186 (0x4061d313) x6  0x00000492
core   0: 0x0000418a (0x05575463) bge     a4, s5, pc + 72
core   0: 3 0x0000418a (0x05575463)
core   0: 0x000041d2 (0x401a8ab3) sub     s5, s5, ra
core   0: 3 0x000041d2 (0x401a8ab3) x21 0xffdabc58
core   0: 0x000041d6 (0x00006f41) c.lui   t5, 0x10
core   0: 3 0x000041d6 (0x6f41) x30 0x00010000
core   0: 0x000041d8 (0xa5a5afb7) lui     t6, 0xa5a5a
core   0: 3 0x000041d8 (0xa5a5afb7) x31 0xa5a5a000
core   0: 0x000041dc (0x5a5f8f93) addi    t6, t6, 1445
core   0: 3 0x000041dc (0x5a5f8f93) x31 0xa5a5a5a5
core   0: 0x000041e0 (0x0bff4fb3) min     t6, t5, t6
core   0: 3 0x000041e0 (0x0bff4fb3) x31 0xa5a5a5a5
core   0: 0x000041e4 (0x75b13013) sltiu   zero, sp, 1883
core   0: 3 0x000041e4 (0x75b13013)
core   0: 0x000041e8 (0x0677e163) bltu    a5, t2, pc + 98
core   0: 3 0x000041e8 (0x0677e163)
core   0: 0x000041ec (0x000000b2) c.slli  ra, 12
core   0: 3 0x000041ec (0x00b2) x1  0x003a8000
core   0: 0x000041ee (0x00000e08) c.addi4spn a0, sp, 784
core   0: 3 0x000041ee (0x0e08) x10 0x00000310
core   0: 0x000041f0 (0xbb4aa813) slti    a6, s5, -1100
core   0: 3 0x000041f0 (0xbb4aa813) x16 0x00000001
core   0: 0x000041f4 (0xb5b37613) andi    a2, t1, -1189
core   0: 3 0x000041f4 (0xb5b37613) x12 0x00000012
core   0: 0x000041f8 (0x00006179) c.addi16sp sp, 464
core   0: 3 0x000041f8 (0x6179) x2  0x000001d0
core   0: 0x000041fa (0x48b2c137) lui     sp, 0x48b2c
core   0: 3 0x000041fa (0x48b2c137) x2  0x48b2c000
core   0: 0x000041fe (0x05664663) blt     a2, s6, pc + 76
core   0: 3 0x000041fe (0x05664663)
core   0: 0x0000424a (0x000069c5) c.lui   s3, 0x11
core   0: 3 0x0000424a (0x69c5) x19 0x00011000
core   0: 0x0000424c (0x00008d51) c.or    a0, a2
core   0: 3 0x0000424c (0x8d51) x10 0x00000312
core   0: 0x0000424e (0x0227bcb3) mulhu   s9, a5, sp
core   0: 3 0x0000424e (0x0227bcb3) x25 0x05ccfd48
core   0: 0x00004252 (0x00000001) c.nop
core   0: 3 0x00004252 (0x0001)
core   0: 0x00004254 (0x00008e09) c.sub   a2, a0
core   0: 3 0x00004254 (0x8e09) x12 0xfffffd00
core   0: 0x00004256 (0x0000649d) c.lui   s1, 0x7
core   0: 3 0x00004256 (0x649d) x9  0x00007000
core   0: 0x00004258 (0x0101cfb3) xor     t6, gp, a6
core   0: 3 0x00004258 (0x0101cfb3) x31 0x000124b2
core   0: 0x0000425c (0x00a65893) srli    a7, a2, 10
core   0: 3 0x0000425c (0x00a65893) x17 0x003fffff
core   0: 0x00004260 (0x7ea48e93) addi    t4, s1, 2026
core   0: 3 0x00004260 (0x7ea48e93) x29 0x000077ea
core   0: 0x00004264 (0xf5e28113) addi    sp, t0, -162
core   0: 3 0x00004264 (0xf5e28113) x2  0x146d3f5e
core   0: 0x00004268 (0xa5a5af37) lui     t5, 0xa5a5a
core   0: 3 0x00004268 (0xa5a5af37) x30 0xa5a5a000
core   0: 0x0000426c (0x5a5f0f13) addi    t5, t5, 1445
core   0: 3 0x0000426c (0x5a5f0f13) x30 0xa5a5a5a5
core   0: 0x00004270 (0x00006fc1) c.lui   t6, 0x10
core   0: 3 0x00004270 (0x6fc1) x31 0x00010000
core   0: 0x00004272 (0x0bff7fb3) maxu    t6, t5, t6
core   0: 3 0x00004272 (0x0bff7fb3) x31 0xa5a5a5a5
core   0: 0x00004276 (0x03290db3) mul     s11, s2, s2
core   0: 3 0x00004276 (0x03290db3) x27 0x000a22a1
core   0: 0x0000427a (0x01e21cb3) sll     s9, tp, t5
core   0: 3 0x0000427a (0x01e21cb3) x25 0x00000000
core   0: 0x0000427e (0x016e5b33) srl     s6, t3, s6
core   0: 3 0x0000427e (0x016e5b33) x22 0x00000000
core   0: 0x00004282 (0x018698b3) sll     a7, a3, s8
core   0: 3 0x00004282 (0x018698b3) x17 0x00002b00
core   0: 0x00004286 (0x033c98b3) mulh    a7, s9, s3
core   0: 3 0x00004286 (0x033c98b3) x17 0x00000000
core   0: 0x0000428a (0x03d401b3) mul     gp, s0, t4
core   0: 3 0x0000428a (0x03d401b3) x3  0x00000000
core   0: 0x0000428e (0x0000ca05) c.beqz  a2, pc + 48
core   0: 3 0x0000428e (0xca05)
core   0: 0x00004290 (0x682aa013) slti    zero, s5, 1666
core   0: 3 0x00004290 (0x682aa013)
core   0: 0x00004294 (0x037e52b3) divu    t0, t3, s7
core   0: 3 0x00004294 (0x037e52b3) x5  0xffffffff
core   0: 0x00004298 (0x00a4d5b3) srl     a1, s1, a0
core   0: 3 0x00004298 (0x00a4d5b3) x11 0x00000000
core   0: 0x0000429c (0x00004f01) c.li    t5, 0
core   0: 3 0x0000429c (0x4f01) x30 0x00000000
core   0: 0x0000429e (0x80000fb7) lui     t6, 0x80000
core   0: 3 0x0000429e (0x80000fb7) x31 0x80000000
core   0: 0x000042a2 (0x00001ffd) c.addi  t6, -1
core   0: 3 0x000042a2 (0x1ffd) x31 0x7fffffff
core   0: 0x000042a4 (0x604f1f93) sext.b  t6, t5
core   0: 3 0x000042a4 (0x604f1f93) x31 0x00000000
core   0: 0x000042a8 (0x027746b3) div     a3, a4, t2
core   0: 3 0x000042a8 (0x027746b3) x13 0x00000000
core   0: 0x000042ac (0x182cc293) xori    t0, s9, 386
core   0: 3 0x000042ac (0x182cc293) x5  0x00000182
core   0: 0x000042b0 (0x411f8e33) sub     t3, t6, a7
core   0: 3 0x000042b0 (0x411f8e33) x28 0x00000000
core   0: 0x000042b4 (0x0171f1b3) and     gp, gp, s7
core   0: 3 0x000042b4 (0x0171f1b3) x3  0x00000000
core   0: 0x000042b8 (0x00008d5d) c.or    a0, a5
core   0: 3 0x000042b8 (0x8d5d) x10 0x146d4312
core   0: 0x000042ba (0x00f0de13) srli    t3, ra, 15
core   0: 3 0x000042ba (0x00f0de13) x28 0x00000075
core   0: 0x000042be (0x00000e59) c.addi  t3, 22
core   0: 3 0x000042be (0x0e59) x28 0x0000008b
core   0: 0x000042c0 (0x00000001) c.nop
core   0: 3 0x000042c0 (0x0001)
core   0: 0x000042c2 (0x00008cf1) c.and   s1, a2
core   0: 3 0x000042c2 (0x8cf1) x9  0x00007000
core   0: 0x000042c4 (0x0137f0b3) and     ra, a5, s3
core   0: 3 0x000042c4 (0x0137f0b3) x1  0x00010000
core   0: 0x000042c8 (0x00007f41) c.lui   t5, 0xffff0
core   0: 3 0x000042c8 (0x7f41) x30 0xffff0000
core   0: 0x000042ca (0x00000f05) c.addi  t5, 1
core   0: 3 0x000042ca (0x0f05) x30 0xffff0001
core   0: 0x000042cc (0x80000fb7) lui     t6, 0x80000
core   0: 3 0x000042cc (0x80000fb7) x31 0x80000000
core   0: 0x000042d0 (0x605f1f93) sext.h  t6, t5
core   0: 3 0x000042d0 (0x605f1f93) x31 0x00000001
core   0: 0x000042d4 (0x00008d11) c.sub   a0, a2
core   0: 3 0x000042d4 (0x8d11) x10 0x146d4612
core   0: 0x000042d6 (0x03ea5d63) bge     s4, t5, pc + 58
core   0: 3 0x000042d6 (0x03ea5d63)
core   0: 0x00004310 (0x02a69a33) mulh    s4, a3, a0
core   0: 3 0x00004310 (0x02a69a33) x20 0x00000000
core   0: 0x00004314 (0x01712e33) slt     t3, sp, s7
core   0: 3 0x00004314 (0x01712e33) x28 0x00000000
core   0: 0x00004318 (0x4168d5b3) sra     a1, a7, s6
core   0: 3 0x00004318 (0x4168d5b3) x11 0x00000000
core   0: 0x0000431c (0x0000059a) c.slli  a1, 6
core   0: 3 0x0000431c (0x059a) x11 0x00000000
core   0: 0x0000431e (0x022654b3) divu    s1, a2, sp
core   0: 3 0x0000431e (0x022654b3) x9  0x0000000c
core   0: 0x00004322 (0x006c9eb3) sll     t4, s9, t1
core   0: 3 0x00004322 (0x006c9eb3) x29 0x00000000
core   0: 0x00004326 (0x080e5263) bgez    t3, pc + 132
core   0: 3 0x00004326 (0x080e5263)
core   0: 0x000043aa (0x4e39b093) sltiu   ra, s3, 1251
core   0: 3 0x000043aa (0x4e39b093) x1  0x00000000
core   0: 0x000043ae (0x01dfda13) srli    s4, t6, 29
core   0: 3 0x000043ae (0x01dfda13) x20 0x00000000
core   0: 0x000043b2 (0xa5a5af37) lui     t5, 0xa5a5a
core   0: 3 0x000043b2 (0xa5a5af37) x30 0xa5a5a000
core   0: 0x000043b6 (0x5a5f0f13) addi    t5, t5, 1445
core   0: 3 0x000043b6 (0x5a5f0f13) x30 0xa5a5a5a5
core   0: 0x000043ba (0x00006fc1) c.lui   t6, 0x10
core   0: 3 0x000043ba (0x6fc1) x31 0x00010000
core   0: 0x000043bc (0x607f5f93) rori    t6, t5, 7
core   0: 3 0x000043bc (0x607f5f93) x31 0x4b4b4b4b
core   0: 0x000043c0 (0x00008ab1) c.andi  a3, 12
core   0: 3 0x000043c0 (0x8ab1) x13 0x00000000
core   0: 0x000043c2 (0x00f31633) sll     a2, t1, a5
core   0: 3 0x000043c2 (0x00f31633) x12 0x00000492
core   0: 0x000043c6 (0x0066d513) srli    a0, a3, 6
core   0: 3 0x000043c6 (0x0066d513) x10 0x00000000
core   0: 0x000043ca (0x000067c1) c.lui   a5, 0x10
core   0: 3 0x000043ca (0x67c1) x15 0x00010000
core   0: 0x000043cc (0x0000717d) c.addi16sp sp, -16
core   0: 3 0x000043cc (0x717d) x2  0x146d3f4e
core   0: 0x000043ce (0x41025913) srai    s2, tp, 16
core   0: 3 0x000043ce (0x41025913) x18 0x00000000
core   0: 0x000043d2 (0x00000001) c.nop
core   0: 3 0x000043d2 (0x0001)
core   0: 0x000043d4 (0x024dec33) rem     s8, s11, tp
core   0: 3 0x000043d4 (0x024dec33) x24 0x000a22a1
core   0: 0x000043d8 (0x00008b56) c.mv    s6, s5
core   0: 3 0x000043d8 (0x8b56) x22 0xffdabc58
core   0: 0x000043da (0x00000001) c.nop
core   0: 3 0x000043da (0x0001)
core   0: 0x000043dc (0x00004f01) c.li    t5, 0
core   0: 3 0x000043dc (0x4f01) x30 0x00000000
core   0: 0x000043de (0x80000fb7) lui     t6, 0x80000
core   0: 3 0x000043de (0x80000fb7) x31 0x80000000
core   0: 0x000043e2 (0x00001ffd) c.addi  t6, -1
core   0: 3 0x000043e2 (0x1ffd) x31 0x7fffffff
core   0: 0x000043e4 (0x287f5f93) orc.b   t6, t5
core   0: 3 0x000043e4 (0x287f5f93) x31 0x00000000
core   0: 0x000043e8 (0x00b69a13) slli    s4, a3, 11
core   0: 3 0x000043e8 (0x00b69a13) x20 0x00000000
core   0: 0x000043ec (0x4a86b693) sltiu   a3, a3, 1192
core   0: 3 0x000043ec (0x4a86b693) x13 0x00000001
core   0: 0x000043f0 (0x00000880) c.addi4spn s0, sp, 80
core   0: 3 0x000043f0 (0x0880) x8  0x146d3f9e
core   0: 0x000043f2 (0x084cf663) bgeu    s9, tp, pc + 140
core   0: 3 0x000043f2 (0x084cf663)
core   0: 0x0000447e (0x040b6163) bltu    s6, zero, pc + 66
core   0: 3 0x0000447e (0x040b6163)
core   0: 0x00004482 (0x05496c63) bltu    s2, s4, pc + 88
core   0: 3 0x00004482 (0x05496c63)
core   0: 0x00004486 (0x291d8493) addi    s1, s11, 657
core   0: 3 0x00004486 (0x291d8493) x9  0x000a2532
core   0: 0x0000448a (0x3d314093) xori    ra, sp, 979
core   0: 3 0x0000448a (0x3d314093) x1  0x146d3c9d
core   0: 0x0000448e (0x017d5893) srli    a7, s10, 23
core   0: 3 0x0000448e (0x017d5893) x17 0x00000000
core   0: 0x00004492 (0x4167d6b3) sra     a3, a5, s6
core   0: 3 0x00004492 (0x4167d6b3) x13 0x00000000
core   0: 0x00004496 (0xbdb78013) addi    zero, a5, -1061
core   0: 3 0x00004496 (0xbdb78013)
core   0: 0x0000449a (0xc447c613) xori    a2, a5, -956
core   0: 3 0x0000449a (0xc447c613) x12 0xfffefc44
core   0: 0x0000449e (0x80000f37) lui     t5, 0x80000
core   0: 3 0x0000449e (0x80000f37) x30 0x80000000
core   0: 0x000044a2 (0x00001f7d) c.addi  t5, -1
core   0: 3 0x000044a2 (0x1f7d) x30 0x7fffffff
core   0: 0x000044a4 (0x00004f81) c.li    t6, 0
core   0: 3 0x000044a4 (0x4f81) x31 0x00000000
core   0: 0x000044a6 (0x49ff5fb3) bext    t6, t5, t6
core   0: 3 0x000044a6 (0x49ff5fb3) x31 0x00000001
core   0: 0x000044aa (0x000082a9) c.srli  a3, 10
core   0: 3 0x000044aa (0x82a9) x13 0x00000000
core   0: 0x000044ac (0x0000029d) c.addi  t0, 7
core   0: 3 0x000044ac (0x029d) x5  0x00000189
core   0: 0x000044ae (0x00001e14) c.addi4spn a3, sp, 816
core   0: 3 0x000044ae (0x1e14) x13 0x146d427e
core   0: 0x000044b0 (0x4107de93) srai    t4, a5, 16
core   0: 3 0x000044b0 (0x4107de93) x29 0x00000001
core   0: 0x000044b4 (0x000082f1) c.srli  a3, 28
core   0: 3 0x000044b4 (0x82f1) x13 0x00000001
core   0: 0x000044b6 (0x000000dd) c.addi  ra, 23
core   0: 3 0x000044b6 (0x00dd) x1  0x146d3cb4
core   0: 0x000044b8 (0x00008e01) c.sub   a2, s0
core   0: 3 0x000044b8 (0x8e01) x12 0xeb91bca6
core   0: 0x000044ba (0x03475c33) divu    s8, a4, s4
core   0: 3 0x000044ba (0x03475c33) x24 0xffffffff
core   0: 0x000044be (0x00008e29) c.xor   a2, a0
core   0: 3 0x000044be (0x8e29) x12 0xeb91bca6
core   0: 0x000044c0 (0x410387b3) sub     a5, t2, a6
core   0: 3 0x000044c0 (0x410387b3) x15 0x000124b3
core   0: 0x000044c4 (0x80000f37) lui     t5, 0x80000
core   0: 3 0x000044c4 (0x80000f37) x30 0x80000000
core   0: 0x000044c8 (0x00007fc1) c.lui   t6, 0xffff0
core   0: 3 0x000044c8 (0x7fc1) x31 0xffff0000
core   0: 0x000044ca (0x00000f85) c.addi  t6, 1
core   0: 3 0x000044ca (0x0f85) x31 0xffff0001
core   0: 0x000044cc (0x69ff1fb3) binv    t6, t5, t6
core   0: 3 0x000044cc (0x69ff1fb3) x31 0x80000002
core   0: 0x000044d0 (0x00ff1c13) slli    s8, t5, 15
core   0: 3 0x000044d0 (0x00ff1c13) x24 0x00000000
core   0: 0x000044d4 (0x00008d51) c.or    a0, a2
core   0: 3 0x000044d4 (0x8d51) x10 0xeb91bca6
core   0: 0x000044d6 (0x021007b3) mul     a5, zero, ra
core   0: 3 0x000044d6 (0x021007b3) x15 0x00000000
core   0: 0x000044da (0x9577c213) xori    tp, a5, -1705
core   0: 3 0x000044da (0x9577c213) x4  0xfffff957
core   0: 0x000044de (0x00008e8d) c.sub   a3, a1
core   0: 3 0x000044de (0x8e8d) x13 0x00000001
core   0: 0x000044e0 (0x0000826a) c.mv    tp, s10
core   0: 3 0x000044e0 (0x826a) x4  0x000172d4
core   0: 0x000044e2 (0x0000cd11) c.beqz  a0, pc + 28
core   0: 3 0x000044e2 (0xcd11)
core   0: 0x000044e4 (0x00d43033) sltu    zero, s0, a3
core   0: 3 0x000044e4 (0x00d43033)
core   0: 0x000044e8 (0x03a138b3) mulhu   a7, sp, s10
core   0: 3 0x000044e8 (0x03a138b3) x17 0x00001d96
core   0: 0x000044ec (0x01bddeb3) srl     t4, s11, s11
core   0: 3 0x000044ec (0x01bddeb3) x29 0x00051150
core   0: 0x000044f0 (0xa5a5af37) lui     t5, 0xa5a5a
core   0: 3 0x000044f0 (0xa5a5af37) x30 0xa5a5a000
core   0: 0x000044f4 (0x5a5f0f13) addi    t5, t5, 1445
core   0: 3 0x000044f4 (0x5a5f0f13) x30 0xa5a5a5a5
core   0: 0x000044f8 (0x00006fc1) c.lui   t6, 0x10
core   0: 3 0x000044f8 (0x6fc1) x31 0x00010000
core   0: 0x000044fa (0x29ff1fb3) bset    t6, t5, t6
core   0: 3 0x000044fa (0x29ff1fb3) x31 0xa5a5a5a5
core   0: 0x000044fe (0x009e6e63) bltu    t3, s1, pc + 28
core   0: 3 0x000044fe (0x009e6e63)
core   0: 0x0000451a (0x00004c2d) c.li    s8, 11
core   0: 3 0x0000451a (0x4c2d) x24 0x0000000b
core   0: 0x0000451c (0x000007cd) c.addi  a5, 19
core   0: 3 0x0000451c (0x07cd) x15 0x00000013
core   0: 0x0000451e (0x00004f01) c.li    t5, 0
core   0: 3 0x0000451e (0x4f01) x30 0x00000000
core   0: 0x00004520 (0x80000fb7) lui     t6, 0x80000
core   0: 3 0x00004520 (0x80000fb7) x31 0x80000000
core   0: 0x00004524 (0x00001ffd) c.addi  t6, -1
core   0: 3 0x00004524 (0x1ffd) x31 0x7fffffff
core   0: 0x00004526 (0x49ff1f93) bclri   t6, t5, 31
core   0: 3 0x00004526 (0x49ff1f93) x31 0x00000000
core   0: 0x0000452a (0x41590233) sub     tp, s2, s5
core   0: 3 0x0000452a (0x41590233) x4  0x002543a8
core   0: 0x0000452e (0x1f26e593) ori     a1, a3, 498
core   0: 3 0x0000452e (0x1f26e593) x11 0x000001f3
core   0: 0x00004532 (0x002fa2b3) slt     t0, t6, sp
core   0: 3 0x00004532 (0x002fa2b3) x5  0x00000001
core   0: 0x00004536 (0x00008e71) c.and   a2, a2
core   0: 3 0x00004536 (0x8e71) x12 0xeb91bca6
core   0: 0x00004538 (0x40b7d6b3) sra     a3, a5, a1
core   0: 3 0x00004538 (0x40b7d6b3) x13 0x00000000
core   0: 0x0000453c (0x0000c53d) c.beqz  a0, pc + 110
core   0: 3 0x0000453c (0xc53d)
core   0: 0x0000453e (0x05c48763) beq     s1, t3, pc + 78
core   0: 3 0x0000453e (0x05c48763)
core   0: 0x00004542 (0x067c9663) bne     s9, t2, pc + 108
core   0: 3 0x00004542 (0x067c9663)
core   0: 0x000045ae (0x00008e35) c.xor   a2, a3
core   0: 3 0x000045ae (0x8e35) x12 0xeb91bca6
core   0: 0x000045b0 (0x417f8133) sub     sp, t6, s7
core   0: 3 0x000045b0 (0x417f8133) x2  0x00000000
core   0: 0x000045b4 (0x00006a45) c.lui   s4, 0x11
core   0: 3 0x000045b4 (0x6a45) x20 0x00011000
core   0: 0x000045b6 (0x050b6a63) bltu    s6, a6, pc + 84
core   0: 3 0x000045b6 (0x050b6a63)
core   0: 0x000045ba (0x80000f37) lui     t5, 0x80000
core   0: 3 0x000045ba (0x80000f37) x30 0x80000000
core   0: 0x000045be (0x00001f7d) c.addi  t5, -1
core   0: 3 0x000045be (0x1f7d) x30 0x7fffffff
core   0: 0x000045c0 (0x00004f81) c.li    t6, 0
core   0: 3 0x000045c0 (0x4f81) x31 0x00000000
core   0: 0x000045c2 (0x29ff1f93) bseti   t6, t5, 31
core   0: 3 0x000045c2 (0x29ff1f93) x31 0xffffffff
core   0: 0x000045c6 (0x00000001) c.nop
core   0: 3 0x000045c6 (0x0001)
core   0: 0x000045c8 (0x004b0033) add     zero, s6, tp
core   0: 3 0x000045c8 (0x004b0033)
core   0: 0x000045cc (0x01a96433) or      s0, s2, s10
core   0: 3 0x000045cc (0x01a96433) x8  0x000172d4
core   0: 0x000045d0 (0x028797b3) mulh    a5, a5, s0
core   0: 3 0x000045d0 (0x028797b3) x15 0x00000000
core   0: 0x000045d4 (0x68a5b213) sltiu   tp, a1, 1674
core   0: 3 0x000045d4 (0x68a5b213) x4  0x00000001
core   0: 0x000045d8 (0x02f67e63) bgeu    a2, a5, pc + 60
core   0: 3 0x000045d8 (0x02f67e63)
core   0: 0x00004614 (0x03ec0fb3) mul     t6, s8, t5
core   0: 3 0x00004614 (0x03ec0fb3) x31 0x7ffffff5
core   0: 0x00004618 (0xa5a5af37) lui     t5, 0xa5a5a
core   0: 3 0x00004618 (0xa5a5af37) x30 0xa5a5a000
core   0: 0x0000461c (0x5a5f0f13) addi    t5, t5, 1445
core   0: 3 0x0000461c (0x5a5f0f13) x30 0xa5a5a5a5
core   0: 0x00004620 (0x00006fc1) c.lui   t6, 0x10
core   0: 3 0x00004620 (0x6fc1) x31 0x00010000
core   0: 0x00004622 (0x0fff7fb3) czero.nez t6, t5, t6
core   0: 3 0x00004622 (0x0fff7fb3) x31 0x00000000
core   0: 0x00004626 (0x000086a1) c.srai  a3, 8
core   0: 3 0x00004626 (0x86a1) x13 0x00000000
core   0: 0x00004628 (0x02e45233) divu    tp, s0, a4
core   0: 3 0x00004628 (0x02e45233) x4  0x00000002
core   0: 0x0000462c (0x00008ed1) c.or    a3, a2
core   0: 3 0x0000462c (0x8ed1) x13 0xeb91bca6
core   0: 0x0000462e (0x74d77d97) auipc   s11, 0x74d77
core   0: 3 0x0000462e (0x74d77d97) x27 0x74d7b62e
core   0: 0x00004632 (0xa3c57513) andi    a0, a0, -1476
core   0: 3 0x00004632 (0xa3c57513) x10 0xeb91b824
core   0: 0x00004636 (0x00004089) c.li    ra, 2
core   0: 3 0x00004636 (0x4089) x1  0x00000002
core   0: 0x00004638 (0x00000001) c.nop
core   0: 3 0x00004638 (0x0001)
core   0: 0x0000463a (0x00008025) c.srli  s0, 9
core   0: 3 0x0000463a (0x8025) x8  0x000000b9
core   0: 0x0000463c (0x0347dab3) divu    s5, a5, s4
core   0: 3 0x0000463c (0x0347dab3) x21 0x00000000
core   0: 0x00004640 (0x04735c63) bge     t1, t2, pc + 88
core   0: 3 0x00004640 (0x04735c63)
core   0: 0x00004644 (0x00004f01) c.li    t5, 0
core   0: 3 0x00004644 (0x4f01) x30 0x00000000
core   0: 0x00004646 (0x80000fb7) lui     t6, 0x80000
core   0: 3 0x00004646 (0x80000fb7) x31 0x80000000
core   0: 0x0000464a (0x00001ffd) c.addi  t6, -1
core   0: 3 0x0000464a (0x1ffd) x31 0x7fffffff
core   0: 0x0000464c (0x21ff2fb3) sh1add  t6, t5, t6
core   0: 3 0x0000464c (0x21ff2fb3) x31 0x7fffffff
core   0: 0x00004650 (0x340f1073) csrw    mscratch, t5
core   0: 3 0x00004650 (0x340f1073) c832_mscratch 0x00000000
core   0: 0x00004654 (0x34002ff3) csrr    t6, mscratch
core   0: 3 0x00004654 (0x34002ff3) x31 0x00000000
core   0: 0x00004658 (0x34003ff3) csrrc   t6, mscratch, zero
core   0: 3 0x00004658 (0x34003ff3) x31 0x00000000
core   0: 0x0000465c (0x08522b13) slti    s6, tp, 133
core   0: 3 0x0000465c (0x08522b13) x22 0x00000001
core   0: 0x00004660 (0x04d04d63) blt     zero, a3, pc + 90
core   0: 3 0x00004660 (0x04d04d63)
core   0: 0x00004664 (0xaf32e013) ori     zero, t0, -1293
core   0: 3 0x00004664 (0xaf32e013)
core   0: 0x00004668 (0x00008c1a) c.mv    s8, t1
core   0: 3 0x00004668 (0x8c1a) x24 0x00000492
core   0: 0x0000466a (0x00000001) c.nop
core   0: 3 0x0000466a (0x0001)
core   0: 0x0000466c (0x00008175) c.srli  a0, 29
core   0: 3 0x0000466c (0x8175) x10 0x00000007
core   0: 0x0000466e (0x01e4bab3) sltu    s5, s1, t5
core   0: 3 0x0000466e (0x01e4bab3) x21 0x00000000
core   0: 0x00004672 (0x009cccb3) xor     s9, s9, s1
core   0: 3 0x00004672 (0x009cccb3) x25 0x000a2532
core   0: 0x00004676 (0xf646bc93) sltiu   s9, a3, -156
core   0: 3 0x00004676 (0xf646bc93) x25 0x00000001
core   0: 0x0000467a (0x00c81c93) slli    s9, a6, 12
core   0: 3 0x0000467a (0x00c81c93) x25 0x00001000
core   0: 0x0000467e (0x00007f41) c.lui   t5, 0xffff0
core   0: 3 0x0000467e (0x7f41) x30 0xffff0000
core   0: 0x00004680 (0x00000f05) c.addi  t5, 1
core   0: 3 0x00004680 (0x0f05) x30 0xffff0001
core   0: 0x00004682 (0x80000fb7) lui     t6, 0x80000
core   0: 3 0x00004682 (0x80000fb7) x31 0x80000000
core   0: 0x00004686 (0x21ff4fb3) sh2add  t6, t5, t6
core   0: 3 0x00004686 (0x21ff4fb3) x31 0x7ffc0004
core   0: 0x0000468a (0x00208033) add     zero, ra, sp
core   0: 3 0x0000468a (0x00208033)
core   0: 0x0000468e (0x00008c81) c.sub   s1, s0
core   0: 3 0x0000468e (0x8c81) x9  0x000a2479
core   0: 0x00004690 (0x01de2933) slt     s2, t3, t4
core   0: 3 0x00004690 (0x01de2933) x18 0x00000001
core   0: 0x00004694 (0x01ccfeb3) and     t4, s9, t3
core   0: 3 0x00004694 (0x01ccfeb3) x29 0x00000000
core   0: 0x00004698 (0x0000c299) c.beqz  a3, pc + 6
core   0: 3 0x00004698 (0xc299)
core   0: 0x0000469a (0x00d875b3) and     a1, a6, a3
core   0: 3 0x0000469a (0x00d875b3) x11 0x00000000
core   0: 0x0000469e (0x00008e91) c.sub   a3, a2
core   0: 3 0x0000469e (0x8e91) x13 0x00000000
core   0: 0x000046a0 (0x00129513) slli    a0, t0, 1
core   0: 3 0x000046a0 (0x00129513) x10 0x00000002
core   0: 0x000046a4 (0x00008e69) c.and   a2, a0
core   0: 3 0x000046a4 (0x8e69) x12 0x00000002
core   0: 0x000046a6 (0x00000a22) c.slli  s4, 8
core   0: 3 0x000046a6 (0x0a22) x20 0x01100000
core   0: 0x000046a8 (0x00006f41) c.lui   t5, 0x10
core   0: 3 0x000046a8 (0x6f41) x30 0x00010000
core   0: 0x000046aa (0xa5a5afb7) lui     t6, 0xa5a5a
core   0: 3 0x000046aa (0xa5a5afb7) x31 0xa5a5a000
core   0: 0x000046ae (0x5a5f8f93) addi    t6, t6, 1445
core   0: 3 0x000046ae (0x5a5f8f93) x31 0xa5a5a5a5
core   0: 0x000046b2 (0x21ff6fb3) sh3add  t6, t5, t6
core   0: 3 0x000046b2 (0x21ff6fb3) x31 0xa5ada5a5
core   0: 0x000046b6 (0x0270ca33) div     s4, ra, t2
core   0: 3 0x000046b6 (0x0270ca33) x20 0x00000000
core   0: 0x000046ba (0x0000891d) c.andi  a0, 7
core   0: 3 0x000046ba (0x891d) x10 0x00000002
core   0: 0x000046bc (0x000086a6) c.mv    a3, s1
core   0: 3 0x000046bc (0x86a6) x13 0x000a2479
core   0: 0x000046be (0x02674fb3) div     t6, a4, t1
core   0: 3 0x000046be (0x02674fb3) x31 0x0000001c
core   0: 0x000046c2 (0x00000936) c.slli  s2, 13
core   0: 3 0x000046c2 (0x0936) x18 0x00002000
core   0: 0x000046c4 (0x039b7363) bgeu    s6, s9, pc + 38
core   0: 3 0x000046c4 (0x039b7363)
core   0: 0x000046c8 (0x00000001) c.nop
core   0: 3 0x000046c8 (0x0001)
core   0: 0x000046ca (0x039f1a33) mulh    s4, t5, s9
core   0: 3 0x000046ca (0x039f1a33) x20 0x00000000
core   0: 0x000046ce (0x79cafa93) andi    s5, s5, 1948
core   0: 3 0x000046ce (0x79cafa93) x21 0x00000000
core   0: 0x000046d2 (0x00008051) c.srli  s0, 20
core   0: 3 0x000046d2 (0x8051) x8  0x00000000
core   0: 0x000046d4 (0x80000f37) lui     t5, 0x80000
core   0: 3 0x000046d4 (0x80000f37) x30 0x80000000
core   0: 0x000046d8 (0x00001f7d) c.addi  t5, -1
core   0: 3 0x000046d8 (0x1f7d) x30 0x7fffffff
core   0: 0x000046da (0x00004f81) c.li    t6, 0
core   0: 3 0x000046da (0x4f81) x31 0x00000000
core   0: 0x000046dc (0x41ff7fb3) andn    t6, t5, t6
core   0: 3 0x000046dc (0x41ff7fb3) x31 0x7fffffff
core   0: 0x000046e0 (0x00d16963) bltu    sp, a3, pc + 18
core   0: 3 0x000046e0 (0x00d16963)
core   0: 0x000046f2 (0x000004ce) c.slli  s1, 19
core   0: 3 0x000046f2 (0x04ce) x9  0x23c80000
core   0: 0x000046f4 (0xf87f0413) addi    s0, t5, -121
core   0: 3 0x000046f4 (0xf87f0413) x8  0x7fffff86
core   0: 0x000046f8 (0x0228e533) rem     a0, a7, sp
core   0: 3 0x000046f8 (0x0228e533) x10 0x00001d96
core   0: 0x000046fc (0x43362913) slti    s2, a2, 1075
core   0: 3 0x000046fc (0x43362913) x18 0x00000001
core   0: 0x00004700 (0x80000f37) lui     t5, 0x80000
core   0: 3 0x00004700 (0x80000f37) x30 0x80000000
core   0: 0x00004704 (0x00007fc1) c.lui   t6, 0xffff0
core   0: 3 0x00004704 (0x7fc1) x31 0xffff0000
core   0: 0x00004706 (0x00000f85) c.addi  t6, 1
core   0: 3 0x00004706 (0x0f85) x31 0xffff0001
core   0: 0x00004708 (0x41ff6fb3) orn     t6, t5, t6
core   0: 3 0x00004708 (0x41ff6fb3) x31 0x8000fffe
core   0: 0x0000470c (0x00008d49) c.or    a0, a0
core   0: 3 0x0000470c (0x8d49) x10 0x00001d96
core   0: 0x0000470e (0x00c83033) sltu    zero, a6, a2
core   0: 3 0x0000470e (0x00c83033)
core   0: 0x00004712 (0x00008586) c.mv    a1, ra
core   0: 3 0x00004712 (0x8586) x11 0x00000002
core   0: 0x00004714 (0x05577b63) bgeu    a4, s5, pc + 86
core   0: 3 0x00004714 (0x05577b63)
core   0: 0x0000476a (0x00008231) c.srli  a2, 12
core   0: 3 0x0000476a (0x8231) x12 0x00000000
core   0: 0x0000476c (0x00fc1033) sll     zero, s8, a5
core   0: 3 0x0000476c (0x00fc1033)
core   0: 0x00004770 (0x310bc813) xori    a6, s7, 784
core   0: 3 0x00004770 (0x310bc813) x16 0x00000310
core   0: 0x00004774 (0x00000d85) c.addi  s11, 1
core   0: 3 0x00004774 (0x0d85) x27 0x74d7b62f
core   0: 0x00004776 (0x0000717d) c.addi16sp sp, -16
core   0: 3 0x00004776 (0x717d) x2  0xfffffff0
core   0: 0x00004778 (0x00008489) c.srai  s1, 2
core   0: 3 0x00004778 (0x8489) x9  0x08f20000
core   0: 0x0000477a (0x90f62993) slti    s3, a2, -1777
core   0: 3 0x0000477a (0x90f62993) x19 0x00000000
core   0: 0x0000477e (0x02431033) mulh    zero, t1, tp
core   0: 3 0x0000477e (0x02431033)
core   0: 0x00004782 (0x00000001) c.nop
core   0: 3 0x00004782 (0x0001)
core   0: 0x00004784 (0x00004f01) c.li    t5, 0
core   0: 3 0x00004784 (0x4f01) x30 0x00000000
core   0: 0x00004786 (0x80000fb7) lui     t6, 0x80000
core   0: 3 0x00004786 (0x80000fb7) x31 0x80000000
core   0: 0x0000478a (0x00001ffd) c.addi  t6, -1
core   0: 3 0x0000478a (0x1ffd) x31 0x7fffffff
core   0: 0x0000478c (0x600f1f93) clz     t6, t5
core   0: 3 0x0000478c (0x600f1f93) x31 0x00000020
core   0: 0x00004790 (0x34009073) csrw    mscratch, ra
core   0: 3 0x00004790 (0x34009073) c832_mscratch 0x00000002
core   0: 0x00004794 (0x008000ef) jal     pc + 0x8
core   0: 3 0x00004794 (0x008000ef) x1  0x00004798
core   0: 0x0000479c (0x340020f3) csrr    ra, mscratch
core   0: 3 0x0000479c (0x340020f3) x1  0x00000002
core   0: 0x000047a0 (0x00000001) c.nop
core   0: 3 0x000047a0 (0x0001)
core   0: 0x000047a2 (0x02c807b3) mul     a5, a6, a2
core   0: 3 0x000047a2 (0x02c807b3) x15 0x00000000
core   0: 0x000047a6 (0x00001214) c.addi4spn a3, sp, 288
core   0: 3 0x000047a6 (0x1214) x13 0x00000110
core   0: 0x000047a8 (0xd3cfb693) sltiu   a3, t6, -708
core   0: 3 0x000047a8 (0xd3cfb693) x13 0x00000001
core   0: 0x000047ac (0x012c81b3) add     gp, s9, s2
core   0: 3 0x000047ac (0x012c81b3) x3  0x00001001
core   0: 0x000047b0 (0x00008dd5) c.or    a1, a3
core   0: 3 0x000047b0 (0x8dd5) x11 0x00000003
core   0: 0x000047b2 (0x0094d9b3) srl     s3, s1, s1
core   0: 3 0x000047b2 (0x0094d9b3) x19 0x08f20000
core   0: 0x000047b6 (0x02348963) beq     s1, gp, pc + 50
core   0: 3 0x000047b6 (0x02348963)
core   0: 0x000047ba (0x000086d1) c.srai  a3, 20
core   0: 3 0x000047ba (0x86d1) x13 0x00000000
core   0: 0x000047bc (0x01d65b93) srli    s7, a2, 29
core   0: 3 0x000047bc (0x01d65b93) x23 0x00000000
core   0: 0x000047c0 (0x00007f41) c.lui   t5, 0xffff0
core   0: 3 0x000047c0 (0x7f41) x30 0xffff0000
core   0: 0x000047c2 (0x00000f05) c.addi  t5, 1
core   0: 3 0x000047c2 (0x0f05) x30 0xffff0001
core   0: 0x000047c4 (0x80000fb7) lui     t6, 0x80000
core   0: 3 0x000047c4 (0x80000fb7) x31 0x80000000
core   0: 0x000047c8 (0x601f1f93) ctz     t6, t5
core   0: 3 0x000047c8 (0x601f1f93) x31 0x00000000
core   0: 0x000047cc (0x4bfae013) ori     zero, s5, 1215
core   0: 3 0x000047cc (0x4bfae013)
core   0: 0x000047d0 (0x00004429) c.li    s0, 10
core   0: 3 0x000047d0 (0x4429) x8  0x0000000a
core   0: 0x000047d2 (0x00004791) c.li    a5, 4
core   0: 3 0x000047d2 (0x4791) x15 0x00000004
core   0: 0x000047d4 (0x0185b7b3) sltu    a5, a1, s8
core   0: 3 0x000047d4 (0x0185b7b3) x15 0x00000001
core   0: 0x000047d8 (0x347a2b13) slti    s6, s4, 839
core   0: 3 0x000047d8 (0x347a2b13) x22 0x00000001
core   0: 0x000047dc (0x029da633) mulhsu  a2, s11, s1
core   0: 3 0x000047dc (0x029da633) x12 0x0415319b
core   0: 0x000047e0 (0x00008a2e) c.mv    s4, a1
core   0: 3 0x000047e0 (0x8a2e) x20 0x00000003
core   0: 0x000047e2 (0x00008579) c.srai  a0, 30
core   0: 3 0x000047e2 (0x8579) x10 0x00000000
core   0: 0x000047e4 (0x0597d463) bge     a5, s9, pc + 72
core   0: 3 0x000047e4 (0x0597d463)
core   0: 0x000047e8 (0x03e58133) mul     sp, a1, t5
core   0: 3 0x000047e8 (0x03e58133) x2  0xfffd0003
core   0: 0x000047ec (0x00006f41) c.lui   t5, 0x10
core   0: 3 0x000047ec (0x6f41) x30 0x00010000
core   0: 0x000047ee (0xa5a5afb7) lui     t6, 0xa5a5a
core   0: 3 0x000047ee (0xa5a5afb7) x31 0xa5a5a000
core   0: 0x000047f2 (0x5a5f8f93) addi    t6, t6, 1445
core   0: 3 0x000047f2 (0x5a5f8f93) x31 0xa5a5a5a5
core   0: 0x000047f6 (0x602f1f93) cpop    t6, t5
core   0: 3 0x000047f6 (0x602f1f93) x31 0x00000001
core   0: 0x000047fa (0x000dd033) srl     zero, s11, zero
core   0: 3 0x000047fa (0x000dd033)
core   0: 0x000047fe (0x41555e13) srai    t3, a0, 21
core   0: 3 0x000047fe (0x41555e13) x28 0x00000000
core   0: 0x00004802 (0x0227d233) divu    tp, a5, sp
core   0: 3 0x00004802 (0x0227d233) x4  0x00000000
core   0: 0x00004806 (0x00008e35) c.xor   a2, a3
core   0: 3 0x00004806 (0x8e35) x12 0x0415319b
core   0: 0x00004808 (0xe4580497) auipc   s1, 0xe4580
core   0: 3 0x00004808 (0xe4580497) x9  0xe4584808
core   0: 0x0000480c (0x41ea8433) sub     s0, s5, t5
core   0: 3 0x0000480c (0x41ea8433) x8  0xffff0000
core   0: 0x00004810 (0x00004599) c.li    a1, 6
core   0: 3 0x00004810 (0x4599) x11 0x00000006
core   0: 0x00004812 (0x00008ed9) c.or    a3, a4
core   0: 3 0x00004812 (0x8ed9) x13 0x00007fff
core   0: 0x00004814 (0x00008be2) c.mv    s7, s8
core   0: 3 0x00004814 (0x8be2) x23 0x00000492
core   0: 0x00004816 (0x00009c22) c.add   s8, s0
core   0: 3 0x00004816 (0x9c22) x24 0xffff0492
core   0: 0x00004818 (0x80000f37) lui     t5, 0x80000
core   0: 3 0x00004818 (0x80000f37) x30 0x80000000
core   0: 0x0000481c (0x00001f7d) c.addi  t5, -1
core   0: 3 0x0000481c (0x1f7d) x30 0x7fffffff
core   0: 0x0000481e (0x00004f81) c.li    t6, 0
core   0: 3 0x0000481e (0x4f81) x31 0x00000000
core   0: 0x00004820 (0x0bff4fb3) min     t6, t5, t6
core   0: 3 0x00004820 (0x0bff4fb3) x31 0x00000000
core   0: 0x00004824 (0x029b2fb3) mulhsu  t6, s6, s1
core   0: 3 0x00004824 (0x029b2fb3) x31 0x00000000
core   0: 0x00004828 (0x03f24033) div     zero, tp, t6
core   0: 3 0x00004828 (0x03f24033)
core   0: 0x0000482c (0x00009252) c.add   tp, s4
core   0: 3 0x0000482c (0x9252) x4  0x00000003
core   0: 0x0000482e (0x061a6963) bltu    s4, ra, pc + 114
core   0: 3 0x0000482e (0x061a6963)
core   0: 0x00004832 (0x03b701b3) mul     gp, a4, s11
core   0: 3 0x00004832 (0x03b701b3) x3  0x663fc9d1
core   0: 0x00004836 (0x3cbfe013) ori     zero, t6, 971
core   0: 3 0x00004836 (0x3cbfe013)
core   0: 0x0000483a (0x003cd793) srli    a5, s9, 3
core   0: 3 0x0000483a (0x003cd793) x15 0x00000200
core   0: 0x0000483e (0x017e4633) xor     a2, t3, s7
core   0: 3 0x0000483e (0x017e4633) x12 0x00000492
core   0: 0x00004842 (0x00bf4033) xor     zero, t5, a1
core   0: 3 0x00004842 (0x00bf4033)
core   0: 0x00004846 (0x0071d313) srli    t1, gp, 7
core   0: 3 0x00004846 (0x0071d313) x6  0x00cc7f93
core   0: 0x0000484a (0x80000f37) lui     t5, 0x80000
core   0: 3 0x0000484a (0x80000f37) x30 0x80000000
core   0: 0x0000484e (0x00007fc1) c.lui   t6, 0xffff0
core   0: 3 0x0000484e (0x7fc1) x31 0xffff0000
core   0: 0x00004850 (0x00000f85) c.addi  t6, 1
core   0: 3 0x00004850 (0x0f85) x31 0xffff0001
core   0: 0x00004852 (0x0bff5fb3) minu    t6, t5, t6
core   0: 3 0x00004852 (0x0bff5fb3) x31 0x80000000
core   0: 0x00004856 (0x34009073) csrw    mscratch, ra
core   0: 3 0x00004856 (0x34009073) c832_mscratch 0x00000002
core   0: 0x0000485a (0x00002009) c.jal   pc + 2
core   0: 3 0x0000485a (0x2009) x1  0x0000485c
core   0: 0x0000485c (0x004000ef) jal     pc + 0x4
core   0: 3 0x0000485c (0x004000ef) x1  0x00004860
core   0: 0x00004860 (0x004000ef) jal     pc + 0x4
core   0: 3 0x00004860 (0x004000ef) x1  0x00004864
core   0: 0x00004864 (0x00000097) auipc   ra, 0x0
core   0: 3 0x00004864 (0x00000097) x1  0x00004864
core   0: 0x00004868 (0x00c08093) addi    ra, ra, 12
core   0: 3 0x00004868 (0x00c08093) x1  0x00004870
core   0: 0x0000486c (0x00008067) ret
core   0: 3 0x0000486c (0x00008067)
core   0: 0x00004870 (0x340020f3) csrr    ra, mscratch
core   0: 3 0x00004870 (0x340020f3) x1  0x00000002
core   0: 0x00004874 (0x004b0d63) beq     s6, tp, pc + 26
core   0: 3 0x00004874 (0x004b0d63)
core   0: 0x00004878 (0x000000e1) c.addi  ra, 24
core   0: 3 0x00004878 (0x00e1) x1  0x0000001a
core   0: 0x0000487a (0x0000177d) c.addi  a4, -1
core   0: 3 0x0000487a (0x177d) x14 0x00007ffe
core   0: 0x0000487c (0xe983b317) auipc   t1, 0xe983b
core   0: 3 0x0000487c (0xe983b317) x6  0xe983f87c
core   0: 0x00004880 (0x00008d35) c.xor   a0, a3
core   0: 3 0x00004880 (0x8d35) x10 0x00007fff
core   0: 0x00004882 (0x00008929) c.andi  a0, 10
core   0: 3 0x00004882 (0x8929) x10 0x0000000a
core   0: 0x00004884 (0x0049d5b3) srl     a1, s3, tp
core   0: 3 0x00004884 (0x0049d5b3) x11 0x011e4000
core   0: 0x00004888 (0x0000816d) c.srli  a0, 27
core   0: 3 0x00004888 (0x816d) x10 0x00000000
core   0: 0x0000488a (0x023680b3) mul     ra, a3, gp
core   0: 3 0x0000488a (0x023680b3) x1  0x7ea8b62f
core   0: 0x0000488e (0x07bed117) auipc   sp, 0x7bed
core   0: 3 0x0000488e (0x07bed117) x2  0x07bf188e
core   0: 0x00004892 (0xa5a5af37) lui     t5, 0xa5a5a
core   0: 3 0x00004892 (0xa5a5af37) x30 0xa5a5a000
core   0: 0x00004896 (0x5a5f0f13) addi    t5, t5, 1445
core   0: 3 0x00004896 (0x5a5f0f13) x30 0xa5a5a5a5
core   0: 0x0000489a (0x00006fc1) c.lui   t6, 0x10
core   0: 3 0x0000489a (0x6fc1) x31 0x00010000
core   0: 0x0000489c (0x0bff6fb3) max     t6, t5, t6
core   0: 3 0x0000489c (0x0bff6fb3) x31 0x00010000
core   0: 0x000048a0 (0x00008d41) c.or    a0, s0
core   0: 3 0x000048a0 (0x8d41) x10 0xffff0000
core   0: 0x000048a2 (0x00008dae) c.mv    s11, a1
core   0: 3 0x000048a2 (0x8dae) x27 0x011e4000
core   0: 0x000048a4 (0x030ac663) blt     s5, a6, pc + 44
core   0: 3 0x000048a4 (0x030ac663)
core   0: 0x000048d0 (0x00008285) c.srli  a3, 1
core   0: 3 0x000048d0 (0x8285) x13 0x00003fff
core   0: 0x000048d2 (0x00008fc9) c.or    a5, a0
core   0: 3 0x000048d2 (0x8fc9) x15 0xffff0200
core   0: 0x000048d4 (0x0013b6b3) sltu    a3, t2, ra
core   0: 3 0x000048d4 (0x0013b6b3) x13 0x00000001
core   0: 0x000048d8 (0x06584063) blt     a6, t0, pc + 96
core   0: 3 0x000048d8 (0x06584063)
core   0: 0x000048dc (0x039cc9b3) div     s3, s9, s9
core   0: 3 0x000048dc (0x039cc9b3) x19 0x00000001
core   0: 0x000048e0 (0x02a50463) beq     a0, a0, pc + 40
core   0: 3 0x000048e0 (0x02a50463)
core   0: 0x00004908 (0x01561f93) slli    t6, a2, 21
core   0: 3 0x00004908 (0x01561f93) x31 0x92400000
core   0: 0x0000490c (0x06676a63) bltu    a4, t1, pc + 116
core   0: 3 0x0000490c (0x06676a63)
core   0: 0x00004980 (0x0000844e) c.mv    s0, s3
core   0: 3 0x00004980 (0x844e) x8  0x00000001
core   0: 0x00004982 (0x016e6ab3) or      s5, t3, s6
core   0: 3 0x00004982 (0x016e6ab3) x21 0x00000001
core   0: 0x00004986 (0x01c2de13) srli    t3, t0, 28
core   0: 3 0x00004986 (0x01c2de13) x28 0x00000000
core   0: 0x0000498a (0x0000829e) c.mv    t0, t2
core   0: 3 0x0000498a (0x829e) x5  0x000124b4
core   0: 0x0000498c (0x401b0a33) sub     s4, s6, ra
core   0: 3 0x0000498c (0x401b0a33) x20 0x815749d2
core   0: 0x00004990 (0x03c95233) divu    tp, s2, t3
core   0: 3 0x00004990 (0x03c95233) x4  0xffffffff
core   0: 0x00004994 (0x00000001) c.nop
core   0: 3 0x00004994 (0x0001)
core   0: 0x00004996 (0x80000f37) lui     t5, 0x80000
core   0: 3 0x00004996 (0x80000f37) x30 0x80000000
core   0: 0x0000499a (0x00007fc1) c.lui   t6, 0xffff0
core   0: 3 0x0000499a (0x7fc1) x31 0xffff0000
core   0: 0x0000499c (0x00000f85) c.addi  t6, 1
core   0: 3 0x0000499c (0x0f85) x31 0xffff0001
core   0: 0x0000499e (0x61ff1fb3) rol     t6, t5, t6
core   0: 3 0x0000499e (0x61ff1fb3) x31 0x00000001
core   0: 0x000049a2 (0x00008dad) c.xor   a1, a1
core   0: 3 0x000049a2 (0x8dad) x11 0x00000000
core   0: 0x000049a4 (0xb6b23713) sltiu   a4, tp, -1173
core   0: 3 0x000049a4 (0xb6b23713) x14 0x00000000
core   0: 0x000049a8 (0x40388033) sub     zero, a7, gp
core   0: 3 0x000049a8 (0x40388033)
core   0: 0x000049ac (0x00932033) slt     zero, t1, s1
core   0: 3 0x000049ac (0x00932033)
core   0: 0x000049b0 (0x00004e45) c.li    t3, 17
core   0: 3 0x000049b0 (0x4e45) x28 0x00000011
core   0: 0x000049b2 (0x04046b63) bltu    s0, zero, pc + 86
core   0: 3 0x000049b2 (0x04046b63)
core   0: 0x000049b6 (0x0000807d) c.srli  s0, 31
core   0: 3 0x000049b6 (0x807d) x8  0x00000000
core   0: 0x000049b8 (0x01041cb3) sll     s9, s0, a6
core   0: 3 0x000049b8 (0x01041cb3) x25 0x00000000
core   0: 0x000049bc (0x01ccccb3) xor     s9, s9, t3
core   0: 3 0x000049bc (0x01ccccb3) x25 0x00000011
core   0: 0x000049c0 (0x0285b933) mulhu   s2, a1, s0
core   0: 3 0x000049c0 (0x0285b933) x18 0x00000000
core   0: 0x000049c4 (0xa5a5af37) lui     t5, 0xa5a5a
core   0: 3 0x000049c4 (0xa5a5af37) x30 0xa5a5a000
core   0: 0x000049c8 (0x5a5f0f13) addi    t5, t5, 1445
core   0: 3 0x000049c8 (0x5a5f0f13) x30 0xa5a5a5a5
core   0: 0x000049cc (0x00006fc1) c.lui   t6, 0x10
core   0: 3 0x000049cc (0x6fc1) x31 0x00010000
core   0: 0x000049ce (0x61ff5fb3) ror     t6, t5, t6
core   0: 3 0x000049ce (0x61ff5fb3) x31 0xa5a5a5a5
core   0: 0x000049d2 (0x00006335) c.lui   t1, 0xd
core   0: 3 0x000049d2 (0x6335) x6  0x0000d000
core   0: 0x000049d4 (0x01060eb3) add     t4, a2, a6
core   0: 3 0x000049d4 (0x01060eb3) x29 0x000007a2
core   0: 0x000049d8 (0x40d556b3) sra     a3, a0, a3
core   0: 3 0x000049d8 (0x40d556b3) x13 0xffff8000
core   0: 0x000049dc (0x002442b3) xor     t0, s0, sp
core   0: 3 0x000049dc (0x002442b3) x5  0x07bf188e
core   0: 0x000049e0 (0x0042edb3) or      s11, t0, tp
core   0: 3 0x000049e0 (0x0042edb3) x27 0xffffffff
core   0: 0x000049e4 (0x038b1633) mulh    a2, s6, s8
core   0: 3 0x000049e4 (0x038b1633) x12 0xffffffff
core   0: 0x000049e8 (0x00006c09) c.lui   s8, 0x2
core   0: 3 0x000049e8 (0x6c09) x24 0x00002000
core   0: 0x000049ea (0x03a24833) div     a6, tp, s10
core   0: 3 0x000049ea (0x03a24833) x16 0x00000000
core   0: 0x000049ee (0x00008e29) c.xor   a2, a0
core   0: 3 0x000049ee (0x8e29) x12 0x0000ffff
core   0: 0x000049f0 (0x00000001) c.nop
core   0: 3 0x000049f0 (0x0001)
core   0: 0x000049f2 (0x00004f01) c.li    t5, 0
core   0: 3 0x000049f2 (0x4f01) x30 0x00000000
core   0: 0x000049f4 (0x80000fb7) lui     t6, 0x80000
core   0: 3 0x000049f4 (0x80000fb7) x31 0x80000000
core   0: 0x000049f8 (0x00001ffd) c.addi  t6, -1
core   0: 3 0x000049f8 (0x1ffd) x31 0x7fffffff
core   0: 0x000049fa (0x607f5f93) rori    t6, t5, 7
core   0: 3 0x000049fa (0x607f5f93) x31 0x00000000
core   0: 0x000049fe (0x000050fd) c.li    ra, -1
core   0: 3 0x000049fe (0x50fd) x1  0xffffffff
core   0: 0x00004a00 (0x00f29863) bne     t0, a5, pc + 16
core   0: 3 0x00004a00 (0x00f29863)
core   0: 0x00004a10 (0x0000c939) c.beqz  a0, pc + 86
core   0: 3 0x00004a10 (0xc939)
core   0: 0x00004a12 (0x02a68c33) mul     s8, a3, a0
core   0: 3 0x00004a12 (0x02a68c33) x24 0x80000000
core   0: 0x00004a16 (0x00519533) sll     a0, gp, t0
core   0: 3 0x00004a16 (0x00519533) x10 0xf2744000
core   0: 0x00004a1a (0x00007f41) c.lui   t5, 0xffff0
core   0: 3 0x00004a1a (0x7f41) x30 0xffff0000
core   0: 0x00004a1c (0x00000f05) c.addi  t5, 1
core   0: 3 0x00004a1c (0x0f05) x30 0xffff0001
core   0: 0x00004a1e (0x80000fb7) lui     t6, 0x80000
core   0: 3 0x00004a1e (0x80000fb7) x31 0x80000000
core   0: 0x00004a22 (0x287f5f93) orc.b   t6, t5
core   0: 3 0x00004a22 (0x287f5f93) x31 0xffff00ff
core   0: 0x00004a26 (0x4050db93) srai    s7, ra, 5
core   0: 3 0x00004a26 (0x4050db93) x23 0xffffffff
core   0: 0x00004a2a (0x41315813) srai    a6, sp, 19
core   0: 3 0x00004a2a (0x41315813) x16 0x000000f7
core   0: 0x00004a2e (0xc5ab2613) slti    a2, s6, -934
core   0: 3 0x00004a2e (0xc5ab2613) x12 0x00000000
core   0: 0x00004a32 (0x00000c49) c.addi  s8, 18
core   0: 3 0x00004a32 (0x0c49) x24 0x80000012
core   0: 0x00004a34 (0xf8ccb913) sltiu   s2, s9, -116
core   0: 3 0x00004a34 (0xf8ccb913) x18 0x00000001
core   0: 0x00004a38 (0x00ee6db3) or      s11, t3, a4
core   0: 3 0x00004a38 (0x00ee6db3) x27 0x00000011
core   0: 0x00004a3c (0x00000001) c.nop
core   0: 3 0x00004a3c (0x0001)
core   0: 0x00004a3e (0x40d8d293) srai    t0, a7, 13
core   0: 3 0x00004a3e (0x40d8d293) x5  0x00000000
core   0: 0x00004a42 (0x0120bdb3) sltu    s11, ra, s2
core   0: 3 0x00004a42 (0x0120bdb3) x27 0x00000000
core   0: 0x00004a46 (0xa8912013) slti    zero, sp, -1399
core   0: 3 0x00004a46 (0xa8912013)
core   0: 0x00004a4a (0x00006f41) c.lui   t5, 0x10
core   0: 3 0x00004a4a (0x6f41) x30 0x00010000
core   0: 0x00004a4c (0xa5a5afb7) lui     t6, 0xa5a5a
core   0: 3 0x00004a4c (0xa5a5afb7) x31 0xa5a5a000
core   0: 0x00004a50 (0x5a5f8f93) addi    t6, t6, 1445
core   0: 3 0x00004a50 (0x5a5f8f93) x31 0xa5a5a5a5
core   0: 0x00004a54 (0x698f5f93) rev8.rv32 (args unknown)
core   0: 3 0x00004a54 (0x698f5f93) x31 0x00000100
core   0: 0x00004a58 (0x340f1073) csrw    mscratch, t5
core   0: 3 0x00004a58 (0x340f1073) c832_mscratch 0x00010000
core   0: 0x00004a5c (0x34002ff3) csrr    t6, mscratch
core   0: 3 0x00004a5c (0x34002ff3) x31 0x00010000
core   0: 0x00004a60 (0x34003ff3) csrrc   t6, mscratch, zero
core   0: 3 0x00004a60 (0x34003ff3) x31 0x00010000
core   0: 0x00004a64 (0x00000001) c.nop
core   0: 3 0x00004a64 (0x0001)
core   0: 0x00004a66 (0x01965b13) srli    s6, a2, 25
core   0: 3 0x00004a66 (0x01965b13) x22 0x00000000
core   0: 0x00004a6a (0x03ba6c63) bltu    s4, s11, pc + 56
core   0: 3 0x00004a6a (0x03ba6c63)
core   0: 0x00004a6e (0x0000c29d) c.beqz  a3, pc + 38
core   0: 3 0x00004a6e (0xc29d)
core   0: 0x00004a70 (0xaa1dfb13) andi    s6, s11, -1375
core   0: 3 0x00004a70 (0xaa1dfb13) x22 0x00000000
core   0: 0x00004a74 (0x00008d71) c.and   a0, a2
core   0: 3 0x00004a74 (0x8d71) x10 0x00000000
core   0: 0x00004a76 (0xa77f0013) addi    zero, t5, -1417
core   0: 3 0x00004a76 (0xa77f0013)
core   0: 0x00004a7a (0x40aed193) srai    gp, t4, 10
core   0: 3 0x00004a7a (0x40aed193) x3  0x00000001
core   0: 0x00004a7e (0x018635b3) sltu    a1, a2, s8
core   0: 3 0x00004a7e (0x018635b3) x11 0x00000001
core   0: 0x00004a82 (0x00008d65) c.and   a0, s1
core   0: 3 0x00004a82 (0x8d65) x10 0x00000000
core   0: 0x00004a84 (0x80000f37) lui     t5, 0x80000
core   0: 3 0x00004a84 (0x80000f37) x30 0x80000000
core   0: 0x00004a88 (0x00001f7d) c.addi  t5, -1
core   0: 3 0x00004a88 (0x1f7d) x30 0x7fffffff
core   0: 0x00004a8a (0x00004f81) c.li    t6, 0
core   0: 3 0x00004a8a (0x4f81) x31 0x00000000
core   0: 0x00004a8c (0x49ff1fb3) bclr    t6, t5, t6
core   0: 3 0x00004a8c (0x49ff1fb3) x31 0x7ffffffe
core   0: 0x00004a90 (0x00b7e9b3) or      s3, a5, a1
core   0: 3 0x00004a90 (0x00b7e9b3) x19 0xffff0201
core   0: 0x00004a94 (0x008068b3) or      a7, zero, s0
core   0: 3 0x00004a94 (0x008068b3) x17 0x00000000
core   0: 0x00004a98 (0xb4dcf013) andi    zero, s9, -1203
core   0: 3 0x00004a98 (0xb4dcf013)
core   0: 0x00004a9c (0x028195b3) mulh    a1, gp, s0
core   0: 3 0x00004a9c (0x028195b3) x11 0x00000000
core   0: 0x00004aa0 (0x0000868d) c.srai  a3, 3
core   0: 3 0x00004aa0 (0x868d) x13 0xfffff000
core   0: 0x00004aa2 (0x000015fd) c.addi  a1, -1
core   0: 3 0x00004aa2 (0x15fd) x11 0xffffffff
core   0: 0x00004aa4 (0x03296863) bltu    s2, s2, pc + 48
core   0: 3 0x00004aa4 (0x03296863)
core   0: 0x00004aa8 (0x00008d2d) c.xor   a0, a1
core   0: 3 0x00004aa8 (0x8d2d) x10 0xffffffff
core   0: 0x00004aaa (0x036be163) bltu    s7, s6, pc + 34
core   0: 3 0x00004aaa (0x036be163)
core   0: 0x00004aae (0x00008cc9) c.or    s1, a0
core   0: 3 0x00004aae (0x8cc9) x9  0xffffffff
core   0: 0x00004ab0 (0x80000f37) lui     t5, 0x80000
core   0: 3 0x00004ab0 (0x80000f37) x30 0x80000000
core   0: 0x00004ab4 (0x00007fc1) c.lui   t6, 0xffff0
core   0: 3 0x00004ab4 (0x7fc1) x31 0xffff0000
core   0: 0x00004ab6 (0x00000f85) c.addi  t6, 1
core   0: 3 0x00004ab6 (0x0f85) x31 0xffff0001
core   0: 0x00004ab8 (0x49ff5fb3) bext    t6, t5, t6
core   0: 3 0x00004ab8 (0x49ff5fb3) x31 0x00000000
core   0: 0x00004abc (0x34009073) csrw    mscratch, ra
core   0: 3 0x00004abc (0x34009073) c832_mscratch 0xffffffff
core   0: 0x00004ac0 (0x008000ef) jal     pc + 0x8
core   0: 3 0x00004ac0 (0x008000ef) x1  0x00004ac4
core   0: 0x00004ac8 (0x340020f3) csrr    ra, mscratch
core   0: 3 0x00004ac8 (0x340020f3) x1  0xffffffff
core   0: 0x00004acc (0x044efe63) bgeu    t4, tp, pc + 92
core   0: 3 0x00004acc (0x044efe63)
core   0: 0x00004ad0 (0x002a9493) slli    s1, s5, 2
core   0: 3 0x00004ad0 (0x002a9493) x9  0x00000004
core   0: 0x00004ad4 (0x4120d013) srai    zero, ra, 18
core   0: 3 0x00004ad4 (0x4120d013)
core   0: 0x00004ad8 (0x40c60033) sub     zero, a2, a2
core   0: 3 0x00004ad8 (0x40c60033)
core   0: 0x00004adc (0x0000615d) c.addi16sp sp, 432
core   0: 3 0x00004adc (0x615d) x2  0x07bf1a3e
core   0: 0x00004ade (0x407e0a33) sub     s4, t3, t2
core   0: 3 0x00004ade (0x407e0a33) x20 0xfffedb5d
core   0: 0x00004ae2 (0x07c46037) lui     zero, 0x7c46
core   0: 3 0x00004ae2 (0x07c46037)
core   0: 0x00004ae6 (0x0387a033) mulhsu  zero, a5, s8
core   0: 3 0x00004ae6 (0x0387a033)
core   0: 0x00004aea (0x01c84c33) xor     s8, a6, t3
core   0: 3 0x00004aea (0x01c84c33) x24 0x000000e6
core   0: 0x00004aee (0x0026e033) or      zero, a3, sp
core   0: 3 0x00004aee (0x0026e033)
core   0: 0x00004af2 (0xa5a5af37) lui     t5, 0xa5a5a
core   0: 3 0x00004af2 (0xa5a5af37) x30 0xa5a5a000
core   0: 0x00004af6 (0x5a5f0f13) addi    t5, t5, 1445
core   0: 3 0x00004af6 (0x5a5f0f13) x30 0xa5a5a5a5
core   0: 0x00004afa (0x00006fc1) c.lui   t6, 0x10
core   0: 3 0x00004afa (0x6fc1) x31 0x00010000
core   0: 0x00004afc (0x69ff1fb3) binv    t6, t5, t6
core   0: 3 0x00004afc (0x69ff1fb3) x31 0xa5a5a5a4
core   0: 0x00004b00 (0x417489b3) sub     s3, s1, s7
core   0: 3 0x00004b00 (0x417489b3) x19 0x00000005
core   0: 0x00004b04 (0x00008c81) c.sub   s1, s0
core   0: 3 0x00004b04 (0x8c81) x9  0x00000004
core   0: 0x00004b06 (0x0868d363) bge     a7, t1, pc + 134
core   0: 3 0x00004b06 (0x0868d363)
core   0: 0x00004b0a (0x00009816) c.add   a6, t0
core   0: 3 0x00004b0a (0x9816) x16 0x000000f7
core   0: 0x00004b0c (0x00006ebd) c.lui   t4, 0xf
core   0: 3 0x00004b0c (0x6ebd) x29 0x0000f000
core   0: 0x00004b0e (0x0000ca8d) c.beqz  a3, pc + 50
core   0: 3 0x00004b0e (0xca8d)
core   0: 0x00004b10 (0x00000001) c.nop
core   0: 3 0x00004b10 (0x0001)
core   0: 0x00004b12 (0x4040dd93) srai    s11, ra, 4
core   0: 3 0x00004b12 (0x4040dd93) x27 0xffffffff
core   0: 0x00004b16 (0x06d9cc63) blt     s3, a3, pc + 120
core   0: 3 0x00004b16 (0x06d9cc63)
core   0: 0x00004b1a (0x00008d75) c.and   a0, a3
core   0: 3 0x00004b1a (0x8d75) x10 0xfffff000
core   0: 0x00004b1c (0x00004f01) c.li    t5, 0
core   0: 3 0x00004b1c (0x4f01) x30 0x00000000
core   0: 0x00004b1e (0x80000fb7) lui     t6, 0x80000
core   0: 3 0x00004b1e (0x80000fb7) x31 0x80000000
core   0: 0x00004b22 (0x00001ffd) c.addi  t6, -1
core   0: 3 0x00004b22 (0x1ffd) x31 0x7fffffff
core   0: 0x00004b24 (0x29ff1fb3) bset    t6, t5, t6
core   0: 3 0x00004b24 (0x29ff1fb3) x31 0x80000000
core   0: 0x00004b28 (0x03986033) rem     zero, a6, s9
core   0: 3 0x00004b28 (0x03986033)
core   0: 0x00004b2c (0x0000c299) c.beqz  a3, pc + 6
core   0: 3 0x00004b2c (0xc299)
core   0: 0x00004b2e (0x0081d613) srli    a2, gp, 8
core   0: 3 0x00004b2e (0x0081d613) x12 0x00000000
core   0: 0x00004b32 (0x0000c519) c.beqz  a0, pc + 14
core   0: 3 0x00004b32 (0xc519)
core   0: 0x00004b34 (0x7884f313) andi    t1, s1, 1928
core   0: 3 0x00004b34 (0x7884f313) x6  0x00000000
core   0: 0x00004b38 (0x08319363) bne     gp, gp, pc + 134
core   0: 3 0x00004b38 (0x08319363)
core   0: 0x00004b3c (0x6af03413) sltiu   s0, zero, 1711
core   0: 3 0x00004b3c (0x6af03413) x8  0x00000001
core   0: 0x00004b40 (0x0bbe4193) xori    gp, t3, 187
core   0: 3 0x00004b40 (0x0bbe4193) x3  0x000000aa
core   0: 0x00004b44 (0xdf65a893) slti    a7, a1, -522
core   0: 3 0x00004b44 (0xdf65a893) x17 0x00000000
core   0: 0x00004b48 (0x4113d813) srai    a6, t2, 17
core   0: 3 0x00004b48 (0x4113d813) x16 0x00000000
core   0: 0x00004b4c (0x00007f41) c.lui   t5, 0xffff0
core   0: 3 0x00004b4c (0x7f41) x30 0xffff0000
core   0: 0x00004b4e (0x00000f05) c.addi  t5, 1
core   0: 3 0x00004b4e (0x0f05) x30 0xffff0001
core   0: 0x00004b50 (0x80000fb7) lui     t6, 0x80000
core   0: 3 0x00004b50 (0x80000fb7) x31 0x80000000
core   0: 0x00004b54 (0x49ff1f93) bclri   t6, t5, 31
core   0: 3 0x00004b54 (0x49ff1f93) x31 0x7fff0001
core   0: 0x00004b58 (0x34041073) csrw    mscratch, s0
core   0: 3 0x00004b58 (0x34041073) c832_mscratch 0x00000001
core   0: 0x00004b5c (0x00005417) auipc   s0, 0x5
core   0: 3 0x00004b5c (0x00005417) x8  0x00009b5c
core   0: 0x00004b60 (0xb2c40413) addi    s0, s0, -1236
core   0: 3 0x00004b60 (0xb2c40413) x8  0x00009688
core   0: 0x00004b64 (0x0000c004) c.sw    s1, 0(s0)
core   0: 3 0x00004b64 (0xc004) mem 0x00009688 0x00000004
core   0: 0x00004b66 (0x00242223) sw      sp, 4(s0)
core   0: 3 0x00004b66 (0x00242223) mem 0x0000968c 0x07bf1a3e
core   0: 0x00004b6a (0x00840113) addi    sp, s0, 8
core   0: 3 0x00004b6a (0x00840113) x2  0x00009690
core   0: 0x00004b6e (0x0000c07e) c.swsp  t6, 0(sp)
core   0: 3 0x00004b6e (0xc07e) mem 0x00009690 0x7fff0001
core   0: 0x00004b70 (0x00004f02) c.lwsp  t5, 0(sp)
core   0: 3 0x00004b70 (0x4f02) x30 0x7fff0001 mem 0x00009690
core   0: 0x00004b72 (0x01f42423) sw      t6, 8(s0)
core   0: 3 0x00004b72 (0x01f42423) mem 0x00009690 0x7fff0001
core   0: 0x00004b76 (0x00004404) c.lw    s1, 8(s0)
core   0: 3 0x00004b76 (0x4404) x9  0x7fff0001 mem 0x00009690
core   0: 0x00004b78 (0x0000c404) c.sw    s1, 8(s0)
core   0: 3 0x00004b78 (0xc404) mem 0x00009690 0x7fff0001
core   0: 0x00004b7a (0x00442103) lw      sp, 4(s0)
core   0: 3 0x00004b7a (0x00442103) x2  0x07bf1a3e mem 0x0000968c
core   0: 0x00004b7e (0x00004004) c.lw    s1, 0(s0)
core   0: 3 0x00004b7e (0x4004) x9  0x00000004 mem 0x00009688
core   0: 0x00004b80 (0x34002473) csrr    s0, mscratch
core   0: 3 0x00004b80 (0x34002473) x8  0x00000001
core   0: 0x00004b84 (0x05aced63) bltu    s9, s10, pc + 90
core   0: 3 0x00004b84 (0x05aced63)
core   0: 0x00004bde (0x01b68e33) add     t3, a3, s11
core   0: 3 0x00004bde (0x01b68e33) x28 0xffffefff
core   0: 0x00004be2 (0x3f60fb93) andi    s7, ra, 1014
core   0: 3 0x00004be2 (0x3f60fb93) x23 0x000003f6
core   0: 0x00004be6 (0x03c39433) mulh    s0, t2, t3
core   0: 3 0x00004be6 (0x03c39433) x8  0xffffffff
core   0: 0x00004bea (0x003e12b3) sll     t0, t3, gp
core   0: 3 0x00004bea (0x003e12b3) x5  0xffbffc00
core   0: 0x00004bee (0x40ead2b3) sra     t0, s5, a4
core   0: 3 0x00004bee (0x40ead2b3) x5  0x00000001
core   0: 0x00004bf2 (0x414d89b3) sub     s3, s11, s4
core   0: 3 0x00004bf2 (0x414d89b3) x19 0x000124a2
core   0: 0x00004bf6 (0x00000001) c.nop
core   0: 3 0x00004bf6 (0x0001)
core   0: 0x00004bf8 (0x04e64d63) blt     a2, a4, pc + 90
core   0: 3 0x00004bf8 (0x04e64d63)
core   0: 0x00004bfc (0x01833833) sltu    a6, t1, s8
core   0: 3 0x00004bfc (0x01833833) x16 0x00000001
core   0: 0x00004c00 (0x405a5bb3) sra     s7, s4, t0
core   0: 3 0x00004c00 (0x405a5bb3) x23 0xffff6dae
core   0: 0x00004c04 (0x80000f37) lui     t5, 0x80000
core   0: 3 0x00004c04 (0x80000f37) x30 0x80000000
core   0: 0x00004c08 (0x00007fc1) c.lui   t6, 0xffff0
core   0: 3 0x00004c08 (0x7fc1) x31 0xffff0000
core   0: 0x00004c0a (0x00000f85) c.addi  t6, 1
core   0: 3 0x00004c0a (0x0f85) x31 0xffff0001
core   0: 0x00004c0c (0x29ff1f93) bseti   t6, t5, 31
core   0: 3 0x00004c0c (0x29ff1f93) x31 0x80000000
core   0: 0x00004c10 (0x02ed4e33) div     t3, s10, a4
core   0: 3 0x00004c10 (0x02ed4e33) x28 0xffffffff
core   0: 0x00004c14 (0x00009b7d) c.andi  a4, -1
core   0: 3 0x00004c14 (0x9b7d) x14 0x00000000
core   0: 0x00004c16 (0x00008e15) c.sub   a2, a3
core   0: 3 0x00004c16 (0x8e15) x12 0x00001000
core   0: 0x00004c18 (0x0000092a) c.slli  s2, 10
core   0: 3 0x00004c18 (0x092a) x18 0x00000400
core   0: 0x00004c1a (0x03a30a63) beq     t1, s10, pc + 52
core   0: 3 0x00004c1a (0x03a30a63)
core   0: 0x00004c1e (0x03cebe33) mulhu   t3, t4, t3
core   0: 3 0x00004c1e (0x03cebe33) x28 0x0000efff
core   0: 0x00004c22 (0x0000177d) c.addi  a4, -1
core   0: 3 0x00004c22 (0x177d) x14 0xffffffff
core   0: 0x00004c24 (0x060a8a63) beqz    s5, pc + 116
core   0: 3 0x00004c24 (0x060a8a63)
core   0: 0x00004c28 (0x000055fd) c.li    a1, -1
core   0: 3 0x00004c28 (0x55fd) x11 0xffffffff
core   0: 0x00004c2a (0xa7184f93) xori    t6, a6, -1423
core   0: 3 0x00004c2a (0xa7184f93) x31 0xfffffa70
core   0: 0x00004c2e (0xa5a5af37) lui     t5, 0xa5a5a
core   0: 3 0x00004c2e (0xa5a5af37) x30 0xa5a5a000
core   0: 0x00004c32 (0x5a5f0f13) addi    t5, t5, 1445
core   0: 3 0x00004c32 (0x5a5f0f13) x30 0xa5a5a5a5
core   0: 0x00004c36 (0x00006fc1) c.lui   t6, 0x10
core   0: 3 0x00004c36 (0x6fc1) x31 0x00010000
core   0: 0x00004c38 (0x0fff5fb3) czero.eqz t6, t5, t6
core   0: 3 0x00004c38 (0x0fff5fb3) x31 0xa5a5a5a5
core   0: 0x00004c3c (0x0020b5b3) sltu    a1, ra, sp
core   0: 3 0x00004c3c (0x0020b5b3) x11 0x00000000
core   0: 0x00004c40 (0x050bcc63) blt     s7, a6, pc + 88
core   0: 3 0x00004c40 (0x050bcc63)
core   0: 0x00004c98 (0x0b030913) addi    s2, t1, 176
core   0: 3 0x00004c98 (0x0b030913) x18 0x000000b0
core   0: 0x00004c9c (0x025a61b3) rem     gp, s4, t0
core   0: 3 0x00004c9c (0x025a61b3) x3  0x00000000
core   0: 0x00004ca0 (0x057b5363) bge     s6, s7, pc + 70
core   0: 3 0x00004ca0 (0x057b5363)
core   0: 0x00004ce6 (0x002d1d63) bne     s10, sp, pc + 26
core   0: 3 0x00004ce6 (0x002d1d63)
core   0: 0x00004d00 (0x4169d1b3) sra     gp, s3, s6
core   0: 3 0x00004d00 (0x4169d1b3) x3  0x000124a2
core   0: 0x00004d04 (0x01c629b3) slt     s3, a2, t3
core   0: 3 0x00004d04 (0x01c629b3) x19 0x00000001
core   0: 0x00004d08 (0x80000f37) lui     t5, 0x80000
core   0: 3 0x00004d08 (0x80000f37) x30 0x80000000
core   0: 0x00004d0c (0x00001f7d) c.addi  t5, -1
core   0: 3 0x00004d0c (0x1f7d) x30 0x7fffffff
core   0: 0x00004d0e (0x00004f81) c.li    t6, 0
core   0: 3 0x00004d0e (0x4f81) x31 0x00000000
core   0: 0x00004d10 (0x21ff6fb3) sh3add  t6, t5, t6
core   0: 3 0x00004d10 (0x21ff6fb3) x31 0xfffffff8
core   0: 0x00004d14 (0x0000678d) c.lui   a5, 0x3
core   0: 3 0x00004d14 (0x678d) x15 0x00003000
core   0: 0x00004d16 (0x00008d3d) c.xor   a0, a5
core   0: 3 0x00004d16 (0x8d3d) x10 0xffffc000
core   0: 0x00004d18 (0x400a57b3) sra     a5, s4, zero
core   0: 3 0x00004d18 (0x400a57b3) x15 0xfffedb5d
core   0: 0x00004d1c (0x000083d1) c.srli  a5, 20
core   0: 3 0x00004d1c (0x83d1) x15 0x00000fff
core   0: 0x00004d1e (0x02ab56b3) divu    a3, s6, a0
core   0: 3 0x00004d1e (0x02ab56b3) x13 0x00000000
core   0: 0x00004d22 (0x61adfe93) andi    t4, s11, 1562
core   0: 3 0x00004d22 (0x61adfe93) x29 0x0000061a
core   0: 0x00004d26 (0x41e38a33) sub     s4, t2, t5
core   0: 3 0x00004d26 (0x41e38a33) x20 0x800124b5
core   0: 0x00004d2a (0x00008d4d) c.or    a0, a1
core   0: 3 0x00004d2a (0x8d4d) x10 0xffffc000
core   0: 0x00004d2c (0x004d8e33) add     t3, s11, tp
core   0: 3 0x00004d2c (0x004d8e33) x28 0xfffffffe
core   0: 0x00004d30 (0x00000001) c.nop
core   0: 3 0x00004d30 (0x0001)
core   0: 0x00004d32 (0x80000f37) lui     t5, 0x80000
core   0: 3 0x00004d32 (0x80000f37) x30 0x80000000
core   0: 0x00004d36 (0x00007fc1) c.lui   t6, 0xffff0
core   0: 3 0x00004d36 (0x7fc1) x31 0xffff0000
core   0: 0x00004d38 (0x00000f85) c.addi  t6, 1
core   0: 3 0x00004d38 (0x0f85) x31 0xffff0001
core   0: 0x00004d3a (0x41ff7fb3) andn    t6, t5, t6
core   0: 3 0x00004d3a (0x41ff7fb3) x31 0x00000000
core   0: 0x00004d3e (0x00b3ca33) xor     s4, t2, a1
core   0: 3 0x00004d3e (0x00b3ca33) x20 0x000124b4
core   0: 0x00004d42 (0x365b8193) addi    gp, s7, 869
core   0: 3 0x00004d42 (0x365b8193) x3  0xffff7113
core   0: 0x00004d46 (0x00000001) c.nop
core   0: 3 0x00004d46 (0x0001)
core   0: 0x00004d48 (0x01129463) bne     t0, a7, pc + 8
core   0: 3 0x00004d48 (0x01129463)
core   0: 0x00004d50 (0x00000001) c.nop
core   0: 3 0x00004d50 (0x0001)
core   0: 0x00004d52 (0x001c0433) add     s0, s8, ra
core   0: 3 0x00004d52 (0x001c0433) x8  0x000000e5
core   0: 0x00004d56 (0x4054d013) srai    zero, s1, 5
core   0: 3 0x00004d56 (0x4054d013)
core   0: 0x00004d5a (0x000000e6) c.slli  ra, 25
core   0: 3 0x00004d5a (0x00e6) x1  0xfe000000
core   0: 0x00004d5c (0x00008eb5) c.xor   a3, a3
core   0: 3 0x00004d5c (0x8eb5) x13 0x00000000
core   0: 0x00004d5e (0xa5a5af37) lui     t5, 0xa5a5a
core   0: 3 0x00004d5e (0xa5a5af37) x30 0xa5a5a000
core   0: 0x00004d62 (0x5a5f0f13) addi    t5, t5, 1445
core   0: 3 0x00004d62 (0x5a5f0f13) x30 0xa5a5a5a5
core   0: 0x00004d66 (0x00006fc1) c.lui   t6, 0x10
core   0: 3 0x00004d66 (0x6fc1) x31 0x00010000
core   0: 0x00004d68 (0x41ff6fb3) orn     t6, t5, t6
core   0: 3 0x00004d68 (0x41ff6fb3) x31 0xffffffff
core   0: 0x00004d6c (0x80000f37) lui     t5, 0x80000
core   0: 3 0x00004d6c (0x80000f37) x30 0x80000000
core   0: 0x00004d70 (0x00005ffd) c.li    t6, -1
core   0: 3 0x00004d70 (0x5ffd) x31 0xffffffff
core   0: 0x00004d72 (0x03ff4fb3) div     t6, t5, t6
core   0: 3 0x00004d72 (0x03ff4fb3) x31 0x80000000
core   0: 0x00004d76 (0x03ef6fb3) rem     t6, t5, t5
core   0: 3 0x00004d76 (0x03ef6fb3) x31 0x00000000
core   0: 0x00004d7a (0x00004f81) c.li    t6, 0
core   0: 3 0x00004d7a (0x4f81) x31 0x00000000
core   0: 0x00004d7c (0x03ff5fb3) divu    t6, t5, t6
core   0: 3 0x00004d7c (0x03ff5fb3) x31 0xffffffff
core   0: 0x00004d80 (0x00004f81) c.li    t6, 0
core   0: 3 0x00004d80 (0x4f81) x31 0x00000000
core   0: 0x00004d82 (0x03ff6fb3) rem     t6, t5, t6
core   0: 3 0x00004d82 (0x03ff6fb3) x31 0x80000000
core   0: 0x00004d86 (0x00008d2d) c.xor   a0, a1
core   0: 3 0x00004d86 (0x8d2d) x10 0xffffc000
core   0: 0x00004d88 (0x01135a33) srl     s4, t1, a7
core   0: 3 0x00004d88 (0x01135a33) x20 0x00000000
core   0: 0x00004d8c (0x000087fa) c.mv    a5, t5
core   0: 3 0x00004d8c (0x87fa) x15 0x80000000
core   0: 0x00004d8e (0x008e1993) slli    s3, t3, 8
core   0: 3 0x00004d8e (0x008e1993) x19 0xfffffe00
core   0: 0x00004d92 (0x01f845b3) xor     a1, a6, t6
core   0: 3 0x00004d92 (0x01f845b3) x11 0x80000001
core   0: 0x00004d96 (0x00008e01) c.sub   a2, s0
core   0: 3 0x00004d96 (0x8e01) x12 0x00000f1b
core   0: 0x00004d98 (0x016db133) sltu    sp, s11, s6
core   0: 3 0x00004d98 (0x016db133) x2  0x00000000
core   0: 0x00004d9c (0x00008de5) c.and   a1, s1
core   0: 3 0x00004d9c (0x8de5) x11 0x00000000
core   0: 0x00004d9e (0x00008e15) c.sub   a2, a3
core   0: 3 0x00004d9e (0x8e15) x12 0x00000f1b
core   0: 0x00004da0 (0x011ea0b3) slt     ra, t4, a7
core   0: 3 0x00004da0 (0x011ea0b3) x1  0x00000000
core   0: 0x00004da4 (0x00004f01) c.li    t5, 0
core   0: 3 0x00004da4 (0x4f01) x30 0x00000000
core   0: 0x00004da6 (0x80000fb7) lui     t6, 0x80000
core   0: 3 0x00004da6 (0x80000fb7) x31 0x80000000
core   0: 0x00004daa (0x00001ffd) c.addi  t6, -1
core   0: 3 0x00004daa (0x1ffd) x31 0x7fffffff
core   0: 0x00004dac (0x41ff4fb3) xnor    t6, t5, t6
core   0: 3 0x00004dac (0x41ff4fb3) x31 0x80000000
core   0: 0x00004db0 (0x14183c13) sltiu   s8, a6, 321
core   0: 3 0x00004db0 (0x14183c13) x24 0x00000001
core   0: 0x00004db4 (0x86d8a493) slti    s1, a7, -1939
core   0: 3 0x00004db4 (0x86d8a493) x9  0x00000000
core   0: 0x00004db8 (0x00bfb733) sltu    a4, t6, a1
core   0: 3 0x00004db8 (0x00bfb733) x14 0x00000000
core   0: 0x00004dbc (0x00008fa5) c.xor   a5, s1
core   0: 3 0x00004dbc (0x8fa5) x15 0x80000000
core   0: 0x00004dbe (0x00000001) c.nop
core   0: 3 0x00004dbe (0x0001)
core   0: 0x00004dc0 (0x00009a7d) c.andi  a2, -1
core   0: 3 0x00004dc0 (0x9a7d) x12 0x00000f1b
core   0: 0x00004dc2 (0x06151563) bne     a0, ra, pc + 106
core   0: 3 0x00004dc2 (0x06151563)
core   0: 0x00004e2c (0x0366e1b3) rem     gp, a3, s6
core   0: 3 0x00004e2c (0x0366e1b3) x3  0x00000000
core   0: 0x00004e30 (0x05ae7f63) bgeu    t3, s10, pc + 94
core   0: 3 0x00004e30 (0x05ae7f63)
core   0: 0x00004e8e (0x0000ca9d) c.beqz  a3, pc + 54
core   0: 3 0x00004e8e (0xca9d)
core   0: 0x00004ec4 (0x00008df2) c.mv    s11, t3
core   0: 3 0x00004ec4 (0x8df2) x27 0xfffffffe
core   0: 0x00004ec6 (0x042ecc63) blt     t4, sp, pc + 88
core   0: 3 0x00004ec6 (0x042ecc63)
core   0: 0x00004eca (0x00004f01) c.li    t5, 0
core   0: 3 0x00004eca (0x4f01) x30 0x00000000
core   0: 0x00004ecc (0x80000fb7) lui     t6, 0x80000
core   0: 3 0x00004ecc (0x80000fb7) x31 0x80000000
core   0: 0x00004ed0 (0x00001ffd) c.addi  t6, -1
core   0: 3 0x00004ed0 (0x1ffd) x31 0x7fffffff
core   0: 0x00004ed2 (0x0bff6fb3) max     t6, t5, t6
core   0: 3 0x00004ed2 (0x0bff6fb3) x31 0x7fffffff
core   0: 0x00004ed6 (0x00008d09) c.sub   a0, a0
core   0: 3 0x00004ed6 (0x8d09) x10 0x00000000
core   0: 0x00004ed8 (0x01cd8663) beq     s11, t3, pc + 12
core   0: 3 0x00004ed8 (0x01cd8663)
core   0: 0x00004ee4 (0x40895713) srai    a4, s2, 8
core   0: 3 0x00004ee4 (0x40895713) x14 0x00000000
core   0: 0x00004ee8 (0x05d78563) beq     a5, t4, pc + 74
core   0: 3 0x00004ee8 (0x05d78563)
core   0: 0x00004eec (0x03ae4863) blt     t3, s10, pc + 48
core   0: 3 0x00004eec (0x03ae4863)
core   0: 0x00004f1c (0x00008d4d) c.or    a0, a1
core   0: 3 0x00004f1c (0x8d4d) x10 0x00000000
core   0: 0x00004f1e (0x01c65013) srli    zero, a2, 28
core   0: 3 0x00004f1e (0x01c65013)
core   0: 0x00004f22 (0x00000fd2) c.slli  t6, 20
core   0: 3 0x00004f22 (0x0fd2) x31 0xfff00000
core   0: 0x00004f24 (0x00006f41) c.lui   t5, 0x10
core   0: 3 0x00004f24 (0x6f41) x30 0x00010000
core   0: 0x00004f26 (0xa5a5afb7) lui     t6, 0xa5a5a
core   0: 3 0x00004f26 (0xa5a5afb7) x31 0xa5a5a000
core   0: 0x00004f2a (0x5a5f8f93) addi    t6, t6, 1445
core   0: 3 0x00004f2a (0x5a5f8f93) x31 0xa5a5a5a5
core   0: 0x00004f2e (0x604f1f93) sext.b  t6, t5
core   0: 3 0x00004f2e (0x604f1f93) x31 0x00000000
core   0: 0x00004f32 (0x009097b3) sll     a5, ra, s1
core   0: 3 0x00004f32 (0x009097b3) x15 0x00000000
core   0: 0x00004f36 (0x40a35733) sra     a4, t1, a0
core   0: 3 0x00004f36 (0x40a35733) x14 0x00000000
core   0: 0x00004f3a (0x00008d29) c.xor   a0, a0
core   0: 3 0x00004f3a (0x8d29) x10 0x00000000
core   0: 0x00004f3c (0x01fa9e33) sll     t3, s5, t6
core   0: 3 0x00004f3c (0x01fa9e33) x28 0x00000001
core   0: 0x00004f40 (0x09da4363) blt     s4, t4, pc + 134
core   0: 3 0x00004f40 (0x09da4363)
core   0: 0x00004fc6 (0x01833033) sltu    zero, t1, s8
core   0: 3 0x00004fc6 (0x01833033)
core   0: 0x00004fca (0x00581b33) sll     s6, a6, t0
core   0: 3 0x00004fca (0x00581b33) x22 0x00000002
core   0: 0x00004fce (0x00fab733) sltu    a4, s5, a5
core   0: 3 0x00004fce (0x00fab733) x14 0x00000000
core   0: 0x00004fd2 (0x23832037) lui     zero, 0x23832
core   0: 3 0x00004fd2 (0x23832037)
core   0: 0x00004fd6 (0x00000001) c.nop
core   0: 3 0x00004fd6 (0x0001)
core   0: 0x00004fd8 (0x000009be) c.slli  s3, 15
core   0: 3 0x00004fd8 (0x09be) x19 0xff000000
core   0: 0x00004fda (0xa5a5af37) lui     t5, 0xa5a5a
core   0: 3 0x00004fda (0xa5a5af37) x30 0xa5a5a000
core   0: 0x00004fde (0x5a5f0f13) addi    t5, t5, 1445
core   0: 3 0x00004fde (0x5a5f0f13) x30 0xa5a5a5a5
core   0: 0x00004fe2 (0x00006fc1) c.lui   t6, 0x10
core   0: 3 0x00004fe2 (0x6fc1) x31 0x00010000
core   0: 0x00004fe4 (0x61ff1fb3) rol     t6, t5, t6
core   0: 3 0x00004fe4 (0x61ff1fb3) x31 0xa5a5a5a5
core   0: 0x00004fe8 (0x40010833) sub     a6, sp, zero
core   0: 3 0x00004fe8 (0x40010833) x16 0x00000000
core   0: 0x00004fec (0x00008b81) c.andi  a5, 0
core   0: 3 0x00004fec (0x8b81) x15 0x00000000
core   0: 0x00004fee (0x00000f9a) c.slli  t6, 6
core   0: 3 0x00004fee (0x0f9a) x31 0x69696940
core   0: 0x00004ff0 (0x00bbd413) srli    s0, s7, 11
core   0: 3 0x00004ff0 (0x00bbd413) x8  0x001fffed
core   0: 0x00004ff4 (0x000091ce) c.add   gp, s3
core   0: 3 0x00004ff4 (0x91ce) x3  0xff000000
core   0: 0x00004ff6 (0x028160b3) rem     ra, sp, s0
core   0: 3 0x00004ff6 (0x028160b3) x1  0x00000000
core   0: 0x00004ffa (0x00000588) c.addi4spn a0, sp, 704
core   0: 3 0x00004ffa (0x0588) x10 0x000002c0
core   0: 0x00004ffc (0x0249a2b3) mulhsu  t0, s3, tp
core   0: 3 0x00004ffc (0x0249a2b3) x5  0xff000000
core   0: 0x00005000 (0x05a27163) bgeu    tp, s10, pc + 66
core   0: 3 0x00005000 (0x05a27163)
core   0: 0x00005042 (0x0420a813) slti    a6, ra, 66
core   0: 3 0x00005042 (0x0420a813) x16 0x00000001
core   0: 0x00005046 (0x0000cd09) c.beqz  a0, pc + 26
core   0: 3 0x00005046 (0xcd09)
core   0: 0x00005048 (0x01352b33) slt     s6, a0, s3
core   0: 3 0x00005048 (0x01352b33) x22 0x00000000
core   0: 0x0000504c (0x06970e63) beq     a4, s1, pc + 124
core   0: 3 0x0000504c (0x06970e63)
core   0: 0x000050c8 (0x00000316) c.slli  t1, 5
core   0: 3 0x000050c8 (0x0316) x6  0x00000000
core   0: 0x000050ca (0x00008575) c.srai  a0, 29
core   0: 3 0x000050ca (0x8575) x10 0x00000000
core   0: 0x000050cc (0x0168e7b3) or      a5, a7, s6
core   0: 3 0x000050cc (0x0168e7b3) x15 0x00000000
core   0: 0x000050d0 (0x00008d71) c.and   a0, a2
core   0: 3 0x000050d0 (0x8d71) x10 0x00000000
core   0: 0x000050d2 (0x0062ebb3) or      s7, t0, t1
core   0: 3 0x000050d2 (0x0062ebb3) x23 0xff000000
core   0: 0x000050d6 (0x01c634b3) sltu    s1, a2, t3
core   0: 3 0x000050d6 (0x01c634b3) x9  0x00000000
core   0: 0x000050da (0xd0076013) prefetch.i -768(a4)
core   0: 3 0x000050da (0xd0076013)
core   0: 0x000050de (0x80000f37) lui     t5, 0x80000
core   0: 3 0x000050de (0x80000f37) x30 0x80000000
core   0: 0x000050e2 (0x00007fc1) c.lui   t6, 0xffff0
core   0: 3 0x000050e2 (0x7fc1) x31 0xffff0000
core   0: 0x000050e4 (0x00000f85) c.addi  t6, 1
core   0: 3 0x000050e4 (0x0f85) x31 0xffff0001
core   0: 0x000050e6 (0x49ff1fb3) bclr    t6, t5, t6
core   0: 3 0x000050e6 (0x49ff1fb3) x31 0x80000000
core   0: 0x000050ea (0x00008ed1) c.or    a3, a2
core   0: 3 0x000050ea (0x8ed1) x13 0x00000f1b
core   0: 0x000050ec (0x00008e55) c.or    a2, a3
core   0: 3 0x000050ec (0x8e55) x12 0x00000f1b
core   0: 0x000050ee (0x00ae1613) slli    a2, t3, 10
core   0: 3 0x000050ee (0x00ae1613) x12 0x00000400
core   0: 0x000050f2 (0x0349e663) bltu    s3, s4, pc + 44
core   0: 3 0x000050f2 (0x0349e663)
core   0: 0x000050f6 (0x00000001) c.nop
core   0: 3 0x000050f6 (0x0001)
core   0: 0x000050f8 (0x00fa5113) srli    sp, s4, 15
core   0: 3 0x000050f8 (0x00fa5113) x2  0x00000000
core   0: 0x000050fc (0x02534033) div     zero, t1, t0
core   0: 3 0x000050fc (0x02534033)
core   0: 0x00005100 (0x00001408) c.addi4spn a0, sp, 544
core   0: 3 0x00005100 (0x1408) x10 0x00000220
core   0: 0x00005102 (0x029fa033) mulhsu  zero, t6, s1
core   0: 3 0x00005102 (0x029fa033)
core   0: 0x00005106 (0x00000001) c.nop
core   0: 3 0x00005106 (0x0001)
core   0: 0x00005108 (0xa5a5af37) lui     t5, 0xa5a5a
core   0: 3 0x00005108 (0xa5a5af37) x30 0xa5a5a000
core   0: 0x0000510c (0x5a5f0f13) addi    t5, t5, 1445
core   0: 3 0x0000510c (0x5a5f0f13) x30 0xa5a5a5a5
core   0: 0x00005110 (0x00006fc1) c.lui   t6, 0x10
core   0: 3 0x00005110 (0x6fc1) x31 0x00010000
core   0: 0x00005112 (0x49ff5fb3) bext    t6, t5, t6
core   0: 3 0x00005112 (0x49ff5fb3) x31 0x00000001
core   0: 0x00005116 (0x01dc5a13) srli    s4, s8, 29
core   0: 3 0x00005116 (0x01dc5a13) x20 0x00000000
core   0: 0x0000511a (0x027c3033) mulhu   zero, s8, t2
core   0: 3 0x0000511a (0x027c3033)
core   0: 0x0000511e (0x00008e49) c.or    a2, a0
core   0: 3 0x0000511e (0x8e49) x12 0x00000620
core   0: 0x00005120 (0x010f8663) beq     t6, a6, pc + 12
core   0: 3 0x00005120 (0x010f8663)
core   0: 0x0000512c (0x0916e363) bltu    a3, a7, pc + 134
core   0: 3 0x0000512c (0x0916e363)
core   0: 0x00005130 (0x016c01b3) add     gp, s8, s6
core   0: 3 0x00005130 (0x016c01b3) x3  0x00000001
core   0: 0x00005134 (0x00008d35) c.xor   a0, a3
core   0: 3 0x00005134 (0x8d35) x10 0x00000d3b
core   0: 0x00005136 (0x00004f01) c.li    t5, 0
core   0: 3 0x00005136 (0x4f01) x30 0x00000000
core   0: 0x00005138 (0x80000fb7) lui     t6, 0x80000
core   0: 3 0x00005138 (0x80000fb7) x31 0x80000000
core   0: 0x0000513c (0x00001ffd) c.addi  t6, -1
core   0: 3 0x0000513c (0x1ffd) x31 0x7fffffff
core   0: 0x0000513e (0x69ff1fb3) binv    t6, t5, t6
core   0: 3 0x0000513e (0x69ff1fb3) x31 0x80000000
core   0: 0x00005142 (0x34009073) csrw    mscratch, ra
core   0: 3 0x00005142 (0x34009073) c832_mscratch 0x00000000
core   0: 0x00005146 (0x008000ef) jal     pc + 0x8
core   0: 3 0x00005146 (0x008000ef) x1  0x0000514a
core   0: 0x0000514e (0x340020f3) csrr    ra, mscratch
core   0: 3 0x0000514e (0x340020f3) x1  0x00000000
core   0: 0x00005152 (0x05bd8763) beq     s11, s11, pc + 78
core   0: 3 0x00005152 (0x05bd8763)
core   0: 0x000051a0 (0x002b7db3) and     s11, s6, sp
core   0: 3 0x000051a0 (0x002b7db3) x27 0x00000000
core   0: 0x000051a4 (0x412e8133) sub     sp, t4, s2
core   0: 3 0x000051a4 (0x412e8133) x2  0x0000056a
core   0: 0x000051a8 (0xf8577737) lui     a4, 0xf8577
core   0: 3 0x000051a8 (0xf8577737) x14 0xf8577000
core   0: 0x000051ac (0x023680b3) mul     ra, a3, gp
core   0: 3 0x000051ac (0x023680b3) x1  0x00000f1b
core   0: 0x000051b0 (0x0000817d) c.srli  a0, 31
core   0: 3 0x000051b0 (0x817d) x10 0x00000000
core   0: 0x000051b2 (0xc4b65eb7) lui     t4, 0xc4b65
core   0: 3 0x000051b2 (0xc4b65eb7) x29 0xc4b65000
core   0: 0x000051b6 (0x0000597d) c.li    s2, -1
core   0: 3 0x000051b6 (0x597d) x18 0xffffffff
core   0: 0x000051b8 (0x0532da63) bge     t0, s3, pc + 84
core   0: 3 0x000051b8 (0x0532da63)
core   0: 0x0000520c (0x912700b7) lui     ra, 0x91270
core   0: 3 0x0000520c (0x912700b7) x1  0x91270000
core   0: 0x00005210 (0x04bcfa63) bgeu    s9, a1, pc + 84
core   0: 3 0x00005210 (0x04bcfa63)
core   0: 0x00005264 (0x00008fb5) c.xor   a5, a3
core   0: 3 0x00005264 (0x8fb5) x15 0x00000f1b
core   0: 0x00005266 (0x028d3033) mulhu   zero, s10, s0
core   0: 3 0x00005266 (0x028d3033)
core   0: 0x0000526a (0x01297463) bgeu    s2, s2, pc + 8
core   0: 3 0x0000526a (0x01297463)
core   0: 0x00005272 (0x002ba4b3) slt     s1, s7, sp
core   0: 3 0x00005272 (0x002ba4b3) x9  0x00000001
core   0: 0x00005276 (0x00004f01) c.li    t5, 0
core   0: 3 0x00005276 (0x4f01) x30 0x00000000
core   0: 0x00005278 (0x80000fb7) lui     t6, 0x80000
core   0: 3 0x00005278 (0x80000fb7) x31 0x80000000
core   0: 0x0000527c (0x00001ffd) c.addi  t6, -1
core   0: 3 0x0000527c (0x1ffd) x31 0x7fffffff
core   0: 0x0000527e (0x0fff5fb3) czero.eqz t6, t5, t6
core   0: 3 0x0000527e (0x0fff5fb3) x31 0x00000000
core   0: 0x00005282 (0x340f1073) csrw    mscratch, t5
core   0: 3 0x00005282 (0x340f1073) c832_mscratch 0x00000000
core   0: 0x00005286 (0x34002ff3) csrr    t6, mscratch
core   0: 3 0x00005286 (0x34002ff3) x31 0x00000000
core   0: 0x0000528a (0x34003ff3) csrrc   t6, mscratch, zero
core   0: 3 0x0000528a (0x34003ff3) x31 0x00000000
core   0: 0x0000528e (0x0000717d) c.addi16sp sp, -16
core   0: 3 0x0000528e (0x717d) x2  0x0000055a
core   0: 0x00005290 (0x02fc1d63) bne     s8, a5, pc + 58
core   0: 3 0x00005290 (0x02fc1d63)
core   0: 0x000052ca (0x03dfb233) mulhu   tp, t6, t4
core   0: 3 0x000052ca (0x03dfb233) x4  0x00000000
core   0: 0x000052ce (0x404c8633) sub     a2, s9, tp
core   0: 3 0x000052ce (0x404c8633) x12 0x00000011
core   0: 0x000052d2 (0x00006f41) c.lui   t5, 0x10
core   0: 3 0x000052d2 (0x6f41) x30 0x00010000
core   0: 0x000052d4 (0xa5a5afb7) lui     t6, 0xa5a5a
core   0: 3 0x000052d4 (0xa5a5afb7) x31 0xa5a5a000
core   0: 0x000052d8 (0x5a5f8f93) addi    t6, t6, 1445
core   0: 3 0x000052d8 (0x5a5f8f93) x31 0xa5a5a5a5
core   0: 0x000052dc (0x21ff2fb3) sh1add  t6, t5, t6
core   0: 3 0x000052dc (0x21ff2fb3) x31 0xa5a7a5a5
core   0: 0x000052e0 (0x014d1c93) slli    s9, s10, 20
core   0: 3 0x000052e0 (0x014d1c93) x25 0x2d400000
core   0: 0x000052e4 (0x1adb2f93) slti    t6, s6, 429
core   0: 3 0x000052e4 (0x1adb2f93) x31 0x00000001
core   0: 0x000052e8 (0x2f35aa13) slti    s4, a1, 755
core   0: 3 0x000052e8 (0x2f35aa13) x20 0x00000001
core   0: 0x000052ec (0x0243dfb3) divu    t6, t2, tp
core   0: 3 0x000052ec (0x0243dfb3) x31 0xffffffff
core   0: 0x000052f0 (0x0101cbb3) xor     s7, gp, a6
core   0: 3 0x000052f0 (0x0101cbb3) x23 0x00000000
core   0: 0x000052f4 (0x00bb4533) xor     a0, s6, a1
core   0: 3 0x000052f4 (0x00bb4533) x10 0x00000000
core   0: 0x000052f8 (0x00cb58b3) srl     a7, s6, a2
core   0: 3 0x000052f8 (0x00cb58b3) x17 0x00000000
core   0: 0x000052fc (0x41cc5e93) srai    t4, s8, 28
core   0: 3 0x000052fc (0x41cc5e93) x29 0x00000000
core   0: 0x00005300 (0x0000854d) c.srai  a0, 19
core   0: 3 0x00005300 (0x854d) x10 0x00000000
core   0: 0x00005302 (0x00000001) c.nop
core   0: 3 0x00005302 (0x0001)
core   0: 0x00005304 (0x80000f37) lui     t5, 0x80000
core   0: 3 0x00005304 (0x80000f37) x30 0x80000000
core   0: 0x00005308 (0x00001f7d) c.addi  t5, -1
core   0: 3 0x00005308 (0x1f7d) x30 0x7fffffff
core   0: 0x0000530a (0x00004f81) c.li    t6, 0
core   0: 3 0x0000530a (0x4f81) x31 0x00000000
core   0: 0x0000530c (0x21ff4fb3) sh2add  t6, t5, t6
core   0: 3 0x0000530c (0x21ff4fb3) x31 0xfffffffc
core   0: 0x00005310 (0x7c492813) slti    a6, s2, 1988
core   0: 3 0x00005310 (0x7c492813) x16 0x00000001
core   0: 0x00005314 (0x63f26793) ori     a5, tp, 1599
core   0: 3 0x00005314 (0x63f26793) x15 0x0000063f
core   0: 0x00005318 (0x00990433) add     s0, s2, s1
core   0: 3 0x00005318 (0x00990433) x8  0x00000000
core   0: 0x0000531c (0x0000809d) c.srli  s1, 7
core   0: 3 0x0000531c (0x809d) x9  0x00000000
core   0: 0x0000531e (0x000002ce) c.slli  t0, 19
core   0: 3 0x0000531e (0x02ce) x5  0x00000000
core   0: 0x00005320 (0x00008215) c.srli  a2, 5
core   0: 3 0x00005320 (0x8215) x12 0x00000000
core   0: 0x00005322 (0x01898463) beq     s3, s8, pc + 8
core   0: 3 0x00005322 (0x01898463)
core   0: 0x00005326 (0x00123733) sltu    a4, tp, ra
core   0: 3 0x00005326 (0x00123733) x14 0x00000001
core   0: 0x0000532a (0x00009606) c.add   a2, ra
core   0: 3 0x0000532a (0x9606) x12 0x91270000
core   0: 0x0000532c (0x02290233) mul     tp, s2, sp
core   0: 3 0x0000532c (0x02290233) x4  0xfffffaa6
core   0: 0x00005330 (0x80000f37) lui     t5, 0x80000
core   0: 3 0x00005330 (0x80000f37) x30 0x80000000
core   0: 0x00005334 (0x00007fc1) c.lui   t6, 0xffff0
core   0: 3 0x00005334 (0x7fc1) x31 0xffff0000
core   0: 0x00005336 (0x00000f85) c.addi  t6, 1
core   0: 3 0x00005336 (0x0f85) x31 0xffff0001
core   0: 0x00005338 (0x21ff6fb3) sh3add  t6, t5, t6
core   0: 3 0x00005338 (0x21ff6fb3) x31 0xffff0001
core   0: 0x0000533c (0xedc44013) xori    zero, s0, -292
core   0: 3 0x0000533c (0xedc44013)
core   0: 0x00005340 (0x0329cfb3) div     t6, s3, s2
core   0: 3 0x00005340 (0x0329cfb3) x31 0x01000000
core   0: 0x00005344 (0x00009836) c.add   a6, a3
core   0: 3 0x00005344 (0x9836) x16 0x00000f1c
core   0: 0x00005346 (0x0144ddb3) srl     s11, s1, s4
core   0: 3 0x00005346 (0x0144ddb3) x27 0x00000000
core   0: 0x0000534a (0x0082d4b3) srl     s1, t0, s0
core   0: 3 0x0000534a (0x0082d4b3) x9  0x00000000
core   0: 0x0000534e (0x2ae60893) addi    a7, a2, 686
core   0: 3 0x0000534e (0x2ae60893) x17 0x912702ae
core   0: 0x00005352 (0x00000a8a) c.slli  s5, 2
core   0: 3 0x00005352 (0x0a8a) x21 0x00000004
core   0: 0x00005354 (0x019b2133) slt     sp, s6, s9
core   0: 3 0x00005354 (0x019b2133) x2  0x00000001
core   0: 0x00005358 (0x00008905) c.andi  a0, 1
core   0: 3 0x00005358 (0x8905) x10 0x00000000
core   0: 0x0000535a (0x07ec7d63) bgeu    s8, t5, pc + 122
core   0: 3 0x0000535a (0x07ec7d63)
core   0: 0x0000535e (0xa5a5af37) lui     t5, 0xa5a5a
core   0: 3 0x0000535e (0xa5a5af37) x30 0xa5a5a000
core   0: 0x00005362 (0x5a5f0f13) addi    t5, t5, 1445
core   0: 3 0x00005362 (0x5a5f0f13) x30 0xa5a5a5a5
core   0: 0x00005366 (0x00006fc1) c.lui   t6, 0x10
core   0: 3 0x00005366 (0x6fc1) x31 0x00010000
core   0: 0x00005368 (0x41ff7fb3) andn    t6, t5, t6
core   0: 3 0x00005368 (0x41ff7fb3) x31 0xa5a4a5a5
core   0: 0x0000536c (0x34041073) csrw    mscratch, s0
core   0: 3 0x0000536c (0x34041073) c832_mscratch 0x00000000
core   0: 0x00005370 (0x00004417) auipc   s0, 0x4
core   0: 3 0x00005370 (0x00004417) x8  0x00009370
core   0: 0x00005374 (0x31840413) addi    s0, s0, 792
core   0: 3 0x00005374 (0x31840413) x8  0x00009688
core   0: 0x00005378 (0x0000c004) c.sw    s1, 0(s0)
core   0: 3 0x00005378 (0xc004) mem 0x00009688 0x00000000
core   0: 0x0000537a (0x00242223) sw      sp, 4(s0)
core   0: 3 0x0000537a (0x00242223) mem 0x0000968c 0x00000001
core   0: 0x0000537e (0x00840113) addi    sp, s0, 8
core   0: 3 0x0000537e (0x00840113) x2  0x00009690
core   0: 0x00005382 (0x0000c07e) c.swsp  t6, 0(sp)
core   0: 3 0x00005382 (0xc07e) mem 0x00009690 0xa5a4a5a5
core   0: 0x00005384 (0x00004f02) c.lwsp  t5, 0(sp)
core   0: 3 0x00005384 (0x4f02) x30 0xa5a4a5a5 mem 0x00009690
core   0: 0x00005386 (0x01f42423) sw      t6, 8(s0)
core   0: 3 0x00005386 (0x01f42423) mem 0x00009690 0xa5a4a5a5
core   0: 0x0000538a (0x00004404) c.lw    s1, 8(s0)
core   0: 3 0x0000538a (0x4404) x9  0xa5a4a5a5 mem 0x00009690
core   0: 0x0000538c (0x0000c404) c.sw    s1, 8(s0)
core   0: 3 0x0000538c (0xc404) mem 0x00009690 0xa5a4a5a5
core   0: 0x0000538e (0x00442103) lw      sp, 4(s0)
core   0: 3 0x0000538e (0x00442103) x2  0x00000001 mem 0x0000968c
core   0: 0x00005392 (0x00004004) c.lw    s1, 0(s0)
core   0: 3 0x00005392 (0x4004) x9  0x00000000 mem 0x00009688
core   0: 0x00005394 (0x34002473) csrr    s0, mscratch
core   0: 3 0x00005394 (0x34002473) x8  0x00000000
core   0: 0x00005398 (0x00fa0933) add     s2, s4, a5
core   0: 3 0x00005398 (0x00fa0933) x18 0x00000640
core   0: 0x0000539c (0x034a6c63) bltu    s4, s4, pc + 56
core   0: 3 0x0000539c (0x034a6c63)
core   0: 0x000053a0 (0x00008565) c.srai  a0, 25
core   0: 3 0x000053a0 (0x8565) x10 0x00000000
core   0: 0x000053a2 (0x74073113) sltiu   sp, a4, 1856
core   0: 3 0x000053a2 (0x74073113) x2  0x00000001
core   0: 0x000053a6 (0x029a04b3) mul     s1, s4, s1
core   0: 3 0x000053a6 (0x029a04b3) x9  0x00000000
core   0: 0x000053aa (0xd4b52037) lui     zero, 0xd4b52
core   0: 3 0x000053aa (0xd4b52037)
core   0: 0x000053ae (0x03c88833) mul     a6, a7, t3
core   0: 3 0x000053ae (0x03c88833) x16 0x912702ae
core   0: 0x000053b2 (0x016ff2b3) and     t0, t6, s6
core   0: 3 0x000053b2 (0x016ff2b3) x5  0x00000000
core   0: 0x000053b6 (0x004317b3) sll     a5, t1, tp
core   0: 3 0x000053b6 (0x004317b3) x15 0x00000000
core   0: 0x000053ba (0x00008c21) c.xor   s0, s0
core   0: 3 0x000053ba (0x8c21) x8  0x00000000
core   0: 0x000053bc (0x00004f01) c.li    t5, 0
core   0: 3 0x000053bc (0x4f01) x30 0x00000000
core   0: 0x000053be (0x80000fb7) lui     t6, 0x80000
core   0: 3 0x000053be (0x80000fb7) x31 0x80000000
core   0: 0x000053c2 (0x00001ffd) c.addi  t6, -1
core   0: 3 0x000053c2 (0x1ffd) x31 0x7fffffff
core   0: 0x000053c4 (0x41ff6fb3) orn     t6, t5, t6
core   0: 3 0x000053c4 (0x41ff6fb3) x31 0x80000000
core   0: 0x000053c8 (0x00008739) c.srai  a4, 14
core   0: 3 0x000053c8 (0x8739) x14 0x00000000
core   0: 0x000053ca (0x00000795) c.addi  a5, 5
core   0: 3 0x000053ca (0x0795) x15 0x00000005
core   0: 0x000053cc (0x04fafd63) bgeu    s5, a5, pc + 90
core   0: 3 0x000053cc (0x04fafd63)
core   0: 0x000053d0 (0x41158b33) sub     s6, a1, a7
core   0: 3 0x000053d0 (0x41158b33) x22 0x6ed8fd52
core   0: 0x000053d4 (0x02d1a2b3) mulhsu  t0, gp, a3
core   0: 3 0x000053d4 (0x02d1a2b3) x5  0x00000000
core   0: 0x000053d8 (0x0000717d) c.addi16sp sp, -16
core   0: 3 0x000053d8 (0x717d) x2  0xfffffff1
core   0: 0x000053da (0x013c0933) add     s2, s8, s3
core   0: 3 0x000053da (0x013c0933) x18 0xff000001
core   0: 0x000053de (0x863e3213) sltiu   tp, t3, -1949
core   0: 3 0x000053de (0x863e3213) x4  0x00000001
core   0: 0x000053e2 (0x02c39133) mulh    sp, t2, a2
core   0: 3 0x000053e2 (0x02c39133) x2  0xffff8142
core   0: 0x000053e6 (0x0000997d) c.andi  a0, -1
core   0: 3 0x000053e6 (0x997d) x10 0x00000000
core   0: 0x000053e8 (0x00007f41) c.lui   t5, 0xffff0
core   0: 3 0x000053e8 (0x7f41) x30 0xffff0000
core   0: 0x000053ea (0x00000f05) c.addi  t5, 1
core   0: 3 0x000053ea (0x0f05) x30 0xffff0001
core   0: 0x000053ec (0x80000fb7) lui     t6, 0x80000
core   0: 3 0x000053ec (0x80000fb7) x31 0x80000000
core   0: 0x000053f0 (0x41ff4fb3) xnor    t6, t5, t6
core   0: 3 0x000053f0 (0x41ff4fb3) x31 0x8000fffe
core   0: 0x000053f4 (0x40c55033) sra     zero, a0, a2
core   0: 3 0x000053f4 (0x40c55033)
core   0: 0x000053f8 (0x41c3d813) srai    a6, t2, 28
core   0: 3 0x000053f8 (0x41c3d813) x16 0x00000000
core   0: 0x000053fc (0x548f0937) lui     s2, 0x548f0
core   0: 3 0x000053fc (0x548f0937) x18 0x548f0000
core   0: 0x00005400 (0x01e68833) add     a6, a3, t5
core   0: 3 0x00005400 (0x01e68833) x16 0xffff0f1c
core   0: 0x00005404 (0xbedbb997) auipc   s3, 0xbedbb
core   0: 3 0x00005404 (0xbedbb997) x19 0xbedc0404
core   0: 0x00005408 (0x02ed4c33) div     s8, s10, a4
core   0: 3 0x00005408 (0x02ed4c33) x24 0xffffffff
core   0: 0x0000540c (0x000081fe) c.mv    gp, t6
core   0: 3 0x0000540c (0x81fe) x3  0x8000fffe
core   0: 0x0000540e (0x2b313113) sltiu   sp, sp, 691
core   0: 3 0x0000540e (0x2b313113) x2  0x00000000
core   0: 0x00005412 (0x00009a7d) c.andi  a2, -1
core   0: 3 0x00005412 (0x9a7d) x12 0x91270000
core   0: 0x00005414 (0x0000864d) c.srai  a2, 19
core   0: 3 0x00005414 (0x864d) x12 0xfffff224
core   0: 0x00005416 (0x00006f41) c.lui   t5, 0x10
core   0: 3 0x00005416 (0x6f41) x30 0x00010000
core   0: 0x00005418 (0xa5a5afb7) lui     t6, 0xa5a5a
core   0: 3 0x00005418 (0xa5a5afb7) x31 0xa5a5a000
core   0: 0x0000541c (0x5a5f8f93) addi    t6, t6, 1445
core   0: 3 0x0000541c (0x5a5f8f93) x31 0xa5a5a5a5
core   0: 0x00005420 (0x600f1f93) clz     t6, t5
core   0: 3 0x00005420 (0x600f1f93) x31 0x0000000f
core   0: 0x00005424 (0x00008d4d) c.or    a0, a1
core   0: 3 0x00005424 (0x8d4d) x10 0x00000000
core   0: 0x00005426 (0xd42f4317) auipc   t1, 0xd42f4
core   0: 3 0x00005426 (0xd42f4317) x6  0xd42f9426
core   0: 0x0000542a (0x41a555b3) sra     a1, a0, s10
core   0: 3 0x0000542a (0x41a555b3) x11 0x00000000
core   0: 0x0000542e (0x00dcb5b3) sltu    a1, s9, a3
core   0: 3 0x0000542e (0x00dcb5b3) x11 0x00000000
core   0: 0x00005432 (0x02dbd163) bge     s7, a3, pc + 34
core   0: 3 0x00005432 (0x02dbd163)
core   0: 0x00005436 (0x00000822) c.slli  a6, 8
core   0: 3 0x00005436 (0x0822) x16 0xff0f1c00
core   0: 0x00005438 (0x00008d21) c.xor   a0, s0
core   0: 3 0x00005438 (0x8d21) x10 0x00000000
core   0: 0x0000543a (0x4013d893) srai    a7, t2, 1
core   0: 3 0x0000543a (0x4013d893) x17 0x0000925a
core   0: 0x0000543e (0x07d49763) bne     s1, t4, pc + 110
core   0: 3 0x0000543e (0x07d49763)
core   0: 0x00005442 (0x00000cf6) c.slli  s9, 29
core   0: 3 0x00005442 (0x0cf6) x25 0x00000000
core   0: 0x00005444 (0x80000f37) lui     t5, 0x80000
core   0: 3 0x00005444 (0x80000f37) x30 0x80000000
core   0: 0x00005448 (0x00001f7d) c.addi  t5, -1
core   0: 3 0x00005448 (0x1f7d) x30 0x7fffffff
core   0: 0x0000544a (0x00004f81) c.li    t6, 0
core   0: 3 0x0000544a (0x4f81) x31 0x00000000
core   0: 0x0000544c (0x601f1f93) ctz     t6, t5
core   0: 3 0x0000544c (0x601f1f93) x31 0x00000000
core   0: 0x00005450 (0x0000897d) c.andi  a0, 31
core   0: 3 0x00005450 (0x897d) x10 0x00000000
core   0: 0x00005452 (0x00008265) c.srli  a2, 25
core   0: 3 0x00005452 (0x8265) x12 0x0000007f
core   0: 0x00005454 (0x0905f563) bgeu    a1, a6, pc + 138
core   0: 3 0x00005454 (0x0905f563)
core   0: 0x00005458 (0x000083c9) c.srli  a5, 18
core   0: 3 0x00005458 (0x83c9) x15 0x00000000
core   0: 0x0000545a (0x41cf5813) srai    a6, t5, 28
core   0: 3 0x0000545a (0x41cf5813) x16 0x00000007
core   0: 0x0000545e (0x007ce9b3) or      s3, s9, t2
core   0: 3 0x0000545e (0x007ce9b3) x19 0x000124b4
core   0: 0x00005462 (0x50a0ec17) auipc   s8, 0x50a0e
core   0: 3 0x00005462 (0x50a0ec17) x24 0x50a13462
core   0: 0x00005466 (0x082a5763) bge     s4, sp, pc + 142
core   0: 3 0x00005466 (0x082a5763)
core   0: 0x000054f4 (0xe90ae193) ori     gp, s5, -368
core   0: 3 0x000054f4 (0xe90ae193) x3  0xfffffe94
core   0: 0x000054f8 (0x036b8e33) mul     t3, s7, s6
core   0: 3 0x000054f8 (0x036b8e33) x28 0x00000000
core   0: 0x000054fc (0x020b31b3) mulhu   gp, s6, zero
core   0: 3 0x000054fc (0x020b31b3) x3  0x00000000
core   0: 0x00005500 (0x00004f01) c.li    t5, 0
core   0: 3 0x00005500 (0x4f01) x30 0x00000000
core   0: 0x00005502 (0x80000fb7) lui     t6, 0x80000
core   0: 3 0x00005502 (0x80000fb7) x31 0x80000000
core   0: 0x00005506 (0x00001ffd) c.addi  t6, -1
core   0: 3 0x00005506 (0x1ffd) x31 0x7fffffff
core   0: 0x00005508 (0x0bff5fb3) minu    t6, t5, t6
core   0: 3 0x00005508 (0x0bff5fb3) x31 0x00000000
core   0: 0x0000550c (0x000080ba) c.mv    ra, a4
core   0: 3 0x0000550c (0x80ba) x1  0x00000000
core   0: 0x0000550e (0x00000001) c.nop
core   0: 3 0x0000550e (0x0001)
core   0: 0x00005510 (0x033554b3) divu    s1, a0, s3
core   0: 3 0x00005510 (0x033554b3) x9  0x00000000
core   0: 0x00005514 (0x40a55013) srai    zero, a0, 10
core   0: 3 0x00005514 (0x40a55013)
core   0: 0x00005518 (0x0279ec63) bltu    s3, t2, pc + 56
core   0: 3 0x00005518 (0x0279ec63)
core   0: 0x0000551c (0x00006115) c.addi16sp sp, 288
core   0: 3 0x0000551c (0x6115) x2  0x00000120
core   0: 0x0000551e (0x0000597d) c.li    s2, -1
core   0: 3 0x0000551e (0x597d) x18 0xffffffff
core   0: 0x00005520 (0x4101dcb3) sra     s9, gp, a6
core   0: 3 0x00005520 (0x4101dcb3) x25 0x00000000
core   0: 0x00005524 (0x419885b3) sub     a1, a7, s9
core   0: 3 0x00005524 (0x419885b3) x11 0x0000925a
core   0: 0x00005528 (0x045cfb63) bgeu    s9, t0, pc + 86
core   0: 3 0x00005528 (0x045cfb63)
core   0: 0x0000557e (0x03b944b3) div     s1, s2, s11
core   0: 3 0x0000557e (0x03b944b3) x9  0xffffffff
core   0: 0x00005582 (0x00008d7d) c.and   a0, a5
core   0: 3 0x00005582 (0x8d7d) x10 0x00000000
core   0: 0x00005584 (0x00008ea9) c.xor   a3, a0
core   0: 3 0x00005584 (0x8ea9) x13 0x00000f1b
core   0: 0x00005586 (0x0000537d) c.li    t1, -1
core   0: 3 0x00005586 (0x537d) x6  0xffffffff
core   0: 0x00005588 (0x80000f37) lui     t5, 0x80000
core   0: 3 0x00005588 (0x80000f37) x30 0x80000000
core   0: 0x0000558c (0x00001f7d) c.addi  t5, -1
core   0: 3 0x0000558c (0x1f7d) x30 0x7fffffff
core   0: 0x0000558e (0x00004f81) c.li    t6, 0
core   0: 3 0x0000558e (0x4f81) x31 0x00000000
core   0: 0x00005590 (0x604f1f93) sext.b  t6, t5
core   0: 3 0x00005590 (0x604f1f93) x31 0xffffffff
core   0: 0x00005594 (0x80000f37) lui     t5, 0x80000
core   0: 3 0x00005594 (0x80000f37) x30 0x80000000
core   0: 0x00005598 (0x00005ffd) c.li    t6, -1
core   0: 3 0x00005598 (0x5ffd) x31 0xffffffff
core   0: 0x0000559a (0x03ff4fb3) div     t6, t5, t6
core   0: 3 0x0000559a (0x03ff4fb3) x31 0x80000000
core   0: 0x0000559e (0x03ef6fb3) rem     t6, t5, t5
core   0: 3 0x0000559e (0x03ef6fb3) x31 0x00000000
core   0: 0x000055a2 (0x00004f81) c.li    t6, 0
core   0: 3 0x000055a2 (0x4f81) x31 0x00000000
core   0: 0x000055a4 (0x03ff5fb3) divu    t6, t5, t6
core   0: 3 0x000055a4 (0x03ff5fb3) x31 0xffffffff
core   0: 0x000055a8 (0x00004f81) c.li    t6, 0
core   0: 3 0x000055a8 (0x4f81) x31 0x00000000
core   0: 0x000055aa (0x03ff6fb3) rem     t6, t5, t6
core   0: 3 0x000055aa (0x03ff6fb3) x31 0x80000000
core   0: 0x000055ae (0x00ad5a33) srl     s4, s10, a0
core   0: 3 0x000055ae (0x00ad5a33) x20 0x000172d4
core   0: 0x000055b2 (0x00000001) c.nop
core   0: 3 0x000055b2 (0x0001)
core   0: 0x000055b4 (0x00439313) slli    t1, t2, 4
core   0: 3 0x000055b4 (0x00439313) x6  0x00124b40
core   0: 0x000055b8 (0x00008d39) c.xor   a0, a4
core   0: 3 0x000055b8 (0x8d39) x10 0x00000000
core   0: 0x000055ba (0x03dcfc63) bgeu    s9, t4, pc + 56
core   0: 3 0x000055ba (0x03dcfc63)
core   0: 0x000055f2 (0x0116dd93) srli    s11, a3, 17
core   0: 3 0x000055f2 (0x0116dd93) x27 0x00000000
core   0: 0x000055f6 (0x021c8533) mul     a0, s9, ra
core   0: 3 0x000055f6 (0x021c8533) x10 0x00000000
core   0: 0x000055fa (0x3c648893) addi    a7, s1, 966
core   0: 3 0x000055fa (0x3c648893) x17 0x000003c5
core   0: 0x000055fe (0x00ab9033) sll     zero, s7, a0
core   0: 3 0x000055fe (0x00ab9033)
core   0: 0x00005602 (0xa5a5af37) lui     t5, 0xa5a5a
core   0: 3 0x00005602 (0xa5a5af37) x30 0xa5a5a000
core   0: 0x00005606 (0x5a5f0f13) addi    t5, t5, 1445
core   0: 3 0x00005606 (0x5a5f0f13) x30 0xa5a5a5a5
core   0: 0x0000560a (0x00006fc1) c.lui   t6, 0x10
core   0: 3 0x0000560a (0x6fc1) x31 0x00010000
core   0: 0x0000560c (0x080f4fb3) zext.h  t6, t5
core   0: 3 0x0000560c (0x080f4fb3) x31 0x0000a5a5
core   0: 0x00005610 (0x0127b033) sltu    zero, a5, s2
core   0: 3 0x00005610 (0x0127b033)
core   0: 0x00005614 (0x00000c95) c.addi  s9, 5
core   0: 3 0x00005614 (0x0c95) x25 0x00000005
core   0: 0x00005616 (0x027e2833) mulhsu  a6, t3, t2
core   0: 3 0x00005616 (0x027e2833) x16 0x00000000
core   0: 0x0000561a (0x023eab33) mulhsu  s6, t4, gp
core   0: 3 0x0000561a (0x023eab33) x22 0x00000000
core   0: 0x0000561e (0x02df1b33) mulh    s6, t5, a3
core   0: 3 0x0000561e (0x02df1b33) x22 0xfffffaab
core   0: 0x00005622 (0x01f97463) bgeu    s2, t6, pc + 8
core   0: 3 0x00005622 (0x01f97463)
core   0: 0x0000562a (0x41dadc13) srai    s8, s5, 29
core   0: 3 0x0000562a (0x41dadc13) x24 0x00000000
core   0: 0x0000562e (0x00478b33) add     s6, a5, tp
core   0: 3 0x0000562e (0x00478b33) x22 0x00000001
core   0: 0x00005632 (0x00db2033) slt     zero, s6, a3
core   0: 3 0x00005632 (0x00db2033)
core   0: 0x00005636 (0x00004f01) c.li    t5, 0
core   0: 3 0x00005636 (0x4f01) x30 0x00000000
core   0: 0x00005638 (0x80000fb7) lui     t6, 0x80000
core   0: 3 0x00005638 (0x80000fb7) x31 0x80000000
core   0: 0x0000563c (0x00001ffd) c.addi  t6, -1
core   0: 3 0x0000563c (0x1ffd) x31 0x7fffffff
core   0: 0x0000563e (0x61ff1fb3) rol     t6, t5, t6
core   0: 3 0x0000563e (0x61ff1fb3) x31 0x00000000
core   0: 0x00005642 (0x01f0ffb3) and     t6, ra, t6
core   0: 3 0x00005642 (0x01f0ffb3) x31 0x00000000
core   0: 0x00005646 (0x031dec63) bltu    s11, a7, pc + 56
core   0: 3 0x00005646 (0x031dec63)
core   0: 0x0000567e (0x02b789b3) mul     s3, a5, a1
core   0: 3 0x0000567e (0x02b789b3) x19 0x00000000
core   0: 0x00005682 (0x00008e69) c.and   a2, a0
core   0: 3 0x00005682 (0x8e69) x12 0x00000000
core   0: 0x00005684 (0x400e8133) sub     sp, t4, zero
core   0: 3 0x00005684 (0x400e8133) x2  0x00000000
core   0: 0x00005688 (0x3c1208b7) lui     a7, 0x3c120
core   0: 3 0x00005688 (0x3c1208b7) x17 0x3c120000
core   0: 0x0000568c (0x00006b15) c.lui   s6, 0x5
core   0: 3 0x0000568c (0x6b15) x22 0x00005000
core   0: 0x0000568e (0x00006f41) c.lui   t5, 0x10
core   0: 3 0x0000568e (0x6f41) x30 0x00010000
core   0: 0x00005690 (0xa5a5afb7) lui     t6, 0xa5a5a
core   0: 3 0x00005690 (0xa5a5afb7) x31 0xa5a5a000
core   0: 0x00005694 (0x5a5f8f93) addi    t6, t6, 1445
core   0: 3 0x00005694 (0x5a5f8f93) x31 0xa5a5a5a5
core   0: 0x00005698 (0x607f5f93) rori    t6, t5, 7
core   0: 3 0x00005698 (0x607f5f93) x31 0x00000200
core   0: 0x0000569c (0x340f1073) csrw    mscratch, t5
core   0: 3 0x0000569c (0x340f1073) c832_mscratch 0x00010000
core   0: 0x000056a0 (0x34002ff3) csrr    t6, mscratch
core   0: 3 0x000056a0 (0x34002ff3) x31 0x00010000
core   0: 0x000056a4 (0x34003ff3) csrrc   t6, mscratch, zero
core   0: 3 0x000056a4 (0x34003ff3) x31 0x00010000
core   0: 0x000056a8 (0x01f4f363) bgeu    s1, t6, pc + 6
core   0: 3 0x000056a8 (0x01f4f363)
core   0: 0x000056ae (0x01db75b3) and     a1, s6, t4
core   0: 3 0x000056ae (0x01db75b3) x11 0x00000000
core   0: 0x000056b2 (0x00006155) c.addi16sp sp, 304
core   0: 3 0x000056b2 (0x6155) x2  0x00000130
core   0: 0x000056b4 (0x20dc8c93) addi    s9, s9, 525
core   0: 3 0x000056b4 (0x20dc8c93) x25 0x00000212
core   0: 0x000056b8 (0x0f25c993) xori    s3, a1, 242
core   0: 3 0x000056b8 (0x0f25c993) x19 0x000000f2
core   0: 0x000056bc (0x02221033) mulh    zero, tp, sp
core   0: 3 0x000056bc (0x02221033)
core   0: 0x000056c0 (0x00000001) c.nop
core   0: 3 0x000056c0 (0x0001)
core   0: 0x000056c2 (0x059e4b63) blt     t3, s9, pc + 86
core   0: 3 0x000056c2 (0x059e4b63)
core   0: 0x00005718 (0x055add63) bge     s5, s5, pc + 90
core   0: 3 0x00005718 (0x055add63)
core   0: 0x00005772 (0x01026cb3) or      s9, tp, a6
core   0: 3 0x00005772 (0x01026cb3) x25 0x00000001
core   0: 0x00005776 (0x00000dad) c.addi  s11, 11
core   0: 3 0x00005776 (0x0dad) x27 0x0000000b
core   0: 0x00005778 (0x07c4cf63) blt     s1, t3, pc + 126
core   0: 3 0x00005778 (0x07c4cf63)
core   0: 0x000057f6 (0x03571b33) mulh    s6, a4, s5
core   0: 3 0x000057f6 (0x03571b33) x22 0x00000000
core   0: 0x000057fa (0x01941e93) slli    t4, s0, 25
core   0: 3 0x000057fa (0x01941e93) x29 0x00000000
core   0: 0x000057fe (0x021ec033) div     zero, t4, ra
core   0: 3 0x000057fe (0x021ec033)
core   0: 0x00005802 (0x40595213) srai    tp, s2, 5
core   0: 3 0x00005802 (0x40595213) x4  0xffffffff
core   0: 0x00005806 (0x019c75b3) and     a1, s8, s9
core   0: 3 0x00005806 (0x019c75b3) x11 0x00000000
core   0: 0x0000580a (0x027eeb33) rem     s6, t4, t2
core   0: 3 0x0000580a (0x027eeb33) x22 0x00000000
core   0: 0x0000580e (0xb8d8ffb7) lui     t6, 0xb8d8f
core   0: 3 0x0000580e (0xb8d8ffb7) x31 0xb8d8f000
core   0: 0x00005812 (0x0000717d) c.addi16sp sp, -16
core   0: 3 0x00005812 (0x717d) x2  0x00000120
core   0: 0x00005814 (0x00617933) and     s2, sp, t1
core   0: 3 0x00005814 (0x00617933) x18 0x00000100
core   0: 0x00005818 (0x80000f37) lui     t5, 0x80000
core   0: 3 0x00005818 (0x80000f37) x30 0x80000000
core   0: 0x0000581c (0x00001f7d) c.addi  t5, -1
core   0: 3 0x0000581c (0x1f7d) x30 0x7fffffff
core   0: 0x0000581e (0x00004f81) c.li    t6, 0
core   0: 3 0x0000581e (0x4f81) x31 0x00000000
core   0: 0x00005820 (0x49ff1f93) bclri   t6, t5, 31
core   0: 3 0x00005820 (0x49ff1f93) x31 0x7fffffff
core   0: 0x00005824 (0x0000c529) c.beqz  a0, pc + 74
core   0: 3 0x00005824 (0xc529)
core   0: 0x0000586e (0x00442133) slt     sp, s0, tp
core   0: 3 0x0000586e (0x00442133) x2  0x00000000
core   0: 0x00005872 (0x07ad5663) bge     s10, s10, pc + 108
core   0: 3 0x00005872 (0x07ad5663)
core   0: 0x000058de (0x0364fe13) andi    t3, s1, 54
core   0: 3 0x000058de (0x0364fe13) x28 0x00000036
core   0: 0x000058e2 (0x03dad8b3) divu    a7, s5, t4
core   0: 3 0x000058e2 (0x03dad8b3) x17 0xffffffff
core   0: 0x000058e6 (0x00009886) c.add   a7, ra
core   0: 3 0x000058e6 (0x9886) x17 0xffffffff
core   0: 0x000058e8 (0x0a5062b7) lui     t0, 0xa506
core   0: 3 0x000058e8 (0x0a5062b7) x5  0x0a506000
core   0: 0x000058ec (0x00007f41) c.lui   t5, 0xffff0
core   0: 3 0x000058ec (0x7f41) x30 0xffff0000
core   0: 0x000058ee (0x00000f05) c.addi  t5, 1
core   0: 3 0x000058ee (0x0f05) x30 0xffff0001
core   0: 0x000058f0 (0x80000fb7) lui     t6, 0x80000
core   0: 3 0x000058f0 (0x80000fb7) x31 0x80000000
core   0: 0x000058f4 (0x0fff5fb3) czero.eqz t6, t5, t6
core   0: 3 0x000058f4 (0x0fff5fb3) x31 0xffff0001
core   0: 0x000058f8 (0x039bc033) div     zero, s7, s9
core   0: 3 0x000058f8 (0x039bc033)
core   0: 0x000058fc (0x00008519) c.srai  a0, 6
core   0: 3 0x000058fc (0x8519) x10 0x00000000
core   0: 0x000058fe (0x032dceb3) div     t4, s11, s2
core   0: 3 0x000058fe (0x032dceb3) x29 0x00000000
core   0: 0x00005902 (0x010b05b3) add     a1, s6, a6
core   0: 3 0x00005902 (0x010b05b3) x11 0x00000000
core   0: 0x00005906 (0x00005a7d) c.li    s4, -1
core   0: 3 0x00005906 (0x5a7d) x20 0xffffffff
core   0: 0x00005908 (0x00046033) or      zero, s0, zero
core   0: 3 0x00005908 (0x00046033)
core   0: 0x0000590c (0x19bb4693) xori    a3, s6, 411
core   0: 3 0x0000590c (0x19bb4693) x13 0x0000019b
core   0: 0x00005910 (0x00000c86) c.slli  s9, 1
core   0: 3 0x00005910 (0x0c86) x25 0x00000002
core   0: 0x00005912 (0xbb0af513) andi    a0, s5, -1104
core   0: 3 0x00005912 (0xbb0af513) x10 0x00000000
core   0: 0x00005916 (0x04947e63) bgeu    s0, s1, pc + 92
core   0: 3 0x00005916 (0x04947e63)
core   0: 0x0000591a (0x00006f41) c.lui   t5, 0x10
core   0: 3 0x0000591a (0x6f41) x30 0x00010000
core   0: 0x0000591c (0xa5a5afb7) lui     t6, 0xa5a5a
core   0: 3 0x0000591c (0xa5a5afb7) x31 0xa5a5a000
core   0: 0x00005920 (0x5a5f8f93) addi    t6, t6, 1445
core   0: 3 0x00005920 (0x5a5f8f93) x31 0xa5a5a5a5
core   0: 0x00005924 (0x0fff7fb3) czero.nez t6, t5, t6
core   0: 3 0x00005924 (0x0fff7fb3) x31 0x00000000
core   0: 0x00005928 (0x012b6c33) or      s8, s6, s2
core   0: 3 0x00005928 (0x012b6c33) x24 0x00000100
core   0: 0x0000592c (0x007b7a33) and     s4, s6, t2
core   0: 3 0x0000592c (0x007b7a33) x20 0x00000000
core   0: 0x00005930 (0x0259a8b3) mulhsu  a7, s3, t0
core   0: 3 0x00005930 (0x0259a8b3) x17 0x00000009
core   0: 0x00005934 (0x03df4bb3) div     s7, t5, t4
core   0: 3 0x00005934 (0x03df4bb3) x23 0xffffffff
core   0: 0x00005938 (0x012959b3) srl     s3, s2, s2
core   0: 3 0x00005938 (0x012959b3) x19 0x00000100
core   0: 0x0000593c (0x00000001) c.nop
core   0: 3 0x0000593c (0x0001)
core   0: 0x0000593e (0x00009976) c.add   s2, t4
core   0: 3 0x0000593e (0x9976) x18 0x00000100
core   0: 0x00005940 (0x03fe8bb3) mul     s7, t4, t6
core   0: 3 0x00005940 (0x03fe8bb3) x23 0x00000000
core   0: 0x00005944 (0x406a0db3) sub     s11, s4, t1
core   0: 3 0x00005944 (0x406a0db3) x27 0xffedb4c0
core   0: 0x00005948 (0x00008d51) c.or    a0, a2
core   0: 3 0x00005948 (0x8d51) x10 0x00000000
core   0: 0x0000594a (0x80000f37) lui     t5, 0x80000
core   0: 3 0x0000594a (0x80000f37) x30 0x80000000
core   0: 0x0000594e (0x00001f7d) c.addi  t5, -1
core   0: 3 0x0000594e (0x1f7d) x30 0x7fffffff
core   0: 0x00005950 (0x00004f81) c.li    t6, 0
core   0: 3 0x00005950 (0x4f81) x31 0x00000000
core   0: 0x00005952 (0x21ff2fb3) sh1add  t6, t5, t6
core   0: 3 0x00005952 (0x21ff2fb3) x31 0xfffffffe
core   0: 0x00005956 (0xcd546a13) ori     s4, s0, -811
core   0: 3 0x00005956 (0xcd546a13) x20 0xfffffcd5
core   0: 0x0000595a (0x004486b3) add     a3, s1, tp
core   0: 3 0x0000595a (0x004486b3) x13 0xfffffffe
core   0: 0x0000595e (0x0000717d) c.addi16sp sp, -16
core   0: 3 0x0000595e (0x717d) x2  0xfffffff0
core   0: 0x00005960 (0x009d98b3) sll     a7, s11, s1
core   0: 3 0x00005960 (0x009d98b3) x17 0x00000000
core   0: 0x00005964 (0x0000c6a5) c.beqz  a3, pc + 104
core   0: 3 0x00005964 (0xc6a5)
core   0: 0x00005966 (0x00000222) c.slli  tp, 8
core   0: 3 0x00005966 (0x0222) x4  0xffffff00
core   0: 0x00005968 (0x0178bdb3) sltu    s11, a7, s7
core   0: 3 0x00005968 (0x0178bdb3) x27 0x00000000
core   0: 0x0000596c (0x00008d49) c.or    a0, a0
core   0: 3 0x0000596c (0x8d49) x10 0x00000000
core   0: 0x0000596e (0x013d45b3) xor     a1, s10, s3
core   0: 3 0x0000596e (0x013d45b3) x11 0x000173d4
core   0: 0x00005972 (0x01967533) and     a0, a2, s9
core   0: 3 0x00005972 (0x01967533) x10 0x00000000
core   0: 0x00005976 (0x80000f37) lui     t5, 0x80000
core   0: 3 0x00005976 (0x80000f37) x30 0x80000000
core   0: 0x0000597a (0x00007fc1) c.lui   t6, 0xffff0
core   0: 3 0x0000597a (0x7fc1) x31 0xffff0000
core   0: 0x0000597c (0x00000f85) c.addi  t6, 1
core   0: 3 0x0000597c (0x0f85) x31 0xffff0001
core   0: 0x0000597e (0x21ff4fb3) sh2add  t6, t5, t6
core   0: 3 0x0000597e (0x21ff4fb3) x31 0xffff0001
core   0: 0x00005982 (0x02eecb33) div     s6, t4, a4
core   0: 3 0x00005982 (0x02eecb33) x22 0xffffffff
core   0: 0x00005986 (0x000080ae) c.mv    ra, a1
core   0: 3 0x00005986 (0x80ae) x1  0x000173d4
core   0: 0x00005988 (0x0000597d) c.li    s2, -1
core   0: 3 0x00005988 (0x597d) x18 0xffffffff
core   0: 0x0000598a (0x00008bea) c.mv    s7, s10
core   0: 3 0x0000598a (0x8bea) x23 0x000172d4
core   0: 0x0000598c (0x00000c9e) c.slli  s9, 7
core   0: 3 0x0000598c (0x0c9e) x25 0x00000100
core   0: 0x0000598e (0x07c29963) bne     t0, t3, pc + 114
core   0: 3 0x0000598e (0x07c29963)
core   0: 0x00005a00 (0x026f8263) beq     t6, t1, pc + 36
core   0: 3 0x00005a00 (0x026f8263)
core   0: 0x00005a04 (0x03160033) mul     zero, a2, a7
core   0: 3 0x00005a04 (0x03160033)
core   0: 0x00005a08 (0x00416e33) or      t3, sp, tp
core   0: 3 0x00005a08 (0x00416e33) x28 0xfffffff0
core   0: 0x00005a0c (0x00000d14) c.addi4spn a3, sp, 656
core   0: 3 0x00005a0c (0x0d14) x13 0x00000280
core   0: 0x00005a0e (0x00000f10) c.addi4spn a2, sp, 912
core   0: 3 0x00005a0e (0x0f10) x12 0x00000380
core   0: 0x00005a10 (0x012a9013) slli    zero, s5, 18
core   0: 3 0x00005a10 (0x012a9013)
core   0: 0x00005a14 (0x00007f41) c.lui   t5, 0xffff0
core   0: 3 0x00005a14 (0x7f41) x30 0xffff0000
core   0: 0x00005a16 (0x00000f05) c.addi  t5, 1
core   0: 3 0x00005a16 (0x0f05) x30 0xffff0001
core   0: 0x00005a18 (0x80000fb7) lui     t6, 0x80000
core   0: 3 0x00005a18 (0x80000fb7) x31 0x80000000
core   0: 0x00005a1c (0x41ff6fb3) orn     t6, t5, t6
core   0: 3 0x00005a1c (0x41ff6fb3) x31 0xffffffff
core   0: 0x00005a20 (0x00000546) c.slli  a0, 17
core   0: 3 0x00005a20 (0x0546) x10 0x00000000
core   0: 0x00005a22 (0x00000001) c.nop
core   0: 3 0x00005a22 (0x0001)
core   0: 0x00005a24 (0x00006129) c.addi16sp sp, 192
core   0: 3 0x00005a24 (0x6129) x2  0x000000b0
core   0: 0x00005a26 (0x00000001) c.nop
core   0: 3 0x00005a26 (0x0001)
core   0: 0x00005a28 (0x00008e85) c.sub   a3, s1
core   0: 3 0x00005a28 (0x8e85) x13 0x00000281
core   0: 0x00005a2a (0x5d300013) li      zero, 1491
core   0: 3 0x00005a2a (0x5d300013)
core   0: 0x00005a2e (0x0184f4b3) and     s1, s1, s8
core   0: 3 0x00005a2e (0x0184f4b3) x9  0x00000100
core   0: 0x00005a32 (0x03ed5833) divu    a6, s10, t5
core   0: 3 0x00005a32 (0x03ed5833) x16 0x00000000
core   0: 0x00005a36 (0x41acd0b3) sra     ra, s9, s10
core   0: 3 0x00005a36 (0x41acd0b3) x1  0x00000000
core   0: 0x00005a3a (0x00008e89) c.sub   a3, a0
core   0: 3 0x00005a3a (0x8e89) x13 0x00000281
core   0: 0x00005a3c (0x00006f41) c.lui   t5, 0x10
core   0: 3 0x00005a3c (0x6f41) x30 0x00010000
core   0: 0x00005a3e (0xa5a5afb7) lui     t6, 0xa5a5a
core   0: 3 0x00005a3e (0xa5a5afb7) x31 0xa5a5a000
core   0: 0x00005a42 (0x5a5f8f93) addi    t6, t6, 1445
core   0: 3 0x00005a42 (0x5a5f8f93) x31 0xa5a5a5a5
core   0: 0x00005a46 (0x41ff4fb3) xnor    t6, t5, t6
core   0: 3 0x00005a46 (0x41ff4fb3) x31 0x5a5b5a5a
core   0: 0x00005a4a (0x0000ce0d) c.beqz  a2, pc + 58
core   0: 3 0x00005a4a (0xce0d)
core   0: 0x00005a4c (0x0756b537) lui     a0, 0x756b
core   0: 3 0x00005a4c (0x0756b537) x10 0x0756b000
core   0: 0x00005a50 (0x021f2533) mulhsu  a0, t5, ra
core   0: 3 0x00005a50 (0x021f2533) x10 0x00000000
core   0: 0x00005a54 (0x00bd1433) sll     s0, s10, a1
core   0: 3 0x00005a54 (0x00bd1433) x8  0x2d400000
core   0: 0x00005a58 (0x010c7c33) and     s8, s8, a6
core   0: 3 0x00005a58 (0x010c7c33) x24 0x00000000
core   0: 0x00005a5c (0x1196c093) xori    ra, a3, 281
core   0: 3 0x00005a5c (0x1196c093) x1  0x00000398
core   0: 0x00005a60 (0x408d5093) srai    ra, s10, 8
core   0: 3 0x00005a60 (0x408d5093) x1  0x00000172
core   0: 0x00005a64 (0xec424013) xori    zero, tp, -316
core   0: 3 0x00005a64 (0xec424013)
core   0: 0x00005a68 (0x012d5293) srli    t0, s10, 18
core   0: 3 0x00005a68 (0x012d5293) x5  0x00000000
core   0: 0x00005a6c (0x0554d863) bge     s1, s5, pc + 80
core   0: 3 0x00005a6c (0x0554d863)
core   0: 0x00005abc (0x00008179) c.srli  a0, 30
core   0: 3 0x00005abc (0x8179) x10 0x00000000
core   0: 0x00005abe (0x4093d693) srai    a3, t2, 9
core   0: 3 0x00005abe (0x4093d693) x13 0x00000092
core   0: 0x00005ac2 (0x035b21b3) mulhsu  gp, s6, s5
core   0: 3 0x00005ac2 (0x035b21b3) x3  0xffffffff
core   0: 0x00005ac6 (0x00009a86) c.add   s5, ra
core   0: 3 0x00005ac6 (0x9a86) x21 0x00000176
core   0: 0x00005ac8 (0x00008d29) c.xor   a0, a0
core   0: 3 0x00005ac8 (0x8d29) x10 0x00000000
core   0: 0x00005aca (0x00008d55) c.or    a0, a3
core   0: 3 0x00005aca (0x8d55) x10 0x00000092
core   0: 0x00005acc (0x01cf89b3) add     s3, t6, t3
core   0: 3 0x00005acc (0x01cf89b3) x19 0x5a5b5a4a
core   0: 0x00005ad0 (0xa5a5af37) lui     t5, 0xa5a5a
core   0: 3 0x00005ad0 (0xa5a5af37) x30 0xa5a5a000
core   0: 0x00005ad4 (0x5a5f0f13) addi    t5, t5, 1445
core   0: 3 0x00005ad4 (0x5a5f0f13) x30 0xa5a5a5a5
core   0: 0x00005ad8 (0x00006fc1) c.lui   t6, 0x10
core   0: 3 0x00005ad8 (0x6fc1) x31 0x00010000
core   0: 0x00005ada (0x602f1f93) cpop    t6, t5
core   0: 3 0x00005ada (0x602f1f93) x31 0x00000010
core   0: 0x00005ade (0x0000919e) c.add   gp, t2
core   0: 3 0x00005ade (0x919e) x3  0x000124b3
core   0: 0x00005ae0 (0x03a47e63) bgeu    s0, s10, pc + 60
core   0: 3 0x00005ae0 (0x03a47e63)
core   0: 0x00005b1c (0x729bc013) xori    zero, s7, 1833
core   0: 3 0x00005b1c (0x729bc013)
core   0: 0x00005b20 (0x022eb8b3) mulhu   a7, t4, sp
core   0: 3 0x00005b20 (0x022eb8b3) x17 0x00000000
core   0: 0x00005b24 (0x00009bce) c.add   s7, s3
core   0: 3 0x00005b24 (0x9bce) x23 0x5a5ccd1e
core   0: 0x00005b26 (0x01d4b833) sltu    a6, s1, t4
core   0: 3 0x00005b26 (0x01d4b833) x16 0x00000000
core   0: 0x00005b2a (0x039008b3) mul     a7, zero, s9
core   0: 3 0x00005b2a (0x039008b3) x17 0x00000000
core   0: 0x00005b2e (0x00000001) c.nop
core   0: 3 0x00005b2e (0x0001)
core   0: 0x00005b30 (0x033ccc33) div     s8, s9, s3
core   0: 3 0x00005b30 (0x033ccc33) x24 0x00000000
core   0: 0x00005b34 (0x0000459d) c.li    a1, 7
core   0: 3 0x00005b34 (0x459d) x11 0x00000007
core   0: 0x00005b36 (0x00000001) c.nop
core   0: 3 0x00005b36 (0x0001)
core   0: 0x00005b38 (0x00007f41) c.lui   t5, 0xffff0
core   0: 3 0x00005b38 (0x7f41) x30 0xffff0000
core   0: 0x00005b3a (0x00000f05) c.addi  t5, 1
core   0: 3 0x00005b3a (0x0f05) x30 0xffff0001
core   0: 0x00005b3c (0x80000fb7) lui     t6, 0x80000
core   0: 3 0x00005b3c (0x80000fb7) x31 0x80000000
core   0: 0x00005b40 (0x0bff5fb3) minu    t6, t5, t6
core   0: 3 0x00005b40 (0x0bff5fb3) x31 0x80000000
core   0: 0x00005b44 (0x00008cad) c.xor   s1, a1
core   0: 3 0x00005b44 (0x8cad) x9  0x00000107
core   0: 0x00005b46 (0x020b5033) divu    zero, s6, zero
core   0: 3 0x00005b46 (0x020b5033)
core   0: 0x00005b4a (0x9a8de4b7) lui     s1, 0x9a8de
core   0: 3 0x00005b4a (0x9a8de4b7) x9  0x9a8de000
core   0: 0x00005b4e (0x00f50463) beq     a0, a5, pc + 8
core   0: 3 0x00005b4e (0x00f50463)
core   0: 0x00005b52 (0x48567f93) andi    t6, a2, 1157
core   0: 3 0x00005b52 (0x48567f93) x31 0x00000080
core   0: 0x00005b56 (0x00008d6d) c.and   a0, a1
core   0: 3 0x00005b56 (0x8d6d) x10 0x00000002
core   0: 0x00005b58 (0x00008761) c.srai  a4, 24
core   0: 3 0x00005b58 (0x8761) x14 0x00000000
core   0: 0x00005b5a (0x403289b3) sub     s3, t0, gp
core   0: 3 0x00005b5a (0x403289b3) x19 0xfffedb4d
core   0: 0x00005b5e (0x5f9b8e13) addi    t3, s7, 1529
core   0: 3 0x00005b5e (0x5f9b8e13) x28 0x5a5cd317
core   0: 0x00005b62 (0x079c4a63) blt     s8, s9, pc + 116
core   0: 3 0x00005b62 (0x079c4a63)
core   0: 0x00005bd6 (0x0000c129) c.beqz  a0, pc + 66
core   0: 3 0x00005bd6 (0xc129)
core   0: 0x00005bd8 (0x02395e33) divu    t3, s2, gp
core   0: 3 0x00005bd8 (0x02395e33) x28 0x0000dfe6
core   0: 0x00005bdc (0x039e5ab3) divu    s5, t3, s9
core   0: 3 0x00005bdc (0x039e5ab3) x21 0x000000df
core   0: 0x00005be0 (0x0000ce1d) c.beqz  a2, pc + 62
core   0: 3 0x00005be0 (0xce1d)
core   0: 0x00005be2 (0x06fbf163) bgeu    s7, a5, pc + 98
core   0: 3 0x00005be2 (0x06fbf163)
core   0: 0x00005c44 (0xb331b437) lui     s0, 0xb331b
core   0: 3 0x00005c44 (0xb331b437) x8  0xb331b000
core   0: 0x00005c48 (0x00000e52) c.slli  t3, 20
core   0: 3 0x00005c48 (0x0e52) x28 0xfe600000
core   0: 0x00005c4a (0x00000621) c.addi  a2, 8
core   0: 3 0x00005c4a (0x0621) x12 0x00000388
core   0: 0x00005c4c (0x037ce333) rem     t1, s9, s7
core   0: 3 0x00005c4c (0x037ce333) x6  0x00000100
core   0: 0x00005c50 (0x00001888) c.addi4spn a0, sp, 112
core   0: 3 0x00005c50 (0x1888) x10 0x00000120
core   0: 0x00005c52 (0x04689c63) bne     a7, t1, pc + 88
core   0: 3 0x00005c52 (0x04689c63)
core   0: 0x00005caa (0x00004091) c.li    ra, 4
core   0: 3 0x00005caa (0x4091) x1  0x00000004
core   0: 0x00005cac (0x00006f41) c.lui   t5, 0x10
core   0: 3 0x00005cac (0x6f41) x30 0x00010000
core   0: 0x00005cae (0xa5a5afb7) lui     t6, 0xa5a5a
core   0: 3 0x00005cae (0xa5a5afb7) x31 0xa5a5a000
core   0: 0x00005cb2 (0x5a5f8f93) addi    t6, t6, 1445
core   0: 3 0x00005cb2 (0x5a5f8f93) x31 0xa5a5a5a5
core   0: 0x00005cb6 (0x61ff5fb3) ror     t6, t5, t6
core   0: 3 0x00005cb6 (0x61ff5fb3) x31 0x00000800
core   0: 0x00005cba (0x34009073) csrw    mscratch, ra
core   0: 3 0x00005cba (0x34009073) c832_mscratch 0x00000004
core   0: 0x00005cbe (0x00002009) c.jal   pc + 2
core   0: 3 0x00005cbe (0x2009) x1  0x00005cc0
core   0: 0x00005cc0 (0x004000ef) jal     pc + 0x4
core   0: 3 0x00005cc0 (0x004000ef) x1  0x00005cc4
core   0: 0x00005cc4 (0x004000ef) jal     pc + 0x4
core   0: 3 0x00005cc4 (0x004000ef) x1  0x00005cc8
core   0: 0x00005cc8 (0x00000097) auipc   ra, 0x0
core   0: 3 0x00005cc8 (0x00000097) x1  0x00005cc8
core   0: 0x00005ccc (0x00c08093) addi    ra, ra, 12
core   0: 3 0x00005ccc (0x00c08093) x1  0x00005cd4
core   0: 0x00005cd0 (0x00008067) ret
core   0: 3 0x00005cd0 (0x00008067)
core   0: 0x00005cd4 (0x340020f3) csrr    ra, mscratch
core   0: 3 0x00005cd4 (0x340020f3) x1  0x00000004
core   0: 0x00005cd8 (0x01161433) sll     s0, a2, a7
core   0: 3 0x00005cd8 (0x01161433) x8  0x00000388
core   0: 0x00005cdc (0x406bd5b3) sra     a1, s7, t1
core   0: 3 0x00005cdc (0x406bd5b3) x11 0x5a5ccd1e
core   0: 0x00005ce0 (0x00000001) c.nop
core   0: 3 0x00005ce0 (0x0001)
core   0: 0x00005ce2 (0x0000c41d) c.beqz  s0, pc + 46
core   0: 3 0x00005ce2 (0xc41d)
core   0: 0x00005ce4 (0xf423e993) ori     s3, t2, -190
core   0: 3 0x00005ce4 (0xf423e993) x19 0xfffffff6
core   0: 0x00005ce8 (0xf4c92213) slti    tp, s2, -180
core   0: 3 0x00005ce8 (0xf4c92213) x4  0x00000000
core   0: 0x00005cec (0x2bc0b493) sltiu   s1, ra, 700
core   0: 3 0x00005cec (0x2bc0b493) x9  0x00000001
core   0: 0x00005cf0 (0x6f943313) sltiu   t1, s0, 1785
core   0: 3 0x00005cf0 (0x6f943313) x6  0x00000001
core   0: 0x00005cf4 (0x001ad133) srl     sp, s5, ra
core   0: 3 0x00005cf4 (0x001ad133) x2  0x0000000d
core   0: 0x00005cf8 (0x0037e033) or      zero, a5, gp
core   0: 3 0x00005cf8 (0x0037e033)
core   0: 0x00005cfc (0x80000f37) lui     t5, 0x80000
core   0: 3 0x00005cfc (0x80000f37) x30 0x80000000
core   0: 0x00005d00 (0x00001f7d) c.addi  t5, -1
core   0: 3 0x00005d00 (0x1f7d) x30 0x7fffffff
core   0: 0x00005d02 (0x00004f81) c.li    t6, 0
core   0: 3 0x00005d02 (0x4f81) x31 0x00000000
core   0: 0x00005d04 (0x607f5f93) rori    t6, t5, 7
core   0: 3 0x00005d04 (0x607f5f93) x31 0xfeffffff
core   0: 0x00005d08 (0x02d15b63) bge     sp, a3, pc + 54
core   0: 3 0x00005d08 (0x02d15b63)
core   0: 0x00005d0c (0x48018013) addi    zero, gp, 1152
core   0: 3 0x00005d0c (0x48018013)
core   0: 0x00005d10 (0x00000d14) c.addi4spn a3, sp, 656
core   0: 3 0x00005d10 (0x0d14) x13 0x0000029d
core   0: 0x00005d12 (0x00008ee5) c.and   a3, s1
core   0: 3 0x00005d12 (0x8ee5) x13 0x00000001
core   0: 0x00005d14 (0x0205ca33) div     s4, a1, zero
core   0: 3 0x00005d14 (0x0205ca33) x20 0xffffffff
core   0: 0x00005d18 (0x86080a13) addi    s4, a6, -1952
core   0: 3 0x00005d18 (0x86080a13) x20 0xfffff860
core   0: 0x00005d1c (0x00000001) c.nop
core   0: 3 0x00005d1c (0x0001)
core   0: 0x00005d1e (0x00008856) c.mv    a6, s5
core   0: 3 0x00005d1e (0x8856) x16 0x000000df
core   0: 0x00005d20 (0x00009e3a) c.add   t3, a4
core   0: 3 0x00005d20 (0x9e3a) x28 0xfe600000
core   0: 0x00005d22 (0x00000001) c.nop
core   0: 3 0x00005d22 (0x0001)
core   0: 0x00005d24 (0x80000f37) lui     t5, 0x80000
core   0: 3 0x00005d24 (0x80000f37) x30 0x80000000
core   0: 0x00005d28 (0x00007fc1) c.lui   t6, 0xffff0
core   0: 3 0x00005d28 (0x7fc1) x31 0xffff0000
core   0: 0x00005d2a (0x00000f85) c.addi  t6, 1
core   0: 3 0x00005d2a (0x0f85) x31 0xffff0001
core   0: 0x00005d2c (0x287f5f93) orc.b   t6, t5
core   0: 3 0x00005d2c (0x287f5f93) x31 0xff000000
core   0: 0x00005d30 (0x0e2d0013) addi    zero, s10, 226
core   0: 3 0x00005d30 (0x0e2d0013)
core   0: 0x00005d34 (0x027a11b3) mulh    gp, s4, t2
core   0: 3 0x00005d34 (0x027a11b3) x3  0xffffffff
core   0: 0x00005d38 (0x00006545) c.lui   a0, 0x11
core   0: 3 0x00005d38 (0x6545) x10 0x00011000
core   0: 0x00005d3a (0x02d2e033) rem     zero, t0, a3
core   0: 3 0x00005d3a (0x02d2e033)
core   0: 0x00005d3e (0x00000406) c.slli  s0, 1
core   0: 3 0x00005d3e (0x0406) x8  0x00000710
core   0: 0x00005d40 (0x00000788) c.addi4spn a0, sp, 960
core   0: 3 0x00005d40 (0x0788) x10 0x000003cd
core   0: 0x00005d42 (0x00b11c33) sll     s8, sp, a1
core   0: 3 0x00005d42 (0x00b11c33) x24 0x40000000
core   0: 0x00005d46 (0x00008d2d) c.xor   a0, a1
core   0: 3 0x00005d46 (0x8d2d) x10 0x5a5cced3
core   0: 0x00005d48 (0x02d5b433) mulhu   s0, a1, a3
core   0: 3 0x00005d48 (0x02d5b433) x8  0x00000000
core   0: 0x00005d4c (0x410a5713) srai    a4, s4, 16
core   0: 3 0x00005d4c (0x410a5713) x14 0xffffffff
core   0: 0x00005d50 (0xa5a5af37) lui     t5, 0xa5a5a
core   0: 3 0x00005d50 (0xa5a5af37) x30 0xa5a5a000
core   0: 0x00005d54 (0x5a5f0f13) addi    t5, t5, 1445
core   0: 3 0x00005d54 (0x5a5f0f13) x30 0xa5a5a5a5
core   0: 0x00005d58 (0x00006fc1) c.lui   t6, 0x10
core   0: 3 0x00005d58 (0x6fc1) x31 0x00010000
core   0: 0x00005d5a (0x698f5f93) rev8.rv32 (args unknown)
core   0: 3 0x00005d5a (0x698f5f93) x31 0xa5a5a5a5
core   0: 0x00005d5e (0x01cd1413) slli    s0, s10, 28
core   0: 3 0x00005d5e (0x01cd1413) x8  0x40000000
core   0: 0x00005d62 (0x0000c689) c.beqz  a3, pc + 10
core   0: 3 0x00005d62 (0xc689)
core   0: 0x00005d64 (0x00000001) c.nop
core   0: 3 0x00005d64 (0x0001)
core   0: 0x00005d66 (0x67c39c97) auipc   s9, 0x67c39
core   0: 3 0x00005d66 (0x67c39c97) x25 0x67c3ed66
core   0: 0x00005d6a (0x00006a95) c.lui   s5, 0x5
core   0: 3 0x00005d6a (0x6a95) x21 0x00005000
core   0: 0x00005d6c (0x03435bb3) divu    s7, t1, s4
core   0: 3 0x00005d6c (0x03435bb3) x23 0x00000000
core   0: 0x00005d70 (0x02d265b3) rem     a1, tp, a3
core   0: 3 0x00005d70 (0x02d265b3) x11 0x00000000
core   0: 0x00005d74 (0x0000997d) c.andi  a0, -1
core   0: 3 0x00005d74 (0x997d) x10 0x5a5cced3
core   0: 0x00005d76 (0x0000151c) c.addi4spn a5, sp, 672
core   0: 3 0x00005d76 (0x151c) x15 0x000002ad
core   0: 0x00005d78 (0x0137c7b3) xor     a5, a5, s3
core   0: 3 0x00005d78 (0x0137c7b3) x15 0xfffffd5b
core   0: 0x00005d7c (0x00004f01) c.li    t5, 0
core   0: 3 0x00005d7c (0x4f01) x30 0x00000000
core   0: 0x00005d7e (0x80000fb7) lui     t6, 0x80000
core   0: 3 0x00005d7e (0x80000fb7) x31 0x80000000
core   0: 0x00005d82 (0x00001ffd) c.addi  t6, -1
core   0: 3 0x00005d82 (0x1ffd) x31 0x7fffffff
core   0: 0x00005d84 (0x49ff1fb3) bclr    t6, t5, t6
core   0: 3 0x00005d84 (0x49ff1fb3) x31 0x00000000
core   0: 0x00005d88 (0x00009a72) c.add   s4, t3
core   0: 3 0x00005d88 (0x9a72) x20 0xfe5ff860
core   0: 0x00005d8a (0x0256c033) div     zero, a3, t0
core   0: 3 0x00005d8a (0x0256c033)
core   0: 0x00005d8e (0x03a94833) div     a6, s2, s10
core   0: 3 0x00005d8e (0x03a94833) x16 0x00000000
core   0: 0x00005d92 (0x026abab3) mulhu   s5, s5, t1
core   0: 3 0x00005d92 (0x026abab3) x21 0x00000000
core   0: 0x00005d96 (0x40b35033) sra     zero, t1, a1
core   0: 3 0x00005d96 (0x40b35033)
core   0: 0x00005d9a (0x00008d05) c.sub   a0, s1
core   0: 3 0x00005d9a (0x8d05) x10 0x5a5cced2
core   0: 0x00005d9c (0x00008932) c.mv    s2, a2
core   0: 3 0x00005d9c (0x8932) x18 0x00000388
core   0: 0x00005d9e (0x02473ab3) mulhu   s5, a4, tp
core   0: 3 0x00005d9e (0x02473ab3) x21 0x00000000
core   0: 0x00005da2 (0x02173833) mulhu   a6, a4, ra
core   0: 3 0x00005da2 (0x02173833) x16 0x00000003
core   0: 0x00005da6 (0x03ec9633) mulh    a2, s9, t5
core   0: 3 0x00005da6 (0x03ec9633) x12 0x00000000
core   0: 0x00005daa (0x00007f41) c.lui   t5, 0xffff0
core   0: 3 0x00005daa (0x7f41) x30 0xffff0000
core   0: 0x00005dac (0x00000f05) c.addi  t5, 1
core   0: 3 0x00005dac (0x0f05) x30 0xffff0001
core   0: 0x00005dae (0x80000fb7) lui     t6, 0x80000
core   0: 3 0x00005dae (0x80000fb7) x31 0x80000000
core   0: 0x00005db2 (0x49ff5fb3) bext    t6, t5, t6
core   0: 3 0x00005db2 (0x49ff5fb3) x31 0x00000001
core   0: 0x00005db6 (0x80000f37) lui     t5, 0x80000
core   0: 3 0x00005db6 (0x80000f37) x30 0x80000000
core   0: 0x00005dba (0x00005ffd) c.li    t6, -1
core   0: 3 0x00005dba (0x5ffd) x31 0xffffffff
core   0: 0x00005dbc (0x03ff4fb3) div     t6, t5, t6
core   0: 3 0x00005dbc (0x03ff4fb3) x31 0x80000000
core   0: 0x00005dc0 (0x03ef6fb3) rem     t6, t5, t5
core   0: 3 0x00005dc0 (0x03ef6fb3) x31 0x00000000
core   0: 0x00005dc4 (0x00004f81) c.li    t6, 0
core   0: 3 0x00005dc4 (0x4f81) x31 0x00000000
core   0: 0x00005dc6 (0x03ff5fb3) divu    t6, t5, t6
core   0: 3 0x00005dc6 (0x03ff5fb3) x31 0xffffffff
core   0: 0x00005dca (0x00004f81) c.li    t6, 0
core   0: 3 0x00005dca (0x4f81) x31 0x00000000
core   0: 0x00005dcc (0x03ff6fb3) rem     t6, t5, t6
core   0: 3 0x00005dcc (0x03ff6fb3) x31 0x80000000
core   0: 0x00005dd0 (0x00def463) bgeu    t4, a3, pc + 8
core   0: 3 0x00005dd0 (0x00def463)
core   0: 0x00005dd4 (0xf018f893) andi    a7, a7, -255
core   0: 3 0x00005dd4 (0xf018f893) x17 0x00000000
core   0: 0x00005dd8 (0xcde0e693) ori     a3, ra, -802
core   0: 3 0x00005dd8 (0xcde0e693) x13 0xfffffcde
core   0: 0x00005ddc (0x00801b13) slli    s6, zero, 8
core   0: 3 0x00005ddc (0x00801b13) x22 0x00000000
core   0: 0x00005de0 (0x0000c921) c.beqz  a0, pc + 80
core   0: 3 0x00005de0 (0xc921)
core   0: 0x00005de2 (0x00000001) c.nop
core   0: 3 0x00005de2 (0x0001)
core   0: 0x00005de4 (0x00006305) c.lui   t1, 0x1
core   0: 3 0x00005de4 (0x6305) x6  0x00001000
core   0: 0x00005de6 (0x405b5033) sra     zero, s6, t0
core   0: 3 0x00005de6 (0x405b5033)
core   0: 0x00005dea (0x0000c529) c.beqz  a0, pc + 74
core   0: 3 0x00005dea (0xc529)
core   0: 0x00005dec (0x2e8e0f93) addi    t6, t3, 744
core   0: 3 0x00005dec (0x2e8e0f93) x31 0xfe6002e8
core   0: 0x00005df0 (0x00006f41) c.lui   t5, 0x10
core   0: 3 0x00005df0 (0x6f41) x30 0x00010000
core   0: 0x00005df2 (0xa5a5afb7) lui     t6, 0xa5a5a
core   0: 3 0x00005df2 (0xa5a5afb7) x31 0xa5a5a000
core   0: 0x00005df6 (0x5a5f8f93) addi    t6, t6, 1445
core   0: 3 0x00005df6 (0x5a5f8f93) x31 0xa5a5a5a5
core   0: 0x00005dfa (0x69ff1fb3) binv    t6, t5, t6
core   0: 3 0x00005dfa (0x69ff1fb3) x31 0x00010020
core   0: 0x00005dfe (0x00009afd) c.andi  a3, -1
core   0: 3 0x00005dfe (0x9afd) x13 0xfffffcde
core   0: 0x00005e00 (0x00000fde) c.slli  t6, 23
core   0: 3 0x00005e00 (0x0fde) x31 0x10000000
core   0: 0x00005e02 (0x02eab033) mulhu   zero, s5, a4
core   0: 3 0x00005e02 (0x02eab033)
core   0: 0x00005e06 (0x41098eb3) sub     t4, s3, a6
core   0: 3 0x00005e06 (0x41098eb3) x29 0xfffffff3
core   0: 0x00005e0a (0x031509b3) mul     s3, a0, a7
core   0: 3 0x00005e0a (0x031509b3) x19 0x00000000
core   0: 0x00005e0e (0x03fa5e33) divu    t3, s4, t6
core   0: 3 0x00005e0e (0x03fa5e33) x28 0x0000000f
core   0: 0x00005e12 (0x0110db13) srli    s6, ra, 17
core   0: 3 0x00005e12 (0x0110db13) x22 0x00000000
core   0: 0x00005e16 (0x403d5b33) sra     s6, s10, gp
core   0: 3 0x00005e16 (0x403d5b33) x22 0x00000000
core   0: 0x00005e1a (0x03be9933) mulh    s2, t4, s11
core   0: 3 0x00005e1a (0x03be9933) x18 0x00000000
core   0: 0x00005e1e (0x02334133) div     sp, t1, gp
core   0: 3 0x00005e1e (0x02334133) x2  0xfffff000
core   0: 0x00005e22 (0x80000f37) lui     t5, 0x80000
core   0: 3 0x00005e22 (0x80000f37) x30 0x80000000
core   0: 0x00005e26 (0x00001f7d) c.addi  t5, -1
core   0: 3 0x00005e26 (0x1f7d) x30 0x7fffffff
core   0: 0x00005e28 (0x00004f81) c.li    t6, 0
core   0: 3 0x00005e28 (0x4f81) x31 0x00000000
core   0: 0x00005e2a (0x29ff1fb3) bset    t6, t5, t6
core   0: 3 0x00005e2a (0x29ff1fb3) x31 0x7fffffff
core   0: 0x00005e2e (0x0000717d) c.addi16sp sp, -16
core   0: 3 0x00005e2e (0x717d) x2  0xffffeff0
core   0: 0x00005e30 (0xe819b697) auipc   a3, 0xe819b
core   0: 3 0x00005e30 (0xe819b697) x13 0xe81a0e30
core   0: 0x00005e34 (0x018511b3) sll     gp, a0, s8
core   0: 3 0x00005e34 (0x018511b3) x3  0x5a5cced2
core   0: 0x00005e38 (0x0000ca9d) c.beqz  a3, pc + 54
core   0: 3 0x00005e38 (0xca9d)
core   0: 0x00005e3a (0xc9f3f197) auipc   gp, 0xc9f3f
core   0: 3 0x00005e3a (0xc9f3f197) x3  0xc9f44e3a
core   0: 0x00005e3e (0xfe947693) andi    a3, s0, -23
core   0: 3 0x00005e3e (0xfe947693) x13 0x40000000
core   0: 0x00005e42 (0x008f5133) srl     sp, t5, s0
core   0: 3 0x00005e42 (0x008f5133) x2  0x7fffffff
core   0: 0x00005e46 (0x00008eb1) c.xor   a3, a2
core   0: 3 0x00005e46 (0x8eb1) x13 0x40000000
core   0: 0x00005e48 (0x00008d51) c.or    a0, a2
core   0: 3 0x00005e48 (0x8d51) x10 0x5a5cced2
core   0: 0x00005e4a (0x023e01b3) mul     gp, t3, gp
core   0: 3 0x00005e4a (0x023e01b3) x3  0xd5509566
core   0: 0x00005e4e (0x80000f37) lui     t5, 0x80000
core   0: 3 0x00005e4e (0x80000f37) x30 0x80000000
core   0: 0x00005e52 (0x00007fc1) c.lui   t6, 0xffff0
core   0: 3 0x00005e52 (0x7fc1) x31 0xffff0000
core   0: 0x00005e54 (0x00000f85) c.addi  t6, 1
core   0: 3 0x00005e54 (0x0f85) x31 0xffff0001
core   0: 0x00005e56 (0x49ff1f93) bclri   t6, t5, 31
core   0: 3 0x00005e56 (0x49ff1f93) x31 0x00000000
core   0: 0x00005e5a (0x34009073) csrw    mscratch, ra
core   0: 3 0x00005e5a (0x34009073) c832_mscratch 0x00000004
core   0: 0x00005e5e (0x008000ef) jal     pc + 0x8
core   0: 3 0x00005e5e (0x008000ef) x1  0x00005e62
core   0: 0x00005e66 (0x340020f3) csrr    ra, mscratch
core   0: 3 0x00005e66 (0x340020f3) x1  0x00000004
core   0: 0x00005e6a (0x00708d63) beq     ra, t2, pc + 26
core   0: 3 0x00005e6a (0x00708d63)
core   0: 0x00005e6e (0x0000c13d) c.beqz  a0, pc + 102
core   0: 3 0x00005e6e (0xc13d)
core   0: 0x00005e70 (0x000042b1) c.li    t0, 12
core   0: 3 0x00005e70 (0x42b1) x5  0x0000000c
core   0: 0x00005e72 (0x417b09b3) sub     s3, s6, s7
core   0: 3 0x00005e72 (0x417b09b3) x19 0x00000000
core   0: 0x00005e76 (0x03b14033) div     zero, sp, s11
core   0: 3 0x00005e76 (0x03b14033)
core   0: 0x00005e7a (0x409dd513) srai    a0, s11, 9
core   0: 3 0x00005e7a (0x409dd513) x10 0x00000000
core   0: 0x00005e7e (0x06a34163) blt     t1, a0, pc + 98
core   0: 3 0x00005e7e (0x06a34163)
core   0: 0x00005e82 (0x00000001) c.nop
core   0: 3 0x00005e82 (0x0001)
core   0: 0x00005e84 (0xd1036017) auipc   zero, 0xd1036
core   0: 3 0x00005e84 (0xd1036017)
core   0: 0x00005e88 (0x006fa033) slt     zero, t6, t1
core   0: 3 0x00005e88 (0x006fa033)
core   0: 0x00005e8c (0xa5a5af37) lui     t5, 0xa5a5a
core   0: 3 0x00005e8c (0xa5a5af37) x30 0xa5a5a000
core   0: 0x00005e90 (0x5a5f0f13) addi    t5, t5, 1445
core   0: 3 0x00005e90 (0x5a5f0f13) x30 0xa5a5a5a5
core   0: 0x00005e94 (0x00006fc1) c.lui   t6, 0x10
core   0: 3 0x00005e94 (0x6fc1) x31 0x00010000
core   0: 0x00005e96 (0x48ff5f93) bexti   t6, t5, 15
core   0: 3 0x00005e96 (0x48ff5f93) x31 0x00000001
core   0: 0x00005e9a (0x674ea113) slti    sp, t4, 1652
core   0: 3 0x00005e9a (0x674ea113) x2  0x00000001
core   0: 0x00005e9e (0x00008d4d) c.or    a0, a1
core   0: 3 0x00005e9e (0x8d4d) x10 0x00000000
core   0: 0x00005ea0 (0xa4e2e413) ori     s0, t0, -1458
core   0: 3 0x00005ea0 (0xa4e2e413) x8  0xfffffa4e
core   0: 0x00005ea4 (0x027d2533) mulhsu  a0, s10, t2
core   0: 3 0x00005ea4 (0x027d2533) x10 0x00000001
core   0: 0x00005ea8 (0x0000890d) c.andi  a0, 3
core   0: 3 0x00005ea8 (0x890d) x10 0x00000001
core   0: 0x00005eaa (0x00000001) c.nop
core   0: 3 0x00005eaa (0x0001)
core   0: 0x00005eac (0x00006175) c.addi16sp sp, 368
core   0: 3 0x00005eac (0x6175) x2  0x00000171
core   0: 0x00005eae (0x018452b3) srl     t0, s0, s8
core   0: 3 0x00005eae (0x018452b3) x5  0xfffffa4e
core   0: 0x00005eb2 (0x0053e1b3) or      gp, t2, t0
core   0: 3 0x00005eb2 (0x0053e1b3) x3  0xfffffefe
core   0: 0x00005eb6 (0x00000001) c.nop
core   0: 3 0x00005eb6 (0x0001)
core   0: 0x00005eb8 (0x00004f01) c.li    t5, 0
core   0: 3 0x00005eb8 (0x4f01) x30 0x00000000
core   0: 0x00005eba (0x80000fb7) lui     t6, 0x80000
core   0: 3 0x00005eba (0x80000fb7) x31 0x80000000
core   0: 0x00005ebe (0x00001ffd) c.addi  t6, -1
core   0: 3 0x00005ebe (0x1ffd) x31 0x7fffffff
core   0: 0x00005ec0 (0x680f1f93) binvi   t6, t5, 0
core   0: 3 0x00005ec0 (0x680f1f93) x31 0x00000001
core   0: 0x00005ec4 (0x340f1073) csrw    mscratch, t5
core   0: 3 0x00005ec4 (0x340f1073) c832_mscratch 0x00000000
core   0: 0x00005ec8 (0x34002ff3) csrr    t6, mscratch
core   0: 3 0x00005ec8 (0x34002ff3) x31 0x00000000
core   0: 0x00005ecc (0x34003ff3) csrrc   t6, mscratch, zero
core   0: 3 0x00005ecc (0x34003ff3) x31 0x00000000
core   0: 0x00005ed0 (0x4087da33) sra     s4, a5, s0
core   0: 3 0x00005ed0 (0x4087da33) x20 0xffffffff
core   0: 0x00005ed4 (0x5981b893) sltiu   a7, gp, 1432
core   0: 3 0x00005ed4 (0x5981b893) x17 0x00000000
core   0: 0x00005ed8 (0x01d255b3) srl     a1, tp, t4
core   0: 3 0x00005ed8 (0x01d255b3) x11 0x00000000
core   0: 0x00005edc (0x025d5b33) divu    s6, s10, t0
core   0: 3 0x00005edc (0x025d5b33) x22 0x00000000
core   0: 0x00005ee0 (0x0349ce63) blt     s3, s4, pc + 60
core   0: 3 0x00005ee0 (0x0349ce63)
core   0: 0x00005ee4 (0x00008e69) c.and   a2, a0
core   0: 3 0x00005ee4 (0x8e69) x12 0x00000000
core   0: 0x00005ee6 (0x00526c33) or      s8, tp, t0
core   0: 3 0x00005ee6 (0x00526c33) x24 0xfffffa4e
core   0: 0x00005eea (0xde719017) auipc   zero, 0xde719
core   0: 3 0x00005eea (0xde719017)
core   0: 0x00005eee (0x02358163) beq     a1, gp, pc + 34
core   0: 3 0x00005eee (0x02358163)
core   0: 0x00005ef2 (0x0390b7b3) mulhu   a5, ra, s9
core   0: 3 0x00005ef2 (0x0390b7b3) x15 0x00000001
core   0: 0x00005ef6 (0x00007f41) c.lui   t5, 0xffff0
core   0: 3 0x00005ef6 (0x7f41) x30 0xffff0000
core   0: 0x00005ef8 (0x00000f05) c.addi  t5, 1
core   0: 3 0x00005ef8 (0x0f05) x30 0xffff0001
core   0: 0x00005efa (0x80000fb7) lui     t6, 0x80000
core   0: 3 0x00005efa (0x80000fb7) x31 0x80000000
core   0: 0x00005efe (0x29ff1f93) bseti   t6, t5, 31
core   0: 3 0x00005efe (0x29ff1f93) x31 0xffff0001
core   0: 0x00005f02 (0x21ade413) ori     s0, s11, 538
core   0: 3 0x00005f02 (0x21ade413) x8  0x0000021a
core   0: 0x00005f06 (0x419088b3) sub     a7, ra, s9
core   0: 3 0x00005f06 (0x419088b3) x17 0x983c129e
core   0: 0x00005f0a (0x0000863d) c.srai  a2, 15
core   0: 3 0x00005f0a (0x863d) x12 0x00000000
core   0: 0x00005f0c (0x12c56893) ori     a7, a0, 300
core   0: 3 0x00005f0c (0x12c56893) x17 0x0000012d
core   0: 0x00005f10 (0x4139d013) srai    zero, s3, 19
core   0: 3 0x00005f10 (0x4139d013)
core   0: 0x00005f14 (0x02385663) bge     a6, gp, pc + 44
core   0: 3 0x00005f14 (0x02385663)
core   0: 0x00005f40 (0x009a1b93) slli    s7, s4, 9
core   0: 3 0x00005f40 (0x009a1b93) x23 0xfffffe00
core   0: 0x00005f44 (0x5cad7193) andi    gp, s10, 1482
core   0: 3 0x00005f44 (0x5cad7193) x3  0x000000c0
core   0: 0x00005f48 (0x014c8f63) beq     s9, s4, pc + 30
core   0: 3 0x00005f48 (0x014c8f63)
core   0: 0x00005f4c (0x00008f9d) c.sub   a5, a5
core   0: 3 0x00005f4c (0x8f9d) x15 0x00000000
core   0: 0x00005f4e (0x008c6333) or      t1, s8, s0
core   0: 3 0x00005f4e (0x008c6333) x6  0xfffffa5e
core   0: 0x00005f52 (0x80000f37) lui     t5, 0x80000
core   0: 3 0x00005f52 (0x80000f37) x30 0x80000000
core   0: 0x00005f56 (0x00001f7d) c.addi  t5, -1
core   0: 3 0x00005f56 (0x1f7d) x30 0x7fffffff
core   0: 0x00005f58 (0x00004f81) c.li    t6, 0
core   0: 3 0x00005f58 (0x4f81) x31 0x00000000
core   0: 0x00005f5a (0x0fff7fb3) czero.nez t6, t5, t6
core   0: 3 0x00005f5a (0x0fff7fb3) x31 0x7fffffff
core   0: 0x00005f5e (0x00008c41) c.or    s0, s0
core   0: 3 0x00005f5e (0x8c41) x8  0x0000021a
core   0: 0x00005f60 (0x000090da) c.add   ra, s6
core   0: 3 0x00005f60 (0x90da) x1  0x00000004
core   0: 0x00005f62 (0x02d68e33) mul     t3, a3, a3
core   0: 3 0x00005f62 (0x02d68e33) x28 0x00000000
core   0: 0x00005f66 (0x00000bb2) c.slli  s7, 12
core   0: 3 0x00005f66 (0x0bb2) x23 0xffe00000
core   0: 0x00005f68 (0x00008d6d) c.and   a0, a1
core   0: 3 0x00005f68 (0x8d6d) x10 0x00000000
core   0: 0x00005f6a (0x40810bb3) sub     s7, sp, s0
core   0: 3 0x00005f6a (0x40810bb3) x23 0xffffff57
core   0: 0x00005f6e (0x43162313) slti    t1, a2, 1073
core   0: 3 0x00005f6e (0x43162313) x6  0x00000001
core   0: 0x00005f72 (0x00008d0d) c.sub   a0, a1
core   0: 3 0x00005f72 (0x8d0d) x10 0x00000000
core   0: 0x00005f74 (0x038ba8b3) mulhsu  a7, s7, s8
core   0: 3 0x00005f74 (0x038ba8b3) x17 0xffffff57
core   0: 0x00005f78 (0x40728033) sub     zero, t0, t2
core   0: 3 0x00005f78 (0x40728033)
core   0: 0x00005f7c (0x80000f37) lui     t5, 0x80000
core   0: 3 0x00005f7c (0x80000f37) x30 0x80000000
core   0: 0x00005f80 (0x00007fc1) c.lui   t6, 0xffff0
core   0: 3 0x00005f80 (0x7fc1) x31 0xffff0000
core   0: 0x00005f82 (0x00000f85) c.addi  t6, 1
core   0: 3 0x00005f82 (0x0f85) x31 0xffff0001
core   0: 0x00005f84 (0x21ff2fb3) sh1add  t6, t5, t6
core   0: 3 0x00005f84 (0x21ff2fb3) x31 0xffff0001
core   0: 0x00005f88 (0x03de2733) mulhsu  a4, t3, t4
core   0: 3 0x00005f88 (0x03de2733) x14 0x00000000
core   0: 0x00005f8c (0x0198f533) and     a0, a7, s9
core   0: 3 0x00005f8c (0x0198f533) x10 0x67c3ed46
core   0: 0x00005f90 (0x00008d39) c.xor   a0, a4
core   0: 3 0x00005f90 (0x8d39) x10 0x67c3ed46
core   0: 0x00005f92 (0x04947b63) bgeu    s0, s1, pc + 86
core   0: 3 0x00005f92 (0x04947b63)
core   0: 0x00005fe8 (0x00008d6d) c.and   a0, a1
core   0: 3 0x00005fe8 (0x8d6d) x10 0x00000000
core   0: 0x00005fea (0x02dde633) rem     a2, s11, a3
core   0: 3 0x00005fea (0x02dde633) x12 0x00000000
core   0: 0x00005fee (0x00006c2d) c.lui   s8, 0xb
core   0: 3 0x00005fee (0x6c2d) x24 0x0000b000
core   0: 0x00005ff0 (0x019b77b3) and     a5, s6, s9
core   0: 3 0x00005ff0 (0x019b77b3) x15 0x00000000
core   0: 0x00005ff4 (0x62b1fb13) andi    s6, gp, 1579
core   0: 3 0x00005ff4 (0x62b1fb13) x22 0x00000000
core   0: 0x00005ff8 (0x0000c921) c.beqz  a0, pc + 80
core   0: 3 0x00005ff8 (0xc921)
core   0: 0x00006048 (0x8cd0cc13) xori    s8, ra, -1843
core   0: 3 0x00006048 (0x8cd0cc13) x24 0xfffff8c9
core   0: 0x0000604c (0x013379b3) and     s3, t1, s3
core   0: 3 0x0000604c (0x013379b3) x19 0x00000000
core   0: 0x00006050 (0x027d5363) bge     s10, t2, pc + 38
core   0: 3 0x00006050 (0x027d5363)
core   0: 0x00006076 (0x00008e91) c.sub   a3, a2
core   0: 3 0x00006076 (0x8e91) x13 0x40000000
core   0: 0x00006078 (0x00008249) c.srli  a2, 18
core   0: 3 0x00006078 (0x8249) x12 0x00000000
core   0: 0x0000607a (0x00b11013) slli    zero, sp, 11
core   0: 3 0x0000607a (0x00b11013)
core   0: 0x0000607e (0xa710cc13) xori    s8, ra, -1423
core   0: 3 0x0000607e (0xa710cc13) x24 0xfffffa75
core   0: 0x00006082 (0x00008c46) c.mv    s8, a7
core   0: 3 0x00006082 (0x8c46) x24 0xffffff57
core   0: 0x00006084 (0x000082f9) c.srli  a3, 30
core   0: 3 0x00006084 (0x82f9) x13 0x00000001
core   0: 0x00006086 (0x80000f37) lui     t5, 0x80000
core   0: 3 0x00006086 (0x80000f37) x30 0x80000000
core   0: 0x0000608a (0x00001f7d) c.addi  t5, -1
core   0: 3 0x0000608a (0x1f7d) x30 0x7fffffff
core   0: 0x0000608c (0x00004f81) c.li    t6, 0
core   0: 3 0x0000608c (0x4f81) x31 0x00000000
core   0: 0x0000608e (0x41ff4fb3) xnor    t6, t5, t6
core   0: 3 0x0000608e (0x41ff4fb3) x31 0x80000000
core   0: 0x00006092 (0x06ffc463) blt     t6, a5, pc + 104
core   0: 3 0x00006092 (0x06ffc463)
core   0: 0x000060fa (0x0116d633) srl     a2, a3, a7
core   0: 3 0x000060fa (0x0116d633) x12 0x00000000
core   0: 0x000060fe (0xa5a5af37) lui     t5, 0xa5a5a
core   0: 3 0x000060fe (0xa5a5af37) x30 0xa5a5a000
core   0: 0x00006102 (0x5a5f0f13) addi    t5, t5, 1445
core   0: 3 0x00006102 (0x5a5f0f13) x30 0xa5a5a5a5
core   0: 0x00006106 (0x00006fc1) c.lui   t6, 0x10
core   0: 3 0x00006106 (0x6fc1) x31 0x00010000
core   0: 0x00006108 (0x601f1f93) ctz     t6, t5
core   0: 3 0x00006108 (0x601f1f93) x31 0x00000000
core   0: 0x0000610c (0x01082b33) slt     s6, a6, a6
core   0: 3 0x0000610c (0x01082b33) x22 0x00000000
core   0: 0x00006110 (0x000090b6) c.add   ra, a3
core   0: 3 0x00006110 (0x90b6) x1  0x00000005
core   0: 0x00006112 (0x01172233) slt     tp, a4, a7
core   0: 3 0x00006112 (0x01172233) x4  0x00000000
core   0: 0x00006116 (0x403dd493) srai    s1, s11, 3
core   0: 3 0x00006116 (0x403dd493) x9  0x00000000
core   0: 0x0000611a (0x00008965) c.andi  a0, 25
core   0: 3 0x0000611a (0x8965) x10 0x00000000
core   0: 0x0000611c (0x40785893) srai    a7, a6, 7
core   0: 3 0x0000611c (0x40785893) x17 0x00000000
core   0: 0x00006120 (0x000060f5) c.lui   ra, 0x1d
core   0: 3 0x00006120 (0x60f5) x1  0x0001d000
core   0: 0x00006122 (0x00008d11) c.sub   a0, a2
core   0: 3 0x00006122 (0x8d11) x10 0x00000000
core   0: 0x00006124 (0x02891833) mulh    a6, s2, s0
core   0: 3 0x00006124 (0x02891833) x16 0x00000000
core   0: 0x00006128 (0x039568b3) rem     a7, a0, s9
core   0: 3 0x00006128 (0x039568b3) x17 0x00000000
core   0: 0x0000612c (0x00004f01) c.li    t5, 0
core   0: 3 0x0000612c (0x4f01) x30 0x00000000
core   0: 0x0000612e (0x80000fb7) lui     t6, 0x80000
core   0: 3 0x0000612e (0x80000fb7) x31 0x80000000
core   0: 0x00006132 (0x00001ffd) c.addi  t6, -1
core   0: 3 0x00006132 (0x1ffd) x31 0x7fffffff
core   0: 0x00006134 (0x602f1f93) cpop    t6, t5
core   0: 3 0x00006134 (0x602f1f93) x31 0x00000000
core   0: 0x00006138 (0x0000814d) c.srli  a0, 19
core   0: 3 0x00006138 (0x814d) x10 0x00000000
core   0: 0x0000613a (0xfb2cea93) ori     s5, s9, -78
core   0: 3 0x0000613a (0xfb2cea93) x21 0xfffffff6
core   0: 0x0000613e (0x414dd5b3) sra     a1, s11, s4
core   0: 3 0x0000613e (0x414dd5b3) x11 0x00000000
core   0: 0x00006142 (0x00001590) c.addi4spn a2, sp, 736
core   0: 3 0x00006142 (0x1590) x12 0x00000451
core   0: 0x00006144 (0x03dfc433) div     s0, t6, t4
core   0: 3 0x00006144 (0x03dfc433) x8  0x00000000
core   0: 0x00006148 (0x0303ab33) mulhsu  s6, t2, a6
core   0: 3 0x00006148 (0x0303ab33) x22 0x00000000
core   0: 0x0000614c (0x000010fd) c.addi  ra, -1
core   0: 3 0x0000614c (0x10fd) x1  0x0001cfff
core   0: 0x0000614e (0x0000717d) c.addi16sp sp, -16
core   0: 3 0x0000614e (0x717d) x2  0x00000161
core   0: 0x00006150 (0x29660513) addi    a0, a2, 662
core   0: 3 0x00006150 (0x29660513) x10 0x000006e7
core   0: 0x00006154 (0x00000976) c.slli  s2, 29
core   0: 3 0x00006154 (0x0976) x18 0x00000000
core   0: 0x00006156 (0x00007f41) c.lui   t5, 0xffff0
core   0: 3 0x00006156 (0x7f41) x30 0xffff0000
core   0: 0x00006158 (0x00000f05) c.addi  t5, 1
core   0: 3 0x00006158 (0x0f05) x30 0xffff0001
core   0: 0x0000615a (0x80000fb7) lui     t6, 0x80000
core   0: 3 0x0000615a (0x80000fb7) x31 0x80000000
core   0: 0x0000615e (0x0bff4fb3) min     t6, t5, t6
core   0: 3 0x0000615e (0x0bff4fb3) x31 0x80000000
core   0: 0x00006162 (0x083f8363) beq     t6, gp, pc + 134
core   0: 3 0x00006162 (0x083f8363)
core   0: 0x00006166 (0x72d9c513) xori    a0, s3, 1837
core   0: 3 0x00006166 (0x72d9c513) x10 0x0000072d
core   0: 0x0000616a (0x009c9033) sll     zero, s9, s1
core   0: 3 0x0000616a (0x009c9033)
core   0: 0x0000616e (0x018f11b3) sll     gp, t5, s8
core   0: 3 0x0000616e (0x018f11b3) x3  0x00800000
core   0: 0x00006172 (0x01524033) xor     zero, tp, s5
core   0: 3 0x00006172 (0x01524033)
core   0: 0x00006176 (0x0108fb33) and     s6, a7, a6
core   0: 3 0x00006176 (0x0108fb33) x22 0x00000000
core   0: 0x0000617a (0x038fe033) rem     zero, t6, s8
core   0: 3 0x0000617a (0x038fe033)
core   0: 0x0000617e (0xb9804197) auipc   gp, 0xb9804
core   0: 3 0x0000617e (0xb9804197) x3  0xb980a17e
core   0: 0x00006182 (0x0000c2c1) c.beqz  a3, pc + 128
core   0: 3 0x00006182 (0xc2c1)
core   0: 0x00006184 (0x00ac2033) slt     zero, s8, a0
core   0: 3 0x00006184 (0x00ac2033)
core   0: 0x00006188 (0x00006f41) c.lui   t5, 0x10
core   0: 3 0x00006188 (0x6f41) x30 0x00010000
core   0: 0x0000618a (0xa5a5afb7) lui     t6, 0xa5a5a
core   0: 3 0x0000618a (0xa5a5afb7) x31 0xa5a5a000
core   0: 0x0000618e (0x5a5f8f93) addi    t6, t6, 1445
core   0: 3 0x0000618e (0x5a5f8f93) x31 0xa5a5a5a5
core   0: 0x00006192 (0x0bff5fb3) minu    t6, t5, t6
core   0: 3 0x00006192 (0x0bff5fb3) x31 0x00010000
core   0: 0x00006196 (0x34009073) csrw    mscratch, ra
core   0: 3 0x00006196 (0x34009073) c832_mscratch 0x0001cfff
core   0: 0x0000619a (0x008000ef) jal     pc + 0x8
core   0: 3 0x0000619a (0x008000ef) x1  0x0000619e
core   0: 0x000061a2 (0x340020f3) csrr    ra, mscratch
core   0: 3 0x000061a2 (0x340020f3) x1  0x0001cfff
core   0: 0x000061a6 (0x00008245) c.srli  a2, 17
core   0: 3 0x000061a6 (0x8245) x12 0x00000000
core   0: 0x000061a8 (0x02e0c5b3) div     a1, ra, a4
core   0: 3 0x000061a8 (0x02e0c5b3) x11 0xffffffff
core   0: 0x000061ac (0x018456b3) srl     a3, s0, s8
core   0: 3 0x000061ac (0x018456b3) x13 0x00000000
core   0: 0x000061b0 (0x00005cfd) c.li    s9, -1
core   0: 3 0x000061b0 (0x5cfd) x25 0xffffffff
core   0: 0x000061b2 (0x41b8d013) srai    zero, a7, 27
core   0: 3 0x000061b2 (0x41b8d013)
core   0: 0x000061b6 (0x00008d4d) c.or    a0, a1
core   0: 3 0x000061b6 (0x8d4d) x10 0xffffffff
core   0: 0x000061b8 (0x00008ef5) c.and   a3, a3
core   0: 3 0x000061b8 (0x8ef5) x13 0x00000000
core   0: 0x000061ba (0x0000822d) c.srli  a2, 11
core   0: 3 0x000061ba (0x822d) x12 0x00000000
core   0: 0x000061bc (0x001e1733) sll     a4, t3, ra
core   0: 3 0x000061bc (0x001e1733) x14 0x00000000
core   0: 0x000061c0 (0x00008d31) c.xor   a0, a2
core   0: 3 0x000061c0 (0x8d31) x10 0xffffffff
core   0: 0x000061c2 (0x80000f37) lui     t5, 0x80000
core   0: 3 0x000061c2 (0x80000f37) x30 0x80000000
core   0: 0x000061c6 (0x00001f7d) c.addi  t5, -1
core   0: 3 0x000061c6 (0x1f7d) x30 0x7fffffff
core   0: 0x000061c8 (0x00004f81) c.li    t6, 0
core   0: 3 0x000061c8 (0x4f81) x31 0x00000000
core   0: 0x000061ca (0x0bff6fb3) max     t6, t5, t6
core   0: 3 0x000061ca (0x0bff6fb3) x31 0x7fffffff
core   0: 0x000061ce (0x80000f37) lui     t5, 0x80000
core   0: 3 0x000061ce (0x80000f37) x30 0x80000000
core   0: 0x000061d2 (0x00005ffd) c.li    t6, -1
core   0: 3 0x000061d2 (0x5ffd) x31 0xffffffff
core   0: 0x000061d4 (0x03ff4fb3) div     t6, t5, t6
core   0: 3 0x000061d4 (0x03ff4fb3) x31 0x80000000
core   0: 0x000061d8 (0x03ef6fb3) rem     t6, t5, t5
core   0: 3 0x000061d8 (0x03ef6fb3) x31 0x00000000
core   0: 0x000061dc (0x00004f81) c.li    t6, 0
core   0: 3 0x000061dc (0x4f81) x31 0x00000000
core   0: 0x000061de (0x03ff5fb3) divu    t6, t5, t6
core   0: 3 0x000061de (0x03ff5fb3) x31 0xffffffff
core   0: 0x000061e2 (0x00004f81) c.li    t6, 0
core   0: 3 0x000061e2 (0x4f81) x31 0x00000000
core   0: 0x000061e4 (0x03ff6fb3) rem     t6, t5, t6
core   0: 3 0x000061e4 (0x03ff6fb3) x31 0x80000000
core   0: 0x000061e8 (0x00000588) c.addi4spn a0, sp, 704
core   0: 3 0x000061e8 (0x0588) x10 0x00000421
core   0: 0x000061ea (0x00000c4e) c.slli  s8, 19
core   0: 3 0x000061ea (0x0c4e) x24 0xfab80000
core   0: 0x000061ec (0x021a0fb3) mul     t6, s4, ra
core   0: 3 0x000061ec (0x021a0fb3) x31 0xfffe3001
core   0: 0x000061f0 (0x401ade13) srai    t3, s5, 1
core   0: 3 0x000061f0 (0x401ade13) x28 0xfffffffb
core   0: 0x000061f4 (0x23284e13) xori    t3, a6, 562
core   0: 3 0x000061f4 (0x23284e13) x28 0x00000232
core   0: 0x000061f8 (0x02f8e8b3) rem     a7, a7, a5
core   0: 3 0x000061f8 (0x02f8e8b3) x17 0x00000000
core   0: 0x000061fc (0x01b69293) slli    t0, a3, 27
core   0: 3 0x000061fc (0x01b69293) x5  0x00000000
core   0: 0x00006200 (0x00009096) c.add   ra, t0
core   0: 3 0x00006200 (0x9096) x1  0x0001cfff
core   0: 0x00006202 (0x0000717d) c.addi16sp sp, -16
core   0: 3 0x00006202 (0x717d) x2  0x00000151
core   0: 0x00006204 (0x40035b93) srai    s7, t1, 0
core   0: 3 0x00006204 (0x40035b93) x23 0x00000001
core   0: 0x00006208 (0x80000f37) lui     t5, 0x80000
core   0: 3 0x00006208 (0x80000f37) x30 0x80000000
core   0: 0x0000620c (0x00007fc1) c.lui   t6, 0xffff0
core   0: 3 0x0000620c (0x7fc1) x31 0xffff0000
core   0: 0x0000620e (0x00000f85) c.addi  t6, 1
core   0: 3 0x0000620e (0x0f85) x31 0xffff0001
core   0: 0x00006210 (0x0bff7fb3) maxu    t6, t5, t6
core   0: 3 0x00006210 (0x0bff7fb3) x31 0xffff0001
core   0: 0x00006214 (0x0057e033) or      zero, a5, t0
core   0: 3 0x00006214 (0x0057e033)
core   0: 0x00006218 (0xeed5b793) sltiu   a5, a1, -275
core   0: 3 0x00006218 (0xeed5b793) x15 0x00000000
core   0: 0x0000621c (0x02338db3) mul     s11, t2, gp
core   0: 3 0x0000621c (0x02338db3) x27 0x26a54498
core   0: 0x00006220 (0x5267f793) andi    a5, a5, 1318
core   0: 3 0x00006220 (0x5267f793) x15 0x00000000
core   0: 0x00006224 (0x00823a33) sltu    s4, tp, s0
core   0: 3 0x00006224 (0x00823a33) x20 0x00000000
core   0: 0x00006228 (0x00008ded) c.and   a1, a1
core   0: 3 0x00006228 (0x8ded) x11 0xffffffff
core   0: 0x0000622a (0x0000810d) c.srli  a0, 3
core   0: 3 0x0000622a (0x810d) x10 0x00000084
core   0: 0x0000622c (0x022f9133) mulh    sp, t6, sp
core   0: 3 0x0000622c (0x022f9133) x2  0xffffffff
core   0: 0x00006230 (0x01c28f63) beq     t0, t3, pc + 30
core   0: 3 0x00006230 (0x01c28f63)
core   0: 0x00006234 (0x39ca8d93) addi    s11, s5, 924
core   0: 3 0x00006234 (0x39ca8d93) x27 0x00000392
core   0: 0x00006238 (0xa5a5af37) lui     t5, 0xa5a5a
core   0: 3 0x00006238 (0xa5a5af37) x30 0xa5a5a000
core   0: 0x0000623c (0x5a5f0f13) addi    t5, t5, 1445
core   0: 3 0x0000623c (0x5a5f0f13) x30 0xa5a5a5a5
core   0: 0x00006240 (0x00006fc1) c.lui   t6, 0x10
core   0: 3 0x00006240 (0x6fc1) x31 0x00010000
core   0: 0x00006242 (0x604f1f93) sext.b  t6, t5
core   0: 3 0x00006242 (0x604f1f93) x31 0xffffffa5
core   0: 0x00006246 (0xe0adc713) xori    a4, s11, -502
core   0: 3 0x00006246 (0xe0adc713) x14 0xfffffd98
core   0: 0x0000624a (0x01d05c93) srli    s9, zero, 29
core   0: 3 0x0000624a (0x01d05c93) x25 0x00000000
core   0: 0x0000624e (0x00008291) c.srli  a3, 4
core   0: 3 0x0000624e (0x8291) x13 0x00000000
core   0: 0x00006250 (0x0d93a693) slti    a3, t2, 217
core   0: 3 0x00006250 (0x0d93a693) x13 0x00000000
core   0: 0x00006254 (0x01acc9b3) xor     s3, s9, s10
core   0: 3 0x00006254 (0x01acc9b3) x19 0x000172d4
core   0: 0x00006258 (0x41c48833) sub     a6, s1, t3
core   0: 3 0x00006258 (0x41c48833) x16 0xfffffdce
core   0: 0x0000625c (0x029a4263) blt     s4, s1, pc + 36
core   0: 3 0x0000625c (0x029a4263)
core   0: 0x00006260 (0x00000001) c.nop
core   0: 3 0x00006260 (0x0001)
core   0: 0x00006262 (0x003ab933) sltu    s2, s5, gp
core   0: 3 0x00006262 (0x003ab933) x18 0x00000000
core   0: 0x00006266 (0x0359c5b3) div     a1, s3, s5
core   0: 3 0x00006266 (0x0359c5b3) x11 0xffffdaeb
core   0: 0x0000626a (0x00004f01) c.li    t5, 0
core   0: 3 0x0000626a (0x4f01) x30 0x00000000
core   0: 0x0000626c (0x80000fb7) lui     t6, 0x80000
core   0: 3 0x0000626c (0x80000fb7) x31 0x80000000
core   0: 0x00006270 (0x00001ffd) c.addi  t6, -1
core   0: 3 0x00006270 (0x1ffd) x31 0x7fffffff
core   0: 0x00006272 (0x605f1f93) sext.h  t6, t5
core   0: 3 0x00006272 (0x605f1f93) x31 0x00000000
core   0: 0x00006276 (0x00004ff5) c.li    t6, 29
core   0: 3 0x00006276 (0x4ff5) x31 0x0000001d
core   0: 0x00006278 (0x00000001) c.nop
core   0: 3 0x00006278 (0x0001)
core   0: 0x0000627a (0x00dd0db3) add     s11, s10, a3
core   0: 3 0x0000627a (0x00dd0db3) x27 0x000172d4
core   0: 0x0000627e (0x0000c12d) c.beqz  a0, pc + 98
core   0: 3 0x0000627e (0xc12d)
core   0: 0x00006280 (0x0154c033) xor     zero, s1, s5
core   0: 3 0x00006280 (0x0154c033)
core   0: 0x00006284 (0xd5c23997) auipc   s3, 0xd5c23
core   0: 3 0x00006284 (0xd5c23997) x19 0xd5c29284
core   0: 0x00006288 (0x00008925) c.andi  a0, 9
core   0: 3 0x00006288 (0x8925) x10 0x00000000
core   0: 0x0000628a (0x03cd55b3) divu    a1, s10, t3
core   0: 3 0x0000628a (0x03cd55b3) x11 0x000000a8
core   0: 0x0000628e (0x727e8313) addi    t1, t4, 1831
core   0: 3 0x0000628e (0x727e8313) x6  0x0000071a
core   0: 0x00006292 (0x00008fed) c.and   a5, a1
core   0: 3 0x00006292 (0x8fed) x15 0x00000000
core   0: 0x00006294 (0x00007f41) c.lui   t5, 0xffff0
core   0: 3 0x00006294 (0x7f41) x30 0xffff0000
core   0: 0x00006296 (0x00000f05) c.addi  t5, 1
core   0: 3 0x00006296 (0x0f05) x30 0xffff0001
core   0: 0x00006298 (0x80000fb7) lui     t6, 0x80000
core   0: 3 0x00006298 (0x80000fb7) x31 0x80000000
core   0: 0x0000629c (0x080f4fb3) zext.h  t6, t5
core   0: 3 0x0000629c (0x080f4fb3) x31 0x00000001
core   0: 0x000062a0 (0x45318337) lui     t1, 0x45318
core   0: 3 0x000062a0 (0x45318337) x6  0x45318000
core   0: 0x000062a4 (0x00008631) c.srai  a2, 12
core   0: 3 0x000062a4 (0x8631) x12 0x00000000
core   0: 0x000062a6 (0x000008b1) c.addi  a7, 12
core   0: 3 0x000062a6 (0x08b1) x17 0x0000000c
core   0: 0x000062a8 (0x00008e01) c.sub   a2, s0
core   0: 3 0x000062a8 (0x8e01) x12 0x00000000
core   0: 0x000062aa (0x0000814d) c.srli  a0, 19
core   0: 3 0x000062aa (0x814d) x10 0x00000000
core   0: 0x000062ac (0x014149b3) xor     s3, sp, s4
core   0: 3 0x000062ac (0x014149b3) x19 0xffffffff
core   0: 0x000062b0 (0x02016ab3) rem     s5, sp, zero
core   0: 3 0x000062b0 (0x02016ab3) x21 0xffffffff
core   0: 0x000062b4 (0x41c95033) sra     zero, s2, t3
core   0: 3 0x000062b4 (0x41c95033)
core   0: 0x000062b8 (0x00008031) c.srli  s0, 12
core   0: 3 0x000062b8 (0x8031) x8  0x00000000
core   0: 0x000062ba (0x00008eb1) c.xor   a3, a2
core   0: 3 0x000062ba (0x8eb1) x13 0x00000000
core   0: 0x000062bc (0x00006f41) c.lui   t5, 0x10
core   0: 3 0x000062bc (0x6f41) x30 0x00010000
core   0: 0x000062be (0xa5a5afb7) lui     t6, 0xa5a5a
core   0: 3 0x000062be (0xa5a5afb7) x31 0xa5a5a000
core   0: 0x000062c2 (0x5a5f8f93) addi    t6, t6, 1445
core   0: 3 0x000062c2 (0x5a5f8f93) x31 0xa5a5a5a5
core   0: 0x000062c6 (0x61ff1fb3) rol     t6, t5, t6
core   0: 3 0x000062c6 (0x61ff1fb3) x31 0x00200000
core   0: 0x000062ca (0x340f1073) csrw    mscratch, t5
core   0: 3 0x000062ca (0x340f1073) c832_mscratch 0x00010000
core   0: 0x000062ce (0x34002ff3) csrr    t6, mscratch
core   0: 3 0x000062ce (0x34002ff3) x31 0x00010000
core   0: 0x000062d2 (0x34003ff3) csrrc   t6, mscratch, zero
core   0: 3 0x000062d2 (0x34003ff3) x31 0x00010000
core   0: 0x000062d6 (0x03278e63) beq     a5, s2, pc + 60
core   0: 3 0x000062d6 (0x03278e63)
core   0: 0x00006312 (0x5813f937) lui     s2, 0x5813f
core   0: 3 0x00006312 (0x5813f937) x18 0x5813f000
core   0: 0x00006316 (0x00008135) c.srli  a0, 13
core   0: 3 0x00006316 (0x8135) x10 0x00000000
core   0: 0x00006318 (0x91402b13) slti    s6, zero, -1772
core   0: 3 0x00006318 (0x91402b13) x22 0x00000000
core   0: 0x0000631c (0x010e75b3) and     a1, t3, a6
core   0: 3 0x0000631c (0x010e75b3) x11 0x00000002
core   0: 0x00006320 (0x019f79b3) and     s3, t5, s9
core   0: 3 0x00006320 (0x019f79b3) x19 0x00000000
core   0: 0x00006324 (0x80000f37) lui     t5, 0x80000
core   0: 3 0x00006324 (0x80000f37) x30 0x80000000
core   0: 0x00006328 (0x00007fc1) c.lui   t6, 0xffff0
core   0: 3 0x00006328 (0x7fc1) x31 0xffff0000
core   0: 0x0000632a (0x00000f85) c.addi  t6, 1
core   0: 3 0x0000632a (0x0f85) x31 0xffff0001
core   0: 0x0000632c (0x607f5f93) rori    t6, t5, 7
core   0: 3 0x0000632c (0x607f5f93) x31 0x01000000
core   0: 0x00006330 (0x00008d65) c.and   a0, s1
core   0: 3 0x00006330 (0x8d65) x10 0x00000000
core   0: 0x00006332 (0x02267d63) bgeu    a2, sp, pc + 58
core   0: 3 0x00006332 (0x02267d63)
core   0: 0x00006336 (0x3ccd4017) auipc   zero, 0x3ccd4
core   0: 3 0x00006336 (0x3ccd4017)
core   0: 0x0000633a (0x0000c939) c.beqz  a0, pc + 86
core   0: 3 0x0000633a (0xc939)
core   0: 0x00006390 (0x0000997d) c.andi  a0, -1
core   0: 3 0x00006390 (0x997d) x10 0x00000000
core   0: 0x00006392 (0x41930933) sub     s2, t1, s9
core   0: 3 0x00006392 (0x41930933) x18 0x45318000
core   0: 0x00006396 (0x03b5c033) div     zero, a1, s11
core   0: 3 0x00006396 (0x03b5c033)
core   0: 0x0000639a (0x00008529) c.srai  a0, 10
core   0: 3 0x0000639a (0x8529) x10 0x00000000
core   0: 0x0000639c (0x026c8333) mul     t1, s9, t1
core   0: 3 0x0000639c (0x026c8333) x6  0x00000000
core   0: 0x000063a0 (0xedec0c93) addi    s9, s8, -290
core   0: 3 0x000063a0 (0xedec0c93) x25 0xfab7fede
core   0: 0x000063a4 (0x00552033) slt     zero, a0, t0
core   0: 3 0x000063a4 (0x00552033)
core   0: 0x000063a8 (0x00007f41) c.lui   t5, 0xffff0
core   0: 3 0x000063a8 (0x7f41) x30 0xffff0000
core   0: 0x000063aa (0x00000f05) c.addi  t5, 1
core   0: 3 0x000063aa (0x0f05) x30 0xffff0001
core   0: 0x000063ac (0x80000fb7) lui     t6, 0x80000
core   0: 3 0x000063ac (0x80000fb7) x31 0x80000000
core   0: 0x000063b0 (0x49ff1fb3) bclr    t6, t5, t6
core   0: 3 0x000063b0 (0x49ff1fb3) x31 0xffff0000
core   0: 0x000063b4 (0x34041073) csrw    mscratch, s0
core   0: 3 0x000063b4 (0x34041073) c832_mscratch 0x00000000
core   0: 0x000063b8 (0x00003417) auipc   s0, 0x3
core   0: 3 0x000063b8 (0x00003417) x8  0x000093b8
core   0: 0x000063bc (0x2d040413) addi    s0, s0, 720
core   0: 3 0x000063bc (0x2d040413) x8  0x00009688
core   0: 0x000063c0 (0x0000c004) c.sw    s1, 0(s0)
core   0: 3 0x000063c0 (0xc004) mem 0x00009688 0x00000000
core   0: 0x000063c2 (0x00242223) sw      sp, 4(s0)
core   0: 3 0x000063c2 (0x00242223) mem 0x0000968c 0xffffffff
core   0: 0x000063c6 (0x00840113) addi    sp, s0, 8
core   0: 3 0x000063c6 (0x00840113) x2  0x00009690
core   0: 0x000063ca (0x0000c07e) c.swsp  t6, 0(sp)
core   0: 3 0x000063ca (0xc07e) mem 0x00009690 0xffff0000
core   0: 0x000063cc (0x00004f02) c.lwsp  t5, 0(sp)
core   0: 3 0x000063cc (0x4f02) x30 0xffff0000 mem 0x00009690
core   0: 0x000063ce (0x01f42423) sw      t6, 8(s0)
core   0: 3 0x000063ce (0x01f42423) mem 0x00009690 0xffff0000
core   0: 0x000063d2 (0x00004404) c.lw    s1, 8(s0)
core   0: 3 0x000063d2 (0x4404) x9  0xffff0000 mem 0x00009690
core   0: 0x000063d4 (0x0000c404) c.sw    s1, 8(s0)
core   0: 3 0x000063d4 (0xc404) mem 0x00009690 0xffff0000
core   0: 0x000063d6 (0x00442103) lw      sp, 4(s0)
core   0: 3 0x000063d6 (0x00442103) x2  0xffffffff mem 0x0000968c
core   0: 0x000063da (0x00004004) c.lw    s1, 0(s0)
core   0: 3 0x000063da (0x4004) x9  0x00000000 mem 0x00009688
core   0: 0x000063dc (0x34002473) csrr    s0, mscratch
core   0: 3 0x000063dc (0x34002473) x8  0x00000000
core   0: 0x000063e0 (0x000001d1) c.addi  gp, 20
core   0: 3 0x000063e0 (0x01d1) x3  0xb980a192
core   0: 0x000063e2 (0x01ef5b33) srl     s6, t5, t5
core   0: 3 0x000063e2 (0x01ef5b33) x22 0xffff0000
core   0: 0x000063e6 (0x009c28b3) slt     a7, s8, s1
core   0: 3 0x000063e6 (0x009c28b3) x17 0x00000001
core   0: 0x000063ea (0x51083013) sltiu   zero, a6, 1296
core   0: 3 0x000063ea (0x51083013)
core   0: 0x000063ee (0x00590833) add     a6, s2, t0
core   0: 3 0x000063ee (0x00590833) x16 0x45318000
core   0: 0x000063f2 (0x40e109b3) sub     s3, sp, a4
core   0: 3 0x000063f2 (0x40e109b3) x19 0x00000267
core   0: 0x000063f6 (0x0000823d) c.srli  a2, 15
core   0: 3 0x000063f6 (0x823d) x12 0x00000000
core   0: 0x000063f8 (0x00de5013) srli    zero, t3, 13
core   0: 3 0x000063f8 (0x00de5013)
core   0: 0x000063fc (0x03c329b3) mulhsu  s3, t1, t3
core   0: 3 0x000063fc (0x03c329b3) x19 0x00000000
core   0: 0x00006400 (0x9d11b913) sltiu   s2, gp, -1583
core   0: 3 0x00006400 (0x9d11b913) x18 0x00000001
core   0: 0x00006404 (0x00006f41) c.lui   t5, 0x10
core   0: 3 0x00006404 (0x6f41) x30 0x00010000
core   0: 0x00006406 (0xa5a5afb7) lui     t6, 0xa5a5a
core   0: 3 0x00006406 (0xa5a5afb7) x31 0xa5a5a000
core   0: 0x0000640a (0x5a5f8f93) addi    t6, t6, 1445
core   0: 3 0x0000640a (0x5a5f8f93) x31 0xa5a5a5a5
core   0: 0x0000640e (0x49ff5fb3) bext    t6, t5, t6
core   0: 3 0x0000640e (0x49ff5fb3) x31 0x00000000
core   0: 0x00006412 (0x0000018e) c.slli  gp, 3
core   0: 3 0x00006412 (0x018e) x3  0xcc050c90
core   0: 0x00006414 (0x010d1193) slli    gp, s10, 16
core   0: 3 0x00006414 (0x010d1193) x3  0x72d40000
core   0: 0x00006418 (0x73da4c97) auipc   s9, 0x73da4
core   0: 3 0x00006418 (0x73da4c97) x25 0x73daa418
core   0: 0x0000641c (0x01c374b3) and     s1, t1, t3
core   0: 3 0x0000641c (0x01c374b3) x9  0x00000000
core   0: 0x00006420 (0x00000001) c.nop
core   0: 3 0x00006420 (0x0001)
core   0: 0x00006422 (0x00004e69) c.li    t3, 26
core   0: 3 0x00006422 (0x4e69) x28 0x0000001a
core   0: 0x00006424 (0xe79e81b7) lui     gp, 0xe79e8
core   0: 3 0x00006424 (0xe79e81b7) x3  0xe79e8000
core   0: 0x00006428 (0x51a29037) lui     zero, 0x51a29
core   0: 3 0x00006428 (0x51a29037)
core   0: 0x0000642c (0x0068e633) or      a2, a7, t1
core   0: 3 0x0000642c (0x0068e633) x12 0x00000001
core   0: 0x00006430 (0x8f2a0497) auipc   s1, 0x8f2a0
core   0: 3 0x00006430 (0x8f2a0497) x9  0x8f2a6430
core   0: 0x00006434 (0x80000f37) lui     t5, 0x80000
core   0: 3 0x00006434 (0x80000f37) x30 0x80000000
core   0: 0x00006438 (0x00001f7d) c.addi  t5, -1
core   0: 3 0x00006438 (0x1f7d) x30 0x7fffffff
core   0: 0x0000643a (0x00004f81) c.li    t6, 0
core   0: 3 0x0000643a (0x4f81) x31 0x00000000
core   0: 0x0000643c (0x69ff1fb3) binv    t6, t5, t6
core   0: 3 0x0000643c (0x69ff1fb3) x31 0x7ffffffe
core   0: 0x00006440 (0x02b7b7b3) mulhu   a5, a5, a1
core   0: 3 0x00006440 (0x02b7b7b3) x15 0x00000000
core   0: 0x00006444 (0x0000808e) c.mv    ra, gp
core   0: 3 0x00006444 (0x808e) x1  0xe79e8000
core   0: 0x00006446 (0x00006539) c.lui   a0, 0xe
core   0: 3 0x00006446 (0x6539) x10 0x0000e000
core   0: 0x00006448 (0x0272afb3) mulhsu  t6, t0, t2
core   0: 3 0x00006448 (0x0272afb3) x31 0x00000000
core   0: 0x0000644c (0x00de55b3) srl     a1, t3, a3
core   0: 3 0x0000644c (0x00de55b3) x11 0x0000001a
core   0: 0x00006450 (0x03f5db63) bge     a1, t6, pc + 54
core   0: 3 0x00006450 (0x03f5db63)
core   0: 0x00006486 (0x00008d31) c.xor   a0, a2
core   0: 3 0x00006486 (0x8d31) x10 0x0000e001
core   0: 0x00006488 (0x07c01b63) bne     zero, t3, pc + 118
core   0: 3 0x00006488 (0x07c01b63)
core   0: 0x000064fe (0x03798e33) mul     t3, s3, s7
core   0: 3 0x000064fe (0x03798e33) x28 0x00000000
core   0: 0x00006502 (0x04ce5a63) bge     t3, a2, pc + 84
core   0: 3 0x00006502 (0x04ce5a63)
core   0: 0x00006506 (0x00006205) c.lui   tp, 0x1
core   0: 3 0x00006506 (0x6205) x4  0x00001000
core   0: 0x00006508 (0x03134133) div     sp, t1, a7
core   0: 3 0x00006508 (0x03134133) x2  0x00000000
core   0: 0x0000650c (0x00008d8d) c.sub   a1, a1
core   0: 3 0x0000650c (0x8d8d) x11 0x00000000
core   0: 0x0000650e (0x03d50033) mul     zero, a0, t4
core   0: 3 0x0000650e (0x03d50033)
core   0: 0x00006512 (0xf49a1917) auipc   s2, 0xf49a1
core   0: 3 0x00006512 (0xf49a1917) x18 0xf49a7512
core   0: 0x00006516 (0x04bc5c63) bge     s8, a1, pc + 88
core   0: 3 0x00006516 (0x04bc5c63)
core   0: 0x0000651a (0x00007f41) c.lui   t5, 0xffff0
core   0: 3 0x0000651a (0x7f41) x30 0xffff0000
core   0: 0x0000651c (0x00000f05) c.addi  t5, 1
core   0: 3 0x0000651c (0x0f05) x30 0xffff0001
core   0: 0x0000651e (0x80000fb7) lui     t6, 0x80000
core   0: 3 0x0000651e (0x80000fb7) x31 0x80000000
core   0: 0x00006522 (0x680f1f93) binvi   t6, t5, 0
core   0: 3 0x00006522 (0x680f1f93) x31 0xffff0000
core   0: 0x00006526 (0x0128f8b3) and     a7, a7, s2
core   0: 3 0x00006526 (0x0128f8b3) x17 0x00000000
core   0: 0x0000652a (0x00004b5d) c.li    s6, 23
core   0: 3 0x0000652a (0x4b5d) x22 0x00000017
core   0: 0x0000652c (0x04b2c663) blt     t0, a1, pc + 76
core   0: 3 0x0000652c (0x04b2c663)
core   0: 0x00006530 (0x007df833) and     a6, s11, t2
core   0: 3 0x00006530 (0x007df833) x16 0x00012094
core   0: 0x00006534 (0x00009c06) c.add   s8, ra
core   0: 3 0x00006534 (0x9c06) x24 0xe2568000
core   0: 0x00006536 (0x00008d39) c.xor   a0, a4
core   0: 3 0x00006536 (0x8d39) x10 0xffff1d99
core   0: 0x00006538 (0xb9165497) auipc   s1, 0xb9165
core   0: 3 0x00006538 (0xb9165497) x9  0xb916b538
core   0: 0x0000653c (0x0282a633) mulhsu  a2, t0, s0
core   0: 3 0x0000653c (0x0282a633) x12 0x00000000
core   0: 0x00006540 (0x01289b93) slli    s7, a7, 18
core   0: 3 0x00006540 (0x01289b93) x23 0x00000000
core   0: 0x00006544 (0x50402413) slti    s0, zero, 1284
core   0: 3 0x00006544 (0x50402413) x8  0x00000001
core   0: 0x00006548 (0x00006f41) c.lui   t5, 0x10
core   0: 3 0x00006548 (0x6f41) x30 0x00010000
core   0: 0x0000654a (0xa5a5afb7) lui     t6, 0xa5a5a
core   0: 3 0x0000654a (0xa5a5afb7) x31 0xa5a5a000
core   0: 0x0000654e (0x5a5f8f93) addi    t6, t6, 1445
core   0: 3 0x0000654e (0x5a5f8f93) x31 0xa5a5a5a5
core   0: 0x00006552 (0x29ff1f93) bseti   t6, t5, 31
core   0: 3 0x00006552 (0x29ff1f93) x31 0x80010000
core   0: 0x00006556 (0x00b9c133) xor     sp, s3, a1
core   0: 3 0x00006556 (0x00b9c133) x2  0x00000000
core   0: 0x0000655a (0x02b16c63) bltu    sp, a1, pc + 56
core   0: 3 0x0000655a (0x02b16c63)
core   0: 0x0000655e (0x4163da13) srai    s4, t2, 22
core   0: 3 0x0000655e (0x4163da13) x20 0x00000000
core   0: 0x00006562 (0x04295e63) bge     s2, sp, pc + 92
core   0: 3 0x00006562 (0x04295e63)
core   0: 0x00006566 (0x010f3533) sltu    a0, t5, a6
core   0: 3 0x00006566 (0x010f3533) x10 0x00000001
core   0: 0x0000656a (0x032a97b3) mulh    a5, s5, s2
core   0: 3 0x0000656a (0x032a97b3) x15 0x00000000
core   0: 0x0000656e (0x030c41b3) div     gp, s8, a6
core   0: 3 0x0000656e (0x030c41b3) x3  0xffffe5b0
core   0: 0x00006572 (0x00008961) c.andi  a0, 24
core   0: 3 0x00006572 (0x8961) x10 0x00000000
core   0: 0x00006574 (0x11d5a693) slti    a3, a1, 285
core   0: 3 0x00006574 (0x11d5a693) x13 0x00000001
core   0: 0x00006578 (0x028149b3) div     s3, sp, s0
core   0: 3 0x00006578 (0x028149b3) x19 0x00000000
core   0: 0x0000657c (0x80000f37) lui     t5, 0x80000
core   0: 3 0x0000657c (0x80000f37) x30 0x80000000
core   0: 0x00006580 (0x00001f7d) c.addi  t5, -1
core   0: 3 0x00006580 (0x1f7d) x30 0x7fffffff
core   0: 0x00006582 (0x00004f81) c.li    t6, 0
core   0: 3 0x00006582 (0x4f81) x31 0x00000000
core   0: 0x00006584 (0x0fff5fb3) czero.eqz t6, t5, t6
core   0: 3 0x00006584 (0x0fff5fb3) x31 0x00000000
core   0: 0x00006588 (0x00000346) c.slli  t1, 17
core   0: 3 0x00006588 (0x0346) x6  0x00000000
core   0: 0x0000658a (0x01248863) beq     s1, s2, pc + 16
core   0: 3 0x0000658a (0x01248863)
core   0: 0x0000658e (0x9d97e113) ori     sp, a5, -1575
core   0: 3 0x0000658e (0x9d97e113) x2  0xfffff9d9
core   0: 0x00006592 (0xfb98c293) xori    t0, a7, -71
core   0: 3 0x00006592 (0xfb98c293) x5  0xffffffb9
core   0: 0x00006596 (0x01bfa8b3) slt     a7, t6, s11
core   0: 3 0x00006596 (0x01bfa8b3) x17 0x00000001
core   0: 0x0000659a (0x00008d0d) c.sub   a0, a1
core   0: 3 0x0000659a (0x8d0d) x10 0x00000000
core   0: 0x0000659c (0x0453de63) bge     t2, t0, pc + 92
core   0: 3 0x0000659c (0x0453de63)
core   0: 0x000065f8 (0x41925713) srai    a4, tp, 25
core   0: 3 0x000065f8 (0x41925713) x14 0x00000000
core   0: 0x000065fc (0x0000826d) c.srli  a2, 27
core   0: 3 0x000065fc (0x826d) x12 0x00000000
core   0: 0x000065fe (0x01dc5ab3) srl     s5, s8, t4
core   0: 3 0x000065fe (0x01dc5ab3) x21 0x00001c4a
core   0: 0x00006602 (0x00f0d933) srl     s2, ra, a5
core   0: 3 0x00006602 (0x00f0d933) x18 0xe79e8000
core   0: 0x00006606 (0x035df563) bgeu    s11, s5, pc + 42
core   0: 3 0x00006606 (0x035df563)
core   0: 0x00006630 (0x40865693) srai    a3, a2, 8
core   0: 3 0x00006630 (0x40865693) x13 0x00000000
core   0: 0x00006634 (0x00006e8d) c.lui   t4, 0x3
core   0: 3 0x00006634 (0x6e8d) x29 0x00003000
core   0: 0x00006636 (0x0000031a) c.slli  t1, 6
core   0: 3 0x00006636 (0x031a) x6  0x00000000
core   0: 0x00006638 (0x03ac1033) mulh    zero, s8, s10
core   0: 3 0x00006638 (0x03ac1033)
core   0: 0x0000663c (0x801a7913) andi    s2, s4, -2047
core   0: 3 0x0000663c (0x801a7913) x18 0x00000000
core   0: 0x00006640 (0xb977a993) slti    s3, a5, -1129
core   0: 3 0x00006640 (0xb977a993) x19 0x00000000
core   0: 0x00006644 (0x00008d09) c.sub   a0, a0
core   0: 3 0x00006644 (0x8d09) x10 0x00000000
core   0: 0x00006646 (0x00008aa1) c.andi  a3, 8
core   0: 3 0x00006646 (0x8aa1) x13 0x00000000
core   0: 0x00006648 (0x00007f41) c.lui   t5, 0xffff0
core   0: 3 0x00006648 (0x7f41) x30 0xffff0000
core   0: 0x0000664a (0x00000f05) c.addi  t5, 1
core   0: 3 0x0000664a (0x0f05) x30 0xffff0001
core   0: 0x0000664c (0x80000fb7) lui     t6, 0x80000
core   0: 3 0x0000664c (0x80000fb7) x31 0x80000000
core   0: 0x00006650 (0x21ff6fb3) sh3add  t6, t5, t6
core   0: 3 0x00006650 (0x21ff6fb3) x31 0x7ff80008
core   0: 0x00006654 (0xd6337493) andi    s1, t1, -669
core   0: 3 0x00006654 (0xd6337493) x9  0x00000000
core   0: 0x00006658 (0x00008d75) c.and   a0, a3
core   0: 3 0x00006658 (0x8d75) x10 0x00000000
core   0: 0x0000665a (0x00ca26b3) slt     a3, s4, a2
core   0: 3 0x0000665a (0x00ca26b3) x13 0x00000000
core   0: 0x0000665e (0x00008d55) c.or    a0, a3
core   0: 3 0x0000665e (0x8d55) x10 0x00000000
core   0: 0x00006660 (0x00719833) sll     a6, gp, t2
core   0: 3 0x00006660 (0x00719833) x16 0x5b000000
core   0: 0x00006664 (0x02a8d963) bge     a7, a0, pc + 50
core   0: 3 0x00006664 (0x02a8d963)
core   0: 0x00006696 (0x419f5013) srai    zero, t5, 25
core   0: 3 0x00006696 (0x419f5013)
core   0: 0x0000669a (0x40e60cb3) sub     s9, a2, a4
core   0: 3 0x0000669a (0x40e60cb3) x25 0x00000000
core   0: 0x0000669e (0x053dde63) bge     s11, s3, pc + 92
core   0: 3 0x0000669e (0x053dde63)
core   0: 0x000066fa (0x03638333) mul     t1, t2, s6
core   0: 3 0x000066fa (0x03638333) x6  0x001a4c2c
core   0: 0x000066fe (0x03562e33) mulhsu  t3, a2, s5
core   0: 3 0x000066fe (0x03562e33) x28 0x00000000
core   0: 0x00006702 (0x02c1c163) blt     gp, a2, pc + 34
core   0: 3 0x00006702 (0x02c1c163)
core   0: 0x00006724 (0x000008b5) c.addi  a7, 13
core   0: 3 0x00006724 (0x08b5) x17 0x0000000e
core   0: 0x00006726 (0x00008579) c.srai  a0, 30
core   0: 3 0x00006726 (0x8579) x10 0x00000000
core   0: 0x00006728 (0x00f93033) sltu    zero, s2, a5
core   0: 3 0x00006728 (0x00f93033)
core   0: 0x0000672c (0x0268d733) divu    a4, a7, t1
core   0: 3 0x0000672c (0x0268d733) x14 0x00000000
core   0: 0x00006730 (0x01461bb3) sll     s7, a2, s4
core   0: 3 0x00006730 (0x01461bb3) x23 0x00000000
core   0: 0x00006734 (0x04259163) bne     a1, sp, pc + 66
core   0: 3 0x00006734 (0x04259163)
core   0: 0x00006776 (0x03e13933) mulhu   s2, sp, t5
core   0: 3 0x00006776 (0x03e13933) x18 0xfffef9da
core   0: 0x0000677a (0x003e6133) or      sp, t3, gp
core   0: 3 0x0000677a (0x003e6133) x2  0xffffe5b0
core   0: 0x0000677e (0x00008d45) c.or    a0, s1
core   0: 3 0x0000677e (0x8d45) x10 0x00000000
core   0: 0x00006780 (0x00008d11) c.sub   a0, a2
core   0: 3 0x00006780 (0x8d11) x10 0x00000000
core   0: 0x00006782 (0x03d50033) mul     zero, a0, t4
core   0: 3 0x00006782 (0x03d50033)
core   0: 0x00006786 (0x41091c17) auipc   s8, 0x41091
core   0: 3 0x00006786 (0x41091c17) x24 0x41097786
core   0: 0x0000678a (0x03454033) div     zero, a0, s4
core   0: 3 0x0000678a (0x03454033)
core   0: 0x0000678e (0x44c0ef93) ori     t6, ra, 1100
core   0: 3 0x0000678e (0x44c0ef93) x31 0xe79e844c
core   0: 0x00006792 (0x00103fb3) snez    t6, ra
core   0: 3 0x00006792 (0x00103fb3) x31 0x00000001
core   0: 0x00006796 (0x00006f41) c.lui   t5, 0x10
core   0: 3 0x00006796 (0x6f41) x30 0x00010000
core   0: 0x00006798 (0xa5a5afb7) lui     t6, 0xa5a5a
core   0: 3 0x00006798 (0xa5a5afb7) x31 0xa5a5a000
core   0: 0x0000679c (0x5a5f8f93) addi    t6, t6, 1445
core   0: 3 0x0000679c (0x5a5f8f93) x31 0xa5a5a5a5
core   0: 0x000067a0 (0x0bff4fb3) min     t6, t5, t6
core   0: 3 0x000067a0 (0x0bff4fb3) x31 0xa5a5a5a5
core   0: 0x000067a4 (0x00008d09) c.sub   a0, a0
core   0: 3 0x000067a4 (0x8d09) x10 0x00000000
core   0: 0x000067a6 (0x00000fd5) c.addi  t6, 21
core   0: 3 0x000067a6 (0x0fd5) x31 0xa5a5a5ba
core   0: 0x000067a8 (0x00000001) c.nop
core   0: 3 0x000067a8 (0x0001)
core   0: 0x000067aa (0x01133e33) sltu    t3, t1, a7
core   0: 3 0x000067aa (0x01133e33) x28 0x00000000
core   0: 0x000067ae (0x6a116913) ori     s2, sp, 1697
core   0: 3 0x000067ae (0x6a116913) x18 0xffffe7b1
core   0: 0x000067b2 (0x030a4033) div     zero, s4, a6
core   0: 3 0x000067b2 (0x030a4033)
core   0: 0x000067b6 (0x04c58d63) beq     a1, a2, pc + 90
core   0: 3 0x000067b6 (0x04c58d63)
core   0: 0x00006810 (0x030b4bb3) div     s7, s6, a6
core   0: 3 0x00006810 (0x030b4bb3) x23 0x00000000
core   0: 0x00006814 (0x00008a01) c.andi  a2, 0
core   0: 3 0x00006814 (0x8a01) x12 0x00000000
core   0: 0x00006816 (0x03a748b3) div     a7, a4, s10
core   0: 3 0x00006816 (0x03a748b3) x17 0x00000000
core   0: 0x0000681a (0x41da8933) sub     s2, s5, t4
core   0: 3 0x0000681a (0x41da8933) x18 0xffffec4a
core   0: 0x0000681e (0x80000f37) lui     t5, 0x80000
core   0: 3 0x0000681e (0x80000f37) x30 0x80000000
core   0: 0x00006822 (0x00007fc1) c.lui   t6, 0xffff0
core   0: 3 0x00006822 (0x7fc1) x31 0xffff0000
core   0: 0x00006824 (0x00000f85) c.addi  t6, 1
core   0: 3 0x00006824 (0x0f85) x31 0xffff0001
core   0: 0x00006826 (0x0bff6fb3) max     t6, t5, t6
core   0: 3 0x00006826 (0x0bff6fb3) x31 0xffff0001
core   0: 0x0000682a (0x34009073) csrw    mscratch, ra
core   0: 3 0x0000682a (0x34009073) c832_mscratch 0xe79e8000
core   0: 0x0000682e (0x008000ef) jal     pc + 0x8
core   0: 3 0x0000682e (0x008000ef) x1  0x00006832
core   0: 0x00006836 (0x340020f3) csrr    ra, mscratch
core   0: 3 0x00006836 (0x340020f3) x1  0xe79e8000
core   0: 0x0000683a (0x01007963) bgeu    zero, a6, pc + 18
core   0: 3 0x0000683a (0x01007963)
core   0: 0x0000683e (0x00000bca) c.slli  s7, 18
core   0: 3 0x0000683e (0x0bca) x23 0x00000000
core   0: 0x00006840 (0x590fbab7) lui     s5, 0x590fb
core   0: 3 0x00006840 (0x590fbab7) x21 0x590fb000
core   0: 0x00006844 (0x59e97c13) andi    s8, s2, 1438
core   0: 3 0x00006844 (0x59e97c13) x24 0x0000040a
core   0: 0x00006848 (0x00008f49) c.or    a4, a0
core   0: 3 0x00006848 (0x8f49) x14 0x00000000
core   0: 0x0000684a (0x00008119) c.srli  a0, 6
core   0: 3 0x0000684a (0x8119) x10 0x00000000
core   0: 0x0000684c (0x038b2bb3) mulhsu  s7, s6, s8
core   0: 3 0x0000684c (0x038b2bb3) x23 0x00000000
core   0: 0x00006850 (0x000065d1) c.lui   a1, 0x14
core   0: 3 0x00006850 (0x65d1) x11 0x00014000
core   0: 0x00006852 (0x00008d51) c.or    a0, a2
core   0: 3 0x00006852 (0x8d51) x10 0x00000000
core   0: 0x00006854 (0x000090a2) c.add   ra, s0
core   0: 3 0x00006854 (0x90a2) x1  0xe79e8001
core   0: 0x00006856 (0xa5a5af37) lui     t5, 0xa5a5a
core   0: 3 0x00006856 (0xa5a5af37) x30 0xa5a5a000
core   0: 0x0000685a (0x5a5f0f13) addi    t5, t5, 1445
core   0: 3 0x0000685a (0x5a5f0f13) x30 0xa5a5a5a5
core   0: 0x0000685e (0x00006fc1) c.lui   t6, 0x10
core   0: 3 0x0000685e (0x6fc1) x31 0x00010000
core   0: 0x00006860 (0x0bff7fb3) maxu    t6, t5, t6
core   0: 3 0x00006860 (0x0bff7fb3) x31 0xa5a5a5a5
core   0: 0x00006864 (0x00006169) c.addi16sp sp, 208
core   0: 3 0x00006864 (0x6169) x2  0xffffe680
core   0: 0x00006866 (0x6d37bc17) auipc   s8, 0x6d37b
core   0: 3 0x00006866 (0x6d37bc17) x24 0x6d381866
core   0: 0x0000686a (0x02b4c033) div     zero, s1, a1
core   0: 3 0x0000686a (0x02b4c033)
core   0: 0x0000686e (0x04d3ce63) blt     t2, a3, pc + 92
core   0: 3 0x0000686e (0x04d3ce63)
core   0: 0x00006872 (0x0302b5b3) mulhu   a1, t0, a6
core   0: 3 0x00006872 (0x0302b5b3) x11 0x5affffe6
core   0: 0x00006876 (0x04835c63) bge     t1, s0, pc + 88
core   0: 3 0x00006876 (0x04835c63)
core   0: 0x000068ce (0x014d49b3) xor     s3, s10, s4
core   0: 3 0x000068ce (0x014d49b3) x19 0x000172d4
core   0: 0x000068d2 (0x01bc9bb3) sll     s7, s9, s11
core   0: 3 0x000068d2 (0x01bc9bb3) x23 0x00000000
core   0: 0x000068d6 (0x00000001) c.nop
core   0: 3 0x000068d6 (0x0001)
core   0: 0x000068d8 (0x00000c98) c.addi4spn a4, sp, 592
core   0: 3 0x000068d8 (0x0c98) x14 0xffffe8d0
core   0: 0x000068da (0x40e608b3) sub     a7, a2, a4
core   0: 3 0x000068da (0x40e608b3) x17 0x00001730
core   0: 0x000068de (0xa607c913) xori    s2, a5, -1440
core   0: 3 0x000068de (0xa607c913) x18 0xfffffa60
core   0: 0x000068e2 (0x00006f41) c.lui   t5, 0x10
core   0: 3 0x000068e2 (0x6f41) x30 0x00010000
core   0: 0x000068e4 (0xa5a5afb7) lui     t6, 0xa5a5a
core   0: 3 0x000068e4 (0xa5a5afb7) x31 0xa5a5a000
core   0: 0x000068e8 (0x5a5f8f93) addi    t6, t6, 1445
core   0: 3 0x000068e8 (0x5a5f8f93) x31 0xa5a5a5a5
core   0: 0x000068ec (0x080f4fb3) zext.h  t6, t5
core   0: 3 0x000068ec (0x080f4fb3) x31 0x00000000
core   0: 0x000068f0 (0x34009073) csrw    mscratch, ra
core   0: 3 0x000068f0 (0x34009073) c832_mscratch 0xe79e8001
core   0: 0x000068f4 (0x00002009) c.jal   pc + 2
core   0: 3 0x000068f4 (0x2009) x1  0x000068f6
core   0: 0x000068f6 (0x004000ef) jal     pc + 0x4
core   0: 3 0x000068f6 (0x004000ef) x1  0x000068fa
core   0: 0x000068fa (0x004000ef) jal     pc + 0x4
core   0: 3 0x000068fa (0x004000ef) x1  0x000068fe
core   0: 0x000068fe (0x00000097) auipc   ra, 0x0
core   0: 3 0x000068fe (0x00000097) x1  0x000068fe
core   0: 0x00006902 (0x00c08093) addi    ra, ra, 12
core   0: 3 0x00006902 (0x00c08093) x1  0x0000690a
core   0: 0x00006906 (0x00008067) ret
core   0: 3 0x00006906 (0x00008067)
core   0: 0x0000690a (0x340020f3) csrr    ra, mscratch
core   0: 3 0x0000690a (0x340020f3) x1  0xe79e8001
core   0: 0x0000690e (0x02da22b3) mulhsu  t0, s4, a3
core   0: 3 0x0000690e (0x02da22b3) x5  0x00000000
core   0: 0x00006912 (0x000002c9) c.addi  t0, 18
core   0: 3 0x00006912 (0x02c9) x5  0x00000012
core   0: 0x00006914 (0x40fe5313) srai    t1, t3, 15
core   0: 3 0x00006914 (0x40fe5313) x6  0x00000000
core   0: 0x00006918 (0x017e8c33) add     s8, t4, s7
core   0: 3 0x00006918 (0x017e8c33) x24 0x00003000
core   0: 0x0000691c (0x00008e31) c.xor   a2, a2
core   0: 3 0x0000691c (0x8e31) x12 0x00000000
core   0: 0x0000691e (0x03d3ca33) div     s4, t2, t4
core   0: 3 0x0000691e (0x03d3ca33) x20 0x00000006
core   0: 0x00006922 (0x04c27c63) bgeu    tp, a2, pc + 88
core   0: 3 0x00006922 (0x04c27c63)
core   0: 0x0000697a (0x1b893613) sltiu   a2, s2, 440
core   0: 3 0x0000697a (0x1b893613) x12 0x00000000
core   0: 0x0000697e (0x027b07b3) mul     a5, s6, t2
core   0: 3 0x0000697e (0x027b07b3) x15 0x001a4c2c
core   0: 0x00006982 (0x00008d51) c.or    a0, a2
core   0: 3 0x00006982 (0x8d51) x10 0x00000000
core   0: 0x00006984 (0x05ebe013) ori     zero, s7, 94
core   0: 3 0x00006984 (0x05ebe013)
core   0: 0x00006988 (0xa5a5af37) lui     t5, 0xa5a5a
core   0: 3 0x00006988 (0xa5a5af37) x30 0xa5a5a000
core   0: 0x0000698c (0x5a5f0f13) addi    t5, t5, 1445
core   0: 3 0x0000698c (0x5a5f0f13) x30 0xa5a5a5a5
core   0: 0x00006990 (0x00006fc1) c.lui   t6, 0x10
core   0: 3 0x00006990 (0x6fc1) x31 0x00010000
core   0: 0x00006992 (0x607f5f93) rori    t6, t5, 7
core   0: 3 0x00006992 (0x607f5f93) x31 0x4b4b4b4b
core   0: 0x00006996 (0x00000c08) c.addi4spn a0, sp, 528
core   0: 3 0x00006996 (0x0c08) x10 0xffffe890
core   0: 0x00006998 (0x012d3a33) sltu    s4, s10, s2
core   0: 3 0x00006998 (0x012d3a33) x20 0x00000001
core   0: 0x0000699c (0x40a8d7b3) sra     a5, a7, a0
core   0: 3 0x0000699c (0x40a8d7b3) x15 0x00000000
core   0: 0x000069a0 (0x02259233) mulh    tp, a1, sp
core   0: 3 0x000069a0 (0x02259233) x4  0xfffff6ef
core   0: 0x000069a4 (0x039f66b3) rem     a3, t5, s9
core   0: 3 0x000069a4 (0x039f66b3) x13 0xa5a5a5a5
core   0: 0x000069a8 (0x01a11193) slli    gp, sp, 26
core   0: 3 0x000069a8 (0x01a11193) x3  0x00000000
core   0: 0x000069ac (0x00008d35) c.xor   a0, a3
core   0: 3 0x000069ac (0x8d35) x10 0x5a5a4d35
core   0: 0x000069ae (0x00008eb5) c.xor   a3, a3
core   0: 3 0x000069ae (0x8eb5) x13 0x00000000
core   0: 0x000069b0 (0x0192ba33) sltu    s4, t0, s9
core   0: 3 0x000069b0 (0x0192ba33) x20 0x00000000
core   0: 0x000069b4 (0x00008d65) c.and   a0, s1
core   0: 3 0x000069b4 (0x8d65) x10 0x00000000
core   0: 0x000069b6 (0x00004f01) c.li    t5, 0
core   0: 3 0x000069b6 (0x4f01) x30 0x00000000
core   0: 0x000069b8 (0x80000fb7) lui     t6, 0x80000
core   0: 3 0x000069b8 (0x80000fb7) x31 0x80000000
core   0: 0x000069bc (0x00001ffd) c.addi  t6, -1
core   0: 3 0x000069bc (0x1ffd) x31 0x7fffffff
core   0: 0x000069be (0x287f5f93) orc.b   t6, t5
core   0: 3 0x000069be (0x287f5f93) x31 0x00000000
core   0: 0x000069c2 (0x0320c133) div     sp, ra, s2
core   0: 3 0x000069c2 (0x0320c133) x2  0x00045599
core   0: 0x000069c6 (0x01ed24b3) slt     s1, s10, t5
core   0: 3 0x000069c6 (0x01ed24b3) x9  0x00000000
core   0: 0x000069ca (0x00000cde) c.slli  s9, 23
core   0: 3 0x000069ca (0x0cde) x25 0x00000000
core   0: 0x000069cc (0x4bdec6b7) lui     a3, 0x4bdec
core   0: 3 0x000069cc (0x4bdec6b7) x13 0x4bdec000
core   0: 0x000069d0 (0x00000001) c.nop
core   0: 3 0x000069d0 (0x0001)
core   0: 0x000069d2 (0x012e3a33) sltu    s4, t3, s2
core   0: 3 0x000069d2 (0x012e3a33) x20 0x00000001
core   0: 0x000069d6 (0x00008576) c.mv    a0, t4
core   0: 3 0x000069d6 (0x8576) x10 0x00003000
core   0: 0x000069d8 (0x000082a6) c.mv    t0, s1
core   0: 3 0x000069d8 (0x82a6) x5  0x00000000
core   0: 0x000069da (0x000011fd) c.addi  gp, -1
core   0: 3 0x000069da (0x11fd) x3  0xffffffff
core   0: 0x000069dc (0x00008715) c.srai  a4, 5
core   0: 3 0x000069dc (0x8715) x14 0xffffff46
core   0: 0x000069de (0x00007f41) c.lui   t5, 0xffff0
core   0: 3 0x000069de (0x7f41) x30 0xffff0000
core   0: 0x000069e0 (0x00000f05) c.addi  t5, 1
core   0: 3 0x000069e0 (0x0f05) x30 0xffff0001
core   0: 0x000069e2 (0x80000fb7) lui     t6, 0x80000
core   0: 3 0x000069e2 (0x80000fb7) x31 0x80000000
core   0: 0x000069e6 (0x698f5f93) rev8.rv32 (args unknown)
core   0: 3 0x000069e6 (0x698f5f93) x31 0x0100ffff
core   0: 0x000069ea (0x80000f37) lui     t5, 0x80000
core   0: 3 0x000069ea (0x80000f37) x30 0x80000000
core   0: 0x000069ee (0x00005ffd) c.li    t6, -1
core   0: 3 0x000069ee (0x5ffd) x31 0xffffffff
core   0: 0x000069f0 (0x03ff4fb3) div     t6, t5, t6
core   0: 3 0x000069f0 (0x03ff4fb3) x31 0x80000000
core   0: 0x000069f4 (0x03ef6fb3) rem     t6, t5, t5
core   0: 3 0x000069f4 (0x03ef6fb3) x31 0x00000000
core   0: 0x000069f8 (0x00004f81) c.li    t6, 0
core   0: 3 0x000069f8 (0x4f81) x31 0x00000000
core   0: 0x000069fa (0x03ff5fb3) divu    t6, t5, t6
core   0: 3 0x000069fa (0x03ff5fb3) x31 0xffffffff
core   0: 0x000069fe (0x00004f81) c.li    t6, 0
core   0: 3 0x000069fe (0x4f81) x31 0x00000000
core   0: 0x00006a00 (0x03ff6fb3) rem     t6, t5, t6
core   0: 3 0x00006a00 (0x03ff6fb3) x31 0x80000000
core   0: 0x00006a04 (0x01ceed63) bltu    t4, t3, pc + 26
core   0: 3 0x00006a04 (0x01ceed63)
core   0: 0x00006a08 (0x000067c9) c.lui   a5, 0x12
core   0: 3 0x00006a08 (0x67c9) x15 0x00012000
core   0: 0x00006a0a (0xa7fea113) slti    sp, t4, -1409
core   0: 3 0x00006a0a (0xa7fea113) x2  0x00000000
core   0: 0x00006a0e (0x0143c8b3) xor     a7, t2, s4
core   0: 3 0x00006a0e (0x0143c8b3) x17 0x000124b5
core   0: 0x00006a12 (0x00006ec9) c.lui   t4, 0x12
core   0: 3 0x00006a12 (0x6ec9) x29 0x00012000
core   0: 0x00006a14 (0xdad44093) xori    ra, s0, -595
core   0: 3 0x00006a14 (0xdad44093) x1  0xfffffdac
core   0: 0x00006a18 (0x0000717d) c.addi16sp sp, -16
core   0: 3 0x00006a18 (0x717d) x2  0xfffffff0
core   0: 0x00006a1a (0x0199a733) slt     a4, s3, s9
core   0: 3 0x00006a1a (0x0199a733) x14 0x00000000
core   0: 0x00006a1e (0x000086d6) c.mv    a3, s5
core   0: 3 0x00006a1e (0x86d6) x13 0x590fb000
core   0: 0x00006a20 (0x00008ea9) c.xor   a3, a0
core   0: 3 0x00006a20 (0x8ea9) x13 0x590f8000
core   0: 0x00006a22 (0x00006f41) c.lui   t5, 0x10
core   0: 3 0x00006a22 (0x6f41) x30 0x00010000
core   0: 0x00006a24 (0xa5a5afb7) lui     t6, 0xa5a5a
core   0: 3 0x00006a24 (0xa5a5afb7) x31 0xa5a5a000
core   0: 0x00006a28 (0x5a5f8f93) addi    t6, t6, 1445
core   0: 3 0x00006a28 (0x5a5f8f93) x31 0xa5a5a5a5
core   0: 0x00006a2c (0x49ff1fb3) bclr    t6, t5, t6
core   0: 3 0x00006a2c (0x49ff1fb3) x31 0x00010000
core   0: 0x00006a30 (0x03042833) mulhsu  a6, s0, a6
core   0: 3 0x00006a30 (0x03042833) x16 0x00000000
core   0: 0x00006a34 (0x000060f9) c.lui   ra, 0x1e
core   0: 3 0x00006a34 (0x60f9) x1  0x0001e000
core   0: 0x00006a36 (0x00008e0d) c.sub   a2, a1
core   0: 3 0x00006a36 (0x8e0d) x12 0xa500001a
core   0: 0x00006a38 (0x00001010) c.addi4spn a2, sp, 32
core   0: 3 0x00006a38 (0x1010) x12 0x00000010
core   0: 0x00006a3a (0xd44a9417) auipc   s0, 0xd44a9
core   0: 3 0x00006a3a (0xd44a9417) x8  0xd44afa3a
core   0: 0x00006a3e (0x01fca6b3) slt     a3, s9, t6
core   0: 3 0x00006a3e (0x01fca6b3) x13 0x00000001
core   0: 0x00006a42 (0x025a1b33) mulh    s6, s4, t0
core   0: 3 0x00006a42 (0x025a1b33) x22 0x00000000
core   0: 0x00006a46 (0x00277833) and     a6, a4, sp
core   0: 3 0x00006a46 (0x00277833) x16 0x00000000
core   0: 0x00006a4a (0x03fc6033) rem     zero, s8, t6
core   0: 3 0x00006a4a (0x03fc6033)
core   0: 0x00006a4e (0xec792713) slti    a4, s2, -313
core   0: 3 0x00006a4e (0xec792713) x14 0x00000001
core   0: 0x00006a52 (0x80000f37) lui     t5, 0x80000
core   0: 3 0x00006a52 (0x80000f37) x30 0x80000000
core   0: 0x00006a56 (0x00001f7d) c.addi  t5, -1
core   0: 3 0x00006a56 (0x1f7d) x30 0x7fffffff
core   0: 0x00006a58 (0x00004f81) c.li    t6, 0
core   0: 3 0x00006a58 (0x4f81) x31 0x00000000
core   0: 0x00006a5a (0x49ff5fb3) bext    t6, t5, t6
core   0: 3 0x00006a5a (0x49ff5fb3) x31 0x00000001
core   0: 0x00006a5e (0x01bbed63) bltu    s7, s11, pc + 26
core   0: 3 0x00006a5e (0x01bbed63)
core   0: 0x00006a78 (0x043a5563) bge     s4, gp, pc + 74
core   0: 3 0x00006a78 (0x043a5563)
core   0: 0x00006ac2 (0x410f00b3) sub     ra, t5, a6
core   0: 3 0x00006ac2 (0x410f00b3) x1  0x7fffffff
core   0: 0x00006ac6 (0x0e412613) slti    a2, sp, 228
core   0: 3 0x00006ac6 (0x0e412613) x12 0x00000001
core   0: 0x00006aca (0x03bb5333) divu    t1, s6, s11
core   0: 3 0x00006aca (0x03bb5333) x6  0x00000000
core   0: 0x00006ace (0x03808063) beq     ra, s8, pc + 32
core   0: 3 0x00006ace (0x03808063)
core   0: 0x00006ad2 (0x4124ddb3) sra     s11, s1, s2
core   0: 3 0x00006ad2 (0x4124ddb3) x27 0x00000000
core   0: 0x00006ad6 (0x00004f01) c.li    t5, 0
core   0: 3 0x00006ad6 (0x4f01) x30 0x00000000
core   0: 0x00006ad8 (0x80000fb7) lui     t6, 0x80000
core   0: 3 0x00006ad8 (0x80000fb7) x31 0x80000000
core   0: 0x00006adc (0x00001ffd) c.addi  t6, -1
core   0: 3 0x00006adc (0x1ffd) x31 0x7fffffff
core   0: 0x00006ade (0x49ff1f93) bclri   t6, t5, 31
core   0: 3 0x00006ade (0x49ff1f93) x31 0x00000000
core   0: 0x00006ae2 (0x340f1073) csrw    mscratch, t5
core   0: 3 0x00006ae2 (0x340f1073) c832_mscratch 0x00000000
core   0: 0x00006ae6 (0x34002ff3) csrr    t6, mscratch
core   0: 3 0x00006ae6 (0x34002ff3) x31 0x00000000
core   0: 0x00006aea (0x34003ff3) csrrc   t6, mscratch, zero
core   0: 3 0x00006aea (0x34003ff3) x31 0x00000000
core   0: 0x00006aee (0x02c40cb3) mul     s9, s0, a2
core   0: 3 0x00006aee (0x02c40cb3) x25 0xd44afa3a
core   0: 0x00006af2 (0x030ee9b3) rem     s3, t4, a6
core   0: 3 0x00006af2 (0x030ee9b3) x19 0x00012000
core   0: 0x00006af6 (0x00008516) c.mv    a0, t0
core   0: 3 0x00006af6 (0x8516) x10 0x00000000
core   0: 0x00006af8 (0x00008d0d) c.sub   a0, a1
core   0: 3 0x00006af8 (0x8d0d) x10 0xa500001a
core   0: 0x00006afa (0x0000957a) c.add   a0, t5
core   0: 3 0x00006afa (0x957a) x10 0xa500001a
core   0: 0x00006afc (0x033dc6b3) div     a3, s11, s3
core   0: 3 0x00006afc (0x033dc6b3) x13 0x00000000
core   0: 0x00006b00 (0x00009a7d) c.andi  a2, -1
core   0: 3 0x00006b00 (0x9a7d) x12 0x00000001
core   0: 0x00006b02 (0x0231dd63) bge     gp, gp, pc + 58
core   0: 3 0x00006b02 (0x0231dd63)
core   0: 0x00006b3c (0x039dcc33) div     s8, s11, s9
core   0: 3 0x00006b3c (0x039dcc33) x24 0x00000000
core   0: 0x00006b40 (0x00006f41) c.lui   t5, 0x10
core   0: 3 0x00006b40 (0x6f41) x30 0x00010000
core   0: 0x00006b42 (0xa5a5afb7) lui     t6, 0xa5a5a
core   0: 3 0x00006b42 (0xa5a5afb7) x31 0xa5a5a000
core   0: 0x00006b46 (0x5a5f8f93) addi    t6, t6, 1445
core   0: 3 0x00006b46 (0x5a5f8f93) x31 0xa5a5a5a5
core   0: 0x00006b4a (0x680f1f93) binvi   t6, t5, 0
core   0: 3 0x00006b4a (0x680f1f93) x31 0x00010001
core   0: 0x00006b4e (0x34009073) csrw    mscratch, ra
core   0: 3 0x00006b4e (0x34009073) c832_mscratch 0x7fffffff
core   0: 0x00006b52 (0x008000ef) jal     pc + 0x8
core   0: 3 0x00006b52 (0x008000ef) x1  0x00006b56
core   0: 0x00006b5a (0x340020f3) csrr    ra, mscratch
core   0: 3 0x00006b5a (0x340020f3) x1  0x7fffffff
core   0: 0x00006b5e (0x021742b3) div     t0, a4, ra
core   0: 3 0x00006b5e (0x021742b3) x5  0x00000000
core   0: 0x00006b62 (0x00c6f863) bgeu    a3, a2, pc + 16
core   0: 3 0x00006b62 (0x00c6f863)
core   0: 0x00006b66 (0x0054e033) or      zero, s1, t0
core   0: 3 0x00006b66 (0x0054e033)
core   0: 0x00006b6a (0x416306b3) sub     a3, t1, s6
core   0: 3 0x00006b6a (0x416306b3) x13 0x00000000
core   0: 0x00006b6e (0x018c21b3) slt     gp, s8, s8
core   0: 3 0x00006b6e (0x018c21b3) x3  0x00000000
core   0: 0x00006b72 (0x0126e0b3) or      ra, a3, s2
core   0: 3 0x00006b72 (0x0126e0b3) x1  0xfffffa60
core   0: 0x00006b76 (0x40bfdcb3) sra     s9, t6, a1
core   0: 3 0x00006b76 (0x40bfdcb3) x25 0x00000400
core   0: 0x00006b7a (0xb2827c13) andi    s8, tp, -1240
core   0: 3 0x00006b7a (0xb2827c13) x24 0xfffff228
core   0: 0x00006b7e (0x40490133) sub     sp, s2, tp
core   0: 3 0x00006b7e (0x40490133) x2  0x00000371
core   0: 0x00006b82 (0x01c3d513) srli    a0, t2, 28
core   0: 3 0x00006b82 (0x01c3d513) x10 0x00000000
core   0: 0x00006b86 (0x80000f37) lui     t5, 0x80000
core   0: 3 0x00006b86 (0x80000f37) x30 0x80000000
core   0: 0x00006b8a (0x00001f7d) c.addi  t5, -1
core   0: 3 0x00006b8a (0x1f7d) x30 0x7fffffff
core   0: 0x00006b8c (0x00004f81) c.li    t6, 0
core   0: 3 0x00006b8c (0x4f81) x31 0x00000000
core   0: 0x00006b8e (0x29ff1f93) bseti   t6, t5, 31
core   0: 3 0x00006b8e (0x29ff1f93) x31 0xffffffff
core   0: 0x00006b92 (0x00000c16) c.slli  s8, 5
core   0: 3 0x00006b92 (0x0c16) x24 0xfffe4500
core   0: 0x00006b94 (0x09764363) blt     a2, s7, pc + 134
core   0: 3 0x00006b94 (0x09764363)
core   0: 0x00006b98 (0x00008152) c.mv    sp, s4
core   0: 3 0x00006b98 (0x8152) x2  0x00000001
core   0: 0x00006b9a (0x00008341) c.srli  a4, 16
core   0: 3 0x00006b9a (0x8341) x14 0x00000000
core   0: 0x00006b9c (0x000000ba) c.slli  ra, 14
core   0: 3 0x00006b9c (0x00ba) x1  0xfe980000
core   0: 0x00006b9e (0x00b5ebb3) or      s7, a1, a1
core   0: 3 0x00006b9e (0x00b5ebb3) x23 0x5affffe6
core   0: 0x00006ba2 (0x00008e49) c.or    a2, a0
core   0: 3 0x00006ba2 (0x8e49) x12 0x00000001
core   0: 0x00006ba4 (0x011f6233) or      tp, t5, a7
core   0: 3 0x00006ba4 (0x011f6233) x4  0x7fffffff
core   0: 0x00006ba8 (0x006bd1b3) srl     gp, s7, t1
core   0: 3 0x00006ba8 (0x006bd1b3) x3  0x5affffe6
core   0: 0x00006bac (0x85054693) xori    a3, a0, -1968
core   0: 3 0x00006bac (0x85054693) x13 0xfffff850
core   0: 0x00006bb0 (0x80000f37) lui     t5, 0x80000
core   0: 3 0x00006bb0 (0x80000f37) x30 0x80000000
core   0: 0x00006bb4 (0x00007fc1) c.lui   t6, 0xffff0
core   0: 3 0x00006bb4 (0x7fc1) x31 0xffff0000
core   0: 0x00006bb6 (0x00000f85) c.addi  t6, 1
core   0: 3 0x00006bb6 (0x0f85) x31 0xffff0001
core   0: 0x00006bb8 (0x0fff5fb3) czero.eqz t6, t5, t6
core   0: 3 0x00006bb8 (0x0fff5fb3) x31 0x80000000
core   0: 0x00006bbc (0x00008579) c.srai  a0, 30
core   0: 3 0x00006bbc (0x8579) x10 0x00000000
core   0: 0x00006bbe (0x07880963) beq     a6, s8, pc + 114
core   0: 3 0x00006bbe (0x07880963)
core   0: 0x00006bc2 (0x01bee2b3) or      t0, t4, s11
core   0: 3 0x00006bc2 (0x01bee2b3) x5  0x00012000
core   0: 0x00006bc6 (0x035cd833) divu    a6, s9, s5
core   0: 3 0x00006bc6 (0x035cd833) x16 0x00000000
core   0: 0x00006bca (0x00008e4d) c.or    a2, a1
core   0: 3 0x00006bca (0x8e4d) x12 0x5affffe7
core   0: 0x00006bcc (0x073ceb37) lui     s6, 0x73ce
core   0: 3 0x00006bcc (0x073ceb37) x22 0x073ce000
core   0: 0x00006bd0 (0x01ad0433) add     s0, s10, s10
core   0: 3 0x00006bd0 (0x01ad0433) x8  0x0002e5a8
core   0: 0x00006bd4 (0xd748b917) auipc   s2, 0xd748b
core   0: 3 0x00006bd4 (0xd748b917) x18 0xd7491bd4
core   0: 0x00006bd8 (0x013da033) slt     zero, s11, s3
core   0: 3 0x00006bd8 (0x013da033)
core   0: 0x00006bdc (0x000047c9) c.li    a5, 18
core   0: 3 0x00006bdc (0x47c9) x15 0x00000012
core   0: 0x00006bde (0xa5a5af37) lui     t5, 0xa5a5a
core   0: 3 0x00006bde (0xa5a5af37) x30 0xa5a5a000
core   0: 0x00006be2 (0x5a5f0f13) addi    t5, t5, 1445
core   0: 3 0x00006be2 (0x5a5f0f13) x30 0xa5a5a5a5
core   0: 0x00006be6 (0x00006fc1) c.lui   t6, 0x10
core   0: 3 0x00006be6 (0x6fc1) x31 0x00010000
core   0: 0x00006be8 (0x0fff7fb3) czero.nez t6, t5, t6
core   0: 3 0x00006be8 (0x0fff7fb3) x31 0x00000000
core   0: 0x00006bec (0x34041073) csrw    mscratch, s0
core   0: 3 0x00006bec (0x34041073) c832_mscratch 0x0002e5a8
core   0: 0x00006bf0 (0x00003417) auipc   s0, 0x3
core   0: 3 0x00006bf0 (0x00003417) x8  0x00009bf0
core   0: 0x00006bf4 (0xa9840413) addi    s0, s0, -1384
core   0: 3 0x00006bf4 (0xa9840413) x8  0x00009688
core   0: 0x00006bf8 (0x0000c004) c.sw    s1, 0(s0)
core   0: 3 0x00006bf8 (0xc004) mem 0x00009688 0x00000000
core   0: 0x00006bfa (0x00242223) sw      sp, 4(s0)
core   0: 3 0x00006bfa (0x00242223) mem 0x0000968c 0x00000001
core   0: 0x00006bfe (0x00840113) addi    sp, s0, 8
core   0: 3 0x00006bfe (0x00840113) x2  0x00009690
core   0: 0x00006c02 (0x0000c07e) c.swsp  t6, 0(sp)
core   0: 3 0x00006c02 (0xc07e) mem 0x00009690 0x00000000
core   0: 0x00006c04 (0x00004f02) c.lwsp  t5, 0(sp)
core   0: 3 0x00006c04 (0x4f02) x30 0x00000000 mem 0x00009690
core   0: 0x00006c06 (0x01f42423) sw      t6, 8(s0)
core   0: 3 0x00006c06 (0x01f42423) mem 0x00009690 0x00000000
core   0: 0x00006c0a (0x00004404) c.lw    s1, 8(s0)
core   0: 3 0x00006c0a (0x4404) x9  0x00000000 mem 0x00009690
core   0: 0x00006c0c (0x0000c404) c.sw    s1, 8(s0)
core   0: 3 0x00006c0c (0xc404) mem 0x00009690 0x00000000
core   0: 0x00006c0e (0x00442103) lw      sp, 4(s0)
core   0: 3 0x00006c0e (0x00442103) x2  0x00000001 mem 0x0000968c
core   0: 0x00006c12 (0x00004004) c.lw    s1, 0(s0)
core   0: 3 0x00006c12 (0x4004) x9  0x00000000 mem 0x00009688
core   0: 0x00006c14 (0x34002473) csrr    s0, mscratch
core   0: 3 0x00006c14 (0x34002473) x8  0x0002e5a8
core   0: 0x00006c18 (0x00008109) c.srli  a0, 2
core   0: 3 0x00006c18 (0x8109) x10 0x00000000
core   0: 0x00006c1a (0x00008cc6) c.mv    s9, a7
core   0: 3 0x00006c1a (0x8cc6) x25 0x000124b5
core   0: 0x00006c1c (0x02b18933) mul     s2, gp, a1
core   0: 3 0x00006c1c (0x02b18933) x18 0x840002a4
core   0: 0x00006c20 (0x0041f8b3) and     a7, gp, tp
core   0: 3 0x00006c20 (0x0041f8b3) x17 0x5affffe6
core   0: 0x00006c24 (0x00459433) sll     s0, a1, tp
core   0: 3 0x00006c24 (0x00459433) x8  0x00000000
core   0: 0x00006c28 (0x00001a1c) c.addi4spn a5, sp, 304
core   0: 3 0x00006c28 (0x1a1c) x15 0x00000131
core   0: 0x00006c2a (0x7ea3ce93) xori    t4, t2, 2026
core   0: 3 0x00006c2a (0x7ea3ce93) x29 0x0001235e
core   0: 0x00006c2e (0x0000966a) c.add   a2, s10
core   0: 3 0x00006c2e (0x966a) x12 0x5b0172bb
core   0: 0x00006c30 (0x59c36013) ori     zero, t1, 1436
core   0: 3 0x00006c30 (0x59c36013)
core   0: 0x00006c34 (0x00000001) c.nop
core   0: 3 0x00006c34 (0x0001)
core   0: 0x00006c36 (0x00004f01) c.li    t5, 0
core   0: 3 0x00006c36 (0x4f01) x30 0x00000000
core   0: 0x00006c38 (0x80000fb7) lui     t6, 0x80000
core   0: 3 0x00006c38 (0x80000fb7) x31 0x80000000
core   0: 0x00006c3c (0x00001ffd) c.addi  t6, -1
core   0: 3 0x00006c3c (0x1ffd) x31 0x7fffffff
core   0: 0x00006c3e (0x21ff2fb3) sh1add  t6, t5, t6
core   0: 3 0x00006c3e (0x21ff2fb3) x31 0x7fffffff
core   0: 0x00006c42 (0x0000527d) c.li    tp, -1
core   0: 3 0x00006c42 (0x527d) x4  0xffffffff
core   0: 0x00006c44 (0x000006ce) c.slli  a3, 19
core   0: 3 0x00006c44 (0x06ce) x13 0xc2800000
core   0: 0x00006c46 (0x9f97fa93) andi    s5, a5, -1543
core   0: 3 0x00006c46 (0x9f97fa93) x21 0x00000131
core   0: 0x00006c4a (0x0275bcb3) mulhu   s9, a1, t2
core   0: 3 0x00006c4a (0x0275bcb3) x25 0x0000680b
core   0: 0x00006c4e (0xbc90a013) slti    zero, ra, -1079
core   0: 3 0x00006c4e (0xbc90a013)
core   0: 0x00006c52 (0x0000887a) c.mv    a6, t5
core   0: 3 0x00006c52 (0x887a) x16 0x00000000
core   0: 0x00006c54 (0x00008d31) c.xor   a0, a2
core   0: 3 0x00006c54 (0x8d31) x10 0x5b0172bb
core   0: 0x00006c56 (0x00001b7d) c.addi  s6, -1
core   0: 3 0x00006c56 (0x1b7d) x22 0x073cdfff
core   0: 0x00006c58 (0x000067ed) c.lui   a5, 0x1b
core   0: 3 0x00006c58 (0x67ed) x15 0x0001b000
core   0: 0x00006c5a (0x418d5713) srai    a4, s10, 24
core   0: 3 0x00006c5a (0x418d5713) x14 0x00000000
core   0: 0x00006c5e (0x00007f41) c.lui   t5, 0xffff0
core   0: 3 0x00006c5e (0x7f41) x30 0xffff0000
core   0: 0x00006c60 (0x00000f05) c.addi  t5, 1
core   0: 3 0x00006c60 (0x0f05) x30 0xffff0001
core   0: 0x00006c62 (0x80000fb7) lui     t6, 0x80000
core   0: 3 0x00006c62 (0x80000fb7) x31 0x80000000
core   0: 0x00006c66 (0x21ff4fb3) sh2add  t6, t5, t6
core   0: 3 0x00006c66 (0x21ff4fb3) x31 0x7ffc0004
core   0: 0x00006c6a (0x00c6e033) or      zero, a3, a2
core   0: 3 0x00006c6a (0x00c6e033)
core   0: 0x00006c6e (0x9106c9b7) lui     s3, 0x9106c
core   0: 3 0x00006c6e (0x9106c9b7) x19 0x9106c000
core   0: 0x00006c72 (0x03da49b3) div     s3, s4, t4
core   0: 3 0x00006c72 (0x03da49b3) x19 0x00000000
core   0: 0x00006c76 (0x00008cd1) c.or    s1, a2
core   0: 3 0x00006c76 (0x8cd1) x9  0x5b0172bb
core   0: 0x00006c78 (0x00008d2d) c.xor   a0, a1
core   0: 3 0x00006c78 (0x8d2d) x10 0x01fe8d5d
core   0: 0x00006c7a (0x000085fd) c.srai  a1, 31
core   0: 3 0x00006c7a (0x85fd) x11 0x00000000
core   0: 0x00006c7c (0x00995133) srl     sp, s2, s1
core   0: 3 0x00006c7c (0x00995133) x2  0x00000010
core   0: 0x00006c80 (0x039f6eb3) rem     t4, t5, s9
core   0: 3 0x00006c80 (0x039f6eb3) x29 0xffffd017
core   0: 0x00006c84 (0xaccf2693) slti    a3, t5, -1332
core   0: 3 0x00006c84 (0xaccf2693) x13 0x00000001
core   0: 0x00006c88 (0x007ad833) srl     a6, s5, t2
core   0: 3 0x00006c88 (0x007ad833) x16 0x00000000
core   0: 0x00006c8c (0x00006f41) c.lui   t5, 0x10
core   0: 3 0x00006c8c (0x6f41) x30 0x00010000
core   0: 0x00006c8e (0xa5a5afb7) lui     t6, 0xa5a5a
core   0: 3 0x00006c8e (0xa5a5afb7) x31 0xa5a5a000
core   0: 0x00006c92 (0x5a5f8f93) addi    t6, t6, 1445
core   0: 3 0x00006c92 (0x5a5f8f93) x31 0xa5a5a5a5
core   0: 0x00006c96 (0x21ff6fb3) sh3add  t6, t5, t6
core   0: 3 0x00006c96 (0x21ff6fb3) x31 0xa5ada5a5
core   0: 0x00006c9a (0x0000055e) c.slli  a0, 23
core   0: 3 0x00006c9a (0x055e) x10 0xae800000
core   0: 0x00006c9c (0x41d8d433) sra     s0, a7, t4
core   0: 3 0x00006c9c (0x41d8d433) x8  0x000000b5
core   0: 0x00006ca0 (0x416c2513) slti    a0, s8, 1046
core   0: 3 0x00006ca0 (0x416c2513) x10 0x00000001
core   0: 0x00006ca4 (0x000008cd) c.addi  a7, 19
core   0: 3 0x00006ca4 (0x08cd) x17 0x5afffff9
core   0: 0x00006ca6 (0x000005a6) c.slli  a1, 9
core   0: 3 0x00006ca6 (0x05a6) x11 0x00000000
core   0: 0x00006ca8 (0x037cc033) div     zero, s9, s7
core   0: 3 0x00006ca8 (0x037cc033)
core   0: 0x00006cac (0x00babab3) sltu    s5, s5, a1
core   0: 3 0x00006cac (0x00babab3) x21 0x00000000
core   0: 0x00006cb0 (0x06256663) bltu    a0, sp, pc + 108
core   0: 3 0x00006cb0 (0x06256663)
core   0: 0x00006d1c (0x00ff06b3) add     a3, t5, a5
core   0: 3 0x00006d1c (0x00ff06b3) x13 0x0002b000
core   0: 0x00006d20 (0x023bedb3) rem     s11, s7, gp
core   0: 3 0x00006d20 (0x023bedb3) x27 0x00000000
core   0: 0x00006d24 (0x00008ea1) c.xor   a3, s0
core   0: 3 0x00006d24 (0x8ea1) x13 0x0002b0b5
core   0: 0x00006d26 (0xad1eb893) sltiu   a7, t4, -1327
core   0: 3 0x00006d26 (0xad1eb893) x17 0x00000001
core   0: 0x00006d2a (0xa5a5af37) lui     t5, 0xa5a5a
core   0: 3 0x00006d2a (0xa5a5af37) x30 0xa5a5a000
core   0: 0x00006d2e (0x5a5f0f13) addi    t5, t5, 1445
core   0: 3 0x00006d2e (0x5a5f0f13) x30 0xa5a5a5a5
core   0: 0x00006d32 (0x00006fc1) c.lui   t6, 0x10
core   0: 3 0x00006d32 (0x6fc1) x31 0x00010000
core   0: 0x00006d34 (0x41ff4fb3) xnor    t6, t5, t6
core   0: 3 0x00006d34 (0x41ff4fb3) x31 0x5a5b5a5a
core   0: 0x00006d38 (0xc98aa813) slti    a6, s5, -872
core   0: 3 0x00006d38 (0xc98aa813) x16 0x00000000
core   0: 0x00006d3c (0x00b98ab3) add     s5, s3, a1
core   0: 3 0x00006d3c (0x00b98ab3) x21 0x00000000
core   0: 0x00006d40 (0x00004191) c.li    gp, 4
core   0: 3 0x00006d40 (0x4191) x3  0x00000004
core   0: 0x00006d42 (0x0382fd63) bgeu    t0, s8, pc + 58
core   0: 3 0x00006d42 (0x0382fd63)
core   0: 0x00006d46 (0x00700033) add     zero, zero, t2
core   0: 3 0x00006d46 (0x00700033)
core   0: 0x00006d4a (0x02890a33) mul     s4, s2, s0
core   0: 3 0x00006d4a (0x02890a33) x20 0x5401ddf4
core   0: 0x00006d4e (0x05d8d463) bge     a7, t4, pc + 72
core   0: 3 0x00006d4e (0x05d8d463)
core   0: 0x00006d96 (0x02722533) mulhsu  a0, tp, t2
core   0: 3 0x00006d96 (0x02722533) x10 0xffffffff
core   0: 0x00006d9a (0x0000c81d) c.beqz  s0, pc + 54
core   0: 3 0x00006d9a (0xc81d)
core   0: 0x00006d9c (0x00000001) c.nop
core   0: 3 0x00006d9c (0x0001)
core   0: 0x00006d9e (0x02509bb3) mulh    s7, ra, t0
core   0: 3 0x00006d9e (0x02509bb3) x23 0xfffffe6b
core   0: 0x00006da2 (0x00006131) c.addi16sp sp, 320
core   0: 3 0x00006da2 (0x6131) x2  0x00000150
core   0: 0x00006da4 (0x00d87033) and     zero, a6, a3
core   0: 3 0x00006da4 (0x00d87033)
core   0: 0x00006da8 (0x00312033) slt     zero, sp, gp
core   0: 3 0x00006da8 (0x00312033)
core   0: 0x00006dac (0x0000611d) c.addi16sp sp, 416
core   0: 3 0x00006dac (0x611d) x2  0x000002f0
core   0: 0x00006dae (0x064a6163) bltu    s4, tp, pc + 98
core   0: 3 0x00006dae (0x064a6163)
core   0: 0x00006e10 (0xe4c0e513) ori     a0, ra, -436
core   0: 3 0x00006e10 (0xe4c0e513) x10 0xfffffe4c
core   0: 0x00006e14 (0x45782013) slti    zero, a6, 1111
core   0: 3 0x00006e14 (0x45782013)
core   0: 0x00006e18 (0x03344bb3) div     s7, s0, s3
core   0: 3 0x00006e18 (0x03344bb3) x23 0xffffffff
core   0: 0x00006e1c (0x03ac17b3) mulh    a5, s8, s10
core   0: 3 0x00006e1c (0x03ac17b3) x15 0xfffffffd
core   0: 0x00006e20 (0x0267f563) bgeu    a5, t1, pc + 42
core   0: 3 0x00006e20 (0x0267f563)
core   0: 0x00006e4a (0x63b30037) lui     zero, 0x63b30
core   0: 3 0x00006e4a (0x63b30037)
core   0: 0x00006e4e (0x0341e763) bltu    gp, s4, pc + 46
core   0: 3 0x00006e4e (0x0341e763)
core   0: 0x00006e7c (0x412c0233) sub     tp, s8, s2
core   0: 3 0x00006e7c (0x412c0233) x4  0x7bfe425c
core   0: 0x00006e80 (0x00008545) c.srai  a0, 17
core   0: 3 0x00006e80 (0x8545) x10 0xffffffff
core   0: 0x00006e82 (0x00000001) c.nop
core   0: 3 0x00006e82 (0x0001)
core   0: 0x00006e84 (0x06ba5563) bge     s4, a1, pc + 106
core   0: 3 0x00006e84 (0x06ba5563)
core   0: 0x00006eee (0x1e580793) addi    a5, a6, 485
core   0: 3 0x00006eee (0x1e580793) x15 0x000001e5
core   0: 0x00006ef2 (0x017b55b3) srl     a1, s6, s7
core   0: 3 0x00006ef2 (0x017b55b3) x11 0x00000000
core   0: 0x00006ef6 (0x00006f41) c.lui   t5, 0x10
core   0: 3 0x00006ef6 (0x6f41) x30 0x00010000
core   0: 0x00006ef8 (0xa5a5afb7) lui     t6, 0xa5a5a
core   0: 3 0x00006ef8 (0xa5a5afb7) x31 0xa5a5a000
core   0: 0x00006efc (0x5a5f8f93) addi    t6, t6, 1445
core   0: 3 0x00006efc (0x5a5f8f93) x31 0xa5a5a5a5
core   0: 0x00006f00 (0x605f1f93) sext.h  t6, t5
core   0: 3 0x00006f00 (0x605f1f93) x31 0x00000000
core   0: 0x00006f04 (0x340f1073) csrw    mscratch, t5
core   0: 3 0x00006f04 (0x340f1073) c832_mscratch 0x00010000
core   0: 0x00006f08 (0x34002ff3) csrr    t6, mscratch
core   0: 3 0x00006f08 (0x34002ff3) x31 0x00010000
core   0: 0x00006f0c (0x34003ff3) csrrc   t6, mscratch, zero
core   0: 3 0x00006f0c (0x34003ff3) x31 0x00010000
core   0: 0x00006f10 (0x00008db5) c.xor   a1, a3
core   0: 3 0x00006f10 (0x8db5) x11 0x0002b0b5
core   0: 0x00006f12 (0xd4622293) slti    t0, tp, -698
core   0: 3 0x00006f12 (0xd4622293) x5  0x00000000
core   0: 0x00006f16 (0x0210d533) divu    a0, ra, ra
core   0: 3 0x00006f16 (0x0210d533) x10 0x00000001
core   0: 0x00006f1a (0x05c59a63) bne     a1, t3, pc + 84
core   0: 3 0x00006f1a (0x05c59a63)
core   0: 0x00006f6e (0x09d47513) andi    a0, s0, 157
core   0: 3 0x00006f6e (0x09d47513) x10 0x00000095
core   0: 0x00006f72 (0x00008d4d) c.or    a0, a1
core   0: 3 0x00006f72 (0x8d4d) x10 0x0002b0b5
core   0: 0x00006f74 (0x03ad5933) divu    s2, s10, s10
core   0: 3 0x00006f74 (0x03ad5933) x18 0x00000001
core   0: 0x00006f78 (0x1c1eb313) sltiu   t1, t4, 449
core   0: 3 0x00006f78 (0x1c1eb313) x6  0x00000000
core   0: 0x00006f7c (0x02b76163) bltu    a4, a1, pc + 34
core   0: 3 0x00006f7c (0x02b76163)
core   0: 0x00006f9e (0x00008e8d) c.sub   a3, a1
core   0: 3 0x00006f9e (0x8e8d) x13 0x00000000
core   0: 0x00006fa0 (0x440b3013) sltiu   zero, s6, 1088
core   0: 3 0x00006fa0 (0x440b3013)
core   0: 0x00006fa4 (0x00008ed1) c.or    a3, a2
core   0: 3 0x00006fa4 (0x8ed1) x13 0x5b0172bb
core   0: 0x00006fa6 (0x00008792) c.mv    a5, tp
core   0: 3 0x00006fa6 (0x8792) x15 0x7bfe425c
core   0: 0x00006fa8 (0x09e4d063) bge     s1, t5, pc + 128
core   0: 3 0x00006fa8 (0x09e4d063)
core   0: 0x00007028 (0x02dafb63) bgeu    s5, a3, pc + 54
core   0: 3 0x00007028 (0x02dafb63)
core   0: 0x0000702c (0x55748097) auipc   ra, 0x55748
core   0: 3 0x0000702c (0x55748097) x1  0x5574f02c
core   0: 0x00007030 (0x0132e6b3) or      a3, t0, s3
core   0: 3 0x00007030 (0x0132e6b3) x13 0x00000000
core   0: 0x00007034 (0x0338cd63) blt     a7, s3, pc + 58
core   0: 3 0x00007034 (0x0338cd63)
core   0: 0x00007038 (0x00000175) c.addi  sp, 29
core   0: 3 0x00007038 (0x0175) x2  0x0000030d
core   0: 0x0000703a (0x00008eed) c.and   a3, a1
core   0: 3 0x0000703a (0x8eed) x13 0x00000000
core   0: 0x0000703c (0x00008c92) c.mv    s9, tp
core   0: 3 0x0000703c (0x8c92) x25 0x7bfe425c
core   0: 0x0000703e (0x00009bfd) c.andi  a5, -1
core   0: 3 0x0000703e (0x9bfd) x15 0x7bfe425c
core   0: 0x00007040 (0x00006f41) c.lui   t5, 0x10
core   0: 3 0x00007040 (0x6f41) x30 0x00010000
core   0: 0x00007042 (0xa5a5afb7) lui     t6, 0xa5a5a
core   0: 3 0x00007042 (0xa5a5afb7) x31 0xa5a5a000
core   0: 0x00007046 (0x5a5f8f93) addi    t6, t6, 1445
core   0: 3 0x00007046 (0x5a5f8f93) x31 0xa5a5a5a5
core   0: 0x0000704a (0x698f5f93) rev8.rv32 (args unknown)
core   0: 3 0x0000704a (0x698f5f93) x31 0x00000100
core   0: 0x0000704e (0xceaaec93) ori     s9, s5, -790
core   0: 3 0x0000704e (0xceaaec93) x25 0xfffffcea
core   0: 0x00007052 (0x407f4713) xori    a4, t5, 1031
core   0: 3 0x00007052 (0x407f4713) x14 0x00010407
core   0: 0x00007056 (0x01239713) slli    a4, t2, 18
core   0: 3 0x00007056 (0x01239713) x14 0x92d00000
core   0: 0x0000705a (0x0145ffb3) and     t6, a1, s4
core   0: 3 0x0000705a (0x0145ffb3) x31 0x000090b4
core   0: 0x0000705e (0x04e66c63) bltu    a2, a4, pc + 88
core   0: 3 0x0000705e (0x04e66c63)
core   0: 0x000070b6 (0x0360f463) bgeu    ra, s6, pc + 40
core   0: 3 0x000070b6 (0x0360f463)
core   0: 0x000070de (0x001ca433) slt     s0, s9, ra
core   0: 3 0x000070de (0x001ca433) x8  0x00000001
core   0: 0x000070e2 (0x23716693) ori     a3, sp, 567
core   0: 3 0x000070e2 (0x23716693) x13 0x0000033f
core   0: 0x000070e6 (0xe4497037) lui     zero, 0xe4497
core   0: 3 0x000070e6 (0xe4497037)
core   0: 0x000070ea (0x053a9263) bne     s5, s3, pc + 68
core   0: 3 0x000070ea (0x053a9263)
core   0: 0x000070ee (0x00008151) c.srli  a0, 20
core   0: 3 0x000070ee (0x8151) x10 0x00000000
core   0: 0x000070f0 (0x00000001) c.nop
core   0: 3 0x000070f0 (0x0001)
core   0: 0x000070f2 (0x4042d033) sra     zero, t0, tp
core   0: 3 0x000070f2 (0x4042d033)
core   0: 0x000070f6 (0x00ecd2b3) srl     t0, s9, a4
core   0: 3 0x000070f6 (0x00ecd2b3) x5  0xfffffcea
core   0: 0x000070fa (0x0108a033) slt     zero, a7, a6
core   0: 3 0x000070fa (0x0108a033)
core   0: 0x000070fe (0x00004f01) c.li    t5, 0
core   0: 3 0x000070fe (0x4f01) x30 0x00000000
core   0: 0x00007100 (0x80000fb7) lui     t6, 0x80000
core   0: 3 0x00007100 (0x80000fb7) x31 0x80000000
core   0: 0x00007104 (0x00001ffd) c.addi  t6, -1
core   0: 3 0x00007104 (0x1ffd) x31 0x7fffffff
core   0: 0x00007106 (0x29ff1fb3) bset    t6, t5, t6
core   0: 3 0x00007106 (0x29ff1fb3) x31 0x80000000
core   0: 0x0000710a (0x34009073) csrw    mscratch, ra
core   0: 3 0x0000710a (0x34009073) c832_mscratch 0x5574f02c
core   0: 0x0000710e (0x00002009) c.jal   pc + 2
core   0: 3 0x0000710e (0x2009) x1  0x00007110
core   0: 0x00007110 (0x004000ef) jal     pc + 0x4
core   0: 3 0x00007110 (0x004000ef) x1  0x00007114
core   0: 0x00007114 (0x004000ef) jal     pc + 0x4
core   0: 3 0x00007114 (0x004000ef) x1  0x00007118
core   0: 0x00007118 (0x00000097) auipc   ra, 0x0
core   0: 3 0x00007118 (0x00000097) x1  0x00007118
core   0: 0x0000711c (0x00c08093) addi    ra, ra, 12
core   0: 3 0x0000711c (0x00c08093) x1  0x00007124
core   0: 0x00007120 (0x00008067) ret
core   0: 3 0x00007120 (0x00008067)
core   0: 0x00007124 (0x340020f3) csrr    ra, mscratch
core   0: 3 0x00007124 (0x340020f3) x1  0x5574f02c
core   0: 0x00007128 (0x00000001) c.nop
core   0: 3 0x00007128 (0x0001)
core   0: 0x0000712a (0x01027b33) and     s6, tp, a6
core   0: 3 0x0000712a (0x01027b33) x22 0x00000000
core   0: 0x0000712e (0x90d3a993) slti    s3, t2, -1779
core   0: 3 0x0000712e (0x90d3a993) x19 0x00000000
core   0: 0x00007132 (0x02ccfa63) bgeu    s9, a2, pc + 52
core   0: 3 0x00007132 (0x02ccfa63)
core   0: 0x00007166 (0x000064d1) c.lui   s1, 0x14
core   0: 3 0x00007166 (0x64d1) x9  0x00014000
core   0: 0x00007168 (0x40a9da13) srai    s4, s3, 10
core   0: 3 0x00007168 (0x40a9da13) x20 0x00000000
core   0: 0x0000716c (0x01906c33) or      s8, zero, s9
core   0: 3 0x0000716c (0x01906c33) x24 0xfffffcea
core   0: 0x00007170 (0x00b07533) and     a0, zero, a1
core   0: 3 0x00007170 (0x00b07533) x10 0x00000000
core   0: 0x00007174 (0x6dfa6093) ori     ra, s4, 1759
core   0: 3 0x00007174 (0x6dfa6093) x1  0x000006df
core   0: 0x00007178 (0x00006f41) c.lui   t5, 0x10
core   0: 3 0x00007178 (0x6f41) x30 0x00010000
core   0: 0x0000717a (0xa5a5afb7) lui     t6, 0xa5a5a
core   0: 3 0x0000717a (0xa5a5afb7) x31 0xa5a5a000
core   0: 0x0000717e (0x5a5f8f93) addi    t6, t6, 1445
core   0: 3 0x0000717e (0x5a5f8f93) x31 0xa5a5a5a5
core   0: 0x00007182 (0x48ff5f93) bexti   t6, t5, 15
core   0: 3 0x00007182 (0x48ff5f93) x31 0x00000000
core   0: 0x00007186 (0x03c9e7b3) rem     a5, s3, t3
core   0: 3 0x00007186 (0x03c9e7b3) x15 0x00000000
core   0: 0x0000718a (0x000050fd) c.li    ra, -1
core   0: 3 0x0000718a (0x50fd) x1  0xffffffff
core   0: 0x0000718c (0x01433833) sltu    a6, t1, s4
core   0: 3 0x0000718c (0x01433833) x16 0x00000000
core   0: 0x00007190 (0x00009a7d) c.andi  a2, -1
core   0: 3 0x00007190 (0x9a7d) x12 0x5b0172bb
core   0: 0x00007192 (0x00a80463) beq     a6, a0, pc + 8
core   0: 3 0x00007192 (0x00a80463)
core   0: 0x0000719a (0x00008c42) c.mv    s8, a6
core   0: 3 0x0000719a (0x8c42) x24 0x00000000
core   0: 0x0000719c (0x03b26963) bltu    tp, s11, pc + 50
core   0: 3 0x0000719c (0x03b26963)
core   0: 0x000071a0 (0x403ed013) srai    zero, t4, 3
core   0: 3 0x000071a0 (0x403ed013)
core   0: 0x000071a4 (0x01250033) add     zero, a0, s2
core   0: 3 0x000071a4 (0x01250033)
core   0: 0x000071a8 (0x80000f37) lui     t5, 0x80000
core   0: 3 0x000071a8 (0x80000f37) x30 0x80000000
core   0: 0x000071ac (0x00001f7d) c.addi  t5, -1
core   0: 3 0x000071ac (0x1f7d) x30 0x7fffffff
core   0: 0x000071ae (0x00004f81) c.li    t6, 0
core   0: 3 0x000071ae (0x4f81) x31 0x00000000
core   0: 0x000071b0 (0x680f1f93) binvi   t6, t5, 0
core   0: 3 0x000071b0 (0x680f1f93) x31 0x7ffffffe
core   0: 0x000071b4 (0x017eb133) sltu    sp, t4, s7
core   0: 3 0x000071b4 (0x017eb133) x2  0x00000001
core   0: 0x000071b8 (0x01dd4533) xor     a0, s10, t4
core   0: 3 0x000071b8 (0x01dd4533) x10 0xfffea2c3
core   0: 0x000071bc (0x4077de93) srai    t4, a5, 7
core   0: 3 0x000071bc (0x4077de93) x29 0x00000000
core   0: 0x000071c0 (0x02b228b3) mulhsu  a7, tp, a1
core   0: 3 0x000071c0 (0x02b228b3) x17 0x00014d92
core   0: 0x000071c4 (0x00009b36) c.add   s6, a3
core   0: 3 0x000071c4 (0x9b36) x22 0x0000033f
core   0: 0x000071c6 (0x0361a433) mulhsu  s0, gp, s6
core   0: 3 0x000071c6 (0x0361a433) x8  0x00000000
core   0: 0x000071ca (0x05907263) bgeu    zero, s9, pc + 68
core   0: 3 0x000071ca (0x05907263)
core   0: 0x000071ce (0x00001908) c.addi4spn a0, sp, 176
core   0: 3 0x000071ce (0x1908) x10 0x000000b1
core   0: 0x000071d0 (0x08310363) beq     sp, gp, pc + 134
core   0: 3 0x000071d0 (0x08310363)
core   0: 0x000071d4 (0x0325d1b3) divu    gp, a1, s2
core   0: 3 0x000071d4 (0x0325d1b3) x3  0x0002b0b5
core   0: 0x000071d8 (0x80000f37) lui     t5, 0x80000
core   0: 3 0x000071d8 (0x80000f37) x30 0x80000000
core   0: 0x000071dc (0x00007fc1) c.lui   t6, 0xffff0
core   0: 3 0x000071dc (0x7fc1) x31 0xffff0000
core   0: 0x000071de (0x00000f85) c.addi  t6, 1
core   0: 3 0x000071de (0x0f85) x31 0xffff0001
core   0: 0x000071e0 (0x29ff1f93) bseti   t6, t5, 31
core   0: 3 0x000071e0 (0x29ff1f93) x31 0x80000000
core   0: 0x000071e4 (0x34009073) csrw    mscratch, ra
core   0: 3 0x000071e4 (0x34009073) c832_mscratch 0xffffffff
core   0: 0x000071e8 (0x008000ef) jal     pc + 0x8
core   0: 3 0x000071e8 (0x008000ef) x1  0x000071ec
core   0: 0x000071f0 (0x340020f3) csrr    ra, mscratch
core   0: 3 0x000071f0 (0x340020f3) x1  0xffffffff
core   0: 0x000071f4 (0x0000874d) c.srai  a4, 19
core   0: 3 0x000071f4 (0x874d) x14 0xfffff25a
core   0: 0x000071f6 (0x013aa5b3) slt     a1, s5, s3
core   0: 3 0x000071f6 (0x013aa5b3) x11 0x00000000
core   0: 0x000071fa (0x0218a5b3) mulhsu  a1, a7, ra
core   0: 3 0x000071fa (0x0218a5b3) x11 0x00014d91
core   0: 0x000071fe (0x00000001) c.nop
core   0: 3 0x000071fe (0x0001)
core   0: 0x00007200 (0x03192cb3) mulhsu  s9, s2, a7
core   0: 3 0x00007200 (0x03192cb3) x25 0x00000000
core   0: 0x00007204 (0xa2d2ff97) auipc   t6, 0xa2d2f
core   0: 3 0x00007204 (0xa2d2ff97) x31 0xa2d36204
core   0: 0x00007208 (0x00aa42b3) xor     t0, s4, a0
core   0: 3 0x00007208 (0x00aa42b3) x5  0x000000b1
core   0: 0x0000720c (0x0000c73d) c.beqz  a4, pc + 110
core   0: 3 0x0000720c (0xc73d)
core   0: 0x0000720e (0x07696363) bltu    s2, s6, pc + 102
core   0: 3 0x0000720e (0x07696363)
core   0: 0x00007274 (0x004aa533) slt     a0, s5, tp
core   0: 3 0x00007274 (0x004aa533) x10 0x00000001
core   0: 0x00007278 (0x00008d15) c.sub   a0, a3
core   0: 3 0x00007278 (0x8d15) x10 0xfffffcc2
core   0: 0x0000727a (0x04125f63) bge     tp, ra, pc + 94
core   0: 3 0x0000727a (0x04125f63)
core   0: 0x000072d8 (0x03535663) bge     t1, s5, pc + 44
core   0: 3 0x000072d8 (0x03535663)
core   0: 0x00007304 (0x408ede33) sra     t3, t4, s0
core   0: 3 0x00007304 (0x408ede33) x28 0x00000000
core   0: 0x00007308 (0x01f0f433) and     s0, ra, t6
core   0: 3 0x00007308 (0x01f0f433) x8  0xa2d36204
core   0: 0x0000730c (0x0154d233) srl     tp, s1, s5
core   0: 3 0x0000730c (0x0154d233) x4  0x00014000
core   0: 0x00007310 (0x03b510b3) mulh    ra, a0, s11
core   0: 3 0x00007310 (0x03b510b3) x1  0x00000000
core   0: 0x00007314 (0x00008d29) c.xor   a0, a0
core   0: 3 0x00007314 (0x8d29) x10 0x00000000
core   0: 0x00007316 (0x00001e90) c.addi4spn a2, sp, 880
core   0: 3 0x00007316 (0x1e90) x12 0x00000371
core   0: 0x00007318 (0x40975833) sra     a6, a4, s1
core   0: 3 0x00007318 (0x40975833) x16 0xfffff25a
core   0: 0x0000731c (0x0297e763) bltu    a5, s1, pc + 46
core   0: 3 0x0000731c (0x0297e763)
core   0: 0x0000734a (0x02a4c4b3) div     s1, s1, a0
core   0: 3 0x0000734a (0x02a4c4b3) x9  0xffffffff
core   0: 0x0000734e (0x00b71013) slli    zero, a4, 11
core   0: 3 0x0000734e (0x00b71013)
core   0: 0x00007352 (0x00f09bb3) sll     s7, ra, a5
core   0: 3 0x00007352 (0x00f09bb3) x23 0x00000000
core   0: 0x00007356 (0x02806b33) rem     s6, zero, s0
core   0: 3 0x00007356 (0x02806b33) x22 0x00000000
core   0: 0x0000735a (0x00551db3) sll     s11, a0, t0
core   0: 3 0x0000735a (0x00551db3) x27 0x00000000
core   0: 0x0000735e (0xa5a5af37) lui     t5, 0xa5a5a
core   0: 3 0x0000735e (0xa5a5af37) x30 0xa5a5a000
core   0: 0x00007362 (0x5a5f0f13) addi    t5, t5, 1445
core   0: 3 0x00007362 (0x5a5f0f13) x30 0xa5a5a5a5
core   0: 0x00007366 (0x00006fc1) c.lui   t6, 0x10
core   0: 3 0x00007366 (0x6fc1) x31 0x00010000
core   0: 0x00007368 (0x41ff6fb3) orn     t6, t5, t6
core   0: 3 0x00007368 (0x41ff6fb3) x31 0xffffffff
core   0: 0x0000736c (0x03d59e63) bne     a1, t4, pc + 60
core   0: 3 0x0000736c (0x03d59e63)
core   0: 0x000073a8 (0xa34a0293) addi    t0, s4, -1484
core   0: 3 0x000073a8 (0xa34a0293) x5  0xfffffa34
core   0: 0x000073ac (0x00000d99) c.addi  s11, 6
core   0: 3 0x000073ac (0x0d99) x27 0x00000006
core   0: 0x000073ae (0x02ccf063) bgeu    s9, a2, pc + 32
core   0: 3 0x000073ae (0x02ccf063)
core   0: 0x000073b2 (0x40695333) sra     t1, s2, t1
core   0: 3 0x000073b2 (0x40695333) x6  0x00000001
core   0: 0x000073b6 (0x02e2b433) mulhu   s0, t0, a4
core   0: 3 0x000073b6 (0x02e2b433) x8  0xffffec8e
core   0: 0x000073ba (0x00007f41) c.lui   t5, 0xffff0
core   0: 3 0x000073ba (0x7f41) x30 0xffff0000
core   0: 0x000073bc (0x00000f05) c.addi  t5, 1
core   0: 3 0x000073bc (0x0f05) x30 0xffff0001
core   0: 0x000073be (0x80000fb7) lui     t6, 0x80000
core   0: 3 0x000073be (0x80000fb7) x31 0x80000000
core   0: 0x000073c2 (0x600f1f93) clz     t6, t5
core   0: 3 0x000073c2 (0x600f1f93) x31 0x00000000
core   0: 0x000073c6 (0x51aab493) sltiu   s1, s5, 1306
core   0: 3 0x000073c6 (0x51aab493) x9  0x00000001
core   0: 0x000073ca (0x00000001) c.nop
core   0: 3 0x000073ca (0x0001)
core   0: 0x000073cc (0x00000001) c.nop
core   0: 3 0x000073cc (0x0001)
core   0: 0x000073ce (0x00e5c033) xor     zero, a1, a4
core   0: 3 0x000073ce (0x00e5c033)
core   0: 0x000073d2 (0x4051dc93) srai    s9, gp, 5
core   0: 3 0x000073d2 (0x4051dc93) x25 0x00001585
core   0: 0x000073d6 (0x013cd213) srli    tp, s9, 19
core   0: 3 0x000073d6 (0x013cd213) x4  0x00000000
core   0: 0x000073da (0x0247a033) mulhsu  zero, a5, tp
core   0: 3 0x000073da (0x0247a033)
core   0: 0x000073de (0x09ac4063) blt     s8, s10, pc + 128
core   0: 3 0x000073de (0x09ac4063)
core   0: 0x0000745e (0x03702e33) mulhsu  t3, zero, s7
core   0: 3 0x0000745e (0x03702e33) x28 0x00000000
core   0: 0x00007462 (0x000082a5) c.srli  a3, 9
core   0: 3 0x00007462 (0x82a5) x13 0x00000001
core   0: 0x00007464 (0x00008d11) c.sub   a0, a2
core   0: 3 0x00007464 (0x8d11) x10 0xfffffc8f
core   0: 0x00007466 (0x40805033) sra     zero, zero, s0
core   0: 3 0x00007466 (0x40805033)
core   0: 0x0000746a (0x039339b3) mulhu   s3, t1, s9
core   0: 3 0x0000746a (0x039339b3) x19 0x00000000
core   0: 0x0000746e (0x013f35b3) sltu    a1, t5, s3
core   0: 3 0x0000746e (0x013f35b3) x11 0x00000000
core   0: 0x00007472 (0x80000f37) lui     t5, 0x80000
core   0: 3 0x00007472 (0x80000f37) x30 0x80000000
core   0: 0x00007476 (0x00007fc1) c.lui   t6, 0xffff0
core   0: 3 0x00007476 (0x7fc1) x31 0xffff0000
core   0: 0x00007478 (0x00000f85) c.addi  t6, 1
core   0: 3 0x00007478 (0x0f85) x31 0xffff0001
core   0: 0x0000747a (0x0bff4fb3) min     t6, t5, t6
core   0: 3 0x0000747a (0x0bff4fb3) x31 0x80000000
core   0: 0x0000747e (0x75eaaf93) slti    t6, s5, 1886
core   0: 3 0x0000747e (0x75eaaf93) x31 0x00000001
core   0: 0x00007482 (0x02440333) mul     t1, s0, tp
core   0: 3 0x00007482 (0x02440333) x6  0x00000000
core   0: 0x00007486 (0x00d82b33) slt     s6, a6, a3
core   0: 3 0x00007486 (0x00d82b33) x22 0x00000001
core   0: 0x0000748a (0xcdf47a13) andi    s4, s0, -801
core   0: 3 0x0000748a (0xcdf47a13) x20 0xffffec8e
core   0: 0x0000748e (0x00005cfd) c.li    s9, -1
core   0: 3 0x0000748e (0x5cfd) x25 0xffffffff
core   0: 0x00007490 (0x00000001) c.nop
core   0: 3 0x00007490 (0x0001)
core   0: 0x00007492 (0x00008d51) c.or    a0, a2
core   0: 3 0x00007492 (0x8d51) x10 0xffffffff
core   0: 0x00007494 (0xca270293) addi    t0, a4, -862
core   0: 3 0x00007494 (0xca270293) x5  0xffffeefc
core   0: 0x00007498 (0x415f0033) sub     zero, t5, s5
core   0: 3 0x00007498 (0x415f0033)
core   0: 0x0000749c (0x00009afd) c.andi  a3, -1
core   0: 3 0x0000749c (0x9afd) x13 0x00000001
core   0: 0x0000749e (0xa5a5af37) lui     t5, 0xa5a5a
core   0: 3 0x0000749e (0xa5a5af37) x30 0xa5a5a000
core   0: 0x000074a2 (0x5a5f0f13) addi    t5, t5, 1445
core   0: 3 0x000074a2 (0x5a5f0f13) x30 0xa5a5a5a5
core   0: 0x000074a6 (0x00006fc1) c.lui   t6, 0x10
core   0: 3 0x000074a6 (0x6fc1) x31 0x00010000
core   0: 0x000074a8 (0x0bff5fb3) minu    t6, t5, t6
core   0: 3 0x000074a8 (0x0bff5fb3) x31 0x00010000
core   0: 0x000074ac (0x00008d6d) c.and   a0, a1
core   0: 3 0x000074ac (0x8d6d) x10 0x00000000
core   0: 0x000074ae (0xffe3c737) lui     a4, 0xffe3c
core   0: 3 0x000074ae (0xffe3c737) x14 0xffe3c000
core   0: 0x000074b2 (0x0155f5b3) and     a1, a1, s5
core   0: 3 0x000074b2 (0x0155f5b3) x11 0x00000000
core   0: 0x000074b6 (0x02f7a133) mulhsu  sp, a5, a5
core   0: 3 0x000074b6 (0x02f7a133) x2  0x00000000
core   0: 0x000074ba (0x00008f25) c.xor   a4, s1
core   0: 3 0x000074ba (0x8f25) x14 0xffe3c001
core   0: 0x000074bc (0x0255a333) mulhsu  t1, a1, t0
core   0: 3 0x000074bc (0x0255a333) x6  0x00000000
core   0: 0x000074c0 (0x02b38563) beq     t2, a1, pc + 42
core   0: 3 0x000074c0 (0x02b38563)
core   0: 0x000074c4 (0x0000c2a9) c.beqz  a3, pc + 66
core   0: 3 0x000074c4 (0xc2a9)
core   0: 0x000074c6 (0x0000717d) c.addi16sp sp, -16
core   0: 3 0x000074c6 (0x717d) x2  0xfffffff0
core   0: 0x000074c8 (0x6419b293) sltiu   t0, s3, 1601
core   0: 3 0x000074c8 (0x6419b293) x5  0x00000001
core   0: 0x000074cc (0x00004f01) c.li    t5, 0
core   0: 3 0x000074cc (0x4f01) x30 0x00000000
core   0: 0x000074ce (0x80000fb7) lui     t6, 0x80000
core   0: 3 0x000074ce (0x80000fb7) x31 0x80000000
core   0: 0x000074d2 (0x00001ffd) c.addi  t6, -1
core   0: 3 0x000074d2 (0x1ffd) x31 0x7fffffff
core   0: 0x000074d4 (0x0bff6fb3) max     t6, t5, t6
core   0: 3 0x000074d4 (0x0bff6fb3) x31 0x7fffffff
core   0: 0x000074d8 (0x00000001) c.nop
core   0: 3 0x000074d8 (0x0001)
core   0: 0x000074da (0x00008969) c.andi  a0, 26
core   0: 3 0x000074da (0x8969) x10 0x00000000
core   0: 0x000074dc (0x016715b3) sll     a1, a4, s6
core   0: 3 0x000074dc (0x016715b3) x11 0xffc78002
core   0: 0x000074e0 (0x03afcd63) blt     t6, s10, pc + 58
core   0: 3 0x000074e0 (0x03afcd63)
core   0: 0x000074e4 (0x01cad093) srli    ra, s5, 28
core   0: 3 0x000074e4 (0x01cad093) x1  0x00000000
core   0: 0x000074e8 (0x0000c151) c.beqz  a0, pc + 132
core   0: 3 0x000074e8 (0xc151)
core   0: 0x0000756c (0x922e3013) sltiu   zero, t3, -1758
core   0: 3 0x0000756c (0x922e3013)
core   0: 0x00007570 (0x008c2533) slt     a0, s8, s0
core   0: 3 0x00007570 (0x008c2533) x10 0x00000000
core   0: 0x00007574 (0x000000a6) c.slli  ra, 9
core   0: 3 0x00007574 (0x00a6) x1  0x00000000
core   0: 0x00007576 (0x0000836e) c.mv    t1, s11
core   0: 3 0x00007576 (0x836e) x6  0x00000006
core   0: 0x00007578 (0x036e4533) div     a0, t3, s6
core   0: 3 0x00007578 (0x036e4533) x10 0x00000000
core   0: 0x0000757c (0x01d57a33) and     s4, a0, t4
core   0: 3 0x0000757c (0x01d57a33) x20 0x00000000
core   0: 0x00007580 (0x00008e21) c.xor   a2, s0
core   0: 3 0x00007580 (0x8e21) x12 0xffffefff
core   0: 0x00007582 (0x80000f37) lui     t5, 0x80000
core   0: 3 0x00007582 (0x80000f37) x30 0x80000000
core   0: 0x00007586 (0x00001f7d) c.addi  t5, -1
core   0: 3 0x00007586 (0x1f7d) x30 0x7fffffff
core   0: 0x00007588 (0x00004f81) c.li    t6, 0
core   0: 3 0x00007588 (0x4f81) x31 0x00000000
core   0: 0x0000758a (0x605f1f93) sext.h  t6, t5
core   0: 3 0x0000758a (0x605f1f93) x31 0xffffffff
core   0: 0x0000758e (0x01f86033) or      zero, a6, t6
core   0: 3 0x0000758e (0x01f86033)
core   0: 0x00007592 (0x11f47a13) andi    s4, s0, 287
core   0: 3 0x00007592 (0x11f47a13) x20 0x0000000e
core   0: 0x00007596 (0x012ed493) srli    s1, t4, 18
core   0: 3 0x00007596 (0x012ed493) x9  0x00000000
core   0: 0x0000759a (0x02a720b3) mulhsu  ra, a4, a0
core   0: 3 0x0000759a (0x02a720b3) x1  0x00000000
core   0: 0x0000759e (0x00000001) c.nop
core   0: 3 0x0000759e (0x0001)
core   0: 0x000075a0 (0x00c78033) add     zero, a5, a2
core   0: 3 0x000075a0 (0x00c78033)
core   0: 0x000075a4 (0x00000001) c.nop
core   0: 3 0x000075a4 (0x0001)
core   0: 0x000075a6 (0x0000940a) c.add   s0, sp
core   0: 3 0x000075a6 (0x940a) x8  0xffffec7e
core   0: 0x000075a8 (0xfe0c8337) lui     t1, 0xfe0c8
core   0: 3 0x000075a8 (0xfe0c8337) x6  0xfe0c8000
core   0: 0x000075ac (0x0000cd21) c.beqz  a0, pc + 88
core   0: 3 0x000075ac (0xcd21)
core   0: 0x00007604 (0x0000187d) c.addi  a6, -1
core   0: 3 0x00007604 (0x187d) x16 0xfffff259
core   0: 0x00007606 (0x00004f01) c.li    t5, 0
core   0: 3 0x00007606 (0x4f01) x30 0x00000000
core   0: 0x00007608 (0x80000fb7) lui     t6, 0x80000
core   0: 3 0x00007608 (0x80000fb7) x31 0x80000000
core   0: 0x0000760c (0x00001ffd) c.addi  t6, -1
core   0: 3 0x0000760c (0x1ffd) x31 0x7fffffff
core   0: 0x0000760e (0x61ff5fb3) ror     t6, t5, t6
core   0: 3 0x0000760e (0x61ff5fb3) x31 0x00000000
core   0: 0x00007612 (0x0161d013) srli    zero, gp, 22
core   0: 3 0x00007612 (0x0161d013)
core   0: 0x00007616 (0x00c39363) bne     t2, a2, pc + 6
core   0: 3 0x00007616 (0x00c39363)
core   0: 0x0000761c (0x408dd793) srai    a5, s11, 8
core   0: 3 0x0000761c (0x408dd793) x15 0x00000000
core   0: 0x00007620 (0x02ed6d63) bltu    s10, a4, pc + 58
core   0: 3 0x00007620 (0x02ed6d63)
core   0: 0x0000765a (0x03a1efb3) rem     t6, gp, s10
core   0: 3 0x0000765a (0x03a1efb3) x31 0x00013de1
core   0: 0x0000765e (0x00008949) c.andi  a0, 18
core   0: 3 0x0000765e (0x8949) x10 0x00000000
core   0: 0x00007660 (0x01ac1593) slli    a1, s8, 26
core   0: 3 0x00007660 (0x01ac1593) x11 0x00000000
core   0: 0x00007664 (0x7b912617) auipc   a2, 0x7b912
core   0: 3 0x00007664 (0x7b912617) x12 0x7b919664
core   0: 0x00007668 (0x14da2193) slti    gp, s4, 333
core   0: 3 0x00007668 (0x14da2193) x3  0x00000001
core   0: 0x0000766c (0x00f280b3) add     ra, t0, a5
core   0: 3 0x0000766c (0x00f280b3) x1  0x00000001
core   0: 0x00007670 (0x4a6d6c13) ori     s8, s10, 1190
core   0: 3 0x00007670 (0x4a6d6c13) x24 0x000176f6
core   0: 0x00007674 (0x03e8c763) blt     a7, t5, pc + 46
core   0: 3 0x00007674 (0x03e8c763)
core   0: 0x00007678 (0x03939233) mulh    tp, t2, s9
core   0: 3 0x00007678 (0x03939233) x4  0xffffffff
core   0: 0x0000767c (0x034fa0b3) mulhsu  ra, t6, s4
core   0: 3 0x0000767c (0x034fa0b3) x1  0x00000000
core   0: 0x00007680 (0x00006f41) c.lui   t5, 0x10
core   0: 3 0x00007680 (0x6f41) x30 0x00010000
core   0: 0x00007682 (0xa5a5afb7) lui     t6, 0xa5a5a
core   0: 3 0x00007682 (0xa5a5afb7) x31 0xa5a5a000
core   0: 0x00007686 (0x5a5f8f93) addi    t6, t6, 1445
core   0: 3 0x00007686 (0x5a5f8f93) x31 0xa5a5a5a5
core   0: 0x0000768a (0x287f5f93) orc.b   t6, t5
core   0: 3 0x0000768a (0x287f5f93) x31 0x00ff0000
core   0: 0x0000768e (0x007c7863) bgeu    s8, t2, pc + 16
core   0: 3 0x0000768e (0x007c7863)
core   0: 0x0000769e (0x02b7dd63) bge     a5, a1, pc + 58
core   0: 3 0x0000769e (0x02b7dd63)
core   0: 0x000076d8 (0x0294eeb3) rem     t4, s1, s1
core   0: 3 0x000076d8 (0x0294eeb3) x29 0x00000000
core   0: 0x000076dc (0x80000f37) lui     t5, 0x80000
core   0: 3 0x000076dc (0x80000f37) x30 0x80000000
core   0: 0x000076e0 (0x00007fc1) c.lui   t6, 0xffff0
core   0: 3 0x000076e0 (0x7fc1) x31 0xffff0000
core   0: 0x000076e2 (0x00000f85) c.addi  t6, 1
core   0: 3 0x000076e2 (0x0f85) x31 0xffff0001
core   0: 0x000076e4 (0x49ff1fb3) bclr    t6, t5, t6
core   0: 3 0x000076e4 (0x49ff1fb3) x31 0x80000000
core   0: 0x000076e8 (0x0000717d) c.addi16sp sp, -16
core   0: 3 0x000076e8 (0x717d) x2  0xffffffe0
core   0: 0x000076ea (0xe0a0f213) andi    tp, ra, -502
core   0: 3 0x000076ea (0xe0a0f213) x4  0x00000000
core   0: 0x000076ee (0x00000001) c.nop
core   0: 3 0x000076ee (0x0001)
core   0: 0x000076f0 (0x03cae833) rem     a6, s5, t3
core   0: 3 0x000076f0 (0x03cae833) x16 0x00000000
core   0: 0x000076f4 (0x01101a33) sll     s4, zero, a7
core   0: 3 0x000076f4 (0x01101a33) x20 0x00000000
core   0: 0x000076f8 (0x0758f563) bgeu    a7, s5, pc + 106
core   0: 3 0x000076f8 (0x0758f563)
core   0: 0x00007762 (0x026e98b3) mulh    a7, t4, t1
core   0: 3 0x00007762 (0x026e98b3) x17 0x00000000
core   0: 0x00007766 (0x02b608b3) mul     a7, a2, a1
core   0: 3 0x00007766 (0x02b608b3) x17 0x00000000
core   0: 0x0000776a (0x00001e0c) c.addi4spn a1, sp, 816
core   0: 3 0x0000776a (0x1e0c) x11 0x00000310
core   0: 0x0000776c (0x41b08533) sub     a0, ra, s11
core   0: 3 0x0000776c (0x41b08533) x10 0xfffffffa
core   0: 0x00007770 (0x0000cd21) c.beqz  a0, pc + 88
core   0: 3 0x00007770 (0xcd21)
core   0: 0x00007772 (0x416355b3) sra     a1, t1, s6
core   0: 3 0x00007772 (0x416355b3) x11 0xff064000
core   0: 0x00007776 (0x00007f41) c.lui   t5, 0xffff0
core   0: 3 0x00007776 (0x7f41) x30 0xffff0000
core   0: 0x00007778 (0x00000f05) c.addi  t5, 1
core   0: 3 0x00007778 (0x0f05) x30 0xffff0001
core   0: 0x0000777a (0x80000fb7) lui     t6, 0x80000
core   0: 3 0x0000777a (0x80000fb7) x31 0x80000000
core   0: 0x0000777e (0x29ff1fb3) bset    t6, t5, t6
core   0: 3 0x0000777e (0x29ff1fb3) x31 0xffff0001
core   0: 0x00007782 (0x01515933) srl     s2, sp, s5
core   0: 3 0x00007782 (0x01515933) x18 0xffffffe0
core   0: 0x00007786 (0x0000717d) c.addi16sp sp, -16
core   0: 3 0x00007786 (0x717d) x2  0xffffffd0
core   0: 0x00007788 (0x039a9db3) mulh    s11, s5, s9
core   0: 3 0x00007788 (0x039a9db3) x27 0x00000000
core   0: 0x0000778c (0x000090fe) c.add   ra, t6
core   0: 3 0x0000778c (0x90fe) x1  0xffff0001
core   0: 0x0000778e (0x5f503217) auipc   tp, 0x5f503
core   0: 3 0x0000778e (0x5f503217) x4  0x5f50a78e
core   0: 0x00007792 (0x0000093e) c.slli  s2, 15
core   0: 3 0x00007792 (0x093e) x18 0xfff00000
core   0: 0x00007794 (0x00008bc2) c.mv    s7, a6
core   0: 3 0x00007794 (0x8bc2) x23 0x00000000
core   0: 0x00007796 (0x00008d89) c.sub   a1, a0
core   0: 3 0x00007796 (0x8d89) x11 0xff064006
core   0: 0x00007798 (0x00008c35) c.xor   s0, a3
core   0: 3 0x00007798 (0x8c35) x8  0xffffec7f
core   0: 0x0000779a (0x00000001) c.nop
core   0: 3 0x0000779a (0x0001)
core   0: 0x0000779c (0x00006f41) c.lui   t5, 0x10
core   0: 3 0x0000779c (0x6f41) x30 0x00010000
core   0: 0x0000779e (0xa5a5afb7) lui     t6, 0xa5a5a
core   0: 3 0x0000779e (0xa5a5afb7) x31 0xa5a5a000
core   0: 0x000077a2 (0x5a5f8f93) addi    t6, t6, 1445
core   0: 3 0x000077a2 (0x5a5f8f93) x31 0xa5a5a5a5
core   0: 0x000077a6 (0x49ff1f93) bclri   t6, t5, 31
core   0: 3 0x000077a6 (0x49ff1f93) x31 0x00010000
core   0: 0x000077aa (0x00309a13) slli    s4, ra, 3
core   0: 3 0x000077aa (0x00309a13) x20 0xfff80008
core   0: 0x000077ae (0xd0157e13) andi    t3, a0, -767
core   0: 3 0x000077ae (0xd0157e13) x28 0xfffffd00
core   0: 0x000077b2 (0x04a81163) bne     a6, a0, pc + 66
core   0: 3 0x000077b2 (0x04a81163)
core   0: 0x000077f4 (0x8236eab7) lui     s5, 0x8236e
core   0: 3 0x000077f4 (0x8236eab7) x21 0x8236e000
core   0: 0x000077f8 (0x80000f37) lui     t5, 0x80000
core   0: 3 0x000077f8 (0x80000f37) x30 0x80000000
core   0: 0x000077fc (0x00007fc1) c.lui   t6, 0xffff0
core   0: 3 0x000077fc (0x7fc1) x31 0xffff0000
core   0: 0x000077fe (0x00000f85) c.addi  t6, 1
core   0: 3 0x000077fe (0x0f85) x31 0xffff0001
core   0: 0x00007800 (0x680f1f93) binvi   t6, t5, 0
core   0: 3 0x00007800 (0x680f1f93) x31 0x80000001
core   0: 0x00007804 (0x013e0363) beq     t3, s3, pc + 6
core   0: 3 0x00007804 (0x013e0363)
core   0: 0x00007808 (0x00008c55) c.or    s0, a3
core   0: 3 0x00007808 (0x8c55) x8  0xffffec7f
core   0: 0x0000780a (0x00008d71) c.and   a0, a2
core   0: 3 0x0000780a (0x8d71) x10 0x7b919660
core   0: 0x0000780c (0x04db8a63) beq     s7, a3, pc + 84
core   0: 3 0x0000780c (0x04db8a63)
core   0: 0x00007810 (0x00009606) c.add   a2, ra
core   0: 3 0x00007810 (0x9606) x12 0x7b909665
core   0: 0x00007812 (0x00000001) c.nop
core   0: 3 0x00007812 (0x0001)
core   0: 0x00007814 (0x00151c33) sll     s8, a0, ra
core   0: 3 0x00007814 (0x00151c33) x24 0xf7232cc0
core   0: 0x00007818 (0x036a0033) mul     zero, s4, s6
core   0: 3 0x00007818 (0x036a0033)
core   0: 0x0000781c (0x0000137d) c.addi  t1, -1
core   0: 3 0x0000781c (0x137d) x6  0xfe0c7fff
core   0: 0x0000781e (0x0291b633) mulhu   a2, gp, s1
core   0: 3 0x0000781e (0x0291b633) x12 0x00000000
core   0: 0x00007822 (0xa5a5af37) lui     t5, 0xa5a5a
core   0: 3 0x00007822 (0xa5a5af37) x30 0xa5a5a000
core   0: 0x00007826 (0x5a5f0f13) addi    t5, t5, 1445
core   0: 3 0x00007826 (0x5a5f0f13) x30 0xa5a5a5a5
core   0: 0x0000782a (0x00006fc1) c.lui   t6, 0x10
core   0: 3 0x0000782a (0x6fc1) x31 0x00010000
core   0: 0x0000782c (0x29ff1f93) bseti   t6, t5, 31
core   0: 3 0x0000782c (0x29ff1f93) x31 0xa5a5a5a5
core   0: 0x00007830 (0x34041073) csrw    mscratch, s0
core   0: 3 0x00007830 (0x34041073) c832_mscratch 0xffffec7f
core   0: 0x00007834 (0x00002417) auipc   s0, 0x2
core   0: 3 0x00007834 (0x00002417) x8  0x00009834
core   0: 0x00007838 (0xe5440413) addi    s0, s0, -428
core   0: 3 0x00007838 (0xe5440413) x8  0x00009688
core   0: 0x0000783c (0x0000c004) c.sw    s1, 0(s0)
core   0: 3 0x0000783c (0xc004) mem 0x00009688 0x00000000
core   0: 0x0000783e (0x00242223) sw      sp, 4(s0)
core   0: 3 0x0000783e (0x00242223) mem 0x0000968c 0xffffffd0
core   0: 0x00007842 (0x00840113) addi    sp, s0, 8
core   0: 3 0x00007842 (0x00840113) x2  0x00009690
core   0: 0x00007846 (0x0000c07e) c.swsp  t6, 0(sp)
core   0: 3 0x00007846 (0xc07e) mem 0x00009690 0xa5a5a5a5
core   0: 0x00007848 (0x00004f02) c.lwsp  t5, 0(sp)
core   0: 3 0x00007848 (0x4f02) x30 0xa5a5a5a5 mem 0x00009690
core   0: 0x0000784a (0x01f42423) sw      t6, 8(s0)
core   0: 3 0x0000784a (0x01f42423) mem 0x00009690 0xa5a5a5a5
core   0: 0x0000784e (0x00004404) c.lw    s1, 8(s0)
core   0: 3 0x0000784e (0x4404) x9  0xa5a5a5a5 mem 0x00009690
core   0: 0x00007850 (0x0000c404) c.sw    s1, 8(s0)
core   0: 3 0x00007850 (0xc404) mem 0x00009690 0xa5a5a5a5
core   0: 0x00007852 (0x00442103) lw      sp, 4(s0)
core   0: 3 0x00007852 (0x00442103) x2  0xffffffd0 mem 0x0000968c
core   0: 0x00007856 (0x00004004) c.lw    s1, 0(s0)
core   0: 3 0x00007856 (0x4004) x9  0x00000000 mem 0x00009688
core   0: 0x00007858 (0x34002473) csrr    s0, mscratch
core   0: 3 0x00007858 (0x34002473) x8  0xffffec7f
core   0: 0x0000785c (0x77fc2d93) slti    s11, s8, 1919
core   0: 3 0x0000785c (0x77fc2d93) x27 0x00000001
core   0: 0x00007860 (0x02f1d4b3) divu    s1, gp, a5
core   0: 3 0x00007860 (0x02f1d4b3) x9  0xffffffff
core   0: 0x00007864 (0x00008c8d) c.sub   s1, a1
core   0: 3 0x00007864 (0x8c8d) x9  0x00f9bff9
core   0: 0x00007866 (0x00000001) c.nop
core   0: 3 0x00007866 (0x0001)
core   0: 0x00007868 (0x00009e1e) c.add   t3, t2
core   0: 3 0x00007868 (0x9e1e) x28 0x000121b4
core   0: 0x0000786a (0x0000890d) c.andi  a0, 3
core   0: 3 0x0000786a (0x890d) x10 0x00000000
core   0: 0x0000786c (0x41930033) sub     zero, t1, s9
core   0: 3 0x0000786c (0x41930033)
core   0: 0x00007870 (0x00008e95) c.sub   a3, a3
core   0: 3 0x00007870 (0x8e95) x13 0x00000000
core   0: 0x00007872 (0x41ded0b3) sra     ra, t4, t4
core   0: 3 0x00007872 (0x41ded0b3) x1  0x00000000
core   0: 0x00007876 (0x06091263) bnez    s2, pc + 100
core   0: 3 0x00007876 (0x06091263)
core   0: 0x000078da (0x00008e79) c.and   a2, a4
core   0: 3 0x000078da (0x8e79) x12 0x00000000
core   0: 0x000078dc (0x01ac1013) slli    zero, s8, 26
core   0: 3 0x000078dc (0x01ac1013)
core   0: 0x000078e0 (0x0000717d) c.addi16sp sp, -16
core   0: 3 0x000078e0 (0x717d) x2  0xffffffc0
core   0: 0x000078e2 (0x00006f41) c.lui   t5, 0x10
core   0: 3 0x000078e2 (0x6f41) x30 0x00010000
core   0: 0x000078e4 (0xa5a5afb7) lui     t6, 0xa5a5a
core   0: 3 0x000078e4 (0xa5a5afb7) x31 0xa5a5a000
core   0: 0x000078e8 (0x5a5f8f93) addi    t6, t6, 1445
core   0: 3 0x000078e8 (0x5a5f8f93) x31 0xa5a5a5a5
core   0: 0x000078ec (0x21ff2fb3) sh1add  t6, t5, t6
core   0: 3 0x000078ec (0x21ff2fb3) x31 0xa5a7a5a5
core   0: 0x000078f0 (0x083d3613) sltiu   a2, s10, 131
core   0: 3 0x000078f0 (0x083d3613) x12 0x00000000
core   0: 0x000078f4 (0x43d4f193) andi    gp, s1, 1085
core   0: 3 0x000078f4 (0x43d4f193) x3  0x00000439
core   0: 0x000078f8 (0x01a8b833) sltu    a6, a7, s10
core   0: 3 0x000078f8 (0x01a8b833) x16 0x00000001
core   0: 0x000078fc (0x00004691) c.li    a3, 4
core   0: 3 0x000078fc (0x4691) x13 0x00000004
core   0: 0x000078fe (0x4f9507b7) lui     a5, 0x4f950
core   0: 3 0x000078fe (0x4f9507b7) x15 0x4f950000
core   0: 0x00007902 (0x019694b3) sll     s1, a3, s9
core   0: 3 0x00007902 (0x019694b3) x9  0x00000000
core   0: 0x00007906 (0x97f26913) ori     s2, tp, -1665
core   0: 3 0x00007906 (0x97f26913) x18 0xffffffff
core   0: 0x0000790a (0x97b03a13) sltiu   s4, zero, -1669
core   0: 3 0x0000790a (0x97b03a13) x20 0x00000001
core   0: 0x0000790e (0x58d38b37) lui     s6, 0x58d38
core   0: 3 0x0000790e (0x58d38b37) x22 0x58d38000
core   0: 0x00007912 (0x0087ebb3) or      s7, a5, s0
core   0: 3 0x00007912 (0x0087ebb3) x23 0xffffec7f
core   0: 0x00007916 (0x80000f37) lui     t5, 0x80000
core   0: 3 0x00007916 (0x80000f37) x30 0x80000000
core   0: 0x0000791a (0x00001f7d) c.addi  t5, -1
core   0: 3 0x0000791a (0x1f7d) x30 0x7fffffff
core   0: 0x0000791c (0x00004f81) c.li    t6, 0
core   0: 3 0x0000791c (0x4f81) x31 0x00000000
core   0: 0x0000791e (0x21ff4fb3) sh2add  t6, t5, t6
core   0: 3 0x0000791e (0x21ff4fb3) x31 0xfffffffc
core   0: 0x00007922 (0x03368333) mul     t1, a3, s3
core   0: 3 0x00007922 (0x03368333) x6  0x00000000
core   0: 0x00007926 (0x00008e86) c.mv    t4, ra
core   0: 3 0x00007926 (0x8e86) x29 0x00000000
core   0: 0x00007928 (0x01593bb3) sltu    s7, s2, s5
core   0: 3 0x00007928 (0x01593bb3) x23 0x00000000
core   0: 0x0000792c (0x00006129) c.addi16sp sp, 192
core   0: 3 0x0000792c (0x6129) x2  0x00000080
core   0: 0x0000792e (0x00008e5d) c.or    a2, a5
core   0: 3 0x0000792e (0x8e5d) x12 0x4f950000
core   0: 0x00007930 (0x00008d09) c.sub   a0, a0
core   0: 3 0x00007930 (0x8d09) x10 0x00000000
core   0: 0x00007932 (0x03276733) rem     a4, a4, s2
core   0: 3 0x00007932 (0x03276733) x14 0x00000000
core   0: 0x00007936 (0x00008059) c.srli  s0, 22
core   0: 3 0x00007936 (0x8059) x8  0x000003ff
core   0: 0x00007938 (0x02354eb3) div     t4, a0, gp
core   0: 3 0x00007938 (0x02354eb3) x29 0x00000000
core   0: 0x0000793c (0x00000001) c.nop
core   0: 3 0x0000793c (0x0001)
core   0: 0x0000793e (0x80000f37) lui     t5, 0x80000
core   0: 3 0x0000793e (0x80000f37) x30 0x80000000
core   0: 0x00007942 (0x00007fc1) c.lui   t6, 0xffff0
core   0: 3 0x00007942 (0x7fc1) x31 0xffff0000
core   0: 0x00007944 (0x00000f85) c.addi  t6, 1
core   0: 3 0x00007944 (0x0f85) x31 0xffff0001
core   0: 0x00007946 (0x21ff6fb3) sh3add  t6, t5, t6
core   0: 3 0x00007946 (0x21ff6fb3) x31 0xffff0001
core   0: 0x0000794a (0x34009073) csrw    mscratch, ra
core   0: 3 0x0000794a (0x34009073) c832_mscratch 0x00000000
core   0: 0x0000794e (0x00002009) c.jal   pc + 2
core   0: 3 0x0000794e (0x2009) x1  0x00007950
core   0: 0x00007950 (0x004000ef) jal     pc + 0x4
core   0: 3 0x00007950 (0x004000ef) x1  0x00007954
core   0: 0x00007954 (0x004000ef) jal     pc + 0x4
core   0: 3 0x00007954 (0x004000ef) x1  0x00007958
core   0: 0x00007958 (0x00000097) auipc   ra, 0x0
core   0: 3 0x00007958 (0x00000097) x1  0x00007958
core   0: 0x0000795c (0x00c08093) addi    ra, ra, 12
core   0: 3 0x0000795c (0x00c08093) x1  0x00007964
core   0: 0x00007960 (0x00008067) ret
core   0: 3 0x00007960 (0x00008067)
core   0: 0x00007964 (0x340020f3) csrr    ra, mscratch
core   0: 3 0x00007964 (0x340020f3) x1  0x00000000
core   0: 0x00007968 (0x04df9e63) bne     t6, a3, pc + 92
core   0: 3 0x00007968 (0x04df9e63)
core   0: 0x000079c4 (0x0000612d) c.addi16sp sp, 224
core   0: 3 0x000079c4 (0x612d) x2  0x00000160
core   0: 0x000079c6 (0x00008d09) c.sub   a0, a0
core   0: 3 0x000079c6 (0x8d09) x10 0x00000000
core   0: 0x000079c8 (0x019d20b3) slt     ra, s10, s9
core   0: 3 0x000079c8 (0x019d20b3) x1  0x00000000
core   0: 0x000079cc (0x02374ab3) div     s5, a4, gp
core   0: 3 0x000079cc (0x02374ab3) x21 0x00000000
core   0: 0x000079d0 (0x41a802b3) sub     t0, a6, s10
core   0: 3 0x000079d0 (0x41a802b3) x5  0xfffe8d2d
core   0: 0x000079d4 (0x0000997d) c.andi  a0, -1
core   0: 3 0x000079d4 (0x997d) x10 0x00000000
core   0: 0x000079d6 (0x00008cf1) c.and   s1, a2
core   0: 3 0x000079d6 (0x8cf1) x9  0x00000000
core   0: 0x000079d8 (0x001a2bb3) slt     s7, s4, ra
core   0: 3 0x000079d8 (0x001a2bb3) x23 0x00000000
core   0: 0x000079dc (0x33591b97) auipc   s7, 0x33591
core   0: 3 0x000079dc (0x33591b97) x23 0x335989dc
core   0: 0x000079e0 (0x00e3a933) slt     s2, t2, a4
core   0: 3 0x000079e0 (0x00e3a933) x18 0x00000000
core   0: 0x000079e4 (0x00007f41) c.lui   t5, 0xffff0
core   0: 3 0x000079e4 (0x7f41) x30 0xffff0000
core   0: 0x000079e6 (0x00000f05) c.addi  t5, 1
core   0: 3 0x000079e6 (0x0f05) x30 0xffff0001
core   0: 0x000079e8 (0x80000fb7) lui     t6, 0x80000
core   0: 3 0x000079e8 (0x80000fb7) x31 0x80000000
core   0: 0x000079ec (0x41ff4fb3) xnor    t6, t5, t6
core   0: 3 0x000079ec (0x41ff4fb3) x31 0x8000fffe
core   0: 0x000079f0 (0x022015b3) mulh    a1, zero, sp
core   0: 3 0x000079f0 (0x022015b3) x11 0x00000000
core   0: 0x000079f4 (0x9fe58013) addi    zero, a1, -1538
core   0: 3 0x000079f4 (0x9fe58013)
core   0: 0x000079f8 (0xe28055b7) lui     a1, 0xe2805
core   0: 3 0x000079f8 (0xe28055b7) x11 0xe2805000
core   0: 0x000079fc (0x0159c7b3) xor     a5, s3, s5
core   0: 3 0x000079fc (0x0159c7b3) x15 0x00000000
core   0: 0x00007a00 (0x4ed1cc13) xori    s8, gp, 1261
core   0: 3 0x00007a00 (0x4ed1cc13) x24 0x000000d4
core   0: 0x00007a04 (0x00008d09) c.sub   a0, a0
core   0: 3 0x00007a04 (0x8d09) x10 0x00000000
core   0: 0x00007a06 (0x0000717d) c.addi16sp sp, -16
core   0: 3 0x00007a06 (0x717d) x2  0x00000150
core   0: 0x00007a08 (0xe9786c93) ori     s9, a6, -361
core   0: 3 0x00007a08 (0xe9786c93) x25 0xfffffe97
core   0: 0x00007a0c (0x00008155) c.srli  a0, 21
core   0: 3 0x00007a0c (0x8155) x10 0x00000000
core   0: 0x00007a0e (0x070e8363) beq     t4, a6, pc + 102
core   0: 3 0x00007a0e (0x070e8363)
core   0: 0x00007a12 (0x00006f41) c.lui   t5, 0x10
core   0: 3 0x00007a12 (0x6f41) x30 0x00010000
core   0: 0x00007a14 (0xa5a5afb7) lui     t6, 0xa5a5a
core   0: 3 0x00007a14 (0xa5a5afb7) x31 0xa5a5a000
core   0: 0x00007a18 (0x5a5f8f93) addi    t6, t6, 1445
core   0: 3 0x00007a18 (0x5a5f8f93) x31 0xa5a5a5a5
core   0: 0x00007a1c (0x600f1f93) clz     t6, t5
core   0: 3 0x00007a1c (0x600f1f93) x31 0x0000000f
core   0: 0x00007a20 (0xca3c8893) addi    a7, s9, -861
core   0: 3 0x00007a20 (0xca3c8893) x17 0xfffffb3a
core   0: 0x00007a24 (0x00640363) beq     s0, t1, pc + 6
core   0: 3 0x00007a24 (0x00640363)
core   0: 0x00007a28 (0x000080b1) c.srli  s1, 12
core   0: 3 0x00007a28 (0x80b1) x9  0x00000000
core   0: 0x00007a2a (0x01416733) or      a4, sp, s4
core   0: 3 0x00007a2a (0x01416733) x14 0x00000151
core   0: 0x00007a2e (0x785cd6b7) lui     a3, 0x785cd
core   0: 3 0x00007a2e (0x785cd6b7) x13 0x785cd000
core   0: 0x00007a32 (0x06c98663) beq     s3, a2, pc + 108
core   0: 3 0x00007a32 (0x06c98663)
core   0: 0x00007a36 (0x012e76b3) and     a3, t3, s2
core   0: 3 0x00007a36 (0x012e76b3) x13 0x00000000
core   0: 0x00007a3a (0x0184dc13) srli    s8, s1, 24
core   0: 3 0x00007a3a (0x0184dc13) x24 0x00000000
core   0: 0x00007a3e (0x019c56b3) srl     a3, s8, s9
core   0: 3 0x00007a3e (0x019c56b3) x13 0x00000000
core   0: 0x00007a42 (0x0000717d) c.addi16sp sp, -16
core   0: 3 0x00007a42 (0x717d) x2  0x00000140
core   0: 0x00007a44 (0x80000f37) lui     t5, 0x80000
core   0: 3 0x00007a44 (0x80000f37) x30 0x80000000
core   0: 0x00007a48 (0x00001f7d) c.addi  t5, -1
core   0: 3 0x00007a48 (0x1f7d) x30 0x7fffffff
core   0: 0x00007a4a (0x00004f81) c.li    t6, 0
core   0: 3 0x00007a4a (0x4f81) x31 0x00000000
core   0: 0x00007a4c (0x601f1f93) ctz     t6, t5
core   0: 3 0x00007a4c (0x601f1f93) x31 0x00000000
core   0: 0x00007a50 (0x80000f37) lui     t5, 0x80000
core   0: 3 0x00007a50 (0x80000f37) x30 0x80000000
core   0: 0x00007a54 (0x00005ffd) c.li    t6, -1
core   0: 3 0x00007a54 (0x5ffd) x31 0xffffffff
core   0: 0x00007a56 (0x03ff4fb3) div     t6, t5, t6
core   0: 3 0x00007a56 (0x03ff4fb3) x31 0x80000000
core   0: 0x00007a5a (0x03ef6fb3) rem     t6, t5, t5
core   0: 3 0x00007a5a (0x03ef6fb3) x31 0x00000000
core   0: 0x00007a5e (0x00004f81) c.li    t6, 0
core   0: 3 0x00007a5e (0x4f81) x31 0x00000000
core   0: 0x00007a60 (0x03ff5fb3) divu    t6, t5, t6
core   0: 3 0x00007a60 (0x03ff5fb3) x31 0xffffffff
core   0: 0x00007a64 (0x00004f81) c.li    t6, 0
core   0: 3 0x00007a64 (0x4f81) x31 0x00000000
core   0: 0x00007a66 (0x03ff6fb3) rem     t6, t5, t6
core   0: 3 0x00007a66 (0x03ff6fb3) x31 0x80000000
core   0: 0x00007a6a (0x0000547d) c.li    s0, -1
core   0: 3 0x00007a6a (0x547d) x8  0xffffffff
core   0: 0x00007a6c (0x036bc6b3) div     a3, s7, s6
core   0: 3 0x00007a6c (0x036bc6b3) x13 0x00000000
core   0: 0x00007a70 (0x02da2033) mulhsu  zero, s4, a3
core   0: 3 0x00007a70 (0x02da2033)
core   0: 0x00007a74 (0xdac7c893) xori    a7, a5, -596
core   0: 3 0x00007a74 (0xdac7c893) x17 0xfffffdac
core   0: 0x00007a78 (0x00009a7d) c.andi  a2, -1
core   0: 3 0x00007a78 (0x9a7d) x12 0x4f950000
core   0: 0x00007a7a (0x05df0a63) beq     t5, t4, pc + 84
core   0: 3 0x00007a7a (0x05df0a63)
core   0: 0x00007a7e (0x04791e63) bne     s2, t2, pc + 92
core   0: 3 0x00007a7e (0x04791e63)
core   0: 0x00007ada (0x00000001) c.nop
core   0: 3 0x00007ada (0x0001)
core   0: 0x00007adc (0x00000c08) c.addi4spn a0, sp, 528
core   0: 3 0x00007adc (0x0c08) x10 0x00000350
core   0: 0x00007ade (0x010b4033) xor     zero, s6, a6
core   0: 3 0x00007ade (0x010b4033)
core   0: 0x00007ae2 (0x03871b33) mulh    s6, a4, s8
core   0: 3 0x00007ae2 (0x03871b33) x22 0x00000000
core   0: 0x00007ae6 (0x18493213) sltiu   tp, s2, 388
core   0: 3 0x00007ae6 (0x18493213) x4  0x00000001
core   0: 0x00007aea (0x00004f01) c.li    t5, 0
core   0: 3 0x00007aea (0x4f01) x30 0x00000000
core   0: 0x00007aec (0x80000fb7) lui     t6, 0x80000
core   0: 3 0x00007aec (0x80000fb7) x31 0x80000000
core   0: 0x00007af0 (0x00001ffd) c.addi  t6, -1
core   0: 3 0x00007af0 (0x1ffd) x31 0x7fffffff
core   0: 0x00007af2 (0x0bff5fb3) minu    t6, t5, t6
core   0: 3 0x00007af2 (0x0bff5fb3) x31 0x00000000
core   0: 0x00007af6 (0x0000c525) c.beqz  a0, pc + 104
core   0: 3 0x00007af6 (0xc525)
core   0: 0x00007af8 (0x010152b3) srl     t0, sp, a6
core   0: 3 0x00007af8 (0x010152b3) x5  0x000000a0
core   0: 0x00007afc (0x01f95eb3) srl     t4, s2, t6
core   0: 3 0x00007afc (0x01f95eb3) x29 0x00000000
core   0: 0x00007b00 (0x01b91c13) slli    s8, s2, 27
core   0: 3 0x00007b00 (0x01b91c13) x24 0x00000000
core   0: 0x00007b04 (0x00006115) c.addi16sp sp, 288
core   0: 3 0x00007b04 (0x6115) x2  0x00000260
core   0: 0x00007b06 (0x02bd6b63) bltu    s10, a1, pc + 54
core   0: 3 0x00007b06 (0x02bd6b63)
core   0: 0x00007b3c (0x03e764b3) rem     s1, a4, t5
core   0: 3 0x00007b3c (0x03e764b3) x9  0x00000151
core   0: 0x00007b40 (0x03e5dbb3) divu    s7, a1, t5
core   0: 3 0x00007b40 (0x03e5dbb3) x23 0xffffffff
core   0: 0x00007b44 (0x00006f41) c.lui   t5, 0x10
core   0: 3 0x00007b44 (0x6f41) x30 0x00010000
core   0: 0x00007b46 (0xa5a5afb7) lui     t6, 0xa5a5a
core   0: 3 0x00007b46 (0xa5a5afb7) x31 0xa5a5a000
core   0: 0x00007b4a (0x5a5f8f93) addi    t6, t6, 1445
core   0: 3 0x00007b4a (0x5a5f8f93) x31 0xa5a5a5a5
core   0: 0x00007b4e (0x0bff7fb3) maxu    t6, t5, t6
core   0: 3 0x00007b4e (0x0bff7fb3) x31 0xa5a5a5a5
core   0: 0x00007b52 (0x340f1073) csrw    mscratch, t5
core   0: 3 0x00007b52 (0x340f1073) c832_mscratch 0x00010000
core   0: 0x00007b56 (0x34002ff3) csrr    t6, mscratch
core   0: 3 0x00007b56 (0x34002ff3) x31 0x00010000
core   0: 0x00007b5a (0x34003ff3) csrrc   t6, mscratch, zero
core   0: 3 0x00007b5a (0x34003ff3) x31 0x00010000
core   0: 0x00007b5e (0x03783cb3) mulhu   s9, a6, s7
core   0: 3 0x00007b5e (0x03783cb3) x25 0x00000000
core   0: 0x00007b62 (0x00159e33) sll     t3, a1, ra
core   0: 3 0x00007b62 (0x00159e33) x28 0xe2805000
core   0: 0x00007b66 (0x0210e033) rem     zero, ra, ra
core   0: 3 0x00007b66 (0x0210e033)
core   0: 0x00007b6a (0x07c75463) bge     a4, t3, pc + 104
core   0: 3 0x00007b6a (0x07c75463)
core   0: 0x00007bd2 (0xba73b093) sltiu   ra, t2, -1113
core   0: 3 0x00007bd2 (0xba73b093) x1  0x00000001
core   0: 0x00007bd6 (0x00008d0d) c.sub   a0, a1
core   0: 3 0x00007bd6 (0x8d0d) x10 0x1d7fb350
core   0: 0x00007bd8 (0x04ec8163) beq     s9, a4, pc + 66
core   0: 3 0x00007bd8 (0x04ec8163)
core   0: 0x00007bdc (0x00875cb3) srl     s9, a4, s0
core   0: 3 0x00007bdc (0x00875cb3) x25 0x00000000
core   0: 0x00007be0 (0x00aea733) slt     a4, t4, a0
core   0: 3 0x00007be0 (0x00aea733) x14 0x00000001
core   0: 0x00007be4 (0xd5417a13) andi    s4, sp, -684
core   0: 3 0x00007be4 (0xd5417a13) x20 0x00000040
core   0: 0x00007be8 (0x03064033) div     zero, a2, a6
core   0: 3 0x00007be8 (0x03064033)
core   0: 0x00007bec (0x03934333) div     t1, t1, s9
core   0: 3 0x00007bec (0x03934333) x6  0xffffffff
core   0: 0x00007bf0 (0xa5a5af37) lui     t5, 0xa5a5a
core   0: 3 0x00007bf0 (0xa5a5af37) x30 0xa5a5a000
core   0: 0x00007bf4 (0x5a5f0f13) addi    t5, t5, 1445
core   0: 3 0x00007bf4 (0x5a5f0f13) x30 0xa5a5a5a5
core   0: 0x00007bf8 (0x00006fc1) c.lui   t6, 0x10
core   0: 3 0x00007bf8 (0x6fc1) x31 0x00010000
core   0: 0x00007bfa (0x080f4fb3) zext.h  t6, t5
core   0: 3 0x00007bfa (0x080f4fb3) x31 0x0000a5a5
core   0: 0x00007bfe (0x0116f233) and     tp, a3, a7
core   0: 3 0x00007bfe (0x0116f233) x4  0x00000000
core   0: 0x00007c02 (0x00008e45) c.or    a2, s1
core   0: 3 0x00007c02 (0x8e45) x12 0x4f950151
core   0: 0x00007c04 (0x00bcd033) srl     zero, s9, a1
core   0: 3 0x00007c04 (0x00bcd033)
core   0: 0x00007c08 (0x41d6cf93) xori    t6, a3, 1053
core   0: 3 0x00007c08 (0x41d6cf93) x31 0x0000041d
core   0: 0x00007c0c (0x40c50033) sub     zero, a0, a2
core   0: 3 0x00007c0c (0x40c50033)
core   0: 0x00007c10 (0x00a7aeb3) slt     t4, a5, a0
core   0: 3 0x00007c10 (0x00a7aeb3) x29 0x00000001
core   0: 0x00007c14 (0x00008ec5) c.or    a3, s1
core   0: 3 0x00007c14 (0x8ec5) x13 0x00000151
core   0: 0x00007c16 (0x6f06ac93) slti    s9, a3, 1776
core   0: 3 0x00007c16 (0x6f06ac93) x25 0x00000001
core   0: 0x00007c1a (0x00006115) c.addi16sp sp, 288
core   0: 3 0x00007c1a (0x6115) x2  0x00000380
core   0: 0x00007c1c (0x00008d0d) c.sub   a0, a1
core   0: 3 0x00007c1c (0x8d0d) x10 0x3aff6350
core   0: 0x00007c1e (0x00004f01) c.li    t5, 0
core   0: 3 0x00007c1e (0x4f01) x30 0x00000000
core   0: 0x00007c20 (0x80000fb7) lui     t6, 0x80000
core   0: 3 0x00007c20 (0x80000fb7) x31 0x80000000
core   0: 0x00007c24 (0x00001ffd) c.addi  t6, -1
core   0: 3 0x00007c24 (0x1ffd) x31 0x7fffffff
core   0: 0x00007c26 (0x61ff1fb3) rol     t6, t5, t6
core   0: 3 0x00007c26 (0x61ff1fb3) x31 0x00000000
core   0: 0x00007c2a (0x03f15333) divu    t1, sp, t6
core   0: 3 0x00007c2a (0x03f15333) x6  0xffffffff
core   0: 0x00007c2e (0x065fe163) bltu    t6, t0, pc + 98
core   0: 3 0x00007c2e (0x065fe163)
core   0: 0x00007c90 (0x000082e6) c.mv    t0, s9
core   0: 3 0x00007c90 (0x82e6) x5  0x00000001
core   0: 0x00007c92 (0x012c5193) srli    gp, s8, 18
core   0: 3 0x00007c92 (0x012c5193) x3  0x00000000
core   0: 0x00007c96 (0x4bddc193) xori    gp, s11, 1213
core   0: 3 0x00007c96 (0x4bddc193) x3  0x000004bc
core   0: 0x00007c9a (0x035eeb63) bltu    t4, s5, pc + 54
core   0: 3 0x00007c9a (0x035eeb63)
core   0: 0x00007c9e (0x000085fa) c.mv    a1, t5
core   0: 3 0x00007c9e (0x85fa) x11 0x00000000
core   0: 0x00007ca0 (0x00000ab9) c.addi  s5, 14
core   0: 3 0x00007ca0 (0x0ab9) x21 0x0000000e
core   0: 0x00007ca2 (0x03e6cb33) div     s6, a3, t5
core   0: 3 0x00007ca2 (0x03e6cb33) x22 0xffffffff
core   0: 0x00007ca6 (0x00006f41) c.lui   t5, 0x10
core   0: 3 0x00007ca6 (0x6f41) x30 0x00010000
core   0: 0x00007ca8 (0xa5a5afb7) lui     t6, 0xa5a5a
core   0: 3 0x00007ca8 (0xa5a5afb7) x31 0xa5a5a000
core   0: 0x00007cac (0x5a5f8f93) addi    t6, t6, 1445
core   0: 3 0x00007cac (0x5a5f8f93) x31 0xa5a5a5a5
core   0: 0x00007cb0 (0x607f5f93) rori    t6, t5, 7
core   0: 3 0x00007cb0 (0x607f5f93) x31 0x00000200
core   0: 0x00007cb4 (0x405bd7b3) sra     a5, s7, t0
core   0: 3 0x00007cb4 (0x405bd7b3) x15 0xffffffff
core   0: 0x00007cb8 (0x00000001) c.nop
core   0: 3 0x00007cb8 (0x0001)
core   0: 0x00007cba (0x00008845) c.andi  s0, 17
core   0: 3 0x00007cba (0x8845) x8  0x00000011
core   0: 0x00007cbc (0x00001788) c.addi4spn a0, sp, 992
core   0: 3 0x00007cbc (0x1788) x10 0x00000760
core   0: 0x00007cbe (0x00c75413) srli    s0, a4, 12
core   0: 3 0x00007cbe (0x00c75413) x8  0x00000000
core   0: 0x00007cc2 (0x0033fcb3) and     s9, t2, gp
core   0: 3 0x00007cc2 (0x0033fcb3) x25 0x000004b4
core   0: 0x00007cc6 (0x01ecfbb3) and     s7, s9, t5
core   0: 3 0x00007cc6 (0x01ecfbb3) x23 0x00000000
core   0: 0x00007cca (0x00008629) c.srai  a2, 10
core   0: 3 0x00007cca (0x8629) x12 0x0013e540
core   0: 0x00007ccc (0x41785593) srai    a1, a6, 23
core   0: 3 0x00007ccc (0x41785593) x11 0x00000000
core   0: 0x00007cd0 (0x00000329) c.addi  t1, 10
core   0: 3 0x00007cd0 (0x0329) x6  0x00000009
core   0: 0x00007cd2 (0x80000f37) lui     t5, 0x80000
core   0: 3 0x00007cd2 (0x80000f37) x30 0x80000000
core   0: 0x00007cd6 (0x00001f7d) c.addi  t5, -1
core   0: 3 0x00007cd6 (0x1f7d) x30 0x7fffffff
core   0: 0x00007cd8 (0x00004f81) c.li    t6, 0
core   0: 3 0x00007cd8 (0x4f81) x31 0x00000000
core   0: 0x00007cda (0x287f5f93) orc.b   t6, t5
core   0: 3 0x00007cda (0x287f5f93) x31 0xffffffff
core   0: 0x00007cde (0x023c4333) div     t1, s8, gp
core   0: 3 0x00007cde (0x023c4333) x6  0x00000000
core   0: 0x00007ce2 (0x0000983a) c.add   a6, a4
core   0: 3 0x00007ce2 (0x983a) x16 0x00000002
core   0: 0x00007ce4 (0x02bfa433) mulhsu  s0, t6, a1
core   0: 3 0x00007ce4 (0x02bfa433) x8  0x00000000
core   0: 0x00007ce8 (0x0234aeb3) mulhsu  t4, s1, gp
core   0: 3 0x00007ce8 (0x0234aeb3) x29 0x00000000
core   0: 0x00007cec (0x409a8833) sub     a6, s5, s1
core   0: 3 0x00007cec (0x409a8833) x16 0xfffffebd
core   0: 0x00007cf0 (0x0202c2b3) div     t0, t0, zero
core   0: 3 0x00007cf0 (0x0202c2b3) x5  0xffffffff
core   0: 0x00007cf4 (0x03c43b33) mulhu   s6, s0, t3
core   0: 3 0x00007cf4 (0x03c43b33) x22 0x00000000
core   0: 0x00007cf8 (0x008c4cb3) xor     s9, s8, s0
core   0: 3 0x00007cf8 (0x008c4cb3) x25 0x00000000
core   0: 0x00007cfc (0x02031ab3) mulh    s5, t1, zero
core   0: 3 0x00007cfc (0x02031ab3) x21 0x00000000
core   0: 0x00007d00 (0x0000c931) c.beqz  a0, pc + 84
core   0: 3 0x00007d00 (0xc931)
core   0: 0x00007d02 (0x80000f37) lui     t5, 0x80000
core   0: 3 0x00007d02 (0x80000f37) x30 0x80000000
core   0: 0x00007d06 (0x00007fc1) c.lui   t6, 0xffff0
core   0: 3 0x00007d06 (0x7fc1) x31 0xffff0000
core   0: 0x00007d08 (0x00000f85) c.addi  t6, 1
core   0: 3 0x00007d08 (0x0f85) x31 0xffff0001
core   0: 0x00007d0a (0x698f5f93) rev8.rv32 (args unknown)
core   0: 3 0x00007d0a (0x698f5f93) x31 0x00000080
core   0: 0x00007d0e (0x000c9863) bnez    s9, pc + 16
core   0: 3 0x00007d0e (0x000c9863)
core   0: 0x00007d12 (0x5e163193) sltiu   gp, a2, 1505
core   0: 3 0x00007d12 (0x5e163193) x3  0x00000000
core   0: 0x00007d16 (0x019ae733) or      a4, s5, s9
core   0: 3 0x00007d16 (0x019ae733) x14 0x00000000
core   0: 0x00007d1a (0x02dfb1b3) mulhu   gp, t6, a3
core   0: 3 0x00007d1a (0x02dfb1b3) x3  0x00000000
core   0: 0x00007d1e (0x0033d313) srli    t1, t2, 3
core   0: 3 0x00007d1e (0x0033d313) x6  0x00002496
core   0: 0x00007d22 (0x0000954a) c.add   a0, s2
core   0: 3 0x00007d22 (0x954a) x10 0x00000760
core   0: 0x00007d24 (0x01af52b3) srl     t0, t5, s10
core   0: 3 0x00007d24 (0x01af52b3) x5  0x00000800
core   0: 0x00007d28 (0x41378ab3) sub     s5, a5, s3
core   0: 3 0x00007d28 (0x41378ab3) x21 0xffffffff
core   0: 0x00007d2c (0xa5c37193) andi    gp, t1, -1444
core   0: 3 0x00007d2c (0xa5c37193) x3  0x00002014
core   0: 0x00007d30 (0x00006889) c.lui   a7, 0x2
core   0: 3 0x00007d30 (0x6889) x17 0x00002000
core   0: 0x00007d32 (0xa5a5af37) lui     t5, 0xa5a5a
core   0: 3 0x00007d32 (0xa5a5af37) x30 0xa5a5a000
core   0: 0x00007d36 (0x5a5f0f13) addi    t5, t5, 1445
core   0: 3 0x00007d36 (0x5a5f0f13) x30 0xa5a5a5a5
core   0: 0x00007d3a (0x00006fc1) c.lui   t6, 0x10
core   0: 3 0x00007d3a (0x6fc1) x31 0x00010000
core   0: 0x00007d3c (0x49ff1fb3) bclr    t6, t5, t6
core   0: 3 0x00007d3c (0x49ff1fb3) x31 0xa5a5a5a4
core   0: 0x00007d40 (0x412d5033) sra     zero, s10, s2
core   0: 3 0x00007d40 (0x412d5033)
core   0: 0x00007d44 (0x4076ddb3) sra     s11, a3, t2
core   0: 3 0x00007d44 (0x4076ddb3) x27 0x00000000
core   0: 0x00007d48 (0x00008505) c.srai  a0, 1
core   0: 3 0x00007d48 (0x8505) x10 0x000003b0
core   0: 0x00007d4a (0x00009afd) c.andi  a3, -1
core   0: 3 0x00007d4a (0x9afd) x13 0x00000151
core   0: 0x00007d4c (0x41985e13) srai    t3, a6, 25
core   0: 3 0x00007d4c (0x41985e13) x28 0xffffffff
core   0: 0x00007d50 (0x00bd2833) slt     a6, s10, a1
core   0: 3 0x00007d50 (0x00bd2833) x16 0x00000000
core   0: 0x00007d54 (0x00006115) c.addi16sp sp, 288
core   0: 3 0x00007d54 (0x6115) x2  0x000004a0
core   0: 0x00007d56 (0x000086b2) c.mv    a3, a2
core   0: 3 0x00007d56 (0x86b2) x13 0x0013e540
core   0: 0x00007d58 (0x673f8f93) addi    t6, t6, 1651
core   0: 3 0x00007d58 (0x673f8f93) x31 0xa5a5ac17
core   0: 0x00007d5c (0x00008d65) c.and   a0, s1
core   0: 3 0x00007d5c (0x8d65) x10 0x00000110
core   0: 0x00007d5e (0x00004f01) c.li    t5, 0
core   0: 3 0x00007d5e (0x4f01) x30 0x00000000
core   0: 0x00007d60 (0x80000fb7) lui     t6, 0x80000
core   0: 3 0x00007d60 (0x80000fb7) x31 0x80000000
core   0: 0x00007d64 (0x00001ffd) c.addi  t6, -1
core   0: 3 0x00007d64 (0x1ffd) x31 0x7fffffff
core   0: 0x00007d66 (0x49ff5fb3) bext    t6, t5, t6
core   0: 3 0x00007d66 (0x49ff5fb3) x31 0x00000000
core   0: 0x00007d6a (0x34009073) csrw    mscratch, ra
core   0: 3 0x00007d6a (0x34009073) c832_mscratch 0x00000001
core   0: 0x00007d6e (0x00002009) c.jal   pc + 2
core   0: 3 0x00007d6e (0x2009) x1  0x00007d70
core   0: 0x00007d70 (0x004000ef) jal     pc + 0x4
core   0: 3 0x00007d70 (0x004000ef) x1  0x00007d74
core   0: 0x00007d74 (0x004000ef) jal     pc + 0x4
core   0: 3 0x00007d74 (0x004000ef) x1  0x00007d78
core   0: 0x00007d78 (0x00000097) auipc   ra, 0x0
core   0: 3 0x00007d78 (0x00000097) x1  0x00007d78
core   0: 0x00007d7c (0x00c08093) addi    ra, ra, 12
core   0: 3 0x00007d7c (0x00c08093) x1  0x00007d84
core   0: 0x00007d80 (0x00008067) ret
core   0: 3 0x00007d80 (0x00008067)
core   0: 0x00007d84 (0x340020f3) csrr    ra, mscratch
core   0: 3 0x00007d84 (0x340020f3) x1  0x00000001
core   0: 0x00007d88 (0x00000001) c.nop
core   0: 3 0x00007d88 (0x0001)
core   0: 0x00007d8a (0x01e02e33) slt     t3, zero, t5
core   0: 3 0x00007d8a (0x01e02e33) x28 0x00000000
core   0: 0x00007d8e (0x03ff5a33) divu    s4, t5, t6
core   0: 3 0x00007d8e (0x03ff5a33) x20 0xffffffff
core   0: 0x00007d92 (0x00e68633) add     a2, a3, a4
core   0: 3 0x00007d92 (0x00e68633) x12 0x0013e540
core   0: 0x00007d96 (0xd0a64513) xori    a0, a2, -758
core   0: 3 0x00007d96 (0xd0a64513) x10 0xffec184a
core   0: 0x00007d9a (0x0000997d) c.andi  a0, -1
core   0: 3 0x00007d9a (0x997d) x10 0xffec184a
core   0: 0x00007d9c (0x047a1e63) bne     s4, t2, pc + 92
core   0: 3 0x00007d9c (0x047a1e63)
core   0: 0x00007df8 (0x00008255) c.srli  a2, 21
core   0: 3 0x00007df8 (0x8255) x12 0x00000000
core   0: 0x00007dfa (0x00b95463) bge     s2, a1, pc + 8
core   0: 3 0x00007dfa (0x00b95463)
core   0: 0x00007e02 (0x00009afd) c.andi  a3, -1
core   0: 3 0x00007e02 (0x9afd) x13 0x0013e540
core   0: 0x00007e04 (0x80000f37) lui     t5, 0x80000
core   0: 3 0x00007e04 (0x80000f37) x30 0x80000000
core   0: 0x00007e08 (0x00001f7d) c.addi  t5, -1
core   0: 3 0x00007e08 (0x1f7d) x30 0x7fffffff
core   0: 0x00007e0a (0x00004f81) c.li    t6, 0
core   0: 3 0x00007e0a (0x4f81) x31 0x00000000
core   0: 0x00007e0c (0x49ff1f93) bclri   t6, t5, 31
core   0: 3 0x00007e0c (0x49ff1f93) x31 0x7fffffff
core   0: 0x00007e10 (0x4004dcb3) sra     s9, s1, zero
core   0: 3 0x00007e10 (0x4004dcb3) x25 0x00000151
core   0: 0x00007e14 (0x00008d4d) c.or    a0, a1
core   0: 3 0x00007e14 (0x8d4d) x10 0xffec184a
core   0: 0x00007e16 (0x00c7e433) or      s0, a5, a2
core   0: 3 0x00007e16 (0x00c7e433) x8  0xffffffff
core   0: 0x00007e1a (0x01f34733) xor     a4, t1, t6
core   0: 3 0x00007e1a (0x01f34733) x14 0x7fffdb69
core   0: 0x00007e1e (0xb80f3693) sltiu   a3, t5, -1152
core   0: 3 0x00007e1e (0xb80f3693) x13 0x00000001
core   0: 0x00007e22 (0x01ca4033) xor     zero, s4, t3
core   0: 3 0x00007e22 (0x01ca4033)
core   0: 0x00007e26 (0x01d19e93) slli    t4, gp, 29
core   0: 3 0x00007e26 (0x01d19e93) x29 0x80000000
core   0: 0x00007e2a (0x01f5aab3) slt     s5, a1, t6
core   0: 3 0x00007e2a (0x01f5aab3) x21 0x00000001
core   0: 0x00007e2e (0x038ac763) blt     s5, s8, pc + 46
core   0: 3 0x00007e2e (0x038ac763)
core   0: 0x00007e32 (0x0000803d) c.srli  s0, 15
core   0: 3 0x00007e32 (0x803d) x8  0x0001ffff
core   0: 0x00007e34 (0x80000f37) lui     t5, 0x80000
core   0: 3 0x00007e34 (0x80000f37) x30 0x80000000
core   0: 0x00007e38 (0x00007fc1) c.lui   t6, 0xffff0
core   0: 3 0x00007e38 (0x7fc1) x31 0xffff0000
core   0: 0x00007e3a (0x00000f85) c.addi  t6, 1
core   0: 3 0x00007e3a (0x0f85) x31 0xffff0001
core   0: 0x00007e3c (0x48ff5f93) bexti   t6, t5, 15
core   0: 3 0x00007e3c (0x48ff5f93) x31 0x00000000
core   0: 0x00007e40 (0x03825033) divu    zero, tp, s8
core   0: 3 0x00007e40 (0x03825033)
core   0: 0x00007e44 (0x00008f8a) c.mv    t6, sp
core   0: 3 0x00007e44 (0x8f8a) x31 0x000004a0
core   0: 0x00007e46 (0x54f1fe93) andi    t4, gp, 1359
core   0: 3 0x00007e46 (0x54f1fe93) x29 0x00000004
core   0: 0x00007e4a (0x73d5d897) auipc   a7, 0x73d5d
core   0: 3 0x00007e4a (0x73d5d897) x17 0x73d64e4a
core   0: 0x00007e4e (0x706916b7) lui     a3, 0x70691
core   0: 3 0x00007e4e (0x706916b7) x13 0x70691000
core   0: 0x00007e52 (0x00001908) c.addi4spn a0, sp, 176
core   0: 3 0x00007e52 (0x1908) x10 0x00000550
core   0: 0x00007e54 (0x06f4e363) bltu    s1, a5, pc + 102
core   0: 3 0x00007e54 (0x06f4e363)
core   0: 0x00007eba (0x4c7ba317) auipc   t1, 0x4c7ba
core   0: 3 0x00007eba (0x4c7ba317) x6  0x4c7c1eba
core   0: 0x00007ebe (0x0000c50d) c.beqz  a0, pc + 42
core   0: 3 0x00007ebe (0xc50d)
core   0: 0x00007ec0 (0x02fa9963) bne     s5, a5, pc + 50
core   0: 3 0x00007ec0 (0x02fa9963)
core   0: 0x00007ef2 (0x000085d5) c.srai  a1, 21
core   0: 3 0x00007ef2 (0x85d5) x11 0x00000000
core   0: 0x00007ef4 (0x016210b3) sll     ra, tp, s6
core   0: 3 0x00007ef4 (0x016210b3) x1  0x00000000
core   0: 0x00007ef8 (0x0c002097) auipc   ra, 0xc002
core   0: 3 0x00007ef8 (0x0c002097) x1  0x0c009ef8
core   0: 0x00007efc (0x009cc033) xor     zero, s9, s1
core   0: 3 0x00007efc (0x009cc033)
core   0: 0x00007f00 (0x1cf26093) ori     ra, tp, 463
core   0: 3 0x00007f00 (0x1cf26093) x1  0x000001cf
core   0: 0x00007f04 (0x00006f41) c.lui   t5, 0x10
core   0: 3 0x00007f04 (0x6f41) x30 0x00010000
core   0: 0x00007f06 (0xa5a5afb7) lui     t6, 0xa5a5a
core   0: 3 0x00007f06 (0xa5a5afb7) x31 0xa5a5a000
core   0: 0x00007f0a (0x5a5f8f93) addi    t6, t6, 1445
core   0: 3 0x00007f0a (0x5a5f8f93) x31 0xa5a5a5a5
core   0: 0x00007f0e (0x0fff7fb3) czero.nez t6, t5, t6
core   0: 3 0x00007f0e (0x0fff7fb3) x31 0x00000000
core   0: 0x00007f12 (0x34009073) csrw    mscratch, ra
core   0: 3 0x00007f12 (0x34009073) c832_mscratch 0x000001cf
core   0: 0x00007f16 (0x008000ef) jal     pc + 0x8
core   0: 3 0x00007f16 (0x008000ef) x1  0x00007f1a
core   0: 0x00007f1e (0x340020f3) csrr    ra, mscratch
core   0: 3 0x00007f1e (0x340020f3) x1  0x000001cf
core   0: 0x00007f22 (0x01ffc9b3) xor     s3, t6, t6
core   0: 3 0x00007f22 (0x01ffc9b3) x19 0x00000000
core   0: 0x00007f26 (0x0000861d) c.srai  a2, 7
core   0: 3 0x00007f26 (0x861d) x12 0x00000000
core   0: 0x00007f28 (0x00008549) c.srai  a0, 18
core   0: 3 0x00007f28 (0x8549) x10 0x00000000
core   0: 0x00007f2a (0x40e85cb3) sra     s9, a6, a4
core   0: 3 0x00007f2a (0x40e85cb3) x25 0x00000000
core   0: 0x00007f2e (0x00c65193) srli    gp, a2, 12
core   0: 3 0x00007f2e (0x00c65193) x3  0x00000000
core   0: 0x00007f32 (0x01ffb033) sltu    zero, t6, t6
core   0: 3 0x00007f32 (0x01ffb033)
core   0: 0x00007f36 (0xaecab113) sltiu   sp, s5, -1300
core   0: 3 0x00007f36 (0xaecab113) x2  0x00000001
core   0: 0x00007f3a (0x0000841d) c.srai  s0, 7
core   0: 3 0x00007f3a (0x841d) x8  0x000003ff
core   0: 0x00007f3c (0x00009afd) c.andi  a3, -1
core   0: 3 0x00007f3c (0x9afd) x13 0x70691000
core   0: 0x00007f3e (0x00009a56) c.add   s4, s5
core   0: 3 0x00007f3e (0x9a56) x20 0x00000000
core   0: 0x00007f40 (0x80000f37) lui     t5, 0x80000
core   0: 3 0x00007f40 (0x80000f37) x30 0x80000000
core   0: 0x00007f44 (0x00001f7d) c.addi  t5, -1
core   0: 3 0x00007f44 (0x1f7d) x30 0x7fffffff
core   0: 0x00007f46 (0x00004f81) c.li    t6, 0
core   0: 3 0x00007f46 (0x4f81) x31 0x00000000
core   0: 0x00007f48 (0x21ff2fb3) sh1add  t6, t5, t6
core   0: 3 0x00007f48 (0x21ff2fb3) x31 0xfffffffe
core   0: 0x00007f4c (0x4040dfb3) sra     t6, ra, tp
core   0: 3 0x00007f4c (0x4040dfb3) x31 0x000001cf
core   0: 0x00007f50 (0x03761ab3) mulh    s5, a2, s7
core   0: 3 0x00007f50 (0x03761ab3) x21 0x00000000
core   0: 0x00007f54 (0x00008e6d) c.and   a2, a1
core   0: 3 0x00007f54 (0x8e6d) x12 0x00000000
core   0: 0x00007f56 (0x00008515) c.srai  a0, 5
core   0: 3 0x00007f56 (0x8515) x10 0x00000000
core   0: 0x00007f58 (0xf6d5e013) ori     zero, a1, -147
core   0: 3 0x00007f58 (0xf6d5e013)
core   0: 0x00007f5c (0x41bb5933) sra     s2, s6, s11
core   0: 3 0x00007f5c (0x41bb5933) x18 0x00000000
core   0: 0x00007f60 (0x01799313) slli    t1, s3, 23
core   0: 3 0x00007f60 (0x01799313) x6  0x00000000
core   0: 0x00007f64 (0x077f4263) blt     t5, s7, pc + 100
core   0: 3 0x00007f64 (0x077f4263)
core   0: 0x00007f68 (0x07fe0463) beq     t3, t6, pc + 104
core   0: 3 0x00007f68 (0x07fe0463)
core   0: 0x00007f6c (0x02aae763) bltu    s5, a0, pc + 46
core   0: 3 0x00007f6c (0x02aae763)
core   0: 0x00007f70 (0x80000f37) lui     t5, 0x80000
core   0: 3 0x00007f70 (0x80000f37) x30 0x80000000
core   0: 0x00007f74 (0x00007fc1) c.lui   t6, 0xffff0
core   0: 3 0x00007f74 (0x7fc1) x31 0xffff0000
core   0: 0x00007f76 (0x00000f85) c.addi  t6, 1
core   0: 3 0x00007f76 (0x0f85) x31 0xffff0001
core   0: 0x00007f78 (0x21ff4fb3) sh2add  t6, t5, t6
core   0: 3 0x00007f78 (0x21ff4fb3) x31 0xffff0001
core   0: 0x00007f7c (0x340f1073) csrw    mscratch, t5
core   0: 3 0x00007f7c (0x340f1073) c832_mscratch 0x80000000
core   0: 0x00007f80 (0x34002ff3) csrr    t6, mscratch
core   0: 3 0x00007f80 (0x34002ff3) x31 0x80000000
core   0: 0x00007f84 (0x34003ff3) csrrc   t6, mscratch, zero
core   0: 3 0x00007f84 (0x34003ff3) x31 0x80000000
core   0: 0x00007f88 (0x0000909e) c.add   ra, t2
core   0: 3 0x00007f88 (0x909e) x1  0x00012683
core   0: 0x00007f8a (0xef477613) andi    a2, a4, -268
core   0: 3 0x00007f8a (0xef477613) x12 0x7fffda60
core   0: 0x00007f8e (0x020130b3) mulhu   ra, sp, zero
core   0: 3 0x00007f8e (0x020130b3) x1  0x00000000
core   0: 0x00007f92 (0x40605e93) srai    t4, zero, 6
core   0: 3 0x00007f92 (0x40605e93) x29 0x00000000
core   0: 0x00007f96 (0x411dd913) srai    s2, s11, 17
core   0: 3 0x00007f96 (0x411dd913) x18 0x00000000
core   0: 0x00007f9a (0x0392f663) bgeu    t0, s9, pc + 44
core   0: 3 0x00007f9a (0x0392f663)
core   0: 0x00007fc6 (0x000086c9) c.srai  a3, 18
core   0: 3 0x00007fc6 (0x86c9) x13 0x00001c1a
core   0: 0x00007fc8 (0x000015fd) c.addi  a1, -1
core   0: 3 0x00007fc8 (0x15fd) x11 0xffffffff
core   0: 0x00007fca (0x000097aa) c.add   a5, a0
core   0: 3 0x00007fca (0x97aa) x15 0xffffffff
core   0: 0x00007fcc (0x0409ce63) bltz    s3, pc + 92
core   0: 3 0x00007fcc (0x0409ce63)
core   0: 0x00007fd0 (0x033e4463) blt     t3, s3, pc + 40
core   0: 3 0x00007fd0 (0x033e4463)
core   0: 0x00007fd4 (0x02b260b3) rem     ra, tp, a1
core   0: 3 0x00007fd4 (0x02b260b3) x1  0x00000000
core   0: 0x00007fd8 (0x00bdd993) srli    s3, s11, 11
core   0: 3 0x00007fd8 (0x00bdd993) x19 0x00000000
core   0: 0x00007fdc (0x00004f01) c.li    t5, 0
core   0: 3 0x00007fdc (0x4f01) x30 0x00000000
core   0: 0x00007fde (0x80000fb7) lui     t6, 0x80000
core   0: 3 0x00007fde (0x80000fb7) x31 0x80000000
core   0: 0x00007fe2 (0x00001ffd) c.addi  t6, -1
core   0: 3 0x00007fe2 (0x1ffd) x31 0x7fffffff
core   0: 0x00007fe4 (0x41ff7fb3) andn    t6, t5, t6
core   0: 3 0x00007fe4 (0x41ff7fb3) x31 0x00000000
core   0: 0x00007fe8 (0x00005cfd) c.li    s9, -1
core   0: 3 0x00007fe8 (0x5cfd) x25 0xffffffff
core   0: 0x00007fea (0x59f2e193) ori     gp, t0, 1439
core   0: 3 0x00007fea (0x59f2e193) x3  0x00000d9f
core   0: 0x00007fee (0x00008e89) c.sub   a3, a0
core   0: 3 0x00007fee (0x8e89) x13 0x00001c1a
core   0: 0x00007ff0 (0x0211dc33) divu    s8, gp, ra
core   0: 3 0x00007ff0 (0x0211dc33) x24 0xffffffff
core   0: 0x00007ff4 (0x627f0f93) addi    t6, t5, 1575
core   0: 3 0x00007ff4 (0x627f0f93) x31 0x00000627
core   0: 0x00007ff8 (0x0000c929) c.beqz  a0, pc + 82
core   0: 3 0x00007ff8 (0xc929)
core   0: 0x0000804a (0x00006e09) c.lui   t3, 0x2
core   0: 3 0x0000804a (0x6e09) x28 0x00002000
core   0: 0x0000804c (0x00ef5013) srli    zero, t5, 14
core   0: 3 0x0000804c (0x00ef5013)
core   0: 0x00008050 (0x03f2d133) divu    sp, t0, t6
core   0: 3 0x00008050 (0x03f2d133) x2  0x00000001
core   0: 0x00008054 (0x0000997d) c.andi  a0, -1
core   0: 3 0x00008054 (0x997d) x10 0x00000000
core   0: 0x00008056 (0x01844eb3) xor     t4, s0, s8
core   0: 3 0x00008056 (0x01844eb3) x29 0xfffffc00
core   0: 0x0000805a (0x01558333) add     t1, a1, s5
core   0: 3 0x0000805a (0x01558333) x6  0xffffffff
core   0: 0x0000805e (0xfacd4e93) xori    t4, s10, -84
core   0: 3 0x0000805e (0xfacd4e93) x29 0xfffe8d78
core   0: 0x00008062 (0x00000001) c.nop
core   0: 3 0x00008062 (0x0001)
core   0: 0x00008064 (0x80000f37) lui     t5, 0x80000
core   0: 3 0x00008064 (0x80000f37) x30 0x80000000
core   0: 0x00008068 (0x00001f7d) c.addi  t5, -1
core   0: 3 0x00008068 (0x1f7d) x30 0x7fffffff
core   0: 0x0000806a (0x00004f81) c.li    t6, 0
core   0: 3 0x0000806a (0x4f81) x31 0x00000000
core   0: 0x0000806c (0x600f1f93) clz     t6, t5
core   0: 3 0x0000806c (0x600f1f93) x31 0x00000001
core   0: 0x00008070 (0x34041073) csrw    mscratch, s0
core   0: 3 0x00008070 (0x34041073) c832_mscratch 0x000003ff
core   0: 0x00008074 (0x00001417) auipc   s0, 0x1
core   0: 3 0x00008074 (0x00001417) x8  0x00009074
core   0: 0x00008078 (0x61440413) addi    s0, s0, 1556
core   0: 3 0x00008078 (0x61440413) x8  0x00009688
core   0: 0x0000807c (0x0000c004) c.sw    s1, 0(s0)
core   0: 3 0x0000807c (0xc004) mem 0x00009688 0x00000151
core   0: 0x0000807e (0x00242223) sw      sp, 4(s0)
core   0: 3 0x0000807e (0x00242223) mem 0x0000968c 0x00000001
core   0: 0x00008082 (0x00840113) addi    sp, s0, 8
core   0: 3 0x00008082 (0x00840113) x2  0x00009690
core   0: 0x00008086 (0x0000c07e) c.swsp  t6, 0(sp)
core   0: 3 0x00008086 (0xc07e) mem 0x00009690 0x00000001
core   0: 0x00008088 (0x00004f02) c.lwsp  t5, 0(sp)
core   0: 3 0x00008088 (0x4f02) x30 0x00000001 mem 0x00009690
core   0: 0x0000808a (0x01f42423) sw      t6, 8(s0)
core   0: 3 0x0000808a (0x01f42423) mem 0x00009690 0x00000001
core   0: 0x0000808e (0x00004404) c.lw    s1, 8(s0)
core   0: 3 0x0000808e (0x4404) x9  0x00000001 mem 0x00009690
core   0: 0x00008090 (0x0000c404) c.sw    s1, 8(s0)
core   0: 3 0x00008090 (0xc404) mem 0x00009690 0x00000001
core   0: 0x00008092 (0x00442103) lw      sp, 4(s0)
core   0: 3 0x00008092 (0x00442103) x2  0x00000001 mem 0x0000968c
core   0: 0x00008096 (0x00004004) c.lw    s1, 0(s0)
core   0: 3 0x00008096 (0x4004) x9  0x00000151 mem 0x00009688
core   0: 0x00008098 (0x34002473) csrr    s0, mscratch
core   0: 3 0x00008098 (0x34002473) x8  0x000003ff
core   0: 0x0000809c (0x035c2933) mulhsu  s2, s8, s5
core   0: 3 0x0000809c (0x035c2933) x18 0x00000000
core   0: 0x000080a0 (0xb4feae93) slti    t4, t4, -1201
core   0: 3 0x000080a0 (0xb4feae93) x29 0x00000001
core   0: 0x000080a4 (0x00008ce5) c.and   s1, s1
core   0: 3 0x000080a4 (0x8ce5) x9  0x00000151
core   0: 0x000080a6 (0xf90dc013) xori    zero, s11, -112
core   0: 3 0x000080a6 (0xf90dc013)
core   0: 0x000080aa (0x6dfe3193) sltiu   gp, t3, 1759
core   0: 3 0x000080aa (0x6dfe3193) x3  0x00000000
core   0: 0x000080ae (0x0367a433) mulhsu  s0, a5, s6
core   0: 3 0x000080ae (0x0367a433) x8  0x00000000
core   0: 0x000080b2 (0x00956733) or      a4, a0, s1
core   0: 3 0x000080b2 (0x00956733) x14 0x00000151
core   0: 0x000080b6 (0x00008539) c.srai  a0, 14
core   0: 3 0x000080b6 (0x8539) x10 0x00000000
core   0: 0x000080b8 (0x0000717d) c.addi16sp sp, -16
core   0: 3 0x000080b8 (0x717d) x2  0xfffffff1
core   0: 0x000080ba (0x00000f9a) c.slli  t6, 6
core   0: 3 0x000080ba (0x0f9a) x31 0x00000040
core   0: 0x000080bc (0x80000f37) lui     t5, 0x80000
core   0: 3 0x000080bc (0x80000f37) x30 0x80000000
core   0: 0x000080c0 (0x00007fc1) c.lui   t6, 0xffff0
core   0: 3 0x000080c0 (0x7fc1) x31 0xffff0000
core   0: 0x000080c2 (0x00000f85) c.addi  t6, 1
core   0: 3 0x000080c2 (0x0f85) x31 0xffff0001
core   0: 0x000080c4 (0x601f1f93) ctz     t6, t5
core   0: 3 0x000080c4 (0x601f1f93) x31 0x0000001f
core   0: 0x000080c8 (0x9e643113) sltiu   sp, s0, -1562
core   0: 3 0x000080c8 (0x9e643113) x2  0x00000001
core   0: 0x000080cc (0x015b5633) srl     a2, s6, s5
core   0: 3 0x000080cc (0x015b5633) x12 0x00000000
core   0: 0x000080d0 (0x41528033) sub     zero, t0, s5
core   0: 3 0x000080d0 (0x41528033)
core   0: 0x000080d4 (0x00008d55) c.or    a0, a3
core   0: 3 0x000080d4 (0x8d55) x10 0x00001c1a
core   0: 0x000080d6 (0x00000001) c.nop
core   0: 3 0x000080d6 (0x0001)
core   0: 0x000080d8 (0x0280bab3) mulhu   s5, ra, s0
core   0: 3 0x000080d8 (0x0280bab3) x21 0x00000000
core   0: 0x000080dc (0x000000ee) c.slli  ra, 27
core   0: 3 0x000080dc (0x00ee) x1  0x00000000
core   0: 0x000080de (0x4097b613) sltiu   a2, a5, 1033
core   0: 3 0x000080de (0x4097b613) x12 0x00000000
core   0: 0x000080e2 (0x00bc59b3) srl     s3, s8, a1
core   0: 3 0x000080e2 (0x00bc59b3) x19 0x00000001
core   0: 0x000080e6 (0x38ea4c93) xori    s9, s4, 910
core   0: 3 0x000080e6 (0x38ea4c93) x25 0x0000038e
core   0: 0x000080ea (0xa5a5af37) lui     t5, 0xa5a5a
core   0: 3 0x000080ea (0xa5a5af37) x30 0xa5a5a000
core   0: 0x000080ee (0x5a5f0f13) addi    t5, t5, 1445
core   0: 3 0x000080ee (0x5a5f0f13) x30 0xa5a5a5a5
core   0: 0x000080f2 (0x00006fc1) c.lui   t6, 0x10
core   0: 3 0x000080f2 (0x6fc1) x31 0x00010000
core   0: 0x000080f4 (0x602f1f93) cpop    t6, t5
core   0: 3 0x000080f4 (0x602f1f93) x31 0x00000010
core   0: 0x000080f8 (0x0000c139) c.beqz  a0, pc + 70
core   0: 3 0x000080f8 (0xc139)
core   0: 0x000080fa (0x00008d6d) c.and   a0, a1
core   0: 3 0x000080fa (0x8d6d) x10 0x00001c1a
core   0: 0x000080fc (0x00008d4d) c.or    a0, a1
core   0: 3 0x000080fc (0x8d4d) x10 0xffffffff
core   0: 0x000080fe (0x00000001) c.nop
core   0: 3 0x000080fe (0x0001)
core   0: 0x00008100 (0x03a3dd63) bge     t2, s10, pc + 58
core   0: 3 0x00008100 (0x03a3dd63)
core   0: 0x00008104 (0x00000001) c.nop
core   0: 3 0x00008104 (0x0001)
core   0: 0x00008106 (0x009a71b3) and     gp, s4, s1
core   0: 3 0x00008106 (0x009a71b3) x3  0x00000000
core   0: 0x0000810a (0x00f62433) slt     s0, a2, a5
core   0: 3 0x0000810a (0x00f62433) x8  0x00000000
core   0: 0x0000810e (0xcd256413) ori     s0, a0, -814
core   0: 3 0x0000810e (0xcd256413) x8  0xffffffff
core   0: 0x00008112 (0x41610633) sub     a2, sp, s6
core   0: 3 0x00008112 (0x41610633) x12 0x00000001
core   0: 0x00008116 (0x00004f01) c.li    t5, 0
core   0: 3 0x00008116 (0x4f01) x30 0x00000000
core   0: 0x00008118 (0x80000fb7) lui     t6, 0x80000
core   0: 3 0x00008118 (0x80000fb7) x31 0x80000000
core   0: 0x0000811c (0x00001ffd) c.addi  t6, -1
core   0: 3 0x0000811c (0x1ffd) x31 0x7fffffff
core   0: 0x0000811e (0x0bff4fb3) min     t6, t5, t6
core   0: 3 0x0000811e (0x0bff4fb3) x31 0x00000000
core   0: 0x00008122 (0x00008d7d) c.and   a0, a5
core   0: 3 0x00008122 (0x8d7d) x10 0xffffffff
core   0: 0x00008124 (0x02efcab3) div     s5, t6, a4
core   0: 3 0x00008124 (0x02efcab3) x21 0x00000000
core   0: 0x00008128 (0x01d6f363) bgeu    a3, t4, pc + 6
core   0: 3 0x00008128 (0x01d6f363)
core   0: 0x0000812e (0x0000910a) c.add   sp, sp
core   0: 3 0x0000812e (0x910a) x2  0x00000002
core   0: 0x00008130 (0x00000001) c.nop
core   0: 3 0x00008130 (0x0001)
core   0: 0x00008132 (0xd308f213) andi    tp, a7, -720
core   0: 3 0x00008132 (0xd308f213) x4  0x73d64c00
core   0: 0x00008136 (0x41f508b3) sub     a7, a0, t6
core   0: 3 0x00008136 (0x41f508b3) x17 0xffffffff
core   0: 0x0000813a (0x57017793) andi    a5, sp, 1392
core   0: 3 0x0000813a (0x57017793) x15 0x00000000
core   0: 0x0000813e (0x02bc8263) beq     s9, a1, pc + 36
core   0: 3 0x0000813e (0x02bc8263)
core   0: 0x00008142 (0x00007f41) c.lui   t5, 0xffff0
core   0: 3 0x00008142 (0x7f41) x30 0xffff0000
core   0: 0x00008144 (0x00000f05) c.addi  t5, 1
core   0: 3 0x00008144 (0x0f05) x30 0xffff0001
core   0: 0x00008146 (0x80000fb7) lui     t6, 0x80000
core   0: 3 0x00008146 (0x80000fb7) x31 0x80000000
core   0: 0x0000814a (0x0bff5fb3) minu    t6, t5, t6
core   0: 3 0x0000814a (0x0bff5fb3) x31 0x80000000
core   0: 0x0000814e (0x00aa5013) srli    zero, s4, 10
core   0: 3 0x0000814e (0x00aa5013)
core   0: 0x00008152 (0x00f6f5b3) and     a1, a3, a5
core   0: 3 0x00008152 (0x00f6f5b3) x11 0x00000000
core   0: 0x00008156 (0x00000001) c.nop
core   0: 3 0x00008156 (0x0001)
core   0: 0x00008158 (0x41070733) sub     a4, a4, a6
core   0: 3 0x00008158 (0x41070733) x14 0x00000151
core   0: 0x0000815c (0x00000001) c.nop
core   0: 3 0x0000815c (0x0001)
core   0: 0x0000815e (0x00001f08) c.addi4spn a0, sp, 944
core   0: 3 0x0000815e (0x1f08) x10 0x000003b2
core   0: 0x00008160 (0x000004d2) c.slli  s1, 20
core   0: 3 0x00008160 (0x04d2) x9  0x15100000
core   0: 0x00008162 (0x04984963) blt     a6, s1, pc + 82
core   0: 3 0x00008162 (0x04984963)
core   0: 0x000081b4 (0x00407f63) bgeu    zero, tp, pc + 30
core   0: 3 0x000081b4 (0x00407f63)
core   0: 0x000081b8 (0x80000f37) lui     t5, 0x80000
core   0: 3 0x000081b8 (0x80000f37) x30 0x80000000
core   0: 0x000081bc (0x00001f7d) c.addi  t5, -1
core   0: 3 0x000081bc (0x1f7d) x30 0x7fffffff
core   0: 0x000081be (0x00004f81) c.li    t6, 0
core   0: 3 0x000081be (0x4f81) x31 0x00000000
core   0: 0x000081c0 (0x0bff7fb3) maxu    t6, t5, t6
core   0: 3 0x000081c0 (0x0bff7fb3) x31 0x7fffffff
core   0: 0x000081c4 (0x2e07ac93) slti    s9, a5, 736
core   0: 3 0x000081c4 (0x2e07ac93) x25 0x00000001
core   0: 0x000081c8 (0x00008569) c.srai  a0, 26
core   0: 3 0x000081c8 (0x8569) x10 0x00000000
core   0: 0x000081ca (0x01451c13) slli    s8, a0, 20
core   0: 3 0x000081ca (0x01451c13) x24 0x00000000
core   0: 0x000081ce (0x000000b9) c.addi  ra, 14
core   0: 3 0x000081ce (0x00b9) x1  0x0000000e
core   0: 0x000081d0 (0x000097d6) c.add   a5, s5
core   0: 3 0x000081d0 (0x97d6) x15 0x00000000
core   0: 0x000081d2 (0x00000bba) c.slli  s7, 14
core   0: 3 0x000081d2 (0x0bba) x23 0x00000000
core   0: 0x000081d4 (0x000081cd) c.srli  a1, 19
core   0: 3 0x000081d4 (0x81cd) x11 0x00000000
core   0: 0x000081d6 (0x41c70633) sub     a2, a4, t3
core   0: 3 0x000081d6 (0x41c70633) x12 0xffffe151
core   0: 0x000081da (0x02a0a0b3) mulhsu  ra, ra, a0
core   0: 3 0x000081da (0x02a0a0b3) x1  0x00000000
core   0: 0x000081de (0x00eccb63) blt     s9, a4, pc + 22
core   0: 3 0x000081de (0x00eccb63)
core   0: 0x000081f4 (0x00008156) c.mv    sp, s5
core   0: 3 0x000081f4 (0x8156) x2  0x00000000
core   0: 0x000081f6 (0x023f8333) mul     t1, t6, gp
core   0: 3 0x000081f6 (0x023f8333) x6  0x00000000
core   0: 0x000081fa (0x01132eb3) slt     t4, t1, a7
core   0: 3 0x000081fa (0x01132eb3) x29 0x00000000
core   0: 0x000081fe (0x02afd363) bge     t6, a0, pc + 38
core   0: 3 0x000081fe (0x02afd363)
core   0: 0x00008224 (0x415105b3) sub     a1, sp, s5
core   0: 3 0x00008224 (0x415105b3) x11 0x00000000
core   0: 0x00008228 (0x000060d9) c.lui   ra, 0x16
core   0: 3 0x00008228 (0x60d9) x1  0x00016000
core   0: 0x0000822a (0x00000001) c.nop
core   0: 3 0x0000822a (0x0001)
core   0: 0x0000822c (0x00a310b3) sll     ra, t1, a0
core   0: 3 0x0000822c (0x00a310b3) x1  0x00000000
core   0: 0x00008230 (0x411fdc13) srai    s8, t6, 17
core   0: 3 0x00008230 (0x411fdc13) x24 0x00003fff
core   0: 0x00008234 (0x063b5f63) bge     s6, gp, pc + 126
core   0: 3 0x00008234 (0x063b5f63)
core   0: 0x000082b2 (0x014b54b3) srl     s1, s6, s4
core   0: 3 0x000082b2 (0x014b54b3) x9  0x00000000
core   0: 0x000082b6 (0x0007f4b3) and     s1, a5, zero
core   0: 3 0x000082b6 (0x0007f4b3) x9  0x00000000
core   0: 0x000082ba (0x00006f41) c.lui   t5, 0x10
core   0: 3 0x000082ba (0x6f41) x30 0x00010000
core   0: 0x000082bc (0xa5a5afb7) lui     t6, 0xa5a5a
core   0: 3 0x000082bc (0xa5a5afb7) x31 0xa5a5a000
core   0: 0x000082c0 (0x5a5f8f93) addi    t6, t6, 1445
core   0: 3 0x000082c0 (0x5a5f8f93) x31 0xa5a5a5a5
core   0: 0x000082c4 (0x61ff5fb3) ror     t6, t5, t6
core   0: 3 0x000082c4 (0x61ff5fb3) x31 0x00000800
core   0: 0x000082c8 (0x4067d933) sra     s2, a5, t1
core   0: 3 0x000082c8 (0x4067d933) x18 0x00000000
core   0: 0x000082cc (0x5375e493) ori     s1, a1, 1335
core   0: 3 0x000082cc (0x5375e493) x9  0x00000537
core   0: 0x000082d0 (0x03b01963) bne     zero, s11, pc + 50
core   0: 3 0x000082d0 (0x03b01963)
core   0: 0x000082d4 (0x06eee993) ori     s3, t4, 110
core   0: 3 0x000082d4 (0x06eee993) x19 0x0000006e
core   0: 0x000082d8 (0x034f5033) divu    zero, t5, s4
core   0: 3 0x000082d8 (0x034f5033)
core   0: 0x000082dc (0x00000001) c.nop
core   0: 3 0x000082dc (0x0001)
core   0: 0x000082de (0x01884cb3) xor     s9, a6, s8
core   0: 3 0x000082de (0x01884cb3) x25 0x00003fff
core   0: 0x000082e2 (0x00009c3a) c.add   s8, a4
core   0: 3 0x000082e2 (0x9c3a) x24 0x00004150
core   0: 0x000082e4 (0x00008d55) c.or    a0, a3
core   0: 3 0x000082e4 (0x8d55) x10 0x00001c1a
core   0: 0x000082e6 (0x02aec333) div     t1, t4, a0
core   0: 3 0x000082e6 (0x02aec333) x6  0x00000000
core   0: 0x000082ea (0x80000f37) lui     t5, 0x80000
core   0: 3 0x000082ea (0x80000f37) x30 0x80000000
core   0: 0x000082ee (0x00001f7d) c.addi  t5, -1
core   0: 3 0x000082ee (0x1f7d) x30 0x7fffffff
core   0: 0x000082f0 (0x00004f81) c.li    t6, 0
core   0: 3 0x000082f0 (0x4f81) x31 0x00000000
core   0: 0x000082f2 (0x607f5f93) rori    t6, t5, 7
core   0: 3 0x000082f2 (0x607f5f93) x31 0xfeffffff
core   0: 0x000082f6 (0x0000717d) c.addi16sp sp, -16
core   0: 3 0x000082f6 (0x717d) x2  0xfffffff0
core   0: 0x000082f8 (0x04cd9063) bne     s11, a2, pc + 64
core   0: 3 0x000082f8 (0x04cd9063)
core   0: 0x00008338 (0xfed52217) auipc   tp, 0xfed52
core   0: 3 0x00008338 (0xfed52217) x4  0xfed5a338
core   0: 0x0000833c (0x0022b7b3) sltu    a5, t0, sp
core   0: 3 0x0000833c (0x0022b7b3) x15 0x00000001
core   0: 0x00008340 (0xb76b7d93) andi    s11, s6, -1162
core   0: 3 0x00008340 (0xb76b7d93) x27 0x00000000
core   0: 0x00008344 (0x01856033) or      zero, a0, s8
core   0: 3 0x00008344 (0x01856033)
core   0: 0x00008348 (0xa5a5af37) lui     t5, 0xa5a5a
core   0: 3 0x00008348 (0xa5a5af37) x30 0xa5a5a000
core   0: 0x0000834c (0x5a5f0f13) addi    t5, t5, 1445
core   0: 3 0x0000834c (0x5a5f0f13) x30 0xa5a5a5a5
core   0: 0x00008350 (0x00006fc1) c.lui   t6, 0x10
core   0: 3 0x00008350 (0x6fc1) x31 0x00010000
core   0: 0x00008352 (0x698f5f93) rev8.rv32 (args unknown)
core   0: 3 0x00008352 (0x698f5f93) x31 0xa5a5a5a5
core   0: 0x00008356 (0x01c47a33) and     s4, s0, t3
core   0: 3 0x00008356 (0x01c47a33) x20 0x00002000
core   0: 0x0000835a (0x062f7363) bgeu    t5, sp, pc + 102
core   0: 3 0x0000835a (0x062f7363)
core   0: 0x0000835e (0x06c86363) bltu    a6, a2, pc + 102
core   0: 3 0x0000835e (0x06c86363)
core   0: 0x000083c4 (0x0300b8b3) mulhu   a7, ra, a6
core   0: 3 0x000083c4 (0x0300b8b3) x17 0x00000000
core   0: 0x000083c8 (0x0148c533) xor     a0, a7, s4
core   0: 3 0x000083c8 (0x0148c533) x10 0x00002000
core   0: 0x000083cc (0x06eb7c13) andi    s8, s6, 110
core   0: 3 0x000083cc (0x06eb7c13) x24 0x00000000
core   0: 0x000083d0 (0x41bf8133) sub     sp, t6, s11
core   0: 3 0x000083d0 (0x41bf8133) x2  0xa5a5a5a5
core   0: 0x000083d4 (0x029a4033) div     zero, s4, s1
core   0: 3 0x000083d4 (0x029a4033)
core   0: 0x000083d8 (0x00d734b3) sltu    s1, a4, a3
core   0: 3 0x000083d8 (0x00d734b3) x9  0x00000001
core   0: 0x000083dc (0x00000c22) c.slli  s8, 8
core   0: 3 0x000083dc (0x0c22) x24 0x00000000
core   0: 0x000083de (0x0163fab3) and     s5, t2, s6
core   0: 3 0x000083de (0x0163fab3) x21 0x00000000
core   0: 0x000083e2 (0x00006f41) c.lui   t5, 0x10
core   0: 3 0x000083e2 (0x6f41) x30 0x00010000
core   0: 0x000083e4 (0xa5a5afb7) lui     t6, 0xa5a5a
core   0: 3 0x000083e4 (0xa5a5afb7) x31 0xa5a5a000
core   0: 0x000083e8 (0x5a5f8f93) addi    t6, t6, 1445
core   0: 3 0x000083e8 (0x5a5f8f93) x31 0xa5a5a5a5
core   0: 0x000083ec (0x69ff1fb3) binv    t6, t5, t6
core   0: 3 0x000083ec (0x69ff1fb3) x31 0x00010020
core   0: 0x000083f0 (0x00000e94) c.addi4spn a3, sp, 848
core   0: 3 0x000083f0 (0x0e94) x13 0xa5a5a8f5
core   0: 0x000083f2 (0x00006095) c.lui   ra, 0x5
core   0: 3 0x000083f2 (0x6095) x1  0x00005000
core   0: 0x000083f4 (0x04475563) bge     a4, tp, pc + 74
core   0: 3 0x000083f4 (0x04475563)
core   0: 0x0000843e (0x4a026793) ori     a5, tp, 1184
core   0: 3 0x0000843e (0x4a026793) x15 0xfed5a7b8
core   0: 0x00008442 (0x80000f37) lui     t5, 0x80000
core   0: 3 0x00008442 (0x80000f37) x30 0x80000000
core   0: 0x00008446 (0x00007fc1) c.lui   t6, 0xffff0
core   0: 3 0x00008446 (0x7fc1) x31 0xffff0000
core   0: 0x00008448 (0x00000f85) c.addi  t6, 1
core   0: 3 0x00008448 (0x0f85) x31 0xffff0001
core   0: 0x0000844a (0x49ff1f93) bclri   t6, t5, 31
core   0: 3 0x0000844a (0x49ff1f93) x31 0x00000000
core   0: 0x0000844e (0x00008fa5) c.xor   a5, s1
core   0: 3 0x0000844e (0x8fa5) x15 0xfed5a7b9
core   0: 0x00008450 (0x4075d193) srai    gp, a1, 7
core   0: 3 0x00008450 (0x4075d193) x3  0x00000000
core   0: 0x00008454 (0x02fa4cb3) div     s9, s4, a5
core   0: 3 0x00008454 (0x02fa4cb3) x25 0x00000000
core   0: 0x00008458 (0x095f9063) bne     t6, s5, pc + 128
core   0: 3 0x00008458 (0x095f9063)
core   0: 0x0000845c (0x00009336) c.add   t1, a3
core   0: 3 0x0000845c (0x9336) x6  0xa5a5a8f5
core   0: 0x0000845e (0x02b11cb3) mulh    s9, sp, a1
core   0: 3 0x0000845e (0x02b11cb3) x25 0x00000000
core   0: 0x00008462 (0x058c4963) blt     s8, s8, pc + 82
core   0: 3 0x00008462 (0x058c4963)
core   0: 0x00008466 (0x00008f41) c.or    a4, s0
core   0: 3 0x00008466 (0x8f41) x14 0xffffffff
core   0: 0x00008468 (0x01051493) slli    s1, a0, 16
core   0: 3 0x00008468 (0x01051493) x9  0x20000000
core   0: 0x0000846c (0x0187d413) srli    s0, a5, 24
core   0: 3 0x0000846c (0x0187d413) x8  0x000000fe
core   0: 0x00008470 (0xa5a5af37) lui     t5, 0xa5a5a
core   0: 3 0x00008470 (0xa5a5af37) x30 0xa5a5a000
core   0: 0x00008474 (0x5a5f0f13) addi    t5, t5, 1445
core   0: 3 0x00008474 (0x5a5f0f13) x30 0xa5a5a5a5
core   0: 0x00008478 (0x00006fc1) c.lui   t6, 0x10
core   0: 3 0x00008478 (0x6fc1) x31 0x00010000
core   0: 0x0000847a (0x48ff5f93) bexti   t6, t5, 15
core   0: 3 0x0000847a (0x48ff5f93) x31 0x00000001
core   0: 0x0000847e (0x34041073) csrw    mscratch, s0
core   0: 3 0x0000847e (0x34041073) c832_mscratch 0x000000fe
core   0: 0x00008482 (0x00001417) auipc   s0, 0x1
core   0: 3 0x00008482 (0x00001417) x8  0x00009482
core   0: 0x00008486 (0x20640413) addi    s0, s0, 518
core   0: 3 0x00008486 (0x20640413) x8  0x00009688
core   0: 0x0000848a (0x0000c004) c.sw    s1, 0(s0)
core   0: 3 0x0000848a (0xc004) mem 0x00009688 0x20000000
core   0: 0x0000848c (0x00242223) sw      sp, 4(s0)
core   0: 3 0x0000848c (0x00242223) mem 0x0000968c 0xa5a5a5a5
core   0: 0x00008490 (0x00840113) addi    sp, s0, 8
core   0: 3 0x00008490 (0x00840113) x2  0x00009690
core   0: 0x00008494 (0x0000c07e) c.swsp  t6, 0(sp)
core   0: 3 0x00008494 (0xc07e) mem 0x00009690 0x00000001
core   0: 0x00008496 (0x00004f02) c.lwsp  t5, 0(sp)
core   0: 3 0x00008496 (0x4f02) x30 0x00000001 mem 0x00009690
core   0: 0x00008498 (0x01f42423) sw      t6, 8(s0)
core   0: 3 0x00008498 (0x01f42423) mem 0x00009690 0x00000001
core   0: 0x0000849c (0x00004404) c.lw    s1, 8(s0)
core   0: 3 0x0000849c (0x4404) x9  0x00000001 mem 0x00009690
core   0: 0x0000849e (0x0000c404) c.sw    s1, 8(s0)
core   0: 3 0x0000849e (0xc404) mem 0x00009690 0x00000001
core   0: 0x000084a0 (0x00442103) lw      sp, 4(s0)
core   0: 3 0x000084a0 (0x00442103) x2  0xa5a5a5a5 mem 0x0000968c
core   0: 0x000084a4 (0x00004004) c.lw    s1, 0(s0)
core   0: 3 0x000084a4 (0x4004) x9  0x20000000 mem 0x00009688
core   0: 0x000084a6 (0x34002473) csrr    s0, mscratch
core   0: 3 0x000084a6 (0x34002473) x8  0x000000fe
core   0: 0x000084aa (0x03788db3) mul     s11, a7, s7
core   0: 3 0x000084aa (0x03788db3) x27 0x00000000
core   0: 0x000084ae (0x00000001) c.nop
core   0: 3 0x000084ae (0x0001)
core   0: 0x000084b0 (0x00009afd) c.andi  a3, -1
core   0: 3 0x000084b0 (0x9afd) x13 0xa5a5a8f5
core   0: 0x000084b2 (0x00000001) c.nop
core   0: 3 0x000084b2 (0x0001)
core   0: 0x000084b4 (0x00000e06) c.slli  t3, 1
core   0: 3 0x000084b4 (0x0e06) x28 0x00004000
core   0: 0x000084b6 (0xb1c19297) auipc   t0, 0xb1c19
core   0: 3 0x000084b6 (0xb1c19297) x5  0xb1c214b6
core   0: 0x000084ba (0x01c7c9b3) xor     s3, a5, t3
core   0: 3 0x000084ba (0x01c7c9b3) x19 0xfed5e7b9
core   0: 0x000084be (0x03645763) bge     s0, s6, pc + 46
core   0: 3 0x000084be (0x03645763)
core   0: 0x000084ec (0x045a8463) beq     s5, t0, pc + 72
core   0: 3 0x000084ec (0x045a8463)
core   0: 0x000084f0 (0x00000001) c.nop
core   0: 3 0x000084f0 (0x0001)
core   0: 0x000084f2 (0x02a9d333) divu    t1, s3, a0
core   0: 3 0x000084f2 (0x02a9d333) x6  0x0007f6af
core   0: 0x000084f6 (0x00007f41) c.lui   t5, 0xffff0
core   0: 3 0x000084f6 (0x7f41) x30 0xffff0000
core   0: 0x000084f8 (0x00000f05) c.addi  t5, 1
core   0: 3 0x000084f8 (0x0f05) x30 0xffff0001
core   0: 0x000084fa (0x80000fb7) lui     t6, 0x80000
core   0: 3 0x000084fa (0x80000fb7) x31 0x80000000
core   0: 0x000084fe (0x29ff1f93) bseti   t6, t5, 31
core   0: 3 0x000084fe (0x29ff1f93) x31 0xffff0001
core   0: 0x00008502 (0x01c2fc33) and     s8, t0, t3
core   0: 3 0x00008502 (0x01c2fc33) x24 0x00000000
core   0: 0x00008506 (0x015c47b3) xor     a5, s8, s5
core   0: 3 0x00008506 (0x015c47b3) x15 0x00000000
core   0: 0x0000850a (0x03bb3db3) mulhu   s11, s6, s11
core   0: 3 0x0000850a (0x03bb3db3) x27 0x00000000
core   0: 0x0000850e (0x41205633) sra     a2, zero, s2
core   0: 3 0x0000850e (0x41205633) x12 0x00000000
core   0: 0x00008512 (0x00005ffd) c.li    t6, -1
core   0: 3 0x00008512 (0x5ffd) x31 0xffffffff
core   0: 0x00008514 (0x00009afd) c.andi  a3, -1
core   0: 3 0x00008514 (0x9afd) x13 0xa5a5a8f5
core   0: 0x00008516 (0x0250a0b3) mulhsu  ra, ra, t0
core   0: 3 0x00008516 (0x0250a0b3) x1  0x0000378c
core   0: 0x0000851a (0x00001e7d) c.addi  t3, -1
core   0: 3 0x0000851a (0x1e7d) x28 0x00003fff
core   0: 0x0000851c (0x00008aad) c.andi  a3, 11
core   0: 3 0x0000851c (0x8aad) x13 0x00000001
core   0: 0x0000851e (0x02571db3) mulh    s11, a4, t0
core   0: 3 0x0000851e (0x02571db3) x27 0x00000000
core   0: 0x00008522 (0x00006f41) c.lui   t5, 0x10
core   0: 3 0x00008522 (0x6f41) x30 0x00010000
core   0: 0x00008524 (0xa5a5afb7) lui     t6, 0xa5a5a
core   0: 3 0x00008524 (0xa5a5afb7) x31 0xa5a5a000
core   0: 0x00008528 (0x5a5f8f93) addi    t6, t6, 1445
core   0: 3 0x00008528 (0x5a5f8f93) x31 0xa5a5a5a5
core   0: 0x0000852c (0x0fff5fb3) czero.eqz t6, t5, t6
core   0: 3 0x0000852c (0x0fff5fb3) x31 0x00010000
core   0: 0x00008530 (0x41acd133) sra     sp, s9, s10
core   0: 3 0x00008530 (0x41acd133) x2  0x00000000
core   0: 0x00008534 (0x00000001) c.nop
core   0: 3 0x00008534 (0x0001)
core   0: 0x00008536 (0x02640e63) beq     s0, t1, pc + 60
core   0: 3 0x00008536 (0x02640e63)
core   0: 0x0000853a (0x01524b33) xor     s6, tp, s5
core   0: 3 0x0000853a (0x01524b33) x22 0xfed5a338
core   0: 0x0000853e (0x08a3d163) bge     t2, a0, pc + 130
core   0: 3 0x0000853e (0x08a3d163)
core   0: 0x000085c0 (0x02457463) bgeu    a0, tp, pc + 40
core   0: 3 0x000085c0 (0x02457463)
core   0: 0x000085c4 (0x00008e0d) c.sub   a2, a1
core   0: 3 0x000085c4 (0x8e0d) x12 0x00000000
core   0: 0x000085c6 (0x00006af5) c.lui   s5, 0x1d
core   0: 3 0x000085c6 (0x6af5) x21 0x0001d000
core   0: 0x000085c8 (0x00008ed5) c.or    a3, a3
core   0: 3 0x000085c8 (0x8ed5) x13 0x00000001
core   0: 0x000085ca (0x00009cb2) c.add   s9, a2
core   0: 3 0x000085ca (0x9cb2) x25 0x00000000
core   0: 0x000085cc (0x00008d4d) c.or    a0, a1
core   0: 3 0x000085cc (0x8d4d) x10 0x00002000
core   0: 0x000085ce (0x02bdda63) bge     s11, a1, pc + 52
core   0: 3 0x000085ce (0x02bdda63)
core   0: 0x00008602 (0x04fdc763) blt     s11, a5, pc + 78
core   0: 3 0x00008602 (0x04fdc763)
core   0: 0x00008606 (0x00004f01) c.li    t5, 0
core   0: 3 0x00008606 (0x4f01) x30 0x00000000
core   0: 0x00008608 (0x80000fb7) lui     t6, 0x80000
core   0: 3 0x00008608 (0x80000fb7) x31 0x80000000
core   0: 0x0000860c (0x00001ffd) c.addi  t6, -1
core   0: 3 0x0000860c (0x1ffd) x31 0x7fffffff
core   0: 0x0000860e (0x21ff6fb3) sh3add  t6, t5, t6
core   0: 3 0x0000860e (0x21ff6fb3) x31 0x7fffffff
core   0: 0x00008612 (0x000085a6) c.mv    a1, s1
core   0: 3 0x00008612 (0x85a6) x11 0x20000000
core   0: 0x00008614 (0x0000717d) c.addi16sp sp, -16
core   0: 3 0x00008614 (0x717d) x2  0xfffffff0
core   0: 0x00008616 (0x409ad5b3) sra     a1, s5, s1
core   0: 3 0x00008616 (0x409ad5b3) x11 0x0001d000
core   0: 0x0000861a (0x000046a5) c.li    a3, 9
core   0: 3 0x0000861a (0x46a5) x13 0x00000009
core   0: 0x0000861c (0x00000c90) c.addi4spn a2, sp, 592
core   0: 3 0x0000861c (0x0c90) x12 0x00000240
core   0: 0x0000861e (0x007fd513) srli    a0, t6, 7
core   0: 3 0x0000861e (0x007fd513) x10 0x00ffffff
core   0: 0x00008622 (0x03028433) mul     s0, t0, a6
core   0: 3 0x00008622 (0x03028433) x8  0x00000000
core   0: 0x00008626 (0x020eaab3) mulhsu  s5, t4, zero
core   0: 3 0x00008626 (0x020eaab3) x21 0x00000000
core   0: 0x0000862a (0x408d8433) sub     s0, s11, s0
core   0: 3 0x0000862a (0x408d8433) x8  0x00000000
core   0: 0x0000862e (0x02d2b033) mulhu   zero, t0, a3
core   0: 3 0x0000862e (0x02d2b033)
core   0: 0x00008632 (0x00007f41) c.lui   t5, 0xffff0
core   0: 3 0x00008632 (0x7f41) x30 0xffff0000
core   0: 0x00008634 (0x00000f05) c.addi  t5, 1
core   0: 3 0x00008634 (0x0f05) x30 0xffff0001
core   0: 0x00008636 (0x80000fb7) lui     t6, 0x80000
core   0: 3 0x00008636 (0x80000fb7) x31 0x80000000
core   0: 0x0000863a (0x41ff7fb3) andn    t6, t5, t6
core   0: 3 0x0000863a (0x41ff7fb3) x31 0x7fff0001
core   0: 0x0000863e (0xd7132293) slti    t0, t1, -655
core   0: 3 0x0000863e (0xd7132293) x5  0x00000000
core   0: 0x00008642 (0x00008c91) c.sub   s1, a2
core   0: 3 0x00008642 (0x8c91) x9  0x1ffffdc0
core   0: 0x00008644 (0x0352e363) bltu    t0, s5, pc + 38
core   0: 3 0x00008644 (0x0352e363)
core   0: 0x00008648 (0x00008e05) c.sub   a2, s1
core   0: 3 0x00008648 (0x8e05) x12 0xe0000480
core   0: 0x0000864a (0x02326eb3) rem     t4, tp, gp
core   0: 3 0x0000864a (0x02326eb3) x29 0xfed5a338
core   0: 0x0000864e (0x00006441) c.lui   s0, 0x10
core   0: 3 0x0000864e (0x6441) x8  0x00010000
core   0: 0x00008650 (0x00008d49) c.or    a0, a0
core   0: 3 0x00008650 (0x8d49) x10 0x00ffffff
core   0: 0x00008652 (0x079c6a63) bltu    s8, s9, pc + 116
core   0: 3 0x00008652 (0x079c6a63)
core   0: 0x00008656 (0x0349efb3) rem     t6, s3, s4
core   0: 3 0x00008656 (0x0349efb3) x31 0xffffe7b9
core   0: 0x0000865a (0x00008539) c.srai  a0, 14
core   0: 3 0x0000865a (0x8539) x10 0x000003ff
core   0: 0x0000865c (0x00006f41) c.lui   t5, 0x10
core   0: 3 0x0000865c (0x6f41) x30 0x00010000
core   0: 0x0000865e (0xa5a5afb7) lui     t6, 0xa5a5a
core   0: 3 0x0000865e (0xa5a5afb7) x31 0xa5a5a000
core   0: 0x00008662 (0x5a5f8f93) addi    t6, t6, 1445
core   0: 3 0x00008662 (0x5a5f8f93) x31 0xa5a5a5a5
core   0: 0x00008666 (0x41ff6fb3) orn     t6, t5, t6
core   0: 3 0x00008666 (0x41ff6fb3) x31 0x5a5b5a5a
core   0: 0x0000866a (0x00008129) c.srli  a0, 10
core   0: 3 0x0000866a (0x8129) x10 0x00000000
core   0: 0x0000866c (0xdb127913) andi    s2, tp, -591
core   0: 3 0x0000866c (0xdb127913) x18 0xfed5a130
core   0: 0x00008670 (0x00008d69) c.and   a0, a0
core   0: 3 0x00008670 (0x8d69) x10 0x00000000
core   0: 0x00008672 (0x400a0a33) sub     s4, s4, zero
core   0: 3 0x00008672 (0x400a0a33) x20 0x00002000
core   0: 0x00008676 (0x03655933) divu    s2, a0, s6
core   0: 3 0x00008676 (0x03655933) x18 0x00000000
core   0: 0x0000867a (0x00008d4d) c.or    a0, a1
core   0: 3 0x0000867a (0x8d4d) x10 0x0001d000
core   0: 0x0000867c (0x60753093) sltiu   ra, a0, 1543
core   0: 3 0x0000867c (0x60753093) x1  0x00000000
core   0: 0x00008680 (0x00ca9293) slli    t0, s5, 12
core   0: 3 0x00008680 (0x00ca9293) x5  0x00000000
core   0: 0x00008684 (0x00009bfd) c.andi  a5, -1
core   0: 3 0x00008684 (0x9bfd) x15 0x00000000
core   0: 0x00008686 (0x00000f8c) c.addi4spn a1, sp, 976
core   0: 3 0x00008686 (0x0f8c) x11 0x000003c0
core   0: 0x00008688 (0x80000f37) lui     t5, 0x80000
core   0: 3 0x00008688 (0x80000f37) x30 0x80000000
core   0: 0x0000868c (0x00001f7d) c.addi  t5, -1
core   0: 3 0x0000868c (0x1f7d) x30 0x7fffffff
core   0: 0x0000868e (0x00004f81) c.li    t6, 0
core   0: 3 0x0000868e (0x4f81) x31 0x00000000
core   0: 0x00008690 (0x41ff4fb3) xnor    t6, t5, t6
core   0: 3 0x00008690 (0x41ff4fb3) x31 0x80000000
core   0: 0x00008694 (0x80000f37) lui     t5, 0x80000
core   0: 3 0x00008694 (0x80000f37) x30 0x80000000
core   0: 0x00008698 (0x00005ffd) c.li    t6, -1
core   0: 3 0x00008698 (0x5ffd) x31 0xffffffff
core   0: 0x0000869a (0x03ff4fb3) div     t6, t5, t6
core   0: 3 0x0000869a (0x03ff4fb3) x31 0x80000000
core   0: 0x0000869e (0x03ef6fb3) rem     t6, t5, t5
core   0: 3 0x0000869e (0x03ef6fb3) x31 0x00000000
core   0: 0x000086a2 (0x00004f81) c.li    t6, 0
core   0: 3 0x000086a2 (0x4f81) x31 0x00000000
core   0: 0x000086a4 (0x03ff5fb3) divu    t6, t5, t6
core   0: 3 0x000086a4 (0x03ff5fb3) x31 0xffffffff
core   0: 0x000086a8 (0x00004f81) c.li    t6, 0
core   0: 3 0x000086a8 (0x4f81) x31 0x00000000
core   0: 0x000086aa (0x03ff6fb3) rem     t6, t5, t6
core   0: 3 0x000086aa (0x03ff6fb3) x31 0x80000000
core   0: 0x000086ae (0x000042d5) c.li    t0, 21
core   0: 3 0x000086ae (0x42d5) x5  0x00000015
core   0: 0x000086b0 (0x33bb6eb7) lui     t4, 0x33bb6
core   0: 3 0x000086b0 (0x33bb6eb7) x29 0x33bb6000
core   0: 0x000086b4 (0x630e8193) addi    gp, t4, 1584
core   0: 3 0x000086b4 (0x630e8193) x3  0x33bb6630
core   0: 0x000086b8 (0x000088e9) c.andi  s1, 26
core   0: 3 0x000086b8 (0x88e9) x9  0x00000000
core   0: 0x000086ba (0x0177c233) xor     tp, a5, s7
core   0: 3 0x000086ba (0x0177c233) x4  0x00000000
core   0: 0x000086be (0x275f3013) sltiu   zero, t5, 629
core   0: 3 0x000086be (0x275f3013)
core   0: 0x000086c2 (0xc7b63e93) sltiu   t4, a2, -901
core   0: 3 0x000086c2 (0xc7b63e93) x29 0x00000001
core   0: 0x000086c6 (0x40f6d013) srai    zero, a3, 15
core   0: 3 0x000086c6 (0x40f6d013)
core   0: 0x000086ca (0x0000670d) c.lui   a4, 0x3
core   0: 3 0x000086ca (0x670d) x14 0x00003000
core   0: 0x000086cc (0x8c732b13) slti    s6, t1, -1849
core   0: 3 0x000086cc (0x8c732b13) x22 0x00000000
core   0: 0x000086d0 (0x80000f37) lui     t5, 0x80000
core   0: 3 0x000086d0 (0x80000f37) x30 0x80000000
core   0: 0x000086d4 (0x00007fc1) c.lui   t6, 0xffff0
core   0: 3 0x000086d4 (0x7fc1) x31 0xffff0000
core   0: 0x000086d6 (0x00000f85) c.addi  t6, 1
core   0: 3 0x000086d6 (0x0f85) x31 0xffff0001
core   0: 0x000086d8 (0x600f1f93) clz     t6, t5
core   0: 3 0x000086d8 (0x600f1f93) x31 0x00000000
core   0: 0x000086dc (0x01a286b3) add     a3, t0, s10
core   0: 3 0x000086dc (0x01a286b3) x13 0x000172e9
core   0: 0x000086e0 (0x4102d593) srai    a1, t0, 16
core   0: 3 0x000086e0 (0x4102d593) x11 0x00000000
core   0: 0x000086e4 (0x0000614d) c.addi16sp sp, 176
core   0: 3 0x000086e4 (0x614d) x2  0x000000a0
core   0: 0x000086e6 (0x00b04033) xor     zero, zero, a1
core   0: 3 0x000086e6 (0x00b04033)
core   0: 0x000086ea (0x0000918a) c.add   gp, sp
core   0: 3 0x000086ea (0x918a) x3  0x33bb66d0
core   0: 0x000086ec (0x413c8833) sub     a6, s9, s3
core   0: 3 0x000086ec (0x413c8833) x16 0x012a1847
core   0: 0x000086f0 (0x00008daa) c.mv    s11, a0
core   0: 3 0x000086f0 (0x8daa) x27 0x0001d000
core   0: 0x000086f2 (0x0023c0b3) xor     ra, t2, sp
core   0: 3 0x000086f2 (0x0023c0b3) x1  0x00012414
core   0: 0x000086f6 (0x00008eb9) c.xor   a3, a4
core   0: 3 0x000086f6 (0x8eb9) x13 0x000142e9
core   0: 0x000086f8 (0x01a454b3) srl     s1, s0, s10
core   0: 3 0x000086f8 (0x01a454b3) x9  0x00000000
core   0: 0x000086fc (0xa5a5af37) lui     t5, 0xa5a5a
core   0: 3 0x000086fc (0xa5a5af37) x30 0xa5a5a000
core   0: 0x00008700 (0x5a5f0f13) addi    t5, t5, 1445
core   0: 3 0x00008700 (0x5a5f0f13) x30 0xa5a5a5a5
core   0: 0x00008704 (0x00006fc1) c.lui   t6, 0x10
core   0: 3 0x00008704 (0x6fc1) x31 0x00010000
core   0: 0x00008706 (0x601f1f93) ctz     t6, t5
core   0: 3 0x00008706 (0x601f1f93) x31 0x00000000
core   0: 0x0000870a (0x00008d15) c.sub   a0, a3
core   0: 3 0x0000870a (0x8d15) x10 0x00008d17
core   0: 0x0000870c (0x000092e6) c.add   t0, s9
core   0: 3 0x0000870c (0x92e6) x5  0x00000015
core   0: 0x0000870e (0x19a5ae93) slti    t4, a1, 410
core   0: 3 0x0000870e (0x19a5ae93) x29 0x00000001
core   0: 0x00008712 (0xca98c693) xori    a3, a7, -855
core   0: 3 0x00008712 (0xca98c693) x13 0xfffffca9
core   0: 0x00008716 (0xcf2c0537) lui     a0, 0xcf2c0
core   0: 3 0x00008716 (0xcf2c0537) x10 0xcf2c0000
core   0: 0x0000871a (0x00008d15) c.sub   a0, a3
core   0: 3 0x0000871a (0x8d15) x10 0xcf2c0357
core   0: 0x0000871c (0x00008eed) c.and   a3, a1
core   0: 3 0x0000871c (0x8eed) x13 0x00000000
core   0: 0x0000871e (0x016decb3) or      s9, s11, s6
core   0: 3 0x0000871e (0x016decb3) x25 0x0001d000
core   0: 0x00008722 (0x0000987d) c.andi  s0, -1
core   0: 3 0x00008722 (0x987d) x8  0x00010000
core   0: 0x00008724 (0xb0778617) auipc   a2, 0xb0778
core   0: 3 0x00008724 (0xb0778617) x12 0xb0780724
core   0: 0x00008728 (0x00004f01) c.li    t5, 0
core   0: 3 0x00008728 (0x4f01) x30 0x00000000
core   0: 0x0000872a (0x80000fb7) lui     t6, 0x80000
core   0: 3 0x0000872a (0x80000fb7) x31 0x80000000
core   0: 0x0000872e (0x00001ffd) c.addi  t6, -1
core   0: 3 0x0000872e (0x1ffd) x31 0x7fffffff
core   0: 0x00008730 (0x602f1f93) cpop    t6, t5
core   0: 3 0x00008730 (0x602f1f93) x31 0x00000000
core   0: 0x00008734 (0x02c26233) rem     tp, tp, a2
core   0: 3 0x00008734 (0x02c26233) x4  0x00000000
core   0: 0x00008738 (0xd5153013) sltiu   zero, a0, -687
core   0: 3 0x00008738 (0xd5153013)
core   0: 0x0000873c (0x03afb233) mulhu   tp, t6, s10
core   0: 3 0x0000873c (0x03afb233) x4  0x00000000
core   0: 0x00008740 (0x00008ff5) c.and   a5, a3
core   0: 3 0x00008740 (0x8ff5) x15 0x00000000
core   0: 0x00008742 (0x01f71c33) sll     s8, a4, t6
core   0: 3 0x00008742 (0x01f71c33) x24 0x00003000
core   0: 0x00008746 (0x0673f263) bgeu    t2, t2, pc + 100
core   0: 3 0x00008746 (0x0673f263)
core   0: 0x000087aa (0x03d83ab3) mulhu   s5, a6, t4
core   0: 3 0x000087aa (0x03d83ab3) x21 0x00000000
core   0: 0x000087ae (0x032abc33) mulhu   s8, s5, s2
core   0: 3 0x000087ae (0x032abc33) x24 0x00000000
core   0: 0x000087b2 (0x00008299) c.srli  a3, 6
core   0: 3 0x000087b2 (0x8299) x13 0x00000000
core   0: 0x000087b4 (0x0000cd29) c.beqz  a0, pc + 90
core   0: 3 0x000087b4 (0xcd29)
core   0: 0x000087b6 (0x02eac033) div     zero, s5, a4
core   0: 3 0x000087b6 (0x02eac033)
core   0: 0x000087ba (0x00001094) c.addi4spn a3, sp, 96
core   0: 3 0x000087ba (0x1094) x13 0x00000100
core   0: 0x000087bc (0x80000f37) lui     t5, 0x80000
core   0: 3 0x000087bc (0x80000f37) x30 0x80000000
core   0: 0x000087c0 (0x00001f7d) c.addi  t5, -1
core   0: 3 0x000087c0 (0x1f7d) x30 0x7fffffff
core   0: 0x000087c2 (0x00004f81) c.li    t6, 0
core   0: 3 0x000087c2 (0x4f81) x31 0x00000000
core   0: 0x000087c4 (0x0bff6fb3) max     t6, t5, t6
core   0: 3 0x000087c4 (0x0bff6fb3) x31 0x7fffffff
core   0: 0x000087c8 (0x01fb8eb3) add     t4, s7, t6
core   0: 3 0x000087c8 (0x01fb8eb3) x29 0x7fffffff
core   0: 0x000087cc (0x00008ea9) c.xor   a3, a0
core   0: 3 0x000087cc (0x8ea9) x13 0xcf2c0257
core   0: 0x000087ce (0x012751b3) srl     gp, a4, s2
core   0: 3 0x000087ce (0x012751b3) x3  0x00003000
core   0: 0x000087d2 (0x00008eb5) c.xor   a3, a3
core   0: 3 0x000087d2 (0x8eb5) x13 0x00000000
core   0: 0x000087d4 (0x03dce163) bltu    s9, t4, pc + 34
core   0: 3 0x000087d4 (0x03dce163)
core   0: 0x000087f6 (0x01540fb3) add     t6, s0, s5
core   0: 3 0x000087f6 (0x01540fb3) x31 0x00010000
core   0: 0x000087fa (0x00000686) c.slli  a3, 1
core   0: 3 0x000087fa (0x0686) x13 0x00000000
core   0: 0x000087fc (0x006416b3) sll     a3, s0, t1
core   0: 3 0x000087fc (0x006416b3) x13 0x80000000
core   0: 0x00008800 (0x00000001) c.nop
core   0: 3 0x00008800 (0x0001)
core   0: 0x00008802 (0x02c067b3) rem     a5, zero, a2
core   0: 3 0x00008802 (0x02c067b3) x15 0x00000000
core   0: 0x00008806 (0x404fda33) sra     s4, t6, tp
core   0: 3 0x00008806 (0x404fda33) x20 0x00010000
core   0: 0x0000880a (0x00704a33) xor     s4, zero, t2
core   0: 3 0x0000880a (0x00704a33) x20 0x000124b4
core   0: 0x0000880e (0x41a00533) sub     a0, zero, s10
core   0: 3 0x0000880e (0x41a00533) x10 0xfffe8d2c
core   0: 0x00008812 (0x07600163) beq     zero, s6, pc + 98
core   0: 3 0x00008812 (0x07600163)
core   0: 0x00008874 (0x012adf93) srli    t6, s5, 18
core   0: 3 0x00008874 (0x012adf93) x31 0x00000000
core   0: 0x00008878 (0xfa528e37) lui     t3, 0xfa528
core   0: 3 0x00008878 (0xfa528e37) x28 0xfa528000
core   0: 0x0000887c (0x00007f41) c.lui   t5, 0xffff0
core   0: 3 0x0000887c (0x7f41) x30 0xffff0000
core   0: 0x0000887e (0x00000f05) c.addi  t5, 1
core   0: 3 0x0000887e (0x0f05) x30 0xffff0001
core   0: 0x00008880 (0x80000fb7) lui     t6, 0x80000
core   0: 3 0x00008880 (0x80000fb7) x31 0x80000000
core   0: 0x00008884 (0x080f4fb3) zext.h  t6, t5
core   0: 3 0x00008884 (0x080f4fb3) x31 0x00000001
core   0: 0x00008888 (0x34041073) csrw    mscratch, s0
core   0: 3 0x00008888 (0x34041073) c832_mscratch 0x00010000
core   0: 0x0000888c (0x00001417) auipc   s0, 0x1
core   0: 3 0x0000888c (0x00001417) x8  0x0000988c
core   0: 0x00008890 (0xdfc40413) addi    s0, s0, -516
core   0: 3 0x00008890 (0xdfc40413) x8  0x00009688
core   0: 0x00008894 (0x0000c004) c.sw    s1, 0(s0)
core   0: 3 0x00008894 (0xc004) mem 0x00009688 0x00000000
core   0: 0x00008896 (0x00242223) sw      sp, 4(s0)
core   0: 3 0x00008896 (0x00242223) mem 0x0000968c 0x000000a0
core   0: 0x0000889a (0x00840113) addi    sp, s0, 8
core   0: 3 0x0000889a (0x00840113) x2  0x00009690
core   0: 0x0000889e (0x0000c07e) c.swsp  t6, 0(sp)
core   0: 3 0x0000889e (0xc07e) mem 0x00009690 0x00000001
core   0: 0x000088a0 (0x00004f02) c.lwsp  t5, 0(sp)
core   0: 3 0x000088a0 (0x4f02) x30 0x00000001 mem 0x00009690
core   0: 0x000088a2 (0x01f42423) sw      t6, 8(s0)
core   0: 3 0x000088a2 (0x01f42423) mem 0x00009690 0x00000001
core   0: 0x000088a6 (0x00004404) c.lw    s1, 8(s0)
core   0: 3 0x000088a6 (0x4404) x9  0x00000001 mem 0x00009690
core   0: 0x000088a8 (0x0000c404) c.sw    s1, 8(s0)
core   0: 3 0x000088a8 (0xc404) mem 0x00009690 0x00000001
core   0: 0x000088aa (0x00442103) lw      sp, 4(s0)
core   0: 3 0x000088aa (0x00442103) x2  0x000000a0 mem 0x0000968c
core   0: 0x000088ae (0x00004004) c.lw    s1, 0(s0)
core   0: 3 0x000088ae (0x4004) x9  0x00000000 mem 0x00009688
core   0: 0x000088b0 (0x34002473) csrr    s0, mscratch
core   0: 3 0x000088b0 (0x34002473) x8  0x00010000
core   0: 0x000088b4 (0x04860593) addi    a1, a2, 72
core   0: 3 0x000088b4 (0x04860593) x11 0xb078076c
core   0: 0x000088b8 (0x00b3ffb3) and     t6, t2, a1
core   0: 3 0x000088b8 (0x00b3ffb3) x31 0x00000424
core   0: 0x000088bc (0x03723bb3) mulhu   s7, tp, s7
core   0: 3 0x000088bc (0x03723bb3) x23 0x00000000
core   0: 0x000088c0 (0x00008d09) c.sub   a0, a0
core   0: 3 0x000088c0 (0x8d09) x10 0x00000000
core   0: 0x000088c2 (0x0000615d) c.addi16sp sp, 432
core   0: 3 0x000088c2 (0x615d) x2  0x00000250
core   0: 0x000088c4 (0x00008bd6) c.mv    s7, s5
core   0: 3 0x000088c4 (0x8bd6) x23 0x00000000
core   0: 0x000088c6 (0x015ed913) srli    s2, t4, 21
core   0: 3 0x000088c6 (0x015ed913) x18 0x000003ff
core   0: 0x000088ca (0x00009a7d) c.andi  a2, -1
core   0: 3 0x000088ca (0x9a7d) x12 0xb0780724
core   0: 0x000088cc (0x00008785) c.srai  a5, 1
core   0: 3 0x000088cc (0x8785) x15 0x00000000
core   0: 0x000088ce (0x079c4263) blt     s8, s9, pc + 100
core   0: 3 0x000088ce (0x079c4263)
core   0: 0x00008932 (0x404fd333) sra     t1, t6, tp
core   0: 3 0x00008932 (0x404fd333) x6  0x00000424
core   0: 0x00008936 (0x0000041d) c.addi  s0, 7
core   0: 3 0x00008936 (0x041d) x8  0x00010007
core   0: 0x00008938 (0x7e334e93) xori    t4, t1, 2019
core   0: 3 0x00008938 (0x7e334e93) x29 0x000003c7
core   0: 0x0000893c (0x009ed733) srl     a4, t4, s1
core   0: 3 0x0000893c (0x009ed733) x14 0x000003c7
core   0: 0x00008940 (0x80000f37) lui     t5, 0x80000
core   0: 3 0x00008940 (0x80000f37) x30 0x80000000
core   0: 0x00008944 (0x00007fc1) c.lui   t6, 0xffff0
core   0: 3 0x00008944 (0x7fc1) x31 0xffff0000
core   0: 0x00008946 (0x00000f85) c.addi  t6, 1
core   0: 3 0x00008946 (0x0f85) x31 0xffff0001
core   0: 0x00008948 (0x607f5f93) rori    t6, t5, 7
core   0: 3 0x00008948 (0x607f5f93) x31 0x01000000
core   0: 0x0000894c (0x4068d033) sra     zero, a7, t1
core   0: 3 0x0000894c (0x4068d033)
core   0: 0x00008950 (0x03f14863) blt     sp, t6, pc + 48
core   0: 3 0x00008950 (0x03f14863)
core   0: 0x00008980 (0x073a0293) addi    t0, s4, 115
core   0: 3 0x00008980 (0x073a0293) x5  0x00012527
core   0: 0x00008984 (0x02095c33) divu    s8, s2, zero
core   0: 3 0x00008984 (0x02095c33) x24 0xffffffff
core   0: 0x00008988 (0x01ae20b3) slt     ra, t3, s10
core   0: 3 0x00008988 (0x01ae20b3) x1  0x00000001
core   0: 0x0000898c (0x00008c81) c.sub   s1, s0
core   0: 3 0x0000898c (0x8c81) x9  0xfffefff9
core   0: 0x0000898e (0x00f38eb3) add     t4, t2, a5
core   0: 3 0x0000898e (0x00f38eb3) x29 0x000124b4
core   0: 0x00008992 (0x01902033) slt     zero, zero, s9
core   0: 3 0x00008992 (0x01902033)
core   0: 0x00008996 (0xff7ced93) ori     s11, s9, -9
core   0: 3 0x00008996 (0xff7ced93) x27 0xfffffff7
core   0: 0x0000899a (0xb9fe8717) auipc   a4, 0xb9fe8
core   0: 3 0x0000899a (0xb9fe8717) x14 0xb9ff099a
core   0: 0x0000899e (0x00000001) c.nop
core   0: 3 0x0000899e (0x0001)
core   0: 0x000089a0 (0x00004f01) c.li    t5, 0
core   0: 3 0x000089a0 (0x4f01) x30 0x00000000
core   0: 0x000089a2 (0x80000fb7) lui     t6, 0x80000
core   0: 3 0x000089a2 (0x80000fb7) x31 0x80000000
core   0: 0x000089a6 (0x00001ffd) c.addi  t6, -1
core   0: 3 0x000089a6 (0x1ffd) x31 0x7fffffff
core   0: 0x000089a8 (0x698f5f93) rev8.rv32 (args unknown)
core   0: 3 0x000089a8 (0x698f5f93) x31 0x00000000
core   0: 0x000089ac (0x34009073) csrw    mscratch, ra
core   0: 3 0x000089ac (0x34009073) c832_mscratch 0x00000001
core   0: 0x000089b0 (0x00002009) c.jal   pc + 2
core   0: 3 0x000089b0 (0x2009) x1  0x000089b2
core   0: 0x000089b2 (0x004000ef) jal     pc + 0x4
core   0: 3 0x000089b2 (0x004000ef) x1  0x000089b6
core   0: 0x000089b6 (0x004000ef) jal     pc + 0x4
core   0: 3 0x000089b6 (0x004000ef) x1  0x000089ba
core   0: 0x000089ba (0x00000097) auipc   ra, 0x0
core   0: 3 0x000089ba (0x00000097) x1  0x000089ba
core   0: 0x000089be (0x00c08093) addi    ra, ra, 12
core   0: 3 0x000089be (0x00c08093) x1  0x000089c6
core   0: 0x000089c2 (0x00008067) ret
core   0: 3 0x000089c2 (0x00008067)
core   0: 0x000089c6 (0x340020f3) csrr    ra, mscratch
core   0: 3 0x000089c6 (0x340020f3) x1  0x00000001
core   0: 0x000089ca (0x02989c63) bne     a7, s1, pc + 56
core   0: 3 0x000089ca (0x02989c63)
core   0: 0x00008a02 (0x01af4eb3) xor     t4, t5, s10
core   0: 3 0x00008a02 (0x01af4eb3) x29 0x000172d4
core   0: 0x00008a06 (0x019b5363) bge     s6, s9, pc + 6
core   0: 3 0x00008a06 (0x019b5363)
core   0: 0x00008a0a (0x00000001) c.nop
core   0: 3 0x00008a0a (0x0001)
core   0: 0x00008a0c (0x01ea0db3) add     s11, s4, t5
core   0: 3 0x00008a0c (0x01ea0db3) x27 0x000124b4
core   0: 0x00008a10 (0x93ade193) ori     gp, s11, -1734
core   0: 3 0x00008a10 (0x93ade193) x3  0xfffffdbe
core   0: 0x00008a14 (0x0341aab3) mulhsu  s5, gp, s4
core   0: 3 0x00008a14 (0x0341aab3) x21 0xffffffff
core   0: 0x00008a18 (0x00000e08) c.addi4spn a0, sp, 784
core   0: 3 0x00008a18 (0x0e08) x10 0x00000560
core   0: 0x00008a1a (0x0019bfb3) sltu    t6, s3, ra
core   0: 3 0x00008a1a (0x0019bfb3) x31 0x00000000
core   0: 0x00008a1e (0x00006f41) c.lui   t5, 0x10
core   0: 3 0x00008a1e (0x6f41) x30 0x00010000
core   0: 0x00008a20 (0xa5a5afb7) lui     t6, 0xa5a5a
core   0: 3 0x00008a20 (0xa5a5afb7) x31 0xa5a5a000
core   0: 0x00008a24 (0x5a5f8f93) addi    t6, t6, 1445
core   0: 3 0x00008a24 (0x5a5f8f93) x31 0xa5a5a5a5
core   0: 0x00008a28 (0x49ff5fb3) bext    t6, t5, t6
core   0: 3 0x00008a28 (0x49ff5fb3) x31 0x00000000
core   0: 0x00008a2c (0x03e51833) mulh    a6, a0, t5
core   0: 3 0x00008a2c (0x03e51833) x16 0x00000000
core   0: 0x00008a30 (0x40688833) sub     a6, a7, t1
core   0: 3 0x00008a30 (0x40688833) x16 0xfffffbdc
core   0: 0x00008a34 (0xefd20913) addi    s2, tp, -259
core   0: 3 0x00008a34 (0xefd20913) x18 0xfffffefd
core   0: 0x00008a38 (0xa5758793) addi    a5, a1, -1449
core   0: 3 0x00008a38 (0xa5758793) x15 0xb07801c3
core   0: 0x00008a3c (0x013fd833) srl     a6, t6, s3
core   0: 3 0x00008a3c (0x013fd833) x16 0x00000000
core   0: 0x00008a40 (0x055a4a63) blt     s4, s5, pc + 84
core   0: 3 0x00008a40 (0x055a4a63)
core   0: 0x00008a44 (0x00000001) c.nop
core   0: 3 0x00008a44 (0x0001)
core   0: 0x00008a46 (0x016b8033) add     zero, s7, s6
core   0: 3 0x00008a46 (0x016b8033)
core   0: 0x00008a4a (0x00000786) c.slli  a5, 1
core   0: 3 0x00008a4a (0x0786) x15 0x60f00386
core   0: 0x00008a4c (0x00008d55) c.or    a0, a3
core   0: 3 0x00008a4c (0x8d55) x10 0x80000560
core   0: 0x00008a4e (0x80000f37) lui     t5, 0x80000
core   0: 3 0x00008a4e (0x80000f37) x30 0x80000000
core   0: 0x00008a52 (0x00001f7d) c.addi  t5, -1
core   0: 3 0x00008a52 (0x1f7d) x30 0x7fffffff
core   0: 0x00008a54 (0x00004f81) c.li    t6, 0
core   0: 3 0x00008a54 (0x4f81) x31 0x00000000
core   0: 0x00008a56 (0x69ff1fb3) binv    t6, t5, t6
core   0: 3 0x00008a56 (0x69ff1fb3) x31 0x7ffffffe
core   0: 0x00008a5a (0x00cf1ab3) sll     s5, t5, a2
core   0: 3 0x00008a5a (0x00cf1ab3) x21 0xfffffff0
core   0: 0x00008a5e (0x5c307e13) andi    t3, zero, 1475
core   0: 3 0x00008a5e (0x5c307e13) x28 0x00000000
core   0: 0x00008a62 (0x000080c6) c.mv    ra, a7
core   0: 3 0x00008a62 (0x80c6) x1  0x00000000
core   0: 0x00008a64 (0x02c9d233) divu    tp, s3, a2
core   0: 3 0x00008a64 (0x02c9d233) x4  0x00000001
core   0: 0x00008a68 (0x3064c513) xori    a0, s1, 774
core   0: 3 0x00008a68 (0x3064c513) x10 0xfffefcff
core   0: 0x00008a6c (0x00008ed1) c.or    a3, a2
core   0: 3 0x00008a6c (0x8ed1) x13 0xb0780724
core   0: 0x00008a6e (0x41ce8033) sub     zero, t4, t3
core   0: 3 0x00008a6e (0x41ce8033)
core   0: 0x00008a72 (0x00001308) c.addi4spn a0, sp, 416
core   0: 3 0x00008a72 (0x1308) x10 0x000003f0
core   0: 0x00008a74 (0xdd378c93) addi    s9, a5, -557
core   0: 3 0x00008a74 (0xdd378c93) x25 0x60f00159
core   0: 0x00008a78 (0x00000001) c.nop
core   0: 3 0x00008a78 (0x0001)
core   0: 0x00008a7a (0x80000f37) lui     t5, 0x80000
core   0: 3 0x00008a7a (0x80000f37) x30 0x80000000
core   0: 0x00008a7e (0x00007fc1) c.lui   t6, 0xffff0
core   0: 3 0x00008a7e (0x7fc1) x31 0xffff0000
core   0: 0x00008a80 (0x00000f85) c.addi  t6, 1
core   0: 3 0x00008a80 (0x0f85) x31 0xffff0001
core   0: 0x00008a82 (0x29ff1fb3) bset    t6, t5, t6
core   0: 3 0x00008a82 (0x29ff1fb3) x31 0x80000002
core   0: 0x00008a86 (0x041d7763) bgeu    s10, ra, pc + 78
core   0: 3 0x00008a86 (0x041d7763)
core   0: 0x00008ad4 (0x765d2b93) slti    s7, s10, 1893
core   0: 3 0x00008ad4 (0x765d2b93) x23 0x00000000
core   0: 0x00008ad8 (0x02358033) mul     zero, a1, gp
core   0: 3 0x00008ad8 (0x02358033)
core   0: 0x00008adc (0x03c5dc33) divu    s8, a1, t3
core   0: 3 0x00008adc (0x03c5dc33) x24 0xffffffff
core   0: 0x00008ae0 (0x00009c5e) c.add   s8, s7
core   0: 3 0x00008ae0 (0x9c5e) x24 0xffffffff
core   0: 0x00008ae2 (0x3ff47bb7) lui     s7, 0x3ff47
core   0: 3 0x00008ae2 (0x3ff47bb7) x23 0x3ff47000
core   0: 0x00008ae6 (0x0058e9b3) or      s3, a7, t0
core   0: 3 0x00008ae6 (0x0058e9b3) x19 0x00012527
core   0: 0x00008aea (0x04138363) beq     t2, ra, pc + 70
core   0: 3 0x00008aea (0x04138363)
core   0: 0x00008aee (0x00001b7d) c.addi  s6, -1
core   0: 3 0x00008aee (0x1b7d) x22 0xffffffff
core   0: 0x00008af0 (0x00004f01) c.li    t5, 0
core   0: 3 0x00008af0 (0x4f01) x30 0x00000000
core   0: 0x00008af2 (0x80000fb7) lui     t6, 0x80000
core   0: 3 0x00008af2 (0x80000fb7) x31 0x80000000
core   0: 0x00008af6 (0x00001ffd) c.addi  t6, -1
core   0: 3 0x00008af6 (0x1ffd) x31 0x7fffffff
core   0: 0x00008af8 (0x48ff5f93) bexti   t6, t5, 15
core   0: 3 0x00008af8 (0x48ff5f93) x31 0x00000000
core   0: 0x00008afc (0x00008e39) c.xor   a2, a4
core   0: 3 0x00008afc (0x8e39) x12 0x09870ebe
core   0: 0x00008afe (0x000018fd) c.addi  a7, -1
core   0: 3 0x00008afe (0x18fd) x17 0xffffffff
core   0: 0x00008b00 (0x0357a333) mulhsu  t1, a5, s5
core   0: 3 0x00008b00 (0x0357a333) x6  0x60f0037f
core   0: 0x00008b04 (0x002ac7b3) xor     a5, s5, sp
core   0: 3 0x00008b04 (0x002ac7b3) x15 0xfffffda0
core   0: 0x00008b08 (0x02c36033) rem     zero, t1, a2
core   0: 3 0x00008b08 (0x02c36033)
core   0: 0x00008b0c (0x05fb5b63) bge     s6, t6, pc + 86
core   0: 3 0x00008b0c (0x05fb5b63)
core   0: 0x00008b10 (0x05566c63) bltu    a2, s5, pc + 88
core   0: 3 0x00008b10 (0x05566c63)
core   0: 0x00008b68 (0x01cf5893) srli    a7, t5, 28
core   0: 3 0x00008b68 (0x01cf5893) x17 0x00000000
core   0: 0x00008b6c (0x0000044e) c.slli  s0, 19
core   0: 3 0x00008b6c (0x044e) x8  0x00380000
core   0: 0x00008b6e (0x17e8ce93) xori    t4, a7, 382
core   0: 3 0x00008b6e (0x17e8ce93) x29 0x0000017e
core   0: 0x00008b72 (0x0009a433) slt     s0, s3, zero
core   0: 3 0x00008b72 (0x0009a433) x8  0x00000000
core   0: 0x00008b76 (0x80000f37) lui     t5, 0x80000
core   0: 3 0x00008b76 (0x80000f37) x30 0x80000000
core   0: 0x00008b7a (0x00001f7d) c.addi  t5, -1
core   0: 3 0x00008b7a (0x1f7d) x30 0x7fffffff
core   0: 0x00008b7c (0x00004f81) c.li    t6, 0
core   0: 3 0x00008b7c (0x4f81) x31 0x00000000
core   0: 0x00008b7e (0x0fff5fb3) czero.eqz t6, t5, t6
core   0: 3 0x00008b7e (0x0fff5fb3) x31 0x00000000
core   0: 0x00008b82 (0x05a57763) bgeu    a0, s10, pc + 78
core   0: 3 0x00008b82 (0x05a57763)
core   0: 0x00008b86 (0x03083033) mulhu   zero, a6, a6
core   0: 3 0x00008b86 (0x03083033)
core   0: 0x00008b8a (0x00001308) c.addi4spn a0, sp, 416
core   0: 3 0x00008b8a (0x1308) x10 0x000003f0
core   0: 0x00008b8c (0x00b09513) slli    a0, ra, 11
core   0: 3 0x00008b8c (0x00b09513) x10 0x00000000
core   0: 0x00008b90 (0x4fb44997) auipc   s3, 0x4fb44
core   0: 3 0x00008b90 (0x4fb44997) x19 0x4fb4cb90
core   0: 0x00008b94 (0x01a8ccb3) xor     s9, a7, s10
core   0: 3 0x00008b94 (0x01a8ccb3) x25 0x000172d4
core   0: 0x00008b98 (0x00001b90) c.addi4spn a2, sp, 496
core   0: 3 0x00008b98 (0x1b90) x12 0x00000440
core   0: 0x00008b9a (0x00000001) c.nop
core   0: 3 0x00008b9a (0x0001)
core   0: 0x00008b9c (0x05008a63) beq     ra, a6, pc + 84
core   0: 3 0x00008b9c (0x05008a63)
core   0: 0x00008bf0 (0x7901cf93) xori    t6, gp, 1936
core   0: 3 0x00008bf0 (0x7901cf93) x31 0xfffffa2e
core   0: 0x00008bf4 (0x018fe033) or      zero, t6, s8
core   0: 3 0x00008bf4 (0x018fe033)
core   0: 0x00008bf8 (0x00006171) c.addi16sp sp, 336
core   0: 3 0x00008bf8 (0x6171) x2  0x000003a0
core   0: 0x00008bfa (0x00005dfd) c.li    s11, -1
core   0: 3 0x00008bfa (0x5dfd) x27 0xffffffff
core   0: 0x00008bfc (0x02b0ec63) bltu    ra, a1, pc + 56
core   0: 3 0x00008bfc (0x02b0ec63)
core   0: 0x00008c34 (0x00000b2e) c.slli  s6, 11
core   0: 3 0x00008c34 (0x0b2e) x22 0xfffff800
core   0: 0x00008c36 (0x412bd593) srai    a1, s7, 18
core   0: 3 0x00008c36 (0x412bd593) x11 0x00000ffd
core   0: 0x00008c3a (0x03438763) beq     t2, s4, pc + 46
core   0: 3 0x00008c3a (0x03438763)
core   0: 0x00008c68 (0x00008d49) c.or    a0, a0
core   0: 3 0x00008c68 (0x8d49) x10 0x00000000
core   0: 0x00008c6a (0x41b75633) sra     a2, a4, s11
core   0: 3 0x00008c6a (0x41b75633) x12 0xffffffff
core   0: 0x00008c6e (0x595d8293) addi    t0, s11, 1429
core   0: 3 0x00008c6e (0x595d8293) x5  0x00000594
core   0: 0x00008c72 (0x017cc1b3) xor     gp, s9, s7
core   0: 3 0x00008c72 (0x017cc1b3) x3  0x3ff502d4
core   0: 0x00008c76 (0x00006f41) c.lui   t5, 0x10
core   0: 3 0x00008c76 (0x6f41) x30 0x00010000
core   0: 0x00008c78 (0xa5a5afb7) lui     t6, 0xa5a5a
core   0: 3 0x00008c78 (0xa5a5afb7) x31 0xa5a5a000
core   0: 0x00008c7c (0x5a5f8f93) addi    t6, t6, 1445
core   0: 3 0x00008c7c (0x5a5f8f93) x31 0xa5a5a5a5
core   0: 0x00008c80 (0x41ff7fb3) andn    t6, t5, t6
core   0: 3 0x00008c80 (0x41ff7fb3) x31 0x00000000
core   0: 0x00008c84 (0x0056d013) srli    zero, a3, 5
core   0: 3 0x00008c84 (0x0056d013)
core   0: 0x00008c88 (0x011294b3) sll     s1, t0, a7
core   0: 3 0x00008c88 (0x011294b3) x9  0x00000594
core   0: 0x00008c8c (0x00008d51) c.or    a0, a2
core   0: 3 0x00008c8c (0x8d51) x10 0xffffffff
core   0: 0x00008c8e (0xf7f2a997) auipc   s3, 0xf7f2a
core   0: 3 0x00008c8e (0xf7f2a997) x19 0xf7f32c8e
core   0: 0x00008c92 (0x03ff06b3) mul     a3, t5, t6
core   0: 3 0x00008c92 (0x03ff06b3) x13 0x00000000
core   0: 0x00008c96 (0x01dca6b3) slt     a3, s9, t4
core   0: 3 0x00008c96 (0x01dca6b3) x13 0x00000000
core   0: 0x00008c9a (0xb8593993) sltiu   s3, s2, -1147
core   0: 3 0x00008c9a (0xb8593993) x19 0x00000000
core   0: 0x00008c9e (0x00b75933) srl     s2, a4, a1
core   0: 3 0x00008c9e (0x00b75933) x18 0x00000005
core   0: 0x00008ca2 (0x028d0333) mul     t1, s10, s0
core   0: 3 0x00008ca2 (0x028d0333) x6  0x00000000
core   0: 0x00008ca6 (0x08bef163) bgeu    t4, a1, pc + 130
core   0: 3 0x00008ca6 (0x08bef163)
core   0: 0x00008caa (0x80000f37) lui     t5, 0x80000
core   0: 3 0x00008caa (0x80000f37) x30 0x80000000
core   0: 0x00008cae (0x00001f7d) c.addi  t5, -1
core   0: 3 0x00008cae (0x1f7d) x30 0x7fffffff
core   0: 0x00008cb0 (0x00004f81) c.li    t6, 0
core   0: 3 0x00008cb0 (0x4f81) x31 0x00000000
core   0: 0x00008cb2 (0x41ff6fb3) orn     t6, t5, t6
core   0: 3 0x00008cb2 (0x41ff6fb3) x31 0xffffffff
core   0: 0x00008cb6 (0x34041073) csrw    mscratch, s0
core   0: 3 0x00008cb6 (0x34041073) c832_mscratch 0x00000000
core   0: 0x00008cba (0x00001417) auipc   s0, 0x1
core   0: 3 0x00008cba (0x00001417) x8  0x00009cba
core   0: 0x00008cbe (0x9ce40413) addi    s0, s0, -1586
core   0: 3 0x00008cbe (0x9ce40413) x8  0x00009688
core   0: 0x00008cc2 (0x0000c004) c.sw    s1, 0(s0)
core   0: 3 0x00008cc2 (0xc004) mem 0x00009688 0x00000594
core   0: 0x00008cc4 (0x00242223) sw      sp, 4(s0)
core   0: 3 0x00008cc4 (0x00242223) mem 0x0000968c 0x000003a0
core   0: 0x00008cc8 (0x00840113) addi    sp, s0, 8
core   0: 3 0x00008cc8 (0x00840113) x2  0x00009690
core   0: 0x00008ccc (0x0000c07e) c.swsp  t6, 0(sp)
core   0: 3 0x00008ccc (0xc07e) mem 0x00009690 0xffffffff
core   0: 0x00008cce (0x00004f02) c.lwsp  t5, 0(sp)
core   0: 3 0x00008cce (0x4f02) x30 0xffffffff mem 0x00009690
core   0: 0x00008cd0 (0x01f42423) sw      t6, 8(s0)
core   0: 3 0x00008cd0 (0x01f42423) mem 0x00009690 0xffffffff
core   0: 0x00008cd4 (0x00004404) c.lw    s1, 8(s0)
core   0: 3 0x00008cd4 (0x4404) x9  0xffffffff mem 0x00009690
core   0: 0x00008cd6 (0x0000c404) c.sw    s1, 8(s0)
core   0: 3 0x00008cd6 (0xc404) mem 0x00009690 0xffffffff
core   0: 0x00008cd8 (0x00442103) lw      sp, 4(s0)
core   0: 3 0x00008cd8 (0x00442103) x2  0x000003a0 mem 0x0000968c
core   0: 0x00008cdc (0x00004004) c.lw    s1, 0(s0)
core   0: 3 0x00008cdc (0x4004) x9  0x00000594 mem 0x00009688
core   0: 0x00008cde (0x34002473) csrr    s0, mscratch
core   0: 3 0x00008cde (0x34002473) x8  0x00000000
core   0: 0x00008ce2 (0x035dd033) divu    zero, s11, s5
core   0: 3 0x00008ce2 (0x035dd033)
core   0: 0x00008ce6 (0x00008a5e) c.mv    s4, s7
core   0: 3 0x00008ce6 (0x8a5e) x20 0x3ff47000
core   0: 0x00008ce8 (0x005854b3) srl     s1, a6, t0
core   0: 3 0x00008ce8 (0x005854b3) x9  0x00000000
core   0: 0x00008cec (0xd25e4b13) xori    s6, t3, -731
core   0: 3 0x00008cec (0xd25e4b13) x22 0xfffffd25
core   0: 0x00008cf0 (0x00000001) c.nop
core   0: 3 0x00008cf0 (0x0001)
core   0: 0x00008cf2 (0x037c0963) beq     s8, s7, pc + 50
core   0: 3 0x00008cf2 (0x037c0963)
core   0: 0x00008cf6 (0x00414e63) blt     sp, tp, pc + 28
core   0: 3 0x00008cf6 (0x00414e63)
core   0: 0x00008cfa (0x00f47db3) and     s11, s0, a5
core   0: 3 0x00008cfa (0x00f47db3) x27 0x00000000
core   0: 0x00008cfe (0x00009a7d) c.andi  a2, -1
core   0: 3 0x00008cfe (0x9a7d) x12 0xffffffff
core   0: 0x00008d00 (0x00000001) c.nop
core   0: 3 0x00008d00 (0x0001)
core   0: 0x00008d02 (0x80000f37) lui     t5, 0x80000
core   0: 3 0x00008d02 (0x80000f37) x30 0x80000000
core   0: 0x00008d06 (0x00007fc1) c.lui   t6, 0xffff0
core   0: 3 0x00008d06 (0x7fc1) x31 0xffff0000
core   0: 0x00008d08 (0x00000f85) c.addi  t6, 1
core   0: 3 0x00008d08 (0x0f85) x31 0xffff0001
core   0: 0x00008d0a (0x41ff4fb3) xnor    t6, t5, t6
core   0: 3 0x00008d0a (0x41ff4fb3) x31 0x8000fffe
core   0: 0x00008d0e (0x00008cc5) c.or    s1, s1
core   0: 3 0x00008d0e (0x8cc5) x9  0x00000000
core   0: 0x00008d10 (0x00008d41) c.or    a0, s0
core   0: 3 0x00008d10 (0x8d41) x10 0xffffffff
core   0: 0x00008d12 (0x000062c9) c.lui   t0, 0x12
core   0: 3 0x00008d12 (0x62c9) x5  0x00012000
core   0: 0x00008d14 (0x05a30d63) beq     t1, s10, pc + 90
core   0: 3 0x00008d14 (0x05a30d63)
core   0: 0x00008d18 (0x02154bb3) div     s7, a0, ra
core   0: 3 0x00008d18 (0x02154bb3) x23 0xffffffff
core   0: 0x00008d1c (0x8ff92193) slti    gp, s2, -1793
core   0: 3 0x00008d1c (0x8ff92193) x3  0x00000000
core   0: 0x00008d20 (0x05664863) blt     a2, s6, pc + 80
core   0: 3 0x00008d20 (0x05664863)
core   0: 0x00008d24 (0x02241d63) bne     s0, sp, pc + 58
core   0: 3 0x00008d24 (0x02241d63)
core   0: 0x00008d5e (0x04d4d863) bge     s1, a3, pc + 80
core   0: 3 0x00008d5e (0x04d4d863)
core   0: 0x00008dae (0x000092aa) c.add   t0, a0
core   0: 3 0x00008dae (0x92aa) x5  0x00011fff
core   0: 0x00008db0 (0x02f12533) mulhsu  a0, sp, a5
core   0: 3 0x00008db0 (0x02f12533) x10 0x0000039f
core   0: 0x00008db4 (0x003e7933) and     s2, t3, gp
core   0: 3 0x00008db4 (0x003e7933) x18 0x00000000
core   0: 0x00008db8 (0x00006091) c.lui   ra, 0x4
core   0: 3 0x00008db8 (0x6091) x1  0x00004000
core   0: 0x00008dba (0x00006f41) c.lui   t5, 0x10
core   0: 3 0x00008dba (0x6f41) x30 0x00010000
core   0: 0x00008dbc (0xa5a5afb7) lui     t6, 0xa5a5a
core   0: 3 0x00008dbc (0xa5a5afb7) x31 0xa5a5a000
core   0: 0x00008dc0 (0x5a5f8f93) addi    t6, t6, 1445
core   0: 3 0x00008dc0 (0x5a5f8f93) x31 0xa5a5a5a5
core   0: 0x00008dc4 (0x0bff4fb3) min     t6, t5, t6
core   0: 3 0x00008dc4 (0x0bff4fb3) x31 0xa5a5a5a5
core   0: 0x00008dc8 (0x34009073) csrw    mscratch, ra
core   0: 3 0x00008dc8 (0x34009073) c832_mscratch 0x00004000
core   0: 0x00008dcc (0x00002009) c.jal   pc + 2
core   0: 3 0x00008dcc (0x2009) x1  0x00008dce
core   0: 0x00008dce (0x004000ef) jal     pc + 0x4
core   0: 3 0x00008dce (0x004000ef) x1  0x00008dd2
core   0: 0x00008dd2 (0x004000ef) jal     pc + 0x4
core   0: 3 0x00008dd2 (0x004000ef) x1  0x00008dd6
core   0: 0x00008dd6 (0x00000097) auipc   ra, 0x0
core   0: 3 0x00008dd6 (0x00000097) x1  0x00008dd6
core   0: 0x00008dda (0x00c08093) addi    ra, ra, 12
core   0: 3 0x00008dda (0x00c08093) x1  0x00008de2
core   0: 0x00008dde (0x00008067) ret
core   0: 3 0x00008dde (0x00008067)
core   0: 0x00008de2 (0x340020f3) csrr    ra, mscratch
core   0: 3 0x00008de2 (0x340020f3) x1  0x00004000
core   0: 0x00008de6 (0x36eb8ab7) lui     s5, 0x36eb8
core   0: 3 0x00008de6 (0x36eb8ab7) x21 0x36eb8000
core   0: 0x00008dea (0x02760e63) beq     a2, t2, pc + 60
core   0: 3 0x00008dea (0x02760e63)
core   0: 0x00008dee (0x01b94633) xor     a2, s2, s11
core   0: 3 0x00008dee (0x01b94633) x12 0x00000000
core   0: 0x00008df2 (0x012832b3) sltu    t0, a6, s2
core   0: 3 0x00008df2 (0x012832b3) x5  0x00000000
core   0: 0x00008df6 (0x03fd9033) mulh    zero, s11, t6
core   0: 3 0x00008df6 (0x03fd9033)
core   0: 0x00008dfa (0x0175de33) srl     t3, a1, s7
core   0: 3 0x00008dfa (0x0175de33) x28 0x00000000
core   0: 0x00008dfe (0x0000147d) c.addi  s0, -1
core   0: 3 0x00008dfe (0x147d) x8  0xffffffff
core   0: 0x00008e00 (0x00006e5d) c.lui   t3, 0x17
core   0: 3 0x00008e00 (0x6e5d) x28 0x00017000
core   0: 0x00008e02 (0x40db8db3) sub     s11, s7, a3
core   0: 3 0x00008e02 (0x40db8db3) x27 0xffffffff
core   0: 0x00008e06 (0x00001f08) c.addi4spn a0, sp, 944
core   0: 3 0x00008e06 (0x1f08) x10 0x00000750
core   0: 0x00008e08 (0x80000f37) lui     t5, 0x80000
core   0: 3 0x00008e08 (0x80000f37) x30 0x80000000
core   0: 0x00008e0c (0x00001f7d) c.addi  t5, -1
core   0: 3 0x00008e0c (0x1f7d) x30 0x7fffffff
core   0: 0x00008e0e (0x00004f81) c.li    t6, 0
core   0: 3 0x00008e0e (0x4f81) x31 0x00000000
core   0: 0x00008e10 (0x0bff5fb3) minu    t6, t5, t6
core   0: 3 0x00008e10 (0x0bff5fb3) x31 0x00000000
core   0: 0x00008e14 (0x01c741b3) xor     gp, a4, t3
core   0: 3 0x00008e14 (0x01c741b3) x3  0xb9fe799a
core   0: 0x00008e18 (0x03926663) bltu    tp, s9, pc + 44
core   0: 3 0x00008e18 (0x03926663)
core   0: 0x00008e44 (0x0220dd63) bge     ra, sp, pc + 58
core   0: 3 0x00008e44 (0x0220dd63)
core   0: 0x00008e7e (0x00008531) c.srai  a0, 12
core   0: 3 0x00008e7e (0x8531) x10 0x00000000
core   0: 0x00008e80 (0x079ec363) blt     t4, s9, pc + 102
core   0: 3 0x00008e80 (0x079ec363)
core   0: 0x00008ee6 (0x02a36333) rem     t1, t1, a0
core   0: 3 0x00008ee6 (0x02a36333) x6  0x00000000
core   0: 0x00008eea (0x00006111) c.addi16sp sp, 256
core   0: 3 0x00008eea (0x6111) x2  0x000004a0
core   0: 0x00008eec (0x0000c9a9) c.beqz  a1, pc + 82
core   0: 3 0x00008eec (0xc9a9)
core   0: 0x00008eee (0xabd9c913) xori    s2, s3, -1347
core   0: 3 0x00008eee (0xabd9c913) x18 0xfffffabd
core   0: 0x00008ef2 (0x023dee33) rem     t3, s11, gp
core   0: 3 0x00008ef2 (0x023dee33) x28 0xffffffff
core   0: 0x00008ef6 (0x00c1c9b3) xor     s3, gp, a2
core   0: 3 0x00008ef6 (0x00c1c9b3) x19 0xb9fe799a
core   0: 0x00008efa (0x000082d9) c.srli  a3, 22
core   0: 3 0x00008efa (0x82d9) x13 0x00000000
core   0: 0x00008efc (0x0380d2b3) divu    t0, ra, s8
core   0: 3 0x00008efc (0x0380d2b3) x5  0x00000000
core   0: 0x00008f00 (0x00001f0c) c.addi4spn a1, sp, 944
core   0: 3 0x00008f00 (0x1f0c) x11 0x00000850
core   0: 0x00008f02 (0x00006f41) c.lui   t5, 0x10
core   0: 3 0x00008f02 (0x6f41) x30 0x00010000
core   0: 0x00008f04 (0xa5a5afb7) lui     t6, 0xa5a5a
core   0: 3 0x00008f04 (0xa5a5afb7) x31 0xa5a5a000
core   0: 0x00008f08 (0x5a5f8f93) addi    t6, t6, 1445
core   0: 3 0x00008f08 (0x5a5f8f93) x31 0xa5a5a5a5
core   0: 0x00008f0c (0x080f4fb3) zext.h  t6, t5
core   0: 3 0x00008f0c (0x080f4fb3) x31 0x00000000
core   0: 0x00008f10 (0x00000961) c.addi  s2, 24
core   0: 3 0x00008f10 (0x0961) x18 0xfffffad5
core   0: 0x00008f12 (0x6b8cae13) slti    t3, s9, 1720
core   0: 3 0x00008f12 (0x6b8cae13) x28 0x00000000
core   0: 0x00008f16 (0x00000001) c.nop
core   0: 3 0x00008f16 (0x0001)
core   0: 0x00008f18 (0x00000e00) c.addi4spn s0, sp, 784
core   0: 3 0x00008f18 (0x0e00) x8  0x000007b0
core   0: 0x00008f1a (0x00000095) c.addi  ra, 5
core   0: 3 0x00008f1a (0x0095) x1  0x00004005
core   0: 0x00008f1c (0x003a7db3) and     s11, s4, gp
core   0: 3 0x00008f1c (0x003a7db3) x27 0x39f47000
core   0: 0x00008f20 (0x401d5f93) srai    t6, s10, 1
core   0: 3 0x00008f20 (0x401d5f93) x31 0x0000b96a
core   0: 0x00008f24 (0x0000c915) c.beqz  a0, pc + 52
core   0: 3 0x00008f24 (0xc915)
core   0: 0x00008f58 (0x06427563) bgeu    tp, tp, pc + 106
core   0: 3 0x00008f58 (0x06427563)
core   0: 0x00008fc2 (0x00008c09) c.sub   s0, a0
core   0: 3 0x00008fc2 (0x8c09) x8  0x000007b0
core   0: 0x00008fc4 (0x000083c1) c.srli  a5, 16
core   0: 3 0x00008fc4 (0x83c1) x15 0x0000ffff
core   0: 0x00008fc6 (0x7479ca13) xori    s4, s3, 1863
core   0: 3 0x00008fc6 (0x7479ca13) x20 0xb9fe7edd
core   0: 0x00008fca (0x00004f01) c.li    t5, 0
core   0: 3 0x00008fca (0x4f01) x30 0x00000000
core   0: 0x00008fcc (0x80000fb7) lui     t6, 0x80000
core   0: 3 0x00008fcc (0x80000fb7) x31 0x80000000
core   0: 0x00008fd0 (0x00001ffd) c.addi  t6, -1
core   0: 3 0x00008fd0 (0x1ffd) x31 0x7fffffff
core   0: 0x00008fd2 (0x287f5f93) orc.b   t6, t5
core   0: 3 0x00008fd2 (0x287f5f93) x31 0x00000000
core   0: 0x00008fd6 (0x340f1073) csrw    mscratch, t5
core   0: 3 0x00008fd6 (0x340f1073) c832_mscratch 0x00000000
core   0: 0x00008fda (0x34002ff3) csrr    t6, mscratch
core   0: 3 0x00008fda (0x34002ff3) x31 0x00000000
core   0: 0x00008fde (0x34003ff3) csrrc   t6, mscratch, zero
core   0: 3 0x00008fde (0x34003ff3) x31 0x00000000
core   0: 0x00008fe2 (0x923fb813) sltiu   a6, t6, -1757
core   0: 3 0x00008fe2 (0x923fb813) x16 0x00000001
core   0: 0x00008fe6 (0x3d98ac37) lui     s8, 0x3d98a
core   0: 3 0x00008fe6 (0x3d98ac37) x24 0x3d98a000
core   0: 0x00008fea (0x00009542) c.add   a0, a6
core   0: 3 0x00008fea (0x9542) x10 0x00000001
core   0: 0x00008fec (0x0352cf63) blt     t0, s5, pc + 62
core   0: 3 0x00008fec (0x0352cf63)
core   0: 0x0000902a (0x01875893) srli    a7, a4, 24
core   0: 3 0x0000902a (0x01875893) x17 0x000000b9
core   0: 0x0000902e (0x00000406) c.slli  s0, 1
core   0: 3 0x0000902e (0x0406) x8  0x00000f60
core   0: 0x00009030 (0x00006f41) c.lui   t5, 0x10
core   0: 3 0x00009030 (0x6f41) x30 0x00010000
core   0: 0x00009032 (0xa5a5afb7) lui     t6, 0xa5a5a
core   0: 3 0x00009032 (0xa5a5afb7) x31 0xa5a5a000
core   0: 0x00009036 (0x5a5f8f93) addi    t6, t6, 1445
core   0: 3 0x00009036 (0x5a5f8f93) x31 0xa5a5a5a5
core   0: 0x0000903a (0x49ff1fb3) bclr    t6, t5, t6
core   0: 3 0x0000903a (0x49ff1fb3) x31 0x00010000
core   0: 0x0000903e (0x00005ffd) c.li    t6, -1
core   0: 3 0x0000903e (0x5ffd) x31 0xffffffff
core   0: 0x00009040 (0x8c8bcc93) xori    s9, s7, -1848
core   0: 3 0x00009040 (0x8c8bcc93) x25 0x00000737
core   0: 0x00009044 (0x00000af5) c.addi  s5, 29
core   0: 3 0x00009044 (0x0af5) x21 0x36eb801d
core   0: 0x00009046 (0x036a6333) rem     t1, s4, s6
core   0: 3 0x00009046 (0x036a6333) x6  0xffffff59
core   0: 0x0000904a (0x4bb58437) lui     s0, 0x4bb58
core   0: 3 0x0000904a (0x4bb58437) x8  0x4bb58000
core   0: 0x0000904e (0x035802b3) mul     t0, a6, s5
core   0: 3 0x0000904e (0x035802b3) x5  0x36eb801d
core   0: 0x00009052 (0x018a6633) or      a2, s4, s8
core   0: 3 0x00009052 (0x018a6633) x12 0xbdfefedd
core   0: 0x00009056 (0x03f3cbb3) div     s7, t2, t6
core   0: 3 0x00009056 (0x03f3cbb3) x23 0xfffedb4c
core   0: 0x0000905a (0x0000cc1d) c.beqz  s0, pc + 62
core   0: 3 0x0000905a (0xcc1d)
core   0: 0x0000905c (0x00008d4d) c.or    a0, a1
core   0: 3 0x0000905c (0x8d4d) x10 0x00000851
core   0: 0x0000905e (0x80000f37) lui     t5, 0x80000
core   0: 3 0x0000905e (0x80000f37) x30 0x80000000
core   0: 0x00009062 (0x00001f7d) c.addi  t5, -1
core   0: 3 0x00009062 (0x1f7d) x30 0x7fffffff
core   0: 0x00009064 (0x00004f81) c.li    t6, 0
core   0: 3 0x00009064 (0x4f81) x31 0x00000000
core   0: 0x00009066 (0x49ff5fb3) bext    t6, t5, t6
core   0: 3 0x00009066 (0x49ff5fb3) x31 0x00000001
core   0: 0x0000906a (0xc162ce93) xori    t4, t0, -1002
core   0: 3 0x0000906a (0xc162ce93) x29 0xc9147c0b
core   0: 0x0000906e (0x4133d793) srai    a5, t2, 19
core   0: 3 0x0000906e (0x4133d793) x15 0x00000000
core   0: 0x00009072 (0x0189e733) or      a4, s3, s8
core   0: 3 0x00009072 (0x0189e733) x14 0xbdfef99a
core   0: 0x00009076 (0x00006999) c.lui   s3, 0x6
core   0: 3 0x00009076 (0x6999) x19 0x00006000
core   0: 0x00009078 (0x03acfb63) bgeu    s9, s10, pc + 54
core   0: 3 0x00009078 (0x03acfb63)
core   0: 0x0000907c (0x02286e63) bltu    a6, sp, pc + 60
core   0: 3 0x0000907c (0x02286e63)
core   0: 0x000090b8 (0x411888b3) sub     a7, a7, a7
core   0: 3 0x000090b8 (0x411888b3) x17 0x00000000
core   0: 0x000090bc (0xa5a5af37) lui     t5, 0xa5a5a
core   0: 3 0x000090bc (0xa5a5af37) x30 0xa5a5a000
core   0: 0x000090c0 (0x5a5f0f13) addi    t5, t5, 1445
core   0: 3 0x000090c0 (0x5a5f0f13) x30 0xa5a5a5a5
core   0: 0x000090c4 (0x00006fc1) c.lui   t6, 0x10
core   0: 3 0x000090c4 (0x6fc1) x31 0x00010000
core   0: 0x000090c6 (0x29ff1fb3) bset    t6, t5, t6
core   0: 3 0x000090c6 (0x29ff1fb3) x31 0xa5a5a5a5
core   0: 0x000090ca (0x34041073) csrw    mscratch, s0
core   0: 3 0x000090ca (0x34041073) c832_mscratch 0x4bb58000
core   0: 0x000090ce (0x00000417) auipc   s0, 0x0
core   0: 3 0x000090ce (0x00000417) x8  0x000090ce
core   0: 0x000090d2 (0x5ba40413) addi    s0, s0, 1466
core   0: 3 0x000090d2 (0x5ba40413) x8  0x00009688
core   0: 0x000090d6 (0x0000c004) c.sw    s1, 0(s0)
core   0: 3 0x000090d6 (0xc004) mem 0x00009688 0x00000000
core   0: 0x000090d8 (0x00242223) sw      sp, 4(s0)
core   0: 3 0x000090d8 (0x00242223) mem 0x0000968c 0x000004a0
core   0: 0x000090dc (0x00840113) addi    sp, s0, 8
core   0: 3 0x000090dc (0x00840113) x2  0x00009690
core   0: 0x000090e0 (0x0000c07e) c.swsp  t6, 0(sp)
core   0: 3 0x000090e0 (0xc07e) mem 0x00009690 0xa5a5a5a5
core   0: 0x000090e2 (0x00004f02) c.lwsp  t5, 0(sp)
core   0: 3 0x000090e2 (0x4f02) x30 0xa5a5a5a5 mem 0x00009690
core   0: 0x000090e4 (0x01f42423) sw      t6, 8(s0)
core   0: 3 0x000090e4 (0x01f42423) mem 0x00009690 0xa5a5a5a5
core   0: 0x000090e8 (0x00004404) c.lw    s1, 8(s0)
core   0: 3 0x000090e8 (0x4404) x9  0xa5a5a5a5 mem 0x00009690
core   0: 0x000090ea (0x0000c404) c.sw    s1, 8(s0)
core   0: 3 0x000090ea (0xc404) mem 0x00009690 0xa5a5a5a5
core   0: 0x000090ec (0x00442103) lw      sp, 4(s0)
core   0: 3 0x000090ec (0x00442103) x2  0x000004a0 mem 0x0000968c
core   0: 0x000090f0 (0x00004004) c.lw    s1, 0(s0)
core   0: 3 0x000090f0 (0x4004) x9  0x00000000 mem 0x00009688
core   0: 0x000090f2 (0x34002473) csrr    s0, mscratch
core   0: 3 0x000090f2 (0x34002473) x8  0x4bb58000
core   0: 0x000090f6 (0x015f3133) sltu    sp, t5, s5
core   0: 3 0x000090f6 (0x015f3133) x2  0x00000000
core   0: 0x000090fa (0x02bc4bb3) div     s7, s8, a1
core   0: 3 0x000090fa (0x02bc4bb3) x23 0x000768fa
core   0: 0x000090fe (0x00604933) xor     s2, zero, t1
core   0: 3 0x000090fe (0x00604933) x18 0xffffff59
core   0: 0x00009102 (0x000098b6) c.add   a7, a3
core   0: 3 0x00009102 (0x98b6) x17 0x00000000
core   0: 0x00009104 (0x00008671) c.srai  a2, 28
core   0: 3 0x00009104 (0x8671) x12 0xfffffffb
core   0: 0x00009106 (0x00000001) c.nop
core   0: 3 0x00009106 (0x0001)
core   0: 0x00009108 (0x03d14a33) div     s4, sp, t4
core   0: 3 0x00009108 (0x03d14a33) x20 0x00000000
core   0: 0x0000910c (0x019fc5b3) xor     a1, t6, s9
core   0: 3 0x0000910c (0x019fc5b3) x11 0xa5a5a292
core   0: 0x00009110 (0x000000b6) c.slli  ra, 13
core   0: 3 0x00009110 (0x00b6) x1  0x0800a000
core   0: 0x00009112 (0x03fe6033) rem     zero, t3, t6
core   0: 3 0x00009112 (0x03fe6033)
core   0: 0x00009116 (0x00004f01) c.li    t5, 0
core   0: 3 0x00009116 (0x4f01) x30 0x00000000
core   0: 0x00009118 (0x80000fb7) lui     t6, 0x80000
core   0: 3 0x00009118 (0x80000fb7) x31 0x80000000
core   0: 0x0000911c (0x00001ffd) c.addi  t6, -1
core   0: 3 0x0000911c (0x1ffd) x31 0x7fffffff
core   0: 0x0000911e (0x49ff1f93) bclri   t6, t5, 31
core   0: 3 0x0000911e (0x49ff1f93) x31 0x00000000
core   0: 0x00009122 (0x01e34033) xor     zero, t1, t5
core   0: 3 0x00009122 (0x01e34033)
core   0: 0x00009126 (0x4004d533) sra     a0, s1, zero
core   0: 3 0x00009126 (0x4004d533) x10 0x00000000
core   0: 0x0000912a (0x00008d71) c.and   a0, a2
core   0: 3 0x0000912a (0x8d71) x10 0x00000000
core   0: 0x0000912c (0x017e5fb3) srl     t6, t3, s7
core   0: 3 0x0000912c (0x017e5fb3) x31 0x00000000
core   0: 0x00009130 (0x01aa9013) slli    zero, s5, 26
core   0: 3 0x00009130 (0x01aa9013)
core   0: 0x00009134 (0x00d8a4b3) slt     s1, a7, a3
core   0: 3 0x00009134 (0x00d8a4b3) x9  0x00000000
core   0: 0x00009138 (0x020e64b3) rem     s1, t3, zero
core   0: 3 0x00009138 (0x020e64b3) x9  0x00000000
core   0: 0x0000913c (0x00eb96b3) sll     a3, s7, a4
core   0: 3 0x0000913c (0x00eb96b3) x13 0xe8000000
core   0: 0x00009140 (0x05309a63) bne     ra, s3, pc + 84
core   0: 3 0x00009140 (0x05309a63)
core   0: 0x00009194 (0x00008d2d) c.xor   a0, a1
core   0: 3 0x00009194 (0x8d2d) x10 0xa5a5a292
core   0: 0x00009196 (0x009a0533) add     a0, s4, s1
core   0: 3 0x00009196 (0x009a0533) x10 0x00000000
core   0: 0x0000919a (0x41320033) sub     zero, tp, s3
core   0: 3 0x0000919a (0x41320033)
core   0: 0x0000919e (0x80000f37) lui     t5, 0x80000
core   0: 3 0x0000919e (0x80000f37) x30 0x80000000
core   0: 0x000091a2 (0x00001f7d) c.addi  t5, -1
core   0: 3 0x000091a2 (0x1f7d) x30 0x7fffffff
core   0: 0x000091a4 (0x00004f81) c.li    t6, 0
core   0: 3 0x000091a4 (0x4f81) x31 0x00000000
core   0: 0x000091a6 (0x29ff1f93) bseti   t6, t5, 31
core   0: 3 0x000091a6 (0x29ff1f93) x31 0xffffffff
core   0: 0x000091aa (0x005a4e63) blt     s4, t0, pc + 28
core   0: 3 0x000091aa (0x005a4e63)
core   0: 0x000091c6 (0x03731e33) mulh    t3, t1, s7
core   0: 3 0x000091c6 (0x03731e33) x28 0xffffffff
core   0: 0x000091ca (0x021ad033) divu    zero, s5, ra
core   0: 3 0x000091ca (0x021ad033)
core   0: 0x000091ce (0x80000f37) lui     t5, 0x80000
core   0: 3 0x000091ce (0x80000f37) x30 0x80000000
core   0: 0x000091d2 (0x00007fc1) c.lui   t6, 0xffff0
core   0: 3 0x000091d2 (0x7fc1) x31 0xffff0000
core   0: 0x000091d4 (0x00000f85) c.addi  t6, 1
core   0: 3 0x000091d4 (0x0f85) x31 0xffff0001
core   0: 0x000091d6 (0x0fff5fb3) czero.eqz t6, t5, t6
core   0: 3 0x000091d6 (0x0fff5fb3) x31 0x80000000
core   0: 0x000091da (0x34009073) csrw    mscratch, ra
core   0: 3 0x000091da (0x34009073) c832_mscratch 0x0800a000
core   0: 0x000091de (0x00002009) c.jal   pc + 2
core   0: 3 0x000091de (0x2009) x1  0x000091e0
core   0: 0x000091e0 (0x004000ef) jal     pc + 0x4
core   0: 3 0x000091e0 (0x004000ef) x1  0x000091e4
core   0: 0x000091e4 (0x004000ef) jal     pc + 0x4
core   0: 3 0x000091e4 (0x004000ef) x1  0x000091e8
core   0: 0x000091e8 (0x00000097) auipc   ra, 0x0
core   0: 3 0x000091e8 (0x00000097) x1  0x000091e8
core   0: 0x000091ec (0x00c08093) addi    ra, ra, 12
core   0: 3 0x000091ec (0x00c08093) x1  0x000091f4
core   0: 0x000091f0 (0x00008067) ret
core   0: 3 0x000091f0 (0x00008067)
core   0: 0x000091f4 (0x340020f3) csrr    ra, mscratch
core   0: 3 0x000091f4 (0x340020f3) x1  0x0800a000
core   0: 0x000091f8 (0x00008d75) c.and   a0, a3
core   0: 3 0x000091f8 (0x8d75) x10 0x00000000
core   0: 0x000091fa (0x00008931) c.andi  a0, 12
core   0: 3 0x000091fa (0x8931) x10 0x00000000
core   0: 0x000091fc (0x02594333) div     t1, s2, t0
core   0: 3 0x000091fc (0x02594333) x6  0x00000000
core   0: 0x00009200 (0x00009612) c.add   a2, tp
core   0: 3 0x00009200 (0x9612) x12 0xfffffffc
core   0: 0x00009202 (0x03038c33) mul     s8, t2, a6
core   0: 3 0x00009202 (0x03038c33) x24 0x000124b4
core   0: 0x00009206 (0x0000c50d) c.beqz  a0, pc + 42
core   0: 3 0x00009206 (0xc50d)
core   0: 0x00009230 (0x030ddc33) divu    s8, s11, a6
core   0: 3 0x00009230 (0x030ddc33) x24 0x39f47000
core   0: 0x00009234 (0x00008e15) c.sub   a2, a3
core   0: 3 0x00009234 (0x8e15) x12 0x17fffffc
core   0: 0x00009236 (0x00001e88) c.addi4spn a0, sp, 880
core   0: 3 0x00009236 (0x1e88) x10 0x00000370
core   0: 0x00009238 (0x00000001) c.nop
core   0: 3 0x00009238 (0x0001)
core   0: 0x0000923a (0x00008422) c.mv    s0, s0
core   0: 3 0x0000923a (0x8422) x8  0x4bb58000
core   0: 0x0000923c (0x00004f01) c.li    t5, 0
core   0: 3 0x0000923c (0x4f01) x30 0x00000000
core   0: 0x0000923e (0x80000fb7) lui     t6, 0x80000
core   0: 3 0x0000923e (0x80000fb7) x31 0x80000000
core   0: 0x00009242 (0x00001ffd) c.addi  t6, -1
core   0: 3 0x00009242 (0x1ffd) x31 0x7fffffff
core   0: 0x00009244 (0x21ff2fb3) sh1add  t6, t5, t6
core   0: 3 0x00009244 (0x21ff2fb3) x31 0x7fffffff
core   0: 0x00009248 (0x0410c193) xori    gp, ra, 65
core   0: 3 0x00009248 (0x0410c193) x3  0x0800a041
core   0: 0x0000924c (0x0000824d) c.srli  a2, 19
core   0: 3 0x0000924c (0x824d) x12 0x000002ff
core   0: 0x0000924e (0x016d1fb3) sll     t6, s10, s6
core   0: 3 0x0000924e (0x016d1fb3) x31 0x002e5a80
core   0: 0x00009252 (0x0000c11d) c.beqz  a0, pc + 38
core   0: 3 0x00009252 (0xc11d)
core   0: 0x00009254 (0x079e9563) bne     t4, s9, pc + 106
core   0: 3 0x00009254 (0x079e9563)
core   0: 0x000092be (0x0000c53d) c.beqz  a0, pc + 110
core   0: 3 0x000092be (0xc53d)
core   0: 0x000092c0 (0x00008a1a) c.mv    s4, t1
core   0: 3 0x000092c0 (0x8a1a) x20 0x00000000
core   0: 0x000092c2 (0x0000850d) c.srai  a0, 3
core   0: 3 0x000092c2 (0x850d) x10 0x0000006e
core   0: 0x000092c4 (0x03eab1b3) mulhu   gp, s5, t5
core   0: 3 0x000092c4 (0x03eab1b3) x3  0x00000000
core   0: 0x000092c8 (0x035f5033) divu    zero, t5, s5
core   0: 3 0x000092c8 (0x035f5033)
core   0: 0x000092cc (0x00008e15) c.sub   a2, a3
core   0: 3 0x000092cc (0x8e15) x12 0x180002ff
core   0: 0x000092ce (0x80000f37) lui     t5, 0x80000
core   0: 3 0x000092ce (0x80000f37) x30 0x80000000
core   0: 0x000092d2 (0x00001f7d) c.addi  t5, -1
core   0: 3 0x000092d2 (0x1f7d) x30 0x7fffffff
core   0: 0x000092d4 (0x00004f81) c.li    t6, 0
core   0: 3 0x000092d4 (0x4f81) x31 0x00000000
core   0: 0x000092d6 (0x41ff7fb3) andn    t6, t5, t6
core   0: 3 0x000092d6 (0x41ff7fb3) x31 0x7fffffff
core   0: 0x000092da (0x80000f37) lui     t5, 0x80000
core   0: 3 0x000092da (0x80000f37) x30 0x80000000
core   0: 0x000092de (0x00005ffd) c.li    t6, -1
core   0: 3 0x000092de (0x5ffd) x31 0xffffffff
core   0: 0x000092e0 (0x03ff4fb3) div     t6, t5, t6
core   0: 3 0x000092e0 (0x03ff4fb3) x31 0x80000000
core   0: 0x000092e4 (0x03ef6fb3) rem     t6, t5, t5
core   0: 3 0x000092e4 (0x03ef6fb3) x31 0x00000000
core   0: 0x000092e8 (0x00004f81) c.li    t6, 0
core   0: 3 0x000092e8 (0x4f81) x31 0x00000000
core   0: 0x000092ea (0x03ff5fb3) divu    t6, t5, t6
core   0: 3 0x000092ea (0x03ff5fb3) x31 0xffffffff
core   0: 0x000092ee (0x00004f81) c.li    t6, 0
core   0: 3 0x000092ee (0x4f81) x31 0x00000000
core   0: 0x000092f0 (0x03ff6fb3) rem     t6, t5, t6
core   0: 3 0x000092f0 (0x03ff6fb3) x31 0x80000000
core   0: 0x000092f4 (0x00008479) c.srai  s0, 30
core   0: 3 0x000092f4 (0x8479) x8  0x00000001
core   0: 0x000092f6 (0x02f48eb3) mul     t4, s1, a5
core   0: 3 0x000092f6 (0x02f48eb3) x29 0x00000000
core   0: 0x000092fa (0x03d7e933) rem     s2, a5, t4
core   0: 3 0x000092fa (0x03d7e933) x18 0x00000000
core   0: 0x000092fe (0x02b3b033) mulhu   zero, t2, a1
core   0: 3 0x000092fe (0x02b3b033)
core   0: 0x00009302 (0x02675133) divu    sp, a4, t1
core   0: 3 0x00009302 (0x02675133) x2  0xffffffff
core   0: 0x00009306 (0x000098fd) c.andi  s1, -1
core   0: 3 0x00009306 (0x98fd) x9  0x00000000
core   0: 0x00009308 (0x00000001) c.nop
core   0: 3 0x00009308 (0x0001)
core   0: 0x0000930a (0x03f405b3) mul     a1, s0, t6
core   0: 3 0x0000930a (0x03f405b3) x11 0x80000000
core   0: 0x0000930e (0x00008a79) c.andi  a2, 30
core   0: 3 0x0000930e (0x8a79) x12 0x0000001e
core   0: 0x00009310 (0x46b2ce93) xori    t4, t0, 1131
core   0: 3 0x00009310 (0x46b2ce93) x29 0x36eb8476
core   0: 0x00009314 (0x80000f37) lui     t5, 0x80000
core   0: 3 0x00009314 (0x80000f37) x30 0x80000000
core   0: 0x00009318 (0x00007fc1) c.lui   t6, 0xffff0
core   0: 3 0x00009318 (0x7fc1) x31 0xffff0000
core   0: 0x0000931a (0x00000f85) c.addi  t6, 1
core   0: 3 0x0000931a (0x0f85) x31 0xffff0001
core   0: 0x0000931c (0x41ff6fb3) orn     t6, t5, t6
core   0: 3 0x0000931c (0x41ff6fb3) x31 0x8000fffe
core   0: 0x00009320 (0x00008d21) c.xor   a0, s0
core   0: 3 0x00009320 (0x8d21) x10 0x0000006f
core   0: 0x00009322 (0x0198cfb3) xor     t6, a7, s9
core   0: 3 0x00009322 (0x0198cfb3) x31 0x00000737
core   0: 0x00009326 (0x00006631) c.lui   a2, 0xc
core   0: 3 0x00009326 (0x6631) x12 0x0000c000
core   0: 0x00009328 (0x19d3b017) auipc   zero, 0x19d3b
core   0: 3 0x00009328 (0x19d3b017)
core   0: 0x0000932c (0x000085fe) c.mv    a1, t6
core   0: 3 0x0000932c (0x85fe) x11 0x00000737
core   0: 0x0000932e (0x1abd0213) addi    tp, s10, 427
core   0: 3 0x0000932e (0x1abd0213) x4  0x0001747f
core   0: 0x00009332 (0x00008d49) c.or    a0, a0
core   0: 3 0x00009332 (0x8d49) x10 0x0000006f
core   0: 0x00009334 (0x05da4a63) blt     s4, t4, pc + 84
core   0: 3 0x00009334 (0x05da4a63)
core   0: 0x00009388 (0x0133dc93) srli    s9, t2, 19
core   0: 3 0x00009388 (0x0133dc93) x25 0x00000000
core   0: 0x0000938c (0x04f46a63) bltu    s0, a5, pc + 84
core   0: 3 0x0000938c (0x04f46a63)
core   0: 0x00009390 (0x00009cd6) c.add   s9, s5
core   0: 3 0x00009390 (0x9cd6) x25 0x36eb801d
core   0: 0x00009392 (0x00008e95) c.sub   a3, a3
core   0: 3 0x00009392 (0x8e95) x13 0x00000000
core   0: 0x00009394 (0x4ed92a13) slti    s4, s2, 1261
core   0: 3 0x00009394 (0x4ed92a13) x20 0x00000001
core   0: 0x00009398 (0x00008d0d) c.sub   a0, a1
core   0: 3 0x00009398 (0x8d0d) x10 0xfffff938
core   0: 0x0000939a (0x00007f41) c.lui   t5, 0xffff0
core   0: 3 0x0000939a (0x7f41) x30 0xffff0000
core   0: 0x0000939c (0x00000f05) c.addi  t5, 1
core   0: 3 0x0000939c (0x0f05) x30 0xffff0001
core   0: 0x0000939e (0x80000fb7) lui     t6, 0x80000
core   0: 3 0x0000939e (0x80000fb7) x31 0x80000000
core   0: 0x000093a2 (0x601f1f93) ctz     t6, t5
core   0: 3 0x000093a2 (0x601f1f93) x31 0x00000000
core   0: 0x000093a6 (0x55bafd93) andi    s11, s5, 1371
core   0: 3 0x000093a6 (0x55bafd93) x27 0x00000019
core   0: 0x000093aa (0x00008686) c.mv    a3, ra
core   0: 3 0x000093aa (0x8686) x13 0x0800a000
core   0: 0x000093ac (0x00000001) c.nop
core   0: 3 0x000093ac (0x0001)
core   0: 0x000093ae (0x00008d29) c.xor   a0, a0
core   0: 3 0x000093ae (0x8d29) x10 0x00000000
core   0: 0x000093b0 (0x00008e45) c.or    a2, s1
core   0: 3 0x000093b0 (0x8e45) x12 0x0000c000
core   0: 0x000093b2 (0x5f1e4313) xori    t1, t3, 1521
core   0: 3 0x000093b2 (0x5f1e4313) x6  0xfffffa0e
core   0: 0x000093b6 (0x00006129) c.addi16sp sp, 192
core   0: 3 0x000093b6 (0x6129) x2  0x000000bf
core   0: 0x000093b8 (0x0000caa9) c.beqz  a3, pc + 82
core   0: 3 0x000093b8 (0xcaa9)
core   0: 0x000093ba (0x032b5e33) divu    t3, s6, s2
core   0: 3 0x000093ba (0x032b5e33) x28 0xffffffff
core   0: 0x000093be (0x00008d05) c.sub   a0, s1
core   0: 3 0x000093be (0x8d05) x10 0x00000000
core   0: 0x000093c0 (0x00006f41) c.lui   t5, 0x10
core   0: 3 0x000093c0 (0x6f41) x30 0x00010000
core   0: 0x000093c2 (0xa5a5afb7) lui     t6, 0xa5a5a
core   0: 3 0x000093c2 (0xa5a5afb7) x31 0xa5a5a000
core   0: 0x000093c6 (0x5a5f8f93) addi    t6, t6, 1445
core   0: 3 0x000093c6 (0x5a5f8f93) x31 0xa5a5a5a5
core   0: 0x000093ca (0x602f1f93) cpop    t6, t5
core   0: 3 0x000093ca (0x602f1f93) x31 0x00000001
core   0: 0x000093ce (0x340f1073) csrw    mscratch, t5
core   0: 3 0x000093ce (0x340f1073) c832_mscratch 0x00010000
core   0: 0x000093d2 (0x34002ff3) csrr    t6, mscratch
core   0: 3 0x000093d2 (0x34002ff3) x31 0x00010000
core   0: 0x000093d6 (0x34003ff3) csrrc   t6, mscratch, zero
core   0: 3 0x000093d6 (0x34003ff3) x31 0x00010000
core   0: 0x000093da (0x0000c6a9) c.beqz  a3, pc + 74
core   0: 3 0x000093da (0xc6a9)
core   0: 0x000093dc (0x003a1e93) slli    t4, s4, 3
core   0: 3 0x000093dc (0x003a1e93) x29 0x00000008
core   0: 0x000093e0 (0x015d6033) or      zero, s10, s5
core   0: 3 0x000093e0 (0x015d6033)
core   0: 0x000093e4 (0x00004411) c.li    s0, 4
core   0: 3 0x000093e4 (0x4411) x8  0x00000004
core   0: 0x000093e6 (0x00009a7d) c.andi  a2, -1
core   0: 3 0x000093e6 (0x9a7d) x12 0x0000c000
core   0: 0x000093e8 (0x407487b3) sub     a5, s1, t2
core   0: 3 0x000093e8 (0x407487b3) x15 0xfffedb4c
core   0: 0x000093ec (0x000086cd) c.srai  a3, 19
core   0: 3 0x000093ec (0x86cd) x13 0x00000100
core   0: 0x000093ee (0x00008d41) c.or    a0, s0
core   0: 3 0x000093ee (0x8d41) x10 0x00000004
core   0: 0x000093f0 (0x0087d093) srli    ra, a5, 8
core   0: 3 0x000093f0 (0x0087d093) x1  0x00fffedb
core   0: 0x000093f4 (0x00008d69) c.and   a0, a0
core   0: 3 0x000093f4 (0x8d69) x10 0x00000004
core   0: 0x000093f6 (0x80000f37) lui     t5, 0x80000
core   0: 3 0x000093f6 (0x80000f37) x30 0x80000000
core   0: 0x000093fa (0x00001f7d) c.addi  t5, -1
core   0: 3 0x000093fa (0x1f7d) x30 0x7fffffff
core   0: 0x000093fc (0x00004f81) c.li    t6, 0
core   0: 3 0x000093fc (0x4f81) x31 0x00000000
core   0: 0x000093fe (0x0bff4fb3) min     t6, t5, t6
core   0: 3 0x000093fe (0x0bff4fb3) x31 0x00000000
core   0: 0x00009402 (0x02ae6733) rem     a4, t3, a0
core   0: 3 0x00009402 (0x02ae6733) x14 0xffffffff
core   0: 0x00009406 (0x04dc4e63) blt     s8, a3, pc + 92
core   0: 3 0x00009406 (0x04dc4e63)
core   0: 0x0000940a (0x62ee0a97) auipc   s5, 0x62ee0
core   0: 3 0x0000940a (0x62ee0a97) x21 0x62ee940a
core   0: 0x0000940e (0x00734233) xor     tp, t1, t2
core   0: 3 0x0000940e (0x00734233) x4  0xfffedeba
core   0: 0x00009412 (0x01a09b33) sll     s6, ra, s10
core   0: 3 0x00009412 (0x01a09b33) x22 0xedb00000
core   0: 0x00009416 (0x00001b94) c.addi4spn a3, sp, 496
core   0: 3 0x00009416 (0x1b94) x13 0x000002af
core   0: 0x00009418 (0xeb1b0a13) addi    s4, s6, -335
core   0: 3 0x00009418 (0xeb1b0a13) x20 0xedaffeb1
core   0: 0x0000941c (0x027cb533) mulhu   a0, s9, t2
core   0: 3 0x0000941c (0x027cb533) x10 0x00003ecb
core   0: 0x00009420 (0x41c0d633) sra     a2, ra, t3
core   0: 3 0x00009420 (0x41c0d633) x12 0x00000000
core   0: 0x00009424 (0x64c9c913) xori    s2, s3, 1612
core   0: 3 0x00009424 (0x64c9c913) x18 0x0000664c
core   0: 0x00009428 (0x80000f37) lui     t5, 0x80000
core   0: 3 0x00009428 (0x80000f37) x30 0x80000000
core   0: 0x0000942c (0x00007fc1) c.lui   t6, 0xffff0
core   0: 3 0x0000942c (0x7fc1) x31 0xffff0000
core   0: 0x0000942e (0x00000f85) c.addi  t6, 1
core   0: 3 0x0000942e (0x0f85) x31 0xffff0001
core   0: 0x00009430 (0x0bff5fb3) minu    t6, t5, t6
core   0: 3 0x00009430 (0x0bff5fb3) x31 0x80000000
core   0: 0x00009434 (0x000064a5) c.lui   s1, 0x9
core   0: 3 0x00009434 (0x64a5) x9  0x00009000
core   0: 0x00009436 (0x0098ca33) xor     s4, a7, s1
core   0: 3 0x00009436 (0x0098ca33) x20 0x00009000
core   0: 0x0000943a (0x00337cb3) and     s9, t1, gp
core   0: 3 0x0000943a (0x00337cb3) x25 0x00000000
core   0: 0x0000943e (0x01b2efb3) or      t6, t0, s11
core   0: 3 0x0000943e (0x01b2efb3) x31 0x36eb801d
core   0: 0x00009442 (0x469d2297) auipc   t0, 0x469d2
core   0: 3 0x00009442 (0x469d2297) x5  0x469db442
core   0: 0x00009446 (0x00008cf6) c.mv    s9, t4
core   0: 3 0x00009446 (0x8cf6) x25 0x00000008
core   0: 0x00009448 (0x00009162) c.add   sp, s8
core   0: 3 0x00009448 (0x9162) x2  0x39f470bf
core   0: 0x0000944a (0x00008e55) c.or    a2, a3
core   0: 3 0x0000944a (0x8e55) x12 0x000002af
core   0: 0x0000944c (0x019c7033) and     zero, s8, s9
core   0: 3 0x0000944c (0x019c7033)
core   0: 0x00009450 (0x00008e09) c.sub   a2, a0
core   0: 3 0x00009450 (0x8e09) x12 0xffffc3e4
core   0: 0x00009452 (0xa5a5af37) lui     t5, 0xa5a5a
core   0: 3 0x00009452 (0xa5a5af37) x30 0xa5a5a000
core   0: 0x00009456 (0x5a5f0f13) addi    t5, t5, 1445
core   0: 3 0x00009456 (0x5a5f0f13) x30 0xa5a5a5a5
core   0: 0x0000945a (0x00006fc1) c.lui   t6, 0x10
core   0: 3 0x0000945a (0x6fc1) x31 0x00010000
core   0: 0x0000945c (0x0bff6fb3) max     t6, t5, t6
core   0: 3 0x0000945c (0x0bff6fb3) x31 0x00010000
core   0: 0x00009460 (0x00008ed1) c.or    a3, a2
core   0: 3 0x00009460 (0x8ed1) x13 0xffffc3ef
core   0: 0x00009462 (0x00005cfd) c.li    s9, -1
core   0: 3 0x00009462 (0x5cfd) x25 0xffffffff
core   0: 0x00009464 (0x0000127d) c.addi  tp, -1
core   0: 3 0x00009464 (0x127d) x4  0xfffedeb9
core   0: 0x00009466 (0x00207133) and     sp, zero, sp
core   0: 3 0x00009466 (0x00207133) x2  0x00000000
core   0: 0x0000946a (0x00008565) c.srai  a0, 25
core   0: 3 0x0000946a (0x8565) x10 0x00000000
core   0: 0x0000946c (0x004031b3) snez    gp, tp
core   0: 3 0x0000946c (0x004031b3) x3  0x00000001
core   0: 0x00009470 (0x01d1ce63) blt     gp, t4, pc + 28
core   0: 3 0x00009470 (0x01d1ce63)
core   0: 0x0000948c (0x02715133) divu    sp, sp, t2
core   0: 3 0x0000948c (0x02715133) x2  0x00000000
core   0: 0x00009490 (0x9686ea93) ori     s5, a3, -1688
core   0: 3 0x00009490 (0x9686ea93) x21 0xfffffbef
core   0: 0x00009494 (0x0258c533) div     a0, a7, t0
core   0: 3 0x00009494 (0x0258c533) x10 0x00000000
core   0: 0x00009498 (0x059b6b63) bltu    s6, s9, pc + 86
core   0: 3 0x00009498 (0x059b6b63)
core   0: 0x000094ee (0x001afbb3) and     s7, s5, ra
core   0: 3 0x000094ee (0x001afbb3) x23 0x00fffacb
core   0: 0x000094f2 (0x00000f17) auipc   t5, 0x0
core   0: 3 0x000094f2 (0x00000f17) x30 0x000094f2
core   0: 0x000094f6 (0x00cf0f13) addi    t5, t5, 12
core   0: 3 0x000094f6 (0x00cf0f13) x30 0x000094fe
core   0: 0x000094fa (0x000f0067) jr      t5
core   0: 3 0x000094fa (0x000f0067)
core   0: >>>>  test_done
core   0: 0x000094fe (0x00004185) c.li    gp, 1
core   0: 3 0x000094fe (0x4185) x3  0x00000001
core   0: 0x00009500 (0x0000a009) c.j     pc + 2
core   0: 3 0x00009500 (0xa009)
core   0: >>>>  write_tohost
core   0: 0x00009502 (0x00000f17) auipc   t5, 0x0
core   0: 3 0x00009502 (0x00000f17) x30 0x00009502
core   0: 0x00009506 (0x123f2f23) sw      gp, 318(t5)
core   0: 3 0x00009506 (0x123f2f23) mem 0x00009640 0x00000001
core   0: >>>>  _exit
core   0: 0x0000950a (0x0000bfe5) c.j     pc - 8
core   0: 3 0x0000950a (0xbfe5)
core   0: >>>>  write_tohost
core   0: 0x00009502 (0x00000f17) auipc   t5, 0x0
core   0: 3 0x00009502 (0x00000f17) x30 0x00009502
core   0: 0x00009506 (0x123f2f23) sw      gp, 318(t5)
core   0: 3 0x00009506 (0x123f2f23) mem 0x00009640 0x00000001
core   0: >>>>  _exit
core   0: 0x0000950a (0x0000bfe5) c.j     pc - 8
core   0: 3 0x0000950a (0xbfe5)
core   0: >>>>  write_tohost
core   0: 0x00009502 (0x00000f17) auipc   t5, 0x0
core   0: 3 0x00009502 (0x00000f17) x30 0x00009502
core   0: 0x00009506 (0x123f2f23) sw      gp, 318(t5)
core   0: 3 0x00009506 (0x123f2f23) mem 0x00009640 0x00000001
core   0: >>>>  _exit
core   0: 0x0000950a (0x0000bfe5) c.j     pc - 8
core   0: 3 0x0000950a (0xbfe5)
core   0: >>>>  write_tohost
core   0: 0x00009502 (0x00000f17) auipc   t5, 0x0
core   0: 3 0x00009502 (0x00000f17) x30 0x00009502
core   0: 0x00009506 (0x123f2f23) sw      gp, 318(t5)
core   0: 3 0x00009506 (0x123f2f23) mem 0x00009640 0x00000001
core   0: >>>>  _exit
core   0: 0x0000950a (0x0000bfe5) c.j     pc - 8
core   0: 3 0x0000950a (0xbfe5)
core   0: >>>>  write_tohost
core   0: 0x00009502 (0x00000f17) auipc   t5, 0x0
core   0: 3 0x00009502 (0x00000f17) x30 0x00009502
core   0: 0x00009506 (0x123f2f23) sw      gp, 318(t5)
core   0: 3 0x00009506 (0x123f2f23) mem 0x00009640 0x00000001
core   0: >>>>  _exit
core   0: 0x0000950a (0x0000bfe5) c.j     pc - 8
core   0: 3 0x0000950a (0xbfe5)
core   0: >>>>  write_tohost
core   0: 0x00009502 (0x00000f17) auipc   t5, 0x0
core   0: 3 0x00009502 (0x00000f17) x30 0x00009502
core   0: 0x00009506 (0x123f2f23) sw      gp, 318(t5)
core   0: 3 0x00009506 (0x123f2f23) mem 0x00009640 0x00000001
core   0: >>>>  _exit
core   0: 0x0000950a (0x0000bfe5) c.j     pc - 8
core   0: 3 0x0000950a (0xbfe5)
core   0: >>>>  write_tohost
core   0: 0x00009502 (0x00000f17) auipc   t5, 0x0
core   0: 3 0x00009502 (0x00000f17) x30 0x00009502
core   0: 0x00009506 (0x123f2f23) sw      gp, 318(t5)
core   0: 3 0x00009506 (0x123f2f23) mem 0x00009640 0x00000001
core   0: >>>>  _exit
core   0: 0x0000950a (0x0000bfe5) c.j     pc - 8
core   0: 3 0x0000950a (0xbfe5)
core   0: >>>>  write_tohost
core   0: 0x00009502 (0x00000f17) auipc   t5, 0x0
core   0: 3 0x00009502 (0x00000f17) x30 0x00009502
core   0: 0x00009506 (0x123f2f23) sw      gp, 318(t5)
core   0: 3 0x00009506 (0x123f2f23) mem 0x00009640 0x00000001
core   0: >>>>  _exit
core   0: 0x0000950a (0x0000bfe5) c.j     pc - 8
core   0: 3 0x0000950a (0xbfe5)
core   0: >>>>  write_tohost
core   0: 0x00009502 (0x00000f17) auipc   t5, 0x0
core   0: 3 0x00009502 (0x00000f17) x30 0x00009502
core   0: 0x00009506 (0x123f2f23) sw      gp, 318(t5)
core   0: 3 0x00009506 (0x123f2f23) mem 0x00009640 0x00000001
core   0: >>>>  _exit
core   0: 0x0000950a (0x0000bfe5) c.j     pc - 8
core   0: 3 0x0000950a (0xbfe5)
core   0: >>>>  write_tohost
core   0: 0x00009502 (0x00000f17) auipc   t5, 0x0
core   0: 3 0x00009502 (0x00000f17) x30 0x00009502
core   0: 0x00009506 (0x123f2f23) sw      gp, 318(t5)
core   0: 3 0x00009506 (0x123f2f23) mem 0x00009640 0x00000001
core   0: >>>>  _exit
core   0: 0x0000950a (0x0000bfe5) c.j     pc - 8
core   0: 3 0x0000950a (0xbfe5)
core   0: >>>>  write_tohost
core   0: 0x00009502 (0x00000f17) auipc   t5, 0x0
core   0: 3 0x00009502 (0x00000f17) x30 0x00009502
core   0: 0x00009506 (0x123f2f23) sw      gp, 318(t5)
core   0: 3 0x00009506 (0x123f2f23) mem 0x00009640 0x00000001
core   0: >>>>  _exit
core   0: 0x0000950a (0x0000bfe5) c.j     pc - 8
core   0: 3 0x0000950a (0xbfe5)
core   0: >>>>  write_tohost
core   0: 0x00009502 (0x00000f17) auipc   t5, 0x0
core   0: 3 0x00009502 (0x00000f17) x30 0x00009502
core   0: 0x00009506 (0x123f2f23) sw      gp, 318(t5)
core   0: 3 0x00009506 (0x123f2f23) mem 0x00009640 0x00000001
core   0: >>>>  _exit
core   0: 0x0000950a (0x0000bfe5) c.j     pc - 8
core   0: 3 0x0000950a (0xbfe5)
core   0: >>>>  write_tohost
core   0: 0x00009502 (0x00000f17) auipc   t5, 0x0
core   0: 3 0x00009502 (0x00000f17) x30 0x00009502
core   0: 0x00009506 (0x123f2f23) sw      gp, 318(t5)
core   0: 3 0x00009506 (0x123f2f23) mem 0x00009640 0x00000001
core   0: >>>>  _exit
core   0: 0x0000950a (0x0000bfe5) c.j     pc - 8
core   0: 3 0x0000950a (0xbfe5)
core   0: >>>>  write_tohost
core   0: 0x00009502 (0x00000f17) auipc   t5, 0x0
core   0: 3 0x00009502 (0x00000f17) x30 0x00009502
core   0: 0x00009506 (0x123f2f23) sw      gp, 318(t5)
core   0: 3 0x00009506 (0x123f2f23) mem 0x00009640 0x00000001
core   0: >>>>  _exit
core   0: 0x0000950a (0x0000bfe5) c.j     pc - 8
core   0: 3 0x0000950a (0xbfe5)
core   0: >>>>  write_tohost
core   0: 0x00009502 (0x00000f17) auipc   t5, 0x0
core   0: 3 0x00009502 (0x00000f17) x30 0x00009502
core   0: 0x00009506 (0x123f2f23) sw      gp, 318(t5)
core   0: 3 0x00009506 (0x123f2f23) mem 0x00009640 0x00000001
core   0: >>>>  _exit
core   0: 0x0000950a (0x0000bfe5) c.j     pc - 8
core   0: 3 0x0000950a (0xbfe5)
core   0: >>>>  write_tohost
core   0: 0x00009502 (0x00000f17) auipc   t5, 0x0
core   0: 3 0x00009502 (0x00000f17) x30 0x00009502
core   0: 0x00009506 (0x123f2f23) sw      gp, 318(t5)
core   0: 3 0x00009506 (0x123f2f23) mem 0x00009640 0x00000001
core   0: >>>>  _exit
core   0: 0x0000950a (0x0000bfe5) c.j     pc - 8
core   0: 3 0x0000950a (0xbfe5)
core   0: >>>>  write_tohost
core   0: 0x00009502 (0x00000f17) auipc   t5, 0x0
core   0: 3 0x00009502 (0x00000f17) x30 0x00009502
core   0: 0x00009506 (0x123f2f23) sw      gp, 318(t5)
core   0: 3 0x00009506 (0x123f2f23) mem 0x00009640 0x00000001
core   0: >>>>  _exit
core   0: 0x0000950a (0x0000bfe5) c.j     pc - 8
core   0: 3 0x0000950a (0xbfe5)
core   0: >>>>  write_tohost
core   0: 0x00009502 (0x00000f17) auipc   t5, 0x0
core   0: 3 0x00009502 (0x00000f17) x30 0x00009502
core   0: 0x00009506 (0x123f2f23) sw      gp, 318(t5)
core   0: 3 0x00009506 (0x123f2f23) mem 0x00009640 0x00000001
core   0: >>>>  _exit
core   0: 0x0000950a (0x0000bfe5) c.j     pc - 8
core   0: 3 0x0000950a (0xbfe5)
core   0: >>>>  write_tohost
core   0: 0x00009502 (0x00000f17) auipc   t5, 0x0
core   0: 3 0x00009502 (0x00000f17) x30 0x00009502
core   0: 0x00009506 (0x123f2f23) sw      gp, 318(t5)
core   0: 3 0x00009506 (0x123f2f23) mem 0x00009640 0x00000001
core   0: >>>>  _exit
core   0: 0x0000950a (0x0000bfe5) c.j     pc - 8
core   0: 3 0x0000950a (0xbfe5)
core   0: >>>>  write_tohost
core   0: 0x00009502 (0x00000f17) auipc   t5, 0x0
core   0: 3 0x00009502 (0x00000f17) x30 0x00009502
core   0: 0x00009506 (0x123f2f23) sw      gp, 318(t5)
core   0: 3 0x00009506 (0x123f2f23) mem 0x00009640 0x00000001
core   0: >>>>  _exit
core   0: 0x0000950a (0x0000bfe5) c.j     pc - 8
core   0: 3 0x0000950a (0xbfe5)
core   0: >>>>  write_tohost
core   0: 0x00009502 (0x00000f17) auipc   t5, 0x0
core   0: 3 0x00009502 (0x00000f17) x30 0x00009502
core   0: 0x00009506 (0x123f2f23) sw      gp, 318(t5)
core   0: 3 0x00009506 (0x123f2f23) mem 0x00009640 0x00000001
core   0: >>>>  _exit
core   0: 0x0000950a (0x0000bfe5) c.j     pc - 8
core   0: 3 0x0000950a (0xbfe5)
core   0: >>>>  write_tohost
core   0: 0x00009502 (0x00000f17) auipc   t5, 0x0
core   0: 3 0x00009502 (0x00000f17) x30 0x00009502
core   0: 0x00009506 (0x123f2f23) sw      gp, 318(t5)
core   0: 3 0x00009506 (0x123f2f23) mem 0x00009640 0x00000001
core   0: >>>>  _exit
core   0: 0x0000950a (0x0000bfe5) c.j     pc - 8
core   0: 3 0x0000950a (0xbfe5)
core   0: >>>>  write_tohost
core   0: 0x00009502 (0x00000f17) auipc   t5, 0x0
core   0: 3 0x00009502 (0x00000f17) x30 0x00009502
core   0: 0x00009506 (0x123f2f23) sw      gp, 318(t5)
core   0: 3 0x00009506 (0x123f2f23) mem 0x00009640 0x00000001
core   0: >>>>  _exit
core   0: 0x0000950a (0x0000bfe5) c.j     pc - 8
core   0: 3 0x0000950a (0xbfe5)
core   0: >>>>  write_tohost
core   0: 0x00009502 (0x00000f17) auipc   t5, 0x0
core   0: 3 0x00009502 (0x00000f17) x30 0x00009502
core   0: 0x00009506 (0x123f2f23) sw      gp, 318(t5)
core   0: 3 0x00009506 (0x123f2f23) mem 0x00009640 0x00000001
core   0: >>>>  _exit
core   0: 0x0000950a (0x0000bfe5) c.j     pc - 8
core   0: 3 0x0000950a (0xbfe5)
core   0: >>>>  write_tohost
core   0: 0x00009502 (0x00000f17) auipc   t5, 0x0
core   0: 3 0x00009502 (0x00000f17) x30 0x00009502
core   0: 0x00009506 (0x123f2f23) sw      gp, 318(t5)
core   0: 3 0x00009506 (0x123f2f23) mem 0x00009640 0x00000001
core   0: >>>>  _exit
core   0: 0x0000950a (0x0000bfe5) c.j     pc - 8
core   0: 3 0x0000950a (0xbfe5)
core   0: >>>>  write_tohost
core   0: 0x00009502 (0x00000f17) auipc   t5, 0x0
core   0: 3 0x00009502 (0x00000f17) x30 0x00009502
core   0: 0x00009506 (0x123f2f23) sw      gp, 318(t5)
core   0: 3 0x00009506 (0x123f2f23) mem 0x00009640 0x00000001
core   0: >>>>  _exit
core   0: 0x0000950a (0x0000bfe5) c.j     pc - 8
core   0: 3 0x0000950a (0xbfe5)
core   0: >>>>  write_tohost
core   0: 0x00009502 (0x00000f17) auipc   t5, 0x0
core   0: 3 0x00009502 (0x00000f17) x30 0x00009502
core   0: 0x00009506 (0x123f2f23) sw      gp, 318(t5)
core   0: 3 0x00009506 (0x123f2f23) mem 0x00009640 0x00000001
core   0: >>>>  _exit
core   0: 0x0000950a (0x0000bfe5) c.j     pc - 8
core   0: 3 0x0000950a (0xbfe5)
core   0: >>>>  write_tohost
core   0: 0x00009502 (0x00000f17) auipc   t5, 0x0
core   0: 3 0x00009502 (0x00000f17) x30 0x00009502
core   0: 0x00009506 (0x123f2f23) sw      gp, 318(t5)
core   0: 3 0x00009506 (0x123f2f23) mem 0x00009640 0x00000001
core   0: >>>>  _exit
core   0: 0x0000950a (0x0000bfe5) c.j     pc - 8
core   0: 3 0x0000950a (0xbfe5)
core   0: >>>>  write_tohost
core   0: 0x00009502 (0x00000f17) auipc   t5, 0x0
core   0: 3 0x00009502 (0x00000f17) x30 0x00009502
core   0: 0x00009506 (0x123f2f23) sw      gp, 318(t5)
core   0: 3 0x00009506 (0x123f2f23) mem 0x00009640 0x00000001
core   0: >>>>  _exit
core   0: 0x0000950a (0x0000bfe5) c.j     pc - 8
core   0: 3 0x0000950a (0xbfe5)
core   0: >>>>  write_tohost
core   0: 0x00009502 (0x00000f17) auipc   t5, 0x0
core   0: 3 0x00009502 (0x00000f17) x30 0x00009502
core   0: 0x00009506 (0x123f2f23) sw      gp, 318(t5)
core   0: 3 0x00009506 (0x123f2f23) mem 0x00009640 0x00000001
core   0: >>>>  _exit
core   0: 0x0000950a (0x0000bfe5) c.j     pc - 8
core   0: 3 0x0000950a (0xbfe5)
core   0: >>>>  write_tohost
core   0: 0x00009502 (0x00000f17) auipc   t5, 0x0
core   0: 3 0x00009502 (0x00000f17) x30 0x00009502
core   0: 0x00009506 (0x123f2f23) sw      gp, 318(t5)
core   0: 3 0x00009506 (0x123f2f23) mem 0x00009640 0x00000001
core   0: >>>>  _exit
core   0: 0x0000950a (0x0000bfe5) c.j     pc - 8
core   0: 3 0x0000950a (0xbfe5)
core   0: >>>>  write_tohost
core   0: 0x00009502 (0x00000f17) auipc   t5, 0x0
core   0: 3 0x00009502 (0x00000f17) x30 0x00009502
core   0: 0x00009506 (0x123f2f23) sw      gp, 318(t5)
core   0: 3 0x00009506 (0x123f2f23) mem 0x00009640 0x00000001
core   0: >>>>  _exit
core   0: 0x0000950a (0x0000bfe5) c.j     pc - 8
core   0: 3 0x0000950a (0xbfe5)
core   0: >>>>  write_tohost
core   0: 0x00009502 (0x00000f17) auipc   t5, 0x0
core   0: 3 0x00009502 (0x00000f17) x30 0x00009502
core   0: 0x00009506 (0x123f2f23) sw      gp, 318(t5)
core   0: 3 0x00009506 (0x123f2f23) mem 0x00009640 0x00000001
core   0: >>>>  _exit
core   0: 0x0000950a (0x0000bfe5) c.j     pc - 8
core   0: 3 0x0000950a (0xbfe5)
core   0: >>>>  write_tohost
core   0: 0x00009502 (0x00000f17) auipc   t5, 0x0
core   0: 3 0x00009502 (0x00000f17) x30 0x00009502
core   0: 0x00009506 (0x123f2f23) sw      gp, 318(t5)
core   0: 3 0x00009506 (0x123f2f23) mem 0x00009640 0x00000001
core   0: >>>>  _exit
core   0: 0x0000950a (0x0000bfe5) c.j     pc - 8
core   0: 3 0x0000950a (0xbfe5)
core   0: >>>>  write_tohost
core   0: 0x00009502 (0x00000f17) auipc   t5, 0x0
core   0: 3 0x00009502 (0x00000f17) x30 0x00009502
core   0: 0x00009506 (0x123f2f23) sw      gp, 318(t5)
core   0: 3 0x00009506 (0x123f2f23) mem 0x00009640 0x00000001
core   0: >>>>  _exit
core   0: 0x0000950a (0x0000bfe5) c.j     pc - 8
core   0: 3 0x0000950a (0xbfe5)
core   0: >>>>  write_tohost
core   0: 0x00009502 (0x00000f17) auipc   t5, 0x0
core   0: 3 0x00009502 (0x00000f17) x30 0x00009502
core   0: 0x00009506 (0x123f2f23) sw      gp, 318(t5)
core   0: 3 0x00009506 (0x123f2f23) mem 0x00009640 0x00000001
core   0: >>>>  _exit
core   0: 0x0000950a (0x0000bfe5) c.j     pc - 8
core   0: 3 0x0000950a (0xbfe5)
core   0: >>>>  write_tohost
core   0: 0x00009502 (0x00000f17) auipc   t5, 0x0
core   0: 3 0x00009502 (0x00000f17) x30 0x00009502
core   0: 0x00009506 (0x123f2f23) sw      gp, 318(t5)
core   0: 3 0x00009506 (0x123f2f23) mem 0x00009640 0x00000001
core   0: >>>>  _exit
core   0: 0x0000950a (0x0000bfe5) c.j     pc - 8
core   0: 3 0x0000950a (0xbfe5)
core   0: >>>>  write_tohost
core   0: 0x00009502 (0x00000f17) auipc   t5, 0x0
core   0: 3 0x00009502 (0x00000f17) x30 0x00009502
core   0: 0x00009506 (0x123f2f23) sw      gp, 318(t5)
core   0: 3 0x00009506 (0x123f2f23) mem 0x00009640 0x00000001
core   0: >>>>  _exit
core   0: 0x0000950a (0x0000bfe5) c.j     pc - 8
core   0: 3 0x0000950a (0xbfe5)
core   0: >>>>  write_tohost
core   0: 0x00009502 (0x00000f17) auipc   t5, 0x0
core   0: 3 0x00009502 (0x00000f17) x30 0x00009502
core   0: 0x00009506 (0x123f2f23) sw      gp, 318(t5)
core   0: 3 0x00009506 (0x123f2f23) mem 0x00009640 0x00000001
core   0: >>>>  _exit
core   0: 0x0000950a (0x0000bfe5) c.j     pc - 8
core   0: 3 0x0000950a (0xbfe5)
core   0: >>>>  write_tohost
core   0: 0x00009502 (0x00000f17) auipc   t5, 0x0
core   0: 3 0x00009502 (0x00000f17) x30 0x00009502
core   0: 0x00009506 (0x123f2f23) sw      gp, 318(t5)
core   0: 3 0x00009506 (0x123f2f23) mem 0x00009640 0x00000001
core   0: >>>>  _exit
core   0: 0x0000950a (0x0000bfe5) c.j     pc - 8
core   0: 3 0x0000950a (0xbfe5)
core   0: >>>>  write_tohost
core   0: 0x00009502 (0x00000f17) auipc   t5, 0x0
core   0: 3 0x00009502 (0x00000f17) x30 0x00009502
core   0: 0x00009506 (0x123f2f23) sw      gp, 318(t5)
core   0: 3 0x00009506 (0x123f2f23) mem 0x00009640 0x00000001
core   0: >>>>  _exit
core   0: 0x0000950a (0x0000bfe5) c.j     pc - 8
core   0: 3 0x0000950a (0xbfe5)
core   0: >>>>  write_tohost
core   0: 0x00009502 (0x00000f17) auipc   t5, 0x0
core   0: 3 0x00009502 (0x00000f17) x30 0x00009502
core   0: 0x00009506 (0x123f2f23) sw      gp, 318(t5)
core   0: 3 0x00009506 (0x123f2f23) mem 0x00009640 0x00000001
core   0: >>>>  _exit
core   0: 0x0000950a (0x0000bfe5) c.j     pc - 8
core   0: 3 0x0000950a (0xbfe5)
core   0: >>>>  write_tohost
core   0: 0x00009502 (0x00000f17) auipc   t5, 0x0
core   0: 3 0x00009502 (0x00000f17) x30 0x00009502
core   0: 0x00009506 (0x123f2f23) sw      gp, 318(t5)
core   0: 3 0x00009506 (0x123f2f23) mem 0x00009640 0x00000001
core   0: >>>>  _exit
core   0: 0x0000950a (0x0000bfe5) c.j     pc - 8
core   0: 3 0x0000950a (0xbfe5)
core   0: >>>>  write_tohost
core   0: 0x00009502 (0x00000f17) auipc   t5, 0x0
core   0: 3 0x00009502 (0x00000f17) x30 0x00009502
core   0: 0x00009506 (0x123f2f23) sw      gp, 318(t5)
core   0: 3 0x00009506 (0x123f2f23) mem 0x00009640 0x00000001
core   0: >>>>  _exit
core   0: 0x0000950a (0x0000bfe5) c.j     pc - 8
core   0: 3 0x0000950a (0xbfe5)
core   0: >>>>  write_tohost
core   0: 0x00009502 (0x00000f17) auipc   t5, 0x0
core   0: 3 0x00009502 (0x00000f17) x30 0x00009502
core   0: 0x00009506 (0x123f2f23) sw      gp, 318(t5)
core   0: 3 0x00009506 (0x123f2f23) mem 0x00009640 0x00000001
core   0: >>>>  _exit
core   0: 0x0000950a (0x0000bfe5) c.j     pc - 8
core   0: 3 0x0000950a (0xbfe5)
core   0: >>>>  write_tohost
core   0: 0x00009502 (0x00000f17) auipc   t5, 0x0
core   0: 3 0x00009502 (0x00000f17) x30 0x00009502
core   0: 0x00009506 (0x123f2f23) sw      gp, 318(t5)
core   0: 3 0x00009506 (0x123f2f23) mem 0x00009640 0x00000001
core   0: >>>>  _exit
core   0: 0x0000950a (0x0000bfe5) c.j     pc - 8
core   0: 3 0x0000950a (0xbfe5)
core   0: >>>>  write_tohost
core   0: 0x00009502 (0x00000f17) auipc   t5, 0x0
core   0: 3 0x00009502 (0x00000f17) x30 0x00009502
core   0: 0x00009506 (0x123f2f23) sw      gp, 318(t5)
core   0: 3 0x00009506 (0x123f2f23) mem 0x00009640 0x00000001
core   0: >>>>  _exit
core   0: 0x0000950a (0x0000bfe5) c.j     pc - 8
core   0: 3 0x0000950a (0xbfe5)
core   0: >>>>  write_tohost
core   0: 0x00009502 (0x00000f17) auipc   t5, 0x0
core   0: 3 0x00009502 (0x00000f17) x30 0x00009502
core   0: 0x00009506 (0x123f2f23) sw      gp, 318(t5)
core   0: 3 0x00009506 (0x123f2f23) mem 0x00009640 0x00000001
core   0: >>>>  _exit
core   0: 0x0000950a (0x0000bfe5) c.j     pc - 8
core   0: 3 0x0000950a (0xbfe5)
core   0: >>>>  write_tohost
core   0: 0x00009502 (0x00000f17) auipc   t5, 0x0
core   0: 3 0x00009502 (0x00000f17) x30 0x00009502
core   0: 0x00009506 (0x123f2f23) sw      gp, 318(t5)
core   0: 3 0x00009506 (0x123f2f23) mem 0x00009640 0x00000001
core   0: >>>>  _exit
core   0: 0x0000950a (0x0000bfe5) c.j     pc - 8
core   0: 3 0x0000950a (0xbfe5)
core   0: >>>>  write_tohost
core   0: 0x00009502 (0x00000f17) auipc   t5, 0x0
core   0: 3 0x00009502 (0x00000f17) x30 0x00009502
core   0: 0x00009506 (0x123f2f23) sw      gp, 318(t5)
core   0: 3 0x00009506 (0x123f2f23) mem 0x00009640 0x00000001
core   0: >>>>  _exit
core   0: 0x0000950a (0x0000bfe5) c.j     pc - 8
core   0: 3 0x0000950a (0xbfe5)
core   0: >>>>  write_tohost
core   0: 0x00009502 (0x00000f17) auipc   t5, 0x0
core   0: 3 0x00009502 (0x00000f17) x30 0x00009502
core   0: 0x00009506 (0x123f2f23) sw      gp, 318(t5)
core   0: 3 0x00009506 (0x123f2f23) mem 0x00009640 0x00000001
core   0: >>>>  _exit
core   0: 0x0000950a (0x0000bfe5) c.j     pc - 8
core   0: 3 0x0000950a (0xbfe5)
core   0: >>>>  write_tohost
core   0: 0x00009502 (0x00000f17) auipc   t5, 0x0
core   0: 3 0x00009502 (0x00000f17) x30 0x00009502
core   0: 0x00009506 (0x123f2f23) sw      gp, 318(t5)
core   0: 3 0x00009506 (0x123f2f23) mem 0x00009640 0x00000001
core   0: >>>>  _exit
core   0: 0x0000950a (0x0000bfe5) c.j     pc - 8
core   0: 3 0x0000950a (0xbfe5)
core   0: >>>>  write_tohost
core   0: 0x00009502 (0x00000f17) auipc   t5, 0x0
core   0: 3 0x00009502 (0x00000f17) x30 0x00009502
core   0: 0x00009506 (0x123f2f23) sw      gp, 318(t5)
core   0: 3 0x00009506 (0x123f2f23) mem 0x00009640 0x00000001
core   0: >>>>  _exit
core   0: 0x0000950a (0x0000bfe5) c.j     pc - 8
core   0: 3 0x0000950a (0xbfe5)
core   0: >>>>  write_tohost
core   0: 0x00009502 (0x00000f17) auipc   t5, 0x0
core   0: 3 0x00009502 (0x00000f17) x30 0x00009502
core   0: 0x00009506 (0x123f2f23) sw      gp, 318(t5)
core   0: 3 0x00009506 (0x123f2f23) mem 0x00009640 0x00000001
core   0: >>>>  _exit
core   0: 0x0000950a (0x0000bfe5) c.j     pc - 8
core   0: 3 0x0000950a (0xbfe5)
core   0: >>>>  write_tohost
core   0: 0x00009502 (0x00000f17) auipc   t5, 0x0
core   0: 3 0x00009502 (0x00000f17) x30 0x00009502
core   0: 0x00009506 (0x123f2f23) sw      gp, 318(t5)
core   0: 3 0x00009506 (0x123f2f23) mem 0x00009640 0x00000001
core   0: >>>>  _exit
core   0: 0x0000950a (0x0000bfe5) c.j     pc - 8
core   0: 3 0x0000950a (0xbfe5)
core   0: >>>>  write_tohost
core   0: 0x00009502 (0x00000f17) auipc   t5, 0x0
core   0: 3 0x00009502 (0x00000f17) x30 0x00009502
core   0: 0x00009506 (0x123f2f23) sw      gp, 318(t5)
core   0: 3 0x00009506 (0x123f2f23) mem 0x00009640 0x00000001
core   0: >>>>  _exit
core   0: 0x0000950a (0x0000bfe5) c.j     pc - 8
core   0: 3 0x0000950a (0xbfe5)
core   0: >>>>  write_tohost
core   0: 0x00009502 (0x00000f17) auipc   t5, 0x0
core   0: 3 0x00009502 (0x00000f17) x30 0x00009502
core   0: 0x00009506 (0x123f2f23) sw      gp, 318(t5)
core   0: 3 0x00009506 (0x123f2f23) mem 0x00009640 0x00000001
core   0: >>>>  _exit
core   0: 0x0000950a (0x0000bfe5) c.j     pc - 8
core   0: 3 0x0000950a (0xbfe5)
core   0: >>>>  write_tohost
core   0: 0x00009502 (0x00000f17) auipc   t5, 0x0
core   0: 3 0x00009502 (0x00000f17) x30 0x00009502
core   0: 0x00009506 (0x123f2f23) sw      gp, 318(t5)
core   0: 3 0x00009506 (0x123f2f23) mem 0x00009640 0x00000001
core   0: >>>>  _exit
core   0: 0x0000950a (0x0000bfe5) c.j     pc - 8
core   0: 3 0x0000950a (0xbfe5)
core   0: >>>>  write_tohost
core   0: 0x00009502 (0x00000f17) auipc   t5, 0x0
core   0: 3 0x00009502 (0x00000f17) x30 0x00009502
core   0: 0x00009506 (0x123f2f23) sw      gp, 318(t5)
core   0: 3 0x00009506 (0x123f2f23) mem 0x00009640 0x00000001
core   0: >>>>  _exit
core   0: 0x0000950a (0x0000bfe5) c.j     pc - 8
core   0: 3 0x0000950a (0xbfe5)
core   0: >>>>  write_tohost
core   0: 0x00009502 (0x00000f17) auipc   t5, 0x0
core   0: 3 0x00009502 (0x00000f17) x30 0x00009502
core   0: 0x00009506 (0x123f2f23) sw      gp, 318(t5)
core   0: 3 0x00009506 (0x123f2f23) mem 0x00009640 0x00000001
core   0: >>>>  _exit
core   0: 0x0000950a (0x0000bfe5) c.j     pc - 8
core   0: 3 0x0000950a (0xbfe5)
core   0: >>>>  write_tohost
core   0: 0x00009502 (0x00000f17) auipc   t5, 0x0
core   0: 3 0x00009502 (0x00000f17) x30 0x00009502
core   0: 0x00009506 (0x123f2f23) sw      gp, 318(t5)
core   0: 3 0x00009506 (0x123f2f23) mem 0x00009640 0x00000001
core   0: >>>>  _exit
core   0: 0x0000950a (0x0000bfe5) c.j     pc - 8
core   0: 3 0x0000950a (0xbfe5)
core   0: >>>>  write_tohost
core   0: 0x00009502 (0x00000f17) auipc   t5, 0x0
core   0: 3 0x00009502 (0x00000f17) x30 0x00009502
core   0: 0x00009506 (0x123f2f23) sw      gp, 318(t5)
core   0: 3 0x00009506 (0x123f2f23) mem 0x00009640 0x00000001
core   0: >>>>  _exit
core   0: 0x0000950a (0x0000bfe5) c.j     pc - 8
core   0: 3 0x0000950a (0xbfe5)
core   0: >>>>  write_tohost
core   0: 0x00009502 (0x00000f17) auipc   t5, 0x0
core   0: 3 0x00009502 (0x00000f17) x30 0x00009502
core   0: 0x00009506 (0x123f2f23) sw      gp, 318(t5)
core   0: 3 0x00009506 (0x123f2f23) mem 0x00009640 0x00000001
core   0: >>>>  _exit
core   0: 0x0000950a (0x0000bfe5) c.j     pc - 8
core   0: 3 0x0000950a (0xbfe5)
core   0: >>>>  write_tohost
core   0: 0x00009502 (0x00000f17) auipc   t5, 0x0
core   0: 3 0x00009502 (0x00000f17) x30 0x00009502
core   0: 0x00009506 (0x123f2f23) sw      gp, 318(t5)
core   0: 3 0x00009506 (0x123f2f23) mem 0x00009640 0x00000001
core   0: >>>>  _exit
core   0: 0x0000950a (0x0000bfe5) c.j     pc - 8
core   0: 3 0x0000950a (0xbfe5)
core   0: >>>>  write_tohost
core   0: 0x00009502 (0x00000f17) auipc   t5, 0x0
core   0: 3 0x00009502 (0x00000f17) x30 0x00009502
core   0: 0x00009506 (0x123f2f23) sw      gp, 318(t5)
core   0: 3 0x00009506 (0x123f2f23) mem 0x00009640 0x00000001
core   0: >>>>  _exit
core   0: 0x0000950a (0x0000bfe5) c.j     pc - 8
core   0: 3 0x0000950a (0xbfe5)
core   0: >>>>  write_tohost
core   0: 0x00009502 (0x00000f17) auipc   t5, 0x0
core   0: 3 0x00009502 (0x00000f17) x30 0x00009502
core   0: 0x00009506 (0x123f2f23) sw      gp, 318(t5)
core   0: 3 0x00009506 (0x123f2f23) mem 0x00009640 0x00000001
core   0: >>>>  _exit
core   0: 0x0000950a (0x0000bfe5) c.j     pc - 8
core   0: 3 0x0000950a (0xbfe5)
core   0: >>>>  write_tohost
core   0: 0x00009502 (0x00000f17) auipc   t5, 0x0
core   0: 3 0x00009502 (0x00000f17) x30 0x00009502
core   0: 0x00009506 (0x123f2f23) sw      gp, 318(t5)
core   0: 3 0x00009506 (0x123f2f23) mem 0x00009640 0x00000001
core   0: >>>>  _exit
core   0: 0x0000950a (0x0000bfe5) c.j     pc - 8
core   0: 3 0x0000950a (0xbfe5)
core   0: >>>>  write_tohost
core   0: 0x00009502 (0x00000f17) auipc   t5, 0x0
core   0: 3 0x00009502 (0x00000f17) x30 0x00009502
core   0: 0x00009506 (0x123f2f23) sw      gp, 318(t5)
core   0: 3 0x00009506 (0x123f2f23) mem 0x00009640 0x00000001
core   0: >>>>  _exit
core   0: 0x0000950a (0x0000bfe5) c.j     pc - 8
core   0: 3 0x0000950a (0xbfe5)
core   0: >>>>  write_tohost
core   0: 0x00009502 (0x00000f17) auipc   t5, 0x0
core   0: 3 0x00009502 (0x00000f17) x30 0x00009502
core   0: 0x00009506 (0x123f2f23) sw      gp, 318(t5)
core   0: 3 0x00009506 (0x123f2f23) mem 0x00009640 0x00000001
core   0: >>>>  _exit
core   0: 0x0000950a (0x0000bfe5) c.j     pc - 8
core   0: 3 0x0000950a (0xbfe5)
core   0: >>>>  write_tohost
core   0: 0x00009502 (0x00000f17) auipc   t5, 0x0
core   0: 3 0x00009502 (0x00000f17) x30 0x00009502
core   0: 0x00009506 (0x123f2f23) sw      gp, 318(t5)
core   0: 3 0x00009506 (0x123f2f23) mem 0x00009640 0x00000001
core   0: >>>>  _exit
core   0: 0x0000950a (0x0000bfe5) c.j     pc - 8
core   0: 3 0x0000950a (0xbfe5)
core   0: >>>>  write_tohost
core   0: 0x00009502 (0x00000f17) auipc   t5, 0x0
core   0: 3 0x00009502 (0x00000f17) x30 0x00009502
core   0: 0x00009506 (0x123f2f23) sw      gp, 318(t5)
core   0: 3 0x00009506 (0x123f2f23) mem 0x00009640 0x00000001
core   0: >>>>  _exit
core   0: 0x0000950a (0x0000bfe5) c.j     pc - 8
core   0: 3 0x0000950a (0xbfe5)
core   0: >>>>  write_tohost
core   0: 0x00009502 (0x00000f17) auipc   t5, 0x0
core   0: 3 0x00009502 (0x00000f17) x30 0x00009502
core   0: 0x00009506 (0x123f2f23) sw      gp, 318(t5)
core   0: 3 0x00009506 (0x123f2f23) mem 0x00009640 0x00000001
core   0: >>>>  _exit
core   0: 0x0000950a (0x0000bfe5) c.j     pc - 8
core   0: 3 0x0000950a (0xbfe5)
core   0: >>>>  write_tohost
core   0: 0x00009502 (0x00000f17) auipc   t5, 0x0
core   0: 3 0x00009502 (0x00000f17) x30 0x00009502
core   0: 0x00009506 (0x123f2f23) sw      gp, 318(t5)
core   0: 3 0x00009506 (0x123f2f23) mem 0x00009640 0x00000001
core   0: >>>>  _exit
core   0: 0x0000950a (0x0000bfe5) c.j     pc - 8
core   0: 3 0x0000950a (0xbfe5)
core   0: >>>>  write_tohost
core   0: 0x00009502 (0x00000f17) auipc   t5, 0x0
core   0: 3 0x00009502 (0x00000f17) x30 0x00009502
core   0: 0x00009506 (0x123f2f23) sw      gp, 318(t5)
core   0: 3 0x00009506 (0x123f2f23) mem 0x00009640 0x00000001
core   0: >>>>  _exit
core   0: 0x0000950a (0x0000bfe5) c.j     pc - 8
core   0: 3 0x0000950a (0xbfe5)
core   0: >>>>  write_tohost
core   0: 0x00009502 (0x00000f17) auipc   t5, 0x0
core   0: 3 0x00009502 (0x00000f17) x30 0x00009502
core   0: 0x00009506 (0x123f2f23) sw      gp, 318(t5)
core   0: 3 0x00009506 (0x123f2f23) mem 0x00009640 0x00000001
core   0: >>>>  _exit
core   0: 0x0000950a (0x0000bfe5) c.j     pc - 8
core   0: 3 0x0000950a (0xbfe5)
core   0: >>>>  write_tohost
core   0: 0x00009502 (0x00000f17) auipc   t5, 0x0
core   0: 3 0x00009502 (0x00000f17) x30 0x00009502
core   0: 0x00009506 (0x123f2f23) sw      gp, 318(t5)
core   0: 3 0x00009506 (0x123f2f23) mem 0x00009640 0x00000001
core   0: >>>>  _exit
core   0: 0x0000950a (0x0000bfe5) c.j     pc - 8
core   0: 3 0x0000950a (0xbfe5)
core   0: >>>>  write_tohost
core   0: 0x00009502 (0x00000f17) auipc   t5, 0x0
core   0: 3 0x00009502 (0x00000f17) x30 0x00009502
core   0: 0x00009506 (0x123f2f23) sw      gp, 318(t5)
core   0: 3 0x00009506 (0x123f2f23) mem 0x00009640 0x00000001
core   0: >>>>  _exit
core   0: 0x0000950a (0x0000bfe5) c.j     pc - 8
core   0: 3 0x0000950a (0xbfe5)
core   0: >>>>  write_tohost
core   0: 0x00009502 (0x00000f17) auipc   t5, 0x0
core   0: 3 0x00009502 (0x00000f17) x30 0x00009502
core   0: 0x00009506 (0x123f2f23) sw      gp, 318(t5)
core   0: 3 0x00009506 (0x123f2f23) mem 0x00009640 0x00000001
core   0: >>>>  _exit
core   0: 0x0000950a (0x0000bfe5) c.j     pc - 8
core   0: 3 0x0000950a (0xbfe5)
core   0: >>>>  write_tohost
core   0: 0x00009502 (0x00000f17) auipc   t5, 0x0
core   0: 3 0x00009502 (0x00000f17) x30 0x00009502
core   0: 0x00009506 (0x123f2f23) sw      gp, 318(t5)
core   0: 3 0x00009506 (0x123f2f23) mem 0x00009640 0x00000001
core   0: >>>>  _exit
core   0: 0x0000950a (0x0000bfe5) c.j     pc - 8
core   0: 3 0x0000950a (0xbfe5)
core   0: >>>>  write_tohost
core   0: 0x00009502 (0x00000f17) auipc   t5, 0x0
core   0: 3 0x00009502 (0x00000f17) x30 0x00009502
core   0: 0x00009506 (0x123f2f23) sw      gp, 318(t5)
core   0: 3 0x00009506 (0x123f2f23) mem 0x00009640 0x00000001
core   0: >>>>  _exit
core   0: 0x0000950a (0x0000bfe5) c.j     pc - 8
core   0: 3 0x0000950a (0xbfe5)
core   0: >>>>  write_tohost
core   0: 0x00009502 (0x00000f17) auipc   t5, 0x0
core   0: 3 0x00009502 (0x00000f17) x30 0x00009502
core   0: 0x00009506 (0x123f2f23) sw      gp, 318(t5)
core   0: 3 0x00009506 (0x123f2f23) mem 0x00009640 0x00000001
core   0: >>>>  _exit
core   0: 0x0000950a (0x0000bfe5) c.j     pc - 8
core   0: 3 0x0000950a (0xbfe5)
core   0: >>>>  write_tohost
core   0: 0x00009502 (0x00000f17) auipc   t5, 0x0
core   0: 3 0x00009502 (0x00000f17) x30 0x00009502
core   0: 0x00009506 (0x123f2f23) sw      gp, 318(t5)
core   0: 3 0x00009506 (0x123f2f23) mem 0x00009640 0x00000001
core   0: >>>>  _exit
core   0: 0x0000950a (0x0000bfe5) c.j     pc - 8
core   0: 3 0x0000950a (0xbfe5)
core   0: >>>>  write_tohost
core   0: 0x00009502 (0x00000f17) auipc   t5, 0x0
core   0: 3 0x00009502 (0x00000f17) x30 0x00009502
core   0: 0x00009506 (0x123f2f23) sw      gp, 318(t5)
core   0: 3 0x00009506 (0x123f2f23) mem 0x00009640 0x00000001
core   0: >>>>  _exit
core   0: 0x0000950a (0x0000bfe5) c.j     pc - 8
core   0: 3 0x0000950a (0xbfe5)
core   0: >>>>  write_tohost
core   0: 0x00009502 (0x00000f17) auipc   t5, 0x0
core   0: 3 0x00009502 (0x00000f17) x30 0x00009502
core   0: 0x00009506 (0x123f2f23) sw      gp, 318(t5)
core   0: 3 0x00009506 (0x123f2f23) mem 0x00009640 0x00000001
core   0: >>>>  _exit
core   0: 0x0000950a (0x0000bfe5) c.j     pc - 8
core   0: 3 0x0000950a (0xbfe5)
core   0: >>>>  write_tohost
core   0: 0x00009502 (0x00000f17) auipc   t5, 0x0
core   0: 3 0x00009502 (0x00000f17) x30 0x00009502
core   0: 0x00009506 (0x123f2f23) sw      gp, 318(t5)
core   0: 3 0x00009506 (0x123f2f23) mem 0x00009640 0x00000001
core   0: >>>>  _exit
core   0: 0x0000950a (0x0000bfe5) c.j     pc - 8
core   0: 3 0x0000950a (0xbfe5)
core   0: >>>>  write_tohost
core   0: 0x00009502 (0x00000f17) auipc   t5, 0x0
core   0: 3 0x00009502 (0x00000f17) x30 0x00009502
core   0: 0x00009506 (0x123f2f23) sw      gp, 318(t5)
core   0: 3 0x00009506 (0x123f2f23) mem 0x00009640 0x00000001
core   0: >>>>  _exit
core   0: 0x0000950a (0x0000bfe5) c.j     pc - 8
core   0: 3 0x0000950a (0xbfe5)
core   0: >>>>  write_tohost
core   0: 0x00009502 (0x00000f17) auipc   t5, 0x0
core   0: 3 0x00009502 (0x00000f17) x30 0x00009502
core   0: 0x00009506 (0x123f2f23) sw      gp, 318(t5)
core   0: 3 0x00009506 (0x123f2f23) mem 0x00009640 0x00000001
core   0: >>>>  _exit
core   0: 0x0000950a (0x0000bfe5) c.j     pc - 8
core   0: 3 0x0000950a (0xbfe5)
core   0: >>>>  write_tohost
core   0: 0x00009502 (0x00000f17) auipc   t5, 0x0
core   0: 3 0x00009502 (0x00000f17) x30 0x00009502
core   0: 0x00009506 (0x123f2f23) sw      gp, 318(t5)
core   0: 3 0x00009506 (0x123f2f23) mem 0x00009640 0x00000001
core   0: >>>>  _exit
core   0: 0x0000950a (0x0000bfe5) c.j     pc - 8
core   0: 3 0x0000950a (0xbfe5)
core   0: >>>>  write_tohost
core   0: 0x00009502 (0x00000f17) auipc   t5, 0x0
core   0: 3 0x00009502 (0x00000f17) x30 0x00009502
core   0: 0x00009506 (0x123f2f23) sw      gp, 318(t5)
core   0: 3 0x00009506 (0x123f2f23) mem 0x00009640 0x00000001
core   0: >>>>  _exit
core   0: 0x0000950a (0x0000bfe5) c.j     pc - 8
core   0: 3 0x0000950a (0xbfe5)
core   0: >>>>  write_tohost
core   0: 0x00009502 (0x00000f17) auipc   t5, 0x0
core   0: 3 0x00009502 (0x00000f17) x30 0x00009502
core   0: 0x00009506 (0x123f2f23) sw      gp, 318(t5)
core   0: 3 0x00009506 (0x123f2f23) mem 0x00009640 0x00000001
core   0: >>>>  _exit
core   0: 0x0000950a (0x0000bfe5) c.j     pc - 8
core   0: 3 0x0000950a (0xbfe5)
core   0: >>>>  write_tohost
core   0: 0x00009502 (0x00000f17) auipc   t5, 0x0
core   0: 3 0x00009502 (0x00000f17) x30 0x00009502
core   0: 0x00009506 (0x123f2f23) sw      gp, 318(t5)
core   0: 3 0x00009506 (0x123f2f23) mem 0x00009640 0x00000001
core   0: >>>>  _exit
core   0: 0x0000950a (0x0000bfe5) c.j     pc - 8
core   0: 3 0x0000950a (0xbfe5)
core   0: >>>>  write_tohost
core   0: 0x00009502 (0x00000f17) auipc   t5, 0x0
core   0: 3 0x00009502 (0x00000f17) x30 0x00009502
core   0: 0x00009506 (0x123f2f23) sw      gp, 318(t5)
core   0: 3 0x00009506 (0x123f2f23) mem 0x00009640 0x00000001
core   0: >>>>  _exit
core   0: 0x0000950a (0x0000bfe5) c.j     pc - 8
core   0: 3 0x0000950a (0xbfe5)
core   0: >>>>  write_tohost
core   0: 0x00009502 (0x00000f17) auipc   t5, 0x0
core   0: 3 0x00009502 (0x00000f17) x30 0x00009502
core   0: 0x00009506 (0x123f2f23) sw      gp, 318(t5)
core   0: 3 0x00009506 (0x123f2f23) mem 0x00009640 0x00000001
core   0: >>>>  _exit
core   0: 0x0000950a (0x0000bfe5) c.j     pc - 8
core   0: 3 0x0000950a (0xbfe5)
core   0: >>>>  write_tohost
core   0: 0x00009502 (0x00000f17) auipc   t5, 0x0
core   0: 3 0x00009502 (0x00000f17) x30 0x00009502
core   0: 0x00009506 (0x123f2f23) sw      gp, 318(t5)
core   0: 3 0x00009506 (0x123f2f23) mem 0x00009640 0x00000001
core   0: >>>>  _exit
core   0: 0x0000950a (0x0000bfe5) c.j     pc - 8
core   0: 3 0x0000950a (0xbfe5)
core   0: >>>>  write_tohost
core   0: 0x00009502 (0x00000f17) auipc   t5, 0x0
core   0: 3 0x00009502 (0x00000f17) x30 0x00009502
core   0: 0x00009506 (0x123f2f23) sw      gp, 318(t5)
core   0: 3 0x00009506 (0x123f2f23) mem 0x00009640 0x00000001
core   0: >>>>  _exit
core   0: 0x0000950a (0x0000bfe5) c.j     pc - 8
core   0: 3 0x0000950a (0xbfe5)
core   0: >>>>  write_tohost
core   0: 0x00009502 (0x00000f17) auipc   t5, 0x0
core   0: 3 0x00009502 (0x00000f17) x30 0x00009502
core   0: 0x00009506 (0x123f2f23) sw      gp, 318(t5)
core   0: 3 0x00009506 (0x123f2f23) mem 0x00009640 0x00000001
core   0: >>>>  _exit
core   0: 0x0000950a (0x0000bfe5) c.j     pc - 8
core   0: 3 0x0000950a (0xbfe5)
core   0: >>>>  write_tohost
core   0: 0x00009502 (0x00000f17) auipc   t5, 0x0
core   0: 3 0x00009502 (0x00000f17) x30 0x00009502
core   0: 0x00009506 (0x123f2f23) sw      gp, 318(t5)
core   0: 3 0x00009506 (0x123f2f23) mem 0x00009640 0x00000001
core   0: >>>>  _exit
core   0: 0x0000950a (0x0000bfe5) c.j     pc - 8
core   0: 3 0x0000950a (0xbfe5)
core   0: >>>>  write_tohost
core   0: 0x00009502 (0x00000f17) auipc   t5, 0x0
core   0: 3 0x00009502 (0x00000f17) x30 0x00009502
core   0: 0x00009506 (0x123f2f23) sw      gp, 318(t5)
core   0: 3 0x00009506 (0x123f2f23) mem 0x00009640 0x00000001
core   0: >>>>  _exit
core   0: 0x0000950a (0x0000bfe5) c.j     pc - 8
core   0: 3 0x0000950a (0xbfe5)
core   0: >>>>  write_tohost
core   0: 0x00009502 (0x00000f17) auipc   t5, 0x0
core   0: 3 0x00009502 (0x00000f17) x30 0x00009502
core   0: 0x00009506 (0x123f2f23) sw      gp, 318(t5)
core   0: 3 0x00009506 (0x123f2f23) mem 0x00009640 0x00000001
core   0: >>>>  _exit
core   0: 0x0000950a (0x0000bfe5) c.j     pc - 8
core   0: 3 0x0000950a (0xbfe5)
core   0: >>>>  write_tohost
core   0: 0x00009502 (0x00000f17) auipc   t5, 0x0
core   0: 3 0x00009502 (0x00000f17) x30 0x00009502
core   0: 0x00009506 (0x123f2f23) sw      gp, 318(t5)
core   0: 3 0x00009506 (0x123f2f23) mem 0x00009640 0x00000001
core   0: >>>>  _exit
core   0: 0x0000950a (0x0000bfe5) c.j     pc - 8
core   0: 3 0x0000950a (0xbfe5)
core   0: >>>>  write_tohost
core   0: 0x00009502 (0x00000f17) auipc   t5, 0x0
core   0: 3 0x00009502 (0x00000f17) x30 0x00009502
core   0: 0x00009506 (0x123f2f23) sw      gp, 318(t5)
core   0: 3 0x00009506 (0x123f2f23) mem 0x00009640 0x00000001
core   0: >>>>  _exit
core   0: 0x0000950a (0x0000bfe5) c.j     pc - 8
core   0: 3 0x0000950a (0xbfe5)
core   0: >>>>  write_tohost
core   0: 0x00009502 (0x00000f17) auipc   t5, 0x0
core   0: 3 0x00009502 (0x00000f17) x30 0x00009502
core   0: 0x00009506 (0x123f2f23) sw      gp, 318(t5)
core   0: 3 0x00009506 (0x123f2f23) mem 0x00009640 0x00000001
core   0: >>>>  _exit
core   0: 0x0000950a (0x0000bfe5) c.j     pc - 8
core   0: 3 0x0000950a (0xbfe5)
core   0: >>>>  write_tohost
core   0: 0x00009502 (0x00000f17) auipc   t5, 0x0
core   0: 3 0x00009502 (0x00000f17) x30 0x00009502
core   0: 0x00009506 (0x123f2f23) sw      gp, 318(t5)
core   0: 3 0x00009506 (0x123f2f23) mem 0x00009640 0x00000001
core   0: >>>>  _exit
core   0: 0x0000950a (0x0000bfe5) c.j     pc - 8
core   0: 3 0x0000950a (0xbfe5)
core   0: >>>>  write_tohost
core   0: 0x00009502 (0x00000f17) auipc   t5, 0x0
core   0: 3 0x00009502 (0x00000f17) x30 0x00009502
core   0: 0x00009506 (0x123f2f23) sw      gp, 318(t5)
core   0: 3 0x00009506 (0x123f2f23) mem 0x00009640 0x00000001
core   0: >>>>  _exit
core   0: 0x0000950a (0x0000bfe5) c.j     pc - 8
core   0: 3 0x0000950a (0xbfe5)
core   0: >>>>  write_tohost
core   0: 0x00009502 (0x00000f17) auipc   t5, 0x0
core   0: 3 0x00009502 (0x00000f17) x30 0x00009502
core   0: 0x00009506 (0x123f2f23) sw      gp, 318(t5)
core   0: 3 0x00009506 (0x123f2f23) mem 0x00009640 0x00000001
core   0: >>>>  _exit
core   0: 0x0000950a (0x0000bfe5) c.j     pc - 8
core   0: 3 0x0000950a (0xbfe5)
core   0: >>>>  write_tohost
core   0: 0x00009502 (0x00000f17) auipc   t5, 0x0
core   0: 3 0x00009502 (0x00000f17) x30 0x00009502
core   0: 0x00009506 (0x123f2f23) sw      gp, 318(t5)
core   0: 3 0x00009506 (0x123f2f23) mem 0x00009640 0x00000001
core   0: >>>>  _exit
core   0: 0x0000950a (0x0000bfe5) c.j     pc - 8
core   0: 3 0x0000950a (0xbfe5)
core   0: >>>>  write_tohost
core   0: 0x00009502 (0x00000f17) auipc   t5, 0x0
core   0: 3 0x00009502 (0x00000f17) x30 0x00009502
core   0: 0x00009506 (0x123f2f23) sw      gp, 318(t5)
core   0: 3 0x00009506 (0x123f2f23) mem 0x00009640 0x00000001
core   0: >>>>  _exit
core   0: 0x0000950a (0x0000bfe5) c.j     pc - 8
core   0: 3 0x0000950a (0xbfe5)
core   0: >>>>  write_tohost
core   0: 0x00009502 (0x00000f17) auipc   t5, 0x0
core   0: 3 0x00009502 (0x00000f17) x30 0x00009502
core   0: 0x00009506 (0x123f2f23) sw      gp, 318(t5)
core   0: 3 0x00009506 (0x123f2f23) mem 0x00009640 0x00000001
core   0: >>>>  _exit
core   0: 0x0000950a (0x0000bfe5) c.j     pc - 8
core   0: 3 0x0000950a (0xbfe5)
core   0: >>>>  write_tohost
core   0: 0x00009502 (0x00000f17) auipc   t5, 0x0
core   0: 3 0x00009502 (0x00000f17) x30 0x00009502
core   0: 0x00009506 (0x123f2f23) sw      gp, 318(t5)
core   0: 3 0x00009506 (0x123f2f23) mem 0x00009640 0x00000001
core   0: >>>>  _exit
core   0: 0x0000950a (0x0000bfe5) c.j     pc - 8
core   0: 3 0x0000950a (0xbfe5)
core   0: >>>>  write_tohost
core   0: 0x00009502 (0x00000f17) auipc   t5, 0x0
core   0: 3 0x00009502 (0x00000f17) x30 0x00009502
core   0: 0x00009506 (0x123f2f23) sw      gp, 318(t5)
core   0: 3 0x00009506 (0x123f2f23) mem 0x00009640 0x00000001
core   0: >>>>  _exit
core   0: 0x0000950a (0x0000bfe5) c.j     pc - 8
core   0: 3 0x0000950a (0xbfe5)
core   0: >>>>  write_tohost
core   0: 0x00009502 (0x00000f17) auipc   t5, 0x0
core   0: 3 0x00009502 (0x00000f17) x30 0x00009502
core   0: 0x00009506 (0x123f2f23) sw      gp, 318(t5)
core   0: 3 0x00009506 (0x123f2f23) mem 0x00009640 0x00000001
core   0: >>>>  _exit
core   0: 0x0000950a (0x0000bfe5) c.j     pc - 8
core   0: 3 0x0000950a (0xbfe5)
core   0: >>>>  write_tohost
core   0: 0x00009502 (0x00000f17) auipc   t5, 0x0
core   0: 3 0x00009502 (0x00000f17) x30 0x00009502
core   0: 0x00009506 (0x123f2f23) sw      gp, 318(t5)
core   0: 3 0x00009506 (0x123f2f23) mem 0x00009640 0x00000001
core   0: >>>>  _exit
core   0: 0x0000950a (0x0000bfe5) c.j     pc - 8
core   0: 3 0x0000950a (0xbfe5)
core   0: >>>>  write_tohost
core   0: 0x00009502 (0x00000f17) auipc   t5, 0x0
core   0: 3 0x00009502 (0x00000f17) x30 0x00009502
core   0: 0x00009506 (0x123f2f23) sw      gp, 318(t5)
core   0: 3 0x00009506 (0x123f2f23) mem 0x00009640 0x00000001
core   0: >>>>  _exit
core   0: 0x0000950a (0x0000bfe5) c.j     pc - 8
core   0: 3 0x0000950a (0xbfe5)
core   0: >>>>  write_tohost
core   0: 0x00009502 (0x00000f17) auipc   t5, 0x0
core   0: 3 0x00009502 (0x00000f17) x30 0x00009502
core   0: 0x00009506 (0x123f2f23) sw      gp, 318(t5)
core   0: 3 0x00009506 (0x123f2f23) mem 0x00009640 0x00000001
core   0: >>>>  _exit
core   0: 0x0000950a (0x0000bfe5) c.j     pc - 8
core   0: 3 0x0000950a (0xbfe5)
core   0: >>>>  write_tohost
core   0: 0x00009502 (0x00000f17) auipc   t5, 0x0
core   0: 3 0x00009502 (0x00000f17) x30 0x00009502
core   0: 0x00009506 (0x123f2f23) sw      gp, 318(t5)
core   0: 3 0x00009506 (0x123f2f23) mem 0x00009640 0x00000001
core   0: >>>>  _exit
core   0: 0x0000950a (0x0000bfe5) c.j     pc - 8
core   0: 3 0x0000950a (0xbfe5)
core   0: >>>>  write_tohost
core   0: 0x00009502 (0x00000f17) auipc   t5, 0x0
core   0: 3 0x00009502 (0x00000f17) x30 0x00009502
core   0: 0x00009506 (0x123f2f23) sw      gp, 318(t5)
core   0: 3 0x00009506 (0x123f2f23) mem 0x00009640 0x00000001
core   0: >>>>  _exit
core   0: 0x0000950a (0x0000bfe5) c.j     pc - 8
core   0: 3 0x0000950a (0xbfe5)
core   0: >>>>  write_tohost
core   0: 0x00009502 (0x00000f17) auipc   t5, 0x0
core   0: 3 0x00009502 (0x00000f17) x30 0x00009502
core   0: 0x00009506 (0x123f2f23) sw      gp, 318(t5)
core   0: 3 0x00009506 (0x123f2f23) mem 0x00009640 0x00000001
core   0: >>>>  _exit
core   0: 0x0000950a (0x0000bfe5) c.j     pc - 8
core   0: 3 0x0000950a (0xbfe5)
core   0: >>>>  write_tohost
core   0: 0x00009502 (0x00000f17) auipc   t5, 0x0
core   0: 3 0x00009502 (0x00000f17) x30 0x00009502
core   0: 0x00009506 (0x123f2f23) sw      gp, 318(t5)
core   0: 3 0x00009506 (0x123f2f23) mem 0x00009640 0x00000001
core   0: >>>>  _exit
core   0: 0x0000950a (0x0000bfe5) c.j     pc - 8
core   0: 3 0x0000950a (0xbfe5)
core   0: >>>>  write_tohost
core   0: 0x00009502 (0x00000f17) auipc   t5, 0x0
core   0: 3 0x00009502 (0x00000f17) x30 0x00009502
core   0: 0x00009506 (0x123f2f23) sw      gp, 318(t5)
core   0: 3 0x00009506 (0x123f2f23) mem 0x00009640 0x00000001
core   0: >>>>  _exit
core   0: 0x0000950a (0x0000bfe5) c.j     pc - 8
core   0: 3 0x0000950a (0xbfe5)
core   0: >>>>  write_tohost
core   0: 0x00009502 (0x00000f17) auipc   t5, 0x0
core   0: 3 0x00009502 (0x00000f17) x30 0x00009502
core   0: 0x00009506 (0x123f2f23) sw      gp, 318(t5)
core   0: 3 0x00009506 (0x123f2f23) mem 0x00009640 0x00000001
core   0: >>>>  _exit
core   0: 0x0000950a (0x0000bfe5) c.j     pc - 8
core   0: 3 0x0000950a (0xbfe5)
core   0: >>>>  write_tohost
core   0: 0x00009502 (0x00000f17) auipc   t5, 0x0
core   0: 3 0x00009502 (0x00000f17) x30 0x00009502
core   0: 0x00009506 (0x123f2f23) sw      gp, 318(t5)
core   0: 3 0x00009506 (0x123f2f23) mem 0x00009640 0x00000001
core   0: >>>>  _exit
core   0: 0x0000950a (0x0000bfe5) c.j     pc - 8
core   0: 3 0x0000950a (0xbfe5)
core   0: >>>>  write_tohost
core   0: 0x00009502 (0x00000f17) auipc   t5, 0x0
core   0: 3 0x00009502 (0x00000f17) x30 0x00009502
core   0: 0x00009506 (0x123f2f23) sw      gp, 318(t5)
core   0: 3 0x00009506 (0x123f2f23) mem 0x00009640 0x00000001
core   0: >>>>  _exit
core   0: 0x0000950a (0x0000bfe5) c.j     pc - 8
core   0: 3 0x0000950a (0xbfe5)
core   0: >>>>  write_tohost
core   0: 0x00009502 (0x00000f17) auipc   t5, 0x0
core   0: 3 0x00009502 (0x00000f17) x30 0x00009502
core   0: 0x00009506 (0x123f2f23) sw      gp, 318(t5)
core   0: 3 0x00009506 (0x123f2f23) mem 0x00009640 0x00000001
core   0: >>>>  _exit
core   0: 0x0000950a (0x0000bfe5) c.j     pc - 8
core   0: 3 0x0000950a (0xbfe5)
core   0: >>>>  write_tohost
core   0: 0x00009502 (0x00000f17) auipc   t5, 0x0
core   0: 3 0x00009502 (0x00000f17) x30 0x00009502
core   0: 0x00009506 (0x123f2f23) sw      gp, 318(t5)
core   0: 3 0x00009506 (0x123f2f23) mem 0x00009640 0x00000001
core   0: >>>>  _exit
core   0: 0x0000950a (0x0000bfe5) c.j     pc - 8
core   0: 3 0x0000950a (0xbfe5)
core   0: >>>>  write_tohost
core   0: 0x00009502 (0x00000f17) auipc   t5, 0x0
core   0: 3 0x00009502 (0x00000f17) x30 0x00009502
core   0: 0x00009506 (0x123f2f23) sw      gp, 318(t5)
core   0: 3 0x00009506 (0x123f2f23) mem 0x00009640 0x00000001
core   0: >>>>  _exit
core   0: 0x0000950a (0x0000bfe5) c.j     pc - 8
core   0: 3 0x0000950a (0xbfe5)
core   0: >>>>  write_tohost
core   0: 0x00009502 (0x00000f17) auipc   t5, 0x0
core   0: 3 0x00009502 (0x00000f17) x30 0x00009502
core   0: 0x00009506 (0x123f2f23) sw      gp, 318(t5)
core   0: 3 0x00009506 (0x123f2f23) mem 0x00009640 0x00000001
core   0: >>>>  _exit
core   0: 0x0000950a (0x0000bfe5) c.j     pc - 8
core   0: 3 0x0000950a (0xbfe5)
core   0: >>>>  write_tohost
core   0: 0x00009502 (0x00000f17) auipc   t5, 0x0
core   0: 3 0x00009502 (0x00000f17) x30 0x00009502
core   0: 0x00009506 (0x123f2f23) sw      gp, 318(t5)
core   0: 3 0x00009506 (0x123f2f23) mem 0x00009640 0x00000001
core   0: >>>>  _exit
core   0: 0x0000950a (0x0000bfe5) c.j     pc - 8
core   0: 3 0x0000950a (0xbfe5)
core   0: >>>>  write_tohost
core   0: 0x00009502 (0x00000f17) auipc   t5, 0x0
core   0: 3 0x00009502 (0x00000f17) x30 0x00009502
core   0: 0x00009506 (0x123f2f23) sw      gp, 318(t5)
core   0: 3 0x00009506 (0x123f2f23) mem 0x00009640 0x00000001
core   0: >>>>  _exit
core   0: 0x0000950a (0x0000bfe5) c.j     pc - 8
core   0: 3 0x0000950a (0xbfe5)
core   0: >>>>  write_tohost
core   0: 0x00009502 (0x00000f17) auipc   t5, 0x0
core   0: 3 0x00009502 (0x00000f17) x30 0x00009502
core   0: 0x00009506 (0x123f2f23) sw      gp, 318(t5)
core   0: 3 0x00009506 (0x123f2f23) mem 0x00009640 0x00000001
core   0: >>>>  _exit
core   0: 0x0000950a (0x0000bfe5) c.j     pc - 8
core   0: 3 0x0000950a (0xbfe5)
core   0: >>>>  write_tohost
core   0: 0x00009502 (0x00000f17) auipc   t5, 0x0
core   0: 3 0x00009502 (0x00000f17) x30 0x00009502
core   0: 0x00009506 (0x123f2f23) sw      gp, 318(t5)
core   0: 3 0x00009506 (0x123f2f23) mem 0x00009640 0x00000001
core   0: >>>>  _exit
core   0: 0x0000950a (0x0000bfe5) c.j     pc - 8
core   0: 3 0x0000950a (0xbfe5)
