 
****************************************
Report : timing
        -path full
        -delay max
        -nworst 5
        -max_paths 20
Design : cpu_m1_top
Version: X-2025.06-SP2
Date   : Fri Jun 12 16:08:22 2026
****************************************

 # A fanout number of 1000 was used for high fanout net computations.

Operating Conditions: tt0p9v25c   Library: tcbn28hpcplusbwp40p140tt0p9v25c
Wire Load Model Mode: segmented

  Startpoint: u_core/u_csr/instret_cnt_reg[1]
              (rising edge-triggered flip-flop clocked by clk)
  Endpoint: u_core/u_csr/instret_cnt_reg[63]
            (rising edge-triggered flip-flop clocked by clk)
  Path Group: clk
  Path Type: max

  Des/Clust/Port     Wire Load Model       Library
  ------------------------------------------------
  rfu                ZeroWireload          tcbn28hpcplusbwp40p140tt0p9v25c
  bp                 ZeroWireload          tcbn28hpcplusbwp40p140tt0p9v25c
  cpu_m1_top         ZeroWireload          tcbn28hpcplusbwp40p140tt0p9v25c

  Point                                                   Incr       Path
  --------------------------------------------------------------------------
  clock clk (rise edge)                                   0.00       0.00
  clock network delay (ideal)                             0.00       0.00
  u_core/u_csr/instret_cnt_reg[1]/CP (DFQD1BWP40P140)     0.00 #     0.00 r
  u_core/u_csr/instret_cnt_reg[1]/Q (DFQD1BWP40P140)      0.05       0.05 r
  U3746/ZN (ND2D1BWP40P140)                               0.02       0.07 f
  U3747/ZN (NR2D1BWP40P140)                               0.02       0.09 r
  U3751/ZN (ND2OPTIBD1BWP40P140)                          0.02       0.10 f
  U3753/ZN (NR2D1BWP40P140)                               0.02       0.12 r
  U3754/ZN (CKND2D2BWP40P140)                             0.01       0.13 f
  U3756/ZN (NR2OPTPAD1BWP40P140)                          0.01       0.15 r
  U461/ZN (ND2OPTIBD1BWP40P140)                           0.02       0.16 f
  U3758/ZN (NR2OPTPAD1BWP40P140)                          0.02       0.18 r
  U3759/ZN (CKND2D2BWP40P140)                             0.01       0.19 f
  U3761/ZN (NR2OPTPAD1BWP40P140)                          0.02       0.21 r
  U3762/ZN (ND2OPTIBD2BWP40P140)                          0.01       0.22 f
  U3764/ZN (NR2OPTPAD1BWP40P140)                          0.02       0.23 r
  U336/ZN (CKND2D2BWP40P140)                              0.01       0.24 f
  U462/ZN (NR2D1BWP40P140)                                0.02       0.26 r
  U333/ZN (CKND2D2BWP40P140)                              0.01       0.27 f
  U3767/ZN (NR2OPTPAD1BWP40P140)                          0.02       0.29 r
  U329/ZN (ND2OPTIBD2BWP40P140)                           0.01       0.30 f
  U3769/ZN (NR2OPTPAD1BWP40P140)                          0.02       0.32 r
  U327/ZN (CKND2D2BWP40P140)                              0.01       0.33 f
  U3771/ZN (NR2OPTPAD1BWP40P140)                          0.02       0.34 r
  U324/ZN (CKND2D2BWP40P140)                              0.01       0.35 f
  U3773/ZN (NR2OPTPAD1BWP40P140)                          0.01       0.37 r
  U3774/ZN (ND2OPTIBD1BWP40P140)                          0.02       0.38 f
  U3776/ZN (NR2D1BWP40P140)                               0.02       0.40 r
  U477/CO (HA1D1BWP40P140)                                0.03       0.43 r
  U4623/CO (HA1D1BWP40P140)                               0.03       0.46 r
  U4959/CO (HA1D1BWP40P140)                               0.02       0.48 r
  U407/Z (CKAN2D1BWP40P140)                               0.02       0.50 r
  U5207/CO (HA1D1BWP40P140)                               0.03       0.53 r
  U5255/CO (HA1D2BWP40P140)                               0.03       0.56 r
  U5353/CO (HA1D2BWP40P140)                               0.03       0.58 r
  U5850/CO (HA1D4BWP40P140)                               0.02       0.61 r
  U5879/CO (HA1D4BWP40P140)                               0.02       0.63 r
  U454/ZN (INVD1BWP40P140)                                0.01       0.63 f
  U3778/ZN (NR2D1BWP40P140)                               0.02       0.65 r
  U316/CO (HA1D1BWP40P140)                                0.03       0.68 r
  U406/Z (CKAN2D1BWP40P140)                               0.02       0.70 r
  U314/CO (HA1D1BWP40P140)                                0.03       0.73 r
  U405/Z (CKAN2D1BWP40P140)                               0.02       0.75 r
  U311/CO (HA1D1BWP40P140)                                0.03       0.78 r
  U310/CO (HA1D1BWP40P140)                                0.03       0.80 r
  U8405/CO (HA1D1BWP40P140)                               0.03       0.83 r
  U3779/ZN (INVD1BWP40P140)                               0.01       0.84 f
  U3781/ZN (NR2D1BWP40P140)                               0.02       0.85 r
  U8522/CO (HA1D1BWP40P140)                               0.03       0.88 r
  U479/CO (HA1D1BWP40P140)                                0.03       0.91 r
  U8567/CO (HA1D2BWP40P140)                               0.03       0.93 r
  U8574/CO (HA1D4BWP40P140)                               0.02       0.96 r
  U305/CO (HA1D1BWP40P140)                                0.02       0.98 r
  U8624/CO (HA1D1BWP40P140)                               0.02       1.01 r
  U3782/Z (CKAN2D1BWP40P140)                              0.02       1.03 r
  U8642/CO (HA1D2BWP40P140)                               0.03       1.06 r
  U8648/CO (HA1D2BWP40P140)                               0.03       1.08 r
  U8656/CO (HA1D2BWP40P140)                               0.03       1.11 r
  U8671/CO (HA1D0BWP40P140)                               0.03       1.14 r
  U8681/CO (HA1D2BWP40P140)                               0.03       1.17 r
  U8683/CO (HA1D2BWP40P140)                               0.03       1.19 r
  U8702/CO (HA1D1BWP40P140)                               0.02       1.22 r
  U3783/Z (CKAN2D1BWP40P140)                              0.02       1.24 r
  U480/CO (HA1D1BWP40P140)                                0.03       1.27 r
  U8730/CO (HA1D2BWP40P140)                               0.03       1.29 r
  U8732/CO (HA1D1BWP40P140)                               0.02       1.31 r
  U3784/Z (XOR2UD1BWP40P140)                              0.02       1.33 r
  U491/Z (AO22D0BWP40P140)                                0.03       1.36 r
  u_core/u_csr/instret_cnt_reg[63]/D (DFQD1BWP40P140)     0.00       1.36 r
  data arrival time                                                  1.36

  clock clk (rise edge)                                   1.43       1.43
  clock network delay (ideal)                             0.00       1.43
  clock uncertainty                                      -0.05       1.38
  u_core/u_csr/instret_cnt_reg[63]/CP (DFQD1BWP40P140)
                                                          0.00       1.38 r
  library setup time                                     -0.02       1.36
  data required time                                                 1.36
  --------------------------------------------------------------------------
  data required time                                                 1.36
  data arrival time                                                 -1.36
  --------------------------------------------------------------------------
  slack (MET)                                                        0.00


  Startpoint: u_core/if_ex_instr_reg[20]
              (rising edge-triggered flip-flop clocked by clk)
  Endpoint: u_core/ex_mem_mispredict_r_reg
            (rising edge-triggered flip-flop clocked by clk)
  Path Group: clk
  Path Type: max

  Des/Clust/Port     Wire Load Model       Library
  ------------------------------------------------
  rfu                ZeroWireload          tcbn28hpcplusbwp40p140tt0p9v25c
  bp                 ZeroWireload          tcbn28hpcplusbwp40p140tt0p9v25c
  cpu_m1_top         ZeroWireload          tcbn28hpcplusbwp40p140tt0p9v25c
  bmu                ZeroWireload          tcbn28hpcplusbwp40p140tt0p9v25c

  Point                                                   Incr       Path
  --------------------------------------------------------------------------
  clock clk (rise edge)                                   0.00       0.00
  clock network delay (ideal)                             0.00       0.00
  u_core/if_ex_instr_reg[20]/CP (DFQD4BWP40P140)          0.00 #     0.00 r
  u_core/if_ex_instr_reg[20]/Q (DFQD4BWP40P140)           0.07       0.07 f
  u_core/u_rfu/rs2_idx[0] (rfu)                           0.00       0.07 f
  u_core/u_rfu/U724/ZN (IND2D2BWP40P140)                  0.03       0.09 f
  u_core/u_rfu/U730/ZN (INVD1BWP40P140)                   0.02       0.11 r
  u_core/u_rfu/U758/ZN (INR2D1BWP40P140)                  0.11       0.22 r
  u_core/u_rfu/U1461/ZN (AOI22D1BWP40P140)                0.04       0.26 f
  u_core/u_rfu/U1462/ZN (ND4D0BWP40P140)                  0.03       0.28 r
  u_core/u_rfu/U1473/Z (OR4D1BWP40P140)                   0.03       0.31 r
  u_core/u_rfu/rs2_data[3] (rfu)                          0.00       0.31 r
  U4371/ZN (AOI21D1BWP40P140)                             0.03       0.34 f
  U4372/ZN (MUX2NUD1BWP40P140)                            0.03       0.37 r
  U4373/ZN (INVD1BWP40P140)                               0.02       0.39 f
  U4374/ZN (INVD1BWP40P140)                               0.07       0.47 r
  U8912/Z (XOR2UD1BWP40P140)                              0.04       0.50 f
  U8914/ZN (ND2OPTIBD1BWP40P140)                          0.02       0.52 r
  U8915/ZN (INVD1BWP40P140)                               0.01       0.54 f
  U8916/ZN (AOI21D1BWP40P140)                             0.02       0.56 r
  U8920/ZN (OAI21D1P5BWP40P140)                           0.02       0.58 f
  U8925/ZN (AOI21D1BWP40P140)                             0.02       0.60 r
  U8929/ZN (OAI21D1P5BWP40P140)                           0.02       0.62 f
  U8934/ZN (AOI21D2BWP40P140)                             0.02       0.64 r
  U8938/ZN (OAI21D2BWP40P140)                             0.01       0.65 f
  U8943/ZN (AOI21D1BWP40P140)                             0.02       0.68 r
  U8947/ZN (OAI21D2BWP40P140)                             0.02       0.70 f
  U8952/ZN (AOI21D1BWP40P140)                             0.02       0.72 r
  U8956/ZN (OAI21D2BWP40P140)                             0.02       0.74 f
  U8961/ZN (AOI21D2BWP40P140)                             0.02       0.76 r
  U8965/ZN (OAI21D2BWP40P140)                             0.02       0.77 f
  U8970/ZN (AOI21D2BWP40P140)                             0.02       0.79 r
  U8974/ZN (OAI21OPTREPBD2BWP40P140)                      0.01       0.80 f
  U8979/ZN (AOI21D2BWP40P140)                             0.01       0.82 r
  U448/ZN (OAI21D1BWP40P140)                              0.02       0.84 f
  U8987/ZN (AOI21D1BWP40P140)                             0.02       0.86 r
  U8991/ZN (OAI21D1BWP40P140)                             0.03       0.89 f
  U8996/ZN (AOI21D2BWP40P140)                             0.02       0.91 r
  U9000/ZN (OAI21D2BWP40P140)                             0.02       0.93 f
  U9860/CO (FA1OPTCD2BWP40P140)                           0.02       0.95 f
  U9172/CO (FA1OPTCD1BWP40P140)                           0.03       0.98 f
  U9098/CO (FA1OPTCD1BWP40P140)                           0.03       1.00 f
  U9847/CO (FA1OPTCD1BWP40P140)                           0.03       1.03 f
  U9833/CO (FA1OPTCD1BWP40P140)                           0.03       1.06 f
  U9814/CO (FA1OPTCD2BWP40P140)                           0.02       1.08 f
  U9432/CO (FA1OPTCD2BWP40P140)                           0.02       1.11 f
  U9235/S (FA1OPTCD1BWP40P140)                            0.05       1.15 r
  U457/ZN (AOI21D1BWP40P140)                              0.02       1.17 f
  U9300/ZN (XNR2UD1BWP40P140)                             0.02       1.20 f
  U9301/ZN (NR4D0BWP40P140)                               0.03       1.22 r
  U9601/ZN (ND4D1BWP40P140)                               0.02       1.25 f
  U9745/ZN (NR4D0BWP40P140)                               0.02       1.27 r
  U9876/ZN (AOI31D1BWP40P140)                             0.02       1.29 f
  U9877/ZN (AOI211D1BWP40P140)                            0.03       1.32 r
  U9878/ZN (OAI211D1BWP40P140)                            0.02       1.34 f
  U9879/ZN (OAI211D1BWP40P140)                            0.02       1.36 r
  U9880/ZN (IOA21D1BWP40P140)                             0.02       1.38 f
  u_core/ex_mem_mispredict_r_reg/D (DFQD1BWP40P140)       0.00       1.38 f
  data arrival time                                                  1.38

  clock clk (rise edge)                                   1.43       1.43
  clock network delay (ideal)                             0.00       1.43
  clock uncertainty                                      -0.05       1.38
  u_core/ex_mem_mispredict_r_reg/CP (DFQD1BWP40P140)      0.00       1.38 r
  library setup time                                      0.00       1.38
  data required time                                                 1.38
  --------------------------------------------------------------------------
  data required time                                                 1.38
  data arrival time                                                 -1.38
  --------------------------------------------------------------------------
  slack (MET)                                                        0.00


  Startpoint: u_core/if_ex_instr_reg[20]
              (rising edge-triggered flip-flop clocked by clk)
  Endpoint: u_core/ex_mem_mispredict_r_reg
            (rising edge-triggered flip-flop clocked by clk)
  Path Group: clk
  Path Type: max

  Des/Clust/Port     Wire Load Model       Library
  ------------------------------------------------
  rfu                ZeroWireload          tcbn28hpcplusbwp40p140tt0p9v25c
  bp                 ZeroWireload          tcbn28hpcplusbwp40p140tt0p9v25c
  cpu_m1_top         ZeroWireload          tcbn28hpcplusbwp40p140tt0p9v25c
  bmu                ZeroWireload          tcbn28hpcplusbwp40p140tt0p9v25c

  Point                                                   Incr       Path
  --------------------------------------------------------------------------
  clock clk (rise edge)                                   0.00       0.00
  clock network delay (ideal)                             0.00       0.00
  u_core/if_ex_instr_reg[20]/CP (DFQD4BWP40P140)          0.00 #     0.00 r
  u_core/if_ex_instr_reg[20]/Q (DFQD4BWP40P140)           0.07       0.07 f
  u_core/u_rfu/rs2_idx[0] (rfu)                           0.00       0.07 f
  u_core/u_rfu/U724/ZN (IND2D2BWP40P140)                  0.03       0.09 f
  u_core/u_rfu/U730/ZN (INVD1BWP40P140)                   0.02       0.11 r
  u_core/u_rfu/U758/ZN (INR2D1BWP40P140)                  0.11       0.22 r
  u_core/u_rfu/U1461/ZN (AOI22D1BWP40P140)                0.04       0.26 f
  u_core/u_rfu/U1462/ZN (ND4D0BWP40P140)                  0.03       0.28 r
  u_core/u_rfu/U1473/Z (OR4D1BWP40P140)                   0.03       0.31 r
  u_core/u_rfu/rs2_data[3] (rfu)                          0.00       0.31 r
  U4371/ZN (AOI21D1BWP40P140)                             0.03       0.34 f
  U4372/ZN (MUX2NUD1BWP40P140)                            0.03       0.37 r
  U4373/ZN (INVD1BWP40P140)                               0.02       0.39 f
  U4374/ZN (INVD1BWP40P140)                               0.07       0.47 r
  U8912/Z (XOR2UD1BWP40P140)                              0.04       0.50 f
  U8914/ZN (ND2OPTIBD1BWP40P140)                          0.02       0.52 r
  U8915/ZN (INVD1BWP40P140)                               0.01       0.54 f
  U8916/ZN (AOI21D1BWP40P140)                             0.02       0.56 r
  U8920/ZN (OAI21D1P5BWP40P140)                           0.02       0.58 f
  U8925/ZN (AOI21D1BWP40P140)                             0.02       0.60 r
  U8929/ZN (OAI21D1P5BWP40P140)                           0.02       0.62 f
  U8934/ZN (AOI21D2BWP40P140)                             0.02       0.64 r
  U8938/ZN (OAI21D2BWP40P140)                             0.01       0.65 f
  U8943/ZN (AOI21D1BWP40P140)                             0.02       0.68 r
  U8947/ZN (OAI21D2BWP40P140)                             0.02       0.70 f
  U8952/ZN (AOI21D1BWP40P140)                             0.02       0.72 r
  U8956/ZN (OAI21D2BWP40P140)                             0.02       0.74 f
  U8961/ZN (AOI21D2BWP40P140)                             0.02       0.76 r
  U8965/ZN (OAI21D2BWP40P140)                             0.02       0.77 f
  U8970/ZN (AOI21D2BWP40P140)                             0.02       0.79 r
  U8974/ZN (OAI21OPTREPBD2BWP40P140)                      0.01       0.80 f
  U8979/ZN (AOI21D2BWP40P140)                             0.01       0.82 r
  U448/ZN (OAI21D1BWP40P140)                              0.02       0.84 f
  U8987/ZN (AOI21D1BWP40P140)                             0.02       0.86 r
  U8991/ZN (OAI21D1BWP40P140)                             0.03       0.89 f
  U8996/ZN (AOI21D2BWP40P140)                             0.02       0.91 r
  U9000/ZN (OAI21D2BWP40P140)                             0.02       0.93 f
  U9860/CO (FA1OPTCD2BWP40P140)                           0.02       0.95 f
  U9172/CO (FA1OPTCD1BWP40P140)                           0.03       0.98 f
  U9098/CO (FA1OPTCD1BWP40P140)                           0.03       1.00 f
  U9847/CO (FA1OPTCD1BWP40P140)                           0.03       1.03 f
  U9833/CO (FA1OPTCD1BWP40P140)                           0.03       1.06 f
  U9814/CO (FA1OPTCD2BWP40P140)                           0.02       1.08 f
  U9432/CO (FA1OPTCD2BWP40P140)                           0.02       1.11 f
  U9235/S (FA1OPTCD1BWP40P140)                            0.05       1.15 r
  U457/ZN (AOI21D1BWP40P140)                              0.02       1.17 f
  U9300/ZN (XNR2UD1BWP40P140)                             0.02       1.20 f
  U9301/ZN (NR4D0BWP40P140)                               0.03       1.22 r
  U9601/ZN (ND4D1BWP40P140)                               0.02       1.25 f
  U9745/ZN (NR4D0BWP40P140)                               0.02       1.27 r
  U9876/ZN (AOI31D1BWP40P140)                             0.02       1.29 f
  U9877/ZN (AOI211D1BWP40P140)                            0.03       1.32 r
  U9878/ZN (OAI211D1BWP40P140)                            0.02       1.34 f
  U9879/ZN (OAI211D1BWP40P140)                            0.02       1.36 r
  U9880/ZN (IOA21D1BWP40P140)                             0.02       1.38 f
  u_core/ex_mem_mispredict_r_reg/D (DFQD1BWP40P140)       0.00       1.38 f
  data arrival time                                                  1.38

  clock clk (rise edge)                                   1.43       1.43
  clock network delay (ideal)                             0.00       1.43
  clock uncertainty                                      -0.05       1.38
  u_core/ex_mem_mispredict_r_reg/CP (DFQD1BWP40P140)      0.00       1.38 r
  library setup time                                      0.00       1.38
  data required time                                                 1.38
  --------------------------------------------------------------------------
  data required time                                                 1.38
  data arrival time                                                 -1.38
  --------------------------------------------------------------------------
  slack (MET)                                                        0.00


  Startpoint: u_core/u_div/divisor_reg[0]
              (rising edge-triggered flip-flop clocked by clk)
  Endpoint: u_core/u_div/remainder_reg[3]
            (rising edge-triggered flip-flop clocked by clk)
  Path Group: clk
  Path Type: max

  Des/Clust/Port     Wire Load Model       Library
  ------------------------------------------------
  rfu                ZeroWireload          tcbn28hpcplusbwp40p140tt0p9v25c
  bp                 ZeroWireload          tcbn28hpcplusbwp40p140tt0p9v25c
  cpu_m1_top         ZeroWireload          tcbn28hpcplusbwp40p140tt0p9v25c

  Point                                                   Incr       Path
  --------------------------------------------------------------------------
  clock clk (rise edge)                                   0.00       0.00
  clock network delay (ideal)                             0.00       0.00
  u_core/u_div/divisor_reg[0]/CP (DFQD4BWP40P140)         0.00 #     0.00 r
  u_core/u_div/divisor_reg[0]/Q (DFQD4BWP40P140)          0.05       0.05 f
  U758/ZN (INVD1BWP40P140)                                0.01       0.06 r
  U350/ZN (NR2D3BWP40P140)                                0.01       0.07 f
  U760/ZN (MAOI222D4BWP40P140)                            0.02       0.09 r
  U761/ZN (INVD2BWP40P140)                                0.01       0.10 f
  U452/ZN (MAOI222D1BWP40P140)                            0.03       0.14 r
  U762/ZN (MAOI222D4BWP40P140)                            0.04       0.17 f
  U763/ZN (MAOI222D4BWP40P140)                            0.03       0.20 r
  U764/ZN (MAOI222D1BWP40P140)                            0.04       0.24 f
  U766/ZN (MAOI222D2BWP40P140)                            0.03       0.28 r
  U767/ZN (MAOI222D1BWP40P140)                            0.05       0.33 f
  U769/ZN (MAOI222D2BWP40P140)                            0.03       0.36 r
  U770/ZN (MAOI222D2BWP40P140)                            0.04       0.40 f
  U772/ZN (MAOI222D2BWP40P140)                            0.04       0.44 r
  U773/ZN (MAOI222D4BWP40P140)                            0.04       0.47 f
  U775/ZN (MAOI222D2BWP40P140)                            0.03       0.50 r
  U776/ZN (MAOI222D1BWP40P140)                            0.04       0.55 f
  U778/ZN (MAOI222D2BWP40P140)                            0.04       0.59 r
  U779/ZN (MAOI222D2BWP40P140)                            0.04       0.63 f
  U781/ZN (MAOI222D2BWP40P140)                            0.03       0.66 r
  U782/ZN (MAOI222D1BWP40P140)                            0.04       0.70 f
  U307/ZN (MAOI222D1BWP40P140)                            0.04       0.74 r
  U784/ZN (MAOI222D2BWP40P140)                            0.04       0.78 f
  U786/ZN (MAOI222D2BWP40P140)                            0.04       0.81 r
  U787/ZN (MAOI222D2BWP40P140)                            0.04       0.85 f
  U789/ZN (MAOI222D2BWP40P140)                            0.03       0.89 r
  U790/ZN (MAOI222D1BWP40P140)                            0.05       0.93 f
  U792/ZN (MAOI222D2BWP40P140)                            0.03       0.97 r
  U453/ZN (MAOI222D1BWP40P140)                            0.05       1.01 f
  U794/ZN (MAOI222D2BWP40P140)                            0.03       1.05 r
  U795/ZN (MAOI222D1BWP40P140)                            0.04       1.09 f
  U796/ZN (MAOI222D1BWP40P140)                            0.04       1.13 r
  U797/ZN (MAOI222D1BWP40P140)                            0.03       1.16 f
  U798/ZN (CKND1BWP40P140)                                0.02       1.18 r
  U802/ZN (MAOI222D1BWP40P140)                            0.03       1.21 f
  U803/ZN (MAOI222D1BWP40P140)                            0.03       1.24 r
  U804/Z (MUX2D2BWP40P140)                                0.04       1.28 r
  U805/ZN (INVD8BWP40P140)                                0.02       1.29 f
  U3712/ZN (AOI221D1BWP40P140)                            0.03       1.32 r
  U3713/ZN (MUX2NUD1BWP40P140)                            0.01       1.34 f
  U3714/ZN (OAI22D0BWP40P140)                             0.02       1.36 r
  u_core/u_div/remainder_reg[3]/D (DFQD1BWP40P140)        0.00       1.36 r
  data arrival time                                                  1.36

  clock clk (rise edge)                                   1.43       1.43
  clock network delay (ideal)                             0.00       1.43
  clock uncertainty                                      -0.05       1.38
  u_core/u_div/remainder_reg[3]/CP (DFQD1BWP40P140)       0.00       1.38 r
  library setup time                                     -0.02       1.36
  data required time                                                 1.36
  --------------------------------------------------------------------------
  data required time                                                 1.36
  data arrival time                                                 -1.36
  --------------------------------------------------------------------------
  slack (MET)                                                        0.00


  Startpoint: u_core/if_ex_instr_reg[20]
              (rising edge-triggered flip-flop clocked by clk)
  Endpoint: u_core/ex_mem_mispredict_r_reg
            (rising edge-triggered flip-flop clocked by clk)
  Path Group: clk
  Path Type: max

  Des/Clust/Port     Wire Load Model       Library
  ------------------------------------------------
  rfu                ZeroWireload          tcbn28hpcplusbwp40p140tt0p9v25c
  bp                 ZeroWireload          tcbn28hpcplusbwp40p140tt0p9v25c
  cpu_m1_top         ZeroWireload          tcbn28hpcplusbwp40p140tt0p9v25c
  bmu                ZeroWireload          tcbn28hpcplusbwp40p140tt0p9v25c

  Point                                                   Incr       Path
  --------------------------------------------------------------------------
  clock clk (rise edge)                                   0.00       0.00
  clock network delay (ideal)                             0.00       0.00
  u_core/if_ex_instr_reg[20]/CP (DFQD4BWP40P140)          0.00 #     0.00 r
  u_core/if_ex_instr_reg[20]/Q (DFQD4BWP40P140)           0.07       0.07 f
  u_core/u_rfu/rs2_idx[0] (rfu)                           0.00       0.07 f
  u_core/u_rfu/U724/ZN (IND2D2BWP40P140)                  0.03       0.09 f
  u_core/u_rfu/U730/ZN (INVD1BWP40P140)                   0.02       0.11 r
  u_core/u_rfu/U758/ZN (INR2D1BWP40P140)                  0.11       0.22 r
  u_core/u_rfu/U1461/ZN (AOI22D1BWP40P140)                0.04       0.26 f
  u_core/u_rfu/U1462/ZN (ND4D0BWP40P140)                  0.03       0.28 r
  u_core/u_rfu/U1473/Z (OR4D1BWP40P140)                   0.03       0.31 r
  u_core/u_rfu/rs2_data[3] (rfu)                          0.00       0.31 r
  U4371/ZN (AOI21D1BWP40P140)                             0.03       0.34 f
  U4372/ZN (MUX2NUD1BWP40P140)                            0.03       0.37 r
  U4373/ZN (INVD1BWP40P140)                               0.02       0.39 f
  U4374/ZN (INVD1BWP40P140)                               0.07       0.47 r
  U8912/Z (XOR2UD1BWP40P140)                              0.04       0.50 f
  U8914/ZN (ND2OPTIBD1BWP40P140)                          0.02       0.52 r
  U8915/ZN (INVD1BWP40P140)                               0.01       0.54 f
  U8916/ZN (AOI21D1BWP40P140)                             0.02       0.56 r
  U8920/ZN (OAI21D1P5BWP40P140)                           0.02       0.58 f
  U8925/ZN (AOI21D1BWP40P140)                             0.02       0.60 r
  U8929/ZN (OAI21D1P5BWP40P140)                           0.02       0.62 f
  U8934/ZN (AOI21D2BWP40P140)                             0.02       0.64 r
  U8938/ZN (OAI21D2BWP40P140)                             0.01       0.65 f
  U8943/ZN (AOI21D1BWP40P140)                             0.02       0.68 r
  U8947/ZN (OAI21D2BWP40P140)                             0.02       0.70 f
  U8952/ZN (AOI21D1BWP40P140)                             0.02       0.72 r
  U8956/ZN (OAI21D2BWP40P140)                             0.02       0.74 f
  U8961/ZN (AOI21D2BWP40P140)                             0.02       0.76 r
  U8965/ZN (OAI21D2BWP40P140)                             0.02       0.77 f
  U8970/ZN (AOI21D2BWP40P140)                             0.02       0.79 r
  U8974/ZN (OAI21OPTREPBD2BWP40P140)                      0.01       0.80 f
  U8979/ZN (AOI21D2BWP40P140)                             0.01       0.82 r
  U448/ZN (OAI21D1BWP40P140)                              0.02       0.84 f
  U8987/ZN (AOI21D1BWP40P140)                             0.02       0.86 r
  U8991/ZN (OAI21D1BWP40P140)                             0.03       0.89 f
  U8996/ZN (AOI21D2BWP40P140)                             0.02       0.91 r
  U9000/ZN (OAI21D2BWP40P140)                             0.02       0.93 f
  U9860/CO (FA1OPTCD2BWP40P140)                           0.02       0.95 f
  U9172/CO (FA1OPTCD1BWP40P140)                           0.03       0.98 f
  U9098/CO (FA1OPTCD1BWP40P140)                           0.03       1.00 f
  U9847/CO (FA1OPTCD1BWP40P140)                           0.03       1.03 f
  U9833/CO (FA1OPTCD1BWP40P140)                           0.03       1.06 f
  U9814/CO (FA1OPTCD2BWP40P140)                           0.02       1.08 f
  U9432/CO (FA1OPTCD2BWP40P140)                           0.02       1.11 f
  U9235/S (FA1OPTCD1BWP40P140)                            0.05       1.15 r
  U457/ZN (AOI21D1BWP40P140)                              0.02       1.17 f
  U9300/ZN (XNR2UD1BWP40P140)                             0.02       1.20 f
  U9301/ZN (NR4D0BWP40P140)                               0.03       1.22 r
  U9601/ZN (ND4D1BWP40P140)                               0.02       1.25 f
  U9745/ZN (NR4D0BWP40P140)                               0.02       1.27 r
  U9876/ZN (AOI31D1BWP40P140)                             0.02       1.29 f
  U9877/ZN (AOI211D1BWP40P140)                            0.03       1.32 r
  U9878/ZN (OAI211D1BWP40P140)                            0.02       1.34 f
  U9879/ZN (OAI211D1BWP40P140)                            0.02       1.36 r
  U9880/ZN (IOA21D1BWP40P140)                             0.02       1.38 f
  u_core/ex_mem_mispredict_r_reg/D (DFQD1BWP40P140)       0.00       1.38 f
  data arrival time                                                  1.38

  clock clk (rise edge)                                   1.43       1.43
  clock network delay (ideal)                             0.00       1.43
  clock uncertainty                                      -0.05       1.38
  u_core/ex_mem_mispredict_r_reg/CP (DFQD1BWP40P140)      0.00       1.38 r
  library setup time                                      0.00       1.38
  data required time                                                 1.38
  --------------------------------------------------------------------------
  data required time                                                 1.38
  data arrival time                                                 -1.38
  --------------------------------------------------------------------------
  slack (MET)                                                        0.00


  Startpoint: u_core/if_ex_instr_reg[20]
              (rising edge-triggered flip-flop clocked by clk)
  Endpoint: u_core/ex_mem_mispredict_r_reg
            (rising edge-triggered flip-flop clocked by clk)
  Path Group: clk
  Path Type: max

  Des/Clust/Port     Wire Load Model       Library
  ------------------------------------------------
  rfu                ZeroWireload          tcbn28hpcplusbwp40p140tt0p9v25c
  bp                 ZeroWireload          tcbn28hpcplusbwp40p140tt0p9v25c
  cpu_m1_top         ZeroWireload          tcbn28hpcplusbwp40p140tt0p9v25c
  bmu                ZeroWireload          tcbn28hpcplusbwp40p140tt0p9v25c

  Point                                                   Incr       Path
  --------------------------------------------------------------------------
  clock clk (rise edge)                                   0.00       0.00
  clock network delay (ideal)                             0.00       0.00
  u_core/if_ex_instr_reg[20]/CP (DFQD4BWP40P140)          0.00 #     0.00 r
  u_core/if_ex_instr_reg[20]/Q (DFQD4BWP40P140)           0.07       0.07 f
  u_core/u_rfu/rs2_idx[0] (rfu)                           0.00       0.07 f
  u_core/u_rfu/U724/ZN (IND2D2BWP40P140)                  0.03       0.09 f
  u_core/u_rfu/U730/ZN (INVD1BWP40P140)                   0.02       0.11 r
  u_core/u_rfu/U758/ZN (INR2D1BWP40P140)                  0.11       0.22 r
  u_core/u_rfu/U1461/ZN (AOI22D1BWP40P140)                0.04       0.26 f
  u_core/u_rfu/U1462/ZN (ND4D0BWP40P140)                  0.03       0.28 r
  u_core/u_rfu/U1473/Z (OR4D1BWP40P140)                   0.03       0.31 r
  u_core/u_rfu/rs2_data[3] (rfu)                          0.00       0.31 r
  U4371/ZN (AOI21D1BWP40P140)                             0.03       0.34 f
  U4372/ZN (MUX2NUD1BWP40P140)                            0.03       0.37 r
  U4373/ZN (INVD1BWP40P140)                               0.02       0.39 f
  U4374/ZN (INVD1BWP40P140)                               0.07       0.47 r
  U8912/Z (XOR2UD1BWP40P140)                              0.04       0.50 f
  U8914/ZN (ND2OPTIBD1BWP40P140)                          0.02       0.52 r
  U8915/ZN (INVD1BWP40P140)                               0.01       0.54 f
  U8916/ZN (AOI21D1BWP40P140)                             0.02       0.56 r
  U8920/ZN (OAI21D1P5BWP40P140)                           0.02       0.58 f
  U8925/ZN (AOI21D1BWP40P140)                             0.02       0.60 r
  U8929/ZN (OAI21D1P5BWP40P140)                           0.02       0.62 f
  U8934/ZN (AOI21D2BWP40P140)                             0.02       0.64 r
  U8938/ZN (OAI21D2BWP40P140)                             0.01       0.65 f
  U8943/ZN (AOI21D1BWP40P140)                             0.02       0.68 r
  U8947/ZN (OAI21D2BWP40P140)                             0.02       0.70 f
  U8952/ZN (AOI21D1BWP40P140)                             0.02       0.72 r
  U8956/ZN (OAI21D2BWP40P140)                             0.02       0.74 f
  U8961/ZN (AOI21D2BWP40P140)                             0.02       0.76 r
  U8965/ZN (OAI21D2BWP40P140)                             0.02       0.77 f
  U8970/ZN (AOI21D2BWP40P140)                             0.02       0.79 r
  U8974/ZN (OAI21OPTREPBD2BWP40P140)                      0.01       0.80 f
  U8979/ZN (AOI21D2BWP40P140)                             0.01       0.82 r
  U448/ZN (OAI21D1BWP40P140)                              0.02       0.84 f
  U8987/ZN (AOI21D1BWP40P140)                             0.02       0.86 r
  U8991/ZN (OAI21D1BWP40P140)                             0.03       0.89 f
  U8996/ZN (AOI21D2BWP40P140)                             0.02       0.91 r
  U9000/ZN (OAI21D2BWP40P140)                             0.02       0.93 f
  U9860/CO (FA1OPTCD2BWP40P140)                           0.02       0.95 f
  U9172/CO (FA1OPTCD1BWP40P140)                           0.03       0.98 f
  U9098/CO (FA1OPTCD1BWP40P140)                           0.03       1.00 f
  U9847/CO (FA1OPTCD1BWP40P140)                           0.03       1.03 f
  U9833/CO (FA1OPTCD1BWP40P140)                           0.03       1.06 f
  U9814/CO (FA1OPTCD2BWP40P140)                           0.02       1.08 f
  U9432/CO (FA1OPTCD2BWP40P140)                           0.02       1.11 f
  U9235/S (FA1OPTCD1BWP40P140)                            0.05       1.15 r
  U457/ZN (AOI21D1BWP40P140)                              0.02       1.17 f
  U9300/ZN (XNR2UD1BWP40P140)                             0.02       1.20 f
  U9301/ZN (NR4D0BWP40P140)                               0.03       1.22 r
  U9601/ZN (ND4D1BWP40P140)                               0.02       1.25 f
  U9745/ZN (NR4D0BWP40P140)                               0.02       1.27 r
  U9876/ZN (AOI31D1BWP40P140)                             0.02       1.29 f
  U9877/ZN (AOI211D1BWP40P140)                            0.03       1.32 r
  U9878/ZN (OAI211D1BWP40P140)                            0.02       1.34 f
  U9879/ZN (OAI211D1BWP40P140)                            0.02       1.36 r
  U9880/ZN (IOA21D1BWP40P140)                             0.02       1.38 f
  u_core/ex_mem_mispredict_r_reg/D (DFQD1BWP40P140)       0.00       1.38 f
  data arrival time                                                  1.38

  clock clk (rise edge)                                   1.43       1.43
  clock network delay (ideal)                             0.00       1.43
  clock uncertainty                                      -0.05       1.38
  u_core/ex_mem_mispredict_r_reg/CP (DFQD1BWP40P140)      0.00       1.38 r
  library setup time                                      0.00       1.38
  data required time                                                 1.38
  --------------------------------------------------------------------------
  data required time                                                 1.38
  data arrival time                                                 -1.38
  --------------------------------------------------------------------------
  slack (MET)                                                        0.00


  Startpoint: u_core/if_ex_instr_reg[20]
              (rising edge-triggered flip-flop clocked by clk)
  Endpoint: u_core/ex_mem_mispredict_r_reg
            (rising edge-triggered flip-flop clocked by clk)
  Path Group: clk
  Path Type: max

  Des/Clust/Port     Wire Load Model       Library
  ------------------------------------------------
  rfu                ZeroWireload          tcbn28hpcplusbwp40p140tt0p9v25c
  bp                 ZeroWireload          tcbn28hpcplusbwp40p140tt0p9v25c
  cpu_m1_top         ZeroWireload          tcbn28hpcplusbwp40p140tt0p9v25c
  bmu                ZeroWireload          tcbn28hpcplusbwp40p140tt0p9v25c

  Point                                                   Incr       Path
  --------------------------------------------------------------------------
  clock clk (rise edge)                                   0.00       0.00
  clock network delay (ideal)                             0.00       0.00
  u_core/if_ex_instr_reg[20]/CP (DFQD4BWP40P140)          0.00 #     0.00 r
  u_core/if_ex_instr_reg[20]/Q (DFQD4BWP40P140)           0.07       0.07 f
  u_core/u_rfu/rs2_idx[0] (rfu)                           0.00       0.07 f
  u_core/u_rfu/U724/ZN (IND2D2BWP40P140)                  0.03       0.09 f
  u_core/u_rfu/U730/ZN (INVD1BWP40P140)                   0.02       0.11 r
  u_core/u_rfu/U758/ZN (INR2D1BWP40P140)                  0.11       0.22 r
  u_core/u_rfu/U1461/ZN (AOI22D1BWP40P140)                0.04       0.26 f
  u_core/u_rfu/U1462/ZN (ND4D0BWP40P140)                  0.03       0.28 r
  u_core/u_rfu/U1473/Z (OR4D1BWP40P140)                   0.03       0.31 r
  u_core/u_rfu/rs2_data[3] (rfu)                          0.00       0.31 r
  U4371/ZN (AOI21D1BWP40P140)                             0.03       0.34 f
  U4372/ZN (MUX2NUD1BWP40P140)                            0.03       0.37 r
  U4373/ZN (INVD1BWP40P140)                               0.02       0.39 f
  U4374/ZN (INVD1BWP40P140)                               0.07       0.47 r
  U8912/Z (XOR2UD1BWP40P140)                              0.04       0.50 f
  U8914/ZN (ND2OPTIBD1BWP40P140)                          0.02       0.52 r
  U8915/ZN (INVD1BWP40P140)                               0.01       0.54 f
  U8916/ZN (AOI21D1BWP40P140)                             0.02       0.56 r
  U8920/ZN (OAI21D1P5BWP40P140)                           0.02       0.58 f
  U8925/ZN (AOI21D1BWP40P140)                             0.02       0.60 r
  U8929/ZN (OAI21D1P5BWP40P140)                           0.02       0.62 f
  U8934/ZN (AOI21D2BWP40P140)                             0.02       0.64 r
  U8938/ZN (OAI21D2BWP40P140)                             0.01       0.65 f
  U8943/ZN (AOI21D1BWP40P140)                             0.02       0.68 r
  U8947/ZN (OAI21D2BWP40P140)                             0.02       0.70 f
  U8952/ZN (AOI21D1BWP40P140)                             0.02       0.72 r
  U8956/ZN (OAI21D2BWP40P140)                             0.02       0.74 f
  U8961/ZN (AOI21D2BWP40P140)                             0.02       0.76 r
  U8965/ZN (OAI21D2BWP40P140)                             0.02       0.77 f
  U8970/ZN (AOI21D2BWP40P140)                             0.02       0.79 r
  U8974/ZN (OAI21OPTREPBD2BWP40P140)                      0.01       0.80 f
  U8979/ZN (AOI21D2BWP40P140)                             0.01       0.82 r
  U448/ZN (OAI21D1BWP40P140)                              0.02       0.84 f
  U8987/ZN (AOI21D1BWP40P140)                             0.02       0.86 r
  U8991/ZN (OAI21D1BWP40P140)                             0.03       0.89 f
  U8996/ZN (AOI21D2BWP40P140)                             0.02       0.91 r
  U9000/ZN (OAI21D2BWP40P140)                             0.02       0.93 f
  U9860/CO (FA1OPTCD2BWP40P140)                           0.02       0.95 f
  U9172/CO (FA1OPTCD1BWP40P140)                           0.03       0.98 f
  U9098/CO (FA1OPTCD1BWP40P140)                           0.03       1.00 f
  U9847/CO (FA1OPTCD1BWP40P140)                           0.03       1.03 f
  U9833/CO (FA1OPTCD1BWP40P140)                           0.03       1.06 f
  U9814/CO (FA1OPTCD2BWP40P140)                           0.02       1.08 f
  U9432/CO (FA1OPTCD2BWP40P140)                           0.02       1.11 f
  U9235/S (FA1OPTCD1BWP40P140)                            0.05       1.15 r
  U457/ZN (AOI21D1BWP40P140)                              0.02       1.17 f
  U9300/ZN (XNR2UD1BWP40P140)                             0.02       1.20 f
  U9301/ZN (NR4D0BWP40P140)                               0.03       1.22 r
  U9601/ZN (ND4D1BWP40P140)                               0.02       1.25 f
  U9745/ZN (NR4D0BWP40P140)                               0.02       1.27 r
  U9876/ZN (AOI31D1BWP40P140)                             0.02       1.29 f
  U9877/ZN (AOI211D1BWP40P140)                            0.03       1.32 r
  U9878/ZN (OAI211D1BWP40P140)                            0.02       1.34 f
  U9879/ZN (OAI211D1BWP40P140)                            0.02       1.36 r
  U9880/ZN (IOA21D1BWP40P140)                             0.02       1.38 f
  u_core/ex_mem_mispredict_r_reg/D (DFQD1BWP40P140)       0.00       1.38 f
  data arrival time                                                  1.38

  clock clk (rise edge)                                   1.43       1.43
  clock network delay (ideal)                             0.00       1.43
  clock uncertainty                                      -0.05       1.38
  u_core/ex_mem_mispredict_r_reg/CP (DFQD1BWP40P140)      0.00       1.38 r
  library setup time                                      0.00       1.38
  data required time                                                 1.38
  --------------------------------------------------------------------------
  data required time                                                 1.38
  data arrival time                                                 -1.38
  --------------------------------------------------------------------------
  slack (MET)                                                        0.00


  Startpoint: u_core/u_div/divisor_reg[0]
              (rising edge-triggered flip-flop clocked by clk)
  Endpoint: u_core/u_div/remainder_reg[3]
            (rising edge-triggered flip-flop clocked by clk)
  Path Group: clk
  Path Type: max

  Des/Clust/Port     Wire Load Model       Library
  ------------------------------------------------
  rfu                ZeroWireload          tcbn28hpcplusbwp40p140tt0p9v25c
  bp                 ZeroWireload          tcbn28hpcplusbwp40p140tt0p9v25c
  cpu_m1_top         ZeroWireload          tcbn28hpcplusbwp40p140tt0p9v25c

  Point                                                   Incr       Path
  --------------------------------------------------------------------------
  clock clk (rise edge)                                   0.00       0.00
  clock network delay (ideal)                             0.00       0.00
  u_core/u_div/divisor_reg[0]/CP (DFQD4BWP40P140)         0.00 #     0.00 r
  u_core/u_div/divisor_reg[0]/Q (DFQD4BWP40P140)          0.05       0.05 f
  U758/ZN (INVD1BWP40P140)                                0.01       0.06 r
  U350/ZN (NR2D3BWP40P140)                                0.01       0.07 f
  U760/ZN (MAOI222D4BWP40P140)                            0.02       0.09 r
  U761/ZN (INVD2BWP40P140)                                0.01       0.10 f
  U452/ZN (MAOI222D1BWP40P140)                            0.03       0.14 r
  U762/ZN (MAOI222D4BWP40P140)                            0.04       0.17 f
  U763/ZN (MAOI222D4BWP40P140)                            0.03       0.20 r
  U764/ZN (MAOI222D1BWP40P140)                            0.04       0.24 f
  U766/ZN (MAOI222D2BWP40P140)                            0.03       0.28 r
  U767/ZN (MAOI222D1BWP40P140)                            0.05       0.33 f
  U769/ZN (MAOI222D2BWP40P140)                            0.03       0.36 r
  U770/ZN (MAOI222D2BWP40P140)                            0.04       0.40 f
  U772/ZN (MAOI222D2BWP40P140)                            0.04       0.44 r
  U773/ZN (MAOI222D4BWP40P140)                            0.04       0.47 f
  U775/ZN (MAOI222D2BWP40P140)                            0.03       0.50 r
  U776/ZN (MAOI222D1BWP40P140)                            0.04       0.55 f
  U778/ZN (MAOI222D2BWP40P140)                            0.04       0.59 r
  U779/ZN (MAOI222D2BWP40P140)                            0.04       0.63 f
  U781/ZN (MAOI222D2BWP40P140)                            0.03       0.66 r
  U782/ZN (MAOI222D1BWP40P140)                            0.04       0.70 f
  U307/ZN (MAOI222D1BWP40P140)                            0.04       0.74 r
  U784/ZN (MAOI222D2BWP40P140)                            0.04       0.78 f
  U786/ZN (MAOI222D2BWP40P140)                            0.04       0.81 r
  U787/ZN (MAOI222D2BWP40P140)                            0.04       0.85 f
  U789/ZN (MAOI222D2BWP40P140)                            0.03       0.89 r
  U790/ZN (MAOI222D1BWP40P140)                            0.05       0.93 f
  U792/ZN (MAOI222D2BWP40P140)                            0.03       0.97 r
  U453/ZN (MAOI222D1BWP40P140)                            0.05       1.01 f
  U794/ZN (MAOI222D2BWP40P140)                            0.03       1.05 r
  U795/ZN (MAOI222D1BWP40P140)                            0.04       1.09 f
  U796/ZN (MAOI222D1BWP40P140)                            0.04       1.13 r
  U797/ZN (MAOI222D1BWP40P140)                            0.03       1.16 f
  U798/ZN (CKND1BWP40P140)                                0.02       1.18 r
  U802/ZN (MAOI222D1BWP40P140)                            0.03       1.21 f
  U803/ZN (MAOI222D1BWP40P140)                            0.03       1.24 r
  U804/Z (MUX2D2BWP40P140)                                0.04       1.28 r
  U805/ZN (INVD8BWP40P140)                                0.02       1.29 f
  U3712/ZN (AOI221D1BWP40P140)                            0.03       1.32 r
  U3713/ZN (MUX2NUD1BWP40P140)                            0.01       1.34 f
  U3714/ZN (OAI22D0BWP40P140)                             0.02       1.36 r
  u_core/u_div/remainder_reg[3]/D (DFQD1BWP40P140)        0.00       1.36 r
  data arrival time                                                  1.36

  clock clk (rise edge)                                   1.43       1.43
  clock network delay (ideal)                             0.00       1.43
  clock uncertainty                                      -0.05       1.38
  u_core/u_div/remainder_reg[3]/CP (DFQD1BWP40P140)       0.00       1.38 r
  library setup time                                     -0.02       1.36
  data required time                                                 1.36
  --------------------------------------------------------------------------
  data required time                                                 1.36
  data arrival time                                                 -1.36
  --------------------------------------------------------------------------
  slack (MET)                                                        0.00


  Startpoint: u_core/u_ifu/pc_reg_reg[1]
              (rising edge-triggered flip-flop clocked by clk)
  Endpoint: ibus_addr[30]
            (output port clocked by clk)
  Path Group: clk
  Path Type: max

  Des/Clust/Port     Wire Load Model       Library
  ------------------------------------------------
  rfu                ZeroWireload          tcbn28hpcplusbwp40p140tt0p9v25c
  bp                 ZeroWireload          tcbn28hpcplusbwp40p140tt0p9v25c
  cpu_m1_top         ZeroWireload          tcbn28hpcplusbwp40p140tt0p9v25c

  Point                                                   Incr       Path
  --------------------------------------------------------------------------
  clock clk (rise edge)                                   0.00       0.00
  clock network delay (ideal)                             0.00       0.00
  u_core/u_ifu/pc_reg_reg[1]/CP (DFQD4BWP40P140)          0.00 #     0.00 r
  u_core/u_ifu/pc_reg_reg[1]/Q (DFQD4BWP40P140)           0.06       0.06 f
  u_core/u_bp/if_pc[1] (bp)                               0.00       0.06 f
  u_core/u_bp/U29/ZN (INR2D1BWP40P140)                    0.03       0.09 f
  u_core/u_bp/U19/ZN (INR2D1BWP40P140)                    0.03       0.11 f
  u_core/u_bp/U9/Z (CKBD1BWP40P140)                       0.06       0.18 f
  u_core/u_bp/U2317/ZN (AOI22D1BWP40P140)                 0.03       0.21 r
  u_core/u_bp/U2321/ZN (ND4D0BWP40P140)                   0.03       0.24 f
  u_core/u_bp/U2341/ZN (NR4D0BWP40P140)                   0.03       0.27 r
  u_core/u_bp/U2342/Z (XOR2UD1BWP40P140)                  0.01       0.28 f
  u_core/u_bp/U2373/ZN (ND2D1BWP40P140)                   0.01       0.29 r
  u_core/u_bp/U2439/ZN (NR4D0BWP40P140)                   0.02       0.31 f
  u_core/u_bp/U2440/ZN (ND3D1P5BWP40P140)                 0.02       0.33 r
  u_core/u_bp/U2441/Z (BUFFD4BWP40P140)                   0.02       0.35 r
  u_core/u_bp/U2482/ZN (NR2D1BWP40P140)                   0.01       0.36 f
  u_core/u_bp/U2483/Z (BUFFD2BWP40P140)                   0.04       0.40 f
  u_core/u_bp/U4239/ZN (AOI22D1BWP40P140)                 0.02       0.42 r
  u_core/u_bp/U4241/ZN (ND4D0BWP40P140)                   0.03       0.45 f
  u_core/u_bp/U4882/Z (OR4D1BWP40P140)                    0.05       0.50 f
  u_core/u_bp/bp_predict_taken (bp)                       0.00       0.50 f
  U3622/ZN (NR4D1BWP40P140)                               0.02       0.52 r
  U322/ZN (CKND2D2BWP40P140)                              0.01       0.53 f
  U3624/ZN (ND2OPTPAD2BWP40P140)                          0.01       0.54 r
  U320/CO (HA1D1BWP40P140)                                0.03       0.57 r
  U10499/CO (FA1D2BWP40P140)                              0.03       0.60 r
  U7235/CO (HA1D2BWP40P140)                               0.03       0.62 r
  U3631/ZN (INVD2BWP40P140)                               0.01       0.63 f
  U3632/ZN (NR2OPTPAD2BWP40P140)                          0.01       0.64 r
  U11329/CO (HA1D4BWP40P140)                              0.02       0.67 r
  U11334/CO (HA1D4BWP40P140)                              0.02       0.69 r
  U7701/CO (HA1D4BWP40P140)                               0.02       0.71 r
  U3633/ZN (ND2OPTPAD2BWP40P140)                          0.01       0.72 f
  U3634/ZN (INVD2BWP40P140)                               0.01       0.73 r
  U11013/CO (HA1D4BWP40P140)                              0.02       0.75 r
  U11061/CO (HA1D4BWP40P140)                              0.02       0.77 r
  U8441/CO (HA1D4BWP40P140)                               0.02       0.79 r
  U396/Z (CKAN2D1BWP40P140)                               0.02       0.82 r
  U11067/CO (HA1D2BWP40P140)                              0.03       0.84 r
  U11071/CO (HA1D4BWP40P140)                              0.02       0.87 r
  U8611/CO (HA1D4BWP40P140)                               0.02       0.89 r
  U3635/ZN (ND2OPTIBD2BWP40P140)                          0.01       0.90 f
  U3636/ZN (INVD2BWP40P140)                               0.01       0.91 r
  U11077/CO (HA1D2BWP40P140)                              0.03       0.93 r
  U11081/CO (HA1D4BWP40P140)                              0.02       0.96 r
  U8665/CO (HA1D4BWP40P140)                               0.02       0.98 r
  U3637/ZN (ND2OPTPAD2BWP40P140)                          0.01       0.99 f
  U3638/ZN (INVD2BWP40P140)                               0.01       1.00 r
  U11087/CO (HA1D4BWP40P140)                              0.02       1.02 r
  U11091/CO (HA1D4BWP40P140)                              0.02       1.04 r
  U8719/CO (HA1D4BWP40P140)                               0.02       1.06 r
  U3639/ZN (ND2OPTPAD2BWP40P140)                          0.01       1.07 f
  U3640/ZN (INVD2BWP40P140)                               0.01       1.08 r
  U3641/ZN (INR2D4BWP40P140)                              0.02       1.10 r
  U468/CO (HA1D1BWP40P140)                                0.03       1.13 r
  U8796/CO (HA1D4BWP40P140)                               0.02       1.15 r
  U11097/CO (HA1D4BWP40P140)                              0.02       1.17 r
  U3642/ZN (ND2OPTPAD2BWP40P140)                          0.01       1.18 f
  U3643/ZN (INVD2BWP40P140)                               0.01       1.19 r
  U469/S (HA1D1BWP40P140)                                 0.03       1.22 f
  U3644/ZN (AOI222D2BWP40P140)                            0.04       1.26 r
  U3645/ZN (INVD3BWP40P140)                               0.02       1.28 f
  ibus_addr[30] (out)                                     0.00       1.28 f
  data arrival time                                                  1.28

  clock clk (rise edge)                                   1.43       1.43
  clock network delay (ideal)                             0.00       1.43
  clock uncertainty                                      -0.05       1.38
  output external delay                                  -0.10       1.28
  data required time                                                 1.28
  --------------------------------------------------------------------------
  data required time                                                 1.28
  data arrival time                                                 -1.28
  --------------------------------------------------------------------------
  slack (MET)                                                        0.00


  Startpoint: u_core/u_ifu/pc_reg_reg[1]
              (rising edge-triggered flip-flop clocked by clk)
  Endpoint: ibus_addr[30]
            (output port clocked by clk)
  Path Group: clk
  Path Type: max

  Des/Clust/Port     Wire Load Model       Library
  ------------------------------------------------
  rfu                ZeroWireload          tcbn28hpcplusbwp40p140tt0p9v25c
  bp                 ZeroWireload          tcbn28hpcplusbwp40p140tt0p9v25c
  cpu_m1_top         ZeroWireload          tcbn28hpcplusbwp40p140tt0p9v25c

  Point                                                   Incr       Path
  --------------------------------------------------------------------------
  clock clk (rise edge)                                   0.00       0.00
  clock network delay (ideal)                             0.00       0.00
  u_core/u_ifu/pc_reg_reg[1]/CP (DFQD4BWP40P140)          0.00 #     0.00 r
  u_core/u_ifu/pc_reg_reg[1]/Q (DFQD4BWP40P140)           0.06       0.06 f
  u_core/u_bp/if_pc[1] (bp)                               0.00       0.06 f
  u_core/u_bp/U29/ZN (INR2D1BWP40P140)                    0.03       0.09 f
  u_core/u_bp/U19/ZN (INR2D1BWP40P140)                    0.03       0.11 f
  u_core/u_bp/U9/Z (CKBD1BWP40P140)                       0.06       0.18 f
  u_core/u_bp/U2317/ZN (AOI22D1BWP40P140)                 0.03       0.21 r
  u_core/u_bp/U2321/ZN (ND4D0BWP40P140)                   0.03       0.24 f
  u_core/u_bp/U2341/ZN (NR4D0BWP40P140)                   0.03       0.27 r
  u_core/u_bp/U2342/Z (XOR2UD1BWP40P140)                  0.01       0.28 f
  u_core/u_bp/U2373/ZN (ND2D1BWP40P140)                   0.01       0.29 r
  u_core/u_bp/U2439/ZN (NR4D0BWP40P140)                   0.02       0.31 f
  u_core/u_bp/U2440/ZN (ND3D1P5BWP40P140)                 0.02       0.33 r
  u_core/u_bp/U2442/Z (BUFFD4BWP40P140)                   0.02       0.35 r
  u_core/u_bp/U2452/ZN (NR2D2BWP40P140)                   0.03       0.38 f
  u_core/u_bp/U4880/ZN (AOI22D1BWP40P140)                 0.02       0.41 r
  u_core/u_bp/U4881/Z (AN4D2BWP40P140)                    0.05       0.46 r
  u_core/u_bp/U33/ZN (IOA21D1BWP40P140)                   0.01       0.47 f
  u_core/u_bp/U4882/Z (OR4D1BWP40P140)                    0.03       0.50 f
  u_core/u_bp/bp_predict_taken (bp)                       0.00       0.50 f
  U3622/ZN (NR4D1BWP40P140)                               0.02       0.52 r
  U322/ZN (CKND2D2BWP40P140)                              0.01       0.53 f
  U3624/ZN (ND2OPTPAD2BWP40P140)                          0.01       0.54 r
  U320/CO (HA1D1BWP40P140)                                0.03       0.57 r
  U10499/CO (FA1D2BWP40P140)                              0.03       0.60 r
  U7235/CO (HA1D2BWP40P140)                               0.03       0.62 r
  U3631/ZN (INVD2BWP40P140)                               0.01       0.63 f
  U3632/ZN (NR2OPTPAD2BWP40P140)                          0.01       0.64 r
  U11329/CO (HA1D4BWP40P140)                              0.02       0.67 r
  U11334/CO (HA1D4BWP40P140)                              0.02       0.69 r
  U7701/CO (HA1D4BWP40P140)                               0.02       0.71 r
  U3633/ZN (ND2OPTPAD2BWP40P140)                          0.01       0.72 f
  U3634/ZN (INVD2BWP40P140)                               0.01       0.73 r
  U11013/CO (HA1D4BWP40P140)                              0.02       0.75 r
  U11061/CO (HA1D4BWP40P140)                              0.02       0.77 r
  U8441/CO (HA1D4BWP40P140)                               0.02       0.79 r
  U396/Z (CKAN2D1BWP40P140)                               0.02       0.82 r
  U11067/CO (HA1D2BWP40P140)                              0.03       0.84 r
  U11071/CO (HA1D4BWP40P140)                              0.02       0.87 r
  U8611/CO (HA1D4BWP40P140)                               0.02       0.89 r
  U3635/ZN (ND2OPTIBD2BWP40P140)                          0.01       0.90 f
  U3636/ZN (INVD2BWP40P140)                               0.01       0.91 r
  U11077/CO (HA1D2BWP40P140)                              0.03       0.93 r
  U11081/CO (HA1D4BWP40P140)                              0.02       0.96 r
  U8665/CO (HA1D4BWP40P140)                               0.02       0.98 r
  U3637/ZN (ND2OPTPAD2BWP40P140)                          0.01       0.99 f
  U3638/ZN (INVD2BWP40P140)                               0.01       1.00 r
  U11087/CO (HA1D4BWP40P140)                              0.02       1.02 r
  U11091/CO (HA1D4BWP40P140)                              0.02       1.04 r
  U8719/CO (HA1D4BWP40P140)                               0.02       1.06 r
  U3639/ZN (ND2OPTPAD2BWP40P140)                          0.01       1.07 f
  U3640/ZN (INVD2BWP40P140)                               0.01       1.08 r
  U3641/ZN (INR2D4BWP40P140)                              0.02       1.10 r
  U468/CO (HA1D1BWP40P140)                                0.03       1.13 r
  U8796/CO (HA1D4BWP40P140)                               0.02       1.15 r
  U11097/CO (HA1D4BWP40P140)                              0.02       1.17 r
  U3642/ZN (ND2OPTPAD2BWP40P140)                          0.01       1.18 f
  U3643/ZN (INVD2BWP40P140)                               0.01       1.19 r
  U469/S (HA1D1BWP40P140)                                 0.03       1.22 f
  U3644/ZN (AOI222D2BWP40P140)                            0.04       1.26 r
  U3645/ZN (INVD3BWP40P140)                               0.02       1.28 f
  ibus_addr[30] (out)                                     0.00       1.28 f
  data arrival time                                                  1.28

  clock clk (rise edge)                                   1.43       1.43
  clock network delay (ideal)                             0.00       1.43
  clock uncertainty                                      -0.05       1.38
  output external delay                                  -0.10       1.28
  data required time                                                 1.28
  --------------------------------------------------------------------------
  data required time                                                 1.28
  data arrival time                                                 -1.28
  --------------------------------------------------------------------------
  slack (MET)                                                        0.00


  Startpoint: u_core/u_ifu/pc_reg_reg[1]
              (rising edge-triggered flip-flop clocked by clk)
  Endpoint: ibus_addr[30]
            (output port clocked by clk)
  Path Group: clk
  Path Type: max

  Des/Clust/Port     Wire Load Model       Library
  ------------------------------------------------
  rfu                ZeroWireload          tcbn28hpcplusbwp40p140tt0p9v25c
  bp                 ZeroWireload          tcbn28hpcplusbwp40p140tt0p9v25c
  cpu_m1_top         ZeroWireload          tcbn28hpcplusbwp40p140tt0p9v25c

  Point                                                   Incr       Path
  --------------------------------------------------------------------------
  clock clk (rise edge)                                   0.00       0.00
  clock network delay (ideal)                             0.00       0.00
  u_core/u_ifu/pc_reg_reg[1]/CP (DFQD4BWP40P140)          0.00 #     0.00 r
  u_core/u_ifu/pc_reg_reg[1]/Q (DFQD4BWP40P140)           0.06       0.06 f
  u_core/u_bp/if_pc[1] (bp)                               0.00       0.06 f
  u_core/u_bp/U29/ZN (INR2D1BWP40P140)                    0.03       0.09 f
  u_core/u_bp/U19/ZN (INR2D1BWP40P140)                    0.03       0.11 f
  u_core/u_bp/U9/Z (CKBD1BWP40P140)                       0.06       0.18 f
  u_core/u_bp/U2317/ZN (AOI22D1BWP40P140)                 0.03       0.21 r
  u_core/u_bp/U2321/ZN (ND4D0BWP40P140)                   0.03       0.24 f
  u_core/u_bp/U2341/ZN (NR4D0BWP40P140)                   0.03       0.27 r
  u_core/u_bp/U2342/Z (XOR2UD1BWP40P140)                  0.01       0.28 f
  u_core/u_bp/U2373/ZN (ND2D1BWP40P140)                   0.01       0.29 r
  u_core/u_bp/U2439/ZN (NR4D0BWP40P140)                   0.02       0.31 f
  u_core/u_bp/U2440/ZN (ND3D1P5BWP40P140)                 0.02       0.33 r
  u_core/u_bp/U2442/Z (BUFFD4BWP40P140)                   0.02       0.35 r
  u_core/u_bp/U2452/ZN (NR2D2BWP40P140)                   0.03       0.38 f
  u_core/u_bp/U4880/ZN (AOI22D1BWP40P140)                 0.02       0.41 r
  u_core/u_bp/U4881/Z (AN4D2BWP40P140)                    0.05       0.46 r
  u_core/u_bp/U33/ZN (IOA21D1BWP40P140)                   0.01       0.47 f
  u_core/u_bp/U4882/Z (OR4D1BWP40P140)                    0.03       0.50 f
  u_core/u_bp/bp_predict_taken (bp)                       0.00       0.50 f
  U3622/ZN (NR4D1BWP40P140)                               0.02       0.52 r
  U322/ZN (CKND2D2BWP40P140)                              0.01       0.53 f
  U3624/ZN (ND2OPTPAD2BWP40P140)                          0.01       0.54 r
  U320/CO (HA1D1BWP40P140)                                0.03       0.57 r
  U10499/CO (FA1D2BWP40P140)                              0.03       0.60 r
  U7235/CO (HA1D2BWP40P140)                               0.03       0.62 r
  U3631/ZN (INVD2BWP40P140)                               0.01       0.63 f
  U3632/ZN (NR2OPTPAD2BWP40P140)                          0.01       0.64 r
  U11329/CO (HA1D4BWP40P140)                              0.02       0.67 r
  U11334/CO (HA1D4BWP40P140)                              0.02       0.69 r
  U7701/CO (HA1D4BWP40P140)                               0.02       0.71 r
  U3633/ZN (ND2OPTPAD2BWP40P140)                          0.01       0.72 f
  U3634/ZN (INVD2BWP40P140)                               0.01       0.73 r
  U11013/CO (HA1D4BWP40P140)                              0.02       0.75 r
  U11061/CO (HA1D4BWP40P140)                              0.02       0.77 r
  U8441/CO (HA1D4BWP40P140)                               0.02       0.79 r
  U396/Z (CKAN2D1BWP40P140)                               0.02       0.82 r
  U11067/CO (HA1D2BWP40P140)                              0.03       0.84 r
  U11071/CO (HA1D4BWP40P140)                              0.02       0.87 r
  U8611/CO (HA1D4BWP40P140)                               0.02       0.89 r
  U3635/ZN (ND2OPTIBD2BWP40P140)                          0.01       0.90 f
  U3636/ZN (INVD2BWP40P140)                               0.01       0.91 r
  U11077/CO (HA1D2BWP40P140)                              0.03       0.93 r
  U11081/CO (HA1D4BWP40P140)                              0.02       0.96 r
  U8665/CO (HA1D4BWP40P140)                               0.02       0.98 r
  U3637/ZN (ND2OPTPAD2BWP40P140)                          0.01       0.99 f
  U3638/ZN (INVD2BWP40P140)                               0.01       1.00 r
  U11087/CO (HA1D4BWP40P140)                              0.02       1.02 r
  U11091/CO (HA1D4BWP40P140)                              0.02       1.04 r
  U8719/CO (HA1D4BWP40P140)                               0.02       1.06 r
  U3639/ZN (ND2OPTPAD2BWP40P140)                          0.01       1.07 f
  U3640/ZN (INVD2BWP40P140)                               0.01       1.08 r
  U3641/ZN (INR2D4BWP40P140)                              0.02       1.10 r
  U468/CO (HA1D1BWP40P140)                                0.03       1.13 r
  U8796/CO (HA1D4BWP40P140)                               0.02       1.15 r
  U11097/CO (HA1D4BWP40P140)                              0.02       1.17 r
  U3642/ZN (ND2OPTPAD2BWP40P140)                          0.01       1.18 f
  U3643/ZN (INVD2BWP40P140)                               0.01       1.19 r
  U469/S (HA1D1BWP40P140)                                 0.03       1.22 f
  U3644/ZN (AOI222D2BWP40P140)                            0.04       1.26 r
  U3645/ZN (INVD3BWP40P140)                               0.02       1.28 f
  ibus_addr[30] (out)                                     0.00       1.28 f
  data arrival time                                                  1.28

  clock clk (rise edge)                                   1.43       1.43
  clock network delay (ideal)                             0.00       1.43
  clock uncertainty                                      -0.05       1.38
  output external delay                                  -0.10       1.28
  data required time                                                 1.28
  --------------------------------------------------------------------------
  data required time                                                 1.28
  data arrival time                                                 -1.28
  --------------------------------------------------------------------------
  slack (MET)                                                        0.00


  Startpoint: u_core/u_ifu/pc_reg_reg[1]
              (rising edge-triggered flip-flop clocked by clk)
  Endpoint: ibus_addr[30]
            (output port clocked by clk)
  Path Group: clk
  Path Type: max

  Des/Clust/Port     Wire Load Model       Library
  ------------------------------------------------
  rfu                ZeroWireload          tcbn28hpcplusbwp40p140tt0p9v25c
  bp                 ZeroWireload          tcbn28hpcplusbwp40p140tt0p9v25c
  cpu_m1_top         ZeroWireload          tcbn28hpcplusbwp40p140tt0p9v25c

  Point                                                   Incr       Path
  --------------------------------------------------------------------------
  clock clk (rise edge)                                   0.00       0.00
  clock network delay (ideal)                             0.00       0.00
  u_core/u_ifu/pc_reg_reg[1]/CP (DFQD4BWP40P140)          0.00 #     0.00 r
  u_core/u_ifu/pc_reg_reg[1]/Q (DFQD4BWP40P140)           0.06       0.06 f
  u_core/u_bp/if_pc[1] (bp)                               0.00       0.06 f
  u_core/u_bp/U29/ZN (INR2D1BWP40P140)                    0.03       0.09 f
  u_core/u_bp/U19/ZN (INR2D1BWP40P140)                    0.03       0.11 f
  u_core/u_bp/U9/Z (CKBD1BWP40P140)                       0.06       0.18 f
  u_core/u_bp/U2317/ZN (AOI22D1BWP40P140)                 0.03       0.21 r
  u_core/u_bp/U2321/ZN (ND4D0BWP40P140)                   0.03       0.24 f
  u_core/u_bp/U2341/ZN (NR4D0BWP40P140)                   0.03       0.27 r
  u_core/u_bp/U2342/Z (XOR2UD1BWP40P140)                  0.01       0.28 f
  u_core/u_bp/U2373/ZN (ND2D1BWP40P140)                   0.01       0.29 r
  u_core/u_bp/U2439/ZN (NR4D0BWP40P140)                   0.02       0.31 f
  u_core/u_bp/U2440/ZN (ND3D1P5BWP40P140)                 0.02       0.33 r
  u_core/u_bp/U2442/Z (BUFFD4BWP40P140)                   0.02       0.35 r
  u_core/u_bp/U2452/ZN (NR2D2BWP40P140)                   0.03       0.38 f
  u_core/u_bp/U4880/ZN (AOI22D1BWP40P140)                 0.02       0.41 r
  u_core/u_bp/U4881/Z (AN4D2BWP40P140)                    0.05       0.46 r
  u_core/u_bp/U33/ZN (IOA21D1BWP40P140)                   0.01       0.47 f
  u_core/u_bp/U4882/Z (OR4D1BWP40P140)                    0.03       0.50 f
  u_core/u_bp/bp_predict_taken (bp)                       0.00       0.50 f
  U3622/ZN (NR4D1BWP40P140)                               0.02       0.52 r
  U322/ZN (CKND2D2BWP40P140)                              0.01       0.53 f
  U3624/ZN (ND2OPTPAD2BWP40P140)                          0.01       0.54 r
  U320/CO (HA1D1BWP40P140)                                0.03       0.57 r
  U10499/CO (FA1D2BWP40P140)                              0.03       0.60 r
  U7235/CO (HA1D2BWP40P140)                               0.03       0.62 r
  U3631/ZN (INVD2BWP40P140)                               0.01       0.63 f
  U3632/ZN (NR2OPTPAD2BWP40P140)                          0.01       0.64 r
  U11329/CO (HA1D4BWP40P140)                              0.02       0.67 r
  U11334/CO (HA1D4BWP40P140)                              0.02       0.69 r
  U7701/CO (HA1D4BWP40P140)                               0.02       0.71 r
  U3633/ZN (ND2OPTPAD2BWP40P140)                          0.01       0.72 f
  U3634/ZN (INVD2BWP40P140)                               0.01       0.73 r
  U11013/CO (HA1D4BWP40P140)                              0.02       0.75 r
  U11061/CO (HA1D4BWP40P140)                              0.02       0.77 r
  U8441/CO (HA1D4BWP40P140)                               0.02       0.79 r
  U396/Z (CKAN2D1BWP40P140)                               0.02       0.82 r
  U11067/CO (HA1D2BWP40P140)                              0.03       0.84 r
  U11071/CO (HA1D4BWP40P140)                              0.02       0.87 r
  U8611/CO (HA1D4BWP40P140)                               0.02       0.89 r
  U3635/ZN (ND2OPTIBD2BWP40P140)                          0.01       0.90 f
  U3636/ZN (INVD2BWP40P140)                               0.01       0.91 r
  U11077/CO (HA1D2BWP40P140)                              0.03       0.93 r
  U11081/CO (HA1D4BWP40P140)                              0.02       0.96 r
  U8665/CO (HA1D4BWP40P140)                               0.02       0.98 r
  U3637/ZN (ND2OPTPAD2BWP40P140)                          0.01       0.99 f
  U3638/ZN (INVD2BWP40P140)                               0.01       1.00 r
  U11087/CO (HA1D4BWP40P140)                              0.02       1.02 r
  U11091/CO (HA1D4BWP40P140)                              0.02       1.04 r
  U8719/CO (HA1D4BWP40P140)                               0.02       1.06 r
  U3639/ZN (ND2OPTPAD2BWP40P140)                          0.01       1.07 f
  U3640/ZN (INVD2BWP40P140)                               0.01       1.08 r
  U3641/ZN (INR2D4BWP40P140)                              0.02       1.10 r
  U468/CO (HA1D1BWP40P140)                                0.03       1.13 r
  U8796/CO (HA1D4BWP40P140)                               0.02       1.15 r
  U11097/CO (HA1D4BWP40P140)                              0.02       1.17 r
  U3642/ZN (ND2OPTPAD2BWP40P140)                          0.01       1.18 f
  U3643/ZN (INVD2BWP40P140)                               0.01       1.19 r
  U469/S (HA1D1BWP40P140)                                 0.03       1.22 f
  U3644/ZN (AOI222D2BWP40P140)                            0.04       1.26 r
  U3645/ZN (INVD3BWP40P140)                               0.02       1.28 f
  ibus_addr[30] (out)                                     0.00       1.28 f
  data arrival time                                                  1.28

  clock clk (rise edge)                                   1.43       1.43
  clock network delay (ideal)                             0.00       1.43
  clock uncertainty                                      -0.05       1.38
  output external delay                                  -0.10       1.28
  data required time                                                 1.28
  --------------------------------------------------------------------------
  data required time                                                 1.28
  data arrival time                                                 -1.28
  --------------------------------------------------------------------------
  slack (MET)                                                        0.00


  Startpoint: u_core/u_ifu/pc_reg_reg[1]
              (rising edge-triggered flip-flop clocked by clk)
  Endpoint: ibus_addr[30]
            (output port clocked by clk)
  Path Group: clk
  Path Type: max

  Des/Clust/Port     Wire Load Model       Library
  ------------------------------------------------
  rfu                ZeroWireload          tcbn28hpcplusbwp40p140tt0p9v25c
  bp                 ZeroWireload          tcbn28hpcplusbwp40p140tt0p9v25c
  cpu_m1_top         ZeroWireload          tcbn28hpcplusbwp40p140tt0p9v25c

  Point                                                   Incr       Path
  --------------------------------------------------------------------------
  clock clk (rise edge)                                   0.00       0.00
  clock network delay (ideal)                             0.00       0.00
  u_core/u_ifu/pc_reg_reg[1]/CP (DFQD4BWP40P140)          0.00 #     0.00 r
  u_core/u_ifu/pc_reg_reg[1]/Q (DFQD4BWP40P140)           0.06       0.06 f
  u_core/u_bp/if_pc[1] (bp)                               0.00       0.06 f
  u_core/u_bp/U29/ZN (INR2D1BWP40P140)                    0.03       0.09 f
  u_core/u_bp/U19/ZN (INR2D1BWP40P140)                    0.03       0.11 f
  u_core/u_bp/U9/Z (CKBD1BWP40P140)                       0.06       0.18 f
  u_core/u_bp/U2374/ZN (AOI22D1BWP40P140)                 0.03       0.21 r
  u_core/u_bp/U2378/ZN (ND4D0BWP40P140)                   0.03       0.24 f
  u_core/u_bp/U2403/ZN (NR4D0BWP40P140)                   0.03       0.27 r
  u_core/u_bp/U2404/Z (XOR2UD1BWP40P140)                  0.01       0.28 f
  u_core/u_bp/U2438/ZN (ND2OPTIBD1BWP40P140)              0.01       0.29 r
  u_core/u_bp/U2439/ZN (NR4D0BWP40P140)                   0.02       0.31 f
  u_core/u_bp/U2440/ZN (ND3D1P5BWP40P140)                 0.02       0.33 r
  u_core/u_bp/U2441/Z (BUFFD4BWP40P140)                   0.02       0.35 r
  u_core/u_bp/U2482/ZN (NR2D1BWP40P140)                   0.01       0.36 f
  u_core/u_bp/U2483/Z (BUFFD2BWP40P140)                   0.04       0.40 f
  u_core/u_bp/U4239/ZN (AOI22D1BWP40P140)                 0.02       0.42 r
  u_core/u_bp/U4241/ZN (ND4D0BWP40P140)                   0.03       0.45 f
  u_core/u_bp/U4882/Z (OR4D1BWP40P140)                    0.05       0.50 f
  u_core/u_bp/bp_predict_taken (bp)                       0.00       0.50 f
  U3622/ZN (NR4D1BWP40P140)                               0.02       0.52 r
  U322/ZN (CKND2D2BWP40P140)                              0.01       0.53 f
  U3624/ZN (ND2OPTPAD2BWP40P140)                          0.01       0.54 r
  U320/CO (HA1D1BWP40P140)                                0.03       0.57 r
  U10499/CO (FA1D2BWP40P140)                              0.03       0.60 r
  U7235/CO (HA1D2BWP40P140)                               0.03       0.62 r
  U3631/ZN (INVD2BWP40P140)                               0.01       0.63 f
  U3632/ZN (NR2OPTPAD2BWP40P140)                          0.01       0.64 r
  U11329/CO (HA1D4BWP40P140)                              0.02       0.67 r
  U11334/CO (HA1D4BWP40P140)                              0.02       0.69 r
  U7701/CO (HA1D4BWP40P140)                               0.02       0.71 r
  U3633/ZN (ND2OPTPAD2BWP40P140)                          0.01       0.72 f
  U3634/ZN (INVD2BWP40P140)                               0.01       0.73 r
  U11013/CO (HA1D4BWP40P140)                              0.02       0.75 r
  U11061/CO (HA1D4BWP40P140)                              0.02       0.77 r
  U8441/CO (HA1D4BWP40P140)                               0.02       0.79 r
  U396/Z (CKAN2D1BWP40P140)                               0.02       0.82 r
  U11067/CO (HA1D2BWP40P140)                              0.03       0.84 r
  U11071/CO (HA1D4BWP40P140)                              0.02       0.87 r
  U8611/CO (HA1D4BWP40P140)                               0.02       0.89 r
  U3635/ZN (ND2OPTIBD2BWP40P140)                          0.01       0.90 f
  U3636/ZN (INVD2BWP40P140)                               0.01       0.91 r
  U11077/CO (HA1D2BWP40P140)                              0.03       0.93 r
  U11081/CO (HA1D4BWP40P140)                              0.02       0.96 r
  U8665/CO (HA1D4BWP40P140)                               0.02       0.98 r
  U3637/ZN (ND2OPTPAD2BWP40P140)                          0.01       0.99 f
  U3638/ZN (INVD2BWP40P140)                               0.01       1.00 r
  U11087/CO (HA1D4BWP40P140)                              0.02       1.02 r
  U11091/CO (HA1D4BWP40P140)                              0.02       1.04 r
  U8719/CO (HA1D4BWP40P140)                               0.02       1.06 r
  U3639/ZN (ND2OPTPAD2BWP40P140)                          0.01       1.07 f
  U3640/ZN (INVD2BWP40P140)                               0.01       1.08 r
  U3641/ZN (INR2D4BWP40P140)                              0.02       1.10 r
  U468/CO (HA1D1BWP40P140)                                0.03       1.13 r
  U8796/CO (HA1D4BWP40P140)                               0.02       1.15 r
  U11097/CO (HA1D4BWP40P140)                              0.02       1.17 r
  U3642/ZN (ND2OPTPAD2BWP40P140)                          0.01       1.18 f
  U3643/ZN (INVD2BWP40P140)                               0.01       1.19 r
  U469/S (HA1D1BWP40P140)                                 0.03       1.22 f
  U3644/ZN (AOI222D2BWP40P140)                            0.04       1.26 r
  U3645/ZN (INVD3BWP40P140)                               0.02       1.28 f
  ibus_addr[30] (out)                                     0.00       1.28 f
  data arrival time                                                  1.28

  clock clk (rise edge)                                   1.43       1.43
  clock network delay (ideal)                             0.00       1.43
  clock uncertainty                                      -0.05       1.38
  output external delay                                  -0.10       1.28
  data required time                                                 1.28
  --------------------------------------------------------------------------
  data required time                                                 1.28
  data arrival time                                                 -1.28
  --------------------------------------------------------------------------
  slack (MET)                                                        0.00


  Startpoint: u_core/u_div/divisor_reg[0]
              (rising edge-triggered flip-flop clocked by clk)
  Endpoint: u_core/u_div/remainder_reg[3]
            (rising edge-triggered flip-flop clocked by clk)
  Path Group: clk
  Path Type: max

  Des/Clust/Port     Wire Load Model       Library
  ------------------------------------------------
  rfu                ZeroWireload          tcbn28hpcplusbwp40p140tt0p9v25c
  bp                 ZeroWireload          tcbn28hpcplusbwp40p140tt0p9v25c
  cpu_m1_top         ZeroWireload          tcbn28hpcplusbwp40p140tt0p9v25c

  Point                                                   Incr       Path
  --------------------------------------------------------------------------
  clock clk (rise edge)                                   0.00       0.00
  clock network delay (ideal)                             0.00       0.00
  u_core/u_div/divisor_reg[0]/CP (DFQD4BWP40P140)         0.00 #     0.00 r
  u_core/u_div/divisor_reg[0]/Q (DFQD4BWP40P140)          0.05       0.05 f
  U758/ZN (INVD1BWP40P140)                                0.01       0.06 r
  U350/ZN (NR2D3BWP40P140)                                0.01       0.07 f
  U760/ZN (MAOI222D4BWP40P140)                            0.02       0.09 r
  U761/ZN (INVD2BWP40P140)                                0.01       0.10 f
  U452/ZN (MAOI222D1BWP40P140)                            0.03       0.14 r
  U762/ZN (MAOI222D4BWP40P140)                            0.04       0.17 f
  U763/ZN (MAOI222D4BWP40P140)                            0.03       0.20 r
  U764/ZN (MAOI222D1BWP40P140)                            0.04       0.24 f
  U766/ZN (MAOI222D2BWP40P140)                            0.03       0.28 r
  U767/ZN (MAOI222D1BWP40P140)                            0.05       0.33 f
  U769/ZN (MAOI222D2BWP40P140)                            0.03       0.36 r
  U770/ZN (MAOI222D2BWP40P140)                            0.04       0.40 f
  U772/ZN (MAOI222D2BWP40P140)                            0.04       0.44 r
  U773/ZN (MAOI222D4BWP40P140)                            0.04       0.47 f
  U775/ZN (MAOI222D2BWP40P140)                            0.03       0.50 r
  U776/ZN (MAOI222D1BWP40P140)                            0.04       0.55 f
  U778/ZN (MAOI222D2BWP40P140)                            0.04       0.59 r
  U779/ZN (MAOI222D2BWP40P140)                            0.04       0.63 f
  U781/ZN (MAOI222D2BWP40P140)                            0.03       0.66 r
  U782/ZN (MAOI222D1BWP40P140)                            0.04       0.70 f
  U307/ZN (MAOI222D1BWP40P140)                            0.04       0.74 r
  U784/ZN (MAOI222D2BWP40P140)                            0.04       0.78 f
  U786/ZN (MAOI222D2BWP40P140)                            0.04       0.81 r
  U787/ZN (MAOI222D2BWP40P140)                            0.04       0.85 f
  U789/ZN (MAOI222D2BWP40P140)                            0.03       0.89 r
  U790/ZN (MAOI222D1BWP40P140)                            0.05       0.93 f
  U792/ZN (MAOI222D2BWP40P140)                            0.03       0.97 r
  U453/ZN (MAOI222D1BWP40P140)                            0.05       1.01 f
  U794/ZN (MAOI222D2BWP40P140)                            0.03       1.05 r
  U795/ZN (MAOI222D1BWP40P140)                            0.04       1.09 f
  U796/ZN (MAOI222D1BWP40P140)                            0.04       1.13 r
  U797/ZN (MAOI222D1BWP40P140)                            0.03       1.16 f
  U798/ZN (CKND1BWP40P140)                                0.02       1.18 r
  U802/ZN (MAOI222D1BWP40P140)                            0.03       1.21 f
  U803/ZN (MAOI222D1BWP40P140)                            0.03       1.24 r
  U804/Z (MUX2D2BWP40P140)                                0.04       1.28 r
  U805/ZN (INVD8BWP40P140)                                0.02       1.29 f
  U3712/ZN (AOI221D1BWP40P140)                            0.03       1.32 r
  U3713/ZN (MUX2NUD1BWP40P140)                            0.01       1.34 f
  U3714/ZN (OAI22D0BWP40P140)                             0.02       1.36 r
  u_core/u_div/remainder_reg[3]/D (DFQD1BWP40P140)        0.00       1.36 r
  data arrival time                                                  1.36

  clock clk (rise edge)                                   1.43       1.43
  clock network delay (ideal)                             0.00       1.43
  clock uncertainty                                      -0.05       1.38
  u_core/u_div/remainder_reg[3]/CP (DFQD1BWP40P140)       0.00       1.38 r
  library setup time                                     -0.02       1.36
  data required time                                                 1.36
  --------------------------------------------------------------------------
  data required time                                                 1.36
  data arrival time                                                 -1.36
  --------------------------------------------------------------------------
  slack (MET)                                                        0.00


  Startpoint: u_core/u_csr/cycle_cnt_reg[0]
              (rising edge-triggered flip-flop clocked by clk)
  Endpoint: u_core/u_csr/cycle_cnt_reg[63]
            (rising edge-triggered flip-flop clocked by clk)
  Path Group: clk
  Path Type: max

  Des/Clust/Port     Wire Load Model       Library
  ------------------------------------------------
  rfu                ZeroWireload          tcbn28hpcplusbwp40p140tt0p9v25c
  bp                 ZeroWireload          tcbn28hpcplusbwp40p140tt0p9v25c
  cpu_m1_top         ZeroWireload          tcbn28hpcplusbwp40p140tt0p9v25c

  Point                                                   Incr       Path
  --------------------------------------------------------------------------
  clock clk (rise edge)                                   0.00       0.00
  clock network delay (ideal)                             0.00       0.00
  u_core/u_csr/cycle_cnt_reg[0]/CP (DFQD1BWP40P140)       0.00 #     0.00 r
  u_core/u_csr/cycle_cnt_reg[0]/Q (DFQD1BWP40P140)        0.05       0.05 r
  U635/ZN (ND2D1BWP40P140)                                0.02       0.07 f
  U636/ZN (NR2D1BWP40P140)                                0.02       0.09 r
  U637/ZN (ND2D1BWP40P140)                                0.02       0.11 f
  U638/ZN (NR2D1BWP40P140)                                0.02       0.13 r
  U639/ZN (ND2OPTIBD1BWP40P140)                           0.02       0.15 f
  U640/ZN (NR2D1BWP40P140)                                0.02       0.17 r
  U471/ZN (ND2OPTIBD1BWP40P140)                           0.02       0.18 f
  U342/ZN (NR2D1BWP40P140)                                0.02       0.21 r
  U641/ZN (ND2OPTIBD2BWP40P140)                           0.01       0.22 f
  U642/ZN (NR2OPTPAD1BWP40P140)                           0.02       0.24 r
  U339/ZN (CKND2D3BWP40P140)                              0.01       0.25 f
  U643/ZN (NR2OPTPAD2BWP40P140)                           0.01       0.26 r
  U337/ZN (CKND2D3BWP40P140)                              0.01       0.27 f
  U644/ZN (NR2D2BWP40P140)                                0.01       0.29 r
  U470/ZN (ND2OPTIBD2BWP40P140)                           0.01       0.30 f
  U645/ZN (NR2OPTPAD2BWP40P140)                           0.01       0.31 r
  U646/ZN (CKND2D3BWP40P140)                              0.01       0.32 f
  U330/ZN (NR2OPTPAD2BWP40P140)                           0.01       0.33 r
  U647/ZN (ND2OPTIBD1BWP40P140)                           0.02       0.35 f
  U648/ZN (NR2OPTPAD1BWP40P140)                           0.02       0.37 r
  U649/ZN (ND2OPTIBD1BWP40P140)                           0.02       0.38 f
  U650/ZN (NR2OPTPAD1BWP40P140)                           0.02       0.40 r
  U651/ZN (ND2OPTIBD1BWP40P140)                           0.02       0.42 f
  U652/ZN (NR2OPTPAD1BWP40P140)                           0.02       0.44 r
  U323/CO (HA1D1BWP40P140)                                0.03       0.46 r
  U372/Z (CKAN2D1BWP40P140)                               0.02       0.49 r
  U321/CO (HA1D1BWP40P140)                                0.02       0.51 r
  U367/Z (CKAN2D1BWP40P140)                               0.02       0.53 r
  U485/CO (HA1D1BWP40P140)                                0.02       0.56 r
  U374/Z (CKAN2D1BWP40P140)                               0.02       0.58 r
  U474/CO (HA1D1BWP40P140)                                0.03       0.61 r
  U655/ZN (INVD1BWP40P140)                                0.01       0.62 f
  U657/ZN (NR2OPTPAD1BWP40P140)                           0.01       0.63 r
  U319/CO (HA1D1BWP40P140)                                0.03       0.66 r
  U369/Z (CKAN2D1BWP40P140)                               0.02       0.68 r
  U318/CO (HA1D1BWP40P140)                                0.02       0.70 r
  U373/Z (CKAN2D1BWP40P140)                               0.02       0.73 r
  U315/CO (HA1D1BWP40P140)                                0.02       0.75 r
  U313/Z (CKAN2D1BWP40P140)                               0.02       0.77 r
  U370/Z (CKAN2D1BWP40P140)                               0.02       0.80 r
  U312/CO (HA1D1BWP40P140)                                0.02       0.82 r
  U371/Z (CKAN2D1BWP40P140)                               0.02       0.85 r
  U309/CO (HA1D1BWP40P140)                                0.02       0.87 r
  U368/Z (CKAN2D1BWP40P140)                               0.02       0.89 r
  U308/CO (HA1D1BWP40P140)                                0.02       0.92 r
  U375/Z (CKAN2D1BWP40P140)                               0.02       0.94 r
  U475/CO (HA1D1BWP40P140)                                0.02       0.97 r
  U376/Z (CKAN2D1BWP40P140)                               0.02       0.99 r
  U306/CO (HA1D1BWP40P140)                                0.03       1.02 r
  U8629/CO (HA1D4BWP40P140)                               0.02       1.04 r
  U8644/CO (HA1D4BWP40P140)                               0.02       1.07 r
  U8646/CO (HA1D4BWP40P140)                               0.02       1.09 r
  U8654/CO (HA1D4BWP40P140)                               0.02       1.11 r
  U8669/CO (HA1D4BWP40P140)                               0.02       1.13 r
  U8679/CO (HA1D4BWP40P140)                               0.02       1.16 r
  U8694/CO (HA1D4BWP40P140)                               0.02       1.18 r
  U658/ZN (INVD1BWP40P140)                                0.01       1.19 f
  U660/ZN (NR2OPTPAD1BWP40P140)                           0.01       1.20 r
  U303/CO (HA1D2BWP40P140)                                0.03       1.23 r
  U8716/CO (HA1D4BWP40P140)                               0.02       1.25 r
  U8728/CO (HA1D4BWP40P140)                               0.02       1.27 r
  U8734/CO (HA1D4BWP40P140)                               0.02       1.29 r
  U476/CO (HA1D1BWP40P140)                                0.02       1.32 r
  U661/Z (XOR2UD1BWP40P140)                               0.02       1.33 r
  U490/ZN (INR2D1BWP40P140)                               0.02       1.36 r
  u_core/u_csr/cycle_cnt_reg[63]/D (DFQD1BWP40P140)       0.00       1.36 r
  data arrival time                                                  1.36

  clock clk (rise edge)                                   1.43       1.43
  clock network delay (ideal)                             0.00       1.43
  clock uncertainty                                      -0.05       1.38
  u_core/u_csr/cycle_cnt_reg[63]/CP (DFQD1BWP40P140)      0.00       1.38 r
  library setup time                                     -0.02       1.36
  data required time                                                 1.36
  --------------------------------------------------------------------------
  data required time                                                 1.36
  data arrival time                                                 -1.36
  --------------------------------------------------------------------------
  slack (MET)                                                        0.00


  Startpoint: u_core/u_div/divisor_reg[0]
              (rising edge-triggered flip-flop clocked by clk)
  Endpoint: u_core/u_div/remainder_reg[3]
            (rising edge-triggered flip-flop clocked by clk)
  Path Group: clk
  Path Type: max

  Des/Clust/Port     Wire Load Model       Library
  ------------------------------------------------
  rfu                ZeroWireload          tcbn28hpcplusbwp40p140tt0p9v25c
  bp                 ZeroWireload          tcbn28hpcplusbwp40p140tt0p9v25c
  cpu_m1_top         ZeroWireload          tcbn28hpcplusbwp40p140tt0p9v25c

  Point                                                   Incr       Path
  --------------------------------------------------------------------------
  clock clk (rise edge)                                   0.00       0.00
  clock network delay (ideal)                             0.00       0.00
  u_core/u_div/divisor_reg[0]/CP (DFQD4BWP40P140)         0.00 #     0.00 r
  u_core/u_div/divisor_reg[0]/Q (DFQD4BWP40P140)          0.05       0.05 f
  U758/ZN (INVD1BWP40P140)                                0.01       0.06 r
  U350/ZN (NR2D3BWP40P140)                                0.01       0.07 f
  U760/ZN (MAOI222D4BWP40P140)                            0.02       0.09 r
  U761/ZN (INVD2BWP40P140)                                0.01       0.10 f
  U452/ZN (MAOI222D1BWP40P140)                            0.03       0.14 r
  U762/ZN (MAOI222D4BWP40P140)                            0.04       0.17 f
  U763/ZN (MAOI222D4BWP40P140)                            0.03       0.20 r
  U764/ZN (MAOI222D1BWP40P140)                            0.04       0.24 f
  U766/ZN (MAOI222D2BWP40P140)                            0.03       0.28 r
  U767/ZN (MAOI222D1BWP40P140)                            0.05       0.33 f
  U769/ZN (MAOI222D2BWP40P140)                            0.03       0.36 r
  U770/ZN (MAOI222D2BWP40P140)                            0.04       0.40 f
  U772/ZN (MAOI222D2BWP40P140)                            0.04       0.44 r
  U773/ZN (MAOI222D4BWP40P140)                            0.04       0.47 f
  U775/ZN (MAOI222D2BWP40P140)                            0.03       0.50 r
  U776/ZN (MAOI222D1BWP40P140)                            0.04       0.55 f
  U778/ZN (MAOI222D2BWP40P140)                            0.04       0.59 r
  U779/ZN (MAOI222D2BWP40P140)                            0.04       0.63 f
  U781/ZN (MAOI222D2BWP40P140)                            0.03       0.66 r
  U782/ZN (MAOI222D1BWP40P140)                            0.04       0.70 f
  U307/ZN (MAOI222D1BWP40P140)                            0.04       0.74 r
  U784/ZN (MAOI222D2BWP40P140)                            0.04       0.78 f
  U786/ZN (MAOI222D2BWP40P140)                            0.04       0.81 r
  U787/ZN (MAOI222D2BWP40P140)                            0.04       0.85 f
  U789/ZN (MAOI222D2BWP40P140)                            0.03       0.89 r
  U790/ZN (MAOI222D1BWP40P140)                            0.05       0.93 f
  U792/ZN (MAOI222D2BWP40P140)                            0.03       0.97 r
  U453/ZN (MAOI222D1BWP40P140)                            0.05       1.01 f
  U794/ZN (MAOI222D2BWP40P140)                            0.03       1.05 r
  U795/ZN (MAOI222D1BWP40P140)                            0.04       1.09 f
  U796/ZN (MAOI222D1BWP40P140)                            0.04       1.13 r
  U797/ZN (MAOI222D1BWP40P140)                            0.03       1.16 f
  U798/ZN (CKND1BWP40P140)                                0.02       1.18 r
  U802/ZN (MAOI222D1BWP40P140)                            0.03       1.21 f
  U803/ZN (MAOI222D1BWP40P140)                            0.03       1.24 r
  U804/Z (MUX2D2BWP40P140)                                0.04       1.28 r
  U805/ZN (INVD8BWP40P140)                                0.02       1.29 f
  U3712/ZN (AOI221D1BWP40P140)                            0.03       1.32 r
  U3713/ZN (MUX2NUD1BWP40P140)                            0.01       1.34 f
  U3714/ZN (OAI22D0BWP40P140)                             0.02       1.36 r
  u_core/u_div/remainder_reg[3]/D (DFQD1BWP40P140)        0.00       1.36 r
  data arrival time                                                  1.36

  clock clk (rise edge)                                   1.43       1.43
  clock network delay (ideal)                             0.00       1.43
  clock uncertainty                                      -0.05       1.38
  u_core/u_div/remainder_reg[3]/CP (DFQD1BWP40P140)       0.00       1.38 r
  library setup time                                     -0.02       1.36
  data required time                                                 1.36
  --------------------------------------------------------------------------
  data required time                                                 1.36
  data arrival time                                                 -1.36
  --------------------------------------------------------------------------
  slack (MET)                                                        0.00


  Startpoint: u_core/u_div/divisor_reg[0]
              (rising edge-triggered flip-flop clocked by clk)
  Endpoint: u_core/u_div/remainder_reg[3]
            (rising edge-triggered flip-flop clocked by clk)
  Path Group: clk
  Path Type: max

  Des/Clust/Port     Wire Load Model       Library
  ------------------------------------------------
  rfu                ZeroWireload          tcbn28hpcplusbwp40p140tt0p9v25c
  bp                 ZeroWireload          tcbn28hpcplusbwp40p140tt0p9v25c
  cpu_m1_top         ZeroWireload          tcbn28hpcplusbwp40p140tt0p9v25c

  Point                                                   Incr       Path
  --------------------------------------------------------------------------
  clock clk (rise edge)                                   0.00       0.00
  clock network delay (ideal)                             0.00       0.00
  u_core/u_div/divisor_reg[0]/CP (DFQD4BWP40P140)         0.00 #     0.00 r
  u_core/u_div/divisor_reg[0]/Q (DFQD4BWP40P140)          0.05       0.05 f
  U758/ZN (INVD1BWP40P140)                                0.01       0.06 r
  U350/ZN (NR2D3BWP40P140)                                0.01       0.07 f
  U760/ZN (MAOI222D4BWP40P140)                            0.02       0.09 r
  U761/ZN (INVD2BWP40P140)                                0.01       0.10 f
  U452/ZN (MAOI222D1BWP40P140)                            0.03       0.14 r
  U762/ZN (MAOI222D4BWP40P140)                            0.04       0.17 f
  U763/ZN (MAOI222D4BWP40P140)                            0.03       0.20 r
  U764/ZN (MAOI222D1BWP40P140)                            0.04       0.24 f
  U766/ZN (MAOI222D2BWP40P140)                            0.03       0.28 r
  U767/ZN (MAOI222D1BWP40P140)                            0.05       0.33 f
  U769/ZN (MAOI222D2BWP40P140)                            0.03       0.36 r
  U770/ZN (MAOI222D2BWP40P140)                            0.04       0.40 f
  U772/ZN (MAOI222D2BWP40P140)                            0.04       0.44 r
  U773/ZN (MAOI222D4BWP40P140)                            0.04       0.47 f
  U775/ZN (MAOI222D2BWP40P140)                            0.03       0.50 r
  U776/ZN (MAOI222D1BWP40P140)                            0.04       0.55 f
  U778/ZN (MAOI222D2BWP40P140)                            0.04       0.59 r
  U779/ZN (MAOI222D2BWP40P140)                            0.04       0.63 f
  U781/ZN (MAOI222D2BWP40P140)                            0.03       0.66 r
  U782/ZN (MAOI222D1BWP40P140)                            0.04       0.70 f
  U307/ZN (MAOI222D1BWP40P140)                            0.04       0.74 r
  U784/ZN (MAOI222D2BWP40P140)                            0.04       0.78 f
  U786/ZN (MAOI222D2BWP40P140)                            0.04       0.81 r
  U787/ZN (MAOI222D2BWP40P140)                            0.04       0.85 f
  U789/ZN (MAOI222D2BWP40P140)                            0.03       0.89 r
  U790/ZN (MAOI222D1BWP40P140)                            0.05       0.93 f
  U792/ZN (MAOI222D2BWP40P140)                            0.03       0.97 r
  U453/ZN (MAOI222D1BWP40P140)                            0.05       1.01 f
  U794/ZN (MAOI222D2BWP40P140)                            0.03       1.05 r
  U795/ZN (MAOI222D1BWP40P140)                            0.04       1.09 f
  U796/ZN (MAOI222D1BWP40P140)                            0.04       1.13 r
  U797/ZN (MAOI222D1BWP40P140)                            0.03       1.16 f
  U798/ZN (CKND1BWP40P140)                                0.02       1.18 r
  U802/ZN (MAOI222D1BWP40P140)                            0.03       1.21 f
  U803/ZN (MAOI222D1BWP40P140)                            0.03       1.24 r
  U804/Z (MUX2D2BWP40P140)                                0.04       1.28 r
  U805/ZN (INVD8BWP40P140)                                0.02       1.29 f
  U3712/ZN (AOI221D1BWP40P140)                            0.03       1.32 r
  U3713/ZN (MUX2NUD1BWP40P140)                            0.01       1.34 f
  U3714/ZN (OAI22D0BWP40P140)                             0.02       1.35 r
  u_core/u_div/remainder_reg[3]/D (DFQD1BWP40P140)        0.00       1.35 r
  data arrival time                                                  1.35

  clock clk (rise edge)                                   1.43       1.43
  clock network delay (ideal)                             0.00       1.43
  clock uncertainty                                      -0.05       1.38
  u_core/u_div/remainder_reg[3]/CP (DFQD1BWP40P140)       0.00       1.38 r
  library setup time                                     -0.02       1.36
  data required time                                                 1.36
  --------------------------------------------------------------------------
  data required time                                                 1.36
  data arrival time                                                 -1.35
  --------------------------------------------------------------------------
  slack (MET)                                                        0.00


  Startpoint: u_core/if_ex_instr_reg[19]
              (rising edge-triggered flip-flop clocked by clk)
  Endpoint: u_core/ex_mem_alu_result_r_reg[31]
            (rising edge-triggered flip-flop clocked by clk)
  Path Group: clk
  Path Type: max

  Des/Clust/Port     Wire Load Model       Library
  ------------------------------------------------
  rfu                ZeroWireload          tcbn28hpcplusbwp40p140tt0p9v25c
  bp                 ZeroWireload          tcbn28hpcplusbwp40p140tt0p9v25c
  cpu_m1_top         ZeroWireload          tcbn28hpcplusbwp40p140tt0p9v25c
  bmu                ZeroWireload          tcbn28hpcplusbwp40p140tt0p9v25c

  Point                                                   Incr       Path
  --------------------------------------------------------------------------
  clock clk (rise edge)                                   0.00       0.00
  clock network delay (ideal)                             0.00       0.00
  u_core/if_ex_instr_reg[19]/CP (DFQD2BWP40P140)          0.00 #     0.00 r
  u_core/if_ex_instr_reg[19]/Q (DFQD2BWP40P140)           0.08       0.08 f
  u_core/u_rfu/rs1_idx[4] (rfu)                           0.00       0.08 f
  u_core/u_rfu/U908/ZN (NR2D1BWP40P140)                   0.02       0.10 r
  u_core/u_rfu/U909/ZN (ND2D1BWP40P140)                   0.02       0.12 f
  u_core/u_rfu/U915/ZN (INR2D1BWP40P140)                  0.11       0.23 r
  u_core/u_rfu/U1792/ZN (AOI22D1BWP40P140)                0.04       0.27 f
  u_core/u_rfu/U1793/ZN (ND4D0BWP40P140)                  0.03       0.29 r
  u_core/u_rfu/U1809/Z (OR4D1BWP40P140)                   0.03       0.32 r
  u_core/u_rfu/rs1_data[7] (rfu)                          0.00       0.32 r
  U4398/Z (AO21D1BWP40P140)                               0.06       0.38 r
  u_core/u_bmu/op_a[7] (bmu)                              0.00       0.38 r
  u_core/u_bmu/U198/S (FA1D1BWP40P140)                    0.08       0.46 f
  u_core/u_bmu/U230/CO (FA1D1BWP40P140)                   0.04       0.50 f
  u_core/u_bmu/U223/S (FA1D1BWP40P140)                    0.06       0.56 r
  u_core/u_bmu/U224/Z (CKAN2D1BWP40P140)                  0.02       0.58 r
  u_core/u_bmu/U227/S (FA1D1BWP40P140)                    0.06       0.64 f
  u_core/u_bmu/U235/ZN (ND2D1BWP40P140)                   0.01       0.65 r
  u_core/u_bmu/U236/ZN (INVD1BWP40P140)                   0.01       0.66 f
  u_core/u_bmu/U237/ZN (AOI21D1BWP40P140)                 0.02       0.68 r
  u_core/u_bmu/U239/ZN (OAI21D1BWP40P140)                 0.02       0.70 f
  u_core/u_bmu/U252/ZN (AOI21D1BWP40P140)                 0.02       0.72 r
  u_core/u_bmu/U258/ZN (OAI21D1BWP40P140)                 0.02       0.75 f
  u_core/u_bmu/U267/ZN (AOI21D1BWP40P140)                 0.02       0.77 r
  u_core/u_bmu/U273/ZN (OAI21D1BWP40P140)                 0.02       0.79 f
  u_core/u_bmu/U280/ZN (AOI21D1BWP40P140)                 0.03       0.82 r
  u_core/u_bmu/U286/ZN (OAI21D2BWP40P140)                 0.02       0.84 f
  u_core/u_bmu/U293/ZN (AOI21D2BWP40P140)                 0.02       0.86 r
  u_core/u_bmu/U299/ZN (OAI21D2BWP40P140)                 0.02       0.87 f
  u_core/u_bmu/U306/ZN (AOI21D2BWP40P140)                 0.02       0.89 r
  u_core/u_bmu/U312/ZN (OAI21D2BWP40P140)                 0.01       0.90 f
  u_core/u_bmu/U319/ZN (AOI21D1BWP40P140)                 0.02       0.93 r
  u_core/u_bmu/U325/ZN (OAI21D2BWP40P140)                 0.02       0.95 f
  u_core/u_bmu/U332/ZN (AOI21D1BWP40P140)                 0.02       0.97 r
  u_core/u_bmu/U10/ZN (OAI21D1BWP40P140)                  0.03       0.99 f
  u_core/u_bmu/U1138/ZN (AOI21D2BWP40P140)                0.02       1.01 r
  u_core/u_bmu/U1144/ZN (OAI21D2BWP40P140)                0.02       1.03 f
  u_core/u_bmu/U1151/ZN (AOI21D1BWP40P140)                0.02       1.05 r
  u_core/u_bmu/U1157/ZN (OAI21D2BWP40P140)                0.02       1.07 f
  u_core/u_bmu/U1164/ZN (AOI21D2BWP40P140)                0.02       1.09 r
  u_core/u_bmu/U1170/ZN (OAI21D2BWP40P140)                0.02       1.10 f
  u_core/u_bmu/U1177/ZN (AOI21D2BWP40P140)                0.02       1.12 r
  u_core/u_bmu/U1183/ZN (OAI21D2BWP40P140)                0.01       1.14 f
  u_core/u_bmu/U1190/ZN (AOI21D1BWP40P140)                0.02       1.16 r
  u_core/u_bmu/U1196/ZN (OAI21D0P7BWP40P140)              0.02       1.18 f
  u_core/u_bmu/U1202/Z (AO21D1BWP40P140)                  0.03       1.21 f
  u_core/u_bmu/U1940/CO (FA1OPTCD1BWP40P140)              0.03       1.24 f
  u_core/u_bmu/U1973/CO (FA1OPTCD2BWP40P140)              0.02       1.26 f
  u_core/u_bmu/U1998/CO (FA1OPTCD1BWP40P140)              0.02       1.28 f
  u_core/u_bmu/U2004/Z (XOR2UD1BWP40P140)                 0.02       1.30 f
  u_core/u_bmu/U2018/ZN (NR3D0P7BWP40P140)                0.02       1.32 r
  u_core/u_bmu/U2020/ZN (OAI211D0BWP40P140)               0.03       1.35 f
  u_core/u_bmu/result[31] (bmu)                           0.00       1.35 f
  U11124/Z (AO21D1BWP40P140)                              0.03       1.38 f
  u_core/ex_mem_alu_result_r_reg[31]/D (DFQD1BWP40P140)
                                                          0.00       1.38 f
  data arrival time                                                  1.38

  clock clk (rise edge)                                   1.43       1.43
  clock network delay (ideal)                             0.00       1.43
  clock uncertainty                                      -0.05       1.38
  u_core/ex_mem_alu_result_r_reg[31]/CP (DFQD1BWP40P140)
                                                          0.00       1.38 r
  library setup time                                      0.00       1.38
  data required time                                                 1.38
  --------------------------------------------------------------------------
  data required time                                                 1.38
  data arrival time                                                 -1.38
  --------------------------------------------------------------------------
  slack (MET)                                                        0.00


  Startpoint: u_core/if_ex_instr_reg[19]
              (rising edge-triggered flip-flop clocked by clk)
  Endpoint: u_core/ex_mem_alu_result_r_reg[31]
            (rising edge-triggered flip-flop clocked by clk)
  Path Group: clk
  Path Type: max

  Des/Clust/Port     Wire Load Model       Library
  ------------------------------------------------
  rfu                ZeroWireload          tcbn28hpcplusbwp40p140tt0p9v25c
  bp                 ZeroWireload          tcbn28hpcplusbwp40p140tt0p9v25c
  cpu_m1_top         ZeroWireload          tcbn28hpcplusbwp40p140tt0p9v25c
  bmu                ZeroWireload          tcbn28hpcplusbwp40p140tt0p9v25c

  Point                                                   Incr       Path
  --------------------------------------------------------------------------
  clock clk (rise edge)                                   0.00       0.00
  clock network delay (ideal)                             0.00       0.00
  u_core/if_ex_instr_reg[19]/CP (DFQD2BWP40P140)          0.00 #     0.00 r
  u_core/if_ex_instr_reg[19]/Q (DFQD2BWP40P140)           0.08       0.08 f
  u_core/u_rfu/rs1_idx[4] (rfu)                           0.00       0.08 f
  u_core/u_rfu/U908/ZN (NR2D1BWP40P140)                   0.02       0.10 r
  u_core/u_rfu/U909/ZN (ND2D1BWP40P140)                   0.02       0.12 f
  u_core/u_rfu/U915/ZN (INR2D1BWP40P140)                  0.11       0.23 r
  u_core/u_rfu/U1792/ZN (AOI22D1BWP40P140)                0.04       0.27 f
  u_core/u_rfu/U1793/ZN (ND4D0BWP40P140)                  0.03       0.29 r
  u_core/u_rfu/U1809/Z (OR4D1BWP40P140)                   0.03       0.32 r
  u_core/u_rfu/rs1_data[7] (rfu)                          0.00       0.32 r
  U4398/Z (AO21D1BWP40P140)                               0.06       0.38 r
  u_core/u_bmu/op_a[7] (bmu)                              0.00       0.38 r
  u_core/u_bmu/U198/S (FA1D1BWP40P140)                    0.08       0.46 f
  u_core/u_bmu/U230/CO (FA1D1BWP40P140)                   0.04       0.50 f
  u_core/u_bmu/U223/S (FA1D1BWP40P140)                    0.06       0.56 r
  u_core/u_bmu/U224/Z (CKAN2D1BWP40P140)                  0.02       0.58 r
  u_core/u_bmu/U227/S (FA1D1BWP40P140)                    0.06       0.64 f
  u_core/u_bmu/U235/ZN (ND2D1BWP40P140)                   0.01       0.65 r
  u_core/u_bmu/U236/ZN (INVD1BWP40P140)                   0.01       0.66 f
  u_core/u_bmu/U237/ZN (AOI21D1BWP40P140)                 0.02       0.68 r
  u_core/u_bmu/U239/ZN (OAI21D1BWP40P140)                 0.02       0.70 f
  u_core/u_bmu/U252/ZN (AOI21D1BWP40P140)                 0.02       0.72 r
  u_core/u_bmu/U258/ZN (OAI21D1BWP40P140)                 0.02       0.75 f
  u_core/u_bmu/U267/ZN (AOI21D1BWP40P140)                 0.02       0.77 r
  u_core/u_bmu/U273/ZN (OAI21D1BWP40P140)                 0.02       0.79 f
  u_core/u_bmu/U280/ZN (AOI21D1BWP40P140)                 0.03       0.82 r
  u_core/u_bmu/U286/ZN (OAI21D2BWP40P140)                 0.02       0.84 f
  u_core/u_bmu/U293/ZN (AOI21D2BWP40P140)                 0.02       0.86 r
  u_core/u_bmu/U299/ZN (OAI21D2BWP40P140)                 0.02       0.87 f
  u_core/u_bmu/U306/ZN (AOI21D2BWP40P140)                 0.02       0.89 r
  u_core/u_bmu/U312/ZN (OAI21D2BWP40P140)                 0.01       0.90 f
  u_core/u_bmu/U319/ZN (AOI21D1BWP40P140)                 0.02       0.93 r
  u_core/u_bmu/U325/ZN (OAI21D2BWP40P140)                 0.02       0.95 f
  u_core/u_bmu/U332/ZN (AOI21D1BWP40P140)                 0.02       0.97 r
  u_core/u_bmu/U10/ZN (OAI21D1BWP40P140)                  0.03       0.99 f
  u_core/u_bmu/U1138/ZN (AOI21D2BWP40P140)                0.02       1.01 r
  u_core/u_bmu/U1144/ZN (OAI21D2BWP40P140)                0.02       1.03 f
  u_core/u_bmu/U1151/ZN (AOI21D1BWP40P140)                0.02       1.05 r
  u_core/u_bmu/U1157/ZN (OAI21D2BWP40P140)                0.02       1.07 f
  u_core/u_bmu/U1164/ZN (AOI21D2BWP40P140)                0.02       1.09 r
  u_core/u_bmu/U1170/ZN (OAI21D2BWP40P140)                0.02       1.10 f
  u_core/u_bmu/U1177/ZN (AOI21D2BWP40P140)                0.02       1.12 r
  u_core/u_bmu/U1183/ZN (OAI21D2BWP40P140)                0.01       1.14 f
  u_core/u_bmu/U1190/ZN (AOI21D1BWP40P140)                0.02       1.16 r
  u_core/u_bmu/U1196/ZN (OAI21D0P7BWP40P140)              0.02       1.18 f
  u_core/u_bmu/U1202/Z (AO21D1BWP40P140)                  0.03       1.21 f
  u_core/u_bmu/U1940/CO (FA1OPTCD1BWP40P140)              0.03       1.24 f
  u_core/u_bmu/U1973/CO (FA1OPTCD2BWP40P140)              0.02       1.26 f
  u_core/u_bmu/U1998/CO (FA1OPTCD1BWP40P140)              0.02       1.28 f
  u_core/u_bmu/U2004/Z (XOR2UD1BWP40P140)                 0.02       1.30 f
  u_core/u_bmu/U2018/ZN (NR3D0P7BWP40P140)                0.02       1.32 r
  u_core/u_bmu/U2020/ZN (OAI211D0BWP40P140)               0.03       1.35 f
  u_core/u_bmu/result[31] (bmu)                           0.00       1.35 f
  U11124/Z (AO21D1BWP40P140)                              0.03       1.38 f
  u_core/ex_mem_alu_result_r_reg[31]/D (DFQD1BWP40P140)
                                                          0.00       1.38 f
  data arrival time                                                  1.38

  clock clk (rise edge)                                   1.43       1.43
  clock network delay (ideal)                             0.00       1.43
  clock uncertainty                                      -0.05       1.38
  u_core/ex_mem_alu_result_r_reg[31]/CP (DFQD1BWP40P140)
                                                          0.00       1.38 r
  library setup time                                      0.00       1.38
  data required time                                                 1.38
  --------------------------------------------------------------------------
  data required time                                                 1.38
  data arrival time                                                 -1.38
  --------------------------------------------------------------------------
  slack (MET)                                                        0.00


  Startpoint: u_core/u_mul/opa_r_reg[23]
              (rising edge-triggered flip-flop clocked by clk)
  Endpoint: u_core/ex_wb_md_result_r_reg[30]
            (rising edge-triggered flip-flop clocked by clk)
  Path Group: clk
  Path Type: max

  Des/Clust/Port     Wire Load Model       Library
  ------------------------------------------------
  rfu                ZeroWireload          tcbn28hpcplusbwp40p140tt0p9v25c
  bp                 ZeroWireload          tcbn28hpcplusbwp40p140tt0p9v25c
  cpu_m1_top         ZeroWireload          tcbn28hpcplusbwp40p140tt0p9v25c

  Point                                                   Incr       Path
  --------------------------------------------------------------------------
  clock clk (rise edge)                                   0.00       0.00
  clock network delay (ideal)                             0.00       0.00
  u_core/u_mul/opa_r_reg[23]/CP (DFQD2BWP40P140)          0.00 #     0.00 r
  u_core/u_mul/opa_r_reg[23]/Q (DFQD2BWP40P140)           0.09       0.09 f
  U1062/ZN (XNR2UD1BWP40P140)                             0.04       0.13 f
  U1064/ZN (IND2D1BWP40P140)                              0.10       0.23 f
  U1288/ZN (OAI21D0P7BWP40P140)                           0.05       0.28 r
  U1289/Z (XOR2UD1BWP40P140)                              0.03       0.31 r
  U1562/CO (HA1D0BWP40P140)                               0.04       0.35 r
  U1549/CO (HA1D0BWP40P140)                               0.03       0.38 r
  U1523/CO (HA1D0BWP40P140)                               0.03       0.41 r
  U1545/CO (FA1D1BWP40P140)                               0.04       0.45 r
  U1544/CO (FA1D1BWP40P140)                               0.04       0.48 r
  U1520/S (FA1D1BWP40P140)                                0.06       0.55 f
  U1578/S (FA1D1BWP40P140)                                0.07       0.62 r
  U1580/S (FA1D1BWP40P140)                                0.06       0.68 f
  U2139/ZN (ND2OPTIBD1BWP40P140)                          0.02       0.70 r
  U2141/ZN (OAI21D1BWP40P140)                             0.02       0.72 f
  U2145/ZN (AOI21D1BWP40P140)                             0.02       0.74 r
  U2146/ZN (OAI21D1BWP40P140)                             0.02       0.76 f
  U317/ZN (AOI21OPTREPBD1BWP40P140)                       0.02       0.78 r
  U2331/ZN (OAI21D0P7BWP40P140)                           0.02       0.80 f
  U459/ZN (AOI21D1BWP40P140)                              0.03       0.83 r
  U2413/ZN (OAI21D2BWP40P140)                             0.02       0.85 f
  U2453/ZN (AOI21D2BWP40P140)                             0.02       0.87 r
  U2491/ZN (OAI21OPTREPBD2BWP40P140)                      0.01       0.88 f
  U2528/ZN (AOI21D2BWP40P140)                             0.02       0.90 r
  U2563/ZN (OAI21D2BWP40P140)                             0.02       0.91 f
  U2598/ZN (AOI21D2BWP40P140)                             0.02       0.93 r
  U2630/ZN (OAI21OPTREPBD2BWP40P140)                      0.01       0.95 f
  U2662/ZN (AOI21D2BWP40P140)                             0.02       0.96 r
  U2692/ZN (OAI21D2BWP40P140)                             0.02       0.98 f
  U2721/ZN (AOI21D2BWP40P140)                             0.02       0.99 r
  U2748/ZN (OAI21D2BWP40P140)                             0.02       1.01 f
  U2775/ZN (AOI21D2BWP40P140)                             0.02       1.03 r
  U2799/ZN (OAI21D1BWP40P140)                             0.02       1.05 f
  U2823/ZN (AOI21D1BWP40P140)                             0.03       1.07 r
  U2845/ZN (OAI21D1P5BWP40P140)                           0.02       1.09 f
  U2866/ZN (AOI21D2BWP40P140)                             0.02       1.11 r
  U2885/ZN (OAI21D2BWP40P140)                             0.02       1.12 f
  U2904/ZN (AOI21D1BWP40P140)                             0.02       1.15 r
  U2920/ZN (OAI21D1BWP40P140)                             0.02       1.17 f
  U2935/ZN (AOI21D1BWP40P140)                             0.02       1.19 r
  U2941/ZN (OAI21D1BWP40P140)                             0.02       1.22 f
  U2947/Z (AO21D1BWP40P140)                               0.03       1.25 f
  U11520/CO (FA1OPTCD2BWP40P140)                          0.02       1.27 f
  U11511/CO (FA1OPTCD2BWP40P140)                          0.02       1.29 f
  U12049/S (FA1OPTCD1BWP40P140)                           0.05       1.34 r
  U2967/Z (AO21D1BWP40P140)                               0.02       1.36 r
  u_core/ex_wb_md_result_r_reg[30]/D (DFQD1BWP40P140)     0.00       1.36 r
  data arrival time                                                  1.36

  clock clk (rise edge)                                   1.43       1.43
  clock network delay (ideal)                             0.00       1.43
  clock uncertainty                                      -0.05       1.38
  u_core/ex_wb_md_result_r_reg[30]/CP (DFQD1BWP40P140)
                                                          0.00       1.38 r
  library setup time                                     -0.02       1.36
  data required time                                                 1.36
  --------------------------------------------------------------------------
  data required time                                                 1.36
  data arrival time                                                 -1.36
  --------------------------------------------------------------------------
  slack (MET)                                                        0.00


1
