2026-06-12 16:31:54,545 riscv_instr.py 119 INFO Registering LB
2026-06-12 16:31:54,545 riscv_instr.py 119 INFO Registering LH
2026-06-12 16:31:54,545 riscv_instr.py 119 INFO Registering LW
2026-06-12 16:31:54,545 riscv_instr.py 119 INFO Registering LBU
2026-06-12 16:31:54,545 riscv_instr.py 119 INFO Registering LHU
2026-06-12 16:31:54,545 riscv_instr.py 119 INFO Registering SB
2026-06-12 16:31:54,545 riscv_instr.py 119 INFO Registering SH
2026-06-12 16:31:54,545 riscv_instr.py 119 INFO Registering SW
2026-06-12 16:31:54,546 riscv_instr.py 119 INFO Registering SLL
2026-06-12 16:31:54,546 riscv_instr.py 119 INFO Registering SLLI
2026-06-12 16:31:54,546 riscv_instr.py 119 INFO Registering SRL
2026-06-12 16:31:54,546 riscv_instr.py 119 INFO Registering SRLI
2026-06-12 16:31:54,546 riscv_instr.py 119 INFO Registering SRA
2026-06-12 16:31:54,546 riscv_instr.py 119 INFO Registering SRAI
2026-06-12 16:31:54,546 riscv_instr.py 119 INFO Registering ADD
2026-06-12 16:31:54,546 riscv_instr.py 119 INFO Registering ADDI
2026-06-12 16:31:54,546 riscv_instr.py 119 INFO Registering NOP
2026-06-12 16:31:54,546 riscv_instr.py 119 INFO Registering SUB
2026-06-12 16:31:54,546 riscv_instr.py 119 INFO Registering LUI
2026-06-12 16:31:54,546 riscv_instr.py 119 INFO Registering AUIPC
2026-06-12 16:31:54,546 riscv_instr.py 119 INFO Registering XOR
2026-06-12 16:31:54,546 riscv_instr.py 119 INFO Registering XORI
2026-06-12 16:31:54,546 riscv_instr.py 119 INFO Registering OR
2026-06-12 16:31:54,546 riscv_instr.py 119 INFO Registering ORI
2026-06-12 16:31:54,546 riscv_instr.py 119 INFO Registering AND
2026-06-12 16:31:54,546 riscv_instr.py 119 INFO Registering ANDI
2026-06-12 16:31:54,546 riscv_instr.py 119 INFO Registering SLT
2026-06-12 16:31:54,546 riscv_instr.py 119 INFO Registering SLTI
2026-06-12 16:31:54,546 riscv_instr.py 119 INFO Registering SLTU
2026-06-12 16:31:54,546 riscv_instr.py 119 INFO Registering SLTIU
2026-06-12 16:31:54,546 riscv_instr.py 119 INFO Registering BEQ
2026-06-12 16:31:54,546 riscv_instr.py 119 INFO Registering BNE
2026-06-12 16:31:54,546 riscv_instr.py 119 INFO Registering BLT
2026-06-12 16:31:54,546 riscv_instr.py 119 INFO Registering BGE
2026-06-12 16:31:54,546 riscv_instr.py 119 INFO Registering BLTU
2026-06-12 16:31:54,546 riscv_instr.py 119 INFO Registering BGEU
2026-06-12 16:31:54,546 riscv_instr.py 119 INFO Registering JAL
2026-06-12 16:31:54,546 riscv_instr.py 119 INFO Registering JALR
2026-06-12 16:31:54,546 riscv_instr.py 119 INFO Registering FENCE
2026-06-12 16:31:54,546 riscv_instr.py 119 INFO Registering FENCE_I
2026-06-12 16:31:54,546 riscv_instr.py 119 INFO Registering SFENCE_VMA
2026-06-12 16:31:54,546 riscv_instr.py 119 INFO Registering ECALL
2026-06-12 16:31:54,546 riscv_instr.py 119 INFO Registering EBREAK
2026-06-12 16:31:54,546 riscv_instr.py 119 INFO Registering URET
2026-06-12 16:31:54,546 riscv_instr.py 119 INFO Registering SRET
2026-06-12 16:31:54,546 riscv_instr.py 119 INFO Registering MRET
2026-06-12 16:31:54,546 riscv_instr.py 119 INFO Registering DRET
2026-06-12 16:31:54,546 riscv_instr.py 119 INFO Registering WFI
2026-06-12 16:31:54,546 riscv_instr.py 119 INFO Registering CSRRW
2026-06-12 16:31:54,546 riscv_instr.py 119 INFO Registering CSRRS
2026-06-12 16:31:54,546 riscv_instr.py 119 INFO Registering CSRRC
2026-06-12 16:31:54,546 riscv_instr.py 119 INFO Registering CSRRWI
2026-06-12 16:31:54,546 riscv_instr.py 119 INFO Registering CSRRSI
2026-06-12 16:31:54,546 riscv_instr.py 119 INFO Registering CSRRCI
2026-06-12 16:31:54,546 riscv_instr.py 119 INFO Registering MUL
2026-06-12 16:31:54,546 riscv_instr.py 119 INFO Registering MULH
2026-06-12 16:31:54,546 riscv_instr.py 119 INFO Registering MULHSU
2026-06-12 16:31:54,546 riscv_instr.py 119 INFO Registering MULHU
2026-06-12 16:31:54,546 riscv_instr.py 119 INFO Registering DIV
2026-06-12 16:31:54,546 riscv_instr.py 119 INFO Registering DIVU
2026-06-12 16:31:54,546 riscv_instr.py 119 INFO Registering REM
2026-06-12 16:31:54,546 riscv_instr.py 119 INFO Registering REMU
2026-06-12 16:31:54,546 riscv_instr.py 119 INFO Registering C_LW
2026-06-12 16:31:54,546 riscv_instr.py 119 INFO Registering C_SW
2026-06-12 16:31:54,546 riscv_instr.py 119 INFO Registering C_LWSP
2026-06-12 16:31:54,546 riscv_instr.py 119 INFO Registering C_SWSP
2026-06-12 16:31:54,546 riscv_instr.py 119 INFO Registering C_ADDI4SPN
2026-06-12 16:31:54,546 riscv_instr.py 119 INFO Registering C_ADDI
2026-06-12 16:31:54,546 riscv_instr.py 119 INFO Registering C_ADDI16SP
2026-06-12 16:31:54,546 riscv_instr.py 119 INFO Registering C_LI
2026-06-12 16:31:54,546 riscv_instr.py 119 INFO Registering C_LUI
2026-06-12 16:31:54,546 riscv_instr.py 119 INFO Registering C_SUB
2026-06-12 16:31:54,546 riscv_instr.py 119 INFO Registering C_ADD
2026-06-12 16:31:54,547 riscv_instr.py 119 INFO Registering C_NOP
2026-06-12 16:31:54,547 riscv_instr.py 119 INFO Registering C_MV
2026-06-12 16:31:54,547 riscv_instr.py 119 INFO Registering C_ANDI
2026-06-12 16:31:54,547 riscv_instr.py 119 INFO Registering C_XOR
2026-06-12 16:31:54,547 riscv_instr.py 119 INFO Registering C_OR
2026-06-12 16:31:54,547 riscv_instr.py 119 INFO Registering C_AND
2026-06-12 16:31:54,547 riscv_instr.py 119 INFO Registering C_BEQZ
2026-06-12 16:31:54,547 riscv_instr.py 119 INFO Registering C_BNEZ
2026-06-12 16:31:54,547 riscv_instr.py 119 INFO Registering C_SRLI
2026-06-12 16:31:54,547 riscv_instr.py 119 INFO Registering C_SRAI
2026-06-12 16:31:54,547 riscv_instr.py 119 INFO Registering C_SLLI
2026-06-12 16:31:54,547 riscv_instr.py 119 INFO Registering C_J
2026-06-12 16:31:54,547 riscv_instr.py 119 INFO Registering C_JAL
2026-06-12 16:31:54,547 riscv_instr.py 119 INFO Registering C_JR
2026-06-12 16:31:54,547 riscv_instr.py 119 INFO Registering C_JALR
2026-06-12 16:31:54,547 riscv_instr.py 119 INFO Registering C_EBREAK
2026-06-12 16:31:54,914 riscv_instr_gen_config.py 475 INFO min_stack_len_per_program value = 8
2026-06-12 16:31:54,915 riscv_instr_base_test.py 78 INFO riscv_instr_gen_config is randomized
2026-06-12 16:31:54,919 riscv_utils.py 70 INFO 
+-----+---------------------------------+---------------+--------+---------------------------------------------------------------------------+
|     | Name                            | Type          |   Size | Value                                                                     |
|-----+---------------------------------+---------------+--------+---------------------------------------------------------------------------|
|   0 | tname                           | <class 'str'> |     54 | riscv_instr_gen_config                                                    |
|   1 | main_program_instr_cnt          | <class 'str'> |     71 | 7207                                                                      |
|   2 | sub_program_instr_cnt           | <class 'str'> |     70 | []                                                                        |
|   3 | debug_program_instr_cnt         | <class 'str'> |     72 | 0                                                                         |
|   4 | debug_sub_program_instr_cnt     | <class 'str'> |     76 | []                                                                        |
|   5 | data_page_pattern               | <class 'str'> |     66 | 1                                                                         |
|   6 | vreg_init_method                | <class 'str'> |     65 | 1                                                                         |
|   7 | max_directed_instr_stream_seq   | <class 'str'> |     78 | 20                                                                        |
|   8 | m_mode_exception_delegation     | <class 'str'> |     76 | {}                                                                        |
|   9 | s_mode_exception_delegation     | <class 'str'> |     76 | {}                                                                        |
|  10 | m_mode_interrupt_delegation     | <class 'str'> |     76 | {}                                                                        |
|  11 | s_mode_interrupt_delegation     | <class 'str'> |     76 | {}                                                                        |
|  12 | init_privileged_mode            | <class 'str'> |     69 | 3                                                                         |
|  13 | mstatus                         | <class 'str'> |     56 | 2022481342                                                                |
|  14 | mie                             | <class 'str'> |     52 | 790148386                                                                 |
|  15 | sstatus                         | <class 'str'> |     56 | 1767680183                                                                |
|  16 | sie                             | <class 'str'> |     52 | 1245029747                                                                |
|  17 | ustatus                         | <class 'str'> |     56 | 1227942250                                                                |
|  18 | uie                             | <class 'str'> |     52 | 544515671                                                                 |
|  19 | mstatus_mprv                    | <class 'str'> |     61 | 0                                                                         |
|  20 | mstatus_mxr                     | <class 'str'> |     60 | 0                                                                         |
|  21 | mstatus_sum                     | <class 'str'> |     60 | 0                                                                         |
|  22 | mstatus_tvm                     | <class 'str'> |     60 | 0                                                                         |
|  23 | mstatus_fs                      | <class 'str'> |     59 | 0                                                                         |
|  24 | mstatus_vs                      | <class 'str'> |     59 | 0                                                                         |
|  25 | mtvec_mode                      | <class 'str'> |     59 | 0                                                                         |
|  26 | tvec_alignment                  | <class 'str'> |     63 | 2                                                                         |
|  27 | fcsr_rm                         | <class 'str'> |     56 | 2                                                                         |
|  28 | enable_sfence                   | <class 'str'> |     62 | 1                                                                         |
|  29 | gpr                             | <class 'str'> |     52 | [30, 22, 26, 28]                                                          |
|  30 | scratch_reg                     | <class 'str'> |     60 | 14                                                                        |
|  31 | pmp_reg                         | <class 'str'> |     56 | 31                                                                        |
|  32 | sp                              | <class 'str'> |     51 | 31                                                                        |
|  33 | tp                              | <class 'str'> |     51 | 9                                                                         |
|  34 | ra                              | <class 'str'> |     51 | 12                                                                        |
|  35 | check_misa_init_val             | <class 'str'> |     68 | 0                                                                         |
|  36 | check_xstatus                   | <class 'str'> |     62 | 1                                                                         |
|  37 | virtual_addr_translation_on     | <class 'str'> |     76 | 0                                                                         |
|  38 | stack_len                       | <class 'str'> |     58 | 5000                                                                      |
|  39 | kernel_stack_len                | <class 'str'> |     65 | 4000                                                                      |
|  40 | kernel_program_instr_cnt        | <class 'str'> |     73 | 400                                                                       |
|  41 | invalid_priv_mode_csrs          | <class 'str'> |     71 | []                                                                        |
|  42 | num_of_sub_program              | <class 'str'> |     67 | 0                                                                         |
|  43 | instr_cnt                       | <class 'str'> |     58 | 8000                                                                      |
|  44 | num_of_tests                    | <class 'str'> |     61 | 1                                                                         |
|  45 | no_data_page                    | <class 'str'> |     61 | 0                                                                         |
|  46 | no_branch_jump                  | <class 'str'> |     63 | 0                                                                         |
|  47 | no_load_store                   | <class 'str'> |     62 | 0                                                                         |
|  48 | no_csr_instr                    | <class 'str'> |     61 | 0                                                                         |
|  49 | no_ebreak                       | <class 'str'> |     58 | 1                                                                         |
|  50 | no_dret                         | <class 'str'> |     56 | 1                                                                         |
|  51 | no_fence                        | <class 'str'> |     57 | 0                                                                         |
|  52 | no_wfi                          | <class 'str'> |     55 | 1                                                                         |
|  53 | enable_unaligned_load_store     | <class 'str'> |     76 | 1                                                                         |
|  54 | illegal_instr_ratio             | <class 'str'> |     68 | 0                                                                         |
|  55 | hint_instr_ratio                | <class 'str'> |     65 | 0                                                                         |
|  56 | num_of_harts                    | <class 'str'> |     61 | 1                                                                         |
|  57 | fix_sp                          | <class 'str'> |     55 | 0                                                                         |
|  58 | use_push_data_section           | <class 'str'> |     70 | 0                                                                         |
|  59 | boot_mode_opts                  | <class 'str'> |     63 | m                                                                         |
|  60 | enable_page_table_exception     | <class 'str'> |     76 | 0                                                                         |
|  61 | no_directed_instr               | <class 'str'> |     66 | 0                                                                         |
|  62 | asm_test_suffix                 | <class 'str'> |     64 |                                                                           |
|  63 | enable_interrupt                | <class 'str'> |     65 | 0                                                                         |
|  64 | enable_nested_interrupt         | <class 'str'> |     72 | 0                                                                         |
|  65 | enable_timer_irq                | <class 'str'> |     65 | 0                                                                         |
|  66 | bare_program_mode               | <class 'str'> |     66 | 0                                                                         |
|  67 | enable_illegal_csr_instruction  | <class 'str'> |     79 | 0                                                                         |
|  68 | enable_access_invalid_csr_level | <class 'str'> |     80 | 0                                                                         |
|  69 | enable_misaligned_instr         | <class 'str'> |     72 | 0                                                                         |
|  70 | enable_dummy_csr_write          | <class 'str'> |     71 | 0                                                                         |
|  71 | randomize_csr                   | <class 'str'> |     62 | 0                                                                         |
|  72 | allow_sfence_exception          | <class 'str'> |     71 | 0                                                                         |
|  73 | no_delegation                   | <class 'str'> |     62 | 1                                                                         |
|  74 | force_m_delegation              | <class 'str'> |     67 | 0                                                                         |
|  75 | force_s_delegation              | <class 'str'> |     67 | 0                                                                         |
|  76 | support_supervisor_mode         | <class 'str'> |     72 | 0                                                                         |
|  77 | disable_compressed_instr        | <class 'str'> |     73 | 0                                                                         |
|  78 | require_signature_addr          | <class 'str'> |     71 | 0                                                                         |
|  79 | signature_addr                  | <class 'str'> |     63 | 3735928559                                                                |
|  80 | gen_debug_section               | <class 'str'> |     66 | 0                                                                         |
|  81 | enable_ebreak_in_debug_rom      | <class 'str'> |     75 | 0                                                                         |
|  82 | set_dcsr_ebreak                 | <class 'str'> |     64 | 0                                                                         |
|  83 | num_debug_sub_program           | <class 'str'> |     70 | 0                                                                         |
|  84 | enable_debug_single_step        | <class 'str'> |     73 | 0                                                                         |
|  85 | single_step_iterations          | <class 'str'> |     71 | 2413374211                                                                |
|  86 | set_mstatus_tw                  | <class 'str'> |     63 | 0                                                                         |
|  87 | set_mstatus_mprv                | <class 'str'> |     65 | 0                                                                         |
|  88 | min_stack_len_per_program       | <class 'str'> |     74 | 8                                                                         |
|  89 | max_stack_len_per_program       | <class 'str'> |     74 | 64                                                                        |
|  90 | max_branch_step                 | <class 'str'> |     64 | 20                                                                        |
|  91 | reserved_regs                   | <class 'str'> |     62 | [9, 31, 14]                                                               |
|  92 | enable_floating_point           | <class 'str'> |     70 | 0                                                                         |
|  93 | enable_vector_extension         | <class 'str'> |     72 | 0                                                                         |
|  94 | vector_instr_only               | <class 'str'> |     66 | 0                                                                         |
|  95 | enable_b_extension              | <class 'str'> |     67 | 0                                                                         |
|  96 | enable_bitmanip_groups          | <class 'str'> |     71 | ['ZBB', 'ZBS', 'ZBP', 'ZBE', 'ZBF', 'ZBC', 'ZBR', 'ZBM', 'ZBT', 'ZB_TMP'] |
|  97 | dist_control_mode               | <class 'str'> |     66 | 0                                                                         |
|  98 | category_dist                   | <class 'str'> |     62 | {}                                                                        |
|  99 | march_isa                       | <class 'str'> |     58 | []                                                                        |
| 100 | supported_interrupt_mode        | <class 'str'> |     73 | [0]                                                                       |
| 101 | XLEN                            | <class 'str'> |     53 | 32                                                                        |
| 102 | SATP_MODE                       | <class 'str'> |     58 | 0                                                                         |
| 103 | init_privil_mode                | <class 'str'> |     65 | 3                                                                         |
| 104 | tvec_ceil                       | <class 'str'> |     58 | 4                                                                         |
+-----+---------------------------------+---------------+--------+---------------------------------------------------------------------------+
2026-06-12 16:31:55,050 riscv_instr_base_test.py 70 INFO All directed instruction is applied
2026-06-12 16:31:55,050 riscv_asm_program_gen.py 611 INFO Generating privileged mode routing for MACHINE_MODE
2026-06-12 16:31:55,062 riscv_privileged_common_seq.py 139 INFO self.mstatus_val: 0x1800
2026-06-12 16:31:55,148 riscv_instr_sequence.py 75 INFO Start generating 7207 instruction
2026-06-12 16:33:03,116 riscv_instr_sequence.py 85 INFO Finishing instruction generation
2026-06-12 16:33:03,116 riscv_asm_program_gen.py 248 INFO Randomizing call stack..done
2026-06-12 16:33:03,134 riscv_instr_sequence.py 188 INFO Processing branch instruction[12]:bgeu        s9, s0, 77 # 12 -> 18
2026-06-12 16:33:03,134 riscv_instr_sequence.py 188 INFO Processing branch instruction[13]:c.bnez      a2, 2 # 13 -> 21
2026-06-12 16:33:03,134 riscv_instr_sequence.py 188 INFO Processing branch instruction[17]:blt         tp, s9, 350 # 17 -> 19
2026-06-12 16:33:03,134 riscv_instr_sequence.py 188 INFO Processing branch instruction[26]:c.beqz      a2, 20 # 26 -> 36
2026-06-12 16:33:03,134 riscv_instr_sequence.py 188 INFO Processing branch instruction[28]:bgeu        gp, tp, -1239 # 28 -> 36
2026-06-12 16:33:03,134 riscv_instr_sequence.py 188 INFO Processing branch instruction[35]:blt         a3, a2, -8 # 35 -> 42
2026-06-12 16:33:03,134 riscv_instr_sequence.py 188 INFO Processing branch instruction[44]:blt         s8, tp, -1477 # 44 -> 51
2026-06-12 16:33:03,135 riscv_instr_sequence.py 188 INFO Processing branch instruction[54]:blt         a2, s0, -663 # 54 -> 60
2026-06-12 16:33:03,135 riscv_instr_sequence.py 188 INFO Processing branch instruction[62]:bne         s0, s2, -1814 # 62 -> 70
2026-06-12 16:33:03,135 riscv_instr_sequence.py 188 INFO Processing branch instruction[68]:beq         a5, s3, 2034 # 68 -> 78
2026-06-12 16:33:03,135 riscv_instr_sequence.py 188 INFO Processing branch instruction[77]:blt         s3, s6, -328 # 77 -> 79
2026-06-12 16:33:03,135 riscv_instr_sequence.py 188 INFO Processing branch instruction[82]:c.beqz      a3, 14 # 82 -> 94
2026-06-12 16:33:03,135 riscv_instr_sequence.py 188 INFO Processing branch instruction[85]:bne         zero, s8, 1866 # 85 -> 86
2026-06-12 16:33:03,135 riscv_instr_sequence.py 188 INFO Processing branch instruction[98]:bltu        t5, s7, 275 # 98 -> 109
2026-06-12 16:33:03,135 riscv_instr_sequence.py 188 INFO Processing branch instruction[109]:bltu        t1, t3, -979 # 109 -> 111
2026-06-12 16:33:03,135 riscv_instr_sequence.py 188 INFO Processing branch instruction[120]:beq         zero, s6, 206 # 120 -> 136
2026-06-12 16:33:03,135 riscv_instr_sequence.py 188 INFO Processing branch instruction[121]:bltu        sp, a0, -529 # 121 -> 133
2026-06-12 16:33:03,135 riscv_instr_sequence.py 188 INFO Processing branch instruction[123]:beq         t3, s5, 327 # 123 -> 127
2026-06-12 16:33:03,136 riscv_instr_sequence.py 188 INFO Processing branch instruction[126]:c.beqz      a5, -2 # 126 -> 132
2026-06-12 16:33:03,136 riscv_instr_sequence.py 188 INFO Processing branch instruction[135]:bltu        s6, tp, 1869 # 135 -> 145
2026-06-12 16:33:03,136 riscv_instr_sequence.py 188 INFO Processing branch instruction[138]:bgeu        s6, tp, 26 # 138 -> 143
2026-06-12 16:33:03,136 riscv_instr_sequence.py 188 INFO Processing branch instruction[141]:beq         a1, t6, -1574 # 141 -> 143
2026-06-12 16:33:03,136 riscv_instr_sequence.py 188 INFO Processing branch instruction[142]:bltu        s6, t5, 660 # 142 -> 149
2026-06-12 16:33:03,136 riscv_instr_sequence.py 188 INFO Processing branch instruction[149]:c.bnez      a2, -2 # 149 -> 161
2026-06-12 16:33:03,136 riscv_instr_sequence.py 188 INFO Processing branch instruction[154]:bne         gp, t0, -879 # 154 -> 173
2026-06-12 16:33:03,136 riscv_instr_sequence.py 188 INFO Processing branch instruction[162]:bgeu        a5, zero, -676 # 162 -> 167
2026-06-12 16:33:03,136 riscv_instr_sequence.py 188 INFO Processing branch instruction[177]:bne         s2, a3, -1021 # 177 -> 183
2026-06-12 16:33:03,136 riscv_instr_sequence.py 188 INFO Processing branch instruction[179]:bne         a1, a1, -1987 # 179 -> 183
2026-06-12 16:33:03,136 riscv_instr_sequence.py 188 INFO Processing branch instruction[198]:bne         zero, s5, -906 # 198 -> 211
2026-06-12 16:33:03,136 riscv_instr_sequence.py 188 INFO Processing branch instruction[200]:bltu        tp, s0, 63 # 200 -> 201
2026-06-12 16:33:03,136 riscv_instr_sequence.py 188 INFO Processing branch instruction[201]:bgeu        a0, a6, 1297 # 201 -> 212
2026-06-12 16:33:03,137 riscv_instr_sequence.py 188 INFO Processing branch instruction[210]:beq         a5, s2, -1926 # 210 -> 215
2026-06-12 16:33:03,137 riscv_instr_sequence.py 188 INFO Processing branch instruction[213]:c.beqz      a0, 54 # 213 -> 218
2026-06-12 16:33:03,137 riscv_instr_sequence.py 188 INFO Processing branch instruction[218]:c.bnez      a2, 52 # 218 -> 237
2026-06-12 16:33:03,137 riscv_instr_sequence.py 188 INFO Processing branch instruction[224]:bgeu        a6, s1, 1607 # 224 -> 231
2026-06-12 16:33:03,137 riscv_instr_sequence.py 188 INFO Processing branch instruction[240]:blt         s10, gp, -1709 # 240 -> 241
2026-06-12 16:33:03,137 riscv_instr_sequence.py 188 INFO Processing branch instruction[265]:bge         t5, t1, 1975 # 265 -> 273
2026-06-12 16:33:03,137 riscv_instr_sequence.py 188 INFO Processing branch instruction[266]:blt         s8, a0, 574 # 266 -> 276
2026-06-12 16:33:03,137 riscv_instr_sequence.py 188 INFO Processing branch instruction[274]:c.bnez      a1, -2 # 274 -> 276
2026-06-12 16:33:03,137 riscv_instr_sequence.py 188 INFO Processing branch instruction[276]:bge         t0, s7, -1488 # 276 -> 278
2026-06-12 16:33:03,137 riscv_instr_sequence.py 188 INFO Processing branch instruction[277]:blt         s5, t0, 1598 # 277 -> 287
2026-06-12 16:33:03,137 riscv_instr_sequence.py 188 INFO Processing branch instruction[278]:c.beqz      a3, 98 # 278 -> 285
2026-06-12 16:33:03,137 riscv_instr_sequence.py 188 INFO Processing branch instruction[279]:c.beqz      s0, 26 # 279 -> 285
2026-06-12 16:33:03,137 riscv_instr_sequence.py 188 INFO Processing branch instruction[288]:bltu        s9, s4, -679 # 288 -> 301
2026-06-12 16:33:03,138 riscv_instr_sequence.py 188 INFO Processing branch instruction[305]:bltu        a1, a7, -1746 # 305 -> 313
2026-06-12 16:33:03,138 riscv_instr_sequence.py 188 INFO Processing branch instruction[316]:bltu        s1, s4, -1515 # 316 -> 318
2026-06-12 16:33:03,138 riscv_instr_sequence.py 188 INFO Processing branch instruction[341]:beq         a2, a3, 1999 # 341 -> 351
2026-06-12 16:33:03,138 riscv_instr_sequence.py 188 INFO Processing branch instruction[343]:blt         a3, t3, -1960 # 343 -> 349
2026-06-12 16:33:03,138 riscv_instr_sequence.py 188 INFO Processing branch instruction[355]:beq         a4, a2, -1555 # 355 -> 362
2026-06-12 16:33:03,138 riscv_instr_sequence.py 188 INFO Processing branch instruction[358]:bltu        a4, s10, 277 # 358 -> 362
2026-06-12 16:33:03,138 riscv_instr_sequence.py 188 INFO Processing branch instruction[367]:bge         s9, s8, -1405 # 367 -> 369
2026-06-12 16:33:03,138 riscv_instr_sequence.py 188 INFO Processing branch instruction[368]:beq         t5, t4, -1397 # 368 -> 369
2026-06-12 16:33:03,138 riscv_instr_sequence.py 188 INFO Processing branch instruction[371]:bge         a6, gp, -1028 # 371 -> 383
2026-06-12 16:33:03,139 riscv_instr_sequence.py 188 INFO Processing branch instruction[390]:bgeu        t3, s1, -1824 # 390 -> 406
2026-06-12 16:33:03,139 riscv_instr_sequence.py 188 INFO Processing branch instruction[391]:bgeu        t4, s4, 2029 # 391 -> 403
2026-06-12 16:33:03,139 riscv_instr_sequence.py 188 INFO Processing branch instruction[401]:bge         t3, s3, 749 # 401 -> 407
2026-06-12 16:33:03,139 riscv_instr_sequence.py 188 INFO Processing branch instruction[413]:blt         zero, a6, -1511 # 413 -> 425
2026-06-12 16:33:03,139 riscv_instr_sequence.py 188 INFO Processing branch instruction[415]:bltu        s4, s1, 1991 # 415 -> 423
2026-06-12 16:33:03,139 riscv_instr_sequence.py 188 INFO Processing branch instruction[422]:beq         a5, s4, 1054 # 422 -> 426
2026-06-12 16:33:03,139 riscv_instr_sequence.py 188 INFO Processing branch instruction[439]:bltu        t6, s11, -971 # 439 -> 445
2026-06-12 16:33:03,139 riscv_instr_sequence.py 188 INFO Processing branch instruction[445]:blt         a3, s4, 1893 # 445 -> 451
2026-06-12 16:33:03,139 riscv_instr_sequence.py 188 INFO Processing branch instruction[448]:c.bnez      a0, 120 # 448 -> 454
2026-06-12 16:33:03,139 riscv_instr_sequence.py 188 INFO Processing branch instruction[458]:c.beqz      a0, -2 # 458 -> 466
2026-06-12 16:33:03,139 riscv_instr_sequence.py 188 INFO Processing branch instruction[459]:bgeu        s0, tp, -79 # 459 -> 469
2026-06-12 16:33:03,140 riscv_instr_sequence.py 188 INFO Processing branch instruction[476]:bgeu        gp, a1, 997 # 476 -> 486
2026-06-12 16:33:03,140 riscv_instr_sequence.py 188 INFO Processing branch instruction[479]:bge         s0, a6, 1682 # 479 -> 481
2026-06-12 16:33:03,140 riscv_instr_sequence.py 188 INFO Processing branch instruction[489]:c.bnez      a0, -2 # 489 -> 496
2026-06-12 16:33:03,140 riscv_instr_sequence.py 188 INFO Processing branch instruction[527]:bgeu        a2, t3, 1182 # 527 -> 538
2026-06-12 16:33:03,140 riscv_instr_sequence.py 188 INFO Processing branch instruction[534]:blt         ra, s7, 1199 # 534 -> 535
2026-06-12 16:33:03,140 riscv_instr_sequence.py 188 INFO Processing branch instruction[538]:beq         s9, s2, 1639 # 538 -> 543
2026-06-12 16:33:03,140 riscv_instr_sequence.py 188 INFO Processing branch instruction[543]:blt         a2, a7, -126 # 543 -> 550
2026-06-12 16:33:03,140 riscv_instr_sequence.py 188 INFO Processing branch instruction[544]:c.bnez      s0, -2 # 544 -> 550
2026-06-12 16:33:03,140 riscv_instr_sequence.py 188 INFO Processing branch instruction[548]:bgeu        s10, s4, 1603 # 548 -> 550
2026-06-12 16:33:03,140 riscv_instr_sequence.py 188 INFO Processing branch instruction[554]:bge         a0, a2, 1527 # 554 -> 560
2026-06-12 16:33:03,140 riscv_instr_sequence.py 188 INFO Processing branch instruction[557]:c.beqz      s0, -2 # 557 -> 569
2026-06-12 16:33:03,141 riscv_instr_sequence.py 188 INFO Processing branch instruction[569]:bne         gp, zero, 1237 # 569 -> 577
2026-06-12 16:33:03,141 riscv_instr_sequence.py 188 INFO Processing branch instruction[584]:bne         s7, s2, 1528 # 584 -> 597
2026-06-12 16:33:03,141 riscv_instr_sequence.py 188 INFO Processing branch instruction[594]:c.beqz      s0, 2 # 594 -> 606
2026-06-12 16:33:03,141 riscv_instr_sequence.py 188 INFO Processing branch instruction[596]:blt         s6, a7, 404 # 596 -> 615
2026-06-12 16:33:03,141 riscv_instr_sequence.py 188 INFO Processing branch instruction[599]:blt         a4, t3, 1012 # 599 -> 607
2026-06-12 16:33:03,141 riscv_instr_sequence.py 188 INFO Processing branch instruction[602]:bne         zero, t4, -1286 # 602 -> 609
2026-06-12 16:33:03,141 riscv_instr_sequence.py 188 INFO Processing branch instruction[603]:blt         a2, a1, 20 # 603 -> 615
2026-06-12 16:33:03,141 riscv_instr_sequence.py 188 INFO Processing branch instruction[608]:bltu        s0, t6, 827 # 608 -> 612
2026-06-12 16:33:03,141 riscv_instr_sequence.py 188 INFO Processing branch instruction[614]:blt         s5, t5, -669 # 614 -> 615
2026-06-12 16:33:03,141 riscv_instr_sequence.py 188 INFO Processing branch instruction[617]:c.beqz      a0, 66 # 617 -> 621
2026-06-12 16:33:03,141 riscv_instr_sequence.py 188 INFO Processing branch instruction[624]:bgeu        s3, tp, 1812 # 624 -> 634
2026-06-12 16:33:03,141 riscv_instr_sequence.py 188 INFO Processing branch instruction[630]:bge         t6, s8, 329 # 630 -> 646
2026-06-12 16:33:03,141 riscv_instr_sequence.py 188 INFO Processing branch instruction[647]:c.beqz      a5, 4 # 647 -> 649
2026-06-12 16:33:03,142 riscv_instr_sequence.py 188 INFO Processing branch instruction[658]:beq         zero, s9, -722 # 658 -> 660
2026-06-12 16:33:03,142 riscv_instr_sequence.py 188 INFO Processing branch instruction[659]:bne         a1, a3, 1107 # 659 -> 664
2026-06-12 16:33:03,142 riscv_instr_sequence.py 188 INFO Processing branch instruction[674]:blt         t5, a1, 1834 # 674 -> 680
2026-06-12 16:33:03,142 riscv_instr_sequence.py 188 INFO Processing branch instruction[706]:bgeu        t4, a2, 927 # 706 -> 712
2026-06-12 16:33:03,142 riscv_instr_sequence.py 188 INFO Processing branch instruction[713]:c.beqz      s0, -2 # 713 -> 718
2026-06-12 16:33:03,142 riscv_instr_sequence.py 188 INFO Processing branch instruction[716]:c.bnez      a1, -2 # 716 -> 717
2026-06-12 16:33:03,142 riscv_instr_sequence.py 188 INFO Processing branch instruction[728]:bltu        s1, a6, -1286 # 728 -> 741
2026-06-12 16:33:03,142 riscv_instr_sequence.py 188 INFO Processing branch instruction[740]:bge         s8, s6, 1076 # 740 -> 752
2026-06-12 16:33:03,142 riscv_instr_sequence.py 188 INFO Processing branch instruction[750]:blt         t6, a0, -1533 # 750 -> 754
2026-06-12 16:33:03,143 riscv_instr_sequence.py 188 INFO Processing branch instruction[765]:bge         t2, t3, -331 # 765 -> 781
2026-06-12 16:33:03,143 riscv_instr_sequence.py 188 INFO Processing branch instruction[767]:bgeu        t5, t1, 1373 # 767 -> 778
2026-06-12 16:33:03,143 riscv_instr_sequence.py 188 INFO Processing branch instruction[772]:bge         s6, sp, 916 # 772 -> 774
2026-06-12 16:33:03,143 riscv_instr_sequence.py 188 INFO Processing branch instruction[773]:bne         s8, a7, 2029 # 773 -> 778
2026-06-12 16:33:03,143 riscv_instr_sequence.py 188 INFO Processing branch instruction[778]:c.bnez      a0, -2 # 778 -> 788
2026-06-12 16:33:03,143 riscv_instr_sequence.py 188 INFO Processing branch instruction[786]:bgeu        t5, a1, -1874 # 786 -> 794
2026-06-12 16:33:03,143 riscv_instr_sequence.py 188 INFO Processing branch instruction[790]:bltu        s9, a4, -284 # 790 -> 792
2026-06-12 16:33:03,143 riscv_instr_sequence.py 188 INFO Processing branch instruction[791]:bltu        sp, a5, -1202 # 791 -> 799
2026-06-12 16:33:03,143 riscv_instr_sequence.py 188 INFO Processing branch instruction[797]:blt         a1, s3, -1569 # 797 -> 799
2026-06-12 16:33:03,143 riscv_instr_sequence.py 188 INFO Processing branch instruction[802]:bge         a0, s8, -1441 # 802 -> 806
2026-06-12 16:33:03,143 riscv_instr_sequence.py 188 INFO Processing branch instruction[804]:blt         t4, t6, -2047 # 804 -> 806
2026-06-12 16:33:03,143 riscv_instr_sequence.py 188 INFO Processing branch instruction[806]:bne         t4, s5, -1573 # 806 -> 807
2026-06-12 16:33:03,143 riscv_instr_sequence.py 188 INFO Processing branch instruction[811]:bltu        s2, s11, 1425 # 811 -> 821
2026-06-12 16:33:03,143 riscv_instr_sequence.py 188 INFO Processing branch instruction[815]:c.bnez      a3, 58 # 815 -> 822
2026-06-12 16:33:03,143 riscv_instr_sequence.py 188 INFO Processing branch instruction[832]:bltu        s9, s2, -292 # 832 -> 839
2026-06-12 16:33:03,144 riscv_instr_sequence.py 188 INFO Processing branch instruction[848]:blt         s4, a4, 58 # 848 -> 860
2026-06-12 16:33:03,144 riscv_instr_sequence.py 188 INFO Processing branch instruction[849]:bne         gp, t2, -632 # 849 -> 861
2026-06-12 16:33:03,144 riscv_instr_sequence.py 188 INFO Processing branch instruction[853]:bge         s2, s6, 983 # 853 -> 859
2026-06-12 16:33:03,144 riscv_instr_sequence.py 188 INFO Processing branch instruction[857]:bne         t5, t1, 1084 # 857 -> 876
2026-06-12 16:33:03,144 riscv_instr_sequence.py 188 INFO Processing branch instruction[864]:c.beqz      a0, -2 # 864 -> 871
2026-06-12 16:33:03,144 riscv_instr_sequence.py 188 INFO Processing branch instruction[867]:bltu        a0, s11, -1134 # 867 -> 875
2026-06-12 16:33:03,144 riscv_instr_sequence.py 188 INFO Processing branch instruction[874]:bltu        s2, a0, 982 # 874 -> 884
2026-06-12 16:33:03,144 riscv_instr_sequence.py 188 INFO Processing branch instruction[877]:bge         s10, t6, -2047 # 877 -> 883
2026-06-12 16:33:03,144 riscv_instr_sequence.py 188 INFO Processing branch instruction[884]:beq         s3, t6, -107 # 884 -> 889
2026-06-12 16:33:03,144 riscv_instr_sequence.py 188 INFO Processing branch instruction[887]:bltu        t0, a3, -338 # 887 -> 895
2026-06-12 16:33:03,144 riscv_instr_sequence.py 188 INFO Processing branch instruction[892]:bge         a0, a3, 1489 # 892 -> 894
2026-06-12 16:33:03,144 riscv_instr_sequence.py 188 INFO Processing branch instruction[894]:beq         gp, a1, -29 # 894 -> 901
2026-06-12 16:33:03,144 riscv_instr_sequence.py 188 INFO Processing branch instruction[896]:blt         a6, tp, 1580 # 896 -> 906
2026-06-12 16:33:03,144 riscv_instr_sequence.py 188 INFO Processing branch instruction[903]:c.beqz      a1, -2 # 903 -> 919
2026-06-12 16:33:03,144 riscv_instr_sequence.py 188 INFO Processing branch instruction[904]:blt         a4, s0, 1252 # 904 -> 911
2026-06-12 16:33:03,144 riscv_instr_sequence.py 188 INFO Processing branch instruction[911]:blt         sp, s8, -908 # 911 -> 923
2026-06-12 16:33:03,145 riscv_instr_sequence.py 188 INFO Processing branch instruction[916]:beq         s10, tp, 1427 # 916 -> 922
2026-06-12 16:33:03,145 riscv_instr_sequence.py 188 INFO Processing branch instruction[921]:blt         zero, sp, -677 # 921 -> 925
2026-06-12 16:33:03,145 riscv_instr_sequence.py 188 INFO Processing branch instruction[928]:c.beqz      a0, -2 # 928 -> 941
2026-06-12 16:33:03,145 riscv_instr_sequence.py 188 INFO Processing branch instruction[929]:bne         s10, t1, -1047 # 929 -> 931
2026-06-12 16:33:03,145 riscv_instr_sequence.py 188 INFO Processing branch instruction[944]:bne         ra, a7, 112 # 944 -> 946
2026-06-12 16:33:03,145 riscv_instr_sequence.py 188 INFO Processing branch instruction[953]:beq         t3, a5, 1031 # 953 -> 957
2026-06-12 16:33:03,145 riscv_instr_sequence.py 188 INFO Processing branch instruction[960]:bge         s0, a6, -48 # 960 -> 966
2026-06-12 16:33:03,145 riscv_instr_sequence.py 188 INFO Processing branch instruction[962]:bne         s2, a3, -434 # 962 -> 970
2026-06-12 16:33:03,145 riscv_instr_sequence.py 188 INFO Processing branch instruction[966]:bne         a7, t2, -845 # 966 -> 978
2026-06-12 16:33:03,145 riscv_instr_sequence.py 188 INFO Processing branch instruction[981]:beq         s10, t1, 1738 # 981 -> 988
2026-06-12 16:33:03,145 riscv_instr_sequence.py 188 INFO Processing branch instruction[987]:bgeu        ra, s10, -1853 # 987 -> 1006
2026-06-12 16:33:03,145 riscv_instr_sequence.py 188 INFO Processing branch instruction[989]:bge         a3, a3, -644 # 989 -> 990
2026-06-12 16:33:03,145 riscv_instr_sequence.py 188 INFO Processing branch instruction[991]:bne         t0, gp, 945 # 991 -> 996
2026-06-12 16:33:03,145 riscv_instr_sequence.py 188 INFO Processing branch instruction[992]:bltu        s10, gp, -375 # 992 -> 1004
2026-06-12 16:33:03,146 riscv_instr_sequence.py 188 INFO Processing branch instruction[996]:beq         a1, s4, -310 # 996 -> 1007
2026-06-12 16:33:03,146 riscv_instr_sequence.py 188 INFO Processing branch instruction[997]:beq         ra, s2, 307 # 997 -> 998
2026-06-12 16:33:03,146 riscv_instr_sequence.py 188 INFO Processing branch instruction[1026]:bge         t3, sp, 1456 # 1026 -> 1032
2026-06-12 16:33:03,146 riscv_instr_sequence.py 188 INFO Processing branch instruction[1034]:c.bnez      a3, 34 # 1034 -> 1040
2026-06-12 16:33:03,146 riscv_instr_sequence.py 188 INFO Processing branch instruction[1041]:bge         zero, t2, 819 # 1041 -> 1051
2026-06-12 16:33:03,146 riscv_instr_sequence.py 188 INFO Processing branch instruction[1043]:c.beqz      a1, 40 # 1043 -> 1045
2026-06-12 16:33:03,146 riscv_instr_sequence.py 188 INFO Processing branch instruction[1045]:c.bnez      a2, 2 # 1045 -> 1053
2026-06-12 16:33:03,146 riscv_instr_sequence.py 188 INFO Processing branch instruction[1055]:c.beqz      a0, -2 # 1055 -> 1065
2026-06-12 16:33:03,146 riscv_instr_sequence.py 188 INFO Processing branch instruction[1067]:bltu        a2, a0, 382 # 1067 -> 1077
2026-06-12 16:33:03,146 riscv_instr_sequence.py 188 INFO Processing branch instruction[1068]:bltu        a4, s5, 934 # 1068 -> 1080
2026-06-12 16:33:03,146 riscv_instr_sequence.py 188 INFO Processing branch instruction[1079]:bgeu        a1, s7, -405 # 1079 -> 1092
2026-06-12 16:33:03,146 riscv_instr_sequence.py 188 INFO Processing branch instruction[1082]:bltu        t3, s7, 1662 # 1082 -> 1088
2026-06-12 16:33:03,146 riscv_instr_sequence.py 188 INFO Processing branch instruction[1084]:c.beqz      a3, 46 # 1084 -> 1090
2026-06-12 16:33:03,146 riscv_instr_sequence.py 188 INFO Processing branch instruction[1086]:beq         s10, t5, 951 # 1086 -> 1094
2026-06-12 16:33:03,147 riscv_instr_sequence.py 188 INFO Processing branch instruction[1094]:bge         a6, s7, -306 # 1094 -> 1104
2026-06-12 16:33:03,147 riscv_instr_sequence.py 188 INFO Processing branch instruction[1097]:c.beqz      s0, 44 # 1097 -> 1101
2026-06-12 16:33:03,147 riscv_instr_sequence.py 188 INFO Processing branch instruction[1098]:blt         s10, a7, -1765 # 1098 -> 1105
2026-06-12 16:33:03,147 riscv_instr_sequence.py 188 INFO Processing branch instruction[1108]:bgeu        gp, s3, 439 # 1108 -> 1110
2026-06-12 16:33:03,147 riscv_instr_sequence.py 188 INFO Processing branch instruction[1109]:bltu        ra, zero, 1137 # 1109 -> 1111
2026-06-12 16:33:03,147 riscv_instr_sequence.py 188 INFO Processing branch instruction[1119]:bge         t4, t4, -211 # 1119 -> 1124
2026-06-12 16:33:03,147 riscv_instr_sequence.py 188 INFO Processing branch instruction[1121]:bge         s2, t5, 1999 # 1121 -> 1128
2026-06-12 16:33:03,147 riscv_instr_sequence.py 188 INFO Processing branch instruction[1125]:bne         a4, s5, 339 # 1125 -> 1126
2026-06-12 16:33:03,147 riscv_instr_sequence.py 188 INFO Processing branch instruction[1132]:blt         zero, s6, -1877 # 1132 -> 1139
2026-06-12 16:33:03,147 riscv_instr_sequence.py 188 INFO Processing branch instruction[1135]:bltu        s2, tp, -1749 # 1135 -> 1147
2026-06-12 16:33:03,147 riscv_instr_sequence.py 188 INFO Processing branch instruction[1149]:bltu        zero, t0, 499 # 1149 -> 1151
2026-06-12 16:33:03,147 riscv_instr_sequence.py 188 INFO Processing branch instruction[1151]:bltu        s8, a2, 1387 # 1151 -> 1163
2026-06-12 16:33:03,147 riscv_instr_sequence.py 188 INFO Processing branch instruction[1156]:bltu        t0, s1, 819 # 1156 -> 1160
2026-06-12 16:33:03,148 riscv_instr_sequence.py 188 INFO Processing branch instruction[1188]:c.bnez      a3, -2 # 1188 -> 1196
2026-06-12 16:33:03,148 riscv_instr_sequence.py 188 INFO Processing branch instruction[1220]:blt         a0, t5, -1613 # 1220 -> 1225
2026-06-12 16:33:03,148 riscv_instr_sequence.py 188 INFO Processing branch instruction[1225]:bne         sp, s2, -1017 # 1225 -> 1227
2026-06-12 16:33:03,148 riscv_instr_sequence.py 188 INFO Processing branch instruction[1226]:bge         a0, ra, 656 # 1226 -> 1232
2026-06-12 16:33:03,148 riscv_instr_sequence.py 188 INFO Processing branch instruction[1239]:bltu        t0, ra, 733 # 1239 -> 1247
2026-06-12 16:33:03,148 riscv_instr_sequence.py 188 INFO Processing branch instruction[1242]:c.bnez      a2, 62 # 1242 -> 1253
2026-06-12 16:33:03,148 riscv_instr_sequence.py 188 INFO Processing branch instruction[1243]:c.beqz      s0, 126 # 1243 -> 1253
2026-06-12 16:33:03,148 riscv_instr_sequence.py 188 INFO Processing branch instruction[1259]:c.bnez      s0, 118 # 1259 -> 1265
2026-06-12 16:33:03,148 riscv_instr_sequence.py 188 INFO Processing branch instruction[1260]:c.bnez      a1, -2 # 1260 -> 1279
2026-06-12 16:33:03,148 riscv_instr_sequence.py 188 INFO Processing branch instruction[1265]:beq         s6, a1, -3 # 1265 -> 1266
2026-06-12 16:33:03,148 riscv_instr_sequence.py 188 INFO Processing branch instruction[1266]:blt         s8, s9, 919 # 1266 -> 1282
2026-06-12 16:33:03,149 riscv_instr_sequence.py 188 INFO Processing branch instruction[1267]:blt         s10, a6, 961 # 1267 -> 1275
2026-06-12 16:33:03,149 riscv_instr_sequence.py 188 INFO Processing branch instruction[1272]:blt         t5, t1, -191 # 1272 -> 1273
2026-06-12 16:33:03,149 riscv_instr_sequence.py 188 INFO Processing branch instruction[1278]:bltu        tp, a6, -1718 # 1278 -> 1286
2026-06-12 16:33:03,149 riscv_instr_sequence.py 188 INFO Processing branch instruction[1284]:blt         a6, a5, 1677 # 1284 -> 1292
2026-06-12 16:33:03,149 riscv_instr_sequence.py 188 INFO Processing branch instruction[1323]:bge         a5, s1, -1401 # 1323 -> 1335
2026-06-12 16:33:03,149 riscv_instr_sequence.py 188 INFO Processing branch instruction[1333]:blt         s8, s9, -233 # 1333 -> 1339
2026-06-12 16:33:03,149 riscv_instr_sequence.py 188 INFO Processing branch instruction[1348]:bgeu        t6, t2, -1938 # 1348 -> 1361
2026-06-12 16:33:03,149 riscv_instr_sequence.py 188 INFO Processing branch instruction[1361]:bne         tp, a5, -877 # 1361 -> 1362
2026-06-12 16:33:03,149 riscv_instr_sequence.py 188 INFO Processing branch instruction[1363]:bgeu        s1, a3, -1664 # 1363 -> 1367
2026-06-12 16:33:03,150 riscv_instr_sequence.py 188 INFO Processing branch instruction[1370]:bgeu        s7, t2, -28 # 1370 -> 1380
2026-06-12 16:33:03,150 riscv_instr_sequence.py 188 INFO Processing branch instruction[1371]:bltu        gp, s7, 818 # 1371 -> 1376
2026-06-12 16:33:03,150 riscv_instr_sequence.py 188 INFO Processing branch instruction[1381]:blt         a3, t3, -1068 # 1381 -> 1387
2026-06-12 16:33:03,150 riscv_instr_sequence.py 188 INFO Processing branch instruction[1382]:c.bnez      a0, 2 # 1382 -> 1392
2026-06-12 16:33:03,150 riscv_instr_sequence.py 188 INFO Processing branch instruction[1383]:bgeu        gp, a6, 1815 # 1383 -> 1385
2026-06-12 16:33:03,150 riscv_instr_sequence.py 188 INFO Processing branch instruction[1385]:c.beqz      s0, 52 # 1385 -> 1390
2026-06-12 16:33:03,150 riscv_instr_sequence.py 188 INFO Processing branch instruction[1395]:beq         s7, a7, -1809 # 1395 -> 1397
2026-06-12 16:33:03,150 riscv_instr_sequence.py 188 INFO Processing branch instruction[1400]:bne         ra, t4, 1224 # 1400 -> 1407
2026-06-12 16:33:03,150 riscv_instr_sequence.py 188 INFO Processing branch instruction[1402]:bltu        t1, a1, -1117 # 1402 -> 1404
2026-06-12 16:33:03,150 riscv_instr_sequence.py 188 INFO Processing branch instruction[1405]:bge         s5, gp, 1030 # 1405 -> 1411
2026-06-12 16:33:03,150 riscv_instr_sequence.py 188 INFO Processing branch instruction[1418]:c.beqz      a3, 20 # 1418 -> 1424
2026-06-12 16:33:03,150 riscv_instr_sequence.py 188 INFO Processing branch instruction[1436]:bltu        ra, s11, -128 # 1436 -> 1448
2026-06-12 16:33:03,150 riscv_instr_sequence.py 188 INFO Processing branch instruction[1439]:blt         s6, zero, -542 # 1439 -> 1451
2026-06-12 16:33:03,151 riscv_instr_sequence.py 188 INFO Processing branch instruction[1453]:bne         s8, t3, 1913 # 1453 -> 1457
2026-06-12 16:33:03,151 riscv_instr_sequence.py 188 INFO Processing branch instruction[1454]:bne         gp, s8, -1565 # 1454 -> 1461
2026-06-12 16:33:03,151 riscv_instr_sequence.py 188 INFO Processing branch instruction[1460]:bltu        s6, a3, -2048 # 1460 -> 1470
2026-06-12 16:33:03,151 riscv_instr_sequence.py 188 INFO Processing branch instruction[1463]:bne         s10, s4, 1907 # 1463 -> 1479
2026-06-12 16:33:03,151 riscv_instr_sequence.py 188 INFO Processing branch instruction[1471]:bge         a4, t1, -1438 # 1471 -> 1473
2026-06-12 16:33:03,151 riscv_instr_sequence.py 188 INFO Processing branch instruction[1476]:c.bnez      a5, 50 # 1476 -> 1487
2026-06-12 16:33:03,151 riscv_instr_sequence.py 188 INFO Processing branch instruction[1481]:c.bnez      a2, 56 # 1481 -> 1488
2026-06-12 16:33:03,151 riscv_instr_sequence.py 188 INFO Processing branch instruction[1489]:c.bnez      a2, -2 # 1489 -> 1508
2026-06-12 16:33:03,151 riscv_instr_sequence.py 188 INFO Processing branch instruction[1492]:blt         s4, a6, 1378 # 1492 -> 1499
2026-06-12 16:33:03,151 riscv_instr_sequence.py 188 INFO Processing branch instruction[1505]:bgeu        t4, s7, -1406 # 1505 -> 1515
2026-06-12 16:33:03,151 riscv_instr_sequence.py 188 INFO Processing branch instruction[1520]:c.beqz      a0, -2 # 1520 -> 1532
2026-06-12 16:33:03,151 riscv_instr_sequence.py 188 INFO Processing branch instruction[1524]:bgeu        t1, s9, 589 # 1524 -> 1525
2026-06-12 16:33:03,151 riscv_instr_sequence.py 188 INFO Processing branch instruction[1539]:bltu        a7, a6, 1675 # 1539 -> 1543
2026-06-12 16:33:03,152 riscv_instr_sequence.py 188 INFO Processing branch instruction[1543]:c.bnez      a5, 72 # 1543 -> 1553
2026-06-12 16:33:03,152 riscv_instr_sequence.py 188 INFO Processing branch instruction[1551]:c.beqz      a1, 54 # 1551 -> 1557
2026-06-12 16:33:03,152 riscv_instr_sequence.py 188 INFO Processing branch instruction[1556]:c.beqz      a0, 56 # 1556 -> 1562
2026-06-12 16:33:03,152 riscv_instr_sequence.py 188 INFO Processing branch instruction[1558]:bge         a6, s0, -230 # 1558 -> 1568
2026-06-12 16:33:03,152 riscv_instr_sequence.py 188 INFO Processing branch instruction[1560]:c.bnez      a3, 106 # 1560 -> 1571
2026-06-12 16:33:03,152 riscv_instr_sequence.py 188 INFO Processing branch instruction[1572]:c.bnez      a0, 92 # 1572 -> 1574
2026-06-12 16:33:03,152 riscv_instr_sequence.py 188 INFO Processing branch instruction[1585]:bgeu        gp, a7, -1949 # 1585 -> 1591
2026-06-12 16:33:03,152 riscv_instr_sequence.py 188 INFO Processing branch instruction[1588]:c.beqz      a0, -2 # 1588 -> 1590
2026-06-12 16:33:03,152 riscv_instr_sequence.py 188 INFO Processing branch instruction[1590]:c.beqz      a0, 20 # 1590 -> 1597
2026-06-12 16:33:03,152 riscv_instr_sequence.py 188 INFO Processing branch instruction[1594]:beq         s7, s4, -558 # 1594 -> 1610
2026-06-12 16:33:03,152 riscv_instr_sequence.py 188 INFO Processing branch instruction[1602]:c.bnez      a1, -2 # 1602 -> 1604
2026-06-12 16:33:03,152 riscv_instr_sequence.py 188 INFO Processing branch instruction[1613]:bne         s8, s10, 994 # 1613 -> 1621
2026-06-12 16:33:03,152 riscv_instr_sequence.py 188 INFO Processing branch instruction[1618]:beq         s1, t6, -977 # 1618 -> 1626
2026-06-12 16:33:03,152 riscv_instr_sequence.py 188 INFO Processing branch instruction[1620]:bge         s0, s2, 2021 # 1620 -> 1632
2026-06-12 16:33:03,152 riscv_instr_sequence.py 188 INFO Processing branch instruction[1622]:bltu        t2, t4, -728 # 1622 -> 1635
2026-06-12 16:33:03,153 riscv_instr_sequence.py 188 INFO Processing branch instruction[1624]:c.bnez      a2, -2 # 1624 -> 1628
2026-06-12 16:33:03,153 riscv_instr_sequence.py 188 INFO Processing branch instruction[1637]:bge         a4, a0, -1355 # 1637 -> 1642
2026-06-12 16:33:03,153 riscv_instr_sequence.py 188 INFO Processing branch instruction[1642]:blt         s4, t2, -1820 # 1642 -> 1644
2026-06-12 16:33:03,153 riscv_instr_sequence.py 188 INFO Processing branch instruction[1645]:bgeu        s4, a5, 1358 # 1645 -> 1664
2026-06-12 16:33:03,153 riscv_instr_sequence.py 188 INFO Processing branch instruction[1649]:bltu        t3, gp, -1696 # 1649 -> 1656
2026-06-12 16:33:03,153 riscv_instr_sequence.py 188 INFO Processing branch instruction[1675]:c.beqz      a3, -2 # 1675 -> 1683
2026-06-12 16:33:03,153 riscv_instr_sequence.py 188 INFO Processing branch instruction[1676]:bgeu        a1, a7, 1424 # 1676 -> 1682
2026-06-12 16:33:03,153 riscv_instr_sequence.py 188 INFO Processing branch instruction[1677]:bge         s9, a4, 1291 # 1677 -> 1678
2026-06-12 16:33:03,153 riscv_instr_sequence.py 188 INFO Processing branch instruction[1695]:c.beqz      a1, -2 # 1695 -> 1700
2026-06-12 16:33:03,153 riscv_instr_sequence.py 188 INFO Processing branch instruction[1696]:bltu        s6, s9, -657 # 1696 -> 1708
2026-06-12 16:33:03,153 riscv_instr_sequence.py 188 INFO Processing branch instruction[1703]:blt         zero, t3, 1394 # 1703 -> 1722
2026-06-12 16:33:03,153 riscv_instr_sequence.py 188 INFO Processing branch instruction[1704]:bgeu        t4, zero, -278 # 1704 -> 1709
2026-06-12 16:33:03,154 riscv_instr_sequence.py 188 INFO Processing branch instruction[1705]:bltu        a7, a0, -1275 # 1705 -> 1712
2026-06-12 16:33:03,154 riscv_instr_sequence.py 188 INFO Processing branch instruction[1721]:c.bnez      a1, -2 # 1721 -> 1731
2026-06-12 16:33:03,154 riscv_instr_sequence.py 188 INFO Processing branch instruction[1723]:beq         s2, ra, -958 # 1723 -> 1725
2026-06-12 16:33:03,154 riscv_instr_sequence.py 188 INFO Processing branch instruction[1732]:c.bnez      s0, 0 # 1732 -> 1738
2026-06-12 16:33:03,154 riscv_instr_sequence.py 188 INFO Processing branch instruction[1734]:c.beqz      a3, -2 # 1734 -> 1736
2026-06-12 16:33:03,154 riscv_instr_sequence.py 188 INFO Processing branch instruction[1741]:beq         t6, a2, 62 # 1741 -> 1749
2026-06-12 16:33:03,154 riscv_instr_sequence.py 188 INFO Processing branch instruction[1743]:blt         t1, s6, -1174 # 1743 -> 1755
2026-06-12 16:33:03,154 riscv_instr_sequence.py 188 INFO Processing branch instruction[1755]:bne         a7, t2, -1843 # 1755 -> 1765
2026-06-12 16:33:03,154 riscv_instr_sequence.py 188 INFO Processing branch instruction[1774]:bne         zero, t4, -1738 # 1774 -> 1776
2026-06-12 16:33:03,154 riscv_instr_sequence.py 188 INFO Processing branch instruction[1780]:bge         t6, t3, -1651 # 1780 -> 1793
2026-06-12 16:33:03,154 riscv_instr_sequence.py 188 INFO Processing branch instruction[1783]:blt         a6, s4, 1214 # 1783 -> 1790
2026-06-12 16:33:03,154 riscv_instr_sequence.py 188 INFO Processing branch instruction[1784]:bgeu        a1, a4, 1875 # 1784 -> 1785
2026-06-12 16:33:03,155 riscv_instr_sequence.py 188 INFO Processing branch instruction[1791]:c.beqz      a1, -2 # 1791 -> 1797
2026-06-12 16:33:03,155 riscv_instr_sequence.py 188 INFO Processing branch instruction[1795]:c.bnez      a1, 8 # 1795 -> 1806
2026-06-12 16:33:03,155 riscv_instr_sequence.py 188 INFO Processing branch instruction[1802]:bgeu        t5, s10, 276 # 1802 -> 1804
2026-06-12 16:33:03,155 riscv_instr_sequence.py 188 INFO Processing branch instruction[1822]:c.beqz      a3, -2 # 1822 -> 1827
2026-06-12 16:33:03,155 riscv_instr_sequence.py 188 INFO Processing branch instruction[1830]:beq         t3, s3, 839 # 1830 -> 1846
2026-06-12 16:33:03,155 riscv_instr_sequence.py 188 INFO Processing branch instruction[1856]:bgeu        zero, t6, -1480 # 1856 -> 1862
2026-06-12 16:33:03,155 riscv_instr_sequence.py 188 INFO Processing branch instruction[1858]:c.beqz      a1, -2 # 1858 -> 1866
2026-06-12 16:33:03,155 riscv_instr_sequence.py 188 INFO Processing branch instruction[1873]:c.beqz      a0, -2 # 1873 -> 1885
2026-06-12 16:33:03,155 riscv_instr_sequence.py 188 INFO Processing branch instruction[1877]:blt         s11, s10, -417 # 1877 -> 1881
2026-06-12 16:33:03,155 riscv_instr_sequence.py 188 INFO Processing branch instruction[1881]:c.bnez      s0, 26 # 1881 -> 1882
2026-06-12 16:33:03,155 riscv_instr_sequence.py 188 INFO Processing branch instruction[1890]:c.bnez      s0, 14 # 1890 -> 1897
2026-06-12 16:33:03,156 riscv_instr_sequence.py 188 INFO Processing branch instruction[1893]:beq         t4, a6, 1380 # 1893 -> 1899
2026-06-12 16:33:03,156 riscv_instr_sequence.py 188 INFO Processing branch instruction[1913]:bgeu        t1, a3, -1970 # 1913 -> 1921
2026-06-12 16:33:03,156 riscv_instr_sequence.py 188 INFO Processing branch instruction[1914]:blt         s10, sp, 924 # 1914 -> 1918
2026-06-12 16:33:03,156 riscv_instr_sequence.py 188 INFO Processing branch instruction[1924]:blt         a0, s9, -1472 # 1924 -> 1936
2026-06-12 16:33:03,156 riscv_instr_sequence.py 188 INFO Processing branch instruction[1929]:c.beqz      a3, -2 # 1929 -> 1939
2026-06-12 16:33:03,156 riscv_instr_sequence.py 188 INFO Processing branch instruction[1936]:beq         t5, a0, -1834 # 1936 -> 1938
2026-06-12 16:33:03,156 riscv_instr_sequence.py 188 INFO Processing branch instruction[1938]:bne         zero, a4, 763 # 1938 -> 1939
2026-06-12 16:33:03,156 riscv_instr_sequence.py 188 INFO Processing branch instruction[1940]:c.beqz      s0, 66 # 1940 -> 1952
2026-06-12 16:33:03,156 riscv_instr_sequence.py 188 INFO Processing branch instruction[1947]:beq         t0, t0, -1980 # 1947 -> 1963
2026-06-12 16:33:03,156 riscv_instr_sequence.py 188 INFO Processing branch instruction[1961]:beq         a6, t6, -1935 # 1961 -> 1965
2026-06-12 16:33:03,156 riscv_instr_sequence.py 188 INFO Processing branch instruction[1963]:bltu        s0, t6, 1581 # 1963 -> 1968
2026-06-12 16:33:03,156 riscv_instr_sequence.py 188 INFO Processing branch instruction[1975]:bge         s4, a4, -1529 # 1975 -> 1988
2026-06-12 16:33:03,156 riscv_instr_sequence.py 188 INFO Processing branch instruction[1977]:bltu        zero, a2, -867 # 1977 -> 1987
2026-06-12 16:33:03,157 riscv_instr_sequence.py 188 INFO Processing branch instruction[1985]:c.beqz      a2, 42 # 1985 -> 2004
2026-06-12 16:33:03,157 riscv_instr_sequence.py 188 INFO Processing branch instruction[1992]:bgeu        t2, t0, 1331 # 1992 -> 1998
2026-06-12 16:33:03,157 riscv_instr_sequence.py 188 INFO Processing branch instruction[1999]:bltu        s0, t5, -1161 # 1999 -> 2010
2026-06-12 16:33:03,157 riscv_instr_sequence.py 188 INFO Processing branch instruction[2000]:c.bnez      s0, -2 # 2000 -> 2010
2026-06-12 16:33:03,157 riscv_instr_sequence.py 188 INFO Processing branch instruction[2002]:blt         t3, s11, -1165 # 2002 -> 2010
2026-06-12 16:33:03,157 riscv_instr_sequence.py 188 INFO Processing branch instruction[2004]:bge         gp, s10, 1855 # 2004 -> 2006
2026-06-12 16:33:03,157 riscv_instr_sequence.py 188 INFO Processing branch instruction[2011]:bne         a4, s2, 1082 # 2011 -> 2017
2026-06-12 16:33:03,157 riscv_instr_sequence.py 188 INFO Processing branch instruction[2038]:c.beqz      s0, -2 # 2038 -> 2042
2026-06-12 16:33:03,157 riscv_instr_sequence.py 188 INFO Processing branch instruction[2039]:blt         a1, t3, 174 # 2039 -> 2045
2026-06-12 16:33:03,157 riscv_instr_sequence.py 188 INFO Processing branch instruction[2041]:bltu        t5, a0, 1715 # 2041 -> 2048
2026-06-12 16:33:03,157 riscv_instr_sequence.py 188 INFO Processing branch instruction[2044]:c.bnez      a1, -2 # 2044 -> 2046
2026-06-12 16:33:03,157 riscv_instr_sequence.py 188 INFO Processing branch instruction[2049]:bltu        t2, s3, -1546 # 2049 -> 2056
2026-06-12 16:33:03,157 riscv_instr_sequence.py 188 INFO Processing branch instruction[2050]:bge         t3, s0, 1695 # 2050 -> 2058
2026-06-12 16:33:03,157 riscv_instr_sequence.py 188 INFO Processing branch instruction[2051]:c.bnez      s0, 72 # 2051 -> 2053
2026-06-12 16:33:03,158 riscv_instr_sequence.py 188 INFO Processing branch instruction[2075]:bgeu        s5, t3, -1782 # 2075 -> 2087
2026-06-12 16:33:03,158 riscv_instr_sequence.py 188 INFO Processing branch instruction[2077]:bge         t6, a6, -853 # 2077 -> 2084
2026-06-12 16:33:03,158 riscv_instr_sequence.py 188 INFO Processing branch instruction[2082]:c.bnez      a3, -2 # 2082 -> 2094
2026-06-12 16:33:03,158 riscv_instr_sequence.py 188 INFO Processing branch instruction[2090]:beq         a6, a2, -940 # 2090 -> 2095
2026-06-12 16:33:03,158 riscv_instr_sequence.py 188 INFO Processing branch instruction[2096]:blt         a2, a3, 895 # 2096 -> 2102
2026-06-12 16:33:03,158 riscv_instr_sequence.py 188 INFO Processing branch instruction[2108]:c.bnez      a2, 74 # 2108 -> 2109
2026-06-12 16:33:03,158 riscv_instr_sequence.py 188 INFO Processing branch instruction[2110]:bgeu        s2, a7, -849 # 2110 -> 2118
2026-06-12 16:33:03,158 riscv_instr_sequence.py 188 INFO Processing branch instruction[2112]:bltu        t1, s9, -1634 # 2112 -> 2122
2026-06-12 16:33:03,158 riscv_instr_sequence.py 188 INFO Processing branch instruction[2122]:bltu        s8, a3, -513 # 2122 -> 2130
2026-06-12 16:33:03,158 riscv_instr_sequence.py 188 INFO Processing branch instruction[2129]:c.bnez      a2, 70 # 2129 -> 2136
2026-06-12 16:33:03,158 riscv_instr_sequence.py 188 INFO Processing branch instruction[2136]:bltu        a5, s9, -166 # 2136 -> 2143
2026-06-12 16:33:03,158 riscv_instr_sequence.py 188 INFO Processing branch instruction[2141]:bltu        s7, a2, 1716 # 2141 -> 2152
2026-06-12 16:33:03,158 riscv_instr_sequence.py 188 INFO Processing branch instruction[2146]:blt         t0, ra, -293 # 2146 -> 2159
2026-06-12 16:33:03,159 riscv_instr_sequence.py 188 INFO Processing branch instruction[2147]:bgeu        sp, ra, -1046 # 2147 -> 2154
2026-06-12 16:33:03,159 riscv_instr_sequence.py 188 INFO Processing branch instruction[2148]:bgeu        a6, s6, -1361 # 2148 -> 2150
2026-06-12 16:33:03,159 riscv_instr_sequence.py 188 INFO Processing branch instruction[2159]:c.beqz      a0, 36 # 2159 -> 2165
2026-06-12 16:33:03,159 riscv_instr_sequence.py 188 INFO Processing branch instruction[2172]:bgeu        s9, t4, -730 # 2172 -> 2174
2026-06-12 16:33:03,159 riscv_instr_sequence.py 188 INFO Processing branch instruction[2178]:bge         s6, a2, -1620 # 2178 -> 2186
2026-06-12 16:33:03,159 riscv_instr_sequence.py 188 INFO Processing branch instruction[2191]:bge         ra, s8, -1496 # 2191 -> 2193
2026-06-12 16:33:03,159 riscv_instr_sequence.py 188 INFO Processing branch instruction[2207]:c.beqz      a3, 0 # 2207 -> 2211
2026-06-12 16:33:03,159 riscv_instr_sequence.py 188 INFO Processing branch instruction[2208]:c.bnez      a3, -2 # 2208 -> 2210
2026-06-12 16:33:03,159 riscv_instr_sequence.py 188 INFO Processing branch instruction[2209]:bne         s9, s8, -1706 # 2209 -> 2214
2026-06-12 16:33:03,159 riscv_instr_sequence.py 188 INFO Processing branch instruction[2223]:bne         t3, s7, -1424 # 2223 -> 2242
2026-06-12 16:33:03,159 riscv_instr_sequence.py 188 INFO Processing branch instruction[2227]:bge         t1, tp, 1277 # 2227 -> 2232
2026-06-12 16:33:03,160 riscv_instr_sequence.py 188 INFO Processing branch instruction[2240]:bltu        a2, s11, -946 # 2240 -> 2252
2026-06-12 16:33:03,160 riscv_instr_sequence.py 188 INFO Processing branch instruction[2242]:bge         a0, t2, -1012 # 2242 -> 2243
2026-06-12 16:33:03,160 riscv_instr_sequence.py 188 INFO Processing branch instruction[2244]:bgeu        s0, s9, 1573 # 2244 -> 2260
2026-06-12 16:33:03,160 riscv_instr_sequence.py 188 INFO Processing branch instruction[2251]:bge         t6, s7, -2041 # 2251 -> 2257
2026-06-12 16:33:03,160 riscv_instr_sequence.py 188 INFO Processing branch instruction[2256]:c.bnez      a0, -2 # 2256 -> 2268
2026-06-12 16:33:03,160 riscv_instr_sequence.py 188 INFO Processing branch instruction[2258]:bgeu        a0, a2, -1910 # 2258 -> 2270
2026-06-12 16:33:03,160 riscv_instr_sequence.py 188 INFO Processing branch instruction[2259]:bge         s0, s0, -1666 # 2259 -> 2265
2026-06-12 16:33:03,160 riscv_instr_sequence.py 188 INFO Processing branch instruction[2260]:c.beqz      a3, 94 # 2260 -> 2264
2026-06-12 16:33:03,160 riscv_instr_sequence.py 188 INFO Processing branch instruction[2264]:bge         s6, t0, -1294 # 2264 -> 2272
2026-06-12 16:33:03,160 riscv_instr_sequence.py 188 INFO Processing branch instruction[2266]:c.bnez      a5, -2 # 2266 -> 2276
2026-06-12 16:33:03,160 riscv_instr_sequence.py 188 INFO Processing branch instruction[2268]:blt         sp, ra, 1613 # 2268 -> 2278
2026-06-12 16:33:03,160 riscv_instr_sequence.py 188 INFO Processing branch instruction[2269]:blt         t2, a7, 818 # 2269 -> 2275
2026-06-12 16:33:03,160 riscv_instr_sequence.py 188 INFO Processing branch instruction[2270]:c.beqz      a3, -2 # 2270 -> 2271
2026-06-12 16:33:03,160 riscv_instr_sequence.py 188 INFO Processing branch instruction[2288]:c.beqz      a0, -2 # 2288 -> 2298
2026-06-12 16:33:03,160 riscv_instr_sequence.py 188 INFO Processing branch instruction[2300]:bne         t4, sp, 915 # 2300 -> 2307
2026-06-12 16:33:03,160 riscv_instr_sequence.py 188 INFO Processing branch instruction[2303]:c.bnez      a0, -2 # 2303 -> 2308
2026-06-12 16:33:03,161 riscv_instr_sequence.py 188 INFO Processing branch instruction[2312]:bge         t6, s8, -1933 # 2312 -> 2313
2026-06-12 16:33:03,161 riscv_instr_sequence.py 188 INFO Processing branch instruction[2333]:c.beqz      a0, -2 # 2333 -> 2337
2026-06-12 16:33:03,161 riscv_instr_sequence.py 188 INFO Processing branch instruction[2338]:c.bnez      s0, -2 # 2338 -> 2340
2026-06-12 16:33:03,161 riscv_instr_sequence.py 188 INFO Processing branch instruction[2346]:bne         s0, t4, 1032 # 2346 -> 2351
2026-06-12 16:33:03,161 riscv_instr_sequence.py 188 INFO Processing branch instruction[2360]:c.bnez      a3, 22 # 2360 -> 2372
2026-06-12 16:33:03,161 riscv_instr_sequence.py 188 INFO Processing branch instruction[2373]:bne         t2, a5, 1161 # 2373 -> 2375
2026-06-12 16:33:03,161 riscv_instr_sequence.py 188 INFO Processing branch instruction[2385]:bltu        a0, a7, 1852 # 2385 -> 2392
2026-06-12 16:33:03,161 riscv_instr_sequence.py 188 INFO Processing branch instruction[2387]:bne         t5, s3, -720 # 2387 -> 2399
2026-06-12 16:33:03,161 riscv_instr_sequence.py 188 INFO Processing branch instruction[2390]:bge         a7, s8, -553 # 2390 -> 2394
2026-06-12 16:33:03,161 riscv_instr_sequence.py 188 INFO Processing branch instruction[2397]:bne         t3, sp, 1657 # 2397 -> 2410
2026-06-12 16:33:03,161 riscv_instr_sequence.py 188 INFO Processing branch instruction[2411]:beq         t6, s1, 321 # 2411 -> 2417
2026-06-12 16:33:03,162 riscv_instr_sequence.py 188 INFO Processing branch instruction[2413]:bgeu        t4, a0, -1517 # 2413 -> 2419
2026-06-12 16:33:03,162 riscv_instr_sequence.py 188 INFO Processing branch instruction[2424]:blt         s10, s10, 1634 # 2424 -> 2426
2026-06-12 16:33:03,162 riscv_instr_sequence.py 188 INFO Processing branch instruction[2433]:bne         a5, t5, -633 # 2433 -> 2439
2026-06-12 16:33:03,162 riscv_instr_sequence.py 188 INFO Processing branch instruction[2442]:beq         tp, s1, 333 # 2442 -> 2454
2026-06-12 16:33:03,162 riscv_instr_sequence.py 188 INFO Processing branch instruction[2460]:bgeu        t2, a7, -1840 # 2460 -> 2470
2026-06-12 16:33:03,162 riscv_instr_sequence.py 188 INFO Processing branch instruction[2462]:bltu        t0, t5, -384 # 2462 -> 2472
2026-06-12 16:33:03,162 riscv_instr_sequence.py 188 INFO Processing branch instruction[2465]:beq         t2, s4, -512 # 2465 -> 2473
2026-06-12 16:33:03,162 riscv_instr_sequence.py 188 INFO Processing branch instruction[2466]:blt         a4, s0, -155 # 2466 -> 2468
2026-06-12 16:33:03,162 riscv_instr_sequence.py 188 INFO Processing branch instruction[2468]:beq         gp, a4, -462 # 2468 -> 2484
2026-06-12 16:33:03,162 riscv_instr_sequence.py 188 INFO Processing branch instruction[2481]:blt         s7, a1, -1579 # 2481 -> 2492
2026-06-12 16:33:03,162 riscv_instr_sequence.py 188 INFO Processing branch instruction[2484]:bne         s1, a2, 1300 # 2484 -> 2492
2026-06-12 16:33:03,162 riscv_instr_sequence.py 188 INFO Processing branch instruction[2485]:bltu        s3, t3, -53 # 2485 -> 2495
2026-06-12 16:33:03,162 riscv_instr_sequence.py 188 INFO Processing branch instruction[2487]:bgeu        s4, gp, 1188 # 2487 -> 2495
2026-06-12 16:33:03,162 riscv_instr_sequence.py 188 INFO Processing branch instruction[2489]:c.beqz      a5, 18 # 2489 -> 2495
2026-06-12 16:33:03,163 riscv_instr_sequence.py 188 INFO Processing branch instruction[2495]:bltu        t5, tp, -1474 # 2495 -> 2496
2026-06-12 16:33:03,163 riscv_instr_sequence.py 188 INFO Processing branch instruction[2498]:bgeu        s1, t4, -1603 # 2498 -> 2517
2026-06-12 16:33:03,163 riscv_instr_sequence.py 188 INFO Processing branch instruction[2499]:c.beqz      a3, 4 # 2499 -> 2506
2026-06-12 16:33:03,163 riscv_instr_sequence.py 188 INFO Processing branch instruction[2506]:bge         t2, a2, 634 # 2506 -> 2519
2026-06-12 16:33:03,163 riscv_instr_sequence.py 188 INFO Processing branch instruction[2510]:c.beqz      a0, 110 # 2510 -> 2514
2026-06-12 16:33:03,163 riscv_instr_sequence.py 188 INFO Processing branch instruction[2512]:blt         t0, s4, -789 # 2512 -> 2520
2026-06-12 16:33:03,163 riscv_instr_sequence.py 188 INFO Processing branch instruction[2521]:c.beqz      a2, -2 # 2521 -> 2533
2026-06-12 16:33:03,163 riscv_instr_sequence.py 188 INFO Processing branch instruction[2524]:c.bnez      a1, 108 # 2524 -> 2532
2026-06-12 16:33:03,163 riscv_instr_sequence.py 188 INFO Processing branch instruction[2525]:beq         t6, s11, 1607 # 2525 -> 2537
2026-06-12 16:33:03,163 riscv_instr_sequence.py 188 INFO Processing branch instruction[2530]:blt         t6, s3, -1230 # 2530 -> 2532
2026-06-12 16:33:03,163 riscv_instr_sequence.py 188 INFO Processing branch instruction[2535]:blt         t1, t6, 1885 # 2535 -> 2536
2026-06-12 16:33:03,163 riscv_instr_sequence.py 188 INFO Processing branch instruction[2538]:bne         s10, t4, 2029 # 2538 -> 2545
2026-06-12 16:33:03,163 riscv_instr_sequence.py 188 INFO Processing branch instruction[2547]:blt         s3, t0, -375 # 2547 -> 2549
2026-06-12 16:33:03,163 riscv_instr_sequence.py 188 INFO Processing branch instruction[2549]:bltu        t6, t5, 1025 # 2549 -> 2556
2026-06-12 16:33:03,163 riscv_instr_sequence.py 188 INFO Processing branch instruction[2558]:c.bnez      a3, 64 # 2558 -> 2564
2026-06-12 16:33:03,163 riscv_instr_sequence.py 188 INFO Processing branch instruction[2561]:bne         t2, a7, 1296 # 2561 -> 2569
2026-06-12 16:33:03,164 riscv_instr_sequence.py 188 INFO Processing branch instruction[2578]:bgeu        s4, a0, 1471 # 2578 -> 2584
2026-06-12 16:33:03,164 riscv_instr_sequence.py 188 INFO Processing branch instruction[2586]:bge         a4, t3, 211 # 2586 -> 2590
2026-06-12 16:33:03,164 riscv_instr_sequence.py 188 INFO Processing branch instruction[2588]:bge         a0, s11, 594 # 2588 -> 2600
2026-06-12 16:33:03,164 riscv_instr_sequence.py 188 INFO Processing branch instruction[2589]:bgeu        t2, t3, -1304 # 2589 -> 2599
2026-06-12 16:33:03,164 riscv_instr_sequence.py 188 INFO Processing branch instruction[2599]:bge         zero, t5, -1642 # 2599 -> 2609
2026-06-12 16:33:03,164 riscv_instr_sequence.py 188 INFO Processing branch instruction[2601]:beq         gp, t3, 545 # 2601 -> 2608
2026-06-12 16:33:03,164 riscv_instr_sequence.py 188 INFO Processing branch instruction[2602]:bgeu        s3, tp, 1217 # 2602 -> 2618
2026-06-12 16:33:03,164 riscv_instr_sequence.py 188 INFO Processing branch instruction[2616]:blt         s3, gp, 1098 # 2616 -> 2622
2026-06-12 16:33:03,164 riscv_instr_sequence.py 188 INFO Processing branch instruction[2618]:beq         t5, s1, 1549 # 2618 -> 2637
2026-06-12 16:33:03,164 riscv_instr_sequence.py 188 INFO Processing branch instruction[2631]:bgeu        s7, s8, 322 # 2631 -> 2633
2026-06-12 16:33:03,164 riscv_instr_sequence.py 188 INFO Processing branch instruction[2632]:blt         a6, t3, 183 # 2632 -> 2634
2026-06-12 16:33:03,164 riscv_instr_sequence.py 188 INFO Processing branch instruction[2633]:beq         a1, s0, -1494 # 2633 -> 2634
2026-06-12 16:33:03,164 riscv_instr_sequence.py 188 INFO Processing branch instruction[2638]:blt         s11, t4, -15 # 2638 -> 2649
2026-06-12 16:33:03,164 riscv_instr_sequence.py 188 INFO Processing branch instruction[2645]:bge         s0, s8, 1418 # 2645 -> 2655
2026-06-12 16:33:03,164 riscv_instr_sequence.py 188 INFO Processing branch instruction[2650]:beq         a4, a6, -265 # 2650 -> 2655
2026-06-12 16:33:03,165 riscv_instr_sequence.py 188 INFO Processing branch instruction[2657]:beq         s10, s11, -1088 # 2657 -> 2662
2026-06-12 16:33:03,165 riscv_instr_sequence.py 188 INFO Processing branch instruction[2662]:beq         s6, s1, 1369 # 2662 -> 2668
2026-06-12 16:33:03,165 riscv_instr_sequence.py 188 INFO Processing branch instruction[2665]:bge         zero, t1, -147 # 2665 -> 2666
2026-06-12 16:33:03,165 riscv_instr_sequence.py 188 INFO Processing branch instruction[2667]:bge         tp, a6, 741 # 2667 -> 2672
2026-06-12 16:33:03,165 riscv_instr_sequence.py 188 INFO Processing branch instruction[2675]:bgeu        s3, s5, 650 # 2675 -> 2683
2026-06-12 16:33:03,165 riscv_instr_sequence.py 188 INFO Processing branch instruction[2682]:beq         s4, a2, -600 # 2682 -> 2688
2026-06-12 16:33:03,165 riscv_instr_sequence.py 188 INFO Processing branch instruction[2687]:bne         t4, s9, 1113 # 2687 -> 2689
2026-06-12 16:33:03,165 riscv_instr_sequence.py 188 INFO Processing branch instruction[2691]:bltu        a5, a6, 546 # 2691 -> 2703
2026-06-12 16:33:03,165 riscv_instr_sequence.py 188 INFO Processing branch instruction[2692]:bge         t3, t1, 2044 # 2692 -> 2705
2026-06-12 16:33:03,165 riscv_instr_sequence.py 188 INFO Processing branch instruction[2709]:beq         zero, a7, -156 # 2709 -> 2721
2026-06-12 16:33:03,165 riscv_instr_sequence.py 188 INFO Processing branch instruction[2710]:bne         s5, t2, 1015 # 2710 -> 2712
2026-06-12 16:33:03,165 riscv_instr_sequence.py 188 INFO Processing branch instruction[2720]:bgeu        t5, t4, 569 # 2720 -> 2736
2026-06-12 16:33:03,166 riscv_instr_sequence.py 188 INFO Processing branch instruction[2729]:c.beqz      a3, -2 # 2729 -> 2734
2026-06-12 16:33:03,166 riscv_instr_sequence.py 188 INFO Processing branch instruction[2746]:c.beqz      a2, 106 # 2746 -> 2752
2026-06-12 16:33:03,166 riscv_instr_sequence.py 188 INFO Processing branch instruction[2751]:bltu        t0, s1, -207 # 2751 -> 2758
2026-06-12 16:33:03,166 riscv_instr_sequence.py 188 INFO Processing branch instruction[2759]:c.bnez      a0, 18 # 2759 -> 2771
2026-06-12 16:33:03,166 riscv_instr_sequence.py 188 INFO Processing branch instruction[2764]:c.bnez      s0, 48 # 2764 -> 2768
2026-06-12 16:33:03,166 riscv_instr_sequence.py 188 INFO Processing branch instruction[2768]:c.bnez      a3, -2 # 2768 -> 2769
2026-06-12 16:33:03,166 riscv_instr_sequence.py 188 INFO Processing branch instruction[2769]:c.beqz      a2, -2 # 2769 -> 2775
2026-06-12 16:33:03,166 riscv_instr_sequence.py 188 INFO Processing branch instruction[2770]:beq         a5, s1, -1916 # 2770 -> 2780
2026-06-12 16:33:03,166 riscv_instr_sequence.py 188 INFO Processing branch instruction[2772]:beq         a5, s6, -1005 # 2772 -> 2776
2026-06-12 16:33:03,166 riscv_instr_sequence.py 188 INFO Processing branch instruction[2784]:bltu        s8, zero, 785 # 2784 -> 2792
2026-06-12 16:33:03,166 riscv_instr_sequence.py 188 INFO Processing branch instruction[2788]:c.beqz      a0, 56 # 2788 -> 2799
2026-06-12 16:33:03,166 riscv_instr_sequence.py 188 INFO Processing branch instruction[2806]:bge         a7, t6, -783 # 2806 -> 2813
2026-06-12 16:33:03,167 riscv_instr_sequence.py 188 INFO Processing branch instruction[2813]:c.beqz      s0, -2 # 2813 -> 2815
2026-06-12 16:33:03,167 riscv_instr_sequence.py 188 INFO Processing branch instruction[2816]:beq         sp, a5, 1099 # 2816 -> 2835
2026-06-12 16:33:03,167 riscv_instr_sequence.py 188 INFO Processing branch instruction[2817]:blt         s6, t4, -1717 # 2817 -> 2824
2026-06-12 16:33:03,167 riscv_instr_sequence.py 188 INFO Processing branch instruction[2827]:beq         s1, s4, 1804 # 2827 -> 2833
2026-06-12 16:33:03,167 riscv_instr_sequence.py 188 INFO Processing branch instruction[2828]:beq         s7, ra, 458 # 2828 -> 2838
2026-06-12 16:33:03,167 riscv_instr_sequence.py 188 INFO Processing branch instruction[2833]:blt         a7, t5, 637 # 2833 -> 2835
2026-06-12 16:33:03,167 riscv_instr_sequence.py 188 INFO Processing branch instruction[2852]:blt         ra, a1, -889 # 2852 -> 2860
2026-06-12 16:33:03,167 riscv_instr_sequence.py 188 INFO Processing branch instruction[2875]:bltu        t3, s6, -1679 # 2875 -> 2885
2026-06-12 16:33:03,167 riscv_instr_sequence.py 188 INFO Processing branch instruction[2877]:blt         t5, ra, -487 # 2877 -> 2896
2026-06-12 16:33:03,167 riscv_instr_sequence.py 188 INFO Processing branch instruction[2881]:blt         zero, s0, 866 # 2881 -> 2885
2026-06-12 16:33:03,167 riscv_instr_sequence.py 188 INFO Processing branch instruction[2887]:c.beqz      a1, 52 # 2887 -> 2894
2026-06-12 16:33:03,168 riscv_instr_sequence.py 188 INFO Processing branch instruction[2912]:bne         s11, t6, -1952 # 2912 -> 2918
2026-06-12 16:33:03,168 riscv_instr_sequence.py 188 INFO Processing branch instruction[2926]:beq         t2, t3, 1098 # 2926 -> 2932
2026-06-12 16:33:03,168 riscv_instr_sequence.py 188 INFO Processing branch instruction[2928]:c.beqz      a2, 52 # 2928 -> 2934
2026-06-12 16:33:03,168 riscv_instr_sequence.py 188 INFO Processing branch instruction[2933]:beq         s11, t1, -139 # 2933 -> 2944
2026-06-12 16:33:03,168 riscv_instr_sequence.py 188 INFO Processing branch instruction[2939]:c.bnez      a3, -2 # 2939 -> 2941
2026-06-12 16:33:03,168 riscv_instr_sequence.py 188 INFO Processing branch instruction[2941]:c.beqz      a1, -2 # 2941 -> 2953
2026-06-12 16:33:03,168 riscv_instr_sequence.py 188 INFO Processing branch instruction[2948]:c.bnez      a0, -2 # 2948 -> 2955
2026-06-12 16:33:03,168 riscv_instr_sequence.py 188 INFO Processing branch instruction[2950]:c.bnez      a3, 80 # 2950 -> 2952
2026-06-12 16:33:03,168 riscv_instr_sequence.py 188 INFO Processing branch instruction[2951]:c.beqz      a0, -2 # 2951 -> 2963
2026-06-12 16:33:03,168 riscv_instr_sequence.py 188 INFO Processing branch instruction[2960]:bne         s6, t3, -711 # 2960 -> 2968
2026-06-12 16:33:03,168 riscv_instr_sequence.py 188 INFO Processing branch instruction[2965]:c.bnez      a0, -2 # 2965 -> 2973
2026-06-12 16:33:03,168 riscv_instr_sequence.py 188 INFO Processing branch instruction[2976]:bltu        s3, s7, 455 # 2976 -> 2984
2026-06-12 16:33:03,168 riscv_instr_sequence.py 188 INFO Processing branch instruction[2979]:bltu        t2, ra, -1566 # 2979 -> 2989
2026-06-12 16:33:03,168 riscv_instr_sequence.py 188 INFO Processing branch instruction[2980]:c.bnez      s0, -2 # 2980 -> 2986
2026-06-12 16:33:03,169 riscv_instr_sequence.py 188 INFO Processing branch instruction[2981]:blt         t4, t4, -160 # 2981 -> 2988
2026-06-12 16:33:03,169 riscv_instr_sequence.py 188 INFO Processing branch instruction[2991]:bltu        t1, a0, -1500 # 2991 -> 2996
2026-06-12 16:33:03,169 riscv_instr_sequence.py 188 INFO Processing branch instruction[3002]:beq         t2, gp, -1636 # 3002 -> 3014
2026-06-12 16:33:03,169 riscv_instr_sequence.py 188 INFO Processing branch instruction[3019]:c.bnez      a3, 30 # 3019 -> 3035
2026-06-12 16:33:03,169 riscv_instr_sequence.py 188 INFO Processing branch instruction[3020]:bgeu        a3, a7, -1322 # 3020 -> 3022
2026-06-12 16:33:03,169 riscv_instr_sequence.py 188 INFO Processing branch instruction[3021]:c.beqz      s0, -2 # 3021 -> 3034
2026-06-12 16:33:03,169 riscv_instr_sequence.py 188 INFO Processing branch instruction[3025]:c.beqz      a0, -2 # 3025 -> 3035
2026-06-12 16:33:03,169 riscv_instr_sequence.py 188 INFO Processing branch instruction[3041]:bge         s8, s0, 1232 # 3041 -> 3042
2026-06-12 16:33:03,169 riscv_instr_sequence.py 188 INFO Processing branch instruction[3051]:bgeu        a0, s0, -80 # 3051 -> 3052
2026-06-12 16:33:03,169 riscv_instr_sequence.py 188 INFO Processing branch instruction[3056]:bgeu        a5, a4, 1809 # 3056 -> 3058
2026-06-12 16:33:03,169 riscv_instr_sequence.py 188 INFO Processing branch instruction[3060]:bgeu        s4, s6, -1618 # 3060 -> 3064
2026-06-12 16:33:03,169 riscv_instr_sequence.py 188 INFO Processing branch instruction[3067]:c.beqz      a5, 124 # 3067 -> 3077
2026-06-12 16:33:03,169 riscv_instr_sequence.py 188 INFO Processing branch instruction[3068]:bne         s6, s6, 1102 # 3068 -> 3073
2026-06-12 16:33:03,170 riscv_instr_sequence.py 188 INFO Processing branch instruction[3071]:bgeu        s5, s1, 1208 # 3071 -> 3077
2026-06-12 16:33:03,170 riscv_instr_sequence.py 188 INFO Processing branch instruction[3074]:bltu        ra, s11, 663 # 3074 -> 3093
2026-06-12 16:33:03,170 riscv_instr_sequence.py 188 INFO Processing branch instruction[3075]:c.bnez      a0, 24 # 3075 -> 3087
2026-06-12 16:33:03,170 riscv_instr_sequence.py 188 INFO Processing branch instruction[3077]:bge         a5, t6, -366 # 3077 -> 3079
2026-06-12 16:33:03,170 riscv_instr_sequence.py 188 INFO Processing branch instruction[3086]:bgeu        s0, a6, 1024 # 3086 -> 3094
2026-06-12 16:33:03,170 riscv_instr_sequence.py 188 INFO Processing branch instruction[3093]:bgeu        tp, t6, 1017 # 3093 -> 3095
2026-06-12 16:33:03,170 riscv_instr_sequence.py 188 INFO Processing branch instruction[3095]:bne         t4, tp, 289 # 3095 -> 3105
2026-06-12 16:33:03,170 riscv_instr_sequence.py 188 INFO Processing branch instruction[3100]:bltu        s10, s10, 1500 # 3100 -> 3113
2026-06-12 16:33:03,170 riscv_instr_sequence.py 188 INFO Processing branch instruction[3101]:c.beqz      a1, 14 # 3101 -> 3109
2026-06-12 16:33:03,170 riscv_instr_sequence.py 188 INFO Processing branch instruction[3115]:bne         t1, s11, 552 # 3115 -> 3116
2026-06-12 16:33:03,170 riscv_instr_sequence.py 188 INFO Processing branch instruction[3129]:blt         s3, t1, -379 # 3129 -> 3141
2026-06-12 16:33:03,170 riscv_instr_sequence.py 188 INFO Processing branch instruction[3131]:bge         t1, s2, -1483 # 3131 -> 3141
2026-06-12 16:33:03,170 riscv_instr_sequence.py 188 INFO Processing branch instruction[3134]:c.bnez      s0, -2 # 3134 -> 3144
2026-06-12 16:33:03,170 riscv_instr_sequence.py 188 INFO Processing branch instruction[3135]:bltu        sp, s7, 1083 # 3135 -> 3143
2026-06-12 16:33:03,170 riscv_instr_sequence.py 188 INFO Processing branch instruction[3138]:blt         s5, s2, 1871 # 3138 -> 3140
2026-06-12 16:33:03,171 riscv_instr_sequence.py 188 INFO Processing branch instruction[3146]:bne         t6, tp, -330 # 3146 -> 3147
2026-06-12 16:33:03,171 riscv_instr_sequence.py 188 INFO Processing branch instruction[3160]:bgeu        t2, sp, 1991 # 3160 -> 3166
2026-06-12 16:33:03,171 riscv_instr_sequence.py 188 INFO Processing branch instruction[3186]:beq         a4, t0, 1909 # 3186 -> 3198
2026-06-12 16:33:03,171 riscv_instr_sequence.py 188 INFO Processing branch instruction[3187]:beq         s3, t1, 411 # 3187 -> 3194
2026-06-12 16:33:03,171 riscv_instr_sequence.py 188 INFO Processing branch instruction[3192]:blt         t0, a6, 1237 # 3192 -> 3198
2026-06-12 16:33:03,171 riscv_instr_sequence.py 188 INFO Processing branch instruction[3193]:bltu        gp, t4, -160 # 3193 -> 3198
2026-06-12 16:33:03,171 riscv_instr_sequence.py 188 INFO Processing branch instruction[3197]:c.bnez      a2, 120 # 3197 -> 3213
2026-06-12 16:33:03,171 riscv_instr_sequence.py 188 INFO Processing branch instruction[3220]:beq         zero, s7, -836 # 3220 -> 3225
2026-06-12 16:33:03,171 riscv_instr_sequence.py 188 INFO Processing branch instruction[3228]:beq         a0, s10, 1461 # 3228 -> 3234
2026-06-12 16:33:03,171 riscv_instr_sequence.py 188 INFO Processing branch instruction[3229]:bltu        a3, a1, 1091 # 3229 -> 3233
2026-06-12 16:33:03,172 riscv_instr_sequence.py 188 INFO Processing branch instruction[3245]:c.bnez      s0, -2 # 3245 -> 3252
2026-06-12 16:33:03,172 riscv_instr_sequence.py 188 INFO Processing branch instruction[3247]:bltu        a7, t1, 759 # 3247 -> 3251
2026-06-12 16:33:03,172 riscv_instr_sequence.py 188 INFO Processing branch instruction[3249]:beq         s2, s5, 772 # 3249 -> 3260
2026-06-12 16:33:03,172 riscv_instr_sequence.py 188 INFO Processing branch instruction[3256]:blt         s8, a2, 512 # 3256 -> 3258
2026-06-12 16:33:03,172 riscv_instr_sequence.py 188 INFO Processing branch instruction[3279]:bltu        gp, tp, 1448 # 3279 -> 3286
2026-06-12 16:33:03,172 riscv_instr_sequence.py 188 INFO Processing branch instruction[3284]:c.bnez      a0, 68 # 3284 -> 3296
2026-06-12 16:33:03,172 riscv_instr_sequence.py 188 INFO Processing branch instruction[3304]:c.beqz      a3, -2 # 3304 -> 3306
2026-06-12 16:33:03,172 riscv_instr_sequence.py 188 INFO Processing branch instruction[3323]:bltu        s8, t6, -750 # 3323 -> 3331
2026-06-12 16:33:03,172 riscv_instr_sequence.py 188 INFO Processing branch instruction[3331]:bge         t3, t2, 1937 # 3331 -> 3337
2026-06-12 16:33:03,172 riscv_instr_sequence.py 188 INFO Processing branch instruction[3338]:bgeu        a0, a2, 1007 # 3338 -> 3345
2026-06-12 16:33:03,173 riscv_instr_sequence.py 188 INFO Processing branch instruction[3343]:bgeu        t3, sp, -231 # 3343 -> 3355
2026-06-12 16:33:03,173 riscv_instr_sequence.py 188 INFO Processing branch instruction[3357]:blt         t1, t3, -909 # 3357 -> 3365
2026-06-12 16:33:03,173 riscv_instr_sequence.py 188 INFO Processing branch instruction[3364]:c.bnez      a3, 10 # 3364 -> 3366
2026-06-12 16:33:03,173 riscv_instr_sequence.py 188 INFO Processing branch instruction[3378]:bge         s4, s7, -769 # 3378 -> 3383
2026-06-12 16:33:03,173 riscv_instr_sequence.py 188 INFO Processing branch instruction[3379]:blt         t1, s1, 1209 # 3379 -> 3391
2026-06-12 16:33:03,173 riscv_instr_sequence.py 188 INFO Processing branch instruction[3382]:c.bnez      s0, -2 # 3382 -> 3384
2026-06-12 16:33:03,173 riscv_instr_sequence.py 188 INFO Processing branch instruction[3389]:bge         a2, tp, -1671 # 3389 -> 3391
2026-06-12 16:33:03,173 riscv_instr_sequence.py 188 INFO Processing branch instruction[3402]:blt         a1, s6, 730 # 3402 -> 3406
2026-06-12 16:33:03,173 riscv_instr_sequence.py 188 INFO Processing branch instruction[3417]:bltu        t0, t3, 1939 # 3417 -> 3427
2026-06-12 16:33:03,174 riscv_instr_sequence.py 188 INFO Processing branch instruction[3442]:bge         t3, a1, 1792 # 3442 -> 3447
2026-06-12 16:33:03,174 riscv_instr_sequence.py 188 INFO Processing branch instruction[3445]:beq         a0, t1, -364 # 3445 -> 3464
2026-06-12 16:33:03,174 riscv_instr_sequence.py 188 INFO Processing branch instruction[3446]:bltu        s6, gp, 261 # 3446 -> 3450
2026-06-12 16:33:03,174 riscv_instr_sequence.py 188 INFO Processing branch instruction[3448]:beq         t2, s4, -1744 # 3448 -> 3449
2026-06-12 16:33:03,174 riscv_instr_sequence.py 188 INFO Processing branch instruction[3454]:bge         ra, s10, -1343 # 3454 -> 3464
2026-06-12 16:33:03,174 riscv_instr_sequence.py 188 INFO Processing branch instruction[3456]:bge         s3, s4, -1262 # 3456 -> 3457
2026-06-12 16:33:03,174 riscv_instr_sequence.py 188 INFO Processing branch instruction[3461]:bge         s11, s9, 176 # 3461 -> 3469
2026-06-12 16:33:03,174 riscv_instr_sequence.py 188 INFO Processing branch instruction[3463]:c.beqz      a0, 110 # 3463 -> 3470
2026-06-12 16:33:03,174 riscv_instr_sequence.py 188 INFO Processing branch instruction[3466]:blt         s5, ra, -124 # 3466 -> 3472
2026-06-12 16:33:03,174 riscv_instr_sequence.py 188 INFO Processing branch instruction[3471]:bne         s6, s6, -446 # 3471 -> 3482
2026-06-12 16:33:03,174 riscv_instr_sequence.py 188 INFO Processing branch instruction[3476]:c.beqz      a0, -2 # 3476 -> 3482
2026-06-12 16:33:03,174 riscv_instr_sequence.py 188 INFO Processing branch instruction[3477]:bne         s10, s11, -1348 # 3477 -> 3487
2026-06-12 16:33:03,174 riscv_instr_sequence.py 188 INFO Processing branch instruction[3478]:bgeu        s4, zero, 1876 # 3478 -> 3485
2026-06-12 16:33:03,174 riscv_instr_sequence.py 188 INFO Processing branch instruction[3483]:beq         s6, a4, 1788 # 3483 -> 3499
2026-06-12 16:33:03,174 riscv_instr_sequence.py 188 INFO Processing branch instruction[3484]:bgeu        a7, tp, -548 # 3484 -> 3490
2026-06-12 16:33:03,174 riscv_instr_sequence.py 188 INFO Processing branch instruction[3492]:beq         a3, s10, 1814 # 3492 -> 3505
2026-06-12 16:33:03,175 riscv_instr_sequence.py 188 INFO Processing branch instruction[3496]:c.beqz      a2, -2 # 3496 -> 3500
2026-06-12 16:33:03,175 riscv_instr_sequence.py 188 INFO Processing branch instruction[3498]:c.beqz      a3, 86 # 3498 -> 3505
2026-06-12 16:33:03,175 riscv_instr_sequence.py 188 INFO Processing branch instruction[3503]:bgeu        s3, s8, -1215 # 3503 -> 3505
2026-06-12 16:33:03,175 riscv_instr_sequence.py 188 INFO Processing branch instruction[3510]:c.bnez      a1, 72 # 3510 -> 3520
2026-06-12 16:33:03,175 riscv_instr_sequence.py 188 INFO Processing branch instruction[3521]:bne         ra, s9, -1463 # 3521 -> 3527
2026-06-12 16:33:03,175 riscv_instr_sequence.py 188 INFO Processing branch instruction[3528]:c.beqz      s0, -2 # 3528 -> 3538
2026-06-12 16:33:03,175 riscv_instr_sequence.py 188 INFO Processing branch instruction[3532]:beq         ra, s11, 1344 # 3532 -> 3537
2026-06-12 16:33:03,175 riscv_instr_sequence.py 188 INFO Processing branch instruction[3539]:c.beqz      a0, -2 # 3539 -> 3551
2026-06-12 16:33:03,175 riscv_instr_sequence.py 188 INFO Processing branch instruction[3542]:bgeu        s3, s7, -1065 # 3542 -> 3561
2026-06-12 16:33:03,175 riscv_instr_sequence.py 188 INFO Processing branch instruction[3544]:bge         s8, s2, 260 # 3544 -> 3557
2026-06-12 16:33:03,175 riscv_instr_sequence.py 188 INFO Processing branch instruction[3545]:c.bnez      a2, 78 # 3545 -> 3553
2026-06-12 16:33:03,175 riscv_instr_sequence.py 188 INFO Processing branch instruction[3549]:bltu        t4, a2, 1202 # 3549 -> 3551
2026-06-12 16:33:03,175 riscv_instr_sequence.py 188 INFO Processing branch instruction[3550]:bgeu        s10, s4, 1440 # 3550 -> 3556
2026-06-12 16:33:03,175 riscv_instr_sequence.py 188 INFO Processing branch instruction[3559]:bgeu        a7, t2, 1134 # 3559 -> 3560
2026-06-12 16:33:03,175 riscv_instr_sequence.py 188 INFO Processing branch instruction[3566]:bltu        a5, s10, -1553 # 3566 -> 3573
2026-06-12 16:33:03,176 riscv_instr_sequence.py 188 INFO Processing branch instruction[3569]:bltu        tp, s1, -589 # 3569 -> 3581
2026-06-12 16:33:03,176 riscv_instr_sequence.py 188 INFO Processing branch instruction[3573]:c.bnez      a0, 34 # 3573 -> 3579
2026-06-12 16:33:03,176 riscv_instr_sequence.py 188 INFO Processing branch instruction[3577]:beq         a6, a2, -970 # 3577 -> 3589
2026-06-12 16:33:03,176 riscv_instr_sequence.py 188 INFO Processing branch instruction[3582]:blt         t4, s6, -1779 # 3582 -> 3584
2026-06-12 16:33:03,176 riscv_instr_sequence.py 188 INFO Processing branch instruction[3604]:beq         sp, a0, 1055 # 3604 -> 3612
2026-06-12 16:33:03,176 riscv_instr_sequence.py 188 INFO Processing branch instruction[3611]:bltu        s8, sp, 59 # 3611 -> 3621
2026-06-12 16:33:03,176 riscv_instr_sequence.py 188 INFO Processing branch instruction[3625]:c.beqz      a3, -2 # 3625 -> 3629
2026-06-12 16:33:03,176 riscv_instr_sequence.py 188 INFO Processing branch instruction[3634]:c.beqz      a3, -2 # 3634 -> 3642
2026-06-12 16:33:03,176 riscv_instr_sequence.py 188 INFO Processing branch instruction[3643]:c.beqz      a1, -2 # 3643 -> 3649
2026-06-12 16:33:03,176 riscv_instr_sequence.py 188 INFO Processing branch instruction[3646]:bgeu        t0, t2, -1107 # 3646 -> 3657
2026-06-12 16:33:03,176 riscv_instr_sequence.py 188 INFO Processing branch instruction[3650]:bgeu        t6, t2, -1662 # 3650 -> 3657
2026-06-12 16:33:03,176 riscv_instr_sequence.py 188 INFO Processing branch instruction[3652]:c.bnez      a1, -2 # 3652 -> 3657
2026-06-12 16:33:03,177 riscv_instr_sequence.py 188 INFO Processing branch instruction[3653]:bge         t3, a1, -1595 # 3653 -> 3669
2026-06-12 16:33:03,177 riscv_instr_sequence.py 188 INFO Processing branch instruction[3656]:beq         t6, a1, -679 # 3656 -> 3657
2026-06-12 16:33:03,177 riscv_instr_sequence.py 188 INFO Processing branch instruction[3660]:bltu        t5, t3, 1127 # 3660 -> 3662
2026-06-12 16:33:03,177 riscv_instr_sequence.py 188 INFO Processing branch instruction[3680]:bltu        s6, a7, -1253 # 3680 -> 3688
2026-06-12 16:33:03,177 riscv_instr_sequence.py 188 INFO Processing branch instruction[3685]:bltu        s7, a3, -1103 # 3685 -> 3691
2026-06-12 16:33:03,177 riscv_instr_sequence.py 188 INFO Processing branch instruction[3698]:blt         s6, t3, -1256 # 3698 -> 3699
2026-06-12 16:33:03,177 riscv_instr_sequence.py 188 INFO Processing branch instruction[3699]:blt         t3, s0, 1091 # 3699 -> 3710
2026-06-12 16:33:03,177 riscv_instr_sequence.py 188 INFO Processing branch instruction[3715]:c.beqz      a0, -2 # 3715 -> 3727
2026-06-12 16:33:03,177 riscv_instr_sequence.py 188 INFO Processing branch instruction[3724]:bne         s1, t2, -396 # 3724 -> 3728
2026-06-12 16:33:03,177 riscv_instr_sequence.py 188 INFO Processing branch instruction[3727]:bge         a7, sp, -1191 # 3727 -> 3734
2026-06-12 16:33:03,177 riscv_instr_sequence.py 188 INFO Processing branch instruction[3737]:bge         s10, a0, -1061 # 3737 -> 3749
2026-06-12 16:33:03,177 riscv_instr_sequence.py 188 INFO Processing branch instruction[3746]:bge         s3, t3, 1413 # 3746 -> 3753
2026-06-12 16:33:03,178 riscv_instr_sequence.py 188 INFO Processing branch instruction[3749]:c.beqz      a0, -2 # 3749 -> 3762
2026-06-12 16:33:03,178 riscv_instr_sequence.py 188 INFO Processing branch instruction[3756]:bne         t5, gp, 15 # 3756 -> 3758
2026-06-12 16:33:03,178 riscv_instr_sequence.py 188 INFO Processing branch instruction[3760]:c.bnez      a0, -2 # 3760 -> 3770
2026-06-12 16:33:03,178 riscv_instr_sequence.py 188 INFO Processing branch instruction[3764]:bge         a4, ra, 666 # 3764 -> 3766
2026-06-12 16:33:03,178 riscv_instr_sequence.py 188 INFO Processing branch instruction[3767]:c.bnez      a2, -2 # 3767 -> 3775
2026-06-12 16:33:03,178 riscv_instr_sequence.py 188 INFO Processing branch instruction[3774]:c.bnez      s0, 16 # 3774 -> 3780
2026-06-12 16:33:03,178 riscv_instr_sequence.py 188 INFO Processing branch instruction[3775]:beq         a7, t0, 1869 # 3775 -> 3794
2026-06-12 16:33:03,178 riscv_instr_sequence.py 188 INFO Processing branch instruction[3780]:bltu        a6, s9, -2009 # 3780 -> 3790
2026-06-12 16:33:03,178 riscv_instr_sequence.py 188 INFO Processing branch instruction[3784]:bne         s10, a2, -637 # 3784 -> 3794
2026-06-12 16:33:03,178 riscv_instr_sequence.py 188 INFO Processing branch instruction[3793]:blt         a6, a2, 790 # 3793 -> 3794
2026-06-12 16:33:03,178 riscv_instr_sequence.py 188 INFO Processing branch instruction[3794]:beq         s3, s4, 1609 # 3794 -> 3799
2026-06-12 16:33:03,178 riscv_instr_sequence.py 188 INFO Processing branch instruction[3806]:bne         a4, t1, 789 # 3806 -> 3810
2026-06-12 16:33:03,178 riscv_instr_sequence.py 188 INFO Processing branch instruction[3809]:c.bnez      s0, -2 # 3809 -> 3825
2026-06-12 16:33:03,178 riscv_instr_sequence.py 188 INFO Processing branch instruction[3810]:bltu        t2, ra, -1354 # 3810 -> 3822
2026-06-12 16:33:03,178 riscv_instr_sequence.py 188 INFO Processing branch instruction[3814]:c.bnez      a3, 28 # 3814 -> 3820
2026-06-12 16:33:03,178 riscv_instr_sequence.py 188 INFO Processing branch instruction[3815]:blt         s8, s4, -799 # 3815 -> 3822
2026-06-12 16:33:03,178 riscv_instr_sequence.py 188 INFO Processing branch instruction[3817]:blt         s0, a4, -1508 # 3817 -> 3819
2026-06-12 16:33:03,179 riscv_instr_sequence.py 188 INFO Processing branch instruction[3819]:c.bnez      a3, 124 # 3819 -> 3827
2026-06-12 16:33:03,179 riscv_instr_sequence.py 188 INFO Processing branch instruction[3825]:bge         a3, s5, 449 # 3825 -> 3830
2026-06-12 16:33:03,179 riscv_instr_sequence.py 188 INFO Processing branch instruction[3827]:bge         t1, t1, 410 # 3827 -> 3833
2026-06-12 16:33:03,179 riscv_instr_sequence.py 188 INFO Processing branch instruction[3831]:c.bnez      a0, -2 # 3831 -> 3833
2026-06-12 16:33:03,179 riscv_instr_sequence.py 188 INFO Processing branch instruction[3832]:bgeu        s11, s8, -1154 # 3832 -> 3834
2026-06-12 16:33:03,179 riscv_instr_sequence.py 188 INFO Processing branch instruction[3833]:c.bnez      a0, 70 # 3833 -> 3837
2026-06-12 16:33:03,179 riscv_instr_sequence.py 188 INFO Processing branch instruction[3835]:bge         s3, s1, -1237 # 3835 -> 3841
2026-06-12 16:33:03,179 riscv_instr_sequence.py 188 INFO Processing branch instruction[3843]:bne         s9, t3, 1292 # 3843 -> 3849
2026-06-12 16:33:03,179 riscv_instr_sequence.py 188 INFO Processing branch instruction[3850]:c.beqz      a0, 12 # 3850 -> 3858
2026-06-12 16:33:03,179 riscv_instr_sequence.py 188 INFO Processing branch instruction[3853]:bltu        a6, s4, 1908 # 3853 -> 3863
2026-06-12 16:33:03,179 riscv_instr_sequence.py 188 INFO Processing branch instruction[3855]:beq         a7, t6, -1633 # 3855 -> 3860
2026-06-12 16:33:03,179 riscv_instr_sequence.py 188 INFO Processing branch instruction[3863]:bgeu        s5, s3, -1475 # 3863 -> 3867
2026-06-12 16:33:03,179 riscv_instr_sequence.py 188 INFO Processing branch instruction[3895]:beq         s11, a2, 1068 # 3895 -> 3905
2026-06-12 16:33:03,179 riscv_instr_sequence.py 188 INFO Processing branch instruction[3901]:blt         s7, tp, 1836 # 3901 -> 3903
2026-06-12 16:33:03,180 riscv_instr_sequence.py 188 INFO Processing branch instruction[3911]:bltu        a6, t6, -1043 # 3911 -> 3913
2026-06-12 16:33:03,180 riscv_instr_sequence.py 188 INFO Processing branch instruction[3916]:c.beqz      a2, 4 # 3916 -> 3924
2026-06-12 16:33:03,180 riscv_instr_sequence.py 188 INFO Processing branch instruction[3929]:blt         sp, s3, 1592 # 3929 -> 3939
2026-06-12 16:33:03,180 riscv_instr_sequence.py 188 INFO Processing branch instruction[3933]:bge         a0, a2, -840 # 3933 -> 3949
2026-06-12 16:33:03,180 riscv_instr_sequence.py 188 INFO Processing branch instruction[3934]:bne         s9, s4, 90 # 3934 -> 3942
2026-06-12 16:33:03,180 riscv_instr_sequence.py 188 INFO Processing branch instruction[3953]:beq         a0, t1, 847 # 3953 -> 3960
2026-06-12 16:33:03,180 riscv_instr_sequence.py 188 INFO Processing branch instruction[3965]:bltu        a2, a6, -2009 # 3965 -> 3971
2026-06-12 16:33:03,180 riscv_instr_sequence.py 188 INFO Processing branch instruction[3966]:beq         a3, t5, -1631 # 3966 -> 3973
2026-06-12 16:33:03,180 riscv_instr_sequence.py 188 INFO Processing branch instruction[3974]:blt         a5, t5, -1975 # 3974 -> 3993
2026-06-12 16:33:03,180 riscv_instr_sequence.py 188 INFO Processing branch instruction[3976]:beq         tp, s3, -236 # 3976 -> 3983
2026-06-12 16:33:03,180 riscv_instr_sequence.py 188 INFO Processing branch instruction[3994]:beq         s11, s5, -1986 # 3994 -> 4000
2026-06-12 16:33:03,181 riscv_instr_sequence.py 188 INFO Processing branch instruction[4000]:bge         tp, s2, 1327 # 4000 -> 4012
2026-06-12 16:33:03,181 riscv_instr_sequence.py 188 INFO Processing branch instruction[4007]:beq         s3, s8, 398 # 4007 -> 4019
2026-06-12 16:33:03,181 riscv_instr_sequence.py 188 INFO Processing branch instruction[4009]:bltu        a4, s7, 156 # 4009 -> 4020
2026-06-12 16:33:03,181 riscv_instr_sequence.py 188 INFO Processing branch instruction[4018]:blt         s4, t4, 1912 # 4018 -> 4030
2026-06-12 16:33:03,181 riscv_instr_sequence.py 188 INFO Processing branch instruction[4026]:bne         t6, a5, 1934 # 4026 -> 4027
2026-06-12 16:33:03,181 riscv_instr_sequence.py 188 INFO Processing branch instruction[4037]:bltu        t6, t6, 1555 # 4037 -> 4050
2026-06-12 16:33:03,181 riscv_instr_sequence.py 188 INFO Processing branch instruction[4039]:blt         s11, s6, 1127 # 4039 -> 4040
2026-06-12 16:33:03,181 riscv_instr_sequence.py 188 INFO Processing branch instruction[4051]:beq         a7, a6, 1566 # 4051 -> 4056
2026-06-12 16:33:03,181 riscv_instr_sequence.py 188 INFO Processing branch instruction[4052]:c.beqz      a3, -2 # 4052 -> 4054
2026-06-12 16:33:03,181 riscv_instr_sequence.py 188 INFO Processing branch instruction[4061]:beq         a4, t2, 1962 # 4061 -> 4071
2026-06-12 16:33:03,181 riscv_instr_sequence.py 188 INFO Processing branch instruction[4062]:bgeu        a3, t4, 1259 # 4062 -> 4068
2026-06-12 16:33:03,181 riscv_instr_sequence.py 188 INFO Processing branch instruction[4063]:bltu        a1, s3, -1954 # 4063 -> 4067
2026-06-12 16:33:03,182 riscv_instr_sequence.py 188 INFO Processing branch instruction[4069]:bgeu        sp, s8, -745 # 4069 -> 4085
2026-06-12 16:33:03,182 riscv_instr_sequence.py 188 INFO Processing branch instruction[4089]:blt         s0, s3, 1747 # 4089 -> 4100
2026-06-12 16:33:03,182 riscv_instr_sequence.py 188 INFO Processing branch instruction[4092]:bne         s9, a4, 1229 # 4092 -> 4099
2026-06-12 16:33:03,182 riscv_instr_sequence.py 188 INFO Processing branch instruction[4094]:bltu        s3, a7, -1760 # 4094 -> 4102
2026-06-12 16:33:03,182 riscv_instr_sequence.py 188 INFO Processing branch instruction[4098]:c.bnez      a2, -2 # 4098 -> 4100
2026-06-12 16:33:03,182 riscv_instr_sequence.py 188 INFO Processing branch instruction[4108]:c.beqz      a3, 32 # 4108 -> 4110
2026-06-12 16:33:03,182 riscv_instr_sequence.py 188 INFO Processing branch instruction[4126]:bne         a3, a5, -355 # 4126 -> 4132
2026-06-12 16:33:03,182 riscv_instr_sequence.py 188 INFO Processing branch instruction[4149]:bge         s7, s10, 1017 # 4149 -> 4161
2026-06-12 16:33:03,182 riscv_instr_sequence.py 188 INFO Processing branch instruction[4159]:c.beqz      a0, 62 # 4159 -> 4171
2026-06-12 16:33:03,183 riscv_instr_sequence.py 188 INFO Processing branch instruction[4163]:bge         s5, ra, -480 # 4163 -> 4173
2026-06-12 16:33:03,183 riscv_instr_sequence.py 188 INFO Processing branch instruction[4164]:c.beqz      a1, 122 # 4164 -> 4177
2026-06-12 16:33:03,183 riscv_instr_sequence.py 188 INFO Processing branch instruction[4165]:beq         t4, ra, 931 # 4165 -> 4173
2026-06-12 16:33:03,183 riscv_instr_sequence.py 188 INFO Processing branch instruction[4167]:bge         a7, s2, -835 # 4167 -> 4169
2026-06-12 16:33:03,183 riscv_instr_sequence.py 188 INFO Processing branch instruction[4171]:bge         sp, t4, -1848 # 4171 -> 4177
2026-06-12 16:33:03,183 riscv_instr_sequence.py 188 INFO Processing branch instruction[4196]:bgeu        s10, t6, -1768 # 4196 -> 4203
2026-06-12 16:33:03,183 riscv_instr_sequence.py 188 INFO Processing branch instruction[4199]:bltu        t6, a3, -447 # 4199 -> 4200
2026-06-12 16:33:03,183 riscv_instr_sequence.py 188 INFO Processing branch instruction[4203]:bne         s10, tp, 925 # 4203 -> 4204
2026-06-12 16:33:03,183 riscv_instr_sequence.py 188 INFO Processing branch instruction[4204]:bgeu        a1, t4, 47 # 4204 -> 4223
2026-06-12 16:33:03,183 riscv_instr_sequence.py 188 INFO Processing branch instruction[4208]:beq         s0, s1, 154 # 4208 -> 4215
2026-06-12 16:33:03,183 riscv_instr_sequence.py 188 INFO Processing branch instruction[4209]:c.bnez      a3, 40 # 4209 -> 4217
2026-06-12 16:33:03,183 riscv_instr_sequence.py 188 INFO Processing branch instruction[4215]:c.bnez      a3, -2 # 4215 -> 4220
2026-06-12 16:33:03,183 riscv_instr_sequence.py 188 INFO Processing branch instruction[4223]:beq         tp, a5, -1066 # 4223 -> 4225
2026-06-12 16:33:03,183 riscv_instr_sequence.py 188 INFO Processing branch instruction[4231]:bge         a3, s8, 791 # 4231 -> 4237
2026-06-12 16:33:03,184 riscv_instr_sequence.py 188 INFO Processing branch instruction[4233]:bge         zero, tp, -160 # 4233 -> 4237
2026-06-12 16:33:03,184 riscv_instr_sequence.py 188 INFO Processing branch instruction[4237]:bgeu        t6, a5, -1650 # 4237 -> 4249
2026-06-12 16:33:03,184 riscv_instr_sequence.py 188 INFO Processing branch instruction[4239]:blt         t0, s3, 376 # 4239 -> 4244
2026-06-12 16:33:03,184 riscv_instr_sequence.py 188 INFO Processing branch instruction[4256]:c.beqz      a0, 78 # 4256 -> 4266
2026-06-12 16:33:03,184 riscv_instr_sequence.py 188 INFO Processing branch instruction[4259]:c.beqz      a1, -2 # 4259 -> 4261
2026-06-12 16:33:03,184 riscv_instr_sequence.py 188 INFO Processing branch instruction[4260]:c.bnez      a1, -2 # 4260 -> 4271
2026-06-12 16:33:03,184 riscv_instr_sequence.py 188 INFO Processing branch instruction[4269]:c.bnez      a3, -2 # 4269 -> 4282
2026-06-12 16:33:03,184 riscv_instr_sequence.py 188 INFO Processing branch instruction[4280]:c.bnez      a3, -2 # 4280 -> 4290
2026-06-12 16:33:03,184 riscv_instr_sequence.py 188 INFO Processing branch instruction[4283]:bne         s0, s6, 643 # 4283 -> 4289
2026-06-12 16:33:03,184 riscv_instr_sequence.py 188 INFO Processing branch instruction[4293]:blt         s7, s4, 696 # 4293 -> 4297
2026-06-12 16:33:03,184 riscv_instr_sequence.py 188 INFO Processing branch instruction[4315]:beq         a7, a2, 638 # 4315 -> 4323
2026-06-12 16:33:03,184 riscv_instr_sequence.py 188 INFO Processing branch instruction[4316]:blt         s7, ra, -1322 # 4316 -> 4323
2026-06-12 16:33:03,185 riscv_instr_sequence.py 188 INFO Processing branch instruction[4320]:beq         zero, a2, -1060 # 4320 -> 4326
2026-06-12 16:33:03,185 riscv_instr_sequence.py 188 INFO Processing branch instruction[4330]:blt         s11, s3, -188 # 4330 -> 4338
2026-06-12 16:33:03,185 riscv_instr_sequence.py 188 INFO Processing branch instruction[4331]:c.bnez      a3, 84 # 4331 -> 4336
2026-06-12 16:33:03,185 riscv_instr_sequence.py 188 INFO Processing branch instruction[4344]:bgeu        a2, s8, 877 # 4344 -> 4356
2026-06-12 16:33:03,185 riscv_instr_sequence.py 188 INFO Processing branch instruction[4346]:bltu        t5, a0, -1288 # 4346 -> 4348
2026-06-12 16:33:03,185 riscv_instr_sequence.py 188 INFO Processing branch instruction[4348]:bne         s11, t2, 1818 # 4348 -> 4349
2026-06-12 16:33:03,185 riscv_instr_sequence.py 188 INFO Processing branch instruction[4349]:c.bnez      a0, 74 # 4349 -> 4356
2026-06-12 16:33:03,185 riscv_instr_sequence.py 188 INFO Processing branch instruction[4357]:bltu        t2, s5, 160 # 4357 -> 4369
2026-06-12 16:33:03,185 riscv_instr_sequence.py 188 INFO Processing branch instruction[4372]:bgeu        tp, s9, 2014 # 4372 -> 4380
2026-06-12 16:33:03,185 riscv_instr_sequence.py 188 INFO Processing branch instruction[4378]:bgeu        s4, t3, -514 # 4378 -> 4380
2026-06-12 16:33:03,185 riscv_instr_sequence.py 188 INFO Processing branch instruction[4379]:c.bnez      a0, -2 # 4379 -> 4395
2026-06-12 16:33:03,185 riscv_instr_sequence.py 188 INFO Processing branch instruction[4383]:bltu        a3, s11, -1106 # 4383 -> 4393
2026-06-12 16:33:03,185 riscv_instr_sequence.py 188 INFO Processing branch instruction[4386]:bne         t1, a2, 494 # 4386 -> 4391
2026-06-12 16:33:03,185 riscv_instr_sequence.py 188 INFO Processing branch instruction[4397]:c.bnez      a3, -2 # 4397 -> 4409
2026-06-12 16:33:03,185 riscv_instr_sequence.py 188 INFO Processing branch instruction[4398]:bgeu        a0, sp, 151 # 4398 -> 4402
2026-06-12 16:33:03,186 riscv_instr_sequence.py 188 INFO Processing branch instruction[4400]:bne         s10, t2, 509 # 4400 -> 4401
2026-06-12 16:33:03,186 riscv_instr_sequence.py 188 INFO Processing branch instruction[4405]:bgeu        s7, a2, 2027 # 4405 -> 4424
2026-06-12 16:33:03,186 riscv_instr_sequence.py 188 INFO Processing branch instruction[4406]:c.bnez      a3, -2 # 4406 -> 4413
2026-06-12 16:33:03,186 riscv_instr_sequence.py 188 INFO Processing branch instruction[4426]:bne         s3, a4, 1778 # 4426 -> 4428
2026-06-12 16:33:03,186 riscv_instr_sequence.py 188 INFO Processing branch instruction[4432]:c.bnez      a0, 36 # 4432 -> 4438
2026-06-12 16:33:03,186 riscv_instr_sequence.py 188 INFO Processing branch instruction[4435]:c.bnez      a0, -2 # 4435 -> 4441
2026-06-12 16:33:03,186 riscv_instr_sequence.py 188 INFO Processing branch instruction[4438]:bne         a6, a1, -897 # 4438 -> 4448
2026-06-12 16:33:03,186 riscv_instr_sequence.py 188 INFO Processing branch instruction[4444]:blt         s8, gp, 763 # 4444 -> 4463
2026-06-12 16:33:03,186 riscv_instr_sequence.py 188 INFO Processing branch instruction[4447]:bge         zero, s9, 1464 # 4447 -> 4455
2026-06-12 16:33:03,186 riscv_instr_sequence.py 188 INFO Processing branch instruction[4456]:c.beqz      a3, 18 # 4456 -> 4463
2026-06-12 16:33:03,186 riscv_instr_sequence.py 188 INFO Processing branch instruction[4477]:bgeu        s2, s4, 117 # 4477 -> 4484
2026-06-12 16:33:03,187 riscv_instr_sequence.py 188 INFO Processing branch instruction[4495]:bne         s2, t6, -557 # 4495 -> 4505
2026-06-12 16:33:03,187 riscv_instr_sequence.py 188 INFO Processing branch instruction[4504]:beq         s7, t5, -1364 # 4504 -> 4509
2026-06-12 16:33:03,187 riscv_instr_sequence.py 188 INFO Processing branch instruction[4513]:bltu        t2, s4, -1547 # 4513 -> 4525
2026-06-12 16:33:03,187 riscv_instr_sequence.py 188 INFO Processing branch instruction[4516]:bgeu        s3, t0, -769 # 4516 -> 4518
2026-06-12 16:33:03,187 riscv_instr_sequence.py 188 INFO Processing branch instruction[4528]:c.beqz      s0, -2 # 4528 -> 4530
2026-06-12 16:33:03,187 riscv_instr_sequence.py 188 INFO Processing branch instruction[4537]:blt         t1, s5, 1687 # 4537 -> 4545
2026-06-12 16:33:03,187 riscv_instr_sequence.py 188 INFO Processing branch instruction[4548]:beq         s10, a4, 436 # 4548 -> 4549
2026-06-12 16:33:03,187 riscv_instr_sequence.py 188 INFO Processing branch instruction[4552]:bge         tp, t1, -1779 # 4552 -> 4565
2026-06-12 16:33:03,187 riscv_instr_sequence.py 188 INFO Processing branch instruction[4557]:bltu        s8, t5, -107 # 4557 -> 4559
2026-06-12 16:33:03,187 riscv_instr_sequence.py 188 INFO Processing branch instruction[4559]:bne         s6, sp, 1557 # 4559 -> 4563
2026-06-12 16:33:03,187 riscv_instr_sequence.py 188 INFO Processing branch instruction[4567]:c.beqz      a0, 58 # 4567 -> 4573
2026-06-12 16:33:03,187 riscv_instr_sequence.py 188 INFO Processing branch instruction[4575]:bgeu        t0, s4, -27 # 4575 -> 4582
2026-06-12 16:33:03,188 riscv_instr_sequence.py 188 INFO Processing branch instruction[4577]:bge         t4, a0, -686 # 4577 -> 4583
2026-06-12 16:33:03,188 riscv_instr_sequence.py 188 INFO Processing branch instruction[4588]:beq         sp, s8, -1186 # 4588 -> 4590
2026-06-12 16:33:03,188 riscv_instr_sequence.py 188 INFO Processing branch instruction[4594]:bne         s4, s9, -1265 # 4594 -> 4606
2026-06-12 16:33:03,188 riscv_instr_sequence.py 188 INFO Processing branch instruction[4607]:blt         t6, s8, -399 # 4607 -> 4611
2026-06-12 16:33:03,188 riscv_instr_sequence.py 188 INFO Processing branch instruction[4610]:blt         s5, t6, 1295 # 4610 -> 4622
2026-06-12 16:33:03,188 riscv_instr_sequence.py 188 INFO Processing branch instruction[4617]:c.bnez      a3, -2 # 4617 -> 4627
2026-06-12 16:33:03,188 riscv_instr_sequence.py 188 INFO Processing branch instruction[4619]:beq         s1, s5, -1234 # 4619 -> 4625
2026-06-12 16:33:03,188 riscv_instr_sequence.py 188 INFO Processing branch instruction[4627]:bltu        t0, t3, -116 # 4627 -> 4632
2026-06-12 16:33:03,188 riscv_instr_sequence.py 188 INFO Processing branch instruction[4632]:blt         zero, a0, -1709 # 4632 -> 4642
2026-06-12 16:33:03,188 riscv_instr_sequence.py 188 INFO Processing branch instruction[4635]:c.beqz      a0, 24 # 4635 -> 4641
2026-06-12 16:33:03,188 riscv_instr_sequence.py 188 INFO Processing branch instruction[4647]:bne         t1, zero, -1284 # 4647 -> 4655
2026-06-12 16:33:03,188 riscv_instr_sequence.py 188 INFO Processing branch instruction[4657]:blt         t1, t0, 1905 # 4657 -> 4668
2026-06-12 16:33:03,188 riscv_instr_sequence.py 188 INFO Processing branch instruction[4658]:c.beqz      a1, -2 # 4658 -> 4674
2026-06-12 16:33:03,189 riscv_instr_sequence.py 188 INFO Processing branch instruction[4661]:beq         t5, t2, -801 # 4661 -> 4662
2026-06-12 16:33:03,189 riscv_instr_sequence.py 188 INFO Processing branch instruction[4663]:bltu        a6, a2, 235 # 4663 -> 4682
2026-06-12 16:33:03,189 riscv_instr_sequence.py 188 INFO Processing branch instruction[4684]:blt         ra, a5, -45 # 4684 -> 4692
2026-06-12 16:33:03,189 riscv_instr_sequence.py 188 INFO Processing branch instruction[4690]:bge         a2, a3, -292 # 4690 -> 4692
2026-06-12 16:33:03,189 riscv_instr_sequence.py 188 INFO Processing branch instruction[4693]:bltu        zero, t4, 827 # 4693 -> 4699
2026-06-12 16:33:03,189 riscv_instr_sequence.py 188 INFO Processing branch instruction[4699]:bne         t6, ra, 1983 # 4699 -> 4711
2026-06-12 16:33:03,189 riscv_instr_sequence.py 188 INFO Processing branch instruction[4713]:beq         a0, a3, 782 # 4713 -> 4725
2026-06-12 16:33:03,189 riscv_instr_sequence.py 188 INFO Processing branch instruction[4724]:bgeu        s8, gp, -1979 # 4724 -> 4731
2026-06-12 16:33:03,189 riscv_instr_sequence.py 188 INFO Processing branch instruction[4726]:bge         gp, a3, 1070 # 4726 -> 4733
2026-06-12 16:33:03,189 riscv_instr_sequence.py 188 INFO Processing branch instruction[4728]:bne         s6, s7, -1436 # 4728 -> 4735
2026-06-12 16:33:03,189 riscv_instr_sequence.py 188 INFO Processing branch instruction[4736]:c.beqz      a0, -2 # 4736 -> 4746
2026-06-12 16:33:03,190 riscv_instr_sequence.py 188 INFO Processing branch instruction[4749]:bltu        t2, gp, -1101 # 4749 -> 4754
2026-06-12 16:33:03,190 riscv_instr_sequence.py 188 INFO Processing branch instruction[4754]:c.bnez      a0, 14 # 4754 -> 4756
2026-06-12 16:33:03,190 riscv_instr_sequence.py 188 INFO Processing branch instruction[4760]:blt         s8, a2, -386 # 4760 -> 4766
2026-06-12 16:33:03,190 riscv_instr_sequence.py 188 INFO Processing branch instruction[4792]:c.beqz      s0, 100 # 4792 -> 4794
2026-06-12 16:33:03,190 riscv_instr_sequence.py 188 INFO Processing branch instruction[4797]:bgeu        s3, a4, 1700 # 4797 -> 4805
2026-06-12 16:33:03,190 riscv_instr_sequence.py 188 INFO Processing branch instruction[4808]:bltu        t5, t5, -726 # 4808 -> 4814
2026-06-12 16:33:03,190 riscv_instr_sequence.py 188 INFO Processing branch instruction[4809]:blt         ra, a5, 1938 # 4809 -> 4821
2026-06-12 16:33:03,190 riscv_instr_sequence.py 188 INFO Processing branch instruction[4810]:bltu        a0, a2, -316 # 4810 -> 4820
2026-06-12 16:33:03,190 riscv_instr_sequence.py 188 INFO Processing branch instruction[4818]:c.beqz      a3, 124 # 4818 -> 4819
2026-06-12 16:33:03,190 riscv_instr_sequence.py 188 INFO Processing branch instruction[4824]:bgeu        s11, a0, -1899 # 4824 -> 4837
2026-06-12 16:33:03,190 riscv_instr_sequence.py 188 INFO Processing branch instruction[4829]:c.bnez      a0, 32 # 4829 -> 4833
2026-06-12 16:33:03,191 riscv_instr_sequence.py 188 INFO Processing branch instruction[4830]:bge         a3, t1, 1130 # 4830 -> 4835
2026-06-12 16:33:03,191 riscv_instr_sequence.py 188 INFO Processing branch instruction[4834]:bne         s3, s1, -2 # 4834 -> 4835
2026-06-12 16:33:03,191 riscv_instr_sequence.py 188 INFO Processing branch instruction[4840]:bne         t5, t6, 1715 # 4840 -> 4846
2026-06-12 16:33:03,191 riscv_instr_sequence.py 188 INFO Processing branch instruction[4845]:c.beqz      a0, 42 # 4845 -> 4853
2026-06-12 16:33:03,191 riscv_instr_sequence.py 188 INFO Processing branch instruction[4853]:bltu        t1, s10, 1015 # 4853 -> 4857
2026-06-12 16:33:03,191 riscv_instr_sequence.py 188 INFO Processing branch instruction[4856]:blt         t6, a4, 7 # 4856 -> 4858
2026-06-12 16:33:03,191 riscv_instr_sequence.py 188 INFO Processing branch instruction[4862]:bgeu        tp, gp, -136 # 4862 -> 4878
2026-06-12 16:33:03,191 riscv_instr_sequence.py 188 INFO Processing branch instruction[4864]:c.beqz      a2, 58 # 4864 -> 4875
2026-06-12 16:33:03,191 riscv_instr_sequence.py 188 INFO Processing branch instruction[4866]:bne         t4, s5, -113 # 4866 -> 4876
2026-06-12 16:33:03,191 riscv_instr_sequence.py 188 INFO Processing branch instruction[4873]:bge         t1, t1, -1701 # 4873 -> 4878
2026-06-12 16:33:03,191 riscv_instr_sequence.py 188 INFO Processing branch instruction[4876]:bge         t2, a0, -1360 # 4876 -> 4882
2026-06-12 16:33:03,191 riscv_instr_sequence.py 188 INFO Processing branch instruction[4877]:c.bnez      a1, 48 # 4877 -> 4884
2026-06-12 16:33:03,191 riscv_instr_sequence.py 188 INFO Processing branch instruction[4878]:c.bnez      a1, -2 # 4878 -> 4897
2026-06-12 16:33:03,191 riscv_instr_sequence.py 188 INFO Processing branch instruction[4895]:bne         a3, a0, -333 # 4895 -> 4905
2026-06-12 16:33:03,192 riscv_instr_sequence.py 188 INFO Processing branch instruction[4910]:bge         sp, s0, 361 # 4910 -> 4914
2026-06-12 16:33:03,192 riscv_instr_sequence.py 188 INFO Processing branch instruction[4912]:c.bnez      a3, 22 # 4912 -> 4920
2026-06-12 16:33:03,192 riscv_instr_sequence.py 188 INFO Processing branch instruction[4913]:blt         a5, t3, 1703 # 4913 -> 4924
2026-06-12 16:33:03,192 riscv_instr_sequence.py 188 INFO Processing branch instruction[4915]:c.bnez      a3, -2 # 4915 -> 4925
2026-06-12 16:33:03,192 riscv_instr_sequence.py 188 INFO Processing branch instruction[4916]:c.bnez      a3, 34 # 4916 -> 4928
2026-06-12 16:33:03,192 riscv_instr_sequence.py 188 INFO Processing branch instruction[4927]:c.bnez      a1, -2 # 4927 -> 4928
2026-06-12 16:33:03,192 riscv_instr_sequence.py 188 INFO Processing branch instruction[4928]:bgeu        t2, s5, 1587 # 4928 -> 4934
2026-06-12 16:33:03,192 riscv_instr_sequence.py 188 INFO Processing branch instruction[4930]:blt         a2, gp, 251 # 4930 -> 4943
2026-06-12 16:33:03,192 riscv_instr_sequence.py 188 INFO Processing branch instruction[4936]:blt         t4, tp, -1366 # 4936 -> 4937
2026-06-12 16:33:03,192 riscv_instr_sequence.py 188 INFO Processing branch instruction[4943]:bltu        s4, s7, -1659 # 4943 -> 4945
2026-06-12 16:33:03,192 riscv_instr_sequence.py 188 INFO Processing branch instruction[4945]:c.bnez      a0, -2 # 4945 -> 4947
2026-06-12 16:33:03,192 riscv_instr_sequence.py 188 INFO Processing branch instruction[4946]:bne         t5, a1, -868 # 4946 -> 4954
2026-06-12 16:33:03,192 riscv_instr_sequence.py 188 INFO Processing branch instruction[4953]:bne         t1, gp, 1319 # 4953 -> 4955
2026-06-12 16:33:03,192 riscv_instr_sequence.py 188 INFO Processing branch instruction[4961]:c.beqz      a2, -2 # 4961 -> 4968
2026-06-12 16:33:03,192 riscv_instr_sequence.py 188 INFO Processing branch instruction[4963]:beq         a4, a6, 1586 # 4963 -> 4971
2026-06-12 16:33:03,192 riscv_instr_sequence.py 188 INFO Processing branch instruction[4966]:c.beqz      a0, -2 # 4966 -> 4978
2026-06-12 16:33:03,193 riscv_instr_sequence.py 188 INFO Processing branch instruction[4977]:c.bnez      a0, 88 # 4977 -> 4979
2026-06-12 16:33:03,193 riscv_instr_sequence.py 188 INFO Processing branch instruction[4981]:beq         s10, a6, -1414 # 4981 -> 4985
2026-06-12 16:33:03,193 riscv_instr_sequence.py 188 INFO Processing branch instruction[4984]:bge         s9, zero, 1502 # 4984 -> 4990
2026-06-12 16:33:03,193 riscv_instr_sequence.py 188 INFO Processing branch instruction[4989]:bltu        s8, t3, -1288 # 4989 -> 4995
2026-06-12 16:33:03,193 riscv_instr_sequence.py 188 INFO Processing branch instruction[4990]:bltu        t5, s2, 931 # 4990 -> 4995
2026-06-12 16:33:03,193 riscv_instr_sequence.py 188 INFO Processing branch instruction[4997]:bne         t2, zero, -2038 # 4997 -> 5013
2026-06-12 16:33:03,193 riscv_instr_sequence.py 188 INFO Processing branch instruction[5008]:bgeu        a7, s2, 819 # 5008 -> 5020
2026-06-12 16:33:03,193 riscv_instr_sequence.py 188 INFO Processing branch instruction[5021]:bltu        t2, s1, 1514 # 5021 -> 5028
2026-06-12 16:33:03,193 riscv_instr_sequence.py 188 INFO Processing branch instruction[5023]:bge         s3, t4, 438 # 5023 -> 5033
2026-06-12 16:33:03,193 riscv_instr_sequence.py 188 INFO Processing branch instruction[5027]:beq         s5, s11, -337 # 5027 -> 5029
2026-06-12 16:33:03,193 riscv_instr_sequence.py 188 INFO Processing branch instruction[5052]:bgeu        t2, a2, -1875 # 5052 -> 5059
2026-06-12 16:33:03,193 riscv_instr_sequence.py 188 INFO Processing branch instruction[5054]:bne         t2, zero, 426 # 5054 -> 5056
2026-06-12 16:33:03,193 riscv_instr_sequence.py 188 INFO Processing branch instruction[5055]:bne         s3, a4, -2000 # 5055 -> 5061
2026-06-12 16:33:03,194 riscv_instr_sequence.py 188 INFO Processing branch instruction[5065]:bltu        sp, a6, 750 # 5065 -> 5071
2026-06-12 16:33:03,194 riscv_instr_sequence.py 188 INFO Processing branch instruction[5066]:blt         s1, a6, -754 # 5066 -> 5078
2026-06-12 16:33:03,194 riscv_instr_sequence.py 188 INFO Processing branch instruction[5067]:bne         s6, s9, -1848 # 5067 -> 5069
2026-06-12 16:33:03,194 riscv_instr_sequence.py 188 INFO Processing branch instruction[5071]:bne         sp, gp, 834 # 5071 -> 5072
2026-06-12 16:33:03,194 riscv_instr_sequence.py 188 INFO Processing branch instruction[5089]:bltu        a3, s11, 1678 # 5089 -> 5093
2026-06-12 16:33:03,194 riscv_instr_sequence.py 188 INFO Processing branch instruction[5095]:bltu        s3, s6, 114 # 5095 -> 5101
2026-06-12 16:33:03,194 riscv_instr_sequence.py 188 INFO Processing branch instruction[5112]:bne         a5, s9, 1739 # 5112 -> 5122
2026-06-12 16:33:03,194 riscv_instr_sequence.py 188 INFO Processing branch instruction[5133]:bne         a3, s3, 388 # 5133 -> 5141
2026-06-12 16:33:03,194 riscv_instr_sequence.py 188 INFO Processing branch instruction[5135]:bltu        s10, s6, 853 # 5135 -> 5141
2026-06-12 16:33:03,194 riscv_instr_sequence.py 188 INFO Processing branch instruction[5137]:c.bnez      a3, -2 # 5137 -> 5141
2026-06-12 16:33:03,194 riscv_instr_sequence.py 188 INFO Processing branch instruction[5140]:blt         a2, zero, -461 # 5140 -> 5152
2026-06-12 16:33:03,194 riscv_instr_sequence.py 188 INFO Processing branch instruction[5141]:bne         t1, s1, 667 # 5141 -> 5152
2026-06-12 16:33:03,194 riscv_instr_sequence.py 188 INFO Processing branch instruction[5143]:c.bnez      a0, -2 # 5143 -> 5150
2026-06-12 16:33:03,195 riscv_instr_sequence.py 188 INFO Processing branch instruction[5147]:bgeu        s11, s2, -1112 # 5147 -> 5148
2026-06-12 16:33:03,195 riscv_instr_sequence.py 188 INFO Processing branch instruction[5153]:bne         s10, s5, -865 # 5153 -> 5158
2026-06-12 16:33:03,195 riscv_instr_sequence.py 188 INFO Processing branch instruction[5162]:beq         s4, t5, 1830 # 5162 -> 5178
2026-06-12 16:33:03,195 riscv_instr_sequence.py 188 INFO Processing branch instruction[5172]:bge         t1, tp, 536 # 5172 -> 5184
2026-06-12 16:33:03,195 riscv_instr_sequence.py 188 INFO Processing branch instruction[5182]:bge         t6, s6, -661 # 5182 -> 5187
2026-06-12 16:33:03,195 riscv_instr_sequence.py 188 INFO Processing branch instruction[5186]:blt         s9, a0, 1104 # 5186 -> 5196
2026-06-12 16:33:03,195 riscv_instr_sequence.py 188 INFO Processing branch instruction[5190]:bgeu        a2, tp, -1772 # 5190 -> 5192
2026-06-12 16:33:03,195 riscv_instr_sequence.py 188 INFO Processing branch instruction[5193]:bge         a1, t6, -1511 # 5193 -> 5203
2026-06-12 16:33:03,195 riscv_instr_sequence.py 188 INFO Processing branch instruction[5198]:beq         s4, tp, 1644 # 5198 -> 5206
2026-06-12 16:33:03,195 riscv_instr_sequence.py 188 INFO Processing branch instruction[5200]:bne         a5, a6, 2039 # 5200 -> 5213
2026-06-12 16:33:03,195 riscv_instr_sequence.py 188 INFO Processing branch instruction[5223]:beq         s7, s9, 477 # 5223 -> 5231
2026-06-12 16:33:03,195 riscv_instr_sequence.py 188 INFO Processing branch instruction[5230]:c.beqz      a3, 44 # 5230 -> 5237
2026-06-12 16:33:03,196 riscv_instr_sequence.py 188 INFO Processing branch instruction[5231]:blt         a3, gp, -1473 # 5231 -> 5250
2026-06-12 16:33:03,196 riscv_instr_sequence.py 188 INFO Processing branch instruction[5232]:bne         t4, t4, 215 # 5232 -> 5239
2026-06-12 16:33:03,196 riscv_instr_sequence.py 188 INFO Processing branch instruction[5233]:blt         s11, t1, 1528 # 5233 -> 5237
2026-06-12 16:33:03,196 riscv_instr_sequence.py 188 INFO Processing branch instruction[5236]:c.bnez      a0, 16 # 5236 -> 5246
2026-06-12 16:33:03,196 riscv_instr_sequence.py 188 INFO Processing branch instruction[5240]:c.beqz      a3, 20 # 5240 -> 5246
2026-06-12 16:33:03,196 riscv_instr_sequence.py 188 INFO Processing branch instruction[5243]:blt         tp, a1, -1130 # 5243 -> 5245
2026-06-12 16:33:03,196 riscv_instr_sequence.py 188 INFO Processing branch instruction[5244]:bne         t3, s3, 953 # 5244 -> 5251
2026-06-12 16:33:03,196 riscv_instr_sequence.py 188 INFO Processing branch instruction[5245]:bge         ra, t0, 1817 # 5245 -> 5253
2026-06-12 16:33:03,196 riscv_instr_sequence.py 188 INFO Processing branch instruction[5254]:blt         a6, s5, -1908 # 5254 -> 5255
2026-06-12 16:33:03,196 riscv_instr_sequence.py 188 INFO Processing branch instruction[5258]:blt         s4, t3, -1034 # 5258 -> 5260
2026-06-12 16:33:03,196 riscv_instr_sequence.py 188 INFO Processing branch instruction[5259]:beq         s2, t3, -1953 # 5259 -> 5278
2026-06-12 16:33:03,196 riscv_instr_sequence.py 188 INFO Processing branch instruction[5260]:bne         s4, t0, -1363 # 5260 -> 5268
2026-06-12 16:33:03,196 riscv_instr_sequence.py 188 INFO Processing branch instruction[5261]:bne         s6, a3, -1550 # 5261 -> 5267
2026-06-12 16:33:03,196 riscv_instr_sequence.py 188 INFO Processing branch instruction[5276]:beq         s2, tp, -1130 # 5276 -> 5286
2026-06-12 16:33:03,196 riscv_instr_sequence.py 188 INFO Processing branch instruction[5289]:c.bnez      a3, 40 # 5289 -> 5302
2026-06-12 16:33:03,196 riscv_instr_sequence.py 188 INFO Processing branch instruction[5290]:bne         tp, zero, 921 # 5290 -> 5306
2026-06-12 16:33:03,197 riscv_instr_sequence.py 188 INFO Processing branch instruction[5316]:c.bnez      s0, -2 # 5316 -> 5328
2026-06-12 16:33:03,197 riscv_instr_sequence.py 188 INFO Processing branch instruction[5325]:beq         ra, s5, -114 # 5325 -> 5331
2026-06-12 16:33:03,197 riscv_instr_sequence.py 188 INFO Processing branch instruction[5329]:beq         t6, tp, 980 # 5329 -> 5335
2026-06-12 16:33:03,197 riscv_instr_sequence.py 188 INFO Processing branch instruction[5332]:beq         t3, s9, 1757 # 5332 -> 5340
2026-06-12 16:33:03,197 riscv_instr_sequence.py 188 INFO Processing branch instruction[5341]:bne         s10, a6, 1730 # 5341 -> 5343
2026-06-12 16:33:03,197 riscv_instr_sequence.py 188 INFO Processing branch instruction[5343]:c.bnez      a0, -2 # 5343 -> 5348
2026-06-12 16:33:03,197 riscv_instr_sequence.py 188 INFO Processing branch instruction[5344]:c.beqz      a2, -2 # 5344 -> 5356
2026-06-12 16:33:03,197 riscv_instr_sequence.py 188 INFO Processing branch instruction[5351]:c.bnez      a0, 96 # 5351 -> 5363
2026-06-12 16:33:03,197 riscv_instr_sequence.py 188 INFO Processing branch instruction[5358]:beq         a3, a3, -508 # 5358 -> 5365
2026-06-12 16:33:03,197 riscv_instr_sequence.py 188 INFO Processing branch instruction[5368]:c.bnez      a0, 46 # 5368 -> 5372
2026-06-12 16:33:03,197 riscv_instr_sequence.py 188 INFO Processing branch instruction[5379]:blt         a3, s3, 1065 # 5379 -> 5380
2026-06-12 16:33:03,198 riscv_instr_sequence.py 188 INFO Processing branch instruction[5389]:bge         s10, ra, -578 # 5389 -> 5399
2026-06-12 16:33:03,198 riscv_instr_sequence.py 188 INFO Processing branch instruction[5390]:c.beqz      a3, -2 # 5390 -> 5392
2026-06-12 16:33:03,198 riscv_instr_sequence.py 188 INFO Processing branch instruction[5403]:c.bnez      a3, 60 # 5403 -> 5414
2026-06-12 16:33:03,198 riscv_instr_sequence.py 188 INFO Processing branch instruction[5428]:c.bnez      a3, 110 # 5428 -> 5433
2026-06-12 16:33:03,198 riscv_instr_sequence.py 188 INFO Processing branch instruction[5438]:beq         s4, t3, -1232 # 5438 -> 5450
2026-06-12 16:33:03,198 riscv_instr_sequence.py 188 INFO Processing branch instruction[5440]:blt         t6, tp, -145 # 5440 -> 5442
2026-06-12 16:33:03,198 riscv_instr_sequence.py 188 INFO Processing branch instruction[5442]:bltu        t4, t0, -1021 # 5442 -> 5447
2026-06-12 16:33:03,198 riscv_instr_sequence.py 188 INFO Processing branch instruction[5449]:c.beqz      a2, 102 # 5449 -> 5459
2026-06-12 16:33:03,198 riscv_instr_sequence.py 188 INFO Processing branch instruction[5455]:bgeu        t3, a4, 1787 # 5455 -> 5456
2026-06-12 16:33:03,198 riscv_instr_sequence.py 188 INFO Processing branch instruction[5459]:beq         a0, t1, -1595 # 5459 -> 5475
2026-06-12 16:33:03,199 riscv_instr_sequence.py 188 INFO Processing branch instruction[5466]:bgeu        s4, ra, -711 # 5466 -> 5485
2026-06-12 16:33:03,199 riscv_instr_sequence.py 188 INFO Processing branch instruction[5481]:beq         a3, s7, -1708 # 5481 -> 5483
2026-06-12 16:33:03,199 riscv_instr_sequence.py 188 INFO Processing branch instruction[5482]:bge         a1, s1, -1138 # 5482 -> 5492
2026-06-12 16:33:03,199 riscv_instr_sequence.py 188 INFO Processing branch instruction[5483]:c.beqz      a3, -2 # 5483 -> 5485
2026-06-12 16:33:03,199 riscv_instr_sequence.py 188 INFO Processing branch instruction[5485]:beq         sp, a5, -891 # 5485 -> 5493
2026-06-12 16:33:03,199 riscv_instr_sequence.py 188 INFO Processing branch instruction[5490]:c.bnez      a3, 108 # 5490 -> 5502
2026-06-12 16:33:03,199 riscv_instr_sequence.py 188 INFO Processing branch instruction[5491]:blt         a6, s11, -951 # 5491 -> 5495
2026-06-12 16:33:03,199 riscv_instr_sequence.py 188 INFO Processing branch instruction[5508]:bgeu        s4, ra, -724 # 5508 -> 5520
2026-06-12 16:33:03,199 riscv_instr_sequence.py 188 INFO Processing branch instruction[5517]:c.bnez      s0, -2 # 5517 -> 5524
2026-06-12 16:33:03,199 riscv_instr_sequence.py 188 INFO Processing branch instruction[5518]:blt         s3, zero, 1472 # 5518 -> 5525
2026-06-12 16:33:03,199 riscv_instr_sequence.py 188 INFO Processing branch instruction[5526]:bltu        gp, t0, -1929 # 5526 -> 5532
2026-06-12 16:33:03,199 riscv_instr_sequence.py 188 INFO Processing branch instruction[5529]:c.beqz      a3, -2 # 5529 -> 5534
2026-06-12 16:33:03,199 riscv_instr_sequence.py 188 INFO Processing branch instruction[5531]:c.beqz      a3, -2 # 5531 -> 5539
2026-06-12 16:33:03,200 riscv_instr_sequence.py 188 INFO Processing branch instruction[5538]:beq         s8, s11, -633 # 5538 -> 5544
2026-06-12 16:33:03,200 riscv_instr_sequence.py 188 INFO Processing branch instruction[5540]:bltu        s9, a2, -1421 # 5540 -> 5544
2026-06-12 16:33:03,200 riscv_instr_sequence.py 188 INFO Processing branch instruction[5542]:bltu        a6, s2, -1664 # 5542 -> 5555
2026-06-12 16:33:03,200 riscv_instr_sequence.py 188 INFO Processing branch instruction[5550]:c.bnez      a3, -2 # 5550 -> 5556
2026-06-12 16:33:03,200 riscv_instr_sequence.py 188 INFO Processing branch instruction[5553]:bge         s3, s3, -479 # 5553 -> 5564
2026-06-12 16:33:03,200 riscv_instr_sequence.py 188 INFO Processing branch instruction[5555]:bne         a5, a1, -512 # 5555 -> 5565
2026-06-12 16:33:03,200 riscv_instr_sequence.py 188 INFO Processing branch instruction[5560]:bgeu        t0, a2, -2024 # 5560 -> 5567
2026-06-12 16:33:03,200 riscv_instr_sequence.py 188 INFO Processing branch instruction[5585]:bge         s5, s11, 905 # 5585 -> 5587
2026-06-12 16:33:03,200 riscv_instr_sequence.py 188 INFO Processing branch instruction[5591]:bne         t1, a2, -827 # 5591 -> 5599
2026-06-12 16:33:03,200 riscv_instr_sequence.py 188 INFO Processing branch instruction[5593]:bge         s2, s0, 174 # 5593 -> 5594
2026-06-12 16:33:03,200 riscv_instr_sequence.py 188 INFO Processing branch instruction[5617]:c.bnez      s0, -2 # 5617 -> 5623
2026-06-12 16:33:03,200 riscv_instr_sequence.py 188 INFO Processing branch instruction[5622]:blt         t4, s2, -1880 # 5622 -> 5634
2026-06-12 16:33:03,201 riscv_instr_sequence.py 188 INFO Processing branch instruction[5632]:bltu        a7, s10, -1896 # 5632 -> 5639
2026-06-12 16:33:03,201 riscv_instr_sequence.py 188 INFO Processing branch instruction[5658]:blt         s4, s5, -487 # 5658 -> 5660
2026-06-12 16:33:03,201 riscv_instr_sequence.py 188 INFO Processing branch instruction[5664]:c.bnez      a3, 44 # 5664 -> 5674
2026-06-12 16:33:03,201 riscv_instr_sequence.py 188 INFO Processing branch instruction[5667]:c.beqz      a3, 78 # 5667 -> 5673
2026-06-12 16:33:03,201 riscv_instr_sequence.py 188 INFO Processing branch instruction[5669]:c.beqz      a3, -2 # 5669 -> 5670
2026-06-12 16:33:03,201 riscv_instr_sequence.py 188 INFO Processing branch instruction[5674]:c.beqz      a0, -2 # 5674 -> 5684
2026-06-12 16:33:03,201 riscv_instr_sequence.py 188 INFO Processing branch instruction[5677]:c.bnez      a5, 114 # 5677 -> 5684
2026-06-12 16:33:03,201 riscv_instr_sequence.py 188 INFO Processing branch instruction[5686]:beq         gp, a5, -1114 # 5686 -> 5694
2026-06-12 16:33:03,201 riscv_instr_sequence.py 188 INFO Processing branch instruction[5692]:bne         a0, t0, -1513 # 5692 -> 5702
2026-06-12 16:33:03,201 riscv_instr_sequence.py 188 INFO Processing branch instruction[5700]:c.beqz      a5, 126 # 5700 -> 5704
2026-06-12 16:33:03,201 riscv_instr_sequence.py 188 INFO Processing branch instruction[5706]:blt         s10, s1, 1529 # 5706 -> 5718
2026-06-12 16:33:03,202 riscv_instr_sequence.py 188 INFO Processing branch instruction[5707]:bge         s8, t6, 1558 # 5707 -> 5709
2026-06-12 16:33:03,202 riscv_instr_sequence.py 188 INFO Processing branch instruction[5715]:bgeu        a4, s7, -1137 # 5715 -> 5727
2026-06-12 16:33:03,202 riscv_instr_sequence.py 188 INFO Processing branch instruction[5729]:beq         t4, t1, -629 # 5729 -> 5736
2026-06-12 16:33:03,202 riscv_instr_sequence.py 188 INFO Processing branch instruction[5732]:beq         s7, t6, 310 # 5732 -> 5738
2026-06-12 16:33:03,202 riscv_instr_sequence.py 188 INFO Processing branch instruction[5733]:bgeu        a3, gp, -1884 # 5733 -> 5741
2026-06-12 16:33:03,202 riscv_instr_sequence.py 188 INFO Processing branch instruction[5747]:c.beqz      a3, -2 # 5747 -> 5752
2026-06-12 16:33:03,202 riscv_instr_sequence.py 188 INFO Processing branch instruction[5750]:bge         a3, tp, -962 # 5750 -> 5756
2026-06-12 16:33:03,202 riscv_instr_sequence.py 188 INFO Processing branch instruction[5764]:bne         a3, s2, -1155 # 5764 -> 5769
2026-06-12 16:33:03,202 riscv_instr_sequence.py 188 INFO Processing branch instruction[5770]:bltu        tp, s1, 112 # 5770 -> 5772
2026-06-12 16:33:03,202 riscv_instr_sequence.py 188 INFO Processing branch instruction[5777]:bge         s6, t3, -644 # 5777 -> 5785
2026-06-12 16:33:03,202 riscv_instr_sequence.py 188 INFO Processing branch instruction[5795]:bltu        s6, a1, 1339 # 5795 -> 5801
2026-06-12 16:33:03,203 riscv_instr_sequence.py 188 INFO Processing branch instruction[5803]:c.beqz      a1, -2 # 5803 -> 5819
2026-06-12 16:33:03,203 riscv_instr_sequence.py 188 INFO Processing branch instruction[5804]:c.beqz      a0, -2 # 5804 -> 5823
2026-06-12 16:33:03,203 riscv_instr_sequence.py 188 INFO Processing branch instruction[5806]:bne         sp, t5, 793 # 5806 -> 5819
2026-06-12 16:33:03,203 riscv_instr_sequence.py 188 INFO Processing branch instruction[5811]:bge         t4, a6, -1453 # 5811 -> 5822
2026-06-12 16:33:03,203 riscv_instr_sequence.py 188 INFO Processing branch instruction[5815]:bgeu        s10, t0, 1575 # 5815 -> 5817
2026-06-12 16:33:03,203 riscv_instr_sequence.py 188 INFO Processing branch instruction[5818]:beq         s10, a3, -1805 # 5818 -> 5819
2026-06-12 16:33:03,203 riscv_instr_sequence.py 188 INFO Processing branch instruction[5823]:c.beqz      a0, -2 # 5823 -> 5827
2026-06-12 16:33:03,203 riscv_instr_sequence.py 188 INFO Processing branch instruction[5824]:bne         s9, s6, -1244 # 5824 -> 5832
2026-06-12 16:33:03,203 riscv_instr_sequence.py 188 INFO Processing branch instruction[5856]:bge         t3, s3, 573 # 5856 -> 5862
2026-06-12 16:33:03,203 riscv_instr_sequence.py 188 INFO Processing branch instruction[5861]:bltu        s6, s7, -643 # 5861 -> 5868
2026-06-12 16:33:03,203 riscv_instr_sequence.py 188 INFO Processing branch instruction[5862]:bgeu        t3, s6, 349 # 5862 -> 5872
2026-06-12 16:33:03,203 riscv_instr_sequence.py 188 INFO Processing branch instruction[5873]:bne         s3, a6, 1638 # 5873 -> 5881
2026-06-12 16:33:03,203 riscv_instr_sequence.py 188 INFO Processing branch instruction[5875]:c.beqz      a2, -2 # 5875 -> 5891
2026-06-12 16:33:03,204 riscv_instr_sequence.py 188 INFO Processing branch instruction[5884]:bge         s5, t6, -885 # 5884 -> 5886
2026-06-12 16:33:03,204 riscv_instr_sequence.py 188 INFO Processing branch instruction[5887]:beq         s9, s11, 1103 # 5887 -> 5897
2026-06-12 16:33:03,204 riscv_instr_sequence.py 188 INFO Processing branch instruction[5889]:beq         a4, s7, -192 # 5889 -> 5896
2026-06-12 16:33:03,204 riscv_instr_sequence.py 188 INFO Processing branch instruction[5896]:bne         s6, a4, 1621 # 5896 -> 5908
2026-06-12 16:33:03,204 riscv_instr_sequence.py 188 INFO Processing branch instruction[5898]:c.bnez      a3, -2 # 5898 -> 5900
2026-06-12 16:33:03,204 riscv_instr_sequence.py 188 INFO Processing branch instruction[5902]:bne         s5, t0, 1202 # 5902 -> 5906
2026-06-12 16:33:03,204 riscv_instr_sequence.py 188 INFO Processing branch instruction[5908]:bgeu        ra, s1, -1938 # 5908 -> 5927
2026-06-12 16:33:03,204 riscv_instr_sequence.py 188 INFO Processing branch instruction[5909]:c.bnez      a0, -2 # 5909 -> 5920
2026-06-12 16:33:03,204 riscv_instr_sequence.py 188 INFO Processing branch instruction[5914]:bne         s11, s3, -1992 # 5914 -> 5926
2026-06-12 16:33:03,204 riscv_instr_sequence.py 188 INFO Processing branch instruction[5920]:bge         s11, t4, 1192 # 5920 -> 5933
2026-06-12 16:33:03,204 riscv_instr_sequence.py 188 INFO Processing branch instruction[5931]:bne         s3, t4, -403 # 5931 -> 5932
2026-06-12 16:33:03,204 riscv_instr_sequence.py 188 INFO Processing branch instruction[5935]:c.beqz      a2, -2 # 5935 -> 5937
2026-06-12 16:33:03,204 riscv_instr_sequence.py 188 INFO Processing branch instruction[5938]:bgeu        a1, a0, -1699 # 5938 -> 5944
2026-06-12 16:33:03,204 riscv_instr_sequence.py 188 INFO Processing branch instruction[5939]:beq         t4, gp, -1564 # 5939 -> 5944
2026-06-12 16:33:03,204 riscv_instr_sequence.py 188 INFO Processing branch instruction[5946]:bgeu        t5, s6, -721 # 5946 -> 5947
2026-06-12 16:33:03,204 riscv_instr_sequence.py 188 INFO Processing branch instruction[5952]:blt         t2, tp, 427 # 5952 -> 5958
2026-06-12 16:33:03,205 riscv_instr_sequence.py 188 INFO Processing branch instruction[5953]:bge         s1, a1, 1364 # 5953 -> 5963
2026-06-12 16:33:03,205 riscv_instr_sequence.py 188 INFO Processing branch instruction[5959]:bltu        s8, t4, -1139 # 5959 -> 5961
2026-06-12 16:33:03,205 riscv_instr_sequence.py 188 INFO Processing branch instruction[5966]:c.bnez      a1, -2 # 5966 -> 5973
2026-06-12 16:33:03,205 riscv_instr_sequence.py 188 INFO Processing branch instruction[5976]:bne         t5, s6, 1934 # 5976 -> 5984
2026-06-12 16:33:03,205 riscv_instr_sequence.py 188 INFO Processing branch instruction[5994]:c.bnez      a3, 46 # 5994 -> 6000
2026-06-12 16:33:03,205 riscv_instr_sequence.py 188 INFO Processing branch instruction[6001]:c.bnez      a3, 28 # 6001 -> 6013
2026-06-12 16:33:03,205 riscv_instr_sequence.py 188 INFO Processing branch instruction[6018]:blt         s11, t1, 1022 # 6018 -> 6022
2026-06-12 16:33:03,205 riscv_instr_sequence.py 188 INFO Processing branch instruction[6024]:beq         a5, s3, 611 # 6024 -> 6029
2026-06-12 16:33:03,205 riscv_instr_sequence.py 188 INFO Processing branch instruction[6025]:bne         tp, sp, -1141 # 6025 -> 6031
2026-06-12 16:33:03,205 riscv_instr_sequence.py 188 INFO Processing branch instruction[6028]:bltu        t1, a5, 1827 # 6028 -> 6029
2026-06-12 16:33:03,206 riscv_instr_sequence.py 188 INFO Processing branch instruction[6047]:c.beqz      a1, 92 # 6047 -> 6060
2026-06-12 16:33:03,206 riscv_instr_sequence.py 188 INFO Processing branch instruction[6060]:c.beqz      a3, 92 # 6060 -> 6070
2026-06-12 16:33:03,206 riscv_instr_sequence.py 188 INFO Processing branch instruction[6061]:c.bnez      a0, -2 # 6061 -> 6063
2026-06-12 16:33:03,206 riscv_instr_sequence.py 188 INFO Processing branch instruction[6065]:bgeu        a6, t3, 1309 # 6065 -> 6076
2026-06-12 16:33:03,206 riscv_instr_sequence.py 188 INFO Processing branch instruction[6071]:bgeu        t5, sp, -878 # 6071 -> 6090
2026-06-12 16:33:03,206 riscv_instr_sequence.py 188 INFO Processing branch instruction[6077]:beq         a3, t1, -1050 # 6077 -> 6083
2026-06-12 16:33:03,206 riscv_instr_sequence.py 188 INFO Processing branch instruction[6079]:bltu        s2, a4, 1939 # 6079 -> 6089
2026-06-12 16:33:03,206 riscv_instr_sequence.py 188 INFO Processing branch instruction[6090]:bltu        zero, s6, -1596 # 6090 -> 6106
2026-06-12 16:33:03,206 riscv_instr_sequence.py 188 INFO Processing branch instruction[6098]:bltu        a6, t0, 974 # 6098 -> 6102
2026-06-12 16:33:03,206 riscv_instr_sequence.py 188 INFO Processing branch instruction[6101]:c.bnez      a1, -2 # 6101 -> 6109
2026-06-12 16:33:03,206 riscv_instr_sequence.py 188 INFO Processing branch instruction[6103]:bne         s3, s8, -1548 # 6103 -> 6108
2026-06-12 16:33:03,206 riscv_instr_sequence.py 188 INFO Processing branch instruction[6105]:bge         s0, s5, -1600 # 6105 -> 6111
2026-06-12 16:33:03,206 riscv_instr_sequence.py 188 INFO Processing branch instruction[6112]:c.bnez      a3, 22 # 6112 -> 6114
2026-06-12 16:33:03,207 riscv_instr_sequence.py 188 INFO Processing branch instruction[6114]:bgeu        s9, a4, -2024 # 6114 -> 6126
2026-06-12 16:33:03,207 riscv_instr_sequence.py 188 INFO Processing branch instruction[6127]:c.beqz      a2, -2 # 6127 -> 6135
2026-06-12 16:33:03,207 riscv_instr_sequence.py 188 INFO Processing branch instruction[6135]:c.beqz      a0, 112 # 6135 -> 6137
2026-06-12 16:33:03,207 riscv_instr_sequence.py 188 INFO Processing branch instruction[6136]:beq         s10, s5, 94 # 6136 -> 6141
2026-06-12 16:33:03,207 riscv_instr_sequence.py 188 INFO Processing branch instruction[6142]:bltu        s8, a2, -1238 # 6142 -> 6154
2026-06-12 16:33:03,207 riscv_instr_sequence.py 188 INFO Processing branch instruction[6160]:c.bnez      a0, 0 # 6160 -> 6170
2026-06-12 16:33:03,207 riscv_instr_sequence.py 188 INFO Processing branch instruction[6172]:bne         s8, s6, 272 # 6172 -> 6179
2026-06-12 16:33:03,207 riscv_instr_sequence.py 188 INFO Processing branch instruction[6174]:beq         t3, sp, 1640 # 6174 -> 6181
2026-06-12 16:33:03,207 riscv_instr_sequence.py 188 INFO Processing branch instruction[6175]:beq         a0, s11, -1434 # 6175 -> 6176
2026-06-12 16:33:03,207 riscv_instr_sequence.py 188 INFO Processing branch instruction[6179]:bltu        a7, gp, 1914 # 6179 -> 6186
2026-06-12 16:33:03,207 riscv_instr_sequence.py 188 INFO Processing branch instruction[6202]:bne         s0, zero, 1140 # 6202 -> 6208
2026-06-12 16:33:03,208 riscv_instr_sequence.py 188 INFO Processing branch instruction[6222]:beq         s10, a5, -1864 # 6222 -> 6234
2026-06-12 16:33:03,208 riscv_instr_sequence.py 188 INFO Processing branch instruction[6224]:c.beqz      a2, -2 # 6224 -> 6228
2026-06-12 16:33:03,208 riscv_instr_sequence.py 188 INFO Processing branch instruction[6236]:bne         ra, sp, 259 # 6236 -> 6244
2026-06-12 16:33:03,208 riscv_instr_sequence.py 188 INFO Processing branch instruction[6238]:bgeu        a6, s7, 1129 # 6238 -> 6240
2026-06-12 16:33:03,208 riscv_instr_sequence.py 188 INFO Processing branch instruction[6242]:c.bnez      a1, -2 # 6242 -> 6248
2026-06-12 16:33:03,208 riscv_instr_sequence.py 188 INFO Processing branch instruction[6243]:bge         a7, t5, -1961 # 6243 -> 6255
2026-06-12 16:33:03,208 riscv_instr_sequence.py 188 INFO Processing branch instruction[6246]:bgeu        a1, s2, 173 # 6246 -> 6251
2026-06-12 16:33:03,208 riscv_instr_sequence.py 188 INFO Processing branch instruction[6259]:bne         a2, s10, 154 # 6259 -> 6270
2026-06-12 16:33:03,208 riscv_instr_sequence.py 188 INFO Processing branch instruction[6260]:bne         s9, a5, -1479 # 6260 -> 6276
2026-06-12 16:33:03,208 riscv_instr_sequence.py 188 INFO Processing branch instruction[6262]:bgeu        s2, s10, 321 # 6262 -> 6270
2026-06-12 16:33:03,208 riscv_instr_sequence.py 188 INFO Processing branch instruction[6277]:bne         a4, s9, -1389 # 6277 -> 6285
2026-06-12 16:33:03,208 riscv_instr_sequence.py 188 INFO Processing branch instruction[6279]:bgeu        a0, s11, 1092 # 6279 -> 6281
2026-06-12 16:33:03,208 riscv_instr_sequence.py 188 INFO Processing branch instruction[6282]:bne         t2, s1, 267 # 6282 -> 6292
2026-06-12 16:33:03,209 riscv_instr_sequence.py 188 INFO Processing branch instruction[6291]:c.bnez      a0, -2 # 6291 -> 6301
2026-06-12 16:33:03,209 riscv_instr_sequence.py 188 INFO Processing branch instruction[6292]:bge         s10, s1, -646 # 6292 -> 6305
2026-06-12 16:33:03,209 riscv_instr_sequence.py 188 INFO Processing branch instruction[6296]:bge         t5, s6, -1292 # 6296 -> 6301
2026-06-12 16:33:03,209 riscv_instr_sequence.py 188 INFO Processing branch instruction[6305]:bgeu        s1, a6, 1734 # 6305 -> 6307
2026-06-12 16:33:03,209 riscv_instr_sequence.py 188 INFO Processing branch instruction[6306]:bne         a4, s0, -976 # 6306 -> 6325
2026-06-12 16:33:03,209 riscv_instr_sequence.py 188 INFO Processing branch instruction[6311]:bne         s5, a5, 1003 # 6311 -> 6312
2026-06-12 16:33:03,209 riscv_instr_sequence.py 188 INFO Processing branch instruction[6313]:c.beqz      a1, 126 # 6313 -> 6325
2026-06-12 16:33:03,209 riscv_instr_sequence.py 188 INFO Processing branch instruction[6322]:bgeu        s10, sp, 31 # 6322 -> 6329
2026-06-12 16:33:03,209 riscv_instr_sequence.py 188 INFO Processing branch instruction[6334]:beq         s4, s2, 50 # 6334 -> 6344
2026-06-12 16:33:03,209 riscv_instr_sequence.py 188 INFO Processing branch instruction[6336]:bltu        gp, t2, -1857 # 6336 -> 6338
2026-06-12 16:33:03,209 riscv_instr_sequence.py 188 INFO Processing branch instruction[6346]:bltu        a3, s11, 806 # 6346 -> 6350
2026-06-12 16:33:03,209 riscv_instr_sequence.py 188 INFO Processing branch instruction[6352]:c.bnez      a0, -2 # 6352 -> 6353
2026-06-12 16:33:03,209 riscv_instr_sequence.py 188 INFO Processing branch instruction[6354]:c.beqz      a3, -2 # 6354 -> 6356
2026-06-12 16:33:03,209 riscv_instr_sequence.py 188 INFO Processing branch instruction[6361]:bltu        s8, a3, -797 # 6361 -> 6365
2026-06-12 16:33:03,210 riscv_instr_sequence.py 188 INFO Processing branch instruction[6364]:blt         t3, s7, 297 # 6364 -> 6370
2026-06-12 16:33:03,210 riscv_instr_sequence.py 188 INFO Processing branch instruction[6366]:bne         ra, a0, -355 # 6366 -> 6378
2026-06-12 16:33:03,210 riscv_instr_sequence.py 188 INFO Processing branch instruction[6372]:bgeu        tp, s9, -360 # 6372 -> 6379
2026-06-12 16:33:03,210 riscv_instr_sequence.py 188 INFO Processing branch instruction[6373]:blt         t6, t3, -1063 # 6373 -> 6379
2026-06-12 16:33:03,210 riscv_instr_sequence.py 188 INFO Processing branch instruction[6374]:bgeu        s8, sp, -615 # 6374 -> 6382
2026-06-12 16:33:03,210 riscv_instr_sequence.py 188 INFO Processing branch instruction[6387]:bltu        t6, t1, -950 # 6387 -> 6394
2026-06-12 16:33:03,210 riscv_instr_sequence.py 188 INFO Processing branch instruction[6390]:c.beqz      a0, 60 # 6390 -> 6396
2026-06-12 16:33:03,210 riscv_instr_sequence.py 188 INFO Processing branch instruction[6394]:bge         s9, s2, -1596 # 6394 -> 6402
2026-06-12 16:33:03,210 riscv_instr_sequence.py 188 INFO Processing branch instruction[6395]:blt         s10, a3, 139 # 6395 -> 6402
2026-06-12 16:33:03,210 riscv_instr_sequence.py 188 INFO Processing branch instruction[6400]:bgeu        a5, zero, -722 # 6400 -> 6410
2026-06-12 16:33:03,210 riscv_instr_sequence.py 188 INFO Processing branch instruction[6415]:c.bnez      a3, 106 # 6415 -> 6416
2026-06-12 16:33:03,210 riscv_instr_sequence.py 188 INFO Processing branch instruction[6418]:blt         a7, t4, 1917 # 6418 -> 6423
2026-06-12 16:33:03,210 riscv_instr_sequence.py 188 INFO Processing branch instruction[6427]:beq         s9, s3, -1526 # 6427 -> 6438
2026-06-12 16:33:03,210 riscv_instr_sequence.py 188 INFO Processing branch instruction[6432]:bge         s8, s0, -2018 # 6432 -> 6434
2026-06-12 16:33:03,210 riscv_instr_sequence.py 188 INFO Processing branch instruction[6435]:blt         s3, s8, 1704 # 6435 -> 6454
2026-06-12 16:33:03,211 riscv_instr_sequence.py 188 INFO Processing branch instruction[6452]:bge         ra, s0, 1223 # 6452 -> 6459
2026-06-12 16:33:03,211 riscv_instr_sequence.py 188 INFO Processing branch instruction[6456]:bltu        a0, ra, -331 # 6456 -> 6462
2026-06-12 16:33:03,211 riscv_instr_sequence.py 188 INFO Processing branch instruction[6459]:beq         a1, t5, 1803 # 6459 -> 6471
2026-06-12 16:33:03,211 riscv_instr_sequence.py 188 INFO Processing branch instruction[6460]:bgeu        s5, ra, 300 # 6460 -> 6462
2026-06-12 16:33:03,211 riscv_instr_sequence.py 188 INFO Processing branch instruction[6462]:blt         s6, t2, -1696 # 6462 -> 6464
2026-06-12 16:33:03,211 riscv_instr_sequence.py 188 INFO Processing branch instruction[6474]:bge         s10, a1, -321 # 6474 -> 6481
2026-06-12 16:33:03,211 riscv_instr_sequence.py 188 INFO Processing branch instruction[6486]:beq         t5, s9, 799 # 6486 -> 6494
2026-06-12 16:33:03,211 riscv_instr_sequence.py 188 INFO Processing branch instruction[6487]:bne         s8, a3, 1378 # 6487 -> 6491
2026-06-12 16:33:03,211 riscv_instr_sequence.py 188 INFO Processing branch instruction[6491]:bltu        gp, zero, 61 # 6491 -> 6496
2026-06-12 16:33:03,211 riscv_instr_sequence.py 188 INFO Processing branch instruction[6492]:beq         a2, a3, 2041 # 6492 -> 6496
2026-06-12 16:33:03,211 riscv_instr_sequence.py 188 INFO Processing branch instruction[6495]:beq         t1, t0, 823 # 6495 -> 6511
2026-06-12 16:33:03,211 riscv_instr_sequence.py 188 INFO Processing branch instruction[6496]:blt         a3, t4, -555 # 6496 -> 6498
2026-06-12 16:33:03,211 riscv_instr_sequence.py 188 INFO Processing branch instruction[6497]:c.bnez      a1, -2 # 6497 -> 6509
2026-06-12 16:33:03,211 riscv_instr_sequence.py 188 INFO Processing branch instruction[6500]:bge         t5, s9, 148 # 6500 -> 6510
2026-06-12 16:33:03,212 riscv_instr_sequence.py 188 INFO Processing branch instruction[6530]:blt         gp, sp, 1143 # 6530 -> 6540
2026-06-12 16:33:03,212 riscv_instr_sequence.py 188 INFO Processing branch instruction[6533]:blt         zero, s3, 834 # 6533 -> 6545
2026-06-12 16:33:03,212 riscv_instr_sequence.py 188 INFO Processing branch instruction[6540]:bge         t2, s3, -584 # 6540 -> 6546
2026-06-12 16:33:03,212 riscv_instr_sequence.py 188 INFO Processing branch instruction[6550]:blt         gp, s11, -536 # 6550 -> 6551
2026-06-12 16:33:03,212 riscv_instr_sequence.py 188 INFO Processing branch instruction[6554]:bge         s1, s2, -1911 # 6554 -> 6560
2026-06-12 16:33:03,212 riscv_instr_sequence.py 188 INFO Processing branch instruction[6555]:blt         sp, s6, 1269 # 6555 -> 6568
2026-06-12 16:33:03,212 riscv_instr_sequence.py 188 INFO Processing branch instruction[6581]:bgeu        s2, s6, -387 # 6581 -> 6589
2026-06-12 16:33:03,212 riscv_instr_sequence.py 188 INFO Processing branch instruction[6586]:blt         t2, s6, -383 # 6586 -> 6592
2026-06-12 16:33:03,212 riscv_instr_sequence.py 188 INFO Processing branch instruction[6587]:c.bnez      s0, -2 # 6587 -> 6589
2026-06-12 16:33:03,213 riscv_instr_sequence.py 188 INFO Processing branch instruction[6605]:bgeu        zero, s7, 1725 # 6605 -> 6611
2026-06-12 16:33:03,213 riscv_instr_sequence.py 188 INFO Processing branch instruction[6619]:c.bnez      a1, 106 # 6619 -> 6625
2026-06-12 16:33:03,213 riscv_instr_sequence.py 188 INFO Processing branch instruction[6627]:bne         a2, s4, -1236 # 6627 -> 6634
2026-06-12 16:33:03,213 riscv_instr_sequence.py 188 INFO Processing branch instruction[6629]:bge         a4, s11, -1083 # 6629 -> 6637
2026-06-12 16:33:03,213 riscv_instr_sequence.py 188 INFO Processing branch instruction[6638]:blt         zero, a3, 85 # 6638 -> 6650
2026-06-12 16:33:03,213 riscv_instr_sequence.py 188 INFO Processing branch instruction[6639]:c.beqz      a0, -2 # 6639 -> 6649
2026-06-12 16:33:03,213 riscv_instr_sequence.py 188 INFO Processing branch instruction[6641]:bgeu        tp, s6, -10 # 6641 -> 6646
2026-06-12 16:33:03,213 riscv_instr_sequence.py 188 INFO Processing branch instruction[6643]:blt         s5, s7, 1930 # 6643 -> 6662
2026-06-12 16:33:03,213 riscv_instr_sequence.py 188 INFO Processing branch instruction[6645]:bltu        s4, s1, 1679 # 6645 -> 6657
2026-06-12 16:33:03,213 riscv_instr_sequence.py 188 INFO Processing branch instruction[6657]:beq         t3, s0, 733 # 6657 -> 6661
2026-06-12 16:33:03,213 riscv_instr_sequence.py 188 INFO Processing branch instruction[6664]:c.bnez      a5, 24 # 6664 -> 6672
2026-06-12 16:33:03,213 riscv_instr_sequence.py 188 INFO Processing branch instruction[6665]:bge         s2, gp, -1144 # 6665 -> 6666
2026-06-12 16:33:03,213 riscv_instr_sequence.py 188 INFO Processing branch instruction[6668]:c.bnez      a0, -2 # 6668 -> 6675
2026-06-12 16:33:03,213 riscv_instr_sequence.py 188 INFO Processing branch instruction[6671]:bne         s9, a2, -242 # 6671 -> 6672
2026-06-12 16:33:03,213 riscv_instr_sequence.py 188 INFO Processing branch instruction[6673]:c.beqz      a5, 92 # 6673 -> 6683
2026-06-12 16:33:03,214 riscv_instr_sequence.py 188 INFO Processing branch instruction[6684]:bge         a4, s10, 532 # 6684 -> 6690
2026-06-12 16:33:03,214 riscv_instr_sequence.py 188 INFO Processing branch instruction[6689]:blt         a2, t2, -700 # 6689 -> 6691
2026-06-12 16:33:03,214 riscv_instr_sequence.py 188 INFO Processing branch instruction[6691]:bne         s5, s3, -1281 # 6691 -> 6693
2026-06-12 16:33:03,214 riscv_instr_sequence.py 188 INFO Processing branch instruction[6698]:bltu        s9, a4, 144 # 6698 -> 6710
2026-06-12 16:33:03,214 riscv_instr_sequence.py 188 INFO Processing branch instruction[6704]:c.beqz      a0, -2 # 6704 -> 6717
2026-06-12 16:33:03,214 riscv_instr_sequence.py 188 INFO Processing branch instruction[6707]:beq         zero, ra, 347 # 6707 -> 6714
2026-06-12 16:33:03,214 riscv_instr_sequence.py 188 INFO Processing branch instruction[6713]:bltu        s7, a6, 155 # 6713 -> 6715
2026-06-12 16:33:03,214 riscv_instr_sequence.py 188 INFO Processing branch instruction[6722]:bge         t2, s1, 1721 # 6722 -> 6728
2026-06-12 16:33:03,214 riscv_instr_sequence.py 188 INFO Processing branch instruction[6727]:beq         s7, t4, 1003 # 6727 -> 6738
2026-06-12 16:33:03,214 riscv_instr_sequence.py 188 INFO Processing branch instruction[6732]:blt         t5, tp, 1189 # 6732 -> 6736
2026-06-12 16:33:03,214 riscv_instr_sequence.py 188 INFO Processing branch instruction[6740]:c.bnez      a3, 124 # 6740 -> 6745
2026-06-12 16:33:03,214 riscv_instr_sequence.py 188 INFO Processing branch instruction[6753]:bne         a5, s0, 303 # 6753 -> 6763
2026-06-12 16:33:03,215 riscv_instr_sequence.py 188 INFO Processing branch instruction[6758]:blt         s4, t5, 1815 # 6758 -> 6774
2026-06-12 16:33:03,215 riscv_instr_sequence.py 188 INFO Processing branch instruction[6785]:c.beqz      a3, 68 # 6785 -> 6793
2026-06-12 16:33:03,215 riscv_instr_sequence.py 188 INFO Processing branch instruction[6787]:bge         a0, tp, -1026 # 6787 -> 6789
2026-06-12 16:33:03,215 riscv_instr_sequence.py 188 INFO Processing branch instruction[6793]:bne         s7, a6, -1924 # 6793 -> 6801
2026-06-12 16:33:03,215 riscv_instr_sequence.py 188 INFO Processing branch instruction[6796]:blt         s4, a5, -423 # 6796 -> 6803
2026-06-12 16:33:03,215 riscv_instr_sequence.py 188 INFO Processing branch instruction[6798]:c.beqz      a3, -2 # 6798 -> 6804
2026-06-12 16:33:03,215 riscv_instr_sequence.py 188 INFO Processing branch instruction[6802]:bne         sp, t1, 890 # 6802 -> 6808
2026-06-12 16:33:03,215 riscv_instr_sequence.py 188 INFO Processing branch instruction[6818]:bge         gp, a7, 1236 # 6818 -> 6830
2026-06-12 16:33:03,215 riscv_instr_sequence.py 188 INFO Processing branch instruction[6824]:bne         a1, s5, -1007 # 6824 -> 6828
2026-06-12 16:33:03,215 riscv_instr_sequence.py 188 INFO Processing branch instruction[6825]:bne         s5, t3, -1286 # 6825 -> 6835
2026-06-12 16:33:03,215 riscv_instr_sequence.py 188 INFO Processing branch instruction[6832]:bgeu        s1, a0, 806 # 6832 -> 6840
2026-06-12 16:33:03,215 riscv_instr_sequence.py 188 INFO Processing branch instruction[6833]:blt         s7, zero, -1241 # 6833 -> 6835
2026-06-12 16:33:03,215 riscv_instr_sequence.py 188 INFO Processing branch instruction[6834]:c.beqz      a1, 74 # 6834 -> 6839
2026-06-12 16:33:03,216 riscv_instr_sequence.py 188 INFO Processing branch instruction[6835]:bgeu        s10, a0, 1246 # 6835 -> 6848
2026-06-12 16:33:03,216 riscv_instr_sequence.py 188 INFO Processing branch instruction[6836]:blt         s1, s9, 1805 # 6836 -> 6847
2026-06-12 16:33:03,216 riscv_instr_sequence.py 188 INFO Processing branch instruction[6852]:bltu        a1, t6, -764 # 6852 -> 6871
2026-06-12 16:33:03,216 riscv_instr_sequence.py 188 INFO Processing branch instruction[6853]:bgeu        a1, a4, -277 # 6853 -> 6855
2026-06-12 16:33:03,216 riscv_instr_sequence.py 188 INFO Processing branch instruction[6860]:blt         s1, zero, -1034 # 6860 -> 6866
2026-06-12 16:33:03,216 riscv_instr_sequence.py 188 INFO Processing branch instruction[6864]:bltu        t5, a1, -1319 # 6864 -> 6880
2026-06-12 16:33:03,216 riscv_instr_sequence.py 188 INFO Processing branch instruction[6868]:beq         a6, s10, -855 # 6868 -> 6870
2026-06-12 16:33:03,216 riscv_instr_sequence.py 188 INFO Processing branch instruction[6871]:c.bnez      a3, 88 # 6871 -> 6876
2026-06-12 16:33:03,216 riscv_instr_sequence.py 188 INFO Processing branch instruction[6874]:blt         s0, a5, 224 # 6874 -> 6878
2026-06-12 16:33:03,216 riscv_instr_sequence.py 188 INFO Processing branch instruction[6875]:c.beqz      s0, -2 # 6875 -> 6885
2026-06-12 16:33:03,216 riscv_instr_sequence.py 188 INFO Processing branch instruction[6877]:bne         s6, t5, -800 # 6877 -> 6885
2026-06-12 16:33:03,216 riscv_instr_sequence.py 188 INFO Processing branch instruction[6880]:c.bnez      a1, 2 # 6880 -> 6892
2026-06-12 16:33:03,216 riscv_instr_sequence.py 188 INFO Processing branch instruction[6882]:beq         ra, s10, 1299 # 6882 -> 6883
2026-06-12 16:33:03,216 riscv_instr_sequence.py 188 INFO Processing branch instruction[6892]:c.bnez      a1, 20 # 6892 -> 6898
2026-06-12 16:33:03,216 riscv_instr_sequence.py 188 INFO Processing branch instruction[6893]:c.bnez      a0, -2 # 6893 -> 6905
2026-06-12 16:33:03,216 riscv_instr_sequence.py 188 INFO Processing branch instruction[6901]:bltu        s10, t3, 468 # 6901 -> 6902
2026-06-12 16:33:03,217 riscv_instr_sequence.py 188 INFO Processing branch instruction[6905]:bgeu        s9, s6, -342 # 6905 -> 6912
2026-06-12 16:33:03,217 riscv_instr_sequence.py 188 INFO Processing branch instruction[6912]:bltu        a5, s5, 13 # 6912 -> 6919
2026-06-12 16:33:03,217 riscv_instr_sequence.py 188 INFO Processing branch instruction[6916]:c.beqz      a2, -2 # 6916 -> 6926
2026-06-12 16:33:03,217 riscv_instr_sequence.py 188 INFO Processing branch instruction[6931]:bltu        t0, ra, -1148 # 6931 -> 6935
2026-06-12 16:33:03,217 riscv_instr_sequence.py 188 INFO Processing branch instruction[6935]:c.beqz      a1, -2 # 6935 -> 6943
2026-06-12 16:33:03,217 riscv_instr_sequence.py 188 INFO Processing branch instruction[6936]:bltu        s2, a1, 1772 # 6936 -> 6947
2026-06-12 16:33:03,217 riscv_instr_sequence.py 188 INFO Processing branch instruction[6948]:bgeu        a4, s8, -92 # 6948 -> 6958
2026-06-12 16:33:03,217 riscv_instr_sequence.py 188 INFO Processing branch instruction[6949]:bne         a4, s10, 146 # 6949 -> 6957
2026-06-12 16:33:03,217 riscv_instr_sequence.py 188 INFO Processing branch instruction[6958]:c.beqz      a1, 72 # 6958 -> 6959
2026-06-12 16:33:03,217 riscv_instr_sequence.py 188 INFO Processing branch instruction[6964]:bgeu        tp, a5, 1357 # 6964 -> 6965
2026-06-12 16:33:03,217 riscv_instr_sequence.py 188 INFO Processing branch instruction[6967]:c.bnez      s0, 112 # 6967 -> 6973
2026-06-12 16:33:03,217 riscv_instr_sequence.py 188 INFO Processing branch instruction[6969]:c.beqz      a2, -2 # 6969 -> 6981
2026-06-12 16:33:03,218 riscv_instr_sequence.py 188 INFO Processing branch instruction[6998]:blt         gp, s6, -547 # 6998 -> 7006
2026-06-12 16:33:03,218 riscv_instr_sequence.py 188 INFO Processing branch instruction[7000]:blt         t4, s0, 1677 # 7000 -> 7006
2026-06-12 16:33:03,218 riscv_instr_sequence.py 188 INFO Processing branch instruction[7010]:c.bnez      a2, 30 # 7010 -> 7015
2026-06-12 16:33:03,218 riscv_instr_sequence.py 188 INFO Processing branch instruction[7016]:bge         s5, t6, -1521 # 7016 -> 7029
2026-06-12 16:33:03,218 riscv_instr_sequence.py 188 INFO Processing branch instruction[7020]:bge         ra, s10, 1670 # 7020 -> 7026
2026-06-12 16:33:03,218 riscv_instr_sequence.py 188 INFO Processing branch instruction[7022]:bgeu        sp, tp, 1416 # 7022 -> 7028
2026-06-12 16:33:03,218 riscv_instr_sequence.py 188 INFO Processing branch instruction[7025]:beq         tp, sp, 1979 # 7025 -> 7027
2026-06-12 16:33:03,218 riscv_instr_sequence.py 188 INFO Processing branch instruction[7026]:bge         ra, s1, -1368 # 7026 -> 7028
2026-06-12 16:33:03,218 riscv_instr_sequence.py 188 INFO Processing branch instruction[7027]:c.bnez      a0, -2 # 7027 -> 7046
2026-06-12 16:33:03,218 riscv_instr_sequence.py 188 INFO Processing branch instruction[7031]:bge         s2, t5, 1813 # 7031 -> 7038
2026-06-12 16:33:03,218 riscv_instr_sequence.py 188 INFO Processing branch instruction[7037]:bge         s0, s9, 1614 # 7037 -> 7044
2026-06-12 16:33:03,218 riscv_instr_sequence.py 188 INFO Processing branch instruction[7052]:bge         t2, a3, -643 # 7052 -> 7062
2026-06-12 16:33:03,218 riscv_instr_sequence.py 188 INFO Processing branch instruction[7056]:beq         a1, s4, -1521 # 7056 -> 7058
2026-06-12 16:33:03,218 riscv_instr_sequence.py 188 INFO Processing branch instruction[7058]:bge         sp, s3, -623 # 7058 -> 7065
2026-06-12 16:33:03,218 riscv_instr_sequence.py 188 INFO Processing branch instruction[7059]:c.bnez      a5, 70 # 7059 -> 7069
2026-06-12 16:33:03,219 riscv_instr_sequence.py 188 INFO Processing branch instruction[7070]:beq         a2, t2, -1979 # 7070 -> 7082
2026-06-12 16:33:03,219 riscv_instr_sequence.py 188 INFO Processing branch instruction[7075]:bne         t5, gp, -93 # 7075 -> 7077
2026-06-12 16:33:03,219 riscv_instr_sequence.py 188 INFO Processing branch instruction[7076]:c.beqz      a0, 104 # 7076 -> 7080
2026-06-12 16:33:03,219 riscv_instr_sequence.py 188 INFO Processing branch instruction[7096]:c.bnez      a1, -2 # 7096 -> 7108
2026-06-12 16:33:03,219 riscv_instr_sequence.py 188 INFO Processing branch instruction[7107]:bgeu        a0, a0, 313 # 7107 -> 7123
2026-06-12 16:33:03,219 riscv_instr_sequence.py 188 INFO Processing branch instruction[7109]:bgeu        gp, a0, -1634 # 7109 -> 7114
2026-06-12 16:33:03,219 riscv_instr_sequence.py 188 INFO Processing branch instruction[7110]:c.bnez      a3, -2 # 7110 -> 7111
2026-06-12 16:33:03,219 riscv_instr_sequence.py 188 INFO Processing branch instruction[7116]:bgeu        s4, s3, 1229 # 7116 -> 7124
2026-06-12 16:33:03,219 riscv_instr_sequence.py 188 INFO Processing branch instruction[7124]:bgeu        a6, s11, -186 # 7124 -> 7126
2026-06-12 16:33:03,219 riscv_instr_sequence.py 188 INFO Processing branch instruction[7128]:c.bnez      a3, -2 # 7128 -> 7132
2026-06-12 16:33:03,219 riscv_instr_sequence.py 188 INFO Processing branch instruction[7131]:bge         a5, s4, -1774 # 7131 -> 7133
2026-06-12 16:33:03,219 riscv_instr_sequence.py 188 INFO Processing branch instruction[7135]:c.bnez      a3, -2 # 7135 -> 7136
2026-06-12 16:33:03,219 riscv_instr_sequence.py 188 INFO Processing branch instruction[7136]:bgeu        a7, s5, -1104 # 7136 -> 7152
2026-06-12 16:33:03,219 riscv_instr_sequence.py 188 INFO Processing branch instruction[7146]:c.bnez      a3, 110 # 7146 -> 7157
2026-06-12 16:33:03,220 riscv_instr_sequence.py 188 INFO Processing branch instruction[7147]:bltu        s0, t2, 1382 # 7147 -> 7157
2026-06-12 16:33:03,220 riscv_instr_sequence.py 188 INFO Processing branch instruction[7149]:beq         s1, s11, -1335 # 7149 -> 7154
2026-06-12 16:33:03,220 riscv_instr_sequence.py 188 INFO Processing branch instruction[7156]:bge         s3, s1, 34 # 7156 -> 7163
2026-06-12 16:33:03,220 riscv_instr_sequence.py 188 INFO Processing branch instruction[7178]:c.bnez      a1, -2 # 7178 -> 7183
2026-06-12 16:33:03,220 riscv_instr_sequence.py 188 INFO Processing branch instruction[7188]:bne         a1, sp, 271 # 7188 -> 7190
2026-06-12 16:33:03,220 riscv_instr_sequence.py 188 INFO Processing branch instruction[7189]:blt         t2, t5, 1422 # 7189 -> 7199
2026-06-12 16:33:03,220 riscv_instr_sequence.py 188 INFO Processing branch instruction[7198]:bne         t3, s1, 1287 # 7198 -> 7204
2026-06-12 16:33:03,220 riscv_instr_sequence.py 201 INFO Finished post-processing instructions
2026-06-12 16:33:03,220 riscv_asm_program_gen.py 117 INFO Post-processing main program...done
2026-06-12 16:33:03,425 riscv_instr_sequence.py 291 INFO Injecting 0 illegal instructions, ratio 0/100
2026-06-12 16:33:03,425 riscv_instr_sequence.py 303 INFO Injecting 0 HINT instructions, ratio 0/100
2026-06-12 16:33:03,425 riscv_asm_program_gen.py 119 INFO Generating main program instruction stream...done
2026-06-12 16:33:03,425 riscv_asm_program_gen.py 134 INFO Main/sub program generation...done
2026-06-12 16:33:03,426 riscv_data_page_gen.py 57 INFO Generate data section: region_0 size:0x4096 xwr:0x8
2026-06-12 16:33:03,427 riscv_data_page_gen.py 57 INFO Generate data section: region_1 size:0x4096 xwr:0x8
2026-06-12 16:33:03,428 riscv_data_page_gen.py 57 INFO Generate data section: s_region_0 size:0x4096 xwr:0x8
2026-06-12 16:33:03,429 riscv_data_page_gen.py 57 INFO Generate data section: s_region_1 size:0x4096 xwr:0x8
2026-06-12 16:33:03,432 riscv_asm_program_gen.py 1063 INFO /home/edauser/project/SOC/Magpie_M1A/flow/v2_pipeline/phase_03_09_riscvdv_lockstep/zb/seed_2026075302/riscv_dv_out/asm_test/m1_rv32imc_arith_0.S is generated
2026-06-12 16:33:03,432 riscv_instr_base_test.py 73 INFO TEST GENERATED USING SEED VALUE = 2026075302
2026-06-12 16:33:03,432 riscv_instr_base_test.py 74 INFO TEST GENERATION DONE
2026-06-12 16:33:03,461 riscv_instr_base_test.py 90 INFO Total execution time: 69s
